{"type":"Topology","arcs":[[[79858,46974],[55,-3]],[[79913,46971],[7,-48],[-26,-10],[-36,61]],[[81668,40318],[30,4],[35,52],[61,53]],[[81794,40427],[7,-59],[28,22],[30,-13],[-5,-64],[-45,-1],[-1,-56],[12,-17],[12,-74]],[[81832,40165],[-16,-25],[-8,-63],[-34,-43],[-30,-75],[-52,-68],[-33,-64],[-79,-4],[-24,-52],[-27,-9],[-28,-35],[-56,-1],[-28,15],[-6,45],[15,30],[54,44],[-1,24],[-46,18],[20,62],[11,139],[46,61],[35,70],[10,3]],[[81555,40237],[25,-42],[20,26],[30,-57],[10,57],[23,42],[5,55]],[[79822,46972],[-13,-55],[69,-124],[13,-48],[-21,-33],[-26,-5],[-28,18],[-31,-14],[-57,6],[-5,-46],[34,-60],[32,0],[-20,-65],[-5,-61],[27,-6],[8,-35],[36,-7],[10,-44],[-6,-93],[41,-27],[11,-75],[64,-120],[7,-52],[-31,-35],[-31,-77],[3,-56],[14,-53],[24,-18],[31,-64],[80,-84],[26,-56],[24,-12],[44,-74],[22,-72],[39,-10],[0,-38],[-55,-78],[-30,20],[-33,-21],[-101,36],[-57,54],[15,-62],[-10,-35],[-21,25],[-28,-14],[-18,-35],[-5,-44],[-28,-75],[0,-39],[-28,-67],[-11,-116],[15,-45],[-13,-30],[-13,-85],[15,-62],[-4,-61],[32,44],[-5,-104],[-10,-32],[20,-46],[-33,-6],[-10,-34],[-24,-6],[-17,31],[-13,-46],[-24,-36],[-37,-111],[-55,-29],[-15,-52],[-41,-27],[-19,-31],[5,-62],[-63,-49],[38,-101],[-1,-56],[-28,-37],[10,-49],[37,11],[19,-27],[-17,-144],[-62,-2],[22,-36],[-7,-32],[1,-85],[-9,-51],[-24,-42],[-8,35],[-28,5],[41,-104],[-27,-18],[1,-46],[-22,-20],[-20,-72],[-11,-79],[-36,-12],[-21,-32],[-47,-42],[-140,-102],[-49,-43],[-44,-49],[-29,19],[7,59],[-7,79],[2,86],[-20,60],[-4,43],[-30,-4],[-40,43],[-41,25],[-60,-41],[-46,-21],[-22,8],[3,79],[-6,56],[-41,1],[-8,-27],[-25,-4],[-28,35],[-16,49],[-39,42],[-23,-46],[19,-38],[-108,-131],[-25,-7],[-36,49],[-24,13],[-49,-34],[-57,-95],[-23,14],[6,91],[-7,86],[4,64],[-19,77],[-47,-51],[-37,40],[-41,-4],[-63,-62],[-41,-11],[-41,36],[-25,-35],[-12,86],[-29,17],[-66,-64],[-15,54],[11,54],[-12,73],[5,54],[-16,48],[-6,73],[-12,46],[9,64],[-14,73],[-33,24],[-8,53],[19,19],[11,42],[9,107],[-10,73],[-27,31],[-2,60],[-23,8],[-28,66],[-15,-14],[-21,18],[-5,26],[-38,24],[-9,-32],[-35,29],[-8,78],[32,22],[-64,76],[-9,106],[23,38],[3,64],[-6,97],[-17,66],[-49,48],[7,52],[-10,43],[5,55],[-14,37],[-5,59],[23,25],[10,56],[-14,72],[36,122],[0,57],[9,31],[42,54],[26,70],[-2,63],[59,27],[23,47]],[[77697,45937],[-32,-97],[5,-38],[27,-26],[-1,-62],[9,-32],[45,-85],[24,-12],[11,-45],[32,-48],[20,-9],[24,-67],[44,-65],[35,-29],[16,21],[46,7],[18,45],[93,39],[41,-31],[50,-8],[32,17],[45,-12],[23,53],[51,20],[23,107],[-2,40],[78,59],[80,-7],[24,15],[45,-23],[-14,-61],[31,8],[19,-21],[44,-19],[20,-28],[28,10],[40,-40],[42,53],[27,51],[39,11],[29,-20],[52,39],[39,-33],[45,128],[1,64],[43,40],[3,62],[-17,5],[-7,49],[7,56],[37,25],[56,91],[9,56],[-28,9],[3,109],[47,107],[27,-25],[32,19],[15,63],[-10,25],[10,75],[22,42],[-14,82],[11,126],[-14,20],[23,71],[6,64],[46,56],[17,35],[38,-40],[28,54],[28,-12],[22,14],[21,-44],[28,15],[180,4],[14,10],[52,-76],[42,-21]],[[86101,43600],[-1,-324],[0,-274],[1,-397],[0,-512],[0,-356],[-9,-86],[-22,-50],[-3,-47],[18,-80],[16,-17],[0,-532],[0,-570]],[[86101,40355],[-32,28],[-63,121],[-31,84],[-68,114],[-59,82],[-27,68],[-81,-8],[-31,-27],[-42,-10],[-42,52],[-30,-19],[-47,-79],[-20,76],[5,19],[17,11],[-4,18],[1,60],[22,29],[4,55],[23,97],[-36,26],[-20,73],[-53,84],[58,-3],[-38,43],[-51,85],[3,26],[42,-3],[22,45],[-40,56],[1,45],[-56,101],[-21,84],[-6,70],[-24,73],[-2,30],[-30,56],[-23,23],[-3,76],[-39,94],[-25,12],[-31,70],[-34,20],[-84,91],[-84,39],[-35,-3],[-126,125],[-23,1],[-62,45],[-18,33],[-47,17],[-19,-5],[-79,32],[-42,-14],[-23,5],[-61,65],[-36,30],[-45,62],[9,109],[-43,-53],[-27,57],[-19,-9],[-12,-47],[-33,38],[-5,78],[-57,-25],[-31,99],[-12,-26],[-25,40],[-17,74],[14,18],[-3,97],[43,72],[10,62],[-57,-79],[-2,-120],[-25,-60],[5,-42],[-48,-78],[13,-62],[-50,-102],[-16,-13],[-35,9],[-30,-26],[-16,12],[-31,80],[-2,67],[-15,55],[7,28],[33,-8],[14,44],[-27,47],[-5,89],[-32,-28],[-24,48],[-14,67],[-61,80],[-36,15],[-31,-20],[-21,21],[11,61],[23,47],[21,11],[103,-20],[41,-46],[26,36],[53,128],[38,29],[23,3],[16,-38],[77,-20],[27,-33],[8,41],[49,64],[8,48],[-23,37],[21,55],[-62,-34],[-43,-35],[-68,21],[-34,-7],[-61,-33],[-34,19],[-31,-30],[-38,60],[-57,-42],[-18,10],[-17,42],[-38,30],[-27,70],[-12,80],[0,49],[-29,54],[-66,59],[-39,-9],[-28,14],[-32,-27],[-21,35],[-33,-1],[7,90],[41,29],[19,68],[10,83],[-13,48],[66,36],[27,-5],[79,37],[58,106],[46,43],[44,18],[73,-6],[53,-47],[67,-39],[63,-95],[95,-14],[63,14],[33,-45],[-18,-72],[25,-96],[20,-32],[21,-68],[-14,-43],[-6,-69],[-32,-54],[18,-178],[-1,-68],[11,-101],[37,-72],[19,-111],[17,-55],[19,10],[-16,127],[22,58],[27,-49],[3,-131],[9,-67],[33,-45],[15,-96],[28,-44],[90,-28],[40,12],[25,36],[20,56],[22,15],[33,68],[18,13],[15,105],[15,34],[47,41],[19,32],[6,55],[16,49],[-3,31],[17,35],[21,4],[55,-23],[20,5],[51,53],[55,15],[19,19],[-6,62],[-27,30],[11,51],[55,38],[49,56],[70,57],[35,0],[41,-63],[41,-19],[34,-31],[83,-39],[37,-66],[81,-46],[48,-54],[156,-125],[52,9],[12,17],[29,-41],[32,-27],[15,30],[59,-22],[33,-26],[1,-71],[65,17]],[[79848,40833],[-27,-108],[-21,10],[2,84],[46,14]],[[80677,41367],[-23,-37],[-13,21],[0,55],[36,-39]],[[84393,41694],[-26,-46],[-13,44],[-28,23],[21,47],[46,-68]],[[84331,41777],[-14,-27],[-25,35],[-12,44],[-18,14],[1,44],[27,3],[2,-51],[27,-52],[12,-10]],[[77766,40987],[-66,28],[-62,4],[-16,30],[-72,14],[-23,-23],[-33,27],[-5,34],[-30,-41],[-59,0],[-23,-63],[-34,1],[-100,38],[-24,-2],[-16,29],[-32,12],[-26,46],[-48,37],[-53,5],[-28,15],[-157,22],[-40,51],[7,51],[38,76],[-1,36],[-68,0],[-22,34],[-40,39],[-25,9],[-50,-16],[-59,-3],[-65,23],[-14,21],[28,51],[24,-71],[69,137],[19,11],[12,38],[2,103],[15,79],[44,95],[17,-53],[16,-14],[22,36],[64,-46],[14,14],[46,-12],[19,-37],[54,13],[14,82],[28,-29],[35,9],[20,-11],[31,-84],[41,-21],[15,-26],[35,25],[76,-69],[33,44],[39,-4],[3,-47],[22,-50],[23,-23],[18,-137],[38,-25],[23,12],[24,-28],[21,28],[38,-34],[56,-10],[48,21],[52,-14],[46,-28],[81,14],[42,-41],[31,13],[27,55],[20,74],[5,61],[18,54],[52,27],[34,-27],[18,-96],[10,-21],[50,-10],[23,6],[17,38],[32,-21],[35,-58],[38,-13],[25,12],[24,-55],[34,-5],[46,17],[37,-20],[27,3],[-5,-43],[31,-132],[23,25],[10,-29],[-4,-72],[-13,-62],[23,-30],[51,-31],[26,-37],[29,-6],[16,-24],[61,44],[74,-11],[38,22],[19,30],[33,-41],[32,0],[33,-27],[23,-38],[-5,-92],[-12,-72],[-12,-125],[27,-104],[35,-23],[2,-55],[-56,13],[-1,42],[-22,26],[-28,-17],[-127,59],[-23,35],[-61,34],[-18,33],[-39,23],[-57,-23],[-23,-40],[-18,14],[-43,-36],[-83,53],[-117,20],[-37,22],[-31,-55],[-62,46],[-43,12],[-30,-16],[-15,21],[-32,-4],[-40,24],[-42,13],[-57,32],[-119,113],[-35,23]],[[82559,43320],[2,-41],[-27,-4],[7,48],[18,-3]],[[80433,44461],[2,79],[-17,54],[-9,69],[9,181],[-16,-7],[-25,35],[10,40],[40,-60],[17,81],[-25,62],[20,46],[-4,27],[16,66],[32,21],[-2,75],[10,38],[46,44],[12,81],[18,-15],[-2,-45],[35,-38],[27,-7],[30,104],[14,-6],[19,44],[4,121],[40,18],[51,-22],[28,-36],[45,1],[13,-55],[41,-30],[79,18],[12,-34],[31,16],[40,-26],[58,6],[46,-28],[60,-74],[19,21],[13,52],[35,-17],[73,-1],[52,-30],[72,-17],[31,3],[16,29],[39,24],[44,46],[20,74],[54,5],[-12,82],[20,28],[19,-8],[42,44],[-3,50],[36,67],[19,-21],[37,-7],[-4,-41],[22,-50],[-28,-32],[-13,-35],[-17,-87],[-36,-101],[-20,-16],[-43,-68],[-43,-135],[3,-16],[-52,-52],[-67,-23],[-87,-21],[-30,-22],[-17,19],[-48,-3],[-41,13],[-44,96],[-26,-17],[-99,-1],[-76,8],[-43,-14],[-34,7],[-14,-17],[-50,-11],[-29,49],[-44,6],[-5,-25],[-93,-14],[-12,-23],[-35,17],[-25,-11],[-58,53],[-47,-1],[-34,-25],[-28,-50],[-38,-98],[-12,-88],[-17,-38],[-7,-69],[6,-77],[19,-147],[42,-114],[21,-26],[24,17],[23,-35],[22,-65],[-4,-55],[29,-89],[35,25],[23,-26],[26,7],[23,-20],[25,49],[8,60],[19,27],[63,145],[42,23],[15,-61],[57,-10],[48,14],[14,64],[13,17],[109,6],[28,-20],[52,15],[-24,75],[55,6],[13,22],[44,-7],[44,-36],[14,-58],[-19,-122],[-20,-24],[-19,13],[-48,72],[-67,-22],[-24,-92],[-19,-25],[-46,-111],[-29,-55],[-50,-61],[-40,0],[-63,-52],[-12,-57],[-17,-38],[-41,-7],[-26,55],[-35,15],[4,-68],[56,-70],[5,-37],[39,-23],[33,-54],[16,-63],[37,-100],[-1,-39],[43,-57],[4,-30],[32,-30],[-8,-56],[28,-46],[23,-15],[-10,-41],[-20,13],[-29,-79],[11,-37],[-25,-53],[14,-50],[28,-35],[23,-2],[24,-67],[34,-12],[-9,-31],[14,-85],[38,-8],[24,-29],[-2,-96],[-35,-45],[-23,-1],[-23,42],[-27,-19],[-18,9],[-86,-51],[-16,-53],[-2,-41],[18,-43],[-32,-31],[-45,21],[-32,-11],[-40,46],[-19,43],[10,109],[4,104],[13,-3],[12,74],[-20,33],[-54,27],[-30,80],[-22,6],[-71,128],[-6,46],[29,90],[23,36],[-5,64],[9,44],[-4,112],[-16,46],[-62,23],[-51,-34],[-11,-32],[-84,-101],[15,-106],[36,-53],[-7,-57],[7,-142],[7,-31],[-25,-101],[0,-84],[7,-34],[6,-203],[11,-26],[-15,-101],[-21,-21],[-1,-60],[-11,-79],[31,-93],[21,-132],[-11,-8],[-25,54],[-60,-43],[-50,13],[-29,-61],[-42,6],[-27,24],[-8,37],[-22,18],[-22,83],[7,81],[21,59],[18,95],[-9,65],[26,94],[10,125],[-7,36],[8,135],[-12,1],[-35,127],[14,69],[-3,41],[-53,33],[-24,-31],[-49,-10],[-27,-28],[-23,109],[3,26],[-23,102],[24,19],[7,96],[-29,0],[-4,43],[17,77],[25,-14],[27,36],[34,67],[-2,119],[22,97],[37,37],[3,54],[-15,66],[6,60],[-9,93],[8,87],[33,58],[8,67],[15,56],[39,57],[14,48],[20,-97],[10,-20]],[[75363,45808],[-16,105],[-22,63],[2,44],[26,24],[38,-4],[5,-35],[62,-87],[21,-136],[13,-32],[44,-27],[32,8],[18,-13],[65,-103],[26,-26],[8,-69],[15,-33],[-2,-58],[12,-42],[50,-88],[34,-33],[31,6],[56,-12],[48,-84],[5,-58],[-96,-92],[13,-14],[37,19],[46,57],[25,13],[15,40],[37,24],[48,-51],[13,-29],[33,-32],[13,-36],[8,-126],[-32,-2],[-47,-51],[-8,-32],[8,-35],[-26,-65],[22,5],[29,-25],[-4,-26],[-42,-21],[-12,-65],[1,-39],[23,-16],[50,-92],[51,-45],[31,28],[69,-48],[44,21],[6,-80],[13,-56],[2,-113],[30,-163],[19,-32],[7,-55],[29,17],[28,-41],[0,-43],[-35,-88],[6,-44],[31,72],[63,-47],[23,16],[113,-27],[-4,-75],[17,-55],[28,-14],[4,-85],[23,-45],[37,-9],[10,-39],[3,-109],[-36,-50],[-13,-42],[-17,-111],[9,-35],[27,-45],[-22,-85],[-16,-117],[2,-31],[24,-84],[-10,-189],[10,-48],[-11,-49],[-1,-106],[-8,-64],[-1,-136],[-13,-86],[-48,9],[-15,76],[-17,-1],[-46,97],[-16,3],[-14,-110],[-22,-51],[-12,18],[-76,68],[-21,42],[-24,17],[-24,-34],[42,-124],[3,-61],[-37,1],[-5,43],[-43,75],[-23,24],[-11,52],[-39,46],[-56,114],[3,40],[-56,91],[-78,43],[-6,28],[-59,98],[-67,62],[-12,36],[-47,75],[-104,139],[-3,73],[-11,26],[-11,75],[-42,46],[-115,150],[-19,44],[-39,117],[-25,94],[-59,76],[-49,126],[-25,96],[15,52],[-8,73],[-19,38],[-38,110],[-3,43],[-17,33],[0,55],[-44,34],[-11,56],[13,56],[-16,31],[-14,80],[-38,74],[-42,106],[-51,80],[-14,63],[-4,69],[-36,65],[-55,32],[-24,39],[-20,-13],[-28,29],[-2,69],[-11,105],[-13,14],[0,63],[-16,27],[-2,45],[-15,98],[-35,148],[-15,50],[23,52],[-15,72],[-28,0],[-33,86],[-48,34],[-54,76],[-46,44],[-64,18],[-23,65],[-4,129],[-11,98],[-48,31],[-24,52],[-17,91],[-24,16],[-44,138],[-26,41],[-10,38],[-33,33],[-54,-1],[-34,40],[-65,150],[-48,49],[-29,60],[-77,141],[-15,9],[-36,91],[-36,181],[-25,51],[15,51],[-15,75],[58,52],[26,-24],[27,12],[74,-57],[12,-49],[52,-66],[63,-28],[78,-4],[47,31],[39,-3],[79,-59],[62,48],[45,-89],[65,-91],[39,-168],[41,-28],[19,-36],[-4,-124],[12,-48],[46,-17],[8,-21],[45,-45],[9,-55],[23,-39],[44,-27],[59,-63],[83,-104],[27,-54],[43,-24],[9,-30],[53,-86],[10,-108],[30,-25],[20,14],[28,-70],[20,-107],[14,-41],[34,-58],[28,-11],[51,-67],[24,-87]],[[80687,39928],[9,-65],[-31,-57],[-39,-11],[-31,-41],[-16,23],[-63,22],[-19,29],[-29,85],[-75,69],[-6,26],[-53,26],[-19,-21],[-33,25],[-29,0],[-37,32],[-26,53],[23,66],[38,26],[124,22],[51,-18],[34,45],[33,-76],[47,-34],[2,-53],[21,-27],[28,19],[39,-52],[24,-75],[33,-38]],[[79281,40574],[19,-51],[-9,-19],[-32,41],[22,29]],[[80400,40597],[0,-71],[-26,24],[26,47]],[[80356,40648],[-31,-80],[-18,52],[13,43],[36,-15]],[[81372,40772],[-7,-58],[-75,-12],[-1,39],[24,36],[30,13],[29,-18]],[[79571,40769],[30,-58],[-17,-82],[-49,-123],[18,-46],[-97,-12],[-36,32],[-18,-22],[-47,53],[62,39],[4,68],[-12,66],[18,19],[47,80],[28,23],[69,-37]],[[80261,40602],[-14,-66],[-43,-6],[-25,33],[-36,-11],[-5,-33],[-76,-44],[-13,6],[-20,80],[-11,-33],[-38,-54],[-21,11],[-51,-46],[-41,14],[-48,-46],[-60,-29],[-29,18],[-27,-34],[-31,-8],[-66,46],[-8,71],[23,43],[-19,60],[11,41],[52,44],[57,69],[42,-44],[55,20],[19,-26],[6,-47],[32,-26],[9,-58],[22,11],[22,-25],[27,46],[33,-1],[27,26],[-63,78],[-14,-12],[-49,60],[-31,62],[6,35],[45,35],[59,-12],[34,-108],[33,-7],[21,43],[54,-16],[13,-41],[32,38],[47,-7],[17,-80],[-6,-39],[12,-52],[35,21]],[[81286,40762],[-33,-37],[0,-42],[-26,-19],[12,-33],[-12,-29],[-65,-29],[-42,-36],[-79,4],[-29,-35],[-57,-41],[-27,17],[-79,28],[-15,-62],[-47,12],[-27,-23],[-38,7],[-24,55],[-19,-24],[-33,10],[-13,24],[-56,0],[-37,-13],[-31,26],[-41,-22],[-41,17],[-5,92],[31,67],[50,35],[45,61],[102,4],[24,-34],[62,-4],[15,-27],[69,-43],[24,-47],[35,-15],[46,45],[41,19],[52,-13],[31,-21],[39,-46],[57,29],[-2,50],[28,40],[43,17],[33,38],[-24,28],[1,60],[18,20],[31,-39],[13,-71]],[[79299,40762],[26,-43],[-30,-62],[-76,-62],[-18,-45],[-26,26],[-62,97],[-35,31],[-42,4],[-24,32],[-22,57],[-5,49],[65,-7],[45,-29],[44,10],[30,50],[22,7],[77,-57],[31,-58]],[[77529,41027],[-61,19],[8,21],[53,-40]],[[79286,41453],[-4,-18],[-47,15],[-31,-36],[-12,39],[15,34],[50,-3],[29,-31]],[[78516,42041],[0,-61],[-31,27],[31,34]],[[75755,42202],[-29,-35],[-54,69],[20,27],[27,-16],[36,-45]],[[79508,43205],[10,-9],[-11,-111],[-19,50],[20,70]],[[79483,43043],[1,-81],[-52,-78],[-15,-2],[4,119],[-16,75],[10,86],[20,80],[38,50],[-1,-94],[11,-155]],[[75216,43309],[-38,65],[-18,43],[0,88],[18,0],[57,-112],[1,-49],[-20,-35]],[[75165,43554],[-19,-64],[-35,1],[-3,90],[-9,43],[6,34],[60,-104]],[[75062,43754],[-30,-11],[-49,79],[17,70],[27,-26],[7,-46],[28,-66]],[[77514,44112],[-8,-33],[-28,-11],[-6,49],[25,16],[17,-21]],[[77727,44347],[-16,-44],[-59,-53],[-17,22],[10,124],[36,17],[19,-16],[12,10],[15,-60]],[[74915,44082],[-17,-2],[8,-70],[-38,-10],[-58,60],[-17,35],[-3,40],[-58,165],[13,52],[4,65],[30,3],[31,22],[14,-76],[12,-14],[36,-136],[13,-24],[12,-79],[18,-31]],[[74707,44668],[-30,-59],[-19,21],[14,93],[22,45],[15,-53],[-2,-47]],[[74701,44818],[22,-59],[-13,-21],[-28,75],[-17,62],[27,-4],[9,-53]],[[75993,45209],[-4,-43],[-29,-12],[-9,30],[20,67],[22,-42]],[[76045,45285],[-20,-60],[-18,53],[15,58],[23,-51]],[[75927,45295],[-11,-52],[-42,53],[-45,3],[-34,-12],[-40,46],[25,50],[-8,47],[23,29],[29,-65],[27,8],[69,-83],[7,-24]],[[75948,45360],[-11,-43],[-79,95],[-41,5],[21,56],[23,5],[63,-60],[24,-58]],[[76221,45476],[-4,-55],[-22,-33],[-26,15],[-13,38],[37,46],[28,-11]],[[76358,45444],[2,-79],[-17,-51],[-31,12],[-9,41],[1,58],[-37,-27],[-23,45],[45,54],[51,-29],[18,-24]],[[75773,45517],[-7,-71],[4,-68],[-35,0],[-27,68],[3,61],[-11,38],[4,55],[20,-2],[49,-81]],[[75779,45578],[-17,-33],[-28,57],[-52,22],[-35,64],[18,19],[22,-21],[52,-13],[38,-33],[2,-62]],[[75571,45924],[15,-55],[-17,-85],[-37,-34],[-31,28],[-18,82],[13,67],[24,-4],[32,36],[19,-35]],[[74393,45969],[-6,-45],[-27,59],[11,27],[22,-41]],[[74165,46102],[-18,-35],[-28,15],[-18,37],[-47,65],[-36,8],[-63,92],[20,63],[30,7],[26,-65],[30,-16],[41,-79],[53,-54],[10,-38]],[[76666,46393],[2,-47],[-31,-10],[8,47],[21,10]],[[79837,46612],[15,-11],[-4,-72],[-25,21],[-8,58],[22,4]],[[79808,46632],[-70,15],[3,43],[34,-14],[33,-44]],[[79857,46948],[11,-42],[-20,-22],[-19,41],[28,23]],[[77361,46830],[-21,-95],[-38,-16],[-21,22],[23,60],[-32,20],[-21,78],[50,83],[23,-24],[36,-67],[1,-61]],[[81384,39614],[-12,-42],[-28,-31],[-9,-38],[-59,-26],[-5,-20],[-35,-8],[-7,71],[63,34],[30,39],[17,45],[30,26],[15,-50]],[[80995,39694],[13,-45],[-35,-42],[-34,4],[34,78],[22,5]],[[81404,39834],[8,-24],[-28,-66],[-19,31],[22,55],[17,4]],[[81528,40793],[-41,-39],[-13,-44],[-19,-6],[-22,-43],[-47,-47],[-20,26],[9,61],[43,37],[23,-13],[10,44],[42,48],[35,-24]],[[81630,40796],[-2,-49],[-25,-52],[-12,-52],[-21,-14],[-27,109],[20,16],[10,-36],[43,98],[14,-20]],[[85543,40738],[-1,-34],[-52,6],[-38,14],[2,29],[33,63],[39,-2],[2,-46],[15,-30]],[[81851,40798],[-3,-67],[-95,-28],[-31,1],[-63,-29],[-22,25],[20,54],[-3,42],[14,36],[32,9],[26,-19],[114,4],[11,-28]],[[82644,40841],[8,-24],[-33,-36],[-52,38],[8,38],[50,-22],[19,6]],[[83454,40841],[-32,-52],[-18,18],[31,58],[19,-24]],[[83114,40967],[5,-27],[-22,-61],[-22,8],[-27,57],[-2,44],[37,20],[31,-41]],[[82308,41043],[-33,-11],[-41,-36],[-25,-73],[-12,17],[-62,5],[-31,19],[-40,-14],[-31,-47],[-1,71],[17,25],[21,68],[68,-18],[34,9],[47,53],[34,12],[24,-51],[25,0],[6,-29]],[[85554,41135],[29,-10],[-15,-88],[-2,-46],[-26,-51],[5,-71],[-23,-9],[-42,-38],[-16,-43],[-42,-62],[-41,-19],[-31,16],[-88,4],[-46,-24],[-11,18],[33,158],[11,16],[25,112],[19,38],[17,65],[58,77],[41,25],[60,20],[49,-4],[36,-84]],[[83612,41292],[-15,-14],[15,-79],[-15,-93],[-22,-53],[-46,-70],[-7,-50],[-21,5],[-15,-33],[-30,1],[-8,64],[20,31],[-11,38],[17,42],[19,89],[25,17],[49,133],[29,31],[16,-59]],[[83688,41311],[-56,12],[-4,27],[43,4],[17,-43]],[[82800,41337],[-9,-41],[-28,34],[23,44],[14,-37]],[[78877,41448],[14,-34],[-50,-33],[-21,-42],[-45,11],[-22,-21],[-9,-40],[-75,8],[-38,-7],[-83,35],[-21,0],[-13,51],[41,67],[19,16],[142,5],[22,-7],[106,16],[33,-25]],[[84360,41617],[4,-31],[-28,-41],[-23,-70],[-34,-29],[-30,46],[15,250],[-1,77],[46,-63],[14,-51],[27,-21],[10,-67]],[[80621,41935],[2,-86],[-28,-15],[-1,148],[27,-47]],[[83908,42010],[1,-37],[-17,-44],[-20,31],[4,69],[14,47],[18,-66]],[[84433,41825],[-15,-81],[-25,-24],[-29,35],[-45,39],[-15,68],[22,117],[-2,68],[37,132],[25,12],[30,-54],[17,-69],[-9,-20],[11,-89],[-11,-14],[9,-120]],[[84011,42248],[-19,-142],[-22,-29],[-22,-70],[0,-40],[-25,-58],[19,146],[20,25],[6,49],[23,119],[20,0]],[[81029,42296],[-4,-109],[-23,-17],[-23,38],[-20,65],[12,79],[35,12],[23,-68]],[[81220,42445],[-37,-81],[-10,-79],[13,-43],[-13,-45],[-17,-8],[-36,38],[-29,-17],[-7,30],[18,109],[17,23],[-20,113],[20,49],[25,6],[43,50],[21,-9],[5,-100],[7,-36]],[[81319,42291],[17,-38],[-18,-42],[-21,-17],[-24,12],[-27,-32],[11,-34],[-24,-74],[-29,24],[-22,-17],[-19,77],[52,149],[25,195],[-2,84],[16,87],[30,42],[35,-59],[15,-51],[-15,-53],[-28,-18],[-8,-88],[-14,-31],[6,-48],[44,-68]],[[81334,42905],[13,-48],[-23,-65],[-22,-7],[-29,53],[-7,40],[17,33],[23,-15],[28,9]],[[82762,43135],[9,-30],[-47,-17],[6,42],[32,5]],[[82709,43145],[2,-49],[-27,-56],[-30,-13],[-22,16],[-16,-27],[-18,39],[31,52],[34,2],[22,31],[24,5]],[[82813,43139],[-27,-41],[-14,39],[41,2]],[[82417,43166],[0,-68],[-32,-23],[-48,-56],[-54,-47],[-41,21],[-112,107],[-7,39],[-25,39],[-17,99],[7,38],[20,30],[25,-34],[30,37],[34,18],[80,5],[32,-7],[14,-26],[54,-37],[-13,-53],[58,-32],[-5,-50]],[[76963,43436],[-13,-50],[-37,32],[24,37],[26,-19]],[[83391,43114],[-11,-59],[-4,-88],[-57,45],[-50,71],[-78,52],[-39,36],[-6,39],[-19,25],[-92,17],[-12,-18],[16,-53],[-20,-11],[-35,26],[-32,4],[-33,27],[-41,-4],[-2,68],[-20,9],[-50,-73],[-4,-42],[-52,-15],[-23,26],[-31,95],[-28,14],[6,40],[-17,18],[-19,-60],[-12,-86],[-25,22],[-14,58],[35,67],[26,3],[1,46],[18,59],[55,-1],[37,12],[22,-10],[71,-3],[51,28],[3,-45],[15,-31],[64,50],[22,36],[46,-11],[116,-92],[80,7],[39,-55],[24,-18],[12,-44],[11,-96],[26,-1],[30,-84]],[[77334,43476],[-24,-78],[-4,-66],[-26,-12],[-26,-40],[-8,45],[-21,32],[-36,-55],[-40,-15],[10,53],[-16,55],[8,47],[-5,65],[13,19],[8,94],[32,3],[74,-20],[35,-42],[19,-39],[7,-46]],[[82102,43708],[-27,-9],[-6,65],[-11,20],[-11,72],[4,34],[32,2],[-5,-82],[24,-102]],[[82172,43990],[-15,-24],[-79,-17],[-145,-16],[-10,79],[26,-15],[55,-7],[78,16],[90,-16]],[[83260,43955],[13,-37],[-16,-25],[-66,-27],[-17,22],[-37,10],[-49,45],[0,25],[72,56],[91,5],[23,-55],[-14,-19]],[[81900,44010],[2,-43],[-57,-15],[-26,-25],[-43,24],[-83,-55],[-37,2],[-20,88],[14,79],[67,19],[105,-46],[43,9],[35,-37]],[[84994,44017],[-55,-56],[-51,-9],[-31,17],[-18,-24],[-23,27],[-29,7],[-97,69],[-62,14],[-6,42],[116,-29],[79,-3],[54,-36],[84,-2],[39,-17]],[[76925,43620],[-25,-69],[-17,-86],[0,-36],[36,-38],[-11,-37],[-28,11],[-19,-17],[-22,62],[-95,70],[-29,10],[-23,96],[12,65],[-31,52],[-9,111],[-51,28],[-11,24],[-31,-28],[-38,-6],[-21,33],[-22,-5],[2,72],[59,56],[5,42],[-12,45],[30,43],[40,11],[11,-83],[17,-33],[12,64],[-10,60],[41,17],[43,-43],[0,-51],[38,-100],[-4,-64],[11,-85],[17,-87],[24,-55],[111,-49]],[[84575,44161],[-3,-23],[-46,2],[1,22],[48,-1]],[[82659,44102],[2,-38],[-27,-22],[-32,16],[-61,-4],[-46,-20],[-42,49],[7,70],[59,81],[38,-19],[11,-26],[25,-3],[40,-60],[26,-24]],[[81414,44267],[13,-11],[-6,-74],[-33,-41],[-21,47],[-19,-22],[-8,-64],[-31,19],[19,35],[-5,87],[-19,-17],[-27,-82],[-32,-37],[-17,70],[7,85],[17,45],[81,14],[12,-34],[-12,-42],[14,-35],[26,74],[41,-17]],[[84497,44389],[-11,-55],[-28,10],[-14,41],[9,35],[28,0],[16,-31]],[[83440,44398],[4,-38],[-9,-74],[-15,-61],[-34,9],[-28,53],[-19,133],[63,31],[32,-10],[6,-43]],[[83403,44509],[-27,-46],[-74,-22],[-6,37],[30,17],[27,-10],[38,31],[12,-7]],[[84867,44352],[-22,-45],[-41,-20],[-40,27],[-23,-10],[-21,41],[2,29],[-15,88],[-10,27],[-27,-31],[-42,62],[-25,16],[-6,35],[83,-16],[26,-31],[19,26],[59,-88],[35,-97],[27,6],[21,-19]],[[82431,44526],[-37,-14],[15,78],[22,-64]],[[83338,44680],[-9,-46],[-34,5],[31,53],[12,-12]],[[80971,44697],[7,-55],[-41,14],[4,27],[30,14]],[[76329,44699],[12,-43],[-19,-56],[-50,27],[-21,33],[18,55],[16,-18],[23,35],[21,-33]],[[81019,44732],[-1,-38],[-41,6],[-1,31],[43,1]],[[82590,44516],[-18,-50],[-19,-10],[-26,29],[-7,37],[-42,-33],[-19,99],[-26,54],[4,86],[12,7],[27,-41],[19,51],[12,-10],[28,-67],[-20,-84],[12,-39],[37,8],[26,-37]],[[82415,44653],[-15,-18],[-21,44],[3,75],[33,18],[11,-61],[-11,-58]],[[76105,44763],[0,-38],[-27,-21],[-40,27],[26,55],[41,-23]],[[83505,44779],[11,-20],[-27,-56],[-22,28],[-36,-17],[-19,11],[-19,46],[-50,87],[-18,-23],[49,-97],[21,11],[16,-35],[-22,-31],[-36,-6],[-14,51],[-27,3],[-33,31],[-38,6],[-9,77],[24,-8],[34,29],[88,29],[88,-40],[39,-37],[0,-39]],[[76431,44779],[-20,-32],[-31,43],[-18,2],[-35,-30],[-27,45],[15,23],[8,63],[26,2],[39,-92],[22,25],[21,-49]],[[74554,45394],[-8,-45],[-5,-131],[-15,-40],[-33,5],[-24,125],[-34,45],[-26,19],[-1,34],[-41,129],[-41,75],[42,-6],[23,29],[7,35],[37,-34],[56,-145],[26,-21],[37,-74]],[[82531,44793],[9,128],[-6,57],[9,58],[-38,72],[-12,69],[8,89],[18,47],[-31,26],[-4,85],[-17,36],[-6,51],[36,122],[-6,29],[17,109],[29,87],[61,123],[36,-12],[-29,-84],[-21,-25],[-4,-52],[24,-13],[20,-40],[-5,-46],[11,-44],[-17,-120],[-21,-71],[-16,-6],[-53,-71],[5,-56],[37,-45],[34,35],[4,69],[32,56],[28,6],[10,32],[-15,53],[12,36],[48,64],[25,21],[51,17],[19,-4],[-9,-63],[15,-20],[-11,-116],[0,-50],[-70,-70],[-33,-15],[-5,-39],[-23,-25],[27,-52],[46,-35],[54,-28],[5,-105],[32,-11],[10,-33],[-87,41],[-16,30],[-58,3],[-29,32],[-52,13],[-13,-22],[-8,-68],[11,-78],[-8,-81],[34,-148],[7,-51],[49,-147],[48,-91],[-42,13],[0,35],[-54,42],[-53,173],[-38,39],[-11,39]],[[82804,46136],[-12,-111],[-20,-75],[-20,-28],[-39,-7],[-27,33],[-4,70],[-9,10],[33,96],[39,68],[35,7],[24,-63]],[[81990,46628],[-7,-36],[-32,42],[4,48],[-21,30],[19,35],[37,-119]],[[82317,47058],[14,-25],[-30,-62],[0,-60],[-14,-22],[-25,21],[34,103],[-22,12],[-1,79],[7,56],[23,5],[18,-44],[-4,-63]],[[81440,44098],[-7,-59],[-23,10],[-3,69],[18,33],[15,-53]],[[74720,44977],[45,8],[32,-17],[2,-28],[-41,-7],[-41,9],[3,35]],[[79858,46974],[0,52],[22,-10],[33,-45]],[[75665,48019],[65,-34],[18,-28],[32,-118],[53,-92],[48,-70],[22,-15],[43,-80],[88,-293],[6,-122],[-5,-31],[12,-75],[-11,-77],[-16,-33],[11,-71],[-26,-108],[17,-79],[21,-44],[-14,-72],[7,-81],[-5,-121],[10,-55],[44,-90],[35,-24],[19,-49],[0,-31],[30,-61],[7,-74],[39,-119],[-1,-31],[21,-46],[16,-81],[10,-95],[-20,-50],[-66,37],[-36,28],[-42,-17],[-48,-76],[-15,34],[-21,90],[-44,36],[-45,52],[-28,16],[-34,56],[-23,-6],[-19,47],[-43,75],[-81,62],[-53,89],[-35,12],[-20,78],[-65,43],[-38,79],[-31,15],[-1,31],[24,45],[-13,61],[-7,75],[-27,42],[-23,57],[-19,74],[-30,37],[-55,86],[-1,61],[15,48],[-38,34],[-18,82],[18,107],[-15,160],[-33,27],[-24,88],[12,21],[6,88],[-12,37],[-1,61],[-10,85],[8,70],[-7,101],[-27,104],[-20,35],[-13,75]],[[75143,48111],[11,126],[31,-3],[9,-56],[19,-27],[70,-37],[17,22],[25,-39],[5,-77],[23,-12],[18,18],[28,-13],[-7,-55],[11,-25],[-6,-82],[-15,-11],[-13,-59],[37,-71],[32,30],[6,44],[77,60],[12,0],[19,-62],[40,-21],[30,59],[13,76],[27,42],[3,81]],[[77697,45937],[2,-73],[21,-49],[41,-40],[11,-33],[65,4],[11,-10],[42,17],[97,-84],[30,10],[34,-32],[19,87],[27,2],[-11,47],[31,149],[-8,35],[7,122],[12,15],[30,-39],[22,16],[-12,55],[10,98],[24,41],[38,41],[51,18],[41,3],[150,74],[41,16],[67,39],[23,37],[2,30],[56,102],[30,82],[12,53],[81,123],[56,136],[14,164]],[[78864,47193],[33,-20],[34,-40],[13,-82],[33,-28],[16,-58],[29,-62],[24,12],[24,44],[19,112],[-15,70],[-8,120],[62,75]],[[79128,47336],[13,-34]],[[79141,47302],[1,-99],[21,-119],[57,-34],[5,28],[-19,52],[0,80],[-17,95],[-17,41]],[[79172,47346],[14,21],[43,-24],[33,62],[20,20],[1,70],[-19,8],[-35,48],[12,52],[40,58],[9,38],[24,-43],[47,15],[19,93],[35,48],[4,44],[36,143],[32,48],[7,33],[42,58],[38,110],[7,80],[20,67],[23,-19],[8,-78],[-22,-95],[12,-22],[40,63],[22,61],[-7,39],[13,42],[18,5],[28,-26],[-5,-56],[21,-105],[36,-38],[18,25],[13,-31],[22,-9],[28,-66],[-6,-67],[-31,-37],[16,-51],[-3,-60],[62,-2],[35,53],[29,-98],[-18,-28],[-32,3],[7,-64],[24,16],[20,-12],[13,55],[23,12],[40,-16],[49,-57],[38,-67],[63,-60],[31,-9],[32,17],[18,-41],[-1,-80],[-30,-47],[-128,-81],[-25,14],[-21,-21],[-21,44],[-20,10],[-37,-36],[-22,-42],[22,-63],[31,-52],[30,-18],[42,-48],[12,-38],[-28,-42],[-56,-10],[-53,-20],[-35,-34],[-30,13],[-23,38],[-21,11],[-16,35],[-17,-22],[12,-48],[-22,-63]],[[78170,46090],[-27,31],[-3,125],[22,-3],[0,-87],[8,-66]],[[75192,47617],[9,-17],[-14,-77],[-25,4],[-1,64],[11,32],[20,-6]],[[75083,48072],[-47,-51],[-2,46],[35,56],[14,-51]],[[79715,48560],[30,-17],[-14,-58],[-44,-32],[0,71],[28,36]],[[29639,36164],[9,-73],[38,-76],[8,-85],[44,-27],[-4,-55],[15,-47],[6,-82],[11,-40],[-2,-61],[9,-72],[15,-56],[-10,-44],[19,-54],[28,-30],[41,-79],[45,-52],[0,-41],[-55,-143],[39,-56],[3,-31],[-12,-68],[-50,-17],[26,-119],[-25,-31],[23,-63],[47,-42],[7,-21],[-24,-49],[0,-65],[17,-34],[25,-10],[56,-162],[2,-143],[25,-109],[3,-82],[28,-51],[15,-97],[-3,-51],[24,-106],[-9,-75],[4,-58],[28,-28],[60,-2],[95,35]],[[30260,33512],[48,-89],[-1,-15],[-86,-484],[-6,-14],[-237,-178],[-19,-50],[-22,-7],[-28,-56],[-19,-78],[5,-46],[20,-19],[10,-61],[20,-41],[-40,-40],[-24,-126],[14,-68],[-1,-45],[16,-46],[22,-169],[-1,-42],[-42,-62],[-5,-77],[7,-47],[67,-159],[-3,-87],[-50,-16],[-18,-43],[-36,28],[-22,-3],[-21,-54],[-14,-87],[-21,-27],[-5,-51],[-26,-91],[-13,-95],[-35,-37],[-31,-107],[-63,-92],[-6,-83],[-17,-38],[1,-86],[-19,-74],[1,-69],[-29,-22],[-32,-67],[-3,-43],[30,-177],[2,-110],[-14,-60],[34,-34],[-15,-92],[-34,-43],[-31,22],[-1,-53],[-18,-27],[-28,-143],[-5,-120],[-11,-40],[-27,12],[-15,-37],[-8,-66],[-6,-122],[28,-124],[15,-36],[31,-6],[19,-40],[-9,-38],[-29,-12],[13,-39],[4,-70],[21,-25],[-1,-37],[20,-30],[-2,-83],[11,-68],[37,-54],[-9,-51],[-21,-30],[3,-74],[25,-56],[28,30],[24,-25],[7,-45],[-29,-141],[10,-32],[-15,-34],[1,-81],[15,-14],[-5,-78],[11,-51],[-21,-21],[-35,4],[-5,-59],[-45,-95],[-13,-106],[-21,-77],[-9,-107],[-41,-21],[-5,-45],[23,-7],[18,-96],[-4,-77],[17,-77],[-17,-27],[11,-89],[-19,-53],[-37,1],[-30,-54],[-5,-77],[-46,7],[-12,-36],[-29,-6],[-3,-93],[-24,-9],[-13,-75],[9,-22],[4,-166],[-16,-38],[22,-76],[-3,-73],[-14,-58],[26,-116],[21,-63],[-2,-99],[12,-80],[34,-52],[-7,-81],[-95,-59],[-51,-63],[-4,-45],[8,-105],[-16,-99],[-21,-49],[5,-41],[-53,-4],[1,-51],[24,-103],[-15,-83],[-32,9],[-6,-65],[39,-65],[-34,-43],[-18,-110],[-22,-36],[28,-109],[-6,-155],[-9,-59],[14,-100],[-19,-28],[35,-122],[15,-108],[-56,-41],[-25,11],[-23,-59],[17,-53],[5,-61],[-28,-50],[9,-136],[-9,-67],[37,-61],[40,-6],[32,-28],[-2,-53],[-41,-13],[-9,-68],[17,-40],[40,-28],[5,-39],[-31,-43],[43,-84],[-28,-68],[-25,-22],[14,-57],[-5,-91],[104,1],[61,-13],[23,-51],[-32,-64],[-6,-59],[-19,-12],[-43,29],[-36,-19],[-42,12],[-18,-17],[-52,18],[-9,-66],[51,-30],[35,8],[46,-23],[25,-67],[42,-61],[7,-33],[-52,-54],[-5,-55],[-51,-7],[-13,-20],[-9,-83],[15,-59],[35,-56],[-43,-71],[-38,-20],[40,-46],[3,-74],[18,-63],[0,-85],[-46,-53],[-21,-2],[-17,-121],[37,-63],[-40,-15],[-13,-57],[-30,-47],[-42,-10],[-5,-87],[-30,-74],[-23,-82],[54,-78],[4,-107],[-28,-58],[-39,-25],[-4,-170],[-41,-61],[-71,-38],[-47,-124],[23,-17]],[[28676,20317],[-12,-15],[-84,-2],[-1,-34],[-34,-77],[33,-115]],[[28578,20074],[-29,-86],[24,-45],[-13,-59],[56,-63],[13,-48],[3,-96],[19,-43],[4,-53],[22,-11],[85,75],[43,-23],[30,32],[54,-23],[-9,-56],[20,-38],[-8,-96],[-28,-31],[4,-35],[34,-35],[-15,-33],[-11,-143],[19,-58],[56,-39],[31,-44],[11,-61],[384,-7],[143,-2],[125,-62],[74,-3],[105,-53],[98,-28],[1,-23]],[[29923,18784],[-71,20],[-49,1],[-62,48],[-29,2],[-66,-43],[-4,-48],[-47,-72],[-47,22],[-127,-76],[-53,-42],[-17,25],[-62,-74],[-1,-85],[-38,-115],[-9,-80],[14,-105],[-9,-81],[-68,-60],[-112,26],[-59,45],[-51,13],[-62,63],[-45,87],[8,37],[38,45],[50,-13],[31,23],[39,-15],[99,59],[22,4],[35,54],[23,102],[-22,12],[-75,-39],[-101,-72],[-48,-61],[-54,52],[-11,-96],[-38,-30],[-4,-63],[32,-64],[-42,-4],[-182,152],[59,40],[24,51],[-19,116],[94,42],[13,-46],[67,41],[41,49],[83,-21],[59,6],[41,18],[-25,43],[-51,-4],[-88,24],[-64,-2],[-23,-62],[-65,63],[-33,-11],[-6,-35],[32,-24],[-29,-45],[-58,-40],[14,-30],[0,-65],[-44,-37],[-56,13],[-18,45],[28,40],[-68,61],[66,-2],[7,55],[-48,19],[-48,-55],[-16,73],[42,71],[-36,16],[27,51],[-4,57],[40,27],[26,-32],[66,68],[52,12],[24,60],[74,-9],[20,21],[-4,62],[-69,-25],[-28,35],[-24,-45],[-61,-40],[-8,-71],[-37,-42],[-60,55],[-38,143],[-60,78],[-8,106],[57,22],[-17,66],[-93,18],[-5,67],[-24,13],[-5,44],[41,34],[62,-9],[23,46],[1,55],[40,34],[-24,29],[-27,-60],[4,-31],[-37,-44],[-48,34],[-46,141],[46,28],[-93,40],[-5,41],[-51,26],[29,55],[87,9],[-31,45],[27,29],[-15,150],[23,33],[49,13],[-19,58],[-24,-50],[-57,76],[9,27],[-6,100],[-13,48],[17,23],[-14,72],[21,55],[-5,60],[52,63],[39,-38],[15,67],[-71,40],[-15,61],[-33,15],[-50,89],[30,22],[27,-12],[140,-19],[81,-59],[0,49],[-17,55],[20,66],[-35,12],[-57,-33],[-41,34],[-148,3],[-29,31],[33,68],[52,3],[-30,70],[33,40],[22,62],[50,-2],[49,81],[-17,41],[-27,-5],[-33,61],[-6,42],[-47,7],[-56,-10],[-8,-48],[-90,82],[-18,39],[-95,-4],[22,-125],[-53,-24],[-42,80],[1,74],[18,33],[32,9],[34,64],[81,105],[35,0],[66,116],[6,71],[134,24],[34,-85],[22,-33],[-1,-62],[28,6],[30,-46],[-7,-64],[-52,-98],[42,-9],[24,78],[44,55],[-18,58],[7,46],[-11,63],[29,49],[17,75],[-23,2],[16,131],[51,60],[31,19],[53,-71],[41,-10],[-106,108],[-55,-9],[6,38],[36,22],[-27,60],[15,34],[62,4],[82,91],[23,4],[10,135],[-66,62],[2,22],[-57,54],[-39,19],[2,32],[39,30],[-2,32],[43,112],[-18,16],[20,53],[-37,80],[7,73],[46,40],[-6,68],[19,40],[28,5],[3,49],[-25,36],[-6,109],[11,58],[38,0],[-22,61],[-13,69],[51,29],[39,-61],[-3,121],[-67,25],[-34,54],[59,92],[-29,87],[-55,32],[-42,-51],[15,-56],[-39,-43],[-43,5],[-41,-15],[-39,23],[-9,83],[-28,13],[-15,72],[4,44],[-21,90],[-8,90],[29,152],[30,61],[-14,54],[12,131],[20,32],[-6,84],[45,27],[31,42],[-1,54],[44,103],[5,73],[-17,133],[-20,81],[-20,113],[-13,25],[-16,108],[21,164],[-11,79],[-44,107],[-2,70],[19,33],[-2,50],[-16,25],[17,103],[38,-40],[50,11],[29,68],[7,121],[-3,50],[42,10],[45,203],[-1,64],[15,113],[49,71],[0,60],[-13,62],[32,38],[13,63],[31,78],[36,45],[11,115],[35,113],[3,128],[14,17],[0,78],[-9,25],[45,125],[14,67],[32,28],[13,110],[-17,33],[9,38],[-13,95],[20,75],[21,8],[18,117],[14,62],[-8,54],[17,82],[-35,88],[10,108],[-9,70],[7,31],[-15,92],[-26,220],[3,87],[-14,98],[-1,82],[9,136],[10,45],[33,-13],[19,58],[17,7],[-8,78],[34,40],[-10,62],[-3,131],[8,51],[-19,70],[-32,44],[2,79],[-9,47],[9,48],[26,22],[24,63],[-3,45],[37,111],[10,207],[27,140],[33,22],[6,64],[-15,61],[-3,105],[24,21],[22,61],[-10,55],[25,68],[10,102],[-3,26],[17,89],[-8,77],[11,75],[-21,87],[4,72],[16,33],[-5,42],[33,42],[23,56],[2,75],[-16,45],[6,64],[-13,28],[-14,94],[5,62],[-7,41],[22,213],[-7,51],[7,105],[25,67],[-2,70],[-46,43],[-4,90],[10,92],[30,-19],[21,23],[21,67],[-5,63],[9,48],[22,344],[13,71],[-1,99],[13,28],[12,87],[-9,44],[4,56],[-23,96],[10,53],[-21,97],[0,106],[10,40],[-6,40],[16,50],[-8,23],[10,74],[-9,127],[2,49],[-17,62],[-4,92],[-16,55],[3,96],[-21,167],[1,68],[13,96],[-25,53]],[[29401,35749],[70,10],[44,34],[28,53],[22,81],[-20,123],[11,38],[36,1],[47,75]],[[29871,17560],[-3,-43],[-111,-31],[-117,43],[-78,37],[-76,-31],[-43,-4],[-100,38],[-39,-29],[-16,45],[-127,36],[7,54],[-36,7],[-21,-61],[-74,42],[-19,-31],[-37,4],[6,68],[57,53],[30,-48],[27,34],[87,2],[48,-10],[40,65],[116,-59],[-40,81],[-78,14],[-17,66],[164,-105],[33,2],[34,36],[102,-35],[28,-41],[23,29],[88,-67],[20,15],[-49,63],[-162,79],[-46,38],[-35,137],[13,36],[70,41],[61,10],[78,58],[2,82],[-87,-1],[-73,-20],[-20,-19],[-63,-12],[-58,76],[15,148],[47,-25],[29,25],[12,50],[-45,21],[-5,67],[40,1],[34,-54],[24,-3],[47,36],[39,66],[2,66],[56,20],[40,-84],[23,-22],[59,21],[47,42],[31,-41]],[[29875,18638],[-2,-535],[-1,-535]],[[29872,17568],[-1,-8]],[[18983,31382],[-3,-18],[-56,-30],[23,63],[36,-15]],[[30351,17325],[-11,-31],[-44,3],[18,49],[37,-21]],[[30044,17147],[-39,-23],[-33,28],[4,46],[-94,31],[-70,-21],[-28,38],[30,86],[-83,7],[-29,15],[-32,-37],[50,-75],[-62,-27],[-4,41],[-42,22],[-65,75],[-48,31],[39,44],[123,16],[29,19],[130,6],[26,16],[79,5],[29,-61],[-53,-24],[-9,-41],[49,4],[39,-54],[-1,-53],[65,-114]],[[30075,17338],[-73,24],[-8,109],[65,36],[172,-11],[32,-20],[32,-52],[-7,-59],[-49,-58],[-38,7],[-3,38],[-49,14],[-11,-36],[-63,8]],[[29428,17419],[-113,-20],[-74,44],[1,43],[128,-20],[58,-47]],[[29533,17462],[-7,49],[69,16],[117,-33],[8,-19],[-153,-32],[-34,19]],[[28891,17920],[15,-17],[-16,-69],[-58,24],[50,31],[9,31]],[[29070,17920],[-7,47],[52,21],[43,-25],[23,-79],[55,25],[6,-83],[-34,-57],[-103,85],[-41,-11],[-13,33],[19,44]],[[28967,17858],[-57,72],[-9,56],[61,11],[23,35],[31,-33],[28,11],[4,-125],[-34,-7],[-5,-78],[-42,58]],[[29385,18153],[9,-96],[-8,-42],[31,-60],[-28,-26],[-46,56],[19,-137],[-76,54],[-16,43],[1,93],[49,27],[-4,43],[69,45]],[[28597,18251],[0,-58],[-24,-20],[-30,40],[10,43],[44,-5]],[[28829,17921],[-35,12],[-42,-37],[-32,34],[51,82],[-86,31],[-37,-79],[-43,138],[-68,31],[9,34],[27,-3],[38,20],[-12,43],[68,-13],[-8,39],[35,10],[26,-23],[17,-49],[58,-1],[69,-48],[57,-72],[-38,-31],[-16,-71],[-38,-47]],[[28647,18299],[-30,-17],[-27,35],[-38,-21],[-12,56],[-61,51],[-13,26],[-55,-24],[-47,7],[-44,59],[-46,25],[7,36],[-48,48],[20,17],[72,-96],[142,-45],[17,-29],[41,2],[61,-41],[61,-89]],[[28478,18607],[-20,22],[-58,-5],[-15,40],[36,11],[41,78],[59,-32],[-43,-114]],[[28254,18762],[-39,20],[1,57],[60,11],[14,-29],[-15,-61],[-21,2]],[[28496,18767],[-62,62],[50,7],[12,-69]],[[28401,18758],[-17,15],[-7,99],[25,-6],[45,-63],[-46,-45]],[[28513,18863],[-44,46],[-59,43],[10,50],[72,-75],[21,-64]],[[28233,18935],[-29,-7],[21,93],[37,-14],[-29,-72]],[[28150,19015],[1,79],[23,-6],[-24,-73]],[[28318,19034],[-19,69],[50,-28],[59,-57],[-39,-32],[-51,48]],[[28196,18956],[-48,3],[36,69],[34,111],[12,-74],[-34,-109]],[[28449,19086],[-28,-26],[-49,43],[43,51],[34,-68]],[[28381,19243],[-15,67],[24,2],[-9,-69]],[[28160,19290],[-54,-79],[1,92],[21,21],[32,-34]],[[28236,19272],[-16,-32],[-44,51],[45,59],[52,3],[14,-39],[-12,-58],[-39,16]],[[28331,19465],[-67,-30],[-69,-4],[4,81],[67,-19],[20,86],[42,-59],[3,-55]],[[28191,19557],[40,21],[26,-35],[-9,-33],[-40,10],[-17,37]],[[28132,19708],[-3,-28],[-41,-48],[3,-62],[-41,14],[-13,34],[14,80],[81,10]],[[28351,19538],[-55,51],[-18,49],[53,89],[30,-84],[23,-104],[-33,-1]],[[28155,19810],[-38,-46],[-23,27],[-52,-11],[17,89],[54,-42],[19,42],[-48,23],[-25,43],[20,19],[51,-41],[49,-13],[2,-55],[-26,-35]],[[28046,20067],[-46,-45],[1,114],[28,36],[42,-23],[38,-91],[-34,-34],[-29,43]],[[28192,20415],[-5,-98],[-45,57],[-38,21],[36,43],[52,-23]],[[28016,20330],[-13,48],[45,33],[14,-47],[-46,-34]],[[28108,20446],[-27,24],[-61,-10],[-28,10],[9,54],[83,-3],[24,-75]],[[28138,20468],[-38,23],[9,56],[36,-41],[-7,-38]],[[28113,20069],[-29,105],[-43,113],[10,27],[65,-8],[49,14],[20,-24],[33,105],[-40,49],[0,44],[-26,31],[18,48],[61,41],[37,-28],[25,6],[-1,-72],[15,-40],[-9,-46],[12,-40],[4,-102],[-24,-92],[31,-91],[-17,-131],[-47,-49],[-56,17],[-12,50],[8,60],[-21,6],[-46,-37],[-17,44]],[[28143,20634],[7,-31],[-16,-59],[-30,33],[39,57]],[[28075,20641],[-37,-72],[-36,-13],[-11,39],[51,8],[33,38]],[[28078,20677],[-3,-32],[-77,-8],[-13,24],[18,72],[22,-16],[43,9],[10,-49]],[[28301,20778],[41,33],[30,-69],[-11,-21],[-60,57]],[[28300,20661],[-7,-46],[-25,-8],[-35,31],[-53,5],[-23,57],[24,44],[33,7],[6,68],[35,1],[22,-69],[-4,-80],[27,-10]],[[28288,20791],[-16,44],[12,56],[40,-45],[2,-39],[-38,-16]],[[28123,20803],[-26,115],[50,-21],[14,14],[51,-31],[-2,-100],[-52,-49],[-35,72]],[[28126,20624],[-42,40],[9,79],[-50,1],[-26,19],[9,73],[-17,73],[56,39],[29,-79],[17,-84],[28,-65],[8,-65],[-21,-31]],[[28093,20938],[17,56],[32,24],[39,-8],[19,34],[29,-34],[-13,-27],[23,-84],[-82,38],[-19,20],[-45,-19]],[[28323,20983],[5,49],[40,17],[85,-37],[26,-36],[-76,3],[-54,-18],[-26,22]],[[28117,21036],[-41,36],[65,39],[19,-61],[-43,-14]],[[28414,21441],[27,-14],[-46,-61],[-23,34],[17,45],[25,-4]],[[28508,21925],[11,-28],[-17,-41],[-52,60],[28,27],[30,-18]],[[28232,22046],[10,-21],[-13,-70],[-41,-57],[-42,5],[-10,104],[60,2],[36,37]],[[28503,22053],[-30,-87],[-23,29],[53,58]],[[28454,22077],[-11,-57],[-33,22],[12,38],[32,-3]],[[28286,22162],[-8,-80],[-32,4],[11,63],[29,13]],[[28415,22104],[-11,51],[22,28],[32,-29],[-3,-53],[-40,3]],[[28299,22083],[4,63],[18,76],[34,-12],[23,-78],[-35,-49],[-44,0]],[[28524,22231],[21,-22],[-3,-47],[-22,-89],[-37,55],[13,65],[28,38]],[[28481,22316],[-1,-41],[-49,-3],[-32,15],[-10,36],[26,24],[23,-33],[43,2]],[[28506,22342],[-26,-15],[-48,6],[-20,46],[-27,-15],[-18,30],[12,33],[78,24],[37,-22],[17,-37],[-5,-50]],[[28362,22477],[22,37],[58,-17],[-25,-48],[-55,28]],[[28453,22554],[25,2],[20,-72],[-43,18],[-2,52]],[[28141,22550],[17,-53],[-21,-11],[-25,54],[29,10]],[[28305,22630],[-1,-31],[-41,5],[4,33],[38,-7]],[[28454,22634],[-23,-44],[-72,-43],[-34,54],[2,34],[36,12],[64,0],[27,-13]],[[28525,22610],[-24,-32],[-23,38],[11,56],[26,8],[10,-70]],[[28329,22675],[-42,35],[65,41],[22,-37],[-45,-39]],[[28600,22654],[23,-9],[9,64],[70,58],[26,-45],[36,-7],[13,-31],[-31,-91],[-83,-100],[-29,-14],[-41,58],[-16,90],[23,27]],[[28396,23034],[47,-1],[27,20],[28,-50],[-42,-3],[-21,-21],[-45,32],[6,23]],[[28215,23130],[-2,36],[47,4],[19,-41],[-53,-19],[-11,20]],[[28592,23683],[-57,41],[22,32],[35,-73]],[[28344,23306],[-17,10],[16,80],[30,39],[-1,53],[17,17],[11,105],[-17,120],[12,107],[25,43],[-1,93],[20,39],[31,-13],[47,42],[41,-16],[1,-63],[23,-48],[-11,-41],[31,-56],[-36,-34],[-46,-22],[-7,-84],[-28,-35],[48,-66],[31,-24],[6,-39],[-42,-8],[43,-109],[-62,-20],[-6,-43],[18,-26],[-1,-51],[-53,-20],[-111,51],[-12,19]],[[28484,19024],[26,8],[4,-63],[-28,-3],[-2,58]],[[28174,19811],[-2,-73],[-39,26],[41,47]],[[28320,20146],[-4,90],[40,-59],[-36,-31]],[[29639,36164],[-4,69],[-38,40],[11,51],[53,49],[5,36],[49,98],[9,38],[41,36],[0,89],[10,35],[39,29],[3,31],[-37,46],[-43,-7],[-20,35],[-55,248],[0,30],[35,93],[0,29],[39,59],[-38,66],[-27,68],[7,88],[26,19],[5,78],[21,8],[1,37],[47,62],[-5,67],[34,17],[4,27],[-13,66],[-18,26],[-9,109],[-17,29],[25,73],[6,133],[-4,59],[0,148],[33,63],[22,11],[-5,50],[29,58],[-120,388],[-120,386]],[[29620,39434],[49,8],[87,-17],[51,-23],[21,11],[5,-66],[46,7],[21,25],[29,9],[36,32],[52,141],[15,15],[49,4],[28,-28],[46,106],[26,19],[40,69],[37,0],[37,35],[43,81],[73,94],[48,8],[70,44],[85,10],[23,24],[55,-52],[35,78],[22,-15],[18,-57],[-8,-51],[12,-144],[-43,-126],[4,-78],[14,-36],[-6,-51],[23,-33],[4,-62],[-15,-114],[2,-86],[16,-57],[26,-44],[0,-74],[35,-6],[18,-121],[55,-18],[21,-57],[66,-57],[-6,-56],[26,-42],[48,-8],[19,-24],[27,6],[33,-18],[32,45],[38,-10],[44,-39],[27,-55],[40,-19],[29,34],[17,-10],[27,-99],[14,-5],[31,-63],[32,12],[12,-33],[40,-17],[30,-38],[43,10],[28,-15],[1,-40],[29,-65],[36,-51],[6,-34],[30,-3],[40,15],[34,-18],[30,25],[53,-13],[29,22],[6,-30],[33,-9],[66,-82],[50,-49],[20,-79],[-22,-71],[2,-81],[17,-31],[15,-75],[-2,-42],[16,-27],[5,-232],[-68,-24],[72,-156],[6,-23],[15,-359],[14,-26],[274,-17],[173,-12],[33,21],[-4,-110],[-34,-86],[4,-102],[23,-190],[40,-31],[59,-83],[42,-6],[17,-24],[4,-69],[14,-21],[-1,-54],[48,-169],[-5,-36],[-57,-326],[14,-16],[3,-51],[-19,-8],[-90,-334],[2,-14],[69,-111],[-27,-23],[-53,-69]],[[32684,34838],[3,97],[-8,74],[-245,267],[-246,-6],[-222,-84],[-249,-95],[-35,-171],[-14,-52],[-77,-198],[-12,-39],[0,-243],[-36,-217],[-64,-366]],[[31479,33805],[-38,61],[-4,54],[-224,4],[-27,-27],[-19,24],[-36,-2],[-57,-215],[-25,-51],[-11,-75],[-20,-20],[-23,44],[7,50],[-39,99],[-4,65],[-27,20],[-89,38],[-117,-2],[-33,7],[-44,-13],[-16,14],[-35,70],[-30,13],[-13,43],[-39,20],[-16,-129],[-21,-38],[-96,-49],[-16,-104],[-64,-45],[-1,-65],[-42,-84]],[[29401,35749],[-77,88],[-62,108],[-46,38],[-36,59],[-44,32],[6,27],[-10,116],[-31,58],[-79,46],[-38,59],[-26,23],[-40,55],[-26,18],[-18,60],[-61,51],[-28,-1],[-53,53],[-46,30],[-35,43],[-24,10],[-37,47],[-75,36],[-39,37],[-51,67],[-3,26],[-106,81],[-6,36],[-103,80],[-84,86],[-2,41],[-20,53],[-32,30],[-51,130],[-77,79],[-25,38],[-13,94],[-30,44],[-15,75],[-36,41],[1,98],[-31,18],[9,53],[26,-30],[22,161],[-11,91],[-70,160],[-9,83],[-30,60],[-14,65],[-35,68],[6,51],[-17,39],[-50,49],[-4,45],[-32,21],[7,70],[-21,152],[-25,67],[-88,100],[14,64],[-20,118],[-25,83],[-23,44],[-20,71],[-36,91],[-13,73],[-16,30],[-4,50],[-15,44],[2,80],[-38,89],[-15,97],[-16,45],[-3,70],[-19,43],[-31,110],[-22,54],[2,83],[-17,40],[-32,46],[10,30],[-22,79],[-37,76],[-47,63],[-45,111],[8,21],[-39,105],[2,38],[-10,60],[-23,45],[-3,35],[-60,111],[-9,48],[-41,69],[-48,53],[-132,122],[-17,30],[-67,83],[-13,48],[0,47],[30,32],[27,-16],[20,53],[2,47],[-20,93],[-38,72],[-16,9],[-18,46],[7,60],[29,33],[-42,108],[-31,64],[9,17],[-7,83],[13,40],[-3,39],[11,40],[48,71],[21,62],[34,49],[26,82],[42,47],[21,55],[45,20],[7,35]],[[26733,43204],[19,-45],[15,-73],[-2,-69],[15,-60],[-37,-58],[-47,4],[-9,-43],[12,-64],[30,-4],[-35,-88],[21,-40],[45,53],[10,36],[33,-5],[27,-40],[20,-5],[30,-43],[36,23],[41,-46],[-6,-43],[21,-96],[40,-76],[53,-9],[25,10],[8,43],[22,15],[-8,48],[20,48],[49,50],[9,58],[-12,54],[29,113],[2,52],[18,21],[8,62],[15,29],[-3,41],[17,100],[0,40],[25,4],[12,-53],[16,15],[-8,56],[68,155],[25,36],[186,122],[126,81],[16,18],[143,204],[143,313],[39,288],[17,-25],[33,3],[-19,111],[11,61],[-4,49],[-44,61],[-13,78],[-25,32],[14,30],[19,-19],[46,27]],[[28090,44844],[16,37],[22,-5],[56,-83],[29,19],[37,-91],[12,7],[62,-117],[12,-51],[-3,-30],[18,-32],[6,-71],[99,-85],[10,-39],[66,-32],[37,-111],[3,-47],[-12,-51],[51,-59],[41,-3],[5,-80],[16,-57],[-23,-57],[10,-53],[27,-3],[31,-59],[37,20],[23,-21],[20,43],[66,-56],[63,20],[20,38],[33,1],[33,69],[20,24],[83,-57],[19,-56],[45,13],[21,39],[40,33],[32,-16],[23,-39],[22,-10],[15,-61],[19,22],[33,-43],[26,3],[33,-69],[50,-45],[-112,-323],[-72,-209],[51,-42],[29,-1],[34,19],[25,-48],[8,-52],[34,-39],[26,-64]],[[29517,42784],[-7,-39],[-29,24],[-36,-19],[-20,22],[-1,45],[-32,18],[-42,-30],[-23,30],[-11,-19],[-32,-4],[-3,-29],[-34,-73],[-30,10],[-13,-19],[-101,-23],[-42,-29],[-30,13],[-31,-16],[-24,-35],[-24,-11],[-15,-37],[-34,-40],[-39,-23],[-2,-27],[-60,-81],[-78,-55],[6,-69],[-20,-97],[3,-47],[-11,-75],[-37,-84],[-26,-100],[16,-62],[12,-116],[-18,-55],[-46,-19],[-84,-114],[-22,-46],[-12,-99],[20,-61],[-7,-56],[-58,-19],[9,-37],[-7,-67],[35,-68],[34,-34],[0,-39],[-17,-44],[29,-29],[18,-61],[-1,-29],[21,-89],[46,-54],[1,-59],[22,-42],[26,-19],[28,-86],[25,-46],[4,-50],[-23,-72],[-12,-7],[-33,-82],[108,-1],[102,-36],[23,-25],[23,-67],[-1,-48],[18,-21],[10,-41],[-10,-59],[216,-1],[52,34],[10,32],[39,29],[37,78],[53,66],[15,-19],[21,-80],[-25,-62],[-1,-578],[29,36],[26,-49],[40,-14],[24,11],[65,61],[40,-4],[23,-19],[38,7]],[[31479,33805],[4,-30],[44,-43],[27,-41],[22,-10],[27,-77],[4,-39],[37,-84],[21,-75],[30,-31],[27,-69],[37,-27],[30,-62],[53,-34],[6,-21],[44,-41],[-2,-30],[30,-69],[45,-33],[29,0],[36,-20],[30,-33],[42,-20],[79,5],[96,-109],[15,-29],[43,-37],[31,-65],[92,-78],[51,-66],[90,-37],[43,-71],[24,26],[68,-68],[22,0],[36,-51],[31,-96],[22,-44],[-18,-77],[-35,-29],[-32,-101],[0,-67],[-57,-58],[-22,-72],[-10,-66],[-11,-177],[-28,-36],[6,-27],[-35,-22],[-14,-66],[-38,-48],[14,-44],[24,-17],[73,11],[58,-1],[87,-37],[44,-37],[53,-1],[42,-39],[28,2],[46,32],[36,-44],[42,30],[18,-4],[23,-49],[25,-14],[19,50],[5,46],[41,45],[57,-14],[42,-58],[44,57],[-2,73],[18,42],[19,0],[13,59],[36,23],[38,-10],[3,45],[41,38],[19,64],[29,7],[1,58],[23,44],[18,122],[-7,108],[15,17],[5,67],[-14,62],[11,56]],[[33638,32139],[38,-33],[37,43],[29,12],[61,-29],[20,-20],[20,-90],[3,-81],[16,-28],[27,-95],[-16,-79],[-6,-158],[10,-90],[-29,-133],[-54,-36],[-19,-36],[-27,12],[-26,-84],[-46,8],[-3,-28],[-36,1],[-26,-43],[-34,4],[-19,-39],[-4,-56],[-30,-52],[-46,-10],[-36,-34],[-29,-75],[-44,-19],[-45,-57],[29,-48],[-6,-30],[-42,20],[-15,-57],[-30,-17],[-3,-45],[-44,-79],[-27,-18],[-4,-50],[-24,-36],[-7,-49],[-54,-55],[-16,-76],[-28,-41],[-10,-40],[-39,-62],[-35,-76],[-34,-13],[-23,-35],[-5,-66],[-48,-81],[-29,-20]],[[32830,29840],[-8,-5]],[[32822,29835],[-3,-68],[-52,-78],[-10,-52],[18,-61],[3,-97],[-28,-20],[15,-56],[-15,-55],[2,-36],[-23,-79],[-23,-37],[24,-40],[-1,-44],[-19,-84],[-29,-17],[5,-109],[-10,-44],[23,-79],[-27,-68]],[[32672,28711],[-6,-44],[12,-146],[11,-36],[-2,-75],[-26,-22],[-38,9],[-13,-78],[6,-33],[-30,-75],[-7,-117],[41,-173],[5,-79],[-22,-42],[1,-47],[-15,-34],[10,-43],[26,-25],[17,-43],[43,-46],[76,-40],[30,-40],[63,-51],[74,-118],[31,-84],[-3,-33],[-56,-122],[-11,-67],[7,-63],[32,-91],[37,-55],[49,-41],[43,10],[19,-26],[6,-102],[2,-125],[-5,-38],[-55,-117],[-45,-125],[-29,-62],[-39,-54],[-54,-114],[-6,-105],[-16,-35],[-151,-138],[-110,-64],[-43,-15],[-90,-52],[-153,-45],[-69,-28],[-262,-68],[-43,3],[-31,-16],[-76,10],[-25,-15],[-57,22],[-29,-7],[-50,22],[-35,63],[-60,6],[-1,-23],[30,-54],[-23,-74],[11,-81],[40,-10],[-7,-56],[37,-28],[-15,-140],[-14,-63],[-40,-5],[-14,-92],[-1,-78],[-31,-38],[19,-88],[24,-19],[20,-60],[-1,-62],[-22,-63],[-105,-84],[-100,-57],[-58,3],[-124,-5],[-24,12],[-52,67],[-30,-4],[-65,49],[-96,52],[-6,41],[-40,6],[-47,-61],[-15,-88],[8,-85],[23,-134],[18,-52],[-12,-56],[10,-64],[-18,-96],[17,-53],[40,-50],[87,-26],[-15,-68],[6,-27],[117,1],[19,23],[-3,59],[-25,30],[55,48],[40,21],[27,-32],[32,-103],[3,-126],[-11,-79],[-32,-36],[-99,-30],[-39,66],[9,48],[-28,57],[-31,17],[-47,-4],[-56,-56],[-33,-13],[-14,-65],[70,-43],[25,-27],[35,-6],[50,-37],[-32,-29],[-86,-39],[-71,-76],[0,-39],[-65,-105],[-16,-42],[4,-80],[26,-102],[-23,-81],[24,-83],[-25,-34],[-4,-37],[-36,-46],[-60,-56],[-8,-78],[38,-13],[-8,-66],[-24,-18],[-40,30],[-97,5],[-71,-42],[-28,-32],[13,-37],[-93,-10],[-52,-57],[-43,-89],[-29,-42],[-8,-82],[-25,-24],[-25,-54],[-20,-115],[22,-118],[31,-83],[79,-70],[92,-149],[43,-23],[114,-19],[60,12],[26,-15],[37,-54],[8,-68],[-6,-84],[-29,-116],[-15,-14],[14,-87],[-21,1],[-10,-57],[-91,-98],[-44,-74],[-49,-15],[-125,-121],[-22,-72],[-56,-43],[-40,-56],[-40,-143],[14,-37],[-15,-92],[-6,-110],[-28,-86],[-65,-66],[-67,-17],[-30,-40],[-117,-65],[-54,-114],[-20,-91],[-5,-118],[29,-171],[26,-89],[-42,-52],[50,-21],[67,-179],[86,-150],[-23,-20]],[[28578,20074],[72,39],[36,63],[-15,81],[5,60]],[[29875,18638],[97,-171],[-68,-69],[-8,-59],[27,-30],[91,-23],[34,-128],[51,-63],[63,-54],[-3,-36],[73,-73],[105,-79],[38,-19],[76,-107],[171,-91],[39,-7],[104,17],[42,-7],[-48,-136],[-45,-10],[-125,16],[-7,-35],[-87,-11],[-60,-28],[-70,54],[-61,18],[-137,16],[-34,-3],[-110,17],[-60,27],[-7,-25],[-52,-5],[-32,34]],[[31147,17595],[-103,-42],[-11,18],[-79,-61],[-41,34],[103,55],[80,-11],[51,7]],[[31612,24756],[34,-40],[-22,-54],[-34,27],[22,67]],[[57346,62346],[-21,-2]],[[57325,62344],[0,7]],[[57325,62351],[-6,23]],[[57319,62374],[61,18]],[[57380,62392],[-2,-4]],[[57378,62388],[-2,-51]],[[57376,62337],[-30,9],[0,0]],[[57325,62344],[-26,-75],[-96,-62],[-47,-6],[-15,-26]],[[57141,62175],[-49,33],[-20,-24]],[[57072,62184],[-25,0],[-68,50],[-22,67],[11,77],[21,9],[36,56]],[[57025,62443],[20,8]],[[57045,62451],[9,-2]],[[57054,62449],[6,-25],[25,-19],[2,-16],[29,4],[33,33],[34,13],[34,-25],[31,23],[11,-29],[-3,-50],[14,12],[55,-19]],[[57378,62388],[33,-2]],[[57411,62386],[-3,-35],[-32,-14]],[[69154,62605],[22,-33],[28,32],[19,-21],[-15,-91],[35,-107],[5,-56],[16,-47],[17,-95],[29,-40],[61,-16],[52,-65],[32,-22],[17,-43],[-22,-64],[-46,-39],[-3,-42],[20,-125],[-4,-96],[12,-45],[38,-59],[35,-28],[44,2],[52,-20],[-22,-69],[11,-70],[56,-122],[-48,-96],[-33,28],[-9,-29],[-47,-31],[-5,-40],[-40,-22],[-46,57],[-16,88],[-22,-30],[-49,-6],[-18,-19],[18,-50],[3,-99],[14,-11],[37,-85],[26,-36],[-20,-97],[16,-51],[23,-30],[-32,-49],[17,-32],[-6,-55],[12,-23],[37,-9],[40,95],[45,-66],[17,-82],[25,-64],[36,-41],[56,13],[26,-9],[61,-88],[29,0],[16,-30],[-17,-32],[23,-48],[126,-86],[16,-36],[52,-33],[5,-29]],[[70011,59961],[-42,-13],[-2,-26],[-47,-74],[-22,-11],[-26,-71],[-29,-24],[5,-76],[-46,-94],[17,-74],[-12,-64],[-27,-15],[-9,-66],[-18,-31],[1,-39],[53,-52],[31,-56],[40,25],[40,-25],[36,-53],[59,-59],[39,-12],[43,-124],[24,19],[16,-42],[62,-57],[45,-56],[32,33],[21,-6],[94,-114],[67,14],[15,-37],[12,-68],[33,-3],[36,-22],[33,0],[46,-56],[15,65],[61,-3],[69,-52],[-3,41],[52,10],[14,28],[39,-35],[17,-32],[77,-23],[22,-63],[-5,-87],[43,-8],[33,-29],[32,-55],[32,3],[9,-46],[25,-11],[83,59],[24,-21],[7,-79],[29,-41],[51,41],[51,-35],[22,14],[61,-46],[54,-53],[22,9],[66,74],[11,-74],[37,-12],[29,-27],[15,33],[26,2],[28,-23],[49,37],[28,5],[36,-46],[18,42],[26,145],[-4,51],[-21,72],[-29,56],[18,109],[-3,86],[23,73],[13,67],[-11,43]],[[71922,58796],[2,45],[68,16],[33,23],[29,38],[56,-55],[9,-76],[-13,-94],[-17,-54],[9,-69],[32,-46]],[[72130,58524],[-25,-30],[-19,-52],[26,-27],[34,-92],[62,-51],[42,22],[92,-65],[37,-12],[72,21],[23,45],[55,30],[55,-56],[35,-7],[129,18],[21,-14],[35,47],[31,-35],[48,3],[25,24],[65,1],[13,41],[-23,67],[-1,43],[24,73],[-16,71],[-13,13],[-53,-8],[-33,12],[-16,33],[-4,56],[12,29],[1,68]],[[72864,58792],[27,-24],[26,1],[10,-38],[54,16],[47,51],[17,-39],[27,33],[45,-3],[30,32],[14,37],[-22,60],[33,45],[19,-2],[34,45],[62,29],[-6,46],[27,44],[9,41],[34,35],[48,0],[64,16],[17,-11],[18,81],[69,44],[26,45],[-21,37],[34,55],[36,12],[27,44],[20,-18],[19,-59],[73,-12],[47,-41],[39,-12],[32,17],[7,70],[21,20],[33,-16],[8,61],[32,-8],[24,17],[50,5],[17,-56],[44,-6],[-14,-36],[-38,-31],[6,-84],[46,47],[24,-20],[32,-93],[6,-49],[-26,-33],[-45,-82],[9,-51],[52,35],[42,-6],[58,-50],[48,15],[56,-74]],[[74391,58974],[-4,-74],[13,-23],[-6,-64],[-30,2],[-43,-74],[-19,-12],[-32,-54],[9,-105],[62,-140],[-29,-18],[-44,40],[-1,35],[-27,50],[-46,6],[-21,-31],[-27,3],[-72,-20],[-34,-33],[-34,-82],[-29,-16],[-19,-44],[-31,-41],[-28,-7],[-26,-59],[-73,-44],[-21,-64],[6,-41],[-5,-73],[25,-108],[-37,-54],[2,-92],[-12,-10],[-30,-77],[-43,-44],[-22,-40],[-16,-75],[7,-36],[31,-17],[5,-56],[-32,-139],[-20,-21],[-11,-54],[-17,-26],[-32,-114],[-27,-160],[-25,-77],[-27,38],[-52,9],[-16,30],[-35,6],[-42,-24],[-24,59],[-17,-19],[14,-66],[5,-84],[15,-46],[-12,-167],[-3,-91],[-20,-56],[-28,18],[-15,-24],[10,-62],[-26,-54],[5,-130],[18,-63],[1,-70],[-21,-24],[-33,-67],[-31,-20],[-39,62],[-15,-64],[-20,-21]],[[73118,55861],[-11,75],[11,20],[-16,163],[-6,100],[-31,102],[-14,136],[8,58],[-28,160],[-27,61],[-40,-42],[-24,20],[7,-96],[-40,-63],[-13,-48],[14,-91],[-27,-51],[-42,-3],[-20,101],[-43,-21],[-20,163],[-23,71],[0,64],[14,8],[6,76],[39,96],[63,2],[19,26],[64,52],[12,57],[42,15],[34,186],[5,62],[34,-33],[26,14],[-5,45],[-41,60],[-57,45],[-24,9],[-73,-8],[-18,-20],[-26,17],[-26,-13],[-63,34],[-111,-30],[-22,13],[-64,0],[-36,-9],[-63,30],[-60,43],[-20,-7],[-10,45],[10,130],[-13,90],[12,47],[-21,88],[-25,61],[-26,-32],[11,-44],[-33,-28],[-34,-1],[-59,68],[-24,124],[-25,28],[-16,-34],[3,-48],[-25,-20],[-41,91],[-81,81],[0,-47],[29,-15],[9,-38],[-34,-32],[-16,-53],[-39,-33],[-24,-116],[15,-67],[26,15],[52,-75],[1,-31],[29,-46],[30,-16],[34,17],[19,-84],[36,-15],[-21,-67],[-30,-4],[-50,16],[-45,-10],[-2,-61],[-27,-88],[-32,36],[-24,-15],[7,-36],[-32,-99],[31,-75],[71,-63],[20,-27],[70,-14],[-1,-48],[-16,-54],[14,-27],[-3,-51],[-33,-29],[-14,-109],[48,-90],[-9,-88],[7,-26],[34,-3],[31,-25],[-27,-54],[-3,-56],[28,-58],[-10,-53],[22,-177],[19,-87],[0,-41]],[[72175,55937],[-7,-22],[7,-73],[-18,-13],[24,-148],[-22,-7],[-32,35],[-32,-58],[-21,70],[1,124],[-17,5],[-16,-52],[0,-40],[15,-30],[-12,-69],[-49,14],[-39,-21],[-18,63],[6,60],[-13,41],[-4,86],[-24,-37],[-22,-74],[-71,-91],[-63,-22],[-34,-24],[-38,-5],[-37,-39],[-39,-73],[-22,-76],[2,-47],[29,-116],[14,-96],[-22,-17],[-50,-80],[-9,-88],[-55,-51],[-8,-44],[-25,-65],[-28,-27],[-141,-72],[-52,-38],[6,92],[-29,14],[-65,-83],[-31,-110],[20,-20],[-83,-128],[-35,-95],[-30,-56],[-23,-70],[-32,-70],[-38,-55],[-37,-75],[-18,-52],[-81,-66],[-43,-47],[-49,-95],[-4,-24],[-48,-106],[-40,-31],[-52,-61],[-47,-30],[-66,-71],[-47,-88],[-12,-50],[4,-31],[26,-28],[-16,-116],[-84,-85],[-62,-43],[-71,19],[-48,3],[-19,-23],[-25,-141],[0,-26],[-42,-69],[-24,3],[-21,-53],[-15,68],[-23,9],[-59,-33],[-29,-30],[-26,-50],[-24,-118],[-22,-67],[-10,-145],[15,-154],[23,-70],[-6,-110],[-14,-51],[11,-127],[20,-74],[2,-42],[-13,-55],[-28,7],[-10,-32],[17,-47],[27,-6],[29,-29],[6,-40],[-4,-76],[-13,-65],[-6,-116],[-9,-80],[-20,-100],[-79,-225],[-20,-126],[-9,-96],[9,-76],[10,-17],[8,-115],[-3,-105],[6,-285],[-4,-48],[-24,-12],[-61,32],[-36,1],[-25,-28],[-19,-51],[12,-65],[-21,-33],[-29,-84],[-30,-67],[-18,-96],[5,-29],[41,-81],[-35,10],[-30,-15],[-60,-52],[-46,-12],[-56,-75],[-16,-52],[-12,-96],[-2,-90],[-17,-58],[-69,-72],[-15,-27],[-29,-9],[-35,-40],[-53,26],[-86,120],[-80,185],[-41,86],[-48,206],[-14,84],[7,103],[15,-10],[-9,118],[-22,31],[-9,62],[-18,34],[-34,171],[-35,126],[-24,166],[-36,160],[-22,27],[-23,110],[-64,143],[-26,21],[-17,92],[-47,165],[-20,94],[-4,52],[-13,16],[-27,234],[-27,251],[-30,87],[-10,86],[-10,29],[-9,85],[-23,55],[-13,90],[-40,40],[3,32],[-24,38],[-1,37],[-32,42],[10,40],[-15,91],[-2,46],[-32,31],[-21,108],[-27,95],[-38,82],[-1,47],[-17,85],[2,34],[-18,54],[1,92],[-13,78],[4,67],[-14,159],[-19,55],[-9,63],[-2,92],[-28,114],[-11,64],[-1,107],[-23,73],[8,57],[-17,63],[-1,44],[20,28],[-10,83],[-18,30],[-14,106],[5,40],[-11,61],[13,29],[-21,40],[-1,70],[-17,48],[15,85],[11,133],[35,116],[2,53],[16,76],[-43,135],[4,44],[-52,68],[-9,62],[13,49],[35,38],[12,54],[-48,6],[-23,15],[8,62],[-15,61],[10,97],[24,27],[31,-23],[11,27],[-35,28],[-28,4],[-20,-24],[-73,20],[29,-45],[-2,-52],[-14,-34],[-34,-14],[11,-46],[-1,-49],[35,-69],[-15,-87],[-37,-82],[0,-55],[-47,-38],[-44,-48],[-12,-1],[-69,-73],[-38,-18],[-91,-69],[-38,-4],[-80,53],[-55,59],[-76,113],[-64,140],[-90,159],[-75,113],[-55,112],[-13,45],[8,55],[62,-3],[1,-62],[40,27],[69,14],[34,58],[12,-25],[47,56],[58,14],[37,107],[15,63],[41,60],[-16,53],[-18,-30],[0,-62],[-35,6],[-117,-49],[-31,-56],[-35,7],[-67,36],[-26,4],[-54,54],[-46,35],[-47,55],[-38,65],[3,52],[-37,40],[-3,128],[-23,-57],[-39,3],[16,40],[-21,42],[5,42]],[[66574,56791],[19,31],[48,32],[79,-1],[0,161],[44,15],[24,-32],[19,15],[26,-14],[36,14],[76,-4],[28,-44],[27,-13],[54,1],[22,19],[15,51],[36,13],[46,35],[40,12],[-1,-69],[17,-23],[35,-5],[44,65],[21,-2],[21,40],[-26,14],[-6,60],[29,48],[-46,160],[-9,68],[-36,74],[-21,72],[3,101],[-17,37],[-31,-16],[-57,11],[-40,92],[-14,49],[4,59],[14,41],[8,95],[-1,79],[-27,30],[-65,-5],[-42,49],[-41,28],[-11,37],[12,121],[18,69],[73,110],[45,95],[20,96],[68,109],[30,14],[48,-54],[2,-38],[18,-57],[33,-20],[22,9],[63,52],[44,19],[66,4],[81,41],[8,73],[26,65],[44,63],[28,145],[34,70],[139,119],[40,102],[49,154],[37,195],[50,42],[49,18],[55,70],[-3,36],[-22,56],[23,27],[32,82],[29,37],[44,117],[19,-3],[32,34],[22,47],[-25,59],[7,64],[21,69],[-15,85],[-18,50],[21,64],[35,55],[23,-4],[12,42],[34,3],[91,58],[17,56],[-43,68],[-47,34],[-31,-10],[-49,8],[-25,63],[5,68],[-62,30],[-23,33],[-3,61],[-45,34],[-41,68],[0,46],[28,38],[14,74],[-4,28],[-44,49],[0,55],[15,35],[55,36],[-3,56],[-76,-2],[-16,38],[30,56],[-16,53],[-44,34],[51,148],[42,11],[44,39],[34,-2],[68,-38],[95,-29],[52,7],[36,-43],[71,-30],[44,3],[53,59],[14,27],[64,4],[37,33],[41,-12],[26,10],[25,36],[10,56],[37,-5],[25,33],[10,62]],[[68953,62413],[201,192]],[[73478,48401],[3,-32],[-11,-79],[-20,4],[-26,92],[-18,10],[7,84],[37,30],[14,-21],[14,-88]],[[73428,48574],[-24,-56],[-7,55],[31,1]],[[73347,48866],[-17,-38],[-17,35],[23,33],[11,-30]],[[73181,49502],[5,-43],[-27,-7],[-6,36],[28,14]],[[73120,50271],[-3,-95],[-16,-37],[-30,34],[-7,100],[14,37],[27,23],[15,-62]],[[73246,51524],[0,-75],[-9,-50],[-31,-25],[16,-59],[7,-82],[0,-90],[-14,-41],[-12,-111],[-34,-65],[-8,-62],[16,-48],[-10,-78],[2,-45],[-11,-56],[-25,38],[-8,68],[-11,12],[-6,76],[27,71],[0,50],[41,35],[-4,51],[-16,26],[1,119],[10,25],[-6,78],[17,26],[2,81],[12,62],[-1,100],[29,102],[23,10],[4,-82],[-14,-37],[13,-24]],[[69154,62605],[-37,-19],[-67,6],[-43,30],[-39,4],[-18,23],[-38,3],[-32,28]],[[68880,62680],[-56,52],[-1,57],[-36,-2],[-32,-26],[-39,-1],[-28,92],[-38,20],[-7,33],[32,66],[-12,36],[2,80],[-27,78],[-23,34],[-59,40],[-43,-10],[-16,84],[-67,39],[-51,-16],[-67,46],[-32,-16]],[[68280,63366],[-47,63],[33,39],[36,2],[26,34],[17,-39],[29,5]],[[68374,63470],[47,41],[26,44],[-73,99],[20,84],[-22,38],[2,75],[-27,44],[-5,104],[18,44],[-17,66],[-119,78],[-52,1],[-55,-70],[-37,37],[-30,125],[35,70],[-31,42],[-26,78],[11,50],[-3,57]],[[68036,64577],[51,9],[28,63],[-9,58],[-19,48],[49,127],[44,23],[54,0],[90,112],[34,-6],[-12,51],[13,45],[55,-35],[41,0],[77,86],[21,9],[29,-91],[-7,-41],[11,-38],[64,9],[42,41],[20,-12],[25,37],[23,-47],[32,34],[47,106],[2,50],[37,69],[-1,39],[25,34],[40,16],[29,-17],[58,5],[38,-19],[51,9],[54,32],[56,-13],[27,33],[49,91],[0,45],[70,50],[14,30],[82,52],[88,72],[28,-4],[54,44],[37,6],[25,61],[24,11],[67,-1],[20,32],[-12,52]],[[69801,65944],[15,24],[-34,192],[23,84],[67,36],[-29,82],[56,46],[53,-3],[-10,87],[-25,19],[18,66],[-63,225],[-35,97],[7,83],[-10,73],[11,127],[27,32],[-69,41],[-61,-12],[-36,55],[55,57],[81,13],[16,24],[73,26],[42,-9],[78,39],[160,67],[18,-75],[38,-22],[65,39],[28,3],[48,-56],[30,30],[13,81],[-5,48],[-68,23],[-19,26],[22,100],[31,84],[21,147],[29,67],[44,200],[39,105],[8,126],[36,8],[101,-72],[102,-46],[68,9],[135,-4],[19,-18],[2,-67],[47,18],[78,92],[78,9],[16,63],[27,14],[3,88],[-24,70],[4,50],[-21,148],[19,110],[35,109],[18,24],[59,11],[50,-6],[38,36],[62,19],[48,88],[13,67],[-17,76],[43,58],[61,11],[56,-22]],[[71709,69384],[132,40]],[[71841,69424],[1,-68],[-17,-54],[13,-60],[61,-36],[8,-23],[-32,-41],[60,-53],[18,0],[89,-75],[4,-66],[60,-53],[34,-4],[31,-52],[53,-6],[24,26],[56,-1],[56,-103],[37,0],[42,28],[10,-62],[66,-66],[30,-65],[7,-92],[66,-147],[31,-16],[28,-54],[19,-67],[-2,-72],[14,-15],[-41,-131],[27,-94],[2,-46],[-79,-135],[-16,-129],[24,-26],[15,-74],[30,-53],[61,6],[31,-34],[55,4],[18,-30],[38,-9],[93,8],[49,-31],[76,-8],[74,20],[52,-16],[59,1],[96,-28],[51,-39],[43,-80],[27,-27],[59,-2],[39,-71],[66,-38],[30,-46],[91,-45],[92,16],[-16,-69],[2,-71],[49,-13],[21,-55],[28,-119],[37,-111],[21,-97],[103,-140],[15,-96],[34,-4],[192,27],[394,-71],[218,-40],[146,56],[322,-73],[52,7],[61,-14],[26,-28],[40,-91],[40,-46],[279,-90],[173,-125],[210,58],[-1,-102],[27,-10],[79,-1],[32,-24],[50,73],[20,6],[159,119],[242,146],[378,84],[96,-10],[70,-18],[53,26],[69,-12],[63,12],[48,49],[66,40],[44,7],[89,63],[11,34],[43,54],[19,56],[68,115],[44,39],[134,78],[42,70],[48,17],[3,45],[-28,76],[-55,63],[-31,61],[-30,114],[37,92],[2,46],[50,136],[28,37],[45,24],[116,-18],[46,-71],[36,-22],[96,-36],[142,-24],[68,81],[45,16],[29,50],[68,81],[31,91],[54,20],[55,-26],[106,11],[81,25],[100,117],[43,15],[22,47],[-11,52],[39,99],[66,101],[54,37],[133,-16],[14,14],[11,96],[51,10],[30,-40],[27,4],[22,38],[97,60],[52,-12],[47,7],[30,-15],[26,41],[40,-9],[26,-39],[68,-25],[36,8],[61,-18],[60,59],[0,66],[-35,75],[-19,83],[-102,124],[-3,34],[-41,21],[-20,72],[-84,47],[-61,105],[-96,31],[-119,-26],[-57,-95],[-57,-66],[-66,78],[-58,31],[-95,-18],[-68,13],[-43,-28],[-30,-49],[-32,-1],[-78,113],[-13,95],[69,50],[10,25],[-2,128],[61,118],[2,52],[174,475]],[[79585,69752],[100,-75],[52,-25],[59,-4],[77,-51],[36,17],[74,62],[60,75],[68,67],[120,16],[60,53],[10,126],[-57,15],[27,35],[14,76],[54,69],[6,84],[62,89],[2,57],[43,66],[51,167],[12,-1],[91,106],[42,18],[15,74],[20,29],[-5,59],[-36,55],[26,97],[-79,47],[-68,-26],[-32,9],[-6,79],[66,53],[46,71],[54,57],[60,79],[88,-2],[83,26],[34,28],[67,23],[52,-1],[68,31],[36,-13],[104,4],[79,20],[27,27],[62,-21],[41,13],[25,-24],[64,-24],[41,-51],[30,14],[47,-73],[72,-18],[11,-25],[81,31],[29,-2],[105,-82],[27,10],[58,-78],[53,-89],[-17,-48],[65,-49],[56,-123],[-28,-43],[57,-24],[-23,-85],[97,-223],[-2,-58],[42,-44],[-13,-83],[7,-50],[57,-80],[38,-76],[21,-98],[-21,-44],[19,-26],[-7,-43],[66,-54],[-2,-45],[-23,-52],[13,-51],[-7,-50],[37,-28],[21,-59],[29,-27],[43,2],[27,-28],[68,3],[10,15],[76,15],[35,-18],[22,-46],[46,-52],[38,7],[46,-20],[37,30],[19,-65],[37,-3],[12,-45],[42,-72],[91,-87],[36,16],[48,-20],[30,7],[-38,-117],[49,-68],[27,-109],[-41,-82],[5,-33],[60,-83],[9,-83],[22,-18],[106,30],[43,-37],[33,14],[52,-13],[72,10],[45,23],[52,-14],[36,81],[4,40],[39,-4],[73,82],[25,9],[75,-18],[26,12],[43,66],[70,20],[20,21],[88,27],[42,-12],[43,-48],[-5,-63],[-31,-47],[55,-165],[-24,-61],[-53,-79],[-52,-10],[-37,-76],[20,-70],[-28,-23],[-28,-118],[7,-31],[-16,-73],[-37,-73],[20,-35],[-16,-35],[10,-40],[-57,-58],[8,-32],[-16,-72],[-39,-27],[-7,-96],[-20,-57],[-56,-31],[-17,-38],[-11,-95],[4,-61],[-43,-49],[-31,18],[-233,87],[-41,49],[-25,-59],[-26,-8],[-5,-54],[-51,-65],[-24,4],[-46,-33],[-28,4],[-32,-34],[36,-80],[53,-313],[-25,-136],[5,-96],[-6,-34],[25,-28],[5,-42],[-30,-99],[6,-21],[-28,-49],[5,-65],[-30,-31],[-60,8],[-49,-24],[-48,-41],[26,-28],[21,-55],[-14,-19]],[[83299,66114],[-27,16],[-50,90],[-1,80],[-32,39],[-37,-7],[-28,14],[-31,-124],[-16,-152],[-50,-26],[-41,27],[-32,-33],[-9,-79],[-24,-35],[-42,-30],[-7,-27],[-58,6],[-59,-26],[-65,19],[-61,-20],[2,-57],[32,-83],[38,-64],[-31,-90],[-33,-8],[-32,41],[-25,-19],[-57,-1],[-44,34],[-55,3],[-60,82],[-3,32],[-39,26],[-27,-44],[-46,-15],[-31,-116],[-64,-145],[-31,-25],[-37,-97],[-66,-6],[-54,-54],[-8,-28],[-45,-38],[-126,-81],[-49,-86],[-18,-8],[-74,-98]],[[81646,64901],[-4,-50],[-41,-60],[-58,-34],[-97,31],[-8,-44],[-49,6],[-43,-24],[-20,-41],[-45,7],[-100,-85],[-13,-21],[-51,-28],[-75,-105],[3,-29],[-85,-85],[-10,25],[-33,-14],[1,-68],[-45,-24],[-38,2],[-52,-43],[-16,86],[156,94],[-19,66],[48,75],[-62,-5],[-31,74],[-34,-4],[0,48],[38,9],[15,39],[-13,27],[21,57],[46,32],[18,-3],[85,153],[4,41],[28,36],[25,60],[-44,61],[-24,61],[-53,43],[-74,5],[-58,48],[-16,-20],[-33,12],[-50,-46],[-14,-69],[-30,-9],[-8,-37],[-47,-63],[-32,-73],[-18,-66],[-130,-69],[-10,-29],[-101,-54],[-53,-87],[-21,-90],[12,-51],[-33,-39],[-65,-108],[-86,11],[-74,-65],[-29,11],[-26,60],[-25,23],[-43,-9],[-45,-54],[-2,-56],[-34,-84],[-5,-99],[41,-117],[32,-54],[66,-66],[36,3],[62,-18],[25,-20],[30,39],[50,3],[42,-94],[66,-97],[-55,-24],[-16,-55],[-9,-116],[8,-49],[46,-51],[79,-29],[89,16],[34,49],[-11,55],[54,40],[64,78],[2,34],[42,41],[74,43],[51,-7],[28,-54],[28,-5],[15,-63],[51,-4],[25,-49],[31,-22],[18,24],[127,5],[44,-32],[43,0],[54,-17],[-29,-37],[14,-50],[-41,-31],[0,-45],[21,-57],[-56,-60],[-32,10],[3,37],[-46,33],[-68,-46],[-13,-26],[-47,-36],[-41,-7],[-67,-42],[-64,-58],[8,-47],[-53,0],[-28,-64],[13,-93],[-92,-51],[-17,13],[19,62],[-23,21],[-46,-17],[-1,-52],[38,-61],[-54,-65],[-10,-58],[-28,5],[-23,-44],[-44,-32],[-26,-102],[-34,-33],[-18,-108],[-40,-24],[-2,-132],[39,-2],[79,-115],[50,-40],[30,-6],[48,-49],[37,-24],[31,-137],[9,-88],[25,-53],[3,-49],[32,-89],[9,-70],[20,-29],[-2,-37],[21,-34],[7,-56],[16,-6],[4,-84],[-13,-62],[14,-45],[56,-61],[62,-46],[18,-82],[6,-68],[57,-26],[45,-55],[27,-99],[-28,-31],[-38,16],[-105,83],[-46,-47],[-37,9],[-8,35],[-36,69],[-48,27],[-38,3],[-60,-67],[-37,-2],[-37,36],[-22,61],[3,29],[-28,58],[-33,3],[-1,-42],[26,-18],[-1,-42],[19,-14],[41,-68],[60,-21],[77,55],[62,-20],[20,-75],[19,-32],[67,-39],[47,-90],[61,-69],[48,-43],[41,-91],[27,-91],[-19,-29],[-74,-11],[-59,-34],[-21,-32],[-35,-19],[-19,-33],[-42,-28],[-10,-60],[-55,-95],[43,-31],[27,20],[42,58],[28,11],[33,-12],[34,-52],[46,-110],[64,-40],[18,-48],[-75,-125],[-66,-24],[2,-52],[121,110],[14,-19],[-17,-159],[9,-37],[-26,-24],[-26,20],[-35,2],[-7,43],[-31,-50],[7,-44],[33,5],[16,-43],[-3,-101],[-17,-50],[-26,-34],[26,-90],[13,-68],[-66,-17],[-32,-62],[-14,62],[-25,19],[-7,-62],[-29,-58],[-12,-58],[-35,-16],[-7,-60],[-38,-104],[-19,-28],[22,-38],[-15,-57],[-20,12],[-8,-101],[-43,-51],[-20,7],[-12,-93],[-30,0],[-27,-44],[28,-21],[-13,-75],[-36,75],[-16,-54],[-42,38],[-39,15],[-8,-89],[32,1],[23,-34],[16,-48],[-35,3],[-9,-52],[24,-14],[21,50],[15,-32],[-26,-33],[-29,-8],[-58,-149],[-71,52],[14,-60],[27,-13],[25,12],[34,43],[35,-39],[-22,-40],[-6,-99],[-36,-30],[27,-35],[23,-85],[-43,-11],[5,52],[-37,23],[-16,41],[-18,-61],[-35,-37],[48,-41],[15,-41],[-15,-27],[-30,-6],[-9,22],[-41,1],[-30,-91],[28,-14],[4,-29],[-75,-55],[8,-62],[-47,-75],[-38,31],[-21,-25],[-59,19],[-23,-22],[-15,-90],[27,-27],[10,-39],[-37,-35],[-12,10],[-14,-92],[-27,-13],[-56,-56],[-12,15],[-20,-66],[-46,-13],[-8,-53],[-50,-45],[-14,47],[-29,-11],[-16,-56],[3,-37],[-32,-62],[-5,-34],[-53,-74],[8,-46],[-18,-39],[-31,-5],[-22,17],[-34,-50],[-25,2],[-32,-31],[-40,1],[-42,43],[-18,-7],[-17,-69],[-40,-23],[-11,47],[-23,23],[-49,-20],[-53,-97],[-33,4],[3,70],[-10,21],[-41,-29],[-11,-23],[4,-60],[21,-26],[-27,-31],[-10,47],[-22,33],[-45,-28]],[[78926,56150],[-39,-14]],[[78887,56136],[-35,-2],[-17,-36],[-31,110],[-8,44],[-22,18],[-13,98],[-21,35],[-16,-73],[-29,-18],[34,-53],[-15,-18],[43,-82],[-14,-68],[11,-100],[-28,-41],[-48,14],[-20,-70],[-19,-9],[-35,59],[0,-91],[-19,-43],[-21,0],[-14,45],[-49,-58],[-10,-37],[-44,27],[-21,-48],[-32,-13],[-19,54],[-49,-26],[-81,-79],[-16,-37],[-52,2],[-36,-18],[-26,17],[-90,-74],[-21,10],[-31,-47],[-11,-40],[-41,-6],[-17,80],[-15,-45],[8,-63],[-33,-36],[-30,-52],[0,-68],[61,-11],[-13,-50],[19,-70],[19,-9],[15,-45],[-36,-88],[-32,-24],[-41,-3],[-27,27],[-3,58],[-52,49],[-20,57],[7,95],[-23,7],[-7,46],[13,65],[-11,33],[28,46],[9,70],[26,17],[4,50],[-56,-4],[-37,50],[-11,-45],[-25,-19],[-33,2],[-27,-20],[-44,9],[25,37],[-2,46],[-19,17],[-26,-15],[-30,39],[-28,-17],[-49,81],[-4,45],[-25,-20],[12,-86],[-16,-16],[-84,-38],[-38,-48]],[[77253,55616],[-37,57],[-29,28],[-36,-25],[-71,-4],[-20,60],[-27,-2],[-28,40],[-12,49],[-42,37],[-39,20],[-13,42],[-2,66],[-13,49],[-16,5],[-8,48],[11,73],[30,2],[15,58],[-1,52],[-17,34],[-48,29],[-47,-36],[-22,5],[-8,42],[-54,14],[-39,-35],[-44,69],[-38,8],[-9,54],[-23,50],[-26,25],[-31,-27],[-42,-16],[-31,-36],[-20,2],[-20,-39],[8,-66],[-26,-57],[-18,-14],[-29,12],[-58,-74],[-24,21],[-10,48],[-37,-21],[-13,-32],[-11,-96],[-32,24],[-58,112],[-16,-16],[-10,-63],[-21,-25],[-19,73],[-25,25],[-15,-54],[-30,-36],[0,-34],[-41,-50],[-26,24],[-13,49],[-40,43],[-43,12],[-25,35],[-17,-75],[-34,-60],[-9,-42],[-26,-6]],[[75678,56071],[-28,24],[-53,-20],[-28,42],[-16,-22],[-13,-81],[-24,-28],[24,-130],[18,-18],[21,-62],[-6,-45],[17,-64],[-15,-17],[-4,-125],[27,-35],[-18,-45],[-18,1],[-28,39],[-24,10],[-59,-35],[-17,36],[6,59],[-17,20],[-3,74]],[[75420,55649],[4,30],[-28,75],[-73,-68],[-25,-55],[-22,-24],[-44,-7],[-35,35],[-38,-48],[-26,50],[7,50],[-9,28],[-35,18],[-8,65],[12,56],[-6,41],[-33,-14],[-22,25],[-80,28],[-20,-12],[-53,16],[0,36],[31,104],[20,41],[-1,57],[-12,55],[28,69],[4,40],[28,6],[-15,58],[-34,27],[-36,-31],[-38,22],[-13,29],[-45,10],[14,59],[-9,74],[-26,43],[21,36],[-22,82],[-30,14],[0,86],[51,57],[3,29],[-75,-33],[-22,22],[-47,-10],[-40,9],[-78,-48],[-68,-79],[-32,39],[51,91],[3,76],[-21,81],[-32,-4],[4,157],[35,42],[22,-2],[-12,67],[9,65],[23,85],[18,-28],[42,53],[17,39],[-3,52],[14,60],[34,-31],[15,8],[34,113],[13,22],[27,-19],[22,39],[-29,52],[-10,61],[43,35],[-13,68],[16,49],[10,107],[-1,74],[-10,45],[0,66],[-11,90],[9,64],[-8,41],[1,96],[-75,49],[-4,-60],[-24,-10],[-24,95],[-8,86],[-19,37],[4,84],[-60,107],[-42,13],[-11,53],[-46,21],[-22,-74],[-2,-48],[-31,-34]],[[72864,58792],[-2,49],[-55,22],[-40,39],[-25,-8],[-22,-43],[-32,5],[-17,26],[-61,27],[-56,-8],[30,81],[-87,51],[-51,5],[-56,-25],[-29,-56],[-52,-24],[-31,-52],[-29,-81],[-30,-30],[-26,-91],[-21,-9],[-21,-45],[-6,-42],[13,-51],[-28,-8]],[[71922,58796],[-78,23],[-19,-43],[-60,8],[-39,-16],[-62,11],[-34,56],[-37,8],[-33,28],[-29,48],[-31,-7],[-13,-78],[-16,-13],[-63,46],[-12,76],[-24,-39],[12,-75],[-36,-21],[-35,137],[-25,22],[-21,51],[-17,-27],[-49,23],[-46,-15],[-48,25],[-1,59],[25,73],[-31,28],[-36,-51],[-32,5],[-33,29],[-19,47],[-42,18],[-26,63],[-32,19],[-1,63],[-26,59],[-9,51],[-41,23],[-61,-29],[-17,-37],[-37,16],[-51,146],[-45,70],[-34,-2],[-36,34],[-17,-15],[-58,90],[-21,42],[-39,40],[-67,33],[3,56],[-17,16],[-1,58],[-84,14],[-50,28],[-29,-41],[-26,21],[-8,-100],[-21,-21],[-22,-64],[-26,7],[-28,89]],[[78063,54717],[-36,-72],[-15,7],[-17,-61],[-16,-7],[-29,-120],[-7,-61],[-26,-86],[1,-52],[-12,-49],[-42,-6],[-45,-64],[-13,-75],[-37,14],[-45,-11],[-19,-75],[-29,-26],[-35,48],[-59,8],[-15,-9],[-19,41],[-24,-1],[-55,60],[-27,9],[-1,107],[-17,58],[7,42],[-11,90],[13,28],[-8,64],[16,47],[21,7],[46,60],[20,44],[37,24],[3,77],[37,58],[43,-43],[17,14],[0,44],[51,30],[24,-30],[20,17],[35,-14],[21,11],[18,44],[28,-17],[32,24],[53,-51],[-3,50],[19,15],[40,-49],[39,-8],[21,-155]],[[77939,55392],[-8,-32],[-73,27],[38,34],[5,-24],[38,-5]],[[77957,55469],[-20,-43],[-14,51],[34,-8]],[[79962,57147],[24,-10],[-12,-53],[-17,12],[5,51]],[[80433,57636],[-33,-61],[-7,48],[21,71],[19,-58]],[[81099,59875],[-10,-45],[-29,30],[-46,19],[-10,58],[30,0],[54,-40],[11,-22]],[[80969,60665],[36,-33],[0,-32],[-34,-19],[-144,108],[-37,64],[23,29],[57,-36],[50,-59],[49,-22]],[[57472,60467],[27,39],[4,52],[51,73],[-20,22]],[[57534,60653],[34,91],[28,93],[34,164],[28,221],[1,45],[22,6],[14,40],[6,91]],[[57701,61404],[48,6],[13,-22],[40,15],[19,97],[14,-18],[58,81]],[[57893,61563],[-4,-79],[15,-129],[7,-23],[-35,-100]],[[57876,61232],[-52,-50],[5,-73],[-5,-56]],[[57824,61053],[-42,15],[-3,40],[-50,24],[-39,-40],[-28,-138],[20,-162],[38,-27],[-7,-35],[-47,-54],[-28,-116],[16,-26],[79,18],[45,53],[18,2]],[[57796,60607],[-17,-116],[12,-77],[-15,-70],[-48,-173],[-17,-93],[5,-42],[-9,-65],[5,-31],[-16,-60],[-10,-96],[-25,-141]],[[57661,59643],[-18,-34]],[[57643,59609],[-11,39],[-6,86],[-24,132],[-36,169],[-18,28],[-14,125],[-41,171],[-21,108]],[[57472,60467],[-13,52]],[[57459,60519],[75,134]],[[57824,61053],[3,-74],[-14,-89],[1,-69],[9,-77],[-21,-62],[-6,-75]],[[57701,61404],[19,41],[26,143],[21,28],[34,145],[-2,49],[29,7],[19,101],[-6,41],[48,128],[48,40],[-4,56]],[[57933,62183],[79,-12],[32,-36],[40,-70],[-4,-26],[23,-81],[-31,-55],[-26,-22],[-33,-67],[12,-19],[-70,-28],[-35,-88],[25,-16],[-25,-73],[-27,-27]],[[57424,49614],[7,112],[33,173],[22,44],[6,77],[-13,110],[1,38],[42,115],[40,42],[44,-68],[24,-7],[25,58],[-5,59],[18,95],[-9,60],[34,137],[-7,111],[11,33],[34,29],[27,63],[10,62],[71,214],[30,49],[106,24],[5,55],[-8,51],[32,213],[40,104],[20,125],[-5,85],[24,136]],[[58083,52013],[59,34],[87,-23],[13,67],[46,19],[27,-54],[22,-75],[24,-41],[88,380],[31,-77],[29,-22],[30,-1],[26,-87],[27,-44],[49,10],[69,29],[56,71],[23,-38],[13,-60],[16,23],[26,-2],[33,21],[75,-10],[39,-40],[51,21],[47,-31],[38,-65],[45,-40],[31,-10],[35,-34],[56,-116],[40,-128],[91,-111],[49,-73],[28,-67],[35,-118],[51,-52],[65,-153]],[[59653,51116],[-25,-72],[-51,-125],[-43,-121],[-35,-46],[-15,-99],[10,-139],[3,-144],[42,-15],[30,21],[87,12],[24,26],[36,16],[31,-13],[11,-34],[41,1]],[[59799,50384],[-8,-39],[-20,-24],[-32,-107],[-14,-13],[12,-53],[22,-50],[16,-108],[33,-46],[29,-97],[32,-19],[13,-96],[37,-73],[13,-66],[34,-38],[20,0],[97,-164],[11,-11],[140,-85],[260,-159],[157,-98],[220,-137],[16,-14],[268,0]],[[61155,48887],[-183,-328],[-234,-421],[-131,-249],[-173,-351],[-94,-191],[-8,-6],[-253,28],[-118,-56],[-110,-97],[-42,-65],[-25,-95],[-21,-21],[-132,-42],[-44,0],[-57,-65],[-10,-47]],[[59520,46881],[-13,-13],[-37,23],[-72,-24],[-58,-6],[-27,13],[-29,62],[-32,35],[-33,64],[-17,-21],[-85,-61],[-143,-126],[-28,-104],[-46,-81],[-10,-46],[-27,29],[-68,7],[-31,25],[-46,-7],[-63,40],[-44,15],[-29,-13],[-77,8],[-33,56],[-232,278],[-26,44],[-46,30],[-60,6],[-92,-3],[-64,3],[-28,39],[-4,49]],[[57920,47202],[-36,72],[-9,45],[1,104],[14,51],[-1,76],[-39,34],[-16,-8],[-45,29],[-30,-39],[-18,38],[2,43],[-43,55],[-6,39],[-25,70],[-9,120],[-28,84],[-4,52],[-13,44],[-13,98],[-27,46],[-29,11],[-6,68],[-17,23],[-38,17],[-27,47],[-1,33],[-44,63],[-6,77],[-34,63],[-19,12],[-25,48],[-39,14],[-29,32],[-28,-15],[-31,31],[-52,10],[-16,58],[58,161],[-12,32],[3,50],[21,27],[30,-12],[64,15],[25,-46],[74,36],[27,44],[11,47],[-11,413]],[[57920,47202],[-37,0],[-22,-15],[-24,15],[-24,80],[13,62],[-47,11],[5,52],[-45,-24],[-155,-109],[-77,-72],[-108,-200]],[[57399,47002],[-119,-222],[-23,-15],[-68,7],[-48,60],[-70,-54],[-103,-19],[-49,-56],[-4,-49],[-22,2],[-16,30],[-24,3],[-7,44],[-36,68],[-31,-55],[-43,-23],[-57,57],[-41,6],[-53,-53],[-28,-95]],[[56557,46638],[0,37],[-39,34],[-32,-15],[-10,120],[-53,43],[-36,11],[-22,76],[-18,10],[-36,67],[-11,43],[-28,31],[0,59],[-42,59],[-34,13],[-51,-140],[-35,-20],[-50,74],[-46,-9],[-16,38],[-56,-91],[-17,-6],[-21,-41],[-27,38],[-34,-3],[-45,76],[1,25],[-47,5],[-18,18],[-1,70],[-22,31],[-12,46],[-24,5],[-31,56],[2,29]],[[55646,47427],[-38,67],[-17,59],[-5,59],[11,54],[-24,85],[-38,35],[-13,34],[-43,18],[-4,31],[-27,26],[-47,17],[-21,118],[-43,54],[-4,45],[27,87],[-38,34],[-41,61],[-15,77],[-15,3],[-46,51],[-3,19],[-52,34],[-63,62],[-11,40],[-34,42],[-7,40],[31,39],[-4,59],[-13,43],[-34,11],[-37,56],[-9,45],[-23,39],[-59,26],[-27,-5],[-22,32],[-26,-13],[-30,16],[-24,32],[1,48],[29,66],[-20,59]],[[54768,49232],[56,77],[48,22],[2,63],[26,84],[5,95],[31,80],[-1,132],[49,85],[14,68],[-3,32],[18,62],[106,25],[40,22],[58,15],[14,-36],[1,-77],[31,-38],[23,-63],[21,-15],[101,-218],[37,-22],[104,65],[69,3],[149,-9],[28,-105],[13,-27],[214,-3],[-4,51],[48,88],[65,54],[62,25],[35,76],[1,72],[23,28],[83,78],[127,-149],[71,-118],[111,14],[19,14],[115,211],[54,128],[21,92],[126,197],[6,28],[-19,67],[-5,85],[4,81],[-4,68],[-71,145],[179,1],[-4,106],[128,-2],[-17,-138],[-4,-124],[-13,-51],[27,-369],[-9,-56],[59,-40],[26,-54],[117,-175],[17,-72],[1,-105],[-18,-63],[-7,-84],[6,-44],[46,0]],[[61155,48887],[96,272],[161,453],[0,337],[0,560]],[[61412,50509],[81,26],[76,46],[14,33],[74,3],[22,24],[37,-2],[53,40],[45,50],[20,41],[17,74],[60,34],[46,-28],[16,-24],[71,-26],[-12,-90],[-34,-73],[-11,-82],[1,-76],[24,-15],[-16,-83],[6,-157],[-9,-91],[24,27],[27,-35],[27,0],[-7,-56],[-34,29],[-41,-9],[-43,-40],[-12,-113],[4,-38],[-25,-199],[9,-84],[-19,-69],[-25,-30],[-7,-74],[-12,-36],[-29,-43],[-20,-47],[-9,-62],[-17,-46],[-9,-77],[-36,-83],[-27,-95],[-34,-39],[-24,-44],[-10,-68],[4,-44],[-62,-212],[-59,-144],[-32,-107],[-13,-68],[-33,-129],[3,-54],[-14,-82],[-50,-159],[-41,-118],[-13,-54],[-27,-52],[-26,-83],[-32,-65],[-34,-85],[-40,-147],[-28,-78],[-100,-198],[-24,-62],[-127,-247],[-48,-104],[-56,-104],[-37,-58],[-68,-120],[-56,-114],[-54,-65],[-159,-170],[-62,-51],[-121,-153],[-109,-164],[-57,-110],[-40,-44],[-84,-150],[-49,-103],[-53,-95],[-85,-176],[-33,-50],[-107,-228],[-16,-45],[-29,-43],[-65,-181],[-1,-18],[-49,-151],[-32,-66]],[[59426,44051],[-3,62],[-146,350],[-3,433],[0,312],[0,561],[-1,532],[4,14],[98,179],[145,387]],[[59426,44051],[-62,-129],[-28,6],[-46,-50],[-33,-18],[5,-69],[-23,-14],[-14,-41],[12,-23],[-57,-89],[-25,14],[-36,-18],[-39,-48],[-19,-53],[-3,-85],[17,-30],[-29,-95],[3,-34],[-44,-73],[-31,-113],[5,-35],[-22,-111],[-31,-85],[-23,-95],[-9,-62],[-51,-115],[-26,13],[-20,-35]],[[58797,42564],[-183,245],[-198,265],[-13,57],[-33,14],[-2,54],[29,45],[-14,134],[-253,262],[-230,239],[-115,120],[-231,239],[-135,140],[-40,19]],[[57379,44397],[-2,170],[15,253],[-16,132],[53,129],[-4,27],[15,75],[39,54],[8,44],[22,23],[32,143],[47,54],[31,11],[-5,78],[16,24],[12,58],[25,61],[-3,213],[-27,122],[16,65],[-13,57],[-15,3],[-24,128],[-24,3],[-18,43],[-8,76],[-30,42],[-14,141],[14,30],[2,71],[-28,33],[-15,-12],[-31,88],[-28,61],[2,40],[-24,65]],[[57664,39124],[-84,2],[-12,-11],[-1,-71],[-11,-49],[-49,-136],[-7,-47],[38,-244],[14,-235],[-1,-83],[26,-83],[41,-4],[27,-18],[51,-84],[99,-216],[18,-63],[89,-202],[3,-104],[11,-5],[-32,-154],[15,-111],[-12,-293],[-27,-51],[-45,-17],[-41,0],[-31,-65],[2,-42],[-14,-64],[-22,-27],[11,-43],[28,-38],[-1,-127],[8,-74],[-19,-16],[-41,6],[-12,44],[21,38],[-5,71],[-25,1],[-73,143],[-20,19],[-35,95],[-21,3],[-17,54],[1,74],[-42,74],[4,47],[42,74],[2,82],[43,105],[-6,107],[10,36],[-21,142],[-1,62],[-43,94],[-71,-34],[-7,-20],[-44,4],[-31,-21],[-14,20],[-31,-17],[-45,71],[-22,78],[-17,34],[-3,48],[-21,23]],[[57191,37906],[-13,39],[-28,-30],[-51,94],[-26,15],[12,39],[-23,63],[25,23],[16,42],[12,74],[20,52],[-7,37],[10,112],[-17,61],[22,78],[62,41],[32,6],[39,74],[-16,26],[-35,10],[-20,113],[16,87],[-3,144],[-24,23],[4,73],[44,126],[-24,65],[-6,60],[10,48],[49,24],[20,56],[27,40],[-39,129],[1,43],[-36,57],[-22,18],[-2,34],[15,57],[-8,38],[-32,48],[-11,62],[-23,-21],[-31,22],[5,49],[-20,47]],[[57115,40204],[20,8],[30,-48],[18,-11],[34,9],[28,-56],[89,10],[35,-42],[23,-2],[-2,61],[18,36],[25,-26],[49,-89],[53,-118],[27,-177],[-6,-55],[5,-64],[24,-100],[-7,-87],[-14,-51],[8,-52],[24,-41],[13,-67],[34,-19],[20,-62],[1,-37]],[[58797,42564],[5,-97],[-21,-23],[2,-92],[-17,-42],[-20,-139],[-26,-89],[-19,-86],[-14,-107],[21,-66],[-1,-93],[30,-62],[20,2],[46,-86],[22,-86],[46,-22],[23,-68],[-1,-62],[-32,-37],[-33,-127],[-8,-74],[6,-46],[39,-72],[-6,-35],[9,-54],[-29,-123],[-18,-26],[6,-98],[16,-52],[0,-42],[21,-30],[-8,-58],[22,-34],[0,-70],[25,-13],[16,-42],[2,-127],[27,-152],[11,-32],[-4,-58],[36,-52],[20,-53],[66,-30],[28,-74],[30,1],[-3,-64]],[[59132,39672],[-23,-43],[-27,-25],[-24,-47],[-41,-53],[-67,-66],[-74,-28],[-53,-77],[-20,-10],[-23,17],[-62,-14],[-36,-47],[-29,-7],[-43,-68],[-39,27],[-24,41],[-50,10],[-53,-31],[-24,-120],[-37,-38],[-38,-19],[-21,-25],[-25,21],[-29,-6],[-32,18],[-16,31],[-61,11],[-19,-47],[-50,-32],[-18,25],[-79,-10],[-9,61],[-39,37],[-22,35],[-30,11],[-35,-41],[-11,-42],[-185,3]],[[57115,40204],[-43,34],[-12,27],[-53,14],[-15,45],[-21,17],[-46,3],[-21,32],[-58,20],[5,45],[-40,20],[-30,-10],[-32,52],[-4,52],[-50,59],[-25,-19],[-14,22],[-24,-18],[-43,33],[-35,81],[-20,97]],[[56534,40810],[-26,133],[-58,165],[-19,143],[-36,126],[-39,83],[-58,68],[-36,51],[-28,102],[-29,87],[-14,135],[34,110],[-2,81],[-26,114],[-11,80],[-21,71],[-14,84],[-1,42],[21,124],[1,69]],[[56172,42678],[87,-6],[19,48],[27,9],[28,37],[13,46],[26,47],[16,78],[28,70],[18,0],[0,52],[24,86],[38,34],[8,56],[42,29],[9,51],[-30,91],[-46,44],[-15,-20],[-21,45],[10,55],[-9,48],[37,122]],[[56481,43700],[32,24],[22,-14],[21,17],[14,131],[-15,61],[0,183],[-26,59],[1,35],[-49,44],[-23,125]],[[56458,44365],[45,-3],[37,44],[14,-9],[165,0],[245,0],[246,0],[169,0]],[[58986,41087],[0,-58],[-19,-80],[-47,-39],[-7,27],[25,63],[22,10],[26,77]],[[58892,41744],[7,-50],[-16,-21],[-36,50],[-16,55],[-14,-25],[-23,72],[9,22],[-6,100],[45,55],[-1,-46],[28,-150],[18,11],[5,-73]],[[58919,42197],[7,55],[18,31],[1,39],[-17,108],[17,16],[17,-23],[14,-134],[-16,-89],[-41,-3]],[[57933,62183],[-27,137],[5,92],[20,44],[-12,45],[-2,69],[-35,57],[-1,67],[17,34],[-7,46],[27,41]],[[57918,62815],[61,-49],[15,66],[43,35],[1,80],[37,23],[45,1],[-21,47],[-14,85],[18,126],[15,40],[82,-37],[14,-55],[61,8],[54,-12],[56,49],[45,14],[99,72],[27,-2],[64,-34],[36,-57],[35,-16],[64,7],[55,-20],[141,41],[114,70],[55,55],[85,53],[50,11],[82,-28],[74,5],[142,50],[46,65],[47,-40],[1,-58]],[[59647,63410],[-21,-58],[-117,-187],[-14,-15],[-101,-31],[-37,-86],[-10,-155],[28,-93],[5,-101],[-27,-80],[-19,-156],[4,-181],[-3,-25],[-56,-170],[-14,-21],[-65,-27],[-218,-203],[-296,-276]],[[58686,61545],[-193,-188],[-172,-173],[-160,-165],[-120,35],[-52,70],[-29,-5],[-47,98],[-37,15]],[[59799,50384],[85,244]],[[59884,50628],[58,-68],[8,-56],[26,-52],[20,-73],[46,-92],[119,-173],[31,-30],[53,-7],[44,22],[56,-6],[11,23],[67,70],[23,35],[40,7],[27,40],[58,55],[47,-38],[33,-15],[28,13],[35,-43],[30,-8],[57,30],[59,69],[34,23],[47,71],[50,46],[41,7],[42,-39],[24,11],[48,-3],[58,10],[15,33],[33,32],[84,28],[76,-41]],[[33634,46058],[26,11],[43,79],[20,85],[19,49],[13,97],[-7,104],[50,138],[4,78],[-16,14],[-21,74],[-16,13],[-45,126],[4,43],[-19,28],[2,52],[-13,85],[8,40],[-4,73],[-11,23],[-1,78],[14,70],[43,108],[26,39]],[[33753,47565],[30,44],[31,154],[45,-15],[70,-67],[57,-22],[14,6],[45,-38],[24,-7],[57,-70],[8,-25],[94,-146],[27,-15],[16,-44],[39,-49],[44,-84],[9,37],[26,-26],[23,-139],[17,-71],[-8,-76]],[[34421,46912],[-27,-29],[-14,-56],[-41,-82],[-7,-42],[-57,-179],[-20,-18],[-16,-46],[2,-37],[-59,-209],[5,-33],[-41,-107],[-46,-49],[-22,-43],[-27,6],[-46,32],[-30,49],[-35,-47],[-15,-4],[-58,36],[-32,-7],[-21,-41],[-33,-17],[-18,-39],[-92,52],[-37,56]],[[48961,70383],[23,-63],[3,-72],[45,-47],[96,23],[34,-121],[51,-4],[49,-36],[30,-50],[72,-4],[36,-63],[-8,-33],[22,-43],[-19,-42],[79,-21],[60,28],[6,47],[29,35],[20,-35],[-20,-55],[15,-21],[1,-68],[38,-2],[54,-54],[57,-40],[20,-53],[45,24],[39,-3]],[[49838,69610],[45,-48],[47,27],[57,-20]],[[49987,69569],[40,-10],[62,-140],[31,28],[45,-15],[39,-33],[30,-5],[33,32],[69,-67],[76,0],[69,-35],[-23,-72],[-36,-32],[-42,-71],[-20,-104],[4,-25],[-48,-130],[12,-46],[-25,-110],[-1,-56],[17,-43]],[[50319,68635],[-55,-76],[-36,-7],[-38,39],[-55,-50],[39,-27],[-24,-48],[-56,-70],[-22,-42],[-59,-38],[-4,-92],[-80,-82],[-18,-62],[20,-56],[-13,-56],[-35,-17],[6,-36],[43,5],[37,45],[-18,37],[24,40],[49,27],[75,-10],[-4,-42],[21,-38],[-14,-67],[21,-6],[45,-98]],[[50168,67808],[-14,-28],[-45,-22],[-2,-54],[45,-38],[6,-65],[47,-50],[-26,-96],[-28,-4],[-31,-40],[-28,14],[-36,-27],[32,-45],[1,-43],[37,-36],[32,-4],[9,-54],[-48,-118],[21,-33],[-14,-32],[45,-65],[93,-60],[66,29],[18,-48],[-17,-45],[-41,-64],[7,-36]],[[50297,66744],[-17,-25]],[[50280,66719],[-9,10],[-11,-20]],[[50260,66709],[-57,-34],[-17,-43],[-30,-11],[-22,-59],[-44,-10],[-14,-103],[-175,-62],[-67,27],[-64,38],[-51,4],[-2,59],[-74,-3],[-2,47],[42,18],[-51,47],[1,-68],[-26,12],[-29,-47],[-69,12],[-14,43],[-82,2],[-27,46],[-45,-10],[-53,-60],[-32,-19],[-29,-46],[-34,1],[-38,-32],[-35,-57],[-20,-81],[3,-194],[23,-15],[12,-46]],[[49138,66065],[-67,19],[-78,-49],[-47,-16],[-51,44],[-37,-6],[-23,-32],[-33,42],[-60,33]],[[48742,66100],[4,54],[-68,15],[-10,-23]],[[48668,66146],[-30,59],[-49,2],[-18,30],[-39,4],[-29,23],[-42,4],[2,-62],[-15,-13],[-90,-10],[-28,29],[-56,-21],[-33,47],[-39,26],[-68,-29],[-45,52],[-8,35],[-60,5],[-78,45],[-43,-6],[8,104],[-42,20],[-50,3],[-13,48]],[[47803,66541],[36,7],[49,90],[35,219],[27,242],[16,80],[33,26],[-27,31],[-18,-36],[9,206],[11,79],[5,105],[21,19],[39,-38],[20,32],[-95,97],[-10,41],[43,56],[6,67],[-35,95],[-87,95],[-25,3],[-56,39],[-14,66],[-70,92],[5,55],[29,61],[-77,97],[-34,20],[-40,48],[21,16],[-7,55],[-64,13],[-4,44],[-85,-32],[-73,73],[-31,-7],[-17,32],[-88,14],[-11,27],[-54,10],[-35,-36],[-33,30],[-23,56],[-67,46],[86,24],[16,41],[-41,26],[35,57],[-27,20],[-52,-28],[-44,14],[5,72],[54,55],[59,24],[99,27],[7,-31],[58,24],[32,-18],[27,80],[38,-10],[75,24],[4,-21],[67,-85],[4,-30],[47,-30],[87,74],[25,-41],[65,43],[36,11],[1,-44],[70,9],[7,52],[-15,234],[-28,61],[-29,29],[-17,67],[4,66],[15,14],[58,-19],[55,30],[43,-36],[-20,-41],[49,-106],[14,25],[67,-17],[110,-10],[52,-31],[78,40],[49,52],[-47,39],[24,74],[18,19],[118,73],[23,0],[110,43],[59,57],[35,69],[14,115],[1,212],[41,37],[65,32],[147,40]],[[31972,52112],[-52,7],[-10,44],[-31,51],[-19,77],[16,28],[45,-33],[18,-61],[23,-46],[10,-67]],[[31869,52845],[-12,-25],[-25,25],[17,39],[20,-39]],[[31773,53022],[-7,-32],[6,-68],[-11,-45],[-26,-23],[-20,69],[-7,81],[20,50],[45,-32]],[[31775,53021],[12,34],[-9,48],[20,31],[18,-61],[55,-62],[-85,-26],[-11,36]],[[63249,34370],[18,-27],[-9,-84],[-30,-21],[-41,2],[-54,44],[-34,113],[20,72],[29,21],[45,-6],[34,-37],[22,-77]],[[60409,38550],[4,-64],[-22,-68],[-12,114],[30,18]],[[50582,65953],[31,33],[-18,39],[15,79],[39,45],[55,25],[23,38],[64,11],[-10,45],[31,89],[17,-92],[-8,-113],[19,-21],[9,-135],[-2,-90],[-40,-80],[-1,-123],[-16,-68],[-35,-64],[-74,24],[-42,51],[33,52],[-55,16],[30,89],[-38,54],[19,14],[-46,65],[0,17]],[[33634,46058],[-24,-1],[1,60],[-48,1],[-37,72],[-25,-32],[-16,16],[-22,-31],[-27,-1],[-12,-32],[-56,2],[-31,-19],[-16,24],[-55,38],[-7,-61],[-28,-33],[23,-84],[29,-51],[2,-70],[-28,-44],[-93,48],[-31,6]],[[33133,45866],[-26,37],[-34,7],[-25,68],[-7,48],[-16,21],[-12,66],[-17,34],[-9,71],[-39,86],[-17,75],[8,29],[-18,53],[-3,104],[-22,11],[-53,-8],[-25,23],[4,61],[-22,45],[-28,27],[-7,52],[-23,70],[-24,41],[-10,81],[28,65],[3,64],[31,120],[-22,90],[18,46],[35,34],[62,0],[47,18],[7,72],[28,6],[-38,78],[21,73]],[[32928,47634],[23,36],[10,130],[16,66],[29,30],[80,-16],[23,-19],[72,-24],[82,-41],[14,43],[27,40],[56,4],[81,-11],[31,-31],[20,37],[35,9],[65,-4],[81,-22],[116,-49],[14,-48],[-12,-38],[-12,-90],[-26,-71]],[[33133,45866],[-25,-18],[-17,16],[-45,-32],[-55,22],[-25,52],[-36,-37],[-27,11],[-24,-35],[-9,-42],[-26,-53],[-62,-2],[-30,-28],[-23,1],[-10,-67],[-33,1],[-10,24],[-39,13],[-22,-60],[-27,-17],[9,-52],[-10,-33],[-44,7],[-24,-40],[-34,8],[-8,33],[-22,22],[-62,25],[-21,47],[-68,127],[-29,19],[-22,77],[6,172],[-43,47],[-1,50],[-25,117],[1,82],[10,104],[35,158],[-3,113],[42,46],[41,115],[-36,74],[5,27],[-25,34],[0,42],[14,47],[-69,61],[-30,-6],[-29,37],[20,21],[14,90],[14,149],[-29,36],[-11,42],[-22,12],[-32,-37],[-33,-9],[-58,19],[-18,-6]],[[31991,47492],[-171,351],[29,101],[40,40],[-11,77],[6,41],[-18,86],[21,60],[52,8],[38,31],[19,-18],[27,43],[54,49],[29,48],[5,33],[-21,33],[-28,8],[-19,-31],[-26,48],[11,54],[-34,97],[34,55],[6,51],[21,42],[34,1],[39,70],[56,48],[7,54],[39,30],[9,30],[-55,135]],[[32184,49167],[24,-33],[33,-69],[14,28],[81,-84],[78,-91],[38,-64],[65,-134],[31,-39],[54,-136],[-6,-150],[-18,-32],[-16,-129],[12,-26],[28,92],[17,31],[34,-1],[25,-32],[30,2],[47,-62],[79,-134],[14,-60],[21,15],[48,-51],[33,-75],[8,-101],[-13,-75],[6,-47],[-23,-76]],[[82718,64165],[53,-167],[19,-72],[78,-171],[38,-61],[22,-87],[49,-111],[22,-127],[16,-128],[-13,-77],[5,-104],[-15,-43],[-1,-60],[14,-103],[29,35],[-12,-158],[-15,-56],[3,-62],[-26,-30],[1,-49],[-24,-19],[-20,-80],[-53,-40],[-127,14],[-23,-69],[-1,-61],[-57,47],[-43,-5],[-12,36],[-50,-27],[-23,8],[-28,-31],[36,-35],[-7,-46],[-30,-19],[-34,93],[-34,-62],[31,-74],[-49,-83],[-25,50],[18,87],[-38,-14],[-37,-40],[-5,-36],[-29,-59],[-20,15],[-48,-31],[-26,-49],[-15,29],[3,79],[-44,31],[-15,36],[6,54],[19,-1],[12,48],[-9,86],[20,25],[-23,60],[0,41],[40,153],[-12,32],[35,37],[36,85],[-33,23],[22,34],[-42,110],[10,43],[-20,57],[-20,93],[-59,49],[-19,31],[26,53],[29,-24],[62,83],[39,1],[11,27],[-26,103],[20,26],[-36,66],[2,55],[-20,103],[42,9],[-5,27]],[[82263,63768],[-1,55],[26,21],[71,137],[35,26],[59,6],[25,-11],[76,14],[13,-15],[64,5],[35,26],[26,48],[2,59],[24,26]],[[82337,61598],[-28,-84],[-99,-40],[-37,5],[-13,-19],[-30,34],[9,53],[28,44],[47,28],[82,22],[41,-43]],[[82186,62107],[-10,-44],[-36,-25],[-25,38],[42,51],[29,-20]],[[82639,62265],[-3,-53],[-51,7],[-11,73],[36,-31],[29,4]],[[82821,62292],[-35,-71],[-35,71],[55,59],[15,-59]],[[82235,63612],[-32,-47],[-24,23],[39,32],[17,-8]],[[82220,63653],[-26,2],[-11,92],[15,19],[26,-36],[-4,-77]],[[83299,66114],[45,-117]],[[83344,65997],[-22,-12],[-36,34],[-75,-83],[-1,-36],[-34,-11],[-29,-90],[-51,-70],[-22,-54],[-9,-93],[38,-48],[-24,-122],[11,-106],[-9,-38],[-39,3],[-98,-82],[-9,-53],[-26,-49],[-27,-6],[-31,-44],[-55,-26],[2,-59],[-80,-52],[-17,-32],[-37,-7],[-42,13],[-31,-42],[-4,-34],[-68,-31],[-27,-42],[-3,-48],[17,-27],[-25,-79],[-28,-33],[-1,-65],[21,-37],[85,-29],[22,-53],[44,-72],[21,-7],[32,-58],[19,14],[22,-66]],[[82263,63768],[-25,-25],[-48,57],[-89,-45],[-45,32],[-25,61],[-23,-18],[-29,-73],[-36,-37],[-34,3],[-13,79],[-38,-14],[-39,19],[34,96],[-34,-18],[-29,31],[-30,-13],[21,80],[3,48],[47,107],[54,50],[-33,67],[17,91],[23,83],[39,74],[-23,79],[-32,66],[-48,6],[-48,55],[-52,-46],[-24,51],[-8,46],[-32,7],[-18,55],[0,79]],[[43721,55583],[11,86],[1,94],[12,75],[28,99],[30,73],[50,19],[14,32],[10,66],[20,36],[4,74],[14,84],[31,37],[10,105],[45,164],[53,137],[1,86],[39,33],[48,98],[39,61],[34,74],[42,35],[29,61],[19,116],[-4,148],[18,116],[18,39],[25,129],[28,70],[7,104],[22,63],[30,21],[38,66],[29,5],[33,29],[82,93],[32,85],[26,159],[28,73],[34,180],[30,29],[25,86],[34,28],[49,13],[39,-1],[48,26],[73,21],[15,17],[140,101],[42,94],[16,19],[59,104],[76,64],[51,50],[33,51],[28,69],[22,27],[33,72],[24,86],[62,119],[45,143],[11,139],[-24,69],[-50,72],[18,52],[-4,176],[7,111],[-10,18],[42,116],[6,48],[81,147],[26,100],[-6,62],[12,60],[-3,53],[39,52],[31,57],[35,43],[64,122],[27,71],[20,-2],[56,70],[37,13],[63,47],[100,62],[72,75],[35,20],[46,52],[28,47],[42,120],[29,69],[72,231],[23,122],[49,187],[26,140],[88,21],[53,51],[16,-39],[5,-67],[19,-64],[49,-83],[80,-88],[106,-45],[111,49],[15,-18],[38,2],[24,35],[22,-27],[48,-18],[58,20],[41,38],[26,8],[9,-26],[2,-52],[92,-39],[39,27],[52,-30]],[[47688,62402],[8,-43],[109,-123],[-22,-80],[32,-51],[-16,-61],[17,-41],[19,-92],[-12,-103],[5,-63],[-10,-43],[21,-21],[13,-61],[-19,-76],[2,-66],[47,-88],[-16,-63],[37,-96],[26,-21],[75,-91],[-21,-50],[-25,-12],[-19,-121],[10,-34],[-339,25],[-114,-42],[30,-127],[-47,-10],[-58,-28],[-118,-35],[-4,-129],[-39,-35],[1,-49],[48,-62],[22,-70],[-28,-59],[4,-63],[-51,-42],[-86,-21],[-58,-38],[-30,-63],[-38,-49],[-67,-52],[-81,-101],[-26,-45],[-43,-122],[-28,-60],[-27,-14],[-22,14],[-10,46],[-65,-18],[-73,0],[-115,-31],[-22,-35],[-47,31],[-51,0],[-30,-21],[-24,-41],[-72,3],[-88,-107],[-33,-48],[-30,-22],[-54,-65],[-10,-26],[-62,-63],[-9,-30],[0,-501]],[[45955,58697],[-36,0],[12,-101],[-8,-50],[14,-84],[-11,-35],[-56,-16],[-55,5],[-55,-6],[-20,-19],[-67,-94],[-44,-5],[-35,30],[-59,-25],[-81,65],[-55,14],[-44,-5],[-126,-63],[20,-69],[-6,-56],[-35,-56],[-45,-112],[-22,-96],[-83,-36],[-38,-195],[-38,-264],[-32,-140],[-75,-100],[-75,-80],[-19,-34],[-45,-155],[-22,-55],[-123,-95],[-32,-49],[-35,-140],[-22,-155],[-19,-170],[-5,-154],[-8,-70],[-24,-60],[-35,-55],[-51,-109],[5,-55],[-16,-75],[-21,-50],[-24,-25],[-83,-5],[-84,5],[-77,20],[-78,5],[-40,-10],[-145,-5],[-76,-25]],[[45955,58697],[0,-188]],[[45955,58509],[1,-306],[0,-329],[-7,-9],[-158,0],[-243,0],[-324,0],[-163,0],[0,-528],[0,-415],[0,-304],[-32,-38],[-58,-48],[-72,-26],[-106,-126],[-28,-67],[-12,-65],[19,-129],[21,-579],[-268,0],[-265,0],[-339,-1],[-186,0],[-32,-228],[6,-54]],[[43709,55257],[-12,35],[24,291]],[[25833,50353],[3,1],[6,-1],[11,-17],[42,-203],[19,-59],[51,-124],[32,-63],[19,-19],[65,-151],[37,-13],[16,-29]],[[26134,49675],[-12,-45],[-56,58],[-9,-59],[-22,-24],[1,-188],[8,6],[43,-49],[8,-26],[-39,-42],[-16,-48],[20,-56],[4,-50],[-9,-45],[-49,-62],[29,-33],[15,-73],[-3,-33]],[[26047,48906],[0,35],[-19,58],[-48,73],[13,31],[-11,60],[-65,94],[-26,-13],[20,-62],[32,-36],[3,-57],[-19,-7],[-31,27],[-30,1],[-44,89],[29,55],[11,51],[-11,100],[-42,81],[-35,48],[-50,41],[-45,52],[-50,22],[-17,-3],[-26,29],[-16,58],[12,45],[-35,96],[-24,-5],[-64,103],[-40,-28],[26,-58],[49,-27],[26,-61],[-26,-48],[-50,-57],[-50,106],[-82,40],[-37,87],[-18,75],[-5,58],[14,74],[48,63],[-9,78],[-65,54],[8,30],[37,-3],[10,70]],[[25295,50425],[19,58],[188,-127],[12,3],[56,61],[126,-105],[4,-39],[46,3],[24,-35],[72,45],[-9,64]],[[25295,50425],[-22,16],[-10,40],[-28,59],[-63,87],[-22,43],[-25,20],[-43,74],[-52,132],[-29,97],[-73,85],[-14,35],[-60,80],[-29,62],[-51,64],[-6,55],[22,37],[32,-37],[8,-30],[33,29]],[[24863,51373],[61,7],[37,37],[10,85],[56,37],[-19,170],[2,45],[60,19],[35,-17],[26,14],[8,34],[50,99],[73,-98],[34,57],[72,86],[29,74],[35,14],[-4,48],[15,40],[33,51],[7,76],[26,38],[36,-6],[19,-65],[46,-7],[12,-21],[53,24],[70,46],[42,9],[110,103],[18,24],[35,-24],[35,7]],[[25985,52379],[-48,-43],[-28,-42],[31,-28],[29,-192],[-8,-68],[-35,-100],[-22,-46],[-16,-109],[-21,-225],[17,-192],[-9,-161],[15,-54],[-2,-36],[-30,7],[-5,78],[16,10],[5,103],[-27,-5],[15,-77],[-48,-43],[16,-105],[12,-40],[-13,-103],[-13,-51],[-20,-38],[13,-28],[23,18],[13,-119],[-29,-27],[-9,-57],[-20,-34],[8,-116],[23,-80],[15,-23]],[[53281,46632],[4,-77],[-8,-97],[-22,-32],[-37,-175],[-20,-64],[-19,-33],[-19,-91],[-28,-88],[3,-109],[-4,-41],[1,-154],[-16,-64],[-13,-115],[-26,-87],[11,-138],[-2,-79],[14,-54],[-3,-56],[-23,-60],[-26,-125],[-11,-93],[9,-164],[-91,-197],[-30,-51],[-73,-37],[-50,-83],[-55,-179],[-5,-54],[-25,-66],[-79,-134],[-14,-78],[13,-174],[-13,-124],[8,-239],[-25,-91],[-16,-38],[-46,-162],[-85,-46],[-29,-88],[-68,-62],[-29,-80],[-44,-74],[-27,-84],[-53,-44],[-31,31],[-33,-7],[3,90],[-15,54],[31,59],[-26,85],[-60,-56],[-33,-12],[-18,-38],[-21,0],[-23,33],[-22,-20],[3,-48],[-8,-65],[-32,-47],[-21,-7],[-27,-43],[-9,45],[-50,60],[-27,20]],[[51791,42585],[-45,77],[-13,39],[-25,6],[-41,-87],[-62,-27],[-12,-73],[-26,-19],[-13,18],[-15,-73],[-33,-53]],[[51506,42393],[-31,69],[-12,64],[-18,36],[7,52],[-31,57],[-78,120],[-12,55],[-65,87]],[[51266,42933],[26,120],[33,44],[21,11],[19,39],[23,-18],[21,-64],[46,-19],[21,44],[-19,37],[32,123],[-69,65],[5,61],[15,33],[-34,75],[-27,18],[20,59],[-14,164],[30,-1],[23,-31],[49,42],[33,-42],[107,42],[3,87],[-13,129],[20,-10],[23,45],[25,-8],[34,-38],[19,-73],[37,-111],[-6,-22],[39,-22],[14,6],[47,-32],[22,1],[40,50],[47,103],[25,-101],[-4,-50],[10,-33],[53,-6],[14,51],[25,37],[-20,32],[23,70],[4,76],[31,23],[7,36],[2,89],[-8,33],[29,108],[-13,19],[9,63],[-20,100],[18,83],[-2,53],[13,60],[-9,39],[-47,58],[-35,-10],[-10,77],[-17,21],[-61,27],[24,76],[-14,124],[20,77],[26,32],[9,62],[42,2],[26,39],[3,37],[29,61],[6,48],[-19,28],[-14,59],[-19,34],[-6,87],[-19,25],[-36,-2],[-17,20],[-51,9],[-10,-29],[-31,-10],[-27,-36],[-34,6],[-44,-37],[-3,103],[-30,82],[17,126],[-8,27],[12,47],[20,25],[4,58]],[[51851,45975],[261,-4],[40,-8],[32,14],[7,22],[38,-51],[33,-17],[12,15],[24,-46],[35,-13],[16,29],[22,-5],[31,-54],[36,26],[75,-33],[34,-58],[37,-21],[11,-48],[24,40],[-6,55],[-19,67],[10,107],[25,21]],[[52629,46013],[76,299],[-9,61],[12,55],[-7,44],[13,35],[15,119],[19,32],[46,-4],[11,19],[31,-13],[25,16],[73,26],[34,45],[45,-41],[49,-8],[12,-36],[61,13],[27,-43],[18,49],[71,8],[18,-57],[12,0]],[[56557,46638],[19,-48],[-28,-73],[-16,-105],[29,-71],[-31,-145],[-4,-81],[19,0],[21,-54],[30,31],[19,-52],[33,6],[3,-40],[21,-25],[-7,-60],[-58,-137],[-92,-138],[-55,-131],[-51,-32],[-13,-19],[-5,-59],[-20,-57],[-29,-12],[-29,-47],[-3,-83],[6,-60],[-29,-81],[-9,-82],[-23,-36],[-22,-270],[-8,-151],[3,-60],[-15,-27],[7,-158],[-1,-76]],[[56219,44205],[-39,-59],[-20,-2],[-30,-65],[-26,-79],[-6,-58],[6,-117],[-11,-43],[-34,-26],[-33,-65],[10,-79],[-1,-38],[33,-34]],[[56068,43540],[20,-102],[39,-60],[-6,-60],[7,-50],[-9,-34],[5,-127],[-3,-155],[34,-97],[9,-57],[8,-120]],[[56534,40810],[-240,-68],[-253,-71],[4,-104],[-10,-43],[-34,-83],[-45,-81],[-61,-70],[-1,-36],[40,-35],[29,-135],[12,-86],[-12,-65],[-1,-95],[-14,-39],[16,-38],[2,-111],[17,-62],[-36,-84],[-4,-46],[-20,-87],[-1,-74],[-9,-61],[-22,-49],[26,-167],[12,-38],[90,-117],[30,-57],[23,-85],[21,-8],[39,13],[11,-17],[55,-26],[6,30],[-21,29],[8,46],[25,25],[17,-12],[45,31],[0,-271],[0,-362],[-26,-17],[-27,41],[18,42],[-25,33],[-109,-104],[-13,24],[-34,-5],[-16,43],[-8,73],[-14,13],[-14,67],[-35,76],[-23,-19],[-29,76],[10,21],[-24,86],[-22,35],[-56,11],[-12,26],[-35,5],[-6,32],[-28,21],[-11,-18],[-41,2],[-31,56],[-14,89],[-13,40],[-50,56],[-15,120],[-45,-20],[-12,-130],[-25,-47],[-61,-11],[-42,13],[-20,24],[-31,-15],[-35,20],[-47,-1],[-38,55],[-34,-3],[-28,35],[-28,-23],[-9,30],[-35,35],[-14,55],[-5,69],[12,56],[-13,42],[-41,-29],[-49,-5],[-31,-25],[-41,-12],[-29,-51],[-32,-9],[-36,28],[22,64],[-3,79],[-24,35],[-45,3],[-3,62],[-39,24]],[[54714,39474],[-36,-78],[-52,12],[-39,20],[-33,-6],[-47,-48],[-49,-15],[-50,25],[-27,-22],[-51,29],[-18,-42],[-50,-57],[-32,192],[42,55],[-4,95],[-9,24],[11,67],[-30,119],[-11,99],[-43,61],[-39,95],[-17,112],[13,59],[0,92],[5,122],[7,32],[14,184],[-10,32],[-13,103],[-25,64],[3,104],[23,110],[-3,108],[-16,43],[-190,-1],[-149,-1],[1,72],[23,113],[-75,0],[-10,-43],[-207,0],[4,-33],[-13,-42],[-3,-81],[10,-82],[-24,-50],[-18,3],[6,-78],[-12,-68],[6,-68],[-156,0],[-10,35],[-59,0],[-3,-32],[-41,-9],[-48,8],[-20,-17],[-1,-38],[-31,2],[-22,28],[-30,-16],[-65,-2],[-2,35],[-28,49],[-3,36],[-36,72],[0,37],[-19,20],[-32,92],[-4,30],[-23,22],[-14,46],[-5,60],[13,35],[-13,63],[-25,30],[-18,60],[-10,69],[-1,190],[-32,63],[-2,69],[-22,19],[-28,-5],[-26,21],[-187,-6],[-245,-8],[-34,-11],[-90,7],[-27,13],[-32,-4],[-21,15],[-81,-12],[-70,5],[-10,-17],[-43,17]],[[51821,41976],[-40,-1],[-30,22],[-27,-8],[-28,-51],[1,-23],[-73,-37],[2,35],[-23,14],[-43,95]],[[51560,42022],[36,20],[44,-1],[6,281],[-23,54],[38,27],[25,38],[41,100],[53,23],[11,21]],[[53281,46632],[-9,116],[6,96],[8,40],[-7,93],[-22,68],[11,34],[38,2],[15,28],[14,63],[49,102],[20,72],[30,21],[11,30],[46,60],[83,2],[28,-19],[18,-47],[31,-14],[45,-48],[22,-41],[22,-12],[34,-85],[-3,-36],[40,-60],[72,22],[57,-33],[20,-38],[38,10],[16,-23],[48,-20],[26,25],[24,0],[38,-27],[38,1],[54,-46],[57,-8],[19,20],[31,94],[-6,43],[28,21],[26,116],[18,-6],[12,56],[23,1],[9,-38],[22,-19],[18,13],[26,-51],[33,-24],[16,36],[32,32],[67,48],[36,-1],[37,51],[20,-6],[53,77],[27,22],[40,-45],[15,-46],[33,-2],[45,35],[34,-18],[12,32],[48,7],[11,54],[-11,22],[15,63],[59,32],[40,-58],[38,-21],[26,5],[15,-19],[28,35],[43,-54],[27,-1],[19,-45],[80,15],[29,-26],[25,57],[41,25],[88,-65]],[[56805,70888],[34,-32],[55,2],[57,50],[8,73],[51,15],[53,-32],[54,-3],[72,61],[77,-5],[13,-35],[42,34],[31,-1],[68,-92],[3,-69],[44,-69],[41,-38],[-2,-54],[-67,-14],[41,-160],[0,-67],[35,13],[57,-14],[34,-30],[57,26],[37,-16],[6,-46],[59,-88],[28,-114],[-19,-32],[13,-61],[39,-62],[34,-16],[38,39],[72,-1],[44,-69],[35,12],[76,-23],[62,39],[76,12],[23,26],[40,5],[12,-42],[32,-25],[-2,-38],[37,-67],[50,-38],[22,-41],[45,10],[3,59],[33,0],[12,-34],[137,-63],[22,-31],[66,28],[15,-47],[89,-26],[14,-50],[48,-35],[46,30],[38,-6],[-20,-67],[32,-61],[-5,-44],[-50,-60],[-9,-39],[-64,-13],[21,-63],[37,-7],[-52,-67],[-19,-80],[47,-1],[31,-104],[-29,-34],[48,-17],[-41,-77],[-22,-143],[-99,-5],[-19,12],[-61,-7],[-58,14],[-28,-40],[-10,-51],[-46,-26],[-56,-9],[-25,-57],[-16,-101],[4,-94]],[[58536,68395],[-23,-14],[-72,13],[-29,-13],[-47,8],[-26,-27],[-39,-77],[-35,26],[-86,-65],[-15,-36],[-36,24],[-87,-36],[-23,-36],[-26,17],[-77,-9],[-35,-25],[-38,-51],[-32,-21],[-59,-82],[-21,59],[-37,-70],[-63,-32],[-7,-20],[16,-120],[35,-98]],[[57674,67710],[-57,37],[-2,48],[-25,37],[-60,-9],[-28,50],[-69,19],[-69,51],[-47,-12],[-12,-24]],[[57305,67907],[-26,-1],[-29,-35],[-35,42],[-102,-11],[-33,10],[-77,-29],[-64,26],[-6,33],[-34,10],[-39,68],[11,49],[27,32],[44,-21],[16,45],[-114,50],[-14,-16],[-49,12],[-52,-4],[-38,-22],[-41,14],[-52,-14],[-64,-43],[5,-59],[-75,-158],[-95,-130],[-46,10],[-4,-34],[-40,-17],[17,-33],[-32,-24],[-39,34],[-3,-66],[42,-48],[3,-71],[-27,-52]],[[56240,67454],[-2,65],[-22,24],[-66,24],[-95,-61],[-41,3],[-28,-50],[-102,48],[-17,59],[-18,10]],[[55849,67576],[19,30],[56,-10],[15,39],[-16,39],[27,52],[43,38],[6,62],[46,15],[4,56],[19,39],[-22,38],[3,98],[58,41],[33,-70],[51,18],[33,-35],[35,46],[32,-57],[63,17],[-23,62],[-22,10],[10,102],[-29,65],[-76,46],[11,50],[-19,38],[7,100],[-53,15],[-65,90],[33,111],[-31,110],[-47,-21],[-31,45],[-9,43],[-97,19],[-39,44],[-25,-13],[-39,55],[-34,9],[-47,56],[-67,10],[-43,-18],[-45,-37],[-40,18],[-22,-23],[-27,21],[-60,-67]],[[55425,68972],[-85,-24],[-4,-43],[-31,-66],[-112,-29],[-132,-18],[-38,-64],[-60,-30],[-28,47],[-35,25],[-27,43],[-36,6],[-53,-28],[-68,33],[-27,-14],[-26,26],[-58,9],[-54,-6],[-35,43],[-30,6],[-15,-42],[-33,-1],[-17,-29]],[[54421,68816],[-12,63],[-23,22],[-39,-8],[-32,71],[-33,0],[-23,80],[-37,1]],[[54222,69045],[5,90],[45,57],[34,135],[25,50]],[[54331,69377],[55,-13],[29,20],[-40,42],[5,99],[-22,80],[123,214],[90,118],[84,98],[62,7],[8,44],[26,23],[-8,76],[-29,67],[43,22],[-58,69],[-10,64],[-36,40],[-29,61],[17,33],[-24,56]],[[54617,70597],[-3,44],[41,20],[62,-29],[71,65],[39,81],[89,1],[124,34],[45,-14],[112,3],[84,-14],[25,-21],[62,-3],[10,-23],[60,-2],[50,-26],[87,-1],[20,-76],[60,14],[61,-27],[29,16],[69,-22],[38,47],[36,-63],[38,24],[31,-10],[27,-55],[26,45],[41,15],[24,32],[32,-12],[36,-114],[46,5],[40,50],[57,-27],[15,17],[71,10],[48,-48],[7,-42],[54,-30],[22,46],[-28,108],[10,73],[24,60],[75,100],[5,27],[47,1],[92,21],[77,-9]],[[54617,70597],[-18,45],[5,74],[32,119],[-11,45],[-65,58],[-49,16],[-12,28],[60,110],[48,38],[80,42],[15,36],[-8,205],[-30,59],[-51,170],[-29,163]],[[54584,71805],[43,-20],[74,25],[75,2],[48,-33],[40,36],[79,31],[9,63],[58,-7],[33,55],[96,-6],[-16,-37],[66,-5],[13,42],[-25,45],[-44,12],[31,87],[25,24],[-8,54],[20,97],[33,39],[62,10],[46,88],[72,-13],[51,90],[-87,19],[40,164]],[[55418,72667],[62,20],[42,60],[35,5],[46,-22],[83,1],[14,64],[72,88],[63,22]],[[55835,72905],[38,-48],[27,21],[62,-3],[23,-62],[87,33],[93,-35],[-9,-84],[31,-50],[110,72],[63,-4],[30,16],[68,-31],[34,-64],[39,-35],[46,-11],[1,-82],[-33,-61],[44,-61],[13,-60],[-52,-57],[-11,-71],[89,-59],[17,-23],[-27,-65],[38,-22],[31,-109],[49,-42],[65,-29],[26,-47],[-25,-86],[32,-21],[57,16],[55,-25],[51,-49],[-7,-58],[71,-53],[0,-52],[-37,-5],[-47,-66],[-53,-46],[-80,-4],[-46,50],[-33,9],[-63,-14],[-3,-42],[-33,-42],[38,-63],[32,-19],[17,-62],[-24,-22],[26,-52],[8,-102],[-11,-31],[31,-27],[22,-78]],[[52707,30643],[-18,-17],[-67,106],[-34,69],[-35,43],[-61,110],[-11,57],[-26,44],[-7,57],[-61,155],[-16,178],[-15,22],[-26,113],[23,46],[-10,73],[-44,61],[4,138],[-20,71],[1,35],[-18,41],[9,92],[-20,158],[14,99],[-15,71],[-5,59],[-48,120],[3,58],[-37,143],[-4,75],[10,42],[0,173],[-17,81],[16,53],[-22,169],[30,24],[3,34],[-7,153],[-32,136],[-67,164],[-50,81],[2,40],[-22,56],[-12,68],[-62,148],[-57,171],[-11,86],[-23,79],[-13,106],[-16,59],[-22,20],[-18,89],[-81,262],[-6,48],[-30,106],[-26,52],[-6,47],[-44,103],[-68,96],[-25,136],[-24,44],[-14,94],[-21,204],[13,147]],[[51441,36291],[88,56],[40,-42],[83,-6],[71,65],[18,38],[35,26],[40,13],[27,-17],[26,11],[35,-30],[8,-49],[46,-57],[51,-51],[16,-35],[38,-8],[33,18],[228,0],[137,0],[207,0],[137,0],[207,0],[223,-1],[10,-37],[72,-141],[70,-37],[40,10],[67,-29],[68,8],[75,-9],[22,-17],[81,20],[27,-19],[34,-46],[46,-4],[19,-19],[77,47],[33,3],[44,-40],[228,77],[309,108]],[[54557,36097],[225,81],[50,2],[49,-27],[25,18],[73,-30],[81,-120]],[[55060,36021],[-28,6],[-26,-23],[-27,13],[-36,-19],[-26,-28],[-40,-74],[-19,-8],[-22,52],[-34,-35],[-30,-2],[-34,-45],[-111,-173],[-17,-1],[-21,115],[-38,59],[-13,55],[-15,6],[-74,-11],[-250,-86],[-154,-54],[-134,-9],[0,-340],[1,-437],[0,-374],[1,-360],[1,-308],[-4,-18],[-266,0],[0,-268],[0,-590],[0,-515]],[[53644,32549],[1,-593],[0,-476],[0,-307],[0,-454],[-42,-28],[-69,-27],[-23,-73],[-63,-47],[11,-49],[-56,-44],[-34,46],[-56,13],[-93,-29],[-24,9],[-38,-11],[-68,61],[-45,16],[-37,-4],[-7,38],[-48,-12],[5,55],[-25,69],[20,44],[-16,70],[-41,9],[0,46],[-25,43],[-55,-26],[-2,-40],[-33,-60],[11,-41],[-9,-39],[-26,-8],[-50,-57]],[[53644,32549],[37,-67],[32,-24],[34,-49],[48,-174],[12,-11],[20,-80],[-5,-24],[40,-140],[3,-89],[10,-30],[-23,-72],[-36,-75],[-3,-129],[8,-66],[14,-35],[43,41],[73,-30],[69,21],[82,-16],[23,35],[-1,41],[77,43],[24,49],[30,89],[23,12],[23,45],[31,10],[47,111],[-3,46],[15,33],[-5,35],[16,34],[11,103],[43,85],[17,-8],[52,31],[52,-9],[61,-86],[15,-8],[49,-79],[28,-11],[28,12],[26,-11],[18,-37],[43,-10],[56,-40],[36,-3],[68,46],[33,-13],[56,10],[54,62],[29,154],[38,147],[11,65],[-2,68],[110,60],[33,-2],[34,87],[49,71],[37,34],[6,66],[35,234],[33,61],[41,30],[19,36],[53,16],[16,71],[25,12],[52,57],[12,58],[22,18],[7,45],[31,39],[9,43],[38,44],[77,11],[77,54],[13,72],[23,45],[47,19],[35,-3]],[[56158,33829],[83,30],[26,-2],[51,-33],[50,-48],[45,-22],[55,14],[34,-11],[55,25],[71,-26],[16,5],[34,-37]],[[56678,33724],[-3,-9],[69,-370],[-4,-129],[7,-38],[25,-48],[27,-124],[31,-55],[3,-108],[32,-129],[0,-474],[-6,-53],[7,-86],[-21,-67],[10,-86]],[[56855,31948],[-31,-12],[-109,119],[-32,-7],[-51,-76],[-40,-149],[-44,-94],[-6,-38],[1,-122],[25,-27],[22,-70],[4,-61],[48,-85],[99,-53],[119,-3],[-7,108],[13,131],[33,-1]],[[56899,31508],[64,-10],[145,7]],[[57108,31505],[-14,-139],[-44,-198],[-23,-179],[-13,-155],[-32,-95],[-12,-86],[-98,-156],[-70,-50],[-71,-121],[-81,-175],[-46,-154],[3,-33],[-28,-42],[-96,-277],[-46,-136],[-102,-222],[-40,-60],[-21,-11],[-65,-101],[-37,-24],[-3,-25],[-66,-117],[-13,-42],[-61,-116],[-68,-96],[-18,-42],[-91,-106],[-84,-132],[-44,-34],[-95,-124],[-63,-61],[-12,-23],[-49,-28],[-108,-87],[-61,-5],[-52,24],[-37,3],[-46,-16],[-28,-26],[-22,-126],[-50,8],[-36,26],[-47,10],[-40,-12],[-30,-74],[5,-27],[-74,4],[-54,36],[-59,26],[-48,7],[-93,30],[-56,-16],[-5,-49],[-114,18],[-13,-4],[-82,43],[-59,-35],[-36,4],[-41,-31],[-2,-37],[-52,-26],[-7,-45],[-52,-27],[-50,19],[-45,-33],[-23,-1],[-81,33],[-37,-18],[5,-37],[-47,13],[-38,-7],[-84,-109],[-69,-68],[-26,29],[-57,-11],[-66,85],[-25,92],[-50,8],[-8,29],[-75,-11],[13,107],[-31,37],[-50,1],[-31,-35],[10,-50],[-19,-28],[-25,136],[16,52],[27,12],[-11,101],[-30,65],[-4,44],[-43,61],[-19,77],[-22,26],[13,51],[-34,0],[-17,109],[15,52],[16,11],[31,-39],[51,67],[17,78],[-5,73],[9,42],[-11,65],[-9,118],[-28,115],[-44,103],[-31,56],[-89,252],[-7,43],[-68,202],[-31,167],[-16,64],[-13,104],[-33,159],[-13,29],[-21,110],[-56,111],[-11,74],[-23,41],[4,26]],[[58387,21536],[43,-7],[4,-57],[-58,2],[-12,25],[23,37]],[[56059,30476],[-26,56],[-50,54],[-9,45],[-70,-10],[-23,-41],[-44,-1],[-37,-77],[-28,-2],[-14,-27],[-30,3],[-22,-78],[-57,-113],[-10,-52],[-47,-76],[-61,-39],[50,-176],[18,-27],[26,-139],[25,-2],[38,-87],[39,-55],[83,-25],[44,131],[-1,60],[40,54],[43,21],[31,-7],[59,32],[76,74],[-10,47],[15,79],[31,26],[7,74],[23,14],[13,48],[-34,126],[-27,10],[-61,80]],[[31380,53893],[-24,15]],[[31356,53908],[24,30],[0,-45]],[[31380,53893],[-21,2],[-3,13]],[[63327,57898],[28,92],[32,-20],[6,52],[39,-52],[-23,-54],[5,-53],[-10,-92],[-20,-32],[-3,-57]],[[63381,57682],[-36,21],[11,172],[-29,23]],[[63409,57358],[30,-139],[31,-101],[51,-97],[37,-93],[57,-81],[47,-35],[86,-47],[40,-4],[31,-32],[35,4],[50,-23],[15,-24],[34,-7],[22,20],[30,-10],[8,-26],[41,-36],[5,-46],[29,-42],[46,-140],[33,-43],[24,-88],[30,-61],[34,-44],[64,-21],[19,-48],[-15,-123],[-27,-57],[-12,-79],[-39,-84],[-14,-66],[-30,-93],[-45,-38],[-67,-109],[-29,-76],[-4,-32],[-31,-49],[-9,-69],[-11,-14],[-23,-123],[-14,-23],[-65,13],[11,96],[-43,-7],[-8,-47],[-32,-40],[3,-35],[-30,-34],[-2,-75],[-23,-134],[-17,-44],[2,-103],[18,-69],[-6,-71],[16,-55],[8,-71],[-35,-35],[-56,5],[-79,-22],[-78,-50],[-35,-41],[-34,-66],[-26,-223],[-27,-32],[-31,-73],[-42,9],[-42,-6],[-33,-19],[-69,-5],[-55,-28],[-24,-79],[-25,-37],[-10,-46],[20,-49],[-13,-94],[-61,-108],[-58,-30],[-58,43],[-55,1],[-98,-27],[-11,-39],[-61,-20],[-23,-42],[-23,-17],[-66,-7],[-66,-46]],[[62526,53200],[-78,311],[-19,17],[-66,276],[-80,337],[-55,232]],[[62228,54373],[213,133],[230,142],[183,114],[178,110],[87,487],[90,503],[-3,22],[-118,339]],[[63088,56223],[1,146],[10,63],[25,76],[15,97],[19,42],[8,62],[17,46],[-11,100],[40,27],[43,-8],[51,37],[-18,69],[-48,12],[15,48],[-13,109],[16,42],[-8,106],[11,33],[28,28],[19,-11],[7,-101],[23,-9],[14,44],[19,9],[38,68]],[[64086,55187],[13,-53],[-30,-41],[-14,-76],[-18,-35],[-23,2],[1,68],[29,42],[28,87],[14,6]],[[67319,64971],[-67,-19],[-34,10],[-22,65],[-35,7],[-4,45],[108,119],[-16,61],[-68,105],[-22,3],[-22,-77],[-73,-60],[-49,-22],[-44,-38],[-41,68],[-20,14],[-32,-36],[0,-60],[-31,-32],[29,-90],[-6,-73],[-23,-18],[-48,24],[-112,-28],[23,-32],[65,18],[-38,-76],[24,-47],[-52,-16],[-18,-20],[-3,-80],[-24,-60],[-48,-10],[-62,13],[-92,34],[-69,-34],[-19,-34],[-15,-143],[64,-24],[16,-22],[3,-58],[42,-8],[64,10],[24,-74],[-37,-77],[5,-77],[35,-101],[39,-46],[8,-34],[-30,-112],[-34,-21],[-11,-51],[-67,-138],[-9,-52],[6,-61],[-11,-57]],[[66466,63449],[-39,33],[-41,12],[-24,-29],[-41,-14],[-62,96],[-73,-11],[-58,1]],[[66128,63537],[7,43],[-14,36],[7,130],[34,81],[-25,40],[-66,27],[-20,34],[-95,62],[-37,-24],[-36,6],[-107,106],[-61,81],[-92,66],[-57,69],[-23,44],[-58,-4],[-111,114],[-62,106],[-237,243],[-38,59],[-3,82],[-23,128],[-44,35],[-39,107],[-17,86],[-3,64],[-25,55],[-60,62],[-49,24],[-51,-70],[-49,33],[-32,-10],[-32,25],[-86,-20],[-33,11],[-31,37],[-55,40],[-6,62],[22,45],[-28,74],[51,28],[-41,55],[-28,15],[-3,75],[15,50],[-44,52],[-47,3],[-57,-12],[-62,40],[-10,56],[-23,30],[-61,5],[-76,116],[-32,-68],[-56,22],[-37,-48],[43,-32],[-22,-31],[-61,14],[-24,-32],[8,-30],[-23,-89],[-62,-22],[-64,8],[-47,-46],[-24,-59],[-45,-43],[3,-110],[16,-90],[36,-47],[-39,-59],[-58,17],[-218,17]],[[63301,65511],[-1,229],[0,458],[0,458],[0,343],[1,345],[251,106],[151,64],[282,111],[14,-5],[293,-259],[209,-185],[156,-138],[34,-107],[60,-87],[161,-250],[11,-6],[317,73],[327,-40],[115,83],[27,-8],[84,-140],[66,-59],[75,-210],[82,56],[-13,-274],[-11,-19],[1,-202],[131,-2],[9,-126],[40,-270],[35,-29],[250,21],[23,-13],[28,22],[22,-71],[30,-15],[-18,-120],[43,-55],[63,-47],[35,8],[10,34],[-21,83],[13,48],[24,17],[15,49],[79,78],[1,80],[47,40],[46,5],[1,37],[62,62],[66,16],[71,74],[48,93],[38,29],[42,-33],[33,85],[57,25]],[[67316,65973],[35,17],[37,-38],[-64,-80],[-35,-7],[-6,-47],[-39,-18],[-35,-38],[-26,-56],[-76,-67],[9,-36],[38,-6],[36,-45],[42,32],[34,-48],[-1,-51],[42,-38],[30,-2],[67,-38],[39,24],[-2,87],[46,-6],[27,105],[48,-111],[2,-58],[43,-19],[37,6],[4,-64],[78,-15],[38,-65],[57,-4],[14,-26],[32,25],[31,-44],[-89,-56],[-10,-47],[-23,1],[-21,-34],[-37,25],[-20,-87],[-36,37],[-37,-17],[-71,-88],[-20,-40],[-23,-11],[-53,37],[-30,36],[-44,-15],[-40,6],[-25,-18]],[[67378,64873],[11,-55],[-28,-29],[-44,102],[7,33],[54,-51]],[[69801,65944],[-79,117],[-59,18],[-59,-3],[-33,61],[-30,27],[-25,80],[-32,-17],[-92,24],[-51,35],[-125,-10],[-33,18],[-135,14],[-65,1],[-55,34],[-72,-39],[-76,-11],[-40,16],[-107,9],[-23,-7],[-34,-59],[-125,21],[-85,63],[-40,12],[-41,58],[-81,50],[-59,-17],[-108,-60],[-20,-22],[-18,-61],[3,-50],[-25,-102],[25,-85],[-48,4],[-3,33],[-54,28],[-73,3],[-31,48],[-67,15],[-49,39],[-51,-5],[-69,42],[-41,-12],[-29,-26],[-48,18],[-39,-21],[-30,-37],[-6,-44],[-33,-13],[-17,-88],[-22,-48],[24,-22]],[[63301,65511],[-28,1],[-64,-30],[-56,14],[-19,49],[-35,41],[-34,86],[-40,75],[-12,69],[-45,57],[-146,135],[-39,14],[-171,-44],[-116,-65],[-58,-67],[-87,-122]],[[62351,65724],[12,96],[-22,76],[53,125],[39,156],[-8,37],[-38,34],[-54,17],[-26,-17],[-28,44],[-64,-26],[-21,29],[-54,149],[-76,-19],[-27,17],[14,127],[-13,58],[-35,37],[-32,84],[-10,59],[-35,59],[-2,76],[-40,37],[-95,23],[-30,40],[-2,88],[20,44],[53,-15],[94,4],[50,-59],[30,-15],[47,56],[-32,72],[-62,53],[3,71],[26,7],[44,48],[1,31],[41,85],[52,6],[54,30],[44,-17],[119,19],[44,-4],[92,-44],[54,-7],[9,43],[-109,70],[2,57],[47,78],[45,112],[19,160],[-20,47],[3,66],[25,75],[-22,10],[-6,58],[-44,52],[-82,-4],[-42,25],[-59,-97],[-33,3],[-31,39],[-63,13],[-70,72],[-85,28],[-88,-38],[-67,-86],[-52,7],[-8,-32],[-58,-34],[-36,-57],[-58,-48],[-48,19],[-46,-7],[-44,-48],[-20,-70]],[[61490,68008],[-89,77],[-52,34],[-35,4],[-32,52],[28,50],[32,-2],[23,-37],[41,9],[24,34],[-83,165],[-46,154],[-44,42],[-50,109],[-35,29],[-106,-2],[-57,34],[-20,-75],[-50,43],[-5,53],[-28,49],[34,38],[-20,25],[-7,87],[-161,67],[74,252],[47,44],[25,47],[2,52],[-68,65],[33,244],[16,32],[59,31],[35,49],[-12,70],[8,45],[71,88],[18,-6],[99,-129],[27,-52],[13,-57],[26,-49],[47,-27],[99,61],[27,43],[-50,157],[-7,122],[42,9],[49,43],[35,49],[61,23],[14,27],[-20,41],[20,69],[96,0],[55,64],[91,37],[15,58],[37,20],[17,87],[56,-19],[-12,56],[48,-15],[83,3],[37,-28],[2,-81],[65,26],[43,-13],[-5,50],[28,40],[60,-7],[15,28],[50,24],[46,-142],[42,-8],[34,21],[46,-24],[52,28],[68,-14],[54,-48],[-4,-49],[21,-35],[71,-17],[47,-45],[17,-64],[33,-36],[48,-21],[-26,-117],[15,-36],[41,-2],[23,30],[-10,52],[0,89],[-36,21],[36,50],[69,-58],[41,-14],[10,-43],[59,-66],[50,-9],[45,-58],[113,97],[25,92],[43,-7],[47,85],[23,-41],[27,40],[45,-6],[82,21],[49,-104],[103,26],[9,91],[51,-21],[62,-6],[32,42],[24,-43],[52,-20],[-10,-49],[29,-68],[70,-55],[73,-8],[25,-24],[39,8],[23,-78],[27,25],[41,5],[39,78],[0,36],[27,45],[31,-4],[11,-51],[33,-29],[112,-16],[27,5],[148,60],[19,46],[19,142],[22,59],[-32,74],[-32,16],[-89,13],[-23,63],[-113,3],[-38,23],[21,71],[-85,42],[-26,-9],[-10,60],[54,0],[39,49],[42,31],[45,-4],[29,38],[69,57],[-25,72],[-31,17],[-7,57],[-34,18],[5,36],[36,18],[97,120],[42,-14],[35,14],[26,-28],[65,11],[28,-20],[46,27],[-12,66],[-76,22],[-33,37],[-44,-14],[-36,28],[-38,3],[-18,48],[22,60],[44,-29],[47,35],[-14,42],[-60,-24],[-38,11],[-35,36],[52,92],[-37,29],[34,70],[61,19],[16,-27],[80,-1],[61,-34],[0,42],[110,5],[-7,-42],[30,-32],[23,46],[-9,28],[70,34],[73,-5],[10,45],[56,-6],[101,44],[40,-25],[40,14],[-7,37],[161,41],[38,-26],[51,35],[46,-47],[35,17],[0,92],[57,13],[14,39],[63,-17],[30,37],[41,-30],[126,49],[68,5],[22,19],[115,19],[19,28],[91,1],[52,49],[94,2],[38,58],[-32,26],[20,34],[92,1],[31,79],[68,-3],[39,25],[17,-36],[40,30],[91,-26],[64,-61],[77,-39],[47,34],[23,43],[55,11],[84,-115],[-8,-95],[16,-57],[46,-23],[23,-44],[-31,-24],[11,-137],[-56,4],[17,-69],[37,-43],[37,50],[33,-8],[9,-38],[62,12],[15,57],[81,-12],[23,72],[89,-116],[-34,-26],[27,-88],[53,68],[-8,46],[89,-9],[28,-69],[80,-20],[45,36],[57,24],[-11,-79],[-57,-13],[-42,-49],[-27,-57],[0,-45],[43,-26],[9,-43],[58,65],[63,34],[91,-17],[15,-41],[38,-19],[11,104],[44,-3],[42,75],[69,-11],[108,89],[-19,36],[75,20],[146,76],[13,48],[53,-15],[90,24],[19,-34],[-46,-81],[-78,6],[40,-93],[292,-258],[68,-85],[164,-317],[151,-322],[115,-249],[140,-352],[16,33],[104,52],[-8,73],[18,53],[33,-1],[22,47],[125,-83],[-24,-94],[92,6],[18,-63],[-2,-51],[57,2],[24,25],[61,-13],[22,-22],[90,17],[18,-17],[60,48],[18,48],[57,-13],[35,56],[87,0],[104,-63],[35,-43],[7,-47],[34,-29],[25,-68],[-5,-27],[19,-89],[32,-24],[73,-13],[53,-52],[37,-3],[-6,-84],[21,-11],[62,-151],[33,17],[118,-38],[28,-24],[49,14],[75,52],[58,85],[38,-6],[7,-44],[-49,-54],[62,-39],[22,-78],[45,-57],[38,-4],[29,-72]],[[65287,67628],[47,10],[53,37],[30,44],[23,74],[0,83],[-23,73],[-30,44],[-84,46],[-62,-8],[-53,-38],[-31,-44],[-23,-73],[0,-83],[23,-74],[31,-44],[53,-37],[46,-10]],[[68374,63470],[-28,50],[-34,32],[-35,-9],[-82,13],[-16,-36],[-98,-51],[-49,2],[4,32],[31,28],[2,38],[-72,26],[-56,-11],[-56,-72],[-20,-3],[-63,-60],[-27,-79],[-68,-11],[-39,-20],[-114,-134],[-23,-10],[-37,13],[-40,121],[-8,60],[15,99],[2,150],[25,124],[2,41],[-26,24],[-42,-26],[-23,28],[29,128],[-8,37],[-32,23],[-65,73],[-57,-15],[-44,-52],[-31,-100],[-85,-124],[20,-31],[12,-61],[-34,-82],[-38,3],[-32,36],[-25,-19],[-74,2],[-40,-74],[18,-100],[-33,-58],[-21,-8],[-32,33],[-32,68],[-29,15],[-19,-38],[-42,9],[-12,-36],[-85,-46],[-8,-52],[-25,4],[-47,-43],[-35,66],[-25,16],[-2,46]],[[67319,64971],[-86,-77],[-3,-45],[-129,71],[-47,37],[-106,-54],[-30,-39],[10,-51],[-26,-13],[-24,45],[-24,-117],[18,-46],[-2,-60],[57,-3],[46,22],[43,-21],[51,17],[50,-23],[68,38],[44,-18],[31,-88],[44,17],[29,-7],[14,44],[47,10],[59,48],[9,-59],[30,-25],[37,3],[-2,-82],[29,0],[56,42],[12,-47],[29,-17],[30,44],[65,15],[25,17],[49,-18],[90,-1],[42,18],[11,26],[39,12],[32,-9]],[[67196,64793],[52,-34],[-30,-24],[-22,58]],[[54584,71805],[3,42],[-17,73],[-123,103],[-55,-10]],[[54392,72013],[-24,49],[12,135],[29,27],[-6,58],[-47,32],[-14,49],[-89,7],[-40,-20],[-160,82],[-27,38],[-37,-11]],[[53989,72459],[-12,135],[-39,112],[-8,64],[2,100]],[[53932,72870],[37,6],[10,39],[99,72],[23,1],[110,54],[33,-14],[79,3],[46,-23],[55,29],[35,-42],[73,25],[51,-22],[35,12],[66,-10],[68,-36],[48,17],[42,-18],[52,50],[68,39],[24,-74],[34,-53],[145,-20],[16,-31],[126,-116],[27,-53],[84,-38]],[[29517,42784],[4,18],[48,482],[55,563],[44,460],[-13,46],[0,47],[-24,38],[-24,93],[12,45],[-13,68],[-31,27],[-30,56],[-23,18],[-30,62],[-5,28],[6,356],[66,9],[30,31],[20,-9],[31,39],[38,-44],[37,-13],[24,18],[-18,146],[-23,47],[-22,13],[-105,14],[-24,-16],[1,304],[27,33],[45,17],[61,-25],[319,1],[-20,24],[-6,44],[16,75],[27,-42],[27,-87],[37,6],[19,26],[53,120],[41,43],[27,-25],[20,-79],[40,-111],[11,-84],[-6,-143],[8,-41],[51,25]],[[30345,45507],[126,-210],[16,-21],[51,-13],[49,37],[28,51],[33,32],[44,2],[18,-57],[-19,-62],[7,-41],[29,17],[17,72],[17,37],[33,7],[18,102],[30,6],[50,65],[29,-11],[34,41],[14,44],[38,44],[29,-30],[46,66],[13,34],[7,123],[16,32],[62,14],[39,58],[55,24],[11,58],[-3,77],[-86,8],[-34,-4],[-58,21],[13,117],[-29,121],[-31,88],[2,63],[-8,84],[13,48],[-2,40],[-32,64],[-56,65],[-35,71],[-17,72],[-20,24],[15,49],[22,-30],[20,-54],[60,17],[33,-5],[31,-27],[17,-88],[18,-16],[32,35],[68,-8],[30,-40],[23,57],[37,-24],[42,-79],[36,-81],[29,-19],[25,18],[12,31],[0,62],[-10,58],[6,60],[55,9],[6,43],[41,24],[51,-39],[43,33],[28,-7],[26,15],[31,39],[47,4],[7,56],[16,22],[33,2],[10,50],[39,-16],[37,13],[17,28],[12,63],[38,27],[40,73],[4,48],[-18,87],[-20,15]],[[34421,46912],[13,15],[10,73],[13,20],[-4,51],[12,42],[34,-41],[45,-97],[12,-70],[0,-110],[26,39],[-2,-78],[3,-117],[-4,-57],[15,-74],[-1,-39],[26,-164],[11,-14],[22,-120],[21,-87],[8,-71],[66,-210],[76,2],[48,-34],[25,-43],[10,-152],[-13,-71],[9,-26],[-24,-47],[-90,-127],[-9,-40],[-32,-45],[-38,-136],[-49,-102],[-37,-7],[-14,-18],[-24,-69],[-35,-15],[-33,-83],[-33,-128],[-20,-33],[-47,-104],[-7,-66],[0,-80],[-30,-48],[-25,-21],[2,-74],[-20,-35],[-19,-5],[-35,30],[-55,-38],[-42,-48],[36,-24],[39,24],[21,-83],[20,33],[57,24],[65,84],[63,45],[10,30],[35,16],[29,58],[34,33],[24,64],[28,-2],[4,-59],[-21,-45],[22,-55],[0,-102],[14,-52],[21,-36],[10,-63],[23,-76],[52,-41],[25,40],[81,33],[45,-37],[36,-4],[51,72],[10,-52],[19,-14],[-18,-143],[-16,-37],[-13,-77],[2,-52],[-17,-44],[22,-12],[25,79],[2,51],[25,81],[27,128],[23,46],[6,44],[31,44],[12,40],[41,-10],[45,117],[29,-98],[25,6],[9,57],[-25,4],[5,83],[39,-17],[18,90],[-7,40],[26,12],[10,35],[6,59],[-4,30],[35,30],[21,-9],[59,48],[20,-40],[15,23],[3,50],[46,-42],[32,35],[56,-79],[61,-8],[24,-50],[41,27],[15,-58],[21,5],[0,-52],[20,-8],[50,14],[0,-65],[34,33],[8,-36],[29,-36],[17,24],[22,-52],[31,57],[10,-86],[16,31],[22,-20],[5,-84],[26,21],[16,-72],[-7,-51],[22,-24],[15,25],[-5,52],[23,48],[19,9],[55,-20],[-9,-38],[52,-71],[5,-45],[50,-17],[8,-74],[-44,-118],[27,8],[15,34],[27,-25],[9,-56],[-8,-46],[-22,0],[-46,-183],[-12,-113],[21,-58],[48,81],[17,141],[1,58],[79,75],[11,-56],[-28,-79],[-31,-25],[-1,-22],[52,-6],[13,71],[25,42],[11,-10],[38,27],[31,6],[39,-17],[6,98],[38,-2],[106,-73],[26,-27],[30,-7],[21,-41],[48,-55],[50,-3],[12,-27],[58,0],[2,46],[47,-6],[34,-50],[5,-23],[89,-20],[23,22],[32,-5],[150,29],[22,20],[137,-31],[82,-85],[53,-63],[34,-19],[74,-96],[26,-10],[18,-54],[29,-21],[40,-65],[54,-21],[22,-75],[34,-46],[38,-98],[68,-109],[23,-10],[16,-59],[27,-46],[76,-45],[14,-22],[24,-85],[13,-10],[64,-3],[28,-56],[54,-26],[45,11],[78,-8],[36,24],[131,-48],[24,-33],[42,-136],[18,-103],[13,-115],[12,-38],[3,-95],[15,-25],[21,-150],[-3,-40],[18,-134],[11,-14],[1,-78],[16,-44],[-4,-162],[2,-69],[-25,-48],[1,-43],[22,-51],[-10,-81],[-22,-86],[-2,-55],[-50,-227],[-6,-52],[-42,-141],[-23,-56],[-24,-31],[-27,-82],[-73,-99],[-8,-62],[-18,-29],[-23,-75],[-58,-92],[-11,-52],[-31,-75],[-45,-24],[-88,-111],[-36,-88],[-36,-127],[-30,-56],[-8,-45],[-32,-81],[-59,-240],[-36,-107],[-71,-188],[-72,-147],[-51,-43],[10,85],[-9,64],[-32,11],[-26,39],[-4,-56],[-24,-65],[25,-8],[-18,-71],[-23,-23],[12,-45],[-31,-52],[-3,-30],[-25,-37],[14,-49],[11,-88],[-11,-79],[22,-33],[1,-53],[-17,-104],[1,-50],[-22,-180],[12,-71],[5,-207],[21,-242],[16,-63],[-36,-205],[-2,-53],[-13,-38],[-10,-111],[-12,-71],[4,-48],[-23,-132],[-2,-66],[8,-79],[1,-74],[12,-39],[-37,-94],[-29,-18],[-31,-51],[-34,-93],[-27,-163],[-5,-81],[1,-110],[12,-169],[-4,-88],[-20,-92],[-13,-28],[-52,-53],[-32,-129],[-12,-84],[-24,-62],[-18,-92],[-19,-58],[-17,-16],[-27,-77],[-40,-21],[-18,-43],[-4,-53],[-40,-118],[0,-46],[-29,-79],[14,-42],[-1,-55],[15,-114],[-7,-34],[-67,-65],[-60,-29],[-53,-39],[-28,-36],[-38,-77],[-15,-14],[-7,-82],[19,-41],[-18,-22],[-18,-63],[-86,8],[-66,-1],[-19,-14],[-91,-4],[-24,23],[6,46],[18,31],[-11,54],[-53,-40],[8,-49],[21,-25],[-15,-50],[-61,-11],[-26,-16],[-51,55],[-35,21],[-51,-21],[-16,-42],[-21,-13],[-30,27],[-8,38],[-27,-39],[-64,-31],[-11,-64],[11,-21],[44,-22],[-20,-40],[-24,8],[-46,-24],[-20,19],[-43,-75],[-46,-46],[-14,8],[-35,-45],[7,-78],[-27,-8],[-56,33],[-39,7],[-58,-35],[-42,-79],[-34,45],[-12,-57],[-50,-40],[-100,-104],[-22,-65],[-36,-52],[-70,-74],[-26,-11],[-77,-95],[-18,-34],[2,-48],[-17,-72],[-38,-61],[-42,-43],[-13,35],[-30,28],[-14,-93],[-47,13],[6,-43],[24,8],[44,-28],[-19,-26],[-23,-73],[-26,-135],[8,-58],[-23,-40],[-34,-34],[41,-40],[8,-36],[-14,-49],[-4,-82],[14,-26],[2,-105],[12,-17],[-10,-141],[16,-22],[-25,-68],[19,-57],[-19,-27],[5,-60],[17,-46],[-24,-176],[-34,-137],[-9,-61],[-34,-18],[-108,-138],[-56,-102],[-69,-158],[-63,-185],[-73,-323],[-108,-291],[-84,-166],[-32,-52],[-110,-147],[-81,-77],[-45,-89],[-7,61],[12,18],[-20,46],[11,25],[33,-30],[37,39],[32,11],[41,76],[21,60],[27,-11],[24,27],[18,53],[6,73],[-5,31],[21,34],[29,18],[13,75],[56,51],[14,75],[-3,144],[22,-65],[19,82],[-18,63],[-18,-48],[-34,-17],[-27,7],[-10,-61],[-26,28],[5,49],[-29,11],[-51,50],[6,-58],[24,-64],[-13,-31],[-11,-81],[-25,-17],[6,-110],[-25,-5],[-8,-62],[11,-34],[-48,-27],[-8,-62],[-73,-23],[-21,-61],[0,-61],[-23,-28],[-2,-42],[-29,-18],[-11,-57],[20,-47],[-24,-59],[32,-33],[3,-29],[-33,-52],[-33,-108],[-26,-151],[-40,-150],[-53,-110],[-73,-102],[-47,-75],[-30,-32]],[[33966,28065],[-43,46],[7,127],[-7,112],[7,35],[50,63],[7,42],[46,67],[-16,54],[-61,41],[-39,58],[-24,55],[-5,56],[-28,89],[-79,84],[-18,-15],[-37,43],[-51,76],[-5,43],[-30,57],[-61,18],[-40,47],[-32,7],[-46,49],[-25,86],[-64,103],[-37,-48],[-36,-66],[-39,-2],[0,141],[-18,23],[-42,94],[-37,39],[-81,137],[-42,55],[-73,-10],[-30,-83],[-86,7],[-18,42]],[[32833,29837],[-3,3]],[[33638,32139],[-2,71],[28,77],[20,74],[-9,46],[15,108],[23,96],[-4,51],[20,98],[-20,90],[24,49],[-32,33],[-15,36],[-51,51],[-58,-38],[-31,-41],[-69,-25],[-53,21],[-8,24],[-5,97],[-22,66],[-7,136],[5,50],[-27,114],[-6,91],[11,46],[-3,50],[-30,44],[-3,61],[-38,54],[-81,14],[-32,36],[-28,66],[-24,-8],[-39,-73],[-41,-5],[-9,-21],[-100,51],[-46,-13],[-23,16],[-38,2],[-11,36],[-51,-19],[-26,12],[-12,42],[16,65],[-8,27],[16,81],[-11,32],[2,85],[20,61],[8,166],[-22,58],[13,76],[-35,55],[0,93],[-25,29],[-10,80],[-10,25]],[[36582,43774],[-2,-74],[-29,-6],[1,39],[30,41]],[[35063,44020],[-21,-68],[-23,22],[31,69],[13,-23]],[[36242,44263],[2,-27],[-25,-35],[-13,27],[14,41],[22,-6]],[[35318,44365],[11,-31],[-22,-44],[-22,26],[11,43],[22,6]],[[35356,44489],[11,-24],[-14,-75],[-30,22],[20,65],[13,12]],[[34652,44588],[-6,-48],[-24,-8],[-45,-47],[0,48],[39,61],[31,25],[5,-31]],[[34554,44591],[8,-34],[-20,-78],[-11,-89],[-16,4],[-28,-89],[-94,-131],[-29,-17],[-16,31],[22,89],[41,57],[12,141],[45,119],[53,45],[19,-10],[14,-38]],[[34560,44827],[4,-61],[-14,-40],[-47,-58],[30,120],[27,39]],[[35285,44610],[-21,-159],[-20,-19],[-8,-75],[-53,-65],[13,-33],[-12,-81],[-22,-31],[-39,-14],[-31,65],[-11,-109],[-41,-13],[-25,12],[-24,-11],[0,-40],[-72,-46],[-61,56],[-27,-37],[-36,24],[-3,-36],[-29,-14],[-41,16],[-8,57],[-41,76],[-17,53],[-1,55],[8,71],[-5,131],[8,52],[-3,73],[22,150],[31,83],[46,14],[11,30],[73,-14],[119,-54],[61,5],[11,23],[46,22],[77,-9],[9,-28],[51,-11],[27,6],[47,-17],[15,-57],[-22,-56],[-2,-45]],[[34611,44752],[-17,28],[1,33],[23,78],[49,29],[27,-30],[10,-35],[-18,-41],[-23,-21],[-39,-61],[-13,20]],[[34917,44846],[25,51],[30,29],[54,7],[21,-40],[-24,-56],[-67,-7],[-39,16]],[[34702,44933],[6,56],[44,-29],[0,-70],[-30,5],[-20,38]],[[34862,45047],[31,-4],[73,47],[24,0],[8,-43],[-43,-47],[-20,-36],[-17,-61],[-47,-32],[-17,35],[-37,11],[-25,-14],[-23,59],[5,42],[69,4],[19,39]],[[34771,45020],[-13,-39],[-24,20],[29,111],[-6,59],[22,11],[-2,-79],[8,-63],[-14,-20]],[[34788,45104],[3,58],[16,31],[55,7],[-1,-48],[-33,-48],[-31,-29],[-9,29]],[[34818,45271],[-20,30],[39,52],[31,-10],[-24,-69],[-26,-3]],[[34750,45950],[15,2],[23,-83],[-17,-35],[-22,2],[-17,60],[18,54]],[[35292,31226],[15,-26],[-10,-69],[-22,-53],[-10,109],[27,39]],[[35263,31756],[-18,-35],[-24,48],[19,38],[37,2],[-14,-53]],[[36156,32971],[-46,-15],[-17,30],[25,38],[8,38],[26,-24],[4,-67]],[[36455,33349],[-35,-22],[-15,35],[12,27],[38,-40]],[[32822,29835],[11,2]],[[33966,28065],[-25,-46],[-18,-114],[-46,-68],[-19,-69],[4,-27],[-55,-48],[-41,-61],[-6,-29],[-43,-20],[-170,-131],[-38,43],[-48,-7],[-31,48],[-61,15],[-51,-1],[-74,-63],[-65,-3],[-29,39],[-8,35],[-33,0],[-60,30],[-29,31],[-58,86],[-22,11],[-90,-6],[-23,11],[-53,-22],[-68,141],[-32,17],[-33,86],[-19,22],[-12,78],[0,129],[13,28],[-8,50],[17,44],[-4,64],[15,23],[36,-1],[27,40],[7,59],[-19,46],[-10,122],[-12,64]],[[71841,69424],[38,2],[50,51],[-8,42],[23,49],[48,11],[132,-20],[78,33],[24,63],[32,-23],[19,31],[65,32],[-15,40],[-1,57],[26,18],[67,14],[21,58],[47,15],[67,50],[56,1],[88,104],[67,21],[42,-3],[89,112],[40,11],[70,-9],[22,15],[16,62],[94,-84],[29,48],[54,3],[14,-77],[25,-12],[85,5],[30,-12],[188,-10],[25,-80],[4,-77],[40,-49],[35,-68],[80,15],[41,-50],[75,1],[34,-27],[104,61],[14,-35],[32,26],[89,-56],[28,18],[25,-30],[36,26],[71,-13],[50,-68],[39,-13],[65,49],[6,47],[45,21],[31,-15],[69,67],[42,110],[8,117],[-72,62],[-21,66],[12,30],[-49,83],[33,106],[-4,43],[36,83],[46,4],[2,54],[28,68],[77,31],[24,32],[37,97],[2,33],[101,-56],[25,-30],[95,-23],[64,-69],[24,-9],[135,-2],[235,-138],[26,11],[70,-14],[82,-30],[36,-30],[-13,-42],[3,-71],[22,-59],[-3,-90],[30,-40],[-14,-34],[14,-53],[38,-10],[31,-55],[104,-59],[61,0],[14,-40],[41,-9],[52,-32],[50,26],[90,-19],[76,76],[55,7],[87,39],[53,3],[53,39],[83,-27],[93,-11],[19,-33],[50,-22],[53,19],[58,-1],[85,-65],[20,-55],[47,-44],[38,-11],[98,-2],[58,-19],[2,-94],[21,-78],[58,-33],[23,-43],[55,-54],[105,10],[27,-10],[68,5],[62,-41],[57,5],[24,-19],[97,-33],[51,40],[63,-48],[34,-4],[63,35],[100,78],[44,-8],[42,24],[99,8],[108,58],[81,-18],[83,48],[45,117],[99,98],[72,31],[33,39],[84,58],[51,-21],[75,1],[65,-46],[57,-86],[43,-38],[102,-5],[82,57],[44,7],[96,-46],[29,-49]],[[61490,68008],[-41,-20],[10,-33],[-61,-49],[-46,4],[7,-104],[-74,9],[-52,-80],[-100,-43],[-73,8],[-5,-35],[-61,-178],[-22,-47],[-26,-109],[-35,-92],[-27,-1],[-66,-64],[-12,-63],[6,-41],[92,-50],[9,-41],[45,-26],[69,-215],[-12,-13],[-21,-97],[23,-4],[24,162],[39,-1],[-27,-55],[-29,-151],[-8,-220],[63,-77],[5,-85],[41,-56],[42,-96],[19,-21],[56,-123],[30,-94],[44,-35]],[[61316,65772],[-33,-65],[-23,-67],[-45,-43],[-40,-16],[-30,-57],[-19,-70],[-34,-7],[-33,18],[-66,15],[-29,22],[-10,62],[-33,71],[-22,-7],[-32,75],[-37,35],[-6,32],[-53,-21],[-6,42],[-26,4]],[[60739,65795],[-55,51],[-74,15],[-88,100],[31,112],[-10,30],[-59,17],[-33,-11],[-46,77],[-36,6],[-51,36],[-26,-70],[-22,52],[-33,15],[-77,-25],[-20,-37],[-38,-7],[-31,-31],[-50,23],[-7,28],[20,46],[-37,16],[-39,41],[-87,33],[-55,63],[3,23],[-67,39],[-41,-19],[-47,45],[-63,-2],[-30,-20],[-141,20],[-45,54],[-54,20],[-45,1],[-37,40],[-60,41],[-46,-15],[-66,34],[-47,-21],[-19,-73]],[[59011,66542],[-38,61],[-34,29],[-70,101],[-35,62],[-57,64],[-37,62],[-28,13],[-26,43],[-48,36],[-77,17],[-35,20],[-19,45],[-50,58],[-119,32],[-34,51],[-17,74],[-26,32],[-94,59],[-37,-3],[-29,30],[63,33],[-13,78],[14,28],[87,-58],[73,-2],[20,19],[35,-13],[27,20],[-23,105],[-15,25],[63,59],[30,133],[83,60],[52,-53],[30,40],[-69,52],[-47,79],[-36,13],[-43,37],[6,72],[50,4],[65,48],[25,2],[8,45],[107,37],[73,69],[50,-12],[1,126],[-47,13],[-39,-17],[-2,-32],[-83,-27],[-110,-16]],[[55835,72905],[18,69],[-24,133],[-34,28],[-5,41],[-31,28],[15,31],[-36,33],[-37,4],[28,81],[-14,39],[33,20],[5,65],[-89,70],[5,49],[-47,0]],[[55622,73596],[15,80],[26,13],[8,48],[71,25],[-34,26],[-12,87],[-36,67],[16,86],[-39,180],[18,60],[58,50],[40,92],[17,65],[46,7],[29,35],[-44,53]],[[55801,74570],[14,48],[-21,63],[25,48],[36,-54],[41,-13],[14,74],[42,10],[70,-22],[35,21],[11,49],[39,36],[172,-31],[84,-35],[25,65],[-70,15],[-27,68],[-39,17],[-76,-16],[-88,5],[-81,81],[-49,24],[31,166],[-86,-28],[-50,-59],[-48,-11],[-61,14]],[[55744,75105],[180,190],[36,14],[49,67],[109,74],[90,120],[65,54],[229,294],[73,55],[85,99],[59,148],[34,59],[-86,104],[-6,40],[-109,90],[-89,43],[-136,139],[59,26],[83,99],[20,47],[-7,67],[-64,49],[-61,22],[-6,55],[-28,53],[55,51],[-29,52],[-76,5],[-52,98],[22,43],[41,8],[3,55],[-68,16],[38,46],[7,91],[-12,59],[110,41],[-57,198],[-82,119],[-19,72],[-54,94],[-62,79],[2,76],[113,154],[106,104],[25,89],[-96,69],[-94,129],[-154,45],[-17,16],[-58,155],[73,106],[22,54],[-92,32],[133,63]],[[56051,79332],[77,44],[25,81],[152,40],[60,42],[46,89],[58,-42],[92,-4],[20,72],[-23,67]],[[56558,79721],[112,-22],[40,-23],[78,14],[14,55],[81,54],[126,-80],[106,-11],[56,-27],[-2,-33],[-67,-39],[-99,25],[-22,-65],[72,0],[224,-37],[-39,-60],[8,-49],[45,-5],[12,64],[62,6],[153,-14],[64,-31],[162,-17],[18,30],[171,-49],[75,-33],[326,-184],[58,-14],[104,-102],[67,-31],[31,-46],[62,12],[230,-151],[91,-10],[135,-77],[117,-87],[58,-15],[-5,-115],[40,-21],[-10,-85],[61,-42],[6,-78],[-49,-102],[-116,-106],[-7,-28],[-73,-68],[-97,-58],[-199,-77],[-211,-39],[-169,16],[-102,28],[-73,43],[-104,27],[-129,5],[-170,33],[-105,29],[-132,90],[-122,-26],[-40,63],[-121,11],[-66,62],[-28,-45],[-102,64],[-69,59],[2,49],[-126,43],[-18,-50],[65,-36],[-21,-39],[61,-57],[49,-7],[39,-95],[42,-6],[44,-49],[94,-19],[-23,-67],[94,-29],[141,-67],[99,-119],[-25,-51],[1,-89],[-38,-55],[-71,-47],[27,-52],[39,-17],[3,-41],[51,-64],[-10,-38],[44,-55],[-39,-50],[48,-72],[-35,-26],[29,-54],[87,-38],[35,-45],[56,27],[52,1],[44,-71],[70,-37],[15,-58],[110,-42],[125,-15],[33,-38],[85,-2],[1,33],[104,37],[23,52],[-46,80],[24,48],[-85,57],[-93,-45],[-59,27],[-101,143],[-49,18],[-33,100],[35,-7],[64,28],[25,95],[29,11],[105,-35],[82,-42],[24,-48],[67,-34],[84,0],[41,-33],[110,-27],[102,-43],[71,-51],[133,39],[32,-32],[93,10],[-30,88],[-10,84],[-28,49],[-43,26],[-108,164],[10,75],[21,27],[121,61],[139,131],[147,35],[138,117],[92,118],[119,-40],[28,-29],[135,21],[41,-52],[67,-24],[105,-102],[21,117],[66,104],[31,76],[-33,53],[36,70],[-78,101],[-120,48],[9,61],[56,116],[35,114],[-12,19],[42,206],[-23,41],[-224,138],[41,28],[136,-59],[355,-3],[171,-50],[23,-61],[135,-95],[3,-44],[48,-100],[-193,-38],[-175,-19],[-10,-69],[-77,-30],[-29,-45],[9,-60],[96,-55],[76,-26],[69,-135],[51,-28],[120,23],[25,-31],[93,15],[129,42],[49,-5],[36,40],[-8,102],[20,66],[47,54],[-33,57],[50,45],[66,16],[73,-7],[106,10],[-32,43],[10,45],[78,-1],[140,59],[209,120],[97,78],[42,-18],[103,30],[60,41],[134,30],[74,-25],[-47,-47],[65,-31],[89,68],[-63,73],[83,74],[169,75],[179,41],[67,-21],[-106,-41],[-33,-81],[-31,-29],[52,-83],[5,-49],[-83,-27],[-82,5],[-21,-47],[152,-1],[116,-20],[61,47],[49,-55],[58,-5],[19,107],[122,82],[106,15],[45,30],[67,-17],[114,11],[59,-35],[129,-3],[74,88],[87,4],[13,51],[242,75],[144,-118],[-97,-73],[14,-107],[152,-35],[78,65],[-51,101],[186,27],[63,46],[63,74],[-25,97],[-70,-4],[-17,91],[-102,123],[25,43],[113,4],[31,88],[42,9],[129,-38],[202,-22],[126,-2],[209,-35],[193,-61],[112,-49],[83,-78],[151,-59],[107,-17],[9,-39],[70,-14],[58,-36],[94,-34],[84,-10],[17,-47],[74,-43],[154,-113],[62,-23],[33,-45],[-20,-45],[53,-7],[57,44],[-7,33],[95,127],[50,120],[-30,43],[-56,-24],[-81,27],[-97,126],[-28,56],[22,31],[-36,47],[-91,49],[-84,20],[-58,31],[-66,-28],[-22,52],[27,127],[102,13],[20,42],[-63,58],[49,130],[-15,33],[26,118],[-48,28],[-120,-35],[-22,55],[58,60],[-48,39],[44,41],[31,68],[103,27],[171,88],[143,153],[44,99],[61,249],[32,86],[77,68],[83,18],[157,11],[130,-5],[243,13],[30,-15],[220,-49],[83,-61],[-20,-24],[36,-172],[-72,-104],[-20,-71],[-46,-29],[4,-63],[-42,-61],[-99,-41],[0,-51],[72,-70],[151,-90],[-10,-49],[52,-62],[-14,-96],[-23,-30],[22,-104],[-83,-61],[43,-71],[-35,-60],[54,-102],[-51,-95],[34,-67],[5,-110],[-42,-46],[23,-129],[74,-71],[60,-25],[124,-83],[28,-40],[-148,-143],[-3,-47],[33,-73],[0,-54],[-50,-71],[-61,-49],[-48,0],[-55,-73],[-1,-75],[-92,-10],[46,-70],[-136,-126],[-61,5],[-2,-58],[24,-75],[-133,-14],[-27,-48],[-78,-10],[-74,24],[-32,37],[103,39],[-28,22],[-70,-40],[-38,14],[-63,78],[-91,-37],[-54,20],[-71,0],[-5,-105],[73,-53],[92,-14],[47,-35],[123,-40],[210,15],[143,-20],[41,-45],[43,-2],[95,38],[6,82],[34,74],[120,19],[16,41],[132,42],[44,59],[57,32],[22,112],[-14,33],[53,67],[170,127],[25,127],[-33,120],[-99,102],[36,75],[-3,79],[46,40],[151,50],[116,13],[53,22],[149,25],[63,-14],[23,-54],[-9,-48],[175,-116],[-5,-74],[-35,-50],[51,-24],[-35,-58],[-9,-66],[30,-37],[-49,-71],[149,-75],[99,-37],[50,21],[77,-13],[-9,54],[-100,-5],[-52,34],[-81,4],[-42,26],[3,104],[18,67],[57,50],[94,10],[-3,55],[-35,20],[-1,48],[-65,63],[-8,132],[-121,52],[-81,9],[-47,58],[-88,10],[-103,47],[-144,11],[-111,-64],[-101,-24],[-126,28],[-77,-29],[-56,50],[40,115],[-11,34],[-92,132],[39,57],[29,117],[-9,43],[73,61],[83,108],[0,74],[-98,84],[-11,57],[-44,43],[-51,109],[-139,92],[119,106],[12,85],[111,45],[105,21],[160,71],[39,56],[10,68],[-30,163],[-68,67],[64,35],[90,-29],[56,-39],[-26,-25],[72,-72],[-35,-40],[41,-108],[-55,-48],[-20,-81],[-42,-16],[-6,-108],[61,-38],[11,-62],[-82,-69],[31,-35],[181,-48],[473,-48],[59,-89],[122,-34],[42,34],[-31,76],[-69,-3],[11,75],[-109,40],[-54,-27],[-118,38],[-43,33],[-97,18],[-103,47],[-81,182],[88,38],[159,22],[171,-106],[141,25],[25,60],[-71,58],[-100,-24],[-20,53],[67,20],[93,71],[110,25],[140,-16],[100,5],[166,-89],[221,-62],[-50,-25],[162,-87],[24,-47],[106,-32],[123,3],[180,40],[122,-52],[-90,-110],[-44,-35],[-141,-52],[15,-96],[-40,-40],[55,-112],[-46,-47],[-21,-62],[77,17],[9,99],[56,78],[120,-39],[1,-59],[-39,-96],[5,-73],[-93,-83],[2,-47],[57,-38],[80,25],[-62,93],[143,5],[78,70],[-106,278],[-62,105],[105,126],[24,57],[-72,115],[-154,32],[-162,94],[31,20],[-27,74],[-164,34],[-102,2],[-135,95],[-19,94],[56,94],[-24,58],[-66,20],[6,101],[-69,15],[91,69],[-10,67],[70,-6],[187,38],[114,8],[410,-4],[65,20],[171,7],[115,28],[58,-28],[112,1],[48,55],[110,22],[206,18],[79,-15],[-18,-46],[-132,-54],[-85,-57],[258,27],[71,104],[-51,21],[-65,94],[-70,39],[18,28],[-80,35],[-130,4],[37,47],[85,51],[5,54],[-80,27],[-122,7],[53,46],[188,-15],[119,38],[4,44],[77,41],[-8,50],[-122,22],[34,38],[151,-11],[87,-21],[108,40],[79,82],[140,54],[158,-1],[90,34],[-28,29],[173,17],[71,28],[115,-19],[94,12],[98,36],[414,63],[-8,48],[-138,-2],[55,49],[154,-1],[-27,46],[283,-9],[138,4],[37,20],[193,-26],[-9,-75],[108,27],[94,-50],[99,39],[172,0],[-11,51],[208,68],[160,-9],[24,-42],[132,-40],[33,23],[-86,92],[-131,37],[-52,84],[170,-27],[194,12],[167,24],[49,-10],[53,123],[-99,36],[15,68],[77,6],[0,56],[255,151],[196,72],[83,56],[106,-13],[115,50],[176,-12],[82,-60],[94,-24],[145,14],[29,-65],[-141,-99],[-155,-36],[-2,-38],[248,11],[189,-46],[88,17],[113,-24],[59,-50],[-104,-49],[-126,-124],[114,-26],[149,-1],[105,58],[-10,57],[198,-10],[174,21],[195,-33],[80,32],[321,-36],[173,-106],[126,-54],[19,-48],[62,-22],[77,22],[54,-59],[16,-109],[99,-38],[-73,-99],[-95,19],[-189,78],[-11,-38],[82,-18],[15,-46],[88,2],[35,-57],[99,-36],[-27,-89],[-195,-146],[-196,-57],[-53,-73],[-56,-34],[-74,17],[-136,-74],[-123,-35],[-77,-53],[-57,0],[-30,-88],[-109,-60],[-131,-30],[-99,-72],[-36,-50],[-106,-54],[-86,-23],[-169,0],[-3,-43],[-68,-44],[-62,-68],[-112,8],[-45,-25],[-15,-59],[-96,-121],[-97,-56],[52,-16],[72,45],[103,27],[32,28],[-21,63],[49,50],[112,-27],[70,21],[184,-7],[180,74],[222,35],[56,33],[76,0],[191,77],[127,39],[5,40],[-68,11],[-101,-41],[-131,0],[-72,35],[83,58],[48,61],[150,-11],[115,-40],[51,33],[64,-83],[99,-34],[152,-19],[121,21],[77,72],[77,-103],[-71,-118],[97,-54],[0,85],[113,12],[52,32],[152,-3],[198,58],[204,-17],[115,0],[225,-43],[270,0],[92,-17],[55,-32],[-78,-23],[-58,20],[-37,-101],[30,-36],[122,-45],[232,-51],[234,-20],[107,-23],[90,22],[154,-6],[21,-36],[153,70],[141,-57],[54,32],[10,87],[47,31],[-59,66],[-23,97],[85,49],[110,-8],[-19,40],[85,8],[31,41],[105,-49],[130,-29],[41,-40],[77,-22],[154,15],[48,-21],[-4,-50],[138,22],[-2,41],[293,-34],[121,-117],[122,-10],[46,-44],[101,-49],[-22,-45],[-116,20],[-171,-35],[-17,-45],[35,-13],[255,-38],[-29,-31],[-144,27],[-72,-18],[-116,-6],[61,-47],[113,-42],[136,-1],[100,-63],[8,-52],[-101,-75],[-174,51],[9,29],[-204,63],[39,-47],[75,-32],[115,-132],[11,-50],[71,-62],[-14,-71],[65,9],[35,-32],[39,-102],[69,-42],[30,-57],[107,-48],[37,-56],[156,-82],[93,-12],[85,68],[109,203],[84,194],[74,100],[73,-26],[-22,-31],[68,-25],[45,-70],[134,-71],[139,-33],[86,3],[77,26],[69,55],[77,-4],[27,31],[151,21],[212,-56],[31,-30],[125,-44],[21,-50],[89,-53],[65,86],[-48,27],[53,45],[3,37],[192,42],[78,-37],[39,-77],[68,40],[73,-18],[76,33],[-71,74],[-7,99],[-36,31],[80,122],[-84,27],[-99,-35],[-15,71],[109,96],[143,-9],[135,9],[81,20],[36,77],[-94,59],[17,45],[178,-28],[43,-35],[183,-36],[83,8],[147,-14],[106,5],[60,-16],[456,-55],[82,-30],[110,-13],[182,-58],[-3,-12],[-296,17],[-96,-5],[-104,42],[-63,-32],[-78,-99],[175,44],[499,24],[-117,-123],[-67,-39],[-67,21],[89,56],[-128,10],[-61,-41],[46,-26],[-12,-59],[-143,-33],[-83,-72],[118,-18],[218,79],[278,254],[148,4],[176,-14],[151,-29],[173,-52],[123,-113],[-13,-36],[-83,-38],[-81,62],[-99,-66],[38,-38],[159,-20],[84,-34],[-32,-23],[188,-34],[-41,-60],[92,14],[170,-20],[164,-142],[-36,-52],[65,-32],[108,-23],[101,0],[252,30],[83,35],[455,67],[442,-12],[109,-14],[143,-39],[192,-70],[121,-79],[90,-125],[22,-78],[-112,-186],[30,-42],[156,-66],[145,-16],[22,-32],[-23,-58],[28,-89],[-17,-89],[87,-30],[29,-51],[46,36],[-45,103],[10,79],[44,24],[28,34],[86,28],[50,52],[110,13],[40,-14],[106,33],[84,-16],[79,3],[68,40],[111,-77],[106,-26],[117,15],[108,-1],[108,-36],[148,5],[83,-16],[153,96],[45,39],[70,-25],[-3,-34],[85,-48],[-13,-89],[25,-68],[151,-28],[153,-82],[9,-88],[46,-34],[195,25],[145,82],[36,31],[-36,65],[5,59],[-44,44],[-44,104],[-80,-10],[-14,54],[96,38],[-18,87],[23,89],[190,-22],[182,-40],[213,-15],[19,-30],[136,-56],[30,23],[-5,56],[125,-52],[39,21],[272,-20],[111,13],[114,-48],[155,-11],[62,-40],[115,-29],[52,1],[229,-87],[41,21],[110,-35],[-7,-66],[86,7],[78,-37],[172,-121],[0,-210],[0,-249],[0,-249],[0,-248],[0,-249],[0,-249],[0,-249],[0,-248],[0,-2],[-59,-24],[-81,-97],[-61,-6],[-91,-48],[-41,-37],[-51,19],[-79,-5],[-142,19],[-51,37],[-31,72],[-38,-43],[-73,-32],[-47,37],[-172,12],[29,-53],[71,-47],[39,-47],[69,66],[95,35],[41,-7],[-34,-102],[24,-71],[58,-57],[89,-48],[75,72],[32,-55],[22,-86],[-4,-39],[61,-41],[18,-134],[-37,-25],[26,-58],[-34,-32],[87,-43],[57,-44],[55,-20],[22,-40],[-45,-66],[25,-45],[53,-23],[18,-71],[-47,-45],[-13,-48],[-63,-12],[0,-77],[-177,48],[-115,52],[-102,17],[-100,3],[7,53],[-78,40],[-30,-37],[22,-72],[-113,-32],[-84,-84],[-173,-63],[-123,-84],[-97,-38],[-33,-43],[-54,-23],[-94,15],[-40,-65],[-51,-11],[-69,28],[-12,-88],[-56,-26],[-43,-61],[-62,37],[-49,-20],[58,-40],[-76,-80],[-70,18],[24,-85],[-63,-18],[-63,-82],[-92,-20],[-17,-39],[-52,6],[-9,-53],[-52,-42],[-99,-24],[-6,-30],[-56,-9],[23,-46],[-44,-34],[-27,-153],[-36,-23],[-40,50],[-43,19],[-56,112],[-11,58],[-96,67],[-49,17],[-145,-6],[-38,22],[-104,-14],[-243,-108],[-38,-13],[-204,-242],[-48,-8],[18,146],[30,52],[-10,79],[38,49],[-91,-14],[-89,-92],[-55,-25],[-104,-67],[19,-40],[-50,-78],[-55,-29],[-23,83],[-63,77],[-45,-11],[5,-48],[-47,-14],[-39,36],[-98,8],[12,-74],[-52,-3],[-34,-42],[3,-91],[-59,-60],[36,-39],[3,-73],[-63,-8],[-18,-54],[-34,-24],[49,-73],[-68,-40],[-21,-34],[-89,-82],[-63,-124],[-47,-159],[8,-79],[51,-54],[65,-18],[20,76],[48,15],[79,-65],[58,-12],[29,-52],[-23,-57],[-45,-67],[-65,-38],[-12,-29],[-1,-90],[20,-47],[-19,-65],[-1,-79],[49,-30],[27,19],[57,-26],[-11,-48],[27,-118],[7,-87],[-68,-40],[-16,-48],[-62,26],[-49,82],[31,63],[50,17],[47,59],[-34,17],[-21,-54],[-46,27],[-64,-22],[-27,-33],[51,-51],[-27,-25],[-93,-44],[-28,-42],[-5,-57],[-65,-161],[-8,-116],[17,-98],[92,-164],[-7,-39],[-101,-126],[-118,-15],[-27,40],[-39,13],[-87,-30],[-86,-78],[-54,-69],[-45,-33],[-40,-96],[-16,-93],[6,-51],[28,-62],[-13,-143],[26,-9],[-1,-75],[-103,71],[-41,-14],[-127,-76],[-79,-92],[-10,51],[-31,38],[-38,-39],[56,-32],[1,-36],[-30,-55],[8,-57],[-7,-77],[7,-90],[-70,-131],[1,-33],[-70,-96],[-23,-51],[-49,-64],[-60,-29],[-24,-69],[-107,-112],[-88,-118],[11,95],[-10,59],[-50,46],[-15,114],[6,129],[-17,220],[-18,94],[16,60],[-45,36],[-41,169],[-19,217],[-28,246],[-56,281],[-32,233],[-15,194],[19,177],[17,200],[19,34],[45,238],[54,124],[69,39],[73,82],[47,69],[46,106],[-19,116],[-35,57],[48,42],[70,-43],[61,16],[32,74],[36,36],[60,-20],[60,19],[44,34],[86,90],[99,72],[102,131],[25,20],[68,104],[-5,43],[36,64],[119,103],[37,54],[13,49],[83,26],[63,73],[65,59],[15,38],[52,61],[33,11],[65,56],[11,107],[72,60],[53,12],[26,30],[68,12],[36,53],[82,27],[41,-3],[51,29],[44,-1],[19,31],[-76,42],[73,92],[46,24],[26,56],[-21,44],[-51,22],[28,83],[48,19],[13,120],[-4,83],[13,86],[78,45],[32,49],[54,4],[67,-28],[49,28],[-109,49],[-45,57],[-59,9],[-86,-17],[-53,-26],[-62,-8],[-97,-33],[-9,-105],[-38,-42],[15,-95],[-45,-113],[98,-52],[-5,-24],[-112,-39],[6,48],[-44,15],[-38,-23],[-56,8],[-24,-43],[-91,-108],[-105,-59],[-38,-59],[-72,-72],[-72,-46],[-24,-73],[-120,-26],[-26,-46],[-33,16],[25,65],[-22,26],[68,80],[-60,27],[-67,-49],[-26,21],[39,62],[-25,76],[16,59],[38,26],[1,35],[47,27],[-7,36],[41,69],[-6,58],[-26,30],[-68,-47],[-20,-44],[-104,-53],[-14,72],[-39,9],[-6,39],[-117,5],[-19,-38],[-159,0],[-48,-46],[-77,23],[-88,1],[-29,-34],[-88,-32],[-28,-49],[-66,-14],[-8,-98],[-27,-59],[-47,-30],[-98,-99],[-24,-45],[1,-53],[-53,-49],[-41,-15],[-24,-46],[-38,-4],[-54,-57],[-50,-22],[-104,-136],[-42,-16],[21,-83],[-71,-13],[15,-110],[-54,-70],[50,-36],[45,55],[57,-2],[38,-36],[48,13],[66,-76],[-4,-84],[-102,9],[-37,-24],[-47,36],[-43,-19],[5,-35],[-83,-29],[-39,17],[-28,43],[-116,34],[-8,-75],[-67,-4],[-39,-37],[-7,-46],[-97,17],[-40,37],[-64,-20],[-39,-54],[-82,-13],[-96,3],[-73,123],[35,-5],[59,39],[88,-18],[92,11],[55,35],[-47,35],[-47,-15],[-54,16],[-33,92],[-85,36],[-69,12],[-34,-12],[-25,-53],[-88,54],[-16,28],[-121,43],[-109,29],[-59,-16],[-66,-42],[-44,-94],[6,-48],[-55,-60],[-94,13],[-11,58],[-47,15],[-82,-9],[-87,-43],[-12,-33],[-73,47],[-148,25],[-7,20],[-68,19],[-33,-30],[-2,-61],[-70,-70],[-55,77],[35,53],[-81,12],[-86,-15],[-33,8],[-61,-20],[-147,3],[-165,14],[-93,-42],[-89,18],[-155,-64],[-86,-51],[-85,-90],[-44,-89],[-53,-74],[-107,-80],[-75,-37],[-64,-95],[-46,-173],[-58,-41],[-80,-38],[-51,-102],[-61,-26],[-39,-66],[-59,-13],[-71,-68],[-3,-39],[-70,-40],[-106,-175],[-41,-49],[30,-52],[-83,-32],[-22,-67],[-36,-50],[-34,-4],[-214,-228],[-56,-19],[-66,-68],[-27,-65],[-94,-91],[-90,-43],[-84,-96],[-13,-37],[25,-49],[104,-28],[26,-47],[134,24],[77,-12],[60,24],[33,-26],[-39,-89],[22,-49],[-11,-125],[-24,-26],[-1,-102],[24,-17],[49,42],[40,-25],[21,21],[28,93],[-36,4],[-25,50],[64,63],[40,23],[63,-20],[-53,-82],[-48,3],[64,-73],[60,-14],[-47,-60],[-32,-79],[-43,-6],[-28,-33],[33,-29],[92,10],[65,19],[62,43],[40,41],[26,86],[44,31],[8,-55],[-14,-47],[-43,-51],[-35,-75],[42,-11],[26,16],[42,94],[7,72],[21,49],[-6,170],[113,-55],[57,-5],[114,51],[5,-41],[50,-46],[64,-33],[24,-43],[-21,-40],[28,-50],[41,-28],[8,-31],[110,-91],[23,-40],[58,-49],[34,-1],[14,-80],[-65,-80],[-68,22],[8,-44],[79,-49],[-16,-34],[22,-28],[0,-71],[-44,-65],[13,-42],[93,-96],[-30,-16],[-25,-51],[33,-48],[-62,-59],[-24,-72],[-55,-32],[-3,-93],[-17,-43],[-34,-4],[-10,-101],[11,-29],[-14,-68],[-30,-30],[-21,-94],[13,-36],[-19,-36],[27,-100],[-6,-96],[37,-47],[-44,-37],[-21,-60],[34,-53],[-10,-33],[15,-58],[-29,-77],[-6,-57],[-24,-44],[9,-37],[-21,-81],[15,-35],[-23,-24],[-22,-106],[-6,-100],[-32,-57],[-25,-15],[-58,-71],[-14,-34],[-78,-95],[-35,-58],[-15,-62],[-41,-92],[-25,-83],[-18,-4],[-96,-159],[-13,-64],[-37,-97],[-1,-57],[-38,-47],[-27,-113],[-86,-141],[-30,-76],[-73,-85],[-68,-124],[-85,-85],[-18,-58],[-28,-27],[-27,-69],[-51,-51],[-8,-40],[-29,-41],[0,-31],[-28,-47],[-63,-37],[-27,-71],[-35,-45],[-9,-65],[-22,-17],[-14,-85],[-36,-57],[-34,-18],[-24,-87],[-44,-24],[-104,-115],[-67,-55],[-38,-20],[-23,-42],[-49,-56],[-23,7],[-30,-26],[-33,1],[-43,-34],[-40,-8],[-37,-37],[-44,58],[-22,7],[-26,-31],[-11,59],[-53,-17],[-20,42],[-26,9],[-31,-30],[4,90],[14,111],[-70,-52],[-39,-55],[-27,14],[38,87],[-9,16],[-52,-7],[-4,-33],[-44,-88],[-18,-20],[-13,-68],[-53,-48],[-23,-108],[-16,43],[-75,7],[-34,20],[-17,-18],[54,-70],[-19,-31],[-24,-83]],[[54392,72013],[-19,-6],[-262,15],[-212,12],[-335,20],[-19,10]],[[53545,72064],[59,70],[35,87],[-11,59],[30,29],[90,-1],[72,51],[77,117],[18,-5],[-45,-65],[-78,-89],[88,-27],[59,-5],[40,19],[-13,127],[23,28]],[[57674,67710],[88,-179],[40,-36],[58,16],[26,41],[61,-22],[31,47],[44,5],[84,-32],[-30,-31],[-22,-58],[5,-81],[-57,-30],[-48,20],[-14,-25],[-39,-3],[-21,37],[-60,27],[-35,-25],[-7,-34],[-63,-50],[-20,-54],[-20,21],[-67,-8],[-77,-45],[-35,-85],[-52,-54],[-50,-34],[-64,9],[-38,48],[-54,34],[27,21],[18,51],[0,64],[20,47],[-15,81],[-40,45],[-42,-14],[-48,58],[-48,41],[-40,4],[-24,-21],[-40,10],[3,59],[111,102],[88,45],[58,50],[61,28],[-17,35],[-5,72]],[[0,77356],[0,2],[0,248],[0,249],[0,249],[0,249],[0,248],[0,249],[0,249],[0,211],[77,-32],[53,1],[42,-46],[138,-38],[56,-57],[-17,-47],[176,-58],[21,-48],[96,-67],[39,25],[54,-18],[145,-92],[-17,-29],[76,-40],[70,5],[51,-23],[-68,-64],[9,-27],[95,-41],[54,-4],[-56,84],[26,32],[144,-72],[34,-165],[66,38],[29,-24],[-22,-77],[-5,-86],[40,-65],[19,-73],[-76,-48],[144,-67],[0,-87],[37,-1],[75,59],[23,-66],[61,15],[-35,68],[-61,11],[-36,30],[71,39],[-26,147],[-68,42],[197,22],[78,-34],[70,-52],[88,-16],[82,24],[125,18],[71,-31],[-11,-29],[91,-52],[-8,-35],[135,-82],[79,-79],[110,-52],[18,-39],[104,-21],[-51,-43],[-68,-19],[-104,-75],[-11,-46],[22,-45],[-48,-36],[-84,-3],[-15,-63],[-57,28],[-150,-17],[-137,67],[8,22],[-105,19],[2,-41],[76,-21],[1,-74],[60,-6],[-10,-48],[-94,-59],[94,5],[29,-83],[-62,-51],[-101,-35],[-15,-72],[-37,-34],[21,-26],[94,-27],[21,-75],[-54,-19],[-66,42],[3,-67],[-76,-39],[-70,22],[-5,54],[-57,-32],[-105,41],[-22,68],[-155,88],[16,46],[-125,-29],[-107,19],[-47,62],[-39,9],[10,92],[-38,67],[-8,72],[-286,103],[-72,-35],[-46,-49],[-233,2],[-65,33],[31,85],[-58,24],[-66,82],[40,49],[11,55],[51,19],[-34,78],[-44,-65],[-53,-4],[-51,65],[-37,-81],[-123,-12],[-16,-84],[28,-76],[120,-75],[4,-49],[-64,-68],[-6,-80],[-38,-47],[-90,-38]],[[96569,80584],[0,-241],[0,-30],[-89,-59],[-144,2],[-80,-35],[-56,114],[75,100],[75,33],[102,74],[117,42]],[[0,80312],[0,31],[0,241],[71,25],[110,-16],[67,23],[183,-30],[181,-117],[74,-34],[-52,-60],[-79,-38],[-253,-30],[-126,-37],[-176,42]],[[86518,71984],[54,62],[23,-60],[50,-83],[-26,-111],[9,-81],[45,-162],[27,-31],[22,-105],[12,-224],[-58,-182],[15,-12],[-21,-105],[17,-54],[1,-61],[39,-60],[-24,-111],[65,-31],[-5,-51],[25,-63],[13,-114],[25,-137],[30,-213],[57,-148],[33,-133],[3,-53],[23,-54],[16,-141],[43,-118],[-44,33],[-9,26],[-64,69],[-136,40],[-87,-52],[-28,-30],[-26,-70],[4,-64],[-53,-177],[-65,-270],[-1,-127],[12,-62],[45,-105],[41,-33],[28,-56],[5,-91],[23,-98],[-10,-30],[24,-53],[66,46],[25,-15],[4,-92],[27,-105],[-28,-68],[-27,-8],[-23,93],[2,77],[-49,17],[-104,6],[-13,65],[-52,-28],[-20,-26],[-47,-152],[-21,-148],[-44,-53],[-28,56],[-9,121],[-17,68],[-4,93],[63,226],[0,57],[-22,64],[-6,92],[3,65],[38,131],[23,46],[-14,175],[-59,145],[-17,83],[30,44],[29,167],[-4,59],[17,73],[9,108],[-9,109],[13,94],[-6,130],[-28,91],[22,183],[37,89],[-23,120],[-27,78],[-70,101],[-2,66],[-36,53],[-9,86],[5,149],[32,42],[17,62],[6,134],[16,80],[-25,74],[-17,101],[50,43],[73,32],[21,-77],[40,7],[32,59],[-22,69],[31,36],[27,119],[-65,98],[-16,43],[33,33]],[[2081,77231],[17,-38],[-122,-27],[46,71],[59,-6]],[[67097,78100],[-79,-34],[-78,51],[8,23],[-41,65],[82,-1],[96,-38],[12,-66]],[[91603,79332],[-93,30],[48,78],[45,-108]],[[91642,79599],[-5,-56],[-55,-17],[-4,88],[64,-15]],[[62075,80719],[8,67],[46,75],[93,12],[100,-23],[41,52],[-22,25],[72,41],[7,95],[59,50],[-33,42],[-106,18],[59,73],[141,49],[3,94],[45,35],[116,39],[117,-13],[92,52],[108,24],[99,-43],[303,-54],[30,-54],[-86,-56],[-2,-91],[-22,-23],[-107,1],[-14,-105],[-59,-68],[-24,-67],[53,-51],[-62,-67],[3,-61],[38,-21],[47,-145],[96,-120],[21,-55],[257,-198],[111,-37],[43,-29],[-53,-50],[-72,-9],[-218,17],[-61,-25],[-85,8],[-100,65],[-56,-38],[9,-41],[-136,48],[-19,44],[-53,8],[-130,-13],[-87,74],[-3,49],[-48,34],[157,13],[-135,50],[-57,67],[-30,61],[-103,-27],[-69,33],[-10,54],[-191,-60],[-88,55],[-33,120]],[[63571,82157],[-97,2],[-43,53],[-141,-10],[-15,33],[177,39],[-182,40],[-15,76],[151,16],[65,-41],[72,58],[-33,32],[77,55],[186,-35],[-47,96],[167,35],[19,51],[236,87],[70,35],[94,-3],[80,31],[59,59],[153,6],[64,78],[150,16],[123,-29],[184,9],[47,-32],[205,71],[85,-17],[212,84],[92,-4],[118,52],[39,51],[176,83],[143,50],[173,32],[234,-23],[126,-123],[-49,-105],[-109,-80],[-14,-34],[-101,-11],[-206,-77],[-123,-22],[-136,-49],[-258,-54],[-365,-92],[-66,6],[-82,-47],[-74,0],[-203,-74],[-60,5],[-178,-75],[-75,-51],[-73,-22],[-73,-143],[-77,-58],[-91,-12],[-16,-49],[-73,-15],[-103,9],[-34,-60],[-140,-53],[42,-75],[-59,-11],[-110,-78],[3,-37],[-62,-26],[18,-64],[-95,-51],[-6,-48],[-64,-17],[-20,-58],[-93,-71],[-88,-27],[-123,15],[-94,29],[-90,-8],[-111,55],[-147,-26],[-73,57],[91,53],[-125,-1],[-119,75],[64,10],[103,68],[127,31],[-13,45],[91,52],[162,9],[-25,78],[-79,14],[127,74],[-48,66],[98,3],[132,30],[45,-19],[116,3]],[[87685,66777],[9,-28],[-71,-45],[-12,48],[44,26],[30,-1]],[[87574,67061],[-38,-68],[-50,-13],[-56,-73],[-37,-86],[-57,-57],[-2,-52],[-35,-2],[-9,52],[20,32],[66,75],[19,58],[47,66],[39,107],[20,0],[45,-42],[28,3]],[[88199,67553],[-10,-51],[-55,-3],[-31,-29],[-60,-26],[-61,-95],[-59,-31],[-18,32],[-39,-92],[-45,-43],[-44,-78],[-30,-5],[-32,-45],[-32,5],[87,111],[18,77],[62,68],[1,37],[45,8],[30,52],[29,10],[-4,81],[21,25],[14,-75],[18,-15],[65,12],[83,112],[47,9],[0,-51]],[[88611,67950],[39,0],[-31,-64],[-32,-23],[-27,-69],[-52,-38],[-84,-105],[-29,-14],[-12,43],[49,92],[39,13],[56,96],[35,11],[16,42],[33,16]],[[89113,68408],[-13,-55],[-37,-58],[-58,-68],[-15,48],[34,5],[89,128]],[[90165,70158],[7,-59],[-26,-16],[-46,-116],[-30,-34],[-57,-10],[-47,-64],[-44,36],[8,53],[43,72],[59,12],[23,19],[46,134],[50,45],[14,-72]],[[90255,70276],[13,-54],[-28,-67],[-61,29],[6,46],[70,46]],[[90014,70244],[-24,56],[42,-5],[-18,-51]],[[85080,72394],[-41,-99],[-60,44],[68,49],[33,6]],[[85315,72364],[37,-1],[-53,-87],[0,-42],[-75,-86],[-16,18],[-43,108],[-52,-41],[-5,51],[50,64],[8,46],[31,40],[118,-70]],[[92992,72213],[-83,42],[-73,110],[-24,80],[-52,25],[42,46],[89,-30],[-10,-75],[61,-105],[46,-49],[4,-44]],[[92467,74318],[-20,-55],[-61,0],[-76,-42],[-144,-112],[18,67],[34,59],[-4,31],[54,78],[85,43],[74,63],[40,-132]],[[57906,77339],[-71,3],[-21,53],[78,5],[14,-61]],[[61784,79394],[-99,-38],[-63,-92],[-127,-55],[-121,-25],[-55,0],[-100,89],[0,82],[23,102],[38,47],[97,61],[125,7],[239,-123],[43,-55]],[[93738,79742],[-38,-39],[1,-53],[-32,-44],[-84,-4],[-189,63],[-30,35],[-72,22],[8,36],[119,72],[152,-42],[106,-17],[59,-29]],[[64524,79727],[-17,-48],[-74,-19],[-171,15],[11,52],[-46,35],[-102,7],[-96,50],[-22,68],[-43,28],[19,68],[56,43],[78,31],[79,-54],[125,-120],[61,-14],[125,-91],[17,-51]],[[62564,80424],[-30,-65],[-86,4],[-7,37],[-58,41],[-81,12],[1,37],[129,29],[86,-84],[46,-11]],[[85280,80595],[-40,-64],[-113,-1],[-81,41],[47,33],[131,10],[56,-19]],[[69283,81091],[31,-31],[-217,-102],[-179,3],[-2,40],[85,44],[22,42],[80,45],[180,-41]],[[82843,81142],[-13,-55],[-119,8],[-55,41],[139,16],[48,-10]],[[82705,81220],[28,29],[154,31],[60,-3],[53,-56],[-56,-26],[-239,25]],[[69627,81198],[-45,-32],[-130,19],[-85,60],[147,117],[61,-31],[52,-133]],[[68329,81368],[-21,-85],[-48,-19],[-100,64],[32,43],[137,-3]],[[80549,81364],[-13,-30],[-115,0],[-38,34],[97,30],[69,-34]],[[67510,81428],[-47,-39],[-224,-24],[-108,-32],[-87,47],[36,63],[-23,75],[131,45],[128,9],[43,-38],[10,-84],[84,38],[57,-60]],[[68651,81575],[-33,-35],[-118,8],[69,42],[82,-15]],[[86771,81474],[24,-45],[-104,-27],[-171,19],[-275,42],[-194,56],[-77,-3],[-144,-39],[-53,46],[37,26],[88,-9],[69,16],[45,47],[56,100],[69,51],[247,17],[144,-45],[221,-141],[35,-50],[-17,-61]],[[84836,81792],[-59,-10],[-161,111],[40,37],[117,-68],[63,-70]],[[86134,81887],[-17,-72],[-160,-48],[-74,81],[16,75],[34,17],[145,11],[56,-64]],[[78705,82034],[7,-24],[-73,-85],[-103,-68],[-164,25],[-60,39],[-96,22],[-30,42],[139,25],[33,78],[171,-28],[152,-8],[24,-18]],[[71230,82099],[-10,-54],[-90,23],[100,31]],[[71375,82090],[9,-34],[-122,-8],[36,48],[77,-6]],[[70345,82499],[-148,-49],[-52,42],[120,16],[80,-9]],[[88744,82393],[-59,-134],[-218,-44],[-21,-20],[-137,-4],[-278,23],[-136,75],[-155,25],[-117,62],[-116,24],[-39,32],[57,81],[28,91],[102,-39],[-34,-30],[41,-40],[96,-15],[59,51],[277,-9],[47,-19],[-37,-48],[45,-36],[138,27],[269,-22],[135,-54],[53,23]],[[84764,82575],[11,-42],[-51,-30],[-105,-4],[38,96],[3,98],[149,-67],[-45,-51]],[[87279,82581],[-171,-54],[-11,-135],[-96,-57],[-89,-11],[-67,29],[-90,-8],[-145,45],[-102,109],[11,51],[128,62],[-3,53],[-181,2],[-65,-93],[31,-88],[57,-41],[58,-85],[220,-45],[4,-53],[-172,-12],[-125,-26],[-137,87],[-127,-39],[-69,-2],[-280,-44],[-59,68],[-95,-9],[18,-50],[-59,-79],[-88,-15],[-54,28],[-174,31],[-72,35],[-28,65],[-173,79],[-77,113],[153,14],[-66,75],[25,26],[-56,67],[35,32],[104,-8],[-41,89],[159,40],[30,43],[106,33],[114,11],[40,-55],[215,-80],[-32,-21],[96,-47],[107,-22],[-29,-53],[167,0],[-53,44],[12,123],[86,36],[43,43],[84,-11],[119,-54],[107,-75],[138,-28],[141,32],[97,-18],[231,-95],[98,-18],[52,-34]],[[74209,82944],[-80,-6],[15,-50],[-137,-1],[-156,24],[1,38],[357,-5]],[[78317,83111],[100,28],[53,-18],[24,-81],[-177,71]],[[88354,83179],[-47,-56],[-201,-1],[112,55],[136,2]],[[74178,83412],[-14,-61],[-126,-49],[-81,45],[221,65]],[[72343,83449],[16,-57],[-120,-9],[-44,35],[45,45],[103,-14]],[[77176,83877],[-35,-35],[-316,32],[22,15],[292,13],[37,-25]],[[76562,84099],[-16,-38],[-153,-85],[-160,-5],[-128,-35],[-227,-18],[-444,-13],[-53,-32],[-262,-84],[-140,-9],[-66,49],[210,151],[-14,37],[78,87],[-9,36],[207,183],[0,46],[76,57],[175,27],[91,70],[224,-54],[-106,-83],[-28,-72],[191,51],[171,8],[23,-63],[83,-8],[31,-63],[181,-27],[65,-113]],[[69104,84568],[-246,-23],[-140,46],[83,37],[303,-60]],[[73400,84773],[11,-51],[-166,-58],[-114,-21],[-189,3],[48,65],[-276,21],[51,26],[-40,72],[180,8],[232,-40],[263,-25]],[[62058,84783],[-213,17],[120,57],[93,-74]],[[75079,84328],[-3,-55],[-126,-54],[-128,-8],[-313,1],[-134,22],[-125,68],[-232,2],[-137,56],[-108,-34],[-175,99],[-14,121],[-152,33],[10,57],[103,58],[140,20],[-108,42],[174,86],[152,20],[230,-7],[330,38],[126,-71],[-78,-43],[130,-36],[87,54],[166,34],[221,-113],[-84,-127],[11,-102],[-45,-96],[82,-65]],[[61719,84840],[-148,45],[187,34],[-39,-79]],[[63251,85127],[-97,35],[94,24],[201,13],[106,-62],[-304,-10]],[[60808,85070],[-162,-44],[-3,63],[-156,-21],[-106,62],[490,50],[165,53],[198,-13],[102,-37],[29,-48],[-188,2],[-135,42],[-152,-97],[-82,-12]],[[64975,85212],[-40,-100],[-98,-8],[-177,-96],[-198,45],[-180,-32],[-106,49],[-3,57],[124,97],[234,-7],[403,28],[41,-33]],[[63878,85196],[7,45],[207,5],[1,-50],[-215,0]],[[63244,85197],[-239,-31],[-126,65],[185,25],[180,-59]],[[62150,85169],[-198,-95],[-328,-21],[24,-47],[-88,-19],[-174,13],[-50,-36],[121,-63],[-149,-16],[-29,-29],[-217,9],[79,64],[-128,-3],[-94,-35],[-118,52],[115,48],[91,-24],[208,47],[-51,65],[107,12],[111,-37],[216,71],[-168,68],[180,39],[281,21],[259,-84]],[[69692,85292],[170,-17],[-30,-40],[-322,-26],[30,73],[152,10]],[[64018,85327],[-107,-44],[-100,37],[50,41],[157,-34]],[[63665,85251],[-144,68],[226,-2],[172,-49],[-120,-36],[-134,19]],[[62921,85303],[80,44],[192,-38],[118,18],[170,-50],[276,-63],[-32,-35],[-135,-28],[-104,59],[-234,22],[-105,52],[-226,19]],[[72842,85382],[-97,-49],[-319,24],[20,55],[371,-11],[25,-19]],[[74505,85176],[-149,-48],[-46,-60],[50,-85],[-5,-60],[-578,-48],[-359,-70],[-319,80],[-107,66],[-154,0],[-16,30],[168,27],[-49,32],[221,22],[40,84],[-56,37],[10,66],[90,54],[492,74],[58,63],[180,9],[209,-105],[112,-86],[219,-45],[-11,-37]],[[63646,85518],[-137,11],[69,44],[372,-31],[-25,-49],[-279,25]],[[65051,85631],[70,26],[245,-5],[-57,-53],[-258,32]],[[63922,85661],[-37,58],[284,14],[37,-52],[-284,-20]],[[89819,69666],[17,-19],[-28,-78],[10,-52],[-30,-42],[-32,18],[2,36],[61,137]],[[64112,84796],[-56,32],[197,38],[107,-62],[-193,-33],[-55,25]],[[63229,84858],[82,39],[-8,77],[307,-15],[2,-94],[-49,-26],[-334,19]],[[62400,84898],[-14,53],[78,57],[129,-3],[67,-78],[-27,-35],[-233,6]],[[63716,84872],[-82,54],[14,75],[-88,45],[404,-6],[199,-45],[-268,-44],[-75,-53],[-104,-26]],[[62716,85042],[126,58],[53,-54],[-179,-4]],[[64448,85323],[96,28],[286,11],[-22,-41],[-164,-55],[-246,29],[50,28]],[[65123,85248],[99,43],[240,7],[104,104],[216,-29],[58,-108],[-119,-55],[-155,-34],[-347,-29],[-138,57],[42,44]],[[63212,85405],[50,62],[239,36],[258,-33],[-337,-78],[-210,13]],[[59136,77115],[-69,-4],[-41,63],[50,-1],[60,-58]],[[66345,79604],[-18,-67],[-54,6],[26,55],[46,6]],[[70631,80219],[44,-33],[-44,-47],[-43,3],[43,77]],[[52257,70269],[46,0],[4,74],[62,-15],[33,-97],[25,9],[87,-28],[22,-35],[64,-14],[65,-1],[23,-29],[-9,-36],[-52,-45],[39,-26],[54,-82],[13,-40],[32,-16],[31,45],[38,23],[-12,99],[72,-27],[41,-53],[72,-6],[36,-28],[-42,-28],[37,-32],[32,-54],[68,22],[57,-54],[68,-1],[2,-51],[19,-52],[36,-12],[16,-83]],[[53336,69596],[-79,-14],[-57,-85],[-36,-17],[-19,-37],[-4,-56],[-51,-40],[-15,-45],[-87,-54],[-98,23],[-38,-56],[-22,-71]],[[52830,69144],[-19,57],[-57,11],[-5,19],[-56,8],[-20,-34],[-88,16],[-57,57],[-37,-7],[-56,39],[-56,23],[-76,12],[-16,-122],[-32,7],[-26,-52],[-2,-41],[-68,23],[-34,-39],[-65,17],[-25,57],[-44,30]],[[51991,69225],[-56,90],[-34,-5],[-49,78],[-32,12],[-48,89],[-55,16],[-41,51],[-5,40],[-65,116],[38,81],[-15,32],[-59,38],[-38,122],[62,-16],[46,65],[46,3],[39,24],[25,-18],[24,43],[41,2],[19,43],[58,7],[41,58],[63,5],[146,99],[-35,28],[10,30],[55,-10],[38,-54],[47,-25]],[[49987,69569],[1,55],[38,67],[2,47],[-74,46],[-34,81],[5,35]],[[49925,69900],[8,47],[29,21],[23,56],[-6,57],[-32,4],[9,48],[-63,81]],[[49893,70214],[18,79],[-22,83],[40,33],[-18,46],[32,52],[3,86],[-25,68],[-43,43],[-3,38],[79,27],[43,-17],[89,36],[24,42],[-35,25],[24,37],[70,61],[6,67],[-40,33],[-55,22],[2,72],[90,14],[12,103],[27,56],[3,139]],[[50214,71459],[17,37],[-49,9],[-14,57],[18,68],[37,39],[74,6],[120,22],[59,-84],[-30,-26],[40,-45],[30,49],[8,52],[58,-33],[-22,68],[24,87],[30,15],[47,-29],[68,17],[-53,37],[28,80],[-55,41],[20,61],[-64,-14],[-6,56],[62,13],[41,46],[-87,115],[-7,80]],[[50608,72283],[44,5],[99,-28],[8,-22],[57,2]],[[50816,72240],[31,18],[112,-42],[17,-55],[-4,-53],[50,-42],[153,-73],[43,32],[38,-19],[-3,-79],[-84,-69],[36,-40],[77,27],[18,-37],[58,-14],[9,43],[45,70],[121,20],[62,60],[43,85],[100,-54],[36,36],[29,-79],[46,-22],[51,-55],[55,22],[33,-32],[-13,-37],[35,-59],[-19,-17],[45,-52],[75,-37]],[[52111,71686],[11,-95],[28,-118],[-18,-112],[-53,-44],[19,-71],[115,-120],[-28,-78],[18,-72],[24,-12],[-3,-66],[20,-22],[-17,-72],[-30,-64],[36,-64],[3,-80],[57,-33],[20,-88],[-17,-104],[-39,-102]],[[51991,69225],[-4,-77],[-24,-44],[-52,30],[-30,-104],[-36,-34],[-64,-22],[-78,-71],[4,-28],[62,-109],[-26,-61],[41,-14],[8,-25],[-10,-76],[-26,-12],[-44,43],[-9,55],[-66,-19],[-20,32],[-59,-7],[-10,-37],[-62,3],[-31,-17],[-53,7],[-19,-38],[-37,-4],[-41,-52],[-47,-6],[-79,63],[-49,23],[-47,-10],[5,-51],[-39,-69],[-96,111],[-107,5]],[[50846,68610],[-74,58],[-69,14],[-29,-13],[-30,34],[-64,40],[-45,-54],[-10,-55],[-27,20],[-44,-27],[-47,-4],[-25,18],[-36,-26],[-27,20]],[[52096,71805],[-2,-30]],[[52094,71775],[-88,-17],[16,28],[-8,35],[40,17],[42,-33]],[[51304,72075],[-18,-27],[-49,21],[31,34],[36,-28]],[[51959,72031],[-53,-23],[-41,-54],[-62,50],[36,25],[-23,81],[56,-12],[25,26],[47,4],[-18,-57],[33,-40]],[[55622,73596],[-78,14],[-60,27],[-91,-47],[-63,52],[-64,77],[-6,35],[-57,5],[-51,28],[-55,56],[-52,-16],[-10,33],[-125,-52],[-44,-4],[-61,-39]],[[54805,73765],[42,102],[2,89],[15,50],[-45,23],[-20,-39],[-47,-39],[-35,39],[-64,12],[-15,78],[-30,27],[-22,60],[24,59],[-43,58],[27,108],[-14,44],[77,36],[90,14],[-3,41],[61,12],[25,30],[60,-20],[20,26],[133,16],[57,-16],[24,40],[50,29],[85,2],[24,-24],[51,1],[48,-21],[55,3],[44,-37],[77,-17],[79,4],[124,-22],[40,37]],[[54516,74083],[-39,-55],[-88,-76],[-60,6],[-56,-24],[-36,-111],[-50,4],[22,45],[-19,76],[-40,15],[33,61],[-24,41],[57,15],[56,43],[86,2],[69,16],[89,-58]],[[54557,74120],[-43,-22],[-44,34],[26,36],[36,-4],[25,-44]],[[54264,74278],[46,38],[36,59],[38,-42],[53,-11],[28,-71],[-81,-17],[-22,-52],[-27,-8],[-47,97],[-24,7]],[[53932,72870],[-23,90],[12,172],[14,124],[42,30],[48,65],[6,125],[74,133],[81,23],[130,71],[46,-78],[101,-96],[26,-12],[32,-128],[24,-27],[96,-46],[69,23],[69,55],[45,53],[7,57],[-13,170],[-15,29],[2,62]],[[56051,79332],[-34,40],[10,55],[98,80],[31,43],[-57,105],[-195,64],[-64,46],[-80,90],[-69,-7],[-80,-66],[-57,-14],[-63,19],[-98,-10],[-81,-101],[-44,-10],[-39,-88],[-3,-74],[-38,-90],[18,-89],[-41,-64],[-70,-5],[-50,-31],[-23,-87],[-69,-37],[-53,51],[-88,21],[-109,54],[-52,-50],[-144,-49],[-48,34],[-113,19],[-45,-7],[-15,56],[-94,95],[-96,125],[-94,14],[-75,-55],[33,-47],[-34,-23],[-77,32],[-32,-34]],[[53817,79337],[-140,-7],[64,-56],[4,-53],[-32,-72],[-74,-59],[76,-32],[-84,-64],[-240,78],[-105,-2],[-56,36],[-71,-19],[-10,-70],[9,-118],[-73,-94],[-154,67],[-27,-32],[-111,-65],[-53,-131],[-34,-45],[-76,-25],[-19,-42],[83,-111],[-6,-74],[-101,-82],[-99,-144],[-65,-54],[14,-108],[-114,-60],[-138,-14],[28,-141],[-23,-71],[-12,-191],[-40,-51],[-15,-66],[-179,-249],[127,-72],[12,-117],[-59,-98],[-189,41],[-68,-16],[-81,-51],[-104,-150],[-33,-29],[9,-72],[-57,-82],[62,-144],[-32,-39],[14,-94],[-17,-74],[52,-125],[9,-51],[-42,-254],[68,-71],[53,-17],[71,-88],[-16,-83],[-36,-82],[-46,4],[-69,-34],[33,-113],[58,-119],[0,-60],[-29,-49],[7,-89],[-18,-34],[-81,-76],[-79,-13],[15,-51],[-21,-55],[-40,-50],[36,-154],[-40,-165],[-57,-12],[-3,48]],[[51353,74326],[-18,54],[-75,14],[-65,26],[-31,30],[-25,67],[13,53],[-9,57],[-46,-40],[-11,-83],[-43,-124],[-117,-72],[-49,1],[-63,-32],[6,-30],[-30,-41],[-222,-228],[-43,-25],[-62,-71],[-125,-19],[-11,-21],[-60,-2],[-63,16],[-42,-9],[-34,51],[-89,-13],[23,68],[-61,14],[-69,34],[-57,71],[-60,19],[-61,117],[14,57],[26,28],[68,17],[-2,63],[36,32],[28,62],[-22,50],[-52,70],[-24,-35],[30,-47],[-57,-8],[-46,-28],[-73,75],[-5,41],[68,98],[83,-16],[23,48],[-31,30],[15,49],[87,81],[12,61],[56,77],[-42,7],[-24,-69],[-68,-54],[1,-56],[-46,8],[12,46],[-114,29],[-35,44],[25,54],[-7,51],[101,-36],[25,27],[8,117],[-58,-9],[1,-29],[-61,-34],[-54,44],[-17,46],[-8,137],[17,28],[98,-23],[25,24],[98,24],[55,0],[77,-38],[49,36],[59,16],[57,-29],[82,19],[-20,26],[-59,-27],[-121,48],[-34,-55],[-132,28],[-103,-17],[-36,-28],[-80,32],[-43,60],[25,89],[63,18],[11,41],[-28,33],[-63,1],[-5,54],[72,39],[32,44],[-33,28],[16,54],[-61,47],[30,25],[118,-24],[82,17],[26,53],[127,47],[-52,30],[4,74],[81,-10],[41,31],[85,0],[73,-29],[14,20],[-28,56],[-92,-9],[13,57],[-29,44],[97,43],[62,-52],[66,16],[67,75],[67,-43],[22,-63],[40,13],[-33,51],[-36,12],[4,59],[104,-12],[-29,89],[59,14],[15,49],[101,-15],[20,56],[46,5],[27,40],[49,20],[29,-65],[41,-43],[92,19],[74,-18],[54,29],[-6,68],[74,47],[116,41],[-13,25],[-86,19],[-50,-79],[-72,-26],[-60,-49],[-90,-36],[-44,3],[-32,89],[-57,-11],[-11,52],[120,77],[6,95],[120,87],[-3,28],[44,50],[74,12],[50,25],[76,-56],[43,53],[-32,72],[59,90],[-74,-19],[-27,26],[42,32],[100,28],[55,46],[36,-10],[96,20],[8,28],[-43,78],[70,65],[-53,51],[-15,52],[84,85],[5,58],[64,14],[9,41],[-22,49],[95,26],[0,55],[-60,30],[45,28],[-23,42],[54,82],[53,7],[55,80],[-26,51],[88,-5],[82,27],[37,89],[113,27],[84,-1],[11,49],[-124,-47],[-72,31],[52,49],[54,22],[-20,34],[71,41],[74,-23],[-19,59],[-42,17],[6,80],[195,57],[48,28],[-69,38],[105,38],[-16,-65],[62,-28],[12,76],[-39,38],[0,57],[97,60],[-19,36],[44,66],[163,57],[123,68],[-69,10],[65,89],[108,39],[-21,58],[80,100],[148,33],[66,92],[53,23],[131,11],[59,-18],[29,55],[54,42],[53,-96],[102,41],[74,11],[23,64],[81,-7],[6,-30],[87,-52],[10,80],[-196,112],[62,30],[102,0],[44,27],[166,-53],[97,-5],[9,-63],[96,17],[-22,55],[57,5],[7,65],[201,120],[24,42],[-22,74],[81,-20],[25,89],[52,-24],[129,12],[98,-29],[32,-34],[-126,-110],[-29,-39],[-12,-110],[-60,-39],[-10,-63],[83,-1],[71,88],[-20,32],[153,142],[16,43],[81,78],[65,40],[35,-63],[-62,-195],[40,-3],[84,51],[83,107],[28,67],[-72,22],[35,52],[60,-9],[25,45],[82,-30],[180,-29],[-17,-45],[-95,-76],[46,-17],[-18,-44],[-103,-66],[77,-18],[70,51],[35,87],[72,75],[114,-9],[43,-43],[221,-44],[67,-60],[163,-97],[-35,-51],[-103,-7],[-62,-66],[-49,-22],[-244,24],[-126,23],[-6,-41],[109,-14],[147,-44],[24,-65],[58,-35],[46,55],[77,-34],[105,-2]],[[52047,78951],[-82,-92],[-63,14],[4,68],[37,26],[104,-16]],[[49708,74708],[-62,4],[25,42],[37,-46]],[[49757,74760],[-48,-33],[-16,57],[46,14],[18,-38]],[[49792,74866],[9,-37],[-22,-38],[-53,39],[66,36]],[[49810,75166],[-1,-97],[-53,-18],[-43,51],[97,64]],[[49590,75771],[96,-20],[-83,-34],[-13,54]],[[49823,75967],[12,-37],[-63,-7],[5,49],[46,-5]],[[49891,76024],[21,-24],[-52,-46],[-18,53],[49,17]],[[50334,76353],[-31,-54],[-35,16],[8,41],[58,-3]],[[50408,76496],[-37,35],[61,30],[47,-41],[-25,-30],[-46,6]],[[50736,76609],[-9,-17],[-161,-50],[-50,39],[61,45],[112,27],[47,-44]],[[50527,76660],[120,60],[-17,-51],[-103,-9]],[[51625,77536],[10,-19],[-65,-54],[-14,97],[69,-24]],[[51786,78869],[21,-73],[-78,-37],[57,110]],[[52308,79002],[-63,-53],[-152,-53],[28,79],[94,59],[139,12],[-46,-44]],[[52690,79065],[-7,-39],[-81,-8],[26,59],[62,-12]],[[52718,79180],[-12,-87],[-104,-7],[-51,-82],[-57,-13],[-128,-4],[6,114],[74,36],[-15,80],[59,83],[62,-2],[-12,-88],[19,-49],[71,38],[-25,38],[56,17],[51,-34],[6,-40]],[[52147,79149],[10,48],[76,3],[154,72],[27,-87],[-16,-40],[-73,-37],[-66,30],[93,32],[-25,23],[-122,-61],[-58,17]],[[52450,79276],[-18,49],[29,46],[59,28],[20,44],[77,21],[-24,-73],[-57,-58],[-86,-57]],[[53132,79537],[-40,-53],[10,-75],[-118,-12],[-187,-51],[25,131],[93,80],[137,35],[75,-26],[5,-29]],[[53381,79732],[9,-42],[-62,-31],[6,-46],[-151,-30],[-71,31],[79,23],[18,77],[79,6],[45,41],[48,-29]],[[53547,79826],[-57,-89],[-76,-25],[-95,83],[29,35],[89,37],[50,-54],[60,13]],[[53862,79864],[-97,-13],[-4,52],[46,32],[64,-20],[-9,-51]],[[54433,79969],[-51,-23],[-96,37],[85,31],[62,-45]],[[54630,80069],[-17,-44],[-101,-66],[-71,38],[-14,45],[61,35],[50,-1],[46,53],[46,-60]],[[54740,80147],[10,-36],[-63,-38],[-46,30],[-15,65],[47,24],[67,-45]],[[54299,80072],[-75,-14],[33,96],[74,21],[62,-33],[96,54],[-11,-86],[-47,-21],[-72,10],[-60,-27]],[[55295,80335],[-17,-31],[-144,-22],[-65,57],[70,48],[156,-52]],[[53599,79819],[-25,-69],[-50,27],[75,42]],[[46149,80404],[-12,-71],[-186,-48],[-86,-65],[-26,34],[163,73],[49,63],[98,14]],[[53424,82075],[37,-22],[-60,-67],[-76,66],[99,23]],[[54836,83722],[-115,-111],[-27,-48],[-145,-65],[-32,-57],[-142,-13],[-74,13],[3,87],[-67,33],[-340,-31],[-13,63],[85,17],[19,65],[107,92],[-209,84],[30,27],[189,36],[187,-6],[153,28],[135,-52],[-107,-43],[13,-40],[137,-57],[213,-22]],[[53924,83918],[-62,27],[-35,58],[-128,52],[184,31],[83,33],[216,-27],[67,-40],[10,-110],[-335,-24]],[[51542,83927],[-225,107],[-209,168],[85,45],[92,-73],[-34,-20],[56,-59],[167,-90],[68,-78]],[[53676,84369],[99,1],[98,-35],[-115,-30],[-82,64]],[[53705,84127],[-119,-7],[-22,-55],[-185,-24],[20,-44],[-39,-100],[38,-45],[-129,-16],[-67,-75],[30,-74],[-67,-133],[-102,2],[-89,-94],[-42,-163],[-103,-99],[67,-42],[-102,-65],[-127,25],[-14,46],[-92,26],[-98,79],[138,54],[-200,-9],[-82,63],[-179,32],[-14,40],[-97,73],[-13,54],[142,26],[90,-19],[289,-8],[-2,23],[-236,22],[40,40],[471,54],[-50,28],[-241,-16],[-62,23],[-125,-45],[-169,-16],[-198,5],[-35,143],[74,21],[314,10],[69,52],[71,9],[63,51],[307,5],[-141,40],[22,56],[90,64],[-100,3],[-37,-55],[-85,-43],[-151,-12],[-62,99],[-109,-6],[-112,-72],[78,-31],[-104,-25],[-1,-41],[-115,-46],[-253,17],[-14,56],[-133,63],[-4,55],[-88,9],[-101,66],[57,54],[-78,16],[0,49],[147,138],[-140,5],[29,-52],[-113,-34],[-117,135],[15,50],[-51,45],[131,80],[168,62],[253,-36],[79,28],[198,26],[47,-53],[-63,-34],[-195,-17],[-98,-39],[223,-4],[109,-22],[178,134],[83,-19],[109,-77],[63,-144],[168,-136],[7,88],[-51,38],[-25,119],[-49,76],[-9,74],[173,109],[86,-41],[254,-44],[210,-134],[102,-43],[42,-51],[16,-141],[226,4],[32,-76],[146,-34],[288,-46],[-4,-53],[-126,-51],[-223,-3]],[[57163,84920],[-72,-47],[-327,-31],[-31,22],[430,56]],[[55573,84843],[-6,-109],[-175,-66],[-180,-48],[38,-50],[-86,-64],[-124,-31],[-111,17],[-129,-30],[-63,-61],[-303,17],[-136,94],[-189,-19],[-240,3],[-24,40],[-143,5],[-137,43],[-14,28],[226,38],[369,10],[10,58],[-460,-19],[-185,-34],[-188,3],[-171,96],[177,33],[-115,29],[-99,75],[373,-26],[-79,60],[187,117],[105,-36],[185,-105],[259,31],[-23,-63],[164,-18],[51,100],[72,51],[117,20],[10,-81],[-67,-21],[146,-53],[42,67],[166,28],[139,-36],[281,-37],[232,-6],[98,-50]],[[53817,79337],[83,-35],[37,-48],[105,-92],[122,-59],[41,-45],[62,-1],[82,-25],[119,-63],[27,-84],[137,-99],[-44,-25],[-4,-72],[19,-75],[-33,-51],[89,-33],[-8,-65],[-30,-10],[-11,-58],[113,-170],[-29,-30],[-3,-94],[-65,-63],[22,-115],[45,-23],[35,-56],[38,-112]],[[54766,77734],[-55,-17],[-156,17],[-78,-48],[-66,40],[-128,-23],[-51,-104],[-62,-70],[-121,-10],[57,-53],[-44,-28],[22,-41],[-65,-94],[-33,-1],[-20,-61],[83,-174],[31,-17],[-97,-72],[-74,-79],[-19,-83],[-56,-92],[-50,12],[-50,-41],[-2,-43],[-63,6],[-86,-71],[-80,-8],[-48,-33],[-65,-130],[-74,-12],[-39,11],[-39,-78],[12,-59],[-65,-11],[-33,-30],[-59,0],[31,-115],[-48,-46],[-77,-30],[-63,29],[2,-47],[59,-99],[-60,-140],[15,-101],[-81,-43],[21,-74],[-19,-44],[29,-82],[-15,-143],[24,-25],[10,-58],[-12,-42],[47,-30],[43,5],[17,-66],[75,42],[13,-40],[83,-85],[41,0],[-2,-78],[62,-22],[46,-40],[21,-60],[45,-26],[-56,-46],[-47,-99],[-110,-91],[-63,-13],[94,-110],[-93,-58],[-31,-75],[-48,7],[-176,-131],[-46,-18],[-185,22],[47,-36],[61,15],[40,-27],[22,-45],[-39,-23],[27,-114],[-38,-101],[-59,-55],[58,-65],[-18,-41],[21,-105],[-41,-56],[-19,-91],[24,-34],[-31,-48],[8,-32],[-30,-95],[6,-41],[-33,-13],[-43,-115],[-15,-82],[-50,-84],[-75,59],[-22,-15],[-119,-11],[-25,10],[-72,-13],[22,-58],[-54,12],[-59,-51],[-37,-66],[-4,-47],[45,-101],[-48,-66],[-81,21],[-67,-8],[-67,-36],[-102,27],[-19,89],[35,48],[-37,37],[1,43],[-28,26],[-19,55],[-38,60],[-28,79],[54,-27],[34,22],[-57,77],[57,11],[27,52],[-17,51],[-37,-1],[-36,87],[-60,45],[-11,55],[-35,63],[-39,155],[-41,33],[-16,79],[-41,99],[49,159],[-18,63],[-65,-38],[-49,52],[-42,8],[6,139],[-19,44],[14,31],[-33,77],[30,68],[36,1],[23,-50]],[[52878,73492],[-65,-201],[-27,-53],[-37,-121],[-21,-111],[-41,-58],[-4,157],[60,164],[26,9],[46,113],[21,93],[42,8]],[[53392,73765],[-27,-69],[-35,-10],[-13,-100],[3,-72],[-15,-60],[-76,-45],[-24,-35],[4,-47],[-41,-37],[6,109],[-34,63],[21,60],[-18,65],[94,146],[86,18],[31,29],[38,-15]],[[51433,73860],[-1,-30],[-55,-22],[-1,48],[57,4]],[[51452,73946],[-1,-52],[-26,-14],[-75,31],[83,62],[19,-27]],[[55744,75105],[-28,-34],[-66,-11],[-108,42],[-15,-30],[-84,-34],[-54,12],[-43,-30],[-62,20],[-96,-88],[-144,-1],[-6,-31],[-108,-20],[-44,-21],[-38,-52],[-46,38],[-141,-52],[-56,5],[-87,-40],[-9,76],[-39,-5],[-51,72],[37,46],[-18,20],[-55,-39],[-76,3],[47,65],[-90,4],[-61,27],[-78,83],[-30,-18],[-51,20],[-13,76],[-26,37],[18,52],[-15,33],[34,48],[21,62],[-8,147],[30,13],[-68,196],[-36,23],[28,185],[-36,2],[-24,68],[21,52],[-22,90],[31,39],[41,8],[16,81],[47,83],[68,28],[10,-42],[79,32],[46,41],[-48,55],[21,41],[42,-13],[18,67],[48,40],[41,-28],[25,77],[121,73],[3,50],[59,-10],[32,91],[30,9],[43,76],[94,75],[21,72],[94,95],[80,25],[50,-49],[50,75],[-44,112],[19,146],[-71,60],[-72,29],[-40,-9],[-40,75],[-31,-13],[-65,27]],[[54412,74950],[1,-66],[-31,-32],[-70,-24],[-1,93],[101,29]],[[77253,55616],[-29,24],[-28,-16],[-8,-45],[-27,-18],[-13,-39],[-56,-9],[-1,-48],[-14,-89],[-30,-3],[-17,-33],[-25,16],[-32,-5],[-21,-36],[-31,28],[-1,-67],[10,-37],[-22,-20],[-37,-83],[7,-38],[-6,-108],[-47,-13],[-37,-72],[-41,-48],[-22,17],[-18,-37],[-9,-79],[-15,-23],[-15,-60],[-8,-103],[7,-57],[-16,-21],[-3,-64],[-25,-22],[-8,-40],[9,-46],[37,-72],[11,-77],[41,-96],[32,-56],[46,-42],[36,-49],[32,-78],[-20,-39],[6,-62],[44,-138],[35,-68],[93,-123],[6,-39],[22,-51],[104,-156],[18,-49],[23,-17],[15,-75],[22,-17],[13,39],[56,-70],[-2,-48],[26,-15],[17,-67],[29,-44],[11,-60],[44,-109],[23,-42],[48,-54],[11,-40],[-7,-51],[12,-87],[19,-79],[18,-46],[-2,-75],[29,-137],[23,-191],[11,-22],[-1,-59],[-21,-8],[4,-49],[15,-33],[-17,-58],[0,-34],[20,-26],[0,-104],[42,-110],[-70,-133],[0,-48],[36,-70],[-15,-27],[-20,16],[2,-159],[19,-51],[-23,-9],[-20,-42],[18,-18],[14,-46],[-29,-83],[-29,-26],[-3,-81],[-22,-22],[-30,6],[-25,-71],[-41,-1],[-28,-63],[-29,-21],[-5,-28],[-64,-18],[-29,-109],[-31,9],[-81,-74],[-14,-28],[-55,-35],[-14,-32],[-26,49],[-57,12],[-5,50],[-17,25],[-14,-11],[-15,28],[-8,-8],[8,-33],[-6,-13],[-5,-27],[15,-65],[-3,-59],[-78,14],[63,-51],[19,-45],[-33,-39],[-15,-46],[22,-22],[-22,-39],[-58,78],[35,-106],[13,-56],[-24,-51],[-23,-3],[-40,45],[-50,86],[-43,86],[-18,2],[63,-116],[34,-103],[-1,-86],[-47,-27],[-129,-92],[-26,-44],[-29,-101],[-20,-39],[-20,-10],[-22,-53],[-66,-35],[-1,82],[-21,44],[10,60],[-1,54],[7,255],[6,90],[10,57],[20,1],[29,45],[3,26],[-23,48],[-27,2],[-26,55],[-26,8],[-25,-38],[-7,57],[-37,79]],[[76303,50095],[28,50],[80,6],[25,55],[32,52],[-14,52],[4,32],[60,-15],[20,-18],[23,57],[17,-11],[74,38],[29,-88],[19,28],[24,-38],[36,-18],[-6,92],[8,42],[-26,20],[-24,49],[-20,14],[-15,42],[7,55],[-5,67],[-13,39],[35,8],[22,64],[37,-12],[36,-36],[30,36],[10,59],[-12,53],[83,0],[13,41],[44,7],[17,15],[47,90],[45,26],[26,-38],[26,45],[11,64],[3,67],[-8,97],[-11,29],[-10,81],[40,174],[-3,82],[-41,124],[-4,101],[-23,18],[-6,49],[18,151],[18,6],[13,53],[5,82]],[[77127,52233],[-8,50],[17,35],[-25,41],[-5,34],[36,11],[21,79],[0,38],[-22,64],[-22,5],[-12,44],[-21,-6],[-56,131],[4,45],[58,43],[12,66],[-37,-2],[-39,51],[-10,44],[-40,23],[-29,56],[-55,29],[-4,58],[-28,48],[0,144],[-31,8],[-9,49],[-21,45],[-13,56],[-20,-16],[-44,69],[-47,101],[-29,33],[-38,112],[3,38],[-35,81],[-29,12],[-57,84],[-20,67],[5,49],[19,39],[-15,34],[-47,17],[-18,23],[-40,7],[-48,57],[-17,36],[-89,102],[-47,21],[-31,46],[49,48],[13,35],[0,84],[38,27],[17,-26],[23,16],[34,-42],[31,8],[9,40],[40,46],[-6,59],[46,50],[1,41],[-13,42],[-24,23],[-44,-4],[7,64],[-28,36],[-39,-1],[-19,14],[23,47],[26,1],[15,62],[-56,55],[-26,54],[-64,40],[-75,-62],[-5,-42],[-25,-46],[-23,37],[-22,8],[-19,36],[-16,-17],[-67,41],[-27,86],[-17,14],[-17,79],[2,133],[21,40],[-7,81],[-22,-16],[-21,18],[-18,-40],[-19,-1],[-16,121],[-30,28],[1,32],[-25,48],[-44,55],[-28,85]],[[76204,50071],[1,-61],[-20,-109],[-20,118],[-21,27],[39,65],[21,-40]],[[76953,50116],[-31,13],[-2,40],[10,17],[-10,32],[7,0],[8,-16],[11,-10],[-2,-27],[9,-49]],[[77009,55274],[-21,-34],[-25,43],[30,22],[16,-31]],[[77143,55479],[-30,-58],[-26,-18],[25,108],[31,-32]],[[76303,50095],[-44,61],[-116,23],[-29,-39],[-33,-4],[-31,67],[16,45],[28,16],[14,68],[-17,68],[-34,66],[-16,-15],[-19,-124],[-34,24],[-25,-34],[-23,35],[4,113],[-9,56],[10,92],[-23,43],[-11,65],[-20,-14]],[[75891,50707],[0,60],[-19,50],[-15,68],[-24,68],[5,101],[13,37],[-55,108],[-20,14],[5,70],[-11,63],[3,40],[-25,65],[-14,69],[1,144],[48,1],[17,64],[33,34],[20,86],[26,43],[13,82],[45,55],[50,28],[50,11],[25,24],[85,-39],[36,1],[66,27],[57,-21],[36,26],[47,15],[54,-30],[1,-39],[19,-44],[15,8],[22,58]],[[76500,52054],[19,-82],[25,-38],[49,29],[23,-30],[34,-8],[35,-75],[47,-11],[25,78],[-35,77],[-12,53],[26,20],[24,-2],[22,58],[23,-20],[26,11],[25,62],[25,-62],[27,-18],[23,-54],[41,1],[23,56],[13,-18],[36,47],[20,52],[34,-28],[29,81]],[[49838,69610],[25,52],[-45,119],[42,108],[24,34],[41,-23]],[[63381,57682],[25,-51],[3,-99],[-6,-135],[6,-39]],[[63088,56223],[-22,-41],[-260,60],[-187,42],[-229,53],[-12,12],[-85,186],[-169,374],[-6,89]],[[62118,56998],[54,-40],[10,-88],[112,-13],[31,17],[78,91],[10,-23],[107,-11],[26,24],[24,-36],[49,11],[39,-36],[73,7],[72,41],[53,63],[33,23],[10,54],[21,16],[40,173],[100,106],[58,121],[17,45],[30,32],[14,65],[27,-4],[8,31],[50,58],[46,82],[17,91]],[[62678,56949],[17,36],[32,17],[31,-32],[-9,-30],[-49,-3],[-22,12]],[[48961,70383],[162,121],[60,22]],[[49183,70526],[11,-64],[66,21],[78,-41],[51,33],[28,48]],[[49417,70523],[11,0]],[[49428,70523],[31,37],[39,17],[35,-25],[21,29],[48,-46],[42,-9],[40,-58],[68,15],[20,-34],[79,-41],[-53,-161],[41,-31],[54,-2]],[[60739,65795],[-35,-70],[-24,2],[-4,-72],[27,-50],[80,-68],[27,-52],[-20,-77],[-33,-35],[-44,35],[-33,42],[-64,-15],[-70,49],[3,37],[-69,44],[-57,7],[-67,-77]],[[60356,65495],[-48,-8],[0,-34],[-56,9],[-17,-23],[-96,26],[-18,-26],[-70,-9],[-36,-26],[-78,0]],[[59937,65404],[-31,42],[-25,-9],[-29,70],[-44,62],[-52,33],[10,38],[-64,-7],[-34,-67],[-75,34],[-56,3],[-40,-40],[-28,32],[-47,12]],[[59422,65607],[42,74],[26,79],[-5,93],[-24,53],[-18,118],[-12,20],[-14,125],[-31,58],[-63,19],[-34,97],[-24,-3],[-21,40],[-74,13],[-49,36],[-17,-10],[-31,88],[-62,35]],[[53802,65786],[30,-14],[19,31],[4,79],[64,38],[25,27],[37,-49],[32,59],[56,15]],[[54069,65972],[30,-5],[71,49],[42,-14],[37,21],[29,-17]],[[54278,66006],[50,-92],[84,-57],[10,-71],[35,-78],[-21,-66],[5,-78],[-9,-46]],[[54432,65518],[-45,-10],[-6,-75],[-37,-20],[-45,-5],[-64,22],[-73,-31],[-47,-89],[-41,-26],[-54,17],[-23,-20],[-89,-6]],[[53908,65275],[-6,29],[-64,15],[-10,61],[-24,17],[-26,113],[16,40],[-25,75],[24,22],[-9,70],[18,69]],[[53908,65275],[0,-56],[20,-48],[-5,-40],[-29,-50],[-23,3],[-32,-89],[-18,-98],[-55,-13],[-31,-73],[20,-41],[-26,-15],[1,-39],[-27,-44],[-54,27]],[[53649,64699],[5,75],[-30,34],[-13,69],[-102,81],[-26,41],[26,27],[1,52],[-46,95],[28,112],[30,38],[-21,32],[6,89],[13,34],[-28,64],[41,100],[5,117],[-41,25],[-18,-8]],[[53479,65776],[-5,54],[8,67],[-28,43],[66,138],[23,63],[36,20],[-1,-50],[23,-29],[66,40]],[[53667,66122],[19,-18],[30,-96],[23,0],[45,-53],[26,-132],[-8,-37]],[[61316,65772],[20,-22],[104,-193],[25,-69],[16,-109],[50,-95],[42,-39],[-7,-50],[21,-31],[72,-30],[52,9],[21,-33],[29,-11],[26,-45],[-28,-31],[-91,13],[-31,-47],[-54,-29],[-36,-69],[11,-45],[-23,-103],[7,-36],[-28,-44],[-6,-72],[30,-45],[-46,-54],[-11,-131],[-37,78],[-24,6],[-12,-124],[-23,-66],[7,-24],[3,-160]],[[61395,64071],[-26,5],[-46,-24],[-46,86],[-33,15],[-27,65],[-53,46],[12,63],[50,13],[17,36],[-10,31],[-35,36],[-4,58],[57,41],[-77,135],[-25,29],[-30,-11],[-78,-82],[-48,-33],[-23,-38],[-50,-35],[-22,-59],[-42,-13],[-32,-62],[-62,-79]],[[60762,64294],[-10,47],[0,69],[32,55],[-27,49],[-33,28],[41,79],[-49,40],[-37,-15],[-43,50],[-18,40],[-31,18],[-26,59],[-41,18],[7,33],[63,-7],[21,53],[7,53],[-105,88],[-16,21],[-41,117],[49,50],[-5,50],[-33,42],[-52,27],[-9,71],[-36,17],[-14,49]],[[60660,64285],[-112,45],[-50,8],[-25,17],[-24,80],[-45,28],[-35,83],[-25,24],[-19,85],[-21,17]],[[60304,64672],[-9,31]],[[60295,64703],[70,34],[29,-43],[7,-59],[24,17],[15,-33],[38,-22],[69,40],[20,-10],[-6,-97],[52,-41],[0,-61],[47,-143]],[[53667,66122],[10,53],[-7,60],[72,27]],[[53742,66262],[35,14],[0,56],[45,42],[-12,67],[53,39],[11,-47],[69,-39],[35,-59],[10,-43],[37,-16],[-6,-55],[97,-31],[-6,-66],[-24,-45],[-3,-37],[-27,-34],[13,-36]],[[57918,62815],[17,51],[-50,150],[66,103],[41,39],[7,26],[-7,72],[-45,62],[-58,-75],[-53,-17],[7,-67],[-32,3],[-44,-34],[-83,75],[-30,16],[-42,44],[-58,-24],[-75,-90],[-26,-57],[-27,-29],[0,-43],[-143,-92],[-110,-6],[-13,-24],[-39,10],[-37,-38],[-36,10],[-82,65],[-91,182],[-69,34],[-8,16],[-89,60],[-17,23],[-108,24],[-44,-4],[-24,21],[-31,-55],[0,-126],[-26,-63],[12,-30],[-21,-51],[-50,34],[-29,-27],[-63,-18],[-31,-36],[-34,-1],[-18,32],[-75,19],[-39,47],[-14,39],[-3,67],[-25,18],[21,38],[-38,31],[-25,-17],[-70,20],[-48,48],[-7,-20],[-43,12],[4,-43],[-38,-61],[-18,57],[-82,21],[-18,-52],[-31,14],[-23,-16],[-11,41],[49,15],[9,21],[104,-8],[3,74],[38,0],[32,56],[-57,-15],[-28,7],[-55,-21],[-80,-1],[-12,18],[-47,-32],[-9,49],[19,29],[47,-14],[21,19],[0,71],[-60,40],[-38,2],[9,60],[-4,60],[-22,46],[33,27],[-3,122],[-33,3],[-44,37],[-23,-14],[-28,88],[-33,-6],[-8,-48],[-44,52],[-48,37],[57,40],[10,33],[-30,27],[-15,67],[18,29],[25,-13],[33,-67],[-5,-51],[42,-26],[42,6],[4,29],[-24,81],[-26,10],[-9,52],[79,75],[-14,34],[-42,5],[0,42],[21,19],[-39,62],[-18,54],[68,90],[-8,49],[-118,-31],[-25,-20],[-56,-11],[-22,18],[21,65],[1,158],[12,33],[30,5],[22,45],[4,42],[25,10],[63,95],[75,-5],[22,29],[56,3],[9,-44],[31,-24],[90,0],[21,24],[-49,66],[20,18],[56,-17],[38,-54],[64,4],[77,-19],[37,19],[49,-20],[29,6],[13,45],[-53,3],[-33,41],[52,45],[79,11],[59,31],[16,-19],[28,47],[-83,-11],[-25,54],[-63,56],[28,114],[27,15],[104,-31],[71,-15],[68,-3],[36,34],[114,-45],[36,-21],[112,13],[41,48],[0,57],[69,41],[57,53],[70,48],[35,60],[24,4],[70,55],[84,21],[107,69],[147,-22],[35,4],[88,-18],[40,14],[57,-15],[52,31],[16,46],[42,-39],[-1,-54],[33,-75],[82,-64],[24,-1],[74,38],[40,-3],[21,-37],[3,-83],[28,-51],[57,-59],[33,28],[13,39],[58,-12],[40,-29],[14,-56],[60,-17],[65,-52],[28,4],[12,33],[65,-67],[23,4],[94,-36],[103,18],[57,44],[61,17],[31,-13],[43,31],[43,-44],[37,-4],[34,-26],[38,9],[39,-30],[42,23],[44,41],[25,-4],[38,28],[34,49],[52,13],[27,31],[72,47],[35,67]],[[59937,65404],[6,-42],[38,-30],[29,-90],[5,-53],[-21,-73],[-15,-92],[34,-88],[-15,-29],[66,-43],[32,-8],[60,17],[56,-35],[83,-135]],[[60304,64672],[-65,63],[-28,-34],[-15,-131],[-36,-26],[-56,9],[4,-100],[29,-28],[-12,-75],[14,-52],[22,-23],[-7,-61],[13,-50],[-2,-119],[36,-3],[10,-27],[-24,-37],[-10,-74],[-30,-66],[-1,-46],[43,-11],[19,-43],[39,-25],[-15,-42],[13,-25],[-6,-68],[63,-77],[-9,-75]],[[60293,63426],[-51,12],[-40,-51],[-52,-40],[-14,52],[16,35],[-5,48],[-36,28],[-26,1],[-26,-44],[-111,10],[-39,38],[-19,-5],[-48,29],[-40,-24],[-44,27],[-19,-25],[-38,-89],[-54,-18]],[[55800,65836],[-12,-75],[38,-105],[32,-47],[41,-35],[140,-90],[54,-16],[-34,-117],[-43,-20],[-53,4],[-44,32],[-60,26],[-60,-22],[-19,-35],[-55,21],[-57,-12],[-27,-79],[-66,-99],[-35,-10],[-98,-78],[-18,-48],[-46,-59],[-18,-44],[-39,-44],[-4,41],[14,55],[-13,37],[101,89],[20,1],[42,45],[-10,29],[-131,-29],[-60,5],[-9,63]],[[55271,65220],[24,14],[34,77],[26,22],[-10,62],[3,82],[82,62],[-11,110],[-71,57]],[[55348,65706],[12,52],[40,4],[26,72],[85,14],[22,38],[41,-8],[27,17],[69,-91],[21,22],[53,20],[56,-10]],[[55262,64935],[-66,-35],[-2,55],[42,17],[26,-37]],[[49138,66065],[-2,-34],[38,-20],[-14,-42],[-30,9],[-8,-58],[25,-36],[5,-52],[-22,-60],[-100,-99],[-88,-55],[-41,-35],[-45,-81],[-19,-14],[-140,-44],[-86,-41],[-9,-21],[-52,-12],[-74,-112],[43,-54],[-74,-46],[-13,-21],[-53,-143],[-39,-57],[-108,-227],[-34,-100],[6,-97],[23,-69],[1,-52],[24,-64],[30,-40],[44,-19],[21,-37],[-66,-67],[-21,-44],[-64,-33],[-22,-52],[-29,-33],[4,-46],[-28,-14],[-12,-94],[-17,-23],[-36,-110],[39,-52],[-59,-32],[-39,14],[-26,-20],[-42,9],[-39,-39],[-5,-25],[-49,-35],[-38,-78],[-23,-128],[-28,-31],[-18,-56],[-36,-19],[-42,50],[-58,-13],[-22,-58],[-26,-7],[-47,35],[-79,2],[-51,-30],[-49,24],[-35,-9],[-29,13],[-59,-2],[-45,-17],[-56,-1],[-24,-65],[-53,-44],[-49,7],[-24,-25],[-52,-23],[-39,-111],[-2,-23]],[[46852,62927],[-5,0]],[[46847,62927],[-23,-42],[-45,-25],[-49,39],[-33,49],[-32,3],[-33,57],[-16,49],[-4,87],[-43,30],[-10,57],[20,17],[-38,87],[-66,71],[-76,52],[-103,-7]],[[46296,63451],[-17,151],[-14,36],[27,92],[25,30],[18,69],[39,45],[26,-9],[21,87],[-48,-3],[-11,41],[-52,87],[24,145],[58,59],[-3,24],[25,55],[-18,47],[-34,2],[-43,114],[4,58],[-55,68],[-11,43],[58,-4],[82,9],[10,56],[20,35],[12,68],[-44,86],[40,37],[27,51],[-17,42],[12,103],[-6,96],[-29,88],[34,19],[46,106],[40,14],[47,62],[31,75],[-43,47],[-51,5],[-6,33],[14,63],[-35,33],[-131,27],[-29,-62],[-90,-19],[-36,37],[-88,-41],[-35,-3],[-14,38],[34,62],[-23,25],[-8,46],[-33,-26],[-76,-25],[-33,-41]],[[45937,65834],[-34,-31],[-6,97],[28,78],[-19,78],[12,78],[-22,27],[-21,-37],[-24,23],[25,98],[-36,-13],[-8,77],[-29,48],[9,69],[44,20],[22,45],[35,26],[40,-22],[50,19],[46,70],[7,37],[59,55],[8,26],[76,17],[63,-6],[46,-25],[37,-56],[156,5],[37,-16],[77,25],[41,-14],[44,10],[15,37],[38,-47],[76,-4],[67,-36],[91,-19],[27,-17],[147,-5],[97,45],[29,-7],[44,17],[23,-31],[96,-50],[49,42],[46,6],[73,-40],[31,-27],[72,-6],[82,41]],[[48668,66146],[5,-80],[69,34]],[[43474,58792],[14,-19],[-30,-86],[-17,57],[33,48]],[[44156,58880],[3,-88],[-53,-59],[-29,14],[-27,41],[-8,75],[24,31],[5,55],[78,-13],[7,-56]],[[43641,58969],[26,-1],[31,-52],[-36,-41],[-30,39],[9,55]],[[43878,58940],[-32,-63],[-35,-13],[-43,106],[-21,72],[39,6],[71,29],[26,48],[29,23],[18,-39],[-33,-53],[-19,-116]],[[44536,59233],[37,-11],[-3,-158],[-32,-85],[-66,-34],[-24,-46],[-36,17],[45,37],[15,30],[18,94],[29,81],[17,75]],[[43522,59274],[9,-44],[-7,-54],[-23,-83],[-46,146],[25,53],[42,-18]],[[44668,59484],[5,-54],[-5,-66],[-37,-35],[-24,-7],[-18,-38],[-22,10],[7,70],[22,40],[60,35],[12,45]],[[48715,64398],[5,-31],[-31,-49],[-44,-34],[-35,21],[38,87],[49,20],[18,-14]],[[49184,64744],[31,-22],[-17,-74],[-22,-34],[-27,-82],[-43,-45],[-28,47],[-53,19],[-2,51],[-26,31],[-44,-48],[-30,30],[-6,41],[57,51],[36,50],[61,50],[56,7],[-4,-59],[45,-30],[16,17]],[[49439,64815],[-15,-55],[-62,55],[-40,0],[-12,60],[76,10],[40,-35],[13,-35]],[[76500,52054],[62,41],[25,82],[-5,97],[12,73],[13,22],[-38,78],[33,69],[-21,51],[27,25],[17,105],[-10,43],[-44,22],[-21,58],[9,68],[-45,16],[-52,46],[-7,67],[-29,38],[-11,43],[-30,45],[6,93],[-9,154],[17,74],[2,100],[-27,71],[-63,62],[-34,90],[-18,18],[-20,76],[-27,53],[-30,102],[-45,1],[-60,40],[-57,20],[-36,-21],[-33,-116],[-16,-16],[-11,-72],[-27,9],[-58,-63],[-16,-35],[-18,19],[-7,60],[-42,12],[-28,28],[-41,80],[-20,1],[-47,-88],[-31,19],[-16,-81],[-41,-22],[-5,-38],[-27,-21],[-56,-79],[-31,-65],[-40,43],[-22,7],[29,167],[42,78],[-10,96],[5,46],[-31,45],[56,123],[-8,19],[6,90],[23,79],[-24,46],[-10,155],[15,58],[-33,-2],[-40,24],[-27,-1],[-35,-63],[-37,28],[-11,-23],[-28,21],[-21,113],[24,50],[19,101],[-4,41],[-18,21],[-26,89],[-16,15],[-55,-41]],[[75136,55033],[13,115],[17,74],[46,67],[41,-12],[-5,40],[7,70],[25,21],[14,45],[10,76],[18,-7],[56,54],[42,73]],[[60762,64294],[-33,20],[-69,-29]],[[50608,72283],[-6,63],[13,59],[-19,148],[-47,13],[-41,60],[-52,-10],[26,124],[52,57],[-28,74],[-47,22],[7,43],[-3,173],[85,14],[44,-40],[74,132],[61,18],[12,-81],[47,15],[-38,58],[-6,55],[34,51],[40,14],[40,-14],[24,41],[-110,-38],[-41,18],[-116,-43],[-51,-111],[26,-25],[-13,-44],[-44,44],[-28,81],[85,131],[53,0],[52,28],[68,-10],[48,12],[43,39],[58,107],[48,66],[62,5],[74,58],[-12,-73],[32,-68],[-2,-99],[-25,-25],[-49,-139],[26,-172],[51,-23],[64,10],[47,-44],[-14,-57],[-44,-59],[-54,-19],[-46,13],[-32,-52],[-3,-92],[-56,-48],[-15,-54],[-74,-86],[-32,-55],[33,-89],[-58,-44],[20,-56],[46,-34],[1,-57],[-53,6],[-29,-34]],[[51462,72201],[-9,-38],[-54,5],[-43,-19],[-70,52],[-43,14],[13,40],[-16,31],[57,29],[37,-40],[55,-16],[41,12],[32,-70]],[[51615,72350],[-51,-69],[-26,31],[44,34],[33,4]],[[50970,72322],[-12,-57],[-50,28],[5,50],[57,-21]],[[51196,72356],[-4,-53],[-26,-92],[-27,45],[15,44],[42,56]],[[52349,72401],[-21,-71],[-100,49],[14,105],[107,-83]],[[51146,72367],[-35,-18],[-60,17],[-54,60],[-61,35],[0,48],[-19,46],[20,33],[112,55],[49,-36],[4,-41],[52,-12],[35,-66],[-25,-118],[-18,-3]],[[51514,72281],[35,-27],[-56,-72],[-57,89],[36,51],[-21,49],[-42,54],[-60,20],[-48,-3],[-22,52],[13,48],[-38,130],[49,26],[104,107],[33,-96],[70,95],[-43,16],[102,78],[65,-15],[36,-28],[-29,-61],[24,-62],[0,-44],[-37,-51],[-58,-30],[-6,-55],[59,-43],[-14,-47],[-57,-14],[-36,-44],[27,-72],[-29,-51]],[[50652,73205],[-48,-32],[-25,44],[25,61],[51,-11],[-3,-62]],[[51273,73498],[-30,-65],[-47,31],[77,34]],[[51371,61450],[35,-36],[56,-13],[74,-81],[61,-44],[102,-17],[93,34],[24,23],[50,-4],[59,-51],[58,-1],[55,-28],[49,-13],[79,-99],[43,-12],[26,-22],[49,-4],[77,-27],[23,-36],[24,-79],[0,-114],[32,-132],[35,-84],[37,-54],[76,-57],[85,-24],[99,-1],[57,-21],[59,-32],[55,-16],[27,-28],[102,-53],[21,-34],[67,-35],[40,-64],[65,-78],[23,-39],[73,-65],[35,-13],[76,16],[75,61],[35,45],[77,154],[30,113],[0,85],[-34,90],[-18,81],[-9,79],[5,120],[36,109],[51,81],[80,109],[63,43],[37,39],[44,29],[51,-4],[45,20],[41,59],[29,10],[43,-24],[59,10],[76,-26],[36,-40],[80,-33],[73,-39],[5,-65],[12,-19],[-14,-77],[27,-16],[13,-35],[43,-15],[71,-4],[88,-44],[25,-44],[122,-7],[33,20],[84,-32],[11,-57],[34,-99]],[[55031,60689],[-24,-38],[-10,-42],[-44,-57],[0,-117],[8,-64],[28,-116],[-23,-143],[-36,-84],[-23,-93],[33,-126],[-2,-68],[18,-58],[1,-85],[22,-88],[7,-55],[0,-344],[0,-412],[0,-500],[0,-291],[0,-437],[0,-291],[0,-437],[0,-436],[0,-437]],[[54986,55870],[0,-311],[0,-435],[-1,-248],[-3,-4],[-265,0],[0,-249]],[[54717,54623],[-198,183],[-265,243],[-166,152],[-298,274],[-166,152],[-199,183],[-265,243],[-199,183],[-198,182],[-191,175],[-5,-1],[-264,-223]],[[52303,56369],[-201,-188],[-8,2],[-161,247],[-32,31],[-169,70],[-237,98]],[[51495,56629],[-108,374],[-15,24],[-212,118],[-72,-37],[-16,1],[-35,49],[-18,86],[-43,53],[-3,206],[-14,63],[-153,358],[-6,28],[28,92],[95,75],[16,74],[4,95],[-23,39],[-28,185],[10,66],[17,41],[31,180],[-43,200],[20,259],[-7,170],[-42,240],[-32,97],[-70,157],[62,55]],[[50838,59977],[60,51],[34,12],[62,143],[25,45],[20,92],[-6,81],[-37,166],[2,42],[40,92],[67,39],[19,41],[6,57],[20,1],[33,38],[18,52],[153,116],[33,48],[-31,86],[2,132],[13,139]],[[50838,59977],[-68,494],[-59,426],[-7,16],[-144,165],[-44,63],[-10,137],[-52,129],[-58,45],[-32,11],[-11,35],[-5,88],[-37,102],[-20,118],[10,100],[31,52],[38,31],[15,76],[71,58],[38,59],[9,58],[-6,69],[18,100],[31,69],[-30,24],[-8,56],[13,53],[-4,72],[-22,87],[9,105],[12,54],[-3,49],[13,53],[-2,49],[-48,39],[64,58],[10,76],[48,15],[-6,57]],[[50592,63325],[54,17],[27,24],[22,47],[60,59],[36,1],[86,49],[52,-3],[-23,-57],[12,-31],[63,57],[25,-15],[20,-130],[34,-48],[-20,-32],[13,-33],[31,-10],[27,21],[8,46],[45,16],[75,94],[28,-122],[-26,-25],[-59,-168],[-76,-57],[-10,-60],[0,-69],[34,-112],[23,-34],[40,-10],[0,-34],[45,-20],[13,-86],[-4,-76],[18,-64],[-26,-56],[1,-30],[-27,-38],[0,-42],[-58,-108],[-20,-12],[-8,-44],[-44,-24],[-14,-36],[-68,-49],[-33,-77],[12,-94],[31,-73],[45,-67],[42,-27],[61,29],[0,-111],[52,28],[18,52],[35,-47],[-5,-48],[22,-61],[2,-60],[88,-15]],[[51233,61780],[18,-21],[-44,-71],[-23,38],[-18,-9],[-2,84],[44,-3],[25,-18]],[[56240,67454],[5,-36],[-17,-147],[-27,-15],[-111,-22],[-14,45],[0,69],[-45,-25],[12,-98],[-36,-26],[-4,-76],[19,-30],[-55,-82],[-2,-87],[10,-75],[-24,-131]],[[55951,66718],[-96,10],[-65,44],[-12,57],[-21,12],[-36,-19],[-18,37],[-73,-4],[-35,53],[-60,27],[-111,-46],[-82,-16],[-43,-20],[-58,-71],[-41,-69],[-60,-30],[-53,-8],[-29,25],[-77,22],[-69,-3],[-55,28],[-38,-20],[-54,-3],[-96,33],[-56,9],[-29,22],[-43,3],[-51,-20],[-57,-7],[-19,32],[10,48],[36,19],[2,31],[-33,14],[-58,53]],[[54371,66961],[-2,38],[-48,50],[-5,47],[37,35],[0,34],[-37,43],[-44,-19],[-36,-85],[-22,-3],[-27,71],[-40,24],[-53,-6],[-27,47],[-39,2],[-11,40],[33,139],[-24,28],[-53,23],[-60,43],[-59,80],[-13,120],[-38,77],[-63,52],[-25,58]],[[53715,67899],[10,18],[103,-3],[41,66],[62,-17],[31,41],[4,33],[37,115],[44,35],[6,60],[39,68],[-5,40],[52,81],[10,56],[37,48],[-3,50],[43,43],[30,68],[81,20],[49,34],[35,61]],[[55425,68972],[50,-1],[65,-67],[3,-32],[41,-85],[16,-87],[42,-66],[12,-45],[24,-12],[3,-46],[40,-46],[23,-69],[61,-64],[23,-91],[30,-86],[3,-117],[-18,-70],[-24,-143],[18,-119],[-4,-101],[16,-49]],[[53715,67899],[-15,16],[-70,11],[-37,-17],[-27,20],[-37,-2],[-14,-28],[-63,-63],[-31,1],[-66,-26]],[[53355,67811],[-37,-24],[-24,13],[-27,-47],[-44,-36],[-53,21],[-87,3],[-62,27],[-18,45],[-66,10],[-26,62],[-73,65],[-37,85],[-86,60]],[[52715,68095],[-38,64],[-28,117],[-47,-1]],[[52602,68275],[48,71],[44,14],[19,52],[-26,25],[15,53],[-12,29],[58,51],[13,34],[-15,50],[-40,8],[13,52],[21,4],[50,-37],[69,13],[-4,67],[29,84]],[[52884,68845],[51,-3],[36,-55],[55,-50],[40,-19],[110,2],[85,19],[38,-7],[20,22],[-4,65],[23,44],[70,15],[88,7],[20,52],[32,19],[70,-49],[105,62],[56,112],[0,24],[81,21],[87,-39],[85,36],[81,-110],[109,32]],[[52884,68845],[-44,78],[-9,58],[-28,44],[27,119]],[[53336,69596],[27,-3],[8,-57],[56,6],[21,57],[52,43],[49,-100],[39,-4],[-5,-87],[41,2],[44,-20],[16,60],[42,17],[12,27],[51,-9],[45,13],[24,-34],[44,-18],[30,59],[32,-8],[27,25],[41,-19],[47,8],[42,-38],[17,14],[46,-50],[5,-33],[50,-20],[52,-39],[40,-11]],[[52111,71686],[75,2],[8,75],[-36,8],[-44,-20],[-20,24]],[[52096,71805],[42,-11],[112,59],[136,52],[101,30],[52,25],[96,14],[28,62],[66,78],[100,24],[25,31],[81,40],[147,38],[116,7],[30,-28],[38,-116],[5,-58],[34,-26],[77,-18],[100,16],[63,40]],[[46340,72369],[-42,-33],[-18,-79],[-21,-45],[-95,-46],[42,-33],[-37,-32],[-31,6],[-41,-52],[70,-73],[15,-44],[36,-2],[25,-30],[81,-13],[27,89],[43,59],[45,-35],[15,-54],[49,-32],[7,-66],[93,31]],[[46603,71885],[42,-49],[-63,2],[-9,-44],[37,-26],[5,-109],[35,-34],[-1,-146],[27,-160],[-36,-74],[-23,-75],[2,-60],[-42,-76],[-22,-18],[35,-58],[-14,-30],[-61,0],[-51,15],[-30,-29],[-144,-13],[-41,-67],[-65,-19],[-16,-36],[-65,-38],[-21,39],[-37,4],[13,-67],[-64,-54],[-85,-27],[-9,-20],[-59,-3],[-64,-37],[-21,41],[-102,-55],[10,73],[-57,69],[-35,7],[-33,53],[-8,68],[90,42],[-27,34],[-64,-2],[-39,-18],[-10,44],[47,40],[29,-17],[33,17],[56,-7],[-3,87],[73,71],[81,3],[76,24],[15,31],[-9,42],[-48,-74],[-37,-16],[-72,24],[-73,-22],[65,74],[23,4],[19,63],[-3,44],[44,90],[31,-18],[52,21],[-16,61],[-131,-23],[-62,43],[-42,6],[-34,29],[-34,79],[60,28],[6,81],[91,17],[-13,51],[-38,1],[-22,32],[-40,124],[55,62],[154,-35],[43,11],[48,-12],[103,12],[-34,43],[87,52],[45,83],[-128,-13],[-53,39],[82,77],[25,51],[-16,20],[52,83],[28,-11],[37,25],[55,6],[77,-34],[4,70],[39,19],[10,31],[105,-67],[-59,-44],[-24,-41]],[[46340,72369],[62,1],[19,62],[52,-9],[74,36],[118,-41],[-7,-46],[71,-115],[26,-10],[-12,-72],[56,-11],[28,-96],[-48,-105],[-67,-12],[-13,-70],[-35,-27],[-61,31]],[[47570,70647],[-52,-35],[-67,-25],[-21,-49],[-95,0],[-48,40],[-37,72],[-32,-30],[-80,-4],[-5,59],[-23,27],[-72,2],[-18,-41],[-61,-26],[-50,129],[-43,31],[137,73],[37,37],[34,-1],[85,71],[27,55],[11,77],[-18,43],[19,46],[-20,28],[-1,56],[-27,15],[-48,-14],[-25,-33],[-68,-8],[43,59],[63,50],[5,42],[29,26],[22,32],[23,0],[80,45],[55,-12],[101,41],[34,29],[-11,68],[40,68],[-26,31],[8,81],[36,12],[-9,39],[32,45],[-14,30],[-105,-36],[-45,82],[-17,58],[-43,60],[66,184],[-18,50],[-35,-7],[-4,-45],[-66,-6],[-32,-47],[-42,0],[-32,35],[-29,-18],[0,-52],[-42,1],[-25,36],[-70,45],[-25,-28],[-47,19],[-12,80],[34,3],[10,63],[34,39],[13,56],[58,82],[-15,44],[-66,62],[16,24],[-33,57],[-51,32],[-44,-19],[6,58],[-36,-2],[11,-71],[24,-42],[-31,-31],[-6,-64],[-49,-144],[-36,-1],[-5,48],[20,25],[-1,58],[37,97],[-31,79],[30,47],[17,77],[-20,46],[24,71],[31,33],[-5,43],[19,70],[-88,-97],[-90,60],[13,35],[-72,3],[12,30],[71,4],[48,66],[-26,51],[62,141],[-55,37],[-17,73],[29,67],[-12,104],[52,43],[34,-37],[52,63],[4,86],[-9,45],[57,16],[-20,39],[33,50],[16,87],[70,-26],[68,-6],[25,-20],[59,19],[94,5],[41,24],[34,-9],[88,29],[50,-10],[-30,-64],[12,-49],[-36,-54],[-59,-35],[-20,-34],[-139,-107],[-29,-53],[60,-20],[-54,-107],[22,-18],[53,18],[93,60],[55,4],[56,-26],[43,17],[130,-17],[87,18],[47,-11],[28,-35],[19,-69],[-60,-77],[-18,-100],[-29,-49],[-17,-74],[-59,-69],[-24,-77],[-63,-52],[-15,-50],[65,-46],[-55,-46],[-49,7],[-43,-41],[-48,-73],[98,-4],[37,48],[45,-4],[87,-61],[44,-9],[87,-140],[51,-26],[12,-50],[4,-99],[24,-100],[30,-55],[25,-113],[46,-62],[85,-32],[60,-41],[45,-104],[44,-54],[33,-15],[-29,-54],[18,-61],[76,-129],[-48,-36],[71,-75],[33,-96],[-3,-70],[-83,-87],[61,-58],[35,-2],[29,71],[22,18],[107,2],[82,-22],[100,-77],[27,-75],[7,-70],[-38,-107],[-13,-94],[-67,-71],[-12,-40],[-41,-39],[-39,24],[-28,-24],[18,-51],[-8,-45],[-99,-88],[57,-24],[57,-8],[119,22],[-2,-85],[-15,-45],[-89,-45],[-22,-66],[-38,15],[-48,-40],[-68,-20],[-27,-36],[-40,7],[-79,34],[-106,-14],[-66,-33],[-33,54],[-32,-30],[-70,9],[-95,-31],[-74,-13],[-10,-58],[-121,20],[-13,-23],[-56,51],[-46,20],[-106,-29],[-56,-45],[-5,-86],[-39,-50],[-3,-43],[-49,4],[-33,42],[-22,-12],[-49,61],[-75,-44],[-69,1],[-13,-50],[-59,-19],[-23,-48],[2,-41],[-30,-23],[-31,61],[-40,20],[-28,-37],[-34,-2],[6,55],[46,29],[20,-13],[78,81],[26,36],[6,48],[63,35],[65,107],[6,103],[51,-9],[28,29],[22,78],[102,18],[103,-31],[88,11],[27,83],[38,49],[32,20],[9,52]],[[47994,70196],[-23,-55],[-39,-7],[-51,59],[56,33],[57,-30]],[[47185,71491],[0,-29],[-26,-15],[-9,-19],[-31,-25],[-41,25],[-20,46],[5,63],[34,13],[40,-13],[20,-51],[28,5]],[[46924,72589],[-25,-37],[-48,23],[-12,54],[9,50],[52,-7],[24,-83]],[[46667,72698],[2,-23],[-52,-28],[-28,54],[-46,2],[22,62],[78,33],[5,-64],[19,-36]],[[46729,72890],[16,-18],[-60,-136],[-27,2],[-3,54],[40,69],[34,29]],[[46759,73050],[-9,-41],[-114,-34],[-49,-3],[54,98],[-43,29],[0,38],[61,16],[29,-58],[62,-17],[9,-28]],[[46341,73495],[-7,-89],[-32,-9],[-17,53],[27,86],[29,-41]],[[46372,73658],[-1,-57],[-41,-15],[-69,42],[97,48],[14,-18]],[[46524,73505],[-41,15],[3,67],[38,24],[51,-13],[-11,57],[27,26],[43,-55],[0,-85],[12,-47],[56,-40],[68,10],[-12,-37],[-61,-70],[-28,73],[-79,-17],[-66,92]],[[46419,73703],[-34,35],[49,61],[-37,13],[-24,81],[19,51],[42,-27],[21,56],[127,89],[48,-22],[-6,-39],[-34,-36],[-21,-83],[11,-32],[-49,-58],[-81,-54],[-31,-35]],[[47553,74316],[-30,-45],[-36,36],[-62,-19],[-44,50],[12,56],[64,0],[20,-55],[76,-23]],[[47990,75037],[6,-48],[-53,-219],[-28,13],[31,103],[-109,62],[3,34],[70,7],[-11,70],[27,36],[64,-58]],[[54432,65518],[53,-11],[46,42],[87,-13],[117,77],[64,-4],[66,15],[17,-59],[33,-17],[45,2],[107,-80],[72,38],[37,-9],[32,22],[19,-19],[64,27],[12,80],[-31,85],[50,29],[26,-17]],[[55271,65220],[-9,43],[-25,14],[-102,9],[-64,41],[-83,-5],[-50,-45],[-47,3],[-17,46],[-40,-3],[-20,-57],[-62,-51],[-33,2],[-48,24],[-31,-42],[29,-55],[21,-13],[-14,-49],[11,-24],[86,-33],[52,-84],[-22,-25],[-35,73],[-66,47],[-60,-21],[21,-62],[57,-42],[8,-51],[-13,-27],[-40,30],[-40,97],[-74,30],[-16,-34],[43,-83],[46,-28],[-14,-32],[-64,44],[-20,47],[-2,65],[-72,45],[-35,38],[-18,42],[41,33],[-20,46],[-53,-66],[-29,-15],[15,-56],[-29,-101],[5,-56],[37,-49],[9,-41],[31,-50],[18,-87],[47,-51],[46,-87],[19,-65],[-35,-12],[-16,58],[-35,16],[-48,-14],[-4,-34],[36,-51],[16,-55],[-10,-27],[-37,-14],[-21,-70],[39,-5],[39,-24],[8,-39],[31,17],[31,-20],[-7,-32],[33,-37],[49,-16],[-1,-23],[31,-45],[64,-23],[32,-43],[-22,-41],[12,-57],[-5,-58],[14,-14],[2,-87],[-33,-6],[-13,52],[-37,17],[-22,65],[-62,38],[-11,-24],[-49,0],[-36,-31],[24,-51],[-4,-97],[42,-39],[14,9],[40,-48],[-21,-22],[-58,-15],[-7,-41],[-35,26],[16,47],[-33,10],[-13,26],[-64,10],[9,-71],[41,-107],[-4,-25],[28,-50],[3,-47],[23,-66],[-19,-46],[15,-68],[-29,-29],[-56,141],[-38,0],[-24,-48],[-17,-127],[-31,30],[4,80],[-40,112],[-22,10],[4,52],[-28,7],[-30,-28],[2,-95],[-64,14],[-1,70],[-28,44],[-8,55],[31,64],[-2,56],[-34,82],[-39,47],[-28,9],[-1,49],[-47,33],[4,54],[19,0],[32,38],[13,91],[61,-26],[20,14],[24,58],[51,20],[73,-75],[28,-4],[93,-56],[51,-63],[20,72],[34,-13],[39,23],[-28,53],[-58,15],[-55,41],[-39,-10],[-22,62],[-25,-42],[-102,34],[-61,-41],[-43,11],[-18,-18],[-44,47],[-58,-52],[-4,47],[-31,105],[-31,44],[-7,41],[-41,12],[10,44],[56,27],[30,-41],[20,67],[-42,8],[-30,31],[-55,-2],[-54,72],[-10,36],[-42,22],[-19,51],[11,37],[-33,14],[11,43],[-49,35]],[[55345,62515],[-15,-28],[13,-39],[-19,-71],[-26,-18],[-43,18],[-48,-17],[-55,4],[-26,-14],[-54,0],[-55,-24],[-96,-3],[5,55],[-14,27],[-38,5],[-44,43],[-85,6],[-69,24],[-64,-6],[-19,34],[15,63],[39,39],[-2,68],[15,3],[13,-60],[61,-3],[10,31],[28,-2],[1,-67],[41,-52],[102,40],[32,-12],[35,10],[23,-34],[86,-6],[28,-23],[42,24],[34,-5],[-14,-76],[31,-31],[18,32],[46,24],[24,-18],[44,59]],[[54457,63010],[18,-19],[-7,-62],[-38,30],[-3,61],[30,-10]],[[55860,63072],[-1,-30],[-29,-93],[-93,-148],[-19,32],[12,65],[-15,40],[54,88],[58,44],[33,2]],[[54850,63229],[2,-41],[-43,0],[8,44],[33,-3]],[[55603,63309],[-41,-73],[-18,39],[59,34]],[[55066,63379],[-20,-29],[-28,12],[13,48],[29,7],[6,-38]],[[55132,63453],[18,-48],[-11,-65],[-28,-22],[-29,75],[50,60]],[[55015,63646],[-25,49],[67,-28],[-8,-46],[-34,25]],[[55356,63697],[-35,-57],[-47,-26],[5,59],[33,-2],[44,26]],[[55540,63718],[-50,-42],[-20,2],[-35,73],[31,10],[67,-18],[7,-25]],[[53891,63750],[-23,-70],[-30,43],[-22,63],[32,-1],[43,-35]],[[54988,63738],[-9,-30],[-70,108],[16,36],[23,-38],[30,-7],[10,-69]],[[53846,63885],[-32,29],[-28,-5],[-10,36],[-36,9],[16,66],[25,-10],[36,19],[46,-110],[-17,-34]],[[55303,64125],[-7,-62],[7,-58],[-14,-40],[-37,-28],[-29,47],[26,21],[7,38],[-39,68],[1,33],[40,11],[45,-30]],[[53806,64162],[5,82],[31,20],[1,-92],[-37,-10]],[[54880,63933],[-9,-90],[-49,-3],[-86,211],[-111,10],[0,57],[-35,34],[-16,40],[-66,76],[-62,30],[45,59],[43,17],[34,-44],[7,-40],[45,-54],[23,0],[41,-42],[58,-1],[38,-70],[-8,-66],[38,-110],[41,-24],[29,10]],[[55423,64377],[-50,-40],[-70,27],[2,86],[-35,-51],[-41,26],[-8,57],[82,32],[0,28],[48,2],[10,-50],[24,-29],[38,-88]],[[53674,64569],[-25,-17],[-36,35],[-6,41],[-41,61],[-3,61],[47,14],[25,-17],[-23,-65],[19,-90],[43,-23]],[[55111,64870],[-41,-114],[-61,25],[-6,63],[48,12],[17,-24],[43,38]],[[55176,65075],[-27,-25],[-33,29],[29,29],[31,-33]],[[54933,65218],[-1,-57],[-37,-25],[-35,48],[35,69],[38,-35]],[[57191,37906],[-262,-162],[-152,-90],[-67,-57],[-159,-67],[-89,-59],[-45,-40],[-28,-7],[3,-63],[17,-86],[22,-47],[7,-131]],[[56438,37097],[-50,-8],[-21,14],[-32,-11],[-47,16],[-88,-45],[-27,-5],[-59,-49],[-39,-67],[-29,-8],[-17,-62],[-9,-109],[5,-41],[-9,-41],[-24,-44],[-24,-5],[-97,-69],[-45,-60],[-66,-51],[-24,-36],[-37,-98],[-17,-82],[-113,-203],[-2,-37],[-27,-50],[-43,-20],[-47,-41],[-81,63],[-56,26],[-60,-56],[-31,14],[-3,32],[-46,48],[-49,-22],[-43,7],[-21,24]],[[54557,36097],[-25,53],[-22,-3],[-9,31],[-27,37],[-20,55],[-33,23],[-32,46],[-12,50],[-51,70],[-28,80],[-23,41],[-25,4],[-23,33],[-20,70],[-25,146],[-1,526],[0,376],[0,376],[0,300],[333,0],[209,0],[-37,106],[17,114],[28,88],[-4,53],[-15,41],[2,156],[5,25],[-7,108],[27,111],[-14,61],[-2,145],[-9,55]],[[45526,49130],[-22,-168],[-44,-12],[-24,-56],[1,-121],[-31,-32],[-39,-87],[-27,-23],[-40,-58],[-25,-57],[-26,-20],[-15,-37],[-9,-71],[-19,-39]],[[45206,48349],[-97,115],[-128,89],[-51,31],[21,72],[-28,76],[-48,13],[-22,40],[-22,18],[-6,125],[-22,81],[-49,-27],[-4,48],[-26,68],[17,36],[18,-31],[35,65],[-26,10],[-16,-28],[-19,74],[0,76],[26,46],[-39,26],[-3,36]],[[44717,49408],[25,17],[24,-16],[24,26],[19,88],[32,5],[36,69],[17,84],[27,63],[8,72],[22,19],[47,15],[30,-26],[59,23],[3,35],[171,2],[19,-7],[11,-55],[40,-64],[11,-45],[31,-70],[0,-29],[48,-74],[-19,-111],[37,-10],[2,-122],[32,-73],[-42,-76],[-8,-61],[23,-46],[17,14],[34,77],[29,-2]],[[44933,48673],[-16,-79],[-14,34],[-93,45],[15,21],[74,14],[34,-35]],[[44717,49408],[7,41],[-11,29],[-2,81],[-23,-29],[-7,42],[-34,69],[-18,69],[1,36],[-33,24],[2,31],[-28,15],[-27,53],[-56,45],[-53,85],[-30,-1],[0,53],[-32,75],[-20,-1],[7,69],[-44,64],[12,35],[-25,76],[-15,12],[-20,-86],[-16,-14],[-13,43],[16,45]],[[44255,50369],[17,34],[26,91],[9,58],[38,88],[44,1],[49,48],[16,28],[71,-14],[38,28],[38,8],[2,146],[-32,44],[-33,28],[6,36],[28,29],[34,-5],[13,104],[-16,41],[-1,58]],[[44602,51220],[87,-6],[54,-14],[34,1],[-2,-60],[27,-24],[19,34],[37,-50],[34,-5],[20,-31],[18,13],[39,-42],[45,22],[30,29],[39,5],[48,-17],[65,24],[34,-14]],[[45230,51085],[-32,-106],[42,-75],[20,-22],[22,9],[38,94],[38,-2],[28,-51],[-1,-37],[26,-66],[89,145],[30,18],[56,-35],[51,-47],[39,-14],[26,73],[55,43],[17,-5],[14,49],[-28,55],[24,20],[47,-15],[41,-39],[-1,-63],[22,-46],[-3,-52],[29,-26],[6,-50],[-14,-127],[36,-9],[9,-55],[41,-53],[27,-12],[5,-62],[-20,5],[-38,-81],[-19,-63],[4,-22],[37,16],[10,34],[36,1],[16,-27],[0,-132],[4,-99],[18,-57],[25,2],[6,-33],[26,-11],[14,-40],[-7,-48]],[[46141,49967],[-32,-54],[-17,-56],[13,-48],[-10,-135],[20,-80],[15,-15],[45,13],[-18,-113],[46,-46],[-42,-40],[-8,-32],[-3,-83],[41,-16],[30,-71],[1,-84],[-22,-26],[-34,20],[-20,35],[-61,-2],[-18,-123],[66,-64],[-29,-117],[7,-35],[-7,-50],[-27,-84],[-20,22],[-49,-15]],[[46008,48668],[-16,21],[-6,44],[-32,3],[-14,-64],[3,-29],[-53,-130],[-52,-5],[-23,30],[-8,42],[-54,20],[22,100],[0,59],[-22,62],[4,75],[-24,122],[-18,63],[-28,50],[-33,10],[-42,-14],[-21,-26],[-13,42],[-25,4],[-27,-17]],[[46008,48668],[12,-11],[15,-111],[22,-88],[5,-60],[-9,-29],[1,-61],[-10,-41],[-57,-102],[-1,-30],[44,-27],[4,-40],[59,-41],[29,14],[34,-15],[24,-44],[-5,-41],[16,-20],[1,-43],[32,-17],[33,-50],[30,3],[-1,-57],[15,-104],[-15,-50],[14,-29],[-19,-46],[-5,-66],[-24,-43],[6,-53],[-14,-26],[9,-86],[0,-174],[9,-11]],[[46262,47069],[-46,4],[-33,45],[-71,51],[-43,13],[-11,24],[-37,24],[-45,55],[-38,26],[-27,38],[-45,32],[-70,83],[-52,88],[-7,34],[-24,21],[-3,28],[-27,29],[-92,154],[-1,21],[-94,140],[-71,25],[-34,33],[-10,72],[-62,73],[-80,58],[-4,55],[-29,54]],[[52629,46013],[-28,137],[5,37],[-13,59],[8,80],[-18,57],[-11,-1],[-19,61],[-34,5],[-165,325],[-23,63],[5,113],[-8,76],[-20,69],[-59,71],[-17,38],[-4,96],[-11,91],[1,72],[-11,41],[-27,28],[20,66],[6,57],[-7,49],[10,57],[-12,92],[-28,-7],[-22,55],[36,85],[50,34],[57,226],[30,40],[48,228],[56,71],[13,66]],[[52437,48650],[51,-3],[33,-29],[35,15],[38,51],[38,11],[44,30],[10,61],[38,37],[20,-100],[23,-20],[16,-39],[30,41],[59,22],[40,73],[58,30],[10,21],[47,30],[59,-9],[46,26],[117,6],[22,8],[22,80],[38,34],[29,78],[54,121],[-20,35],[-32,26],[-10,50],[56,59],[44,6],[28,-14],[89,10],[51,13],[48,46],[78,-11],[20,11],[21,43],[-4,23],[88,74],[46,114],[5,48],[21,15],[44,101],[31,-1],[30,95],[16,28],[30,7],[17,31],[8,57],[-12,80],[5,33],[37,15],[38,38],[12,46],[34,-10],[21,50],[55,42],[70,-18],[38,-23]],[[54417,50344],[39,-115],[28,-37],[48,-87],[90,-265],[13,-109],[-18,-76],[11,-59],[-4,-70],[-22,-47],[-25,-19],[-2,-86],[31,1],[-3,-46],[-19,-50],[6,-36],[29,11],[29,-16],[54,6],[66,-12]],[[54417,50344],[26,145],[-12,93],[-35,2],[-11,33],[-31,22],[-17,38],[-7,47],[15,154],[-2,41],[-28,-13],[0,66],[-29,143],[19,73],[-64,66],[-39,-53],[-33,2],[-34,77],[34,132],[21,40],[33,27],[35,70],[-20,123],[-17,29],[-15,66],[45,102],[78,74],[0,48],[-25,15],[-4,110],[-17,37],[28,42],[54,26],[-4,68],[23,81],[45,66],[16,56],[0,90],[-16,38],[5,42],[46,70],[60,-12],[73,34],[64,-9],[31,-19],[10,14],[0,609],[0,463],[0,348],[-1,463]],[[54986,55870],[156,0],[209,0],[261,0],[261,0],[314,0],[261,-1],[219,0],[30,97],[35,-20],[-15,-76],[188,0],[280,0]],[[57185,55870],[101,-142],[83,19],[36,9],[22,114]],[[57427,55870],[127,0],[250,0],[249,0],[125,0]],[[58178,55870],[-2,-90],[6,-68],[23,-106],[35,-94],[10,-53],[-17,-57],[16,-58],[6,-97],[16,-91],[-12,-51],[-2,-56],[13,-115],[-8,-70],[17,-79],[-5,-82],[12,-90],[13,-158],[7,-15],[20,-133],[31,-76],[34,15],[37,-62],[30,-15],[30,-62],[19,-17],[-9,-40],[21,-49],[25,-3],[55,-55],[25,-7],[15,-57]],[[58639,53879],[-38,-57],[-31,-117],[-49,-49],[-39,-9],[-38,-51],[-20,20],[-21,-47],[-57,-32],[-2,-62],[-26,-82],[-25,13],[-47,-20],[-36,28],[-4,-153],[-23,-55],[-6,-64],[15,-54],[3,-83],[-16,-34],[-34,-173],[-24,-57],[-14,-96],[3,-42],[-14,-26],[-14,-73],[-27,-68],[28,-423]],[[59653,51116],[13,27],[25,-12],[42,-68],[30,35],[-1,44],[17,47],[72,48]],[[59851,51237],[52,-115],[26,-118],[2,-75],[-11,-43],[-45,-23],[-45,-80],[-39,-9],[-38,-36],[-19,-63],[-42,0],[3,-39],[29,-8],[13,29],[49,19],[66,-1],[32,-47]],[[58639,53879],[26,-99],[25,-68],[37,-136],[34,-181],[29,-203],[9,-164],[10,-95],[21,-107],[31,-37],[15,-102],[-7,-45],[35,3],[20,-97],[15,-36],[-6,-70],[31,-22],[11,47],[-20,62],[-1,46],[27,57],[35,-62],[18,-15],[-12,-56],[30,-90],[5,-38],[38,-32],[20,35],[48,1],[48,-85],[-2,-31],[22,-27],[94,-31],[40,-76],[8,-43],[45,-94],[10,-44],[21,-31],[15,-61],[35,-6],[9,-24],[38,-22],[3,-27],[29,-64],[50,-40],[15,-78],[10,-97],[26,-14],[12,20],[36,-81],[22,-28],[9,-77],[51,-26],[10,45],[23,-40],[9,-56]],[[59118,52700],[-27,-34],[-21,13],[-39,-3],[-6,63],[-31,29],[45,36],[13,-29],[6,-73],[19,-9],[14,37],[27,-30]],[[52602,68275],[-29,-16],[-4,-43],[-86,-17],[-51,-48],[-20,16],[-87,2],[-57,-24],[-17,-47],[-76,-44],[-95,10],[-27,23],[-93,17]],[[51960,68104],[-60,22],[-66,-6],[-45,23],[-63,6],[-114,40],[-36,49],[-43,102],[19,46],[-64,-23],[-53,-33],[-40,14],[-76,-7],[-59,-37],[-26,-71],[-65,10],[-24,35],[-56,2]],[[51089,68276],[1,36],[-24,29],[-69,-74],[-67,47],[-1,37],[-74,21]],[[50855,68372],[9,25],[-25,78]],[[50839,68475],[34,73],[-27,62]],[[60293,63426],[0,-31],[31,-27],[0,-69],[-14,-48],[45,-25],[13,-46],[-15,-57],[32,-66],[35,0],[29,-157],[3,-55],[25,17],[52,-39],[19,-52],[26,-10],[66,24],[33,-29],[15,-42],[-54,-12],[-20,-98],[42,-88],[-6,-34],[18,-30],[-42,-64],[-25,13],[-15,-33],[-6,-65],[-43,-36],[-13,-49],[16,-34],[4,-50],[-54,20],[1,-49],[-24,-25],[9,-41],[29,-25],[-6,-91],[-31,-67],[18,-28],[46,-128],[17,-21],[44,-5],[41,-131],[32,-53],[3,-46],[-19,-107],[47,2],[55,-33],[64,-68],[92,-130],[17,-17],[35,12],[24,-13],[14,-61],[73,-162],[44,-125],[-41,-177],[-1,-206],[88,0],[4,-9],[-1,-255],[39,-19],[11,-51],[19,0],[34,-52],[-4,-32],[19,-77],[21,-20]],[[61303,59844],[-53,0],[-34,31],[-45,7],[-25,-22]],[[61146,59860],[-73,52],[-85,-3],[-43,-29],[-23,-36],[-41,-170],[-28,-88],[-38,-86],[-48,-88]],[[60767,59412],[-47,-16],[-248,36],[-192,29],[-7,4],[-215,282],[-277,363],[-210,292],[-141,134],[-302,285],[-106,37],[-237,62]],[[58785,60920],[39,63],[-15,54],[-50,-22],[-19,83],[21,11],[-75,436]],[[50168,67808],[44,-23],[47,14],[48,38],[78,-35],[42,43],[33,63],[-9,68],[98,86],[-4,-92],[47,-64],[62,-28],[-18,-42],[63,-23],[0,51],[60,96],[12,39],[-2,88],[47,3],[4,-60],[29,-39],[31,-1],[60,41],[17,-8],[21,-68],[32,21],[-18,33],[11,42],[-29,16],[19,81],[26,10],[27,-38],[35,-8],[11,34],[-26,34],[23,96]],[[51960,68104],[-90,-114],[12,-41],[61,-14],[-36,-57],[1,-49],[31,-1],[-11,-78],[53,-33],[21,-47],[-39,-28]],[[51963,67642],[4,55],[-47,44],[-12,-39],[-101,28],[-12,-64],[-38,-6],[-44,-38],[-79,-48],[-12,37],[-45,-34],[-28,-100],[34,-18],[21,-94],[41,-47],[-22,-62],[-52,-34],[9,-132],[22,-118],[30,-55],[62,-78],[64,-43],[82,-97],[97,-86],[59,-201],[29,-164],[35,-100],[39,-64],[45,-49],[46,-73],[42,-33],[7,-37],[68,-37],[34,-38],[87,-14],[156,19],[30,-13],[14,-64],[-72,-75],[-3,-69],[29,-37],[154,-110],[124,-63],[59,-50],[53,-75],[143,-90],[8,-46],[54,-50],[53,-95],[22,-76],[-23,-46],[-13,-104],[-46,13],[-38,36],[-17,37],[-3,67],[-40,84],[-90,7],[-80,51],[9,49],[-53,8],[-37,-37],[-35,-72],[-12,-45],[-35,-63],[7,-59],[-38,-80],[7,-58],[29,-32],[34,-3],[25,-33],[84,-74],[-10,-33],[7,-64],[-6,-60],[13,-43],[-12,-38],[-78,-5],[-61,-51],[-19,-46],[10,-97],[-2,-50],[-27,-40],[-34,-24],[-46,-79],[-21,-96],[-89,-12],[-25,20],[-10,71],[6,66],[36,19],[32,97],[-1,52],[-15,41],[42,33],[32,-2],[25,46],[1,43],[-36,87],[-13,135],[-11,47],[-34,62],[-16,66],[-7,86],[-14,48],[-32,54],[-20,3],[-34,-42],[-34,18],[-42,69],[-24,3],[-34,33],[24,78],[-30,88],[-36,51],[-56,-31],[-44,10],[25,48],[-48,54],[-24,-19],[-41,19],[-8,42],[-46,112],[-35,52],[-55,-11],[-51,33],[-75,-34],[-41,86],[-73,30],[-46,85],[-56,53],[-25,83],[-62,67],[-24,-2],[-45,123],[-76,63],[-57,17],[6,40],[-52,95],[-70,47],[13,45],[-26,27],[-49,-4],[13,103],[-8,59],[-22,61],[-29,44],[-17,166],[-15,55],[-28,49],[-38,13],[-32,32],[-19,-14],[-77,82],[-68,55],[-126,39],[-79,-64],[-16,-55],[-47,-45],[-24,-75],[-49,-50],[-71,-31],[-52,1]],[[52450,64005],[15,-31],[-23,-78],[-78,-168],[-12,-90],[-18,-36],[4,-86],[29,-19],[-10,-38],[40,-90],[-42,-42],[-22,-72],[11,-56],[-16,-14],[-51,36],[-28,-16],[-78,47],[-25,76],[-31,49],[-51,37],[-52,-9],[-57,45],[-31,42],[-31,12],[-47,48],[-28,46],[-32,7],[-30,34],[-65,-3],[-56,60],[-17,57],[21,107],[19,30],[40,27],[47,-49],[34,17],[20,64],[28,-7],[28,22],[22,-59],[32,4],[37,-55],[38,-13],[61,38],[68,-17],[64,14],[33,19],[27,38],[46,15],[49,-30],[42,44],[41,8],[35,35]],[[50911,65130],[9,-19],[-20,-71],[-33,-57],[7,-59],[21,-30],[-10,-46],[1,-70],[-13,-106],[-1,-78],[-21,-122],[-3,-49],[-28,-8],[-54,50],[-46,-6],[-16,-33],[0,-75],[-48,-58],[-33,26],[-20,-21],[-73,170],[15,26],[-11,93],[21,54],[24,137],[-16,30],[-26,-4],[1,73],[24,27],[-7,105],[-41,131],[-46,24],[-2,51],[27,91],[21,-30],[56,-12],[32,35],[34,9],[69,107],[36,20],[20,47],[84,-71],[11,-63],[-4,-44],[24,-49],[35,-125]],[[51619,66793],[16,24],[-18,14],[-10,-21],[12,-17]],[[51625,65801],[0,0],[0,0],[0,1],[0,-1]],[[50839,68475],[-10,-43],[26,-60]],[[61395,64071],[-2,-59],[11,-116],[29,-172],[31,-58],[83,-64],[133,-21],[57,-24],[20,-38],[26,-87],[42,-59],[164,-149],[75,-22],[145,-55],[50,10],[44,24],[139,45],[91,40],[101,33],[45,-5],[11,-30],[50,-12],[34,14],[5,64],[-30,154],[-2,42]],[[62747,63526],[73,-9],[48,19],[45,39],[22,-4],[45,42],[1,67],[19,55],[40,41],[33,54],[24,9],[55,53],[76,21],[73,-26],[86,7],[-1,43],[37,44],[40,-10],[42,17],[23,-22],[57,-19],[34,45],[14,-6],[34,-92],[2,-56],[39,-23],[52,-1],[131,-72],[7,-48],[45,-24],[38,30],[51,-23],[42,11],[49,-24],[45,-51],[37,-12],[5,-87],[38,-64],[77,-39],[59,-43],[31,-76],[56,-118],[197,5],[29,-35],[-9,-85],[19,-144],[-13,-55],[20,-65],[-4,-102],[10,-27]],[[64720,62666],[5,-35],[-26,-89],[-22,-46],[2,-109],[-14,-122],[-28,-46],[-3,-42],[-63,-50],[47,-109],[-66,-6],[-33,-61],[-9,-45],[11,-127],[-11,-64],[7,-37],[38,-39],[60,-6],[-16,-71],[-17,-20],[-50,-107],[2,-78],[68,-372],[-6,-89],[-9,-22],[8,-146],[-3,-37],[17,-88],[216,-50],[24,-40],[20,-134],[-11,-101],[-87,-168],[-165,-318]],[[64606,59792],[116,-225],[16,-16],[1,-60],[39,-86],[22,-105],[23,-57],[64,-107],[42,-28],[84,-34],[27,-34],[30,-60],[44,14],[7,-23],[-8,-108],[12,-83],[9,-167],[-15,-73],[12,-61],[32,-5],[66,22],[23,-20],[-6,-82],[9,-82],[-22,-30],[-11,-102],[-104,9],[-42,-32],[-45,-8],[-37,-31],[-13,-75],[-32,11],[-8,-29],[-63,-36],[-13,-38],[-14,-164],[-26,-34],[-11,-242],[-9,-41]],[[64805,57470],[-47,-72],[-61,32],[-4,21],[-37,22],[-107,33],[-8,65],[-14,21],[-33,-14],[-17,-44],[-25,24],[-17,-30],[-34,23],[-47,-18],[-35,30],[-64,5],[-22,31],[-70,-19],[-20,-15],[-33,13],[-19,47],[-30,25],[-72,15],[-60,-6],[-40,-19],[-27,10],[-29,65],[-47,-29],[-5,47],[-67,7],[-52,16],[-19,91],[-24,68],[13,36],[-22,48],[-15,92],[4,85],[-32,175],[-30,39],[-14,46],[-60,7],[-62,24],[-61,-20],[-50,-67],[-68,-12],[-21,-25],[-14,-71],[-42,-24],[-34,15],[-18,-33],[-27,-12],[-81,-102],[-49,5],[-16,38],[-46,11],[-21,54],[-43,-3],[-41,19],[-47,-22],[-28,3],[-61,73],[-21,69],[-91,52],[-60,59],[-31,43],[-35,26],[-9,93],[-39,53],[-48,17],[-63,76],[-40,7],[-37,-11],[-37,12],[-55,71],[-31,84],[0,55],[-33,65],[-18,82],[-4,86],[-22,40],[-27,7],[-17,42],[22,30],[7,47],[-22,35],[-52,2],[3,152],[-70,103],[-41,106],[-26,35],[-5,91],[-14,38],[-43,4],[-84,-87],[-19,-3],[-14,66],[-63,0],[-64,76],[-15,46],[30,4],[31,-18],[22,25],[-25,43],[-49,3],[-32,-84],[15,-48],[4,-85],[-15,-28],[-64,7],[-8,-40],[-21,2]],[[63363,58368],[-5,-39],[-30,-70],[-36,-44],[-19,23],[-46,-24],[-54,-50],[-55,-25],[14,52],[104,67],[13,31],[-8,55],[38,-24],[38,34],[46,14]],[[49428,70523],[-86,41],[-31,-30],[-37,32],[-41,2],[-21,48],[28,20],[72,9],[61,-52],[19,-34],[30,39],[-46,13],[13,43],[-22,76],[-7,98],[36,13],[38,53],[60,112],[24,85],[19,144],[20,86],[45,-31],[45,24],[80,71],[19,62],[38,41],[105,51],[98,4],[103,24],[37,-13],[9,-42],[78,-53]],[[49183,70526],[51,21],[58,-33],[54,11],[71,-2]],[[29987,50997],[-24,-12],[-31,27],[4,24],[51,-39]],[[49367,70681],[-15,-31],[-49,38],[38,21],[26,-28]],[[49597,71392],[-26,-55],[-22,27],[48,28]],[[46141,49967],[43,25],[33,95],[17,19],[48,-6],[6,-47],[20,-3],[6,-40],[64,-21],[18,-33],[22,22],[-10,34],[6,40],[45,19],[28,-15],[13,49],[-12,25],[8,81],[39,-44],[27,-3],[-3,55],[41,28],[19,-43],[-13,-50],[19,-28],[1,-61],[-16,-35],[16,-36],[45,-13],[30,79],[26,32],[57,20],[19,-14]],[[46803,50098],[32,-62],[50,10],[28,-21],[17,-96],[20,-15],[2,-77],[35,-16],[35,-84],[27,13],[28,-36],[48,-23],[14,67],[37,38],[19,-12],[46,49],[61,27],[15,-15],[58,-2],[30,-35],[38,-7],[11,-48],[28,-13],[22,-82],[27,-66],[12,-9],[20,48]],[[47563,49631],[8,-108],[-27,-69],[-4,-39],[31,-20],[11,-46],[30,-356],[-30,-43],[2,-42],[-21,-15],[-40,-94],[-28,-122],[-13,-153],[3,-37],[-18,-62],[-17,-12],[-31,-99],[4,-66],[-14,-50],[22,-176],[17,-50],[8,-83],[18,-89],[-2,-57],[16,-41],[25,7],[25,-29],[13,-111],[-15,-4],[3,-98],[-17,-1]],[[47522,47466],[-28,14],[-8,-31],[-23,21],[-21,-7],[-17,38],[19,74],[-26,-4],[-22,-120],[-110,37],[-32,4],[-76,53],[-95,-8],[10,-33],[69,27],[51,-24],[-168,-25],[-44,-19],[-126,-11],[-73,-11],[-28,-18],[-59,-16],[-77,-58],[-120,-77],[-11,-18],[-77,-34],[-39,-58],[-31,-10],[-76,-88],[-22,5]],[[53742,66262],[-2,40],[-59,35],[-51,68],[-33,-12],[-24,38],[-26,1],[-70,112],[-37,23],[-6,47]],[[53434,66614],[45,34],[31,-20],[7,56],[-12,44],[-50,86],[24,20],[50,5],[18,26],[-69,78],[-10,36],[-39,11],[-19,48],[6,68],[53,107],[11,77],[-52,19],[-43,-30]],[[53385,67279],[32,44],[-14,65],[16,39],[40,37],[-50,31],[-34,46],[11,88],[-46,124],[15,58]],[[54371,66961],[-22,-27],[-1,-47],[-55,-43],[-13,-93],[33,-85],[12,-81],[77,-73],[30,-58],[5,-63],[-43,-53],[-13,-46],[-59,-8],[-21,-29],[14,-36],[-14,-85],[26,-31],[-5,-52],[-44,-45]],[[45230,51085],[2,38],[-16,40],[-6,49],[16,37],[-13,171],[-22,18],[-7,77],[-15,48],[-38,19],[-19,-46],[-20,37],[3,42],[-29,39],[-27,80],[23,23],[13,79],[-16,59],[7,69],[-31,95],[-29,18],[-4,64],[19,52],[-26,75]],[[44995,52268],[78,2],[36,57],[6,67],[-12,11],[4,65],[32,180],[22,-7],[32,37],[31,1],[30,-76],[68,-90],[35,-83],[23,92],[22,26],[2,41],[55,10],[60,-4],[48,-31],[79,-1],[44,30],[67,5],[-8,59],[20,63],[12,1],[-4,-96],[274,0],[217,0],[226,0],[312,1],[42,407],[-67,91],[-5,16],[-14,246],[-22,360],[-27,458],[-28,479],[-19,312],[-21,336],[-29,451],[-23,361],[-19,301],[-33,528],[-25,392],[178,0],[297,0]],[[46991,57366],[176,-209],[192,-234],[249,-302],[186,-226],[232,-283],[256,-311],[186,-226],[124,-151],[9,-53],[-9,-99],[6,-32],[34,0],[18,-37],[42,-21],[33,-47],[2,-55],[34,-54],[21,-4],[54,-40],[34,31],[26,-30],[32,-80],[26,-18],[121,-40],[34,-26],[38,-47],[-4,-120],[16,-72],[-42,-128],[15,-36],[40,-49],[35,6],[212,74]],[[49419,54447],[1,-494],[1,-577],[-11,-24],[-4,-69],[1,-196],[-33,-59],[-24,-106],[3,-51],[-21,-49],[-9,-85],[-48,-42],[-45,-67],[-5,-71],[-116,36],[-20,-44],[-246,-15],[-201,-12],[-17,-12],[-79,-134],[-82,-26],[-41,27],[-44,-15],[-35,16],[-1,-42]],[[48343,52336],[-122,77],[-43,-32],[-19,39],[-76,-5],[-78,-126],[-83,-51],[-93,-109],[-72,-6],[-10,-20],[-5,-123],[-35,-21],[-62,54],[-21,9],[-36,-30],[-26,-49],[-40,-40],[-23,-122],[9,-73],[-46,-23],[-16,35],[-36,-9],[-6,-58],[9,-124],[-48,-10],[-9,-54],[-36,17],[-54,74],[-50,24],[-32,-7],[-12,-41],[-48,-65],[-7,-25],[33,-85],[5,-65],[-23,-53],[-28,12],[-22,-45],[26,-58],[-18,-47],[13,-64],[-49,-55],[-18,-64],[-41,-36],[-39,4],[-58,-30],[-27,-51],[-10,-106],[20,-27],[4,-77],[-12,-16],[0,-61],[-16,-66],[-45,-26],[-2,-43],[18,-76],[-14,-80],[4,-48],[-15,-81]],[[44602,51220],[-190,1],[-204,2],[-61,-62],[-68,-58],[-79,-1],[-32,13],[-38,-5],[-40,-40],[-93,-20]],[[43797,51050],[-19,49],[10,140],[-9,63],[10,26],[1,87]],[[43790,51415],[22,49],[225,-3],[3,81],[81,33],[38,-12],[41,32],[2,44],[22,38],[33,-47],[63,-43],[13,-25],[37,-3],[53,-55],[52,-7],[39,34],[55,19],[9,47],[-22,56],[-18,17],[-34,-11],[-63,-49],[-38,33],[-14,52],[-17,17],[-38,-21],[-20,17],[-11,50],[-20,20],[-48,14],[-46,-39],[-34,14],[-20,-31],[-13,-63],[-280,2]],[[43842,51675],[-40,93],[-10,89],[-15,78],[-22,41],[-14,83],[-33,49],[-32,99],[-40,42],[-24,0],[-9,-37],[-22,47],[44,22],[62,63],[70,153],[37,119],[54,151],[-1,17]],[[43847,52784],[21,182],[22,36],[15,114],[20,26],[32,14],[21,-30],[65,9],[37,-16],[49,42],[69,1],[29,8],[41,54],[11,-24],[90,-7],[51,16],[17,-12],[88,-140],[14,-63],[41,-54],[17,30],[19,-38],[51,24],[24,-47],[22,-69],[7,-72],[16,-40],[-3,-37],[32,-10],[8,-53],[34,6],[15,-78],[16,-19],[-2,-46],[44,-65],[18,5],[41,-52],[24,-76],[32,-35]],[[49249,50732],[19,32],[-17,73],[14,40],[-8,54],[7,87],[-2,129],[76,111],[43,123],[10,118],[0,119],[33,11],[42,73],[27,27],[94,40],[19,-21],[93,10],[27,51],[48,9],[152,-109],[30,12],[37,-26],[81,-152],[29,-95],[34,-62],[49,0],[29,55],[52,-2],[98,107],[18,9],[68,-18],[45,-49],[41,-68],[37,-5],[39,-71],[70,-38],[88,-18],[29,8],[57,-13],[14,11],[77,161],[62,61],[138,54],[75,-7],[130,1],[81,-37],[30,-22],[55,-64],[38,4],[21,-20],[52,-10],[24,89],[33,23],[36,59],[18,44],[45,26],[26,-13],[21,13],[10,45],[25,38],[67,-5]],[[51935,51734],[122,-313]],[[52057,51421],[31,-265],[0,-80],[10,-13],[55,-3],[25,-15],[9,-41],[33,-37],[-18,-68],[5,-57],[-20,-99],[20,-44],[-8,-67],[-60,-56],[-55,-72],[-49,19],[-61,-130],[-3,-43],[-47,-125],[-18,-91],[-18,-172],[-20,-26],[-30,-10],[-9,-105],[13,-34],[-18,-129],[-57,-34],[-32,-46],[7,-78],[-18,-65],[-4,-132],[-39,-86],[-28,-27],[-48,-5],[7,-49],[-16,-32],[-25,-7],[-8,-60],[4,-41],[-13,-49],[3,-71],[-39,-96],[-12,-53],[4,-40],[-48,-100],[-17,-77],[27,-70],[-70,-84],[-22,-54],[9,-29],[-17,-77],[-25,-20],[-7,-49],[-19,-18],[-60,6],[-10,62],[-1,63],[-14,33],[-34,25],[-12,64],[-61,56],[-29,-91],[-69,-2],[-32,62],[-66,-104],[-28,-7],[-20,-120],[-29,-15],[-36,-52],[-8,-29],[-25,-21],[-15,-47],[-37,-55],[-39,-78],[-36,-45],[2,-47],[-12,-24],[20,-41],[-25,-231],[-11,-12],[-42,-127],[-2,-33]],[[50590,47299],[-34,-51],[-29,43],[-7,-40],[6,-46],[-15,-36],[-72,3],[-72,-20],[-55,3],[-57,27],[-47,13],[2,-52],[-56,-63],[-29,20],[-4,-34],[-35,4],[-1,76],[-16,2],[11,-82],[-62,-9],[-98,-25],[-40,28],[-44,60],[-51,90],[-29,99],[-33,168],[-6,86],[-38,79],[-51,173],[-33,79],[-45,78],[-56,75],[-28,23],[-75,25],[-157,22],[-24,64],[-13,-15],[-5,-77],[-81,-8],[-41,4],[-60,-11]],[[49010,48074],[20,165],[-15,50],[-2,90],[16,36],[-9,178],[14,35],[-20,54],[2,103],[-15,48],[10,124],[7,37],[-10,54],[13,89],[-6,136],[8,20],[4,123],[58,1],[29,33],[16,81],[-6,70],[31,78],[25,46],[-6,52],[37,36],[16,-4],[23,61],[15,103],[-22,55],[21,75],[28,-15],[22,97],[-29,113],[7,40],[-9,103],[-16,15],[-48,125],[6,81],[24,70]],[[49010,48074],[-107,-18],[-113,-28],[-71,-31]],[[48719,47997],[44,32],[-11,74],[-47,126],[9,34],[-4,67],[-15,55],[26,3],[-2,499],[2,136],[-5,76],[-2,313],[-9,43],[-38,74],[-12,89],[-15,29],[7,37],[-2,183],[-3,17],[-151,185],[5,98],[-2,65],[22,51],[10,98]],[[48526,50381],[21,43],[15,-15],[26,99],[37,0],[21,28],[-2,31],[25,47],[36,-3],[9,-32],[32,19],[43,9],[35,-9],[36,68],[39,55],[27,111]],[[48926,50832],[17,56],[-13,19],[-12,86],[34,31],[38,10],[57,49],[25,-49],[20,-13],[14,-41],[52,-87],[10,-50],[56,-44],[25,-67]],[[51560,42022],[-17,73],[23,69],[-29,147],[2,89],[-33,-7]],[[51441,36291],[-2,109],[8,113],[8,13],[1,151],[-12,189],[8,40],[-19,59],[4,51],[25,3],[17,58],[22,30],[10,63],[8,128],[13,30],[27,170],[18,41],[7,121],[8,37],[3,81],[-3,89],[23,107],[23,12],[3,206],[33,49],[6,44],[28,31],[49,105],[-2,83],[65,107],[49,4],[26,43],[12,68],[36,61],[34,164],[8,75],[-5,90],[5,124],[14,113],[-5,100],[-24,65],[4,68],[-62,129],[-4,56],[-21,73],[-30,77],[2,45],[-34,88],[7,47],[-15,106],[-46,154],[34,69],[24,70],[22,30],[23,0],[7,59],[-18,84],[11,12],[-3,60],[-25,72],[-41,161],[-50,210],[-7,50],[-17,35],[-9,159],[-52,106],[-44,134],[-16,70],[-32,89],[59,26],[40,33],[26,-10],[49,34],[16,40],[53,22]],[[53385,67279],[-33,-2],[-32,40],[5,32],[-47,46],[-40,-12],[-61,42],[-12,-25],[-55,18],[-41,-40],[-41,50],[-30,-22],[-51,10],[-30,25],[-22,-21],[-68,65],[-40,-50],[-53,21],[-28,-10],[-27,-46],[-11,-51],[-34,13],[-58,93],[-47,-4],[-12,-25],[-13,-116],[12,-41],[-15,-30],[23,-44],[24,11],[60,-99],[26,-156],[30,-63],[21,-12],[73,-108],[10,-35],[99,-129],[42,-17],[7,-62],[47,-101],[39,-35],[20,-58],[-22,-12]],[[53000,66319],[-17,9],[-53,84],[-66,56],[-51,83],[-69,21],[-51,51],[-26,0],[-64,-35],[-31,20],[-18,36],[4,42],[-125,122],[-86,137],[3,42],[34,3],[7,34],[-109,167],[-5,86],[10,48],[-25,78],[-85,93],[-49,27],[-15,-32],[-11,-70],[-42,-83],[-27,-78],[-31,-1],[-23,69],[-35,53],[-35,183],[21,26]],[[51930,67590],[80,-33],[22,20],[67,17],[41,-10],[26,24],[23,66],[30,-62],[57,-32],[11,23],[59,-42],[46,10],[-17,130],[54,52],[58,8],[8,102],[-29,39],[20,50],[101,47],[5,34],[36,-4],[11,62],[30,27],[46,-23]],[[53230,66128],[16,-71]],[[53246,66057],[-69,71],[-6,31],[-110,95],[-21,-5],[-77,36],[-64,55],[10,20],[75,-58],[36,-8]],[[53020,66294],[46,-1],[9,-36],[98,-94],[57,-35]],[[52880,66333],[-6,-27],[-69,-7],[-7,30],[82,4]],[[52762,66412],[-66,22],[24,28],[33,-6],[9,-44]],[[52711,66490],[-2,49],[85,-15],[9,-39],[-58,-5],[-34,10]],[[52275,67126],[56,-48],[45,-61],[-42,0],[-59,109]],[[52178,67177],[-23,-2],[-27,88],[33,9],[17,-95]],[[52234,67318],[-80,72],[24,20],[13,61],[27,-44],[0,-37],[41,-55],[-25,-17]],[[51930,67590],[33,52]],[[61914,57242],[12,12],[-1,60],[-20,101],[-7,163],[8,54],[26,52],[7,79],[39,131],[55,54],[25,-28],[11,-69],[33,-10],[18,-33],[-7,-113],[-21,-66],[12,-48],[-1,-58],[20,-13],[7,-73],[-7,-91],[-24,-49],[-15,-88],[-17,-22],[-44,-5]],[[62023,57182],[-32,-33],[-32,4],[-26,34],[-19,55]],[[62228,54373],[-258,-64],[-128,-32],[-215,-54],[-164,-41],[-25,-16],[-234,-215],[-154,-342],[-35,-166],[-8,-19],[-64,-67],[-59,-1],[-60,149],[-10,10],[-104,-25],[-239,44],[-71,58],[-139,1],[-23,-13],[-42,7],[-52,-14],[-29,-19],[-95,-4],[-35,57],[-31,27],[-30,-1],[-24,-26],[-37,-66],[23,-37],[-25,-21],[-10,-62],[-3,-79],[27,-77],[-12,-56],[-21,6],[-13,-68],[-32,-27],[-12,-41],[-22,-15]],[[59763,53064],[-1,50],[-17,48],[4,52],[-28,72],[-25,31],[1,63],[-29,30],[-9,50],[-17,5],[-10,139],[-40,60],[-16,39],[-60,84],[-40,45],[-34,93],[-38,129],[-4,54],[-22,53],[-24,16],[-15,48],[10,68],[-20,19],[-10,43],[11,54],[-29,29],[-16,89],[-14,20],[-3,81],[-43,45],[2,59],[-18,37],[-26,2],[-28,90],[-69,76],[-53,80],[-39,-11],[-44,44],[-30,55],[-42,122],[4,20],[-56,90],[-16,68],[-17,23],[-1,41],[-24,62],[24,44],[-14,56],[-11,95],[-27,77],[-12,72],[20,-2],[10,65],[-1,52],[27,77],[-16,23],[0,55],[-33,114],[2,47],[-19,48],[-22,8],[-2,56],[-25,71],[-30,166],[-28,38],[-12,69],[-23,43],[-48,53],[-29,47],[-57,40],[-51,70],[-41,-11],[-25,49],[7,37],[-82,205],[28,10],[7,46],[-14,114],[-33,65],[-45,161],[-32,56],[-25,-2],[-17,51],[9,83],[-43,30],[-41,126],[-41,145],[-35,64],[-33,96],[-39,73],[-5,49],[-68,132],[-18,88],[-45,122],[-38,63],[9,26],[-44,32],[-40,-19],[-33,7],[-41,32],[48,183],[-7,69],[15,76],[5,114],[26,153]],[[57660,59540],[286,-81],[14,5],[109,147],[61,168],[14,17],[192,64],[44,159],[10,18],[83,75],[-135,254],[-139,241],[133,63],[253,119],[151,69],[49,62]],[[60767,59412],[242,-50],[16,-46],[27,-147],[19,-37],[205,3]],[[61276,59135],[17,-20],[11,-101],[22,-40],[-3,-46],[37,-82],[36,-62],[-25,-46],[24,-66],[25,4],[32,-35],[41,-3],[-21,-58],[38,-51],[9,-68],[19,-28],[29,28],[49,-115],[46,-48],[19,-2],[34,-65],[-23,-10],[13,-107],[43,-45],[7,-94],[-16,-56],[-49,18],[16,-53],[18,-22],[5,-60],[31,-126],[30,-67],[31,-17],[17,-77],[10,-119],[26,-37],[18,-49],[3,-50],[19,-18]],[[62023,57182],[14,0],[34,-69],[-24,-40],[-6,-52],[35,10],[42,-33]],[[59529,53274],[-22,50],[29,25],[-7,-75]],[[55060,36021],[-9,-69],[19,-68],[25,-35],[32,-130],[43,-84],[25,-32],[14,-91],[34,-54],[7,-39],[-3,-61],[21,-61],[26,-128],[17,-29],[26,-7],[6,-39],[68,-74],[8,-28],[36,-40],[52,-32],[27,-5],[51,-50],[18,-120],[-4,-72],[20,11],[67,0],[28,-18],[-4,-64],[7,-39],[-8,-75],[-1,-112],[57,-109],[28,-121],[11,-13],[68,-9],[48,-32],[44,4],[62,-53],[48,-20],[-5,-92],[14,-34],[45,-11],[30,-57]],[[56438,37097],[2,-182],[122,2],[31,-32],[38,32],[39,-13],[39,-69],[30,-17],[45,-6],[47,-66],[13,-44],[102,-12],[103,-74],[7,-43],[52,-13],[11,-51],[-28,-60],[33,-116],[5,-65],[14,-32],[-18,-58],[13,-51],[-2,-107],[-11,-11],[-5,-115],[9,-51],[-5,-41],[22,-50],[-10,-67],[-34,-34],[13,-95],[-9,-31],[-52,-23],[0,-90],[34,-7],[12,-45],[-9,-83],[-16,-39],[-2,-50],[17,-8],[-3,-86],[58,-66],[-8,-71],[-31,-88],[-11,-92],[-29,-63],[-24,-72],[-36,-3],[-12,-61],[8,-106],[-8,-41],[-34,-77],[18,-78],[-121,-233],[-140,-271],[-39,-48]],[[66574,56791],[-21,-54],[-64,66],[-17,-26],[-46,-5],[-29,52],[-22,81],[-23,0],[-14,58],[-15,140],[-26,84],[7,61],[-30,12],[-26,31],[-50,4],[-27,-11],[10,200],[-45,67],[10,30],[-40,86],[-27,-22],[6,-44],[-29,4],[-105,-28],[-50,-35],[-74,23],[-44,-11],[-21,-37],[-93,16],[-24,-7],[-15,-43],[-39,23],[-27,-17],[-15,21],[-79,32],[-33,-6],[-37,20],[-62,-5],[-24,-40],[4,-46],[-86,33],[-40,-19],[-69,20],[-79,-1],[-30,-40],[-30,17],[-47,-8],[-1,-48],[-52,1],[-12,-32],[-31,0],[16,62],[-52,20]],[[64606,59792],[206,-109],[204,-107],[28,-8],[293,44],[108,-33],[30,-22],[24,49],[81,43],[92,-1],[58,-14],[311,147],[39,60],[-31,44],[21,91],[5,105],[-14,82],[26,161],[49,26],[31,53],[9,57],[66,59],[21,-38],[87,-15],[69,31],[39,29],[6,33],[-47,15],[-7,52],[42,1],[39,52],[47,26],[21,62],[62,-25],[46,31],[40,-25],[27,-77],[18,-6],[43,22],[29,43],[30,72],[20,28],[-13,96],[3,96],[-9,49],[14,56],[21,17],[19,50],[-12,59],[25,35],[-3,69],[21,40],[61,20],[29,-13],[65,55],[46,60],[-3,32],[-35,61],[4,66],[-16,45],[-41,12],[-31,95],[13,44],[31,6],[87,-43],[52,-9],[91,13],[50,38],[14,55],[6,103],[-41,55],[26,45],[4,57],[33,38],[23,63],[45,34],[14,64],[33,66],[-28,49],[25,64],[-8,59],[-29,39],[9,29],[-47,131],[-46,40],[14,49],[43,46],[66,121],[29,-32],[15,47],[22,4],[47,60],[32,17],[12,37],[64,15],[30,32],[81,5],[87,23],[85,1],[35,9],[61,-12],[22,-21],[39,0],[80,81],[40,14]],[[68880,62680],[73,-267]],[[55951,66718],[6,-101],[-38,-79],[-37,24],[-44,-10],[-18,-22],[-40,-103],[-15,-74],[2,-149],[-40,3],[-63,-82],[-10,-45],[59,-17],[16,-75],[41,-79],[22,-24],[8,-49]],[[75143,48111],[-33,63],[-12,48],[-43,78],[-30,28],[2,119],[-29,20],[-16,78],[-15,-16],[-28,28],[-19,142],[-42,62],[-28,-11],[6,62],[-37,102],[-24,-22],[-22,30],[-1,73],[-11,42],[-21,-3],[-7,41],[-41,-25],[5,-54],[-10,-34],[-40,46],[-21,147],[11,58],[-4,42],[27,120],[15,48],[-15,66],[16,56],[23,152],[20,43],[-9,65],[24,55],[32,140],[7,61]],[[74773,50061],[12,85],[-12,51],[5,33],[38,62],[18,5],[7,67],[57,75],[8,44],[50,150],[3,50],[24,17],[21,47],[6,45],[-20,39],[5,41],[-29,75],[-2,65],[-19,104],[2,62],[-49,72],[-11,54],[-5,76],[-16,22],[2,66],[24,29],[-1,99],[-9,77],[0,66],[-16,74],[-21,37],[-19,66],[-51,65],[-55,89],[-35,114],[-47,99],[-21,160],[32,82],[27,-17],[5,52],[42,-3],[2,49],[-7,141],[11,121],[20,69],[40,-3],[21,74],[5,52],[-31,6],[-35,-36],[-7,80],[-23,78],[-24,52],[18,63],[-23,81],[-33,20],[-25,74],[-32,51],[-32,101],[-57,87],[-23,100],[19,44],[-19,89],[-33,91],[-29,2],[-4,77],[84,47],[-9,141],[-16,31],[41,93],[-1,94],[-11,48],[22,48],[-2,31],[45,41],[3,75],[25,-6],[28,-34],[85,-16],[29,34],[44,31],[21,-30],[33,50],[2,97],[27,38],[48,-27],[39,19],[23,47],[-11,25],[5,50],[40,-19],[31,10],[19,44],[28,14],[42,-63]],[[75891,50707],[-2,48],[-35,80],[-7,69],[-32,56],[-16,-31],[-26,29],[-48,20],[-18,67],[-42,82],[-30,25],[-35,67],[-38,15],[-12,-25],[-54,-14],[-95,28],[-43,-30],[-24,44],[22,59],[-14,40],[18,60],[-15,36],[18,51],[-9,46],[18,33],[-8,54],[-81,26],[-83,-19],[-13,11],[-67,-51],[-20,-71],[29,-53],[8,-48],[-31,-133],[-7,-82],[13,-121],[-8,-52],[11,-43],[-18,-60],[-27,-52],[-11,-68],[1,-45],[-17,-16],[-30,-93],[-19,-95],[4,-69],[-24,-40],[4,-106],[-71,-183],[0,-46],[-25,-43],[13,-73],[-11,-41],[2,-142],[-6,-28],[10,-72],[22,-88],[16,-38],[-25,-35],[6,-44],[33,-20],[26,4],[13,35],[45,23],[44,-11],[17,-96],[11,-232],[22,-46],[17,-63],[31,15],[14,-66],[8,-99],[37,-320],[-31,70],[-4,70],[-26,12],[-18,-40],[11,-93],[31,-86],[19,-5],[6,-60],[25,-36],[33,26],[41,-104],[23,-11],[40,-52],[52,2],[14,20],[38,2],[48,-36],[55,-166],[81,-121]],[[75021,48148],[-19,34],[22,44],[6,-57],[-9,-21]],[[74685,48840],[-5,-44],[-35,37],[3,151],[42,-63],[-11,-55],[6,-26]],[[75128,49680],[-2,-62],[-28,-21],[-9,72],[39,11]],[[75753,50905],[-28,-24],[-11,68],[15,8],[24,-52]],[[29036,54730],[14,-147],[-19,-44],[37,-58],[-6,-47],[-33,-60],[17,-106],[-7,-36],[-26,-47],[-43,-18],[25,-44],[-1,-31],[55,-59],[-16,-46],[-2,-91]],[[29031,53896],[-41,72],[-39,27],[-98,-6],[-120,-42],[-27,19],[-37,6],[-68,34],[-54,-21],[-20,18],[-42,-47],[-17,-66],[-25,57],[-58,76],[-40,-3],[-30,30],[-12,41],[17,89],[46,31],[25,-5],[94,-58],[55,-23],[21,13],[145,-27],[62,-20],[18,15],[16,47],[74,-12],[8,71],[-61,57],[-18,51],[-53,82],[27,26],[-24,63],[20,97],[-23,40],[-55,47],[-54,25],[-50,-7],[-16,44],[33,55],[54,43],[44,-4],[55,16],[55,-32],[46,-37],[18,-27],[51,-2],[30,-24],[16,16],[57,-11]],[[28633,54315],[16,45],[95,-71],[10,-53],[-62,20],[-59,59]],[[29036,54730],[3,53],[26,40],[39,7],[39,-30],[39,-7],[57,50],[45,-17],[12,-25],[44,-43],[51,4],[35,-58],[46,-18],[24,28],[39,-21],[-2,-52],[10,-53],[36,-69],[52,26],[54,-23],[48,-4],[-26,-51],[-44,4],[-49,19],[-2,-68],[51,9],[17,-29],[84,-33],[17,23],[64,-34],[43,-76],[60,-78],[6,-39],[-30,-79],[-3,-31],[-31,10],[-23,-83],[-23,-3],[-28,85],[-20,18],[-43,-8],[-41,28],[-77,-21],[-21,23],[-76,8],[-35,-30],[-38,-84],[-64,-3],[-42,-16],[-11,37],[-2,66],[-28,9],[-15,-41],[-23,-2],[-23,-41],[-31,24],[-14,-33],[11,-50],[-39,-116],[-28,-47],[-29,-105],[-26,66],[-31,39],[-8,69],[-31,42]],[[52437,48650],[18,54],[4,81],[-33,23],[-25,148],[-44,171],[-40,90],[-50,76],[-14,1],[-119,177],[-8,37],[-76,163],[-24,34],[16,51],[30,56],[17,63],[69,9],[78,-36],[45,18],[44,-5],[41,17],[45,-27],[80,31],[-39,44],[-63,115],[-22,88],[-22,17],[3,51],[-22,85],[3,52],[-11,48],[-4,94],[10,116],[21,58],[-18,84],[11,41],[-19,60],[0,76],[-37,45],[2,91],[-21,145],[-17,8],[-20,45],[-24,18],[-30,63],[3,41],[-23,56],[-95,-2]],[[51935,51734],[-43,337],[9,52],[38,18],[7,64],[31,35],[-1,74],[19,76],[144,364],[176,341],[115,221],[5,20],[12,263],[18,365],[18,386],[23,476],[8,40],[53,168],[-3,27],[-110,212],[0,46],[18,30],[-83,225],[-32,52],[-3,243],[-51,500]],[[61146,59860],[20,-107],[16,-18],[27,-90],[-58,7],[-31,-37],[-33,-70],[46,-13],[24,29],[30,-22],[-2,-31],[18,-135],[46,-128],[27,-110]],[[61255,59718],[-33,-54],[-18,14],[-31,86],[30,39],[8,52],[42,-96],[2,-41]],[[24116,51747],[0,64],[58,92],[32,-7],[14,60],[48,38],[-18,51],[8,42],[43,15],[12,-13]],[[24313,52089],[90,-52],[19,-63],[20,-1],[12,-42],[24,-23],[68,-39],[2,-55],[54,20],[14,44],[39,-6],[17,-45],[27,-6],[25,18],[32,-57],[-21,-134],[14,-45],[-21,-18]],[[24728,51585],[-15,-20],[20,-50],[-35,-53],[-75,1],[-70,31],[-16,-12],[-69,23],[-75,63],[-50,50],[-74,11],[-41,20],[-34,-4],[-8,35],[-70,67]],[[24116,51747],[-81,64],[-48,27],[-34,8],[-55,-9],[-68,8],[-41,14],[-63,51],[-57,61],[-77,114],[-52,69]],[[23540,52154],[22,78],[-7,56],[9,90],[22,39],[-35,82],[0,26],[121,377],[8,11],[332,1],[14,52],[-7,42],[16,44],[-20,42],[-47,49],[4,32],[-27,77],[-89,85],[-60,135],[-20,1],[-18,32],[118,-1],[0,274],[8,7],[189,0],[294,-1]],[[24367,53784],[3,-388],[-9,-270],[-14,-300],[87,0]],[[24434,52826],[34,-17],[43,-53],[48,53],[60,-67]],[[24619,52742],[-25,-25],[-22,-51],[-154,-216],[-54,-49],[1,-45],[-16,-58],[23,-63],[-5,-64],[-22,-4],[-32,-78]],[[81555,40237],[43,43],[70,38]],[[81794,40427],[48,91],[12,73],[64,30],[23,-1],[44,26],[27,0],[44,20],[46,-20],[46,14],[46,37],[37,-33],[46,37],[33,10],[33,41],[28,-24],[31,13],[31,-50],[-79,-122],[-43,-38],[-41,-5],[-30,-22],[-20,-52],[-21,-22],[-71,-17],[-59,-68],[-26,1],[-46,-35],[-18,4],[-62,-48],[-49,-71],[-36,-31]],[[79141,47302],[27,16],[4,28]],[[78864,47193],[68,-5],[75,51],[52,91],[55,62],[34,27],[-20,-83]],[[50280,66719],[-20,-10]],[[47688,62402],[46,-7],[78,27],[67,83],[31,7],[34,40],[21,88],[42,58],[36,15],[20,28],[38,-26],[43,31],[13,40],[34,24],[24,-45],[36,-15],[43,38],[25,94],[143,140],[54,23],[49,54],[233,42],[39,0],[67,30],[40,-21],[47,8],[50,53],[30,49],[22,1],[44,-34],[16,35],[60,-19],[51,24],[47,45],[75,-15],[90,14],[17,-11],[76,3],[85,-57],[4,-41],[49,-28],[43,11],[30,48],[49,36],[30,-5],[88,39],[38,84],[33,12],[32,-52],[64,-18],[24,-30],[88,39],[10,49],[29,7],[55,-48],[33,-12],[17,-37],[36,-20],[38,14],[49,40],[15,-16],[56,-11],[28,18]],[[51495,56629],[-237,-260],[-183,-200],[-182,-200],[-128,-140],[-164,-180],[-201,-221],[-108,-118],[-124,-188],[-110,-176],[-208,-332],[-23,-22],[-179,-64],[-229,-81]],[[46991,57366],[-186,214],[-168,183],[-204,223],[-106,117],[-212,232],[-160,174]],[[59132,39672],[25,-17],[10,-94],[-22,-32],[31,-30],[-29,-67],[15,-59],[-12,-57],[-42,-64],[33,-50],[-13,-73],[2,-39],[28,-177],[-12,-127],[11,-70],[-14,-47],[22,-22],[0,-35],[23,-78],[-23,-29],[-6,-39],[13,-33],[-7,-70],[2,-134],[-11,-72],[15,-38],[-11,-36],[29,-186],[-11,-53],[23,-22],[14,-44],[-34,-109],[37,43],[22,-30],[-8,-74],[10,-46],[-4,-49],[-23,-60],[-21,-27],[11,-48],[-48,-24],[13,-41],[27,-15],[-28,-110],[-1,-25],[-39,-55],[-17,-50],[-53,-100],[-17,-74],[-30,-79],[-48,-28],[-3,-45],[-28,-82],[-132,-142],[-20,-35],[-11,-48],[-32,-6],[-25,-25],[-75,-24],[-100,-75],[-49,-42],[-36,-13],[-147,-148],[-39,-47],[-34,-62],[-54,-159],[-13,-15],[-55,-109],[-22,-25],[-36,-101],[0,-43],[-32,-2],[-14,-52],[-26,-8],[-10,47],[-36,-60],[-84,-103],[-23,-67],[-64,-127],[-57,-92],[-16,-10],[-50,-69],[-15,39],[-18,-42],[-2,-78],[7,-54],[-26,-106],[17,-101],[29,-60],[38,-30],[3,-48],[31,-70],[-16,-85],[25,-158],[32,-95],[-1,-65],[11,-52],[7,-105],[-8,-128],[15,-47],[18,17],[-10,43],[8,76],[20,13],[13,-134],[-14,-77],[-1,-63],[9,-108],[21,-18],[-32,-117],[0,-70],[-15,-81],[-8,-180],[40,-11],[-16,-86],[3,-37],[-51,-133],[-53,-111],[-123,-107],[-45,-19],[-202,-127],[-71,-53],[-83,-77],[-75,-88],[-28,-69],[-22,-102],[-26,-42],[24,-109],[50,-15],[7,52],[17,4],[-7,-80],[-3,-138],[-7,-55],[0,-96]],[[56899,31508],[1,129],[-21,148],[11,68],[-6,53],[-29,42]],[[56068,43540],[4,50],[26,12],[48,-32],[9,-83],[44,0],[31,20],[21,-11],[34,23],[21,57],[8,166],[55,-57],[19,45],[19,-9],[26,27],[48,-48]],[[56219,44205],[69,29],[17,-70],[16,3],[50,59],[3,27],[27,37],[26,78],[31,-3]],[[74773,50061],[-14,-63],[-28,-91],[-19,-7],[-8,88],[10,80],[-18,175],[32,27],[15,72],[21,5],[-2,87],[14,85],[-16,59],[19,187],[-23,-40],[-20,25],[30,116],[-5,42],[-40,115],[33,18],[6,24],[-25,33],[5,64],[18,76],[-29,158],[-1,80],[-27,48],[-12,97],[-36,96],[-15,22],[3,42],[-15,35],[-10,-89],[-16,5],[0,88],[-11,66],[13,62],[-31,98],[-5,57],[-36,146],[-12,72],[3,147],[-22,82],[19,34],[-14,98],[-4,119],[-10,34],[-29,49],[18,137],[-6,76],[6,35],[-27,16],[-40,-11],[-17,57],[-22,33],[-19,112],[4,38],[-27,68],[-8,58],[-55,76],[13,-59],[-17,-36],[17,-94],[-30,-143],[-50,-109],[-48,-21],[-45,60],[-6,-21],[24,-58],[-13,-36],[-59,-28],[-23,-44],[-26,-7],[-34,-31],[-25,-98],[-38,-73],[-34,-43],[-29,11],[-1,49],[-29,-30],[-16,58],[-38,-65],[-31,10],[-5,89],[-14,0],[-18,-52],[-17,-2],[-25,54],[21,41],[11,82],[-11,38],[-34,1],[-2,-48],[-45,-97],[-27,-10],[-7,91],[16,190],[16,-5],[19,129],[-7,50],[23,31],[-2,50],[15,59],[0,53],[16,18],[-5,116],[11,36],[-25,85],[-14,94],[9,60],[-23,98],[-2,36],[-29,58],[-18,131],[-21,52],[-22,-3],[-3,78],[6,23],[-8,81],[-21,-39],[5,-102],[-12,-32],[-48,56],[-68,171],[-4,40],[34,5],[15,-49],[35,-35],[36,32],[15,44],[0,38],[-19,5],[-47,72],[-12,53],[-25,29],[28,67],[-38,0],[-41,30],[-10,56],[-27,-21],[-22,9],[-12,-35],[-26,0],[-20,46],[11,31],[-22,31],[-20,-43],[-24,38],[8,29],[27,24],[-16,41],[-3,44],[-48,-30],[-30,55],[-23,70],[-20,16],[-31,180]],[[73034,55404],[-24,57],[3,71],[14,49],[23,23],[27,-49],[27,-1],[9,-51],[23,19],[-14,99],[-4,119],[4,76],[-4,45]],[[74647,50784],[12,-34],[-12,-125],[-24,27],[14,44],[10,88]],[[74716,50786],[4,-91],[-29,-29],[-16,70],[0,36],[41,14]],[[74735,50867],[-34,-38],[-10,62],[44,-24]],[[74698,51175],[0,-52],[-20,-59],[-24,-12],[8,87],[-8,43],[8,36],[36,-43]],[[73722,52845],[-7,-67],[-21,7],[28,60]],[[73677,52990],[-8,-73],[-14,-31],[-45,-53],[-6,47],[26,29],[34,81],[13,0]],[[74463,53086],[-5,-96],[-30,39],[-2,74],[18,31],[19,-48]],[[73431,54276],[1,-46],[-27,-14],[-40,80],[33,35],[33,-19],[0,-36]],[[73492,54584],[-1,-27],[-30,-42],[-22,10],[-35,96],[24,31],[23,-41],[17,4],[24,-31]],[[73034,55404],[-19,-33],[-38,80],[-2,72],[-23,62],[17,87],[-19,59],[4,31],[-15,1],[2,41],[-17,123],[-22,75],[-8,75],[-18,62],[-34,83],[-25,42],[-57,-41],[6,-31],[-17,-49],[-20,-8],[-46,25],[-49,100],[-15,81],[-24,73],[11,91],[-19,61],[-91,27],[46,-59],[37,-16],[10,-24],[-2,-64],[-35,-21],[11,-67],[-27,-89],[22,-21],[6,-55],[25,-72],[2,-76],[-15,-55],[-26,-56],[-19,5],[-15,-32],[-16,-90],[-24,-28],[-43,31],[8,63],[-32,4],[-14,145],[-12,-10],[10,-79],[-10,-30],[13,-75],[-19,-29],[-44,-7],[5,-38],[-55,15],[-26,24],[-48,-19],[-22,12],[-12,157]],[[72946,55753],[13,-76],[-6,-51],[-24,21],[-7,70],[4,28],[20,8]],[[72735,56050],[10,-64],[-33,-69],[3,149],[20,-16]],[[72820,56165],[24,-54],[-13,-41],[-22,64],[11,31]],[[72639,56119],[17,-30],[-5,-128],[-16,-51],[-32,-41],[-14,25],[18,111],[4,56],[-11,85],[-23,27],[5,77],[25,-17],[32,-114]],[[72600,56296],[-31,-40],[-17,41],[34,15],[14,-16]],[[64720,62666],[72,-83],[70,-17],[32,17],[31,-14],[50,-59],[22,-79],[26,54],[59,-16],[80,82],[44,24],[-1,94],[28,44],[-26,57],[11,17],[58,-2],[45,22],[25,31],[44,7],[72,49],[23,35],[39,3],[19,37],[29,12],[35,70],[8,35],[-4,80],[50,158],[-5,77],[13,22],[68,48],[118,5],[33,51],[12,88],[36,22],[14,-28],[60,-34],[58,-55],[45,-3],[15,20]],[[53479,65776],[-52,42],[-8,53],[-61,89],[-36,25],[-22,51],[-4,42],[-50,-21]],[[53230,66128],[27,30],[1,38],[-20,37],[-4,112],[50,13],[-2,68],[13,47],[59,51],[24,-40],[22,18],[-43,99],[77,13]],[[53020,66294],[-20,25]],[[28140,54823],[-18,8],[7,29]],[[28129,54860],[11,-37]],[[28129,54860],[-6,0],[-20,-35],[-40,-9],[-59,5],[-32,32],[-46,7],[-23,-9],[-72,19],[-74,-23],[-92,-4],[-25,-23],[-61,11],[-46,-24],[-68,-10],[-33,6],[31,82],[59,88],[59,49],[18,36],[0,72],[-34,25],[12,37],[-32,36],[-48,-16],[-76,12],[-27,16],[-17,-17],[-33,7],[-56,94],[-35,28],[-24,45],[-19,168],[-23,78],[-23,12],[-8,38],[-130,-44],[-31,23],[-23,-2],[-51,46],[-47,12],[-21,25],[-29,-20],[-17,48],[-55,35],[-45,77],[-20,7],[-128,-1],[-30,21],[-26,58],[-25,-57],[-28,36],[-68,21],[-47,-12],[-15,36],[-55,41],[-9,45],[75,-1],[42,17],[11,54],[-63,53],[-59,-12],[-27,15],[-117,-2],[-39,8],[-6,-37],[-76,-80],[-22,-61],[-32,-11],[-34,-66],[-54,5],[-83,-12],[-21,-57],[3,-53],[-40,-6],[-44,-27],[-43,-57],[-15,8],[13,59],[-17,17],[-33,-14],[-38,-40],[-39,15],[97,73],[70,20],[-3,41],[-25,36],[10,75],[26,67],[17,8],[56,88],[40,36],[84,42],[5,19],[46,10],[11,29],[32,25],[40,9],[26,-23],[12,29],[92,11],[45,47],[50,23],[50,3],[52,-21],[70,0],[27,-29],[55,21],[24,-45],[29,26],[31,-22],[54,18],[37,-3],[17,-41],[75,-48],[68,18],[10,-32],[77,-68],[51,-106],[15,-3],[30,-58],[52,-17],[45,13],[53,-7],[58,-35],[22,-30],[28,-7],[21,-41],[37,-12],[27,-26],[45,-105],[15,11],[21,-43],[26,-16],[39,15],[3,26],[98,-109],[-29,-17],[-2,-67],[28,9],[23,51],[28,-62],[43,-41],[40,-20],[0,-28],[72,-5],[67,-58],[5,-38],[66,5],[14,18],[49,-31],[16,-31],[-34,-92],[-21,-41],[20,-28],[26,14],[30,-13],[28,23],[66,-28],[40,9],[40,-33],[66,-74],[29,-65],[26,-24],[50,2],[19,-64],[-34,-57],[-33,6],[-51,-17],[-62,-5],[-44,-57],[-32,-13]],[[26136,55691],[-7,-47],[-65,-49],[-65,12],[29,61],[-28,85],[0,41],[23,53],[35,-8],[45,-26],[-1,-29],[27,-47],[7,-46]],[[27459,55899],[-16,-53],[-55,34],[25,42],[46,-23]],[[27308,56036],[-12,48],[27,2],[18,-37],[-33,-13]],[[24863,51373],[-28,65],[-5,39],[-30,83],[-20,34],[-26,-32],[-26,23]],[[24619,52742],[28,-15],[23,47],[33,39],[50,28],[28,-14],[29,-48],[44,25],[52,-26],[74,-17],[29,22],[19,-9],[61,7],[35,-11],[36,46],[57,14],[24,41],[24,10],[30,-14],[25,-34],[32,-19],[63,7],[48,51],[20,1],[87,-56],[5,-50],[49,2],[3,25],[46,-9],[72,-138],[-27,-52],[12,-35],[47,12],[35,-49],[2,-33],[36,18],[3,20],[58,-15],[41,-111],[33,-23]],[[26733,43204],[22,23],[33,10],[18,55],[31,10],[32,195],[29,118],[-30,97],[-23,-99],[-16,-15],[-23,22],[-28,-13],[-39,-62],[-40,46],[-50,101],[-69,49],[-10,40],[55,67],[-5,65],[8,35],[-13,83],[-18,60],[8,58],[13,11],[7,67],[-24,56],[-22,83],[27,59],[53,3],[19,26],[8,73],[26,71],[-20,109],[17,21],[16,58],[38,42],[44,95],[8,62],[-3,71],[15,24],[-12,36],[5,60],[-20,47],[-4,43],[8,38],[58,31],[26,39],[52,14],[31,44],[55,4],[27,15],[21,50],[30,-23],[34,108],[1,27]],[[27139,45613],[44,-84],[25,-35],[28,-9],[25,-52],[33,-27],[35,-49],[57,-29],[16,-27],[32,17],[15,-12],[7,-51],[48,-33],[12,-121],[58,-37],[24,12],[59,-56],[43,13],[41,-25],[47,16],[-2,71],[28,31],[24,-26],[45,-21],[34,-91],[37,-49],[38,1],[61,-74],[37,-22]],[[26809,43569],[30,-22],[-49,-157],[-37,2],[1,88],[14,58],[41,31]],[[24040,44272],[-5,-36],[-33,10],[14,44],[24,-18]],[[24328,44555],[14,-16],[-48,-105],[-32,-12],[-21,18],[38,54],[21,47],[28,14]],[[24091,44629],[-2,-72],[-37,-47],[-25,7],[-31,40],[15,78],[65,17],[15,-23]],[[23766,44671],[-28,-18],[-37,43],[-6,59],[52,18],[20,-29],[-1,-73]],[[23991,44755],[-6,-39],[-41,5],[-29,39],[10,62],[48,-25],[18,-42]],[[23925,44533],[-14,-71],[-18,-49],[-22,1],[-40,-31],[-64,6],[-28,61],[18,59],[54,58],[18,-10],[20,56],[-31,43],[-7,49],[-31,39],[-20,139],[-32,-10],[-16,25],[60,73],[15,-4],[11,-53],[20,-22],[6,-100],[17,-44],[32,-37],[11,-34],[2,-83],[17,-9],[22,-52]],[[27139,45613],[-7,54],[-38,32],[6,34],[34,73],[23,5],[51,-25],[7,39],[-14,34],[3,36],[-23,16],[-8,79],[31,106],[41,92],[27,30],[15,-52],[51,-16],[-3,70],[40,12],[12,-48],[34,-1],[7,25],[-16,60],[45,75],[-1,88],[37,60],[14,81],[24,23],[15,73],[28,36],[15,89],[-27,20],[-16,34],[33,79],[-19,16],[-16,-23],[-7,-61],[-22,37],[-2,75],[23,35],[-10,61],[18,99],[0,82],[-13,144],[2,149],[-13,83],[-22,65],[36,7],[25,46],[4,43],[-28,120],[-35,81],[18,25],[5,78],[14,74],[-19,46],[1,29],[-32,9],[-11,44],[-35,59],[13,29],[-36,86],[-29,43]],[[27389,48507],[20,120],[24,27],[-10,69],[24,1],[27,-71],[64,89],[-10,34],[15,53],[32,50],[-8,58],[-25,82],[-10,5],[-16,92],[-15,35],[28,69]],[[27529,49220],[27,-84],[38,-44],[21,-66],[21,-11],[38,-59],[-27,-85],[22,-26],[26,5],[6,78],[-10,89],[0,70],[-18,51],[-29,22],[14,38],[59,30],[112,163],[19,71],[5,48],[24,49],[45,42],[26,-19],[51,31],[12,84],[-21,42],[22,184],[-19,59],[35,63],[6,58],[-5,75],[30,48],[25,14],[10,43],[62,60],[4,29],[48,68],[91,-68],[13,-113],[25,14],[22,107],[17,44],[-7,61],[15,58],[49,19],[48,-39],[113,0],[30,8],[64,100],[32,32],[47,70],[82,47],[51,47],[34,109],[-9,65],[44,14],[27,-28],[7,69],[21,-11],[29,35],[10,36],[33,-9],[78,-60],[34,-116],[-6,-39],[-43,-48],[-8,-35]],[[29151,50809],[-33,-27],[-140,-67],[-9,-19],[-67,-227],[-60,-18],[-26,-87],[-35,-73],[-13,-68],[-41,-111],[-7,-139],[-14,-87],[2,-81],[-39,-138],[-14,-19],[-54,-179],[54,13],[45,52],[8,-72],[12,-25],[29,21],[12,-41],[29,-204],[77,-156],[-3,-41],[17,-76],[-41,-77],[10,-58],[-9,-92],[0,-70],[9,-34],[34,-25],[31,-4],[12,-27],[3,-68],[19,-62],[23,-27],[44,-13],[47,33],[100,-17],[27,-28],[59,23],[16,27],[54,18],[33,-7],[15,-35],[55,-38],[43,20],[16,-17],[175,-411],[36,12],[17,-32],[50,68],[62,-15],[52,-26],[50,30],[39,-9],[42,23],[35,-6],[25,12],[23,36],[71,-21],[26,-43],[-4,-32],[17,-38],[-15,-47],[-31,-62],[-13,-82],[9,-51],[-9,-35],[-43,-52],[-9,-41],[13,-117],[-5,-111],[-14,-164],[10,-10],[12,-76],[-6,-35],[17,-75],[13,-95],[16,-83],[43,-41],[19,-87],[26,-40],[-24,-79],[-15,-12],[-104,-178],[57,-36],[14,-61],[24,-15],[43,-93],[34,-36],[-5,-59],[13,-72],[12,-11],[-3,-57],[18,-55],[49,-283],[2,-52]],[[46296,63451],[-27,-10],[-73,-75],[-52,-10],[-54,43],[-69,-3],[-51,20],[-67,-37],[-29,8],[28,84],[22,128],[-7,56],[8,122],[-19,64],[25,106],[-6,86],[-29,77],[-39,-36],[-40,-14],[4,69],[-19,57],[54,14],[30,44],[-19,66],[-25,-50],[-2,-50],[-56,-22],[-46,19],[0,56],[19,56],[-4,49],[23,83],[0,85],[30,26],[40,80],[5,50],[55,222],[-11,38],[11,37],[27,153],[33,56],[-15,42],[12,107],[-3,70],[-19,58],[-10,109],[-29,134],[4,61],[31,55]],[[43781,61203],[-16,-21],[-34,2],[-45,29],[-29,54],[14,27],[35,-27],[40,13],[45,-55],[-10,-22]],[[41525,63786],[18,-39],[-17,-22],[-83,-17],[-54,18],[-32,36],[16,48],[23,-34],[59,-7],[70,17]],[[40744,64077],[-35,-35],[-15,17],[-44,-3],[-24,40],[17,36],[30,-3],[71,-52]],[[40610,64152],[-37,-37],[-25,38],[33,23],[29,-24]],[[41036,64200],[-10,-26],[-72,12],[-17,47],[25,22],[41,-4],[33,-51]],[[39913,64607],[21,-43],[-13,-34],[-29,21],[21,56]],[[62747,63526],[-4,63],[-20,138],[-5,143],[14,87],[1,87],[-10,72],[10,77],[31,111],[-29,63],[-33,13],[-20,69],[-28,27],[4,42],[-51,-7],[-82,33],[24,66],[50,11],[57,-35],[36,38],[-17,32],[-30,12],[-28,65],[37,94],[-35,26],[-40,-30],[-31,27],[-77,-26],[-40,54],[8,50],[-18,60],[10,105],[34,87],[-10,27],[35,152],[40,-121],[60,1],[41,-20],[16,13],[12,64],[37,-101],[-1,-31],[78,16],[43,36],[37,0],[-10,81],[24,12],[30,-53],[45,14],[32,63],[-43,114],[-78,72],[-59,68],[-13,30],[-6,99],[-23,76],[-10,97],[-58,32],[-103,-32],[-47,5],[-43,-52],[-37,-110],[22,-37],[-2,-62],[-22,-88],[-68,65],[9,57],[-42,57]],[[57660,59540],[12,91],[-11,12]],[[51851,45975],[-14,55],[-30,7],[-13,-17],[-74,7],[-15,-14],[-73,30],[-39,6],[-35,-14],[-121,1],[-22,19],[-85,-10],[-8,-67]],[[51322,45978],[-161,0],[-196,0],[-49,49],[-3,39]],[[50913,46066],[6,110],[14,95],[1,64],[22,100],[-15,95],[-33,82],[-37,51],[-5,105],[-9,30],[20,65],[-23,36],[-27,-11],[-18,-44],[-77,58],[-41,41],[5,58],[-19,50],[-6,72],[8,34],[-15,36],[-45,-50],[-34,-5],[-19,30],[24,131]],[[51266,42933],[-25,40],[-10,71],[-47,76],[-44,55],[-3,69],[-49,90],[-147,216],[-48,109],[32,-9],[53,-56],[26,43],[-61,28],[-24,23],[-19,-23],[-14,43],[-27,16],[-9,80],[-53,98],[-2,40],[-31,64],[15,104],[-4,81],[-34,10],[-34,48],[-4,65],[-37,98],[-21,119],[35,23],[20,-58],[22,57],[4,45],[44,94],[11,40],[0,64],[13,109],[-13,151],[19,-5],[13,-50],[77,-36],[-9,43],[-29,38],[-20,-4],[-23,90],[-28,37],[1,35],[56,34],[28,-22],[-1,84],[-16,78],[29,47],[21,1],[15,-31]],[[50914,45395],[28,-31],[33,34],[190,-1],[160,-1],[-1,392],[-2,190]],[[48926,50832],[-14,22],[-72,183],[0,38],[47,20],[-11,80],[-26,61],[-37,9],[-39,-60],[-61,10],[-17,12],[-113,174],[-38,35],[3,150],[50,-27],[5,25],[-37,39],[-26,70],[-42,22],[-11,29],[-36,-2],[-5,44],[-26,38],[-36,97],[-9,43],[14,63],[-54,98],[-9,49],[17,92],[-9,44],[9,46]],[[48526,50381],[-60,-2],[-51,-28],[0,35],[-175,66]],[[48240,50452],[-64,-17],[-30,-56],[-92,2],[-57,11],[-10,-10],[-66,1],[-56,15],[-9,-15],[-309,-5],[-31,-61],[-18,-115],[31,-120],[-4,-43],[20,-20],[-11,-39],[2,-75],[14,-103],[-15,-56],[12,-30],[-3,-46],[19,-39]],[[48719,47997],[-51,-16],[-66,-40]],[[48602,47941],[-47,71],[-7,40],[-20,1],[-38,47],[-13,34],[-1,48],[-23,30],[2,33],[-31,61],[6,32],[-13,38],[28,29],[0,64],[13,82],[-26,30],[-13,35],[-1,54],[31,68],[-11,252],[36,39],[-6,50],[-18,53],[-47,59],[-20,83],[29,10],[8,36],[-20,81],[20,79],[9,95],[-29,56],[-26,-5],[-27,-30],[-1,78],[34,-2],[-9,95],[13,93],[-6,40],[5,138],[-23,46],[-28,0],[-14,47],[-28,48],[-29,23],[1,61],[14,29],[13,124],[-32,12],[-17,24]],[[48602,47941],[-23,-27],[-23,-60],[-5,-44],[-21,-31],[-51,-11],[-108,12],[-44,-27],[-33,-48],[-109,-68],[-37,-61],[-35,-14],[-43,-63],[-67,-8],[-49,-49],[-23,-3],[-68,-38],[-36,-41],[-12,-30],[-43,-28],[-19,-34],[-29,-7],[-72,91],[-89,45],[-74,17],[-41,23],[1,8],[37,-11],[36,32]],[[44255,50369],[-26,8],[-24,70],[-40,10],[-14,22],[-1,74],[-25,10],[30,87],[-42,101],[30,76],[-16,25],[-23,-43],[-66,-51],[-37,10],[11,62],[-15,14],[-40,-16],[-22,13],[-31,45],[-9,94],[-29,-3],[-51,72],[-18,1]],[[43979,50444],[-7,-41],[-30,2],[5,46],[19,38],[13,-45]],[[44084,50536],[-20,-62],[-11,27],[31,35]],[[43987,50640],[18,47],[13,-14],[2,-62],[-37,-17],[4,46]],[[43948,50819],[46,14],[-9,-64],[-34,19],[-3,31]],[[46852,62927],[0,-9],[-3,-2],[-2,11]],[[15356,69338],[322,0],[236,0],[295,0],[353,0],[236,0],[236,0],[236,0],[295,0],[236,0],[353,0],[236,0],[236,0],[295,0],[354,0],[236,0],[353,0],[239,0],[233,0],[354,0],[236,0],[353,0],[236,0],[354,0],[295,0],[177,0],[413,0],[4,9],[0,179],[48,-7],[41,-31],[5,-63],[26,-126],[1,-54],[31,-40],[76,-6],[21,-31],[96,-8],[32,-60],[71,13],[10,28],[52,16],[75,-6],[89,-41],[-15,-45],[47,0],[39,-106],[21,39],[40,19],[30,-7],[23,-54],[52,-20],[19,-45],[71,-30],[41,14],[95,81],[22,-4],[14,-59],[69,-8],[94,16],[29,-8],[25,-45],[47,1],[124,-14],[187,136],[80,21],[251,-184],[207,-153],[303,-230],[169,-132],[28,-132],[50,-79],[44,18],[84,8],[-13,-47],[14,-43],[5,-73],[38,-70],[29,29],[60,-1],[40,-62],[-46,-109],[41,-1],[240,-200],[15,-39],[65,-524],[39,-315],[-2,-31],[-69,-248],[-20,-116],[-7,-86],[-77,-114],[-65,-43],[-23,-46],[-8,-119],[24,-77],[95,-83],[77,-2],[308,266],[277,78],[329,218],[28,72],[-32,33],[-8,41],[3,82],[-33,102],[131,83],[309,-1],[186,-2],[12,10],[92,219],[37,50],[29,17],[38,65],[52,30],[46,86],[115,141],[108,73],[42,-5]],[[28243,67346],[352,2],[295,3],[214,2],[29,114],[27,25],[41,-20],[34,45],[48,-16],[1,41],[29,39],[10,51],[26,39],[49,40],[-3,31],[42,64],[-13,75],[18,34],[-10,36],[25,73],[30,30],[18,142],[199,367],[53,-4],[8,-91],[36,-29],[70,27],[28,27],[41,1],[23,33],[28,-13],[63,-72],[42,-80],[4,-403],[5,-200],[-8,-64],[38,-31],[56,-13],[-11,-59],[17,-53],[-12,-52],[31,-58],[49,6]],[[30265,67435],[30,-123],[23,-58],[-66,-85],[-49,-20],[-36,21],[-9,-47],[-62,11],[-25,-76],[-53,-18],[-4,47],[-43,3],[-78,-43],[10,-53],[-62,20],[-19,72],[-43,-29],[-3,-63],[-32,-126],[-39,-56],[-29,46],[-29,-71],[-24,31],[-22,-22],[-37,-80],[-53,63],[-33,-28],[-35,-53],[9,-70],[-40,-17],[-7,-66],[-37,-27],[-38,-123],[-13,-14],[-29,-97],[-1,-76],[47,-57],[-58,-29],[6,-24],[-36,-41],[-17,-54],[68,-24],[41,-83],[-6,-68],[23,-1],[9,-69],[25,-30],[44,-21],[55,29],[34,42],[2,-91],[-132,-21],[-20,-34],[-41,-21],[0,100],[-32,-38],[-35,-16],[-5,-32],[-33,1],[-37,-42],[-6,89],[-39,50],[-24,-86],[5,-53],[-20,-51],[-27,1],[-61,-25],[-19,14],[-105,-31],[-39,3],[-92,-10],[-105,-50],[-106,-75],[-19,-6],[-49,-84],[-29,-17],[-46,-75],[-30,-10],[-20,-68],[23,-28],[45,-10],[16,-47],[-23,-157],[-13,1],[-17,-157],[-51,-75],[-79,-174],[-25,-73],[-35,-55],[-24,-4],[21,105],[-37,32],[-36,-6],[-24,49],[-29,20],[-47,70],[37,-126],[0,-84],[23,-64],[38,-67],[22,1],[5,-59],[-16,-44],[18,-18],[-25,-156],[-24,-7],[-13,-58],[-39,-74],[3,-43],[-18,-22],[-88,-188],[-18,-49],[-21,-111],[-12,91],[31,123],[-7,24],[57,111],[-21,71],[-27,6],[19,73],[-24,68],[-33,-14],[-52,51],[-26,64],[47,96],[-53,31],[10,47],[25,-7],[15,44],[-25,27],[26,29],[6,55],[-38,16],[26,83],[38,38],[-9,39],[-39,-53],[-57,-21],[-7,-64],[14,-90],[-41,-119],[8,-25],[2,-99],[31,-68],[-6,-35],[27,-91],[-31,-3],[-49,45],[-37,3],[-45,31],[-26,85],[-49,-48],[-17,64],[22,56],[-12,26],[-26,-103],[21,-60],[62,21],[-4,-33],[40,-65],[72,-13],[22,-62],[76,-61],[0,-40],[-18,-46],[-11,-105],[30,-36],[-21,-31],[-15,-57],[-24,-29],[46,-35],[0,-65],[-35,-19],[-13,-34],[42,-12],[14,39],[38,-23],[37,-2],[16,-102],[-13,-50],[17,-15],[-1,-87],[15,-120],[-43,15],[-47,-44],[-58,-10],[-30,-35],[-44,21],[-11,-55],[46,-3],[23,16],[23,-16],[51,27],[40,-5],[15,-48],[37,46],[35,-75],[-8,-108],[-39,-17],[-68,-115],[-31,0],[-47,28],[-13,-87],[-46,-24],[27,-29],[-54,-67],[58,5],[45,-17],[12,-33],[-45,-66],[-42,-22],[-64,8],[-82,-44],[-14,-28],[-75,-63],[-36,-46],[-44,-84],[-21,-124],[-32,-33],[-60,16],[-82,-28],[-55,-45],[-46,-68],[-53,-112],[-18,-112],[-50,-88],[-53,-1],[-6,-49],[-37,-58],[-28,-21],[-10,-35],[-32,-38],[-38,-15],[-49,-48],[-21,-2],[-9,-58],[-30,-43],[-22,-6],[-33,47],[-11,-21],[33,-52],[-56,-73],[14,-33],[-61,-107],[-36,-35],[-28,-73],[-17,-78],[25,-70],[-31,-66],[-10,-59],[-20,-28],[-6,-63],[6,-69],[19,-11],[-6,-86],[16,-62],[-1,-43],[37,-254],[21,-102],[68,-258],[84,-228],[-42,1],[5,56],[-27,33],[30,-208],[96,-353],[9,-76],[45,-181],[27,-89],[10,-81],[2,-111],[-6,-16],[-6,-134],[-14,-199],[-18,-67],[-30,-68],[-9,-62],[7,-61],[-30,-75],[-41,10],[-35,-48],[-39,21],[-14,-21],[-48,-12],[-24,53],[8,52],[54,-59],[-9,53],[-46,38],[-46,193],[-20,35],[-72,64],[-36,59],[-15,175],[-49,39],[-12,76],[7,93],[-24,37],[-14,-69],[-31,23],[-17,46],[-49,167],[-4,60],[-23,62],[22,14],[9,51],[39,73],[-53,93],[-22,15],[-11,-43],[31,-23],[-9,-90],[-12,0],[-43,64],[20,138],[-5,44],[33,127],[7,149],[-2,77],[-29,54],[-5,55],[-21,31],[-46,-4],[-17,49],[-19,16],[-16,53],[-51,61],[-1,67],[-32,24],[-41,103],[-47,40],[-45,52],[-66,-7],[-32,-34],[11,-61],[-43,10],[-60,-65],[-41,-31],[-64,-4],[-49,-14],[1,52],[-14,46],[-84,116],[-11,62],[-41,-15],[-54,45],[-81,37],[58,38],[-36,20],[-33,-18],[-21,10],[-52,-29],[-98,-17],[28,34],[-20,32],[-38,-23],[-46,-77],[-123,-42],[3,38],[-38,55],[2,63],[-9,55],[-29,-2],[-16,-101],[-2,-57],[-64,33],[-30,-40],[-73,15],[-50,44],[-23,-33],[-85,-37],[-24,-22],[-6,-34],[-72,-7],[-16,32],[-53,12],[-24,48],[-44,13],[-49,-83],[-8,-38],[25,-39],[46,-21],[35,8],[42,57],[25,-28],[-14,-51],[41,-56],[18,-2],[13,54],[39,35],[-8,-114],[-49,-104],[-8,-49],[34,-26],[54,-62],[37,3],[48,-102],[-44,-59],[-52,29],[-27,78],[-74,49],[-40,67],[-46,30],[12,-85],[-16,-41],[4,-55],[-40,-44],[-12,41],[6,40],[-38,25],[-46,1],[-38,-90],[-33,28],[-27,-2],[-80,33],[-27,28],[29,55],[-27,46],[-57,19],[-10,56],[-31,53],[-51,3],[8,36],[-37,0],[-40,-37],[7,-68],[-45,-43],[-109,35],[-93,64],[-46,20],[-68,-1],[-77,-17],[-24,-18],[-16,53],[29,25],[6,51],[-26,13],[-18,-60],[-3,-45],[16,-50],[-50,3],[-159,-114],[13,50],[-40,-14],[16,86],[-13,42],[-22,-7],[-14,-51],[-37,28],[-2,-89],[36,-83],[-47,-86],[-26,-26],[0,-53],[-59,-82],[-59,-59],[-58,-15],[-104,-73],[-15,51],[-23,-27],[-57,10],[-6,-38],[47,-72],[-67,-57],[-33,59],[-1,-98],[-26,-45],[-75,-9],[36,-46],[-43,-102],[-22,21],[-32,-24],[8,-44],[25,-32],[-43,-175],[-30,12],[-26,-26],[30,-34],[20,-49],[-9,-55],[-19,-7],[-1,-92],[18,-25],[17,-119],[-7,-58],[26,-33],[-2,-34],[13,-81],[17,-26],[3,-43],[26,-9]],[[22227,57851],[-30,-2],[-47,-54],[-68,90],[-33,14],[-37,-3],[-75,9],[-40,59],[-57,35],[-16,-11],[-41,63],[-78,20],[-8,59],[-13,7],[-23,143],[-57,115],[8,75],[-17,66],[6,43],[-9,74],[-25,36],[-27,6],[-44,73],[-4,48],[-32,60],[-20,66],[-33,27],[-23,44],[-31,148],[-26,58],[-6,48],[-29,60],[-12,95],[-25,29],[-14,48],[-54,60],[-6,35],[-33,20],[-15,55],[-39,33],[-12,44],[-39,16],[-21,-11],[-91,21],[-37,-8],[-52,44],[-28,-56],[-29,4],[-45,-21],[-26,-75],[-28,-124],[-3,-62],[-25,-21],[-43,-96],[-41,8],[-47,40],[-17,34],[-36,12],[-32,52],[-71,30],[-56,94],[-22,5],[-49,65],[-10,60],[-30,77],[-5,45],[5,80],[-18,36],[-28,87],[-9,56],[-33,63],[-59,66],[-36,20],[-52,76],[-9,35],[-48,54],[-25,54],[-38,54],[-43,25],[-33,66],[-19,69],[-42,28],[-206,1],[-250,1],[0,-225],[-206,0],[-161,0],[-252,0],[-146,3],[-337,197],[-220,126],[-219,127],[-231,132],[5,47],[21,59],[-287,-40],[-357,-50]],[[16866,61126],[-11,69],[-24,16],[-7,68],[8,23],[-19,112],[-50,113],[-72,97],[-54,53],[-30,47],[-44,18],[-12,-28],[-30,16],[5,47],[-14,56],[-27,45],[-64,-9],[-41,11],[-75,51],[-14,55],[-49,56],[-44,26],[-71,-7],[-35,28],[-33,5],[-91,-11],[-10,36],[-37,32],[12,59],[-3,77],[-16,24],[11,64],[-3,52],[-39,20],[-29,35],[7,78],[-36,27],[-44,88],[-27,14],[-18,61],[-34,50],[-7,47],[-37,66],[-72,100],[-13,89],[35,95],[7,61],[-19,61],[-21,25],[-33,-14],[-25,14],[-67,108],[1,83],[-17,68],[-15,17],[7,67],[-6,58],[26,15],[16,-109],[57,-7],[-4,43],[-23,41],[-40,111],[45,44],[22,-17],[47,25],[-22,30],[-18,-37],[-40,7],[-34,39],[-24,-24],[-11,-144],[-79,91],[-27,18],[-14,116],[-41,91],[-34,31],[-48,88],[-58,81],[-20,55],[9,34],[-36,159],[15,99],[-23,144],[-70,136],[-67,77],[4,29],[-16,62],[36,128],[16,1],[28,156],[-14,62],[11,21],[16,127],[-26,150],[-28,20],[12,37],[1,78],[-39,53],[-19,108],[10,118],[-5,48],[-27,43],[-9,48],[28,92],[18,155],[27,41],[33,229],[24,363],[-1,107],[26,165],[0,148],[13,106],[-16,48],[12,161],[19,39],[67,13],[26,24],[-47,35],[-62,-27],[-37,53],[44,42],[-4,143],[-48,8],[21,120],[-42,29],[-11,92],[-28,65],[-9,95],[-20,97],[-57,83],[-26,131],[19,74],[24,25],[47,-38],[46,-17],[47,-41],[94,-6],[31,-15],[91,-10],[36,17],[30,-29],[56,-4],[30,-73],[-15,-71],[-28,-6],[-29,-92],[50,36],[8,36],[39,81],[16,0],[16,-74],[-43,-32],[32,-86],[-21,-91],[-57,-66],[-33,36],[-12,-48],[45,-12],[21,-34],[107,142],[-25,134],[2,68],[23,82],[31,36],[-42,54],[-8,93],[-38,32],[11,78],[14,25],[-24,94],[-32,-2],[-33,61],[5,53]],[[10460,79643],[0,-509],[0,-436],[1,-582],[0,-509],[0,-509],[0,-582],[0,-363],[0,-509],[0,-437],[0,-218],[6,-13],[120,-38],[29,37],[110,-53],[104,74],[141,6],[8,-24],[-30,-112],[48,-48],[84,-46],[25,-66],[265,-257],[50,-165],[38,40],[118,80],[61,3],[40,67],[-1,86],[52,13],[5,67],[89,23],[119,62],[59,-47],[66,-77],[-22,-62],[44,-74],[61,-15],[40,-59],[43,-35],[-1,-38],[48,-66],[94,-54],[66,-94],[43,-42],[24,-86],[56,-71],[24,-70],[43,-63],[98,-191],[51,-76],[35,-74],[-30,-59],[83,-26],[-20,-84],[63,-33],[20,-102],[57,3],[130,-93],[70,-18],[52,-55],[40,-15],[25,-55],[89,-19],[14,-87]],[[13407,72788],[-41,-79],[12,-48],[-5,-53],[42,-132],[-24,-25],[-77,-163],[-57,-50],[-95,9],[0,58],[-20,32],[16,34],[-29,63],[49,71],[-4,186],[-74,113],[-67,35],[-86,-62],[-25,-109],[-29,-35],[-7,-48],[-56,43],[-24,76],[47,53],[38,80],[-5,75],[40,19],[-39,49],[-3,31],[-51,12],[-12,46],[-73,66],[-1,69],[-52,30],[-50,58],[25,25],[-87,58],[-123,48],[43,77],[-29,98],[-43,44],[23,48],[97,-64],[8,17],[-135,84],[-47,83],[-54,57],[-2,103],[-46,-32],[-69,70],[-72,23],[-16,55],[-85,161],[4,31],[-27,115],[-36,-6],[-6,-80],[41,-91],[17,-63],[-16,-16],[34,-84],[13,-68],[-25,-46],[-44,18],[-28,71],[-57,16],[-70,-24],[12,75],[-58,148],[-56,-31],[-98,64],[135,-160],[28,-91],[-14,-21],[-79,-23],[-32,7],[-29,-46],[-102,92],[-41,-3],[-103,82],[-10,28],[-101,91],[-14,58],[-54,53],[-214,124],[-60,23],[-175,113],[54,14],[49,71],[-39,86],[-23,16],[-39,-51],[-127,-59],[-79,3],[-66,19],[-110,52],[3,81],[-33,11],[-93,-35],[-63,32],[-223,42],[-106,-22],[-111,-9],[-83,-27],[-36,42],[-79,60],[-60,-5],[-92,95],[33,42],[-11,30],[-51,1],[-58,-79],[-41,-3],[-49,44],[-98,2],[69,76],[-3,24],[-142,50],[-70,-34],[-8,65],[-46,31],[-35,76],[-77,-9],[-71,-61],[-153,8],[-63,57],[-36,-63],[-75,-33],[86,-35],[16,-70],[32,-7],[39,-81],[-40,-24],[-50,-58],[36,-23],[-70,-120],[-43,-17],[-97,7],[-112,25],[-63,-62],[-43,-4],[-19,-86],[-29,0],[-52,-69],[-58,-52],[-61,30],[-27,-55],[-118,-70],[-4,-33],[-77,20],[-46,-41],[-47,-5],[-63,56],[22,67],[65,36],[57,4],[45,33],[44,113],[-98,-75],[-73,24],[-37,51],[48,128],[64,73],[20,85],[23,14],[6,75],[-36,90],[44,29],[49,5],[83,70],[83,54],[32,-1],[29,-48],[49,-10],[59,31],[55,8],[-121,80],[23,46],[-125,3],[-50,23],[-114,-68],[-25,-49],[-111,-35],[-48,-39],[-25,-82],[-57,-39],[-77,-99],[-21,-89],[-75,-63],[29,-39],[-40,-92],[-76,-10],[-9,-89],[-70,-35],[-69,1],[-4,-37],[-55,-12],[18,-38],[-94,-43],[-33,-152],[131,-3],[102,-68],[-29,-100],[-68,-56],[-56,-2],[-27,-115],[-80,-33],[36,-52],[-31,-41],[-43,5],[-38,-59],[-55,-11],[-63,11],[-12,-64],[-72,-35],[-16,-51],[-56,34],[-2,-64],[-55,-46],[-63,-27],[-77,-51],[-14,-51],[12,-68],[-38,-32],[-23,-65],[-52,14],[-76,-66],[-37,-51],[-58,-2],[-45,-28],[24,-48],[-49,-5],[-23,32],[-43,-10],[9,-88],[-51,17],[-26,-27],[-51,7],[-74,-87],[77,14],[7,-75],[-33,-21],[-11,-50],[-101,-10],[-19,-46],[-45,4],[-142,-58],[-55,20],[-89,-98],[-73,-40],[-11,-41],[-82,-23],[-38,36],[-27,-46],[-68,-36],[-64,14],[34,94],[-13,33],[-49,-13],[-23,-42],[-2,-67],[-48,-75],[-33,-2],[16,-57],[-85,-53],[-38,39],[-45,102],[-36,-42],[28,-25],[-9,-84],[-62,-30],[-44,80],[-38,20],[-9,-47],[41,-58],[-69,-57],[-18,22],[29,43],[-15,87],[76,48],[24,-23],[83,96],[44,9],[-16,39],[87,120],[107,91],[99,36],[89,4],[82,-111],[35,62],[45,36],[-12,36],[28,53],[25,82],[48,54],[46,30],[73,66],[78,25],[75,67],[62,40],[44,-33],[27,5],[-1,117],[20,40],[80,106],[62,41],[37,50],[62,36],[1,80],[19,90],[8,98],[21,75],[-11,32],[18,72],[118,130],[-6,81],[-105,-44],[-25,-26],[-157,-67],[-43,17],[-25,61],[-42,25],[20,51],[-24,19],[-58,-72],[-25,-54],[32,-94],[-16,-57],[-60,10],[-89,165],[-91,77],[-50,-67],[-36,53],[-57,15],[-26,79],[-84,-61],[-185,-111],[-2,-33],[-53,-28],[-94,14],[13,43],[39,19],[-22,114],[50,48],[-97,26],[-14,49],[22,78],[62,57],[-45,98],[-53,90],[-8,44],[-71,105],[-41,-89],[-60,3],[-15,-31],[-75,-41],[-142,-29],[-70,-1],[-59,17],[-31,60],[3,40],[-57,29],[-19,46],[-72,51],[-63,27],[-88,120],[85,65],[-9,38],[98,67],[-1,-48],[107,-19],[14,-49],[71,45],[40,-22],[3,-76],[41,9],[48,37],[10,44],[-91,63],[-65,-14],[-96,5],[-53,-9],[-18,39],[-61,9],[-73,-13],[-19,27],[38,42],[-41,43],[-44,-39],[-66,36],[-1,69],[-55,16],[-24,43],[38,58],[-39,23],[-58,-23],[-16,39],[77,55],[-51,58],[132,15],[-35,57],[9,76],[30,31],[86,129],[38,39],[71,11],[15,41],[-19,110],[43,86],[75,9],[-36,55],[57,44],[59,16],[101,-18],[45,-60],[67,-37],[69,13],[57,42],[20,39],[56,29],[97,134],[40,-47],[138,2],[104,25],[106,120],[6,39],[-43,111],[-12,101],[-68,81],[-70,22],[8,32],[113,-6],[62,67],[-21,83],[-80,65],[-65,-82],[-78,10],[-98,-37],[-51,-51],[-90,-56],[-60,-3],[-111,74],[-39,-26],[90,-43],[-22,-49],[-108,76],[-75,13],[-41,-11],[-100,11],[-186,-71],[-110,32],[-199,36],[-49,27],[-30,45],[25,85],[-79,41],[-18,40],[134,98],[-16,27],[-168,36],[-124,8],[-183,95],[70,65],[64,0],[6,44],[57,44],[77,-10],[49,35],[41,57],[117,59],[52,-27],[91,-10],[69,23],[-105,44],[33,42],[124,56],[95,12],[62,48],[197,27],[61,-53],[-37,-53],[1,-115],[57,-45],[87,10],[63,-14],[95,17],[30,-33],[71,-1],[56,20],[71,-17],[62,48],[30,60],[123,-26],[31,17],[-37,51],[-100,32],[-63,-1],[-50,76],[-90,83],[-47,4],[-53,84],[84,30],[83,-94],[-17,-53],[56,-66],[71,-39],[72,17],[74,-1],[74,-56],[144,14],[8,64],[-28,37],[-61,-7],[-88,41],[-69,-11],[-47,-58],[-67,16],[-82,69],[-4,55],[41,69],[-28,50],[-161,-32],[-80,29],[-55,-9],[-201,36],[-21,19],[-12,97],[-41,82],[-51,60],[-79,45],[-66,57],[-44,13],[-156,105],[-131,38],[-47,51],[-120,60],[48,41],[35,61],[12,108],[-11,47],[153,-6],[167,10],[187,23],[102,37],[92,58],[125,120],[56,215],[110,83],[21,51],[119,109],[181,-9],[129,44],[173,115],[72,29],[75,84],[86,29],[-3,-51],[353,38],[130,57],[88,60],[111,117],[57,24],[47,-44],[51,2],[64,-38],[101,-5],[8,-57],[-132,-71],[44,-51],[102,21],[6,42],[86,45],[24,54],[89,-33],[48,-41],[-31,-48],[47,-39],[109,-18],[64,54],[102,-6],[57,21],[203,-21],[87,-34],[-79,-65],[16,-66],[186,5],[-59,-59],[215,0],[179,28],[105,-31],[62,35],[146,-1],[147,-48],[31,3],[81,-54],[33,21],[123,-32],[-2,-27],[183,-34],[74,13],[260,-9],[75,-47],[176,-51],[95,2],[54,30],[309,37],[170,-52],[89,-78],[165,-47],[65,-56],[109,0]],[[12687,72186],[-41,21],[-48,66],[-49,111],[59,-17],[15,-58],[59,-86],[5,-37]],[[13015,72338],[-38,5],[25,67],[36,32],[13,-78],[-36,-26]],[[12925,72541],[48,-57],[-28,-78],[-30,79],[10,56]],[[12487,72538],[-50,-77],[-5,60],[55,17]],[[12526,72732],[-49,-45],[-52,42],[47,16],[54,-13]],[[13154,72626],[-27,-161],[-34,-38],[-85,63],[-41,16],[-40,66],[43,37],[-16,40],[10,104],[25,34],[80,29],[27,-21],[65,-135],[-7,-34]],[[12445,72873],[57,41],[25,-75],[-46,3],[-43,-49],[-44,12],[51,68]],[[12729,72985],[44,14],[6,-57],[45,-20],[27,-35],[-20,-28],[12,-53],[-49,-15],[-33,27],[-6,48],[-52,-4],[-16,30],[6,56],[36,37]],[[12882,72251],[-7,-69],[-79,25],[9,50],[-42,43],[-43,12],[19,79],[-26,3],[-95,79],[-68,1],[41,172],[-51,-20],[-28,16],[-8,46],[64,55],[-24,41],[-13,133],[-88,22],[7,70],[79,-19],[30,9],[34,-49],[-2,-90],[38,6],[49,-34],[74,-110],[0,-54],[31,-13],[16,-52],[-31,-11],[84,-119],[25,-5],[5,-217]],[[12711,73033],[-9,-59],[-59,-19],[-49,59],[34,45],[59,5],[24,-31]],[[12875,73003],[20,-72],[-39,-38],[-75,79],[4,103],[58,-70],[32,-2]],[[12618,73227],[39,4],[76,-98],[-69,-52],[-40,11],[13,55],[-19,80]],[[12370,73078],[11,-28],[-37,-75],[23,-32],[-14,-63],[-67,29],[-22,105],[45,16],[12,42],[-48,43],[-30,56],[-13,83],[62,39],[44,-18],[57,-54],[25,-86],[-40,-8],[-8,-49]],[[12363,73374],[88,-17],[52,-26],[75,1],[35,-32],[-3,-63],[15,-83],[-57,-90],[-53,7],[-49,-19],[-35,13],[3,64],[-13,33],[0,87],[-87,92],[29,33]],[[7267,73415],[-112,-72],[-23,29],[41,63],[28,-21],[66,1]],[[11910,73418],[15,-15],[-22,-66],[-58,-10],[22,62],[-21,66],[4,43],[56,-24],[4,-56]],[[12173,73205],[2,-93],[-10,-109],[6,-39],[-33,-22],[-35,56],[-46,104],[-27,104],[-57,41],[19,32],[-4,77],[-28,55],[-69,96],[78,102],[104,-78],[6,-43],[44,-65],[31,-166],[19,-52]],[[7162,73748],[-65,51],[16,21],[55,-37],[-6,-35]],[[7468,73645],[-46,-90],[-70,2],[-27,-83],[-108,-33],[-42,9],[-96,-106],[14,-18],[-75,-71],[-34,-48],[-44,19],[67,95],[-75,-4],[-21,-35],[-78,46],[-2,91],[-18,43],[-56,43],[53,90],[100,73],[49,-9],[66,-121],[15,75],[-46,83],[1,41],[54,45],[40,-31],[4,-50],[56,37],[42,-4],[-3,70],[92,-5],[36,-51],[24,41],[40,-2],[43,-43],[-35,-28],[-3,-56],[83,-15]],[[11844,73529],[-27,61],[-52,64],[14,22],[-50,43],[-32,55],[26,62],[-29,62],[49,8],[32,36],[33,-27],[45,53],[114,-66],[124,-57],[-4,-110],[-20,-11],[-96,10],[12,-38],[35,-10],[76,23],[27,-129],[-65,-15],[-153,120],[22,-120],[-44,-50],[-37,14]],[[12179,73950],[-22,35],[53,13],[60,-69],[-91,21]],[[12244,73379],[-39,-32],[-33,41],[1,59],[42,82],[-51,102],[-17,73],[-1,76],[-21,107],[-31,49],[-15,76],[26,3],[48,-100],[136,0],[5,-45],[45,-69],[-83,20],[27,-70],[73,-110],[20,-132],[-71,-45],[-61,-85]],[[7520,73997],[-2,-47],[-42,-36],[-54,0],[-101,-57],[-26,-30],[-56,27],[-58,61],[50,69],[67,-10],[2,42],[36,56],[41,-10],[6,-50],[102,3],[35,-18]],[[7338,74090],[19,31],[56,-14],[-32,-36],[-43,19]],[[5111,74199],[70,37],[-57,-120],[-47,-12],[3,77],[31,18]],[[8823,74972],[26,-27],[-60,-50],[-68,-96],[-94,-77],[-13,36],[50,70],[86,71],[23,46],[50,27]],[[9070,75030],[-81,-21],[-62,13],[36,48],[63,-6],[44,-34]],[[8645,75033],[38,-17],[-29,-57],[-35,6],[26,68]],[[4737,76626],[-73,-27],[-17,32],[64,14],[26,-19]],[[22244,58773],[-27,-81],[-38,-147],[-14,-5],[38,151],[41,82]],[[26643,59154],[18,-5],[-13,-65],[-22,40],[17,30]],[[23659,59609],[-59,39],[25,39],[56,-33],[-22,-45]],[[16493,61571],[39,-8],[17,-35],[-42,-7],[-14,50]],[[16083,61877],[12,-48],[-30,-24],[-29,59],[47,13]],[[16221,61871],[-51,-33],[-35,4],[-2,52],[60,-29],[28,6]],[[28992,65383],[-2,-14],[-128,-87],[-54,-31],[-32,4],[-59,-33],[-77,-14],[-37,-26],[-51,-12],[-39,-28],[-33,33],[-43,-39],[-12,34],[34,75],[38,11],[12,28],[63,39],[70,-18],[30,32],[89,-4],[47,13],[7,-29],[33,-11],[24,42],[57,30],[12,-27],[51,32]],[[29353,65564],[18,-33],[-74,-4],[18,33],[38,4]],[[15462,68831],[-46,-5],[-19,82],[-38,37],[20,79],[20,-28],[13,-145],[23,18],[27,-38]],[[15358,69174],[-31,-31],[-44,17],[26,36],[49,-22]],[[590,70736],[-2,-46],[-39,13],[-70,73],[18,19],[52,5],[41,-64]],[[772,70805],[-2,-93],[-40,-34],[-29,24],[46,46],[25,57]],[[956,70732],[-41,-51],[-79,18],[-8,35],[36,19],[-1,53],[36,8],[2,-47],[55,-35]],[[1845,70892],[-68,-35],[-124,3],[0,38],[82,12],[6,-16],[104,-2]],[[2037,71030],[26,-34],[-59,-33],[-8,50],[41,17]],[[1596,70958],[-13,-50],[-35,-22],[-39,8],[-91,-48],[-70,21],[112,61],[61,11],[27,32],[-32,49],[42,26],[28,-9],[26,-43],[-16,-36]],[[3257,71533],[-75,-60],[-40,-15],[-54,-100],[-71,-41],[-29,23],[25,38],[2,52],[41,44],[66,-2],[-12,69],[55,65],[52,15],[57,-34],[-17,-54]],[[3677,71700],[-68,-51],[-30,-61],[-29,-27],[-30,16],[-138,-68],[-29,-35],[-44,-16],[-50,33],[35,36],[34,-1],[32,27],[41,-8],[44,30],[1,72],[56,47],[-59,71],[38,51],[45,4],[27,24],[40,-15],[-8,-55],[48,10],[4,-71],[40,-13]],[[3825,71898],[-80,-44],[-22,41],[13,33],[52,14],[37,-44]],[[5391,72404],[-31,-47],[-36,38],[67,9]],[[6733,54659],[22,-44],[-44,-70],[-59,-42],[-24,2],[-57,-61],[-31,-91],[-17,-11],[-52,48],[-12,55],[10,97],[-26,137],[-21,61],[36,69],[27,76],[-16,42],[5,79],[34,-10],[41,-60],[16,2],[52,-40],[44,-50],[22,-43],[0,-66],[18,9],[32,-89]],[[6210,55312],[12,-32],[-29,-39],[-19,12],[-2,84],[38,-25]],[[6437,55274],[0,-57],[-34,-31],[-46,-22],[-28,3],[-16,97],[-41,13],[-21,54],[8,44],[19,15],[31,-64],[49,24],[15,-6],[33,-52],[31,-18]],[[6237,55459],[-2,-38],[-30,-21],[-55,23],[-54,-6],[4,67],[97,-28],[40,3]],[[5980,55549],[-24,-49],[-29,26],[-51,-6],[-36,94],[-2,51],[31,1],[29,57],[14,2],[33,-85],[-1,-37],[36,-54]],[[5552,55948],[-8,-97],[-28,-44],[-46,15],[-41,40],[-6,39],[18,50],[34,31],[51,8],[26,-42]],[[96510,70822],[-37,-47],[-39,21],[-3,29],[42,28],[37,-31]],[[94792,71252],[-77,0],[-39,-40],[-48,23],[-33,36],[5,70],[83,-17],[42,10],[47,-34],[20,-48]],[[4540,72179],[-44,-3],[-35,41],[-16,-42],[-52,-34],[-45,13],[-92,-7],[-52,-44],[-21,-50],[-66,-22],[-52,16],[-30,81],[69,46],[41,102],[40,23],[23,-18],[70,39],[36,33],[93,10],[40,-72],[13,-60],[62,-11],[18,-41]],[[5232,72432],[-35,-21],[-59,27],[-2,62],[42,38],[33,-41],[21,-65]],[[3868,74804],[-5,-20],[-102,-17],[-71,-34],[-44,23],[-55,1],[-116,73],[-39,13],[-66,83],[40,22],[111,-14],[22,41],[89,47],[22,-19],[52,27],[53,-41],[53,10],[28,-21],[-13,-61],[41,-113]],[[3020,76466],[-19,-56],[-127,12],[-115,-84],[-28,51],[-79,38],[-89,78],[-110,50],[-61,-8],[-96,-62],[-79,28],[-32,72],[36,116],[58,-50],[152,-40],[74,50],[98,11],[57,-40],[12,-41],[131,-84],[60,0],[54,-32],[32,25],[71,-34]],[[29978,67059],[18,-48],[-63,-35],[15,82],[30,1]],[[15356,69338],[-53,45],[-22,-45],[-15,0],[-33,68],[10,47],[-19,25],[-1,162],[-64,-42],[4,-40],[-22,-22],[-109,65],[-27,55],[11,51],[-7,54],[-33,-30],[-62,-7],[-89,94],[34,138],[-26,45],[-96,3],[-18,54],[-70,30],[-84,-29],[-36,45],[-31,-26],[-78,12],[17,37],[-11,34],[54,12],[-28,41],[-15,52],[-56,-1],[-27,-17],[-23,44],[-27,-14],[-49,33],[-44,-61],[-109,61],[-27,30],[7,58],[-35,-12],[-38,36],[-4,33],[34,82],[30,36],[8,59],[55,33],[-71,28],[10,-38],[-21,-78],[-28,-9],[-39,106],[-5,71],[11,52],[44,15],[13,67],[95,77],[33,58],[-17,51],[-61,-23],[-12,-26],[-82,-51],[-57,45],[-21,83],[-38,-93],[-25,30],[27,37],[-4,49],[31,97],[-94,57],[-19,134],[-88,85],[-1,70],[28,54],[-10,51],[6,61],[-19,25],[-67,-54],[-32,-44],[-3,-93],[-25,-25],[-139,181],[-68,93],[-2,106],[-44,24],[1,75],[-50,-4],[8,109],[15,48],[46,32],[18,79],[30,44],[18,63],[75,138],[-43,-2],[3,-47],[-64,-138],[-28,41],[57,94],[-38,157],[-9,74],[30,86]],[[10460,79643],[210,-25],[82,11],[58,-24],[150,-30],[50,-54],[86,-61],[87,-27],[58,-44],[242,-96],[54,0],[88,-36],[44,20],[116,-16],[116,-61],[71,10],[-69,55],[-65,7],[-33,55],[7,102],[34,44],[72,18],[94,-24],[-17,58],[34,33],[138,1],[62,87],[50,13],[28,-69],[89,-26],[-81,-73],[-8,-39],[112,36],[19,30],[117,7],[61,52],[22,71],[58,-1],[33,42],[110,-27],[80,41],[59,53],[97,33],[46,-25],[38,93],[166,30],[106,-32],[74,73],[67,-50],[-52,-65],[-261,-115],[-99,-97],[-39,33],[-112,-30],[-129,-18],[-35,-87],[-176,-52],[-37,-63],[-79,-46],[-2,-45],[-64,-79],[88,10],[49,26],[114,-28],[-10,57],[-75,0],[-8,76],[131,38],[132,68],[76,94],[45,-19],[72,30],[110,-21],[79,63],[32,61],[170,43],[26,18],[116,4],[4,-59],[44,-17],[184,154],[-16,54],[69,46],[141,24],[-120,28],[-44,76],[32,56],[40,4],[130,-80],[82,-76],[73,-126],[44,-117],[123,-120],[82,-56],[60,-10],[71,-37],[77,33],[3,34],[-71,75],[12,45],[91,26],[36,98],[-24,51],[162,47],[-33,-111],[28,-28],[-28,-62],[117,-35],[-96,-96],[-3,-52],[240,4],[51,62],[47,-3],[21,90],[-15,47],[55,34],[126,-18],[120,8],[163,-26],[166,-71],[45,-45],[97,-63],[75,-30],[57,0],[301,-61],[50,-48],[117,-52],[180,-37],[55,-28],[55,10],[202,-42],[33,28],[-20,49],[153,-5],[161,-53],[66,-56],[59,-19],[40,-55],[46,-18],[39,-65],[41,-21],[-41,-47],[-75,-35],[-30,17],[-104,-3],[-16,-56],[-76,-4],[-19,-50],[-76,-54],[111,-65],[89,6],[105,-37],[60,0],[84,-23],[146,8],[73,-19],[167,4],[145,41],[93,3],[65,28],[73,-29],[160,90],[121,9],[73,-78],[-5,-45],[71,12],[102,-11],[38,-95],[89,47],[42,-96],[121,-75],[27,-57],[3,-57],[-70,13],[-20,-26],[59,-98],[79,-105],[114,-130],[20,9],[-97,108],[-26,56],[-26,150],[73,-44],[64,82],[-75,64],[-35,80],[19,64],[-108,96],[12,80],[76,46],[-69,30],[10,43],[121,-25],[135,42],[30,41],[86,18],[58,71],[155,51],[-48,75],[-173,-56],[-13,-54],[-117,-24],[-33,-35],[-192,16],[-11,-32],[42,-31],[-163,-26],[-17,57],[-111,3],[59,62],[84,111],[266,40],[132,58],[141,44],[20,19],[120,-39],[76,-72],[-19,-36],[35,-60],[-34,-40],[118,-90],[132,-17],[-19,-48],[51,-52],[162,-6],[94,55],[51,-10],[-7,-47],[76,-45],[36,-1],[50,-55],[83,-17],[56,-28],[82,30],[30,-34],[80,-19],[74,45],[79,-10],[64,48],[148,-1],[199,-25],[46,-35],[91,-6],[148,50],[-98,73],[-4,51],[59,-7],[76,-66],[40,-77],[117,-57],[17,-21],[142,38],[-16,50],[-139,114],[-143,-66],[-74,97],[36,48],[-46,24],[-16,62],[31,19],[64,-35],[26,30],[81,21],[-59,45],[42,22],[160,-37],[67,-60],[22,-53],[64,22],[53,-34],[-81,-73],[62,-16],[44,65],[104,41],[-55,-236],[12,-40],[-79,-75],[37,-54],[58,-13],[-31,-46],[41,-48],[91,75],[57,-79],[48,-30],[23,52],[-38,107],[20,17],[-37,64],[-63,36],[41,48],[-10,46],[43,60],[50,25],[100,-20],[140,107],[35,12],[2,52],[68,51],[108,44],[-49,24],[41,125],[-16,50],[-70,27],[-40,-50],[-17,-79],[-81,-18],[-60,17],[23,67],[111,121],[-51,11],[23,91],[57,14],[58,-27],[29,-43],[72,66],[-33,86],[-85,-22],[-15,-25],[-105,9],[-64,93],[-84,-34],[-144,57],[-64,49],[-88,1],[-137,155],[-20,109],[100,154],[-56,32],[-59,68],[35,102],[-20,49],[35,68],[59,61],[61,14],[87,-61],[50,34],[2,62],[-128,34],[26,37],[95,48],[51,-1],[21,114],[181,26],[39,-28],[-37,-87],[131,9],[91,-42],[-29,-25],[163,-93],[60,-55],[35,-104],[-13,-124],[79,-106],[98,-32],[69,-149],[72,15],[10,-64],[38,-41],[-121,-11],[-73,45],[-55,-57],[97,-5],[45,-32],[-86,-75],[-76,-29],[-86,-57],[106,-2],[99,-70],[81,-22],[101,77],[47,-14],[38,-63],[122,11],[48,-44],[-87,-41],[-2,-54],[-61,-19],[97,-65],[12,-47],[48,-54],[-11,-147],[-31,-75],[66,-34],[24,-65],[72,68],[44,78],[-29,40],[69,101],[-16,49],[20,64],[92,102],[104,-8],[57,-74],[129,-76],[61,-62],[20,-100],[31,-69],[10,-69],[-40,-65],[-66,35],[-58,3],[33,-75],[-24,-75],[59,-148],[47,-31],[85,-92],[47,-35],[42,-95],[99,41],[0,56],[48,26],[75,-20],[3,119],[-11,35],[37,61],[132,122],[3,65],[46,106],[-4,120],[17,44],[119,-2],[71,20],[-49,36],[60,52],[-9,40],[50,35],[-122,22],[-34,34],[-50,131],[20,53],[-22,42],[56,68],[171,32],[96,3],[157,-74],[106,-15],[28,13],[182,-17],[-12,-52],[91,-75],[12,-92],[65,21],[64,-5],[112,-40],[-7,-43],[-91,-96],[91,-23],[35,-44],[-9,-68],[-97,-62],[-104,-40],[-154,31],[59,-69],[15,-105],[55,-17],[-16,-58],[22,-48],[119,-106],[50,-30],[59,-83],[-49,-183],[-29,-49],[-115,-10],[-61,-104],[-51,-20],[-70,-82],[-101,-6],[-4,-28],[-92,-72],[-54,10],[-29,77],[-45,10],[-78,83],[-36,8],[8,55],[-46,24],[11,44],[-170,-3],[-56,-24],[23,-41],[50,18],[19,36],[72,-3],[13,-56],[55,-34],[37,-82],[67,-59],[73,-139],[-76,3],[-62,60],[-52,-10],[4,-57],[-237,48],[-15,96],[-25,44],[-90,-25],[-104,-8],[-129,3],[-46,-39],[46,-57],[74,-13],[131,-63],[-32,-63],[-117,-66],[-17,-85],[-94,-86],[-75,-45],[7,-34],[-81,-36],[-147,2],[-74,35],[-93,89],[-9,31],[-103,26],[-99,71],[-94,54],[-40,-58],[27,-52],[66,-56],[26,-57],[56,-31],[39,-55],[346,-30],[101,3],[87,-18],[30,-48],[-100,-171],[-78,-120],[-44,-18],[-75,-169],[-48,-20],[-137,-85],[-119,33],[-104,-7],[-70,42],[-32,-20],[35,-55],[-81,2],[40,-70],[-54,-82],[-154,-41],[-62,1],[-70,28],[-37,34],[-101,23],[-168,15],[-110,61],[-76,16],[-110,50],[-77,-20],[63,-72],[84,31],[156,-63],[137,-37],[93,2],[52,-66],[72,-40],[80,-15],[61,-54],[26,-44],[14,-103],[-49,-65],[-55,6],[-111,-82],[-144,30],[-48,-21],[-47,20],[-32,-25],[67,-64],[82,-13],[-23,-54],[-74,15],[-67,-36],[-56,-13],[34,-112],[-51,0],[-78,-31],[35,-38],[-71,-54],[-35,-48],[-44,-20],[53,-52],[-143,-95],[-40,-52],[41,-64],[-47,-46],[-63,-166],[-29,-23],[-45,-155],[-43,-36],[17,-41],[-26,-64],[3,-79],[-31,-72],[11,-92],[-12,-64],[28,-141],[-15,-34],[-9,-140],[30,-50],[56,-49],[23,-53],[68,28],[71,-6],[44,17],[142,-16],[15,-38],[1,-77],[44,-134],[42,-92],[14,-105],[80,-208],[9,-47],[-9,-65],[-56,-111],[104,32],[15,-22],[320,121],[119,-17],[204,-127],[116,-24],[90,-41],[37,4],[74,-80],[40,-22],[49,-55],[89,-48],[96,-173],[82,-66],[119,-26],[157,-92],[103,-32],[59,-38],[66,-79],[77,-34],[7,-28],[137,-29],[104,26],[40,-10],[40,24],[43,-22],[142,-29],[85,-1],[29,-37],[38,12],[57,-15],[48,-48],[7,-79],[14,-26],[-59,-225],[-2,-77],[50,-82],[31,-126],[-25,-104],[27,-163],[-32,-28],[-17,-126],[52,-41],[32,-44],[19,-59],[95,-111],[-4,-70],[51,-94],[110,-63],[16,-46],[38,-28],[49,-71],[20,-88],[22,-29],[2,-60],[87,-30],[97,-86],[18,94],[-6,36],[49,49],[-11,36],[57,53],[27,-15],[-5,-52],[37,8],[66,-70],[23,36],[1,68],[-37,25],[-23,67],[47,23],[-14,52],[39,15],[10,40],[32,25],[16,47],[-8,44],[16,34],[-6,62],[-29,25],[-42,64],[1,106],[-29,25],[-23,74],[20,65],[-24,126],[16,51],[-33,32],[-2,69],[13,44],[-31,130],[-61,46],[-28,55],[-18,134],[-39,58],[51,31],[139,48],[25,28],[129,59],[63,56],[101,67],[39,52],[107,107],[33,42],[19,53],[103,145],[30,111],[9,71],[3,172],[-15,124],[7,28],[-15,92],[-58,170],[-1,31],[-73,143],[-105,125],[-35,30],[-115,58],[4,18],[-67,47],[-13,27],[-63,18],[20,55],[-23,112],[68,8],[6,46],[41,28],[7,51],[77,41],[13,58],[-30,38],[39,27],[5,41],[68,28],[25,111],[24,63],[-74,13],[-12,31],[35,51],[-73,104],[41,39],[-64,70],[60,58],[-68,16],[-82,38],[95,110],[16,72],[-9,111],[47,5],[-27,75],[-62,39],[-39,97],[-21,139],[3,65],[58,55],[120,90],[196,-39],[44,-26],[169,-52],[36,-20],[91,-9],[44,11],[86,-24],[58,-44],[23,36],[77,0],[38,35],[79,27],[29,43],[55,9],[26,-43],[97,-41],[40,-63],[82,-18],[36,-25],[4,-78],[100,-32],[74,-84],[82,-31],[-11,-55],[-43,-58],[49,-24],[-7,-49],[81,-64],[44,9],[78,-46],[48,6],[42,-27],[75,34],[58,-20],[12,-101],[40,-24],[60,74],[11,53],[30,8],[40,-99],[2,-41],[-91,-58],[9,-63],[-18,-112],[41,-54],[-2,-62],[-43,-65],[48,-47],[-18,-86],[24,-50],[-51,-56],[23,-17],[12,-75],[49,27],[51,-18],[3,-48],[-76,-21],[20,-145],[-30,-44],[-42,30],[-84,-27],[-27,-28],[55,-27],[26,-49],[155,147],[126,11],[38,-12],[76,-57],[3,-81],[39,-88],[-30,-97],[17,-7],[31,143],[66,-12],[-9,-43],[67,5],[-15,-45],[22,-40],[157,70],[31,53],[89,0],[-3,47],[20,58],[22,6],[21,65],[76,-36],[34,69],[32,13],[59,65],[-27,97],[54,-2],[-10,50],[46,26],[-6,57],[-31,100],[34,42],[75,42],[6,54],[44,92],[28,86],[59,-9],[57,-44],[-9,-96],[62,-10],[25,-69],[-18,-65],[12,-47],[50,6],[4,-42],[59,-51],[-21,-67],[73,-13],[43,-66],[-19,-48],[68,-30],[-9,-27],[35,-55],[45,-36],[21,-77],[-24,-36],[-64,-47],[44,-37],[61,35],[55,3],[-22,-164],[-112,-10],[29,-30],[104,35],[25,-36],[49,-31],[20,-46],[45,-20],[-21,-33],[36,-26],[32,-78],[-49,-36],[-58,-14],[-24,-48],[93,14],[57,-39],[-20,-54],[7,-50],[91,-4],[39,-20],[10,-66],[-42,-5],[-83,-95],[31,-30],[-47,-46],[30,-75],[-59,12],[40,-67],[54,-46],[22,-42],[46,15],[8,-130],[73,-20],[2,-40],[76,5],[6,-39],[41,-24],[31,39],[28,-64],[8,-53],[-17,-74],[15,-19],[-26,-119],[47,41],[93,1],[31,43],[28,-24],[-38,-66],[116,0],[47,37],[66,-31],[-5,-66],[38,-61],[54,-40],[129,-10],[17,-29],[78,-1],[48,-52],[59,8],[26,-29],[-10,-45],[-78,-62],[-60,5],[-76,-14],[-17,-52],[-58,-11],[-70,-44],[-41,1],[-139,-49],[26,-15],[162,53],[-2,-46],[-41,9],[-31,-39],[-65,-21],[-85,-54],[-69,13],[-30,-26],[-55,-19],[-1,-105],[18,-34],[-81,-48],[65,-23],[20,11],[45,70],[94,28],[38,48],[78,18],[2,54],[58,73],[170,61],[-52,38],[50,47],[58,2],[176,-50],[38,-130],[29,-42],[-13,-27],[-81,-46],[34,-31],[16,-48],[36,30],[1,36],[40,53],[94,7],[0,-41],[54,-21],[106,-19],[0,-73],[60,-51],[-3,-69],[21,-23],[-56,-62],[32,-49],[6,-47],[-66,-32],[34,-64],[-37,-34],[19,-27],[69,-11],[25,-25],[-46,-67],[31,-44],[5,-54],[-54,-53],[-13,-40],[-49,-31],[-25,-33],[-34,-8],[-169,-178],[-60,-3],[-16,45],[-112,-37],[-21,14],[-62,-66],[-69,-27],[-59,20],[-54,-53],[-16,-52],[-62,-32],[-12,-125],[-36,5],[-20,-35],[-56,-32],[-46,-91],[-60,-19],[-22,-35],[10,-31],[-57,-30],[-25,17],[-37,-21],[-40,7],[-26,-17],[-79,15],[-89,-35],[-39,7],[-109,-50],[-34,60],[-99,11],[-31,24],[-28,-11],[-112,13],[-87,-2],[-20,-25],[-52,-8],[-75,40],[-71,1],[-70,-18],[-59,26],[-43,-19],[-70,-5],[-99,24],[-128,-32],[-52,17],[-62,-48],[-53,3],[-15,31],[-35,-24],[-54,-81],[-55,-33],[-25,-79],[-23,1],[-27,-109],[-4,-77],[-35,-59],[-200,-34],[-16,-73],[-51,7],[-71,-61],[-2,-50],[-38,-3],[-76,-77],[-20,-78],[-23,-4],[-16,-64],[-42,-84],[-56,-66],[-39,-3],[-50,60],[-43,-2],[-60,50],[-18,-5],[-83,32],[0,-36],[72,0],[84,-55],[37,4],[42,-48],[36,-17],[-16,-67],[-37,-108],[-71,-88],[-10,-50],[-70,-33],[-27,-90],[-32,-66],[-64,-48],[-107,-140],[-91,-33],[-50,8],[-47,-48],[-46,-20],[-9,-41],[-54,-34],[-38,-51],[-65,-18],[-40,-27],[-7,-50],[-37,-18],[-35,-99],[-55,-74],[-70,-26],[-42,-70],[-45,-39],[32,-51],[-52,-17],[-12,-24],[-79,-63],[-9,-28],[-50,-45]],[[28243,67346],[64,34],[20,38],[68,45],[26,-1],[43,52],[54,47],[35,-8],[39,168],[41,51],[32,102],[56,43],[54,16],[63,92],[59,30],[23,52],[49,23],[43,48],[35,-18],[111,57],[39,47],[49,11],[19,20],[99,54],[39,53],[52,99],[32,27],[12,50],[61,76],[68,111],[28,74],[33,19],[72,101],[66,69],[22,2],[140,133],[65,30],[111,80],[33,5],[215,125],[108,42],[91,9],[85,20],[161,-23],[94,-48],[105,-114],[-22,-32],[7,-52],[31,-48],[-10,-55],[-35,-50],[-58,-16],[-42,-32],[-20,-60],[-136,-95],[-40,-5],[-19,25],[-75,31],[-45,40],[-38,-49],[-47,10],[2,-55],[78,-41],[41,-9],[21,-29],[30,-89],[40,7],[72,68],[50,15],[9,-30],[44,13],[38,-47],[-56,-80],[7,-38],[-25,-95],[-99,-97],[135,-6],[5,-52],[-26,-49],[11,-51],[40,-48],[-1,-56],[28,-78],[-4,-43],[31,-47],[70,-2],[27,-34],[35,9],[56,-22],[-25,-41],[0,-39],[27,-46],[37,-20],[61,14],[-2,-27],[69,-43],[32,21],[89,-8],[72,-73],[54,44],[92,93],[9,-93],[73,-45],[40,35],[40,-71],[15,-49],[-33,-12],[-16,-35],[84,3],[44,-20],[-27,-45],[-70,3],[-15,-33],[-48,-9],[-19,-29],[-46,6],[-19,-33],[-180,-83],[-29,-31],[-39,-10],[-59,-44],[-25,27],[-44,-54],[-82,10],[18,-72],[-7,-23],[-45,-8],[-24,29],[-33,-2],[-4,55],[-31,9],[-19,-42],[-26,-9],[-34,-40],[4,-62],[-60,-126],[-28,-41],[-40,-22],[-19,-57],[-40,-63],[-16,12],[-42,-32],[-57,-73],[-55,-13],[-29,34],[1,50],[-37,75],[-14,-41],[-42,3],[-13,75],[5,54],[-16,52],[26,118],[21,47],[50,60],[-25,13],[42,57],[148,129],[99,92],[95,44],[43,45],[-5,-61],[39,-44],[29,54],[78,32],[62,57],[-127,9],[-66,-5],[-20,-18],[-51,24],[-38,-45],[-58,13],[27,66],[50,38],[59,75],[2,41],[-44,17],[-46,-99],[-34,3],[-30,-37],[-86,-50],[-62,-65],[-98,-59],[-34,37],[-24,-3],[-17,-50],[-64,-47],[-17,36],[-68,-46],[-44,17],[-9,46],[-38,-46],[-24,40]],[[33915,68938],[1,-54],[-83,12],[-15,38],[43,-3],[17,-13],[15,3],[22,17]],[[33725,69629],[-8,48],[17,27],[40,12],[21,-41],[-70,-46]],[[34167,68606],[-27,-96],[-15,-11],[-22,-105],[3,-37],[-23,-117],[-34,-63],[-38,-15],[-15,39],[-29,10],[-48,-58],[-19,19],[7,125],[-12,39],[35,69],[-16,20],[-66,-100],[-62,-77],[-37,10],[10,88],[64,184],[7,77],[-34,139],[-35,15],[-85,-168],[-18,-58],[-21,13],[-42,-23],[-28,8],[-33,-49],[-29,-110],[-25,-19],[-16,-52],[-45,-26],[-46,18],[-16,-17],[-54,1],[-35,50],[30,52],[102,33],[50,63],[12,72],[20,24],[63,25],[15,55],[-48,-11],[-82,44],[-25,-30],[19,-29],[-11,-48],[-90,-7],[-73,39],[49,31],[-28,81],[-71,-64],[-42,-13],[-76,10],[-28,-46],[-55,27],[-37,-10],[-56,32],[-139,10],[-67,22],[-127,-27],[-53,-23],[-41,3],[-51,-21],[-51,27],[5,73],[-31,60],[42,67],[64,54],[75,91],[50,74],[5,26],[-49,24],[-101,-20],[-35,21],[64,59],[5,-33],[42,-22],[29,19],[5,62],[33,72],[27,93],[83,19],[9,44],[-34,42],[11,87],[70,73],[-4,58],[89,230],[41,158],[42,83],[-8,32],[44,20],[51,64],[-1,53],[49,75],[0,51],[20,39],[61,47],[104,58],[57,49],[14,-36],[88,24],[28,-12],[-22,-95],[-34,-42],[-50,24],[-43,-3],[-14,-64],[45,6],[35,-23],[-6,-57],[-35,-76],[-97,-174],[-13,-41],[-39,-55],[-26,-90],[-58,-84],[6,-39],[-22,-74],[20,-55],[64,101],[16,-3],[30,76],[45,58],[22,-30],[92,-82],[39,-15],[-62,-50],[-24,-41],[-11,-54],[79,-110],[17,41],[114,38],[8,-41],[-23,-38],[-3,-63],[129,28],[53,104],[25,-26],[-7,-38],[58,12],[59,28],[97,-57],[61,-62],[-42,-99],[-84,-63],[12,-84],[46,-44],[-18,-55],[68,-44],[28,81],[42,-49],[31,55],[43,-16],[-20,-84],[-35,-40],[-45,2],[-9,-37],[-41,-23],[-26,-35],[-31,12],[-24,-1],[-16,23],[-10,-30],[10,-46],[59,-2],[17,-38],[-32,-93],[-29,-56],[65,-83],[34,76],[-5,27],[59,135],[66,27],[21,41],[23,-15],[-50,-95],[-32,-91],[5,-33],[-24,-46],[35,-80],[68,88],[16,90],[26,-16],[20,-115]],[[13971,70600],[-7,-50],[-38,32],[-19,70],[39,48],[24,-63],[1,-37]],[[13912,70770],[-23,45],[17,40],[43,16],[12,-39],[-22,-72],[-27,10]],[[13888,70944],[-21,-41],[-58,14],[20,40],[59,-13]],[[13923,70958],[36,28],[15,-48],[-44,-9],[-7,29]],[[14152,71051],[10,-38],[-19,-31],[-48,-25],[-50,-50],[-15,-67],[-51,-25],[3,65],[15,56],[83,58],[26,40],[46,17]],[[13798,71143],[24,-61],[-16,-26],[-54,39],[2,41],[44,7]],[[13866,71052],[-34,49],[-3,107],[34,-27],[10,-90],[-7,-39]],[[13699,71145],[1,-44],[-36,-2],[-62,119],[10,33],[87,-106]],[[13114,70924],[-17,-24],[-55,39],[-81,143],[-54,43],[-15,38],[-52,52],[-56,93],[30,42],[-73,7],[-11,56],[46,-10],[82,14],[44,40],[78,-92],[-2,-68],[-63,-26],[6,-71],[27,-12],[19,-79],[66,-45],[22,-78],[51,10],[8,-72]],[[13733,71188],[-33,-14],[-35,34],[-32,97],[-3,44],[26,32],[4,107],[46,-5],[73,-65],[25,-71],[2,-87],[-20,-117],[-40,-4],[2,71],[26,81],[-26,3],[-15,-106]],[[13602,71391],[-8,56],[37,46],[14,-96],[-43,-6]],[[13704,71540],[-4,-39],[-59,17],[34,84],[29,-62]],[[13481,71454],[-1,-32],[-51,-1],[-40,72],[-61,40],[-32,61],[-26,22],[9,40],[63,-29],[77,-62],[62,-111]],[[13636,71529],[2,121],[26,28],[59,16],[-11,-70],[-26,5],[-31,-38],[-19,-62]],[[13303,71680],[31,34],[41,-26],[13,-67],[-65,27],[-20,32]],[[13345,71782],[15,12],[98,-90],[42,-71],[90,-116],[-62,-73],[-61,82],[-37,110],[-26,-9],[-18,63],[-28,11],[-13,81]],[[13292,71827],[-26,-36],[-34,39],[75,53],[43,-60],[-32,-68],[-27,30],[1,42]],[[12720,71440],[-47,55],[11,26],[53,22],[-110,55],[10,48],[-68,138],[28,74],[0,60],[55,-18],[50,6],[28,-50],[66,36],[40,-60],[9,-55],[-34,-52],[-76,-37],[39,-28],[59,26],[-9,37],[31,59],[-14,71],[57,3],[56,39],[4,-63],[-47,-105],[-20,-130],[10,-81],[-27,-53],[-58,-11],[-48,-41],[-48,29]],[[13213,72138],[-9,-28],[-50,-47],[12,87],[47,-12]],[[32761,72244],[-41,-31],[-36,4],[-18,44],[76,36],[19,-53]],[[13297,72230],[-8,21],[55,68],[-1,-63],[-46,-26]],[[31919,72855],[-44,-5],[11,58],[46,-22],[-13,-31]],[[31752,73256],[45,54],[30,-48],[-6,-83],[-21,-33],[-52,59],[4,51]],[[31757,73540],[-63,-1],[34,62],[29,-61]],[[31693,73625],[15,-40],[-36,-25],[-23,31],[44,34]],[[31680,73714],[27,40],[39,-28],[-24,-38],[-42,26]],[[29748,74396],[10,-19],[-45,-57],[-33,80],[68,-4]],[[20255,79077],[17,-35],[-61,-24],[-66,30],[-43,46],[102,14],[51,-31]],[[21005,79204],[4,-48],[-40,-48],[-124,43],[84,81],[76,-28]],[[21404,79221],[-42,-41],[-69,25],[-3,111],[61,17],[47,-50],[6,-62]],[[21197,79559],[-74,-25],[-33,54],[32,20],[75,-49]],[[22384,79558],[-22,39],[131,2],[-1,-98],[-108,57]],[[22548,79529],[-18,30],[23,55],[79,14],[67,-48],[-9,-69],[-32,-27],[-66,68],[-44,-23]],[[22743,79250],[-60,-61],[-99,-5],[-131,-125],[-60,-16],[-138,53],[-33,-18],[-108,23],[-54,44],[-136,44],[-68,5],[-91,42],[11,47],[-40,13],[-57,-61],[-63,29],[-47,75],[76,59],[81,-10],[79,31],[81,76],[-53,44],[3,58],[61,5],[40,115],[79,49],[121,-60],[67,-47],[89,-92],[96,-35],[85,-57],[72,-87],[-8,-44],[36,-80],[74,-28],[47,32],[48,-18]],[[21366,80062],[-82,31],[-3,39],[86,-10],[-1,-60]],[[21226,79722],[-25,-72],[-98,8],[-27,43],[-74,-38],[-85,59],[-73,-5],[-77,-27],[26,-27],[-6,-63],[-74,-14],[-100,40],[-38,39],[-57,-37],[126,-52],[1,-75],[131,24],[23,33],[110,2],[31,-32],[-80,-78],[77,-1],[48,-34],[0,-35],[-52,-77],[-113,-21],[-37,-30],[-132,-32],[-40,20],[-59,-30],[-285,79],[-39,-38],[-142,16],[-36,27],[91,49],[-145,26],[-25,26],[-90,12],[-85,-14],[-56,19],[37,50],[-12,59],[-71,49],[-49,-64],[-53,-6],[10,-62],[-110,-107],[-162,-42],[-161,3],[-7,-35],[-103,-67],[-181,-50],[-162,-7],[-40,-26],[-61,21],[-173,-49],[-75,12],[-283,-17],[-44,-23],[-133,-5],[38,42],[-66,27],[-33,61],[-49,43],[-5,55],[28,73],[-35,53],[31,19],[-218,43],[-213,-22],[-210,28],[-177,81],[4,55],[-170,96],[-51,112],[23,29],[105,41],[250,45],[496,48],[145,-27],[45,11],[239,-42],[87,55],[87,-23],[34,44],[-70,31],[-20,40],[-210,36],[-75,41],[-95,-3],[-115,37],[-52,-24],[-284,-29],[-91,-15],[-123,-1],[-52,31],[-202,-19],[-104,13],[-56,-11],[-34,44],[-128,72],[-60,68],[7,23],[158,74],[86,8],[180,52],[242,52],[-76,53],[-170,-34],[-61,3],[-135,-32],[-164,2],[-40,27],[49,53],[95,24],[-81,39],[-75,-36],[-36,33],[-92,2],[-59,-18],[-23,74],[23,80],[82,59],[18,44],[148,43],[1,41],[-82,18],[-44,41],[22,41],[86,62],[87,33],[134,108],[127,25],[67,34],[236,75],[52,8],[265,91],[85,-24],[65,-62],[17,-45],[-24,-76],[7,-86],[-89,-25],[9,-78],[236,80],[-43,13],[110,108],[48,11],[251,-59],[230,-87],[-19,-78],[-73,-63],[-92,-47],[65,-27],[69,67],[86,-9],[96,81],[131,-21],[51,-45],[70,33],[-102,92],[-16,67],[-68,8],[-54,45],[-5,40],[168,-7],[188,-112],[51,-2],[85,-81],[63,-20],[-8,-102],[67,-116],[-1,-69],[61,-20],[-26,-75],[79,-58],[87,13],[112,96],[-99,59],[-43,61],[17,80],[-48,85],[5,50],[-71,157],[-4,82],[-38,41],[65,52],[11,58],[94,-13],[132,-67],[45,56],[48,2],[159,-111],[108,-18],[60,-51],[73,-99],[-33,-24],[70,-109],[-22,-22],[85,-131],[-21,-32],[177,-256],[-8,-45],[34,-73],[-58,-19],[11,-56],[-36,-70],[131,-87],[21,-57],[49,-21],[82,-71],[110,-12],[192,-75],[123,-78],[70,20],[29,-88],[158,21],[9,-118],[24,-65]],[[28716,78189],[-15,22],[54,131],[122,39],[42,77],[-48,28],[-17,100],[-64,85],[15,47],[-64,32],[-24,36],[13,45],[-24,75],[-57,51],[-142,19],[-59,50],[50,48],[11,53],[-45,49],[-56,-10],[57,-69],[-131,-6],[-44,61],[-92,80],[48,55],[-134,-20],[-79,19],[-118,-55],[-105,-63],[-80,-8],[-13,42],[38,57],[-28,68],[57,22],[116,-25],[113,73],[-31,65],[-143,65],[-46,-6],[-64,70],[-110,30],[44,40],[0,66],[-74,0],[-91,22],[-52,-19],[0,179],[-56,40],[-70,-31],[-63,7],[-74,69],[-22,51],[-110,20],[-110,-53],[118,-40],[42,8],[54,-67],[28,-89],[-10,-41],[-50,-18],[-146,-6],[-67,-17],[-41,52],[-192,47],[-123,8],[-17,18],[-132,5],[44,-49],[56,-5],[111,-122],[-46,-10],[-174,120],[-75,-3],[5,-53],[-72,-23],[-84,13],[-126,54],[-38,29],[-166,-32],[-109,20],[-166,10],[-69,30],[-112,21],[6,-38],[-117,-19],[-130,59],[-75,61],[-24,45],[-59,0],[-46,71],[-46,-40],[61,-17],[-8,-35],[-113,16],[-115,-39],[-77,79],[-148,34],[-58,40],[-45,78],[-60,38],[-40,65],[87,62],[129,12],[86,-48],[115,-12],[144,7],[35,31],[-225,101],[-147,12],[-322,45],[-40,43],[-3,122],[47,53],[-82,75],[30,78],[62,27],[-54,66],[35,72],[21,104],[116,135],[3,82],[70,103],[171,136],[174,96],[282,65],[186,4],[245,-22],[60,-32],[-19,-40],[-167,-77],[-122,-105],[-68,-107],[-111,-136],[5,-84],[95,-72],[19,-54],[-55,-95],[14,-99],[75,-105],[169,-140],[144,-43],[28,-76],[-93,-5],[-91,-43],[184,-10],[42,136],[46,20],[-50,105],[-47,-25],[-99,18],[-48,73],[-83,67],[47,54],[19,78],[55,25],[70,-5],[68,54],[-151,25],[-46,25],[-50,86],[13,118],[51,120],[116,12],[-43,47],[21,46],[74,33],[223,58],[98,45],[217,71],[210,0],[140,-11],[80,-88],[3,-109],[23,-37],[131,-38],[25,-38],[-24,-83],[100,-101],[-78,-49],[12,-122],[-85,-61],[19,-138],[97,33],[-23,65],[117,109],[79,1],[56,-54],[70,51],[42,-26],[49,-73],[-53,-95],[61,13],[39,117],[53,45],[10,79],[43,39],[106,53],[101,28],[191,-6],[64,-52],[246,-28],[144,-43],[69,-119],[-33,-65],[222,-26],[32,-54],[-39,-74],[-78,-10],[-51,-33],[29,-39],[95,40],[100,20],[83,-6],[-24,-85],[33,-17],[-24,-58],[58,1],[49,-57],[76,-21],[-6,60],[64,14],[-20,31],[51,23],[45,51],[239,-66],[44,-29],[81,-93],[-88,-98],[-112,20],[-49,-14],[-84,-103],[52,-24],[-47,-36],[103,16],[98,41],[71,7],[46,75],[98,39],[40,-18],[33,-71],[-53,-49],[26,-54],[188,74],[87,-53],[104,3],[28,-28],[198,-69],[17,-44],[-43,-61],[-70,-26],[-202,-37],[70,-27],[135,8],[17,-31],[-76,-96],[71,-6],[31,57],[56,6],[4,77],[45,47],[93,-27],[70,-58],[80,-92],[36,-117],[-62,-6],[-107,33],[-72,-3],[-90,-72],[-64,-21],[156,-64],[58,9],[151,-8],[118,-62],[32,-77],[-184,4],[-87,-8],[-108,21],[-9,-43],[102,-46],[-83,-34],[-24,-68],[-72,5],[-39,-47],[114,-32],[-64,-29],[115,-51],[72,18],[161,-44],[80,-116],[-15,-70],[75,25],[61,-12],[27,-62],[108,-69],[14,51],[84,13],[71,-14],[58,43],[66,-34],[-88,-66],[62,-35],[56,25],[85,-51],[17,-58],[76,-126],[-20,-25],[-92,-4],[17,-32],[77,22],[33,-21],[127,-11],[67,59],[50,-57],[-73,-45],[5,-48],[-32,-73],[119,41],[167,-13],[-4,38],[79,7],[107,-82],[82,-97],[8,-36],[-82,-27],[22,-92],[-118,-39],[-77,54],[-85,-85],[98,-53],[58,-50],[-127,-21],[33,-74],[-55,-18],[-22,-65],[-51,-34],[-30,27],[-71,0],[-55,-55],[-36,-84],[25,-168],[-67,-58],[-62,84],[-78,45],[-76,15],[-20,-48],[-52,25],[10,41],[-56,20],[8,73],[-54,-20],[-11,58],[-48,28],[-57,103],[41,73],[119,46],[-15,35],[-115,-47],[-136,-14],[-16,80],[-50,13],[-87,102],[-70,14],[-31,109],[-31,-25],[-112,4],[64,-54],[-43,-80],[-73,69],[-75,-3],[40,-60],[-13,-19],[123,-71],[-2,-58],[35,-32],[-171,-27],[-58,58],[-30,-34],[11,-65],[46,-19],[-1,-68],[127,29],[49,-17],[-43,-71],[100,-25],[-29,-92],[62,-26],[-8,-65],[42,-12],[43,-46],[118,-36],[53,-71],[31,-11],[19,75],[65,-63],[-1,-54],[-34,-23],[-3,-44],[173,-18],[-51,-91],[-10,-51],[62,-55],[-31,-31],[142,3],[4,-26],[-66,-39],[-10,-60],[68,-18],[46,-48],[-14,-41],[20,-137],[-40,-23],[-37,44],[-43,121],[-45,-11],[51,-131],[-32,-19],[56,-54],[14,-43],[-32,-93],[-58,45],[-27,-32],[64,-116],[-55,-47],[-49,69],[21,41],[-89,18],[-16,44],[-59,9],[-45,34],[-37,-24],[-61,28],[-27,35],[-48,-19],[-30,63],[-52,31],[-2,30],[-61,17],[-70,60],[-51,95],[-48,-84],[-68,69],[-75,31],[-25,38],[-116,10],[45,-103],[95,-89],[69,-107],[94,-36],[44,7],[28,-52],[89,-61],[58,-87],[115,-71],[67,-104],[100,-77],[-53,-54],[47,-96],[-86,-19],[-76,24],[-58,55],[-121,41],[-48,25],[-73,4],[-82,27],[-154,19],[-109,69],[-18,-4],[-112,87],[-38,52],[24,44],[-35,22],[-119,-21],[-45,3],[-68,56],[-90,15],[-49,50],[-5,41],[-92,-15],[-85,62],[-21,55],[22,70],[110,71],[-82,13],[4,49],[-70,44],[-28,-46],[-103,-4],[-1,51],[-75,43],[-74,113],[-8,36],[-48,17],[-12,46],[-69,-5],[-26,61],[23,43],[-15,50],[-118,-18],[-28,-112],[-31,5],[29,121],[-21,29],[-126,-5],[-25,-48],[29,-51],[-47,-25],[-57,26],[-84,10],[-32,29],[-94,33],[-11,-59],[-30,-41],[-133,-16],[11,-33],[-111,8],[11,-52],[-119,55],[-67,6],[-75,32],[-26,-18],[-68,43],[11,19],[-57,60],[-1,83],[31,31],[-19,71],[48,47],[90,48],[85,26],[-54,63],[21,66],[53,8],[39,-29],[111,-3],[247,-98],[5,-27],[77,-41],[10,-49],[-50,-54],[61,-18],[-9,113],[-42,53],[-64,41],[23,29],[134,-27],[92,72],[99,-27],[87,92],[80,3],[56,-38],[47,18],[-49,85],[-10,55],[-79,40],[-110,114],[-13,32],[34,39],[70,37],[168,125],[33,56],[103,36]],[[17349,81568],[-115,-76],[-189,-48],[-203,-97],[-47,-5],[-175,-85],[-181,-68],[-120,-60],[-47,-141],[-116,-58],[-114,-7],[0,-65],[-64,-61],[14,-131],[-68,-104],[-211,-56],[-74,44],[-123,-103],[-127,-43],[-45,-44],[-81,-1],[-90,81],[-50,107],[-118,119],[-161,52],[-153,68],[-10,20],[-139,-16],[10,99],[121,170],[64,38],[31,69],[-25,65],[147,46],[-99,82],[51,46],[60,118],[102,60],[3,61],[76,52],[-30,37],[-70,6],[-86,111],[-22,95],[-56,42],[390,50],[182,7],[280,46],[120,-23],[53,-43],[209,-72],[132,-27],[139,-8],[21,-59],[73,19],[19,46],[177,30],[174,-24],[147,-72],[253,-179],[75,-26],[86,-84]],[[14309,69734],[11,-78],[-17,-19],[-62,49],[3,45],[-19,26],[54,25],[30,-48]],[[14700,69861],[-33,51],[-7,49],[45,-6],[-12,-49],[7,-45]],[[14663,69991],[13,68],[33,-27],[-12,-33],[-34,-8]],[[14320,70176],[59,68],[33,10],[23,-44],[-27,-43],[-88,9]],[[15204,69090],[-31,-26],[-32,-58],[-26,-7],[-64,27],[-134,75],[-74,28],[-40,36],[-75,42],[-24,35],[48,50],[10,43],[-48,6],[-20,-22],[-39,16],[-33,-34],[-66,67],[10,64],[-37,46],[-32,-20],[-32,75],[-88,19],[-45,-4],[2,86],[30,25],[-7,38],[-34,10],[-12,82],[-31,8],[-48,-25],[-53,2],[-23,40],[17,62],[-53,-19],[-34,48],[-79,-22],[-30,29],[32,44],[-27,55],[-10,62],[87,10],[-1,36],[-66,-34],[-59,-19],[-70,79],[-23,85],[88,44],[52,-1],[102,-47],[82,-76],[116,-38],[82,-35],[92,-10],[43,-30],[58,-19],[41,7],[41,-28],[23,-94],[34,-54],[12,-46],[79,-100],[-7,-52],[31,-74],[67,-47],[103,-34],[55,-40],[6,-43],[32,-12],[9,-67],[50,-74],[14,-100],[40,-8],[19,-62]],[[30989,74995],[-74,20],[-29,46],[59,13],[55,-61],[-11,-18]],[[30076,75077],[9,-40],[-31,-42],[-96,-68],[-32,31],[53,163],[65,0],[32,-44]],[[30891,75503],[-36,14],[-137,110],[15,31],[103,18],[88,-17],[6,-103],[-39,-53]],[[30784,75787],[75,-18],[36,-62],[-20,-16],[-66,28],[-25,68]],[[27017,75961],[4,-62],[-75,-192],[-54,-87],[-116,94],[-28,78],[19,103],[103,137],[73,4],[74,-75]],[[31015,76090],[-4,-32],[-54,-47],[-88,25],[22,68],[85,3],[39,-17]],[[28430,76161],[-28,-34],[-69,16],[0,25],[97,-7]],[[29443,76134],[-33,-45],[-86,11],[-74,127],[-31,-1],[-36,44],[113,-24],[79,-37],[68,-75]],[[26237,76319],[88,-31],[-27,-62],[2,-51],[-91,-56],[-35,-57],[-86,-80],[-104,-67],[-39,38],[-37,-7],[-69,-47],[-21,82],[-42,43],[1,48],[52,38],[43,66],[9,63],[59,52],[48,-42],[102,46],[85,-5],[62,29]],[[27485,76469],[-29,-72],[-79,-28],[-72,61],[-86,90],[-4,30],[96,22],[130,-28],[44,-75]],[[31093,76493],[-46,-4],[-44,72],[-20,72],[38,26],[36,-137],[36,-29]],[[27713,76568],[-4,-58],[-75,19],[-82,76],[-35,15],[6,51],[74,-4],[110,-58],[6,-41]],[[30878,76722],[21,44],[45,16],[13,-64],[-79,4]],[[27368,76807],[7,24],[95,14],[-31,-49],[-71,11]],[[30702,77098],[28,71],[44,-12],[-72,-59]],[[31584,77696],[35,-34],[-47,-27],[-46,42],[58,19]],[[26776,76708],[-76,-20],[-36,-45],[-113,-93],[-165,62],[-118,59],[-109,-4],[-10,56],[44,28],[-48,60],[-83,7],[-65,-15],[-14,25],[42,55],[-9,37],[-141,-40],[-39,-49],[22,-41],[-8,-80],[-40,-1],[-75,-74],[-60,3],[-32,-36],[-20,-80],[-30,-39],[-97,-61],[-86,-35],[-63,3],[-34,57],[-5,87],[13,41],[-3,87],[-47,19],[-132,-33],[-101,6],[-56,-48],[-52,-4],[-43,53],[12,35],[76,100],[189,86],[-5,39],[-42,63],[-11,65],[15,106],[51,144],[-18,24],[22,54],[-7,95],[39,189],[24,49],[88,73],[33,-56],[77,6],[39,-97],[-70,-37],[64,-42],[15,-52],[46,-69],[73,137],[37,-37],[77,-41],[14,-61],[69,-22],[119,-15],[51,-94],[87,-34],[46,-49],[93,-7],[65,-37],[95,-90],[15,-129],[23,-65],[-76,-27],[-16,-38],[138,22],[22,18],[85,-23],[45,48],[190,-178]],[[25483,77826],[77,-86],[38,-100],[-38,-40],[-40,53],[-67,50],[-19,93],[49,30]],[[25625,77867],[108,-14],[101,-68],[-29,-51],[88,-48],[-2,-34],[-86,14],[-18,48],[-74,-8],[5,70],[-18,32],[-62,29],[-13,30]],[[31182,78582],[-76,3],[23,63],[53,-66]],[[28606,78739],[-13,-31],[-267,1],[-64,39],[-36,64],[5,39],[129,8],[232,-55],[14,-65]],[[30501,78954],[-6,-55],[-90,19],[96,36]],[[25060,78965],[46,-42],[-8,-54],[17,-70],[-10,-57],[-50,-58],[-64,32],[-32,66],[29,49],[-37,22],[64,110],[45,2]],[[28157,78906],[7,-31],[-41,-79],[31,-68],[-5,-131],[-88,-98],[-32,2],[-102,-51],[-95,5],[-104,-20],[-94,7],[-52,91],[-39,141],[30,81],[89,141],[51,55],[104,36],[59,-19],[46,24],[207,-54],[28,-32]],[[27117,78981],[27,-19],[-63,-59],[-37,27],[10,63],[63,-12]],[[27196,79072],[-16,76],[57,-19],[-41,-57]],[[28209,79029],[-12,-38],[-133,78],[-3,63],[35,47],[73,-26],[15,-48],[43,-43],[-18,-33]],[[24009,79440],[-74,51],[41,15],[33,-66]],[[27072,79258],[-36,-22],[-57,46],[59,79],[92,32],[35,88],[33,24],[79,7],[27,-42],[-65,-37],[-26,-63],[-74,-93],[-67,-19]],[[24075,79467],[-70,17],[56,52],[42,-31],[-28,-38]],[[27712,79524],[5,-50],[-72,-52],[-13,-31],[-74,1],[-32,60],[7,61],[66,29],[113,-18]],[[30068,79585],[-83,36],[88,53],[43,-27],[-48,-62]],[[27255,79641],[68,52],[54,-52],[-41,-34],[-114,-47],[-46,39],[33,42],[46,0]],[[26832,79634],[10,-48],[-75,-1],[1,42],[-159,43],[81,41],[142,-28],[81,45],[71,-21],[16,-42],[-71,-37],[-97,6]],[[24924,79812],[-51,24],[-11,40],[138,-12],[41,14],[39,-68],[-156,2]],[[29103,80325],[18,-54],[-50,-4],[-132,-38],[-29,48],[48,12],[10,53],[135,-17]],[[28715,80575],[37,-35],[-121,-42],[-23,85],[48,19],[59,-27]],[[28773,80646],[-8,-66],[-74,29],[82,37]],[[22287,81183],[-26,21],[68,58],[29,-58],[-71,-21]],[[22245,81383],[71,27],[64,-70],[-23,-44],[-75,-20],[-44,34],[7,73]],[[20204,81628],[48,-31],[-19,-117],[-44,-71],[-125,-123],[-76,6],[-124,103],[-46,65],[-104,61],[-142,35],[117,113],[385,23],[130,-64]],[[26582,81617],[27,56],[65,26],[117,-37],[47,6],[134,-37],[128,0],[224,17],[248,-79],[47,-76],[76,-19],[63,-95],[67,-14],[-17,-66],[58,-14],[-2,-47],[-52,-15],[-268,19],[-28,14],[-201,8],[-126,-24],[-143,-48],[-106,2],[-102,44],[-61,99],[4,94],[-170,25],[-22,81],[27,29],[-34,51]],[[22447,81048],[4,-20],[-111,-63],[44,-18],[19,-68],[-3,-106],[-17,-38],[-108,-16],[-33,-52],[-101,-43],[-137,22],[-108,-4],[89,-61],[-46,-60],[-88,-59],[-77,4],[-32,37],[-77,-12],[-48,97],[-50,49],[-71,108],[-46,4],[-110,96],[-51,63],[-78,9],[-73,63],[-55,-25],[-117,23],[-34,85],[-173,82],[-39,75],[73,115],[100,23],[94,-34],[-15,-25],[76,-40],[64,-85],[113,-11],[32,27],[87,-5],[34,67],[65,13],[-13,65],[-96,86],[22,68],[-126,-39],[-116,49],[-73,54],[89,68],[95,7],[-59,61],[56,45],[157,15],[80,44],[81,-51],[129,-54],[301,39],[141,38],[84,-16],[81,-62],[-10,-56],[-181,-69],[135,-19],[-35,-41],[-143,-44],[-139,-117],[184,-4],[109,-37],[-10,-43],[97,-100],[59,20],[69,-36],[36,-88]],[[21662,81741],[-39,34],[171,55],[156,32],[120,12],[-22,-72],[-90,-50],[-183,-23],[-113,12]],[[24064,81775],[26,-11],[-85,-102],[-178,-171],[-183,-253],[-84,-58],[-57,-11],[-274,42],[-201,-11],[97,-39],[88,-115],[-93,-73],[-74,-126],[-69,-19],[-109,-5],[-106,-25],[15,67],[-33,48],[21,133],[-48,72],[-75,46],[-20,51],[12,64],[-26,41],[37,75],[-5,113],[-23,37],[20,67],[-31,22],[75,66],[114,-51],[49,10],[-128,100],[18,59],[142,46],[93,15],[163,2],[132,21],[127,-23],[184,-74],[81,22],[220,-11],[188,-41]],[[22704,82108],[3,-48],[-139,43],[82,31],[54,-26]],[[20484,82411],[-62,-67],[-97,-23],[-127,25],[-54,28],[61,110],[74,44],[73,1],[83,-34],[49,-84]],[[23220,82284],[-5,-113],[-40,-32],[-300,-11],[-98,29],[-58,58],[-159,10],[-53,40],[-83,15],[-53,64],[36,65],[80,46],[35,59],[67,48],[136,51],[103,20],[136,-20],[240,-168],[16,-161]],[[22378,82530],[-103,-26],[-25,57],[171,48],[35,27],[101,-44],[-87,-48],[-92,-14]],[[20689,82694],[-122,-8],[76,78],[223,43],[-78,-97],[-99,-16]],[[22939,82800],[45,-107],[-91,-9],[-45,32],[-7,71],[98,13]],[[20770,82807],[-300,-52],[-10,45],[344,56],[-34,-49]],[[16689,82759],[-40,-78],[-182,-118],[-214,49],[212,160],[129,33],[129,68],[53,-18],[-87,-96]],[[27121,82872],[9,-38],[-76,-33],[-36,-52],[-118,3],[221,120]],[[20437,82827],[-149,22],[15,68],[425,51],[53,-79],[-82,-38],[-262,-24]],[[20280,83044],[-68,67],[168,34],[38,-46],[231,-81],[-84,-42],[-280,-3],[-5,71]],[[22151,82571],[-81,26],[-53,-26],[-52,-111],[96,-30],[20,-33],[-94,-72],[-192,-19],[-55,10],[-185,-16],[-184,19],[-18,74],[39,50],[-113,37],[28,45],[142,15],[-65,35],[155,34],[-32,30],[-107,5],[-329,-29],[-165,-30],[-191,-1],[24,66],[114,96],[180,27],[-85,81],[44,49],[-96,18],[18,96],[60,23],[107,-11],[87,-48],[-11,-40],[181,-80],[-7,66],[130,33],[-87,45],[-95,-4],[-78,49],[186,85],[113,-20],[70,9],[89,-79],[95,77],[106,6],[116,-51],[110,-24],[-33,-82],[77,-82],[-40,-102],[22,-44],[-88,-63],[127,-20],[0,-89]],[[21149,83101],[-23,32],[73,45],[92,12],[79,-23],[-221,-66]],[[24229,83176],[-49,-58],[9,-65],[-64,0],[-135,115],[10,38],[147,25],[82,-55]],[[20013,82648],[-27,-54],[-52,-19],[7,-86],[-63,-48],[15,-38],[-45,-63],[-202,-27],[-65,-39],[-136,10],[-47,19],[-196,-33],[-63,69],[-46,8],[-143,-62],[-61,-44],[-81,6],[-123,-37],[-176,-90],[-110,-23],[-66,-34],[-210,-44],[-157,-9],[-179,25],[-129,61],[-72,58],[55,37],[130,38],[69,3],[103,51],[84,21],[333,14],[142,82],[-354,-28],[-93,26],[-44,-31],[-276,-26],[-14,62],[41,78],[-70,14],[-106,-149],[-139,-49],[-63,16],[-57,50],[-83,-66],[-121,35],[-102,72],[-59,-31],[-199,39],[-44,46],[126,94],[312,2],[121,51],[-29,29],[-112,-34],[-291,-1],[-8,29],[92,77],[540,39],[4,22],[-361,-21],[-135,16],[0,78],[49,52],[97,21],[86,-9],[-9,89],[98,46],[284,23],[66,-15],[18,-75],[47,-65],[164,37],[96,4],[151,-51],[18,-69],[137,-40],[97,-69],[35,-49],[-13,-50],[36,-44],[205,23],[433,-41],[17,65],[-72,64],[-158,28],[-97,45],[166,53],[14,43],[-43,50],[-226,56],[-3,48],[104,44],[122,72],[16,46],[83,50],[117,18],[80,-63],[-64,-65],[20,-89],[73,-11],[70,-57],[-101,-92],[28,-24],[133,6],[56,-47],[162,-42],[118,86],[71,0],[156,-35],[66,-50],[32,-108]],[[17480,83190],[-1,24],[109,37],[158,8],[105,-62],[-101,-24],[-270,17]],[[26943,82308],[44,-58],[-228,-59],[22,-67],[-102,-30],[-208,-1],[-126,-51],[-117,25],[-187,21],[-56,78],[-54,37],[-43,-102],[-206,-35],[-112,8],[-176,-14],[-341,-12],[-279,-6],[-234,21],[-13,32],[41,97],[-180,-20],[-17,-56],[-77,-27],[-138,-10],[-202,56],[-52,58],[-90,-12],[35,-54],[-111,8],[-29,33],[-106,33],[-12,92],[-37,60],[-81,68],[11,78],[43,68],[80,45],[-46,75],[-3,71],[-119,63],[-5,49],[-129,125],[-124,-35],[-337,-15],[-49,32],[-213,33],[-76,50],[-9,42],[-96,56],[49,56],[-143,41],[-1,19],[142,48],[148,26],[156,-36],[183,-17],[106,-41],[110,16],[202,-145],[69,-17],[144,12],[41,22],[151,15],[115,-18],[118,-47],[33,-76],[309,-55],[-22,-58],[-289,-4],[-189,11],[-22,-18],[283,-48],[134,-82],[131,-53],[-15,-80],[41,-73],[94,-4],[-40,64],[86,24],[90,-90],[133,52],[103,17],[68,-10],[90,-60],[156,-30],[49,60],[191,20],[68,40],[203,29],[100,50],[106,-8],[116,-29],[203,52],[327,-33],[-46,-57],[72,-14],[138,13],[114,-38],[22,-31],[93,-27],[40,-39],[-35,-105],[-91,-42],[-127,-28],[66,-41],[112,37],[59,-20]],[[16278,82910],[-98,-53],[51,-28],[-99,-89],[-168,-6],[27,63],[-89,27],[7,66],[-79,2],[6,-75],[-127,-34],[-110,50],[-75,-9],[-80,-47],[-82,23],[64,82],[-99,20],[129,112],[222,15],[94,120],[76,9],[148,59],[74,95],[189,94],[26,48],[126,36],[172,-1],[88,15],[167,-52],[99,16],[-14,78],[136,44],[169,-66],[100,-56],[-141,-53],[-85,-8],[6,-77],[105,-34],[-56,-72],[40,-65],[-116,-58],[-118,-4],[-83,-24],[37,-85],[-112,-48],[-125,33],[-51,38],[22,138],[44,39],[-155,7],[10,-101],[-173,-23],[81,-45],[-1,-70],[-179,-46]],[[24233,83487],[-116,-76],[-223,52],[-74,50],[9,105],[77,20],[155,-15],[141,-71],[31,-65]],[[20281,83406],[-96,-41],[-132,47],[-78,49],[-62,81],[-38,151],[109,-24],[136,-92],[54,-57],[100,-57],[7,-57]],[[23270,83631],[-61,-78],[-88,-25],[-140,20],[-445,1],[-84,57],[18,55],[195,53],[71,-32],[79,22],[359,-5],[108,-29],[-12,-39]],[[20803,83679],[13,74],[202,1],[116,-25],[69,-40],[-161,-15],[-63,-26],[-176,31]],[[17788,83742],[-9,-49],[-155,-28],[-150,73],[-70,50],[118,38],[152,-17],[114,-67]],[[18884,83845],[-23,-51],[-144,-36],[-165,-15],[32,-51],[159,7],[19,-74],[-48,-64],[-173,-46],[-107,10],[-222,-53],[-97,22],[-35,42],[-161,37],[-33,140],[22,48],[260,55],[418,44],[273,-3],[25,-12]],[[18976,84037],[-21,-52],[-130,-29],[-137,-5],[-136,15],[-84,37],[-75,-58],[-93,-2],[-106,54],[-238,-52],[-74,31],[33,35],[286,75],[89,-4],[145,61],[228,48],[153,-51],[137,-65],[23,-38]],[[22289,83706],[-23,65],[-201,58],[23,28],[193,-8],[19,28],[-241,55],[-81,78],[-78,24],[1,160],[55,23],[188,-11],[243,-56],[72,-75],[154,-4],[156,-36],[78,-45],[-145,-59],[129,-68],[-46,-68],[-85,0],[-116,-35],[-221,-13],[-74,-41]],[[19956,84359],[42,83],[78,15],[385,31],[162,-36],[137,-107],[-15,-45],[273,48],[177,-75],[-59,-54],[81,-25],[103,25],[142,-43],[-19,-49],[135,-20],[-65,-145],[203,-113],[7,-94],[-44,-25],[-203,-30],[-180,41],[-59,75],[7,40],[-62,52],[-302,44],[-162,-7],[6,53],[-246,-29],[-77,-39],[-139,15],[-95,44],[-53,81],[101,29],[162,-31],[145,-7],[30,134],[-225,7],[98,47],[-59,51],[-102,-14],[-33,-47],[-121,-18],[95,92],[-74,21],[-120,-20],[-55,45]],[[21419,84805],[100,76],[243,-33],[45,-58],[15,-88],[-35,-41],[-139,25],[-77,70],[-130,-11],[-22,60]],[[22572,85132],[185,23],[-6,-43],[-179,20]],[[22366,84828],[162,14],[314,-13],[81,56],[-230,-16],[-247,68],[18,56],[141,20],[-88,34],[9,50],[443,17],[-86,58],[-216,37],[72,104],[289,41],[225,-6],[26,64],[-150,-4],[-166,28],[56,52],[293,-10],[230,-45],[110,-47],[32,-62],[151,-112],[117,-55],[19,-67],[216,-20],[136,4],[72,-35],[-54,-81],[59,-55],[117,-38],[123,-10],[-151,96],[64,75],[206,-14],[34,-116],[-121,-21],[24,-35],[187,1],[72,-94],[-59,-127],[236,11],[72,-40],[128,5],[46,-63],[127,-78],[-158,-65],[-267,-49],[-30,-47],[-186,-82],[-61,-69],[-86,11],[-50,-107],[-136,-23],[-59,-123],[-75,-2],[-81,79],[-117,29],[20,-86],[-166,55],[-5,-95],[-143,0],[-330,41],[-48,38],[-177,66],[19,35],[307,26],[-246,27],[-186,-2],[-125,79],[-123,100],[182,47],[43,47],[159,-5],[258,9],[-201,41],[13,69],[-245,-12],[-78,-40],[-162,45],[-153,-39],[-184,51],[-33,40],[42,42],[-250,144],[-21,98]],[[31898,85969],[-60,-67],[-254,-86],[-567,-149],[-265,4],[-134,-53],[-487,-17],[274,-47],[-373,-63],[69,-28],[550,88],[319,29],[-39,-80],[-190,-61],[-158,-20],[-183,-94],[-431,-140],[-229,-111],[-65,-70],[-78,-21],[-146,-83],[-144,9],[70,-72],[-176,-136],[-292,-63],[-185,23],[-39,50],[-312,43],[-165,-23],[391,-47],[69,-98],[-51,-25],[-191,-29],[-179,0],[-89,-39],[-263,32],[26,-45],[-261,3],[-128,-35],[380,-22],[396,-5],[-83,-34],[87,-41],[-169,-23],[-180,26],[-89,60],[-529,-12],[517,-28],[-275,-26],[370,-45],[9,-42],[261,-31],[-63,-148],[-300,-19],[13,-17],[260,-45],[-139,-88],[-263,28],[-58,-35],[169,-26],[164,-10],[-86,-73],[-89,27],[-174,-58],[-73,22],[-195,-3],[-147,-16],[120,-47],[-19,-42],[85,-66],[-148,-111],[-143,3],[-84,-46],[-137,15],[-88,-20],[-216,27],[-156,70],[-101,-21],[144,-55],[-174,-17],[61,-44],[139,43],[257,-38],[191,14],[107,-41],[2,-33],[-94,-83],[137,0],[208,49],[52,-77],[48,-23],[-14,-79],[-65,-14],[-35,-54],[-96,-34],[-73,59],[-63,-77],[-91,-63],[-55,10],[-146,-45],[-153,-32],[-115,28],[87,100],[-128,65],[-41,-33],[-143,6],[-93,-48],[-140,-5],[-239,21],[-96,61],[-49,-53],[-190,-13],[143,-56],[-213,-13],[-12,16],[-260,30],[-101,53],[-34,-67],[-100,17],[-144,-23],[-208,29],[12,48],[-217,-33],[-131,71],[64,61],[-32,84],[220,79],[114,61],[220,-13],[91,51],[-58,60],[-89,10],[10,66],[-146,77],[2,80],[265,52],[93,-8],[169,-48],[65,-40],[52,-104],[102,-52],[210,-8],[219,23],[-76,40],[-181,5],[-20,35],[-120,35],[25,69],[-127,76],[161,56],[30,90],[-144,-63],[-199,-28],[1,52],[-82,21],[-64,-44],[-193,4],[2,162],[87,48],[58,83],[89,47],[228,11],[137,43],[145,-23],[258,-16],[157,-57],[47,65],[157,-13],[168,18],[20,57],[-224,-47],[-116,28],[-189,-4],[-163,11],[-127,42],[113,76],[-42,110],[-105,37],[-38,65],[-81,31],[-302,37],[0,92],[-52,108],[55,83],[146,9],[155,-35],[185,5],[225,-14],[181,-88],[252,-102],[157,-134],[189,26],[-200,58],[-9,69],[55,23],[-191,32],[-208,113],[-58,45],[753,69],[81,27],[271,11],[69,33],[-317,-2],[154,43],[231,42],[274,26],[-131,36],[-228,-24],[-10,77],[280,136],[-94,10],[-258,-101],[-124,-137],[-430,-100],[-455,-44],[-104,80],[-136,20],[2,-90],[-160,-24],[-194,-3],[-267,16],[-170,34],[53,55],[311,172],[-193,-34],[-255,-129],[-57,-51],[-221,25],[-345,99],[31,37],[230,22],[213,-8],[247,12],[183,39],[130,52],[-92,26],[-174,-58],[-232,-27],[-127,5],[-527,-34],[-96,29],[-45,52],[99,38],[16,46],[182,34],[-72,38],[-225,-55],[-129,44],[246,65],[-206,41],[-87,-35],[-253,12],[65,51],[186,54],[207,29],[161,-18],[258,97],[183,23],[277,-26],[64,42],[-32,42],[315,12],[86,23],[-110,88],[560,-59],[342,-51],[218,-64],[420,-75],[42,29],[-287,39],[-477,138],[172,146],[395,-57],[-262,116],[27,19],[424,-32],[-123,49],[52,37],[220,18],[94,-48],[152,-3],[278,59],[335,31],[520,-25],[146,-38],[183,73],[102,15],[779,7],[55,-36],[506,-37],[331,-38],[-237,-62],[-317,-43],[264,-13],[427,92],[193,28],[102,-33],[350,-3],[-55,-54],[185,-62],[-28,-28],[399,-24],[132,-79]],[[26831,72934],[-33,19],[27,43],[68,20],[8,-28],[-70,-54]],[[28569,67700],[-12,-113],[-21,-20],[-47,12],[80,121]],[[29281,68360],[-5,-43],[-45,-42],[-15,22],[65,63]],[[32168,67741],[-84,-74],[-89,-39],[-7,14],[-69,7],[-33,-24],[-22,20],[-32,-17],[-33,72],[-23,165],[22,52],[46,49],[52,105],[61,173],[26,22],[45,95],[38,-16],[-8,-49],[48,-25],[-10,-119],[-43,-123],[22,-42],[-50,-78],[-23,-20],[-31,-76],[-39,-10],[-6,-48],[-32,-20],[14,-41],[27,27],[59,-19],[4,39],[80,92],[-82,-40],[-16,29],[43,35],[0,38],[73,106],[47,-41],[24,8],[54,-35],[14,-87],[-8,-33],[-59,-72]],[[31652,68076],[-43,-52],[-38,-7],[-35,-64],[-37,11],[13,-91],[-5,-42],[-62,-4],[-42,39],[-17,68],[-30,16],[-34,-33],[-105,40],[-83,99],[-53,-4],[7,64],[-33,46],[-41,-4],[-9,27],[50,110],[48,59],[20,-63],[-31,-57],[69,-84],[-12,-45],[40,-39],[5,57],[20,5],[82,-34],[37,-34],[64,-4],[118,26],[89,6],[48,-12]],[[31031,69736],[-28,9],[-7,50],[85,20],[51,-27],[152,-33],[111,-44],[19,-22],[96,-46],[40,-57],[48,-38],[87,-30],[59,-101],[-40,-41],[-19,7],[-98,-8],[-70,36],[-47,5],[-110,42],[-50,41],[-82,37],[-15,62],[-76,80],[-106,58]],[[26987,70880],[20,-25],[-25,-48],[-56,1],[-9,24],[70,48]],[[26621,71297],[24,-89],[-31,-9],[-65,14],[-69,46],[-49,9],[-130,56],[-30,24],[49,79],[123,24],[81,-13],[65,-85],[32,-56]],[[27158,72917],[-22,40],[4,55],[43,32],[-5,-112],[-20,-15]],[[26947,72855],[-11,34],[-76,-134],[-42,29],[77,130],[50,52],[38,-16],[47,159],[28,-4],[24,-89],[-16,-66],[-24,-10],[-44,-118],[-31,-49],[-47,9],[27,73]],[[23540,52154],[-16,34],[-106,192],[-34,68],[1,18],[-43,47],[-66,118],[-114,168],[-78,85],[13,39],[-39,19],[-23,47],[-26,-8],[-37,41],[-21,-50],[-70,5],[31,43],[-18,40],[-29,-34],[-24,67],[-57,-80],[45,-28],[-91,-27],[-54,-91],[-37,-9],[-24,-23],[-79,-42],[-75,-72],[-52,6],[-33,-18],[-34,25],[-44,12],[-47,37],[-38,48],[-28,16],[-71,16],[-65,6],[-84,92],[-10,22],[-86,35],[-33,23],[-56,115],[-21,-13],[-139,69],[-62,8],[-37,24],[-67,89],[-273,171],[-46,80],[-74,57],[-11,43],[-39,27],[-45,111],[-61,50],[-41,-37],[-26,23],[-83,43],[-39,9],[-76,60],[-23,3],[-67,37],[-37,33],[-20,79],[-36,55],[2,26],[-75,110],[-54,48],[-40,26],[-6,45],[-26,-4],[-50,27],[-26,35],[-20,0],[-56,69],[-14,40],[-5,57],[-44,52],[-73,182],[-8,85],[-27,56],[-12,47],[33,40],[66,13],[26,61],[-34,63],[-41,4],[54,130],[21,15],[5,71],[-8,69],[16,50],[-62,79],[-58,177],[-7,46],[1,104],[-21,124],[-18,67],[-38,71],[-24,24],[-51,111],[-56,89],[-25,88],[-24,31],[-37,75],[-11,7],[-30,106],[-36,67],[-91,113],[-45,70],[18,27],[-11,55],[-28,-26],[-31,24],[-22,44],[-47,26],[-11,69],[-32,48],[-8,52],[21,20],[0,45],[-30,28],[-31,-6],[-31,54],[-28,19],[-27,43],[-20,6],[-17,65],[-25,-23],[-62,23],[-14,56],[-73,73],[2,114],[45,78],[11,78],[-8,81],[-46,87],[-33,28],[-39,-25],[-20,14],[-23,47],[-15,76],[-1,54],[-18,27],[-29,-6],[-53,23],[-31,48],[-26,74],[-15,-5],[-19,112],[11,114],[-23,31],[-36,14],[-15,-25],[-37,43],[-16,-13],[-51,57],[-51,128],[-9,36],[-63,40],[-14,62],[-43,68],[7,30],[-69,91],[-30,183],[-25,-6],[-17,29],[11,55],[-34,65],[-48,145],[-18,8],[0,131],[-26,51],[-6,70],[-31,52],[-25,69],[-13,70],[8,84],[12,25],[1,63],[-18,31],[-116,38],[-16,29],[-13,72],[-58,50],[-41,-53],[-35,2],[-90,91],[-25,41],[-43,25],[-22,-10],[13,-67],[-19,-64],[0,-69],[-10,-113],[15,-78],[30,-32],[9,-98],[-3,-54],[13,-41],[5,-65],[-8,-120],[34,-108],[29,-30],[9,-62],[33,-6],[60,-87],[74,-94],[39,-78],[-9,-17],[48,-136],[27,-23],[6,-49],[26,20],[17,-48],[25,-120],[27,-24],[27,10],[14,-47],[-6,-49],[21,-47],[-2,-86],[7,-76],[19,-55],[28,-50],[61,-45],[23,-99],[35,-102],[39,-22],[11,-25],[-13,-44],[39,-75],[-9,-47],[46,-97],[16,21],[-32,54],[-15,95],[9,8],[45,-75],[24,-25],[-3,-60],[34,-29],[-5,-59],[18,-35],[-1,-38],[22,-90],[-12,-54],[15,-92],[22,-28],[9,-54],[44,-78],[33,-158],[39,-65],[27,-102],[-18,-63],[-4,-63],[14,-45],[1,-52],[32,-74],[43,-18],[28,20],[-9,56],[27,7],[16,-45],[41,-42],[9,-61],[42,8],[-3,-55],[38,-77],[5,-75],[55,-43],[13,-51],[0,-81],[-28,-94],[-49,-38],[-5,-22],[-44,-57],[-15,-1],[-39,73],[-19,151],[-37,110],[-26,34],[-47,36],[-124,211],[-50,56],[-58,54],[-47,74],[-16,56],[-36,-40],[-10,74],[-31,62],[-33,-2],[-4,83],[-10,73],[17,86],[4,183],[-4,44],[-32,140],[-26,27],[-13,65],[-27,41],[-15,-13],[-62,67],[-89,115],[1,25],[-23,54],[-18,17],[-20,-21],[-21,22],[-38,-1],[-10,-37],[-25,4],[-24,37],[-24,74],[-39,25],[-12,-11],[-29,64],[-48,21],[-52,45],[-6,84],[-24,36],[-37,22],[-41,86],[-30,11],[-14,53],[35,7],[85,-31],[28,0],[47,50],[12,-69],[35,-33],[53,-7],[-11,47],[-30,-21],[-18,59],[36,100],[-20,46],[15,43],[-18,25],[22,101],[-33,94],[-29,6],[-35,101],[-34,32],[-27,84],[-24,12],[-67,130],[-58,25],[-27,51],[-57,40],[-53,72],[-8,90],[-23,16],[8,62],[-15,127],[-25,27],[-19,-21],[-12,60],[4,74],[-9,93],[-29,23],[-20,48],[-23,0],[7,96],[-9,36],[-50,110],[-39,56],[15,109],[0,43],[-37,26],[-23,38],[-29,130],[-20,15],[-25,89],[-2,38]],[[22227,57851],[-7,-121],[-41,-167],[-38,-105],[-51,-331],[-18,-253],[-1,-134],[-13,-239],[7,-144],[-14,-82],[-25,-91],[31,-185],[3,-79],[41,-130],[27,-56],[52,-81],[-9,-71],[-22,-38],[-11,48],[26,33],[-1,25],[-29,41],[-37,79],[-22,16],[13,-95],[22,-68],[23,-10],[-2,-40],[43,-172],[38,-122],[12,-82],[31,-66],[96,-178],[59,-144],[14,-63],[12,-103],[22,-110],[33,-45],[31,-80],[17,-3],[33,-171],[34,21],[62,-25],[77,0],[42,-48],[13,-28],[53,-16],[24,-74],[24,-45],[12,-47],[31,-23],[70,22],[140,83],[24,-5],[4,36],[36,12],[136,2],[22,10],[47,79],[74,24],[93,15],[30,-5],[-12,-76],[30,-1],[14,-30],[76,-14],[11,31],[46,31],[18,81],[-27,18],[-18,54],[73,68],[60,73],[55,106],[6,156],[12,47],[50,70],[-5,72],[6,170],[-4,63],[11,104],[24,129],[70,81],[84,60],[177,40],[113,47],[26,38],[43,20],[44,-9],[41,30],[45,-8],[92,-40],[39,-27],[63,-12],[29,39],[-1,49],[37,-26],[19,-60],[26,-6],[4,-114],[19,-21],[-22,-72],[-14,-82],[-51,-118],[-45,-63],[-56,-150],[-7,-61],[0,-92],[-35,-57],[-8,-31],[-28,-12],[1,-42],[17,-24],[65,3],[-2,-33],[-25,-43],[-35,-16],[-9,-66],[14,-10],[19,48],[19,5],[-14,-97],[-16,-56],[-15,-127],[-16,-42],[-13,-137],[-20,-72],[-24,90],[-38,28],[20,95],[-9,92],[-18,-36],[-48,-155],[-6,-5]],[[24597,54117],[-49,2],[-35,-125],[-21,-28],[-11,-63],[-38,-82],[-46,55],[-22,-14],[-8,-78]],[[18524,54276],[-9,-42],[-24,26],[18,50],[15,-34]],[[18307,57093],[12,-64],[-71,100],[29,1],[30,-37]],[[18587,57416],[31,-30],[-16,-44],[-15,74]],[[17384,59036],[10,-85],[-13,-67],[-35,44],[26,54],[12,54]],[[18167,59249],[-29,2],[-54,51],[26,48],[-3,52],[16,63],[42,12],[3,-44],[20,-58],[-21,-126]],[[17935,59397],[-24,-3],[-96,175],[10,61],[20,0],[34,-74],[-6,-37],[51,-10],[2,-80],[9,-32]],[[25014,55170],[-13,-57],[-34,-82],[-25,9],[3,52],[19,56],[50,22]],[[24597,54117],[-21,-48],[51,-22],[23,16],[4,-127],[-31,-118],[-2,-54],[-18,-97],[14,-41],[-15,-79],[-4,-80],[23,-105],[-18,-38],[-6,-119],[-24,-51],[-14,-78],[-24,-60],[-55,-22],[-1,-38],[-49,-85],[4,-45]],[[26134,49675],[60,-87],[-10,-58],[10,-40],[26,-12],[2,-84],[28,-12],[10,-27],[54,18],[30,-20],[8,66],[60,-125],[63,-16],[58,14],[71,41],[26,53],[24,27],[61,45],[31,5],[52,35],[27,49],[24,-6],[59,93],[7,44],[30,23],[96,-45],[37,-4],[-1,-36],[42,-18],[33,12],[92,-21],[61,-57],[50,-32],[36,-74],[8,16],[31,-73],[6,-36],[39,-49],[27,-62],[27,-2]],[[27389,48507],[-32,52],[2,22],[-36,57],[-26,76],[-24,96],[-18,37],[-9,80],[38,1],[14,37],[-19,50],[33,22],[7,48],[-39,30],[-39,-32],[-12,41],[-3,81],[-29,17],[-39,80],[-19,-8],[-12,39],[-35,34],[-46,25],[-57,4],[-25,-10],[-32,-53],[-28,-14],[-14,-34],[-5,-108],[-24,-13],[-28,-54],[-69,-72],[-41,5],[-24,-45],[3,-92],[29,-23],[13,-53],[42,-65],[25,-58],[15,-66],[-6,-24],[-32,-16],[-30,3],[-29,-24],[-6,-35],[-26,-29],[-64,-19],[-42,-2],[-20,172],[-20,47],[-17,72],[-27,14],[-3,-92],[-89,36],[-13,25],[2,44],[-15,20],[4,48],[-16,11],[-11,61],[-107,52],[-23,-16],[-23,70],[-32,-27],[-30,-6],[-40,23],[-40,-13],[-18,-38],[7,-76],[-13,-16]],[[26378,48588],[-22,-25],[-25,41],[3,73],[24,34],[9,-45],[-3,-51],[14,-27]],[[27122,49117],[15,-58],[-6,-23],[-30,4],[-1,70],[22,7]],[[29151,50809],[-13,-46],[-35,-24],[-45,-13],[-77,-46],[6,-105],[22,-82],[23,-55],[1,-46],[14,-28],[6,-60],[31,-58],[-9,-42],[-5,-92],[-40,-56],[-32,-101],[-23,-25],[-16,-79],[-22,-52],[34,-85],[8,-78],[64,-72],[-8,-117],[20,-29],[46,-6],[65,42],[32,77],[26,37],[-9,96],[13,103],[-8,48],[-37,61],[-16,86],[-26,34],[-29,100],[2,40],[-16,22],[-2,103],[23,22],[7,53],[-10,36],[44,6],[32,24],[82,81],[49,26],[46,2],[61,52],[29,10],[35,72],[28,-1],[35,-47],[18,28],[-12,82],[-15,24],[-91,-46],[-5,66],[-24,69],[24,120],[50,43],[25,-20],[24,-72],[8,-105],[29,-132],[20,-36],[33,21],[33,-8],[29,21],[56,-41],[53,0],[56,-53],[46,-70],[18,-14],[41,-138],[-18,-48],[24,-114],[30,-45],[50,-10],[103,30],[104,14],[43,28],[126,11],[56,-11],[22,18],[34,-23],[1,-52],[67,-94],[78,-62],[32,-18],[78,-26],[23,-24],[32,24],[40,-6],[18,11],[31,71],[38,-4],[41,75],[52,44],[31,-17],[56,1],[37,16],[-44,38],[-32,13],[-51,-4],[-25,-26],[-7,64],[38,-15],[16,14],[42,-8],[43,17],[60,-17],[18,18],[60,9],[19,23],[72,-15],[49,29],[152,-37],[46,24],[5,-41],[-34,-10],[-40,3],[-26,-54],[-87,19],[-53,-18],[7,-62],[26,-14],[16,-43],[42,-54],[29,-130],[32,-95],[13,55],[-4,47],[16,41],[46,-31],[40,-67],[23,3],[53,-24],[3,45],[39,-27],[27,-53],[56,-69],[20,4],[22,-40],[29,-22],[21,-59],[-10,-33],[-26,-17],[-17,-35],[-6,-60],[-25,-44],[-8,-72],[-14,-40],[-8,-63],[-84,-6],[24,-59],[23,0],[17,-41],[28,48],[50,10],[3,29],[78,17],[23,-27],[39,-8],[24,50],[47,-6],[47,-32]],[[31917,49193],[-7,-46],[-61,-2],[11,28],[22,-13],[13,29],[22,4]],[[31943,49401],[18,-29],[-22,-43],[-22,-2],[26,74]],[[31158,50452],[14,-67],[-28,-58],[-39,-8],[-35,50],[-14,-14],[-49,14],[10,47],[46,13],[5,-27],[36,-22],[16,59],[25,30],[13,-17]],[[31990,49247],[34,-41],[-51,-2],[17,43]],[[31934,49301],[25,21],[33,-1],[14,-39],[-23,-24],[-20,-52],[-67,-2],[-19,33],[28,49],[29,15]],[[86101,43600],[18,5],[62,-26],[17,-29],[64,-46],[60,-53],[28,-34],[26,6],[48,-62],[57,-32],[29,-26],[142,-80],[26,4],[94,-36],[38,-62],[53,-38],[35,-51],[13,-35],[56,-22],[40,20],[43,-10],[10,-75],[48,-29],[37,-37],[49,-121],[35,-24],[44,0],[92,-188],[33,-47],[-7,-53],[7,-49],[-7,-86],[-16,-92],[9,-27],[53,1],[88,-54],[47,-8],[53,-75],[42,-44],[32,-2],[29,-48],[54,-14],[12,17],[43,-15],[47,-72],[28,-83],[27,-31],[11,-70],[-4,-108],[-21,-13],[-156,-10],[-17,13],[-41,-14],[-10,-48],[4,-59],[27,-50],[3,-46],[20,-33],[5,-89],[19,-48],[33,-14],[61,-94],[7,-56],[20,3],[12,-61],[40,-2],[24,-25],[9,-34],[31,0],[26,-125],[7,-132],[53,-48],[14,-40],[2,-68],[17,-75],[17,-25],[37,-10],[35,26],[48,8],[47,19],[20,-13],[-3,-47],[-34,-125],[12,-59],[29,-15],[33,-39],[44,-13],[29,11],[43,-20],[33,-2],[12,-36],[-26,-20],[-62,-27],[-1,-19],[57,-107],[51,-21],[18,4],[28,-42],[42,-9],[35,-23],[8,-50],[-58,22],[-14,-32],[80,-56],[12,-40],[-74,-62],[-26,9],[-29,-19],[-15,27],[-23,4],[-16,38],[-4,63],[-14,-2],[-52,51],[-77,-7],[-25,38],[-11,-17],[-46,33],[-24,5],[-24,-21],[-28,19],[-36,4],[-54,29],[-36,-14],[-46,47],[-57,-9],[-11,-21],[-26,57],[-32,-4],[-38,35],[-27,55],[-7,56],[-49,114],[-20,0],[-49,39],[-23,90],[-14,10],[0,68],[-37,33],[-40,17],[-19,41],[5,59],[-38,106],[-19,25],[-23,62],[-15,88],[-28,30],[-4,49],[-28,26],[-31,4],[-44,40],[-28,14],[-40,-6],[-38,41],[-119,40],[-4,38],[-25,13],[-19,32],[-19,-20],[-20,25],[-33,-3],[-21,-37],[-30,-20],[-7,-35],[-78,51],[-23,-13],[5,-44],[27,-82],[-16,-27],[-35,-7],[-32,30],[-27,-25],[21,-77],[-9,-28],[-69,-3],[-95,-44],[-38,24],[-19,-21],[35,-41],[62,-37],[35,-53],[37,-95],[2,-90],[-25,-30],[-38,-10],[-32,-25],[-30,-43],[-77,-75],[-21,3],[-30,42],[-64,39],[-96,-29],[-23,10],[-39,-16],[-34,8],[-24,33],[-29,-1],[-21,-30],[-32,-3],[-37,56]],[[89531,39118],[-42,-14],[-46,17],[-12,37],[-32,26],[-4,50],[42,-28],[36,-38],[40,-18],[18,-32]],[[89670,39236],[6,-19],[-56,-21],[-1,54],[34,5],[17,-19]],[[88837,39931],[33,-6],[-23,-109],[-15,20],[-53,20],[-21,101],[10,36],[31,-77],[25,-28],[13,43]],[[88736,40082],[-38,-3],[-29,18],[-33,102],[21,40],[45,-50],[23,19],[35,-61],[11,-65],[-24,-22],[-11,22]],[[88621,40222],[-9,-49],[-44,17],[-17,38],[9,56],[19,21],[32,-38],[10,-45]],[[89325,40337],[-27,-54],[-22,-2],[-57,92],[0,40],[52,-7],[54,-69]],[[88820,40523],[-18,18],[21,75],[-33,32],[12,37],[25,-73],[-7,-89]],[[86807,40588],[-1,-25],[-52,46],[-37,64],[54,-29],[36,-56]],[[86746,40694],[-2,27],[54,-1],[10,-44],[-22,-12],[-40,30]],[[87998,42101],[5,-71],[-11,-47],[-35,36],[-34,79],[4,58],[71,-55]],[[90113,41585],[-15,-81],[-16,10],[-27,-45],[-52,17],[-43,46],[-47,96],[10,26],[3,69],[-14,36],[-55,49],[-5,31],[-55,91],[-2,57],[-13,33],[19,104],[-10,66],[44,-59],[46,-3],[33,-107],[4,-44],[20,-15],[33,-61],[13,-65],[70,-71],[27,-43],[28,-76],[4,-61]],[[87773,42268],[5,-69],[-27,-17],[-31,54],[2,45],[31,27],[20,-40]],[[89790,42298],[-11,-108],[-15,-16],[-15,84],[2,75],[-11,19],[22,44],[15,-16],[13,-82]],[[87448,42635],[13,-25],[0,-58],[-29,-30],[-17,37],[9,48],[24,28]],[[89170,42730],[-14,-64],[12,-105],[-6,-54],[-26,-72],[-41,-32],[-39,14],[-6,-16],[5,-80],[36,-63],[7,-39],[-13,-43],[-35,-39],[-49,-26],[-13,26],[-70,2],[-9,-20],[6,-58],[-30,-74],[-39,-54],[-88,-56],[-23,-33],[-56,-29],[-33,-48],[-51,-10],[-59,19],[-38,-19],[-76,-2],[-44,98],[-43,22],[-44,-43],[-34,58],[-43,24],[-22,53],[-40,33],[-19,-15],[-44,31],[-17,65],[5,56],[23,44],[34,-47],[26,29],[48,-26],[39,34],[60,-50],[7,-17],[44,6],[60,37],[28,-28],[22,31],[19,-10],[29,45],[-17,44],[26,51],[6,106],[33,7],[6,-41],[-32,-39],[-1,-81],[23,-95],[44,-14],[31,52],[46,-15],[11,-35],[22,12],[25,45],[17,-25],[40,51],[3,66],[13,47],[46,86],[36,39],[60,-26],[13,16],[9,57],[-7,87],[-16,97],[-15,27],[-12,84],[9,26],[50,-21],[24,2],[17,-45],[23,-13],[46,63],[11,-46],[23,-17],[41,-7]],[[89062,43497],[-26,-19],[-1,70],[26,-20],[1,-31]],[[89363,42767],[0,-53],[-22,-38],[5,-74],[-25,-79],[-29,-15],[-37,70],[-17,99],[9,80],[-4,63],[-46,154],[-12,11],[-30,70],[-20,62],[-31,39],[-50,16],[-47,49],[-53,97],[-37,24],[-12,32],[-91,110],[-79,52],[26,27],[35,-12],[40,-43],[12,-42],[59,-20],[67,-79],[38,-61],[60,-28],[44,-105],[40,-43],[16,-57],[18,7],[22,-87],[55,-40],[25,-47],[23,-3],[29,-96],[19,-40]],[[88646,43634],[-3,-63],[-24,-12],[-47,2],[-52,106],[20,25],[37,21],[65,-55],[4,-24]],[[87833,43908],[-1,-39],[-40,-10],[-17,-51],[-23,11],[-47,-17],[-41,13],[-42,0],[-29,-17],[-5,32],[26,16],[-10,44],[20,27],[34,-8],[24,17],[64,-8],[84,-41],[3,31]],[[88451,44162],[13,-43],[-32,-8],[-34,56],[9,53],[15,0],[29,-58]],[[57643,59609],[-41,-93],[-2,-53],[-14,-46],[-11,-167],[-61,-231],[13,-70],[-7,-92],[-51,-94],[-43,3],[-24,43],[-61,68],[-53,137],[-35,34],[-55,101],[-9,53],[9,44],[-13,28],[-9,106],[-51,85],[-19,21],[-18,85],[-21,21],[-16,72],[3,66],[-34,119],[-26,-28],[6,-31],[-26,-59],[-15,-67],[13,-38],[55,-87],[18,-130],[-9,-58],[15,-46],[38,-67],[12,-84],[36,-44],[34,-101],[56,-101],[47,-63],[17,-54],[-14,-49],[-1,-58],[10,-50],[20,-20],[16,-77],[36,-41],[3,-69],[45,-136],[-16,-15],[-1,-82],[20,-21],[87,-304],[56,-138],[23,-78],[13,-70],[82,-262],[66,-251],[42,-59],[28,-87],[30,-45],[30,-12],[-9,-41],[-46,33],[-10,-90],[9,-21],[-6,-129],[14,-44],[9,-98],[13,-36],[20,-104],[51,-98],[26,-21],[57,-21],[21,-29],[10,-51],[31,-32],[3,-35],[33,-30],[41,-63],[11,4],[38,-56],[-4,-35]],[[57427,55870],[-242,0]],[[55031,60689],[11,-62],[56,-14],[114,56],[38,1],[106,-48],[105,-22],[30,-20],[27,6],[41,-29],[54,-5],[17,-56],[25,-27],[49,-17],[55,26],[9,-59],[69,-10],[44,-17],[23,13],[111,-67],[3,-18],[53,-44],[51,5],[77,59],[90,99],[54,83],[33,-52],[28,20],[25,126],[35,-25],[67,-27],[15,21],[30,-12],[34,48],[49,30],[82,-65],[19,-2],[65,40],[4,-51],[-17,-40],[39,-77],[25,1],[8,-55],[51,13],[14,87],[56,-87],[60,-34],[40,28],[23,-4],[35,52],[24,-64],[84,33],[39,-6],[56,24],[52,32],[41,43]],[[62526,53200],[-28,-8],[-36,-35],[-68,-40],[-48,-53],[-34,-53],[-20,-58],[-17,-82],[19,-68],[1,-115],[-49,-23],[-98,-83],[-7,-36],[-28,-5],[-49,-46],[-80,-40],[-139,-51],[-100,-102],[-37,-12],[-27,10],[-97,-51],[-134,-115],[-20,-91],[-32,-37],[-9,-41],[-46,-62],[-31,1],[-31,-17],[-30,3],[-40,-24],[-13,31],[-33,13],[-40,-48],[-54,-37],[-72,-116],[-62,-34],[-69,-26],[-56,-52],[-104,-8],[-21,11],[-33,-15],[-46,-3],[-74,-29],[-46,-73],[-24,-62],[-56,-29],[-46,-86],[-21,-3],[-21,-51],[-47,35],[-40,-3],[-29,-51],[-65,-37],[-66,-11],[-10,24],[-62,44],[-24,8],[-34,-28],[3,76],[-26,88],[-34,95],[1,156],[8,27],[-1,71],[-12,77],[-19,38],[-18,65],[-6,56],[-22,126],[10,45],[-23,125],[-2,80],[-13,29],[-6,64],[-52,52],[7,36],[28,-33],[-7,122],[-15,40],[-6,73],[33,79],[6,88],[-14,159]],[[62896,51155],[-7,-30],[-53,-25],[-28,-41],[-46,-5],[-52,-18],[-55,15],[-18,40],[-46,50],[15,22],[2,48],[28,28],[41,-4],[29,-42],[66,13],[30,27],[94,-78]],[[43847,52784],[4,84],[-3,144],[19,113],[2,75],[32,149],[17,49],[28,111],[33,202],[7,146],[-12,261],[-17,72],[-19,177],[-21,74],[-23,45],[-29,25],[3,55],[28,17],[20,57],[-27,22],[41,110],[-17,64],[22,55],[-13,51],[17,40],[-26,57],[-25,120],[-24,52],[-20,-49],[-30,47],[-21,99],[-50,141],[-23,-60],[3,-49],[-14,-83]],[[50914,45395],[-13,54],[-21,0],[-25,-31],[-20,47],[-28,-16],[-12,21],[13,68],[42,109],[14,84],[25,46],[24,69],[-9,92],[9,128]],[[50678,46768],[9,-53],[-26,-66],[-23,-97],[-21,-54],[-66,32],[-7,33],[14,62],[23,-3],[16,49],[2,46],[20,57],[59,-6]],[[43790,51415],[-8,12],[-3,73],[-9,51],[40,79],[17,-9],[7,-70],[12,-24],[34,-17],[43,35],[-70,17],[-11,113]],[[78926,56150],[29,-55],[-16,-28],[0,-60],[-26,12],[-19,36],[-52,5],[22,56],[23,20]],[[57319,62374],[-54,12],[0,19],[-21,51],[-23,-18],[-33,14],[-26,-10],[-64,-45],[-39,51]],[[57059,62448],[42,-12],[17,38],[-3,82],[136,-34],[63,15],[100,56],[40,41],[105,44],[-117,-113],[-21,-46],[-24,-1],[-19,-79],[30,-50]],[[57408,62389],[-28,3]],[[57408,62389],[3,-3]],[[57054,62449],[5,-1]],[[57025,62443],[5,4],[10,4],[5,0]],[[57141,62175],[-69,9]],[[34408,3960],[259,51],[55,-17],[585,52],[254,-14],[101,-38],[208,42],[61,-87],[-10,-70],[-161,-90],[46,-49],[125,-26],[143,14],[264,73],[141,-5],[231,138],[-11,107],[323,140],[59,104],[173,92],[194,28],[150,63],[290,86],[304,-62],[68,-37],[148,47],[211,27],[83,67],[136,46],[-38,40],[505,0],[387,89],[409,-21],[-207,90],[363,7],[44,54],[920,27],[37,15],[520,8],[50,33],[312,13],[37,28],[-260,48],[-266,24],[-532,33],[-531,32],[-532,32],[6,13],[298,141],[-243,31],[136,53],[-96,37],[-84,-19],[-592,-84],[-375,53],[-11,30],[-535,112],[-51,120],[49,110],[66,90],[116,30],[72,153],[174,-5],[-13,112],[105,82],[93,23],[68,54],[161,29],[45,32],[121,31],[157,-12],[59,87],[269,63],[145,107],[133,29],[32,40],[182,72],[408,90],[95,1],[278,118],[435,77],[30,12],[254,9],[259,46],[61,-30],[106,17],[136,-17],[207,116],[170,-38],[141,0],[158,33],[39,34],[-98,82],[88,52],[2,46],[109,57],[36,58],[52,23],[-44,70],[92,26],[3,91],[42,33],[230,14],[180,-35],[47,-26],[149,35],[-28,69],[51,45],[76,25],[125,112],[-90,34],[-265,-80],[-132,5],[-5,53],[71,41],[-151,19],[-29,40],[16,82],[28,27],[124,55],[-1,55],[118,58],[176,17],[100,-38],[111,-7],[54,73],[-88,79],[1,58],[152,-39],[36,-27],[91,20],[86,75],[108,47],[241,58],[54,24],[29,147],[58,26],[22,153],[-155,-6],[-173,65],[-56,114],[47,46],[88,21],[72,-78],[64,-3],[80,-63],[63,-17],[64,28],[-34,69],[35,46],[133,58],[2,58],[-89,23],[8,29],[87,24],[34,-16],[1,-59],[131,-18],[93,-43],[32,-46],[-38,-69],[74,-3],[64,-139],[50,-15],[35,52],[129,-23],[59,39],[-48,39],[3,44],[52,46],[1,92],[-88,90],[-18,49],[28,23],[154,17],[178,-66],[18,55],[63,53],[81,14],[91,-26],[29,-55],[-45,-98],[-76,-35],[-15,-61],[-55,-40],[35,-27],[256,17],[160,-7],[57,11],[57,-23],[124,-9],[1,-35],[99,16],[1,50],[92,-18],[28,47],[64,-10],[44,-41],[67,-9],[28,-47],[106,33],[66,-22],[49,28],[-1,42],[46,32],[87,-61],[-37,-123],[130,-65],[188,202],[188,85],[139,30],[133,64],[153,45],[149,3],[134,21],[63,25],[112,9],[209,71],[156,-4],[261,36],[59,-11],[89,26],[122,12],[24,25],[-58,68],[-4,66],[110,21],[22,-16],[-21,-72],[25,-66],[137,-5],[92,32],[14,32],[89,23],[-75,46],[51,63],[87,-8],[97,-122],[57,-52],[200,-92],[169,-49],[134,-23],[61,54],[2,64],[63,87],[111,26],[76,39],[-21,38],[-123,19],[-10,28],[140,12],[38,-22],[49,-78],[149,-50],[63,1],[115,31],[275,-27],[78,-20],[36,94],[150,31],[36,-30],[-15,-93],[73,-33],[236,-27],[92,-24],[109,19],[-49,89],[125,43],[43,34],[56,-16],[39,-82],[-75,-115],[-23,-69],[96,-89],[74,-16],[45,27],[102,-19],[78,4],[214,55],[2,118],[68,79],[40,72],[51,18],[208,-151],[-67,-110],[106,-5],[59,-28],[102,8],[86,129],[29,74],[96,-3],[80,-62],[13,-40],[-37,-63],[63,-53],[111,-49],[79,-18],[122,-5],[103,-26],[92,5],[129,54],[73,14],[116,77],[221,24],[86,50],[67,11],[114,88],[81,15],[24,27],[161,22],[80,-3],[53,29],[92,-11],[152,45],[194,47],[76,53],[-4,81],[37,56],[7,76],[-20,88],[-60,50],[-46,62],[-9,94],[17,37],[74,52],[102,41],[267,-4],[42,-64],[-75,-23],[-85,-101],[40,-34],[118,-5],[60,33],[68,-38],[97,-76],[-26,-82],[27,-60],[-34,-45],[45,-33],[124,35],[106,10],[174,4],[60,-76],[71,-21],[11,52],[70,21],[133,-16],[56,-39],[-29,-43],[154,-153],[98,8],[-70,59],[-4,33],[105,48],[-15,64],[19,29],[77,10],[58,49],[36,97],[-9,106],[-28,56],[40,119],[109,14],[56,38],[112,8],[34,56],[142,62],[117,33],[149,14],[3,66],[83,71],[147,35],[99,-6],[61,39],[222,1],[-57,53],[27,38],[68,26],[43,-8],[69,26],[53,-25],[70,44],[99,2],[24,47],[-19,55],[12,57],[54,29],[110,6],[36,-44],[111,-28],[-139,-49],[109,-30],[-17,-42],[242,-4],[60,-50],[-59,-65],[16,-58],[41,-9],[62,72],[28,99],[-32,40],[8,74],[146,38],[42,44],[5,53],[-81,15],[-84,-34],[-76,19],[-24,83],[61,39],[127,26],[72,1],[-5,-81],[129,9],[27,-39],[83,-7],[103,-48],[92,48],[-120,35],[-14,43],[50,101],[-88,-4],[-26,91],[35,96],[58,45],[219,41],[33,50],[79,42],[121,32],[168,6],[238,58],[74,-22],[62,6],[252,-27],[115,-48],[206,-212],[37,32],[78,-9],[107,-62],[19,-25],[-9,-69],[-61,-5],[-139,22],[-78,49],[-52,-37],[93,-31],[9,-55],[61,-8],[-5,-47],[-106,-70],[-94,-43],[80,-13],[15,-70],[93,113],[110,32],[83,-20],[77,46],[71,-20],[83,-59],[196,-7],[47,-35],[-15,-37],[-52,-15],[126,-72],[105,-13],[6,58],[112,-5],[37,11],[103,-9],[63,-35],[84,-17],[29,-44],[90,27],[136,-12],[134,-49],[42,9],[91,54],[145,16],[207,-44],[80,-31],[537,-69],[109,16],[56,-26],[196,-18],[82,-24],[108,5],[88,20],[33,43],[87,10],[35,-62],[-22,-77],[9,-52],[48,-81],[81,-104],[-60,-44],[-62,1],[-11,-78],[-91,-48],[28,-27],[127,7],[-53,-56],[-96,-32],[22,-27],[91,-34],[-5,-78],[-97,2],[-35,-22],[-65,29],[-62,-40],[42,-33],[-44,-48],[84,-3],[83,-30],[-49,-84],[-5,-45],[-70,-59],[-77,-16],[-90,96],[-97,-45],[-12,-39],[-70,-6],[-37,-97],[-63,-48],[115,-9],[112,-65],[83,26],[54,-33],[43,66],[107,13],[27,-49],[-9,-132],[-50,-92],[-5,-43],[-53,-68],[-60,-35],[22,-27],[-89,-27],[-68,-54],[-68,-86],[14,-64],[-116,-115],[15,-48],[-47,-68],[-6,-106],[-26,-49],[-57,-231],[-119,-67],[-56,-46],[10,-36],[257,-50],[165,77],[43,97],[-54,121],[33,43],[122,75],[69,-10],[78,37],[127,-6],[115,175],[157,17],[53,50],[-11,57],[117,51],[-12,51],[124,9],[-97,59],[6,78],[95,60],[-57,17],[53,110],[83,58],[-14,64],[106,31],[41,-11],[35,65],[106,56],[-65,119],[37,63],[124,45],[5,60],[60,38],[63,-40],[48,58],[90,6],[26,-36],[-12,-51],[52,-9],[201,29],[60,-35],[119,79],[-35,79],[18,48],[106,52],[164,34],[47,70],[143,16],[82,25],[29,64],[10,91],[42,30],[141,30],[-55,99],[26,68],[50,51],[103,57],[431,131],[37,-3],[318,110],[81,-17],[60,51],[78,-16],[91,28],[69,-39],[49,32],[-60,24],[-4,58],[82,57],[141,45],[44,50],[147,24],[55,-42],[121,-14],[71,25],[50,48],[132,7],[37,-18],[110,65],[230,81],[45,-1],[26,-40],[138,34],[150,-10],[94,-18],[42,26],[74,9],[77,-25],[46,38],[161,85],[63,-13],[156,51],[68,-11],[41,-37],[105,-20],[57,30],[175,-4],[35,-81],[65,7],[36,29],[79,25],[32,40],[100,33],[108,-40],[10,-43],[75,-18],[84,11],[123,36],[54,-15],[98,53],[70,0],[63,-61],[72,-14],[27,46],[109,59],[75,0],[-10,-78],[36,-2],[78,52],[25,-24],[-78,-45],[51,-70],[138,60],[13,40],[56,-5],[66,46],[47,5],[99,46],[95,7],[67,58],[19,45],[50,47],[-43,27],[45,43],[93,-12],[175,8],[101,45],[159,-34],[68,-36],[94,11],[136,-41],[42,-35],[78,-6],[170,-58],[341,-98],[93,-3],[85,-33],[93,-12],[29,-87],[67,51],[43,-66],[75,-24],[69,-81],[85,41],[63,-24],[124,39],[160,98],[57,-35],[13,52],[-15,46],[20,63],[-63,49],[60,75],[57,51],[185,61],[62,-1],[364,85],[28,-39],[125,-53],[84,-63],[86,-80],[-23,-48],[95,-73],[117,0],[16,-20],[115,-37],[48,-98],[-49,-65],[-117,-67],[-106,-9],[-197,-59],[-44,-86],[-59,-51],[103,-7],[171,67],[39,-11],[107,20],[34,53],[123,19],[45,-9],[143,38],[80,68],[15,-67],[38,-12],[81,19],[78,-4],[38,-26],[50,42],[121,19],[-30,-51],[110,-16],[130,32],[48,-6],[92,40],[183,56],[-3,-38],[-432,-133],[78,-67],[244,60],[152,29],[113,51],[32,-5],[128,24],[90,39],[23,49],[82,36],[243,56],[98,-11],[58,52],[76,31],[66,-3],[41,-59],[56,-22],[141,49],[70,120],[79,13],[52,43],[53,-27],[6,-39],[198,-6],[-37,-71],[27,-49],[-37,-33],[6,-44],[71,19],[9,-63],[90,-24],[26,-44],[108,24],[64,0],[9,-31],[111,-31],[43,14],[22,46],[67,-43],[51,6],[19,46],[43,20],[-13,45],[51,63],[-29,17],[17,51],[48,50],[3,38],[102,81],[65,-10],[103,74],[38,-18],[238,-30],[105,33],[88,13],[94,-19],[79,46],[102,7],[78,-11],[32,-39],[93,-48],[23,-43],[-63,-69],[83,4],[86,64],[118,18],[44,115],[39,-5],[43,-83],[137,16],[52,-61],[76,-44],[27,54],[56,10],[211,-23],[77,-57],[191,-41],[139,2],[115,-32],[108,-51],[117,4],[130,-21],[69,-45],[85,39],[109,-10],[58,-38],[75,-75],[92,3],[174,87],[75,-18],[34,-29],[-6,-77],[81,10],[43,35],[53,-6],[40,-50],[-91,-145],[-62,-22],[27,-65],[-27,-49],[-49,-38],[-8,-89],[74,24],[25,-34],[59,79],[127,38],[79,95],[56,7],[36,-107],[41,68],[84,3],[49,-50],[-32,-31],[74,-83],[112,-42],[-66,-72],[138,13],[-95,-92],[66,-7],[20,-38],[60,-8],[98,26],[217,-58],[69,35],[37,-25],[150,34],[106,-51],[34,32],[125,-9],[127,45],[65,-28],[-4,-83],[-29,-72],[72,-57],[88,-42],[13,108],[83,16],[62,-34],[66,18],[124,-45],[46,-43],[58,-1],[41,54],[51,-12],[67,17],[-39,107],[2,122],[35,13],[236,-127],[14,-46],[-86,-2],[37,-50],[69,-1],[45,-85],[80,2],[27,-75],[49,49],[79,-18],[124,-110],[82,16],[64,-10],[66,15],[63,-97],[67,80],[98,11],[75,-26],[47,-51],[94,6],[66,-88],[65,29],[61,-33],[65,-1],[156,-147],[-9,-33],[-145,-12],[31,-52],[64,11],[140,-40],[94,-96],[53,-85],[35,-119],[36,-18],[-34,-50],[25,-59],[64,17],[90,-26],[27,-59],[90,5],[-56,88],[-48,12],[12,76],[-23,107],[26,74],[134,23],[30,-15],[57,-102],[135,-75],[121,6],[-1,-64],[40,-8],[49,73],[-42,44],[53,30],[170,-41],[117,7],[165,-62],[46,33],[73,17],[95,-17],[30,-29],[-102,-17],[4,-28],[253,4],[77,-17],[35,-35],[12,-76],[60,-47],[-91,-37],[0,-22],[198,33],[52,-15],[18,-42],[136,-52],[53,-56],[88,-14],[76,-68],[41,-6],[36,62],[121,-78],[35,-80],[-46,-45],[-52,6],[-66,69],[-21,-75],[-64,-110],[-63,-36],[134,-41],[16,-56],[-23,-82],[-142,25],[-90,43],[-71,-9],[-112,62],[-105,-7],[148,-101],[116,-1],[27,-38],[74,-6],[68,-35],[-93,-113],[-8,-64],[-90,-20],[9,-58],[-73,-8],[-61,93],[-96,53],[-16,-97],[-79,24],[-70,-18],[-163,0],[-61,65],[-64,-49],[44,-50],[284,-68],[-152,-18],[-15,-41],[-73,-45],[-113,-7],[-198,7],[112,-79],[-40,-44],[-127,8],[-5,-58],[-105,10],[-8,150],[-53,91],[-127,43],[-5,-46],[95,-34],[3,-86],[-51,-62],[64,-55],[-97,-18],[81,-96],[-9,-45],[49,-19],[66,-108],[-14,-41],[-174,-14],[-73,36],[-142,-61],[-31,75],[-54,66],[-77,-52],[23,-48],[-69,-79],[-113,-24],[-13,-102],[65,-18],[-65,-125],[-138,-10],[-67,36],[-81,-49],[-134,0],[30,-49],[296,-2],[31,-70],[-29,-54],[82,-54],[106,-39],[-52,-79],[8,-46],[-166,-48],[176,-37],[-9,-57],[39,-40],[-124,-100],[136,-34],[-8,-67],[-73,9],[-43,-95],[161,-2],[174,-189],[23,-65],[-66,-96],[94,12],[159,-79],[9,-66],[-87,-119],[87,-46],[151,32],[16,44],[142,-48],[27,-80],[209,-43],[117,3],[58,-49],[-40,-53],[-140,-3],[-122,73],[-174,1],[-36,-21],[-241,1],[-150,-66],[-216,-4],[-36,-69],[-211,61],[-166,122],[-39,-31],[43,-108],[63,-22],[83,-115],[-77,0],[-153,63],[-21,-53],[-199,-59],[19,-68],[68,-58],[-224,-121],[237,6],[-181,-61],[-80,-4],[-71,-47],[121,-24],[95,31],[140,-48],[143,5],[-698,-156],[-13,-32],[-141,-41],[102,-35],[581,48],[-38,-83],[-137,-22],[43,-44],[160,34],[92,-19],[-51,-55],[-228,-11],[118,-44],[82,-62],[4,-138],[-139,-28],[282,-49],[5,-33],[-124,-29],[394,-70],[-24,-54],[219,-120],[105,-26],[65,-70],[-858,-96],[58,-39],[660,9],[-10,28],[374,44],[149,-27],[88,-50],[-50,-57],[198,-23],[321,-82],[32,-104],[186,32],[127,-18],[46,-96],[-272,-32],[244,-71],[194,30],[193,-34],[32,-39],[261,19],[37,-55],[399,-56],[231,-62],[75,-45],[272,26],[189,-66],[498,-48],[277,-63],[211,-6],[173,-78],[0,0],[0,-81],[0,-249],[0,-248],[0,-249],[0,-249],[0,-249],[0,-248],[0,-249],[0,-249],[0,-249],[0,-248],[0,-249],[-134,0],[-134,0],[-134,0],[-134,0],[-134,0],[-134,0],[-134,0],[-134,0],[-133,0],[-134,0],[-134,0],[-134,0],[-134,0],[-134,0],[-134,0],[-134,0],[-134,0],[-134,0],[-134,0],[-134,0],[-134,0],[-134,0],[-134,0],[-134,0],[-133,0],[-134,0],[-134,0],[-134,0],[-134,0],[-134,0],[-134,0],[-134,0],[-134,0],[-134,0],[-134,0],[-134,0],[-134,0],[-134,0],[-134,0],[-134,0],[-133,0],[-134,0],[-134,0],[-134,0],[-134,0],[-134,0],[-134,0],[-134,0],[-134,0],[-134,0],[-134,0],[-134,0],[-134,0],[-134,0],[-134,0],[-134,0],[-133,0],[-134,0],[-134,0],[-134,0],[-134,0],[-134,0],[-134,0],[-134,0],[-134,0],[-134,0],[-134,0],[-134,0],[-134,0],[-134,0],[-134,0],[-134,0],[-133,0],[-134,0],[-134,0],[-134,0],[-134,0],[-134,0],[-134,0],[-134,0],[-134,0],[-134,0],[-134,0],[-134,0],[-134,0],[-134,0],[-134,0],[-134,0],[-133,0],[-134,0],[-134,0],[-134,0],[-134,0],[-134,0],[-134,0],[-134,0],[-134,0],[-134,0],[-134,0],[-134,0],[-134,0],[-134,0],[-134,0],[-134,0],[-133,0],[-134,0],[-134,0],[-134,0],[-134,0],[-134,0],[-134,0],[-134,0],[-134,0],[-134,0],[-134,0],[-134,0],[-134,0],[-134,0],[-134,0],[-134,0],[-133,0],[-134,0],[-134,0],[-134,0],[-134,0],[-134,0],[-134,0],[-134,0],[-134,0],[-134,0],[-134,0],[-134,0],[-134,0],[-134,0],[-134,0],[-134,0],[-133,0],[-134,0],[-134,0],[-134,0],[-134,0],[-134,0],[-134,0],[-134,0],[-134,0],[-134,0],[-134,0],[-134,0],[-134,0],[-134,0],[-134,0],[-134,0],[-133,0],[-134,0],[-134,0],[-134,0],[-134,0],[-134,0],[-134,0],[-134,0],[-134,0],[-134,0],[-134,0],[-134,0],[-134,0],[-134,0],[-134,0],[-134,0],[-133,0],[-134,0],[-134,0],[-134,0],[-134,0],[-134,0],[-134,0],[-134,0],[-134,0],[-134,0],[-134,0],[-134,0],[-134,0],[-134,0],[-134,0],[-134,0],[-133,0],[-134,0],[-134,0],[-134,0],[-134,0],[-134,0],[-134,0],[-134,0],[-134,0],[-134,0],[-134,0],[-134,0],[-134,0],[-134,0],[-134,0],[-134,0],[-133,0],[-134,0],[-134,0],[-134,0],[-134,0],[-134,0],[-134,0],[-134,0],[-134,0],[-134,0],[-134,0],[-134,0],[-134,0],[-134,0],[-134,0],[-134,0],[-133,0],[-134,0],[-134,0],[-134,0],[-134,0],[-134,0],[-134,0],[-134,0],[-134,0],[-134,0],[-134,0],[-134,0],[-134,0],[-134,0],[-134,0],[-134,0],[-133,0],[-134,0],[-134,0],[-134,0],[-134,0],[-4,0],[-130,0],[-134,0],[-134,0],[-134,0],[-134,0],[-134,0],[-134,0],[-134,0],[-134,0],[-134,0],[-134,0],[-133,0],[-134,0],[-134,0],[-134,0],[-134,0],[-134,0],[-134,0],[-134,0],[-134,0],[-134,0],[-134,0],[-134,0],[-134,0],[-134,0],[-134,0],[-134,0],[-133,0],[-134,0],[-134,0],[-134,0],[-134,0],[-134,0],[-134,0],[-134,0],[-134,0],[-134,0],[-134,0],[-134,0],[-134,0],[-134,0],[-134,0],[-134,0],[-133,0],[-134,0],[-134,0],[-134,0],[-134,0],[-134,0],[-134,0],[-134,0],[-134,0],[-134,0],[-134,0],[-134,0],[-134,0],[-134,0],[-134,0],[-134,0],[-133,0],[-134,0],[-134,0],[-134,0],[-134,0],[-134,0],[-134,0],[-134,0],[-134,0],[-134,0],[-134,0],[-134,0],[-134,0],[-134,0],[-134,0],[-134,0],[-133,0],[-134,0],[-134,0],[-134,0],[-134,0],[-134,0],[-134,0],[-134,0],[-134,0],[-134,0],[-134,0],[-134,0],[-134,0],[-134,0],[-134,0],[-134,0],[-133,0],[-134,0],[-134,0],[-134,0],[-134,0],[-134,0],[-134,0],[-134,0],[-134,0],[-134,0],[-134,0],[-134,0],[-134,0],[-134,0],[-134,0],[-134,0],[-133,0],[-134,0],[-134,0],[-134,0],[-134,0],[-134,0],[-134,0],[-134,0],[-134,0],[-134,0],[-134,0],[-134,0],[-134,0],[-134,0],[-134,0],[-134,0],[-133,0],[-134,0],[-134,0],[-134,0],[-134,0],[-134,0],[-134,0],[-134,0],[-134,0],[-134,0],[-134,0],[-134,0],[-134,0],[-134,0],[-134,0],[-134,0],[-133,0],[-134,0],[-134,0],[-134,0],[-134,0],[-134,0],[-134,0],[-134,0],[-134,0],[-134,0],[-134,0],[-134,0],[-134,0],[-134,0],[-134,0],[-134,0],[-133,0],[-134,0],[-134,0],[-134,0],[-134,0],[-134,0],[-134,0],[-134,0],[-134,0],[-134,0],[-134,0],[-134,0],[-134,0],[-134,0],[-134,0],[-134,0],[-133,0],[-134,0],[-134,0],[-134,0],[-134,0],[-134,0],[-134,0],[-134,0],[-134,0],[-134,0],[-134,0],[-134,0],[-134,0],[-134,0],[-134,0],[-134,0],[-133,0],[-134,0],[-134,0],[-134,0],[-134,0],[-134,0],[-134,0],[-134,0],[-134,0],[-134,0],[-134,0],[-134,0],[-134,0],[-134,0],[-134,0],[-134,0],[-133,0],[-134,0],[-134,0],[-134,0],[-134,0],[-134,0],[-134,0],[-134,0],[-134,0],[-134,0],[-134,0],[-134,0],[-134,0],[-134,0],[-134,0],[-134,0],[-133,0],[-134,0],[-134,0],[-134,0],[-134,0],[-134,0],[-134,0],[-134,0],[-118,0],[-16,0],[-134,0],[-134,0],[-134,0],[-134,0],[-134,0],[-134,0],[-134,0],[-133,0],[-134,0],[-134,0],[-134,0],[-134,0],[-134,0],[-134,0],[-134,0],[-134,0],[-134,0],[-134,0],[-134,0],[-134,0],[-134,0],[-134,0],[-134,0],[-133,0],[-134,0],[-134,0],[-134,0],[-134,0],[-134,0],[-134,0],[-134,0],[-134,0],[-134,0],[-134,0],[-134,0],[-134,0],[-134,0],[-134,0],[-134,0],[-133,0],[-134,0],[-134,0],[-134,0],[-134,0],[-134,0],[-134,0],[-134,0],[-134,0],[-134,0],[-134,0],[-134,0],[-134,0],[-134,0],[-134,0],[-134,0],[-133,0],[-134,0],[-134,0],[-134,0],[-134,0],[-134,0],[-134,0],[-134,0],[-134,0],[-134,0],[-134,0],[-134,0],[-134,0],[-134,0],[-134,0],[-134,0],[-133,0],[-134,0],[-134,0],[-134,0],[-134,0],[-134,0],[-134,0],[-134,0],[-134,0],[-134,0],[-134,0],[-134,0],[-134,0],[-134,0],[-134,0],[-134,0],[-133,0],[-134,0],[-134,0],[-134,0],[-134,0],[-134,0],[-134,0],[-134,0],[-134,0],[-134,0],[-134,0],[-134,0],[-134,0],[-134,0],[-134,0],[-134,0],[-133,0],[-134,0],[-134,0],[-134,0],[-134,0],[-134,0],[-134,0],[-134,0],[-134,0],[-134,0],[-134,0],[-134,0],[-134,0],[-134,0],[-134,0],[-134,0],[-133,0],[-134,0],[-134,0],[-134,0],[-134,0],[-134,0],[-134,0],[-134,0],[-134,0],[-134,0],[-134,0],[-134,0],[-134,0],[-134,0],[-134,0],[-134,0],[-133,0],[-134,0],[-134,0],[-134,0],[-134,0],[-134,0],[-134,0],[-134,0],[-134,0],[-134,0],[-134,0],[-134,0],[-134,0],[-134,0],[-134,0],[-134,0],[-133,0],[-134,0],[-134,0],[-134,0],[-134,0],[-134,0],[-134,0],[-134,0],[-134,0],[-134,0],[-134,0],[-134,0],[-134,0],[-134,0],[-134,0],[-134,0],[-133,0],[-134,0],[-134,0],[-134,0],[-134,0],[-134,0],[-134,0],[-134,0],[-134,0],[-134,0],[-134,0],[-134,0],[-134,0],[-134,0],[-134,0],[-134,0],[-133,0],[-134,0],[-134,0],[-134,0],[-134,0],[-134,0],[-134,0],[-134,0],[-134,0],[-134,0],[-134,0],[-134,0],[-134,0],[-134,0],[-134,0],[-134,0],[-133,0],[-134,0],[-134,0],[-134,0],[-134,0],[-134,0],[-134,0],[-134,0],[-134,0],[-134,0],[-134,0],[-134,0],[-134,0],[-134,0],[-134,0],[-134,0],[-133,0],[-134,0],[-134,0],[-134,0],[-134,0],[-134,0],[-134,0],[-134,0],[-134,0],[-134,0],[-134,0],[-134,0],[-134,0],[-134,0],[-134,0],[-134,0],[-133,0],[-134,0],[-134,0],[-134,0],[-134,0],[-134,0],[-134,0],[-134,0],[-134,0],[-134,0],[-134,0],[-134,0],[-134,0],[-134,0],[-134,0],[-134,0],[-133,0],[-134,0],[-134,0],[-134,0],[-134,0],[-134,0],[-134,0],[-134,0],[-134,0],[0,249],[0,248],[0,249],[0,249],[0,249],[0,248],[0,249],[0,249],[0,249],[0,248],[0,249],[0,81],[8,-1],[449,24],[159,-56],[160,18],[297,-52],[220,36],[796,-50],[1062,-66],[63,-66],[297,-20],[1090,-31],[1206,-110],[51,-31],[578,-28],[135,47],[-385,60],[-172,62],[481,-11],[39,38],[-700,30],[-1003,73],[-502,36],[-63,34],[-352,58],[646,1],[-310,35],[-9,34],[-259,43],[39,41],[351,3],[-78,56],[-383,86],[-174,-26],[-318,3],[-214,29],[-156,74],[14,37],[-228,61],[-1233,246],[227,0],[180,23],[296,-42],[121,-51],[63,-70],[265,-24],[442,-5],[202,28],[603,-2],[27,-69],[219,-28],[348,38],[188,-102],[563,23],[157,-33],[130,44],[388,33],[171,80],[-415,32],[-9,24],[779,36],[143,122],[675,126],[-95,87],[-353,124],[28,27],[-186,53],[121,71],[140,16],[11,50],[-167,64],[-157,37],[-553,68],[-1,48],[164,54],[1052,50],[526,26],[789,38],[0,36],[-209,50],[-283,14],[119,64],[-174,32],[-153,-1],[-50,49],[122,18],[-172,62],[128,42],[-64,55],[412,-28],[102,54],[-17,68],[127,-2],[26,52],[-283,50],[-24,28],[-363,36],[-418,108],[-110,39],[118,46],[-70,30],[-227,-14],[-507,52],[-22,20],[-396,165],[8,35],[110,18],[10,32],[355,19],[117,33],[42,70],[-70,57],[-101,-50],[-128,15],[-294,3],[-229,-27],[-41,29],[-266,110],[-78,55],[83,114],[50,104],[-50,65],[40,45],[-36,37],[103,38],[226,-147],[166,45],[-93,35],[131,62],[123,3],[105,-54],[156,32],[213,-54],[151,-21],[77,-96],[181,-27],[24,91],[94,-28],[166,-21],[25,-46],[113,-24],[275,-129],[196,29],[153,41],[-34,46],[280,61],[-339,62],[41,100],[95,14],[179,-77],[39,-73],[218,77],[132,-120],[100,-12],[166,20],[-120,73],[-30,39],[185,17],[-178,77],[108,6],[-15,69],[-95,43],[113,15],[-3,31],[-154,14],[-136,88],[-125,50],[-257,-8],[-111,-28],[-318,38],[42,68],[121,-5],[132,37],[-14,56],[106,15],[277,-73],[245,-95],[143,-21],[98,15],[-50,60],[-99,28],[-159,86],[78,85],[70,17],[206,-13],[78,33],[196,19],[-40,80],[246,52],[191,-11],[57,65],[163,-45],[89,-123],[165,3],[20,39],[-107,42],[2,53],[110,-19],[146,49],[32,46],[158,96],[561,30],[102,-46],[47,12],[154,-11],[-8,35],[-135,35],[-1,105],[177,63],[140,-23],[0,35],[96,58],[221,-41],[-18,-47],[193,-95],[289,79],[57,-28],[130,31],[84,-9],[60,-32],[146,14],[278,-48],[211,43],[128,2],[64,30],[411,43],[93,-33],[129,-9],[100,28],[369,-1],[84,-52],[157,15],[340,14],[52,-11],[315,18],[182,39],[68,-10],[205,41],[72,-2],[59,47],[-132,3],[44,49],[228,46],[124,-95],[86,-22],[174,-6],[62,24],[110,7],[108,-17],[217,30],[-61,107],[-15,80],[104,84],[141,32],[69,-26],[16,-54],[76,-1],[50,-75],[-123,-31],[22,-107],[154,25],[-23,-39],[-91,-54],[-181,-46],[134,-24],[-39,-78],[-80,-59],[44,-33],[85,46],[234,52],[180,5],[45,27],[143,4],[-100,91],[-2,34],[61,64],[-51,53],[0,44],[64,26],[112,-10],[131,-62],[79,24],[54,-50],[39,-88],[-59,-59],[7,-57],[-102,-24],[-92,-80],[-136,-59],[12,-44],[278,2],[73,-23],[96,13],[33,33],[426,-55],[64,-33],[380,3],[351,67],[81,38],[77,-27],[121,20],[77,-16],[139,33],[187,-21],[139,-1],[85,24],[53,-32],[-25,-79],[137,-34],[9,-30],[182,41],[80,-17],[189,41],[112,-18],[100,14],[-69,68],[-129,31],[15,75],[-150,20],[-54,38],[44,38],[-51,26],[16,58],[63,31],[-84,33],[-126,-6],[-88,-33],[-126,24],[-4,73],[28,25],[-76,153],[-83,1],[-132,33],[-91,-3],[-51,40],[36,54],[-53,37],[26,45],[403,-41],[60,-52],[142,-6],[47,28],[158,-3],[262,72],[-159,21],[-66,49],[-10,42],[-363,17],[-154,-3],[-43,16],[-200,-13],[-73,11],[-111,74],[7,76],[-45,79],[35,46],[69,24],[191,-15],[63,-17],[-25,-61],[61,-80],[174,32],[146,8],[105,-45],[140,35],[46,-11],[527,-4],[-71,-72],[59,-12],[92,34],[253,-87],[170,-16],[41,44],[133,17],[51,-17],[114,4],[65,-43],[107,21],[98,52],[147,-9],[60,25],[227,-20],[78,-31],[147,-27],[156,10],[88,65],[247,21],[53,74],[-6,97],[-64,65],[302,-39],[31,-65],[-80,-38],[-13,-59],[-70,-41],[73,-72],[78,27],[62,-21],[112,25],[149,-91],[131,23],[25,38],[79,7],[105,35],[37,-97],[118,-57],[170,-41],[192,4],[-35,-53],[68,-43],[48,34],[139,-13],[233,-88],[223,78],[32,81],[-58,44],[5,103],[134,5],[123,-41],[-22,79],[-58,52],[12,54],[61,13],[196,-45],[243,-162],[-35,-109],[180,13],[180,44],[85,-20],[90,25],[48,-45],[-146,-132],[60,-29],[65,40],[134,-15],[102,47],[98,9],[71,44],[97,-11],[65,-46],[68,32],[82,-23],[176,76],[65,8],[36,52],[150,-8],[74,36],[218,17],[145,49],[159,-19],[100,38],[156,19],[180,46],[53,36],[141,43],[28,30],[88,17],[-6,33],[83,87],[19,83],[47,39],[13,57],[49,72],[-14,68],[-103,94],[11,22],[-76,51],[-53,93],[44,122],[-11,49],[24,49],[-62,69],[-11,114],[-44,58],[-28,99],[-64,38],[-79,91],[-1,67],[26,19],[8,98],[-125,126],[46,24],[98,-5],[-7,52],[97,-43],[114,-29],[74,80],[65,5],[68,96],[-32,53],[-106,10],[-49,39],[19,36],[99,4],[0,85],[-40,63],[47,6],[8,55],[90,60],[-87,12],[-86,127],[106,25],[20,58],[-58,30],[52,68],[51,31],[-97,37],[-129,-40],[-50,33],[33,62],[-1,110],[26,45],[57,3],[84,42],[8,-105],[-25,-54],[44,-17],[33,58],[64,-2],[-43,80],[47,96],[-30,17],[11,90],[59,22],[61,-17],[71,-47],[42,168],[1,81],[41,46],[80,-24],[26,11],[-65,64],[20,32],[92,15],[62,-56],[51,50],[-53,49],[6,44],[73,-28],[17,46],[-39,42],[90,4],[124,50],[-81,77],[-34,51],[8,37],[68,81],[199,-67],[25,20],[-65,80],[45,29],[45,-12],[43,54],[38,-42],[51,15],[-72,50],[42,22],[101,-26],[46,47],[15,58],[83,7],[6,59],[43,24],[83,6],[39,43],[1,69],[23,55],[94,30],[59,36],[95,-16],[12,49],[113,-15],[38,43],[-6,34],[68,3],[52,33],[6,56],[206,47],[67,65],[160,50],[48,-13],[47,-89],[-16,-20],[57,-52],[-85,-44],[-22,27],[13,47],[-85,29],[-10,-60],[-55,7],[-17,-52],[-88,-3],[-57,-46],[-56,-78],[-63,-60],[6,-33],[-29,-61],[-57,15],[-15,-34],[86,-13],[-44,-49],[46,-38],[-15,-42],[-47,14],[0,35],[-76,-6],[-38,62],[-66,-30],[29,-85],[-57,-3],[4,66],[-55,24],[-22,-47],[-52,-19],[-33,-54],[-75,-34],[-27,-57],[-84,-100],[-89,-21],[-43,39],[-50,3],[-3,-59],[49,-35],[-19,-42],[-81,24],[-72,-55],[64,-95],[-32,-51],[3,-48],[-73,-51],[-9,-60],[94,-98],[83,-14],[36,58],[64,-32],[26,87],[100,1],[79,-15],[-33,-87],[-38,35],[-49,-44],[40,-27],[-26,-69],[-53,11],[-21,72],[-66,15],[-2,-51],[-62,16],[13,-58],[-34,-74],[-39,128],[-71,17],[-120,-27],[-25,-44],[56,-48],[-37,-49],[46,-42],[-4,-62],[-68,27],[-32,94],[-69,62],[-19,56],[-45,-9],[-46,30],[-49,-8],[5,-53],[41,-37],[-70,-15],[-18,-39],[-6,-101],[49,-41],[-21,-65],[-144,3],[-109,33],[-52,-94],[31,-68],[-42,-34],[70,-35],[-155,-45],[-31,46],[-47,-31],[31,-47],[-23,-46],[67,-51],[-57,-32],[-33,-83],[78,-62],[-107,-41],[5,-36],[110,13],[34,-11],[63,36],[51,-37],[-98,-25],[-85,-47],[24,-39],[89,9],[23,-20],[-97,-77],[46,-33],[216,-77],[76,34],[-14,85],[60,28],[155,37],[-37,-66],[-74,-12],[-19,-73],[118,-28],[43,-32],[-176,-84],[147,-22],[-31,-54],[71,-2],[56,-108],[83,-5],[25,-52],[44,-11],[3,-83],[-39,-91],[54,-24],[0,-35],[86,-47],[37,-66],[-49,-28],[-55,23],[-48,-43],[15,-54],[120,-43],[139,-1],[16,-30],[-87,-29],[15,-25],[-102,-61],[0,-64],[57,0],[64,40],[78,-27],[-19,-73],[107,-71],[-52,-116],[-160,-58],[45,-79],[117,75],[94,-110],[-77,-18],[-9,-37],[-109,8],[-105,-21],[-148,-11],[88,-45],[-38,-63],[140,43],[82,-8],[207,12],[-9,-40],[-67,-19],[74,-48],[5,-87],[-48,-18],[-146,0],[41,-86],[46,-32],[82,24],[58,-14],[8,-54],[-35,-76],[100,-45],[38,72],[54,-52],[-36,-76],[17,-46],[-31,-31],[-96,-1],[-68,-44],[-125,35],[-54,58],[-169,50],[-17,-13],[133,-112],[-85,-5],[46,-48],[70,-9],[175,-50],[-28,-34],[46,-34],[-48,-92],[-86,-29],[-42,38],[-108,-13],[118,-79],[80,-19],[-94,-72],[-70,29],[-60,-44],[164,-26],[112,42],[48,-39],[-80,-48],[-24,-49],[-127,-13],[-44,19],[-168,24],[148,-131],[-25,-65],[-69,-50],[-123,0],[1,89],[-23,35],[-120,25],[-47,-34],[62,-85],[-137,10],[-88,-82],[150,14],[81,-70],[-126,-6],[-204,-40],[-16,-63],[152,21],[182,-14],[-20,-28],[-496,-189],[-99,-28],[-225,-83],[-506,-69],[23,-36],[-391,-60],[-189,-55],[54,-42],[-95,-71],[-119,-28],[-250,-14],[-187,36],[-176,-1],[-235,19],[-39,-20],[-302,64],[-33,-19],[-151,-9],[-65,36],[-97,12],[-116,-39],[-155,24],[-4,-87],[90,-48],[232,-218],[108,-37],[106,-102],[119,52],[633,-69],[-22,-62],[-85,-78],[-136,-84],[-172,-52],[-225,-31],[-29,23],[-662,107],[-27,-9],[-365,52],[-75,-17],[-215,40],[-144,4],[-106,-31],[-123,-5],[627,-154],[501,-124],[14,-102],[-106,-56],[-681,-55],[-566,188],[-22,2],[-320,227],[-5,-72],[181,-136],[-177,50],[-55,-46],[45,-70],[125,-106],[181,-86],[224,-60],[78,-51],[93,-18],[-57,-47],[54,-86],[168,-54],[-15,82],[32,78],[522,-14],[523,-14],[125,-61],[38,-42],[-46,-106],[-144,-103],[-211,-37],[-608,15],[11,-19],[341,-64],[190,-16],[373,50],[43,-100],[144,-61],[41,-69],[-77,-48],[139,-66],[-143,-24],[238,-50],[97,42],[116,15],[342,-82],[57,85],[342,68],[42,30],[186,-27],[10,-83],[97,-35],[16,-41],[215,-27],[132,34],[159,-45],[-76,-29],[858,-201],[157,-11],[583,-11],[56,-68],[-315,-12],[-96,14],[-524,-11],[18,-36],[234,-7],[341,9],[-26,-46],[-597,-8],[27,-41],[-97,-113],[266,-105],[330,52],[368,23],[107,-16],[366,64],[54,-27],[-165,-65],[-235,-57],[-214,-30],[73,-99],[158,-127],[256,-2],[-16,-72],[-157,-96],[316,-78],[262,4],[422,226],[53,49],[365,132],[110,81],[199,12],[114,79],[412,87],[156,-17],[245,49]],[[93260,5923],[-45,-50],[-147,2],[-170,-43],[-58,21],[-30,79],[87,-2],[130,-49],[148,76],[85,-34]],[[92502,11305],[20,-33],[-10,-55],[-65,13],[17,52],[38,23]],[[32381,4884],[-79,-1],[-47,-62],[-28,-129],[52,-26],[-41,-49],[-145,-85],[-78,-23],[-502,48],[-117,45],[-49,91],[-175,-7],[-90,-23],[-42,-49],[-648,169],[-28,42],[61,50],[177,-83],[497,5],[621,8],[142,47],[-79,16],[-78,95],[153,33],[-62,52],[118,37],[168,25],[156,-6],[-17,-58],[29,-80],[131,-82]],[[30540,5174],[-33,-46],[190,-46],[14,-76],[-191,-60],[-52,62],[-149,20],[11,64],[-203,77],[-38,29],[245,7],[45,-25],[161,-6]],[[29981,5345],[166,37],[149,-25],[-121,-68],[11,-54],[-248,18],[-30,32],[266,40],[-193,20]],[[39186,5332],[-41,-25],[-712,32],[18,37],[218,27],[92,40],[397,-89],[28,-22]],[[30383,5766],[-86,-27],[-92,-84],[-415,-216],[-94,-60],[-135,-125],[41,-68],[-186,-46],[-296,22],[-100,86],[17,77],[96,112],[215,107],[204,43],[106,57],[656,189],[104,-28],[-35,-39]],[[34196,4889],[33,7],[498,273],[74,51],[5,46],[-57,66],[-68,15],[61,76],[28,99],[45,49],[2,119],[249,196],[55,79],[496,135],[346,-22],[381,-113],[186,-103],[27,-59],[-65,-118],[-320,-29],[-58,-62],[41,-16],[397,9],[75,-77],[8,-65],[75,-47],[-54,-30],[102,-95],[-12,-209],[-72,-69],[-154,-5],[102,-49],[-15,-52],[-638,-93],[-511,-75],[-511,-74],[-21,-53],[-650,-24],[-520,-19],[-66,68],[8,82],[57,23],[190,184],[251,-19]],[[42821,7770],[-43,-39],[-75,14],[-41,118],[-91,66],[-10,51],[88,66],[23,83],[98,42],[17,-86],[-53,-154],[71,-103],[16,-58]],[[28465,8421],[97,-5],[-44,-72],[-55,-46],[-68,21],[70,102]],[[20202,8432],[42,-38],[-58,-22],[-78,39],[-31,67],[59,27],[66,-73]],[[24171,8538],[86,11],[65,-32],[-68,-72],[-147,-11],[-55,53],[89,5],[30,46]],[[28207,8547],[92,-8],[77,-54],[-45,-56],[-45,-142],[51,-36],[-62,-77],[-344,134],[-67,93],[72,56],[89,-33],[84,54],[-77,8],[-70,46],[125,39],[120,-24]],[[23900,8571],[44,-23],[-6,-57],[-42,-61],[-77,-46],[-86,1],[21,120],[31,27],[-53,57],[-42,86],[79,30],[93,4],[61,-31],[16,-46],[-39,-61]],[[22937,8719],[-3,-55],[-187,-22],[1,44],[189,33]],[[43943,8685],[-69,-37],[-20,72],[60,17],[29,-52]],[[44889,8950],[45,-54],[-68,-9],[-60,64],[83,-1]],[[22667,8822],[-4,-43],[-136,-17],[-9,-74],[-147,12],[-89,-10],[-87,37],[-91,-26],[-263,-7],[12,54],[-231,-17],[56,61],[-155,1],[-118,51],[-377,41],[-96,-2],[-87,33],[5,55],[50,21],[442,48],[53,26],[80,-34],[-22,-39],[74,-34],[41,51],[52,-2],[108,-70],[58,40],[-86,41],[74,80],[80,2],[147,-52],[-66,-92],[101,-36],[6,92],[113,-27],[-49,-48],[77,-47],[38,57],[31,93],[184,21],[79,-40],[-36,-54],[-113,-42],[-101,-53],[74,-25],[75,35],[195,44],[20,-51],[-107,-25],[77,-38],[68,9]],[[32047,9453],[-96,16],[-7,38],[88,9],[15,-63]],[[28189,9467],[-326,-57],[-58,7],[-53,78],[43,39],[73,25],[244,31],[102,84],[39,-47],[51,54],[64,-6],[97,18],[91,-73],[-20,-29],[-209,-100],[-138,-24]],[[32073,9679],[-29,-37],[-84,-19],[-34,44],[7,42],[104,15],[36,-45]],[[47364,9709],[-16,28],[62,75],[114,25],[37,-31],[3,-64],[-39,-26],[-161,-7]],[[29048,9763],[-28,67],[133,-2],[-23,-39],[-82,-26]],[[28036,9910],[-56,11],[-37,48],[14,46],[47,30],[172,73],[149,-110],[-63,-27],[1,-65],[-63,-30],[-164,24]],[[28744,10184],[-37,36],[40,44],[117,-20],[69,-79],[-17,-55],[-152,42],[-20,32]],[[31719,10249],[-44,-41],[-11,-85],[-43,9],[-21,91],[-73,92],[-29,67],[53,20],[51,-19],[89,-86],[28,-48]],[[29116,8666],[-255,-23],[-21,42],[-84,-2],[-83,60],[5,45],[111,56],[216,-39],[312,-23],[141,61],[-74,67],[-157,-59],[-136,-10],[-123,79],[248,35],[85,30],[13,42],[-205,32],[-82,-29],[-11,48],[-136,94],[-94,-70],[-6,-53],[-87,-33],[-126,46],[-100,-15],[101,-74],[-135,-80],[-58,14],[-47,52],[-113,-12],[-145,71],[-12,61],[60,24],[-60,41],[75,62],[64,9],[64,-49],[69,-21],[-9,120],[80,22],[178,-106],[33,30],[-66,40],[-23,44],[70,26],[175,-44],[118,57],[-156,29],[-61,44],[91,40],[105,-1],[189,-47],[102,68],[76,30],[83,-18],[82,27],[54,-22],[53,-78],[58,51],[-42,82],[-121,30],[-80,-7],[-125,38],[-27,38],[72,107],[237,68],[113,-46],[7,34],[-119,55],[-32,53],[-65,-16],[-82,21],[-43,-45],[-101,20],[-102,51],[-58,54],[18,59],[-18,70],[46,30],[34,96],[-141,111],[-7,88],[41,50],[164,48],[105,0],[37,23],[126,13],[80,-51],[7,-200],[101,-13],[60,-119],[43,-35],[9,-148],[69,-119],[82,-104],[37,-92],[32,-30],[44,-127],[1,-114],[16,-36],[-10,-133],[30,-85],[-23,-138],[-63,-7],[38,-80],[-19,-81],[-69,1],[-126,-79],[-21,-83],[-350,-63],[-251,20]],[[30235,11110],[-28,-26],[-69,2],[-32,55],[73,39],[84,-5],[-28,-65]],[[30210,11522],[-49,18],[42,65],[44,-47],[-37,-36]],[[29746,11161],[-12,75],[85,105],[35,78],[88,144],[139,98],[59,-29],[-73,-64],[-30,-65],[13,-62],[80,-41],[-154,-110],[77,-13],[-2,-37],[-45,-51],[-38,24],[-35,-59],[-127,-61],[-60,68]],[[30529,12061],[41,42],[-8,40],[29,52],[87,8],[-8,-61],[-52,-15],[12,-75],[-64,-20],[-37,29]],[[32341,12355],[-92,29],[36,27],[56,-56]],[[32910,12753],[99,53],[-6,-63],[-67,-55],[-64,24],[38,41]],[[31410,12710],[13,-30],[-79,-31],[-49,-57],[-34,18],[-51,-47],[-101,21],[-46,91],[80,29],[-9,34],[58,15],[39,85],[70,5],[-5,-95],[114,-38]],[[31477,12719],[-2,56],[52,71],[-41,59],[39,58],[57,-9],[0,-33],[55,-64],[-38,-34],[-10,-49],[-39,-36],[-73,-19]],[[32857,12800],[-73,13],[-5,-33],[-105,0],[-22,41],[39,98],[-62,-18],[-26,27],[54,89],[121,44],[14,-39],[-36,-40],[16,-49],[83,27],[98,-32],[-96,-128]],[[32822,13045],[73,31],[-2,-48],[-71,17]],[[31952,13041],[43,85],[36,-1],[-40,-107],[-39,23]],[[33338,13232],[-66,-53],[-72,48],[7,25],[108,14],[23,-34]],[[31666,13314],[-87,-21],[3,40],[62,7],[22,-26]],[[33488,13368],[26,-58],[-29,-19],[-122,12],[-74,18],[-52,-46],[-95,-20],[-26,41],[48,59],[105,41],[107,9],[11,-25],[101,-12]],[[33116,13420],[-15,34],[36,27],[113,-20],[-6,-35],[-55,-46],[-73,40]],[[31878,13637],[131,57],[49,-14],[57,18],[40,41],[32,-33],[6,-52],[-69,-62],[-36,72],[-116,-31],[-94,4]],[[32601,13888],[-32,-44],[-97,45],[72,77],[71,35],[51,-13],[58,28],[46,-19],[6,-36],[-47,-33],[-40,12],[-28,-63],[-60,11]],[[33510,14420],[12,-31],[-39,-50],[-28,0],[-45,71],[19,22],[81,-12]],[[35943,14660],[42,33],[98,1],[42,-44],[-104,-6],[-19,30],[-59,-14]],[[4737,3530],[205,-50],[-221,-62],[-231,34],[-91,45],[-40,78],[340,-21],[38,-24]],[[2943,3415],[-224,3],[-275,107],[499,-110]],[[5212,4191],[-847,58],[-70,39],[37,43],[233,24],[619,-96],[28,-68]],[[40339,5033],[-99,-27],[-416,33],[-147,45],[46,18],[-29,61],[116,1],[133,-81],[119,-18],[200,16],[77,-48]],[[5407,5314],[136,-90],[97,-97],[-26,-48],[-440,-18],[-865,221],[-97,91],[40,118],[237,118],[6,25],[239,-23],[260,-103],[5,-19],[408,-175]],[[7918,6314],[-272,25],[137,35],[135,-60]],[[93692,6258],[12,-41],[-120,-51],[-126,-28],[-85,25],[-182,1],[-40,-36],[-233,51],[-5,58],[76,67],[-68,48],[33,42],[81,11],[70,-40],[-6,-38],[135,-48],[175,20],[283,-41]],[[8441,6510],[-109,-39],[-80,16],[6,49],[183,-26]],[[8120,6421],[-186,19],[-96,60],[219,50],[140,-77],[36,-57],[-113,5]],[[9076,6519],[-214,-37],[-29,91],[220,-28],[23,-26]],[[8442,6587],[-107,-27],[-151,41],[49,27],[241,-12],[-32,-29]],[[7985,6596],[-99,-9],[-61,43],[167,11],[-7,-45]],[[8903,6687],[-124,-33],[9,78],[115,-45]],[[8729,6935],[148,-4],[-45,-52],[-103,56]],[[91987,7204],[-26,-65],[-66,13],[92,52]],[[9271,7194],[64,-53],[-49,-16],[-170,48],[13,56],[142,-35]],[[13165,7760],[-14,-44],[-62,-37],[-140,35],[-122,56],[101,51],[68,-26],[169,-35]],[[14183,7748],[-24,-60],[-90,-27],[-95,45],[-76,118],[116,-13],[169,-63]],[[17130,8030],[-94,-65],[-29,-54],[-160,-29],[-47,60],[260,106],[70,-18]],[[16143,7921],[-24,25],[73,35],[-47,57],[85,57],[140,-16],[28,-40],[-36,-49],[-133,-61],[-86,-8]],[[16025,8018],[-4,-38],[-195,-72],[-26,-100],[-307,-32],[-177,38],[-33,44],[79,125],[102,36],[-156,23],[-95,52],[59,50],[213,-4],[58,-16],[368,-26],[83,-15],[-73,-50],[104,-15]],[[93876,8224],[-33,-49],[-102,29],[59,66],[76,-46]],[[14090,8206],[-6,55],[52,61],[208,25],[113,-14],[44,-40],[92,-27],[35,-74],[60,-16],[-7,-44],[-123,-9],[37,-53],[89,16],[83,-12],[86,42],[139,-51],[-26,-50],[114,-88],[-60,-77],[-64,25],[-145,-6],[-87,51],[-163,42],[-25,36],[-178,62],[19,32],[-38,54],[-78,12],[-45,-47],[-71,11],[28,58],[-83,26]],[[66734,8921],[20,-48],[-30,-26],[-78,8],[88,66]],[[47419,9452],[64,-66],[-85,-12],[-30,39],[51,39]],[[47555,9568],[113,14],[58,-17],[-60,-95],[-69,-58],[-64,-17],[-11,56],[47,30],[-85,29],[-55,56],[-102,66],[104,12],[151,-15],[-27,-61]],[[46691,9766],[15,-63],[-63,-32],[-80,71],[89,32],[39,-8]],[[49148,9781],[9,-47],[-79,-63],[-88,6],[-13,39],[126,69],[45,-4]],[[67652,9674],[-100,-9],[-41,54],[-14,81],[71,-28],[80,-63],[4,-35]],[[49371,9826],[22,23],[119,-10],[8,-72],[-37,-40],[-71,16],[-41,83]],[[55464,9865],[31,-47],[-11,-46],[-102,-19],[-108,29],[-39,53],[21,45],[91,64],[70,-4],[47,-75]],[[48663,9957],[14,-55],[-50,-61],[-86,41],[23,72],[99,3]],[[52643,10124],[82,-6],[10,-29],[-70,-26],[-43,-122],[-156,70],[-9,30],[45,54],[141,29]],[[71262,11602],[48,-25],[28,-48],[-41,-40],[-111,46],[-31,55],[23,24],[84,-12]],[[61368,11613],[-48,-28],[-76,-16],[17,55],[107,-11]],[[71501,11622],[-14,-41],[-69,20],[25,33],[58,-12]],[[74731,11779],[33,12],[64,-27],[-59,-32],[-38,47]],[[74413,11771],[-90,0],[26,39],[64,-39]],[[91909,11742],[-42,-22],[-35,48],[-7,79],[84,-105]],[[74282,11945],[27,-25],[-29,-53],[-134,-8],[-30,22],[32,58],[66,14],[68,-8]],[[75323,12084],[-10,-52],[-97,13],[37,32],[70,7]],[[73096,12121],[47,-41],[-63,-20],[-53,37],[69,24]],[[75261,12270],[99,13],[51,-17],[34,-41],[-6,-40],[-70,-54],[-110,-11],[-70,23],[-8,32],[32,58],[48,37]],[[75992,12276],[-68,56],[-56,14],[-21,37],[43,23],[75,-49],[-6,-36],[33,-45]],[[83569,29131],[-96,63],[-93,-61],[-181,13],[-190,-34],[-67,-7],[-56,-17],[-59,-44],[-31,-33],[-117,-86],[-54,-33],[-68,-20],[-62,-44],[-66,-31],[-63,-15],[-101,-6],[-81,17],[-51,25],[-47,-21],[-37,-29],[-89,-108],[-54,-26],[-91,-68],[-26,-48],[-52,-35],[-94,-24],[-42,-43],[-23,-42],[-29,-116],[-15,-106],[-16,-10],[-36,-63],[-5,-40],[-46,-45],[-60,-10],[-21,-41],[-32,-8],[-16,62],[-56,-10],[-24,8],[-57,-14],[-4,-25],[-46,22],[-21,-4],[-33,-48],[-22,28],[-24,69],[-55,-35],[-75,38],[-53,2],[-45,-26],[-18,13],[-34,-14],[-107,-11],[-40,-39],[-66,19],[-47,3],[-53,-29],[-63,-79],[-26,-72],[3,-36],[-28,-40],[-71,-17],[-49,14],[-15,-31],[-40,-25],[-6,-45],[-61,-35],[-24,-54],[-1,-41],[-32,-1],[-39,-38],[-73,-19],[-10,-23],[-34,12],[-39,-23],[-48,34],[-51,6],[-73,-19],[-116,25],[-58,61],[-62,24],[-73,145],[-36,47],[-74,65],[-41,7],[-20,-22],[-24,41],[-13,90],[-4,200],[24,72],[20,-40],[44,-17],[40,28],[23,41],[40,112],[2,132],[-20,181],[45,29],[-14,33],[8,41],[-8,76],[11,58],[-8,65],[4,64],[-17,139],[-60,172],[-38,156],[-36,82],[-21,97],[-34,209],[4,34],[-12,57],[6,64],[-6,122],[9,89],[-39,193],[-48,90],[-20,64],[3,64],[-16,67],[-29,60],[-30,85],[-39,62],[-18,143],[12,66],[-18,120],[-17,66],[-67,198],[-46,121],[-79,139],[-14,78],[21,59],[11,-53],[23,14],[12,-63],[16,-29],[12,-67],[26,-47],[42,34],[9,26],[0,75],[-28,51],[-26,9],[-29,66],[-5,74],[-37,107],[1,36],[29,18],[61,-143],[-15,-121],[25,-29],[14,42],[23,-35],[10,-69],[36,-58],[35,65],[-12,60],[18,104],[0,73],[-28,26],[-61,169],[-33,139],[-24,24],[-28,115],[-1,82],[-45,98],[-13,59],[-1,82],[13,40],[-5,60],[12,69],[37,138],[37,54],[12,99],[-9,83],[17,55],[-1,60],[-13,71],[-27,30],[-3,75],[23,49],[19,74],[25,141],[31,94],[39,34],[-22,-191],[26,-71],[-17,-80],[19,-22],[29,39],[21,-17],[7,60],[28,97],[7,47],[33,113],[76,74],[47,14],[32,34],[62,42],[40,85],[54,54],[35,88],[58,44],[18,64],[12,-10],[46,20],[41,43],[42,59],[36,-48],[49,46],[78,-53],[43,11],[24,24],[19,-7],[45,27],[27,62],[52,66],[63,0],[63,26],[26,-4],[35,27],[63,140],[39,11],[44,-18],[51,-36],[63,51],[117,30],[111,71],[81,65],[64,80],[32,59],[56,142],[33,130],[0,46],[34,30],[1,56],[13,46],[24,-6],[30,40],[53,94],[28,23],[9,75],[-44,27],[3,117],[-17,74],[2,110],[6,40],[29,61],[-1,25],[36,58],[46,9],[-14,41],[11,42],[36,1],[14,91],[34,46],[8,48],[25,21],[-13,-103],[51,-113],[-2,-53],[32,-51],[37,-157],[42,-94],[3,78],[21,89],[-18,45],[15,51],[54,-70],[-11,66],[29,70],[-36,-10],[-20,74],[-34,57],[23,66],[0,62],[-30,47],[15,55],[47,-4],[-11,-48],[28,-54],[40,41],[38,7],[26,-62],[32,-6],[15,27],[20,-20],[32,-4],[1,38],[-49,-6],[-9,61],[13,37],[25,-17],[18,41],[6,143],[-26,-82],[-29,48],[-7,94],[6,63],[27,46],[34,-18],[18,65],[0,38],[27,3],[33,-35],[35,-68],[10,75],[-13,33],[-30,-28],[-23,98],[18,20],[58,26],[24,-4],[26,-47],[17,22],[-6,56],[-19,1],[-21,30],[8,36],[-24,66],[86,101],[32,0],[9,62],[-9,73],[29,-12],[-9,-40],[23,-43],[21,-8],[2,-56],[26,28],[31,5],[-15,62],[20,17],[3,61],[19,16],[-2,50],[-16,34],[20,47],[11,-113],[15,-32],[38,109],[30,4],[18,-99],[37,38],[-1,56],[31,32],[-19,75],[55,34],[32,-52],[10,-62],[57,18],[26,-13],[19,-58],[48,-60],[33,-94],[31,-65],[72,-100],[-29,-213],[42,-67],[-7,101],[31,76],[28,-67],[-4,108],[35,35],[81,-44],[58,-20],[33,-42],[0,-47],[24,-24],[-11,132],[27,-10],[41,-36],[33,-91],[16,14],[-12,73],[9,51],[21,25],[-32,59],[-6,53],[-61,78],[4,40],[33,92],[0,28],[60,37],[-1,67],[27,59],[-8,43],[14,82],[35,-9],[53,48],[29,57],[-30,74],[-12,7],[3,108],[32,1],[28,48],[-2,73],[63,63],[11,66],[44,1],[30,50],[35,-13],[-7,95],[31,8],[27,-30],[30,15],[21,-43],[23,-14],[78,14],[33,25],[37,-43],[60,63],[42,-26],[4,39],[50,55],[7,89],[-16,41],[28,65],[-27,16],[-27,72],[-34,21],[-34,-10],[-42,-32],[-61,108],[22,25],[20,56],[17,-26],[10,-47],[20,-32],[14,77],[29,25],[9,-34],[25,-10],[53,-137],[23,8],[41,80],[26,-50],[35,-121],[32,-27],[23,21],[36,-52],[38,-21],[16,32],[33,27],[26,-12],[-15,-58],[26,-29],[18,16],[33,-2],[16,-66],[25,25],[26,-37],[60,-4],[27,45],[17,6],[25,-89],[28,-10],[28,-57],[50,19],[12,47],[23,18],[39,6],[10,43],[45,26],[13,-24],[-6,-41],[-31,-46],[5,-36],[26,-10],[31,52],[39,-79],[-11,-26],[10,-46],[62,7],[30,92],[-14,27],[-36,7],[33,69],[40,54],[22,-26],[16,-90],[26,-54],[50,30],[20,-66],[-24,-40],[-32,-20],[1,-36],[-18,-62],[-55,-60],[4,-29],[40,-52],[-38,-10],[19,-42],[-31,-79],[-38,27],[-35,-36],[-20,38],[-14,-43],[-45,-40],[10,-26],[-18,-39],[-2,-72],[24,-75],[18,-24],[-3,-51],[-19,-30],[-5,-87],[-38,-65],[-23,-70],[-14,-13],[-24,-75],[-3,-35],[-35,-44],[21,-104],[22,-35],[27,-12],[56,-66],[24,-44],[78,-80],[7,-60],[40,-39],[30,-48],[22,-18],[42,-73],[37,-18],[23,36],[15,-29],[54,-49],[30,-50],[51,-25],[53,-40],[32,-92],[52,-88],[33,-42],[83,-49],[44,8],[26,-31],[76,-37],[7,-31],[25,-28],[-4,-42],[18,-84],[17,-31],[45,-14],[54,-78],[44,-18],[32,-26],[20,-43],[65,2],[71,33],[67,79],[21,14],[13,52],[21,136],[-4,28],[68,157],[9,65],[19,65],[12,109],[20,71],[-12,72],[6,17],[10,127],[13,85],[41,168],[7,65],[-17,66],[-22,197],[19,119],[-2,84],[-27,64],[-2,86],[23,142],[35,116],[-15,49],[-14,91],[12,34],[34,46],[15,75],[0,42],[-39,71],[36,193],[19,44],[12,-50],[16,12],[-7,73],[49,278],[7,93],[-3,84],[7,27],[40,14],[21,40],[13,53],[45,-15],[-18,-46],[23,-47],[29,-22],[12,-54],[4,-97],[18,-56],[-13,-43],[10,-64],[4,-122],[27,-38],[40,8],[22,-36],[-32,-83],[-2,-90],[47,-30],[19,-84],[29,-28],[-18,-95],[4,-24],[31,-2],[8,-236],[18,-53],[-16,-165],[23,-95],[18,-29],[6,-97],[20,-96],[20,-37],[25,-12],[31,24],[25,39],[7,55],[32,-25],[38,35],[18,35],[19,-46],[-1,-49],[10,-60],[16,-36],[56,-27],[15,-58],[19,-29],[38,-26],[33,-55],[-11,-109],[18,-60],[-13,-52],[5,-73],[25,-106],[-3,-77],[28,-79],[-7,-69],[7,-37],[-12,-30],[-4,-55],[17,-18],[31,-96],[22,-28],[31,-78],[44,-22],[-16,-55],[23,-101],[28,-75],[-1,-62],[21,-58],[-12,-36],[-1,-113],[-25,-112],[5,-53],[21,-43],[22,-16],[8,-56],[34,-17],[-13,-92],[-4,-81],[45,-93],[56,-61],[25,5],[42,-66],[20,10],[51,-58],[68,-6],[35,-54],[11,-100],[24,-53],[47,2],[25,-42],[33,15],[15,-29],[33,-14],[3,-59],[51,-56],[-3,45],[33,22],[12,-76],[49,-37],[15,-67],[-52,-67],[23,-81],[21,-21],[24,-56],[17,1],[20,-55],[28,-8],[21,-46],[-9,-46],[8,-46],[18,-23],[17,-88],[20,-44],[13,-67],[-12,-36],[13,-80],[34,-146],[25,-70],[34,-2],[14,-40],[38,-43],[-27,128],[18,67],[17,11],[27,-62],[16,-65],[23,-11],[57,-59],[15,106],[18,-9],[33,-70],[-1,-64],[19,-44],[-14,-134],[-2,-96],[18,-58],[-12,-17],[18,-105],[46,-30],[27,-47],[16,-65],[24,-9],[34,-63],[48,-54],[27,-2],[26,19],[8,-59],[33,-35],[34,-151],[24,-52],[42,-53],[27,-12],[23,-49],[4,-76],[46,-121],[63,-23],[7,-93],[-12,-106],[61,-123],[21,-8],[-16,-56],[-17,-109],[10,-88],[-1,-95],[11,-19],[0,-119],[15,-61],[-34,-32],[-11,-31],[20,-35],[-13,-34],[23,-21],[15,-56],[27,-56],[2,-39],[35,-77],[1,-131],[38,-98],[-8,-96],[4,-64],[14,-36],[-6,-102],[-41,-84],[-8,-63],[-22,-81],[8,-36],[-12,-84],[-1,-67],[-17,-122],[-16,-46],[1,-47],[-41,-172],[-17,-130],[5,-50],[22,-46],[-8,-75],[-21,-44],[-1,-77],[-16,-50],[5,-31],[-24,-43],[-41,-158],[-22,-30],[-27,-108],[3,-132],[-77,-90],[-17,-39],[5,-37],[-68,-28],[-27,-25],[-44,-98],[-12,-65],[-33,-84],[-21,-83],[-22,-11],[-14,-171],[-11,-56],[-24,-7],[2,-46],[-38,-45],[-27,-65],[-2,-78],[-23,-147],[-21,-38],[6,-64],[-22,-20],[3,-86],[-41,-7],[-16,-80],[-22,-47],[-1,-35],[-27,-81],[-24,-25],[4,-47],[-19,-56],[-10,-98],[5,-83],[-17,-33],[-4,-90],[-36,-132],[-7,-49],[31,-146],[-19,-31],[10,-106],[-24,-26],[-30,-2],[-32,-74],[-50,-43],[-48,-6],[-96,5],[-59,-17],[-32,6],[-80,-6],[-104,-48],[-88,-81],[-52,-69],[-139,-212],[-125,-47],[-42,19],[-19,-27],[20,-31],[7,-46],[32,25],[13,-45],[-5,-70],[-46,47],[-22,64],[-24,24],[-23,-38],[-24,0],[-29,122],[-64,-5],[-32,55],[-5,54],[34,29],[-22,70],[-48,6],[-73,-131],[-37,6],[-22,52],[48,18],[36,91],[-2,54],[-22,28],[-12,48],[-42,0],[-6,-21],[-76,-71],[1,-47],[34,26],[20,-20],[-20,-60],[-67,-8],[-41,-50],[-53,-42],[-56,-102],[-37,-19],[-45,-64],[-54,51],[-25,-4],[-49,63],[-67,29],[-42,53],[-69,53],[-46,-20],[-36,20],[-39,42],[-49,10],[-24,-11],[-19,-54],[-45,9],[-16,41],[-65,82],[-49,37],[-63,-9],[-30,17],[-65,78],[-32,107],[-28,36],[-6,38],[-34,16],[-52,108],[-14,44],[12,28],[-31,86],[30,25],[22,68],[-3,72],[-77,273],[-30,58],[5,31],[-77,103],[-39,43],[25,53],[27,-25],[2,-73],[26,3],[4,47],[-36,43],[42,22],[-20,53],[-21,19],[-33,-35],[-38,-12],[3,-31],[-24,-42],[-36,11],[-29,-15],[-29,-39],[-95,-11],[-14,56],[44,43],[37,58],[22,148],[-6,91],[13,67],[-25,32],[-49,118],[-9,59],[-39,96],[-17,-49],[6,-41],[-29,-53],[-13,-87],[8,-17],[-44,-217],[0,-37],[-21,-24],[-29,25],[-42,3],[-45,-24],[-18,-35],[-35,8],[-23,-28],[-32,18],[34,75],[-5,29],[24,69],[29,-13],[34,11],[33,-25],[15,18],[18,150],[-14,85],[8,93],[-10,48],[27,46],[-6,28],[22,37],[-3,33],[30,44],[17,47],[41,38],[2,45],[-34,133],[12,35],[50,33],[-23,60],[-15,108],[-25,-35],[-22,-66],[-14,17],[-59,-92],[-21,-125],[-40,-131],[-19,-26],[-36,-12],[-15,23],[-42,-62],[-54,-47],[-7,-23],[-57,-63],[-37,-117],[-31,-37],[3,-35],[-51,-41],[-20,-81],[40,-141],[-72,60],[-37,-10],[-47,84],[-9,119],[-13,99],[-20,79],[-4,59],[-18,53],[-91,127],[4,46],[-14,96],[-41,63],[-58,36],[-30,-25],[-15,21],[-23,108],[-35,17],[19,38],[-16,61],[53,-9],[1,71],[-34,66],[-79,-36],[2,35],[24,35],[-37,71],[-32,28],[-3,34],[-25,9],[-10,-34],[-35,19],[-2,-39],[-71,8],[-25,44],[-32,23],[-37,53],[-56,10],[-30,-10],[2,-35],[-67,-4],[-42,63],[-79,90],[-66,61]],[[87985,23331],[-35,45],[-21,-51],[-38,85],[64,19],[-13,66],[-40,4],[-28,37],[-29,-44],[-32,-8],[-7,-59],[-20,-36],[0,-69],[-42,-23],[-44,-98],[-3,-58],[-58,-8],[-53,47],[-55,2],[-74,24],[-12,51],[10,27],[-16,49],[-24,-16],[-32,42],[-7,37],[-39,69],[-20,2],[-31,94],[-11,60],[-24,27],[-16,174],[20,32],[-19,108],[-75,128],[-16,82],[-20,49],[-7,56],[-23,56],[-2,71],[-18,42],[24,55],[-2,91],[79,-21],[40,-23],[155,-69],[22,-43],[33,-12],[80,-57],[56,-6],[160,95],[41,-15],[31,32],[42,-33],[41,81],[19,10],[41,-34],[26,21],[18,58],[60,-52],[33,-81],[-17,-75],[17,-85],[-14,-64],[10,-77],[-15,-97],[18,-58],[-8,-67],[-40,26],[-20,-99],[-24,-61],[6,-97],[-19,-39],[5,-64],[-18,-50],[31,-44],[-11,-51],[10,-110]],[[87807,23277],[-5,-80],[-45,-1],[5,67],[45,14]],[[88100,24757],[-5,-58],[-31,27],[-57,-10],[-2,52],[73,21],[22,-32]],[[87989,24868],[-20,52],[-23,109],[27,58],[57,-112],[35,-13],[10,-106],[-7,-32],[-63,-8],[-16,52]],[[86940,24996],[2,-68],[-51,-49],[-9,80],[-13,17],[6,116],[60,37],[11,-90],[-6,-43]],[[85337,27030],[-22,-51],[-30,22],[-48,2],[-38,-27],[2,-38],[-43,-41],[-24,36],[-43,15],[-19,-31],[-32,11],[-82,-21],[-16,44],[-33,31],[24,81],[49,21],[72,18],[75,43],[22,-12],[50,14],[-11,-72],[28,-16],[60,15],[42,-16],[17,-28]],[[89437,31259],[-10,46],[-4,90],[28,3],[-10,-60],[-4,-79]],[[78655,31893],[-17,7],[-29,57],[-22,73],[-12,81],[0,54],[24,13],[11,-110],[45,-175]],[[89426,32431],[-28,-133],[-29,-103],[-20,-101],[-23,-32],[-14,88],[33,112],[-8,72],[50,78],[4,57],[-21,50],[32,60],[0,-83],[24,-65]],[[88862,33091],[8,-41],[-23,-15],[-63,145],[11,17],[46,-30],[21,-76]],[[79258,34556],[-7,-44],[-20,-29],[-15,37],[24,54],[18,-18]],[[88271,34763],[-36,19],[10,56],[26,-75]],[[87534,35727],[-7,-55],[-18,14],[-28,109],[42,-20],[11,-48]],[[85722,36397],[2,-30],[-34,-4],[17,57],[15,-23]],[[85768,36694],[-33,-54],[-16,34],[-23,-41],[-6,-49],[-38,-30],[-44,14],[22,85],[18,28],[85,36],[35,-23]],[[85055,37040],[-21,-18],[-15,59],[15,27],[23,-19],[-2,-49]],[[81868,37679],[-1,-63],[-28,-6],[9,63],[20,6]],[[84843,38060],[-7,-44],[-29,12],[16,54],[20,-22]],[[85021,37823],[-13,-59],[-45,22],[-25,-12],[-48,31],[-14,110],[6,60],[44,32],[-4,65],[28,-19],[9,-54],[19,-45],[-20,-72],[2,-61],[24,13],[16,-24],[21,13]],[[83301,39058],[26,-31],[-17,-32],[-20,-4],[-47,35],[-47,-28],[-25,1],[3,66],[37,19],[-15,82],[33,75],[22,0],[13,-47],[-1,-51],[17,-28],[-3,-52],[24,-5]],[[83569,39204],[-15,-31],[-13,-66],[-15,12],[-22,-70],[-53,-52],[-31,-49],[-72,63],[-58,75],[-4,52],[-14,30],[-17,126],[9,39],[29,-61],[17,1],[32,-74],[41,31],[12,24],[33,-21],[38,53],[32,29],[16,-26],[26,-4],[12,-70],[17,-11]],[[83824,39330],[17,64],[20,-107],[-16,-32],[-21,75]],[[86444,39576],[-27,-44],[-10,51],[26,28],[11,-35]],[[86454,39839],[13,-25],[-14,-35],[-23,20],[24,40]],[[37320,77371],[-54,-14],[17,-54],[-11,-41],[114,-92],[18,-89],[54,-78],[-128,11],[-64,-34],[-120,7],[36,-74],[81,-14],[101,4],[40,-25],[-14,-150],[27,-40],[-98,-34],[32,-48],[-11,-31],[-67,1],[5,-50],[-37,-6],[-97,21],[-37,39],[-27,0],[-37,-23],[117,-119],[-21,-86],[-54,-104],[-62,2],[-10,-26],[-108,10],[-77,-62],[26,-31],[61,-29],[35,-67],[-42,-44],[38,-51],[-12,-72],[-28,-45],[81,-3],[-20,-68],[-61,-85],[25,-38],[-54,-45],[7,-86],[-56,-35],[-2,-70],[-56,-23],[68,-40],[-15,-47],[-80,-24],[-108,33],[-14,-14],[160,-37],[26,-50],[-11,-67],[-40,-32],[-60,3],[-31,-58],[61,-89],[-13,-89],[-229,55],[-80,-12],[-37,-5],[-14,-16],[-30,-68],[-103,26],[-22,60],[-35,26],[70,57],[-3,78],[-74,-22],[-48,38],[-59,3],[-99,29],[58,36],[12,43],[-75,32],[-9,56],[-92,85],[-10,-36],[-58,-10],[-2,-40],[-60,-56],[-52,30],[7,57],[-110,-73],[-132,7],[-39,66],[16,36],[-161,83],[29,44],[-10,40],[-82,11],[-104,102],[49,19],[-17,83],[-38,-43],[-46,60],[12,50],[61,12],[64,52],[-63,9],[-41,-48],[-71,38],[21,39],[-53,58],[-86,26],[-78,86],[34,137],[-63,89],[-40,18],[-12,57],[56,47],[-52,20],[-79,-40],[-45,18],[-8,82],[-23,16],[12,57],[-72,39],[-39,55],[37,64],[-1,58],[-47,56],[188,28],[18,40],[-168,-48],[-52,17],[-26,46],[160,0],[63,99],[74,30],[-43,68],[81,55],[48,-19],[41,-94],[134,-75],[-9,43],[-102,54],[-4,91],[-123,28],[-32,26],[-68,-68],[-42,-10],[-50,48],[-45,-75],[-23,-69],[-88,-123],[-83,-2],[-10,111],[23,83],[-16,34],[47,29],[28,44],[92,22],[-53,45],[-40,-61],[-74,13],[30,47],[-63,61],[21,102],[-66,-8],[-32,24],[78,65],[-139,44],[10,69],[-117,1],[-13,32],[45,35],[-52,55],[-51,20],[20,59],[103,47],[69,45],[15,35],[87,54],[82,23],[48,77],[-26,10],[-45,-72],[-155,-84],[-77,-74],[-93,-44],[-84,13],[27,54],[-35,56],[19,75],[61,10],[-8,58],[38,24],[62,-10],[104,10],[-115,119],[-148,-10],[3,42],[-88,54],[33,36],[115,10],[26,26],[64,3],[249,58],[0,17],[-259,-62],[-106,-4],[-69,-33],[-30,14],[19,92],[115,56],[89,82],[132,37],[39,0],[146,-67],[199,14],[-41,100],[-45,-58],[-70,-24],[-41,27],[-101,8],[-29,26],[-129,-13],[-65,-30],[-72,-70],[-65,-38],[-43,47],[52,53],[-39,46],[131,78],[17,70],[148,41],[175,-72],[192,12],[164,-80],[38,22],[-125,49],[-81,53],[2,58],[-114,0],[-214,-47],[-49,31],[-48,-11],[-75,48],[84,53],[42,51],[175,31],[2,-25],[104,-7],[113,31],[59,44],[-24,39],[-62,-1],[40,58],[-9,89],[14,44],[78,-2],[84,-53],[81,3],[-79,90],[0,47],[-112,-64],[-61,19],[55,63],[17,143],[68,82],[93,-7],[-23,57],[-70,19],[25,56],[-118,-39],[-134,2],[-50,24],[-103,2],[-86,17],[-75,82],[-167,68],[-163,13],[-48,17],[-153,134],[71,57],[93,16],[146,-38],[173,2],[91,-27],[163,-97],[79,-38],[238,-53],[-30,47],[-59,2],[-95,74],[95,20],[30,25],[-139,17],[56,95],[-72,11],[-123,56],[23,24],[167,-53],[2,27],[-172,60],[-108,-1],[190,88],[-57,24],[-81,-56],[-100,-48],[-36,13],[84,59],[-3,35],[-198,28],[79,52],[118,26],[-108,50],[-162,16],[110,78],[-221,-62],[-15,-45],[-95,-4],[65,-50],[-28,-53],[-181,-43],[-51,2],[-44,40],[-82,-27],[-61,33],[-40,74],[21,26],[-70,37],[128,51],[27,51],[-76,55],[179,107],[0,59],[-91,-4],[-115,44],[38,32],[145,1],[-8,27],[61,47],[33,90],[-89,77],[-130,36],[2,93],[51,64],[-61,39],[-93,109],[-28,89],[-103,91],[35,38],[-15,59],[-93,3],[27,61],[-30,42],[100,23],[-171,107],[9,50],[-64,56],[-56,-8],[-225,100],[-30,51],[-112,83],[132,61],[-104,77],[29,39],[-159,-15],[-62,89],[-109,9],[-9,32],[-111,35],[-190,0],[-10,63],[-263,22],[-111,43],[-35,-22],[-208,58],[-82,8],[-66,-96],[-83,-24],[-94,62],[-183,-62],[-79,0],[1,-55],[-143,38],[40,88],[-129,-27],[-52,-69],[-170,90],[-70,-52],[74,-49],[147,-59],[-522,66],[-179,102],[-145,50],[17,27],[180,42],[46,32],[188,-1],[13,50],[-248,-10],[-271,43],[-50,25],[-149,1],[-184,94],[1,40],[118,60],[494,33],[186,60],[250,3],[178,-14],[29,31],[124,3],[40,35],[-61,62],[-89,28],[-142,-1],[-29,-49],[-92,-25],[-281,-7],[-156,-29],[-277,53],[50,58],[-163,3],[162,88],[-82,3],[-81,-41],[-170,-5],[-159,59],[-236,109],[-31,32],[59,41],[-45,31],[56,37],[13,65],[174,19],[104,42],[200,-13],[17,39],[351,57],[126,44],[-18,41],[267,49],[365,33],[151,-20],[114,53],[74,63],[70,20],[79,66],[-41,75],[19,62],[-50,33],[54,111],[-102,12],[-149,-42],[-82,30],[-237,-5],[-110,61],[2,79],[179,60],[8,45],[165,28],[24,28],[249,57],[100,108],[221,30],[27,28],[228,58],[209,-15],[187,-45],[151,38],[-96,93],[137,69],[-179,118],[46,35],[326,66],[329,-43],[42,-89],[146,-8],[-93,106],[-264,61],[230,51],[424,42],[695,92],[93,-26],[144,-102],[13,-103],[-69,-82],[-7,-95],[231,154],[-25,72],[572,-65],[285,-3],[98,37],[-300,104],[-141,177],[562,-27],[74,-49],[404,-93],[328,-67],[22,-45],[207,-78],[228,12],[-58,61],[-98,22],[131,62],[-103,39],[21,37],[233,42],[29,33],[-190,44],[-42,33],[-287,82],[188,21],[843,-8],[150,-20],[168,-68],[179,-18],[3,77],[-274,40],[-1497,59],[-78,42],[112,43],[342,50],[567,24],[101,35],[248,-43],[281,-104],[336,-12],[176,52],[310,43],[-331,52],[46,84],[169,5],[127,36],[227,15],[402,0],[738,48],[230,-22],[264,6],[1341,-152],[-114,-44],[-1250,-36],[-383,-38],[165,-34],[389,67],[729,-33],[223,12],[356,41],[102,-27],[23,-57],[-91,-43],[277,-4],[107,-33],[294,-21],[335,-95],[-23,-25],[-242,-64],[-35,-44],[-389,-30],[-1067,-46],[-533,-24],[-25,-27],[-491,-61],[-269,-60],[16,-75],[163,22],[115,49],[236,16],[473,67],[342,31],[843,-37],[-23,-103],[-431,-82],[-20,-95],[207,67],[292,42],[327,73],[30,115],[485,30],[72,-52],[25,-103],[-62,-127],[-272,-183],[-77,-15],[-253,-184],[152,32],[-10,32],[272,71],[160,89],[110,18],[70,61],[350,138],[38,-40],[-58,-90],[215,64],[406,-45],[186,113],[-9,55],[343,32],[345,-1],[232,-48],[276,-39],[93,-67],[11,-57],[-141,-28],[-100,-73],[-307,-93],[-233,-5],[93,-38],[-24,-65],[-275,-34],[-27,-33],[-223,-6],[-218,13],[-410,-45],[-236,46],[-251,-63],[50,-21],[197,69],[384,-72],[200,11],[111,35],[120,-52],[177,-37],[-176,-93],[-383,-29],[-429,50],[-132,-88],[-123,-122],[83,-8],[37,-62],[132,37],[74,-32],[-96,-161],[43,-49],[125,-13],[-4,-56],[-160,-18],[-96,-48],[33,-43],[-38,-51],[-194,1],[-88,-32],[24,-101],[-42,-30],[-68,-117],[-6,-96],[-83,-40],[23,-43],[-63,-30],[-50,-86],[170,0],[-11,49],[110,97],[55,0],[214,-90],[162,-29],[101,-58],[-116,-37],[-163,75],[-202,-38],[115,-31],[-52,-38],[83,-53],[135,-15],[92,-62],[81,50],[123,-12],[80,-42],[16,-144],[-64,-86],[-150,45],[-88,-4],[-135,47],[-166,10],[-142,-75],[-72,0],[-50,-50],[-87,0],[-35,40],[-213,-38],[217,-38],[70,-47],[29,-71],[-37,-65],[218,26],[108,-42],[148,17],[71,-65],[-160,-67],[140,-52],[72,-75],[-31,-35],[57,-63],[11,-69],[-23,-89],[-43,-41],[-78,4],[-78,95],[-134,-24],[-142,64],[-31,-29],[90,-24],[112,-59],[-35,-36],[0,-118],[-18,-28],[64,-74],[120,-10],[95,-38],[73,48],[47,-17],[1,-63],[79,-19],[-108,-109],[-67,-14],[-154,21],[-42,82],[-241,14],[-139,-17],[-75,-59],[-50,-70],[3,-40],[64,-51],[107,30],[242,-86],[86,5],[21,-49],[-52,-19],[-16,-155],[-198,4],[-277,-103],[-215,52],[-234,121],[-20,111],[-93,-46],[9,-84],[-92,-33],[-154,-10],[-43,-63],[-68,-37],[-119,-16],[115,-51],[179,-27],[19,-29],[-91,-66],[-100,5],[-79,-53],[29,-28],[96,49],[86,-37],[95,-21],[42,-85],[-43,-60],[89,-8],[48,-42],[156,-44],[49,-48],[126,-40],[27,-28],[135,-55],[-149,-94],[13,-36],[189,28],[-60,-116],[14,-100],[33,3],[18,80],[94,28],[72,-42],[-17,-34],[19,-73],[-33,-51],[57,-65],[-50,-44],[38,-62],[-31,-82],[68,-17],[-57,-57],[-89,35],[-171,-31],[-184,1],[-157,86],[-68,96],[-21,138],[-109,95],[-121,20],[-122,104],[-134,33],[-191,-20],[-100,61],[-17,38],[-177,117],[-128,14],[-26,-34],[131,-34],[171,-76],[-13,-31],[93,-63],[93,-24],[64,14],[193,-18],[85,-60],[-51,-92],[-107,-54],[-62,-8],[-52,-35],[-108,-20],[-182,3],[-76,41],[-106,-24],[71,-47],[-24,-70],[-81,-88],[-231,-47],[17,-38],[86,38],[136,20],[13,-69],[400,56],[57,-5],[56,-47],[-101,-45],[-74,19],[-86,-39],[-38,-37],[-126,-41],[83,-16],[33,-51],[51,17],[26,87],[91,47],[140,-32],[112,55],[161,53],[221,-83],[248,-67],[318,1],[79,8],[-81,-80],[-54,-16],[-80,12],[-99,-54],[38,-42],[-160,-26],[23,-50],[-53,-53],[-76,11],[-138,-127],[-110,-27],[-4,-46],[-169,-131],[-74,-40],[-78,1],[-49,-67],[-205,-24],[-36,-37],[-160,-11],[-48,-35],[-111,-15],[-134,-33],[-49,-42],[-87,-21],[-129,79],[-42,-71],[38,-55],[-96,-10],[-147,-31],[-133,37],[-76,-10],[-13,51],[-67,29],[-23,54],[-68,43],[-21,-37],[54,-16],[57,-128],[-35,-20],[7,-72],[-47,-22],[-66,5],[-47,-55],[-62,-36],[-70,-66],[-46,-12],[21,-57],[-38,-41],[15,-44],[-40,-24],[-63,-106],[-53,-31],[-38,-102],[-45,-68],[-75,-42],[-28,-60],[-89,-45],[-65,40],[0,-65],[-63,28],[-55,-11],[19,-81],[-59,-18],[-72,-70],[-85,40],[-117,-48],[-15,-25],[-88,-47],[-116,75],[-42,61],[68,36],[-3,24],[92,89],[-108,-9],[-50,23],[-79,10],[-12,-27],[103,-22],[-56,-89],[-5,-84],[-53,11],[-23,-33],[42,-67],[-29,-62],[-102,2],[-18,-30],[-142,1],[-67,-23],[-51,66],[-25,-57],[-39,-29],[-42,36],[-27,-60],[67,-11],[7,-100],[-71,-35],[-17,-62],[-69,2],[-55,48],[-61,-23]],[[36387,74821],[-38,13],[20,70],[45,-21],[13,-28],[-40,-34]],[[36172,75020],[-8,-55],[-58,-41],[12,92],[54,4]],[[35797,75226],[-36,16],[130,61],[7,-25],[-101,-52]],[[34524,77014],[-42,14],[51,77],[46,3],[-55,-94]],[[36560,74780],[-22,-43],[-71,-5],[-13,36],[38,50],[68,-38]],[[36479,74825],[-72,-57],[-25,20],[46,55],[51,-18]],[[36704,74866],[-5,-39],[-78,28],[-29,-64],[-83,34],[-58,60],[11,32],[242,-51]],[[35483,75208],[-48,-39],[-37,7],[-53,52],[83,18],[55,-38]],[[37009,76209],[3,-26],[-100,-13],[9,61],[88,-22]],[[37247,76467],[-3,-32],[-75,11],[-114,115],[44,14],[31,-35],[81,-40],[36,-33]],[[37375,76934],[-70,-3],[-5,41],[70,-3],[5,-35]],[[37516,77067],[-72,-10],[-23,19],[-21,92],[-53,57],[-26,51],[41,13],[59,-51],[-3,-64],[98,-107]],[[38238,77719],[-5,-43],[42,-14],[-114,-55],[-56,28],[-2,85],[84,55],[51,-56]],[[34544,79775],[56,5],[93,-48],[-81,-54],[5,-80],[-79,-11],[-25,102],[42,38],[-11,48]],[[34093,79491],[-183,-53],[-151,49],[-15,57],[109,-13],[31,25],[-53,43],[-67,-5],[-163,18],[-68,57],[60,133],[-16,116],[101,56],[147,-12],[171,-44],[63,-41],[81,-95],[196,-62],[10,-57],[34,-29],[-82,-77],[-205,-66]],[[34385,80287],[40,-48],[-133,23],[13,39],[80,-14]],[[33827,80357],[-16,44],[92,76],[59,-83],[-15,-49],[-59,-13],[-61,25]],[[34206,80448],[-48,-48],[-79,-7],[-44,30],[-13,66],[53,20],[151,-16],[-20,-45]],[[33989,80585],[-43,20],[14,48],[167,-5],[-90,-62],[-48,-1]],[[33518,80974],[-78,-71],[-80,29],[117,50],[41,-8]],[[33333,81122],[35,72],[110,44],[29,-56],[-118,-90],[-56,30]],[[33229,81727],[-132,-6],[7,49],[125,-43]],[[29084,83504],[-34,-37],[-115,3],[-106,34],[51,35],[204,-35]],[[29412,83518],[-194,-20],[48,48],[146,-28]],[[33994,85890],[-18,43],[149,29],[86,-58],[331,-93],[-235,-9],[-291,58],[-22,30]],[[36340,86010],[28,-14],[-174,-81],[91,-62],[-575,130],[-82,76],[-138,66],[368,17],[270,-57],[212,-75]],[[35448,86195],[-128,4],[12,52],[209,-34],[-93,-22]],[[40849,80187],[-9,66],[137,11],[-34,-38],[-94,-39]],[[41493,80190],[5,-45],[-141,-28],[-37,-29],[-86,21],[-78,-30],[-401,-47],[38,104],[67,8],[164,119],[108,2],[258,94],[7,-54],[71,-26],[25,-89]],[[42397,81029],[-111,0],[-75,18],[-9,-51],[169,-45],[-55,-75],[-74,6],[-113,52],[-32,36],[-225,78],[-120,62],[-36,118],[149,27],[80,-22],[130,1],[28,-40],[88,-62],[53,-10],[152,-63],[1,-30]],[[41632,81272],[-38,-68],[-93,27],[37,28],[94,13]],[[42402,81183],[-194,-20],[-45,61],[-92,29],[-121,-3],[-58,18],[-187,-3],[-2,45],[203,12],[145,30],[264,-49],[95,-31],[-70,-56],[62,-33]],[[41706,81338],[-145,35],[-98,2],[-74,31],[106,68],[18,45],[210,7],[330,-87],[67,-71],[-399,-36],[-15,6]],[[42825,81938],[51,-41],[-232,-36],[-243,56],[25,71],[159,53],[188,-24],[52,-79]],[[43259,82128],[-24,-42],[-107,20],[85,44],[46,-22]],[[42971,82257],[20,-17],[-109,-78],[-79,17],[-66,43],[18,82],[114,30],[61,-23],[41,-54]],[[43639,82380],[-48,-69],[-162,20],[-93,-27],[-129,31],[35,145],[76,18],[188,-142],[60,32],[73,-8]],[[43308,82838],[-86,69],[-5,49],[-58,91],[33,76],[87,3],[-17,-60],[19,-165],[27,-63]],[[43454,83627],[4,68],[96,4],[-47,-62],[-53,-10]],[[43102,83750],[3,-40],[-312,73],[133,23],[62,-50],[114,-6]],[[43154,84163],[-130,30],[122,78],[8,-108]],[[43251,84793],[275,59],[124,-39],[-150,-135],[-174,-28],[-163,45],[-71,47],[159,51]],[[43048,84821],[-22,58],[106,32],[117,-49],[-201,-41]],[[43528,85602],[-129,48],[112,27],[123,-71],[-106,-4]],[[43065,85780],[98,45],[111,-87],[-98,-21],[-111,63]],[[0,36435],[0,88],[23,46],[25,-42],[-48,-92]],[[96569,36524],[0,-89],[-28,12],[28,77]],[[96569,36841],[0,-10],[-40,-61],[-30,-84],[-38,-40],[-7,-42],[-22,-41],[16,-30],[81,129],[28,4],[-17,-57],[3,-51],[-70,-14],[-12,-22],[-81,-9],[15,38],[-23,20],[-25,-16],[-34,-50],[-5,-50],[-38,33],[-23,-60],[-25,-11],[-28,110],[-32,9],[24,73],[29,-27],[45,61],[18,38],[37,8],[50,28],[24,-5],[35,44],[82,69],[24,-25],[39,41]],[[96148,35441],[18,-29],[-42,-17],[1,61],[23,-15]],[[96223,35922],[-12,-48],[-52,-27],[-18,20],[-34,-22],[-29,-51],[-83,-9],[-9,16],[-63,34],[-31,4],[-38,26],[-22,77],[8,50],[24,14],[17,40],[-12,51],[62,93],[57,44],[25,-20],[31,25],[59,10],[11,-47],[38,-60],[42,-50],[-9,-52],[18,-54],[-11,-31],[31,-33]],[[92879,19655],[-43,-93],[-32,-27],[-21,23],[46,50],[16,71],[34,-24]],[[971,22998],[2,66],[-38,8],[16,-99],[42,-47],[-83,-34],[-15,46],[40,48],[-33,62],[10,45],[85,-31],[-26,-64]],[[93404,21427],[-2,-25],[-53,-13],[-25,-32],[-31,9],[-38,-17],[1,78],[45,75],[-16,45],[8,55],[36,7],[69,-90],[-7,-51],[13,-41]],[[94902,24490],[11,71],[37,-14],[-18,-36],[-30,-21]],[[94624,23307],[-5,-68],[20,-97],[66,-21],[15,-88],[-30,-30],[-32,-7],[-42,50],[-60,40],[-21,-8],[-14,-65],[-82,-44],[-51,-51],[-17,-1],[-69,-53],[-54,-55],[-41,-144],[2,-169],[-30,-84],[-30,-41],[-27,-100],[8,-23],[-56,-138],[24,-92],[-24,-22],[-55,-8],[-43,-29],[-26,-86],[-100,-112],[-4,-44],[-57,-56],[-125,-33],[-36,-18],[-43,18],[-8,42],[-68,-27],[-61,37],[-40,93],[-38,3],[-60,-24],[-41,104],[-64,20],[-14,-51],[-62,-11],[-24,18],[-87,8],[-12,44],[-27,22],[3,61],[-43,-9],[6,88],[107,15],[-25,26],[-7,57],[-18,34],[28,98],[20,33],[37,-31],[16,18],[-20,78],[37,53],[16,47],[58,54],[89,119],[30,0],[-7,48],[89,134],[46,59],[19,46],[63,31],[27,-23],[30,19],[60,63],[30,44],[105,78],[40,18],[44,86],[36,24],[20,44],[36,10],[33,67],[41,48],[49,26],[43,56],[23,54],[48,71],[49,148],[7,74],[42,158],[-6,32],[46,4],[39,31],[32,44],[21,71],[24,25],[12,82],[-2,182],[21,40],[48,45],[38,63],[18,-11],[18,51],[22,-21],[-9,-91],[45,-55],[43,23],[13,-44],[-9,-131],[25,-81],[23,5],[61,82],[35,34],[97,10],[23,37],[21,-22],[31,9],[13,-59],[-28,-51],[-6,-50],[-21,-52],[1,-46],[31,-30],[14,-73],[16,-15],[-23,-61],[-52,-77],[-31,-105],[-38,-46],[-11,-35],[-40,-44],[-9,-41],[-64,-190],[-54,-56],[-37,-12],[-36,-39],[-17,-55]],[[95372,26798],[-49,19],[9,63],[38,-30],[2,-52]],[[95752,25139],[22,-28],[0,-45],[-53,-212],[-36,-56],[-25,-97],[-18,0],[-53,-106],[-34,-118],[-26,-38],[-15,-65],[-27,-53],[-51,-62],[-120,-119],[-29,-2],[-10,98],[-47,16],[-38,-17],[6,97],[-20,-3],[-20,-58],[-35,27],[62,124],[27,37],[54,148],[12,52],[13,116],[-22,125],[-50,85],[-34,27],[-73,17],[-35,45],[-32,62],[-89,35],[-54,75],[-2,92],[20,37],[96,80],[42,-1],[57,68],[16,102],[1,86],[17,87],[0,84],[36,-3],[12,70],[-27,9],[18,101],[-43,217],[-34,119],[21,17],[16,-59],[48,49],[-13,67],[-36,3],[-48,-52],[-8,13],[-22,127],[-51,107],[11,49],[27,-92],[30,24],[-8,89],[-44,18],[4,25],[-41,73],[-27,4],[44,-91],[-33,-26],[-15,66],[-45,101],[-120,246],[-83,176],[21,31],[6,49],[-15,65],[-93,188],[-33,36],[18,24],[73,5],[-29,-60],[39,-30],[19,-104],[47,-50],[29,3],[20,-43],[48,11],[62,-19],[21,-35],[45,-121],[31,22],[22,-6],[38,-83],[-2,-32],[27,-38],[-14,-63],[19,-20],[-2,-45],[-28,-27],[6,-41],[36,-34],[-2,-26],[36,-69],[-10,-174],[26,-114],[70,-31],[0,-34],[43,5],[25,-39],[-3,-54],[12,-39],[62,-3],[-19,125],[-21,44],[19,38],[-4,72],[-39,62],[22,28],[33,-39],[15,-91],[46,13],[-1,-37],[25,-72],[10,-76],[-4,-76],[11,-25],[11,-97],[-11,-23],[14,-55],[36,-27],[27,10],[77,-48],[54,-57],[62,-25],[52,-48],[14,14],[65,9],[32,32],[48,118],[37,14],[42,49],[66,-4],[17,-30],[46,-17],[14,-32],[-36,-79],[-21,-63],[8,-39],[-14,-33],[-3,-60],[12,-25],[-18,-112],[-63,-88],[-26,-22],[-22,-162],[31,-22],[-35,-80],[-13,92],[-15,12],[-101,2],[-86,-61],[-35,-74],[-8,-49],[13,-80]],[[93222,33638],[-4,-50],[-24,13],[2,41],[26,-4]],[[93387,34206],[-2,-85],[-25,-28],[-21,10],[-27,68],[-6,64],[35,-10],[11,-30],[35,11]],[[93198,34407],[-3,-59],[-24,-9],[-17,37],[-33,9],[-21,38],[31,104],[8,58],[25,-29],[-6,-86],[27,-20],[13,-43]],[[93091,33804],[-6,-39],[-27,-35],[-9,26],[-27,-29],[-39,57],[-41,-5],[-52,69],[-13,-1],[-25,52],[0,33],[-22,39],[-19,-27],[-33,49],[-13,-3],[-23,63],[-15,-12],[-71,69],[-33,24],[-31,46],[-15,43],[-53,56],[-23,51],[-9,50],[-20,11],[-19,57],[-37,28],[-41,66],[-21,91],[-25,25],[-16,112],[-25,0],[3,96],[52,-88],[19,25],[48,-33],[23,-45],[39,-41],[27,-55],[63,-75],[42,-15],[14,-53],[38,-39],[-2,-53],[53,-69],[5,-37],[36,-18],[25,-40],[16,3],[42,-46],[41,-63],[52,-55],[43,-84],[55,-70],[43,-32],[26,-79]],[[60156,34733],[1,34],[26,84],[22,42],[11,71],[-29,69],[9,82],[21,43],[-6,53],[-63,181],[8,125],[-19,96],[-36,92],[-2,114],[-11,130],[9,84],[-29,84],[4,72],[64,180],[15,62],[52,135],[-4,76],[13,31],[-17,57],[14,92],[81,-5],[27,-14],[49,54],[27,63],[34,34],[17,-93],[21,27],[-8,41],[70,15],[-5,46],[20,34],[35,-15],[16,17],[35,-7],[35,44],[28,-27],[-12,-30],[23,-61],[20,-11],[5,64],[-21,70],[7,32],[147,202],[24,13],[7,-41],[21,-21],[-29,-84],[71,29],[-46,109],[9,40],[30,44],[23,62],[0,38],[41,87],[14,-20],[2,-67],[-22,-59],[-3,-61],[20,3],[54,190],[18,50],[-14,77],[2,38],[29,77],[30,-16],[7,31],[24,17],[1,33],[-28,40],[-18,110],[8,90],[34,43],[30,-39],[10,-75],[24,-30],[15,13],[1,59],[26,69],[28,6],[17,34],[41,16],[24,75],[2,90],[26,76],[4,58],[-24,87],[5,36],[-31,55],[22,21],[28,-28],[7,68],[37,45],[22,48],[0,49],[15,52],[17,-28],[8,-73],[-28,-17],[27,-59],[12,34],[19,-65],[20,-9],[13,-51],[-6,-68],[45,-60],[35,-71],[1,-31],[20,-46],[-1,-67],[10,-81],[16,-15],[2,-68],[27,-143],[8,-136],[-3,-73],[14,-42],[-6,-84],[5,-80],[20,-131],[19,-77],[33,-81],[7,-60],[-20,-142],[-25,-105],[-25,-74],[-20,-13],[-35,63],[-16,64],[-1,52],[-18,32],[-2,70],[-40,-7],[-30,-54],[25,-180],[-13,-74],[5,-31],[38,-48],[-3,-98],[4,-72],[-33,-78],[14,-73],[-41,-15],[-25,-78],[-27,-121],[20,-189],[-2,-67],[-22,-135],[-15,-178],[-31,-116],[-14,-92],[-31,-112],[-24,-156],[-34,-153],[-10,-108],[-11,-67],[-22,-82],[-37,-188],[-27,-177],[-1,-41],[-21,-104],[-14,-96],[-33,-190],[-69,-275],[-12,-67],[-18,-209],[-19,-104],[-7,-73],[-32,-167],[-13,-131],[-20,-81],[-11,-12],[-31,-142],[-7,-81],[-47,-211],[-46,-78],[-11,10],[-42,-54],[-31,-15],[-71,10],[-40,-17],[-53,-40],[-72,-65],[-27,-43],[-48,-39],[-96,-6],[-5,28],[-36,28],[-40,64],[-28,20],[-97,24],[-48,94],[-43,34],[-7,67],[-20,45],[0,61],[-24,73],[-35,50],[-14,110],[2,159],[-6,114],[29,34],[2,58],[-34,57],[-12,132],[-26,37],[-35,86],[-19,120],[-2,81],[-15,85],[19,45],[-13,65],[24,133],[21,47],[16,1],[0,133],[8,36],[23,29],[39,-3],[21,28],[14,74],[10,97],[17,57],[19,21],[24,114],[35,61]],[[61685,36527],[-13,-94],[-13,24],[26,70]],[[61249,38232],[-33,-11],[-2,66],[31,2],[4,-57]],[[82028,48364],[-32,60],[9,61],[20,-28],[3,-93]],[[81271,48581],[-41,-45],[-6,45],[29,27],[18,-27]],[[82236,48540],[12,-22],[-37,-96],[-2,-31],[-32,-2],[-12,-53],[-24,20],[-12,-25],[23,-58],[-7,-149],[-14,-53],[-22,76],[-4,164],[-28,48],[3,33],[-22,48],[-26,125],[-40,-57],[0,-54],[-40,-57],[-8,-51],[-24,-72],[2,-85],[18,-2],[29,-39],[36,-183],[-11,-99],[-75,-188],[-22,9],[-1,40],[-32,63],[22,76],[-3,71],[-22,9],[-27,-124],[-35,1],[-92,67],[-47,56],[-47,38],[-51,125],[-1,115],[-23,76],[2,72],[15,75],[41,55],[17,89],[-28,28],[-20,71],[-42,48],[-31,6],[-19,42],[-37,22],[-38,-19],[11,-69],[-35,-45],[26,-60],[-9,-40],[-52,72],[-22,-2],[12,57],[-21,52],[-16,-38],[-14,-94],[-44,42],[-10,60],[5,36],[-29,23],[-29,-14],[-41,-76],[11,-15],[-37,-63],[8,-30],[-30,-71],[-6,-75],[-24,-85],[-31,-6],[-27,31],[-10,39],[9,80],[30,42],[0,70],[18,80],[4,106],[44,97],[39,28],[57,25],[74,17],[24,41],[-14,21],[8,61],[17,54],[74,21],[8,38],[31,36],[30,-51],[7,29],[38,-22],[24,-77],[5,-44],[2,-129],[44,42],[52,11],[24,151],[23,46],[36,-23],[27,-42],[30,12],[9,116],[-1,108],[10,32],[26,-10],[53,-81],[20,22],[-3,61],[13,40],[23,-42],[40,-4],[18,20],[4,81],[-21,110],[-18,136],[16,66],[30,-28],[14,-64],[84,-68],[21,-99],[17,-27],[39,33],[-11,-107],[36,-68],[8,-51],[-12,-43],[-43,-57],[5,-63],[17,14],[36,-10],[9,-121],[20,-31],[-18,-148],[3,-50],[21,-43],[26,-14],[-4,-46],[11,-81],[-11,-81]],[[81895,49871],[-40,50],[25,17],[15,-67]],[[81708,50666],[3,-38],[-41,3],[-24,92],[34,8],[16,-17],[12,-48]],[[81090,54078],[3,-76],[-34,-65],[1,-68],[-12,-93],[5,-89],[25,-129],[31,-4],[18,-30],[-6,-58],[32,-43],[-15,-50],[-3,-47],[-32,-126],[-37,-109],[-1,-80],[-66,-62],[-55,-32],[-47,-72],[-6,-51],[22,-53],[-69,-207],[29,-72],[29,-152],[35,-69],[-26,-9],[-5,-45],[14,-97],[26,-86],[-7,-29],[55,-96],[79,-44],[-8,44],[24,14],[-33,58],[81,103],[36,-22],[40,15],[27,-27],[42,-86],[18,-59],[3,-43],[-11,-62],[16,-27],[42,13],[13,36],[-9,57],[-17,29],[10,37],[20,1],[40,-59],[123,-83],[-37,-48],[-56,20],[-16,-51],[20,-55],[17,-15],[17,-62],[17,-27],[-12,-76],[18,-42],[15,36],[29,-22],[27,-45],[17,-106],[-13,-119],[-30,-6],[-28,50],[-16,93],[49,24],[6,37],[-35,10],[-19,-49],[-27,-16],[-15,40],[-19,-14],[-42,70],[-35,-12],[-8,53],[6,58],[-30,62],[-6,45],[-53,39],[-42,63],[13,20],[-33,62],[-60,58],[-5,-141],[33,-50],[-6,-22],[20,-64],[5,-75],[-28,-28],[-22,33],[-1,64],[-49,112],[-30,11],[-24,69],[-35,30],[-70,78],[-10,-22],[-55,-37],[-13,-27],[8,-51],[-50,-50],[-32,23],[-33,1],[5,40],[-39,41],[-4,51],[-40,13],[-6,-39],[-27,-4],[-6,61],[5,67],[-8,48],[10,35],[23,14],[45,80],[24,22],[-9,82],[-28,48],[-51,12],[-26,25],[-1,-67],[10,-22],[6,-76],[-9,-33],[-44,8],[-9,82],[-22,17],[-27,60],[-26,10],[-10,68],[0,65],[-12,104],[-32,79],[20,43],[-16,41],[5,47],[-11,112],[-33,14],[6,97],[-6,33],[15,81],[30,-11],[-6,-47],[51,-48],[4,-42],[21,-18],[40,13],[18,53],[-18,63],[-8,126],[-8,33],[14,51],[-4,32],[31,92],[-7,130],[11,73],[-11,75],[-18,19],[5,60],[20,119],[13,44],[-2,43],[31,137],[-6,52],[13,34],[43,12],[21,39],[21,-37],[48,38],[85,-82],[51,-59],[64,-36],[33,0],[37,53],[11,63],[18,1],[20,-59]],[[80542,47525],[-17,-35],[-44,-18],[-19,-43],[-36,-8],[2,38],[37,44],[32,18],[30,45],[15,-41]],[[81090,48206],[-16,-31],[-13,-59],[-60,-24],[-23,50],[-10,82],[27,4],[34,32],[61,-54]],[[79692,48917],[-5,-104],[-17,-13],[-13,51],[2,68],[33,-2]],[[81758,49487],[0,-58],[-31,21],[-6,46],[16,16],[21,-25]],[[81466,49469],[-15,-33],[-43,37],[47,58],[11,-62]],[[82128,49801],[-12,-35],[-27,11],[-10,60],[26,77],[23,-113]],[[81699,49821],[16,-34],[-11,-35],[-23,18],[-24,-54],[-31,-26],[-61,-6],[-35,11],[-34,61],[0,32],[21,55],[44,33],[6,34],[30,48],[39,9],[69,-69],[-6,-77]],[[82008,49842],[-29,27],[-7,34],[-23,35],[11,55],[-5,51],[10,27],[34,14],[-7,-69],[13,-95],[-7,-56],[10,-23]],[[80461,50187],[11,-32],[-50,-47],[-7,45],[19,55],[27,-21]],[[81201,50252],[7,-47],[-27,-97],[-28,-11],[-1,84],[13,37],[36,34]],[[81433,50300],[-24,-140],[-26,-56],[-26,-171],[-36,-113],[11,-190],[33,-72],[-6,-64],[-18,-53],[-53,-36],[-27,43],[-17,100],[-73,55],[-27,64],[-27,137],[21,69],[63,6],[45,66],[-6,55],[4,61],[-12,91],[23,32],[16,62],[-1,77],[66,60],[31,-22],[52,-16],[14,-45]],[[81560,50302],[-7,-43],[8,-60],[-3,-71],[-18,-79],[-44,-45],[-24,-40],[-21,-59],[0,-39],[-35,-153],[-6,-43],[-32,-71],[-15,41],[14,139],[11,46],[-6,32],[10,48],[23,42],[24,97],[30,72],[15,89],[23,56],[18,94],[0,44],[33,51],[2,-148]],[[80386,50162],[10,-29],[-39,-61],[-24,3],[-32,-25],[-31,-75],[-11,-61],[-34,-24],[-53,-18],[-33,-42],[9,-50],[-16,-78],[-61,-158],[-43,-67],[-55,-27],[-32,-119],[-27,-29],[-37,-63],[-56,-21],[-14,-77],[-52,-27],[-32,-59],[6,83],[19,70],[22,53],[20,22],[55,133],[30,14],[8,39],[29,48],[27,-14],[33,53],[24,70],[16,20],[18,58],[50,69],[51,131],[27,79],[34,13],[33,85],[22,4],[34,54],[17,108],[-32,63],[26,75],[23,25],[4,123],[25,50],[15,-68],[-13,-61],[11,-40],[-16,-44],[4,-66],[20,0],[-1,-83],[22,-59]],[[81889,50047],[-12,-34],[-19,14],[-43,-41],[5,-87],[-36,54],[-27,9],[3,75],[-15,46],[2,49],[14,83],[-5,81],[-42,90],[-31,-64],[-29,40],[5,33],[-3,141],[-25,82],[4,45],[31,-55],[16,-2],[34,-69],[31,12],[27,52],[37,-26],[-5,-43],[17,-59],[7,-104],[-13,-85],[50,-97],[2,-85],[20,-55]],[[81325,50625],[-16,-107],[5,-42],[-24,-10],[-7,-35],[-47,-37],[-16,-31],[-5,-73],[-35,-18],[-11,-38],[-98,-28],[-33,-36],[-17,-51],[-29,0],[15,79],[-13,75],[11,65],[18,55],[2,108],[14,212],[-6,33],[-59,19],[9,66],[18,20],[41,-55],[73,-48],[63,-109],[29,41],[33,0],[12,-77],[59,55],[14,-33]],[[80481,50830],[11,-75],[-14,-30],[-39,112],[16,27],[26,-34]],[[80567,50898],[-57,-27],[-40,25],[-31,103],[18,23],[23,-12],[47,-70],[24,11],[16,-53]],[[81195,51085],[-20,-63],[-27,50],[-21,16],[13,42],[45,-10],[10,-35]],[[82007,50459],[-37,2],[-37,-28],[-33,26],[-27,-9],[-4,48],[-18,28],[-35,3],[0,65],[-47,45],[46,57],[10,52],[-29,7],[-36,58],[-30,85],[-51,34],[-27,62],[-31,156],[22,5],[86,-14],[51,7],[30,15],[22,-15],[28,24],[28,-39],[21,-50],[3,-57],[38,-18],[-12,-71],[18,-30],[-19,-41],[1,-62],[12,-69],[-8,-50],[23,-88],[21,-28],[-19,-50],[40,-60]],[[81562,50784],[-92,77],[-46,119],[-31,4],[-19,-53],[-46,-82],[7,92],[18,25],[-16,50],[15,79],[-11,78],[24,-5],[9,-37],[25,8],[27,-25],[42,-70],[17,-54],[31,0],[42,-112],[4,-94]],[[81042,51216],[5,-53],[-15,-122],[-21,-52],[-22,46],[20,69],[-1,65],[34,47]],[[81490,51071],[-15,15],[-40,109],[7,32],[32,-43],[16,-113]],[[81354,51315],[-25,-3],[-41,73],[-22,19],[-2,34],[26,8],[32,-95],[32,-36]],[[80884,51235],[5,-30],[-29,-61],[-3,-69],[-41,-57],[-8,-27],[-30,13],[-58,135],[-1,61],[-31,48],[-10,136],[-32,90],[-43,59],[-11,63],[-19,-22],[-17,30],[14,37],[56,-3],[51,-23],[52,32],[25,-58],[47,-5],[57,-90],[16,-93],[-1,-134],[11,-32]],[[81038,51590],[5,-30],[-34,-77],[-47,70],[-1,54],[25,36],[22,4],[34,-33],[-4,-24]],[[80544,51737],[-45,42],[3,36],[36,-31],[6,-47]],[[81659,51818],[-7,-81],[-26,-53],[-33,-37],[-39,70],[26,55],[1,134],[20,21],[21,-68],[37,-41]],[[81012,52386],[-7,-86],[13,-51],[-6,-32],[-26,-1],[7,47],[-14,59],[-17,31],[7,50],[43,-17]],[[80884,54536],[-33,-11],[-2,52],[35,-11],[0,-30]],[[80845,47893],[10,-28],[-37,-45],[-14,42],[-40,-27],[-19,17],[-20,-19],[-17,38],[9,27],[37,41],[91,-46]],[[70248,48435],[3,-36],[-15,-127],[-15,-77],[-26,-74],[-85,-118],[-67,-52],[-82,-43],[-25,-38],[-33,-18],[-92,43],[-39,59],[-19,69],[-17,135],[-28,135],[-1,102],[-13,85],[6,26],[-13,178],[4,34],[-11,105],[1,60],[17,73],[-1,65],[13,136],[19,52],[-4,79],[5,73],[27,39],[18,104],[0,36],[-17,42],[59,57],[4,-26],[38,24],[-43,55],[-25,19],[-23,-15],[-38,37],[-10,37],[21,28],[64,3],[49,-106],[90,-128],[24,-60],[26,-109],[43,-85],[38,-100],[-5,-89],[41,5],[22,-177],[19,-64],[12,-6],[12,-78],[23,-39],[4,-51],[17,-41],[-4,-31],[26,-47],[7,-42],[-1,-118]],[[29834,50932],[-4,-28],[-40,32],[-36,50],[-23,51],[25,17],[9,-43],[21,-27],[34,-15],[14,-37]],[[29508,51172],[31,-62],[-2,-18],[-45,60],[16,20]],[[28665,56054],[21,40],[82,-47],[-103,7]],[[28529,55404],[35,63],[32,19],[38,-45],[25,17],[29,80],[13,-19],[-8,-67],[-25,-82],[-26,-20],[-33,5],[-39,-19],[-49,5],[-7,42],[15,21]],[[28435,56200],[11,32],[30,0],[-19,-63],[-22,31]],[[28357,56238],[16,41],[37,-79],[-53,38]],[[27952,56640],[-20,-5],[-31,36],[1,41],[50,-72]],[[27489,56837],[-11,-96],[-21,7],[-46,60],[-5,73],[-29,37],[27,55],[44,48],[10,-33],[-27,-36],[51,-19],[7,-96]],[[27266,57199],[17,58],[22,43],[14,69],[-15,92],[45,-1],[18,-22],[-2,-63],[14,-18],[16,-69],[37,-69],[-5,-49],[10,-51],[-51,-74],[-42,-17],[-4,31],[-27,43],[-46,33],[-25,47],[24,17]],[[27203,58135],[-33,17],[37,62],[77,-4],[85,22],[18,-24],[-171,-58],[-13,-15]],[[27412,58320],[10,10],[70,-29],[49,-80],[16,-41],[57,-48],[0,-53],[12,-54],[-41,-35],[-7,-88],[0,-76],[-9,-16],[-33,93],[34,37],[-9,29],[25,180],[-40,15],[-31,50],[-24,79],[-64,13],[-15,14]],[[29024,55766],[-2,26],[35,1],[13,-33],[-30,10],[-16,-4]],[[80985,57344],[-22,-48],[-2,-105],[11,-46],[-20,-59],[-2,-62],[-30,-58],[-15,-58],[6,-25],[-29,-183],[-16,-158],[-14,-44],[-2,-54],[-27,-93],[-30,-58],[-13,-51],[-32,-47],[-19,-60],[-20,-118],[1,-117],[-10,-65],[-37,28],[-2,66],[-20,90],[-29,65],[-49,48],[-42,181],[-1,65],[-30,68],[19,105],[-2,80],[18,127],[28,68],[12,55],[41,104],[21,87],[21,39],[15,62],[39,52],[21,86],[35,83],[86,54],[15,41],[44,15],[32,-59],[47,-19],[3,-82]],[[83602,61099],[-57,-300],[7,-57],[-6,-55],[-28,-128],[-22,-7],[-14,37],[-38,-3],[-15,-43],[24,-17],[-49,-108],[-53,-33],[19,149],[-25,57],[-2,43],[28,33],[1,38],[-31,19],[-20,-22],[-22,-84],[-3,-40],[14,-59],[24,-28],[-6,-36],[-31,-9],[-19,40],[-62,-1],[-8,34],[27,65],[12,90],[-44,82],[13,70],[-11,81],[41,18],[39,110],[22,39],[22,90],[-18,45],[5,59],[-43,63],[-3,70],[-16,29],[-39,9],[-23,-28],[24,-64],[6,-50],[26,-9],[9,-54],[-9,-40],[-43,-38],[-14,25],[22,46],[-31,30],[-37,-24],[-17,-42],[-33,76],[-19,13],[-18,69],[26,72],[-47,51],[7,73],[61,-12],[-5,53],[18,40],[53,-19],[28,15],[0,52],[36,-28],[26,15],[-1,37],[22,33],[-3,32],[25,36],[36,27],[39,2],[44,-20],[5,-76],[19,-56],[90,-26],[28,47],[39,-4],[17,-44],[-9,-87],[-50,-66],[54,-2],[43,-34],[-17,-37],[32,-29],[-7,-43],[21,-47],[-14,-55],[-34,-49],[-38,-101]],[[84415,61773],[-11,-21],[-70,-81],[-31,-58],[-22,-129],[-71,122],[-50,22],[-36,-11],[-38,-31],[-13,-30],[-39,-23],[-5,-64],[-42,-85],[-21,-12],[-27,-123],[-28,-19],[-51,30],[23,55],[-63,12],[-6,59],[23,95],[-31,31],[-11,80],[32,79],[48,46],[9,94],[16,46],[40,36],[6,36],[49,-104],[53,29],[50,-13],[30,40],[14,89],[73,76],[36,-14],[20,19],[28,-46],[49,-43],[41,12],[9,-27],[-7,-84],[25,-28],[-1,-62]],[[84075,62081],[-22,-49],[-25,39],[-22,-67],[-24,13],[-65,-3],[-15,-34],[-33,-22],[-26,10],[-17,71],[-30,2],[-43,-63],[-3,-125],[-41,-47],[-85,81],[-70,-12],[-56,-53],[-64,60],[-27,-51],[-19,84],[16,35],[-14,48],[15,35],[40,37],[43,-21],[48,21],[11,48],[38,70],[70,27],[4,22],[51,74],[68,78],[25,56],[61,59],[0,73],[61,35],[28,3],[37,40],[36,-16],[6,-34],[41,-20],[44,39],[41,-16],[81,9],[54,13],[81,63],[70,-4],[34,-12],[42,49],[39,17],[20,-42],[-11,-65],[51,7],[7,-25],[45,-21],[16,41],[40,8],[34,33],[-7,42],[39,23],[-29,55],[-9,44],[47,125],[80,104],[56,115],[32,104],[2,55],[-26,84],[21,104],[50,20],[48,44],[49,22],[-18,-119],[-32,-4],[-26,-50],[-22,19],[-15,-76],[48,5],[0,-56],[-13,-66],[40,-37],[48,1],[25,79],[126,68],[54,56],[39,7],[82,97],[58,128],[25,96],[54,59],[66,48],[34,63],[8,103],[37,136],[46,85],[32,157],[11,77],[17,20],[14,89],[3,111],[-8,48],[-41,34],[-31,-17],[-17,65],[33,-14],[42,82],[13,115],[-21,32],[-1,62],[-22,32],[49,80],[17,-12],[44,34],[14,107],[-6,42],[8,63],[41,-27],[43,-6],[-3,-39],[11,-99],[34,-28],[19,38],[28,12],[36,-33],[20,19],[14,52],[9,85],[-17,40],[-40,-41],[-22,7],[-48,-34],[-9,33],[20,111],[18,41],[54,-18],[45,-55],[49,12],[-18,-108],[4,-172],[9,-73],[22,-66],[15,2],[45,-79],[36,-122],[-6,-42],[25,-29],[16,-122],[-8,-52],[24,-54],[-44,-104],[1,-110],[-27,-40],[-45,-22],[-1,-47],[-28,-55],[11,-31],[-28,-75],[21,-25],[-20,-42],[-4,-52],[-33,39],[-63,-19],[-36,-100],[-11,-60],[2,-80],[24,-81],[6,-175],[-10,-121],[-12,-84],[-42,-40],[-30,-133],[-19,-56],[-1,-84],[-15,-27],[4,-61],[18,-74],[53,-135],[-49,-27],[-47,-61],[-26,-93],[2,-92],[-20,-33],[-50,-3],[-38,-51],[-18,-57],[-39,24],[24,29],[-12,93],[0,64],[20,47],[29,26],[19,65],[-34,34],[-39,-17],[-7,-68],[-33,-62],[-2,-40],[23,-16],[-20,-44],[-36,62],[-30,8],[-49,-16],[-23,-25],[-15,-63],[-1,-56],[15,-63],[-14,-14],[-40,-91],[-28,-32],[-25,66],[16,196],[-29,9],[-38,-22],[-10,-57],[-40,-32],[-7,-45],[-33,-57],[-7,-56],[-39,27],[-41,7],[-27,-14],[-29,15],[-69,-1],[-77,-39],[-5,24],[50,44],[-3,35],[-102,-10],[-24,48],[-1,41],[-26,36],[-18,-22],[-12,-65],[-21,-43],[-5,-43],[31,-45],[76,-78],[-19,-63],[-68,-22],[-19,5],[-60,-59],[-14,-45],[7,-47],[-45,-40],[-39,-148],[-52,-56],[-34,6],[-52,28],[-31,61],[17,21],[-88,85],[8,91],[25,34],[-22,91],[28,12],[30,43],[25,65],[-3,50],[-17,25],[-35,-27],[-44,-15],[-23,10],[-58,61],[-60,-3],[-52,-28],[-21,7],[-19,-52],[-52,-43],[-12,-38],[-31,5],[-33,32],[-62,-51],[-12,11]],[[87386,66541],[-37,-38],[-30,-67],[-58,-1],[-47,-27],[-7,-37],[-27,-30],[-65,17],[-4,-48],[-66,5],[-46,35],[-76,-38],[-41,-41],[-67,-92],[-51,-103],[-27,-67],[-3,-85],[-22,-104],[-79,82],[-54,26],[-80,57],[-48,47],[-30,47],[-29,5],[-36,44],[-54,29],[-80,-26],[-90,-86],[-20,-38],[-76,124],[-56,8],[-39,-38],[-24,-77],[0,-45],[69,-77],[45,14],[69,-110],[56,-47],[-37,-47],[-22,-1],[-86,46],[-10,-39],[-40,-28],[-14,-84],[-34,-15],[-18,-40],[-46,20],[-14,59],[9,68],[30,63],[4,80],[-31,61],[-27,17],[-38,54],[-5,32],[22,79],[-5,59],[12,37],[48,16],[39,60],[16,-27],[31,66],[41,61],[-51,97],[6,58],[34,23],[86,-90],[48,18],[9,-26],[40,-17],[54,54],[18,56],[-18,67],[5,41],[-14,67],[13,39],[38,25],[30,48],[8,64],[-4,105],[25,74],[12,86],[-2,84],[-17,95],[-36,104],[-1,43],[29,76],[35,10],[37,44],[26,-54],[44,-52],[85,-140],[25,-67],[94,-148],[99,-103],[15,-31],[73,-68],[28,-41],[58,17],[58,-11],[28,-60],[30,-24],[83,-14],[24,13],[58,90],[41,42],[40,3],[-24,-71],[-37,-76],[-13,-82],[33,-66],[31,-127],[3,-45],[39,-11],[56,64],[24,2]],[[81497,57065],[33,-25],[-17,-41],[-51,13],[35,53]],[[81635,57161],[-23,-110],[-26,11],[49,99]],[[81919,57260],[-34,-24],[4,61],[30,-37]],[[82711,58265],[-26,-81],[-19,-5],[-62,-88],[-44,-107],[6,-47],[-39,-27],[-5,53],[29,65],[-3,59],[55,46],[-14,44],[22,38],[13,-31],[57,83],[30,-2]],[[82885,58771],[-25,-41],[0,81],[25,-40]],[[83078,59096],[-41,-67],[-36,-39],[-13,-41],[-35,23],[-4,45],[47,34],[77,68],[5,-23]],[[83338,60050],[-27,-69],[-37,1],[-14,51],[30,64],[48,-47]],[[83439,60282],[7,-70],[-12,-71],[-19,-50],[4,-28],[-25,-28],[-9,63],[21,35],[3,65],[30,84]],[[83267,61116],[-14,-49],[-31,-9],[-7,30],[39,36],[13,-8]],[[83200,61133],[10,-33],[1,-70],[-51,-74],[-10,82],[15,83],[35,12]],[[82856,61197],[-58,-36],[-6,80],[54,-1],[10,-43]],[[83037,61565],[2,-23],[-31,-83],[-28,-10],[57,116]],[[82972,61998],[-9,-75],[-29,9],[8,84],[30,-18]],[[84499,62162],[7,-15],[-34,-79],[15,-75],[-62,-39],[-19,48],[38,79],[55,81]],[[83010,62168],[-2,-53],[-23,-54],[-24,-15],[14,136],[35,-14]],[[84060,62993],[-11,-58],[-37,29],[6,41],[22,22],[20,-34]],[[85426,63889],[31,-17],[-24,-72],[-59,-47],[21,84],[-30,21],[21,80],[56,69],[-16,-118]],[[85718,65971],[-11,-71],[-25,35],[36,36]],[[86195,67432],[-25,-35],[-22,22],[14,51],[33,-38]],[[84328,62135],[-5,-62],[-23,-4],[-16,45],[44,21]],[[33189,68292],[-17,29],[-16,79],[39,-29],[-16,-39],[10,-40]],[[44378,78014],[-106,-44],[-1,-55],[-58,-37],[27,-31],[107,3],[20,-46],[-59,-74],[35,-32],[79,-11],[155,-94],[57,-13],[-21,-104],[45,-67],[-2,-58],[-91,-130],[-49,-38],[-119,-30],[-5,-108],[-54,-14],[-76,-76],[-99,37],[-27,-42],[-72,-36],[-69,-18],[-96,-89],[-70,-48],[-77,-31],[-258,-35],[9,-35],[-38,-72],[-45,-21],[-160,-42],[-149,21],[-130,48],[-111,5],[-69,63],[-136,78],[-59,24],[-132,-22],[-35,20],[-74,-18],[-72,14],[-102,-17],[8,58],[131,38],[63,30],[39,78],[-39,30],[-35,87],[-28,0],[-52,83],[19,57],[-57,28],[-67,-8],[-124,19],[-158,-53],[-30,18],[-31,65],[57,20],[57,-16],[33,23],[78,2],[3,34],[144,-5],[79,26],[60,-16],[89,4],[23,62],[-79,-22],[-141,26],[19,33],[77,42],[82,64],[-29,29],[-52,-36],[-105,51],[-53,-13],[-37,32],[-87,-44],[-33,7],[-141,-47],[-19,30],[-61,18],[-77,-6],[55,74],[51,7],[10,76],[113,-49],[-64,85],[20,97],[89,67],[116,-48],[47,-40],[109,24],[-112,42],[-62,79],[66,74],[127,-17],[44,-71],[63,-8],[61,-44],[7,-52],[109,-47],[11,-65],[-38,-47],[-7,-60],[39,-42],[-19,-36],[47,-39],[74,96],[68,45],[24,-78],[66,46],[18,59],[-50,142],[6,27],[65,23],[41,-23],[41,-89],[46,-17],[15,-53],[63,-6],[3,53],[-25,59],[37,55],[54,5],[58,46],[67,-10],[40,-44],[1,-54],[84,-17],[-27,82],[8,38],[103,-14],[65,-72],[68,-7],[54,100],[60,3],[20,-38],[116,33],[17,48],[-25,40],[-7,70],[139,15],[27,-57],[58,-13],[-18,-54],[95,-58],[32,48],[52,5],[72,57],[74,-4]],[[13860,32763],[7,-5],[4,-32],[-8,-1],[-8,29],[5,9]],[[8266,36052],[10,-35],[-11,-34],[-23,12],[-18,60],[-29,-17],[-37,14],[-15,65],[11,37],[46,13],[21,-20],[13,-85],[32,-10]],[[7651,36547],[34,-60],[-29,-22],[-5,82]],[[11042,40038],[-9,-25],[-77,-12],[-3,27],[31,30],[58,-20]],[[10717,40496],[-13,-48],[-35,-4],[3,73],[45,-21]],[[66845,20460],[32,47],[27,-18],[-27,-70],[-32,41]],[[67209,20362],[2,-42],[-25,-45],[-41,-11],[-46,20],[-33,-10],[-19,-36],[-35,-11],[0,-39],[67,-21],[20,34],[42,-12],[-46,-92],[-72,17],[-38,49],[-13,-41],[-52,16],[-26,33],[-70,-19],[-13,-43],[-63,-14],[-14,63],[33,80],[-29,91],[16,50],[-26,50],[33,52],[-23,49],[28,12],[16,75],[43,-27],[-12,-32],[24,-28],[-21,-63],[35,-74],[60,53],[59,-24],[-4,-31],[-46,-13],[7,-44],[58,-34],[38,49],[63,44],[28,-18],[21,40],[36,10],[31,-20],[7,-43]],[[63146,42572],[15,22],[19,-31],[-3,-35],[-18,36],[-13,8]],[[6118,45777],[-25,-7],[-44,25],[18,51],[15,-33],[36,-36]],[[94260,48444],[-7,-8],[-20,-5],[-8,-8],[-9,4],[44,17]],[[31921,50235],[-11,-95],[12,-76],[0,-109],[-52,-32],[-95,1],[-24,-9],[-21,53],[27,41],[29,-3],[12,31],[-7,64],[4,82],[-35,76],[54,10],[9,18],[50,-3],[62,24],[-14,-73]],[[32047,50560],[-14,-48],[-59,-56],[3,37],[33,43],[37,24]],[[31757,50991],[0,-67],[-22,-39],[-16,42],[22,74],[16,-10]],[[31877,51455],[-28,21],[-2,31],[18,60],[23,-31],[-11,-81]],[[32343,51463],[-22,-52],[-26,14],[-10,38],[-3,67],[61,-67]],[[31952,51886],[-2,-88],[-13,-55],[-29,22],[-7,62],[38,110],[13,-51]],[[31824,52481],[-16,106],[-18,60],[6,49],[43,-27],[11,-35],[3,-111],[-29,-42]],[[92980,54516],[5,3],[1,-6],[-6,3]],[[31614,53250],[-23,-8],[8,46],[15,-38]],[[31684,53402],[16,60],[30,-38],[7,-32],[-44,-10],[-9,20]],[[31479,53510],[-29,14],[-28,35],[11,26],[27,-28],[19,-47]],[[30967,53753],[-85,-31],[-3,33],[31,18],[22,-24],[35,4]],[[31428,53818],[-5,21],[18,-4],[-13,-17]],[[30680,54016],[10,-24],[-39,-24],[-25,-78],[-29,-28],[-18,4],[-43,-25],[-68,11],[-14,21],[-33,-14],[-46,10],[-43,-17],[-38,11],[-40,-3],[17,118],[-32,79],[30,30],[16,51],[52,-19],[71,5],[47,-10],[56,3],[38,-19],[34,10],[38,-13],[50,-35],[9,-44]],[[31383,54013],[-1,-26],[-20,-2],[13,25],[8,3]],[[30946,54079],[-7,18],[27,6],[-6,-18],[-14,-6]],[[27827,53883],[20,-48],[-32,-23],[-58,-5],[-35,34],[-52,32],[-29,-79],[-36,34],[-14,-10],[-19,-83],[-29,48],[-32,26],[-76,-5],[-31,48],[-1,33],[-30,8],[-32,83],[-41,-3],[-30,14],[2,73],[37,44],[57,-7],[21,39],[169,-30],[37,-25],[65,0],[35,-68],[111,-58],[23,-72]],[[26520,54553],[0,-32],[-45,9],[5,29],[40,-6]],[[30935,61055],[-8,-19],[2,-12],[-15,-17],[5,25],[16,23]],[[68064,18402],[-42,-38],[-28,-1],[-39,82],[63,4],[46,-47]],[[46750,36961],[15,-35],[-27,-18],[-1,35],[13,18]],[[63788,34809],[-5,-49],[-28,-79],[-45,-19],[-28,10],[-11,35],[3,83],[32,60],[11,58],[37,15],[34,-114]],[[60031,38757],[-29,-25],[-14,53],[43,-28]],[[60229,38795],[0,-61],[-53,59],[23,59],[18,16],[12,-73]],[[59944,39000],[-26,-19],[-28,21],[-14,46],[9,26],[8,147],[22,9],[11,-29],[-6,-93],[24,-108]],[[50077,45100],[17,-34],[-1,-60],[-22,-55],[-39,-37],[-14,94],[19,63],[40,29]],[[50286,45733],[-10,-56],[-25,1],[19,67],[16,-12]],[[41767,52339],[-21,-51],[-20,11],[-21,44],[33,56],[20,-4],[9,-56]],[[41992,52392],[-10,-52],[-49,8],[-25,51],[-4,68],[24,46],[50,-76],[14,-45]],[[42081,52536],[4,-56],[-19,-41],[-20,28],[3,48],[32,21]],[[42200,52936],[1,-25],[-34,-39],[-38,17],[6,96],[57,-3],[8,-46]],[[41828,53185],[-12,-27],[-32,21],[-27,-53],[-24,83],[17,10],[78,-34]],[[42134,53175],[-17,111],[26,7],[-2,-112],[-7,-6]],[[41600,53326],[12,-35],[-32,-20],[-26,31],[32,38],[14,-14]],[[41566,53395],[-38,-53],[-30,-5],[-5,94],[58,45],[35,-45],[-20,-36]],[[52187,62801],[-6,-44],[-49,40],[23,42],[32,-38]],[[47726,69471],[15,-44],[-38,3],[-20,35],[43,6]],[[47592,69588],[13,-29],[-37,-3],[24,32]],[[47047,71864],[-42,20],[16,62],[72,91],[35,-58],[-21,-46],[-60,-69]],[[53705,74941],[-54,-65],[-69,3],[-18,82],[68,9],[42,36],[50,-38],[-19,-27]],[[46499,75525],[-46,38],[-26,47],[50,7],[22,-92]],[[46304,75874],[26,30],[66,-33],[-39,-31],[-53,34]],[[46347,75912],[9,69],[31,-10],[20,-52],[38,-19],[38,-56],[-38,-20],[-47,61],[-51,27]],[[46392,75971],[31,24],[89,-67],[-22,-65],[-46,45],[-26,13],[-26,50]],[[76639,39694],[-1,-49],[-19,10],[20,39]],[[67724,41214],[3,-4],[-13,-20],[-1,14],[1,28],[-1,12],[-13,13],[-2,14],[16,-23],[2,-12],[-2,-43],[10,21]],[[76172,45591],[-2,-36],[-30,-25],[-52,20],[9,51],[33,19],[42,-29]],[[93346,30422],[0,-21],[-16,-4],[0,35],[16,-10]],[[5419,34328],[15,-7],[0,-27],[-24,5],[9,29]],[[1324,34359],[-23,-71],[-47,47],[20,31],[26,-30],[24,23]],[[498,37792],[26,-38],[-27,5],[1,33]],[[2092,38117],[6,-55],[-9,-49],[-23,15],[-60,-18],[-20,53],[-41,61],[59,47],[44,10],[23,-15],[21,-49]],[[2263,37939],[34,-29],[-8,-23],[-58,8],[-16,-8],[-53,31],[-32,42],[4,30],[44,20],[24,-5],[60,-40],[1,-26]],[[91339,39043],[-5,-55],[-28,34],[-5,30],[-35,46],[-17,-14],[-42,32],[-13,34],[11,30],[134,-137]],[[91841,39498],[-73,1],[-83,43],[-12,26],[-60,59],[6,31],[-15,41],[5,28],[-61,28],[3,41],[28,11],[28,-23],[62,-77],[27,-21],[35,3],[12,-19],[28,11],[29,-86],[15,-25],[-2,-68],[28,-4]],[[91578,40202],[41,-96],[7,-72],[-48,50],[0,118]],[[91426,39990],[-8,-23],[-41,-27],[-57,24],[-30,37],[-53,-4],[-77,15],[-30,43],[-33,97],[4,108],[25,24],[19,-17],[43,-75],[114,10],[37,-62],[41,-37],[5,-44],[30,-14],[11,-55]],[[91230,40379],[14,24],[29,0],[0,-56],[-43,32]],[[90683,40643],[21,-19],[-8,-62],[-25,-37],[-36,41],[2,43],[20,37],[26,-3]],[[90496,40619],[-22,-21],[-21,26],[40,77],[17,-43],[-14,-39]],[[91121,40653],[-15,-11],[-26,36],[6,34],[23,-5],[12,-54]],[[91569,40100],[-14,17],[-19,67],[-72,114],[-27,34],[-28,102],[-29,171],[17,25],[-34,84],[30,11],[11,27],[67,-147],[-14,-44],[1,-60],[55,-68],[14,-94],[33,-150],[15,-35],[-6,-54]],[[90613,40626],[-33,26],[-29,117],[-22,10],[-68,-31],[-2,47],[25,19],[18,77],[32,36],[29,-54],[1,-51],[14,-36],[21,6],[25,-54],[18,-81],[-5,-41],[-24,10]],[[90427,40844],[-27,19],[-15,54],[15,52],[24,12],[27,-51],[3,-48],[-27,-38]],[[90348,41046],[-2,-23],[-38,-86],[-11,63],[-28,46],[-3,45],[29,30],[20,-48],[33,-27]],[[90082,41395],[11,-36],[-33,-16],[-16,24],[19,53],[19,-25]],[[93061,39090],[-21,-36],[-21,40],[28,22],[14,-26]],[[92853,39563],[-25,-37],[-32,-4],[-19,-47],[-29,29],[33,77],[40,5],[32,-23]],[[91166,40651],[-9,-15],[-53,92],[-76,48],[-134,144],[-42,81],[-29,35],[7,77],[13,12],[43,-51],[16,-35],[31,-34],[26,-50],[85,-40],[8,-24],[110,-147],[-12,-33],[16,-60]],[[90541,41239],[-23,-40],[-65,38],[-26,3],[-12,31],[-35,30],[-65,156],[-24,23],[-36,58],[7,65],[49,-36],[29,-50],[71,-60],[21,-42],[8,-72],[34,-44],[7,-27],[60,-33]],[[96352,40636],[4,12],[3,-1],[-7,-11]],[[68013,47014],[-2,-30],[-7,2],[9,28]],[[93065,44653],[6,-14],[-12,-15],[0,24],[6,5]],[[90746,48358],[12,-29],[-12,-42],[-27,-1],[-18,57],[15,36],[30,-21]],[[38652,17616],[6,-48],[-58,-52],[-53,72],[-44,103],[-47,13],[-47,33],[-91,93],[-57,-9],[-6,64],[-90,7],[29,48],[33,19],[23,-26],[64,4],[74,-13],[73,-25],[-15,-64],[76,3],[36,-21],[4,-45],[54,-45],[-15,-40],[40,-13],[11,-58]],[[31935,18983],[-46,27],[0,34],[37,24],[28,-41],[-19,-44]],[[32288,19086],[-64,-104],[-33,-23],[-71,5],[-1,-41],[-26,-43],[-47,-32],[-70,23],[-24,68],[68,32],[40,-1],[22,28],[-14,58],[64,11],[-33,35],[-46,-29],[-27,12],[97,65],[-65,43],[3,45],[-36,9],[2,37],[76,-55],[46,-17],[33,48],[64,-9],[11,-18],[132,29],[-1,-34],[-46,-82],[-24,1],[-30,-61]],[[32775,19110],[-12,-17],[-76,-18],[-14,-30],[-59,-35],[-91,1],[41,-55],[-33,-25],[-59,-3],[-51,37],[-2,-71],[-21,-41],[-44,48],[-21,-92],[-26,29],[-18,63],[20,48],[-7,52],[58,44],[71,100],[23,65],[-19,43],[94,39],[68,13],[41,-57],[-31,-30],[16,-32],[42,74],[86,8],[28,-87],[-56,21],[-4,-41],[66,-14],[-10,-37]],[[93844,34850],[-3,-56],[-25,22],[28,34]],[[93734,35173],[17,-23],[-16,-59],[-42,40],[-16,43],[7,74],[29,7],[4,-70],[17,-12]],[[93709,35452],[-22,-25],[-72,54],[0,92],[14,31],[30,-4],[18,-94],[32,-54]],[[93497,36072],[-2,-53],[-39,-13],[-29,56],[-29,27],[39,62],[35,-7],[25,-72]],[[93402,36510],[-20,52],[9,65],[25,-56],[33,-38],[-47,-23]],[[93399,36742],[-11,-7],[-59,51],[1,20],[39,20],[27,50],[16,-74],[24,-28],[-9,-30],[-28,-2]],[[93300,36706],[-23,-49],[-28,12],[-27,-43],[-17,6],[-20,100],[-2,84],[-15,42],[-24,-27],[-23,43],[10,96],[41,-9],[16,-89],[56,-68],[56,-98]],[[93137,37040],[-31,23],[10,41],[28,-10],[-7,-54]],[[93400,37156],[8,-93],[13,-76],[-3,-59],[-18,2],[-18,154],[18,72]],[[93334,37219],[-27,-46],[-28,0],[-14,26],[33,56],[46,21],[-10,-57]],[[93376,37424],[12,10],[14,-122],[-4,-95],[-13,0],[0,119],[-9,88]],[[93120,37147],[-11,-22],[-42,2],[-41,-40],[-47,135],[9,60],[-21,154],[-13,62],[9,93],[14,6],[34,-98],[18,-161],[31,-1],[12,25],[2,62],[23,-11],[9,-69],[13,-3],[14,-79],[-5,-30],[16,-79],[-24,-6]],[[93220,37843],[24,-24],[-21,-65],[-26,0],[-6,62],[29,27]],[[93203,37954],[-17,57],[27,48],[16,-41],[-4,-45],[-22,-19]],[[2722,35436],[16,-40],[-28,-48],[-14,27],[14,61],[12,0]],[[2524,37781],[-44,-51],[-21,24],[46,33],[19,-6]],[[84404,48748],[2,-64],[-17,-85],[-19,-30],[-10,55],[22,72],[18,7],[4,45]],[[87150,51702],[17,-21],[-12,-41],[-26,-35],[-13,-80],[-21,-19],[-10,59],[3,37],[34,38],[15,58],[13,4]],[[87392,52514],[-13,-66],[-11,34],[24,32]],[[61845,57965],[17,-42],[-3,-128],[-15,-1],[-24,66],[9,32],[-11,50],[27,23]],[[89700,34406],[-1,1],[1,0],[0,-1]],[[79356,50252],[-4,-6],[-1,6],[5,0]],[[18989,50037],[-2,-11],[-4,14],[6,-3]],[[78746,55954],[2,-20],[-5,-9],[-3,28],[6,1]],[[81439,38697],[0,-5],[-6,1],[0,5],[6,-1]],[[26828,52777],[0,0],[0,0],[0,-1],[0,1]],[[27190,52810],[-1,1],[1,2],[0,-3]],[[79872,52457],[0,-1],[0,-1],[-1,1],[1,1]]],"transform":{"scale":[0.003727904399962721,0.0020045729112550363],"translate":[-180,-90]},"objects":{"world_10m":{"type":"GeometryCollection","geometries":[{"arcs":[[[0,1]],[[2,3,4,5]],[[6,7]],[[8,9]],[[10]],[[11]],[[12]],[[13]],[[14]],[[15]],[[16]],[[17]],[[18]],[[19]],[[20]],[[21]],[[22]],[[23]],[[24]],[[25]],[[26]],[[27]],[[28]],[[29]],[[30]],[[31]],[[32]],[[33]],[[34]],[[35]],[[36]],[[37]],[[38]],[[39]],[[40]],[[41]],[[42]],[[43]],[[44]],[[45]],[[46]],[[47]],[[48]],[[49]],[[50]],[[51]],[[52]],[[53]],[[54]],[[55]],[[56]],[[57]],[[58]],[[59]],[[60]],[[61]],[[62]],[[63]],[[64]],[[65]],[[66]],[[67]],[[68]],[[69]],[[70]],[[71]],[[72]],[[73]],[[74]],[[75]],[[76]],[[77]],[[78]],[[79]],[[80]],[[81]],[[82]],[[83]],[[84]],[[85]],[[86]],[[87]],[[88]],[[89]],[[90]],[[91]],[[92]],[[93]],[[94]],[[95]],[[96]],[[97]],[[98]],[[99]],[[100]],[[101]],[[102]],[[103]],[[104]],[[105]],[[106]],[[107]],[[108]],[[109]],[[110]],[[111]],[[112]],[[113]],[[114]],[[115]],[[116]],[[117]],[[118]]],"type":"MultiPolygon","properties":{"ADM0_A3":"IDN","NAME":"Indonesia","CONTINENT":"Asia","ISO_A2":"ID","TYPE":"Sovereign country","POP_EST":270625568,"REGION_UN":"Asia","SUBREGION":"South-Eastern Asia"},"id":"IDN"},{"arcs":[[[-1,119]],[[120,121]],[[-8,122,123,124,125,126]],[[127]],[[128]],[[129]],[[130]]],"type":"MultiPolygon","properties":{"ADM0_A3":"MYS","NAME":"Malaysia","CONTINENT":"Asia","ISO_A2":"MY","TYPE":"Sovereign country","POP_EST":31949777,"REGION_UN":"Asia","SUBREGION":"South-Eastern Asia"},"id":"MYS"},{"arcs":[[[131,132,133,134,135,136]],[[137,138,139]],[[140]],[[141]],[[142]],[[143]],[[144]],[[145]],[[146]],[[147]],[[148]],[[149]],[[150]],[[151]],[[152]],[[153]],[[154]],[[155]],[[156]],[[157]],[[158]],[[159]],[[160]],[[161]],[[162]],[[163]],[[164]],[[165]],[[166]],[[167]],[[168]],[[169]],[[170]],[[171]],[[172]],[[173]],[[174]],[[175]],[[176]],[[177]],[[178]],[[179]],[[180]],[[181]],[[182]],[[183]],[[184]],[[185]],[[186]],[[187]],[[188]],[[189]],[[190]],[[191]],[[192]],[[193]],[[194]],[[195]],[[196]],[[197]],[[198]],[[199]],[[200]],[[201]],[[202]],[[203]],[[204]],[[205]],[[206]],[[207]],[[208]],[[209]],[[210]],[[211]],[[212]],[[213]]],"type":"MultiPolygon","properties":{"ADM0_A3":"CHL","NAME":"Chile","CONTINENT":"South America","ISO_A2":"CL","TYPE":"Sovereign country","POP_EST":18952038,"REGION_UN":"Americas","SUBREGION":"South America"},"id":"CHL"},{"arcs":[[-132,214,215,216,217]],"type":"Polygon","properties":{"ADM0_A3":"BOL","NAME":"Bolivia","CONTINENT":"South America","ISO_A2":"BO","TYPE":"Sovereign country","POP_EST":11513100,"REGION_UN":"Americas","SUBREGION":"South America"},"id":"BOL"},{"arcs":[[-137,218,219,220,221,-215]],"type":"Polygon","properties":{"ADM0_A3":"PER","NAME":"Peru","CONTINENT":"South America","ISO_A2":"PE","TYPE":"Sovereign country","POP_EST":32510453,"REGION_UN":"Americas","SUBREGION":"South America"},"id":"PER"},{"arcs":[[[-133,-218,222,223,224,225,226,-135,227]],[[-139,228]],[[229]],[[230]]],"type":"MultiPolygon","properties":{"ADM0_A3":"ARG","NAME":"Argentina","CONTINENT":"South America","ISO_A2":"AR","TYPE":"Sovereign country","POP_EST":44938712,"REGION_UN":"Americas","SUBREGION":"South America"},"id":"ARG"},{"arcs":[[231,232,233,234,235,236,237]],"type":"Polygon","properties":{"ADM0_A3":"ESB","NAME":"Dhekelia","CONTINENT":"Asia","ISO_A2":"-99","TYPE":"Dependency","POP_EST":7850,"REGION_UN":"Asia","SUBREGION":"Western Asia"},"id":"ESB"},{"arcs":[[[-233,238,239,240,241,242,243]],[[-237,244,245]]],"type":"MultiPolygon","properties":{"ADM0_A3":"CYP","NAME":"Cyprus","CONTINENT":"Asia","ISO_A2":"CY","TYPE":"Sovereign country","POP_EST":1198575,"REGION_UN":"Asia","SUBREGION":"Western Asia"},"id":"CYP"},{"arcs":[[[246,247,248,249,250,251,252,253,254,255]],[[256]],[[257]],[[258]],[[259]],[[260]],[[261]]],"type":"MultiPolygon","properties":{"ADM0_A3":"IND","NAME":"India","CONTINENT":"Asia","ISO_A2":"IN","TYPE":"Sovereign country","POP_EST":1366417754,"REGION_UN":"Asia","SUBREGION":"Southern Asia"},"id":"IND"},{"arcs":[[[-247,262,263,264,265,266,267,268,269,270,271,272,273,274,275,276,277,-251,278,-249,279]],[[280]],[[281]],[[282]],[[283]],[[284]],[[285]],[[286]]],"type":"MultiPolygon","properties":{"ADM0_A3":"CHN","NAME":"China","CONTINENT":"Asia","ISO_A2":"CN","TYPE":"Country","POP_EST":1397715000,"REGION_UN":"Asia","SUBREGION":"Eastern Asia"},"id":"CHN"},{"arcs":[[287,288,289,290,291,292,293,294,295]],"type":"Polygon","properties":{"ADM0_A3":"ISR","NAME":"Israel","CONTINENT":"Asia","ISO_A2":"IL","TYPE":"Disputed","POP_EST":9053300,"REGION_UN":"Asia","SUBREGION":"Western Asia"},"id":"ISR"},{"arcs":[[[-288,296,297]],[[-293,298]]],"type":"MultiPolygon","properties":{"ADM0_A3":"PSX","NAME":"Palestine","CONTINENT":"Asia","ISO_A2":"PS","TYPE":"Indeterminate","POP_EST":4685306,"REGION_UN":"Asia","SUBREGION":"Western Asia"},"id":"PSX"},{"arcs":[[-290,299,300]],"type":"Polygon","properties":{"ADM0_A3":"LBN","NAME":"Lebanon","CONTINENT":"Asia","ISO_A2":"LB","TYPE":"Sovereign country","POP_EST":6855713,"REGION_UN":"Asia","SUBREGION":"Western Asia"},"id":"LBN"},{"arcs":[[301,302,303,304,305,306,307]],"type":"Polygon","properties":{"ADM0_A3":"ETH","NAME":"Ethiopia","CONTINENT":"Africa","ISO_A2":"ET","TYPE":"Sovereign country","POP_EST":112078730,"REGION_UN":"Africa","SUBREGION":"Eastern Africa"},"id":"ETH"},{"arcs":[[-308,308,309,310,311,312]],"type":"Polygon","properties":{"ADM0_A3":"SDS","NAME":"S. Sudan","CONTINENT":"Africa","ISO_A2":"SS","TYPE":"Sovereign country","POP_EST":11062113,"REGION_UN":"Africa","SUBREGION":"Eastern Africa"},"id":"SDS"},{"arcs":[[-306,313,314,315]],"type":"Polygon","properties":{"ADM0_A3":"SOM","NAME":"Somalia","CONTINENT":"Africa","ISO_A2":"SO","TYPE":"Sovereign country","POP_EST":10192317.3,"REGION_UN":"Africa","SUBREGION":"Eastern Africa"},"id":"SOM"},{"arcs":[[-307,-316,316,317,318,-309]],"type":"Polygon","properties":{"ADM0_A3":"KEN","NAME":"Kenya","CONTINENT":"Africa","ISO_A2":"KE","TYPE":"Sovereign country","POP_EST":52573973,"REGION_UN":"Africa","SUBREGION":"Eastern Africa"},"id":"KEN"},{"arcs":[[319,320,321]],"type":"Polygon","properties":{"ADM0_A3":"MWI","NAME":"Malawi","CONTINENT":"Africa","ISO_A2":"MW","TYPE":"Sovereign country","POP_EST":18628747,"REGION_UN":"Africa","SUBREGION":"Eastern Africa"},"id":"MWI"},{"arcs":[[[-318,322,323,-322,324,325,326,327,328]],[[329]],[[330]],[[331]]],"type":"MultiPolygon","properties":{"ADM0_A3":"TZA","NAME":"Tanzania","CONTINENT":"Africa","ISO_A2":"TZ","TYPE":"Sovereign country","POP_EST":58005463,"REGION_UN":"Africa","SUBREGION":"Eastern Africa"},"id":"TZA"},{"arcs":[[-291,-301,332,333,334,335]],"type":"Polygon","properties":{"ADM0_A3":"SYR","NAME":"Syria","CONTINENT":"Asia","ISO_A2":"SY","TYPE":"Sovereign country","POP_EST":17070135,"REGION_UN":"Asia","SUBREGION":"Western Asia"},"id":"SYR"},{"arcs":[[-305,336,337,-314]],"type":"Polygon","properties":{"ADM0_A3":"SOL","NAME":"Somaliland","CONTINENT":"Africa","ISO_A2":"-99","TYPE":"Sovereign country","POP_EST":5096159,"REGION_UN":"Africa","SUBREGION":"Eastern Africa"},"id":"SOL"},{"arcs":[[[338,339,340]],[[341,342,343,344,345,346,347,348,349,350,351,352]],[[353]],[[354]],[[355]],[[356]],[[357]],[[358]],[[359]]],"type":"MultiPolygon","properties":{"ADM0_A3":"FRA","NAME":"France","CONTINENT":"Europe","ISO_A2":"-99","TYPE":"Country","POP_EST":67059887,"REGION_UN":"Europe","SUBREGION":"Western Europe"},"id":"FRA"},{"arcs":[[-339,360,361,362]],"type":"Polygon","properties":{"ADM0_A3":"SUR","NAME":"Suriname","CONTINENT":"South America","ISO_A2":"SR","TYPE":"Sovereign country","POP_EST":581363,"REGION_UN":"Americas","SUBREGION":"South America"},"id":"SUR"},{"arcs":[[-362,363,364,365]],"type":"Polygon","properties":{"ADM0_A3":"GUY","NAME":"Guyana","CONTINENT":"South America","ISO_A2":"GY","TYPE":"Sovereign country","POP_EST":782766,"REGION_UN":"Americas","SUBREGION":"South America"},"id":"GUY"},{"arcs":[[[366,367]],[[368]],[[369]],[[370]],[[371]],[[372]],[[373]]],"type":"MultiPolygon","properties":{"ADM0_A3":"KOR","NAME":"South Korea","CONTINENT":"Asia","ISO_A2":"KR","TYPE":"Sovereign country","POP_EST":51709098,"REGION_UN":"Asia","SUBREGION":"Eastern Asia"},"id":"KOR"},{"arcs":[[-272,374,375,-368,376]],"type":"Polygon","properties":{"ADM0_A3":"PRK","NAME":"North Korea","CONTINENT":"Asia","ISO_A2":"KP","TYPE":"Sovereign country","POP_EST":25666161,"REGION_UN":"Asia","SUBREGION":"Eastern Asia"},"id":"PRK"},{"arcs":[[377,378,379]],"type":"Polygon","properties":{"ADM0_A3":"MAR","NAME":"Morocco","CONTINENT":"Africa","ISO_A2":"MA","TYPE":"Sovereign country","POP_EST":36471769,"REGION_UN":"Africa","SUBREGION":"Northern Africa"},"id":"MAR"},{"arcs":[[-380,380,381,382]],"type":"Polygon","properties":{"ADM0_A3":"SAH","NAME":"W. Sahara","CONTINENT":"Africa","ISO_A2":"EH","TYPE":"Indeterminate","POP_EST":603253,"REGION_UN":"Africa","SUBREGION":"Northern Africa"},"id":"SAH"},{"arcs":[[383,384,385,386]],"type":"Polygon","properties":{"ADM0_A3":"CRI","NAME":"Costa Rica","CONTINENT":"North America","ISO_A2":"CR","TYPE":"Sovereign country","POP_EST":5047561,"REGION_UN":"Americas","SUBREGION":"Central America"},"id":"CRI"},{"arcs":[[-387,387,388,389]],"type":"Polygon","properties":{"ADM0_A3":"NIC","NAME":"Nicaragua","CONTINENT":"North America","ISO_A2":"NI","TYPE":"Sovereign country","POP_EST":6545502,"REGION_UN":"Americas","SUBREGION":"Central America"},"id":"NIC"},{"arcs":[[390,391,392,393,394,395]],"type":"Polygon","properties":{"ADM0_A3":"COG","NAME":"Congo","CONTINENT":"Africa","ISO_A2":"CG","TYPE":"Sovereign country","POP_EST":5380508,"REGION_UN":"Africa","SUBREGION":"Middle Africa"},"id":"COG"},{"arcs":[[-311,396,397,398,-326,399,400,401,402,-391,403]],"type":"Polygon","properties":{"ADM0_A3":"COD","NAME":"Dem. Rep. Congo","CONTINENT":"Africa","ISO_A2":"CD","TYPE":"Sovereign country","POP_EST":86790567,"REGION_UN":"Africa","SUBREGION":"Middle Africa"},"id":"COD"},{"arcs":[[-250,-279]],"type":"Polygon","properties":{"ADM0_A3":"BTN","NAME":"Bhutan","CONTINENT":"Asia","ISO_A2":"BT","TYPE":"Sovereign country","POP_EST":763092,"REGION_UN":"Asia","SUBREGION":"Southern Asia"},"id":"BTN"},{"arcs":[[404,405,406,407,408,409,410,411,412,413,414]],"type":"Polygon","properties":{"ADM0_A3":"UKR","NAME":"Ukraine","CONTINENT":"Europe","ISO_A2":"UA","TYPE":"Sovereign country","POP_EST":44385155,"REGION_UN":"Europe","SUBREGION":"Eastern Europe"},"id":"UKR"},{"arcs":[[-415,415,416,417,418]],"type":"Polygon","properties":{"ADM0_A3":"BLR","NAME":"Belarus","CONTINENT":"Europe","ISO_A2":"BY","TYPE":"Sovereign country","POP_EST":9466856,"REGION_UN":"Europe","SUBREGION":"Eastern Europe"},"id":"BLR"},{"arcs":[[419,420,421,422,423]],"type":"Polygon","properties":{"ADM0_A3":"NAM","NAME":"Namibia","CONTINENT":"Africa","ISO_A2":"NA","TYPE":"Sovereign country","POP_EST":2494530,"REGION_UN":"Africa","SUBREGION":"Southern Africa"},"id":"NAM"},{"arcs":[[[-424,424,425,426,427,428,429],[431]],[[430]]],"type":"MultiPolygon","properties":{"ADM0_A3":"ZAF","NAME":"South Africa","CONTINENT":"Africa","ISO_A2":"ZA","TYPE":"Sovereign country","POP_EST":58558270,"REGION_UN":"Africa","SUBREGION":"Southern Africa"},"id":"ZAF"},{"arcs":[[432,433]],"type":"Polygon","properties":{"ADM0_A3":"MAF","NAME":"St-Martin","CONTINENT":"North America","ISO_A2":"MF","TYPE":"Dependency","POP_EST":38002,"REGION_UN":"Americas","SUBREGION":"Caribbean"},"id":"MAF"},{"arcs":[[-433,434]],"type":"Polygon","properties":{"ADM0_A3":"SXM","NAME":"Sint Maarten","CONTINENT":"North America","ISO_A2":"SX","TYPE":"Country","POP_EST":40733,"REGION_UN":"Americas","SUBREGION":"Caribbean"},"id":"SXM"},{"arcs":[[[435,436]],[[437,438,439,440]],[[441]]],"type":"MultiPolygon","properties":{"ADM0_A3":"OMN","NAME":"Oman","CONTINENT":"Asia","ISO_A2":"OM","TYPE":"Sovereign country","POP_EST":4974986,"REGION_UN":"Asia","SUBREGION":"Western Asia"},"id":"OMN"},{"arcs":[[[442,443,444,445,446]],[[447]]],"type":"MultiPolygon","properties":{"ADM0_A3":"UZB","NAME":"Uzbekistan","CONTINENT":"Asia","ISO_A2":"UZ","TYPE":"Sovereign country","POP_EST":33580650,"REGION_UN":"Asia","SUBREGION":"Central Asia"},"id":"UZB"},{"arcs":[[-268,448,-446,449,450,451],[452]],"type":"Polygon","properties":{"ADM0_A3":"KAZ","NAME":"Kazakhstan","CONTINENT":"Asia","ISO_A2":"KZ","TYPE":"Sovereignty","POP_EST":18513930,"REGION_UN":"Asia","SUBREGION":"Central Asia"},"id":"KAZ"},{"arcs":[[[-266,453,-443,454]],[[455]]],"type":"MultiPolygon","properties":{"ADM0_A3":"TJK","NAME":"Tajikistan","CONTINENT":"Asia","ISO_A2":"TJ","TYPE":"Sovereign country","POP_EST":9321018,"REGION_UN":"Asia","SUBREGION":"Central Asia"},"id":"TJK"},{"arcs":[[-417,456,457,458,459]],"type":"Polygon","properties":{"ADM0_A3":"LTU","NAME":"Lithuania","CONTINENT":"Europe","ISO_A2":"LT","TYPE":"Sovereign country","POP_EST":2786844,"REGION_UN":"Europe","SUBREGION":"Northern Europe"},"id":"LTU"},{"arcs":[[[-216,-222,460,461,-364,-361,-341,462,463,464,-224,465]],[[466]],[[467]],[[468]],[[469]],[[470]],[[471]],[[472]],[[473]],[[474]],[[475]],[[476]],[[477]],[[478]],[[479]],[[480]],[[481]],[[482]],[[483]],[[484]],[[485]],[[486]]],"type":"MultiPolygon","properties":{"ADM0_A3":"BRA","NAME":"Brazil","CONTINENT":"South America","ISO_A2":"BR","TYPE":"Sovereign country","POP_EST":211049527,"REGION_UN":"Americas","SUBREGION":"South America"},"id":"BRA"},{"arcs":[[-226,487,-464,488]],"type":"Polygon","properties":{"ADM0_A3":"URY","NAME":"Uruguay","CONTINENT":"South America","ISO_A2":"UY","TYPE":"Sovereign country","POP_EST":3461734,"REGION_UN":"Americas","SUBREGION":"South America"},"id":"URY"},{"arcs":[[-270,489]],"type":"Polygon","properties":{"ADM0_A3":"MNG","NAME":"Mongolia","CONTINENT":"Asia","ISO_A2":"MN","TYPE":"Sovereign country","POP_EST":3225167,"REGION_UN":"Asia","SUBREGION":"Eastern Asia"},"id":"MNG"},{"arcs":[[[-269,-452,490,491,492,493,-405,-419,494,495,496,497,498,499,-375,-271,-490]],[[-458,500,501]],[[-407,502]],[[503]],[[504]],[[505]],[[506]],[[507]],[[508]],[[509]],[[510]],[[511]],[[512]],[[513]],[[514]],[[515]],[[516]],[[517]],[[518]],[[519]],[[520]],[[521]],[[522]],[[523]],[[524]],[[525]],[[526]],[[527]],[[528]],[[529]],[[530]],[[531]],[[532]],[[533]],[[534]],[[535]],[[536]],[[537]],[[538]],[[539]],[[540]],[[541]],[[542]],[[543]],[[544]],[[545]],[[546]],[[547]],[[548]],[[549]],[[550]],[[551]],[[552]],[[553]],[[554]],[[555]],[[556]],[[557]],[[558]],[[559]],[[560]],[[561]],[[562]],[[563]],[[564]],[[565]],[[566]],[[567]],[[568]],[[569]],[[570]],[[571]],[[572]],[[573]],[[574]],[[575]],[[576]],[[577]],[[578]],[[579]],[[580]],[[581]],[[582]],[[583]],[[584]],[[585]],[[586]],[[587]]],"type":"MultiPolygon","properties":{"ADM0_A3":"RUS","NAME":"Russia","CONTINENT":"Europe","ISO_A2":"RU","TYPE":"Sovereign country","POP_EST":144373535,"REGION_UN":"Europe","SUBREGION":"Eastern Europe"},"id":"RUS"},{"arcs":[[588,589,590,591]],"type":"Polygon","properties":{"ADM0_A3":"CZE","NAME":"Czechia","CONTINENT":"Europe","ISO_A2":"CZ","TYPE":"Sovereign country","POP_EST":10669709,"REGION_UN":"Europe","SUBREGION":"Eastern Europe"},"id":"CZE"},{"arcs":[[[-344,592,593,594,595,596,597,598,-592,599,600]],[[601,602]],[[603]],[[604]]],"type":"MultiPolygon","properties":{"ADM0_A3":"DEU","NAME":"Germany","CONTINENT":"Europe","ISO_A2":"DE","TYPE":"Sovereign country","POP_EST":83132799,"REGION_UN":"Europe","SUBREGION":"Western Europe"},"id":"DEU"},{"arcs":[[[-496,605,606]],[[607]],[[608]],[[609]]],"type":"MultiPolygon","properties":{"ADM0_A3":"EST","NAME":"Estonia","CONTINENT":"Europe","ISO_A2":"EE","TYPE":"Sovereign country","POP_EST":1326590,"REGION_UN":"Europe","SUBREGION":"Northern Europe"},"id":"EST"},{"arcs":[[-418,-460,610,-606,-495]],"type":"Polygon","properties":{"ADM0_A3":"LVA","NAME":"Latvia","CONTINENT":"Europe","ISO_A2":"LV","TYPE":"Sovereign country","POP_EST":1912789,"REGION_UN":"Europe","SUBREGION":"Northern Europe"},"id":"LVA"},{"arcs":[[[-499,611,612,613]],[[614]],[[615]],[[616]],[[617]],[[618]],[[619]],[[620]],[[621]],[[622]],[[623]],[[624]],[[625]],[[626]],[[627]],[[628]],[[629]],[[630]],[[631]],[[632]],[[633]],[[634]],[[635]],[[636]],[[637]],[[638]],[[639]],[[640]],[[641]],[[642]],[[643]],[[644]],[[645]],[[646]],[[647]],[[648]],[[649]],[[650]],[[651]]],"type":"MultiPolygon","properties":{"ADM0_A3":"NOR","NAME":"Norway","CONTINENT":"Europe","ISO_A2":"-99","TYPE":"Sovereign country","POP_EST":5347896,"REGION_UN":"Europe","SUBREGION":"Northern Europe"},"id":"NOR"},{"arcs":[[[-613,652,653]],[[654]],[[655]],[[656]],[[657]]],"type":"MultiPolygon","properties":{"ADM0_A3":"SWE","NAME":"Sweden","CONTINENT":"Europe","ISO_A2":"SE","TYPE":"Sovereign country","POP_EST":10285453,"REGION_UN":"Europe","SUBREGION":"Northern Europe"},"id":"SWE"},{"arcs":[[[-498,658,-653,-612]],[[659]]],"type":"MultiPolygon","properties":{"ADM0_A3":"FIN","NAME":"Finland","CONTINENT":"Europe","ISO_A2":"FI","TYPE":"Country","POP_EST":5520314,"REGION_UN":"Europe","SUBREGION":"Northern Europe"},"id":"FIN"},{"arcs":[[[-276,660,661,662]],[[663]],[[664]],[[665]],[[666]]],"type":"MultiPolygon","properties":{"ADM0_A3":"VNM","NAME":"Vietnam","CONTINENT":"Asia","ISO_A2":"VN","TYPE":"Sovereign country","POP_EST":96462106,"REGION_UN":"Asia","SUBREGION":"South-Eastern Asia"},"id":"VNM"},{"arcs":[[-662,667,668,669]],"type":"Polygon","properties":{"ADM0_A3":"KHM","NAME":"Cambodia","CONTINENT":"Asia","ISO_A2":"KH","TYPE":"Sovereign country","POP_EST":16486542,"REGION_UN":"Asia","SUBREGION":"South-Eastern Asia"},"id":"KHM"},{"arcs":[[-343,670,-593]],"type":"Polygon","properties":{"ADM0_A3":"LUX","NAME":"Luxembourg","CONTINENT":"Europe","ISO_A2":"LU","TYPE":"Sovereign country","POP_EST":619896,"REGION_UN":"Europe","SUBREGION":"Western Europe"},"id":"LUX"},{"arcs":[[[-437,671,-441,672,673]],[[674]]],"type":"MultiPolygon","properties":{"ADM0_A3":"ARE","NAME":"United Arab Emirates","CONTINENT":"Asia","ISO_A2":"AE","TYPE":"Sovereign country","POP_EST":9770529,"REGION_UN":"Asia","SUBREGION":"Western Asia"},"id":"ARE"},{"arcs":[[-342,675,676,677,678,-594,-671]],"type":"Polygon","properties":{"ADM0_A3":"BEL","NAME":"Belgium","CONTINENT":"Europe","ISO_A2":"BE","TYPE":"Sovereign country","POP_EST":11484055,"REGION_UN":"Europe","SUBREGION":"Western Europe"},"id":"BEL"},{"arcs":[[-493,679,680,681,682]],"type":"Polygon","properties":{"ADM0_A3":"GEO","NAME":"Georgia","CONTINENT":"Asia","ISO_A2":"GE","TYPE":"Sovereign country","POP_EST":3720382,"REGION_UN":"Asia","SUBREGION":"Western Asia"},"id":"GEO"},{"arcs":[[683,684,685,686,687]],"type":"Polygon","properties":{"ADM0_A3":"MKD","NAME":"North Macedonia","CONTINENT":"Europe","ISO_A2":"MK","TYPE":"Sovereign country","POP_EST":2083459,"REGION_UN":"Europe","SUBREGION":"Southern Europe"},"id":"MKD"},{"arcs":[[-688,688,689,690,691]],"type":"Polygon","properties":{"ADM0_A3":"ALB","NAME":"Albania","CONTINENT":"Europe","ISO_A2":"AL","TYPE":"Sovereign country","POP_EST":2854191,"REGION_UN":"Europe","SUBREGION":"Southern Europe"},"id":"ALB"},{"arcs":[[[-492,692,693,694,-680]],[[695,696,697]]],"type":"MultiPolygon","properties":{"ADM0_A3":"AZE","NAME":"Azerbaijan","CONTINENT":"Asia","ISO_A2":"AZ","TYPE":"Sovereign country","POP_EST":10023318,"REGION_UN":"Asia","SUBREGION":"Western Asia"},"id":"AZE"},{"arcs":[[-684,-692,698,699]],"type":"Polygon","properties":{"ADM0_A3":"KOS","NAME":"Kosovo","CONTINENT":"Europe","ISO_A2":"-99","TYPE":"Disputed","POP_EST":1794248,"REGION_UN":"Europe","SUBREGION":"Southern Europe"},"id":"KOS"},{"arcs":[[[-334,700,-682,701,-697,702,703]],[[704,705,706]],[[707]]],"type":"MultiPolygon","properties":{"ADM0_A3":"TUR","NAME":"Turkey","CONTINENT":"Asia","ISO_A2":"TR","TYPE":"Sovereign country","POP_EST":83429615,"REGION_UN":"Asia","SUBREGION":"Western Asia"},"id":"TUR"},{"arcs":[[[-350,708,709,710,711,712,-352,713]],[[714]],[[715]],[[716]],[[717]],[[718]],[[719]],[[720]],[[721]],[[722]],[[723]]],"type":"MultiPolygon","properties":{"ADM0_A3":"ESP","NAME":"Spain","CONTINENT":"Europe","ISO_A2":"ES","TYPE":"Sovereign country","POP_EST":47076781,"REGION_UN":"Europe","SUBREGION":"Southern Europe"},"id":"ESP"},{"arcs":[[-277,-663,-670,724,725]],"type":"Polygon","properties":{"ADM0_A3":"LAO","NAME":"Laos","CONTINENT":"Asia","ISO_A2":"LA","TYPE":"Sovereign country","POP_EST":7169455,"REGION_UN":"Asia","SUBREGION":"South-Eastern Asia"},"id":"LAO"},{"arcs":[[-267,-455,-447,-449],[-448],[-456]],"type":"Polygon","properties":{"ADM0_A3":"KGZ","NAME":"Kyrgyzstan","CONTINENT":"Asia","ISO_A2":"KG","TYPE":"Sovereign country","POP_EST":6456900,"REGION_UN":"Asia","SUBREGION":"Central Asia"},"id":"KGZ"},{"arcs":[[-681,-695,726,-698,-702]],"type":"Polygon","properties":{"ADM0_A3":"ARM","NAME":"Armenia","CONTINENT":"Asia","ISO_A2":"AM","TYPE":"Sovereign country","POP_EST":2957731,"REGION_UN":"Asia","SUBREGION":"Western Asia"},"id":"ARM"},{"arcs":[[[-597,727]],[[728]],[[729]],[[730]],[[731]],[[732]],[[733]],[[734]],[[735]],[[736]]],"type":"MultiPolygon","properties":{"ADM0_A3":"DNK","NAME":"Denmark","CONTINENT":"Europe","ISO_A2":"DK","TYPE":"Country","POP_EST":5818553,"REGION_UN":"Europe","SUBREGION":"Northern Europe"},"id":"DNK"},{"arcs":[[737,738,739,740,741,742,743]],"type":"Polygon","properties":{"ADM0_A3":"LBY","NAME":"Libya","CONTINENT":"Africa","ISO_A2":"LY","TYPE":"Sovereign country","POP_EST":6777452,"REGION_UN":"Africa","SUBREGION":"Northern Africa"},"id":"LBY"},{"arcs":[[[-744,744,745]],[[746]]],"type":"MultiPolygon","properties":{"ADM0_A3":"TUN","NAME":"Tunisia","CONTINENT":"Africa","ISO_A2":"TN","TYPE":"Sovereign country","POP_EST":11694719,"REGION_UN":"Africa","SUBREGION":"Northern Africa"},"id":"TUN"},{"arcs":[[-409,747,748,749,750,-411,751]],"type":"Polygon","properties":{"ADM0_A3":"ROU","NAME":"Romania","CONTINENT":"Europe","ISO_A2":"RO","TYPE":"Sovereign country","POP_EST":19356544,"REGION_UN":"Europe","SUBREGION":"Eastern Europe"},"id":"ROU"},{"arcs":[[-412,-751,752,753,754,755,756]],"type":"Polygon","properties":{"ADM0_A3":"HUN","NAME":"Hungary","CONTINENT":"Europe","ISO_A2":"HU","TYPE":"Sovereign country","POP_EST":9769949,"REGION_UN":"Europe","SUBREGION":"Eastern Europe"},"id":"HUN"},{"arcs":[[-413,-757,757,-590,758]],"type":"Polygon","properties":{"ADM0_A3":"SVK","NAME":"Slovakia","CONTINENT":"Europe","ISO_A2":"SK","TYPE":"Sovereign country","POP_EST":5454073,"REGION_UN":"Europe","SUBREGION":"Eastern Europe"},"id":"SVK"},{"arcs":[[-414,-759,-589,-599,759,-602,760,-501,-457,-416]],"type":"Polygon","properties":{"ADM0_A3":"POL","NAME":"Poland","CONTINENT":"Europe","ISO_A2":"PL","TYPE":"Sovereign country","POP_EST":37970874,"REGION_UN":"Europe","SUBREGION":"Eastern Europe"},"id":"POL"},{"arcs":[[761,762]],"type":"Polygon","properties":{"ADM0_A3":"IRL","NAME":"Ireland","CONTINENT":"Europe","ISO_A2":"IE","TYPE":"Sovereign country","POP_EST":4941444,"REGION_UN":"Europe","SUBREGION":"Northern Europe"},"id":"IRL"},{"arcs":[[[-762,763]],[[764]],[[765]],[[766]],[[767]],[[768]],[[769]],[[770]],[[771]],[[772]],[[773]],[[774]],[[775]],[[776]]],"type":"MultiPolygon","properties":{"ADM0_A3":"GBR","NAME":"United Kingdom","CONTINENT":"Europe","ISO_A2":"GB","TYPE":"Country","POP_EST":66834405,"REGION_UN":"Europe","SUBREGION":"Northern Europe"},"id":"GBR"},{"arcs":[[[-687,777,-706,778,-689]],[[779]],[[780]],[[781]],[[782]],[[783]],[[784]],[[785]],[[786]],[[787]],[[788]],[[789]],[[790]],[[791]],[[792]],[[793]],[[794]],[[795]],[[796]],[[797]],[[798]],[[799]]],"type":"MultiPolygon","properties":{"ADM0_A3":"GRC","NAME":"Greece","CONTINENT":"Europe","ISO_A2":"GR","TYPE":"Sovereign country","POP_EST":10716322,"REGION_UN":"Europe","SUBREGION":"Southern Europe"},"id":"GRC"},{"arcs":[[-321,800,801,-422,802,-400,-325]],"type":"Polygon","properties":{"ADM0_A3":"ZMB","NAME":"Zambia","CONTINENT":"Africa","ISO_A2":"ZM","TYPE":"Sovereign country","POP_EST":17861030,"REGION_UN":"Africa","SUBREGION":"Eastern Africa"},"id":"ZMB"},{"arcs":[[[803,804,805]],[[806]]],"type":"MultiPolygon","properties":{"ADM0_A3":"SLE","NAME":"Sierra Leone","CONTINENT":"Africa","ISO_A2":"SL","TYPE":"Sovereign country","POP_EST":7813215,"REGION_UN":"Africa","SUBREGION":"Western Africa"},"id":"SLE"},{"arcs":[[-806,807,808,809,810,811,812]],"type":"Polygon","properties":{"ADM0_A3":"GIN","NAME":"Guinea","CONTINENT":"Africa","ISO_A2":"GN","TYPE":"Sovereign country","POP_EST":12771246,"REGION_UN":"Africa","SUBREGION":"Western Africa"},"id":"GIN"},{"arcs":[[-804,-813,813,814]],"type":"Polygon","properties":{"ADM0_A3":"LBR","NAME":"Liberia","CONTINENT":"Africa","ISO_A2":"LR","TYPE":"Sovereign country","POP_EST":4937374,"REGION_UN":"Africa","SUBREGION":"Western Africa"},"id":"LBR"},{"arcs":[[-312,-404,-396,815,816,817]],"type":"Polygon","properties":{"ADM0_A3":"CAF","NAME":"Central African Rep.","CONTINENT":"Africa","ISO_A2":"CF","TYPE":"Sovereign country","POP_EST":4745185,"REGION_UN":"Africa","SUBREGION":"Middle Africa"},"id":"CAF"},{"arcs":[[-302,-313,-818,818,-740,819,820,821,822,823]],"type":"Polygon","properties":{"ADM0_A3":"SDN","NAME":"Sudan","CONTINENT":"Africa","ISO_A2":"SD","TYPE":"Sovereign country","POP_EST":42813238,"REGION_UN":"Africa","SUBREGION":"Northern Africa"},"id":"SDN"},{"arcs":[[-304,824,825,-337]],"type":"Polygon","properties":{"ADM0_A3":"DJI","NAME":"Djibouti","CONTINENT":"Africa","ISO_A2":"DJ","TYPE":"Sovereign country","POP_EST":973560,"REGION_UN":"Africa","SUBREGION":"Eastern Africa"},"id":"DJI"},{"arcs":[[[-303,-824,826,-825]],[[827]]],"type":"MultiPolygon","properties":{"ADM0_A3":"ERI","NAME":"Eritrea","CONTINENT":"Africa","ISO_A2":"ER","TYPE":"Sovereign country","POP_EST":6081196,"REGION_UN":"Africa","SUBREGION":"Eastern Africa"},"id":"ERI"},{"arcs":[[-591,-758,-756,828,829,830,831,832,-600]],"type":"Polygon","properties":{"ADM0_A3":"AUT","NAME":"Austria","CONTINENT":"Europe","ISO_A2":"AT","TYPE":"Sovereign country","POP_EST":8877067,"REGION_UN":"Europe","SUBREGION":"Western Europe"},"id":"AUT"},{"arcs":[[-335,-704,833,834,835,836,837]],"type":"Polygon","properties":{"ADM0_A3":"IRQ","NAME":"Iraq","CONTINENT":"Asia","ISO_A2":"IQ","TYPE":"Sovereign country","POP_EST":39309783,"REGION_UN":"Asia","SUBREGION":"Western Asia"},"id":"IRQ"},{"arcs":[[[-346,838,-830,839,840],[843]],[[841]],[[842]]],"type":"MultiPolygon","properties":{"ADM0_A3":"ITA","NAME":"Italy","CONTINENT":"Europe","ISO_A2":"IT","TYPE":"Sovereign country","POP_EST":60297396,"REGION_UN":"Europe","SUBREGION":"Southern Europe"},"id":"ITA"},{"arcs":[[-345,-601,-833,845,-831,-839]],"type":"Polygon","properties":{"ADM0_A3":"CHE","NAME":"Switzerland","CONTINENT":"Europe","ISO_A2":"CH","TYPE":"Sovereign country","POP_EST":8574832,"REGION_UN":"Europe","SUBREGION":"Western Europe"},"id":"CHE"},{"arcs":[[[-694,846,847,848,849,850,-834,-703,-696,-727]],[[851]]],"type":"MultiPolygon","properties":{"ADM0_A3":"IRN","NAME":"Iran","CONTINENT":"Asia","ISO_A2":"IR","TYPE":"Sovereign country","POP_EST":82913906,"REGION_UN":"Asia","SUBREGION":"Southern Asia"},"id":"IRN"},{"arcs":[[[-595,-679,852]],[[-677,853]],[[854]],[[855]],[[856]]],"type":"MultiPolygon","properties":{"ADM0_A3":"NLD","NAME":"Netherlands","CONTINENT":"Europe","ISO_A2":"NL","TYPE":"Country","POP_EST":17332850,"REGION_UN":"Europe","SUBREGION":"Western Europe"},"id":"NLD"},{"arcs":[[-832,-846]],"type":"Polygon","properties":{"ADM0_A3":"LIE","NAME":"Liechtenstein","CONTINENT":"Europe","ISO_A2":"LI","TYPE":"Sovereign country","POP_EST":38019,"REGION_UN":"Europe","SUBREGION":"Western Europe"},"id":"LIE"},{"arcs":[[-812,857,858,859,860,-814]],"type":"Polygon","properties":{"ADM0_A3":"CIV","NAME":"Côte d'Ivoire","CONTINENT":"Africa","ISO_A2":"CI","TYPE":"Sovereign country","POP_EST":25716544,"REGION_UN":"Africa","SUBREGION":"Western Africa"},"id":"CIV"},{"arcs":[[-685,-700,861,862,863,-753,-750,864]],"type":"Polygon","properties":{"ADM0_A3":"SRB","NAME":"Serbia","CONTINENT":"Europe","ISO_A2":"RS","TYPE":"Sovereign country","POP_EST":6944975,"REGION_UN":"Europe","SUBREGION":"Southern Europe"},"id":"SRB"},{"arcs":[[-811,865,866,867,868,869,-858]],"type":"Polygon","properties":{"ADM0_A3":"MLI","NAME":"Mali","CONTINENT":"Africa","ISO_A2":"ML","TYPE":"Sovereign country","POP_EST":19658031,"REGION_UN":"Africa","SUBREGION":"Western Africa"},"id":"MLI"},{"arcs":[[-810,870,871,872,873,874,-866]],"type":"Polygon","properties":{"ADM0_A3":"SEN","NAME":"Senegal","CONTINENT":"Africa","ISO_A2":"SN","TYPE":"Sovereign country","POP_EST":16296364,"REGION_UN":"Africa","SUBREGION":"Western Africa"},"id":"SEN"},{"arcs":[[875,876,877,878,879]],"type":"Polygon","properties":{"ADM0_A3":"NGA","NAME":"Nigeria","CONTINENT":"Africa","ISO_A2":"NG","TYPE":"Sovereign country","POP_EST":200963599,"REGION_UN":"Africa","SUBREGION":"Western Africa"},"id":"NGA"},{"arcs":[[-880,880,881,882,883]],"type":"Polygon","properties":{"ADM0_A3":"BEN","NAME":"Benin","CONTINENT":"Africa","ISO_A2":"BJ","TYPE":"Sovereign country","POP_EST":11801151,"REGION_UN":"Africa","SUBREGION":"Western Africa"},"id":"BEN"},{"arcs":[[[-392,-403,884]],[[-401,-803,-421,885]]],"type":"MultiPolygon","properties":{"ADM0_A3":"AGO","NAME":"Angola","CONTINENT":"Africa","ISO_A2":"AO","TYPE":"Sovereign country","POP_EST":31825295,"REGION_UN":"Africa","SUBREGION":"Middle Africa"},"id":"AGO"},{"arcs":[[[-754,-864,886,887,888]],[[889,890,891]],[[892]],[[893]],[[894]],[[895]],[[896]],[[897]]],"type":"MultiPolygon","properties":{"ADM0_A3":"HRV","NAME":"Croatia","CONTINENT":"Europe","ISO_A2":"HR","TYPE":"Sovereign country","POP_EST":4067500,"REGION_UN":"Europe","SUBREGION":"Southern Europe"},"id":"HRV"},{"arcs":[[-755,-889,898,-840,-829]],"type":"Polygon","properties":{"ADM0_A3":"SVN","NAME":"Slovenia","CONTINENT":"Europe","ISO_A2":"SI","TYPE":"Sovereign country","POP_EST":2087946,"REGION_UN":"Europe","SUBREGION":"Southern Europe"},"id":"SVN"},{"arcs":[[899,900]],"type":"Polygon","properties":{"ADM0_A3":"QAT","NAME":"Qatar","CONTINENT":"Asia","ISO_A2":"QA","TYPE":"Sovereign country","POP_EST":2832067,"REGION_UN":"Asia","SUBREGION":"Western Asia"},"id":"QAT"},{"arcs":[[[-440,901,902,903,-837,904,905,-901,906,-673]],[[907]]],"type":"MultiPolygon","properties":{"ADM0_A3":"SAU","NAME":"Saudi Arabia","CONTINENT":"Asia","ISO_A2":"SA","TYPE":"Sovereign country","POP_EST":34268528,"REGION_UN":"Asia","SUBREGION":"Western Asia"},"id":"SAU"},{"arcs":[[-423,908,-425]],"type":"Polygon","properties":{"ADM0_A3":"BWA","NAME":"Botswana","CONTINENT":"Africa","ISO_A2":"BW","TYPE":"Sovereign country","POP_EST":2303697,"REGION_UN":"Africa","SUBREGION":"Southern Africa"},"id":"BWA"},{"arcs":[[-426,-909,-802,909]],"type":"Polygon","properties":{"ADM0_A3":"ZWE","NAME":"Zimbabwe","CONTINENT":"Africa","ISO_A2":"ZW","TYPE":"Sovereign country","POP_EST":14645468,"REGION_UN":"Africa","SUBREGION":"Eastern Africa"},"id":"ZWE"},{"arcs":[[-255,910,-850,911,-264,912]],"type":"Polygon","properties":{"ADM0_A3":"PAK","NAME":"Pakistan","CONTINENT":"Asia","ISO_A2":"PK","TYPE":"Sovereign country","POP_EST":216565318,"REGION_UN":"Asia","SUBREGION":"Southern Asia"},"id":"PAK"},{"arcs":[[-686,-865,-749,913,-707,-778]],"type":"Polygon","properties":{"ADM0_A3":"BGR","NAME":"Bulgaria","CONTINENT":"Europe","ISO_A2":"BG","TYPE":"Sovereign country","POP_EST":6975761,"REGION_UN":"Europe","SUBREGION":"Eastern Europe"},"id":"BGR"},{"arcs":[[[-122,914,915,-725,-669,916]],[[917]],[[918]],[[919]],[[920]]],"type":"MultiPolygon","properties":{"ADM0_A3":"THA","NAME":"Thailand","CONTINENT":"Asia","ISO_A2":"TH","TYPE":"Sovereign country","POP_EST":69625582,"REGION_UN":"Asia","SUBREGION":"South-Eastern Asia"},"id":"THA"},{"arcs":[[-844]],"type":"Polygon","properties":{"ADM0_A3":"SMR","NAME":"San Marino","CONTINENT":"Europe","ISO_A2":"SM","TYPE":"Sovereign country","POP_EST":33860,"REGION_UN":"Europe","SUBREGION":"Southern Europe"},"id":"SMR"},{"arcs":[[[921,922]],[[923]]],"type":"MultiPolygon","properties":{"ADM0_A3":"HTI","NAME":"Haiti","CONTINENT":"North America","ISO_A2":"HT","TYPE":"Sovereign country","POP_EST":11263077,"REGION_UN":"Americas","SUBREGION":"Caribbean"},"id":"HTI"},{"arcs":[[-922,924]],"type":"Polygon","properties":{"ADM0_A3":"DOM","NAME":"Dominican Rep.","CONTINENT":"North America","ISO_A2":"DO","TYPE":"Sovereign country","POP_EST":10738958,"REGION_UN":"Americas","SUBREGION":"Caribbean"},"id":"DOM"},{"arcs":[[-741,-819,-817,925,-877,926]],"type":"Polygon","properties":{"ADM0_A3":"TCD","NAME":"Chad","CONTINENT":"Africa","ISO_A2":"TD","TYPE":"Sovereign country","POP_EST":15946876,"REGION_UN":"Africa","SUBREGION":"Middle Africa"},"id":"TCD"},{"arcs":[[[-836,927,-905]],[[928]]],"type":"MultiPolygon","properties":{"ADM0_A3":"KWT","NAME":"Kuwait","CONTINENT":"Asia","ISO_A2":"KW","TYPE":"Sovereign country","POP_EST":4207083,"REGION_UN":"Asia","SUBREGION":"Western Asia"},"id":"KWT"},{"arcs":[[929,930,931]],"type":"Polygon","properties":{"ADM0_A3":"SLV","NAME":"El Salvador","CONTINENT":"North America","ISO_A2":"SV","TYPE":"Sovereign country","POP_EST":6453553,"REGION_UN":"Americas","SUBREGION":"Central America"},"id":"SLV"},{"arcs":[[-930,932,933,934,935,936]],"type":"Polygon","properties":{"ADM0_A3":"GTM","NAME":"Guatemala","CONTINENT":"North America","ISO_A2":"GT","TYPE":"Sovereign country","POP_EST":16604026,"REGION_UN":"Americas","SUBREGION":"Central America"},"id":"GTM"},{"arcs":[[[-6,937]],[[-4,938]]],"type":"MultiPolygon","properties":{"ADM0_A3":"TLS","NAME":"Timor-Leste","CONTINENT":"Asia","ISO_A2":"TL","TYPE":"Sovereign country","POP_EST":1293119,"REGION_UN":"Asia","SUBREGION":"South-Eastern Asia"},"id":"TLS"},{"arcs":[[[-126,939]],[[-124,940]]],"type":"MultiPolygon","properties":{"ADM0_A3":"BRN","NAME":"Brunei","CONTINENT":"Asia","ISO_A2":"BN","TYPE":"Sovereign country","POP_EST":433285,"REGION_UN":"Asia","SUBREGION":"South-Eastern Asia"},"id":"BRN"},{"arcs":[[-348,941]],"type":"Polygon","properties":{"ADM0_A3":"MCO","NAME":"Monaco","CONTINENT":"Europe","ISO_A2":"MC","TYPE":"Sovereign country","POP_EST":38964,"REGION_UN":"Europe","SUBREGION":"Western Europe"},"id":"MCO"},{"arcs":[[-379,942,-745,-743,943,-868,944,-381]],"type":"Polygon","properties":{"ADM0_A3":"DZA","NAME":"Algeria","CONTINENT":"Africa","ISO_A2":"DZ","TYPE":"Sovereign country","POP_EST":43053054,"REGION_UN":"Africa","SUBREGION":"Northern Africa"},"id":"DZA"},{"arcs":[[-320,-324,945,-429,946,-427,-910,-801]],"type":"Polygon","properties":{"ADM0_A3":"MOZ","NAME":"Mozambique","CONTINENT":"Africa","ISO_A2":"MZ","TYPE":"Sovereign country","POP_EST":30366036,"REGION_UN":"Africa","SUBREGION":"Eastern Africa"},"id":"MOZ"},{"arcs":[[-428,-947]],"type":"Polygon","properties":{"ADM0_A3":"SWZ","NAME":"eSwatini","CONTINENT":"Africa","ISO_A2":"SZ","TYPE":"Sovereign country","POP_EST":1148130,"REGION_UN":"Africa","SUBREGION":"Southern Africa"},"id":"SWZ"},{"arcs":[[-327,-399,947]],"type":"Polygon","properties":{"ADM0_A3":"BDI","NAME":"Burundi","CONTINENT":"Africa","ISO_A2":"BI","TYPE":"Sovereign country","POP_EST":11530580,"REGION_UN":"Africa","SUBREGION":"Eastern Africa"},"id":"BDI"},{"arcs":[[-328,-948,-398,948]],"type":"Polygon","properties":{"ADM0_A3":"RWA","NAME":"Rwanda","CONTINENT":"Africa","ISO_A2":"RW","TYPE":"Sovereign country","POP_EST":12626950,"REGION_UN":"Africa","SUBREGION":"Eastern Africa"},"id":"RWA"},{"arcs":[[[-252,-278,-726,-916,949,950]],[[951]],[[952]],[[953]],[[954]],[[955]],[[956]],[[957]],[[958]],[[959]]],"type":"MultiPolygon","properties":{"ADM0_A3":"MMR","NAME":"Myanmar","CONTINENT":"Asia","ISO_A2":"MM","TYPE":"Sovereign country","POP_EST":54045420,"REGION_UN":"Asia","SUBREGION":"South-Eastern Asia"},"id":"MMR"},{"arcs":[[[-253,-951,960]],[[961]],[[962]],[[963]],[[964]],[[965]]],"type":"MultiPolygon","properties":{"ADM0_A3":"BGD","NAME":"Bangladesh","CONTINENT":"Asia","ISO_A2":"BD","TYPE":"Sovereign country","POP_EST":163046161,"REGION_UN":"Asia","SUBREGION":"Southern Asia"},"id":"BGD"},{"arcs":[[-351,-714]],"type":"Polygon","properties":{"ADM0_A3":"AND","NAME":"Andorra","CONTINENT":"Europe","ISO_A2":"AD","TYPE":"Sovereign country","POP_EST":77142,"REGION_UN":"Europe","SUBREGION":"Southern Europe"},"id":"AND"},{"arcs":[[-265,-912,-849,966,-444,-454]],"type":"Polygon","properties":{"ADM0_A3":"AFG","NAME":"Afghanistan","CONTINENT":"Asia","ISO_A2":"AF","TYPE":"Sovereign country","POP_EST":38041754,"REGION_UN":"Asia","SUBREGION":"Southern Asia"},"id":"AFG"},{"arcs":[[-691,967,-890,968,-862,-699]],"type":"Polygon","properties":{"ADM0_A3":"MNE","NAME":"Montenegro","CONTINENT":"Europe","ISO_A2":"ME","TYPE":"Sovereign country","POP_EST":622137,"REGION_UN":"Europe","SUBREGION":"Southern Europe"},"id":"MNE"},{"arcs":[[-863,-969,-892,969,-887]],"type":"Polygon","properties":{"ADM0_A3":"BIH","NAME":"Bosnia and Herz.","CONTINENT":"Europe","ISO_A2":"BA","TYPE":"Sovereign country","POP_EST":3301000,"REGION_UN":"Europe","SUBREGION":"Southern Europe"},"id":"BIH"},{"arcs":[[-310,-319,-329,-949,-397]],"type":"Polygon","properties":{"ADM0_A3":"UGA","NAME":"Uganda","CONTINENT":"Africa","ISO_A2":"UG","TYPE":"Sovereign country","POP_EST":44269594,"REGION_UN":"Africa","SUBREGION":"Eastern Africa"},"id":"UGA"},{"arcs":[[970,971]],"type":"Polygon","properties":{"ADM0_A3":"USG","NAME":"USNB Guantanamo Bay","CONTINENT":"North America","ISO_A2":"-99","TYPE":"Lease","POP_EST":6000,"REGION_UN":"Americas","SUBREGION":"Caribbean"},"id":"USG"},{"arcs":[[[-972,972]],[[973]],[[974]],[[975]]],"type":"MultiPolygon","properties":{"ADM0_A3":"CUB","NAME":"Cuba","CONTINENT":"North America","ISO_A2":"CU","TYPE":"Sovereignty","POP_EST":11333483,"REGION_UN":"Americas","SUBREGION":"Caribbean"},"id":"CUB"},{"arcs":[[-389,976,-931,-937,977]],"type":"Polygon","properties":{"ADM0_A3":"HND","NAME":"Honduras","CONTINENT":"North America","ISO_A2":"HN","TYPE":"Sovereign country","POP_EST":9746117,"REGION_UN":"Americas","SUBREGION":"Central America"},"id":"HND"},{"arcs":[[[-220,978,979]],[[980]],[[981]],[[982]],[[983]],[[984]],[[985]],[[986]]],"type":"MultiPolygon","properties":{"ADM0_A3":"ECU","NAME":"Ecuador","CONTINENT":"South America","ISO_A2":"EC","TYPE":"Sovereign country","POP_EST":17373662,"REGION_UN":"Americas","SUBREGION":"South America"},"id":"ECU"},{"arcs":[[-221,-980,987,988,989,990,-461]],"type":"Polygon","properties":{"ADM0_A3":"COL","NAME":"Colombia","CONTINENT":"South America","ISO_A2":"CO","TYPE":"Sovereign country","POP_EST":50339443,"REGION_UN":"Americas","SUBREGION":"South America"},"id":"COL"},{"arcs":[[-217,-466,-223]],"type":"Polygon","properties":{"ADM0_A3":"PRY","NAME":"Paraguay","CONTINENT":"South America","ISO_A2":"PY","TYPE":"Sovereign country","POP_EST":7044636,"REGION_UN":"Americas","SUBREGION":"South America"},"id":"PRY"},{"arcs":[[-225,-465,-488]],"type":"Polygon","properties":{"ADM0_A3":"BRI","NAME":"Brazilian I.","CONTINENT":"South America","ISO_A2":"-99","TYPE":"Indeterminate","POP_EST":0,"REGION_UN":"Americas","SUBREGION":"South America"},"id":"BRI"},{"arcs":[[[-712,991]],[[992]],[[993]],[[994]],[[995]],[[996]],[[997]]],"type":"MultiPolygon","properties":{"ADM0_A3":"PRT","NAME":"Portugal","CONTINENT":"Europe","ISO_A2":"PT","TYPE":"Sovereign country","POP_EST":10269417,"REGION_UN":"Europe","SUBREGION":"Southern Europe"},"id":"PRT"},{"arcs":[[-410,-752]],"type":"Polygon","properties":{"ADM0_A3":"MDA","NAME":"Moldova","CONTINENT":"Europe","ISO_A2":"MD","TYPE":"Sovereign country","POP_EST":2657637,"REGION_UN":"Europe","SUBREGION":"Eastern Europe"},"id":"MDA"},{"arcs":[[-445,-967,-848,998,-450]],"type":"Polygon","properties":{"ADM0_A3":"TKM","NAME":"Turkmenistan","CONTINENT":"Asia","ISO_A2":"TM","TYPE":"Sovereign country","POP_EST":5942089,"REGION_UN":"Asia","SUBREGION":"Central Asia"},"id":"TKM"},{"arcs":[[-292,-336,-838,-904,999,-294,-299]],"type":"Polygon","properties":{"ADM0_A3":"JOR","NAME":"Jordan","CONTINENT":"Asia","ISO_A2":"JO","TYPE":"Sovereign country","POP_EST":10101694,"REGION_UN":"Asia","SUBREGION":"Western Asia"},"id":"JOR"},{"arcs":[[-248,-280]],"type":"Polygon","properties":{"ADM0_A3":"NPL","NAME":"Nepal","CONTINENT":"Asia","ISO_A2":"NP","TYPE":"Sovereign country","POP_EST":28608710,"REGION_UN":"Asia","SUBREGION":"Southern Asia"},"id":"NPL"},{"arcs":[[-432]],"type":"Polygon","properties":{"ADM0_A3":"LSO","NAME":"Lesotho","CONTINENT":"Africa","ISO_A2":"LS","TYPE":"Sovereign country","POP_EST":2125268,"REGION_UN":"Africa","SUBREGION":"Southern Africa"},"id":"LSO"},{"arcs":[[-395,1000,1001,1002,-878,-926,-816]],"type":"Polygon","properties":{"ADM0_A3":"CMR","NAME":"Cameroon","CONTINENT":"Africa","ISO_A2":"CM","TYPE":"Sovereign country","POP_EST":25876380,"REGION_UN":"Africa","SUBREGION":"Middle Africa"},"id":"CMR"},{"arcs":[[-394,1003,1004,-1001]],"type":"Polygon","properties":{"ADM0_A3":"GAB","NAME":"Gabon","CONTINENT":"Africa","ISO_A2":"GA","TYPE":"Sovereign country","POP_EST":2172579,"REGION_UN":"Africa","SUBREGION":"Middle Africa"},"id":"GAB"},{"arcs":[[-742,-927,-876,-884,1005,-869,-944]],"type":"Polygon","properties":{"ADM0_A3":"NER","NAME":"Niger","CONTINENT":"Africa","ISO_A2":"NE","TYPE":"Sovereign country","POP_EST":23310715,"REGION_UN":"Africa","SUBREGION":"Western Africa"},"id":"NER"},{"arcs":[[-859,-870,-1006,-883,1006,1007]],"type":"Polygon","properties":{"ADM0_A3":"BFA","NAME":"Burkina Faso","CONTINENT":"Africa","ISO_A2":"BF","TYPE":"Sovereign country","POP_EST":20321378,"REGION_UN":"Africa","SUBREGION":"Western Africa"},"id":"BFA"},{"arcs":[[-882,1008,1009,-1007]],"type":"Polygon","properties":{"ADM0_A3":"TGO","NAME":"Togo","CONTINENT":"Africa","ISO_A2":"TG","TYPE":"Sovereign country","POP_EST":8082366,"REGION_UN":"Africa","SUBREGION":"Western Africa"},"id":"TGO"},{"arcs":[[-860,-1008,-1010,1010]],"type":"Polygon","properties":{"ADM0_A3":"GHA","NAME":"Ghana","CONTINENT":"Africa","ISO_A2":"GH","TYPE":"Sovereign country","POP_EST":30417856,"REGION_UN":"Africa","SUBREGION":"Western Africa"},"id":"GHA"},{"arcs":[[[-809,1011,-871]],[[1012]],[[1013]],[[1014]],[[1015]]],"type":"MultiPolygon","properties":{"ADM0_A3":"GNB","NAME":"Guinea-Bissau","CONTINENT":"Africa","ISO_A2":"GW","TYPE":"Sovereign country","POP_EST":1920922,"REGION_UN":"Africa","SUBREGION":"Western Africa"},"id":"GNB"},{"arcs":[[-710,1016]],"type":"Polygon","properties":{"ADM0_A3":"GIB","NAME":"Gibraltar","CONTINENT":"Europe","ISO_A2":"GI","TYPE":"Disputed","POP_EST":33701,"REGION_UN":"Europe","SUBREGION":"Southern Europe"},"id":"GIB"},{"arcs":[[[1017,1018,1019,1020,1021]],[[1022,1023]],[[1024]],[[1025]],[[1026]],[[1027]],[[1028]],[[1029]],[[1030]],[[1031]],[[1032]],[[1033]],[[1034]],[[1035]],[[1036]],[[1037]],[[1038]],[[1039]],[[1040]],[[1041]],[[1042]],[[1043]],[[1044]],[[1045]],[[1046]],[[1047]],[[1048]],[[1049]],[[1050]],[[1051]],[[1052]],[[1053]],[[1054]],[[1055]],[[1056]],[[1057]],[[1058]],[[1059]],[[1060]],[[1061]],[[1062]],[[1063]],[[1064]],[[1065]],[[1066]],[[1067]],[[1068]],[[1069]],[[1070]],[[1071]],[[1072]],[[1073]],[[1074]],[[1075]],[[1076]],[[1077]],[[1078]],[[1079]],[[1080]],[[1081]],[[1082]],[[1083]],[[1084]],[[1085]]],"type":"MultiPolygon","properties":{"ADM0_A3":"USA","NAME":"United States of America","CONTINENT":"North America","ISO_A2":"US","TYPE":"Country","POP_EST":328239523,"REGION_UN":"Americas","SUBREGION":"Northern America"},"id":"USA"},{"arcs":[[[-1018,1086,-1023,1087]],[[-1019,1088]],[[1089]],[[1090]],[[1091]],[[1092]],[[1093]],[[1094]],[[1095]],[[1096]],[[1097]],[[1098]],[[1099]],[[1100]],[[1101]],[[1102]],[[1103]],[[1104]],[[1105]],[[1106]],[[1107]],[[1108]],[[1109]],[[1110]],[[1111]],[[1112]],[[1113]],[[1114]],[[1115]],[[1116]],[[1117]],[[1118]],[[1119]],[[1120]],[[1121]],[[1122]],[[1123]],[[1124]],[[1125]],[[1126]],[[1127]],[[1128]],[[1129]],[[1130]],[[1131]],[[1132]],[[1133]],[[1134]],[[1135]],[[1136]],[[1137]],[[1138]],[[1139]],[[1140]],[[1141]],[[1142]],[[1143]],[[1144]],[[1145]],[[1146]],[[1147]],[[1148]],[[1149]],[[1150]],[[1151]],[[1152]],[[1153]],[[1154]],[[1155]],[[1156]],[[1157]],[[1158]],[[1159]],[[1160]],[[1161]],[[1162]],[[1163]],[[1164]],[[1165]],[[1166]],[[1167]],[[1168]],[[1169]],[[1170]],[[1171]],[[1172]],[[1173]],[[1174]],[[1175]],[[1176]],[[1177]],[[1178]],[[1179]],[[1180]],[[1181]],[[1182]],[[1183]],[[1184]],[[1185]],[[1186]],[[1187]],[[1188]],[[1189]],[[1190]],[[1191]],[[1192]],[[1193]],[[1194]],[[1195]],[[1196]],[[1197]],[[1198]],[[1199]],[[1200]],[[1201]],[[1202]],[[1203]],[[1204]],[[1205]],[[1206]],[[1207]],[[1208]],[[1209]],[[1210]],[[1211]],[[1212]],[[1213]],[[1214]],[[1215]],[[1216]],[[1217]],[[1218]],[[1219]],[[1220]]],"type":"MultiPolygon","properties":{"ADM0_A3":"CAN","NAME":"Canada","CONTINENT":"North America","ISO_A2":"CA","TYPE":"Sovereign country","POP_EST":37589262,"REGION_UN":"Americas","SUBREGION":"Northern America"},"id":"CAN"},{"arcs":[[[-934,1221,-1021,1222,1223]],[[1224]],[[1225]],[[1226]],[[1227]],[[1228]],[[1229]],[[1230]]],"type":"MultiPolygon","properties":{"ADM0_A3":"MEX","NAME":"Mexico","CONTINENT":"North America","ISO_A2":"MX","TYPE":"Sovereign country","POP_EST":127575529,"REGION_UN":"Americas","SUBREGION":"Central America"},"id":"MEX"},{"arcs":[[-935,-1224,1231]],"type":"Polygon","properties":{"ADM0_A3":"BLZ","NAME":"Belize","CONTINENT":"North America","ISO_A2":"BZ","TYPE":"Sovereign country","POP_EST":390353,"REGION_UN":"Americas","SUBREGION":"Central America"},"id":"BLZ"},{"arcs":[[[-385,1232,-989,1233]],[[1234]],[[1235]]],"type":"MultiPolygon","properties":{"ADM0_A3":"PAN","NAME":"Panama","CONTINENT":"North America","ISO_A2":"PA","TYPE":"Sovereign country","POP_EST":4246439,"REGION_UN":"Americas","SUBREGION":"Central America"},"id":"PAN"},{"arcs":[[[-365,-462,-991,1236]],[[1237]],[[1238]],[[1239]],[[1240]],[[1241]]],"type":"MultiPolygon","properties":{"ADM0_A3":"VEN","NAME":"Venezuela","CONTINENT":"South America","ISO_A2":"VE","TYPE":"Sovereign country","POP_EST":28515829,"REGION_UN":"Americas","SUBREGION":"South America"},"id":"VEN"},{"arcs":[[[-9,1242]],[[1243]],[[1244]],[[1245]],[[1246]],[[1247]],[[1248]],[[1249]],[[1250]],[[1251]],[[1252]],[[1253]],[[1254]],[[1255]],[[1256]],[[1257]],[[1258]],[[1259]],[[1260]],[[1261]],[[1262]]],"type":"MultiPolygon","properties":{"ADM0_A3":"PNG","NAME":"Papua New Guinea","CONTINENT":"Oceania","ISO_A2":"PG","TYPE":"Sovereign country","POP_EST":8776109,"REGION_UN":"Oceania","SUBREGION":"Melanesia"},"id":"PNG"},{"arcs":[[-296,1263,-822,1264,-820,-739,1265,-297]],"type":"Polygon","properties":{"ADM0_A3":"EGY","NAME":"Egypt","CONTINENT":"Africa","ISO_A2":"EG","TYPE":"Sovereign country","POP_EST":100388073,"REGION_UN":"Africa","SUBREGION":"Northern Africa"},"id":"EGY"},{"arcs":[[[-439,1266,-902]],[[1267]]],"type":"MultiPolygon","properties":{"ADM0_A3":"YEM","NAME":"Yemen","CONTINENT":"Asia","ISO_A2":"YE","TYPE":"Sovereign country","POP_EST":29161922,"REGION_UN":"Asia","SUBREGION":"Western Asia"},"id":"YEM"},{"arcs":[[-382,-945,-867,-875,1268]],"type":"Polygon","properties":{"ADM0_A3":"MRT","NAME":"Mauritania","CONTINENT":"Africa","ISO_A2":"MR","TYPE":"Sovereign country","POP_EST":4525696,"REGION_UN":"Africa","SUBREGION":"Western Africa"},"id":"MRT"},{"arcs":[[[-1002,-1005,1269]],[[1270]]],"type":"MultiPolygon","properties":{"ADM0_A3":"GNQ","NAME":"Eq. Guinea","CONTINENT":"Africa","ISO_A2":"GQ","TYPE":"Sovereign country","POP_EST":1355986,"REGION_UN":"Africa","SUBREGION":"Middle Africa"},"id":"GNQ"},{"arcs":[[-873,1271]],"type":"Polygon","properties":{"ADM0_A3":"GMB","NAME":"Gambia","CONTINENT":"Africa","ISO_A2":"GM","TYPE":"Sovereign country","POP_EST":2347706,"REGION_UN":"Africa","SUBREGION":"Western Africa"},"id":"GMB"},{"arcs":[[-274,1272]],"type":"Polygon","properties":{"ADM0_A3":"HKG","NAME":"Hong Kong","CONTINENT":"Asia","ISO_A2":"HK","TYPE":"Country","POP_EST":7507400,"REGION_UN":"Asia","SUBREGION":"Eastern Asia"},"id":"HKG"},{"arcs":[[-845]],"type":"Polygon","properties":{"ADM0_A3":"VAT","NAME":"Vatican","CONTINENT":"Europe","ISO_A2":"VA","TYPE":"Sovereign country","POP_EST":825,"REGION_UN":"Europe","SUBREGION":"Southern Europe"},"id":"VAT"},{"arcs":[[-235,1273,1274,1275]],"type":"Polygon","properties":{"ADM0_A3":"CYN","NAME":"N. Cyprus","CONTINENT":"Asia","ISO_A2":"-99","TYPE":"Sovereign country","POP_EST":326000,"REGION_UN":"Asia","SUBREGION":"Western Asia"},"id":"CYN"},{"arcs":[[[-236,-1276,1276,-245]],[[-234,-244,1277,-1274]],[[-242,1278]]],"type":"MultiPolygon","properties":{"ADM0_A3":"CNM","NAME":"Cyprus U.N. Buffer Zone","CONTINENT":"Asia","ISO_A2":"-99","TYPE":"Indeterminate","POP_EST":10000,"REGION_UN":"Asia","SUBREGION":"Western Asia"},"id":"CNM"},{"arcs":[[-256,-913,-263]],"type":"Polygon","properties":{"ADM0_A3":"KAS","NAME":"Siachen Glacier","CONTINENT":"Asia","ISO_A2":"-99","TYPE":"Indeterminate","POP_EST":6000,"REGION_UN":"Asia","SUBREGION":"Southern Asia"},"id":"KAS"},{"arcs":[[-453]],"type":"Polygon","properties":{"ADM0_A3":"KAB","NAME":"Baikonur","CONTINENT":"Asia","ISO_A2":"-99","TYPE":"Lease","POP_EST":36175,"REGION_UN":"Asia","SUBREGION":"Central Asia"},"id":"KAB"},{"arcs":[[-240,1279]],"type":"Polygon","properties":{"ADM0_A3":"WSB","NAME":"Akrotiri","CONTINENT":"Asia","ISO_A2":"-99","TYPE":"Dependency","POP_EST":7850,"REGION_UN":"Asia","SUBREGION":"Western Asia"},"id":"WSB"},{"arcs":[[-134,-228]],"type":"Polygon","properties":{"ADM0_A3":"SPI","NAME":"Southern Patagonian Ice Field","CONTINENT":"South America","ISO_A2":"-99","TYPE":"Indeterminate","POP_EST":0,"REGION_UN":"Americas","SUBREGION":"South America"},"id":"SPI"},{"arcs":[[-821,-1265]],"type":"Polygon","properties":{"ADM0_A3":"BRT","NAME":"Bir Tawil","CONTINENT":"Africa","ISO_A2":"-99","TYPE":"Indeterminate","POP_EST":0,"REGION_UN":"Africa","SUBREGION":"Northern Africa"},"id":"BRT"},{"arcs":[[[1280]],[[1281]],[[1282]],[[1283]],[[1284]],[[1285]],[[1286]],[[1287]],[[1288]],[[1289]],[[1290]],[[1291]],[[1292]],[[1293]],[[1294]],[[1295]],[[1296]],[[1297]],[[1298]],[[1299]],[[1300]],[[1301]],[[1302]],[[1303]],[[1304]],[[1305]],[[1306]],[[1307]],[[1308]],[[1309]],[[1310]],[[1311]],[[1312]],[[1313]],[[1314]],[[1315]],[[1316]],[[1317]],[[1318]],[[1319]],[[1320]],[[1321]],[[1322]],[[1323]],[[1324]],[[1325]],[[1326]],[[1327]],[[1328]],[[1329]],[[1330]],[[1331]],[[1332]],[[1333]],[[1334]],[[1335]],[[1336]],[[1337]],[[1338]],[[1339]],[[1340]],[[1341]],[[1342]],[[1343]],[[1344]],[[1345]],[[1346]],[[1347]],[[1348]],[[1349]],[[1350]],[[1351]],[[1352]],[[1353]],[[1354]],[[1355]],[[1356]],[[1357]],[[1358]],[[1359]],[[1360]],[[1361]],[[1362]],[[1363]],[[1364]],[[1365]],[[1366]],[[1367]],[[1368]],[[1369]],[[1370]]],"type":"MultiPolygon","properties":{"ADM0_A3":"ATA","NAME":"Antarctica","CONTINENT":"Antarctica","ISO_A2":"AQ","TYPE":"Indeterminate","POP_EST":4490,"REGION_UN":"Antarctica","SUBREGION":"Antarctica"},"id":"ATA"},{"arcs":[[[1371]],[[1372]],[[1373]],[[1374]],[[1375]],[[1376]],[[1377]],[[1378]],[[1379]],[[1380]],[[1381]],[[1382]],[[1383]],[[1384]],[[1385]],[[1386]],[[1387]],[[1388]],[[1389]],[[1390]],[[1391]],[[1392]],[[1393]],[[1394]],[[1395]]],"type":"MultiPolygon","properties":{"ADM0_A3":"AUS","NAME":"Australia","CONTINENT":"Oceania","ISO_A2":"AU","TYPE":"Country","POP_EST":25364307,"REGION_UN":"Oceania","SUBREGION":"Australia and New Zealand"},"id":"AUS"},{"arcs":[[[1396]],[[1397]],[[1398]],[[1399]],[[1400]],[[1401]],[[1402]],[[1403]],[[1404]],[[1405]],[[1406]],[[1407]],[[1408]],[[1409]],[[1410]],[[1411]],[[1412]],[[1413]],[[1414]],[[1415]],[[1416]],[[1417]],[[1418]],[[1419]],[[1420]],[[1421]],[[1422]],[[1423]],[[1424]],[[1425]],[[1426]],[[1427]],[[1428]],[[1429]],[[1430]],[[1431]],[[1432]],[[1433]],[[1434]],[[1435]],[[1436]],[[1437]],[[1438]],[[1439]],[[1440]],[[1441]]],"type":"MultiPolygon","properties":{"ADM0_A3":"GRL","NAME":"Greenland","CONTINENT":"North America","ISO_A2":"GL","TYPE":"Country","POP_EST":56225,"REGION_UN":"Americas","SUBREGION":"Northern America"},"id":"GRL"},{"arcs":[[[1442]],[[1443]],[[1444]],[[1445]],[[1446]]],"type":"MultiPolygon","properties":{"ADM0_A3":"FJI","NAME":"Fiji","CONTINENT":"Oceania","ISO_A2":"FJ","TYPE":"Sovereign country","POP_EST":889953,"REGION_UN":"Oceania","SUBREGION":"Melanesia"},"id":"FJI"},{"arcs":[[[1447]],[[1448]],[[1449]],[[1450]],[[1451]],[[1452]],[[1453]]],"type":"MultiPolygon","properties":{"ADM0_A3":"NZL","NAME":"New Zealand","CONTINENT":"Oceania","ISO_A2":"NZ","TYPE":"Country","POP_EST":4917000,"REGION_UN":"Oceania","SUBREGION":"Australia and New Zealand"},"id":"NZL"},{"arcs":[[[1454]],[[1455]],[[1456]],[[1457]]],"type":"MultiPolygon","properties":{"ADM0_A3":"NCL","NAME":"New Caledonia","CONTINENT":"Oceania","ISO_A2":"NC","TYPE":"Dependency","POP_EST":287800,"REGION_UN":"Oceania","SUBREGION":"Melanesia"},"id":"NCL"},{"arcs":[[[1458]],[[1459]],[[1460]]],"type":"MultiPolygon","properties":{"ADM0_A3":"MDG","NAME":"Madagascar","CONTINENT":"Africa","ISO_A2":"MG","TYPE":"Sovereign country","POP_EST":26969307,"REGION_UN":"Africa","SUBREGION":"Eastern Africa"},"id":"MDG"},{"arcs":[[[1461]],[[1462]],[[1463]],[[1464]],[[1465]],[[1466]],[[1467]],[[1468]],[[1469]],[[1470]],[[1471]],[[1472]],[[1473]],[[1474]],[[1475]],[[1476]],[[1477]],[[1478]],[[1479]],[[1480]],[[1481]],[[1482]],[[1483]],[[1484]],[[1485]],[[1486]],[[1487]],[[1488]],[[1489]],[[1490]],[[1491]],[[1492]],[[1493]],[[1494]],[[1495]],[[1496]]],"type":"MultiPolygon","properties":{"ADM0_A3":"PHL","NAME":"Philippines","CONTINENT":"Asia","ISO_A2":"PH","TYPE":"Sovereign country","POP_EST":108116615,"REGION_UN":"Asia","SUBREGION":"South-Eastern Asia"},"id":"PHL"},{"arcs":[[1497]],"type":"Polygon","properties":{"ADM0_A3":"LKA","NAME":"Sri Lanka","CONTINENT":"Asia","ISO_A2":"LK","TYPE":"Sovereign country","POP_EST":21803000,"REGION_UN":"Asia","SUBREGION":"Southern Asia"},"id":"LKA"},{"arcs":[[1498]],"type":"Polygon","properties":{"ADM0_A3":"CUW","NAME":"Curaçao","CONTINENT":"North America","ISO_A2":"CW","TYPE":"Country","POP_EST":157538,"REGION_UN":"Americas","SUBREGION":"Caribbean"},"id":"CUW"},{"arcs":[[1499]],"type":"Polygon","properties":{"ADM0_A3":"ABW","NAME":"Aruba","CONTINENT":"North America","ISO_A2":"AW","TYPE":"Country","POP_EST":106314,"REGION_UN":"Americas","SUBREGION":"Caribbean"},"id":"ABW"},{"arcs":[[[1500]],[[1501]],[[1502]],[[1503]],[[1504]],[[1505]],[[1506]],[[1507]],[[1508]]],"type":"MultiPolygon","properties":{"ADM0_A3":"BHS","NAME":"Bahamas","CONTINENT":"North America","ISO_A2":"BS","TYPE":"Sovereign country","POP_EST":389482,"REGION_UN":"Americas","SUBREGION":"Caribbean"},"id":"BHS"},{"arcs":[[1509]],"type":"Polygon","properties":{"ADM0_A3":"TCA","NAME":"Turks and Caicos Is.","CONTINENT":"North America","ISO_A2":"TC","TYPE":"Dependency","POP_EST":38191,"REGION_UN":"Americas","SUBREGION":"Caribbean"},"id":"TCA"},{"arcs":[[1510]],"type":"Polygon","properties":{"ADM0_A3":"TWN","NAME":"Taiwan","CONTINENT":"Asia","ISO_A2":"CN-TW","TYPE":"Sovereign country","POP_EST":23568378,"REGION_UN":"Asia","SUBREGION":"Eastern Asia"},"id":"TWN"},{"arcs":[[[1511]],[[1512]],[[1513]],[[1514]],[[1515]],[[1516]],[[1517]],[[1518]],[[1519]],[[1520]],[[1521]],[[1522]],[[1523]],[[1524]],[[1525]],[[1526]],[[1527]],[[1528]],[[1529]],[[1530]],[[1531]],[[1532]],[[1533]],[[1534]]],"type":"MultiPolygon","properties":{"ADM0_A3":"JPN","NAME":"Japan","CONTINENT":"Asia","ISO_A2":"JP","TYPE":"Sovereign country","POP_EST":126264931,"REGION_UN":"Asia","SUBREGION":"Eastern Asia"},"id":"JPN"},{"arcs":[[1535]],"type":"Polygon","properties":{"ADM0_A3":"SPM","NAME":"St. Pierre and Miquelon","CONTINENT":"North America","ISO_A2":"PM","TYPE":"Dependency","POP_EST":5997,"REGION_UN":"Americas","SUBREGION":"Northern America"},"id":"SPM"},{"arcs":[[1536]],"type":"Polygon","properties":{"ADM0_A3":"ISL","NAME":"Iceland","CONTINENT":"Europe","ISO_A2":"IS","TYPE":"Sovereign country","POP_EST":361313,"REGION_UN":"Europe","SUBREGION":"Northern Europe"},"id":"ISL"},{"arcs":[[1537]],"type":"Polygon","properties":{"ADM0_A3":"PCN","NAME":"Pitcairn Is.","CONTINENT":"Oceania","ISO_A2":"PN","TYPE":"Dependency","POP_EST":54,"REGION_UN":"Oceania","SUBREGION":"Polynesia"},"id":"PCN"},{"arcs":[[[1538]],[[1539]],[[1540]],[[1541]]],"type":"MultiPolygon","properties":{"ADM0_A3":"PYF","NAME":"Fr. Polynesia","CONTINENT":"Oceania","ISO_A2":"PF","TYPE":"Dependency","POP_EST":279287,"REGION_UN":"Oceania","SUBREGION":"Polynesia"},"id":"PYF"},{"arcs":[[[1542]],[[1543]]],"type":"MultiPolygon","properties":{"ADM0_A3":"ATF","NAME":"Fr. S. Antarctic Lands","CONTINENT":"Seven seas (open ocean)","ISO_A2":"TF","TYPE":"Dependency","POP_EST":140,"REGION_UN":"Africa","SUBREGION":"Seven seas (open ocean)"},"id":"ATF"},{"arcs":[[1544]],"type":"Polygon","properties":{"ADM0_A3":"SYC","NAME":"Seychelles","CONTINENT":"Seven seas (open ocean)","ISO_A2":"SC","TYPE":"Sovereign country","POP_EST":97625,"REGION_UN":"Africa","SUBREGION":"Eastern Africa"},"id":"SYC"},{"arcs":[[1545]],"type":"Polygon","properties":{"ADM0_A3":"KIR","NAME":"Kiribati","CONTINENT":"Oceania","ISO_A2":"KI","TYPE":"Sovereign country","POP_EST":117606,"REGION_UN":"Oceania","SUBREGION":"Micronesia"},"id":"KIR"},{"arcs":[[1546]],"type":"Polygon","properties":{"ADM0_A3":"MHL","NAME":"Marshall Is.","CONTINENT":"Oceania","ISO_A2":"MH","TYPE":"Sovereign country","POP_EST":58791,"REGION_UN":"Oceania","SUBREGION":"Micronesia"},"id":"MHL"},{"arcs":[[[1547]],[[1548]]],"type":"MultiPolygon","properties":{"ADM0_A3":"TTO","NAME":"Trinidad and Tobago","CONTINENT":"North America","ISO_A2":"TT","TYPE":"Sovereign country","POP_EST":1394973,"REGION_UN":"Americas","SUBREGION":"Caribbean"},"id":"TTO"},{"arcs":[[1549]],"type":"Polygon","properties":{"ADM0_A3":"GRD","NAME":"Grenada","CONTINENT":"North America","ISO_A2":"GD","TYPE":"Sovereign country","POP_EST":112003,"REGION_UN":"Americas","SUBREGION":"Caribbean"},"id":"GRD"},{"arcs":[[1550]],"type":"Polygon","properties":{"ADM0_A3":"VCT","NAME":"St. Vin. and Gren.","CONTINENT":"North America","ISO_A2":"VC","TYPE":"Sovereign country","POP_EST":110589,"REGION_UN":"Americas","SUBREGION":"Caribbean"},"id":"VCT"},{"arcs":[[1551]],"type":"Polygon","properties":{"ADM0_A3":"BRB","NAME":"Barbados","CONTINENT":"North America","ISO_A2":"BB","TYPE":"Sovereign country","POP_EST":287025,"REGION_UN":"Americas","SUBREGION":"Caribbean"},"id":"BRB"},{"arcs":[[1552]],"type":"Polygon","properties":{"ADM0_A3":"LCA","NAME":"Saint Lucia","CONTINENT":"North America","ISO_A2":"LC","TYPE":"Sovereign country","POP_EST":182790,"REGION_UN":"Americas","SUBREGION":"Caribbean"},"id":"LCA"},{"arcs":[[1553]],"type":"Polygon","properties":{"ADM0_A3":"DMA","NAME":"Dominica","CONTINENT":"North America","ISO_A2":"DM","TYPE":"Sovereign country","POP_EST":71808,"REGION_UN":"Americas","SUBREGION":"Caribbean"},"id":"DMA"},{"arcs":[[1554]],"type":"Polygon","properties":{"ADM0_A3":"UMI","NAME":"U.S. Minor Outlying Is.","CONTINENT":"North America","ISO_A2":"UM","TYPE":"Dependency","POP_EST":300,"REGION_UN":"Oceania","SUBREGION":"Seven seas (open ocean)"},"id":"UMI"},{"arcs":[[1555]],"type":"Polygon","properties":{"ADM0_A3":"MSR","NAME":"Montserrat","CONTINENT":"North America","ISO_A2":"MS","TYPE":"Dependency","POP_EST":4649,"REGION_UN":"Americas","SUBREGION":"Caribbean"},"id":"MSR"},{"arcs":[[1556]],"type":"Polygon","properties":{"ADM0_A3":"ATG","NAME":"Antigua and Barb.","CONTINENT":"North America","ISO_A2":"AG","TYPE":"Sovereign country","POP_EST":97118,"REGION_UN":"Americas","SUBREGION":"Caribbean"},"id":"ATG"},{"arcs":[[1557]],"type":"Polygon","properties":{"ADM0_A3":"KNA","NAME":"St. Kitts and Nevis","CONTINENT":"North America","ISO_A2":"KN","TYPE":"Sovereign country","POP_EST":52834,"REGION_UN":"Americas","SUBREGION":"Caribbean"},"id":"KNA"},{"arcs":[[1558]],"type":"Polygon","properties":{"ADM0_A3":"VIR","NAME":"U.S. Virgin Is.","CONTINENT":"North America","ISO_A2":"VI","TYPE":"Dependency","POP_EST":106631,"REGION_UN":"Americas","SUBREGION":"Caribbean"},"id":"VIR"},{"arcs":[[1559]],"type":"Polygon","properties":{"ADM0_A3":"BLM","NAME":"St-Barthélemy","CONTINENT":"North America","ISO_A2":"BL","TYPE":"Dependency","POP_EST":9961,"REGION_UN":"Americas","SUBREGION":"Caribbean"},"id":"BLM"},{"arcs":[[1560]],"type":"Polygon","properties":{"ADM0_A3":"PRI","NAME":"Puerto Rico","CONTINENT":"North America","ISO_A2":"PR","TYPE":"Dependency","POP_EST":3193694,"REGION_UN":"Americas","SUBREGION":"Caribbean"},"id":"PRI"},{"arcs":[[1561]],"type":"Polygon","properties":{"ADM0_A3":"AIA","NAME":"Anguilla","CONTINENT":"North America","ISO_A2":"AI","TYPE":"Dependency","POP_EST":14731,"REGION_UN":"Americas","SUBREGION":"Caribbean"},"id":"AIA"},{"arcs":[[1562]],"type":"Polygon","properties":{"ADM0_A3":"VGB","NAME":"British Virgin Is.","CONTINENT":"North America","ISO_A2":"VG","TYPE":"Dependency","POP_EST":30030,"REGION_UN":"Americas","SUBREGION":"Caribbean"},"id":"VGB"},{"arcs":[[1563]],"type":"Polygon","properties":{"ADM0_A3":"JAM","NAME":"Jamaica","CONTINENT":"North America","ISO_A2":"JM","TYPE":"Sovereign country","POP_EST":2948279,"REGION_UN":"Americas","SUBREGION":"Caribbean"},"id":"JAM"},{"arcs":[[1564]],"type":"Polygon","properties":{"ADM0_A3":"CYM","NAME":"Cayman Is.","CONTINENT":"North America","ISO_A2":"KY","TYPE":"Dependency","POP_EST":64948,"REGION_UN":"Americas","SUBREGION":"Caribbean"},"id":"CYM"},{"arcs":[[1565]],"type":"Polygon","properties":{"ADM0_A3":"BMU","NAME":"Bermuda","CONTINENT":"North America","ISO_A2":"BM","TYPE":"Dependency","POP_EST":63918,"REGION_UN":"Americas","SUBREGION":"Northern America"},"id":"BMU"},{"arcs":[[1566]],"type":"Polygon","properties":{"ADM0_A3":"HMD","NAME":"Heard I. and McDonald Is.","CONTINENT":"Seven seas (open ocean)","ISO_A2":"HM","TYPE":"Dependency","POP_EST":0,"REGION_UN":"Africa","SUBREGION":"Seven seas (open ocean)"},"id":"HMD"},{"arcs":[[1567]],"type":"Polygon","properties":{"ADM0_A3":"SHN","NAME":"Saint Helena","CONTINENT":"Seven seas (open ocean)","ISO_A2":"SH","TYPE":"Dependency","POP_EST":4534,"REGION_UN":"Africa","SUBREGION":"Western Africa"},"id":"SHN"},{"arcs":[[1568]],"type":"Polygon","properties":{"ADM0_A3":"MUS","NAME":"Mauritius","CONTINENT":"Seven seas (open ocean)","ISO_A2":"MU","TYPE":"Sovereign country","POP_EST":1265711,"REGION_UN":"Africa","SUBREGION":"Eastern Africa"},"id":"MUS"},{"arcs":[[[1569]],[[1570]],[[1571]]],"type":"MultiPolygon","properties":{"ADM0_A3":"COM","NAME":"Comoros","CONTINENT":"Africa","ISO_A2":"KM","TYPE":"Sovereign country","POP_EST":850886,"REGION_UN":"Africa","SUBREGION":"Eastern Africa"},"id":"COM"},{"arcs":[[[1572]],[[1573]]],"type":"MultiPolygon","properties":{"ADM0_A3":"STP","NAME":"São Tomé and Principe","CONTINENT":"Africa","ISO_A2":"ST","TYPE":"Sovereign country","POP_EST":215056,"REGION_UN":"Africa","SUBREGION":"Middle Africa"},"id":"STP"},{"arcs":[[[1574]],[[1575]],[[1576]],[[1577]],[[1578]],[[1579]],[[1580]],[[1581]]],"type":"MultiPolygon","properties":{"ADM0_A3":"CPV","NAME":"Cabo Verde","CONTINENT":"Africa","ISO_A2":"CV","TYPE":"Sovereign country","POP_EST":549935,"REGION_UN":"Africa","SUBREGION":"Western Africa"},"id":"CPV"},{"arcs":[[1582]],"type":"Polygon","properties":{"ADM0_A3":"MLT","NAME":"Malta","CONTINENT":"Europe","ISO_A2":"MT","TYPE":"Sovereign country","POP_EST":502653,"REGION_UN":"Europe","SUBREGION":"Southern Europe"},"id":"MLT"},{"arcs":[[1583]],"type":"Polygon","properties":{"ADM0_A3":"JEY","NAME":"Jersey","CONTINENT":"Europe","ISO_A2":"JE","TYPE":"Country","POP_EST":107800,"REGION_UN":"Europe","SUBREGION":"Northern Europe"},"id":"JEY"},{"arcs":[[1584]],"type":"Polygon","properties":{"ADM0_A3":"GGY","NAME":"Guernsey","CONTINENT":"Europe","ISO_A2":"GG","TYPE":"Country","POP_EST":62792,"REGION_UN":"Europe","SUBREGION":"Northern Europe"},"id":"GGY"},{"arcs":[[1585]],"type":"Polygon","properties":{"ADM0_A3":"IMN","NAME":"Isle of Man","CONTINENT":"Europe","ISO_A2":"IM","TYPE":"Country","POP_EST":84584,"REGION_UN":"Europe","SUBREGION":"Northern Europe"},"id":"IMN"},{"arcs":[[1586]],"type":"Polygon","properties":{"ADM0_A3":"ALD","NAME":"Åland","CONTINENT":"Europe","ISO_A2":"AX","TYPE":"Country","POP_EST":29884,"REGION_UN":"Europe","SUBREGION":"Northern Europe"},"id":"ALD"},{"arcs":[[[1587]],[[1588]],[[1589]],[[1590]]],"type":"MultiPolygon","properties":{"ADM0_A3":"FRO","NAME":"Faeroe Is.","CONTINENT":"Europe","ISO_A2":"FO","TYPE":"Dependency","POP_EST":48678,"REGION_UN":"Europe","SUBREGION":"Northern Europe"},"id":"FRO"},{"arcs":[[1591]],"type":"Polygon","properties":{"ADM0_A3":"IOA","NAME":"Indian Ocean Ter.","CONTINENT":"Asia","ISO_A2":"-99","TYPE":"Dependency","POP_EST":2387,"REGION_UN":"Africa","SUBREGION":"Seven seas (open ocean)"},"id":"IOA"},{"arcs":[[1592]],"type":"Polygon","properties":{"ADM0_A3":"IOT","NAME":"Br. Indian Ocean Ter.","CONTINENT":"Seven seas (open ocean)","ISO_A2":"IO","TYPE":"Disputed","POP_EST":3000,"REGION_UN":"Africa","SUBREGION":"Seven seas (open ocean)"},"id":"IOT"},{"arcs":[[1593]],"type":"Polygon","properties":{"ADM0_A3":"SGP","NAME":"Singapore","CONTINENT":"Asia","ISO_A2":"SG","TYPE":"Sovereign country","POP_EST":5703569,"REGION_UN":"Asia","SUBREGION":"South-Eastern Asia"},"id":"SGP"},{"arcs":[[1594]],"type":"Polygon","properties":{"ADM0_A3":"NFK","NAME":"Norfolk Island","CONTINENT":"Oceania","ISO_A2":"NF","TYPE":"Dependency","POP_EST":2169,"REGION_UN":"Oceania","SUBREGION":"Australia and New Zealand"},"id":"NFK"},{"arcs":[[1595]],"type":"Polygon","properties":{"ADM0_A3":"COK","NAME":"Cook Is.","CONTINENT":"Oceania","ISO_A2":"CK","TYPE":"Dependency","POP_EST":17459,"REGION_UN":"Oceania","SUBREGION":"Polynesia"},"id":"COK"},{"arcs":[[1596]],"type":"Polygon","properties":{"ADM0_A3":"TON","NAME":"Tonga","CONTINENT":"Oceania","ISO_A2":"TO","TYPE":"Sovereign country","POP_EST":104494,"REGION_UN":"Oceania","SUBREGION":"Polynesia"},"id":"TON"},{"arcs":[[1597]],"type":"Polygon","properties":{"ADM0_A3":"WLF","NAME":"Wallis and Futuna Is.","CONTINENT":"Oceania","ISO_A2":"WF","TYPE":"Dependency","POP_EST":11558,"REGION_UN":"Oceania","SUBREGION":"Polynesia"},"id":"WLF"},{"arcs":[[[1598]],[[1599]]],"type":"MultiPolygon","properties":{"ADM0_A3":"WSM","NAME":"Samoa","CONTINENT":"Oceania","ISO_A2":"WS","TYPE":"Sovereign country","POP_EST":197097,"REGION_UN":"Oceania","SUBREGION":"Polynesia"},"id":"WSM"},{"arcs":[[[1600]],[[1601]],[[1602]],[[1603]],[[1604]],[[1605]],[[1606]],[[1607]],[[1608]],[[1609]],[[1610]],[[1611]],[[1612]],[[1613]],[[1614]],[[1615]],[[1616]]],"type":"MultiPolygon","properties":{"ADM0_A3":"SLB","NAME":"Solomon Is.","CONTINENT":"Oceania","ISO_A2":"SB","TYPE":"Sovereign country","POP_EST":669823,"REGION_UN":"Oceania","SUBREGION":"Melanesia"},"id":"SLB"},{"arcs":[[1617]],"type":"Polygon","properties":{"ADM0_A3":"TUV","NAME":"Tuvalu","CONTINENT":"Oceania","ISO_A2":"TV","TYPE":"Sovereign country","POP_EST":11646,"REGION_UN":"Oceania","SUBREGION":"Polynesia"},"id":"TUV"},{"arcs":[[1618]],"type":"Polygon","properties":{"ADM0_A3":"MDV","NAME":"Maldives","CONTINENT":"Seven seas (open ocean)","ISO_A2":"MV","TYPE":"Sovereign country","POP_EST":530953,"REGION_UN":"Asia","SUBREGION":"Southern Asia"},"id":"MDV"},{"arcs":[[1619]],"type":"Polygon","properties":{"ADM0_A3":"NRU","NAME":"Nauru","CONTINENT":"Oceania","ISO_A2":"NR","TYPE":"Sovereign country","POP_EST":12581,"REGION_UN":"Oceania","SUBREGION":"Micronesia"},"id":"NRU"},{"arcs":[[1620]],"type":"Polygon","properties":{"ADM0_A3":"FSM","NAME":"Micronesia","CONTINENT":"Oceania","ISO_A2":"FM","TYPE":"Sovereign country","POP_EST":113815,"REGION_UN":"Oceania","SUBREGION":"Micronesia"},"id":"FSM"},{"arcs":[[1621]],"type":"Polygon","properties":{"ADM0_A3":"SGS","NAME":"S. Geo. and the Is.","CONTINENT":"Seven seas (open ocean)","ISO_A2":"GS","TYPE":"Dependency","POP_EST":30,"REGION_UN":"Americas","SUBREGION":"Seven seas (open ocean)"},"id":"SGS"},{"arcs":[[[1622]],[[1623]],[[1624]]],"type":"MultiPolygon","properties":{"ADM0_A3":"FLK","NAME":"Falkland Is.","CONTINENT":"South America","ISO_A2":"FK","TYPE":"Disputed","POP_EST":3398,"REGION_UN":"Americas","SUBREGION":"South America"},"id":"FLK"},{"arcs":[[[1625]],[[1626]],[[1627]],[[1628]],[[1629]],[[1630]],[[1631]],[[1632]],[[1633]],[[1634]],[[1635]],[[1636]],[[1637]],[[1638]]],"type":"MultiPolygon","properties":{"ADM0_A3":"VUT","NAME":"Vanuatu","CONTINENT":"Oceania","ISO_A2":"VU","TYPE":"Sovereign country","POP_EST":299882,"REGION_UN":"Oceania","SUBREGION":"Melanesia"},"id":"VUT"},{"arcs":[[1639]],"type":"Polygon","properties":{"ADM0_A3":"NIU","NAME":"Niue","CONTINENT":"Oceania","ISO_A2":"NU","TYPE":"Dependency","POP_EST":1620,"REGION_UN":"Oceania","SUBREGION":"Polynesia"},"id":"NIU"},{"arcs":[[1640]],"type":"Polygon","properties":{"ADM0_A3":"ASM","NAME":"American Samoa","CONTINENT":"Oceania","ISO_A2":"AS","TYPE":"Dependency","POP_EST":55312,"REGION_UN":"Oceania","SUBREGION":"Polynesia"},"id":"ASM"},{"arcs":[[1641]],"type":"Polygon","properties":{"ADM0_A3":"PLW","NAME":"Palau","CONTINENT":"Oceania","ISO_A2":"PW","TYPE":"Sovereign country","POP_EST":18008,"REGION_UN":"Oceania","SUBREGION":"Micronesia"},"id":"PLW"},{"arcs":[[1642]],"type":"Polygon","properties":{"ADM0_A3":"GUM","NAME":"Guam","CONTINENT":"Oceania","ISO_A2":"GU","TYPE":"Dependency","POP_EST":167294,"REGION_UN":"Oceania","SUBREGION":"Micronesia"},"id":"GUM"},{"arcs":[[1643]],"type":"Polygon","properties":{"ADM0_A3":"MNP","NAME":"N. Mariana Is.","CONTINENT":"Oceania","ISO_A2":"MP","TYPE":"Dependency","POP_EST":57216,"REGION_UN":"Oceania","SUBREGION":"Micronesia"},"id":"MNP"},{"arcs":[[1644]],"type":"Polygon","properties":{"ADM0_A3":"BHR","NAME":"Bahrain","CONTINENT":"Asia","ISO_A2":"BH","TYPE":"Sovereign country","POP_EST":1641172,"REGION_UN":"Asia","SUBREGION":"Western Asia"},"id":"BHR"},{"arcs":[[1645]],"type":"Polygon","properties":{"ADM0_A3":"CSI","NAME":"Coral Sea Is.","CONTINENT":"Oceania","ISO_A2":"-99","TYPE":"Dependency","POP_EST":4,"REGION_UN":"Oceania","SUBREGION":"Australia and New Zealand"},"id":"CSI"},{"arcs":[[1646]],"type":"Polygon","properties":{"ADM0_A3":"PGA","NAME":"Spratly Is.","CONTINENT":"Asia","ISO_A2":"-99","TYPE":"Indeterminate","POP_EST":100,"REGION_UN":"Asia","SUBREGION":"South-Eastern Asia"},"id":"PGA"},{"arcs":[[1647]],"type":"Polygon","properties":{"ADM0_A3":"CLP","NAME":"Clipperton I.","CONTINENT":"Seven seas (open ocean)","ISO_A2":"-99","TYPE":"Dependency","POP_EST":0,"REGION_UN":"Americas","SUBREGION":"Central America"},"id":"CLP"},{"arcs":[[1648]],"type":"Polygon","properties":{"ADM0_A3":"MAC","NAME":"Macao","CONTINENT":"Asia","ISO_A2":"MO","TYPE":"Country","POP_EST":640445,"REGION_UN":"Asia","SUBREGION":"Eastern Asia"},"id":"MAC"},{"arcs":[[1649]],"type":"Polygon","properties":{"ADM0_A3":"ATC","NAME":"Ashmore and Cartier Is.","CONTINENT":"Oceania","ISO_A2":"-99","TYPE":"Dependency","POP_EST":0,"REGION_UN":"Oceania","SUBREGION":"Australia and New Zealand"},"id":"ATC"},{"arcs":[[1650]],"type":"Polygon","properties":{"ADM0_A3":"BJN","NAME":"Bajo Nuevo Bank","CONTINENT":"North America","ISO_A2":"-99","TYPE":"Indeterminate","POP_EST":0,"REGION_UN":"Americas","SUBREGION":"Caribbean"},"id":"BJN"},{"arcs":[[1651]],"type":"Polygon","properties":{"ADM0_A3":"SER","NAME":"Serranilla Bank","CONTINENT":"North America","ISO_A2":"-99","TYPE":"Indeterminate","POP_EST":0,"REGION_UN":"Americas","SUBREGION":"Caribbean"},"id":"SER"},{"arcs":[[1652]],"type":"Polygon","properties":{"ADM0_A3":"SCR","NAME":"Scarborough Reef","CONTINENT":"Asia","ISO_A2":"-99","TYPE":"Indeterminate","POP_EST":0,"REGION_UN":"Asia","SUBREGION":"South-Eastern Asia"},"id":"SCR"}]}}}