{"type":"Topology","arcs":[[[15957,9296],[-30,-21],[-86,20],[-35,34]],[[15806,9329],[-20,96],[-43,67],[-2,34],[-62,24],[46,107],[-33,56],[46,61]],[[15738,9774],[59,61],[14,33]],[[15811,9868],[50,34],[15,-65],[68,-51],[11,-78]],[[15955,9708],[-4,-149],[49,-68]],[[16000,9491],[-28,-100],[-15,-95]],[[2441,12340],[2,-112],[13,-99],[42,-31],[-10,-111],[-37,-107],[45,-19],[34,-37],[-69,-90],[17,-72],[-14,-28],[-18,-185],[-71,-20],[-32,-27],[-10,-67],[44,-51],[74,-120],[9,-51],[-8,-126],[-31,-74]],[[2421,10913],[-58,-20],[-130,49],[-39,-140],[-112,-76],[-39,-3]],[[2043,10723],[-36,-6],[-44,118],[62,77],[64,62],[-90,76],[-68,46],[-41,10],[-89,85]],[[1801,11191],[-45,27],[3,64],[-45,-12],[-113,-63],[-23,-34],[-106,-72],[-106,-23],[-232,-19],[-191,-7]],[[943,11052],[23,133],[-36,43],[64,120],[28,88],[-16,50],[8,54],[50,45],[-19,41],[9,67],[-40,69],[-39,16],[45,59],[-25,40],[0,77],[39,43],[107,28],[-6,76],[-16,26],[30,77],[-13,41],[64,44],[-4,52],[89,159],[-9,162],[18,20],[126,23],[32,-115],[103,-98],[219,-171],[304,-52],[300,87],[63,-16]],[[2441,12340],[89,-24],[68,-103],[75,-87],[179,-93],[40,-79],[3,-157],[8,-87],[45,18],[240,272]],[[3188,12000],[5,-74],[24,-74],[31,-44],[41,-98],[-9,-108],[6,-60],[-18,-51],[-45,-58],[8,-49],[-20,-79],[-58,-75],[-11,-68],[30,-52],[-16,-107],[-46,-119],[-19,-114]],[[3091,10770],[-109,-4],[-60,23]],[[2922,10789],[-44,-2],[-192,78],[-63,-50],[-25,-1]],[[2598,10814],[-34,31],[-62,17],[-81,51]],[[15738,9774],[-33,32],[-19,48],[-75,49]],[[15611,9903],[7,54],[-42,10],[-44,66]],[[15532,10033],[81,22],[62,67],[208,11]],[[15883,10133],[16,-8]],[[15899,10125],[9,-71],[-90,-94],[-7,-92]],[[3188,12000],[105,-42],[14,-50],[75,-11],[37,-38],[29,28],[83,33],[59,0]],[[3590,11920],[4,-46],[39,-70]],[[3633,11804],[-8,-31],[-45,-31],[-41,-80],[-15,-88],[-25,-73],[-11,-80],[34,-90],[38,-12],[10,-48],[42,23],[46,-20],[31,-51],[-58,-149],[35,-64],[103,-67],[39,2],[-6,-75],[-60,-104],[-45,-47],[23,-21],[11,-76]],[[3731,10622],[-46,-7],[-60,19],[-36,-12],[-90,14],[-70,103],[-45,-14],[-117,11],[-43,28],[-133,6]],[[15806,9329],[-88,-11],[-69,11],[-62,35],[-60,-15],[-29,23],[-45,-10],[-54,35],[-17,31]],[[15382,9428],[57,81],[-20,158],[74,117],[99,114],[19,5]],[[1801,11191],[-91,-44],[-39,-114],[-82,-190],[-15,-82],[-50,-118],[-35,-45],[-58,-131],[-107,-27],[-11,-68],[-80,-77],[-91,2],[-43,18],[-72,55],[-65,-28],[-52,-45],[-8,-28],[10,-105],[-36,-97],[-61,-57],[-65,9]],[[750,10019],[-83,42],[-32,46],[-79,166],[-26,85],[-47,30],[-53,83],[124,34],[53,-8],[72,54],[42,112],[96,0],[24,40],[4,160],[47,59],[51,130]],[[15382,9428],[-98,-13],[-85,66],[-50,13]],[[15149,9494],[19,76],[47,39],[9,63],[74,86],[-37,27],[43,57],[-3,56],[-74,17],[-25,121],[-46,30],[6,60],[-97,17]],[[15065,10143],[-3,88],[16,25]],[[15078,10256],[66,-39],[56,-13],[82,48],[75,21]],[[15357,10273],[10,-58],[-61,-48],[1,-70],[43,-10],[123,-5],[59,-49]],[[15149,9494],[-40,-25],[-115,9]],[[14994,9478],[-38,37]],[[14956,9515],[0,87]],[[14956,9602],[17,25],[-2,61],[56,178],[-8,122],[-46,29],[32,29],[10,66],[50,31]],[[2043,10723],[-90,-63],[-16,-26],[-73,-58],[-85,-39],[-60,-146],[9,-38],[42,-30],[54,-77],[60,-232],[43,-111],[0,-98],[24,-54],[-19,-45],[-73,-82],[-81,-43],[-17,-67]],[[1761,9514],[-22,-33],[24,-78],[-51,-71],[-48,-27],[-43,-57],[-93,-84],[16,-39]],[[1544,9125],[-142,-23],[-64,-50],[-19,-8],[-19,15],[-48,-28],[-154,-45],[-91,9],[-125,-32],[-88,-9],[-160,21],[-28,-22],[-161,-34],[-25,11],[-55,-30],[-49,35],[-52,-30],[-141,-15]],[[123,8890],[30,142],[-153,527],[128,175],[10,44],[102,122],[76,55],[23,84],[88,-13],[142,5],[181,-12]],[[14956,9602],[-42,35],[-35,80],[-36,28],[4,41],[-68,45],[-13,57],[-45,36],[-55,-11],[-42,-44],[-73,-45],[-107,-13],[-72,-104],[-48,12]],[[14324,9719],[2,94]],[[14326,9813],[92,70],[43,54],[83,76],[71,99],[6,59],[101,-9],[61,71],[116,-18]],[[14899,10215],[32,1],[41,33],[106,7]],[[2598,10814],[-138,-281],[-52,-51],[-29,-54],[4,-56],[20,-37],[14,-100],[-23,-37],[-72,-56],[-6,-50],[155,-74]],[[2471,10018],[-37,-11],[-33,-115],[-7,-52],[-32,-51],[13,-96],[-76,-47],[-45,-99],[75,-65],[-15,-27],[4,-92],[-83,7],[-44,-24],[-94,-17],[-71,42],[-168,63],[-55,32],[-42,48]],[[14956,9515],[-66,51],[-53,9],[-44,-84],[-52,-19],[-18,-27],[-56,-26],[-2,55],[-56,18],[-42,44],[-86,-24],[-38,5],[-40,-24],[-55,-7],[-7,-110],[-55,-79],[-29,-1],[-51,-42]],[[14206,9254],[0,44],[-35,54],[31,48],[-34,108]],[[14168,9508],[32,84],[50,53],[38,13],[10,39]],[[14298,9697],[26,22]],[[2471,10018],[85,-41],[164,8],[56,-23]],[[2776,9962],[25,-34],[132,-12],[74,9],[105,41]],[[3112,9966],[0,-1]],[[3112,9965],[29,-40],[-26,-36],[1,-97],[31,-120],[66,-80],[6,-62]],[[3219,9530],[-50,-99],[-44,-37],[-83,-17],[-74,1],[-23,-14],[-28,-11],[-25,0],[-100,-75],[-23,-53],[-30,-20],[-38,127],[-54,-27],[1,-142],[-59,-29],[-75,-70],[-24,-68],[-80,-1],[-84,32],[-46,-12],[-53,48],[-93,50],[-58,-11],[-7,8],[-8,3],[-67,-63],[-36,-12],[-63,54],[-84,-16],[-59,20],[-100,-2],[-69,14],[-39,17]],[[3731,10622],[45,1],[83,-63],[121,3],[25,12],[61,-19],[2,45],[26,22],[11,56],[41,18]],[[4146,10697],[62,-20],[93,-11],[31,9]],[[4332,10675],[2,-2]],[[4334,10673],[-16,-86],[-32,-41],[-57,-38],[-82,-24],[-17,-19],[7,-104],[-148,-7],[-5,-76],[-56,-69],[-34,7],[-101,-39],[-3,-30]],[[3790,10147],[-76,-15],[-71,19],[-58,-12],[-62,29],[-31,60],[-66,13],[-17,-47],[-50,-63],[-72,-28],[-23,-47],[-66,-47],[-37,10],[-49,-54]],[[3112,9966],[-35,22],[-33,71],[-13,110]],[[3031,10169],[-7,26],[-74,57],[-14,144],[29,18],[2,46],[-45,87],[-3,85],[-18,105],[21,52]],[[14994,9478],[-27,-41],[21,-74],[-66,-34],[-3,-85]],[[14919,9244],[-44,-44]],[[14875,9200],[-75,7],[-77,-60]],[[14723,9147],[-31,-4],[-65,43],[1,86],[-86,32],[-68,-52],[-119,-41]],[[14355,9211],[-80,-16],[-23,-44],[-71,11],[-22,23]],[[14159,9185],[47,69]],[[14919,9244],[37,-11],[55,-67],[-1,-71],[64,-56],[26,-134],[62,-60]],[[15162,8845],[-56,-30],[-41,-53]],[[15065,8762],[-68,-24]],[[14997,8738],[-60,25]],[[14937,8763],[23,84],[-31,70],[48,95],[-3,31],[-41,50],[-68,34],[10,73]],[[3790,10147],[58,-53],[49,-86],[44,-3],[6,-76],[77,-84],[-3,-123],[67,-25],[112,-1],[22,-11],[-69,-77],[52,-125]],[[4205,9483],[-48,-58]],[[4157,9425],[-20,-37],[-75,-21],[-34,8],[-37,-27],[-53,30],[-35,-8],[-57,25],[-39,62],[24,27],[-69,32],[-73,4],[-93,-17],[-42,22],[-101,-67],[-98,25],[-49,-6],[-75,31],[-12,22]],[[14937,8763],[-33,21],[-64,-8],[-44,16],[-83,-42],[-80,13]],[[14633,8763],[16,80],[36,17],[93,91],[-71,53],[24,58],[-20,60],[12,25]],[[14633,8763],[-24,-32]],[[14609,8731],[-139,42],[-36,-31]],[[14434,8742],[-27,55],[73,78],[-34,44],[68,105],[-25,37],[-87,31],[-52,64]],[[14350,9156],[5,55]],[[14434,8742],[-8,-88],[-30,-69],[-30,-32],[-29,-65]],[[14337,8488],[-70,51],[-31,37],[-58,6],[-38,45],[6,30]],[[14146,8657],[-17,89],[47,53],[30,86],[-22,33],[44,74],[67,60],[55,104]],[[14146,8657],[-31,17],[-44,-30],[-144,87],[-8,38],[30,42],[-32,60],[-56,57]],[[13861,8928],[-19,42],[88,20],[109,62],[-13,44],[69,38]],[[14095,9134],[64,51]],[[4334,10673],[53,35],[98,-36],[49,25],[79,4],[15,-30],[49,-21],[56,11],[86,-104],[90,-34],[105,-5]],[[5014,10518],[12,-29],[-14,-62],[-47,-29],[-24,-49],[-58,-56],[-42,-18],[-107,-125],[36,-152],[22,-28],[-8,-45],[26,-25],[38,11]],[[4848,9911],[-11,-70],[-51,-69],[-16,-66]],[[4770,9706],[-180,-14],[-69,-40],[-29,57],[-25,-13],[-22,-74],[-86,-100],[-38,5],[-42,-31],[-74,-13]],[[14997,8738],[-32,-39],[-64,-2],[-22,-27],[26,-63],[-43,-40],[-33,56],[-23,-13]],[[14806,8610],[-33,-15],[-54,32],[-46,67],[-64,37]],[[4770,9706],[-4,-71],[-91,-15],[-5,-37],[-38,-26],[-39,-88],[61,-53],[61,-1],[33,-35],[4,-63],[108,-115],[72,-8],[8,-26],[-62,-55],[28,-39],[-15,-50],[-43,2],[-31,-27],[10,-68],[2,-152],[-15,-48]],[[4814,8731],[-86,-48],[-30,9],[-81,-13],[-40,7],[-97,-44],[-107,-29],[-8,-38],[-41,-20]],[[4324,8555],[-35,-12]],[[4289,8543],[1,66],[-25,58],[-89,-12],[-14,-28],[-142,-4]],[[4020,8623],[2,30],[10,4],[23,90],[37,63],[-6,115],[12,28],[67,58],[-2,6],[-18,175],[17,82],[40,81],[-26,53],[-4,4],[-7,7],[-8,6]],[[14337,8488],[-11,-74]],[[14326,8414],[-42,-38]],[[14284,8376],[-109,31],[-12,-43],[-57,-15],[-24,-28],[-61,-25]],[[14021,8296],[-69,112],[-74,30],[-20,-19],[-74,-13],[-42,27],[-21,104],[-48,56],[-73,30]],[[13600,8623],[48,64],[10,107],[49,50]],[[13707,8844],[55,23],[55,47],[44,14]],[[14021,8296],[-18,-49]],[[14003,8247],[7,-49],[-48,-110],[19,-55],[-65,-83]],[[13916,7950],[-32,-37],[-13,-62]],[[13871,7851],[-110,-50],[-57,-16],[-17,-34],[-50,-23],[-72,-55],[-58,54]],[[13507,7727],[25,73],[-6,66],[9,77],[-19,124],[-45,30],[5,89],[-50,26],[-35,-35],[-73,31],[-37,1]],[[13281,8209],[-46,125],[0,26],[-38,67],[7,79],[-18,89],[22,21]],[[13208,8616],[85,-18],[116,35],[48,-7],[25,-36],[49,-13],[69,46]],[[1877,8390],[8,-29],[142,7],[57,-18],[91,3],[28,-14],[17,-73],[-53,-55],[8,-124],[-127,-134],[15,-71],[74,-61],[9,-62],[58,-52],[-98,-100],[-124,-169],[-65,-45],[-13,-63],[-36,-70],[-105,-175],[28,-23],[56,12],[106,-12],[32,75],[114,-29]],[[2099,7108],[57,-116],[87,11],[42,-41],[-4,-96],[-46,-54],[-57,-3],[-6,-241],[27,-72],[-6,-96]],[[2193,6400],[-65,-25],[-100,9],[-253,10],[-114,24],[-86,7],[3,59],[-65,117],[-62,-24],[-102,18],[-38,-30],[-92,-44],[-26,-40],[-36,-12],[-98,30],[-65,-15],[-23,-34],[-34,1],[-52,35],[-58,-24],[-199,-30],[-136,16]],[[492,6448],[-111,300],[-131,662],[-76,219],[84,200],[181,216],[122,131],[66,43],[-6,84],[-18,50],[50,39],[73,-16]],[[726,8376],[98,-18],[20,-2],[62,-15],[67,1],[94,-75],[78,-22],[27,15],[91,3],[144,27],[51,-8],[114,16],[53,32],[67,78],[65,8],[84,-14],[13,-1],[23,-11]],[[14284,8376],[-12,-64],[-49,-67],[-14,-47],[-49,-37],[-69,46],[-88,40]],[[2193,6400],[60,-8],[49,-56]],[[2302,6336],[-36,-89],[-11,-79],[27,-36]],[[2282,6132],[15,-40],[4,-73],[-52,-26],[-9,-35]],[[2240,5958],[-94,7],[-85,-14],[-124,-107],[-92,-57],[-79,22],[-36,-28],[-277,-7],[-98,-9],[-129,-43],[-44,86],[-70,-21],[-44,53],[-31,1],[-82,-43],[-23,-28],[-53,27],[-59,-78],[-71,4],[-31,45],[-74,-10]],[[644,5758],[-29,108],[-29,197],[-42,242],[-52,143]],[[2099,7108],[18,60],[60,38],[-4,48],[69,50],[37,46],[26,-52],[-11,-99],[55,-83],[42,54],[78,11],[-8,-72],[89,11],[62,69],[90,73],[155,81],[71,-24],[93,21]],[[3021,7340],[14,-102],[-43,-110],[-3,-74],[-95,-2],[-52,-31],[-12,-28],[-1,-270],[72,-42],[50,-89]],[[2951,6592],[-74,-38],[-80,-7],[-27,-51]],[[2770,6496],[-35,-20],[-68,-8],[-60,29],[-80,-4],[-126,-75],[-69,-79],[-30,-3]],[[4289,8543],[-18,6],[-123,-81],[-29,-54],[11,-75],[55,-104],[44,-57],[-2,-90],[25,-62],[-148,-86],[-19,-68],[23,-43],[54,-55],[4,-50],[-16,-48]],[[4150,7676],[-50,-40],[-81,34],[-38,-45],[-30,9],[-83,-27],[-7,69],[-172,-48],[-119,-58],[-12,-47],[-93,-31],[-108,-48],[-64,-66],[-40,-7],[-32,87],[-73,-6],[-68,-62],[-14,-34],[-45,-16]],[[1877,8390],[82,66],[94,-31],[88,17],[56,-1],[85,-23],[61,3],[24,4],[125,0],[63,-37],[97,2],[80,-9],[46,-31],[27,7],[37,19],[66,0],[79,-57],[71,1],[67,53],[78,0],[148,-25],[20,-59],[71,-3],[38,14],[123,-8],[27,-27],[-53,-88],[31,-63],[146,-41],[18,30],[-2,71],[-41,50],[-19,0],[-15,29],[108,133],[117,91],[55,10],[27,29],[18,107]],[[14326,8414],[19,-21],[111,34]],[[14456,8427],[34,-40],[-17,-29],[-10,-78]],[[14463,8280],[-26,-41],[-2,-43]],[[14435,8196],[-27,-41],[-38,-1],[-6,-50],[-35,-28],[-82,-129]],[[14247,7947],[-54,-33]],[[14193,7914],[-54,-28],[-31,30],[-52,-54]],[[14056,7862],[-76,-2],[-23,51],[-41,39]],[[15162,8845],[50,15],[74,-38],[37,18],[44,-26],[22,-36],[-16,-74],[55,-34],[34,-40],[-45,-169]],[[15417,8461],[-64,26],[-153,2],[-12,54],[7,65],[-86,21]],[[15109,8629],[-41,49],[18,32],[-21,52]],[[15417,8461],[3,-43],[53,-28],[-1,-42]],[[15472,8348],[-58,-38],[-34,-5],[-51,39],[-85,10]],[[15244,8354],[-71,23],[-78,118],[-5,43],[33,35],[-14,56]],[[2240,5958],[25,-2],[39,-130],[62,-114],[-55,-55],[-21,-43],[-44,-35],[-80,-8],[-52,-66],[-95,-99],[-53,-84],[-18,-68]],[[1948,5254],[-46,-1],[-63,22],[-153,3],[-243,-18],[-55,-9],[-262,3],[-61,10],[-77,-10],[-179,0],[-45,21],[-118,145],[-73,10]],[[573,5430],[17,41],[59,270],[-5,17]],[[15244,8354],[-80,-124]],[[15164,8230],[-23,26],[-77,-31],[-65,16],[-37,48]],[[14962,8289],[-47,63],[-78,51],[-68,96],[51,75],[-14,36]],[[1948,5254],[106,6],[100,15],[246,-3]],[[2400,5272],[0,-70],[-128,-72],[-23,-61],[9,-84],[-10,-91],[-66,-75],[-36,-26],[-69,-88],[-39,-83]],[[2038,4622],[-16,-48],[-37,-50],[-91,-2],[33,-138],[-29,-94],[-62,53],[-39,-45],[48,-35],[-20,-47],[28,-39],[-31,-28],[-19,-61]],[[1803,4088],[-443,74],[-747,123],[-67,452],[6,157],[-3,211],[19,79],[-7,46],[12,63],[-15,103],[15,34]],[[15472,8348],[61,-27],[11,-62],[71,-18],[4,-47],[39,-34],[-18,-59],[25,-27],[-67,-60],[-84,-106],[-86,-63]],[[15428,7845],[2,50],[-44,94],[2,65],[-52,23],[3,52],[-43,15],[0,37],[-42,37],[-90,12]],[[2770,6496],[-5,-86],[86,19],[-11,-53],[-77,-52],[-39,-14],[-146,-141],[-46,13],[-88,-13],[-26,30],[-80,-48],[-56,-19]],[[14962,8289],[-59,-73]],[[14903,8216],[-17,30],[-63,37]],[[14823,8283],[-118,112],[-49,14],[-65,96],[-53,-1],[-80,-57],[-2,-20]],[[2951,6592],[66,6],[6,-27],[-38,-81],[-92,-99],[50,-73],[41,-16],[33,35],[105,12],[43,36],[33,-2],[-40,-154],[41,23],[10,-39],[59,-95],[74,17],[112,100],[32,-32],[63,58],[44,-16]],[[3593,6245],[9,-31],[-15,-67],[-1,-74],[-44,-25],[-65,-15],[-50,-64],[-48,-8],[32,-52],[-100,-69],[-12,-44],[84,-43],[-8,-66],[39,-74],[-27,-56],[-24,-86]],[[3363,5471],[-11,1],[-32,22],[-31,55],[-32,-8],[-126,-103]],[[3131,5438],[-80,-5],[-113,-22],[-153,-9],[-96,-24],[-157,-13],[-110,48],[-32,-25],[10,-116]],[[14823,8283],[-48,-24],[-29,33],[-35,3],[-72,-31],[-43,-4],[-86,40],[-47,-20]],[[4150,7676],[16,-26],[62,-19],[86,-58],[-10,-29],[17,-79],[-8,-47],[32,-25]],[[4345,7393],[17,-59],[-29,-41],[-3,-70],[-32,-68],[18,-26],[-14,-67],[5,-92],[-41,-36],[-61,-28],[-50,-5],[-44,31],[-16,42],[-81,-85],[-7,-121],[17,-40],[-21,-80],[4,-132],[72,-22],[22,-31],[75,35],[46,-55],[69,31],[50,-1],[36,35],[28,60],[40,23],[74,-13],[39,-29],[35,11],[24,-54],[-159,-79],[-33,-35],[-112,8],[-79,-45],[-24,-29]],[[4210,6326],[-22,17],[-81,-50],[-125,-38],[-60,-46],[-70,-15],[-84,-76],[-27,34],[8,48],[-62,27],[-94,18]],[[14903,8216],[-28,-61],[-65,-37],[3,-38]],[[14813,8080],[-64,-10],[-114,8],[39,-76],[-27,-54]],[[14647,7948],[-53,-41]],[[14594,7907],[-53,1]],[[14541,7908],[-38,103],[-22,35],[7,126],[-53,24]],[[4345,7393],[29,63],[69,36],[26,29],[40,-18],[43,21],[94,-22],[40,-80],[113,6],[44,-66],[79,-14],[13,-37],[53,-9],[129,57],[50,40],[29,-46],[-27,-22],[-5,-106],[23,-81],[-43,-48],[-6,-35],[55,-146],[31,-41],[78,26],[87,48],[2,34],[45,44],[49,15],[53,40],[-11,71],[36,51],[118,76],[35,-19],[92,40],[88,14],[71,-11],[-10,-59],[-77,-91],[-27,-45],[15,-37],[78,50],[55,17],[-43,-191],[62,-104],[9,-49]],[[6029,6794],[1,-67],[58,-33],[-21,-44],[3,-46],[-46,-2],[-145,-94],[-99,-11],[-68,-38],[-47,49],[-70,-37],[0,-66]],[[5595,6405],[54,-90],[12,-61],[-97,-59],[-22,-59],[-46,36],[-74,-75],[-75,-61],[-2,-65],[-101,27],[-48,-20],[-27,12],[-30,-50],[-93,-88],[-52,-69],[-47,-20],[-53,0],[-25,-21]],[[4869,5742],[-74,-3],[-72,17],[-134,53],[-128,16],[-82,-2],[-17,5]],[[4362,5828],[2,77],[-55,66],[-33,166],[-31,124],[9,39],[-44,26]],[[15428,7845],[-21,-32],[-109,-33],[-32,31]],[[15266,7811],[12,45],[-51,-2],[-6,33],[-48,66],[-34,-20],[-23,51],[-69,11],[-82,-22],[-19,-21]],[[14946,7952],[-35,27]],[[14911,7979],[36,69],[-29,32],[-75,21],[-30,-21]],[[15266,7811],[-88,-164],[-27,13],[-47,-27],[-54,-2],[-20,-41]],[[15030,7590],[-17,5],[-58,90],[-60,40],[79,157],[-28,70]],[[4324,8555],[50,-82],[42,-42],[68,-23],[18,-50],[-33,-57],[-9,-66],[-42,-122],[23,-49],[91,-16],[22,-28],[39,12],[3,55],[49,11],[47,-31],[86,2],[39,-26],[32,61],[40,-5],[-17,79],[96,0],[52,-33],[133,24],[113,59],[47,6],[38,31],[29,-7],[27,66],[46,25],[3,45],[33,47]],[[5489,8441],[27,11],[136,7],[5,-52],[-90,-22],[3,-56],[32,-49],[78,-9],[38,-58],[26,-106],[34,-32],[-25,-103],[119,-113],[23,-10],[8,-66],[49,-94],[69,20],[34,-54],[65,-40],[30,24],[78,-1],[39,69],[73,85],[65,5],[71,-51],[78,47],[48,47]],[[6602,7840],[34,-10],[46,47],[35,-29],[59,-16]],[[6776,7832],[19,-46],[-56,-48],[-10,-33],[35,-67]],[[6764,7638],[-72,-46],[-68,-66],[-34,-51],[-93,-80],[19,-31],[-30,-60],[-3,-79],[55,-28],[-8,-38],[-90,-36],[-79,-20],[-61,-33],[-42,-1],[-37,-26],[-91,-121],[8,-52],[-83,-45],[-26,-31]],[[14911,7979],[-50,-41],[-75,-14],[-139,24]],[[15030,7590],[-78,-33],[-101,28],[-27,47],[-50,-29],[-32,1],[-26,-50],[-119,-7],[-47,23],[-80,-3]],[[14470,7567],[13,64],[24,38],[-1,94],[80,70],[8,74]],[[13348,14803],[14,-51],[-72,-14],[-5,-72],[-70,-52],[-90,-51]],[[13125,14563],[-161,-38],[-31,20],[-48,-5],[-72,34],[-88,-16],[-99,43],[-139,-27],[-107,61],[-52,-40],[-62,23]],[[12266,14618],[-22,38],[47,15]],[[12291,14671],[87,123],[45,22],[109,76],[169,81],[100,77],[73,97],[64,69]],[[12938,15216],[47,-64],[-4,-27],[61,-36],[34,-48],[41,9],[70,-42],[68,-8],[41,-29],[-15,-83],[67,-85]],[[4362,5828],[-6,1],[-62,25],[-44,-7],[-49,-67],[-27,-106],[-5,-218],[-106,-98],[-91,-48],[-51,-16],[-86,11],[-108,-49],[-96,-24],[-26,-42],[-179,248],[-38,26],[-25,7]],[[14541,7908],[-32,-17],[-62,17],[-101,-50],[-99,89]],[[12938,15216],[88,26],[48,0]],[[13074,15242],[157,44],[84,-1],[67,26],[111,-17],[120,-61]],[[13613,15233],[24,-23]],[[13637,15210],[-44,-47],[-48,-4],[-17,-42],[-49,-8],[54,-53],[31,-106],[-54,19],[-50,-11],[17,-63],[47,4],[-2,-47],[33,-33],[-14,-55]],[[13541,14764],[-79,-9],[-76,49],[-38,-1]],[[14470,7567],[-24,-49],[-102,-112]],[[14344,7406],[-70,-2],[-91,75],[-70,-9]],[[14113,7470],[-8,29]],[[14105,7499],[77,132],[18,10],[-12,80],[-26,38],[2,46],[32,83],[-3,26]],[[14721,13929],[-29,-53],[-67,-39],[-35,3],[-74,-33],[-20,-31],[-76,-31]],[[14420,13745],[-66,25],[-39,-30],[-97,-25]],[[14218,13715],[2,70]],[[14220,13785],[16,34],[23,140]],[[14259,13959],[23,12],[85,93],[53,-4],[53,35],[97,41],[51,62]],[[14621,14198],[17,-1]],[[14638,14197],[31,-78],[-3,-132],[55,-58]],[[14168,9508],[-40,67],[-38,9],[-92,-21],[-120,22],[-60,2],[-56,25]],[[13762,9612],[-73,47],[-64,-16],[-44,41],[-57,28],[-46,50],[1,56],[-18,50],[-53,26]],[[13408,9894],[-17,51],[23,23],[28,90],[56,28]],[[13498,10086],[128,-7],[137,-62],[20,13]],[[13783,10030],[90,19],[54,44],[36,3],[55,50]],[[14018,10146],[7,-51],[131,-243],[-7,-66],[101,3],[48,-92]],[[14095,9134],[-53,69],[-39,-16],[-30,19],[-77,123],[-98,30],[-49,57],[15,90],[-2,106]],[[14721,13929],[40,24]],[[14761,13953],[37,-66],[-6,-153],[-9,-67]],[[14783,13667],[-38,-1],[-27,-40],[-79,24],[-18,-36],[-92,-44],[-109,175]],[[13707,8844],[-95,27],[-85,-19]],[[13527,8852],[16,35],[0,68],[29,41],[44,16],[22,32],[-55,120]],[[13583,9164],[-46,146],[16,67],[-58,10],[-38,30],[-84,8]],[[13373,9425],[-22,50],[-88,7],[-19,105],[38,181],[28,47]],[[13310,9815],[13,37],[58,13],[27,29]],[[14783,13667],[21,-32],[72,-21],[61,-66],[21,-65],[30,-4],[-4,-65],[47,-49],[-10,-27],[37,-41],[36,-14],[2,-41],[-33,-82],[33,-79]],[[15096,13081],[-42,-58],[-36,0],[-18,-62],[-40,-62],[-41,-28],[-68,17]],[[14851,12888],[-45,36],[-105,-18],[-63,-70],[-123,-22],[-100,20]],[[14415,12834],[-24,133],[-19,36],[-46,18],[-35,-22],[-38,26],[-16,89],[-39,86]],[[14198,13200],[4,63],[-13,77],[-32,48],[57,85],[-1,60],[31,24],[-19,93],[-33,45],[26,20]],[[13583,9164],[-56,-5],[-67,-29],[-49,1],[-133,52],[-19,-31],[2,-53],[-49,-12]],[[13212,9087],[-32,57],[-19,100],[79,106],[158,12],[-25,63]],[[14851,12888],[-41,-82],[-19,-85],[13,-41],[-40,-122]],[[14764,12558],[-33,-30],[-88,-11],[1,-39],[-33,-27],[-71,-9],[-44,-48]],[[14496,12394],[-52,-36],[-40,26],[-54,6],[-95,-55],[-11,-49],[-64,20],[-52,-23]],[[14128,12283],[-37,31],[31,37],[-25,118],[63,96],[-4,46],[24,75],[-70,44],[-15,25]],[[14095,12755],[72,28],[39,36],[163,-22],[46,37]],[[13527,8852],[-91,19],[-26,-15],[-70,51],[-36,-7],[-31,59],[-6,63],[-64,29]],[[13203,9051],[9,36]],[[13208,8616],[-26,36]],[[13182,8652],[6,57],[-39,15],[19,74],[41,-6],[-35,145],[-75,40]],[[13099,8977],[34,53],[70,21]],[[14220,13785],[-27,-2],[-91,-74],[-68,1],[-49,-41],[-101,10],[-41,-36]],[[13843,13643],[-34,-23],[-92,96],[-21,41],[-75,-7],[-17,56],[33,68]],[[13637,13874],[-2,70],[-41,21],[-51,-24],[-72,35],[-30,60],[3,68],[22,47],[34,136],[-7,33]],[[13493,14320],[26,15],[53,-14]],[[13572,14321],[99,-37],[-2,-42],[-41,-74],[139,-2],[65,-27],[18,-37],[53,-17]],[[13903,14085],[-11,-33],[104,-64],[30,-59],[24,27],[71,-10],[24,22],[62,-19],[52,10]],[[16345,10561],[45,41],[40,63]],[[16430,10665],[64,39],[81,67],[53,6],[85,98]],[[16713,10875],[6,0]],[[16719,10875],[-7,-54],[40,-8],[54,-62],[67,16]],[[16873,10767],[48,-90],[-40,-53],[-106,-85]],[[16775,10539],[-120,-17],[-52,18],[-44,-26],[-45,17],[-83,-12],[-53,-51],[-41,-1]],[[16337,10467],[-23,18]],[[16314,10485],[31,76]],[[16345,10561],[-5,61],[-49,4],[-28,-29],[-49,3],[-33,82]],[[16181,10682],[-11,60],[15,96],[20,13],[-1,104],[-25,35]],[[16179,10990],[64,65],[99,-42]],[[16342,11013],[23,-10],[20,-57],[43,-26],[30,-120],[-21,-45],[-7,-90]],[[14095,12755],[-119,23],[-65,30],[-17,56],[4,70],[-17,87],[39,29]],[[13920,13050],[36,-4],[185,135],[57,19]],[[16342,11013],[54,78]],[[16396,11091],[63,-16],[86,-3],[28,-19]],[[16573,11053],[1,-64],[25,-35],[55,-12],[59,-67]],[[13920,13050],[-26,9],[-86,100]],[[13808,13159],[10,142],[54,90],[-13,67],[28,48],[-18,92],[-26,45]],[[16573,11053],[83,80],[55,-29],[48,14],[42,63]],[[16801,11181],[53,-3]],[[16854,11178],[34,-44],[-1,-47],[-53,-67],[44,-34]],[[16878,10986],[-30,-55],[-41,-28],[-29,11],[-59,-39]],[[2038,4622],[49,-142],[64,-60],[4,-53],[37,-65],[-12,-49],[-26,-16],[12,-54],[46,-48],[41,-73],[124,-87],[27,-99],[40,-83],[-8,-44],[34,-64],[-36,-30],[31,-73],[54,7],[13,-93],[-22,-73]],[[2510,3423],[-108,-31],[-107,0],[-83,-22],[-53,-28]],[[2159,3342],[0,136],[-24,32],[-21,93],[4,31],[-44,98],[-12,74],[11,106],[-111,149],[-159,27]],[[13125,14563],[18,-70],[54,-68],[89,-82],[42,-51],[19,58],[46,-4],[26,24],[45,-2],[29,-48]],[[13637,13874],[-55,-6],[-63,-47],[-16,-51],[-53,-3],[-46,-68],[4,-111],[-31,-34],[-106,-50]],[[13271,13504],[-49,11],[-63,-12],[-28,61],[-49,44],[0,31],[-84,16],[-61,37],[-36,59],[-31,7]],[[12870,13758],[-40,13],[-74,72],[-10,28],[-132,67],[-46,39]],[[12568,13977],[-12,72],[-58,78],[-63,57],[-39,89],[-27,37],[-53,-7]],[[12316,14303],[-52,70],[-40,112],[35,86]],[[12259,14571],[7,47]],[[16179,10990],[-55,48]],[[16124,11038],[13,58],[2,113],[-66,108],[12,33],[-25,90]],[[16060,11440],[78,133],[1,39],[48,114]],[[16187,11726],[39,-49],[41,-12],[51,-44],[94,11]],[[16412,11632],[44,-79],[-3,-61],[-29,-55],[-33,-28],[17,-77],[-10,-55],[48,-44],[1,-46],[-53,-61],[2,-35]],[[2510,3423],[-4,-90],[-65,-46],[52,-57],[136,53],[65,-64],[99,-58],[123,-27],[34,-17],[43,-74]],[[2993,3043],[-95,11],[-45,-21],[-124,2],[-121,-13],[-195,-3],[-91,-18],[-88,-47],[-128,-8]],[[2106,2946],[15,25],[-22,52],[5,38],[-21,78],[80,104],[-15,57],[11,42]],[[16854,11178],[86,58],[43,91]],[[16983,11327],[12,-25],[65,-22]],[[17060,11280],[-15,-41],[-40,-20],[-7,-39],[-53,-63],[12,-45]],[[16957,11072],[-33,-11],[-24,-62],[-22,-13]],[[13271,13504],[14,-58],[44,-62]],[[13329,13384],[-12,-68],[-35,-34],[-43,-7],[-79,-66],[-65,20]],[[13095,13229],[-53,65],[-24,50],[-34,-1],[-76,58],[-28,99],[-102,37],[-37,-28],[-59,3],[5,87]],[[12687,13599],[10,64],[45,29],[59,15],[36,-16],[33,67]],[[16957,11072],[80,48],[28,-81],[50,-40]],[[17115,10999],[-27,-73],[-61,-7],[-55,-69],[-63,-18],[-36,-65]],[[2993,3043],[119,16],[39,13],[297,5],[114,-24],[290,4],[125,28],[260,16]],[[4237,3101],[3,-78],[19,-91],[-2,-113],[-73,-42],[-29,-65],[-67,-67],[29,-44],[50,-25],[-60,-76]],[[4107,2500],[-6,-25],[63,-131],[0,-31],[-36,-36],[-78,-46],[-36,-56],[-43,-139],[-100,-163],[-143,-155],[-64,4],[-30,-48],[-15,-88],[-104,-280],[-61,-120],[-19,-80],[-6,-135],[0,-174],[-5,-255],[13,-171],[-20,-94],[-100,-87],[-9,-169]],[[3308,21],[-140,-21],[-434,174],[-156,59],[-70,38],[-875,344],[-238,85],[-552,206],[-34,6],[-171,64],[180,245],[49,76],[502,675],[253,334],[440,589],[44,51]],[[13808,13159],[-45,-31],[-139,-29],[-42,25]],[[13582,13124],[-41,16],[-86,-18],[-69,-40],[-33,73],[38,101],[-7,51],[-55,77]],[[17060,11280],[70,18],[75,-115]],[[17205,11183],[-5,-85],[-26,-73],[-59,-26]],[[3131,5438],[27,-66],[-41,-57],[-70,-23],[-21,-87],[0,-188],[-21,-134],[-5,-82],[-61,-137],[-12,-179],[-13,-60],[3,-71],[63,-129],[123,-56],[136,-38],[51,-22],[217,-49],[95,0],[80,-53],[115,1],[71,-37],[108,-27],[78,6],[80,32],[71,1],[183,45],[111,7],[76,15]],[[4575,4050],[-63,-78],[12,-93]],[[4524,3879],[54,-98],[-25,-109],[12,-25],[2,-100],[-45,-31]],[[4522,3516],[-66,-46],[-81,-147],[-9,-60],[-51,-40],[-71,-33],[-7,-89]],[[14128,12283],[-23,-32]],[[14105,12251],[-90,14],[-33,-27]],[[13982,12238],[-41,43],[-58,-24],[-19,43]],[[13864,12300],[-24,54],[9,61],[-60,45],[-30,49],[-58,7],[-42,54],[-11,120],[-21,56],[-59,9],[-34,75],[-30,7]],[[13504,12837],[24,54],[-73,102],[48,59],[49,-2],[30,74]],[[13864,12300],[-45,-34],[-34,-49],[-71,-13],[-63,-51],[-60,-117],[-7,-94]],[[13584,11942],[-39,18],[-23,38],[-53,-17],[-102,20],[-36,37]],[[13331,12038],[-32,56],[-11,61],[-27,22]],[[13261,12177],[-1,95],[23,69],[21,106],[20,37],[-57,123],[15,24],[-11,64],[26,40],[81,32],[33,57],[93,13]],[[16983,11327],[-10,100],[-23,94],[-40,29],[21,110]],[[16931,11660],[28,78],[-1,65],[63,78]],[[17021,11881],[12,-35],[78,-112],[24,-16],[32,-89]],[[17167,11629],[24,-8],[13,-53],[-10,-156],[38,8]],[[17232,11420],[3,-18],[96,-59],[9,-78]],[[17340,11265],[-49,-9],[-86,-73]],[[4869,5742],[27,-59],[18,-138],[41,-65],[-50,-86],[-20,-12],[-88,-227],[-59,-78],[-29,-23]],[[4709,5054],[-61,-97],[-10,-173],[-24,-131],[-24,-186],[-5,-176]],[[4585,4291],[-10,-241]],[[13261,12177],[-83,26],[-54,-16],[-68,10],[-101,-9],[-62,59],[-31,62],[-89,51],[-76,69],[-62,22],[-85,-48],[-45,5],[-28,62],[-10,90],[-64,66],[-105,11]],[[12298,12637],[-14,44]],[[12284,12681],[126,65],[27,29],[63,30],[26,-27],[149,26],[33,-6],[113,38],[39,-31],[25,13],[83,-29],[73,36],[12,52],[50,59],[-8,139],[12,57],[-12,97]],[[16412,11632],[12,3]],[[16424,11635],[48,-56],[37,-24],[70,50],[149,12],[58,-32]],[[16786,11585],[5,-36],[-47,-59],[25,-65],[4,-124],[30,-39],[-2,-81]],[[4107,2500],[120,-108],[50,-6],[77,-92],[141,-110],[72,20],[28,-18],[21,-132],[80,-139],[37,-106],[81,-171],[12,-140],[79,-94],[74,-167],[45,-156],[17,-129],[-5,-148],[6,-84],[-14,-134],[24,-69],[32,-26],[5,-74],[44,-33],[-8,-33],[-6,-171]],[[5119,180],[-186,38],[-52,-2],[-311,-35],[-25,-24],[-68,-20],[-97,35],[-1072,-151]],[[12284,12681],[-28,12],[-65,67],[18,102]],[[12209,12862],[43,17],[25,47],[44,34],[27,59],[62,31],[3,25],[63,71],[-6,94],[20,72],[-8,74],[40,81],[91,75],[28,48],[46,9]],[[16786,11585],[22,66],[70,76],[53,-67]],[[4522,3516],[53,-131],[40,-58],[54,-52],[85,-178],[50,-81],[83,-86],[65,-20],[100,-117],[123,-90],[143,-113],[83,-53],[102,-137],[-24,-40],[16,-71],[359,-233],[113,-89],[172,-96],[92,-59],[100,-39],[229,-59],[68,0]],[[6628,1714],[19,-50],[-94,-303],[-8,-96],[-40,-244],[-22,-193],[-41,-206],[-3,-131],[-30,-96]],[[6409,395],[-38,-28],[-70,-6],[-30,-18],[-55,-2],[-45,-34],[-103,-18],[-40,3],[-24,-45],[-94,-46],[-77,-86],[45,-52],[-17,-30],[-51,-33],[-46,3],[-73,56],[-115,30],[-457,91]],[[13331,12038],[-25,-51],[-67,-50],[-3,-43],[-34,-14]],[[13202,11880],[-56,-21],[-12,-37],[-39,-23],[-43,-55],[-18,-46],[-85,16],[-21,-39],[14,-55],[-20,-43]],[[12922,11577],[-74,4],[-80,-27],[-19,17],[-89,20],[-98,-51],[-91,52],[-68,-22],[-36,-75],[-100,-24]],[[12267,11471],[-35,-21],[-37,57],[-42,17],[-72,-17],[-56,3],[-22,42],[-31,168],[16,33],[49,13],[25,70],[-45,45]],[[12017,11881],[52,31],[51,72],[26,63],[-23,13],[-10,84],[38,51],[-49,110],[4,80]],[[12106,12385],[32,3],[20,43],[60,52],[-16,35],[25,52],[71,67]],[[17232,11420],[19,31],[140,82],[32,-22],[74,27],[51,46]],[[17548,11584],[29,28]],[[17577,11612],[40,-126],[-79,-40],[10,-65],[-60,-51],[-148,-65]],[[4524,3879],[56,-14],[351,-12],[216,6],[172,-4],[109,10],[96,-7],[77,-40],[35,-47],[43,-29],[64,-13],[134,47],[107,9],[76,-13],[50,21],[59,6],[31,-23],[134,-17],[179,4],[31,13],[111,-23],[108,29]],[[6763,3782],[-25,-167],[-15,-218],[-14,-108],[-21,-249],[-4,-271]],[[6684,2769],[-17,-544],[4,-155],[-12,-108],[-17,-64],[-14,-184]],[[17167,11629],[51,73],[87,-23],[12,-34],[79,22],[31,48],[27,-25]],[[17454,11690],[24,-76],[70,-30]],[[15096,13081],[15,-38],[51,0],[58,64],[15,-21],[63,1],[43,30],[43,55],[39,-11],[28,76],[92,-52],[43,12],[44,-12]],[[15630,13185],[-60,-125],[15,-71],[-27,-61],[-15,-143]],[[15543,12785],[-26,3],[-24,-79],[13,-45],[-6,-64],[-80,-11],[14,-68],[-13,-55],[-69,-85],[-82,27],[-38,-43],[-10,-78],[-122,-66]],[[15100,12221],[-20,15],[4,69],[-30,56],[-49,143],[-35,54],[-80,-24],[-88,35],[-38,-11]],[[4585,4291],[76,-38],[52,-4],[186,-64],[65,-7],[149,-46],[71,-33],[117,-27],[111,-12],[102,7],[130,-75],[49,-50],[46,-19],[128,68],[38,31],[59,86],[17,57],[26,33],[39,94],[23,112],[88,34]],[[6157,4438],[-1,-95],[14,-80],[41,-59],[57,16],[211,-36],[60,3],[113,30],[44,35],[111,27]],[[6807,4279],[-29,-113],[-12,-322]],[[6766,3844],[-3,-62]],[[17021,11881],[-7,87],[36,60],[-2,44]],[[17048,12072],[29,-13],[65,18],[64,50],[115,53],[15,-27],[92,-37],[37,30]],[[17465,12146],[19,-49],[-31,-50],[6,-39],[-40,-15],[19,-57],[45,-17],[-29,-41],[-12,-61],[17,-71],[-5,-56]],[[15100,12221],[-86,-52],[-6,-34]],[[15008,12135],[-138,-115],[-63,28],[-41,42],[-42,-3],[-80,53],[-75,6],[-32,16]],[[14537,12162],[-25,50],[19,68],[-35,114]],[[4709,5054],[66,-4],[289,8],[327,-8],[203,-28],[182,1],[126,-8],[100,9],[101,20],[48,-3]],[[6151,5041],[-19,-95],[20,-72],[30,-58],[-31,-70]],[[6151,4746],[-19,-78],[-31,-24],[11,-146],[45,-60]],[[17465,12146],[-13,45],[20,45],[74,71],[64,8],[87,98]],[[17697,12413],[21,-4],[60,-80],[-31,-62],[-53,-47],[-28,-67],[-69,-93],[35,-62],[57,-37],[50,-70],[77,-18],[-6,-25],[-72,-87],[-11,-45],[-58,-2],[-14,-31],[-78,-71]],[[14105,7499],[-74,39],[-138,19],[15,60]],[[13908,7617],[31,17],[65,87],[4,36],[45,75],[3,30]],[[6151,5041],[26,84]],[[6177,5125],[94,21],[54,25],[112,27],[105,4],[47,22],[57,83],[67,26],[25,86],[63,32],[44,42]],[[6845,5493],[57,-22]],[[6902,5471],[-6,-58],[31,-55],[57,-13],[17,-58],[70,-24]],[[7071,5263],[-20,-82]],[[7051,5181],[-44,-17],[-91,-8],[-46,-49],[-3,-56],[18,-63],[-20,-102],[1,-95],[43,-60]],[[6909,4731],[-153,-44],[-40,-38],[-67,-11],[-172,8],[-88,-46],[-78,-31],[-38,65],[-31,-1],[-65,54],[-26,59]],[[14537,12162],[-29,-37],[-7,-117],[-31,-34]],[[14470,11974],[-101,-32],[-58,44],[-73,97],[-36,91],[-34,5]],[[14168,12179],[-63,72]],[[6909,4731],[-39,-113],[4,-64],[-67,-275]],[[13908,7617],[-76,27]],[[13832,7644],[32,116],[-9,40],[16,51]],[[15008,12135],[29,-46],[75,-38],[19,-104],[-34,-30],[-3,-40]],[[15094,11877],[-58,-70],[-15,-53],[-44,-24],[-115,-13],[1,-76],[-26,-53]],[[14837,11588],[-43,43],[-14,41],[-35,21],[-35,67],[-134,19],[-53,-14],[-30,-31],[-41,24]],[[14452,11758],[-3,75],[21,141]],[[6902,5471],[98,112],[60,21],[13,44]],[[7073,5648],[66,53],[19,82],[24,40],[68,5],[31,-21],[47,7],[130,-11]],[[7458,5803],[-33,-113],[-44,-60],[15,-53],[-1,-65],[-30,-81],[-97,10],[-19,23],[-57,6],[-44,-47],[-59,-18],[-24,-55],[6,-87]],[[14344,7406],[1,-185]],[[14345,7221],[-87,-8],[-14,-16],[-101,-20],[-98,-5]],[[14045,7172],[-6,122],[6,68],[68,108]],[[14452,11758],[-22,-7]],[[14430,11751],[-73,34]],[[14357,11785],[5,50],[-54,64],[-81,20],[-41,120],[-31,34]],[[14155,12073],[-10,68],[23,38]],[[7073,5648],[-6,83],[-40,84],[1,129],[-21,175],[-25,109],[-41,117],[-76,55],[6,83],[27,77],[-1,61],[-37,56],[-12,43],[29,102],[39,31],[15,133]],[[6931,6986],[89,-15],[105,16],[6,-147],[-62,-64],[-50,-72],[0,-161],[15,-28],[102,-71],[17,25],[-5,71],[-18,66],[49,55],[51,-36],[43,9],[46,-25],[33,22],[22,58],[-2,52],[54,5],[50,25],[25,-37]],[[7501,6734],[-32,-53],[23,-29],[98,48],[62,-54]],[[7652,6646],[-25,-50],[19,-37],[17,-91],[-46,-96],[24,-55],[-5,-105],[-54,-94],[3,-104],[-13,-30]],[[7572,5984],[-19,-80],[-29,-44],[-66,-57]],[[14045,7172],[-32,85],[-57,-38],[-30,-61],[-82,-107]],[[13844,7051],[-109,-9],[-25,34],[-80,-10],[-78,44]],[[13552,7110],[68,31],[98,107],[41,83],[-42,61],[101,123],[-12,22],[27,64],[-1,43]],[[14357,11785],[-111,-41]],[[14246,11744],[-44,47],[-105,-8],[-9,25]],[[14088,11808],[4,45],[-39,64],[37,76],[65,80]],[[6764,7638],[43,-40],[12,-56],[25,-19],[-4,-121],[-49,-49],[56,-74],[-12,-58],[32,-55],[-24,-117]],[[6843,7049],[-59,-49],[-114,-10],[-89,-34],[-20,-59],[-43,-64],[12,-105],[-5,-158],[-39,-126],[-17,-84],[55,-22],[12,-41],[89,-92],[38,-93],[5,-158],[-7,-54],[17,-94],[56,-103],[22,-79],[89,-131]],[[6177,5125],[-4,71],[-32,125],[9,135],[42,15],[-25,61],[1,36],[32,70],[86,112],[5,31],[54,74],[-108,15],[-41,19],[-76,98],[-53,33],[-57,-35],[-52,-8],[-40,24],[-82,133],[-2,54],[-71,113],[-32,35],[-82,57],[-54,12]],[[13552,7110],[-31,14],[-100,13]],[[13421,7137],[37,98],[8,94],[-20,49],[-45,51]],[[13401,7429],[2,75],[-16,68]],[[13387,7572],[-17,85],[7,36]],[[13377,7693],[100,39],[30,-5]],[[14088,11808],[-76,-34]],[[14012,11774],[-63,-7]],[[13949,11767],[-7,67],[17,26],[-9,105],[23,49],[-24,28],[18,48],[-14,62],[29,86]],[[6843,7049],[49,-46],[39,-17]],[[13377,7693],[-135,172],[-23,108],[4,147],[-15,40]],[[13208,8160],[73,49]],[[14854,11523],[65,-40],[16,-112],[78,-83],[-1,-83]],[[15012,11205],[15,-25],[-21,-52]],[[15006,11128],[-44,-41]],[[14962,11087],[-49,56],[-43,-34],[-41,-6],[-11,50],[-34,20],[-84,-7],[-56,59],[5,74]],[[14649,11299],[32,53],[44,26],[62,61],[67,84]],[[13387,7572],[-151,-2],[-133,35],[-96,-16],[-159,-13],[-89,25]],[[12759,7601],[76,78],[62,38]],[[12897,7717],[18,30],[62,48],[48,84],[22,91]],[[13047,7970],[44,106],[117,84]],[[6776,7832],[70,49],[27,-25],[-1,-72],[66,-7],[79,105],[103,-21],[113,97],[62,32],[25,-6],[76,102],[90,39],[74,-24]],[[7560,8101],[25,-51],[90,-11],[-16,-69],[44,-46],[12,-43],[65,-44],[15,-63],[-15,-72],[-21,-24],[21,-40],[-26,-47]],[[7754,7591],[-51,-54],[-72,-132],[-72,-158],[-54,-77],[-7,-34],[34,-44],[-12,-146],[54,-44],[-32,-57],[4,-33],[-45,-78]],[[14962,11087],[-49,-23],[-47,-43],[-27,1],[-58,-46],[0,-32],[-65,-189],[-109,-30],[-40,-35],[-68,37]],[[14499,10727],[21,0],[-14,146],[-48,51],[-3,97],[23,65],[-19,25],[7,78]],[[14466,11189],[18,38],[-45,19]],[[14439,11246],[29,71],[42,-20],[86,25],[53,-23]],[[14345,7221],[11,-86],[56,-25],[-121,-48],[3,-33],[-45,-67],[-45,-2],[-31,-66],[29,-55],[34,-30],[15,-81],[24,-30],[-38,-57],[-38,-106],[-36,-62],[-50,-8],[-115,-58],[-29,-82],[-33,-50]],[[13936,6275],[-51,-4],[-42,19],[-23,73],[-54,34],[-11,86],[9,44],[-47,21],[-27,53],[-50,8]],[[13640,6609],[12,86],[57,117],[55,52],[13,82],[67,105]],[[6684,2769],[81,14],[105,-35],[100,0],[108,-49],[60,-13],[78,-2],[190,-41],[57,-19],[98,6],[199,-30]],[[7760,2600],[92,-35],[75,-18],[155,-3],[192,-39],[71,0],[113,-24],[44,1]],[[8502,2482],[-17,-94],[-12,-163],[22,-172],[-10,-405],[7,-211],[10,-81],[-15,-139],[-8,-136],[13,-178],[-9,-188]],[[8483,715],[-610,-203],[-582,-195],[-775,105],[-45,-23],[-62,-4]],[[13640,6609],[-134,-20],[1,79],[-13,35],[21,50],[-20,26],[5,76],[33,31],[19,48],[0,176]],[[14309,11310],[-90,9],[-52,94],[-67,44],[-51,-23]],[[14049,11434],[-47,67]],[[14002,11501],[41,23],[90,6],[43,58],[58,22]],[[14234,11610],[24,-30],[1,-73],[41,-36]],[[14300,11471],[-34,-52],[42,-40],[1,-69]],[[8502,2482],[190,-34],[126,-60],[166,-43],[198,-37],[94,-9]],[[9276,2299],[54,-53],[18,-37],[-23,-39],[38,-54],[-32,-71],[-8,-63],[5,-84],[-25,-46],[3,-85],[-65,-163],[3,-32],[-40,-61],[-6,-54],[-38,-70],[220,-183],[-43,-47],[-29,-62],[-86,-90],[-35,-48],[-388,-131],[-125,-51],[-191,-60]],[[13421,7137],[-32,-44],[-28,-102],[-54,-29],[-59,26],[-96,-34],[-40,-71],[-6,-42]],[[13106,6841],[-36,-15],[-52,22]],[[13018,6848],[-30,43],[17,60]],[[13005,6951],[74,153],[75,99],[63,109],[0,92]],[[13217,7404],[16,18],[91,-19],[77,26]],[[13217,7404],[-69,-9],[-101,5],[-19,-19],[-140,-68],[-59,-56]],[[12829,7257],[-36,0],[-40,28],[-28,59],[-32,-3],[-69,-44]],[[12624,7297],[69,94],[-63,86],[21,41],[108,83]],[[14002,11501],[-10,31],[12,67]],[[14004,11599],[65,11],[96,51]],[[14165,11661],[13,-35],[56,-16]],[[8502,2482],[-11,134],[9,107],[-29,124],[-15,99],[14,234],[-53,55],[-35,-15],[-43,19],[8,67],[31,34],[28,70],[42,17],[17,60],[54,90],[23,226],[23,117],[42,80],[88,69],[24,35],[49,5],[97,-57],[49,12]],[[8914,4064],[0,-136],[174,-70],[100,-3],[75,54],[22,40],[84,-4],[87,47],[41,-45],[57,25],[8,39],[35,7],[32,-24],[42,-110],[34,2],[40,39],[113,-44],[-5,-66],[87,-54],[6,-54]],[[9946,3707],[-22,-32],[-2,-65],[-36,-82],[9,-19],[-37,-73],[-153,-186],[-241,-47],[-54,-26],[-167,-740],[0,-105],[33,-33]],[[13005,6951],[-90,57],[-55,98],[-31,151]],[[14246,11744],[-57,-29],[-24,-54]],[[14004,11599],[9,39]],[[14013,11638],[-1,136]],[[8914,4064],[0,135],[-25,81],[18,49],[115,99],[40,18],[82,88],[52,31],[-16,62],[-45,28],[13,55],[56,26],[54,-1]],[[9258,4735],[38,-29],[56,34],[72,21],[-15,45],[86,38],[21,-10],[70,25],[19,-20],[88,39],[7,37],[99,85]],[[9799,5000],[36,-38],[34,14],[109,-94],[99,25],[80,5],[95,-81],[34,27],[66,0],[-22,-60],[45,-32]],[[10375,4766],[-7,-56],[-24,-39],[37,-19],[34,-63],[-13,-26],[-90,-14],[-68,-40],[-55,-14],[-55,42],[-30,-32],[-1,-46],[-37,-45],[37,-50],[25,22],[86,-131],[-49,-74],[58,-88],[13,-58],[85,-49],[14,-67]],[[10335,3919],[-119,-25],[-104,-58],[-34,-87],[-25,-25],[-107,-17]],[[13018,6848],[-55,-7],[-130,29],[-139,19],[-114,102],[-51,4],[-74,27],[-36,31]],[[12419,7053],[76,69],[51,62],[11,38],[67,75]],[[6766,3844],[119,-13],[60,7],[111,-10],[110,8],[52,21],[153,118],[76,88],[43,99],[5,64],[38,69],[31,-8]],[[7564,4287],[33,-23],[104,7],[143,75],[55,66],[29,11],[42,63],[75,20],[18,46]],[[8063,4552],[51,-30]],[[8114,4522],[-11,-33],[58,-93],[-4,-47],[-54,-38],[-8,-59],[-85,-119],[19,-25],[121,-15]],[[8150,4093],[-5,-89],[11,-71],[-3,-77],[-34,-102],[-20,-136],[-25,-59],[-22,-104],[-82,-151],[-17,-93],[-41,-149],[-37,-75],[-56,-169],[-11,-82],[-32,-68],[-16,-68]],[[13949,11767],[-3,-37],[-86,-48],[-55,-13],[-39,40],[0,39],[-36,35]],[[13730,11783],[-43,71],[-38,15],[-65,73]],[[8114,4522],[62,72],[49,17],[44,-17],[41,33],[63,-46]],[[8373,4581],[101,-23],[84,6],[2,-108],[-25,-28],[32,-82],[27,-34],[-13,-127],[-44,-27],[22,-35],[-4,-81],[-160,21],[-58,27],[-69,-6],[-118,9]],[[14013,11638],[-41,-4],[-17,-35],[-43,13]],[[13912,11612],[-85,30],[-73,-31]],[[13754,11611],[-50,6],[-28,37],[-3,55],[57,74]],[[13106,6841],[7,-107],[-14,-40],[-63,-57],[-23,-64],[-61,-46],[-11,-105],[-77,-146],[-47,-47]],[[12817,6229],[-41,75],[3,84],[-57,31],[-81,7],[-35,17],[-29,71]],[[12577,6514],[-43,169],[-105,8],[-29,11],[-20,74],[-8,109],[-37,10]],[[12335,6895],[40,111],[42,46]],[[12417,7052],[2,1]],[[8373,4581],[-10,81],[46,28],[14,37],[50,52]],[[8473,4779],[25,28],[53,22],[51,96],[132,55],[50,-5],[6,-28],[79,59],[50,9],[25,-37],[10,-97],[46,35],[60,80],[19,1]],[[9079,4997],[4,-72],[87,-84],[60,-39],[28,-67]],[[14499,10727],[-69,-10],[-17,-92],[-44,-4],[-51,-31],[-39,-1]],[[14279,10589],[-3,63],[-36,30],[-1,83],[-39,41],[-12,94],[-50,14],[-77,105]],[[14061,11019],[-21,61],[44,58]],[[14084,11138],[30,28],[60,7],[52,74],[58,-26],[9,-25],[74,-11],[99,4]],[[12577,6514],[-31,-53],[-100,-31],[-17,-45],[79,-80],[-21,-50],[-4,-85],[-74,-49],[8,-16],[-61,-58],[-60,-92],[10,-51],[-40,-29],[-73,41],[-120,-42]],[[12073,5874],[5,139],[37,110],[-19,59],[42,7],[-17,54],[-33,12],[-32,98],[-54,34],[-26,51],[-94,67],[-15,39]],[[11867,6544],[-32,63],[-116,75],[-54,54],[42,88]],[[11707,6824],[40,78],[62,85],[21,7]],[[11830,6994],[21,-65],[55,-61],[92,-81],[81,13],[102,3],[68,27],[86,65]],[[8473,4779],[-31,91],[-40,9],[-65,71],[-5,125],[26,18],[-53,54],[-28,5],[-24,54]],[[8253,5206],[122,29],[35,106],[-65,3],[-45,50],[47,78],[22,56],[-16,84],[-60,81],[53,41],[-36,32],[-39,5],[-5,72]],[[8266,5843],[105,5],[131,58],[33,-1],[82,36],[46,44],[45,7],[57,36],[29,35],[9,81],[34,36],[-12,46],[-29,19],[-14,48]],[[8782,6293],[81,90],[36,-18],[71,-2]],[[8970,6363],[1,-68],[49,-68],[18,10]],[[9038,6237],[-2,-58],[33,-135],[-8,-27],[-87,-75],[-24,-68],[26,-26],[6,-74],[43,-15],[19,57],[-2,71],[50,-10],[21,-96],[94,11],[25,29],[72,-7],[43,16]],[[9347,5830],[-80,-119],[39,-33],[23,-82],[6,-81],[-67,-43],[8,-66],[37,-13],[4,-58],[22,-52]],[[9339,5283],[-9,-80],[-60,-85],[-143,-34],[-48,-87]],[[12817,6229],[-38,-174],[2,-47],[42,-20],[37,-81],[33,-19]],[[12893,5888],[-29,-109],[-33,-90],[-61,-98],[-108,-77]],[[12662,5514],[-69,21],[-89,-2],[-30,-52],[-108,-79],[-50,-16],[-125,-92],[-113,-7]],[[12078,5287],[7,24],[-17,91],[6,95],[17,40]],[[12091,5537],[14,116],[-19,122],[-18,60],[5,39]],[[14084,11138],[-101,30],[-88,52],[-73,-31]],[[13822,11189],[-6,168],[57,15],[14,29],[86,33]],[[13973,11434],[45,-30],[31,30]],[[14309,11310],[65,-53],[65,-11]],[[13973,11434],[-25,29],[-36,149]],[[8063,4552],[-50,65],[16,75],[21,32],[-21,33],[4,43],[30,57],[30,14],[-8,69]],[[8085,4940],[11,32],[50,36],[-13,146],[87,13],[33,39]],[[13936,6275],[14,-101],[47,-104],[4,-149],[-16,-54],[-1,-75],[12,-77],[-6,-106],[29,-87],[-8,-56],[21,-154],[19,-5],[9,-124]],[[14060,5183],[-53,-4],[-71,18],[-104,-9],[-41,100],[-97,41],[-112,23],[-72,101],[12,36],[-5,70],[-84,184],[-25,8],[-40,-39],[-27,2],[-62,49],[-42,49],[-101,56],[-142,-21],[-101,41]],[[7051,5181],[2,-57],[23,-38],[55,-39],[50,-4],[60,41],[185,-45],[66,-39],[52,14]],[[7544,5014],[-3,-142],[50,-46],[53,20],[75,-37]],[[7719,4809],[-33,-23],[-18,-115],[-37,-127],[-37,-60],[35,-33],[-19,-74],[-34,-43],[-12,-47]],[[13822,11189],[-94,49],[-72,-20],[-69,10]],[[13587,11228],[-23,7]],[[13564,11235],[-20,38],[43,79],[97,46],[36,74],[74,104],[-40,35]],[[7572,5984],[34,-41],[50,-24],[91,22],[63,-51],[73,1]],[[7883,5891],[-18,-24],[-4,-67],[-75,-38],[-36,-6],[3,-62],[36,-105],[38,-51],[47,-27],[-11,-30],[41,-40],[-4,-55],[-57,-75],[-73,-28],[-63,-120],[-20,-88],[-27,1],[-84,-60],[-32,-2]],[[12662,5514],[40,-55],[90,-45],[38,-69],[0,-230],[-5,-87],[19,-60]],[[12844,4968],[-121,-96],[-44,-27],[28,-28],[82,19],[115,-7],[-40,-79],[-31,2],[-37,40],[-99,0],[-51,42],[-103,7],[-134,-3],[-39,55],[16,36],[-135,30],[-55,-30],[-49,-106]],[[12147,4823],[-113,82],[-47,86],[-2,104],[93,192]],[[13564,11235],[-14,4]],[[13550,11239],[-82,43],[-4,67],[-68,64],[-43,78],[50,39],[10,44],[-13,89],[-25,12],[-18,54],[-82,50],[-35,67],[-38,34]],[[7719,4809],[179,64],[100,70],[49,-21],[38,18]],[[14060,5183],[-68,-36],[-10,-35],[-76,-68],[-47,-24],[-14,-77],[-48,-67],[8,-32],[-67,-92],[6,-25],[-124,-86],[-34,-66],[-94,41],[-32,-76],[-56,-27],[-50,16],[-31,-23],[-102,57],[-3,66],[-51,25],[-45,59],[-30,152],[-105,13],[-104,113],[-39,-23]],[[13550,11239],[-85,-87],[-15,-88]],[[13450,11064],[-23,-35]],[[13427,11029],[-57,3],[-124,48],[-44,60],[-12,67],[16,32],[-37,55],[-75,0],[-36,30],[-50,-30],[-38,28]],[[12970,11322],[-29,85],[-19,170]],[[7883,5891],[32,5]],[[7915,5896],[46,-51],[68,-5],[23,-26],[79,-35],[80,3],[32,17],[23,44]],[[12091,5537],[-58,-47],[-72,-3],[-21,18],[-92,-12],[-24,31],[-100,49],[-43,42],[-106,-5],[-24,26]],[[11551,5636],[-22,65],[0,51],[-24,58],[10,42],[-35,16],[-68,-24],[-29,65],[28,50],[51,-7],[59,21],[95,79],[9,62],[-45,58],[-98,24],[-11,67],[-52,66],[-69,27]],[[11350,6356],[5,22]],[[11355,6378],[67,25],[31,-15],[63,5],[69,-44],[82,56],[45,56],[59,-29],[96,112]],[[13427,11029],[-3,-45]],[[13424,10984],[-31,-50]],[[13393,10934],[-53,-103],[17,-72]],[[13357,10759],[-26,-95]],[[13331,10664],[-51,-2],[-66,22],[-65,43],[-52,-15],[-45,31],[-141,38],[-57,36],[-71,-4],[-2,-40],[-78,-43],[-30,1],[-82,-68]],[[12591,10663],[-34,29],[-18,70],[13,71],[-39,6],[-79,94],[11,91]],[[12445,11024],[40,20],[103,5],[135,33],[118,46],[72,42],[46,71],[-38,57],[49,24]],[[3633,11804],[53,38],[50,10],[37,-81],[91,24],[32,32],[70,-3],[48,27],[44,-48],[85,-185],[-2,-38],[49,-8],[8,-45]],[[4198,11527],[-3,-102],[-13,-46],[-94,-222],[-2,-33],[-56,-21],[-15,-187],[43,-118],[33,-18],[-18,-62],[73,-21]],[[12445,11024],[-46,-5]],[[12399,11019],[-49,54],[25,108],[-2,103],[-48,56],[-12,61],[-46,70]],[[11355,6378],[31,58],[59,55],[-20,44],[-166,134],[-31,52],[-155,181],[0,43],[-44,37]],[[11029,6982],[0,43],[63,47],[-53,73],[-60,15],[31,43]],[[11010,7203],[82,40],[35,-5],[41,-69],[97,-4],[102,-28]],[[11367,7137],[46,-70],[5,-70],[22,-20],[66,-12],[73,-44],[42,-68],[39,3],[47,-32]],[[3590,11920],[27,31],[25,66],[60,33],[38,-7],[45,30],[63,89],[67,45],[46,14],[100,54]],[[4061,12275],[18,-96],[59,-163],[19,-83],[24,-8],[4,-62],[38,4],[72,-66],[2,-18],[199,0],[19,-24],[114,-6],[34,9]],[[4663,11762],[-10,-154],[40,-28],[-10,-114],[-141,-21],[-34,-61],[-27,10],[-35,-61],[-34,2]],[[4412,11335],[-85,98],[-68,126],[-61,-32]],[[10862,15479],[-18,28],[14,152]],[[10858,15659],[14,138],[-67,11],[-9,23],[8,36]],[[10804,15867],[56,17],[33,29],[124,34],[73,31],[79,95],[55,-24],[63,-94],[73,32],[51,-32],[44,19],[58,-18],[62,-43],[60,-71],[-12,-109],[29,-75]],[[11652,15658],[-76,-38],[-87,-26],[-121,25],[-82,-18],[-65,-27],[-225,-40],[-65,-17],[-69,-38]],[[11367,7137],[-14,66],[49,13],[-28,92],[33,71],[19,87],[33,25],[61,79]],[[11520,7570],[39,-4],[79,30],[57,53],[34,-30],[75,-28],[104,-144]],[[11908,7447],[-52,-45],[-73,-42],[41,-84],[-25,-25],[-52,-96],[48,-56],[27,-53],[8,-52]],[[10626,15665],[-68,-129],[-67,-97],[1,-90],[-85,-34]],[[10407,15315],[-86,48],[-35,-14],[-81,9],[-121,-43],[-83,-12]],[[10001,15303],[-30,13],[-102,-26],[-74,23],[-22,42],[13,39],[-89,41],[-75,47],[-50,45],[-45,9]],[[9527,15536],[-2,34],[37,93],[26,92],[-97,126],[-7,22]],[[9484,15903],[0,2]],[[9484,15905],[383,4],[484,-24],[51,-14],[125,-11],[50,-61],[-13,-153],[62,19]],[[4412,11335],[26,-11],[2,-75],[50,-110],[4,-33],[-56,-67],[-10,67],[-41,2],[-12,53],[-64,8],[48,-107],[-15,-101],[6,-65],[33,-50],[-8,-60],[-32,-26],[-11,-85]],[[7652,6646],[47,32],[18,62],[27,18],[44,136],[40,99],[86,46],[28,-33],[87,-16],[14,-27],[-5,-72],[19,-40],[37,37],[104,18],[91,78],[34,92],[32,7]],[[8355,7083],[43,-58],[-19,-58],[11,-28],[-23,-48],[28,-29],[-13,-42],[13,-60],[-19,-26],[-42,26],[-32,-45],[16,-59],[-9,-64],[19,-60],[-33,-44],[-92,2]],[[8203,6490],[-58,34],[-84,-97],[-30,-50],[22,-64],[-7,-62],[-61,-13],[-52,-32],[14,-52],[-23,-42],[24,-34],[-47,-25],[-31,-84],[45,-73]],[[11908,7447],[59,77],[65,-2],[41,-42],[81,-110]],[[12154,7370],[128,17],[36,-39],[-122,-109],[61,-40],[57,-4],[61,-52],[42,-91]],[[10862,15479],[-8,-57],[22,-146],[36,-96],[-3,-115],[12,-26]],[[10921,15039],[23,-68],[-266,-56],[-13,-44],[28,-39],[3,-12],[19,-151],[54,-38],[-52,-25],[-59,-8]],[[10658,14598],[-29,81],[-53,-31]],[[10576,14648],[-59,55],[-54,146],[-23,39],[-45,11],[-5,65],[-25,54]],[[10365,15018],[-8,26],[48,79],[-5,62],[16,117],[-9,13]],[[10626,15665],[33,17],[113,-3],[86,-20]],[[10507,14889],[15,-33],[75,15],[21,57],[-74,39],[-26,-23],[-11,-55]],[[12154,7370],[50,63],[65,104],[100,137],[66,66],[71,21]],[[12506,7761],[58,-2],[28,30],[95,33],[17,32],[51,3],[34,23],[94,-115],[14,-48]],[[7754,7591],[55,-31],[52,-66],[21,4],[23,84],[48,44],[16,50],[66,-28],[73,9],[112,-90],[47,-15],[-8,-45],[41,-4],[50,-87],[18,-67],[74,-39],[71,-77]],[[8513,7233],[-10,-45],[-67,-57],[-41,-10],[-40,-38]],[[12506,7761],[-58,103],[-114,77],[-90,87]],[[12244,8028],[91,5],[96,29],[120,193]],[[12551,8255],[68,-14],[45,-40],[128,18]],[[12792,8219],[24,-48],[110,-126],[121,-75]],[[8203,6490],[67,-105],[-19,-58],[10,-37],[70,-12],[21,-41],[32,17],[27,56],[51,29],[67,-15],[55,2],[198,-33]],[[14430,11751],[-31,-60],[14,-111],[-113,-109]],[[12792,8219],[-85,138],[82,20],[27,46],[-15,65],[52,38],[40,51]],[[12893,8577],[79,48],[82,-12],[9,-21],[87,10],[32,50]],[[4663,11762],[14,90],[56,78],[96,22],[35,-172],[58,-15],[150,-94]],[[5072,11671],[121,-101],[69,4],[6,-46],[39,-72],[-36,-93],[-128,-159],[9,-23],[93,4],[11,-51],[-4,-83],[-31,-36],[16,-43],[69,-14],[69,61],[27,-19],[30,-58],[68,9],[43,-56],[55,-17],[61,-62],[-7,-42],[58,-98]],[[5710,10676],[-97,-80],[-77,-75],[-107,-14],[-113,-65],[-65,7],[-21,38],[-47,1],[-56,37],[-73,19],[-40,-26]],[[14837,11588],[17,-65]],[[12893,8577],[-26,31],[-107,19]],[[12760,8627],[42,38],[-9,44],[61,47]],[[12854,8756],[158,88],[40,67],[-3,39],[50,27]],[[10921,15039],[77,40],[37,-40],[104,-25],[12,-138],[-12,-65],[53,-83]],[[11192,14728],[-40,-31],[-45,4],[-111,-19],[-57,-24],[37,-36],[19,-62]],[[10995,14560],[-29,-31],[-61,-11],[-24,-41],[-57,-18],[-31,26],[-72,12],[-63,101]],[[4848,9911],[-8,53],[154,2],[55,33],[35,-22],[75,1],[21,-19],[97,-34],[45,-56],[43,3],[18,40],[57,-23],[45,-44],[96,9]],[[5581,9854],[1,-28],[50,-18],[-7,-35],[38,-23],[20,-46],[-92,-30],[-30,-78],[4,-38],[65,-33],[12,-46],[-4,-74],[-34,-106],[11,-41],[-39,-29]],[[5576,9229],[-88,-95],[-23,-67],[48,-2],[-5,-67],[-64,-43],[-36,19],[-85,-33],[-160,-93],[-23,-26],[-41,6],[-123,-63],[-80,-55],[-82,21]],[[10995,14560],[24,-56],[-1,-99],[-19,-40],[22,-64],[-32,-96],[2,-67]],[[10991,14138],[-47,-46],[-7,-41],[-32,-49],[58,-39],[-14,-73],[84,-44],[47,6],[6,-44],[-36,-38],[-64,20],[-19,35],[-52,15],[-109,-56],[-114,-8],[-32,-31]],[[10660,13745],[-42,3]],[[10618,13748],[86,90],[16,72],[-22,9],[-3,72],[-142,156],[-39,20],[-42,84],[-50,29],[-22,53],[21,49],[-24,37],[31,111],[59,23]],[[10487,14553],[89,95]],[[12551,8255],[-14,35],[-48,20],[-14,50]],[[12475,8360],[57,42],[-9,67],[26,43],[-22,24],[4,86],[-39,32]],[[12492,8654],[24,19],[96,-45],[48,38],[100,-39]],[[5576,9229],[43,-59],[55,0],[11,-37],[42,-11],[8,-54],[-59,-20],[-2,-39],[73,-65],[74,-104],[69,-139]],[[5890,8701],[-65,-20],[-54,-46],[-45,23],[-80,5],[-62,-44],[-114,-98],[19,-80]],[[10618,13748],[-47,25],[-61,-7],[-46,28],[-62,87],[-64,11],[-21,-105],[-77,25],[-36,-7],[-14,-36],[-50,-51],[-33,35],[-99,-7],[-124,-56],[-64,26],[-89,21]],[[9731,13737],[-41,84],[-52,63],[-79,69],[-18,89]],[[9541,14042],[79,-19],[95,45],[16,37],[139,171],[100,75],[90,119],[43,43],[91,118],[43,13],[75,-58],[29,10]],[[10341,14596],[146,-43]],[[12492,8654],[-49,8],[-33,57]],[[12410,8719],[26,30]],[[12436,8749],[34,39],[106,49],[56,4],[57,30]],[[12689,8871],[-4,-52],[117,-1],[52,-62]],[[10341,14596],[-31,45],[-3,47],[-36,32],[-19,61]],[[10252,14781],[-21,59],[80,115],[0,46],[54,17]],[[12410,8719],[-87,-34]],[[12323,8685],[-42,-48],[-35,-14],[-36,-57],[-39,-7],[-114,21],[-50,41],[-9,42]],[[11998,8663],[67,84],[-37,40],[-12,52],[54,89],[28,4],[44,48],[53,37],[37,3]],[[12232,9020],[48,-27],[38,-59],[22,-74],[84,-20],[-9,-28],[21,-63]],[[8513,7233],[29,-22],[116,68],[28,56]],[[8686,7335],[12,-54],[-12,-85],[18,-45],[75,-12],[50,-63],[-30,-39],[30,-32],[76,5],[80,-10],[53,-70],[-26,-34],[-43,-15],[-22,-60],[34,-5],[27,-49],[4,-101],[47,-84],[-6,-46],[-81,-53],[46,-35],[-8,-61],[-40,-24]],[[10252,14781],[-17,25],[-120,24],[-26,37]],[[10089,14867],[-44,93],[-4,55],[-41,86],[23,65],[-36,120],[14,17]],[[9430,14616],[-37,-52],[-162,-75],[-76,-20],[-118,17],[-70,44]],[[8967,14530],[-46,94],[-13,99],[21,81],[-24,49]],[[8905,14853],[44,9],[177,-8],[54,19],[19,146],[40,48],[25,65]],[[9264,15132],[12,82]],[[9276,15214],[52,44],[-9,41],[48,27],[82,91],[94,11]],[[9543,15428],[51,-80],[-4,-46],[29,-38],[41,-98],[42,-69],[-54,-17],[-50,-56]],[[9598,15024],[-40,15],[-97,-169],[-25,-120],[41,27],[48,-30],[24,-44],[79,-34],[-33,-50],[-165,-3]],[[12475,8360],[-45,23],[-63,-8]],[[12367,8375],[24,55],[-59,45],[-37,-12],[-59,31],[82,28],[34,81],[36,32],[-65,50]],[[10089,14867],[-64,52],[-130,-24],[-78,48],[-68,-3],[-76,38],[-6,22],[-69,24]],[[9543,15428],[-22,41],[6,67]],[[9123,15432],[-14,20],[-81,17],[-33,-138]],[[8995,15331],[-40,-24],[-79,1],[-89,-22],[-50,-55]],[[8737,15231],[-16,1]],[[8721,15232],[-48,49],[-47,14],[-64,55],[-32,111],[-4,146],[-62,122]],[[8464,15729],[19,28],[10,73],[-8,86],[57,103]],[[8542,16019],[64,-8],[95,-45],[45,-48],[69,-4],[72,-35],[75,-17],[61,-51],[5,-30]],[[9028,15781],[-35,-59],[71,-112],[20,-61],[55,-40],[45,-60],[-61,-17]],[[12244,8028],[-34,22],[-47,-17],[-35,10],[-88,125]],[[12040,8168],[58,52],[3,55],[41,63],[114,48],[33,-16],[78,5]],[[8721,15232],[-49,-29],[-82,-108],[-102,-38],[-46,7],[-49,-118],[-98,-15],[-61,-47],[-164,-78],[-59,-8],[-97,43],[-44,7]],[[7870,14848],[28,95]],[[7898,14943],[15,68],[-22,59],[-61,62],[-15,76],[-25,51],[-56,68]],[[7734,15327],[-21,69],[33,234],[68,131],[30,90],[26,40],[111,93]],[[7981,15984],[14,0]],[[7995,15984],[28,-39],[142,-114],[95,-48],[122,-23],[82,-31]],[[9541,14042],[-58,-38],[-34,-1],[-29,62],[-62,34]],[[9358,14099],[-38,113],[-71,61],[10,100],[38,8],[47,45],[72,0],[49,16],[9,46],[-14,98],[-30,30]],[[12040,8168],[-127,13],[-74,61],[-49,9]],[[11790,8251],[-13,141],[29,71],[-26,58],[86,48],[21,36],[111,58]],[[8967,14530],[-38,6],[-70,-16],[-87,-44],[-41,-37],[-82,-22],[-44,27],[-140,-78],[-46,-63],[17,-62],[-24,-66]],[[8412,14175],[-61,-54],[-93,-17],[-57,-37],[-94,-39],[-59,-61]],[[8048,13967],[-32,94],[-22,12],[-37,100]],[[7957,14173],[-8,41],[-50,81],[-33,12],[28,62],[62,51],[5,71],[-69,34],[24,125],[-69,50],[-25,38],[48,110]],[[8737,15231],[88,-17],[34,-21],[16,-43],[-7,-139],[-21,-67],[-55,-35],[-5,-49],[53,-29],[65,22]],[[10660,13745],[-6,-20],[-67,-39],[-49,-84],[-15,-53],[0,-90],[44,-11],[50,-56],[-7,-50],[-154,-64],[-17,-100]],[[10439,13178],[-18,-63],[-54,-5],[-62,-61],[-11,-94],[-70,-57]],[[10224,12898],[-84,-55],[-40,-14]],[[10100,12829],[28,44],[-4,86],[-24,75],[56,46],[42,103],[-32,47],[4,101],[-41,12],[-1,55],[-82,34],[-5,34],[32,36],[-18,61],[-57,22],[-50,-19],[-27,-39],[-48,-12],[-96,-57]],[[9777,13458],[-30,67],[4,187],[-20,25]],[[11520,7570],[-68,0],[9,109],[64,101],[85,55],[17,68],[-116,63],[10,88],[50,19]],[[11571,8073],[75,-45],[51,38],[-2,52],[62,34],[33,99]],[[10100,12829],[-103,-8],[-39,-27],[-68,34],[-44,45],[-144,-73],[-53,37],[-38,-33]],[[9611,12804],[-9,50]],[[9602,12854],[56,127],[71,32],[5,52],[29,34],[22,64],[-5,45],[28,26],[0,88],[-14,106],[-17,30]],[[8048,13967],[-18,-71],[-35,-33],[-13,-124],[-25,-39]],[[7957,13700],[-88,-146],[-41,-30],[-100,14],[-78,23],[-19,34],[-80,-14],[-29,16]],[[7522,13597],[-27,15]],[[7495,13612],[-33,6],[-8,71]],[[7454,13689],[31,38],[2,85],[33,86],[3,63],[34,56],[43,4],[17,40],[10,113],[39,16]],[[7666,14190],[41,-16],[183,10],[67,-11]],[[17048,12072],[-56,113],[-69,55],[-106,58]],[[16817,12298],[-11,71],[67,26],[-22,41],[-13,183]],[[16838,12619],[28,43],[81,4],[35,63],[122,-6],[-3,-29],[79,-95],[98,29],[83,-15],[32,-52],[45,11],[39,58],[-15,60],[67,29]],[[17529,12719],[35,-54],[100,-55],[39,4],[11,-60],[-30,-42],[-7,-61],[20,-38]],[[7957,13700],[16,-41],[113,42],[13,-99],[-69,-113],[16,-64]],[[8046,13425],[-26,-75],[-50,-41],[-114,4],[-82,-38],[-27,43],[-42,16],[-21,36],[-35,-25],[-46,43],[-114,-59],[-8,40],[32,115],[-7,38],[16,75]],[[12316,14303],[-22,-30],[-57,-18],[-22,-48],[11,-55],[-56,-27],[-67,29],[-16,-20],[-82,27],[-68,-21],[-70,7],[-68,-28],[-59,10],[-62,-13],[-57,-30],[-81,-18]],[[11540,14068],[32,57],[14,60],[-6,113],[23,37],[-41,132],[48,43],[0,43],[30,40],[-8,30]],[[11632,14623],[55,-10],[23,31],[70,4],[67,-25],[35,13],[171,-50],[79,16],[127,-31]],[[16424,11635],[25,58],[44,20],[0,50],[39,55],[100,46],[-5,124]],[[16627,11988],[9,36],[53,12],[25,84],[41,13],[14,43],[-13,106],[61,16]],[[8995,15331],[36,-67],[95,-79],[104,-50],[34,-3]],[[12568,13977],[19,-94],[-48,14],[-118,-30],[-70,-71],[-40,46],[-96,0],[-91,-72],[-138,-52],[-19,-24],[-87,-35],[-62,-3],[-15,-31],[-114,-54],[-75,-73],[-36,20],[-129,-23],[-44,26]],[[11405,13521],[-5,3]],[[11400,13524],[35,214],[-21,168],[7,44],[62,75]],[[11483,14025],[57,43]],[[16187,11726],[53,106],[-4,40]],[[16236,11872],[46,21],[108,-27],[109,47],[-8,44],[47,50],[50,20],[39,-39]],[[9358,14099],[-53,-1],[-29,-38],[-47,-9],[29,-88],[-95,-7],[-76,31],[-26,34],[-99,20],[-25,-23],[-1,-60],[20,-37],[-4,-43],[25,-28],[70,-11],[54,33],[14,-21],[73,-31]],[[9188,13820],[-5,-31],[-118,-103],[-41,-47],[-74,-41],[26,-56],[-14,-40],[43,-79],[0,-78],[-59,-62]],[[8946,13283],[-56,17],[-48,71],[-87,3]],[[8755,13374],[-35,76],[-38,28],[-2,61],[17,105],[-43,70],[-42,41],[-3,33],[28,90],[-34,24],[-44,-12],[-27,64],[-33,36],[-12,146],[-32,39],[-43,0]],[[12106,12385],[-60,-26],[-149,3],[-86,-21],[-21,62],[-55,-5],[-62,14],[-37,-39],[-73,-30],[-41,-1],[-47,24],[-53,0],[-65,22],[-80,-4],[-42,15],[-75,-68],[-31,46],[-65,-25]],[[11064,12352],[0,33],[51,184],[-21,39],[2,60],[-64,16],[-7,35],[65,57],[62,24],[72,-16],[8,58],[39,24],[57,-5],[6,33],[60,32],[72,70],[-83,58],[18,37],[64,14],[-18,55],[49,12],[37,-12],[116,59]],[[11649,13219],[72,46],[57,-14],[13,-26],[61,-29],[32,13],[30,-46],[122,-80],[29,55],[37,-8],[36,-72],[-17,-77],[1,-73],[39,9],[48,-55]],[[8755,13374],[-33,-19],[-67,5],[-65,26],[-51,-23],[-116,-13]],[[8423,13350],[-45,44],[-41,115],[-165,-74],[-77,10],[-49,-20]],[[16060,11440],[-70,-109],[-43,-49],[-149,-12],[-56,-27],[-75,64],[-32,-19],[-72,29]],[[15563,11317],[-75,117]],[[15488,11434],[-22,24],[-3,100]],[[15463,11558],[45,14],[75,53],[91,-20],[111,-10],[45,88],[57,40],[34,110],[11,75],[53,100]],[[15985,12008],[64,-25],[30,11],[34,56],[38,-17],[2,-83],[23,-45],[60,-33]],[[11649,13219],[-98,48],[-103,128],[-43,126]],[[8946,13283],[20,-79],[31,-42]],[[8997,13162],[-43,-111],[18,-87],[35,-39],[103,-59],[47,-46],[58,1],[124,-15],[9,-54],[31,-37]],[[9379,12715],[6,-73],[-12,-34],[21,-75],[-72,-27],[-13,-71],[-34,-27],[-51,4],[-116,-32],[-17,-133],[-51,17],[-87,-51],[35,-55],[34,7],[49,-26],[63,13],[104,-18],[9,-60],[-24,-80],[-29,-25],[53,-70]],[[9247,11899],[-21,-53],[48,-49],[-35,-39],[-12,-51],[129,-114],[50,-73],[6,-28],[55,-28],[23,-31],[-1,-76],[-40,-46],[-5,-46]],[[9444,11265],[-34,-17],[-83,2],[-21,-20],[-53,10],[-3,-41],[-35,-11],[-176,-5],[-51,41],[-8,80]],[[8980,11304],[35,107],[-53,117],[2,131],[-45,-33],[-65,-10],[-111,17],[-66,-49],[-71,23],[-46,36],[-39,-2],[-73,56],[-81,135],[-67,26],[-16,34],[-59,54],[-16,58],[-72,-48],[-12,-27],[-64,16],[-80,-22],[-10,-25],[-60,46]],[[7911,11944],[7,70],[-60,55],[-8,51],[-39,22],[39,40],[-22,54],[30,49]],[[7858,12285],[-4,57],[51,68],[21,47],[12,94],[31,33],[0,50],[-19,78],[13,56],[48,-2],[52,74],[49,-24],[92,8],[59,117],[46,27],[-5,49],[-24,28]],[[8280,13045],[24,11],[75,-26],[89,40],[19,34],[-30,159],[-28,28],[-6,59]],[[16124,11038],[-84,-36],[-31,7],[-27,-59],[-40,-39],[-4,-110]],[[15938,10801],[-114,-34],[-30,-29],[-57,14],[-28,-14]],[[15709,10738],[-55,57],[-80,51],[62,115],[-47,36],[-38,-30],[-58,39]],[[15493,11006],[13,51],[-32,38],[-4,53],[55,55],[38,114]],[[11192,14728],[19,-5],[122,49],[81,-38],[55,16],[83,-54],[49,-67],[31,-6]],[[11483,14025],[-24,15],[-86,-18],[-55,17],[-111,-21],[-19,37],[-54,-9],[-29,31],[-114,61]],[[14899,10215],[30,56],[-7,35],[-41,8],[14,194]],[[14895,10508],[77,70],[134,-20],[69,18],[67,1],[133,-27],[220,31],[114,157]],[[15938,10801],[15,-76]],[[15953,10725],[8,-48],[-79,-96]],[[15882,10581],[-46,-28],[-53,-91],[-61,-76]],[[15722,10386],[-53,-35],[-91,-28],[-101,-3],[-46,-21],[-36,6],[-38,-32]],[[7734,15327],[-93,40],[-98,22],[-96,11],[-42,52],[-51,6]],[[7354,15458],[-71,296],[-33,62],[-47,135]],[[7203,15951],[206,51],[93,-20],[59,29],[62,-37],[358,10]],[[11400,13524],[-60,-41],[-89,-25],[-41,-80],[-39,-24],[-6,-34],[-41,-18],[-77,-69],[-55,29],[-40,0],[-20,-90],[-42,12],[-38,96],[-1,32],[-90,7],[-77,-163],[-51,-18],[-62,-42],[-33,3],[-12,76],[-18,15],[-69,-12]],[[14895,10508],[-39,34],[-14,40],[81,79],[-6,141],[49,57],[62,44]],[[15028,10903],[23,-37],[138,-65],[35,-43],[44,-11],[47,28],[21,68],[43,11],[30,58],[0,54],[84,40]],[[7898,14943],[-99,5],[-39,17]],[[7760,14965],[-82,66],[-21,43],[-197,196],[-113,22]],[[7347,15292],[-15,46],[28,65],[-6,55]],[[11064,12352],[-64,14]],[[11000,12366],[-26,15],[-54,-14],[-174,-97],[-115,-26],[-208,-75],[-61,-3],[-42,-28],[-112,38],[-28,27]],[[10180,12203],[97,106],[-2,102],[54,48],[45,2],[2,74],[22,63],[-60,23],[-16,32],[103,102],[-23,72],[-86,21],[-92,50]],[[7347,15292],[-12,-31],[-50,-11],[-73,35],[-83,-29],[-67,36],[-115,86],[-84,39]],[[6863,15417],[-54,313],[349,203],[45,18]],[[9276,15214],[-57,13],[-22,132],[-74,73]],[[9028,15781],[45,-19],[215,90],[141,6],[55,45]],[[7760,14965],[-67,12],[-134,-49],[-81,-9],[-106,5],[-130,-40],[-63,-1],[-91,30],[-137,-3],[-115,-23],[-146,-56],[-33,-43],[-66,-32]],[[6591,14756],[141,330],[145,259],[-14,72]],[[17742,14872],[67,-39],[136,15],[121,5],[39,20],[65,86],[90,47],[78,80],[16,31],[45,20],[34,38],[65,7],[22,52],[44,21],[72,57],[21,40],[100,46],[35,36],[79,45],[45,-3],[107,39],[57,-28],[77,9],[102,27],[35,29],[107,-6],[7,60],[33,36],[90,174],[20,70],[65,82],[67,-2],[104,69],[51,57],[173,42],[57,31],[14,70],[43,22],[25,63],[27,13],[72,-10],[76,71],[75,50],[47,5],[61,-50],[64,48],[59,17],[129,-3],[75,-51],[111,-24],[53,29],[74,-19],[73,-2],[-14,-104],[5,-88],[-61,-60],[-97,-10],[-36,-21],[-49,-60],[57,-69],[33,27],[81,-7],[22,-40],[64,20],[102,-6],[15,48],[114,57],[44,-21],[20,48],[58,-20],[65,22],[56,42],[82,9],[43,34],[47,-14],[67,40],[24,59],[-3,64],[57,-25],[72,-4],[43,44],[43,4],[23,-55],[44,-16],[51,34],[53,11],[18,-30],[54,26],[41,-20],[18,-54],[79,24],[26,-15],[109,41],[11,-27],[151,-58],[43,-40],[95,-164],[-1,-67],[-130,-10],[-23,65],[-20,5],[-48,69],[-55,-6],[-59,-51],[-20,-43],[-32,8],[-23,50],[-68,-44],[-74,6],[-63,-14],[-11,-57],[-42,-31],[35,-39],[-54,-70],[9,-30],[46,-24],[6,-65],[62,-15],[9,-60],[39,-33],[-73,-29],[40,-101],[-58,-2],[-20,42],[-48,25],[-72,14],[-8,-63],[-42,-23],[-63,-5],[-50,-48],[-11,-38],[-112,-50],[-94,45],[-42,-38],[-57,-122],[-85,5],[-28,-29],[-117,19],[-42,63],[-52,5],[-11,64],[-27,25],[-89,23],[-11,-50],[-43,-19],[-75,43],[-57,-14],[-40,23],[-106,-37],[-39,23],[-41,-40],[-37,6],[-14,-41],[-47,39],[-152,3],[-24,14],[-68,-47],[-58,21],[-21,-36],[-66,46],[-25,-18],[-106,-10],[-59,34],[-45,-27],[-60,11],[-68,-56],[-87,7],[-45,29],[-44,-69],[-61,-6],[-65,13],[-47,-10],[-28,18],[-42,-14],[-37,24],[-55,-37],[-104,30],[-26,-21],[-117,-22],[-98,-106],[-91,-8],[-37,15],[-43,-39],[-97,-19],[-55,-28],[-80,26],[-63,-63],[-50,-32],[50,-71],[-18,-30],[-54,7],[-52,-26],[-56,1],[-16,-93],[-21,-24],[-65,4],[-4,-35],[-42,-36],[-58,-1],[-47,-20],[-30,-77],[-74,-16],[-95,13],[-20,-49],[34,-97],[-20,-73],[-48,26],[-74,72],[-61,20],[-67,47]],[[17766,14444],[39,85],[-50,19],[-24,30],[9,51],[-21,53],[-57,55],[18,63],[62,72]],[[7666,14190],[-39,47],[-88,27],[-113,-44],[-27,-39],[-43,-15],[-33,15],[-68,-11],[-29,-32],[-43,42],[-34,-37],[-99,-40],[-76,102],[-17,112],[-2,96],[-36,15],[-142,-108],[-147,-69],[-65,-18]],[[6565,14233],[-20,4],[74,132],[-27,284],[-1,103]],[[10180,12203],[-25,-53],[-59,20],[-29,-59],[-37,12],[-74,-59],[-36,-117],[-38,-51],[-18,-55],[-55,7],[-91,-37],[-18,-32],[-237,47],[-111,-22],[-77,57],[-28,38]],[[9379,12715],[56,-6],[41,46],[57,38],[34,-24],[44,35]],[[7454,13689],[-33,28],[-134,-39],[-49,-31],[-37,38],[-48,-19],[-51,54],[-11,67],[-92,33],[-64,-27],[-50,-124]],[[6885,13669],[-107,1],[-44,41],[-54,10],[-48,-16],[-2,72],[31,62],[-48,25],[-32,47],[-32,-46],[-113,-38],[-67,9],[-32,-41],[-6,-45],[-112,-71]],[[6219,13679],[-41,2],[-19,31],[-108,59]],[[6051,13771],[49,81],[4,28],[105,58],[41,-1],[67,24],[131,129],[117,143]],[[17766,14444],[-19,-11]],[[17747,14433],[-66,-9],[-62,24],[4,83],[-104,137],[-35,4],[-55,34],[-20,44],[-11,84]],[[17398,14834],[-24,129],[-73,113],[-47,57],[17,105]],[[17271,15238],[27,65],[-49,69],[37,21],[78,114],[-47,44],[-43,82],[-5,80],[14,40],[-27,58],[31,93],[-5,57],[-55,42],[-4,41]],[[17223,16044],[42,21],[66,-44],[87,24],[55,35],[47,6]],[[17520,16086],[-17,-99],[-47,-60],[12,-52],[-26,-29],[-4,-154],[-19,-73],[44,-58],[21,-92],[-10,-57],[33,-47],[90,-178],[39,-169],[21,-40],[63,-62],[22,-44]],[[9602,12854],[-52,9],[-62,60],[53,37],[-42,86],[20,52],[16,90],[39,101],[-8,91],[-41,94],[25,57],[-3,54],[-115,106]],[[9432,13691],[-10,64],[-29,36],[-91,5],[-114,24]],[[7495,13612],[-16,-56],[-109,-122]],[[7370,13434],[-125,-33],[-88,9],[-25,-70],[-97,44],[-7,42],[-64,50]],[[6964,13476],[-22,52]],[[6942,13528],[-29,13],[3,118],[-31,10]],[[8997,13162],[44,26],[34,57],[33,-13],[3,-70],[54,30],[32,-2],[22,75],[-17,72],[1,132],[24,35],[118,48],[27,66],[23,8],[37,65]],[[6964,13476],[-31,-73],[42,-61],[0,-58],[-50,-32],[-58,-1],[-13,-63],[-109,25],[-14,56],[5,58],[67,77],[77,4],[62,120]],[[17223,16044],[-26,30],[-67,14],[-22,41],[-47,5],[-94,59],[-104,9],[-103,-64],[-85,-39],[-57,20]],[[16618,16119],[-37,59],[-8,92],[-19,38],[-3,81],[14,140],[-26,42]],[[16539,16571],[-2,31]],[[16537,16602],[-13,36],[43,62],[31,110],[20,21],[11,68],[31,62],[45,26]],[[16705,16987],[93,131],[84,56],[39,75],[63,61],[55,88],[9,35],[44,30],[20,55],[51,-2]],[[17163,17516],[7,-52],[-18,-26],[-2,-63],[58,20],[57,-93],[69,40],[64,6],[17,21],[145,69],[90,-36],[35,-120],[-21,-62],[16,-84],[-62,-35],[-39,-45],[31,-56],[-16,-96],[-25,-37],[5,-75],[-38,-59],[-14,-113],[13,-78],[36,-65],[-36,-54],[-9,-93],[-37,-42],[33,-38],[-14,-66],[33,-45],[-21,-53]],[[8280,13045],[-205,11],[-59,15],[-80,-48],[-66,15],[-17,38],[-73,41],[-19,38],[-64,-58],[-108,-56],[-3,-32],[-50,-12],[-42,-34],[-119,-48],[15,50],[-15,58]],[[7375,13023],[7,71],[-14,103],[5,80],[-30,124],[27,33]],[[12017,11881],[-82,46]],[[11935,11927],[-128,47],[-34,-22],[-100,-4],[-6,65],[-100,13],[-91,2],[-32,-50],[-137,-24],[-53,-24],[-57,1],[-38,41],[-109,70]],[[11050,12042],[-22,35],[50,68],[-4,43],[-62,50],[-27,45],[27,64],[-12,19]],[[16705,16987],[1,70],[20,42],[-18,82],[-29,48]],[[16679,17229],[-7,15],[61,163]],[[16733,17407],[34,14],[6,50],[41,57],[-32,102],[29,47],[72,50],[61,102],[4,76],[-53,60],[-32,99],[-137,153],[-27,74],[20,75],[1,164]],[[16720,18530],[64,-56],[24,-105],[22,-26],[50,53],[20,-27],[97,-49],[32,-84],[108,-71],[42,9],[78,-22],[4,-58],[68,-40],[-16,-119],[20,-72],[-38,-23],[-25,-72],[-31,-32],[4,-66],[-39,-71],[-1,-29],[-40,-54]],[[11891,10630],[-30,19],[-50,-27],[-59,18],[-78,50],[-46,2],[-48,24],[-86,7],[-50,-36],[-58,17],[-35,27],[-72,-5],[-41,56],[-71,11],[-45,-51],[-48,4],[-35,-21],[-123,8]],[[10916,10733],[24,39],[-4,40],[34,47],[-8,66],[-29,54],[10,120],[-7,57],[25,85],[58,86]],[[11019,11327],[24,-43],[88,-3],[35,37],[38,4],[34,-27],[31,40],[-7,56],[52,47],[55,-10],[5,-25],[80,-39],[76,29],[93,-35]],[[11623,11358],[15,-79],[117,-6],[34,28],[68,-44],[0,-56],[131,26],[42,-39],[-39,-50],[1,-27],[-51,-22],[4,-62],[-23,-48],[-1,-69],[21,-33],[-38,-69],[-18,-68],[17,-42],[-12,-68]],[[7375,13023],[-99,-44],[-38,-28],[-78,-27],[-14,-29],[34,-106],[-5,-105],[13,-29],[-33,-70],[-58,-85]],[[7097,12500],[-49,-25],[-13,-58],[-25,-24],[-80,-20],[-45,-28],[-61,13],[-45,-25],[-106,-26],[-66,3]],[[6607,12310],[53,62],[-8,88],[29,57],[-28,53],[-40,4],[-16,50],[35,62],[-29,59],[-85,66],[-10,57],[31,41],[-30,42]],[[6509,12951],[-38,59],[75,51],[-8,44],[15,63],[-15,108],[-21,56],[-44,39],[-44,-38],[-54,92],[-10,55],[-39,77],[-55,36],[-49,54],[-3,32]],[[6509,12951],[-34,13],[-31,-24],[-76,-4],[-40,24],[12,77],[-45,46],[50,54],[-127,4],[-44,-24],[-34,-75],[-82,7],[-25,41],[-54,46],[-60,18],[-108,-63],[-32,25],[-43,93],[17,114],[-75,19],[-56,-7],[-30,18]],[[5592,13353],[22,94],[-9,85]],[[5605,13532],[112,-71],[2,62],[-21,62],[4,82],[84,50],[77,76],[77,14],[44,-35],[47,24],[20,-25]],[[11935,11927],[-30,-32],[-66,-117],[-3,-35],[-34,-27],[-22,-67],[34,-27],[12,-95],[-72,-41],[-79,6],[-30,-17],[-20,-52],[-2,-65]],[[11019,11327],[-15,33],[-120,3],[-5,25],[29,75],[-26,18],[-75,3],[21,61],[22,7],[56,94],[20,82],[-32,65],[24,36],[57,38],[12,79],[26,57],[37,39]],[[16733,17407],[-4,107],[-27,45],[-53,21],[-41,70],[-84,-17],[-124,23]],[[16400,17656],[-13,113],[-93,54],[-6,122],[20,43],[-13,76],[69,68],[-11,151],[23,73],[-29,49]],[[16347,18405],[23,57],[57,-24],[32,18],[47,-22],[27,55],[33,-8],[20,-55],[43,-11],[39,16],[12,69],[40,30]],[[6607,12310],[-40,-9],[-43,25],[-71,-7],[-64,-36],[-10,29],[-52,2],[-32,-20]],[[6295,12294],[-57,-49],[-113,9],[-33,21],[-34,-21],[-26,77],[14,25],[-28,41],[-60,22],[-50,-14],[-42,35],[-43,-18],[-101,-9]],[[5722,12413],[-31,23],[-65,6]],[[5626,12442],[-15,27],[-3,101],[-40,72],[33,32],[-15,84],[-24,50],[-60,44],[-70,35],[19,74],[59,58],[-6,94],[55,86],[27,82],[6,72]],[[12399,11019],[-18,-18],[-94,-32],[-32,-29],[-78,-30],[-2,-48],[-64,-68],[-73,21],[-83,-73],[-20,-88],[-32,-26]],[[11903,10628],[-12,2]],[[16400,17656],[-90,-40],[-63,7],[-59,42],[-130,65],[-134,-36],[-50,6],[-9,42]],[[15865,17742],[83,41],[-5,80],[23,66],[33,33],[11,68],[47,58],[49,23],[9,130],[83,10],[34,23],[13,46],[-27,41],[37,28],[45,-11],[47,27]],[[7858,12285],[-42,-3],[-212,96],[-35,-75],[-81,40],[-79,10],[-26,-16],[-91,17],[-75,36],[2,48],[-51,15],[-21,30],[-50,17]],[[10916,10733],[-64,-27],[-17,-33],[6,-66]],[[10841,10607],[-80,-19],[-33,-38],[-40,14],[-60,-18],[-55,40],[-41,-20],[-95,17],[-61,-21],[-32,29],[-30,-23],[-87,-24],[-51,-48],[-42,9],[-116,-84],[-95,32],[-5,78],[-34,15]],[[9884,10546],[56,120],[-22,48],[7,73],[-119,-3],[-47,69],[-31,5],[-42,58],[33,61],[-3,38],[-67,36],[-31,39],[-7,42],[-34,10],[-133,123]],[[16679,17229],[-34,-14],[-31,-44],[10,-46],[-48,-7],[-94,-46],[-51,26],[-25,-34],[-63,-10],[-15,21],[-69,-31],[-40,38],[-79,5]],[[16140,17087],[-49,82],[-6,81],[-76,73],[-41,11],[-74,103],[-145,-46],[-61,-52],[-28,38],[16,67],[-22,36],[18,61]],[[15672,17541],[49,56],[33,65],[52,26],[24,49],[35,5]],[[7911,11944],[-69,-53]],[[7842,11891],[-26,-39],[-65,-55],[-101,34],[-15,-58],[-33,20],[24,70],[-19,50],[-37,16],[-39,-22],[-58,5],[-12,23],[-70,30],[-48,-39],[-114,-45],[-27,46],[-148,-6],[-32,23],[-187,-21],[-105,-57]],[[6730,11866],[-50,-16],[-33,15],[-83,-29],[-117,27],[-34,20],[-98,20],[-58,33],[-3,63],[70,145],[-17,61],[25,57],[-37,32]],[[10841,10607],[42,-42],[5,-90],[-92,-58],[-19,-78],[-45,-63],[4,-53],[35,-13],[170,29],[47,22],[72,-59],[-7,-61],[-52,-8],[-28,-51]],[[10973,10082],[-33,-7],[-21,38],[-57,5],[-43,44],[-81,-5],[-63,-62],[-37,17],[-78,-28],[-59,-97],[-36,13],[-48,-17],[-187,23],[-44,-27],[-41,11],[7,37],[-96,13],[-37,44],[-40,-45],[-59,-30],[-67,-15],[1,-73],[-61,-8],[-66,20],[-28,-38],[-87,-19]],[[9612,9876],[-58,21],[39,100]],[[9593,9997],[44,36],[2,67],[26,44],[28,137],[82,68],[19,70],[-14,53],[53,38],[12,48],[39,-12]],[[10090,8480],[49,-75],[-13,-55],[37,-74],[-31,-50],[31,-21],[73,-3],[-8,-40],[-85,-37],[-8,-63],[25,-8],[27,-115]],[[10187,7939],[-55,-41],[-40,-7],[-43,-35],[-41,70],[1,57],[-41,18],[-59,-33],[-56,-55],[-82,-12],[-81,-39]],[[9690,7862],[-68,-5],[-6,55],[-33,10],[-5,68],[-48,43],[-33,-10],[-97,-84],[-39,38],[-30,-35],[-41,30],[-43,-4],[-45,-60],[-84,-34],[-81,-69],[-58,-71],[-65,12],[-35,-70],[17,-57],[-17,-20],[-5,-71],[-30,7],[-39,-83],[-56,-34]],[[8749,7418],[-4,53],[39,100],[-48,55],[-109,26],[-69,-26],[-53,9],[-30,63],[39,62],[4,44],[-13,108]],[[8505,7912],[0,99],[39,23],[35,118],[45,10],[94,62],[1,94],[-29,32],[-79,29],[-29,-5],[-20,45],[-76,53],[-19,59],[40,72],[41,4],[38,68]],[[8586,8675],[65,-6],[74,53],[69,75],[39,19],[69,-8],[61,-71],[23,-86],[72,27]],[[9058,8678],[15,-49],[49,20],[69,-40],[37,14],[18,-37],[-30,-43],[43,-101],[34,-30],[22,-66],[62,77],[59,13],[78,52],[12,35],[46,36],[30,-35],[7,-65],[119,-12],[16,-36],[80,2],[32,-47],[77,19],[40,43],[25,-10],[42,46],[50,16]],[[16140,17087],[-23,-28],[-43,5],[-48,-35],[-149,-38],[-25,-70],[-69,22],[-129,-6],[-49,26]],[[15605,16963],[-16,197],[-48,36],[-46,-1],[-53,29],[-18,65],[4,71],[35,31],[107,42],[-13,46],[115,62]],[[8586,8675],[31,75],[-17,63],[39,20],[77,65],[31,60],[-8,37],[21,81]],[[8760,9076],[95,69],[112,0]],[[8967,9145],[40,-14],[40,39],[62,-33],[38,31]],[[9147,9168],[4,-50],[31,-27],[16,-55],[-77,-46],[-43,-66],[20,-37],[19,-132],[-53,-35],[-6,-42]],[[10973,10082],[105,-18],[35,-30],[64,-18],[-89,-113],[-45,-13],[-103,-71],[85,-159]],[[11025,9660],[-51,-2],[-47,-45],[-23,-64],[-9,-66],[-41,-68],[-47,8]],[[10807,9423],[-57,-32],[-68,-17],[-9,-51],[-85,39],[-95,-71],[-142,-72],[-32,-4],[-43,43],[-16,89],[-62,24],[-80,-9],[-11,47],[-34,21],[-117,-41],[-36,-34],[-85,-23],[-112,60],[-51,56]],[[9672,9448],[-82,50],[-32,53],[7,134],[-18,55],[28,60],[28,21],[9,55]],[[16537,16602],[-60,-4],[-57,-49],[-74,9],[-83,27],[-28,-23],[-40,14],[-45,-33],[-85,0]],[[16065,16543],[-9,27],[-56,47],[-71,19],[-120,73],[-19,46],[-107,20],[-115,-4]],[[15568,16771],[-7,45],[37,76],[29,17],[-22,54]],[[9672,9448],[-108,-70],[-21,-61]],[[9543,9317],[-51,9],[-115,-62],[-21,-52],[-80,-31],[-19,23],[-18,79],[-70,13],[16,-86],[-38,-42]],[[8967,9145],[10,47],[-41,16],[-81,71],[-48,16],[19,57],[-25,17],[15,51],[-21,108]],[[8795,9528],[77,39],[96,30],[133,18],[79,-19],[3,109],[25,18],[-22,55],[45,55],[-4,75],[21,93],[63,19]],[[9311,10020],[83,4],[19,-35],[104,32],[76,-24]],[[10807,9423],[-14,-20],[-5,-80],[102,-82],[117,-64],[35,-69],[-84,-108],[-72,-20],[-3,-30],[-62,-13]],[[10821,8937],[-30,1],[-97,-131],[2,-56],[-21,-22],[-189,-53],[-30,-28],[-63,8],[-115,-60],[-29,4],[-117,-28]],[[10132,8572],[-71,43],[-40,-4],[-49,33],[-14,95],[-73,39],[17,68],[36,42],[10,56],[-22,77],[-28,26],[-171,-10],[-30,-11],[-51,26],[6,88],[-39,93],[-1,28],[-69,56]],[[8795,9528],[-14,-3],[-77,96],[-70,-25],[-26,-46],[-76,-30],[-24,26],[-88,-44],[-54,-12],[-53,-46],[25,-26],[-56,-63],[-153,18]],[[8129,9373],[-15,48],[-61,65],[-41,15],[-41,74],[-32,12],[-16,90],[11,30]],[[7934,9707],[36,6],[68,-19],[12,-26],[49,-11],[31,28],[111,24],[15,96],[-26,65],[37,68],[-25,31],[6,53],[-27,94]],[[8221,10116],[162,-47],[26,19],[135,30]],[[8544,10118],[42,-39],[73,-11],[20,-32],[48,-2],[61,57],[29,46],[32,-11],[88,4],[24,21],[48,-16],[40,-73],[54,5],[72,32],[101,5],[33,-21],[2,-63]],[[10132,8572],[1,-28],[-43,-64]],[[15447,15804],[41,55],[41,-15],[72,106],[51,-16],[33,37],[78,-30],[64,26],[20,-10]],[[15847,15957],[73,-39],[57,-70],[-5,-51],[20,-43],[-16,-56],[36,-3],[33,-40],[75,-45],[79,-3]],[[16199,15607],[43,-2],[45,42]],[[16287,15647],[25,-32],[-54,-21],[-12,-37],[-52,-77],[24,-134],[-28,-20],[-10,-80]],[[16180,15246],[-52,19],[-84,8],[-30,48],[-51,19],[-44,65],[-92,25],[-40,-5],[-67,45],[-3,34],[-102,15],[-8,44],[-88,1],[-12,-50]],[[15507,15514],[-37,-5],[-156,20]],[[15314,15529],[36,67]],[[15350,15596],[36,18],[29,128],[32,62]],[[8544,10118],[36,119],[36,29],[15,110],[19,38],[45,16],[2,57],[-26,82],[28,31],[-14,50],[56,84],[-7,74],[30,75],[-21,34],[8,99],[13,18]],[[8764,11034],[-15,95],[46,48],[1,48],[28,21],[16,71],[54,30],[86,-43]],[[14061,11019],[-72,-24],[-37,-35],[-47,30]],[[13905,10990],[-6,56],[-57,-18],[-85,9]],[[13757,11037],[-20,90],[-60,16],[-90,85]],[[15447,15804],[-9,86],[41,93],[24,141],[21,47],[13,81],[56,33],[34,56],[-7,35],[34,37]],[[15654,16413],[78,-6],[37,-40],[52,-5],[74,-28]],[[15895,16334],[68,-49],[18,-37]],[[15981,16248],[30,-177],[-29,-93],[-88,2],[-47,-23]],[[13757,11037],[-80,0],[-75,48],[-108,-23],[-44,2]],[[8221,10116],[-75,19],[-60,205],[-30,-18],[-70,35],[-10,114],[27,145],[55,-13],[20,18],[36,100],[-15,90],[51,20],[12,28],[50,8],[51,52],[6,47],[36,-6],[136,29],[39,-16],[36,29],[84,14],[27,-22],[94,57],[43,-17]],[[16539,16571],[-45,-81],[-38,-46],[9,-128],[-20,-95],[-28,-32],[-62,-113]],[[16355,16076],[-46,44],[-34,-6],[-84,33],[-34,62],[-47,35],[-129,4]],[[15895,16334],[46,62],[5,117],[119,30]],[[13757,11037],[-25,-48],[-33,-6]],[[13699,10983],[-39,-28]],[[13660,10955],[-56,27],[-98,-9],[-82,11]],[[16355,16076],[-69,-92],[6,-36],[-43,-116],[4,-52],[-52,-70],[-11,-34],[35,-29],[-26,-40]],[[7934,9707],[23,47],[41,34],[-59,23],[-13,78],[20,44],[-89,52],[-85,16],[-22,45],[-15,93],[-19,28],[-86,10],[-49,-29],[-121,-10],[-118,-57],[-50,-46],[-26,31],[-75,-5],[-74,15],[-47,65],[-14,98],[28,99],[-21,15],[-65,-35],[-101,-15],[-108,-60],[-85,35],[4,45],[-34,96],[-45,90],[-52,39],[-28,-22],[-100,5],[-116,102]],[[6333,10633],[42,49],[-23,64]],[[6352,10746],[50,55],[2,36],[77,28],[64,-15],[54,-28],[32,-34],[47,-9],[53,33],[57,12],[58,41],[10,28],[180,35],[55,48],[108,27],[37,34],[29,67],[-8,124],[51,51],[-16,52]],[[7292,11331],[52,6],[77,30],[41,54],[48,30],[98,-2],[66,44],[127,-29],[3,64],[86,99],[21,38],[-31,50],[21,37],[-58,56],[-1,83]],[[13660,10955],[22,-56],[-17,-31]],[[13665,10868],[-85,-15],[-56,11],[-60,42],[-71,28]],[[16618,16119],[44,-60],[24,-75],[-33,-45],[-40,-95]],[[16613,15844],[-90,-9],[-13,-34],[16,-73],[-33,-55],[-144,-39]],[[16349,15634],[-62,13]],[[13905,10990],[-32,-89],[-1,-79]],[[13872,10822],[-45,38]],[[13827,10860],[-1,64],[-127,59]],[[7292,11331],[-70,60],[1,92],[-22,41],[-49,44],[-87,14],[-86,60],[-78,12],[-52,38],[-23,74],[-61,44],[-35,56]],[[17271,15238],[-31,-17],[-108,-26],[-62,32],[-113,87],[-50,55],[-48,32],[-56,79],[-28,18]],[[16775,15498],[-5,31],[-54,4],[-48,26],[4,114],[25,59],[-83,49],[-1,63]],[[13827,10860],[-80,-90],[-50,27],[6,46],[-38,25]],[[8129,9373],[-52,-44],[-123,-16]],[[7954,9313],[-62,-30],[-54,-49],[-79,-47],[-38,96],[-36,21],[-36,-30],[-83,2],[-83,-57],[-31,-69],[-35,-34],[-133,-28],[-82,9],[-40,33],[-72,-31],[-38,36],[-91,-47],[-23,-41],[-92,-89],[-96,-28],[-39,19],[-63,-58]],[[6648,8891],[3,78]],[[6651,8969],[50,57],[7,95],[13,20],[-30,55],[-110,40],[-26,-6],[-43,67],[-4,42],[47,79],[58,22],[5,66],[37,60],[14,79],[-20,24],[-118,-22],[-17,36],[18,120],[61,79],[76,38],[8,99],[34,62],[0,35],[-34,39],[-46,16],[-50,48],[-60,20],[8,103],[-40,52],[-125,33]],[[6364,10427],[-39,65],[8,141]],[[16775,15498],[-43,-79],[-4,-57]],[[16728,15362],[-108,36],[-95,-13],[-60,44],[-43,84]],[[16422,15513],[-27,38],[4,38],[-50,45]],[[13872,10822],[-35,-92],[7,-40],[-44,-60]],[[13800,10630],[-63,6],[-32,-112],[-62,15]],[[13643,10539],[-21,77],[-41,11],[-3,48],[-44,-3],[-48,46],[-46,10],[-46,42],[-37,-11]],[[5626,12442],[-42,-55],[-73,-8],[-31,-90],[-85,-86],[-48,9],[-37,-22],[-31,48],[-24,78],[-25,28],[-28,103],[-106,93],[-80,198],[-24,98],[-62,51],[-60,120],[-27,90],[-86,145]],[[4757,13242],[112,28],[56,98],[205,31],[291,86],[169,56],[15,-9]],[[17398,14834],[-44,33],[-86,-41],[-87,4],[-46,-36],[28,-25],[39,-106],[-30,-34],[-99,-39],[-44,1]],[[17029,14591],[-135,135],[8,57],[-48,139],[-62,98],[-6,54],[-43,151],[22,44],[-37,93]],[[13643,10539],[-22,-32],[6,-43],[-27,-47],[-46,-16],[-34,-52],[4,-41]],[[13524,10308],[-36,-59]],[[13488,10249],[-20,3]],[[13468,10252],[-27,49],[-44,-6],[-72,48],[-28,175]],[[13297,10518],[17,30],[17,116]],[[4061,12275],[106,14],[24,52],[35,198],[-39,13],[-18,139],[27,30],[217,98],[-9,42],[-74,22],[-10,38],[-75,58],[-34,101],[-1,109],[293,-11],[254,64]],[[5722,12413],[7,-56],[-24,-75],[-37,-27],[26,-75],[49,-32],[-34,-57],[-38,-28],[-21,-53],[-60,-43],[-101,-26],[-8,-16],[-80,-7],[-99,-81],[-34,9],[-77,-39],[-72,-96],[-47,-40]],[[14279,10589],[-6,-39]],[[14273,10550],[-62,14],[-82,-41]],[[14129,10523],[-38,50],[-36,10],[-76,-42],[-48,28],[-32,41],[-99,20]],[[16422,15513],[-39,-82],[39,-169],[-35,-57],[-77,-3],[-99,-79]],[[16211,15123],[-32,72],[1,51]],[[14129,10523],[-8,-12],[-136,-20],[-47,-111],[-71,-2],[-36,-26],[16,-39]],[[13847,10313],[-54,-50],[-56,15],[-35,32],[-71,-17],[-45,8],[-22,-25],[-40,32]],[[6352,10746],[-47,12],[-46,-12],[-41,19],[-92,13],[-26,19],[-55,-1],[-54,-19],[-35,24],[-46,-18],[-83,-85],[-24,-43],[-37,-21],[-56,42]],[[17747,14433],[4,-31],[-36,-116],[-91,-65],[38,-53],[-13,-36],[-83,-6],[-25,-48],[-41,-8],[-11,-36],[-46,-18],[-17,-76],[-69,-50],[-57,0]],[[17300,13890],[-55,41],[-54,14],[-67,78],[-64,6],[-65,30],[-136,19],[-40,16]],[[16819,14094],[22,101],[21,40],[-18,66],[53,33],[53,122],[55,16]],[[17005,14472],[49,56],[-25,63]],[[14273,10550],[-28,-18],[-9,-60],[61,-92],[-47,-115],[-37,-7],[-133,49],[-30,-44],[-45,-19]],[[14005,10244],[-44,-8],[-36,43],[-53,9]],[[13872,10288],[-25,25]],[[6364,10427],[-48,-26],[-25,52],[-112,-60],[-41,29],[-64,-53],[-73,-8],[-46,-21],[-26,-189],[-42,-22],[-66,-3],[-9,-123],[-19,-26],[-75,6],[-84,-66],[-25,-57],[-28,-6]],[[17005,14472],[-119,24],[-45,50],[-81,39],[-10,38],[-60,30],[-37,78],[-38,15],[-64,-14],[-151,2],[-51,14],[-147,-28],[-42,24]],[[16160,14744],[61,105],[-4,76],[-39,27]],[[16178,14952],[10,123],[23,48]],[[13468,10252],[-32,-13],[-27,-59],[-31,-19],[-31,-77],[-48,-20],[-46,44],[-23,68],[-43,41],[-2,39],[-36,13]],[[13149,10269],[-8,56],[39,16],[-5,108],[-31,50],[11,28],[76,12],[66,-21]],[[16178,14952],[-62,31],[-162,2],[-24,48],[-78,31],[-63,56],[-18,44],[-173,202],[-24,81],[-67,67]],[[6651,8969],[-48,16],[-26,-27],[-66,-32],[-40,42],[-58,35],[-39,-8],[-26,-53],[-101,-15],[-98,16],[-18,-25],[-39,-162],[-89,-12],[-4,-20],[-69,-27],[-40,4]],[[13149,10269],[-151,13],[-56,-50],[-22,-59],[-53,-8],[-38,-72]],[[12829,10093],[-70,-33],[-41,-36],[-85,33],[-2,105],[27,53],[-37,58],[-45,-10]],[[12576,10263],[4,90],[61,27],[15,37],[-13,51],[-31,16],[-21,179]],[[16160,14744],[-23,-56],[-64,-91]],[[16073,14597],[-16,10],[-2,88],[-37,50],[-124,-23],[-48,14],[-66,47],[-83,-4],[-31,100],[-42,28]],[[15624,14907],[24,52],[-98,116],[-58,105],[47,4],[-6,54],[-23,39],[-159,119],[-100,43],[-9,29]],[[15242,15468],[58,14],[14,47]],[[6648,8891],[13,-61],[78,5],[37,15],[64,-10],[28,-35],[-33,-54],[-72,-54],[-23,-50],[70,-54],[10,-35],[-48,-128],[33,-84],[69,-29],[-54,-79],[-27,3],[-68,-54],[-20,-37],[-97,-3],[-53,-15],[-9,-55],[-38,-32],[35,-51],[42,-17],[-7,-89],[24,-48]],[[12576,10263],[-55,-30],[-57,68],[-38,-9],[-44,-39],[11,-60],[-49,-42],[31,-91],[32,-40],[-41,-80],[-119,-68],[-12,-17]],[[12235,9855],[-2,34],[-40,10],[42,60],[-5,30],[-70,23],[-63,63],[-42,11],[-8,48],[-27,29],[13,77],[-19,49],[-41,30],[-37,54],[-36,184],[33,28],[-30,43]],[[15624,14907],[-76,-29],[-38,-68],[-45,-20],[-35,-46],[7,-60],[-19,-42],[-59,-53],[-33,-69]],[[15326,14520],[-10,11],[-7,125],[-50,83],[-100,60]],[[15159,14799],[51,71],[-37,112],[-44,74],[28,27],[-8,85],[12,77],[35,30],[-48,79]],[[15148,15354],[50,15],[13,60],[31,39]],[[12235,9855],[-52,-117],[-41,25]],[[12142,9763],[-49,5],[-50,66],[-66,-66],[-78,-56],[-113,-35],[-14,32],[-73,-1],[-75,13],[-70,89],[-92,38],[-75,-12],[-134,-52],[-62,-95],[-53,-7],[-48,34],[-65,-56]],[[7954,9313],[12,-34],[-16,-46],[-50,-23],[-28,-43],[8,-67],[-26,-32],[44,-32],[21,-63],[33,10],[43,-64],[8,-42],[73,-13],[46,30],[38,-42],[4,-43],[38,-4],[27,-37]],[[8229,8768],[-13,-30],[-51,-35],[22,-54],[-49,-17],[-65,-72],[-57,-21],[-51,-53],[-3,-27],[-76,-67],[-17,-65],[-57,-18],[-16,-45]],[[7796,8264],[-46,-63],[-95,-12],[-21,-27],[-43,2],[-31,-63]],[[12829,10093],[55,-56]],[[12884,10037],[-5,-84],[-61,-47],[-56,-28],[-63,-56],[-15,-43],[-78,-17],[-14,16],[-70,-25],[-31,-66],[-44,1],[-55,-100],[-16,-169],[-54,-61]],[[12322,9358],[-38,-26],[-84,-3],[1,34],[-39,42],[-27,80],[19,18],[0,108],[-66,52],[48,44],[6,56]],[[16073,14597],[6,-66],[-36,-44],[36,-48],[17,-61],[0,-64],[-70,-156],[-76,-6],[-62,-45],[3,-35]],[[15891,14072],[-25,22],[-97,33],[-43,-16],[-78,13],[-54,22],[-79,-23]],[[15515,14123],[-67,18],[-73,130],[-55,21],[-49,95],[56,55],[-1,78]],[[8760,9076],[-109,-9],[4,-64],[-39,-21],[-3,-45],[-41,3],[4,-53],[-54,-38],[-92,27],[-21,41],[-54,-15],[-27,-31],[-49,-10],[-20,-73],[-30,-20]],[[16838,12619],[-42,44],[-36,6],[-31,60],[-36,23]],[[16693,12752],[4,54],[60,26],[-1,107],[-46,32],[7,61],[60,34],[4,103],[50,28],[39,41],[-9,61],[26,60],[36,19],[17,47],[-9,57],[41,33],[72,31]],[[17044,13546],[54,-21],[45,-62],[49,-1],[55,-80],[73,20],[32,-34],[-16,-29],[28,-94],[57,-7],[74,-158],[7,-83],[17,-42],[95,-54],[-21,-103],[-55,-24],[-9,-55]],[[8505,7912],[-45,77],[-61,34],[-73,60],[-39,7],[-33,50],[-6,44],[-83,58],[-94,-7],[-39,-40],[-89,-48],[-26,71],[-121,46]],[[15630,13185],[66,94],[44,20],[15,40],[75,40],[26,68],[-39,98],[58,130],[59,32],[-40,52],[38,120],[-45,22],[15,98]],[[15902,13999],[61,-56],[48,35],[22,-72],[49,-11],[37,17],[66,-68],[52,13],[31,49],[19,88],[71,60],[97,8],[95,25],[49,49],[59,-13],[-1,-33],[33,-52],[61,-24],[41,1],[27,79]],[[17300,13890],[2,-50],[-24,-34],[-36,4],[-78,-65],[-33,-15],[6,-57],[-57,-28],[-36,-99]],[[16693,12752],[-45,-59],[-109,29],[4,-66],[-12,-43],[19,-52],[9,-92],[-36,-74],[-50,7],[-91,46],[-52,-18],[-69,92],[-27,16],[-73,-53],[20,-46],[-15,-65],[-54,-1],[-64,-43],[-43,23]],[[16005,12353],[5,54],[-19,88],[37,15],[1,121],[-82,73],[-11,118],[-59,-20],[-121,69],[-69,-9],[0,-27],[-81,-79],[-63,29]],[[15463,11558],[-78,67]],[[15385,11625],[40,60],[39,-31],[31,15],[28,67],[-18,21],[11,53],[106,20],[46,133],[-41,105],[11,68],[73,12],[45,-27],[34,16],[13,60],[35,-13],[38,33]],[[15876,12217],[28,-39],[33,2],[29,-33],[-21,-66],[40,-73]],[[8749,7418],[-25,-10],[-38,-73]],[[15902,13999],[-11,73]],[[15876,12217],[12,28],[47,13],[10,43],[60,52]],[[9690,7862],[-3,-66],[-63,-61],[12,-64],[-20,-56],[12,-63],[-57,-56],[-6,-71],[-53,-25],[-5,-44],[-78,-18],[-92,-95],[-35,-55],[-22,-4],[-7,-62],[52,-24],[44,-119],[34,-25],[39,34],[22,-106],[103,-31],[92,1]],[[9659,6852],[0,-44],[-38,-64],[-124,-15],[-63,-45],[-11,-115],[-72,-9],[-2,-61],[-39,-56],[-10,-85],[-26,-38]],[[9274,6320],[-64,-21],[-26,-37],[-51,28],[-30,-21],[-44,13],[-21,-45]],[[15148,15354],[-64,-23],[-87,3],[-30,-52],[-38,-34],[-44,29],[-40,-9]],[[14845,15268],[-46,-21],[13,-45],[-68,9],[-2,42],[-42,37]],[[14700,15290],[-40,81],[-48,22],[-39,71],[-69,24],[-32,59],[-57,25],[-65,66]],[[14350,15638],[-1,0]],[[14349,15638],[41,189],[65,75],[32,70],[74,28],[-9,31]],[[14552,16031],[-1,62],[56,94]],[[14607,16187],[54,47],[16,42],[58,7]],[[14735,16283],[-10,-52],[51,-74],[74,-52],[59,20],[57,-6],[93,-36],[48,-3],[51,18]],[[15158,16098],[15,-133],[46,-63],[2,-74],[46,-59],[41,-166],[42,-7]],[[15385,11625],[-33,-17],[-76,21],[-30,-14],[-59,24],[-22,65],[15,61],[-27,59],[-59,53]],[[3031,10169],[-63,-24],[-121,-13],[-53,-17],[-21,-33],[3,-120]],[[15159,14799],[-36,-4],[-34,61],[-60,37],[-106,-37],[-19,-39],[-72,22]],[[14832,14839],[32,92],[-34,20],[-19,55],[7,41],[-25,31],[62,131],[-10,59]],[[15488,11434],[-42,-15],[-65,-88],[-10,-38],[-75,-48],[-63,23],[-143,-26],[-78,-37]],[[14832,14839],[-15,-46],[-97,-31]],[[14720,14762],[-75,8],[-55,-41],[-38,63],[-86,-66]],[[14466,14726],[-24,52],[-34,7],[-30,-85],[-30,-25]],[[14348,14675],[-116,71],[-27,82],[-101,114],[-68,-9],[37,53]],[[14073,14986],[39,54],[34,0],[66,-48],[61,13],[1,87],[59,83]],[[14333,15175],[60,1],[41,-59],[33,37],[14,53],[59,27],[55,-39],[27,19],[34,69],[44,7]],[[15028,10903],[27,48],[2,52],[-36,48],[-15,77]],[[14333,15175],[5,57],[-48,50],[37,42]],[[14327,15324],[-13,78],[40,23],[31,76],[-35,137]],[[14326,9813],[13,69],[-16,81],[42,83],[-2,97],[48,69],[1,114],[39,78],[-8,75],[-45,54],[-125,17]],[[14073,14986],[-2,69],[-47,50],[10,42]],[[14034,15147],[1,130],[8,25]],[[14043,15302],[32,30],[67,-16],[27,-37],[78,-3],[80,48]],[[14018,10146],[21,41],[-34,57]],[[13783,10030],[-6,98],[11,46],[44,-20],[37,23],[18,70],[-15,41]],[[15515,14123],[-37,-65],[-119,-44],[-91,1],[-96,79],[-18,41],[-61,3],[-20,-26],[-85,-26],[-39,-45],[-72,7]],[[14877,14048],[4,79],[-50,63],[10,34],[-46,68],[33,145],[-14,36],[32,163],[-62,92],[-64,34]],[[13498,10086],[10,30],[-33,54],[13,79]],[[14761,13953],[78,48],[38,47]],[[14638,14197],[-6,64],[25,10],[-13,67],[-39,39],[-6,43],[-107,106],[19,72],[49,48],[-85,22],[-34,26],[25,32]],[[13310,9815],[-67,14],[-18,19],[-48,-33],[-49,7]],[[13128,9822],[39,72],[-26,47],[-50,-14],[-59,27],[-51,78],[-55,17],[-42,-12]],[[14621,14198],[-29,41],[-46,10],[-33,49],[-133,53],[-49,-4],[-126,41],[1,39]],[[14206,14427],[39,43],[44,12],[13,35],[45,26],[12,42],[-32,71],[21,19]],[[13128,9822],[-7,-78],[30,-64],[-49,-41],[-24,14],[-90,-108],[-108,-66],[-50,-100],[-12,-48],[-43,-63]],[[12775,9268],[-107,14],[-53,57],[-23,68],[-29,16],[-25,-47],[-2,-46],[-63,-93],[-59,-28]],[[12414,9209],[-17,60],[-47,35],[-28,54]],[[14206,14427],[-68,-8],[-110,-42],[-34,42],[23,20],[1,59],[-66,56]],[[13952,14554],[-12,110],[-14,14],[35,109],[-47,36],[6,141],[58,67],[-12,48],[17,46]],[[13983,15125],[51,22]],[[726,8376],[29,34],[-78,54],[-217,-19],[-152,6],[-48,72],[-69,165],[-76,163],[8,39]],[[12689,8871],[17,35],[-4,108],[34,61],[9,94],[55,55],[-25,44]],[[13903,14085],[34,60],[3,56],[-55,65],[-45,134],[12,25],[-18,60],[24,50],[32,20],[62,-1]],[[9274,6320],[88,-27],[44,17],[64,122],[64,29],[47,-58],[44,-17],[41,-43],[5,-64],[39,-29],[0,-29],[-37,-35],[-51,-92]],[[9622,6094],[-84,-15],[-54,-47],[-40,-116],[-43,-54],[-13,-70],[-41,38]],[[14552,16031],[-63,29],[-95,15],[-44,21],[-26,68]],[[14324,16164],[4,43],[42,87],[53,69]],[[14423,16363],[39,-48],[67,17],[36,-54],[13,-54],[29,-37]],[[9622,6094],[86,-4]],[[9708,6090],[124,-166],[2,-37]],[[9834,5887],[9,-82],[75,-38],[18,-55],[-3,-56]],[[9933,5656],[-2,-25],[-49,-30],[-35,-97],[-19,-10],[-38,-92],[-102,-15],[-34,35],[-44,10],[-40,-40],[-67,-2],[-48,-49],[-71,7],[-45,-65]],[[13637,15210],[86,-31],[44,26],[29,-60],[53,-28],[82,15],[52,-7]],[[13572,14321],[-10,14],[20,110],[-71,149],[24,95],[6,75]],[[12232,9020],[14,41],[36,11],[81,59],[15,52],[36,26]],[[9933,5656],[112,-130],[16,-155],[-5,-51],[49,-53]],[[10105,5267],[28,-65],[-114,-87],[-32,-41],[-94,9],[-94,-83]],[[11571,8073],[-48,67],[-28,86],[-50,5],[-134,-25]],[[11311,8206],[-9,28],[-68,49],[45,85],[45,10],[41,68],[-42,52],[-47,86],[29,52],[-14,26],[-54,12],[-80,-63],[-50,-17]],[[11107,8594],[-29,30],[-32,83],[-66,31],[-50,-7],[-40,-41],[-20,36],[-38,17],[-10,43],[12,97],[-13,54]],[[10657,4841],[66,53],[45,-1],[95,43],[149,10],[87,-11],[14,-32],[97,-7]],[[11210,4896],[60,-20],[-6,-33],[-37,-23],[29,-136],[-16,-46],[-47,-29],[-43,10],[-140,-43]],[[11010,4576],[-111,69],[-15,-68],[-51,43],[-18,45],[93,54],[-6,37],[-45,7],[-76,-63],[-35,-3],[-6,84],[-46,53],[-37,7]],[[9834,5887],[60,23],[69,10],[18,52],[59,-2],[66,45],[85,28],[68,-39],[107,31],[-5,69],[130,89],[83,41],[18,59]],[[10592,6293],[19,-24],[2,-69],[52,-40],[54,-63],[46,-104],[9,-126],[58,-75],[19,-82],[28,-59]],[[10879,5651],[-61,-54],[-44,-1],[-82,-24],[-51,-62],[-55,-15],[-47,-71],[-127,21],[-44,-25],[-40,-83],[-54,15],[-67,-7],[-27,-55],[-30,-22],[-45,-1]],[[11010,7203],[-91,36],[-49,51],[-48,2],[-67,52],[-72,12],[-29,21],[0,78],[-67,49],[-68,15]],[[10519,7519],[92,103],[3,87],[52,94],[44,-18],[21,72],[35,25],[49,-6],[82,23],[31,-11],[41,23],[129,21],[33,16],[37,67],[-22,61],[47,69],[73,47],[45,14]],[[9659,6852],[21,32],[96,-19],[-7,-75],[-33,-108],[40,-28],[60,31],[31,91],[-7,24],[42,70],[49,32],[21,52],[72,-3],[66,40],[54,-26],[31,4],[45,72],[34,-38]],[[10274,7003],[-9,-50],[67,-38],[10,-65],[65,-14],[7,-24]],[[10414,6812],[-21,-24],[-4,-61],[-47,-44],[12,-55],[-36,-20],[-21,-38],[-53,-40],[-57,-14],[-45,6],[6,-49],[-95,-38],[8,-62],[-20,-24],[3,-86],[-22,-37],[-76,-76],[-64,-25],[-23,16],[-55,-6],[-29,24],[-67,-69]],[[10519,7519],[-35,-27],[-7,-84],[27,-106],[-62,-111],[-61,17]],[[10381,7208],[-55,31],[-91,-7],[-30,36],[-47,18],[51,59],[-8,96],[20,13],[22,96],[63,55],[6,75],[28,62],[40,21],[16,40],[-42,59],[26,55],[6,50]],[[10386,7967],[66,29],[24,28],[5,80],[51,-5],[106,74],[70,64],[44,24],[45,-47],[43,40],[-9,77],[64,88],[29,-35],[-56,-65],[25,-38],[99,87],[49,73],[-24,36],[26,67],[52,7],[12,43]],[[16775,10539],[-23,-54],[3,-89],[17,-79]],[[16772,10317],[-50,-20],[-146,-118],[-1,-80],[-45,-67],[10,-29],[-57,-33]],[[16483,9970],[-18,68],[-69,42],[-21,27],[-73,38]],[[16302,10145],[0,1]],[[16302,10146],[45,96],[-25,39],[13,70],[-21,25],[2,62],[21,29]],[[10386,7967],[-83,-7],[-37,-28],[-47,17],[-32,-10]],[[16772,10317],[59,-55],[29,26],[46,-9],[38,-54],[-24,-50],[46,-34],[49,-4],[-8,-58],[-25,-22],[-6,-61],[-22,-20],[-26,-79]],[[16928,9897],[-38,-38],[-79,3],[-16,31],[-97,2],[-45,28],[-158,8],[-7,17]],[[16488,9948],[-5,22]],[[10381,7208],[36,-125],[-19,-27],[-42,6],[-26,-34],[-41,4],[-15,-29]],[[16928,9897],[26,-41],[-22,-36],[9,-85],[-84,-104]],[[16857,9631],[-47,42],[-15,75],[-79,5],[-31,-26]],[[16685,9727],[-11,61],[-43,43],[-104,14],[-79,66]],[[16448,9911],[40,37]],[[11029,6982],[-152,-97],[-33,-60],[8,-29],[-97,-41]],[[10755,6755],[-41,25],[-85,-4],[-34,19],[-39,-22],[-90,66],[-52,-27]],[[16448,9911],[-46,-37],[-62,-14]],[[16340,9860],[-33,8]],[[16307,9868],[-42,51]],[[16265,9919],[-18,15],[-2,89],[57,122]],[[10755,6755],[68,-57],[96,22],[25,-81],[-110,-72],[-30,-34],[12,-68],[-47,-23],[-68,-69],[-90,-57],[-19,-23]],[[11350,6356],[-34,-24],[-68,-113],[12,-45],[-39,-65],[-129,-124],[-38,-62],[19,-27],[-52,-102],[-10,-69],[-70,-36]],[[10941,5689],[-62,-38]],[[16302,10146],[-19,7]],[[16283,10153],[-85,50],[-133,-31],[-88,62],[31,41],[40,134]],[[16048,10409],[32,-28],[59,21],[72,47],[71,-15],[32,51]],[[16048,10409],[-41,25],[-35,-6],[-90,153]],[[15953,10725],[97,-68],[44,-14],[87,39]],[[10941,5689],[119,-62],[65,-64],[13,-50],[-74,-22],[-48,-2],[8,-50],[-35,-47],[47,-64],[23,-10],[11,-133],[76,19],[59,-27],[60,50]],[[11265,5227],[3,-28],[-29,-75],[-17,-77],[26,-30],[-38,-121]],[[10657,4841],[-36,-7],[-73,-52],[-53,1],[-97,-33],[-23,16]],[[11551,5636],[-46,-38],[-132,-46],[-33,-86],[0,-74],[-65,-64],[18,-35],[-28,-66]],[[15883,10133],[1,39]],[[15884,10172],[11,55],[29,33],[-75,49],[-32,-46],[-31,-10]],[[15786,10253],[-5,65],[-36,17],[-23,51]],[[16283,10153],[-71,-50],[-72,-28],[-78,26],[-145,14],[-18,10]],[[12147,4823],[-67,-68],[-3,-39],[-87,-59],[-66,-59],[-136,-16],[-49,-16],[-130,-127],[-41,-58],[-76,-40],[-67,2],[-53,25],[-93,-8],[21,-31]],[[11300,4329],[-64,-20],[-60,48],[-39,-11],[-109,69],[21,39],[2,80],[-41,42]],[[15884,10172],[-45,49],[-53,32]],[[15654,16413],[7,103],[-172,48],[-59,100]],[[15430,16664],[25,-17],[40,39],[-7,47],[78,6],[2,32]],[[15158,16098],[8,49],[-10,141],[-20,58],[1,91],[47,126],[35,42]],[[15219,16605],[102,-37],[54,-3],[60,69],[-5,30]],[[14735,16283],[43,34],[7,56],[-65,81],[-23,45],[7,47],[-22,91]],[[14682,16637],[-2,37]],[[14680,16674],[62,24],[47,-8],[42,-32],[31,11],[15,45],[55,33],[77,15],[47,-29],[10,-73],[73,-6],[9,-26],[71,-23]],[[16857,9631],[8,-102],[-36,-29],[-45,11],[-53,-62],[-51,9],[-24,-23],[-59,-15]],[[16597,9420],[-57,21],[3,82],[-17,44],[19,106],[-25,55]],[[16520,9728],[64,14],[101,-15]],[[16520,9728],[-26,4],[-63,-40],[-42,5],[-13,-44]],[[16376,9653],[-25,4],[-62,114],[43,54],[8,35]],[[14423,16363],[37,59],[90,108],[65,48],[41,66],[26,-7]],[[16597,9420],[-7,-37],[-42,-38],[-31,16],[-66,-8],[-68,-34],[-93,7]],[[16290,9326],[84,63],[3,127],[18,89],[-19,48]],[[14324,16164],[-42,-39],[-39,25],[-35,-50]],[[14208,16100],[-50,61],[23,52],[-23,21],[-9,82],[35,103],[32,14],[61,99],[94,82],[14,65],[26,25],[45,-25],[89,-8],[135,3]],[[16000,9491],[11,57],[73,89],[95,11],[24,31],[-1,66],[41,79],[64,44]],[[16290,9326],[-96,-14],[-125,9],[-56,-39],[-56,14]],[[14349,15638],[-49,27],[-26,63],[-86,107]],[[14188,15835],[79,123],[-56,33],[12,35],[-15,74]],[[14043,15302],[20,39],[1,84],[-18,134],[18,57],[44,61],[-43,61]],[[14065,15738],[20,39],[61,60],[42,-2]],[[15955,9708],[74,81],[88,24],[42,33],[55,10],[51,63]],[[13613,15233],[7,52],[-20,75],[-61,66],[-10,156],[11,106],[18,52],[171,-42],[29,-14],[84,-4],[121,10]],[[13963,15690],[66,45],[36,3]],[[13074,15242],[-11,50],[22,88],[-5,72],[-41,66],[-92,62],[-69,85],[-32,54],[24,37],[-9,63],[-29,20]],[[12832,15839],[45,49],[110,34],[75,82],[-24,43],[19,24],[81,-22],[60,38],[28,-19],[20,-67],[50,22],[-43,54],[20,63],[36,3],[42,-29],[38,-63],[50,11],[-52,107],[125,-18],[88,-124],[95,-70],[46,-102],[118,-68],[104,-97]],[[12291,14671],[-63,172],[-65,17],[-57,79],[-7,99],[-46,128],[-1,115],[-54,63]],[[11998,15344],[67,42],[94,37],[43,67],[69,58],[49,5],[52,-38],[43,33],[20,167],[50,10],[72,-23],[80,23],[-22,36],[30,34],[50,-7],[78,50],[59,1]],[[11652,15658],[85,-30],[70,4],[-10,-56],[46,-57],[43,-32],[6,-46],[68,-33],[4,-36],[34,-28]],[[9484,15905],[-3,55],[-32,74],[-60,41],[-152,39],[-50,33],[6,69]],[[9193,16216],[74,-51],[59,13],[77,-10],[47,39],[91,-37],[47,5],[129,79],[29,-12],[42,-73],[41,-11],[60,70],[60,13],[30,-20],[79,19],[80,-20],[79,40],[75,52],[102,-52],[55,14],[65,-77],[40,-29],[-3,-76],[25,-36],[59,-29],[33,3],[76,-55],[41,-95],[19,-13]],[[8542,16019],[13,104],[-55,44],[-9,50],[56,240],[24,35]],[[8571,16492],[42,-21],[100,-9],[72,-54],[69,15],[46,-9],[65,-91],[69,-11],[13,-50],[135,-23],[11,-23]],[[7995,15984],[47,1],[178,213],[5,202],[86,186],[68,14],[89,-34],[43,-61],[60,-13]],[[11300,4329],[43,-118],[-14,-47],[53,-28],[28,-42],[157,49],[57,-34],[18,-34],[-7,-80],[-41,-47],[-52,14],[-67,-38],[-64,-59],[-69,-26],[-31,6],[-71,-17],[-80,-51],[-42,3],[-83,-40],[-112,-26],[-89,2],[-60,18],[-111,17],[-17,45],[-105,-27],[-54,-36],[-73,86],[55,62],[-32,49],[-43,-15],[-59,4]]],"transform":{"scale":[0.0006291273423588582,0.0004916629972487371],"translate":[60.47217859787901,29.3789205342794]},"objects":{"AFG":{"type":"GeometryCollection","geometries":[{"arcs":[[0,1,2,3,4,5]],"type":"Polygon","properties":{"name":"Deh Bala","shapeGroup":"AFG","gid":"AFG-2-0"},"id":"AFG-2-0"},{"arcs":[[6,7,8,9,10]],"type":"Polygon","properties":{"name":"Gulran","shapeGroup":"AFG","gid":"AFG-2-1"},"id":"AFG-2-1"},{"arcs":[[-7,11,12,13,14,15]],"type":"Polygon","properties":{"name":"Koshk","shapeGroup":"AFG","gid":"AFG-2-2"},"id":"AFG-2-2"},{"arcs":[[-3,16,17,18,19,20]],"type":"Polygon","properties":{"name":"Chaparhar","shapeGroup":"AFG","gid":"AFG-2-3"},"id":"AFG-2-3"},{"arcs":[[-13,21,22,23,24]],"type":"Polygon","properties":{"name":"Koshki Kohna","shapeGroup":"AFG","gid":"AFG-2-4"},"id":"AFG-2-4"},{"arcs":[[-2,25,26,-17]],"type":"Polygon","properties":{"name":"Pachier Agam","shapeGroup":"AFG","gid":"AFG-2-5"},"id":"AFG-2-5"},{"arcs":[[-10,27,28]],"type":"Polygon","properties":{"name":"Kohsan","shapeGroup":"AFG","gid":"AFG-2-6"},"id":"AFG-2-6"},{"arcs":[[-18,-27,29,30,31,32,33]],"type":"Polygon","properties":{"name":"Khogayani","shapeGroup":"AFG","gid":"AFG-2-7"},"id":"AFG-2-7"},{"arcs":[[-31,34,35,36,37]],"type":"Polygon","properties":{"name":"Shirzad","shapeGroup":"AFG","gid":"AFG-2-8"},"id":"AFG-2-8"},{"arcs":[[-9,38,39,40,41,-28]],"type":"Polygon","properties":{"name":"Ghoryan","shapeGroup":"AFG","gid":"AFG-2-9"},"id":"AFG-2-9"},{"arcs":[[-32,-38,42,43,44,45]],"type":"Polygon","properties":{"name":"Hesarak","shapeGroup":"AFG","gid":"AFG-2-10"},"id":"AFG-2-10"},{"arcs":[[-8,-16,46,47,-39]],"type":"Polygon","properties":{"name":"Zanda  Jan\n","shapeGroup":"AFG","gid":"AFG-2-11"},"id":"AFG-2-11"},{"arcs":[[-37,48,49,50,51,-43]],"type":"Polygon","properties":{"name":"Azra","shapeGroup":"AFG","gid":"AFG-2-12"},"id":"AFG-2-12"},{"arcs":[[-40,-48,52,53,54,55,56]],"type":"Polygon","properties":{"name":"Guzara","shapeGroup":"AFG","gid":"AFG-2-13"},"id":"AFG-2-13"},{"arcs":[[-14,-25,57,58,59,60,61,-55,62,63]],"type":"Polygon","properties":{"name":"Karukh","shapeGroup":"AFG","gid":"AFG-2-14"},"id":"AFG-2-14"},{"arcs":[[-36,64,65,66,67,68,69,-49]],"type":"Polygon","properties":{"name":"Ali Khail (Jaji)","shapeGroup":"AFG","gid":"AFG-2-15"},"id":"AFG-2-15"},{"arcs":[[-66,70,71,72,73,74]],"type":"Polygon","properties":{"name":"Dand Patan","shapeGroup":"AFG","gid":"AFG-2-16"},"id":"AFG-2-16"},{"arcs":[[-56,-62,75,76,77]],"type":"Polygon","properties":{"name":"Pashtun Zarghun","shapeGroup":"AFG","gid":"AFG-2-17"},"id":"AFG-2-17"},{"arcs":[[-67,-75,78,79]],"type":"Polygon","properties":{"name":"Chamkani","shapeGroup":"AFG","gid":"AFG-2-18"},"id":"AFG-2-18"},{"arcs":[[-68,-80,80,81,82,83]],"type":"Polygon","properties":{"name":"Laja Ahmad Khail","shapeGroup":"AFG","gid":"AFG-2-19"},"id":"AFG-2-19"},{"arcs":[[-83,84,85,86]],"type":"Polygon","properties":{"name":"Sayed Karam","shapeGroup":"AFG","gid":"AFG-2-20"},"id":"AFG-2-20"},{"arcs":[[-69,-84,-87,87,88,89]],"type":"Polygon","properties":{"name":"Ahmad Abad","shapeGroup":"AFG","gid":"AFG-2-21"},"id":"AFG-2-21"},{"arcs":[[-61,90,91,92,93,-76]],"type":"Polygon","properties":{"name":"Obe","shapeGroup":"AFG","gid":"AFG-2-22"},"id":"AFG-2-22"},{"arcs":[[-74,94,95,-81,-79]],"type":"Polygon","properties":{"name":"Jani Khail","shapeGroup":"AFG","gid":"AFG-2-23"},"id":"AFG-2-23"},{"arcs":[[-77,-94,96,97,98,99,100]],"type":"Polygon","properties":{"name":"Farsi","shapeGroup":"AFG","gid":"AFG-2-24"},"id":"AFG-2-24"},{"arcs":[[-86,101,102,103,104,105,106,-88]],"type":"Polygon","properties":{"name":"Gardiz","shapeGroup":"AFG","gid":"AFG-2-25"},"id":"AFG-2-25"},{"arcs":[[-105,107,108,109,110,111,112,113]],"type":"Polygon","properties":{"name":"Zurmat","shapeGroup":"AFG","gid":"AFG-2-26"},"id":"AFG-2-26"},{"arcs":[[114,115,116,117,118]],"type":"Polygon","properties":{"name":"Anar Dara","shapeGroup":"AFG","gid":"AFG-2-27"},"id":"AFG-2-27"},{"arcs":[[-104,119,-108]],"type":"Polygon","properties":{"name":"Shawak","shapeGroup":"AFG","gid":"AFG-2-28"},"id":"AFG-2-28"},{"arcs":[[-117,120,121,122,123,124]],"type":"Polygon","properties":{"name":"Qala Ka","shapeGroup":"AFG","gid":"AFG-2-29"},"id":"AFG-2-29"},{"arcs":[[-116,125,126,127,128,-121]],"type":"Polygon","properties":{"name":"Khaki Safed","shapeGroup":"AFG","gid":"AFG-2-30"},"id":"AFG-2-30"},{"arcs":[[-100,129,130,-126,-115,131]],"type":"Polygon","properties":{"name":"Shindand","shapeGroup":"AFG","gid":"AFG-2-31"},"id":"AFG-2-31"},{"arcs":[[-103,132,133,134,135,136,137,138,-109,-120]],"type":"Polygon","properties":{"name":"Zadran","shapeGroup":"AFG","gid":"AFG-2-32"},"id":"AFG-2-32"},{"arcs":[[-72,139,140,141]],"type":"Polygon","properties":{"name":"Jaji Maidan","shapeGroup":"AFG","gid":"AFG-2-33"},"id":"AFG-2-33"},{"arcs":[[-141,142,143,144]],"type":"Polygon","properties":{"name":"Bak","shapeGroup":"AFG","gid":"AFG-2-34"},"id":"AFG-2-34"},{"arcs":[[-124,145,146,147]],"type":"Polygon","properties":{"name":"Shib Koh","shapeGroup":"AFG","gid":"AFG-2-35"},"id":"AFG-2-35"},{"arcs":[[-73,-142,-145,148,149,150,-95]],"type":"Polygon","properties":{"name":"Sabri","shapeGroup":"AFG","gid":"AFG-2-36"},"id":"AFG-2-36"},{"arcs":[[-147,151,152,153,154]],"type":"Polygon","properties":{"name":"Lash Wa Juwayn","shapeGroup":"AFG","gid":"AFG-2-37"},"id":"AFG-2-37"},{"arcs":[[-144,155,156,-149]],"type":"Polygon","properties":{"name":"Tere Zayi","shapeGroup":"AFG","gid":"AFG-2-38"},"id":"AFG-2-38"},{"arcs":[[-122,-129,157]],"type":"Polygon","properties":{"name":"Pusht Rod","shapeGroup":"AFG","gid":"AFG-2-39"},"id":"AFG-2-39"},{"arcs":[[-82,-96,-151,158,159,160,-133,-102,-85]],"type":"Polygon","properties":{"name":"Mosa Khail","shapeGroup":"AFG","gid":"AFG-2-40"},"id":"AFG-2-40"},{"arcs":[[-123,-158,-128,161,162,163,164,-152,-146]],"type":"Polygon","properties":{"name":"Farah","shapeGroup":"AFG","gid":"AFG-2-41"},"id":"AFG-2-41"},{"arcs":[[-134,-161,165]],"type":"Polygon","properties":{"name":"Qalandar","shapeGroup":"AFG","gid":"AFG-2-42"},"id":"AFG-2-42"},{"arcs":[[-127,-131,166,167,168,-162]],"type":"Polygon","properties":{"name":"Bala Buluk","shapeGroup":"AFG","gid":"AFG-2-43"},"id":"AFG-2-43"},{"arcs":[[-135,-166,-160,169,170,171,172,173]],"type":"Polygon","properties":{"name":"Nadir Shah Kot","shapeGroup":"AFG","gid":"AFG-2-44"},"id":"AFG-2-44"},{"arcs":[[-168,174,175,176,177,178]],"type":"Polygon","properties":{"name":"Gulistan","shapeGroup":"AFG","gid":"AFG-2-45"},"id":"AFG-2-45"},{"arcs":[[-150,-157,179,180,181,182,-170,-159]],"type":"Polygon","properties":{"name":"Khost(Matun)","shapeGroup":"AFG","gid":"AFG-2-46"},"id":"AFG-2-46"},{"arcs":[[-181,183,184]],"type":"Polygon","properties":{"name":"Gurbuz","shapeGroup":"AFG","gid":"AFG-2-47"},"id":"AFG-2-47"},{"arcs":[[-99,185,186,187,188,189,-175,-167,-130]],"type":"Polygon","properties":{"name":"Pur Chaman","shapeGroup":"AFG","gid":"AFG-2-48"},"id":"AFG-2-48"},{"arcs":[[-171,-183,190]],"type":"Polygon","properties":{"name":"Mando Zayi","shapeGroup":"AFG","gid":"AFG-2-49"},"id":"AFG-2-49"},{"arcs":[[-172,-191,-182,-185,191,192]],"type":"Polygon","properties":{"name":"Tani","shapeGroup":"AFG","gid":"AFG-2-50"},"id":"AFG-2-50"},{"arcs":[[193,194,195,196,197]],"type":"Polygon","properties":{"name":"Chahar Dara","shapeGroup":"AFG","gid":"AFG-2-51"},"id":"AFG-2-51"},{"arcs":[[-163,-169,-179,198]],"type":"Polygon","properties":{"name":"Bakwa","shapeGroup":"AFG","gid":"AFG-2-52"},"id":"AFG-2-52"},{"arcs":[[-136,-174,199]],"type":"Polygon","properties":{"name":"Shamal","shapeGroup":"AFG","gid":"AFG-2-53"},"id":"AFG-2-53"},{"arcs":[[-198,200,201,202,203,204]],"type":"Polygon","properties":{"name":"Kunduz","shapeGroup":"AFG","gid":"AFG-2-54"},"id":"AFG-2-54"},{"arcs":[[-137,-200,-173,-193,205,206,207,208]],"type":"Polygon","properties":{"name":"Spira","shapeGroup":"AFG","gid":"AFG-2-55"},"id":"AFG-2-55"},{"arcs":[[209,210,211,212,213,214,215]],"type":"Polygon","properties":{"name":"Guzargahi Nur","shapeGroup":"AFG","gid":"AFG-2-56"},"id":"AFG-2-56"},{"arcs":[[-51,216,217,218,219,220,221]],"type":"Polygon","properties":{"name":"Mohammad Agha","shapeGroup":"AFG","gid":"AFG-2-57"},"id":"AFG-2-57"},{"arcs":[[-50,-70,-90,222,-217]],"type":"Polygon","properties":{"name":"Khoshi","shapeGroup":"AFG","gid":"AFG-2-58"},"id":"AFG-2-58"},{"arcs":[[-210,223,224,225]],"type":"Polygon","properties":{"name":"Farang Wa Gharu","shapeGroup":"AFG","gid":"AFG-2-59"},"id":"AFG-2-59"},{"arcs":[[-89,-107,226,227,228,229,230,-218,-223]],"type":"Polygon","properties":{"name":"Puli Alam","shapeGroup":"AFG","gid":"AFG-2-60"},"id":"AFG-2-60"},{"arcs":[[-211,-226,231,232,233,234,235]],"type":"Polygon","properties":{"name":"Khost Wa Firing","shapeGroup":"AFG","gid":"AFG-2-61"},"id":"AFG-2-61"},{"arcs":[[-229,236,237]],"type":"Polygon","properties":{"name":"Baraki Barak","shapeGroup":"AFG","gid":"AFG-2-62"},"id":"AFG-2-62"},{"arcs":[[-234,238,239,240,241,242]],"type":"Polygon","properties":{"name":"Puli Hisar","shapeGroup":"AFG","gid":"AFG-2-63"},"id":"AFG-2-63"},{"arcs":[[-228,243,244,-237]],"type":"Polygon","properties":{"name":"Charkh","shapeGroup":"AFG","gid":"AFG-2-64"},"id":"AFG-2-64"},{"arcs":[[-106,-114,245,246,247,-244,-227]],"type":"Polygon","properties":{"name":"Kharwar","shapeGroup":"AFG","gid":"AFG-2-65"},"id":"AFG-2-65"},{"arcs":[[-213,248,249,250,251,252,253]],"type":"Polygon","properties":{"name":"Burka","shapeGroup":"AFG","gid":"AFG-2-66"},"id":"AFG-2-66"},{"arcs":[[254,255,256,257,258,259,260,261]],"type":"Polygon","properties":{"name":"Khas Kunar","shapeGroup":"AFG","gid":"AFG-2-67"},"id":"AFG-2-67"},{"arcs":[[-255,262,263,264,265]],"type":"Polygon","properties":{"name":"Nurgal","shapeGroup":"AFG","gid":"AFG-2-68"},"id":"AFG-2-68"},{"arcs":[[-235,-243,266,267]],"type":"Polygon","properties":{"name":"Dih Salah","shapeGroup":"AFG","gid":"AFG-2-69"},"id":"AFG-2-69"},{"arcs":[[-256,-266,268,269,270]],"type":"Polygon","properties":{"name":"Chawkay","shapeGroup":"AFG","gid":"AFG-2-70"},"id":"AFG-2-70"},{"arcs":[[-212,-236,-268,271,272,-249]],"type":"Polygon","properties":{"name":"Khwaja Hijran (Jilga Nahrin)","shapeGroup":"AFG","gid":"AFG-2-71"},"id":"AFG-2-71"},{"arcs":[[-257,-271,273,274,275,276]],"type":"Polygon","properties":{"name":"Narang","shapeGroup":"AFG","gid":"AFG-2-72"},"id":"AFG-2-72"},{"arcs":[[-154,277,278,279]],"type":"Polygon","properties":{"name":"Kang","shapeGroup":"AFG","gid":"AFG-2-73"},"id":"AFG-2-73"},{"arcs":[[-195,280,-251,281,282,283,284,285,286]],"type":"Polygon","properties":{"name":"Baghlani Jadid","shapeGroup":"AFG","gid":"AFG-2-74"},"id":"AFG-2-74"},{"arcs":[[-265,287,288,289,290,291,-269]],"type":"Polygon","properties":{"name":"Chapa Dara","shapeGroup":"AFG","gid":"AFG-2-75"},"id":"AFG-2-75"},{"arcs":[[-279,292,293,294]],"type":"Polygon","properties":{"name":"Zaranj","shapeGroup":"AFG","gid":"AFG-2-76"},"id":"AFG-2-76"},{"arcs":[[-276,295,296,297,298]],"type":"Polygon","properties":{"name":"Asadabad","shapeGroup":"AFG","gid":"AFG-2-77"},"id":"AFG-2-77"},{"arcs":[[-283,299,300,301,302]],"type":"Polygon","properties":{"name":"Puli Khumri","shapeGroup":"AFG","gid":"AFG-2-78"},"id":"AFG-2-78"},{"arcs":[[-258,-277,-299,303,304]],"type":"Polygon","properties":{"name":"Sarkani","shapeGroup":"AFG","gid":"AFG-2-79"},"id":"AFG-2-79"},{"arcs":[[-294,305,306,307,308]],"type":"Polygon","properties":{"name":"Chahar Burjak","shapeGroup":"AFG","gid":"AFG-2-80"},"id":"AFG-2-80"},{"arcs":[[-250,-273,309,310,-300,-282]],"type":"Polygon","properties":{"name":"Nahrin","shapeGroup":"AFG","gid":"AFG-2-81"},"id":"AFG-2-81"},{"arcs":[[-298,311,312,-304]],"type":"Polygon","properties":{"name":"Marawara","shapeGroup":"AFG","gid":"AFG-2-82"},"id":"AFG-2-82"},{"arcs":[[-153,-165,313,314,315,316,-306,-293,-278]],"type":"Polygon","properties":{"name":"Chakhansur","shapeGroup":"AFG","gid":"AFG-2-83"},"id":"AFG-2-83"},{"arcs":[[-242,317,318,319,320,321,-310,-272,-267]],"type":"Polygon","properties":{"name":"Andarab","shapeGroup":"AFG","gid":"AFG-2-84"},"id":"AFG-2-84"},{"arcs":[[-321,322,323,324,325]],"type":"Polygon","properties":{"name":"Khinjan","shapeGroup":"AFG","gid":"AFG-2-85"},"id":"AFG-2-85"},{"arcs":[[-297,326,327,328,329,330,331,-312]],"type":"Polygon","properties":{"name":"Shaygal wa shital","shapeGroup":"AFG","gid":"AFG-2-86"},"id":"AFG-2-86"},{"arcs":[[-164,-199,-178,332,333,334,-314]],"type":"Polygon","properties":{"name":"Khash Rod","shapeGroup":"AFG","gid":"AFG-2-87"},"id":"AFG-2-87"},{"arcs":[[-301,-311,-322,-326,335,336,337]],"type":"Polygon","properties":{"name":"Dushi","shapeGroup":"AFG","gid":"AFG-2-88"},"id":"AFG-2-88"},{"arcs":[[-270,-292,338,339,340,-274]],"type":"Polygon","properties":{"name":"Dara-I-Pech","shapeGroup":"AFG","gid":"AFG-2-89"},"id":"AFG-2-89"},{"arcs":[[-308,341,342]],"type":"Polygon","properties":{"name":"Dishu","shapeGroup":"AFG","gid":"AFG-2-90"},"id":"AFG-2-90"},{"arcs":[[-302,-338,343,344]],"type":"Polygon","properties":{"name":"Dahana-I- Ghuri","shapeGroup":"AFG","gid":"AFG-2-91"},"id":"AFG-2-91"},{"arcs":[[-275,-341,345,-327,-296]],"type":"Polygon","properties":{"name":"Wata Pur","shapeGroup":"AFG","gid":"AFG-2-92"},"id":"AFG-2-92"},{"arcs":[[-307,-317,346,347,348,-342]],"type":"Polygon","properties":{"name":"Reg(Khanshin)","shapeGroup":"AFG","gid":"AFG-2-93"},"id":"AFG-2-93"},{"arcs":[[-325,349,350,351,352,353,354,-336]],"type":"Polygon","properties":{"name":"Tala Wa Barfak","shapeGroup":"AFG","gid":"AFG-2-94"},"id":"AFG-2-94"},{"arcs":[[-331,355,356,357]],"type":"Polygon","properties":{"name":"Dangam","shapeGroup":"AFG","gid":"AFG-2-95"},"id":"AFG-2-95"},{"arcs":[[-316,358,359,360,-347]],"type":"Polygon","properties":{"name":"Garmser","shapeGroup":"AFG","gid":"AFG-2-96"},"id":"AFG-2-96"},{"arcs":[[-330,361,362,-356]],"type":"Polygon","properties":{"name":"Bar Kunar","shapeGroup":"AFG","gid":"AFG-2-97"},"id":"AFG-2-97"},{"arcs":[[-233,363,364,365,366,-239]],"type":"Polygon","properties":{"name":"Paryan","shapeGroup":"AFG","gid":"AFG-2-98"},"id":"AFG-2-98"},{"arcs":[[-315,-335,367,368,369,370,-359]],"type":"Polygon","properties":{"name":"Nawa-I- Barak Zayi","shapeGroup":"AFG","gid":"AFG-2-99"},"id":"AFG-2-99"},{"arcs":[[-329,371,372,373,-362]],"type":"Polygon","properties":{"name":"Ghaziabad","shapeGroup":"AFG","gid":"AFG-2-100"},"id":"AFG-2-100"},{"arcs":[[-240,-367,374,375,376]],"type":"Polygon","properties":{"name":"Khenj (Hese- Awal)","shapeGroup":"AFG","gid":"AFG-2-101"},"id":"AFG-2-101"},{"arcs":[[-334,377,378,379,-368]],"type":"Polygon","properties":{"name":"Nad Ali","shapeGroup":"AFG","gid":"AFG-2-102"},"id":"AFG-2-102"},{"arcs":[[-357,-363,-374,380,381]],"type":"Polygon","properties":{"name":"Nari","shapeGroup":"AFG","gid":"AFG-2-103"},"id":"AFG-2-103"},{"arcs":[[-138,-209,382,383]],"type":"Polygon","properties":{"name":"Ziruk","shapeGroup":"AFG","gid":"AFG-2-104"},"id":"AFG-2-104"},{"arcs":[[-379,384,385,386,387,388,389,390]],"type":"Polygon","properties":{"name":"Nahri Sarraj","shapeGroup":"AFG","gid":"AFG-2-105"},"id":"AFG-2-105"},{"arcs":[[-241,-377,391,392,393,-318]],"type":"Polygon","properties":{"name":"Bazarak","shapeGroup":"AFG","gid":"AFG-2-106"},"id":"AFG-2-106"},{"arcs":[[-369,-380,-391,394]],"type":"Polygon","properties":{"name":"Lashkar Gah","shapeGroup":"AFG","gid":"AFG-2-107"},"id":"AFG-2-107"},{"arcs":[[-110,-139,-384,395,396]],"type":"Polygon","properties":{"name":"Nika","shapeGroup":"AFG","gid":"AFG-2-108"},"id":"AFG-2-108"},{"arcs":[[-376,397,398,399,400,-392]],"type":"Polygon","properties":{"name":"Dara","shapeGroup":"AFG","gid":"AFG-2-109"},"id":"AFG-2-109"},{"arcs":[[-388,401,402,403]],"type":"Polygon","properties":{"name":"Sangin","shapeGroup":"AFG","gid":"AFG-2-110"},"id":"AFG-2-110"},{"arcs":[[-207,404,405,406]],"type":"Polygon","properties":{"name":"Gayan","shapeGroup":"AFG","gid":"AFG-2-111"},"id":"AFG-2-111"},{"arcs":[[-393,-401,407,408,409,410]],"type":"Polygon","properties":{"name":"Rukha","shapeGroup":"AFG","gid":"AFG-2-112"},"id":"AFG-2-112"},{"arcs":[[-403,411,412,413,414,415]],"type":"Polygon","properties":{"name":"Kajaki","shapeGroup":"AFG","gid":"AFG-2-113"},"id":"AFG-2-113"},{"arcs":[[-208,-407,416,417,418,-396,-383]],"type":"Polygon","properties":{"name":"Urgun","shapeGroup":"AFG","gid":"AFG-2-114"},"id":"AFG-2-114"},{"arcs":[[-410,419,420,421]],"type":"Polygon","properties":{"name":"Unaba","shapeGroup":"AFG","gid":"AFG-2-115"},"id":"AFG-2-115"},{"arcs":[[-176,-190,422,423,-386,424]],"type":"Polygon","properties":{"name":"Naw Zad","shapeGroup":"AFG","gid":"AFG-2-116"},"id":"AFG-2-116"},{"arcs":[[-111,-397,-419,425,426,427,428,429]],"type":"Polygon","properties":{"name":"Sar Hawza","shapeGroup":"AFG","gid":"AFG-2-117"},"id":"AFG-2-117"},{"arcs":[[-319,-394,-411,-422,430,431,432]],"type":"Polygon","properties":{"name":"Shutul","shapeGroup":"AFG","gid":"AFG-2-118"},"id":"AFG-2-118"},{"arcs":[[-387,-424,433,-412,-402]],"type":"Polygon","properties":{"name":"Musa Qala","shapeGroup":"AFG","gid":"AFG-2-119"},"id":"AFG-2-119"},{"arcs":[[-112,-430,434,435]],"type":"Polygon","properties":{"name":"Mata Khan","shapeGroup":"AFG","gid":"AFG-2-120"},"id":"AFG-2-120"},{"arcs":[[436,437,438,439,440]],"type":"Polygon","properties":{"name":"Alasay","shapeGroup":"AFG","gid":"AFG-2-121"},"id":"AFG-2-121"},{"arcs":[[-429,441,442,443,444,-435]],"type":"Polygon","properties":{"name":"Sharan","shapeGroup":"AFG","gid":"AFG-2-122"},"id":"AFG-2-122"},{"arcs":[[-189,445,446,447,-413,-434,-423]],"type":"Polygon","properties":{"name":"Baghran","shapeGroup":"AFG","gid":"AFG-2-123"},"id":"AFG-2-123"},{"arcs":[[-440,448,449,450,451]],"type":"Polygon","properties":{"name":"Tagab","shapeGroup":"AFG","gid":"AFG-2-124"},"id":"AFG-2-124"},{"arcs":[[-406,452,453,454,-417]],"type":"Polygon","properties":{"name":"Barmal","shapeGroup":"AFG","gid":"AFG-2-125"},"id":"AFG-2-125"},{"arcs":[[-348,-361,455,456,457,458]],"type":"Polygon","properties":{"name":"Registan","shapeGroup":"AFG","gid":"AFG-2-126"},"id":"AFG-2-126"},{"arcs":[[-418,-455,459]],"type":"Polygon","properties":{"name":"Sarobi","shapeGroup":"AFG","gid":"AFG-2-127"},"id":"AFG-2-127"},{"arcs":[[460,461,462,463,464]],"type":"Polygon","properties":{"name":"Mahmudi Raqi","shapeGroup":"AFG","gid":"AFG-2-128"},"id":"AFG-2-128"},{"arcs":[[-458,465,466]],"type":"Polygon","properties":{"name":"Shorabak","shapeGroup":"AFG","gid":"AFG-2-129"},"id":"AFG-2-129"},{"arcs":[[-427,467,468,469,470,471]],"type":"Polygon","properties":{"name":"Omna","shapeGroup":"AFG","gid":"AFG-2-130"},"id":"AFG-2-130"},{"arcs":[[-428,-472,472,473,474,-442]],"type":"Polygon","properties":{"name":"Yosuf Khel","shapeGroup":"AFG","gid":"AFG-2-131"},"id":"AFG-2-131"},{"arcs":[[-463,475,476,477]],"type":"Polygon","properties":{"name":"Hisa-i-Duwumi Kohistan","shapeGroup":"AFG","gid":"AFG-2-132"},"id":"AFG-2-132"},{"arcs":[[478,479,480,-466]],"type":"Polygon","properties":{"name":"Spin Boldak","shapeGroup":"AFG","gid":"AFG-2-133"},"id":"AFG-2-133"},{"arcs":[[-471,481,-473]],"type":"Polygon","properties":{"name":"Yahya Khel","shapeGroup":"AFG","gid":"AFG-2-134"},"id":"AFG-2-134"},{"arcs":[[-421,482,-477,483,484,-431]],"type":"Polygon","properties":{"name":"Hisa-i-Awali Kohistan","shapeGroup":"AFG","gid":"AFG-2-135"},"id":"AFG-2-135"},{"arcs":[[-480,485,486,487,488,489]],"type":"Polygon","properties":{"name":"Arghistan","shapeGroup":"AFG","gid":"AFG-2-136"},"id":"AFG-2-136"},{"arcs":[[-470,490,491,-474,-482]],"type":"Polygon","properties":{"name":"Zarghun Shahr","shapeGroup":"AFG","gid":"AFG-2-137"},"id":"AFG-2-137"},{"arcs":[[-360,-371,492,493,494,495,496,-456]],"type":"Polygon","properties":{"name":"Panjwayi","shapeGroup":"AFG","gid":"AFG-2-138"},"id":"AFG-2-138"},{"arcs":[[-320,-433,497,498,-323]],"type":"Polygon","properties":{"name":"Salang","shapeGroup":"AFG","gid":"AFG-2-139"},"id":"AFG-2-139"},{"arcs":[[-496,499,500]],"type":"Polygon","properties":{"name":"Kandahar","shapeGroup":"AFG","gid":"AFG-2-140"},"id":"AFG-2-140"},{"arcs":[[-432,-485,501,502,503,-498]],"type":"Polygon","properties":{"name":"Jabalussaraj","shapeGroup":"AFG","gid":"AFG-2-141"},"id":"AFG-2-141"},{"arcs":[[-469,504,505,506,507,508,-491]],"type":"Polygon","properties":{"name":"Jani Khel","shapeGroup":"AFG","gid":"AFG-2-142"},"id":"AFG-2-142"},{"arcs":[[-457,-497,-501,509,510,511,-486,-479]],"type":"Polygon","properties":{"name":"Daman","shapeGroup":"AFG","gid":"AFG-2-143"},"id":"AFG-2-143"},{"arcs":[[-450,512,513,514,515]],"type":"Polygon","properties":{"name":"Kohi Safi","shapeGroup":"AFG","gid":"AFG-2-144"},"id":"AFG-2-144"},{"arcs":[[-507,516,517,518,519,520]],"type":"Polygon","properties":{"name":"Dila","shapeGroup":"AFG","gid":"AFG-2-145"},"id":"AFG-2-145"},{"arcs":[[-511,521,522,523,524,525,526,527,528]],"type":"Polygon","properties":{"name":"Shah Wali Kot","shapeGroup":"AFG","gid":"AFG-2-146"},"id":"AFG-2-146"},{"arcs":[[-506,529,530,531,532,533,-517]],"type":"Polygon","properties":{"name":"Waza Khwa","shapeGroup":"AFG","gid":"AFG-2-147"},"id":"AFG-2-147"},{"arcs":[[-451,-516,534,535,536,-461,537]],"type":"Polygon","properties":{"name":"Bagram","shapeGroup":"AFG","gid":"AFG-2-148"},"id":"AFG-2-148"},{"arcs":[[-462,-537,538,-502,-484,-476]],"type":"Polygon","properties":{"name":"Sayd Khel","shapeGroup":"AFG","gid":"AFG-2-149"},"id":"AFG-2-149"},{"arcs":[[-495,539,540,-522,-510,-500]],"type":"Polygon","properties":{"name":"Arghandab","shapeGroup":"AFG","gid":"AFG-2-150"},"id":"AFG-2-150"},{"arcs":[[-426,-460,-454,541,542,-530,-505,-468]],"type":"Polygon","properties":{"name":"Gomal","shapeGroup":"AFG","gid":"AFG-2-151"},"id":"AFG-2-151"},{"arcs":[[-370,-395,-390,543,544,545,-493]],"type":"Polygon","properties":{"name":"Maywand","shapeGroup":"AFG","gid":"AFG-2-152"},"id":"AFG-2-152"},{"arcs":[[-503,-539,-536,546,547,548]],"type":"Polygon","properties":{"name":"Chaharikar","shapeGroup":"AFG","gid":"AFG-2-153"},"id":"AFG-2-153"},{"arcs":[[-389,-404,-416,549,550,-544]],"type":"Polygon","properties":{"name":"Ghorak","shapeGroup":"AFG","gid":"AFG-2-154"},"id":"AFG-2-154"},{"arcs":[[-532,551,552,553]],"type":"Polygon","properties":{"name":"Turwo","shapeGroup":"AFG","gid":"AFG-2-155"},"id":"AFG-2-155"},{"arcs":[[-324,-499,-504,-549,554,555,-350]],"type":"Polygon","properties":{"name":"Shinwari","shapeGroup":"AFG","gid":"AFG-2-156"},"id":"AFG-2-156"},{"arcs":[[-494,-546,556,-540]],"type":"Polygon","properties":{"name":"Zhari","shapeGroup":"AFG","gid":"AFG-2-157"},"id":"AFG-2-157"},{"arcs":[[-531,-543,557,-552]],"type":"Polygon","properties":{"name":"Wor Mayi","shapeGroup":"AFG","gid":"AFG-2-158"},"id":"AFG-2-158"},{"arcs":[[-351,-556,558,559,560,561]],"type":"Polygon","properties":{"name":"Sia Gird ( Ghorbund)","shapeGroup":"AFG","gid":"AFG-2-159"},"id":"AFG-2-159"},{"arcs":[[-523,-541,-557,-545,-551,562,563]],"type":"Polygon","properties":{"name":"Khakrez","shapeGroup":"AFG","gid":"AFG-2-160"},"id":"AFG-2-160"},{"arcs":[[-518,-534,564,565,566,567]],"type":"Polygon","properties":{"name":"Nawa","shapeGroup":"AFG","gid":"AFG-2-161"},"id":"AFG-2-161"},{"arcs":[[-561,568,569,570,571,572,573,574]],"type":"Polygon","properties":{"name":"Surkhi Parsa","shapeGroup":"AFG","gid":"AFG-2-162"},"id":"AFG-2-162"},{"arcs":[[-24,575,576,-58]],"type":"Polygon","properties":{"name":"Ab Kamari","shapeGroup":"AFG","gid":"AFG-2-163"},"id":"AFG-2-163"},{"arcs":[[-352,-562,-575,577,578]],"type":"Polygon","properties":{"name":"Shekh  Ali","shapeGroup":"AFG","gid":"AFG-2-164"},"id":"AFG-2-164"},{"arcs":[[-519,-568,579,580,581,582]],"type":"Polygon","properties":{"name":"Gelan","shapeGroup":"AFG","gid":"AFG-2-165"},"id":"AFG-2-165"},{"arcs":[[-23,583,584,585,586,-576]],"type":"Polygon","properties":{"name":"Muqur","shapeGroup":"AFG","gid":"AFG-2-166"},"id":"AFG-2-166"},{"arcs":[[587,588,589,590]],"type":"Polygon","properties":{"name":"Kaldar","shapeGroup":"AFG","gid":"AFG-2-167"},"id":"AFG-2-167"},{"arcs":[[-520,-583,591,592,593]],"type":"Polygon","properties":{"name":"Muqur","shapeGroup":"AFG","gid":"AFG-2-168"},"id":"AFG-2-168"},{"arcs":[[594,595,596,597,598,599]],"type":"Polygon","properties":{"name":"Dawlatabad","shapeGroup":"AFG","gid":"AFG-2-169"},"id":"AFG-2-169"},{"arcs":[[-59,-577,-587,600]],"type":"Polygon","properties":{"name":"Qala-I- Naw","shapeGroup":"AFG","gid":"AFG-2-170"},"id":"AFG-2-170"},{"arcs":[[-415,601,602,603,-563,-550]],"type":"Polygon","properties":{"name":"Dihrawud","shapeGroup":"AFG","gid":"AFG-2-171"},"id":"AFG-2-171"},{"arcs":[[-508,-521,-594,604,605]],"type":"Polygon","properties":{"name":"Ab Band","shapeGroup":"AFG","gid":"AFG-2-172"},"id":"AFG-2-172"},{"arcs":[[-588,606,607,608,609,610,-595,611],[612]],"type":"Polygon","properties":{"name":"Nahri Shahi","shapeGroup":"AFG","gid":"AFG-2-173"},"id":"AFG-2-173"},{"arcs":[[-443,-475,-492,-509,-606,613,614]],"type":"Polygon","properties":{"name":"Giro","shapeGroup":"AFG","gid":"AFG-2-174"},"id":"AFG-2-174"},{"arcs":[[-414,-448,615,616,-602]],"type":"Polygon","properties":{"name":"Shahidi Hassas","shapeGroup":"AFG","gid":"AFG-2-175"},"id":"AFG-2-175"},{"arcs":[[-613]],"type":"Polygon","properties":{"name":"Mazari Sharif","shapeGroup":"AFG","gid":"AFG-2-176"},"id":"AFG-2-176"},{"arcs":[[-444,-615,617,618,619,620]],"type":"Polygon","properties":{"name":"Andar","shapeGroup":"AFG","gid":"AFG-2-177"},"id":"AFG-2-177"},{"arcs":[[-524,-564,-604,621]],"type":"Polygon","properties":{"name":"Nesh","shapeGroup":"AFG","gid":"AFG-2-178"},"id":"AFG-2-178"},{"arcs":[[-409,622,-464,-478,-483,-420]],"type":"Polygon","properties":{"name":"Koh Band","shapeGroup":"AFG","gid":"AFG-2-179"},"id":"AFG-2-179"},{"arcs":[[-113,-436,-445,-621,623,624,-246]],"type":"Polygon","properties":{"name":"Dih Yak","shapeGroup":"AFG","gid":"AFG-2-180"},"id":"AFG-2-180"},{"arcs":[[-60,-601,-586,625,626,627,-91]],"type":"Polygon","properties":{"name":"Qadis","shapeGroup":"AFG","gid":"AFG-2-181"},"id":"AFG-2-181"},{"arcs":[[-400,628,-441,-452,-538,-465,-623,-408]],"type":"Polygon","properties":{"name":"Nijrab","shapeGroup":"AFG","gid":"AFG-2-182"},"id":"AFG-2-182"},{"arcs":[[-247,-625,629,630,631]],"type":"Polygon","properties":{"name":"Zana Khan","shapeGroup":"AFG","gid":"AFG-2-183"},"id":"AFG-2-183"},{"arcs":[[-608,632,633,634]],"type":"Polygon","properties":{"name":"Marmul","shapeGroup":"AFG","gid":"AFG-2-184"},"id":"AFG-2-184"},{"arcs":[[-93,635,636,637,-97]],"type":"Polygon","properties":{"name":"Tulak","shapeGroup":"AFG","gid":"AFG-2-185"},"id":"AFG-2-185"},{"arcs":[[-609,-635,638,639,640,641,642]],"type":"Polygon","properties":{"name":"Chahar Kint","shapeGroup":"AFG","gid":"AFG-2-186"},"id":"AFG-2-186"},{"arcs":[[-620,643,644,645,-630,-624]],"type":"Polygon","properties":{"name":"Ghazni","shapeGroup":"AFG","gid":"AFG-2-187"},"id":"AFG-2-187"},{"arcs":[[-98,-638,646,647,-186]],"type":"Polygon","properties":{"name":"Saghar","shapeGroup":"AFG","gid":"AFG-2-188"},"id":"AFG-2-188"},{"arcs":[[-642,648,649,650,651]],"type":"Polygon","properties":{"name":"Sholgara","shapeGroup":"AFG","gid":"AFG-2-189"},"id":"AFG-2-189"},{"arcs":[[-631,-646,652,653,654,655]],"type":"Polygon","properties":{"name":"Khwaja Umari","shapeGroup":"AFG","gid":"AFG-2-190"},"id":"AFG-2-190"},{"arcs":[[-610,-643,-652,656,657]],"type":"Polygon","properties":{"name":"Dihdadi","shapeGroup":"AFG","gid":"AFG-2-191"},"id":"AFG-2-191"},{"arcs":[[-654,658,659,660,661]],"type":"Polygon","properties":{"name":"Rashidan","shapeGroup":"AFG","gid":"AFG-2-192"},"id":"AFG-2-192"},{"arcs":[[-525,-622,-603,-617,662,663]],"type":"Polygon","properties":{"name":"Tirin Kot","shapeGroup":"AFG","gid":"AFG-2-193"},"id":"AFG-2-193"},{"arcs":[[-596,-611,-658,664,665]],"type":"Polygon","properties":{"name":"Balkh","shapeGroup":"AFG","gid":"AFG-2-194"},"id":"AFG-2-194"},{"arcs":[[666,667,668,669,670,671,672]],"type":"Polygon","properties":{"name":"Fayzabad","shapeGroup":"AFG","gid":"AFG-2-195"},"id":"AFG-2-195"},{"arcs":[[-645,673,674,-659,-653]],"type":"Polygon","properties":{"name":"Wali Muhammadi Shahid","shapeGroup":"AFG","gid":"AFG-2-196"},"id":"AFG-2-196"},{"arcs":[[-597,-666,675,-672,676]],"type":"Polygon","properties":{"name":"Chahar Bolak","shapeGroup":"AFG","gid":"AFG-2-197"},"id":"AFG-2-197"},{"arcs":[[677,678,679,680,681,682,683]],"type":"Polygon","properties":{"name":"Mangajek","shapeGroup":"AFG","gid":"AFG-2-198"},"id":"AFG-2-198"},{"arcs":[[-619,684,685,-674,-644]],"type":"Polygon","properties":{"name":"Waghaz","shapeGroup":"AFG","gid":"AFG-2-199"},"id":"AFG-2-199"},{"arcs":[[-681,686,687,688,689,690,691]],"type":"Polygon","properties":{"name":"Khwaja Du Koh","shapeGroup":"AFG","gid":"AFG-2-200"},"id":"AFG-2-200"},{"arcs":[[-651,692,693,-673,-676,-665,-657]],"type":"Polygon","properties":{"name":"Chimtal","shapeGroup":"AFG","gid":"AFG-2-201"},"id":"AFG-2-201"},{"arcs":[[-660,-675,-686,694,695]],"type":"Polygon","properties":{"name":"Bahrami Shahid (Jaghatu)","shapeGroup":"AFG","gid":"AFG-2-202"},"id":"AFG-2-202"},{"arcs":[[-668,696,697,698,699,-687,-680,700]],"type":"Polygon","properties":{"name":"Shibirghan","shapeGroup":"AFG","gid":"AFG-2-203"},"id":"AFG-2-203"},{"arcs":[[-641,701,702,703,704,705,-649]],"type":"Polygon","properties":{"name":"Kishindih","shapeGroup":"AFG","gid":"AFG-2-204"},"id":"AFG-2-204"},{"arcs":[[-593,706,707,-695,-685,-618,-614,-605]],"type":"Polygon","properties":{"name":"Qarabagh","shapeGroup":"AFG","gid":"AFG-2-205"},"id":"AFG-2-205"},{"arcs":[[-705,708,709,710]],"type":"Polygon","properties":{"name":"Zari","shapeGroup":"AFG","gid":"AFG-2-206"},"id":"AFG-2-206"},{"arcs":[[-699,711,712,713,714,715,716]],"type":"Polygon","properties":{"name":"Qush Tepa","shapeGroup":"AFG","gid":"AFG-2-207"},"id":"AFG-2-207"},{"arcs":[[-373,717,718,719,720,-381]],"type":"Polygon","properties":{"name":"Kamdesh","shapeGroup":"AFG","gid":"AFG-2-208"},"id":"AFG-2-208"},{"arcs":[[-713,721,722]],"type":"Polygon","properties":{"name":"Darzab","shapeGroup":"AFG","gid":"AFG-2-209"},"id":"AFG-2-209"},{"arcs":[[-286,723,724,725]],"type":"Polygon","properties":{"name":"Hazrati Sultan","shapeGroup":"AFG","gid":"AFG-2-210"},"id":"AFG-2-210"},{"arcs":[[-328,-346,-340,726,727,-718,-372]],"type":"Polygon","properties":{"name":"Waygal","shapeGroup":"AFG","gid":"AFG-2-211"},"id":"AFG-2-211"},{"arcs":[[-669,-701,-679,728]],"type":"Polygon","properties":{"name":"Khaniqa","shapeGroup":"AFG","gid":"AFG-2-212"},"id":"AFG-2-212"},{"arcs":[[-285,729,730,731,732,-724]],"type":"Polygon","properties":{"name":"Aybak","shapeGroup":"AFG","gid":"AFG-2-213"},"id":"AFG-2-213"},{"arcs":[[-291,733,734,-727,-339]],"type":"Polygon","properties":{"name":"Wama","shapeGroup":"AFG","gid":"AFG-2-214"},"id":"AFG-2-214"},{"arcs":[[-667,-694,735,736,737,738,-697]],"type":"Polygon","properties":{"name":"Sari Pul","shapeGroup":"AFG","gid":"AFG-2-215"},"id":"AFG-2-215"},{"arcs":[[-337,-355,739,740,741,-344]],"type":"Polygon","properties":{"name":"Ruyi Du Ab","shapeGroup":"AFG","gid":"AFG-2-216"},"id":"AFG-2-216"},{"arcs":[[-698,-739,742,743,-722,-712]],"type":"Polygon","properties":{"name":"Sayyad","shapeGroup":"AFG","gid":"AFG-2-217"},"id":"AFG-2-217"},{"arcs":[[-290,744,745,746,747,748,-734]],"type":"Polygon","properties":{"name":"Nurgaram","shapeGroup":"AFG","gid":"AFG-2-218"},"id":"AFG-2-218"},{"arcs":[[-284,-303,-345,-742,749,-730]],"type":"Polygon","properties":{"name":"Khuram Wa Sarbagh","shapeGroup":"AFG","gid":"AFG-2-219"},"id":"AFG-2-219"},{"arcs":[[-738,750,751,752,753,754,755,756,757,758,-743]],"type":"Polygon","properties":{"name":"Kohistanat","shapeGroup":"AFG","gid":"AFG-2-220"},"id":"AFG-2-220"},{"arcs":[[-289,759,760,761,762,-745]],"type":"Polygon","properties":{"name":"Alingar","shapeGroup":"AFG","gid":"AFG-2-221"},"id":"AFG-2-221"},{"arcs":[[-634,763,-725,-733,764,-639]],"type":"Polygon","properties":{"name":"Feroz Nakhchir","shapeGroup":"AFG","gid":"AFG-2-222"},"id":"AFG-2-222"},{"arcs":[[-33,-46,765,766,-761,767,768,769,770]],"type":"Polygon","properties":{"name":"Qarghayi","shapeGroup":"AFG","gid":"AFG-2-223"},"id":"AFG-2-223"},{"arcs":[[-690,771,772,773]],"type":"Polygon","properties":{"name":"Khani Chahar Bagh","shapeGroup":"AFG","gid":"AFG-2-224"},"id":"AFG-2-224"},{"arcs":[[-640,-765,-732,774,-702]],"type":"Polygon","properties":{"name":"Dara-I-Sufi Payin","shapeGroup":"AFG","gid":"AFG-2-225"},"id":"AFG-2-225"},{"arcs":[[-762,-767,775,776]],"type":"Polygon","properties":{"name":"Mihtarlam","shapeGroup":"AFG","gid":"AFG-2-226"},"id":"AFG-2-226"},{"arcs":[[-689,777,778,779,-772]],"type":"Polygon","properties":{"name":"Andkhoy","shapeGroup":"AFG","gid":"AFG-2-227"},"id":"AFG-2-227"},{"arcs":[[-703,-775,-731,-750,-741,780,781,782]],"type":"Polygon","properties":{"name":"Dara-I-Sufi Bala","shapeGroup":"AFG","gid":"AFG-2-228"},"id":"AFG-2-228"},{"arcs":[[-773,-780,783,784]],"type":"Polygon","properties":{"name":"Qurghan","shapeGroup":"AFG","gid":"AFG-2-229"},"id":"AFG-2-229"},{"arcs":[[-598,-677,-671,785,-684,786]],"type":"Polygon","properties":{"name":"Mardyan","shapeGroup":"AFG","gid":"AFG-2-230"},"id":"AFG-2-230"},{"arcs":[[-779,787,788,-784]],"type":"Polygon","properties":{"name":"Qaramqol","shapeGroup":"AFG","gid":"AFG-2-231"},"id":"AFG-2-231"},{"arcs":[[789,790]],"type":"Polygon","properties":{"name":"Wakhan","shapeGroup":"AFG","gid":"AFG-2-232"},"id":"AFG-2-232"},{"arcs":[[-670,-729,-678,-786]],"type":"Polygon","properties":{"name":"Aqcha","shapeGroup":"AFG","gid":"AFG-2-233"},"id":"AFG-2-233"},{"arcs":[[-688,-700,-717,791,792,-788,-778]],"type":"Polygon","properties":{"name":"Dawlatabad","shapeGroup":"AFG","gid":"AFG-2-234"},"id":"AFG-2-234"},{"arcs":[[-704,-783,793,-753,794,-709]],"type":"Polygon","properties":{"name":"Balkhab","shapeGroup":"AFG","gid":"AFG-2-235"},"id":"AFG-2-235"},{"arcs":[[-716,795,796,797,798,-792]],"type":"Polygon","properties":{"name":"Shirin Tagab","shapeGroup":"AFG","gid":"AFG-2-236"},"id":"AFG-2-236"},{"arcs":[[-791,799,800,801,802,803,804]],"type":"Polygon","properties":{"name":"Ishkashiem","shapeGroup":"AFG","gid":"AFG-2-237"},"id":"AFG-2-237"},{"arcs":[[-650,-706,-711,805,806,-736,-693]],"type":"Polygon","properties":{"name":"Gosfandi","shapeGroup":"AFG","gid":"AFG-2-238"},"id":"AFG-2-238"},{"arcs":[[-715,807,808,809,810,-796]],"type":"Polygon","properties":{"name":"Khwaja Sabz Posh","shapeGroup":"AFG","gid":"AFG-2-239"},"id":"AFG-2-239"},{"arcs":[[-710,-795,-752,811,-806]],"type":"Polygon","properties":{"name":"Sangcharak","shapeGroup":"AFG","gid":"AFG-2-240"},"id":"AFG-2-240"},{"arcs":[[-810,812]],"type":"Polygon","properties":{"name":"Maymana","shapeGroup":"AFG","gid":"AFG-2-241"},"id":"AFG-2-241"},{"arcs":[[-804,813,814,815,816,817,818]],"type":"Polygon","properties":{"name":"Shighnan","shapeGroup":"AFG","gid":"AFG-2-242"},"id":"AFG-2-242"},{"arcs":[[-737,-807,-812,-751]],"type":"Polygon","properties":{"name":"Sozma Qala","shapeGroup":"AFG","gid":"AFG-2-243"},"id":"AFG-2-243"},{"arcs":[[-714,-723,-744,-759,819,820,-808]],"type":"Polygon","properties":{"name":"Bilchiragh","shapeGroup":"AFG","gid":"AFG-2-244"},"id":"AFG-2-244"},{"arcs":[[-354,821,822,823,-781,-740]],"type":"Polygon","properties":{"name":"Kahmard","shapeGroup":"AFG","gid":"AFG-2-245"},"id":"AFG-2-245"},{"arcs":[[-818,824,825,826,827]],"type":"Polygon","properties":{"name":"Darwazbala","shapeGroup":"AFG","gid":"AFG-2-246"},"id":"AFG-2-246"},{"arcs":[[828,829,830,831]],"type":"Polygon","properties":{"name":"Bamyan","shapeGroup":"AFG","gid":"AFG-2-247"},"id":"AFG-2-247"},{"arcs":[[-797,-811,-813,-809,-821,832,833,834,835]],"type":"Polygon","properties":{"name":"Pashtun Kot","shapeGroup":"AFG","gid":"AFG-2-248"},"id":"AFG-2-248"},{"arcs":[[-798,-836,836,837,838]],"type":"Polygon","properties":{"name":"Almar","shapeGroup":"AFG","gid":"AFG-2-249"},"id":"AFG-2-249"},{"arcs":[[-823,839,-831,840]],"type":"Polygon","properties":{"name":"Sayghan","shapeGroup":"AFG","gid":"AFG-2-250"},"id":"AFG-2-250"},{"arcs":[[-827,841,842,843]],"type":"Polygon","properties":{"name":"Darwaz","shapeGroup":"AFG","gid":"AFG-2-251"},"id":"AFG-2-251"},{"arcs":[[-835,844,845,846,847,-837]],"type":"Polygon","properties":{"name":"Qaysar","shapeGroup":"AFG","gid":"AFG-2-252"},"id":"AFG-2-252"},{"arcs":[[-353,-579,848,849,-832,-840,-822]],"type":"Polygon","properties":{"name":"Shibar","shapeGroup":"AFG","gid":"AFG-2-253"},"id":"AFG-2-253"},{"arcs":[[-843,850,851]],"type":"Polygon","properties":{"name":"Shaki","shapeGroup":"AFG","gid":"AFG-2-254"},"id":"AFG-2-254"},{"arcs":[[-758,852,-833,-820]],"type":"Polygon","properties":{"name":"Gurziwan","shapeGroup":"AFG","gid":"AFG-2-255"},"id":"AFG-2-255"},{"arcs":[[-754,-794,-782,-824,-841,-830,853,854,855]],"type":"Polygon","properties":{"name":"Yakawlang","shapeGroup":"AFG","gid":"AFG-2-256"},"id":"AFG-2-256"},{"arcs":[[-826,856,857,858,-851,-842]],"type":"Polygon","properties":{"name":"Kuf Ab","shapeGroup":"AFG","gid":"AFG-2-257"},"id":"AFG-2-257"},{"arcs":[[-757,859,860,861,-845,-834,-853]],"type":"Polygon","properties":{"name":"Kohistan","shapeGroup":"AFG","gid":"AFG-2-258"},"id":"AFG-2-258"},{"arcs":[[-855,862,863,864,865]],"type":"Polygon","properties":{"name":"Panjab","shapeGroup":"AFG","gid":"AFG-2-259"},"id":"AFG-2-259"},{"arcs":[[866,867,868,869,870,871,872]],"type":"Polygon","properties":{"name":"Gizab","shapeGroup":"AFG","gid":"AFG-2-260"},"id":"AFG-2-260"},{"arcs":[[-858,873,874]],"type":"Polygon","properties":{"name":"Khwahan","shapeGroup":"AFG","gid":"AFG-2-261"},"id":"AFG-2-261"},{"arcs":[[-872,875,876,877,878]],"type":"Polygon","properties":{"name":"Nili","shapeGroup":"AFG","gid":"AFG-2-262"},"id":"AFG-2-262"},{"arcs":[[-864,879,880,881,882]],"type":"Polygon","properties":{"name":"Waras","shapeGroup":"AFG","gid":"AFG-2-263"},"id":"AFG-2-263"},{"arcs":[[-817,883,884,885,-874,-857,-825]],"type":"Polygon","properties":{"name":"Raghistan","shapeGroup":"AFG","gid":"AFG-2-264"},"id":"AFG-2-264"},{"arcs":[[-865,-883,886,887,-878,888,889,890]],"type":"Polygon","properties":{"name":"Ishtarlay","shapeGroup":"AFG","gid":"AFG-2-265"},"id":"AFG-2-265"},{"arcs":[[-882,891,892,893,-887]],"type":"Polygon","properties":{"name":"Miramor","shapeGroup":"AFG","gid":"AFG-2-266"},"id":"AFG-2-266"},{"arcs":[[-890,894,895,896,897,898]],"type":"Polygon","properties":{"name":"Sangi Takht","shapeGroup":"AFG","gid":"AFG-2-267"},"id":"AFG-2-267"},{"arcs":[[-873,-879,-888,-894,899]],"type":"Polygon","properties":{"name":"Shahristan","shapeGroup":"AFG","gid":"AFG-2-268"},"id":"AFG-2-268"},{"arcs":[[900,901,902,903,904,905,906,907]],"type":"Polygon","properties":{"name":"Argo","shapeGroup":"AFG","gid":"AFG-2-269"},"id":"AFG-2-269"},{"arcs":[[-755,-856,-866,-891,-899,908,909]],"type":"Polygon","properties":{"name":"Lal Wa Sarjangal","shapeGroup":"AFG","gid":"AFG-2-270"},"id":"AFG-2-270"},{"arcs":[[-515,910,911,912,-547,-535]],"type":"Polygon","properties":{"name":"Qarabagh","shapeGroup":"AFG","gid":"AFG-2-271"},"id":"AFG-2-271"},{"arcs":[[-901,913,914,915,916]],"type":"Polygon","properties":{"name":"Yaftal Sufla","shapeGroup":"AFG","gid":"AFG-2-272"},"id":"AFG-2-272"},{"arcs":[[-548,-913,917,-559,-555]],"type":"Polygon","properties":{"name":"Istalif","shapeGroup":"AFG","gid":"AFG-2-273"},"id":"AFG-2-273"},{"arcs":[[-898,918,-909]],"type":"Polygon","properties":{"name":"Dawlat Yar","shapeGroup":"AFG","gid":"AFG-2-274"},"id":"AFG-2-274"},{"arcs":[[-816,919,920,-916,921,-884]],"type":"Polygon","properties":{"name":"Kohistan","shapeGroup":"AFG","gid":"AFG-2-275"},"id":"AFG-2-275"},{"arcs":[[-560,-918,922,923,924,-569]],"type":"Polygon","properties":{"name":"Farza","shapeGroup":"AFG","gid":"AFG-2-276"},"id":"AFG-2-276"},{"arcs":[[-902,-917,-921,925]],"type":"Polygon","properties":{"name":"Fayzabad","shapeGroup":"AFG","gid":"AFG-2-277"},"id":"AFG-2-277"},{"arcs":[[-756,-910,-919,-897,926,927,928,929,-860]],"type":"Polygon","properties":{"name":"Chaghcharan","shapeGroup":"AFG","gid":"AFG-2-278"},"id":"AFG-2-278"},{"arcs":[[-570,-925,930,931]],"type":"Polygon","properties":{"name":"Guldara","shapeGroup":"AFG","gid":"AFG-2-279"},"id":"AFG-2-279"},{"arcs":[[-815,932,933,934,-903,-926,-920]],"type":"Polygon","properties":{"name":"Arghanj Khaw","shapeGroup":"AFG","gid":"AFG-2-280"},"id":"AFG-2-280"},{"arcs":[[-912,935,936,937,-923]],"type":"Polygon","properties":{"name":"Kalakan","shapeGroup":"AFG","gid":"AFG-2-281"},"id":"AFG-2-281"},{"arcs":[[-861,-930,938]],"type":"Polygon","properties":{"name":"Charsada","shapeGroup":"AFG","gid":"AFG-2-282"},"id":"AFG-2-282"},{"arcs":[[-803,939,940,-933,-814]],"type":"Polygon","properties":{"name":"Shahada","shapeGroup":"AFG","gid":"AFG-2-283"},"id":"AFG-2-283"},{"arcs":[[-924,-938,941,-931]],"type":"Polygon","properties":{"name":"Mir Bacha Kot","shapeGroup":"AFG","gid":"AFG-2-284"},"id":"AFG-2-284"},{"arcs":[[-896,942,943,944,945,946,-927]],"type":"Polygon","properties":{"name":"Du Layna","shapeGroup":"AFG","gid":"AFG-2-285"},"id":"AFG-2-285"},{"arcs":[[-934,-941,947,948,949]],"type":"Polygon","properties":{"name":"Baharak","shapeGroup":"AFG","gid":"AFG-2-286"},"id":"AFG-2-286"},{"arcs":[[-571,-932,-942,-937,950,951,952]],"type":"Polygon","properties":{"name":"Shakardara","shapeGroup":"AFG","gid":"AFG-2-287"},"id":"AFG-2-287"},{"arcs":[[-838,-848,953,954]],"type":"Polygon","properties":{"name":"Ghormach","shapeGroup":"AFG","gid":"AFG-2-288"},"id":"AFG-2-288"},{"arcs":[[-802,955,956,-948,-940]],"type":"Polygon","properties":{"name":"Warduj\n","shapeGroup":"AFG","gid":"AFG-2-289"},"id":"AFG-2-289"},{"arcs":[[-572,-953,957,958,959,960,961]],"type":"Polygon","properties":{"name":"Paghman","shapeGroup":"AFG","gid":"AFG-2-290"},"id":"AFG-2-290"},{"arcs":[[-585,962,-954,-847,963,-626]],"type":"Polygon","properties":{"name":"Bala Murghab","shapeGroup":"AFG","gid":"AFG-2-291"},"id":"AFG-2-291"},{"arcs":[[-514,964,965,966,-951,-936,-911]],"type":"Polygon","properties":{"name":"Dih Sabz","shapeGroup":"AFG","gid":"AFG-2-292"},"id":"AFG-2-292"},{"arcs":[[-904,-935,-950,967,968]],"type":"Polygon","properties":{"name":"Khash","shapeGroup":"AFG","gid":"AFG-2-293"},"id":"AFG-2-293"},{"arcs":[[-952,-967,969,970,-958]],"type":"Polygon","properties":{"name":"Kabul","shapeGroup":"AFG","gid":"AFG-2-294"},"id":"AFG-2-294"},{"arcs":[[-627,-964,-846,-862,-939,-929,971]],"type":"Polygon","properties":{"name":"Jawand","shapeGroup":"AFG","gid":"AFG-2-295"},"id":"AFG-2-295"},{"arcs":[[-801,972,973,974,975,-956]],"type":"Polygon","properties":{"name":"Zebak","shapeGroup":"AFG","gid":"AFG-2-296"},"id":"AFG-2-296"},{"arcs":[[-966,976,977,978,-970]],"type":"Polygon","properties":{"name":"Bagrami","shapeGroup":"AFG","gid":"AFG-2-297"},"id":"AFG-2-297"},{"arcs":[[-92,-628,-972,-928,-947,979,-636]],"type":"Polygon","properties":{"name":"Chishti Sharif","shapeGroup":"AFG","gid":"AFG-2-298"},"id":"AFG-2-298"},{"arcs":[[-949,-957,-976,980,981,982,-968]],"type":"Polygon","properties":{"name":"Jurm","shapeGroup":"AFG","gid":"AFG-2-299"},"id":"AFG-2-299"},{"arcs":[[-961,983,984]],"type":"Polygon","properties":{"name":"Maydan Shahr","shapeGroup":"AFG","gid":"AFG-2-300"},"id":"AFG-2-300"},{"arcs":[[-905,-969,-983,985]],"type":"Polygon","properties":{"name":"Darayim","shapeGroup":"AFG","gid":"AFG-2-301"},"id":"AFG-2-301"},{"arcs":[[-637,-980,-946,986,-647]],"type":"Polygon","properties":{"name":"Shahrak","shapeGroup":"AFG","gid":"AFG-2-302"},"id":"AFG-2-302"},{"arcs":[[-573,-962,-985,987,988,989]],"type":"Polygon","properties":{"name":"Jalrez","shapeGroup":"AFG","gid":"AFG-2-303"},"id":"AFG-2-303"},{"arcs":[[-906,-986,-982,990,991,992,993]],"type":"Polygon","properties":{"name":"Tashkan","shapeGroup":"AFG","gid":"AFG-2-304"},"id":"AFG-2-304"},{"arcs":[[-187,-648,-987,-945,994]],"type":"Polygon","properties":{"name":"Taywara","shapeGroup":"AFG","gid":"AFG-2-305"},"id":"AFG-2-305"},{"arcs":[[-574,-990,995,996,-849,-578]],"type":"Polygon","properties":{"name":"Hisa-I- Awali Bihsud","shapeGroup":"AFG","gid":"AFG-2-306"},"id":"AFG-2-306"},{"arcs":[[-177,-425,-385,-378,-333]],"type":"Polygon","properties":{"name":"Washer","shapeGroup":"AFG","gid":"AFG-2-307"},"id":"AFG-2-307"},{"arcs":[[-993,997,998,999,1000]],"type":"Polygon","properties":{"name":"Kishim","shapeGroup":"AFG","gid":"AFG-2-308"},"id":"AFG-2-308"},{"arcs":[[-829,-850,-997,1001,1002,-880,-863,-854]],"type":"Polygon","properties":{"name":"Markazi Bihsud","shapeGroup":"AFG","gid":"AFG-2-309"},"id":"AFG-2-309"},{"arcs":[[-188,-995,-944,1003,1004,1005,-446]],"type":"Polygon","properties":{"name":"Pasaband","shapeGroup":"AFG","gid":"AFG-2-310"},"id":"AFG-2-310"},{"arcs":[[-989,1006,1007,1008,-1002,-996]],"type":"Polygon","properties":{"name":"Day Mirdad","shapeGroup":"AFG","gid":"AFG-2-311"},"id":"AFG-2-311"},{"arcs":[[-992,1009,1010,1011,-998]],"type":"Polygon","properties":{"name":"Tagab (Kishmi Bala)","shapeGroup":"AFG","gid":"AFG-2-312"},"id":"AFG-2-312"},{"arcs":[[-877,1012,-1004,-943,-895,-889]],"type":"Polygon","properties":{"name":"Khadir","shapeGroup":"AFG","gid":"AFG-2-313"},"id":"AFG-2-313"},{"arcs":[[-720,1013,1014,1015]],"type":"Polygon","properties":{"name":"Bargi Matal","shapeGroup":"AFG","gid":"AFG-2-314"},"id":"AFG-2-314"},{"arcs":[[-871,1016,-1005,-1013,-876]],"type":"Polygon","properties":{"name":"Gaiti","shapeGroup":"AFG","gid":"AFG-2-315"},"id":"AFG-2-315"},{"arcs":[[-365,1017,1018,-974,1019,-1015,1020,1021]],"type":"Polygon","properties":{"name":"Kuran Wa Munjan","shapeGroup":"AFG","gid":"AFG-2-316"},"id":"AFG-2-316"},{"arcs":[[-748,1022,1023,1024]],"type":"Polygon","properties":{"name":"Du Ab","shapeGroup":"AFG","gid":"AFG-2-317"},"id":"AFG-2-317"},{"arcs":[[-447,-1006,-1017,-870,1025,-663,-616]],"type":"Polygon","properties":{"name":"Kajran","shapeGroup":"AFG","gid":"AFG-2-318"},"id":"AFG-2-318"},{"arcs":[[-975,-1019,1026,-1010,-991,-981]],"type":"Polygon","properties":{"name":"Yamgan (Girwan)","shapeGroup":"AFG","gid":"AFG-2-319"},"id":"AFG-2-319"},{"arcs":[[-719,-728,-735,-749,-1025,1027,-1021,-1014]],"type":"Polygon","properties":{"name":"Parun","shapeGroup":"AFG","gid":"AFG-2-320"},"id":"AFG-2-320"},{"arcs":[[-526,-664,-1026,-869,1028,1029,1030]],"type":"Polygon","properties":{"name":"Chora","shapeGroup":"AFG","gid":"AFG-2-321"},"id":"AFG-2-321"},{"arcs":[[-907,-994,-1001,1031,1032,1033,1034,1035,1036,1037,1038,1039]],"type":"Polygon","properties":{"name":"Rustaq","shapeGroup":"AFG","gid":"AFG-2-322"},"id":"AFG-2-322"},{"arcs":[[-366,-1022,-1028,-1024,1040,-398,-375]],"type":"Polygon","properties":{"name":"Mandol","shapeGroup":"AFG","gid":"AFG-2-323"},"id":"AFG-2-323"},{"arcs":[[-15,-64,1041,-53,-47]],"type":"Polygon","properties":{"name":"Hirat","shapeGroup":"AFG","gid":"AFG-2-324"},"id":"AFG-2-324"},{"arcs":[[-1000,1042,1043,-1032]],"type":"Polygon","properties":{"name":"Kalfagan","shapeGroup":"AFG","gid":"AFG-2-325"},"id":"AFG-2-325"},{"arcs":[[-399,-1041,-1023,-747,1044,-437,-629]],"type":"Polygon","properties":{"name":"Daulatshahi","shapeGroup":"AFG","gid":"AFG-2-326"},"id":"AFG-2-326"},{"arcs":[[-54,-1042,-63]],"type":"Polygon","properties":{"name":"Injil","shapeGroup":"AFG","gid":"AFG-2-327"},"id":"AFG-2-327"},{"arcs":[[-1033,-1044,1045,1046,1047,1048,1049,1050]],"type":"Polygon","properties":{"name":"Taluqan","shapeGroup":"AFG","gid":"AFG-2-328"},"id":"AFG-2-328"},{"arcs":[[-438,-1045,-746,-763,-777,1051]],"type":"Polygon","properties":{"name":"Alishing","shapeGroup":"AFG","gid":"AFG-2-329"},"id":"AFG-2-329"},{"arcs":[[-1034,-1051,1052,1053]],"type":"Polygon","properties":{"name":"Hazar Sumuch","shapeGroup":"AFG","gid":"AFG-2-330"},"id":"AFG-2-330"},{"arcs":[[-45,1054,-965,-513,-449,-439,-1052,-776,-766]],"type":"Polygon","properties":{"name":"Surobi","shapeGroup":"AFG","gid":"AFG-2-331"},"id":"AFG-2-331"},{"arcs":[[-1050,1055,1056,1057,-1053]],"type":"Polygon","properties":{"name":"Baharak","shapeGroup":"AFG","gid":"AFG-2-332"},"id":"AFG-2-332"},{"arcs":[[-44,-52,-222,1058,-977,-1055]],"type":"Polygon","properties":{"name":"Khaki Jabbar","shapeGroup":"AFG","gid":"AFG-2-333"},"id":"AFG-2-333"},{"arcs":[[-221,1059,-978,-1059]],"type":"Polygon","properties":{"name":"Musayi","shapeGroup":"AFG","gid":"AFG-2-334"},"id":"AFG-2-334"},{"arcs":[[-999,-1012,1060,1061,-1046,-1043]],"type":"Polygon","properties":{"name":"Farkhar","shapeGroup":"AFG","gid":"AFG-2-335"},"id":"AFG-2-335"},{"arcs":[[-220,1062,-959,-971,-979,-1060]],"type":"Polygon","properties":{"name":"Chahar Asyab","shapeGroup":"AFG","gid":"AFG-2-336"},"id":"AFG-2-336"},{"arcs":[[-225,1063,-1061,-1011,-1027,-1018,-364,-232]],"type":"Polygon","properties":{"name":"Warsaj","shapeGroup":"AFG","gid":"AFG-2-337"},"id":"AFG-2-337"},{"arcs":[[-216,1064,-1047,-1062,-1064,-224]],"type":"Polygon","properties":{"name":"Namak Ab","shapeGroup":"AFG","gid":"AFG-2-338"},"id":"AFG-2-338"},{"arcs":[[-219,-231,1065,1066,-1007,-988,-984,-960,-1063]],"type":"Polygon","properties":{"name":"Nirkh","shapeGroup":"AFG","gid":"AFG-2-339"},"id":"AFG-2-339"},{"arcs":[[-215,1067,1068,-1048,-1065]],"type":"Polygon","properties":{"name":"Chal","shapeGroup":"AFG","gid":"AFG-2-340"},"id":"AFG-2-340"},{"arcs":[[-1008,-1067,1069,1070,1071]],"type":"Polygon","properties":{"name":"Chaki Wardak","shapeGroup":"AFG","gid":"AFG-2-341"},"id":"AFG-2-341"},{"arcs":[[-1049,-1069,1072,1073,1074,-1056]],"type":"Polygon","properties":{"name":"Bangi","shapeGroup":"AFG","gid":"AFG-2-342"},"id":"AFG-2-342"},{"arcs":[[-41,-57,-78,-101,-132,-119,1075]],"type":"Polygon","properties":{"name":"Adraskan","shapeGroup":"AFG","gid":"AFG-2-343"},"id":"AFG-2-343"},{"arcs":[[-230,-238,-245,-248,-632,-656,1076,-1070,-1066]],"type":"Polygon","properties":{"name":"Saydabad","shapeGroup":"AFG","gid":"AFG-2-344"},"id":"AFG-2-344"},{"arcs":[[-214,-254,1077,-1073,-1068]],"type":"Polygon","properties":{"name":"Ishkamish","shapeGroup":"AFG","gid":"AFG-2-345"},"id":"AFG-2-345"},{"arcs":[[-527,-1031,1078,1079]],"type":"Polygon","properties":{"name":"Miya Nishin","shapeGroup":"AFG","gid":"AFG-2-346"},"id":"AFG-2-346"},{"arcs":[[-1037,1080,1081,1082]],"type":"Polygon","properties":{"name":"Khwaja Bahawuddin","shapeGroup":"AFG","gid":"AFG-2-347"},"id":"AFG-2-347"},{"arcs":[[-528,-1080,1083,1084,1085,1086]],"type":"Polygon","properties":{"name":"Mizan","shapeGroup":"AFG","gid":"AFG-2-348"},"id":"AFG-2-348"},{"arcs":[[-204,1087,-1074,-1078,-253,1088]],"type":"Polygon","properties":{"name":"Khanabad","shapeGroup":"AFG","gid":"AFG-2-349"},"id":"AFG-2-349"},{"arcs":[[-655,-662,1089,-1071,-1077]],"type":"Polygon","properties":{"name":"Jaghatu","shapeGroup":"AFG","gid":"AFG-2-350"},"id":"AFG-2-350"},{"arcs":[[-487,-512,-529,-1087,1090,1091]],"type":"Polygon","properties":{"name":"Tarnak Wa Jaldak","shapeGroup":"AFG","gid":"AFG-2-351"},"id":"AFG-2-351"},{"arcs":[[-194,-205,-1089,-252,-281]],"type":"Polygon","properties":{"name":"Aliabad","shapeGroup":"AFG","gid":"AFG-2-352"},"id":"AFG-2-352"},{"arcs":[[-661,-696,-708,1092,1093,1094,-892,-881,-1003,-1009,-1072,-1090]],"type":"Polygon","properties":{"name":"Nawur","shapeGroup":"AFG","gid":"AFG-2-353"},"id":"AFG-2-353"},{"arcs":[[1095,1096,1097]],"type":"Polygon","properties":{"name":"Atghar","shapeGroup":"AFG","gid":"AFG-2-354"},"id":"AFG-2-354"},{"arcs":[[-1086,1098,1099,1100,-1091]],"type":"Polygon","properties":{"name":"Qalat","shapeGroup":"AFG","gid":"AFG-2-355"},"id":"AFG-2-355"},{"arcs":[[-582,1101,1102,-1093,-707,-592]],"type":"Polygon","properties":{"name":"Jaghuri","shapeGroup":"AFG","gid":"AFG-2-356"},"id":"AFG-2-356"},{"arcs":[[-1030,1103,1104,1105,-1084,-1079]],"type":"Polygon","properties":{"name":"Daychopan","shapeGroup":"AFG","gid":"AFG-2-357"},"id":"AFG-2-357"},{"arcs":[[-1094,-1103,1106,1107,1108]],"type":"Polygon","properties":{"name":"Malistan","shapeGroup":"AFG","gid":"AFG-2-358"},"id":"AFG-2-358"},{"arcs":[[-260,1109,1110,1111,1112,1113]],"type":"Polygon","properties":{"name":"Goshta","shapeGroup":"AFG","gid":"AFG-2-359"},"id":"AFG-2-359"},{"arcs":[[-867,-900,-893,-1095,-1109,1114]],"type":"Polygon","properties":{"name":"Ajristan","shapeGroup":"AFG","gid":"AFG-2-360"},"id":"AFG-2-360"},{"arcs":[[-1111,1115,1116,1117]],"type":"Polygon","properties":{"name":"Lal Por","shapeGroup":"AFG","gid":"AFG-2-361"},"id":"AFG-2-361"},{"arcs":[[-868,-1115,-1108,1118,-1104,-1029]],"type":"Polygon","properties":{"name":"Khas Uruzgan","shapeGroup":"AFG","gid":"AFG-2-362"},"id":"AFG-2-362"},{"arcs":[[-1117,1119,1120,1121,1122]],"type":"Polygon","properties":{"name":"Muhmand Dara","shapeGroup":"AFG","gid":"AFG-2-363"},"id":"AFG-2-363"},{"arcs":[[-581,1123,1124,-1105,-1119,-1107,-1102]],"type":"Polygon","properties":{"name":"Kakar","shapeGroup":"AFG","gid":"AFG-2-364"},"id":"AFG-2-364"},{"arcs":[[-1112,-1118,-1123,1125,1126,1127,1128]],"type":"Polygon","properties":{"name":"Bati Kot","shapeGroup":"AFG","gid":"AFG-2-365"},"id":"AFG-2-365"},{"arcs":[[-1085,-1106,-1125,1129,-1099]],"type":"Polygon","properties":{"name":"Arghandab","shapeGroup":"AFG","gid":"AFG-2-366"},"id":"AFG-2-366"},{"arcs":[[-567,1130,1131,-1100,-1130,-1124,-580]],"type":"Polygon","properties":{"name":"Shahjoy","shapeGroup":"AFG","gid":"AFG-2-367"},"id":"AFG-2-367"},{"arcs":[[-261,-1114,1132,1133,1134]],"type":"Polygon","properties":{"name":"Kama","shapeGroup":"AFG","gid":"AFG-2-368"},"id":"AFG-2-368"},{"arcs":[[-262,-1135,1135,-769,1136,-263]],"type":"Polygon","properties":{"name":"Kuz Kunar","shapeGroup":"AFG","gid":"AFG-2-369"},"id":"AFG-2-369"},{"arcs":[[-488,-1092,-1101,-1132,1137,1138,-1096,1139]],"type":"Polygon","properties":{"name":"Shinkay","shapeGroup":"AFG","gid":"AFG-2-370"},"id":"AFG-2-370"},{"arcs":[[-566,1140,-1138,-1131]],"type":"Polygon","properties":{"name":"Naw Bahar","shapeGroup":"AFG","gid":"AFG-2-371"},"id":"AFG-2-371"},{"arcs":[[-264,-1137,-768,-760,-288]],"type":"Polygon","properties":{"name":"Dara-I-Nur","shapeGroup":"AFG","gid":"AFG-2-372"},"id":"AFG-2-372"},{"arcs":[[-20,1141,1142,1143,-770,-1136,-1134,1144]],"type":"Polygon","properties":{"name":"Bihsud","shapeGroup":"AFG","gid":"AFG-2-373"},"id":"AFG-2-373"},{"arcs":[[-533,-554,1145,1146,-1097,-1139,-1141,-565]],"type":"Polygon","properties":{"name":"Shamulzayi","shapeGroup":"AFG","gid":"AFG-2-374"},"id":"AFG-2-374"},{"arcs":[[-1143,1147]],"type":"Polygon","properties":{"name":"Jalalabad","shapeGroup":"AFG","gid":"AFG-2-375"},"id":"AFG-2-375"},{"arcs":[[-885,-922,-915,1148,1149]],"type":"Polygon","properties":{"name":"Yawan","shapeGroup":"AFG","gid":"AFG-2-376"},"id":"AFG-2-376"},{"arcs":[[-19,-34,-771,-1144,-1148,-1142]],"type":"Polygon","properties":{"name":"Surkh Rod","shapeGroup":"AFG","gid":"AFG-2-377"},"id":"AFG-2-377"},{"arcs":[[-908,-1040,1150,1151,-1149,-914]],"type":"Polygon","properties":{"name":"Shahri Buzurg","shapeGroup":"AFG","gid":"AFG-2-378"},"id":"AFG-2-378"},{"arcs":[[-1039,1152,1153,1154,-1151]],"type":"Polygon","properties":{"name":"Chah Ab","shapeGroup":"AFG","gid":"AFG-2-379"},"id":"AFG-2-379"},{"arcs":[[-1121,1155,1156,1157]],"type":"Polygon","properties":{"name":"Dur Baba","shapeGroup":"AFG","gid":"AFG-2-380"},"id":"AFG-2-380"},{"arcs":[[-1122,-1158,1158,1159,-1126]],"type":"Polygon","properties":{"name":"Shinwar","shapeGroup":"AFG","gid":"AFG-2-381"},"id":"AFG-2-381"},{"arcs":[[-1038,-1083,1160,-1153]],"type":"Polygon","properties":{"name":"Yangi Qala","shapeGroup":"AFG","gid":"AFG-2-382"},"id":"AFG-2-382"},{"arcs":[[-1157,1161,1162,-1159]],"type":"Polygon","properties":{"name":"Nazyan","shapeGroup":"AFG","gid":"AFG-2-383"},"id":"AFG-2-383"},{"arcs":[[-1082,1163,1164,-1154,-1161]],"type":"Polygon","properties":{"name":"Darqad","shapeGroup":"AFG","gid":"AFG-2-384"},"id":"AFG-2-384"},{"arcs":[[-6,1165,-1127,-1160,-1163,1166]],"type":"Polygon","properties":{"name":"Acheen","shapeGroup":"AFG","gid":"AFG-2-385"},"id":"AFG-2-385"},{"arcs":[[-1036,1167,1168,-1164,-1081]],"type":"Polygon","properties":{"name":"Dashti Qala","shapeGroup":"AFG","gid":"AFG-2-386"},"id":"AFG-2-386"},{"arcs":[[-1035,-1054,-1058,1169,1170,-1168]],"type":"Polygon","properties":{"name":"Khwaja Ghar","shapeGroup":"AFG","gid":"AFG-2-387"},"id":"AFG-2-387"},{"arcs":[[-5,1171,-1128,-1166]],"type":"Polygon","properties":{"name":"Kot","shapeGroup":"AFG","gid":"AFG-2-388"},"id":"AFG-2-388"},{"arcs":[[-203,1172,1173,-1170,-1057,-1075,-1088]],"type":"Polygon","properties":{"name":"Dashte Archi","shapeGroup":"AFG","gid":"AFG-2-389"},"id":"AFG-2-389"},{"arcs":[[-4,-21,-1145,-1133,-1113,-1129,-1172]],"type":"Polygon","properties":{"name":"Rodat","shapeGroup":"AFG","gid":"AFG-2-390"},"id":"AFG-2-390"},{"arcs":[[-202,1174,1175,-1173]],"type":"Polygon","properties":{"name":"Imam Sahib","shapeGroup":"AFG","gid":"AFG-2-391"},"id":"AFG-2-391"},{"arcs":[[-197,1176,1177,-1175,-201]],"type":"Polygon","properties":{"name":"Qalay-I- Zal","shapeGroup":"AFG","gid":"AFG-2-392"},"id":"AFG-2-392"},{"arcs":[[-196,-287,-726,-764,-633,-607,-591,1178,-1177]],"type":"Polygon","properties":{"name":"Khulm","shapeGroup":"AFG","gid":"AFG-2-393"},"id":"AFG-2-393"},{"arcs":[[-589,-612,-600,1179,1180]],"type":"Polygon","properties":{"name":"Shortepa","shapeGroup":"AFG","gid":"AFG-2-394"},"id":"AFG-2-394"},{"arcs":[[-599,-787,-683,1181,1182,-1180]],"type":"Polygon","properties":{"name":"Qarqin","shapeGroup":"AFG","gid":"AFG-2-395"},"id":"AFG-2-395"},{"arcs":[[-682,-692,1183,-1182]],"type":"Polygon","properties":{"name":"Kham Ab","shapeGroup":"AFG","gid":"AFG-2-396"},"id":"AFG-2-396"},{"arcs":[[-489,-1140,-1098,-1147,1184]],"type":"Polygon","properties":{"name":"Maruf","shapeGroup":"AFG","gid":"AFG-2-397"},"id":"AFG-2-397"}]}}}