{"type":"Topology","arcs":[[[103905,18044],[8,42],[35,73],[35,-8],[57,29],[66,9],[30,36],[33,-5],[5,43],[-26,27],[23,61],[35,-5],[13,64],[115,-27],[6,-25],[36,-19],[40,-118],[35,-17],[9,-57],[25,-40]],[[104485,18107],[-7,-29],[-65,-31],[2,-39],[-22,-19],[-7,-32],[-29,-27]],[[104357,17930],[-39,60],[-27,14],[-56,-3],[-25,11],[-28,-31],[4,-41],[-19,-12],[-32,24],[-21,-5],[-40,53],[-38,-4],[-16,33],[-54,-31],[-63,28],[2,18]],[[115289,30295],[-198,38],[-33,-1],[-30,34],[-29,60],[-70,36],[-118,33],[-45,-35],[-58,122],[-30,-2],[-46,19],[-33,24],[-31,42],[-64,23],[-59,-3],[-46,-30],[-26,13],[-87,-35],[-12,19],[-158,-17],[-23,-17]],[[114093,30618],[22,129],[-22,63],[30,-5],[8,53],[75,21],[-70,35],[-58,-14],[-87,26],[-11,36],[-20,-1],[-29,37],[-5,102],[-63,48],[-55,52],[-6,37],[13,65],[-24,56],[-30,12],[-28,42],[-32,18],[-6,33],[-61,1],[-86,20],[-16,23],[3,68],[-101,19],[-11,41],[-77,14],[-24,21],[-5,35],[-47,8],[1,29],[32,39],[-35,97],[-40,5],[21,76],[12,85],[-18,3],[12,74],[-51,-14]],[[113204,32107],[-3,66],[5,51],[-44,55],[-29,1],[13,71],[-3,46],[-18,3],[9,48],[27,-11],[11,69],[58,-9],[7,45],[34,-5],[11,68],[80,-11],[7,41],[109,-51],[5,-40],[42,-19],[50,11],[33,17],[77,23],[24,32],[54,16],[53,33],[34,-4]],[[113850,32653],[34,-23],[14,-42],[79,-26],[-9,-48],[28,-42],[21,26],[349,3],[8,-18],[56,-1],[47,-19],[38,43],[44,-28],[47,22],[37,-9],[74,10],[57,-18],[86,19],[73,5],[25,-42],[20,32],[-20,49],[-13,75],[37,17],[26,-13],[29,25],[27,-26],[28,-60],[25,10],[27,-23],[22,2],[60,73],[14,29]],[[115240,32655],[6,-45],[35,-39],[34,-8],[0,-34],[18,-17],[-8,-63],[-34,-26],[-10,-58],[17,-19],[-13,-34],[-29,-6],[-1,-27],[33,-35],[30,-81],[3,-61],[13,-21],[-16,-32],[13,-31],[72,-63],[-21,-38],[-2,-74],[16,-28],[-11,-41],[7,-50],[20,-20],[-6,-36],[62,-17],[12,-49],[84,-85]],[[115564,31517],[-22,-43],[-32,4],[-26,-43],[11,-63],[28,-22]],[[115523,31350],[-17,-29]],[[115506,31321],[-31,-14],[2,-55],[-51,-62],[-54,-27],[-12,-41],[-25,-22],[3,-47],[30,-17],[7,-48],[17,2],[50,-46],[-23,-60],[37,-113],[-1,-33],[-49,-57],[-17,-54],[-56,-2],[-35,-69],[-18,-5],[-4,-49],[21,-52],[-18,-39],[-7,-42],[13,-21],[-9,-30],[13,-23]],[[117687,35485],[47,-16],[31,29],[-13,30],[9,24],[64,5],[55,49],[68,-18],[43,-77],[19,-3]],[[118010,35508],[-19,-67],[1,-65],[21,-19],[-2,-84],[-33,-70],[-27,9],[-12,-37],[-122,-165],[-59,-87]],[[117758,34923],[-50,-2],[-50,-23]],[[117658,34898],[-96,76],[-29,37],[19,90],[-11,32],[-30,8],[1,59],[56,60],[9,31],[-20,22],[6,37],[-17,28],[43,36],[51,-23],[41,52],[6,42]],[[97120,25025],[176,-23],[58,-69],[19,20],[84,38],[13,34],[143,-20],[56,27],[46,-41],[123,-16],[16,109],[718,-94],[-31,-226],[86,-10],[-28,-21],[-3,-24],[220,-23]],[[98816,24686],[-8,-184],[64,-9],[-27,-183],[17,-16],[105,-13],[-20,-145],[60,-7]],[[99007,24129],[-27,-204],[174,-21],[-38,-281],[90,-12],[-25,-188],[20,-3],[-24,-164],[75,-11],[-22,-150],[-14,2],[-18,-121],[21,-3],[-9,-66],[192,-25],[39,-19],[38,-4],[1,-40],[-30,-44],[-62,6],[-71,-50],[-8,-31],[-24,-3],[-43,-41],[-28,0],[-28,-71],[9,-15],[-43,-39],[-21,6],[-14,-40],[-90,-54],[-53,13],[-32,-22],[-44,16],[-42,-1],[-29,-44],[-35,4],[-24,-15],[-201,31],[-56,-50],[-58,11],[-69,81],[-56,28],[-29,29],[-25,-26],[-6,-30],[-53,-10],[-22,-119],[-31,-19],[-35,3],[-165,-178],[-25,-21]],[[97937,22124],[-41,-9],[-26,39],[0,27],[-52,-8],[-8,-29],[-52,-4],[-29,-32],[-83,-39],[-10,17],[-41,-16],[-2,-22],[-100,-81],[8,-23],[-19,-78],[-29,2],[-21,-67],[-42,-3],[15,-48],[-54,-32],[-45,-71],[-2,-66],[20,-66],[-50,-45],[19,-10],[-17,-130],[-57,8],[-2,-22],[-38,-44],[-13,-52],[-69,9],[-3,-72],[-34,-50],[-31,-92],[-43,-294],[15,-2],[-9,-64],[-28,15],[7,43],[-31,53],[33,28],[-28,25],[-40,-14],[-36,40],[-29,-4],[-7,30],[-40,32],[-67,-16],[-24,10],[3,31]],[[96705,20928],[-24,28],[21,19],[-8,74],[9,28],[-80,19],[-9,18],[-46,-35],[-28,14],[-1,30],[-39,23],[19,37],[-72,8],[-65,46],[-12,38],[-38,-17],[-83,46],[-89,-2],[-54,27],[-53,-30],[-20,26],[-29,-8],[-15,22],[11,35],[-57,7],[-8,-35],[-30,-21],[-10,38],[-58,36],[-22,26],[-48,-12],[-4,-34],[-28,-25],[-45,30],[15,42],[-22,51],[-47,36],[-73,14],[-34,57],[48,53],[-44,10],[-63,-55],[10,-41],[-21,-13],[-47,8],[-64,-10],[2,-51],[-24,-67],[40,-23],[-5,-41],[-53,16],[4,-43],[18,-25],[-19,-49],[-30,-34],[-32,16],[-74,-17],[8,-49],[40,-1],[10,-42],[-29,-23],[-28,-2],[-46,31],[-162,42]],[[94968,21174],[-32,34],[24,42],[12,48],[-23,49],[-30,24],[-46,16],[0,61],[-12,14],[-5,72],[15,30]],[[94871,21564],[36,-5],[84,33],[115,52],[61,445],[366,-43],[91,711],[-183,23],[32,244],[76,-8],[19,145],[260,-31],[29,206],[99,-12],[98,724],[356,-44],[67,520],[108,-14],[27,204],[99,-12],[47,321],[356,-44],[6,46]],[[109261,22981],[-40,31],[-45,62],[-45,18],[-38,-14],[-73,19],[-7,-24],[-104,-35],[-49,10],[-8,-37],[-39,0],[-55,42],[-26,54],[27,20],[-12,52],[-21,11],[-14,37],[-23,15]],[[108689,23242],[-3,42],[34,4],[23,44],[75,-19],[-15,33],[18,13],[-12,38],[18,55],[45,-1],[24,19],[31,76],[18,2],[31,45]],[[108976,23593],[84,9],[38,31],[2,-44],[36,-6],[6,33],[72,83],[45,7],[13,24],[32,153],[-20,32],[19,55],[14,94],[-33,14],[-88,11],[-12,29],[25,114],[-13,48]],[[109196,24280],[-46,15],[0,34],[-88,11],[14,36],[27,166],[38,36],[-19,45],[-4,52],[-31,36],[22,21],[-16,62],[58,-7],[0,39],[16,95],[2,79],[-70,10],[12,71],[-17,40],[17,98]],[[109111,25219],[43,-8],[23,35],[-3,29],[20,36],[33,29],[11,40],[37,-17],[3,54],[51,-22],[35,44],[61,23],[53,-44],[40,-9],[44,7],[58,-21],[98,-23],[3,20],[51,-9],[10,-30],[-16,-21],[31,-42],[-6,-81],[25,-34],[69,-5],[61,-46],[56,-12],[26,12],[17,-40]],[[110045,25084],[-15,-18],[-17,-117],[36,-19],[-4,-54],[18,-13],[48,3],[22,-39],[32,-5],[-16,-52],[29,-24],[-18,-101],[10,-57],[25,-8],[84,-61],[-7,-28],[34,-31],[33,1],[-5,-54],[-19,-92],[36,-6],[-26,-166],[-73,3],[-5,-26]],[[110247,24120],[-119,-43],[-46,-1],[-38,26],[-34,-31],[-51,8],[-17,28],[-27,-13],[-8,39],[-23,22],[-44,20],[-20,29],[-35,-25],[-29,3],[-21,-25],[-2,-51],[-24,-8],[17,-57],[45,-17],[49,-68],[49,-53],[58,-12],[0,-18],[-45,-103],[-25,-42],[-51,9],[-21,26],[-34,6],[-26,-31],[-13,-67],[-55,3],[-19,-20],[-12,-68],[-42,-7],[-47,7],[-53,-23],[-7,-36],[-26,-40],[-15,-84],[9,-62],[-82,6],[-32,-28],[-31,-4],[-3,-59],[-18,-101],[4,-56],[-22,-118]],[[112919,23151],[14,-18],[36,32]],[[112969,23165],[73,-10]],[[113042,23155],[28,-1],[5,-73],[-20,-31]],[[113055,23050],[-39,-7],[-6,28],[-68,23],[-17,-21],[-20,-63],[2,-21],[-44,-28]],[[112863,22961],[16,48],[4,62],[-39,-23],[-36,47],[-2,25]],[[112806,23120],[50,20],[63,11]],[[110469,14614],[-1288,578]],[[109181,15192],[94,352],[-8,226],[40,27],[0,21],[-40,19],[-32,40],[-15,40],[13,37],[-4,91],[6,62],[46,36],[75,14],[44,25],[85,5],[16,36],[-16,22],[-38,5],[-8,24],[13,33],[-102,52],[2,40],[40,46],[-12,38],[15,25],[-30,19],[27,39],[-8,42],[21,20],[-7,34],[-57,4],[-38,-14],[-8,47],[-20,11],[-14,54],[-34,22],[21,44],[-10,28],[37,34],[66,22],[17,27],[29,0],[9,42],[24,19],[-15,72],[18,62],[24,43],[26,3],[32,27],[28,5],[34,38],[-11,29],[5,51],[63,14],[67,59],[-79,165],[-57,99],[33,15],[-9,29],[46,9],[9,49],[-9,31],[9,41],[19,21]],[[109653,17864],[22,15],[62,4],[12,15],[49,-17],[-23,-117],[11,-29],[192,-103],[24,17],[36,-6],[94,-36],[289,-44],[-19,-88],[49,-31],[17,-63],[60,-48],[30,2],[32,26],[69,-8],[32,-16]],[[110691,17337],[1,-22],[-27,-40],[-11,-49],[27,-54],[-9,-58],[-36,-56],[-3,-35],[11,-72],[-7,-44],[18,-9],[-22,-66],[-49,-84],[-66,-130],[-18,-78],[-17,-11],[-8,-47],[18,-31],[-18,-70],[-25,-55],[-28,-12],[-27,-46],[-13,-77],[10,-32],[-19,-39],[-1,-50],[-40,-20],[-10,-67],[27,-40],[43,-7],[-23,-62],[6,-74],[25,-26],[-7,-48],[-34,-17],[-44,-55],[-61,-33],[0,-25],[29,-24],[89,-16],[18,28],[43,-31],[21,-34],[38,-31],[37,-6],[9,-48],[24,-57],[-1,-47],[41,-129],[-56,9],[-55,37],[-43,-24],[-28,-33],[-20,-45],[51,-63],[10,-47],[-44,-89],[8,-52],[3,-85],[39,-52],[-5,-56],[7,-87]],[[115564,31517],[21,44],[56,11],[28,-3],[-3,118],[51,42],[10,22],[41,22],[7,25],[54,65],[5,78],[59,0],[35,-27],[49,-18],[17,19],[41,-9],[34,39],[55,37],[-7,30],[24,9],[-26,44],[120,-18],[9,38],[100,-21]],[[116344,32064],[29,-57],[32,-9],[3,-30],[22,-15],[13,-54],[-69,-51],[4,-49],[40,-32],[34,5],[19,-27],[54,-15],[35,5],[67,-30],[26,-28],[28,8],[-16,-96],[49,-20],[121,-83],[43,-41]],[[116878,31445],[-35,-52],[-20,-51],[-18,-99],[9,-32],[-26,-43]],[[116788,31168],[-27,-5],[-105,19],[-165,23],[-71,17],[3,24],[-49,7],[-3,-24],[-49,11],[-145,22],[-95,-17],[-13,-10],[-85,-6],[-274,49],[-187,72]],[[101135,19368],[481,-66],[11,-23],[34,28],[116,-16],[-3,-27],[313,-42],[56,-11],[41,-25],[38,4]],[[102222,19190],[-13,-59],[12,-30],[-19,-61],[-13,-80],[-28,4],[-9,-55],[24,-4],[11,-29],[-6,-69],[-87,-510]],[[102094,18297],[-24,-28],[-92,37],[-41,4],[-36,-12],[11,-25],[-23,-26],[-23,12],[-52,-17],[-37,3],[-74,59],[-50,-5],[-35,23],[19,20],[-64,52],[-28,-22],[-42,41],[-9,28],[-53,30],[-11,61],[-35,-18],[-34,50],[-75,56],[0,16],[-49,31],[-25,-30],[-21,16],[-70,2],[-32,-38],[-69,-18],[-19,15],[-20,-49],[-48,-3],[-21,-21],[-35,-7]],[[100877,18534],[7,33],[-42,6],[-7,33],[14,90],[-9,67],[-22,3],[8,65],[15,61]],[[100841,18892],[19,-18],[35,0],[39,-19],[76,49],[32,-21],[8,47],[22,14],[41,239],[1,52],[21,133]],[[112208,23399],[6,12],[-12,79],[-14,17],[-42,87],[-29,17],[-14,29],[7,37],[62,50],[35,17]],[[112207,23744],[13,39],[34,8],[49,27],[32,-24]],[[112335,23794],[43,-15],[35,-31],[33,-50],[65,-170]],[[112511,23528],[13,-27],[-30,-14]],[[112494,23487],[-26,-21],[-11,-30],[-35,3],[-15,-48]],[[112407,23391],[-27,-7],[-79,18],[-93,-3]],[[102404,23921],[273,70],[445,127],[10,-103],[755,-103],[26,166],[20,12],[327,-46],[-4,-29],[245,-32],[7,5],[281,-40],[6,48],[63,-8],[4,30],[88,-12],[4,31],[35,-5],[7,52],[33,23],[94,-5]],[[105123,24102],[28,-11],[56,-192],[52,-148],[6,-28],[25,-7],[-4,-35],[61,-4]],[[105347,23677],[-9,-39],[18,-16],[-1,-57],[42,-119],[23,-18],[-12,-113],[28,-42],[-18,-17],[-10,-68],[30,4],[294,-42],[33,-24],[-6,-38],[36,-5],[-10,-66],[21,-3],[52,-180],[56,-26],[-26,-33],[-12,-69],[2,-45],[-16,-26]],[[105862,22635],[-32,4],[-63,-50]],[[105767,22589],[-43,36],[-27,0],[-21,32],[-77,9],[-6,-35],[-103,15],[8,48],[-141,16],[-42,11],[-13,-13],[-19,-101],[-17,3],[-11,-53],[19,-3],[-12,-77],[-170,26],[4,25],[-187,27],[-9,-64],[-24,-42],[35,-20],[-10,-61],[-66,45],[-21,-133],[-261,35],[-19,-84],[-26,-13]],[[104508,22218],[-74,38],[-46,11],[-109,-15],[-131,23],[-44,-14],[-4,-25],[-179,26],[-5,-29]],[[103916,22233],[-216,31],[21,146],[-218,29],[24,175],[-369,44],[14,87]],[[103172,22745],[58,421],[-156,22],[41,277],[-250,33],[-513,65],[52,358]],[[108976,23593],[-34,6],[-34,29],[-21,-15],[-89,15],[-54,-14],[-26,-39],[-7,-38],[-46,8],[-35,-11],[1,-67],[-51,9],[-5,-54],[-49,8],[-47,30],[-18,30],[-44,7],[-29,59],[7,45],[31,26],[-16,30],[-56,25],[-1,36],[-60,1],[-36,11],[-9,23],[14,133],[17,46],[-50,47],[-33,-8],[-37,6],[-53,27]],[[108106,24004],[39,26],[-7,31],[29,13],[96,212],[39,15],[123,-16],[-1,-13],[122,-18],[18,49],[-5,43],[19,11],[113,-18],[49,3],[55,-14]],[[108795,24328],[94,-10],[4,26],[35,-4]],[[108928,24340],[8,-32],[178,-30],[36,0],[17,-18],[29,20]],[[111888,23725],[-2,-67],[-29,-18],[-7,-64],[5,-76],[-49,-82],[-41,-28],[-25,-45],[12,-27],[36,-6]],[[111788,23312],[-52,-42],[-24,11],[-29,-47],[-34,-10],[-30,45],[-58,28],[-27,-19],[-3,-26],[-37,-33],[-54,32],[-29,-1],[-50,52],[8,78],[18,50],[-110,18],[-23,-98],[-61,-32],[-48,25],[-46,-12],[-16,-22],[-76,-58],[-81,15],[-23,-6]],[[110903,23260],[-39,37],[40,65],[-34,25],[25,59],[-19,9],[11,49],[24,4],[14,44],[-32,29]],[[110893,23581],[40,42],[-8,37],[25,10],[15,80],[29,-2],[24,89],[45,-7],[9,46],[-36,31],[-25,38],[5,27],[-29,24],[1,27],[51,6],[15,94],[-2,58],[120,-24],[-5,-38],[39,-5],[10,25],[48,60],[14,-11],[66,22],[41,-11],[67,25],[4,42],[45,48],[14,41],[-3,59],[9,30],[32,17],[47,7],[32,18],[28,-5]],[[111660,24481],[-48,-45],[-16,-52],[-36,-28],[-31,-79],[-7,-35],[8,-38],[-20,-29],[-62,-35],[-9,-60],[-16,-14],[26,-71],[130,-25],[25,29],[46,31],[33,-32],[9,-46],[-3,-47],[50,-20],[59,10],[-20,-116],[107,3],[-9,-46],[12,-11]],[[102924,30481],[31,68],[94,54],[-179,210],[233,50]],[[103103,30863],[366,-499],[113,25],[-16,70],[-26,-6],[-34,68],[104,22],[87,-24],[6,44],[327,69],[27,-35],[129,29],[-104,130],[178,39],[39,15],[8,-29],[-11,-32],[33,-13],[7,-37],[32,-2],[32,-35],[-4,-55],[26,-21],[-5,-59],[-21,-47],[55,-6],[73,47],[6,25],[83,14]],[[104613,30560],[-16,-25],[15,-172],[116,-174],[112,-137],[-146,-108],[119,-124],[20,-32],[43,-22],[37,-43],[-26,-19],[19,-32],[127,87],[28,-14],[25,-57],[-3,-31],[74,-74],[-2,-34],[33,-39],[45,-37],[45,-61],[24,-20],[36,-56],[-28,-42],[-25,18],[-45,-33],[52,-65],[46,-83],[16,-7],[13,-52],[-71,-44],[39,-9],[-96,-70],[23,-15],[24,-49],[-101,-152],[-31,-165],[-65,-179],[-29,-22],[-55,-109],[-12,-60],[165,-89],[41,63],[92,-93],[-26,-13],[-213,-156],[39,-47],[-124,-105]],[[104967,27758],[-48,-18],[-26,17],[-55,-169],[-141,-106],[-9,101],[-256,-198],[62,-70],[88,-113],[-155,-117],[-43,6],[-6,-45],[-91,13],[-10,-70],[-205,268],[-5,-14],[-268,-190],[78,-103],[137,-172],[-131,-100],[-10,26],[-46,-4],[-29,53],[-37,1],[-21,27],[-36,21],[-5,32],[-22,26],[-44,29],[-22,62],[-42,-7],[-40,-45],[-51,-6],[-21,-18],[-70,-16],[-33,11],[-51,-3]],[[103303,26867],[-29,118],[-20,51],[4,17],[-152,655],[-236,1057],[475,645],[-169,291],[-209,-117],[-43,74],[-7,26],[-57,84],[15,19],[87,52],[-67,116],[-30,-16],[-66,116],[130,73],[5,-7],[182,104],[-22,41],[-23,-12],[-102,184],[-14,-7],[-31,50]],[[102924,30481],[-90,148],[-145,-87],[-110,210],[-113,199],[-141,-80],[27,-48],[-162,-91],[-49,85],[-122,-68],[-45,-3],[62,-100],[-11,-22],[-138,-77],[4,-8],[-144,-80],[-93,159],[-153,-84],[18,-32],[-33,-15],[20,-32],[-181,-112],[66,-114],[-90,-51],[-209,371],[9,5],[-175,300],[-288,-162],[-35,79],[-343,-160],[130,-221],[-80,-55],[-47,60],[-115,-88],[-62,76],[-119,-102],[-22,28],[-203,-162],[-239,299],[0,-25],[-30,-35],[-49,-5]],[[99424,30381],[-148,190],[11,7],[-826,1051]],[[98461,31629],[-21,26],[327,255],[-281,34],[51,381],[-351,42],[9,38],[53,10],[12,46],[40,25],[26,63],[-9,110],[24,6],[-10,35],[19,91],[-21,89],[-45,79],[1,30],[30,47],[25,17],[4,46],[-21,51],[30,43],[-22,22],[25,24],[38,13],[50,65],[31,67],[41,17],[17,55],[22,36],[36,13],[46,33],[50,75],[17,10],[43,63],[35,17],[45,41],[8,30],[72,101],[12,54],[0,56],[13,34],[-23,47],[-1,28],[-19,48],[28,74],[31,34],[36,18],[2,47],[38,39],[-14,19],[25,51],[11,49],[-1,66],[-64,71],[-29,47],[-82,-22],[-51,19],[-27,42],[0,46],[18,44],[8,47],[49,70]],[[98867,34903],[181,0]],[[99048,34903],[925,0],[1030,0],[1015,0],[968,0]],[[102986,34903],[0,-218],[-53,0],[2,-347],[67,6],[77,-6],[1,-347],[213,1],[-78,-267],[-45,-101],[247,-270],[58,28],[37,32],[38,-54],[3,-32],[20,-46],[-30,-31],[-61,-42],[-5,-22],[-32,-33],[-28,-11],[-24,-45],[-24,5],[-106,-65],[-46,-40],[-1,-30],[-42,-25],[2,-19],[-33,-32],[15,-148],[-12,-53],[20,-30],[5,-34],[-15,-129],[-28,3],[-161,-316],[109,-56],[-17,-33],[35,-13],[-110,-218],[15,-15],[-21,-136],[-30,3],[-5,-35],[129,-16],[-25,-149],[-56,7],[96,-452],[30,6],[21,-103],[27,-99],[-62,-13]],[[102986,34903],[1184,0]],[[104170,34903],[1053,0],[1026,0]],[[106249,34903],[-14,-113],[-14,2],[-25,-165],[-70,6],[-31,-44],[-39,-69],[-31,-20],[-18,-34],[26,-26],[-55,-123],[-90,-62],[0,-44],[-33,1],[-41,30],[-57,-43],[-10,-29],[-40,-39],[-16,-52],[-32,-13],[-65,-4],[-7,-16],[-46,-9],[-57,-32],[-17,-36],[1,-39],[-20,-8],[-40,-82],[-39,-14],[-72,-73],[-9,-35],[-47,-59],[-39,-10],[-33,-43],[4,-23],[-41,-51],[13,-54],[-11,-36],[-42,-63],[-39,-77],[-32,-7],[-10,-48],[31,-11],[31,-44],[65,-22],[-4,-20],[38,-69],[-20,-19],[-52,10],[-24,-38],[40,-24],[47,-72],[-19,-27],[58,-7],[-3,-24],[112,-14],[-12,-86],[6,-35],[-32,-185],[-134,16],[-16,-60],[-30,-254],[61,-23],[-51,-23],[-37,-41],[-46,29],[-45,-17],[-25,45],[-71,-38],[-15,21],[-44,0],[-22,-16],[-3,-30],[16,-43],[-27,-37],[-15,-44],[13,-85],[-24,-19],[-25,-49],[-15,-55],[12,-31],[-33,-47],[10,-20],[-45,-80],[9,-59],[-18,-45]],[[104653,31555],[-14,-4],[-2,-110],[23,-18],[-13,-34],[28,-37],[-21,-44],[24,-44],[-2,-35],[-185,14],[41,-162],[175,-23],[-4,-48],[23,-22],[-14,-25],[27,-35],[-11,-48],[20,-19],[-30,-30],[15,-65],[54,-32],[3,-64],[18,-33],[-2,-66],[-22,-32],[-171,21]],[[92676,27891],[-3,125],[303,7],[11,-3],[-38,-95],[-5,-51],[-1,-134],[-123,-1],[-10,-39],[-32,39],[-106,0],[-40,54],[42,19],[2,79]],[[112793,23280],[52,3]],[[112845,23283],[-15,-56]],[[112830,23227],[-49,-13]],[[112781,23214],[12,66]],[[117687,35485],[-15,24],[-74,5],[3,118],[33,0],[5,30],[-22,23],[2,109],[-14,16],[-77,12],[12,75],[-59,38],[-45,61]],[[117436,35996],[84,89],[9,76],[64,-9],[32,20],[96,-31],[39,9],[4,27],[94,-6],[44,-23]],[[117902,36148],[1,-129],[36,-152],[41,-71],[43,-37],[48,-5],[-35,-85],[-8,-55],[9,-34],[-27,-72]],[[108928,24340],[-17,40],[11,69],[-51,18],[-29,30],[6,31],[-31,26],[15,83],[-23,30],[-34,15],[18,103],[-8,31],[-75,17],[-79,9],[-8,-29],[-93,16],[-7,-80],[-15,-42],[37,-24],[-17,-86],[-11,3],[-34,-99],[10,-26],[68,-42],[77,-13],[82,7],[35,-6],[40,-93]],[[108106,24004],[-48,0],[7,23],[-32,21],[-26,44],[-31,14],[-47,-9],[-38,-26],[-11,-35],[-38,-44],[-75,-17],[-49,9],[-34,24],[-26,-35],[-2,-27],[-83,-2],[-53,-25],[-77,76],[-12,-21],[-64,0],[-21,-48],[-46,-21],[-78,14]],[[107222,23919],[0,19],[-52,39],[7,30],[51,-9],[10,27],[-37,5],[-26,25],[19,29],[-15,39],[-75,19],[-12,39],[-45,9],[-30,-22],[-51,19],[20,59],[24,25],[37,2],[64,22],[10,27],[-43,14],[3,20],[45,0],[1,24],[40,-7],[33,51],[31,18],[-7,35],[-43,28],[7,54],[26,22],[6,31],[-22,33],[-10,71],[9,25],[55,49],[4,55]],[[107256,24845],[-4,30],[47,2],[33,-15],[17,24],[43,18],[-5,27],[26,33],[0,36],[-16,40],[-24,26],[7,34],[21,22],[11,80],[-3,46],[-47,73],[-37,7],[-69,104],[-24,-9],[-40,34],[-20,-35],[-36,6],[20,88],[-20,13],[19,36],[8,123],[-20,41],[6,30],[-40,22],[-29,28],[-33,2],[12,70],[-9,86],[-3,106],[11,53],[26,7]],[[107084,26133],[-9,27],[14,66],[24,35],[30,-19],[33,20],[28,-4]],[[107204,26258],[63,7],[50,32],[33,-49],[54,32],[216,-90],[19,-4],[44,31],[76,12],[40,-74],[-43,-75],[-30,-3],[-18,-27],[6,-89],[17,14],[54,-24],[14,-40],[41,-3],[11,-53],[46,-39],[54,-21],[34,-28],[37,-64],[20,-56],[27,-4],[25,25],[52,-18],[0,-41],[78,-9],[24,-19],[35,3],[21,31],[37,-17],[68,-148],[74,-13],[0,-43],[-12,-71],[-2,-61],[32,-12],[58,31],[36,-33],[36,-5],[87,-33],[-11,62],[-20,31],[19,37],[21,-11],[21,28],[29,-3],[20,-34],[-7,-42],[47,-8],[69,43],[-10,12],[29,38]],[[108925,25363],[34,-34],[29,6],[38,-14],[-16,-66],[47,-40],[33,14],[21,-10]],[[112212,23051],[-26,-61],[-31,-52],[5,-57],[-16,-47],[-33,-45],[-50,-7]],[[112061,22782],[-56,5],[-12,-35],[-102,15],[-24,12],[25,81],[23,45],[-24,5],[-22,45],[40,38],[-84,47],[2,37]],[[111827,23077],[53,0],[18,24],[78,16],[51,4],[201,-32],[-16,-38]],[[112212,23051],[61,-39],[15,19],[73,44],[55,-16],[-29,-134],[-26,-27],[112,-19]],[[112473,22879],[-7,-84],[-25,-43],[24,-4],[-29,-83]],[[112436,22665],[-17,-68],[-16,-15],[-16,-59]],[[112387,22523],[-60,18],[-33,-7],[-27,19],[-186,31],[10,100],[-41,22],[11,76]],[[112793,23280],[-27,53]],[[112766,23333],[-2,25]],[[112764,23358],[7,11],[77,-17],[-15,-29],[82,21],[21,-22],[-44,-38]],[[112892,23284],[-47,-1]],[[112806,23120],[-85,-26],[-32,6]],[[112689,23100],[-13,-65],[-47,-17]],[[112629,23018],[-38,-1],[-7,25]],[[112584,23042],[-23,38],[-35,29],[27,35],[-12,46]],[[112541,23190],[-10,32],[46,77]],[[112577,23299],[84,-57],[57,9]],[[112718,23251],[20,-4],[-8,-52],[23,-4],[28,23]],[[112830,23227],[21,-29],[68,-47]],[[98816,24686],[255,-25],[116,-17],[4,35],[59,-7],[6,48],[32,-4],[5,36],[23,-3],[6,44],[63,-8],[7,45],[182,-22],[18,138],[11,28],[59,9],[47,291],[238,-31],[-8,-61],[69,-9],[43,-21],[34,8],[26,120],[34,-5],[4,27],[37,6],[166,-28],[23,190],[17,-2],[68,495]],[[100460,25963],[11,77],[175,-23],[17,127],[180,-27],[-28,-200],[171,-23],[4,35],[109,93],[90,-13],[-13,-101],[84,-12],[33,-15],[18,57],[-35,4],[9,54],[81,-10],[-19,-140],[177,-23],[-41,-309],[34,-1],[-48,-344],[469,-15],[3,28],[72,-9],[-4,-22],[263,-14],[129,-228],[-72,-54],[75,-154]],[[102404,24701],[-20,-75],[11,-27],[-50,-90],[1,-34],[-28,-250],[86,-304]],[[103172,22745],[-219,30],[-64,-429],[-49,7]],[[102840,22353],[-147,18],[26,172],[-68,-2],[-4,-24],[-38,-14],[6,45],[-42,6],[7,53],[-61,7],[6,42],[-161,21],[13,-49],[-78,11],[6,37],[-47,-5],[-478,68],[-7,-45],[-32,4],[-86,-590],[54,-8],[10,70],[140,-19],[-26,-169],[21,-3],[-9,-56],[165,4],[127,-33],[-36,-238]],[[102101,21656],[-33,-23],[-35,23],[-71,-15],[-26,-35],[-44,-6],[-50,59],[-50,-16],[-110,54],[2,20],[-51,-1],[-51,19],[-25,32],[-5,48],[23,17],[-13,29],[-71,-9],[-51,5],[-17,33],[-21,0],[-44,-27],[-4,26],[-37,-7],[-26,37],[-75,-13],[-20,26],[-85,-40],[-31,23],[-30,-58],[-22,70],[-59,-31],[-30,-34],[-61,37],[-42,-23],[-30,18],[-21,-53],[-48,13],[-78,-25],[-3,-45],[-28,-16]],[[100628,21768],[-71,41],[110,735],[-21,10],[-180,227],[-81,11],[9,62],[13,2],[-207,262],[245,180],[129,92],[-108,130],[27,173],[-25,0],[-32,-37],[-20,12],[-59,-16],[-16,-18],[-67,-4],[-54,38],[-12,-61],[-88,-11],[-12,-20],[-38,-4],[-16,-18],[-77,8],[14,90],[-79,11],[-175,65],[-4,64],[51,362],[-32,-20],[-35,4],[12,89],[-242,30],[30,-53],[-7,-56],[35,-6],[17,-34],[-235,31],[7,34],[-91,11],[-44,12],[-18,-90],[-174,23]],[[113692,24986],[35,14],[32,-49],[26,34],[-40,27],[66,46],[24,-84]],[[113835,24974],[2,-24],[70,-12]],[[113907,24938],[-30,-61],[-34,-20],[-54,-55],[-20,-36],[-1,-54],[24,-31],[-104,-72],[-7,33],[44,45],[-8,49],[48,66],[25,16],[14,37],[-36,10],[-33,-61],[-28,-15],[-15,46],[-40,-7],[23,-92],[-51,-5],[-17,-44],[-29,-30],[-41,-9],[-18,-18],[19,-46],[-23,-11],[-6,-28],[20,-31],[53,-27],[41,70],[23,-42],[-37,-48],[-5,-58],[-35,-28],[-48,-59],[4,-30],[-24,-48],[18,-55],[-22,0],[-30,-47],[5,-19],[-34,-24],[-28,13],[-23,-24],[-33,6],[-33,-22],[-8,33],[35,7],[-5,29],[-32,27],[35,31],[-37,13],[36,35],[-13,17],[7,40],[-52,15],[-7,-36],[-32,-20],[48,-58],[-13,-33],[13,-41],[-45,-48],[-11,-46],[-16,-5],[-58,14],[-32,-47],[-26,36],[18,48],[-46,50],[-10,-21],[-36,24],[-35,43],[-24,-14],[-40,4],[-19,30],[18,39],[-35,54],[-20,-51],[-44,13],[-32,-40],[-17,10],[-11,50],[-36,-11]],[[112739,24263],[-11,42],[-24,4],[-43,44],[6,31],[-26,21],[-58,7],[-10,43]],[[112573,24455],[0,1]],[[112573,24456],[-9,19],[33,49],[64,-3],[23,20],[30,1],[47,18],[22,20],[13,65],[-12,75],[34,88],[-17,32],[-3,59],[18,100],[-12,17],[16,39],[58,42]],[[112878,25097],[33,-8],[24,-26],[83,-34],[32,22],[26,47],[52,20],[17,28],[5,77],[62,6],[18,27],[56,-44]],[[113286,25212],[3,-17],[50,-30],[32,-30],[20,-35],[2,-73],[36,-86],[-4,-24],[83,-23],[34,-18],[20,22],[54,16],[45,-17],[32,34],[-1,55]],[[97120,25025],[42,305],[63,13],[105,-13],[17,137],[21,34],[-180,24],[14,109],[-179,22],[-13,-101],[-172,26],[33,236],[-339,41],[3,26],[-637,76],[-42,-339],[-891,103],[72,-343],[-4,-62],[-257,29],[7,62],[-107,13]],[[94676,25423],[-34,33],[1,44],[35,32],[-10,65],[-36,11],[7,80],[12,32],[-21,39],[-23,10],[47,35],[21,36],[2,32],[25,5],[-2,33],[-315,35],[25,214],[0,130],[-235,29],[-33,101],[-26,59],[19,38],[-13,40],[10,46],[-47,27],[11,25],[21,93],[8,122],[262,-29],[48,27],[-14,35],[5,46],[22,29],[0,56],[27,46],[34,10],[-1,145],[104,-24],[51,40],[4,203],[319,276],[-10,11],[360,320],[-29,27],[99,78],[39,7],[49,-42],[31,0],[4,-31],[48,-42],[99,110],[-76,68],[89,97],[58,52],[-138,147],[9,78],[-34,4],[-56,50],[77,61],[-201,179],[-1,427],[62,0],[-1,633],[-355,0],[1,158],[324,-2],[-3,71],[0,347],[-3,65],[2,212],[52,0],[-1,258],[186,1],[1,337],[348,2],[-2,350],[561,5],[4,29],[427,-51],[24,192],[900,-112],[-2,39],[204,-19],[-10,-70],[-16,-33],[180,-18],[-44,-130],[2,-12],[68,-78],[149,125]],[[99424,30381],[-47,6],[-18,-36],[-25,32],[-27,4],[-15,-38],[-144,21],[-32,-29],[-20,16],[-62,-33],[-32,0],[-46,-46],[-31,8],[-32,-69],[-44,9],[-11,-80],[-38,-28],[29,-39],[-6,-25],[-77,-86],[-4,-26],[-72,22],[-33,-10],[-54,33],[-33,-16],[-5,-45],[-41,-70],[-52,-24],[-29,15],[-35,-36],[-51,-22],[-10,-43],[-48,-20],[6,-40],[-34,-19],[-60,11],[-15,-29],[-36,-1],[-23,-45],[-33,-24],[47,-82],[9,-37],[-15,-36],[31,-39],[573,-718],[172,129],[216,-275],[-562,-424],[121,-150],[-152,-114],[-27,35],[-130,-100],[-92,118],[-146,-109],[220,-274],[142,105],[215,-274],[-82,-62],[213,-275],[122,93],[131,-170],[175,-212],[28,-69],[158,92],[-20,-156],[317,-40],[88,-110],[35,25],[31,-40],[118,87],[84,-12],[-63,-465],[419,-57]],[[112878,25097],[-16,44],[-27,2],[-22,33],[-42,5],[-66,-12],[-29,-51],[-2,-53],[-90,3],[-58,-18],[-50,16],[-22,24],[-31,4],[-34,-23],[-56,17],[-52,94],[22,32],[-12,58],[-30,6],[-42,26],[-28,42]],[[112191,25346],[30,32],[-16,56],[12,80],[-8,37],[55,0],[21,-28],[25,10],[48,-13],[32,8],[77,-26],[65,0],[44,-35],[33,4],[29,51],[62,38],[36,55],[-13,53],[51,9],[14,87],[107,31],[56,29],[16,32],[23,-9],[59,33],[15,38],[-34,29],[17,29],[106,-13],[18,103],[85,-14],[12,69],[23,-4],[13,81],[71,-10],[-3,-14],[62,-10]],[[113434,26164],[-5,-95],[29,-42],[12,-45],[53,-9],[8,41],[36,-5],[-8,-45],[65,-12],[-10,-56],[74,-4],[-10,-51],[36,-7],[8,44],[144,-22],[-7,-38],[33,-6]],[[113892,25812],[-29,-166]],[[113863,25646],[-106,18],[-36,1],[-12,-60],[-37,-45],[-5,-49],[11,-48],[-8,-23],[-109,-3],[-34,-60],[-33,1],[-29,-22],[-66,-11],[-1,-35],[-41,-57],[-52,4],[-19,-45]],[[115240,32655],[-9,44],[37,88],[-17,47],[9,24],[-28,22],[-36,-42],[-16,5],[-48,-19],[-25,11],[-33,-25],[-50,17],[15,64],[10,86],[47,48],[5,34],[20,26],[68,12],[35,15],[-19,38],[22,16],[-9,69],[30,39],[10,40],[28,-9],[37,11],[1,31],[49,26],[38,227],[67,50],[39,18],[15,24],[-49,147],[32,30],[12,76],[46,20],[39,82],[-248,39]],[[115364,34086],[-1,30],[-48,18],[-17,19],[30,36],[-17,37],[31,13],[64,69],[87,17],[42,30],[-18,42],[41,79],[-23,40],[8,22],[55,19],[22,132],[-71,11],[42,74],[11,59],[39,50],[2,41],[43,49],[48,-8],[14,-25],[87,-15]],[[115835,34925],[221,-35],[-6,-36],[56,-7]],[[116106,34847],[3,-30],[34,-38],[36,-73],[41,14],[32,-34],[-2,-38],[-20,-10],[-36,-64],[3,-31],[-30,-77],[41,-23],[35,5],[39,-32],[1,-38],[72,-40],[33,-92],[-32,-59],[4,-41],[49,5],[28,-21],[19,27],[52,3],[31,-26],[35,26],[70,-53],[33,10],[65,3],[72,-24],[49,31],[33,3],[25,26],[30,-17],[18,14],[15,94],[69,-18],[4,46],[-7,48],[49,-9],[29,-33],[54,-8],[1,51],[140,-21],[53,1],[37,26],[87,-58]],[[117500,34272],[-28,-66],[-12,-69],[6,-50],[17,-33],[50,-28],[-15,-55],[3,-22],[-13,-53],[10,-41],[-21,-67],[16,-41],[-15,-96],[-42,-95],[-13,-82],[18,-28],[-17,-26],[-22,-63],[4,-58],[21,-7],[-60,-97],[-27,-97],[22,-55],[-16,-15],[-16,-49],[15,-46],[-25,-21],[-31,-74],[0,-49],[14,-22],[-3,-53],[-24,-32],[0,-23]],[[117296,32659],[-10,51],[-27,5],[-11,46],[-25,-27],[-37,-19],[-59,8],[-58,-57],[-38,6],[4,-48],[17,-8],[0,-54],[-45,10],[-27,-47],[-32,1],[-6,-43],[29,-8],[-5,-32],[-40,-16],[-42,6],[-27,-36],[-6,-54],[-25,-35],[-37,-22],[-101,22],[-6,-42],[22,-18],[-7,-42],[-81,15],[-34,-73],[-23,25],[-66,34],[-27,-39],[-84,7],[6,29],[-34,12],[-20,-137],[10,-15]],[[103303,26867],[206,-928],[49,-134],[81,-360],[33,-157],[-70,15],[-44,-24],[-30,-33],[-4,-24],[-42,-19],[-39,-31],[-94,-12],[-53,-32],[-13,-24],[-43,-8],[-28,12],[-43,-76],[32,-49],[-51,-35],[5,-66],[-20,4],[-82,-68],[-72,-13],[-9,27],[30,10],[-14,52],[-74,14],[-67,-4],[-21,-22],[-16,-64],[-51,-2],[-72,-31],[-26,24],[-50,-6],[-60,8],[-45,-3],[-49,-74],[-26,4],[-27,-37]],[[117296,32659],[-58,-95],[-76,-145],[-1,-34],[14,-43],[-7,-74],[19,-22],[-20,-67],[6,-35],[-73,-101],[-60,-153],[9,-29],[-14,-99],[-47,-59],[-27,-84],[-41,-59],[-17,-56],[8,-18],[-33,-41]],[[104508,22218],[-1,-73],[-17,-102],[-27,3],[-7,-75],[96,-13],[-43,-263],[472,-69],[-4,-24],[85,-198],[24,6],[64,-9],[43,49],[54,22]],[[105247,21472],[2,-35],[27,-38],[1,-60],[10,-23],[-37,-141],[-35,-52],[-35,-14],[-37,-58],[-15,-60],[5,-24],[-25,-26],[-7,-41],[-44,3],[-28,-69],[-36,5],[-52,-26]],[[104941,20813],[-96,13],[-88,19],[-4,-15],[-281,45],[15,88],[-9,45],[-18,2],[-8,-52],[-364,54],[-4,-16],[-70,10],[-45,41]],[[103969,21047],[131,777],[-158,23],[-91,1],[23,109],[42,276]],[[105575,31293],[179,-28],[292,-38],[-5,146],[228,111],[31,25],[9,33],[51,18],[-5,-29],[118,-17],[4,18],[111,-15],[-22,-41],[-12,-71],[19,-55],[-8,-17],[42,-40],[238,171],[3,13],[-27,102],[16,102],[108,-1],[5,35],[-45,6],[16,36],[71,0],[192,-173],[-9,-67],[94,-85],[4,-11],[84,-91],[-9,-25],[232,-137],[120,-39],[7,45],[50,-8],[-19,36],[8,58],[149,-21],[6,41],[196,-27]],[[108097,31253],[-50,-344]],[[108047,30909],[-29,-202],[75,-98],[97,-66],[-123,-106],[76,-30],[34,-71],[-32,-59],[-35,-110],[-15,-105],[21,-17],[119,-27],[13,-33],[-8,-35],[31,-33],[-3,-48],[6,-60],[44,-105],[-14,-40],[27,-37],[15,-41],[53,-5],[31,-25],[51,1],[18,-48],[68,-27],[4,-42]],[[108571,29440],[-47,1],[-19,-31],[-36,5],[-64,51],[-28,-1],[-26,22],[-32,0],[-39,20],[-58,16],[-68,-3],[-70,13],[-126,2],[-50,-36],[-149,-30],[-111,15],[-8,-20],[-15,-112],[26,-21],[-10,-71],[-34,4],[-9,-62],[-148,20],[-17,22],[-31,-8],[-37,9],[-13,25],[-33,14],[-1,25],[-134,-73],[-5,-37],[-71,10],[-9,-57],[-54,8],[-44,-21]],[[107001,29139],[-18,72],[-68,-35],[-76,28],[-50,93],[-185,156],[9,22],[-38,32],[-13,-11],[-85,64],[-118,125],[-23,17],[12,81],[-10,33],[9,62],[-29,44],[-52,21],[-69,109],[-39,16],[-6,24],[-40,9],[-27,45],[0,22],[-108,-19],[-7,30],[-139,-40],[-28,142],[-42,116],[-36,78],[11,43],[-365,51],[-15,15],[-2,57],[34,67],[33,13],[39,48],[-7,46],[23,38],[-9,18],[30,40],[17,40],[0,40],[-34,102],[-4,56],[48,22],[9,25],[-1,64],[43,33]],[[106063,19923],[-8,47],[-22,7],[-16,84],[-75,25],[-5,28],[-49,35],[-20,89],[10,29],[-27,14],[0,24],[-41,35],[-3,32],[-81,-1],[-10,32]],[[105716,20403],[40,26],[37,9],[54,-28],[15,-34],[66,-10],[51,27],[51,43],[5,72],[20,38],[-25,59],[9,108],[42,102],[35,11],[5,33],[31,10],[10,65],[49,8],[33,45],[-14,44],[19,18],[7,44],[-36,6],[35,56],[-26,61],[-98,11],[-52,64],[8,62],[6,106],[-40,31],[-43,81],[-45,25],[0,36],[-40,60],[-41,11]],[[105884,21703],[6,39],[28,54],[-6,34],[15,79],[98,-17],[78,-8],[-7,29],[-33,44],[3,31],[-41,44],[14,56],[-39,37],[-2,39]],[[105998,22164],[145,-19],[35,27],[241,-32],[-24,-151],[48,-5],[44,8],[-5,-32],[18,-22],[44,-15],[42,-62],[24,13],[101,-22],[-8,-34],[72,-10],[-4,-54],[17,-30],[35,-17],[-18,-70],[32,4],[-8,-51],[-45,-6],[7,-54],[-11,-41],[27,-18],[-5,-27],[-30,-5],[-8,-48],[29,-9],[-11,-71],[28,7],[30,-35],[6,-58],[58,-9],[4,-56],[-14,-24],[71,-130],[18,-12],[0,-38],[25,-39],[48,-21],[25,7],[22,40],[76,-20],[12,-42],[-27,-33],[15,-36],[50,24],[76,-15],[71,11],[72,-7]],[[107448,20825],[31,-58],[12,-64],[-22,-52],[-3,-32],[58,-34],[50,-2],[-23,-112],[-15,-18],[8,-50],[-3,-40],[-34,-30],[-14,-31],[9,-28]],[[107502,20274],[-51,24],[11,50],[-9,32],[-91,12],[-19,-14],[-20,-67],[-11,-90],[-68,-24],[-22,28],[-40,6],[-10,21],[-87,11],[-30,-3],[-84,38],[-161,28],[-35,-10],[19,-29],[13,-62],[16,-32],[-63,-17],[-16,-38],[-59,-19],[-69,17],[-5,-30],[-68,9],[-57,-5],[-63,17],[-33,-3],[-107,19],[29,-39],[-31,-33],[-5,-28],[-49,8],[-15,-18],[-63,5],[6,-25],[-18,-40],[-40,-56],[-34,6]],[[108689,23242],[-31,-15],[-19,-37],[-28,-7],[-34,48],[-35,-49],[-30,6],[-21,-20],[2,-31],[-29,-2]],[[108464,23135],[-18,17],[-45,3],[-28,-106],[-53,-1],[-19,-31],[-37,29],[-15,-13],[-38,29],[-15,37],[-66,-10],[-39,16],[-6,-34],[-44,-10],[-8,-48],[-54,-4],[-26,-36],[-40,-17],[-5,-31],[40,-41],[-9,-26],[-35,-22],[-23,-49],[-91,-8],[-23,-20],[-32,37],[-36,12],[-52,-2],[-20,30],[-63,14],[-2,22],[-57,56],[-9,-33],[-109,19],[2,17],[-108,15]],[[107281,22946],[6,35],[35,-1],[14,89],[35,13],[18,44],[41,37],[-10,50],[-16,16],[-14,61],[-29,49],[-18,49],[-54,-32],[-47,-73],[-38,-31],[-32,46],[-20,73],[-69,-3],[-38,12],[-40,-15],[6,40],[27,-4],[24,48],[40,46],[14,104],[-29,8],[-13,27],[68,82],[-11,39],[-35,5],[9,56],[-59,-3]],[[107046,23813],[16,10],[28,85],[20,-4],[56,23],[56,-8]],[[112494,23487],[14,-40],[58,-14],[5,-40],[65,-30],[23,5],[71,-50]],[[112730,23318],[4,-42],[-16,-25]],[[112577,23299],[-17,16],[-44,-30],[-16,38],[-76,38],[-17,30]],[[107204,26258],[15,10],[2,41],[-13,82],[-20,13],[-10,46],[1,94],[34,51],[-21,7],[-11,100],[-29,26],[57,69],[-59,10],[54,197],[-14,127],[-47,2],[-13,42],[-6,67],[16,23],[27,-10],[34,51],[2,25],[91,53],[-3,18],[-68,20],[10,75],[-27,5],[11,69],[20,43],[33,-14],[8,52],[-21,3],[18,50]],[[107275,27705],[73,31],[132,105],[170,83],[13,59],[123,26],[38,-13],[59,3],[18,18],[316,-42],[177,-28]],[[108394,27947],[7,-28],[46,-21],[37,34],[22,-4],[-42,-275],[-18,-13],[29,-81],[34,-52],[27,-9],[28,17],[70,-29],[8,-15],[52,23],[35,-28],[50,-17],[7,40],[57,7],[7,-96],[30,-13],[-4,-29],[23,-48],[-46,-10],[-16,-60],[25,-4],[-29,-184],[77,-11]],[[108910,27041],[-55,-29],[-21,-44],[7,-17],[-34,-45],[6,-70],[-13,-49],[82,-8],[4,24],[89,-10],[-6,-27],[36,-10],[-5,-24],[32,-22],[-61,-32],[34,-74],[39,-63],[-42,-101],[-18,-30],[17,-19],[-40,-27],[-5,-49],[34,-53],[-3,-22],[52,-18],[31,-78],[-26,-40],[-12,-80],[13,-18],[-22,-109],[14,-32],[-11,-72],[-91,14],[-4,-25],[-48,-3],[44,-63],[-27,-23],[-4,-28],[25,-29],[-4,-57],[41,4],[35,17],[33,-58],[-18,-33],[16,-26],[-14,-19],[-75,-30],[32,-47],[-42,-24]],[[113240,27414],[5,29],[-17,24],[32,29],[34,53],[34,5],[78,-7],[10,32],[26,27],[-2,32]],[[113440,27638],[102,-16],[14,-12],[57,14],[67,-43],[51,-12],[101,-76],[57,23],[31,-2],[68,-52],[21,-30],[34,-74],[-4,-51],[16,-46],[35,-25],[26,-35],[-3,-22],[44,-20],[21,-45],[25,3],[13,35],[40,13],[21,-8],[17,-96],[12,-25],[-3,-38],[17,-22],[43,-7],[-24,-154],[9,-49],[47,-1],[15,-29],[35,-6],[26,16],[8,-54],[-5,-67],[-23,-10],[-39,-278],[-22,4],[-11,-59]],[[114379,26282],[-16,-89],[-59,10],[5,30],[-43,1],[9,83],[-63,12],[-26,-31],[-167,31],[5,29],[-36,7],[-82,-94],[-45,7],[-7,-35]],[[113854,26243],[-229,38],[-45,20]],[[113580,26301],[13,120],[34,-5],[13,67],[-15,12],[12,48],[-94,80],[-3,16],[29,36],[2,66],[-47,33],[-52,110],[-48,43],[-32,45],[-23,78],[-22,5],[-46,65],[8,31],[-12,28],[28,57],[-18,91],[-30,9],[1,41],[-38,37]],[[100841,18892],[-32,1],[-54,-19],[-32,42],[-32,17],[-16,32],[-32,-24],[-47,18],[-51,-18],[-37,7],[-39,33],[-50,3],[-67,76],[-41,21],[-73,12],[-27,25],[-24,1],[-67,80],[-210,28],[24,157],[-29,16],[-4,26],[-56,15],[-29,51],[-43,9],[-43,23],[-50,-3],[-81,48],[-17,27],[-94,4],[-62,43],[-20,6],[-26,86],[-24,12],[-41,-15],[-48,70],[-17,-15],[-45,5],[-29,40],[-27,12],[-1,30],[-63,33],[-43,8],[-107,95],[24,21],[-23,41],[-112,54],[-103,27],[-38,-10],[-32,20],[-64,-12],[-73,44],[-40,33],[-51,0],[-17,-20],[-65,24],[-5,36],[-46,5],[-97,71],[-24,27],[81,38],[4,33],[80,41],[20,109],[35,250],[-80,18],[51,349]],[[98360,21209],[281,-112],[-3,-19],[50,-6],[4,21],[169,-67],[477,-71],[530,-7],[368,0],[231,-6],[32,3]],[[100499,20945],[873,-15],[-64,-414],[-12,-2],[-43,-288],[-13,-140],[18,-39],[-39,-36],[16,-69],[-40,-43],[27,-22],[-14,-117],[-52,-341],[-21,-51]],[[109653,17864],[-74,64],[8,44],[23,2],[43,37],[-24,42],[7,24],[-17,82],[3,24]],[[109622,18183],[29,4],[10,40],[28,-3],[16,58],[25,13],[37,-32],[22,1],[24,-28],[40,13],[6,57],[14,36],[9,81],[-15,72],[-15,19],[-6,106],[18,55],[50,44],[88,-13],[17,-11],[29,30],[47,19],[39,42],[31,83],[56,4],[107,197],[28,6],[1,39],[27,17],[2,40],[-15,38],[2,31],[39,29],[18,54],[14,71],[31,-4]],[[110475,19391],[47,-72],[19,-46],[75,-36],[19,-23],[59,-7],[60,21],[37,4],[87,-15],[15,32],[44,36],[46,4],[71,-61],[6,-29],[-14,-32],[8,-38],[30,-29],[4,-29],[41,-19],[29,14]],[[111158,19066],[-24,-37],[17,-39],[-15,-37],[-34,-41],[-9,-48],[-99,50],[-62,3],[-40,-18],[40,-25],[37,-63],[-10,-35],[48,-27],[-3,-61],[-14,-59],[-19,-21],[-65,-6],[-75,-135],[15,-45],[6,-108],[-20,-59],[19,-84],[-22,-35],[-31,-89],[-4,-39],[10,-35],[-27,-107],[20,-120],[-2,-41],[30,-68],[-4,-72],[-31,-50],[12,-40],[-72,-83],[-39,-55]],[[112541,23190],[-77,15],[-17,-9],[-66,0],[-81,31],[-36,47],[-52,-12]],[[112212,23262],[18,104],[-22,33]],[[102222,19190],[21,41],[-21,15],[23,89],[17,-2],[79,487],[-39,-1],[-14,21],[-59,21],[-38,-14],[-54,106],[0,35],[33,58],[27,3],[1,29],[45,4],[45,42],[-62,68],[43,267],[26,-5],[32,57],[-19,36],[21,39],[-13,16],[26,112],[-9,15],[29,103],[130,-23],[31,15]],[[102523,20824],[83,-52],[85,119],[51,-32],[11,15],[112,-42],[35,-25],[73,-14],[664,-366]],[[103637,20427],[-57,-51],[-75,-27],[-21,-33],[-105,-9],[-364,-270],[-6,-38],[57,-7],[-21,-129],[-23,4],[-8,-48],[-33,5],[-18,-39],[-21,-120],[23,-4],[20,-37],[64,-95],[55,-64],[78,-17],[146,-20],[42,-23],[94,-22]],[[103464,19383],[-2,-73],[-23,-74],[-15,-93],[-28,0],[-31,-191],[-24,3],[-6,-40],[-53,13],[-43,-275],[16,-15],[96,-5],[-44,-234],[109,-26],[14,82],[84,-1],[41,12],[53,-11],[-9,-53],[-27,4],[-7,-35],[69,-44],[39,-7],[10,-27],[-26,-149],[21,-13]],[[103678,18131],[-54,-19],[-25,26],[-30,4],[-6,27],[-94,68],[-1,27],[-48,0],[-70,-30],[-38,8],[-26,56],[-38,-8],[-18,-50],[-76,44],[-39,-1],[-71,-52],[-13,-46],[-34,-11],[-2,-37],[17,-18],[-43,-34],[-44,50],[-30,6],[-16,-35],[-22,-10],[-136,67],[-28,-26],[-75,-4],[-21,-28],[-22,18]],[[102575,18123],[-9,35],[-38,-14],[-75,17],[-57,21],[-5,-23],[-62,11],[-6,36],[-36,-6],[-15,17],[-32,-29],[-22,8],[-34,-23],[-64,21],[-13,28],[-13,75]],[[105123,24102],[8,75],[39,147],[113,-18],[11,45],[60,381],[-31,-1],[-34,19],[4,22],[-46,29],[3,17],[-66,9],[-25,-11],[-71,22],[-39,4],[-22,-17],[-32,29],[-25,-6],[-67,54],[-2,49],[23,160],[28,-21],[44,-3],[55,-41],[41,-18],[34,243],[80,-11],[56,9],[175,-24]],[[105437,25245],[-13,-94],[48,-6],[-13,-94],[163,-22],[-17,-113],[436,-61],[0,27],[71,-10],[29,-23],[55,5],[10,-30],[-9,-47],[116,-11],[40,-26],[27,14],[148,-25],[10,-27],[167,46],[15,7],[48,-43],[66,-10],[13,78],[43,-6],[-39,88],[5,23],[37,1],[113,-21],[57,-39],[25,16],[66,-6],[46,-14],[56,23]],[[107046,23813],[-10,-17],[-112,16],[3,18],[-71,13],[-106,-12],[-29,21],[-7,-46],[-36,-8],[-106,16],[-16,-23],[-7,-66],[-19,-31],[4,-53],[-134,25],[-146,22],[-8,-18],[-103,20],[-56,0],[-82,14],[-53,1],[-50,16],[-30,-48],[-52,8],[-88,0],[-53,20],[14,89],[-29,4],[39,78],[-168,24],[-46,-39],[-51,-94],[-67,-31],[-6,-37],[-18,-18]],[[112863,22961],[-47,15],[-21,22],[-50,-10],[-79,24],[27,33],[-4,55]],[[108571,29440],[-26,-15],[-14,-41],[11,-20],[-11,-48],[-79,-12],[-21,-65],[-38,-23],[-17,-61],[-3,-49],[-18,-48],[49,13],[89,5],[45,-6],[-31,-80],[203,-30],[-2,-49],[22,-40],[-32,-54],[3,-52],[-24,-14],[-35,-41],[18,-20],[11,-44],[-44,-43],[-3,-34],[-25,-5],[-20,-38],[-1,-38],[17,-28],[-22,-25],[56,-62],[-14,-74],[30,-41],[-51,-44],[-30,-2],[-30,23],[-25,-14],[-25,-60],[-35,-23],[38,-20],[-14,-97],[-47,7],[-10,-66],[-22,-15]],[[107275,27705],[-43,7],[-39,35],[-67,75],[-27,56],[-23,18],[-6,61],[-24,79],[-37,50],[-21,113],[1,41]],[[106989,28240],[18,5],[75,-17],[23,161],[-123,-7],[51,339],[-18,25],[-40,22],[-6,-38],[-50,2],[55,350],[31,-4],[-4,61]],[[113850,32653],[-9,54],[-28,34],[17,65],[-67,0],[5,69],[-23,28],[-7,62],[12,24],[-16,27],[-1,72],[-67,11],[-21,12],[40,37],[6,42],[-26,46],[9,31],[30,24],[-73,98],[-17,40],[-18,3],[-15,66],[9,53],[19,30],[-11,47],[10,11],[-45,85],[21,127],[-37,17],[4,32],[-9,60],[11,17],[1,63],[-21,67],[-33,22],[-17,86]],[[113483,34215],[44,9],[32,26],[-8,26],[8,52],[30,-5],[162,-53],[52,-8],[25,-29],[48,-8],[-14,-99],[12,-38],[20,-15],[108,-22],[4,26],[38,-5],[7,46],[26,-4],[7,-34],[136,-24],[1,-39],[43,-6],[-29,-84],[36,-39],[26,12],[92,-15],[68,46],[33,-4],[36,-22],[34,19],[26,-14],[38,-2],[85,68],[-19,30],[34,32],[19,-13],[32,21],[21,34],[46,-1],[139,-24],[201,-32],[117,-22],[15,59],[31,5],[19,21]],[[110691,21586],[30,-38],[-15,-38],[19,-31],[-45,-33],[43,-34],[-12,-60],[41,-8],[17,-34],[47,-11],[-4,-30],[61,-11],[16,-20],[-19,-98],[52,43],[20,-11],[32,20],[78,14],[24,24],[54,-12],[19,6],[63,-44]],[[111212,21180],[-49,-47],[-46,18],[-42,-23],[-24,-40],[-41,-6],[-56,-50],[-33,-12],[-64,-8],[-74,13],[-4,23],[-33,22],[-9,24],[-64,49],[-15,-25],[-56,-41],[-9,-31],[16,-46],[-13,-38],[7,-39],[23,-24],[2,-28],[54,-37],[20,-65],[-43,-28],[-25,-69],[48,-25],[15,-31],[-39,-36],[-32,-8]],[[110626,20572],[-18,19],[-39,-10],[10,-115],[-67,-57],[-41,23],[24,-68],[17,-19],[62,-4],[9,-65],[-35,0],[-38,-27],[-8,-46],[-28,-10],[-37,38],[-61,1],[5,-37],[42,-45],[-4,-60],[-53,-67],[-13,24],[-41,7],[-42,-34],[26,-20],[-21,-21],[-71,23],[-5,76],[-22,18],[-43,-9],[-33,7],[-7,31],[-51,7],[1,40],[-32,10],[-53,-28],[-48,18],[-17,36],[-73,43],[-24,63],[-37,-3],[-7,-43],[-51,12],[-34,-64],[-101,10],[37,88],[-21,27],[14,79],[-38,6],[25,141],[-7,40],[9,41],[-55,14],[10,63],[24,54],[-34,7],[-7,25]],[[109524,20811],[4,34],[27,41],[-29,18],[-108,24],[39,22],[39,74],[-26,28],[20,39],[-8,35],[14,103],[17,-3],[20,89],[-21,37],[-25,2],[-17,28],[24,14],[35,-7],[-8,46],[60,48],[17,50],[65,-21],[4,-33],[28,-6],[3,-32],[27,-4],[9,58],[23,34],[7,35],[38,13],[10,72],[78,-18],[4,35],[55,-20],[-5,-27],[69,-2],[10,-19],[-20,-46],[40,-18],[88,-3],[-42,-107],[50,-7],[5,35],[73,-12],[11,66],[-59,3],[-9,32],[67,-12],[55,-42],[21,11],[91,-15],[19,-11],[71,-3],[23,21],[75,14],[68,1],[6,32],[48,18],[-13,31]],[[103905,18044],[-44,24],[-31,-8],[-48,10],[-58,28],[-4,35]],[[103720,18133],[-42,-2]],[[103464,19383],[134,-34],[-16,-66],[23,-18],[60,-15],[196,-32],[3,21],[153,-23],[35,6],[26,31],[110,77],[59,30],[19,-3],[6,65],[47,-10],[49,23],[24,33],[74,47],[71,-14],[25,-28],[55,9]],[[104617,19482],[52,38],[21,-42],[33,-16],[62,-6],[12,-31],[105,-18],[138,-43],[43,-38],[-4,-51],[27,-9],[49,51],[40,-9],[37,15],[52,-34],[43,55],[-7,20],[41,40],[52,8],[119,-84],[15,-25],[36,-16],[64,13],[53,-38],[9,53],[109,-16],[106,-25],[48,5],[69,-12]],[[106041,19267],[21,-13],[35,-64],[40,-106],[-120,-25],[-46,-49],[-18,-95],[22,-23],[-12,-22],[25,-55],[-15,-65],[-20,-23],[-2,-37],[-63,-26],[5,-28],[-28,-49],[-62,6],[-44,-10],[-17,-42],[13,-49],[-35,-16],[11,-62],[-18,-15],[4,-46]],[[105717,18353],[-20,-16],[-53,1],[-25,-14],[-9,-29],[-76,-41],[-15,22],[-70,3],[17,-55],[-25,-26],[-86,64],[21,30],[-70,46],[-57,0],[-28,-40],[-95,41],[-31,-17],[6,-47],[-19,-5],[-53,-45],[-25,-79],[13,-17],[-48,-54],[-39,-16],[-22,38],[-31,13],[-70,-5],[-19,8],[-37,-24],[-38,-4],[-87,46],[-19,-12],[-38,17],[-18,40],[-27,19],[-33,-48],[-6,-40]],[[102840,22353],[-11,-69],[24,-53],[-8,-55]],[[102845,22176],[-13,-25],[-135,20],[-13,-83],[-49,42],[-9,-54],[-51,8],[-59,-38],[9,-38],[-19,-112],[-16,-41],[22,-53],[-5,-22],[-113,41],[-31,-199],[-79,11],[-19,-7]],[[102265,21626],[-64,50],[-40,-45],[-60,25]],[[109809,30407],[0,34],[44,19],[163,-24],[6,40],[57,-9],[10,72],[47,-5],[7,45],[-34,5],[10,69],[32,-5],[4,57],[75,-12],[6,30],[47,-7],[-3,-18],[182,-28],[66,57],[14,32],[46,-14],[-7,-44],[29,-34],[18,-60],[102,-12],[21,131],[38,-3],[65,11],[214,-38],[9,55],[56,23],[14,85],[-14,48],[87,0],[4,26],[30,5],[-10,62],[80,41],[7,31]],[[111331,31072],[11,28],[30,9],[40,-26],[51,-16],[3,-27],[90,-48],[22,-51],[-108,-72],[-9,-60],[23,-4],[8,-39],[-33,-56],[22,-52],[57,-11],[-7,-37],[68,-3],[50,-31],[32,6],[-7,-82],[-20,-33],[-53,10],[20,-49],[-1,-66],[-64,-14],[-16,-30],[64,-5],[22,-41],[-10,-72],[59,-109],[39,-8],[6,-19],[41,-25],[3,-20],[-15,-85]],[[111749,29934],[-26,-154],[-17,-146],[32,-5],[-27,-170],[-49,8],[-9,-122],[8,-35],[-14,-45],[-74,14],[-18,14],[-30,-12],[-31,22],[-104,17],[21,-29],[11,-99],[-36,-10],[-73,12],[3,16],[-93,-1],[-74,12],[-36,18],[-178,26],[-18,11],[-64,8],[-9,63],[6,35],[-23,24],[19,122],[2,36],[-50,-16],[-65,10],[-25,-138],[-10,2],[-16,-98],[-81,13],[3,18],[-72,10],[-41,-20],[25,-36],[1,-41],[-23,-157],[34,-5],[-5,-38],[-66,-30],[-119,11]],[[110338,29049],[-7,54],[-29,16],[-9,66],[-20,26],[-164,32],[21,132],[-46,3],[-4,109],[14,109],[63,-10],[10,44],[28,31],[76,-13],[14,77],[13,117],[-7,33],[28,26],[-175,28],[21,120],[35,228],[-24,3],[6,39],[-23,3],[-7,-46],[-137,21],[-33,-21],[-64,11],[-1,42],[-29,6],[-16,-21],[-119,17],[10,65],[46,11]],[[111514,35681],[41,-23],[50,-11],[33,-49],[17,9],[61,-5],[47,-25],[33,-35],[36,5],[15,-20],[69,-9],[-15,-97],[14,-28],[-56,-48],[-23,-53],[3,-23],[-49,-99],[-5,-42],[12,-48],[33,-41],[-15,-21],[-6,-56],[-16,-23],[-4,-38],[33,-28],[9,-36],[48,-72],[26,-2],[3,-39],[76,-37],[43,-45],[12,-41],[36,-21],[7,-39],[-15,-33],[15,-23],[-4,-41],[27,-73],[-21,-62],[12,-67],[23,-23],[32,-70],[21,3],[19,-39],[-8,-23],[45,-75],[-5,-45],[21,-15],[-5,-36],[49,9],[57,-9],[24,-13],[-15,-100],[-41,6],[-16,-105],[2,-28],[-58,-17],[-52,-25],[-91,-67],[-23,-27],[-33,0],[-18,-123],[3,-35],[-35,-30],[6,-21],[-57,-56],[16,-31],[-21,-47],[8,-27],[-19,-74],[5,-29],[71,-9],[44,-20],[22,-24],[47,19],[32,-17],[33,-37],[-2,-26],[27,-41],[43,8],[54,-20],[39,-86],[35,-34],[62,-40],[120,9],[34,-71],[-4,-36],[-28,-24],[-7,-107],[47,-25],[-16,-110],[15,-37],[-18,-19]],[[112580,32323],[-93,16],[2,-34],[39,-86],[-44,-103],[34,-33],[-13,-23],[-36,-14]],[[112469,32046],[-28,35],[-55,-6],[-29,-44],[-70,3],[-17,9],[-41,-12],[-22,-40],[-36,-13],[-27,-73],[-41,-8],[-65,-45],[-17,-38],[-42,24],[-44,2],[-13,19],[-39,1],[-45,-25],[-25,11],[-19,-29],[-70,6],[-20,-31],[-55,-18],[-63,11],[5,54],[-21,26],[-51,22],[-52,4],[-37,-22],[-73,-77],[-24,-46],[-60,13],[-17,23],[-46,27],[4,26],[-64,12],[8,54],[-87,13],[-31,35],[-46,-12],[-19,-26],[-25,-2],[-52,104],[-35,25],[-42,-20]],[[110821,32018],[-44,31],[-48,12],[-25,45],[1,27],[-32,56],[0,76]],[[110673,32265],[56,48],[35,17],[44,-20],[45,12],[6,25],[70,20],[81,120],[26,4],[0,40],[32,12],[42,-19],[16,13],[-3,58],[23,23],[-4,84],[25,36],[-38,107],[17,49],[-5,79],[-18,13],[-4,40],[10,57],[-12,30],[30,43],[-30,23],[-9,31],[-24,12],[1,29],[-20,30],[-65,39],[-27,7],[-6,26],[-44,69],[35,215],[-35,26],[52,50],[-29,36],[-21,-25],[-55,-6],[13,80],[17,61],[129,765],[-12,4],[41,240],[-231,297],[43,32],[363,115],[83,90],[77,91],[97,157],[24,31]],[[112207,23744],[-33,41],[-30,54],[-146,56],[-26,5],[-46,-45],[-23,-54],[2,-31],[-17,-45]],[[111660,24481],[53,26],[32,52],[-10,25],[-65,17],[26,28],[19,40],[-38,22],[11,36],[-39,22],[-29,55],[7,54],[-11,39],[50,25],[6,52],[59,-15],[6,49],[49,10],[-12,27],[11,44],[3,113]],[[111788,25202],[40,18],[183,-24],[-27,32],[0,26],[-48,-1],[0,31],[-22,19],[52,66],[13,-34],[49,-6],[40,-21],[32,17],[6,34],[85,-13]],[[112573,24456],[-25,-51],[-69,-58],[-19,20],[-64,-8],[-34,-42],[38,-77],[-11,-12],[-49,9],[5,-46],[46,2],[19,-25],[36,-12],[-17,-29],[-29,15],[-10,-39],[-23,-32],[-1,-35],[57,1],[40,-24],[-128,-219]],[[100628,21768],[-46,-317],[8,-1],[-25,-166],[-15,2],[-16,-84],[-35,-257]],[[98360,21209],[-516,206],[47,327],[33,-5],[4,28],[-33,4],[20,136],[9,106],[-32,4],[2,66],[37,-4],[6,47]],[[105862,22635],[72,11],[62,49],[23,-9],[52,19],[38,-11],[124,2],[10,54],[132,-23],[41,-34],[-21,181],[14,22],[88,6],[36,-30],[40,-15],[98,-73],[9,54],[37,-16],[19,7],[86,-14],[5,32],[42,-27],[31,-5],[23,-26],[49,-18],[26,6],[58,-9],[10,-30],[26,-4],[-3,-34],[30,-24],[42,-13],[10,55],[42,48],[-2,24],[28,14],[36,-6],[5,34],[-9,44],[10,70]],[[108464,23135],[-13,-32],[16,-53],[-2,-37],[22,-25],[26,25],[56,-34],[-23,-30],[7,-36],[-39,-3],[-29,-63],[-9,-64],[7,-24],[-37,-40],[6,-34],[24,-7],[-12,-34],[60,-50],[3,-35],[24,0],[9,-49],[29,-3],[-13,-54],[50,-44],[52,-26],[-4,-26],[23,-37],[-55,-49],[-9,-41],[26,-39],[-6,-29],[36,-44],[-25,-50],[-20,-19],[-21,-46],[-51,-31],[-13,-34],[-41,-32],[-13,-60],[-41,-59],[-39,-73],[10,-20],[-30,-118],[4,-21],[-14,-99],[-63,-18]],[[108332,21438],[-45,-1],[-45,14],[-43,47],[-29,65],[-47,55],[-54,16],[-53,3],[-27,-27],[-140,15],[-8,31],[-49,-14],[-16,55],[-44,-18],[-26,-53],[27,-53],[0,-63],[-63,8],[-6,-29],[-65,10],[-17,-21],[-31,-178],[12,-79],[-13,-89],[14,-15],[-8,-47],[-23,-17],[3,-52],[-13,-76],[-28,9],[-12,-43],[-18,-10],[-17,-56]],[[105998,22164],[-10,47],[-53,85],[6,54],[-20,12],[-5,91],[-17,31],[-37,4],[-17,49],[-47,-7],[-33,23],[2,36]],[[112739,24263],[18,-2],[27,-47],[25,-9],[28,31],[72,-8],[-15,-39],[25,-19],[-6,-44],[-24,-17],[0,-34],[66,35],[28,-30],[92,-26],[2,-33],[33,-42],[-30,-36],[-39,-7],[-2,-26],[-88,-50],[-19,-27],[-4,-48]],[[112928,23785],[-45,-57],[-30,-12],[-35,-91],[-34,-19],[31,-62]],[[112815,23544],[-16,-10]],[[112799,23534],[-101,17]],[[112698,23551],[-4,36],[-62,30],[4,33],[-16,16],[16,39],[23,-5],[-8,77],[-13,28],[8,73],[-34,48],[15,68],[-12,43],[5,54],[37,36],[-16,59],[-23,21],[0,27],[-36,63],[-11,46],[-31,22],[27,37],[6,53]],[[112881,23416],[34,-38],[-14,-24],[-38,-2]],[[112863,23352],[-3,28],[21,36]],[[112892,23284],[56,30],[24,24],[27,-16],[6,-13],[-44,-30]],[[112961,23279],[12,-56],[-4,-58]],[[113204,32107],[-27,-22],[11,-76],[-16,-66],[-29,1],[-41,47],[2,69],[-45,25],[-40,5],[-97,-25],[-74,7],[-13,12],[19,113],[-22,-7],[-153,26],[-12,20],[-53,24],[17,33],[-19,28],[-32,2]],[[111514,35681],[10,26]],[[111524,35707],[5,11],[57,-11],[17,16],[68,-21],[54,20],[41,-37],[66,-14],[20,28],[66,36],[16,-27],[96,62],[50,3],[110,-46],[50,-32],[43,-16],[52,-49],[77,-2],[40,-24],[4,-41],[42,-34],[37,11],[82,-21],[31,-29],[8,-42],[-9,-54],[38,-20],[-12,-57],[16,-44],[56,-2],[23,25],[43,-5],[25,-33],[35,-23],[60,-13],[25,-35],[55,-10],[32,-48],[49,-12],[8,-33],[67,-36],[15,-25],[-3,-38],[-17,-19],[24,-103],[-20,-21],[26,-29],[-2,-68],[-22,-26],[8,-54],[39,-33],[42,-60],[-18,-21],[6,-36],[55,-42],[57,13]],[[113357,34486],[30,-79],[-6,-17],[38,-55],[40,-17],[-4,-31],[28,-72]],[[105247,21472],[37,10],[37,30],[14,-12],[218,-30],[10,60],[65,95],[29,2],[48,-26],[37,-9],[54,19],[-2,33],[24,17],[47,-6],[19,48]],[[105716,20403],[7,53],[-96,16],[-23,35],[-3,74],[-72,14],[3,26],[-99,15],[-57,15],[-166,23],[-30,-26],[-34,16],[-1,30],[-113,13],[-30,-5],[-59,8],[-9,60],[7,43]],[[115506,31321],[23,-23],[46,-11],[63,-59],[21,-30],[29,-7],[35,-77],[72,-72],[-6,-38],[17,-16],[12,-108],[13,-32],[68,-47],[5,-32],[36,-25],[43,-77],[24,-18],[2,-25],[33,-16],[15,-30],[38,-2],[-4,-52],[-35,-66],[32,-26],[58,1],[0,36],[52,-15],[13,-50],[67,-101],[36,2],[26,17],[24,-9],[42,29],[40,13],[38,55],[39,8],[34,69],[38,47],[-15,15],[85,73],[22,10],[11,34],[52,34]],[[116750,30700],[-3,-57],[9,-27],[2,-73],[23,-80],[49,-52],[82,-16],[26,-83],[-20,-17],[-46,-65],[-37,-97],[-4,-68],[9,-38],[37,-39],[-22,-46],[-89,-106],[-36,-56],[-28,-77],[14,-31],[-31,-45],[-14,-52],[3,-39],[18,-28],[-13,-104],[4,-14]],[[116683,29390],[-212,35],[-25,19],[-78,12],[19,27],[11,63],[-29,5],[6,36],[-147,29],[9,50],[-24,18],[-71,16],[2,69],[-29,24],[-25,2],[-65,-33],[-37,38],[-36,6],[-39,29],[-45,-18],[-26,5],[-11,-45],[-32,-9],[-3,-26],[-53,-11],[-90,3],[-31,25],[-48,-6],[-41,-17],[-64,1],[-27,21],[-2,47],[-39,46]],[[115401,29851],[-27,29],[-5,70],[13,18],[-19,26],[29,16],[-4,25],[-35,24],[-40,12],[-78,62],[45,56],[-15,63],[24,43]],[[111774,21420],[41,19],[22,42],[68,17],[2,23],[53,13]],[[111960,21534],[134,-21],[21,33],[45,-8],[12,-29],[9,-68],[67,10],[36,27],[23,-1]],[[112307,21477],[-10,-35],[15,-27],[-17,-21],[8,-56],[-26,-94],[-27,-31],[2,-39],[-23,-43],[-53,-14],[-34,-32]],[[112142,21085],[-56,64],[-8,33],[-33,6],[5,26],[-13,47],[8,70],[-280,44],[9,45]],[[112928,23785],[4,2]],[[112932,23787],[22,-43],[-13,-20],[18,-26],[35,-14],[-23,-90],[32,-32],[15,-47]],[[113018,23515],[9,-13]],[[113027,23502],[-105,-31]],[[112922,23471],[-49,45],[-58,28]],[[115835,34925],[0,38],[-27,76],[7,23],[36,15],[31,-6],[-3,42],[-46,42],[16,19],[17,52],[-75,38],[41,58],[-37,20],[-5,27],[14,38],[-26,16],[-19,-28],[-22,31],[-30,-13],[-35,12],[21,27],[-13,48],[-58,41],[-58,16],[-15,17],[-95,42],[20,34],[10,49],[28,16],[11,71],[27,52],[37,20],[22,73],[-17,50],[-2,40],[42,3],[17,19],[29,-11],[36,6],[7,28],[59,-7],[10,36],[-19,9],[70,92],[12,46],[22,1],[32,87],[26,23],[26,102],[28,23],[-8,29],[-63,29]],[[115916,36536],[0,56],[12,28],[30,-8],[23,-50],[23,-20],[40,5],[31,-39],[51,-22],[19,-21],[32,0],[17,-23],[41,-24],[19,28],[36,15],[33,-19],[79,82],[38,20],[69,-5],[36,-29],[81,-22],[71,7],[22,-15],[55,-8],[72,6],[42,-13],[19,-19],[71,-10]],[[116978,36436],[9,-11],[-4,-65],[15,-19],[14,-78],[36,-17],[-7,-53],[5,-31],[26,-32],[-8,-43],[22,-51],[49,4]],[[117135,36040],[-24,-36],[1,-38],[-61,-49],[-12,-30],[-37,-27],[6,-61],[-45,5],[-19,-36],[-10,-66],[-1,-108],[-21,-57]],[[116912,35537],[-46,14],[-79,14],[-43,0],[-159,26],[-30,-13],[1,-33],[21,-16],[19,-45],[-2,-36],[31,-22],[17,-44],[-37,-14],[-31,-41],[-55,5],[-6,-40],[-40,-14],[-30,-61],[-9,-50],[-54,14],[-2,-50],[-44,-16],[-26,-39],[-74,32],[5,-37],[-17,-11],[10,-51],[-14,-38],[4,-55],[-42,-41],[-74,-28]],[[104967,27758],[41,-4],[96,-95],[46,-9],[7,-70],[30,-25],[9,-36],[57,-40],[14,-40],[-4,-46],[24,-16],[25,-82]],[[105312,27295],[9,-57],[94,-68],[34,0],[64,-59],[52,-12],[39,-64],[27,0],[84,-39],[10,-40],[-15,-16],[21,-36],[1,-39]],[[105732,26865],[-175,-129],[-2,-43],[-46,7],[-59,-42],[-33,-228],[23,-18],[-12,-91],[65,-18],[-35,-26],[-17,-33],[5,-42],[-11,-62],[50,-6],[-20,-143],[63,-7],[12,-58],[-24,-175],[-11,1],[-34,-272],[-30,4],[-12,-96],[-16,-76],[33,-4],[-9,-63]],[[113863,25646],[-6,-29],[71,-13],[-8,-52],[106,-18],[-8,-51],[94,-16],[18,-19]],[[114130,25448],[-23,-36],[8,-66],[-68,-53],[-61,-57],[-23,-64],[-36,-15],[2,48],[6,27],[28,42],[-50,18],[-12,40],[4,38],[30,49],[-57,30],[4,-57],[-41,-23],[-6,-34],[24,-26],[-6,-26],[-28,-5],[16,-42],[-56,-55],[-37,34],[-17,-11],[-25,-48],[-34,-12],[-17,-28],[32,-12],[39,28],[45,-12],[0,-41],[-37,-4],[-61,-38],[19,-51]],[[113835,24974],[18,35],[-3,37],[29,74],[22,17],[2,33],[20,14],[-2,-25],[43,-19],[-23,-46],[-5,-62],[-30,-38],[1,-56]],[[112896,23445],[58,-12],[34,-40],[14,3]],[[113002,23396],[-13,-24]],[[112989,23372],[-41,-6],[-41,28],[-11,51]],[[102845,22176],[173,-24],[-10,-66],[23,-34],[-9,-57],[16,-28],[0,-46],[85,-2],[-5,-30],[91,-19],[-25,-149],[91,-13],[5,-54],[-61,-370],[-45,-38],[-52,24],[-32,35],[-31,-14],[-71,27],[-65,-11],[-26,24],[-236,34]],[[102661,21365],[22,138],[-37,-16],[-54,3],[0,25],[-31,7],[-37,-46],[-101,3],[-40,38],[-29,7],[-58,48],[-42,-15],[11,69]],[[117658,34898],[-21,-37],[-21,2],[-21,41],[-62,-68],[13,-65],[-13,-14],[-81,-25],[-15,34],[12,28],[-29,9],[-19,-39],[-69,50],[14,30],[-34,26],[59,22],[6,22],[-43,59],[-11,37],[-23,12],[-34,43],[-15,-18],[-31,25],[-76,0],[-28,17],[17,136],[10,43],[-48,51],[-54,24],[19,73],[-51,24],[-30,25],[-61,34],[-6,38]],[[117135,36040],[29,-11],[59,22],[43,5],[17,-27],[40,13],[36,-38],[39,-12],[38,4]],[[110045,25084],[33,23],[49,12],[52,-28],[-1,-25],[54,11],[17,-26],[26,-5],[27,-34],[51,38],[10,67],[15,9],[14,93],[16,33],[-35,5],[-6,61],[7,42],[95,-14],[20,-14],[61,22],[15,33],[-46,56],[23,139],[28,14],[46,-18],[30,53],[31,14],[58,-1],[30,-18],[59,15],[32,-18],[22,22],[66,-44],[74,-15],[46,-2],[13,-16],[50,-3],[55,21],[45,41]],[[111227,25627],[13,-6],[17,-63],[27,-55],[-2,-32],[18,-26],[-20,-17],[20,-45],[-12,-56],[41,-38],[31,13],[90,-26],[38,-27],[45,-4],[19,31],[47,1],[55,-19],[13,-40],[41,2],[67,-27],[13,9]],[[110893,23581],[-45,14],[-34,-7],[-41,24],[-55,-15],[-34,39],[-34,20],[-31,-14],[-6,-62],[-30,-34],[-81,44],[-20,-1],[-34,43],[6,56],[32,30],[-26,55],[32,22],[-28,39],[1,59],[-47,26],[-4,22],[-31,20],[6,53],[-38,-9],[-51,10],[6,57],[-39,-13],[-20,61]],[[111827,23077],[-23,0],[18,52],[45,44],[-30,35],[10,62]],[[111847,23270],[111,-17],[12,46],[44,-12],[125,-20],[73,-5]],[[112584,23042],[-6,-50],[-22,-58],[-25,-21],[-35,6],[-23,-40]],[[111749,29934],[48,-7],[45,-62],[7,-32],[64,-46],[25,-59],[30,-33],[44,-2],[25,-22],[-6,-32],[56,-10],[-3,-53],[57,-9],[-26,-35],[35,-80],[-6,-39],[12,-26],[7,-112],[59,-10],[5,-42],[-12,-50],[41,-24],[61,-15],[4,-30],[29,-54],[39,-9],[18,-31],[1,-30],[24,-73],[39,-6],[20,-43],[44,-42],[27,-46],[24,-12],[-10,-44],[17,-23]],[[112593,28691],[-14,-41],[16,-34],[-56,-28],[-84,16],[-37,-19],[-29,-33],[13,-17],[-14,-53],[-27,6],[-43,-25],[-7,-39],[-22,-3],[-6,-33],[-37,-8],[-45,7],[-99,-94],[-4,-28],[-45,7],[-6,-26],[-47,-35],[36,-21],[-14,-60],[-44,-8],[-27,7],[-38,-13],[-90,16],[-33,-23],[-92,8],[-44,-34],[-81,48],[-52,16],[-52,-47],[-30,-8],[-25,28],[-42,21],[-58,-19],[-31,-1],[-20,26],[-49,15],[-48,-20],[-37,-36],[-120,52],[-76,8],[-30,24],[-5,34],[-21,10],[-43,70],[-35,-7],[-21,35],[-30,19]],[[110748,28351],[-11,16],[-63,-1],[-36,48],[-27,21],[6,31],[-34,15],[-36,-14],[-42,-58],[-26,7],[-32,43],[-55,-14],[-20,20],[-48,-21],[-55,35],[-28,32],[-6,28],[4,70],[-51,52],[125,-20],[-17,76],[38,47],[7,32],[-24,33],[3,21],[-78,-1],[33,203],[63,-3]],[[103637,20427],[152,-20],[36,-52]],[[103825,20355],[32,-17],[79,-102],[22,-4],[2,-64],[25,-9],[154,45],[31,-17],[147,-27],[-2,-13],[75,-4],[15,43],[190,-28],[-20,-121],[30,-71],[34,-26],[30,-44],[96,-31],[-1,-84],[-47,7],[-51,-21],[-13,-48],[5,-75],[-22,-17],[20,-33],[-1,-58],[-30,7],[-8,-61]],[[113434,26164],[44,40],[22,78],[75,-11],[5,30]],[[113854,26243],[-5,-57],[-19,-7],[36,-83],[71,-31],[19,-49],[26,-37],[47,32],[53,-23],[35,-54],[-31,-58],[-36,-8],[13,-43]],[[114063,25825],[-125,20],[-35,16],[-11,-49]],[[113440,27638],[6,29],[51,38],[44,50],[-17,54],[20,120],[27,37],[0,25],[45,22],[52,53],[1,30],[40,18],[59,-38],[31,24],[13,33],[1,43],[18,71],[-83,6],[-48,40],[-28,3],[31,171],[-24,51],[31,191]],[[113710,28709],[53,-25],[47,4],[45,14],[9,-22],[106,-9],[44,7],[40,-26],[66,-20],[49,-24],[0,87],[95,67],[-30,35],[-3,27],[-47,16],[-21,40],[16,31],[58,-9],[27,24],[84,-10],[4,23],[148,-25],[-7,80],[356,-57]],[[114849,28937],[4,-16],[163,-24],[3,41],[-24,49],[-14,87],[28,-4],[33,-28],[-3,-32],[26,-22],[-14,-43],[-3,-47],[39,-51],[31,11],[3,51],[63,19],[20,41],[22,-12],[12,-36],[52,-41],[20,27],[49,0],[5,-68],[23,-23],[1,-46],[-29,-55],[-25,-19],[-17,-52],[50,0],[32,17],[16,-21],[-12,-60],[16,-8],[50,8],[54,-21],[25,31],[40,-17],[53,30],[79,8],[-3,-57],[73,-10],[20,-22],[63,-35],[108,-12],[22,-8],[171,-29],[9,16],[44,-43],[119,-17]],[[116346,28394],[-84,-97],[-39,-59],[-25,-71],[25,-54],[-64,-43],[-145,-117],[-74,-82],[-26,-48],[-35,-38],[-38,-69],[-28,-38],[-11,-53],[11,-55],[-44,-48],[-29,-56],[-15,-67],[1,-45],[17,-34],[46,-11],[15,-45],[50,-23],[-2,-43],[-32,-25],[-30,-46],[-21,-50],[-7,-75],[47,-61],[-24,-44],[-5,-55],[-19,-22],[-13,-49],[6,-47],[30,-35],[-71,-35],[-43,-8],[-125,-52],[-25,-18],[-88,-44],[-60,-44],[-68,-77],[-37,-84],[-84,-34],[-63,-45],[-39,-48],[-16,-43],[-2,-47],[-29,17],[-31,-10],[-63,16],[-15,31],[-45,-54],[-78,-6],[4,81],[-19,10],[-43,-43],[-82,-2],[-52,35]],[[114610,26185],[-25,93],[-31,-1],[-88,15],[-48,-14],[-39,4]],[[108910,27041],[26,-10],[97,26],[17,-34],[24,-5],[33,43],[12,63],[27,10],[14,43],[21,8],[10,35],[26,11],[-1,61],[24,-7],[25,39],[34,3],[9,47],[-12,42],[34,2],[0,31],[-33,43],[6,25],[36,2],[80,-21],[18,-12],[32,16],[11,69],[68,-39],[84,7],[10,-48],[51,-49],[52,28],[96,-14],[39,21],[121,-17],[2,48],[23,24],[30,-5],[2,33],[36,47]],[[110094,27607],[-9,-51],[61,-41],[-3,-17],[152,-21],[2,-17],[59,-8],[49,-38],[-13,-43],[53,-8],[-8,-52],[45,-6],[17,50],[42,-6],[-6,-25],[77,-40],[37,22],[5,-31],[-16,-42],[-5,-58],[16,-16],[-43,-37],[2,-55],[-31,-17],[-13,-30],[21,-27],[45,-85],[68,21],[33,-1],[64,14],[20,-11],[44,48],[67,-41],[45,2],[8,54],[32,16],[41,-16],[21,-148],[25,3],[35,-20],[43,-2],[5,-55]],[[111181,26772],[-40,-27],[-41,-6],[-23,-62],[-44,-30],[-28,15],[-15,-21],[38,-41],[-9,-33],[4,-127],[-12,-64],[60,-9],[-13,-47],[-42,-9],[-6,-16],[155,-93],[17,-33],[-23,-10],[-23,-63],[-13,-70],[-28,-27],[-4,-37],[28,-42],[60,-46],[41,-13],[0,-33],[25,-34],[13,-52],[14,-14]],[[111272,25728],[-2,-53],[-43,-7],[0,-41]],[[110673,32265],[-25,40],[8,17],[-15,58],[-18,3],[11,76],[-52,85],[-94,11],[-128,50],[-17,35],[5,33],[-31,5],[15,113],[-66,2],[-122,19],[-62,-1],[-2,92],[-54,14],[-21,20],[13,95],[-78,12],[-18,-95],[-45,19],[-68,11],[9,56],[-58,8],[-43,-19],[-22,-34],[-26,5],[-83,-44],[-15,12],[-58,-5],[-27,31],[-37,18],[-82,1],[-65,23],[-41,-12],[-605,91],[-44,4]],[[108612,33114],[13,87],[-434,199],[-6,19],[50,348],[-62,-25],[-40,-26],[-75,17],[-35,-33],[-52,-5],[-25,13],[-22,-23],[-38,12],[-54,-27],[-37,13],[-6,61],[-15,20],[26,75],[50,58],[-48,133],[27,81],[26,37],[12,54],[-7,27],[29,32],[33,103],[36,40],[7,53],[72,8],[2,23],[-20,40],[4,63],[17,32],[-4,41],[42,78],[33,-8],[26,47],[64,36],[28,36],[52,-12],[39,1],[33,61]],[[108353,34903],[28,49],[53,14],[16,29],[48,15],[32,35],[-1,30],[26,36],[2,29]],[[108557,35140],[-2,37],[32,30],[24,68],[23,23],[79,10],[24,12],[-7,42],[62,-3],[37,33],[3,41],[77,38],[45,51],[31,13],[15,-22],[57,80],[54,5],[67,47],[54,-4],[73,64],[2,28],[23,18],[4,42],[19,34],[34,38],[50,11],[13,22],[37,19],[45,-13],[9,12],[48,-7],[32,14],[40,-4],[23,-16],[25,-42],[51,5],[26,-40],[26,6],[26,-50],[65,-8],[7,46],[24,7],[34,-14],[24,13],[54,-5],[81,20],[22,-8],[35,13],[90,-14],[15,-22],[58,26],[51,-25],[18,24],[55,-12],[37,47],[66,35],[20,-17],[42,-1],[15,22],[33,-10],[27,8],[9,36],[75,4],[30,20],[68,-22],[48,-26],[48,11],[19,31],[72,38],[53,0],[10,-21],[41,-20],[16,-34],[28,-9],[56,-56],[-9,-25],[13,-29],[44,-31],[21,16],[29,-17],[19,-39],[33,-31],[38,-12],[30,19],[22,-3]],[[113077,23412],[14,21],[31,-21],[16,-32],[-35,-40],[-31,22]],[[113072,23362],[5,50]],[[100877,18534],[-39,-1],[-36,27],[-32,-23],[-52,10],[-48,50],[-53,14],[-40,-28],[-38,15],[-35,-17],[-49,0],[-37,32],[-50,6],[-48,-23],[-16,19],[-49,-23],[-24,9],[-28,-32],[-48,-25],[-41,13],[-46,-21],[8,-55],[-21,-28],[-6,-38],[-27,-48],[13,-73],[-50,-14],[-16,-49],[79,-70],[13,-57],[32,-18],[8,-35],[-13,-21],[-71,-23],[-29,37],[-60,15],[-31,-6],[-53,10],[-44,-57],[1,-40],[-27,-7]],[[99774,17959],[-45,-17],[-64,-47],[-12,33],[-49,-14],[-9,30],[-54,-4],[-5,58],[-54,-22],[-14,28],[21,34],[-29,17],[-29,-33],[-26,32],[2,23],[-32,14],[-26,-11],[6,-31],[-41,4],[22,58],[-7,18],[-49,-28],[-18,10],[-8,43],[-45,17],[-8,26],[-71,17],[-12,51],[-42,15],[-11,27],[-35,27],[-11,29],[-27,-9],[-56,44],[-6,31],[-31,16]],[[98899,18445],[5,67],[-12,25],[-34,5],[-29,42],[-6,42],[8,50],[-50,41],[3,22],[-60,17],[-6,26],[-56,17],[3,32],[-38,-8],[-15,-32],[-48,59],[2,20],[-67,34],[-5,48],[-39,2],[-11,21],[-56,21],[-65,82],[-29,19],[-26,83],[-89,34],[-48,55],[-42,2],[-33,-19],[-28,19],[15,40],[-41,5],[-12,33],[-38,39],[-98,9],[-38,35],[-37,9],[-62,57],[-51,25]],[[97666,19523],[7,22],[-38,11],[-21,26],[-57,-2],[13,37],[-25,32],[-63,10],[-36,-6],[-43,51],[-44,0],[-9,-33],[-47,-38],[-45,45],[-44,64],[-34,35],[-34,-4],[-4,58],[31,35],[26,55],[-32,35],[-11,46],[23,65],[-35,39],[-35,-8],[-8,-25],[-29,-8],[-23,20],[-51,-20],[-46,1],[-46,72],[-50,0],[-19,-13],[-43,4],[-3,38],[-25,50],[10,44],[-27,36],[-54,41],[-19,84],[-10,132],[4,28],[-37,41],[3,90],[48,37],[-1,32],[-41,66],[41,25],[-8,26],[30,29]],[[102661,21365],[-43,-270],[-50,-6],[-45,-265]],[[111181,26772],[39,26],[10,29],[39,8],[24,-10],[29,14],[10,34],[4,76],[28,2],[9,-28],[35,-1],[4,41],[82,14],[17,-26],[40,-22],[31,-5],[-9,-57],[15,-3],[79,57],[5,33],[-23,13],[-29,-13],[-5,43],[-38,68],[3,22],[-26,33],[4,21],[-28,32],[16,54],[-3,118],[34,30],[-22,60],[154,-23],[117,-20],[57,-5],[0,-25],[425,-69],[34,20],[80,-1],[50,16],[53,-9],[21,21],[84,-18],[104,28],[28,-23],[44,-8],[36,-36],[47,-8],[38,-33]],[[112927,27242],[-4,-24],[28,-42],[-30,-67],[-56,-7],[-6,-34],[-35,6],[-12,-59],[-16,-14],[8,-56],[-108,8],[-5,-35],[-35,5],[-22,-137],[-70,11],[-16,-24],[-163,25],[-31,-174],[-50,42],[-25,-14],[-9,-52],[-30,-10],[-24,29],[-31,15],[-50,-19],[-3,-20],[49,-46],[-55,8],[-60,-341],[-130,21],[-23,-158],[-77,-9],[-35,-30],[-31,-8],[-9,-30],[-35,-40],[-65,-27],[-47,-2],[-23,27],[-46,-8],[-4,-34],[-57,-34],[-6,-33],[-42,2],[-42,-65],[-67,-13],[-6,-32],[-49,-15]],[[116788,31168],[-14,-120],[19,-81],[-15,-5],[-30,-64],[-19,-94],[4,-54],[23,-20],[-6,-30]],[[108097,31253],[35,-5],[58,392],[12,99],[29,-28],[45,-1],[3,61],[33,258],[10,39],[80,48],[-23,43],[47,77],[8,-23],[49,-6],[7,57],[65,31],[13,47],[13,95],[28,-3],[27,179],[-96,14],[23,184],[14,42],[35,261]],[[110821,32018],[10,-27],[28,-6],[21,-62],[3,-40],[20,-57],[-4,-25],[25,-51],[1,-59],[-15,-32],[31,-38],[43,10],[28,-33],[-24,-18],[53,-51],[48,-18],[18,-23],[36,-4],[33,11],[9,46],[59,-15],[28,-42],[-3,-51],[-19,-9],[0,-35],[32,6],[-18,-120],[20,-24],[-5,-31],[47,-19],[4,-43],[-66,6],[41,-86],[26,-6]],[[109809,30407],[-281,42],[-10,8],[-49,-71],[-181,27],[-3,14],[-198,29],[-216,-102],[-109,290],[-68,-30],[-1,40],[13,15],[-32,112],[9,33],[-143,1],[-24,136],[33,39],[-55,81],[-70,-39],[-47,6],[12,-36],[-56,-48],[-53,73],[-233,-118]],[[103969,21047],[-12,-70],[8,-16],[-28,-68],[22,-61],[-123,-61],[-10,-55],[59,-70],[2,-21],[-30,-174],[-21,-29],[-11,-67]],[[107084,26133],[-172,-5],[-33,-9],[-251,-2],[-16,57],[-27,21],[-33,108],[-59,23],[-13,23],[-54,34],[-56,17],[3,22],[-60,71],[-25,15],[2,47],[-60,19],[-13,36],[-45,28],[-18,29],[11,48],[-64,-16],[-41,9],[-97,40],[-74,-12],[-19,38],[-57,8],[-57,41],[-24,42]],[[105312,27295],[282,212],[196,176],[-7,6],[52,82],[38,-19],[41,-7],[20,74],[89,100],[33,-15],[197,159],[93,-14],[16,12],[91,-52],[48,60],[125,130],[34,15],[31,-23],[60,-18],[28,6],[114,86],[11,26],[33,-6],[-5,-30],[57,-15]],[[114063,25825],[-46,-25],[5,-18]],[[114022,25782],[22,-23],[62,-13],[42,-37],[49,-4],[20,-27],[7,-63],[-31,-4],[7,-45],[29,-28],[-29,-33],[-70,-57]],[[113002,23396],[52,14]],[[113054,23410],[23,2]],[[113072,23362],[-21,-36],[-53,12],[-9,34]],[[112932,23787],[8,49],[22,28],[82,34],[25,34],[56,-12],[14,33],[66,43],[37,-18],[-42,-117],[-26,-20],[40,-53],[37,67],[25,31],[33,-16],[-23,-28],[-46,-119],[2,-28],[-55,-44],[33,-25],[23,-38],[-30,-19],[11,-22],[-29,-76],[32,-34],[-7,-42],[-30,12],[2,40],[-53,-38],[-54,57],[-6,27],[-37,1],[-24,21]],[[110903,23260],[-34,-21],[-8,-55],[22,-78],[31,-13],[41,31],[14,-25],[46,-7],[-14,-41],[-48,-71],[-70,-44],[-46,-63],[-26,-20],[10,-48],[-62,-23],[6,-20],[-29,-48],[17,-72],[-39,7],[-18,38],[-30,-26],[-69,26]],[[110597,22687],[-54,26],[-19,34],[9,25],[-73,17],[-76,-46],[-8,-46],[38,-21],[-25,-95],[-28,-31],[-28,-13],[-40,2],[-39,-13],[-74,2],[-42,-33],[-47,-8],[-52,35],[-17,-10],[-67,9],[-85,-21],[-19,7],[-10,36],[-95,161],[-37,-15],[-48,25],[-50,52],[-46,26],[-26,36],[-32,70],[-31,9],[-38,31],[-44,5],[-8,-39],[-42,16],[-67,40],[-16,21]],[[112511,23528],[27,-15],[160,38]],[[112799,23534],[-8,-31],[-58,-29],[16,-67]],[[112749,23407],[15,-49]],[[112766,23333],[-36,-15]],[[111847,23270],[-17,37],[-42,5]],[[116683,29390],[16,-11],[-76,-109],[-32,-66],[-15,-84],[19,-15],[26,-70],[3,-30],[-127,-138],[-36,-47],[-30,-56],[-11,-39],[17,-21],[-29,-74],[17,-31],[-72,-87],[-30,-65],[23,-53]],[[114849,28937],[-8,91],[11,29],[-43,27],[-6,23],[15,62],[38,27],[26,-3],[50,273],[49,-3],[28,95],[-23,39],[9,34],[-15,27],[21,28],[46,-31],[43,14],[49,-34],[59,4],[6,28],[128,-20],[30,180],[39,24]],[[114610,26185],[-3,-29],[-31,-37],[9,-25],[40,0],[4,-32],[-62,-23],[-13,-18],[6,-39],[60,28],[75,2],[24,15],[39,-22],[76,24],[48,-20],[27,28],[34,-9],[58,15],[53,-11],[2,-43],[-26,-19],[10,-25],[-36,-24],[-54,2],[-32,-24],[6,-27],[-60,-14],[-42,19],[-132,-30],[-117,-41],[-125,-54],[-80,-43],[-88,-58],[-34,6],[-2,45],[23,15],[31,46],[-4,17],[-68,9],[-30,-22],[-3,-55],[-50,9],[-30,29],[-58,11],[-33,21]],[[109622,18183],[-16,55],[-39,-17],[-30,13],[-33,85],[17,87],[-10,45],[-39,22],[-23,60],[10,23],[-12,30],[23,21],[-6,27],[29,20],[34,49],[-15,40],[15,137],[-40,88],[21,17],[-10,81],[-114,18],[-104,-18],[-40,16],[-35,-4],[4,-31],[-106,-49],[-51,19],[-63,130],[-37,26],[-104,20],[-25,-36],[-40,2],[-34,45],[-22,4]],[[108727,19208],[-13,61],[39,105],[2,39],[-34,94],[36,25],[-24,22],[13,48],[78,85],[43,75],[52,10],[36,29],[71,-18],[28,12],[85,-16],[24,-25],[90,47],[17,27],[-32,31],[-69,17],[-19,30],[-39,0],[-35,30],[-71,1],[3,34],[-33,5],[-16,24],[-32,10],[24,39],[-66,17],[-28,34]],[[108857,20100],[29,13],[41,43],[50,0],[84,20],[60,44],[41,83],[39,21],[21,37],[-6,79],[14,133],[16,65],[38,40],[34,80]],[[109318,20758],[53,4],[15,39],[69,-12],[6,34],[63,-12]],[[110626,20572],[2,-27],[49,-57],[-8,-20],[35,-40],[39,-11],[-10,-25],[54,-34],[21,-49],[5,-64],[58,-9],[13,-41],[25,-1],[34,-28],[22,-40],[-14,-22],[-46,8],[25,-70],[-61,-23],[7,-23],[-42,-43],[-62,-41],[-35,-2],[-37,-37],[-40,-21],[-35,0],[-27,-53],[18,-38],[-21,-48],[9,-64],[-18,-37],[-24,-5],[-28,-45],[-3,-71],[-16,-44],[-44,-27],[4,-29]],[[113042,23155],[0,49],[40,34]],[[113082,23238],[15,-1]],[[113097,23237],[2,-30],[60,-20]],[[113159,23187],[-27,-26],[17,-47],[0,-41],[-37,-94],[-26,21],[-31,50]],[[117758,34923],[-41,-67],[-47,-111],[-16,-62],[2,-49],[35,-16],[4,-55],[-14,-26],[-71,-78],[-54,-98],[-56,-89]],[[112922,23471],[-27,-26]],[[112895,23445],[-14,-29]],[[112863,23352],[-41,15],[-18,26],[-55,14]],[[111960,21534],[-50,27],[-16,30],[-38,1],[-8,46],[32,33]],[[111880,21671],[53,-16],[13,11],[63,6],[61,-18],[50,1],[41,20],[31,-5]],[[112192,21670],[20,-25],[36,2],[10,33],[52,13],[17,-18],[-4,-60],[14,-45],[61,-19],[-57,-23],[-25,3],[-20,-25],[11,-29]],[[111212,21180],[79,21],[35,72],[35,29],[35,6],[22,22],[39,-5],[37,32],[60,-9],[9,34],[59,26],[22,-1],[24,36],[21,-25],[7,-47],[-10,-28],[11,-30],[26,8],[-7,57],[58,42]],[[112142,21085],[-38,-56],[-28,-94],[0,-71],[22,-37],[19,-63],[24,-15],[-8,-62],[12,-54],[28,-48],[52,-31],[29,28],[24,-12],[-24,-57],[10,-70],[-20,-36],[-64,-34],[-12,34],[-42,-6],[0,33],[24,82],[-37,37],[14,32],[-28,23],[-70,-9],[3,-27],[-40,0],[-64,-43],[-8,-86],[30,-26],[13,-92],[14,-29]],[[111977,20296],[-84,13],[-3,-20],[-55,-55],[-57,-15],[-24,-68]],[[111754,20151],[-64,-35],[-50,-43],[-20,-44],[24,-26],[-109,-83],[-23,-27],[-13,-58],[8,-33],[-2,-63],[33,-12],[-51,-36],[-111,-136],[-7,-26],[-32,-43],[-9,-61],[6,-39],[32,-59],[-47,-40],[5,-31],[-23,-30],[-24,2],[-64,-96],[-9,-44],[-46,-22]],[[112927,27242],[31,-2],[33,-48],[20,-2],[19,30],[58,30],[20,-5],[50,63],[51,34],[31,72]],[[109181,15192],[-1160,529],[-1242,578]],[[106779,16299],[3,64],[20,48],[44,13],[16,39],[-4,56],[27,1],[6,35],[-16,57],[7,100],[15,21],[34,-5],[61,44],[-32,75],[-34,24],[-4,23],[-37,22],[20,31],[-29,41],[21,30],[33,91],[-22,6],[52,113],[34,16],[51,46],[8,32],[41,31],[11,39],[33,38],[-1,87],[49,-6],[28,30],[12,35],[32,16],[8,40],[-22,47],[23,43],[11,71],[25,55],[17,11],[-16,43],[54,31],[-5,18],[75,44],[27,-1],[26,-27],[48,-13],[10,24],[-27,29],[36,41],[-35,58],[15,86],[-54,13],[2,17],[-80,58],[-30,53],[-29,10],[5,64],[-69,38],[26,66],[5,74],[53,112],[52,37],[59,139],[32,15],[9,50],[22,1],[9,46],[29,29],[-1,92],[52,17],[39,-57],[43,-33],[48,-19],[19,10],[89,-26],[98,-86],[31,-80],[46,54]],[[108033,18886],[52,-32],[38,-55],[29,1],[23,69],[30,5],[15,-77],[19,-15],[-17,-34],[6,-54],[-23,-37],[21,-18],[26,-84],[102,-92],[36,-2],[76,-17],[76,-49],[17,30],[9,65],[47,72],[22,8],[-2,54],[14,22],[0,58],[-20,59],[28,97],[-10,25],[21,43],[-25,55],[-4,79],[-14,-2],[-22,131],[13,13],[85,-16],[26,20]],[[107502,20274],[46,-43],[24,-3],[-11,-66],[10,-31],[-23,-26],[-11,-41],[-37,-16],[-7,-29],[149,-23],[2,9],[127,-20],[2,11],[154,-22],[30,-37],[-7,-103],[83,0]],[[108033,19834],[-22,-53],[26,-62],[6,-42],[-27,-25],[-14,-80],[-30,-36],[3,-31],[-19,-39],[16,-36],[-25,-22],[14,-115],[18,-36],[-10,-22],[32,-49],[-42,-35],[31,-61],[-26,-27],[6,-37],[52,-26],[-2,-33],[-19,-42],[32,-39]],[[106779,16299],[-29,-13],[-38,28],[-86,-9],[-14,-23],[-34,43],[35,75],[29,30]],[[106642,16430],[30,58],[47,22],[36,53],[-10,12],[50,76],[22,78],[-25,24],[22,24],[-29,23],[-97,41],[-10,25],[-39,-5],[-18,30],[32,60],[-24,54],[-8,91],[-77,30],[2,35],[-25,46],[-34,6],[-45,67],[13,52],[-5,20],[28,55],[-42,100],[-5,41],[12,31],[-8,67],[-17,20],[29,45],[-39,72],[14,77],[-51,10],[-14,37],[-4,69],[-32,22],[35,72],[-27,27],[-57,5],[-40,-9],[-29,11],[8,26],[-33,11],[12,37],[-9,38],[-32,-11],[-77,30],[-22,-6],[-33,25],[-34,-1],[-13,29],[-31,9],[-40,-12],[-42,33],[-32,-4],[-41,23],[-25,43],[-42,-21]],[[106041,19267],[4,23],[33,10],[61,-9],[-3,-21],[80,-13],[-14,38],[-31,10],[0,30],[37,-6],[5,29],[-49,7],[6,56],[-49,3],[4,59],[-27,16],[5,25],[29,6],[17,76],[-7,31],[12,45],[-20,7],[-12,48],[-34,-5],[-18,47],[-29,23],[0,91],[22,30]],[[112629,23018],[36,-25],[117,-11],[-15,-26],[62,7],[21,-16],[32,-60],[31,-3],[19,23],[72,17],[5,27],[62,14],[4,-53],[-20,-31],[-45,-6],[-28,17],[-42,-15],[-39,-50],[-35,-17],[19,-32],[38,6],[30,-16],[-41,-55],[-22,-15],[-28,-52],[-97,-69],[-31,-13]],[[112734,22564],[-104,14],[6,25],[-81,42],[-119,20]],[[112961,23279],[19,4],[20,20],[10,-8],[3,25],[52,-16],[11,-29]],[[113076,23275],[6,-37]],[[112469,32046],[2,-56],[42,-42],[5,-28],[28,-40],[-22,-71],[-36,-77],[14,-26],[-14,-88],[-19,-20],[-5,-39],[19,-42],[30,-25],[37,12],[21,-9],[80,40],[-27,-119],[26,-9],[6,-59],[25,-55],[22,-2],[19,-38],[22,-85],[38,-6],[44,-41],[64,-27],[41,-41],[1,-57],[37,-14],[41,-48],[15,-40],[41,-13],[24,-33],[26,-11],[-3,-55],[93,11],[48,-14],[45,9],[30,-13],[48,-2],[-8,-47],[39,-36],[-15,-90],[-25,-49],[12,-24]],[[113380,30527],[-13,-17],[-14,-86],[-21,10],[-37,-37],[-6,-22],[-93,-23],[61,-49],[15,-29],[38,-16],[9,-51],[-34,-1],[-37,-34],[19,-22],[-5,-26],[49,-21],[16,-27],[-16,-55],[35,-5],[-8,-46],[-32,8],[-70,-43],[-9,-49],[68,-11],[7,-32],[-10,-63],[-20,0],[-12,-69],[42,-13],[10,-37],[54,-61],[-25,-158],[22,-22],[45,-7],[15,88],[36,-5],[13,-34],[-6,-49],[17,-61],[45,-30],[18,-62],[18,-26],[-38,-30],[-28,-2],[-23,22],[-32,-41],[31,-49],[-21,-52],[14,-39],[-21,-47],[39,-57],[10,-57],[42,-36],[65,-23],[-12,-38]],[[113590,28785],[-24,0],[-18,-109],[-37,37],[-3,32],[-24,38],[-43,-2],[-14,13],[-57,7],[-92,-24],[-18,-21],[-80,-57],[-15,-24],[-45,-29],[-10,-59],[-34,-15],[-73,32],[-42,27],[-46,6],[-75,-14],[-14,31],[-38,6],[-33,21],[-18,31],[-52,-10],[-25,10],[-67,-21]],[[113357,34486],[59,-10],[32,58],[39,16],[50,50],[22,67],[46,21],[36,57],[-26,21],[15,34],[1,51],[15,27]],[[113646,34878],[39,49],[28,22],[16,64],[45,27],[26,-6],[19,29],[45,21],[15,-7],[71,21],[31,28],[18,-5],[29,50],[36,36],[42,11],[30,-72],[11,-43],[53,-55],[12,-45],[61,29],[14,-35],[36,-5],[19,46],[-10,25],[6,38],[24,20],[40,-14],[56,1],[56,-36],[30,15],[65,13],[55,43],[33,-19],[28,40],[28,91],[-47,3],[4,30],[34,23],[6,169],[24,40],[-12,21],[71,56],[-21,25],[4,30],[-32,7],[-28,42],[-52,-3],[-24,61],[-24,38],[2,70],[-33,51],[-39,21],[-9,59],[5,50],[46,38],[23,-53],[58,1],[60,71],[45,24],[5,40],[51,-3],[18,15],[39,2],[43,48],[47,23],[41,-15],[42,2],[31,-23],[41,72],[26,17],[31,47],[45,-2],[7,25],[44,45],[60,-13],[31,16],[65,-15],[27,48],[34,41],[-14,23],[13,56],[57,-1],[36,88],[54,17]],[[115688,36682],[45,10],[26,-28],[25,-4],[-9,-84],[-9,-15],[39,-35],[86,-23],[25,33]],[[116978,36436],[45,63],[-11,15],[37,44],[55,29],[-16,33],[29,12],[-8,36],[35,28],[40,-13]],[[117184,36683],[22,-25],[31,-4],[23,42],[41,10],[33,23],[52,-14],[52,6],[19,-32],[54,7],[52,30],[33,57],[19,9],[43,48],[44,16],[24,43],[36,13],[102,-49],[36,31]],[[117900,36894],[-9,-47],[-24,2],[-68,-35],[-20,-22],[24,-41],[31,8],[-13,30],[6,35],[78,2],[35,-15],[-9,-77],[18,-51],[22,-13],[-21,-88],[-10,-76],[14,-89],[-23,-79],[-25,-140],[-4,-50]],[[110094,27607],[20,7],[6,38],[32,3],[75,37],[21,-3],[26,64],[-14,29],[-37,-12],[-39,5],[19,35],[28,19],[34,61],[42,48],[-3,14],[66,76],[26,6],[28,31],[48,20],[58,52],[11,-3],[52,54],[29,66],[39,33],[3,18],[84,46]],[[113590,28785],[52,-26],[68,-50]],[[110597,22687],[-36,-34],[50,-42],[39,-73],[6,-29],[-13,-52],[-18,-20],[22,-29],[-5,-70]],[[110642,22338],[-20,-15],[-58,8],[3,18],[-66,9],[-7,-93],[-29,4],[-21,-46],[41,-70],[24,-4],[43,-50],[42,31],[12,-16],[66,11],[31,23],[40,-48],[31,-19],[-34,-36],[19,-49],[-37,-54],[-20,3],[-61,-80],[30,-33],[-5,-34],[25,-5],[21,-40],[-33,-12],[-16,14],[-50,-35],[38,-47],[34,-1],[30,-22],[-1,-44],[-23,-20]],[[109318,20758],[-17,14],[-56,5],[-6,-36],[-20,-29],[-67,14],[8,47],[-137,27],[-14,20],[11,31],[-58,0],[-44,-36],[-37,5],[12,32],[-47,-9],[-33,8],[-19,25],[-29,11],[-20,-33],[-51,1],[-20,24],[-1,31],[-75,31],[-32,51],[-35,5],[9,33],[-35,74],[14,62],[-33,25],[8,48],[-47,8],[-23,39],[-56,-24],[-49,66],[13,110]],[[114093,30618],[-37,-31],[-8,-34],[-21,-24],[-54,-1],[-17,-56],[-24,-44],[-53,65],[-56,9],[-3,-23],[-45,8],[-4,-21],[-33,-8],[-72,12],[-5,-27],[-31,5],[-5,-31],[-70,-41],[-48,8],[10,62],[-23,22],[-54,9],[-19,43],[-41,7]],[[106249,34903],[1101,0],[1003,0]],[[105575,31293],[-3,27],[-31,28],[-25,55],[-29,9],[-13,64],[-33,10],[-163,21],[-60,11],[-212,26],[-4,-34],[-177,23],[-2,-9],[-135,17],[-35,14]],[[113097,23237],[52,7],[43,70]],[[113192,23314],[-8,-47],[-25,-80]],[[94871,21564],[-3,61],[-36,-16],[-82,8],[-3,38],[-42,10],[-28,19],[-14,35],[22,17],[21,65],[-27,2],[-38,-18],[27,65],[-38,17],[23,41],[-26,67],[-4,54],[41,32],[-5,30],[48,25],[-14,31],[24,23],[-71,22],[-31,-22],[-33,-5],[-31,22],[-30,3],[-45,22],[17,32],[-44,26],[-29,-25],[-30,-4],[22,97],[-13,19],[4,50],[-20,34],[17,17],[-32,65],[-19,20],[-43,-6],[-35,17],[-32,-16],[-14,29],[15,43],[-37,10],[-18,-23],[-32,4],[-7,-37],[-33,-13],[-47,10],[-11,39],[-21,8],[17,53],[-27,14],[-53,-10],[-17,26],[27,31],[-60,1],[0,-47],[-59,29],[-25,-5],[-21,-50],[-30,37],[-93,23],[-39,-9],[-8,-38],[-36,6],[-46,-10],[-83,40],[-43,-2],[-20,28],[-37,-13],[-45,46],[-4,-35],[-35,-16],[-16,40],[-57,-14],[-48,-37],[-46,-11],[-1,-44],[-23,-34],[-45,-4],[7,-31],[-20,-31],[27,-15],[-46,-25],[-35,17],[-47,-21],[-28,-29],[-28,14],[-20,30],[6,39],[-21,45],[-27,9],[-49,-26],[-65,14],[-53,33],[6,34],[-37,-6],[-22,29],[-36,3],[-65,-23],[-40,45],[-63,19],[-50,61],[-64,11],[-37,30],[-37,-31],[-14,-43],[-36,27],[-32,-3],[0,43],[-69,-2],[-52,10],[-13,-38],[-57,52],[-40,-15],[-6,23],[-33,1],[-45,28],[2,42]],[[91822,22923],[-1,818],[0,834]],[[91821,24575],[543,-63],[6,44],[87,-10],[-6,-50],[88,-11],[113,905],[355,-43],[-26,-217],[993,-113],[-33,141],[177,-13],[-5,-53],[247,-18],[42,1],[62,-10],[38,16],[8,35],[-19,42],[50,43],[12,43],[47,15],[89,89],[-17,38],[4,37]],[[113027,23502],[32,-18],[20,-50],[-25,-24]],[[112896,23445],[-1,0]],[[110642,22338],[120,-38],[19,-24],[56,-11],[14,-23],[77,7],[23,24],[10,36],[25,18],[13,64],[-3,31],[51,16],[32,26],[35,-28],[137,-21],[10,-5],[397,-66],[-14,-72],[45,-7],[5,-62],[75,22],[299,-55]],[[112068,22170],[-230,-491],[42,-8]],[[112387,22523],[24,-20],[-13,-27],[-30,-8],[4,-56],[-33,-57],[-48,-48],[-99,21],[24,-84],[-52,-2],[-85,13],[-11,-85]],[[112734,22564],[-24,-31],[-69,-45],[-22,-35],[-36,-22],[-34,-41],[-19,-53],[-19,-17],[-69,-111],[0,-45],[-13,-45],[17,-24],[-38,-54],[-15,-39],[11,-37],[-15,-52],[0,-47],[28,-39],[-10,-29],[-36,-31],[-28,-47],[-16,81],[-33,20],[-48,-20],[-47,-78],[-7,-53]],[[113076,23275],[65,4],[18,16],[-13,35],[35,14],[11,-30]],[[108857,20100],[-23,5],[16,42],[-28,24],[4,34],[-37,7],[-7,39],[-53,17],[-37,25],[-646,-437],[-13,-22]],[[91821,24575],[-1,1166],[-1,1484],[-1,1274],[-1,1155],[0,1174],[0,647],[-1,920],[-1,1380],[-1,1128]],[[91814,34903],[779,0],[885,0],[912,0],[974,0],[974,0],[881,0],[831,0],[817,0]],[[129368,28852],[-40,30],[16,26],[28,-13],[24,-58],[42,-38],[-64,-94],[-14,21],[18,48],[4,60],[-14,18]],[[103714,17109],[161,19],[1,11],[162,-18],[22,46],[44,13],[45,50],[172,38],[43,-6],[-5,-22],[24,-31],[-3,-24],[74,23],[81,-17],[10,-55]],[[104545,17136],[-36,-89],[13,-64],[31,-50],[-7,-44],[73,-37],[29,-117],[-16,-22],[14,-34],[54,-25],[32,-50],[156,-26],[37,-19],[13,-30],[-5,-70]],[[104933,16459],[-48,-20],[2,-61],[-46,-34],[15,-32],[38,-42],[1,-41],[18,-9],[64,5],[17,-76],[-26,-8],[-46,-43],[-37,-53],[8,-28],[-25,-22],[-37,-192],[64,-1],[41,-31],[59,-28],[44,-6],[49,11],[8,-54],[-21,-15],[0,-95],[-32,-7],[-12,-31],[-70,-17],[-1,-47],[76,-115],[45,-30],[3,-23]],[[105084,15314],[-100,-152],[-1045,169],[-41,44],[-55,20],[-35,65],[-40,7],[-20,-18],[-51,-9],[-75,38],[-34,45],[-28,10]],[[103560,15533],[47,16],[-4,311],[-37,30],[-1,54],[-21,30],[14,21],[-22,38],[12,45],[-4,52],[-38,31],[26,24],[9,81],[-23,17],[-135,154],[108,101],[26,38],[-32,71],[14,51],[47,41],[6,57],[47,51],[-25,39],[25,41],[-15,17],[-60,14],[28,26],[9,53],[40,-5],[50,28],[51,7],[12,42]],[[104884,16118],[-31,67],[-34,11],[-47,-71],[21,-28],[36,1],[55,20]],[[104416,15827],[22,-40],[101,33],[119,-24],[27,8],[-32,58],[-57,57],[-33,-1],[-77,-104],[-70,13]],[[96170,15448],[38,-5],[29,-37],[78,-6],[35,-31],[29,26],[14,40],[31,18],[35,-36],[61,-31],[15,-36],[2,-48],[29,-43],[-5,-60],[16,-48],[-24,-16],[-44,17],[-66,-27],[6,-46],[-53,-11],[-5,-99],[62,0],[36,-14],[-26,-53],[31,-10],[-15,-33],[-44,-25],[-33,-37],[-20,5],[-12,-95],[-25,-139],[9,-21],[-29,-66],[-64,-62],[-10,-32],[-37,-48],[-17,-42],[-38,-32],[-30,-75],[-3,-48],[-28,-36],[249,-32]],[[96347,14074],[-41,-72],[-21,-2],[-30,-32],[-58,-6],[0,-53],[-26,-50],[21,-28]],[[96192,13831],[-62,43],[-29,-23],[-64,25],[8,52],[-46,14],[7,48],[-66,-14],[-96,-69],[-74,-36],[-57,-36],[8,56],[-77,1],[-5,-34],[-171,22],[-16,-15],[-100,-37],[-77,11],[18,32],[-122,15]],[[95171,13886],[-4,45],[-32,26],[-15,37],[13,58],[-3,53],[14,45],[29,25],[7,101],[-66,27],[0,21],[-486,69],[33,81],[-10,45],[32,85],[27,38],[30,11],[56,106],[38,26],[53,78],[11,44],[18,18],[8,65],[43,130]],[[94967,15120],[171,0],[-37,49],[34,25],[-9,51],[13,21],[-45,82],[-72,96],[362,0],[0,34],[49,-13],[58,13],[0,-27],[27,-8],[4,-27],[84,-6],[29,-48],[81,-9],[14,-10],[146,-20],[15,98],[67,-39],[116,-16],[21,7],[16,95],[59,-20]],[[97920,14685],[-11,-142],[38,-35],[-18,-55],[-53,-26],[-24,3],[-18,-60],[36,-46],[2,-44],[45,-13],[-27,-44],[53,-10],[-21,-86],[-116,-12]],[[97806,14115],[-41,60],[-47,41],[-21,85],[4,42],[-107,45],[-49,13],[-98,66],[-5,21],[-45,-5],[-49,-29]],[[97348,14454],[13,81],[-75,14],[-21,17],[-34,-23],[-23,18],[38,63],[23,152],[50,276]],[[97319,15052],[291,-42],[10,-11],[70,9],[87,-20],[-20,-128],[-20,3],[-13,-72],[30,-5],[-12,-67],[10,-17],[168,-17]],[[100410,14052],[-27,1],[-20,-35],[-31,15],[-48,-19],[-16,-58]],[[100268,13956],[-56,-8]],[[100212,13948],[-9,13]],[[100203,13961],[-17,36],[17,41],[5,46],[46,-5],[30,49],[-35,21]],[[100249,14149],[20,32]],[[100269,14181],[58,-15],[100,25],[-17,-139]],[[100802,12224],[69,-3],[-34,-63],[48,-44],[-26,-33],[-16,42],[-75,74],[-47,21],[-64,14],[-30,-7],[-36,-45],[-45,22],[-119,26],[25,72],[93,58],[81,9],[64,-9],[82,-21],[-40,-49],[28,-23],[-16,-35],[58,-6]],[[101644,11895],[-84,-14],[-18,-28],[-57,-36],[-53,12],[-43,-14],[-59,49],[-37,16],[-48,96],[-112,132],[-69,17],[-55,29],[-108,1],[-16,37],[52,2],[63,16],[31,46],[-23,61],[13,33],[7,61],[-20,39],[36,11],[84,2],[17,-19],[60,2],[34,39],[30,62],[7,46],[-21,36],[-56,-1],[11,74]],[[101210,12702],[44,-6],[8,43],[76,-51],[24,-42],[25,-5]],[[101387,12641],[81,-24],[11,-30],[47,-38],[40,-6],[12,-48],[-25,-152],[-16,-24],[-1,-52],[31,-19],[17,-45],[-4,-48],[62,2],[69,-8],[-10,-66],[39,-4],[-24,-76],[8,-10],[101,49],[-18,-103],[18,-50],[-147,10],[-34,-4]],[[101718,13676],[9,42],[49,8],[38,90],[-6,25],[-30,7],[2,27],[30,18],[41,-11],[32,35],[46,-22],[54,-45],[27,22],[43,-32],[11,23],[-19,28],[14,24],[-23,29],[12,35],[27,0],[14,31],[79,-24],[37,7],[46,-22],[35,1],[89,26],[16,23],[29,-22],[46,-63],[18,3],[18,39],[34,24],[9,34],[-8,41],[-49,67],[15,26],[-22,34],[-3,79],[28,39],[44,25],[-14,39],[36,38],[33,-6]],[[102605,14418],[33,-32],[51,-19],[50,-4],[41,13],[47,33],[48,-21],[52,-56],[44,-14],[30,17],[2,30],[43,13],[46,-34],[20,1]],[[103112,14345],[34,7],[43,-59],[29,-4],[54,-72],[1,-31],[-18,-25],[-65,-715],[49,14],[46,32],[10,28],[48,-9],[35,-39],[49,14]],[[103427,13486],[-37,-191],[-73,3],[-14,-65],[-92,21],[-13,-7],[3,-61],[-113,18],[4,-80],[-65,-21],[-28,12],[-21,54],[-21,9],[-54,-28],[-36,0],[-57,20],[-36,-35],[-43,-63],[8,-30],[-18,-21],[-51,-11],[1,-54],[-16,-45],[151,-41],[-29,-40],[-34,-28],[-13,-81],[-26,-19],[-20,-36]],[[102684,12666],[-54,11],[-23,-23],[-8,-40],[-56,7],[-82,-46],[-54,82],[-12,-7],[-56,43],[-62,-51],[-99,10],[-20,19],[-73,-9],[-2,-17],[-80,10],[-28,-25],[-26,32],[-101,7],[7,41],[-21,26],[-18,51],[-24,16],[-58,8],[-29,-36],[-49,4]],[[101656,12779],[2,61],[-49,-7],[10,108],[-35,2],[60,124],[39,26],[30,81],[-49,20],[28,44],[10,67],[-4,53],[19,31],[-4,67],[-48,45],[-18,29],[33,51],[0,34],[38,61]],[[102688,13797],[20,-7],[78,21],[-2,21],[-56,-6],[-40,-29]],[[100097,13694],[25,17]],[[100122,13711],[19,-38],[41,-6],[-7,-44],[24,-29]],[[100199,13594],[44,-83],[-8,-46]],[[100235,13465],[-43,-18],[-44,59],[1,20],[-35,41],[-16,43],[-1,84]],[[102479,17596],[0,-67],[33,-38],[70,4],[0,-96],[49,-20],[31,-27],[-19,-124],[-13,-3],[43,-92],[-101,-56],[18,-32],[52,-40],[-30,-48],[10,-46],[-11,-51],[0,-57],[37,-5],[27,-24],[-24,-115],[45,-119],[-6,-49],[25,-4],[21,-54],[-32,-83],[18,-56],[6,-93],[-17,-71],[33,-42],[-7,-45],[48,-45]],[[102785,15998],[-52,29],[-55,-8],[-70,41],[-79,28],[-10,31],[-45,-17],[-41,35],[-85,11],[-18,-109],[-38,18],[-40,89],[-25,23],[-66,-48],[-27,-5],[-10,-50],[-46,-14],[-42,-29],[-24,13],[-29,50],[-29,19],[-37,4]],[[101917,16109],[9,75],[-7,45],[6,37],[-23,42],[-20,-3],[-46,82],[-18,76],[24,53],[-1,63],[31,32],[24,104],[-15,2],[25,132],[-75,11],[8,45],[0,216],[-62,-3],[-38,28]],[[101739,17146],[48,269],[0,76]],[[101787,17491],[483,0],[1,80],[12,25],[196,0]],[[100268,13956],[60,3],[22,-29]],[[100350,13930],[-17,-77],[-7,-69]],[[100326,13784],[-6,-45]],[[100320,13739],[-48,-6],[-20,47],[-73,49]],[[100179,13829],[-37,80],[13,36],[57,3]],[[99892,14131],[4,-7]],[[99896,14124],[-37,-25],[-51,-63],[11,-54]],[[99819,13982],[-13,-56],[23,-51]],[[99829,13875],[-60,-19]],[[99769,13856],[-1,15],[-157,15]],[[99611,13886],[15,131],[20,109],[-33,10],[13,59],[-25,43]],[[99601,14238],[25,0],[39,-33],[51,13],[10,-28],[29,-22],[17,-35],[64,-13],[56,11]],[[95007,19867],[158,-5],[-5,202],[4,62],[158,0],[98,-9]],[[95420,20117],[29,-3],[94,-115],[44,26],[86,13],[0,-19],[306,-24],[14,-297],[-27,0],[0,-280],[279,1],[-16,-57],[25,-41],[8,-35],[65,9],[57,-21],[7,-30],[-30,-103],[25,-68],[2,-45],[182,0],[1,18]],[[96571,19046],[74,-23],[-12,-31],[53,-37],[-18,-29],[8,-37],[23,-20],[3,-34],[44,-44],[-13,-47],[-18,-16],[-9,-40],[11,-102],[54,-8],[-6,-88],[-19,-128],[-15,0],[0,-139],[25,0],[3,-53],[71,7],[40,67],[90,1]],[[96960,18245],[13,-1],[1,-282],[61,1],[4,-172],[48,-2],[-10,-70],[37,-4],[-5,-35],[28,-13],[-48,-50],[-29,-9],[0,-35],[-32,-1],[12,-72],[-66,1],[-13,-95],[21,-11],[-16,-88],[-82,19],[0,-54],[16,-2],[-11,-73],[11,-35],[-11,-55],[-22,-22],[-39,4],[-11,-77],[-38,15],[-116,11],[-36,29]],[[96627,17067],[-24,75],[-25,24],[2,32],[-15,36],[-98,-6],[-189,-1],[-17,-8],[-12,-87],[-126,16],[-58,-1],[30,-44],[-16,-37],[-63,8],[-3,-21],[-409,48],[-13,7]],[[95591,17108],[0,53],[-38,0],[1,70],[-139,7],[23,29],[-24,41],[0,184],[18,38],[6,43],[-44,6],[13,54],[-6,71],[14,0],[0,63],[23,85],[-32,0],[8,106],[-105,17],[-103,-70],[-57,12],[1,292],[-8,0],[1,624],[251,1],[1,622],[-372,-1],[1,211],[-18,1],[1,200]],[[99774,17959],[58,-1],[14,36],[64,-9],[19,33],[42,-50],[59,-35],[29,8],[11,-36],[47,14],[31,-51],[3,-34],[51,-1],[66,-32],[44,26],[82,-59],[8,6]],[[100402,17774],[0,-248],[38,0],[0,-140],[-246,0],[0,-372],[245,0],[9,-93],[-8,-53],[0,-64],[-38,-1],[0,-210]],[[100402,16593],[-92,0],[-92,59],[-12,-51],[-35,-23],[-7,31],[-64,-74],[-113,0],[0,-115],[-167,-6],[-119,0]],[[99701,16414],[-57,8],[-92,-33],[-118,-4],[2,89],[-310,0],[4,33],[26,47],[-3,78],[31,30],[7,34],[23,12],[23,46],[57,80],[-24,40],[50,11],[7,24],[-2,77],[13,4],[2,66],[53,23],[32,30],[21,38],[-27,7],[22,39],[-2,41],[-495,0],[-30,25],[-33,-27],[-63,-1],[-23,55],[-30,-1]],[[98765,17285],[-29,1],[4,137],[-105,0],[0,155],[-22,45],[3,99],[13,18],[22,156],[28,18],[33,71],[-30,73],[11,19],[-6,51],[-55,45],[3,57],[21,11],[-50,59],[-17,32],[8,36]],[[98597,18368],[43,18],[46,-25],[61,0],[30,24],[10,36],[-26,6],[3,29],[45,22],[35,2],[55,-35]],[[101210,12702],[-6,38],[-27,17],[-30,79],[-3,41],[-60,13],[-16,22],[-46,9]],[[101022,12921],[-25,39],[-61,15],[22,118],[-33,41],[38,16],[-8,45],[-33,22],[-14,75],[-24,18],[4,31],[40,72],[-19,44],[7,36]],[[100916,13493],[18,10],[-12,71],[4,28],[67,3],[26,35],[33,17],[77,19],[54,-3],[28,24],[33,54],[29,-12],[41,-57],[40,-1],[79,-18],[-4,-33],[33,-1],[59,57],[49,20],[57,2],[16,-43],[40,-11],[35,22]],[[101656,12779],[-5,-35],[-107,17],[-2,-18],[-88,11],[-53,-1],[-14,-112]],[[101022,12921],[-40,-31],[-55,17],[-37,-4],[-28,19],[-25,-36],[-62,-40],[-71,1],[3,28],[-51,25]],[[100656,12900],[-50,8],[-30,47]],[[100576,12955],[50,294]],[[100626,13249],[25,176],[-51,7],[18,63],[-14,53]],[[100604,13548],[9,24],[96,-13],[28,-41]],[[100737,13518],[54,-4],[125,-21]],[[96953,15970],[-10,60],[37,27],[47,51],[5,72],[-20,24],[-3,41],[17,21],[-43,83],[-48,54]],[[96935,16403],[67,-1],[-1,35],[115,3],[37,-5],[11,30],[114,-16],[8,35],[77,-6],[-9,-41],[14,-38],[17,-101],[-6,-30],[51,-28],[34,-34],[85,-12],[-4,-60],[186,-30],[25,-13],[16,-36]],[[97772,16055],[-7,-34],[-34,-30],[28,-53],[-49,-31],[-6,-42],[105,-13],[-4,-30],[37,-4],[-1,-49],[154,-20],[38,-59],[30,-12],[12,-42],[-26,-5],[-73,-52],[-3,-68],[-16,-26],[16,-21],[-1,-66],[-27,-43]],[[97945,15355],[-155,19],[-16,-21],[-14,-93],[-84,-2],[-112,17],[-27,-7],[-54,41],[-28,-39],[-101,-15]],[[97354,15255],[-60,13],[9,54],[-121,16],[6,41],[-71,10],[13,58],[28,14],[25,43],[-10,40],[-38,16],[-16,34],[22,145],[27,4],[9,54],[25,-4],[6,53],[-40,17],[-2,30],[39,31],[-34,18],[-72,-2],[-146,30]],[[97279,13378],[90,-14],[133,5],[64,18],[130,-7],[-23,-137],[7,-58],[-25,-56],[99,-13]],[[97754,13116],[-37,-235],[3,-27],[-15,-114],[93,35],[-91,-559],[25,-3],[10,-78],[-57,-53],[253,-30]],[[97938,12052],[-55,-42],[-24,-69],[-29,-37],[-44,-26],[-14,-46],[-50,-18],[-4,-28],[-62,-5],[-126,-48],[-44,-11],[-98,-47],[-16,-19],[-16,-81],[-41,-29],[-63,-10],[-63,-62],[-13,-34],[-52,-47],[-22,5],[-68,-10],[-38,33],[-2,18],[-58,65],[-72,61],[-44,2],[-25,26],[-82,42],[-63,-7],[-48,17],[-33,-18]],[[96569,11627],[-15,24],[-44,0],[-17,50],[18,32],[-26,59],[38,31],[30,50],[-36,37],[21,34],[40,29],[-21,18],[-6,42],[-17,15],[15,33],[92,23],[55,31],[29,56],[-23,9],[-14,46],[35,32],[-84,73],[-119,17],[42,221],[-16,17],[20,37],[79,17],[35,-4],[45,-33],[73,-22],[51,1],[26,46],[-8,49],[47,15],[28,43],[32,31],[-7,41],[-40,9],[-67,36],[-12,-38],[-24,9],[23,54],[-14,49],[38,24],[37,-8],[41,39],[12,43],[-23,68],[95,12],[47,21],[15,32],[41,19],[34,-18],[38,-2],[17,34],[44,-1],[22,41],[-40,38],[-8,26],[36,64]],[[96347,14074],[92,-13],[4,-19],[84,27],[21,-53],[56,-2],[39,32],[-10,37],[18,42],[32,4],[-4,32],[23,20],[5,39],[40,-5],[63,9],[79,-4],[49,27]],[[96938,14247],[-50,-300],[0,-51],[14,-59],[-15,-68],[25,-33],[-18,-35],[-2,-42],[27,-8],[52,-53],[-3,-23],[237,-33],[38,-10],[26,-46],[48,-22],[18,-58],[-47,-2],[-9,-26]],[[96569,11627],[-62,-32],[-51,11],[-37,19],[-61,58],[-47,56],[-106,98],[-88,54],[-66,24],[-35,26],[-71,9],[-25,-8],[-56,14],[-38,-11],[-57,32],[-46,5]],[[95723,11982],[-19,62],[-1,31],[-79,76],[22,60],[31,30],[86,32],[-108,14],[67,416],[-35,-12],[-33,13],[-42,-20],[-25,17],[22,24],[40,240],[96,5],[13,70],[-15,29],[12,71],[254,-34],[-25,39],[-2,46],[-26,53],[70,51],[-23,13],[74,114],[-26,20],[29,79],[36,7],[28,31],[-15,23],[27,53],[-18,52],[9,90],[25,12],[20,42]],[[100203,13961],[-79,-16],[-20,22]],[[100104,13967],[-19,53],[12,78],[-27,73]],[[100070,14171],[179,-22]],[[110469,14614],[-83,-38],[-42,-27],[-20,-25],[-67,6],[-61,-13],[-52,3],[-50,-12],[-72,-41],[9,-17],[-55,-26],[-43,-64],[2,-18],[-26,-58],[-51,-49],[-12,-48],[-124,-39],[-60,-52],[-45,-5],[-85,-31],[-59,-38],[-3,-35],[-22,-18],[-48,15],[-64,-19],[-42,10],[-52,-12],[-40,7],[-54,-4],[-100,-25],[-35,-39],[-14,26],[-46,29],[-69,8],[-61,-7],[-128,7],[-217,-9],[-191,-1],[-87,-20],[-88,13],[-69,-5],[-124,-25],[-12,-22],[-36,-6],[-45,16],[-113,-4],[-49,-11],[-72,14],[-83,-2],[-60,4],[-155,0],[-171,-6],[-171,-18],[-112,-21],[-109,-28],[-119,-38],[-105,-41],[-37,-4],[-100,-32],[-53,-22],[-56,-11],[-173,-69],[-128,-58],[-115,-62],[-94,-59]],[[105751,13438],[-13,40],[48,29],[-21,36],[-43,-28],[-64,-25],[-21,-45],[-83,-50],[1,-21],[-48,-29],[-37,-39],[-126,-16],[-20,-30],[-82,3],[14,47],[1,67],[-23,38],[-40,-3],[-66,20],[10,36],[-47,5],[-35,51],[5,51],[-25,55],[-102,15],[-71,-23],[11,62],[-4,41],[-24,12],[5,73],[-8,13],[26,148],[-84,17],[33,27],[-16,25],[-38,-6],[-67,53],[10,21],[39,202],[-19,18],[-35,-3],[-15,27],[10,49],[32,9],[-2,24],[31,15],[37,-17],[96,57],[87,-10],[38,23],[6,35],[103,-14],[13,45],[-26,69],[2,84],[16,68],[17,4],[-9,48],[24,36],[42,-8],[41,267],[2,39],[-38,-9],[-47,92],[9,34],[-77,22]],[[104933,16459],[19,-40],[120,-5],[60,-36],[-4,-28],[38,-21],[31,-35],[40,-5],[27,47],[51,4],[68,29],[27,76],[870,299],[362,-314]],[[100576,12955],[-70,4],[-47,42],[-14,-31],[-49,-13],[-64,89]],[[100332,13046],[29,25],[17,34],[8,63],[-3,63]],[[100383,13231],[54,4],[16,38]],[[100453,13273],[173,-24]],[[98597,18368],[-29,3],[-25,24],[-104,17],[-5,-81],[-54,-6],[-452,0],[-39,-8],[-8,37],[-113,7],[20,43],[-150,20],[-3,5],[-149,0],[-1,-64],[-96,-5],[-133,0],[0,-83],[-188,-1],[-30,-13],[-78,0],[0,-18]],[[96571,19046],[0,172],[219,0],[6,6],[509,0],[-6,103],[187,-1],[12,11],[-53,74],[85,-1],[23,-13],[93,0],[7,55],[-38,25],[24,45],[27,1]],[[100122,13711],[6,41],[22,15]],[[100150,13767],[45,-19],[41,-35],[55,-10]],[[100291,13703],[-9,-50],[17,-38]],[[100299,13615],[-6,-35],[-94,14]],[[92712,14931],[142,-19],[-27,-172],[106,-13],[-28,-51],[11,-61],[25,-31],[9,-54],[-66,-48],[60,-48],[5,-22],[-20,-35],[26,-25],[44,12],[28,-23],[30,-61],[48,16],[44,-11],[45,-50],[7,-31],[34,0],[12,-41],[73,-53],[-15,-98],[19,-38],[17,-79],[-17,-94],[13,-118],[98,-11],[23,27],[85,-9],[-5,58],[56,-20],[38,-1],[57,-22],[37,0],[-9,-61],[-42,0],[0,-27],[-59,-13],[17,-29]],[[93633,13575],[-24,-4],[-62,20],[-33,-22],[6,-43],[30,-58],[0,-58],[-31,-70],[25,-48],[78,-128],[0,-75],[-38,0],[0,-159],[39,1],[0,-128]],[[93623,12803],[-136,13],[-72,13],[-59,1],[-78,-15],[-83,-38],[-55,-42],[-57,-31],[-19,-44],[48,-41],[-6,-30],[41,-90],[-78,-2],[-49,12],[-45,-43],[-4,-49],[-27,-16],[-35,24],[5,43],[-19,35],[-42,28],[-79,39],[-29,6],[-59,-9],[-24,-14],[12,-64],[-50,21],[-30,1],[-22,24],[16,47],[54,44],[-11,45],[-72,107],[-130,130],[-140,119],[-161,104],[-149,80],[-104,52],[-78,28],[-52,9]],[[91745,13300],[13,776],[1,285]],[[91759,14361],[1,604]],[[91760,14965],[40,-38],[112,-66],[102,-105],[4,-10],[147,72],[199,-25],[21,107],[-53,38],[-57,11],[0,38],[437,-56]],[[97806,14115],[22,-15],[10,-113],[-16,-32],[54,-38],[6,-32],[42,-11],[0,-20],[83,-9],[21,12],[125,-9],[22,73],[129,-17],[15,13],[185,-23],[8,-7]],[[98512,13887],[-24,-36],[40,-21],[5,-65],[17,-37],[-35,-49],[-21,-10],[-23,-88],[71,-10],[-3,-53],[26,-64],[-15,-41],[21,-52],[16,-11],[9,-48],[49,-57],[-38,-33],[-14,-89],[2,-26]],[[98595,13097],[-78,-11],[-18,22],[-34,-19],[-24,22],[-32,1],[-46,45],[-54,-2],[-40,-19],[-34,36],[-92,-7],[-53,-23],[-29,16],[-38,-33],[-69,16],[-9,18],[-47,-2],[-41,26],[-13,-80],[-90,13]],[[96938,14247],[37,31],[25,-35],[80,-9],[7,39],[104,-13],[18,22],[97,-14],[20,8],[2,54],[20,124]],[[99701,16414],[-5,-117],[-10,-14],[23,-65],[26,-17],[18,-39],[22,-8],[49,-49]],[[99824,16105],[-65,-47],[-38,-62],[-8,-32],[13,-39],[-21,-24],[-101,-30],[-60,5],[-20,-30],[-44,-14],[1,-39],[-55,5],[-24,-15],[-25,31],[-86,-4],[-29,-15],[-48,0],[-39,-14],[11,-47],[-5,-59]],[[99181,15675],[-42,15],[-65,9],[28,178],[-49,29],[-41,47],[-39,10],[-30,-11],[-51,48],[-19,-74],[-199,30],[-5,-34],[-115,17],[-41,67],[-409,57]],[[98104,16063],[15,29],[34,206],[45,78],[9,56],[-33,29],[19,25],[0,139],[118,0],[1,35],[30,0],[0,69],[92,0],[-22,86],[-24,40],[16,98],[60,0],[22,88],[278,1],[1,243]],[[100453,13273],[-13,0],[-26,84],[17,116],[-19,55],[10,70]],[[100422,13598],[161,-21]],[[100583,13577],[21,-29]],[[98512,13887],[153,-23],[-4,-22],[78,-42],[45,3],[18,82],[123,-23],[2,-62],[46,-42]],[[98973,13758],[22,-8],[52,-66],[-6,-88],[6,-43],[81,-74],[28,24],[32,-2],[15,-31],[28,-8],[11,-26],[37,-13]],[[99279,13423],[-50,-44],[-18,-35],[-90,-20],[-11,-100],[-65,27],[-42,-1],[-32,-22],[-62,4],[-32,26],[-31,-25],[-3,-31],[-45,-43],[-9,-52],[27,-23],[34,8],[37,-29],[28,0],[8,49],[99,-66],[123,5],[81,23],[60,52],[76,52],[71,-11],[55,-19],[30,-25],[22,-46],[5,-56],[-33,-71],[-21,20],[-57,-37],[-83,-113]],[[99351,12820],[-53,-73]],[[99298,12747],[-103,35],[-53,5],[-34,-8],[-19,-38],[-145,22],[-67,-38],[-45,-13]],[[98832,12712],[50,41],[12,67],[-343,47],[28,190],[16,40]],[[101739,17146],[-24,18],[-67,-15],[1,-135],[-209,0],[1,-153],[-83,0],[-28,17],[-467,0],[-72,-134],[-26,-24],[-8,-47],[-154,0],[-49,-31],[38,-50],[-3,-27],[-75,2],[-28,-26],[-8,53],[-76,-1]],[[100402,17774],[13,24],[-12,32],[69,-9],[23,-50],[28,4],[-2,35],[48,16],[41,-22],[36,-31],[23,-44],[772,0],[-1,-238],[347,0]],[[97319,15052],[35,203]],[[97945,15355],[19,-62],[69,-30],[20,-53],[32,-19],[43,-1],[28,32],[31,61],[-4,53],[21,131],[100,-14],[-2,-13],[144,-17],[-11,-70],[187,-24],[19,-6],[16,106],[171,-23]],[[98828,15406],[-24,-15],[-3,-68],[-36,-44],[-22,-73],[-20,-6],[-28,-79],[62,-41],[60,-24],[23,-23],[32,-5],[-6,-63],[55,-6],[-11,-87],[-66,9],[-9,-54],[3,-55]],[[98838,14772],[-66,16],[-4,34],[-58,37],[-12,-31],[-59,-45],[-31,16],[-37,-2],[-33,29],[-19,-17],[-57,8],[-20,13],[-43,-14],[-54,-4],[-34,-21],[-38,6],[-13,-41],[-22,3],[-25,-43],[-48,-18],[-27,15],[-8,-52],[-101,15],[-109,9]],[[92502,18804],[352,0],[0,596],[1035,1]],[[93889,19401],[-1,-507],[26,-69],[-3,-82],[-18,-57],[-5,-166],[503,-2],[-1,-309],[-146,0],[9,-85],[-10,-16],[1,-776],[-7,-1],[2,-159]],[[94239,17172],[-3,-117],[7,-25],[-307,-3],[-3,-20],[24,-37],[-32,-42],[-23,-77],[-63,2],[-283,29]],[[93556,16882],[-226,24],[-4,-32],[-193,24],[-333,40],[22,156],[-13,2],[4,89],[13,117],[23,15],[-245,29],[44,315],[24,15],[-17,36],[-368,45],[36,256],[10,40],[11,159],[170,-3],[35,-24],[55,8],[-11,146],[-42,73],[-38,19],[-11,373]],[[99829,13875],[4,-22],[99,3]],[[99932,13856],[-15,-43]],[[99917,13813],[11,-48],[-51,-17],[-22,23],[-59,-31],[-31,2],[-36,-23],[-7,-33]],[[99722,13686],[-48,-12],[-18,34],[-44,-4],[7,41],[23,11],[6,33],[87,43],[34,24]],[[94239,17172],[66,-11],[95,-6],[207,-1],[15,-22],[113,0],[-18,-21],[14,-93],[-23,-58],[13,-15],[-33,-109],[12,-11],[-3,-49],[-30,-35],[-5,-78],[19,-14],[36,-63],[6,-35],[24,-31],[61,-49],[47,-20],[23,-43],[-5,-20]],[[94873,16388],[20,-29],[5,-46],[55,-43],[-3,-28],[41,-41],[14,-31],[62,-47],[-11,-17],[0,-150],[-42,-16],[-56,0],[-30,17],[1,61],[-10,45],[-27,0],[0,-45],[-51,0],[-13,45],[0,55],[-38,14],[-16,-28],[-53,28],[-43,0],[-19,-55],[-21,-27],[0,-56],[35,-1],[2,-92],[39,-30],[-90,-5],[-24,-26],[15,-54],[29,-18],[40,14],[51,-2],[-18,-29],[-1,-35],[23,-36],[-67,-1],[-62,-55],[-24,23],[-37,-33],[-15,-30],[-41,23],[-36,-44],[-75,0],[0,-49]],[[94382,15514],[-40,39],[-8,50],[-42,-42],[-58,6],[-47,-15],[-55,0],[-14,-44],[3,-77],[-35,-20],[-27,-125],[-31,12],[-41,-9],[-94,-5],[-22,28],[-108,14],[-53,40],[50,46],[-24,44],[-1,74],[-42,-6],[11,-27],[-91,-34],[-25,4],[-38,-25],[16,-20],[-75,-18],[-62,-7]],[[93429,15397],[-23,67],[33,247],[0,54],[11,81],[-15,51],[-253,28],[24,171],[78,0],[11,79],[-15,23],[-5,99],[32,-3],[48,355],[157,-18],[21,74],[23,177]],[[99601,14238],[-46,86],[-48,51],[-61,90]],[[99446,14465],[-82,90],[12,73],[62,3],[62,21],[59,7],[65,-20],[27,-17],[208,-33],[27,29]],[[99886,14618],[195,-24]],[[100081,14594],[-1,-37],[-48,-49],[24,-25],[-4,-46],[-22,-41],[12,-90],[37,-38],[-9,-97]],[[100070,14171],[-142,-7],[-36,-33]],[[103720,18133],[-35,-38],[-19,-144],[8,-47],[57,8],[71,-15],[22,-62],[25,-25],[-18,-21],[6,-62],[25,-33],[30,-10],[-13,-39],[33,-23],[3,-32],[72,11],[56,29],[45,13],[29,31],[28,-21],[37,2],[21,-34],[77,38],[10,51],[62,5],[9,48],[77,-11]],[[104438,17752],[25,-48],[31,-22],[44,-86],[44,-8],[26,-55],[30,-22],[32,-78],[24,-40],[-43,-43],[-21,-3],[-16,-89],[-2,-57],[-27,-47],[-40,-18]],[[103714,17109],[-1,97],[-103,5],[-19,18],[-73,11],[-30,21],[-12,68],[19,36],[16,97],[-44,7],[-101,-49],[28,179],[-123,17],[48,44],[-21,31],[15,86],[-19,18],[-497,70],[22,131],[-38,6],[-31,19],[-124,18]],[[102626,18039],[-8,59],[-48,7],[5,18]],[[100299,13615],[123,-17]],[[100383,13231],[-21,79],[-35,73],[-49,57],[-43,25]],[[100583,13577],[-26,21],[-10,85],[-22,36],[10,36]],[[100535,13755],[24,22],[12,36]],[[100571,13813],[142,19],[76,-26]],[[100789,13806],[48,-23],[-68,-42],[-8,-40],[41,-27],[-53,-30],[8,-27],[-20,-99]],[[103427,13486],[63,16],[42,-58],[36,-3],[-5,-33],[-55,-58],[-4,-34],[80,-12],[-25,-45],[-72,11],[-76,-137],[19,-67],[25,-19],[95,25],[59,-5],[57,11],[20,-14],[-8,-41],[-24,-24],[-47,-85],[-39,-15],[3,-39],[-51,-43],[-26,-69],[-48,-67],[11,-20],[-18,-48],[-30,-168],[-27,5],[-1,-40],[-69,-1],[-124,-70],[-28,0],[-73,-33],[-91,-59],[-26,-55],[1,-30],[-49,-7],[-38,17]],[[102884,12172],[-17,20],[-57,-17],[-14,26],[17,40],[-77,9],[16,60],[-50,8],[-3,36],[67,-10],[6,25],[-102,15],[28,154],[-35,3],[24,48],[25,-5],[15,71],[-43,11]],[[98104,16063],[-279,38],[-8,-33],[-45,-13]],[[96935,16403],[-6,54],[54,79],[34,86],[-53,89],[-28,19],[-32,-10],[-28,44],[10,29],[-39,82],[-43,14],[-85,63],[-14,26],[-39,4],[-14,44],[-25,41]],[[98828,15406],[-15,38],[306,-41],[27,-7],[-1,63],[26,51],[4,35]],[[99175,15545],[68,38],[58,-20],[186,-1],[12,18],[38,0],[1,-42],[40,-21],[-18,-79],[-34,1],[12,-58],[0,-60],[32,-28],[78,0],[35,18],[71,-15],[-7,-26],[26,-13],[-14,-87],[6,-29],[42,-14],[21,11],[-13,-88],[32,-4],[57,-50],[53,-7],[2,-58],[-25,-71],[-27,-181],[-21,-61]],[[99446,14465],[-94,18],[-136,18],[-10,-15]],[[99206,14486],[-151,19],[-51,11],[21,60],[1,32],[-22,25],[22,139],[-25,0],[-15,-28],[-36,1],[-112,27]],[[100410,14052],[96,26],[61,-14],[60,10],[43,56],[68,-10]],[[100738,14120],[-2,-36],[-23,-36],[17,-48]],[[100730,14000],[-50,-10],[-52,5],[-10,-60],[-39,-2],[-7,-50]],[[100572,13883],[-17,14],[-45,-1],[-106,26],[-54,8]],[[102605,14418],[-19,92],[7,33]],[[102593,14543],[-32,18],[-35,-3],[-15,29],[-25,86],[19,30],[-51,45],[-28,57],[-50,52],[-5,26],[-38,49],[-10,31],[19,42],[-59,87],[3,24],[-45,38],[16,51],[-16,42],[-61,6],[-24,-10],[-23,25],[-85,43],[-28,30],[-57,29],[-34,36],[5,53],[47,11],[1,45],[-24,34],[-82,0],[-34,26],[-42,-3],[-55,41],[-11,35],[-28,40],[-51,2],[-59,35],[-17,73],[-35,12],[10,44],[-56,19],[-18,28],[-1,47]],[[101479,15948],[28,31],[65,6],[20,14],[89,2],[18,-21],[72,0],[146,53],[0,76]],[[102785,15998],[4,-23],[76,-44],[39,0],[647,-501]],[[103551,15430],[-208,-491],[-231,-594]],[[103081,15575],[-10,-28],[49,-13],[-11,-40],[-42,-24],[37,-44],[98,7],[2,26],[71,2],[-12,38],[21,23],[44,2],[-8,59],[-45,-19],[-13,-19],[-91,32],[-22,-25],[-68,23]],[[99819,13982],[21,-14],[49,35],[37,-67]],[[99926,13936],[22,-14],[-16,-66]],[[100571,13813],[1,70]],[[100730,14000],[34,-41],[6,-37],[-10,-63],[26,9],[3,-62]],[[99926,13936],[74,1],[-3,27]],[[99997,13964],[51,-1]],[[100048,13963],[24,-71],[38,-4],[-7,-48]],[[100103,13840],[-8,-50]],[[100095,13790],[-27,50],[-64,9],[-35,-5],[-21,-34]],[[99948,13810],[-31,3]],[[99611,13886],[-338,41],[-22,-15],[-61,6],[-33,23],[-114,15]],[[99043,13956],[26,180],[60,-1],[-15,73],[18,35],[-3,78],[17,23],[-10,33],[41,73],[29,36]],[[94968,21174],[4,-260],[242,0],[19,-21],[-7,-27],[104,1],[13,-8],[-3,-125],[3,-418],[95,-1],[-14,-70],[-4,-128]],[[95007,19867],[-258,-2],[-17,20],[-82,8],[-103,-13],[-52,16],[-67,-22],[-27,-26],[-90,-10],[-39,-46],[35,-46],[-41,-1],[6,-31],[-17,-21],[69,-177],[-80,1],[-3,-69],[-52,-4],[-36,19],[-90,18],[-174,3],[0,-83]],[[92502,18804],[-763,0]],[[91739,18804],[0,15]],[[91739,18819],[7,842],[-2,909]],[[91744,20570],[-1,884],[-3,751]],[[91740,22205],[-4,541],[4,275]],[[91740,23021],[48,-71],[-3,-39],[37,12]],[[99824,16105],[58,33],[59,18],[41,-4],[7,59],[112,-1],[23,-25],[95,-17],[46,-30],[44,-6],[-3,-21],[80,-55],[-17,-38],[24,-38],[-1,-22],[148,0],[24,-6],[35,72],[70,-52],[8,-26],[59,-13],[-17,-65],[15,-61],[43,-28],[58,80],[52,-4],[16,23],[68,-23],[3,-22],[43,-28]],[[101017,15805],[4,-38],[-77,-52],[0,-78],[-37,0],[-6,-42],[-40,-18],[-66,-6],[-68,10],[5,-36],[-13,-56],[-24,-8],[-32,16],[-30,-21],[-23,15],[0,-72],[19,-22],[-70,-34],[-11,-21],[-57,-12],[-5,-28],[10,-46],[-23,-42],[15,-18],[-21,-39],[67,-2],[0,-37],[66,-1],[1,-26],[50,1],[58,-79],[-19,-22],[-10,-61],[0,-111],[-61,-40],[-24,-53],[-5,-34]],[[100590,14692],[-46,68],[-71,74],[-33,-5],[-8,-31],[-44,42],[-42,-5],[-53,-33],[3,-32],[-16,-26],[-150,20],[-14,-93],[-35,-77]],[[99175,15545],[-13,10],[4,97],[15,23]],[[102626,18039],[-1,-26],[22,-46],[-16,-63],[77,-18],[-11,-75],[19,-33],[-45,-19],[-193,0],[1,-163]],[[100326,13784],[209,-29]],[[100291,13703],[29,36]],[[99896,14124],[21,3],[41,-35],[34,-47],[5,-81]],[[99043,13956],[-23,-138],[-37,4],[-10,-64]],[[100104,13967],[-56,-4]],[[100656,12900],[-8,-56],[-59,-80],[3,-61],[-35,6],[-28,-49],[11,-22],[43,-33],[-11,-44],[9,-67],[-15,-30],[-52,19],[-107,20],[-79,-29],[-35,-32],[-6,-23],[-54,-10],[-37,-61],[-16,-48],[-101,-36],[-57,4],[-63,-20],[-16,19],[-56,-4],[6,33],[-36,47],[-64,64],[-113,98],[-89,85],[-106,59],[-43,30],[22,27],[56,-30],[56,-11],[23,-42],[61,-47],[129,-26],[29,4],[150,47],[95,45],[41,32],[12,30],[-24,19],[89,102],[0,65],[75,60],[35,66],[41,26]],[[95723,11982],[-84,51],[-30,6],[-37,32],[-33,0],[-211,170],[-169,119]],[[95159,12360],[-9,49],[34,98],[-55,12],[-51,-12],[5,34],[-38,5],[5,30],[-53,9],[-44,103],[-93,15],[-30,-23],[-45,4],[-13,-138]],[[94772,12546],[-104,54],[-39,-1],[-77,-24],[-15,9],[-100,-20],[-58,-66],[-74,-7],[-36,12],[-69,2],[-23,21],[-130,59],[-123,93],[-75,45],[-80,38],[-76,29],[-70,13]],[[93633,13575],[21,-4],[64,-51],[34,4],[59,-26],[53,5],[23,29],[45,2],[27,23],[173,3],[-4,-23],[79,9],[23,21],[109,23],[414,5],[-4,62],[44,-7],[36,-22],[35,200],[133,-20],[6,39],[31,13],[8,48],[129,-22]],[[102593,14543],[-616,6],[-13,13]],[[101964,14562],[-30,-1],[-23,25],[-44,-36]],[[101867,14550],[-35,-5],[-8,-53],[-126,-44],[-45,4],[7,-50],[-127,-72],[-35,15],[-11,38],[-44,35],[-31,36],[-37,15],[-46,-14],[-10,-34],[-31,-10],[-55,80],[-48,-16],[-55,8],[-30,25],[-62,9],[-41,46],[-66,-40],[-42,-4]],[[100889,14519],[-70,13],[-39,57],[-35,5],[-5,36],[-115,26]],[[100625,14656],[4,24],[-39,12]],[[101017,15805],[39,-26],[89,-15],[3,54],[50,27],[29,-11],[6,83],[105,-7],[80,57],[35,-23],[26,4]],[[100269,14181],[34,15],[63,119],[44,25],[18,119],[43,29],[31,52],[53,-7],[13,47],[35,-5],[14,27],[8,54]],[[100889,14519],[-23,-133],[-3,-103],[-48,-67],[2,-37],[-30,-11],[-12,-40],[-37,-8]],[[94967,15120],[-31,1],[-75,26],[-21,39],[-67,13],[-41,54],[-71,20],[-84,71],[-111,70],[-34,30],[-37,17],[-13,53]],[[94873,16388],[541,0],[-41,61],[5,35],[103,154],[64,41],[45,108],[0,52],[-69,1],[-37,25],[-70,25],[1,127],[110,0],[9,58],[19,33],[38,0]],[[96953,15970],[-130,21],[-31,-15],[-43,19],[-46,6],[3,22],[-237,30],[-120,10],[-2,-17],[-113,15],[-40,-14],[-25,-156],[-16,-47],[25,-29],[-14,-107],[13,-61],[5,-69],[-31,-57],[24,-42],[-5,-31]],[[100097,13694],[-20,21],[-24,63],[-59,31],[-46,1]],[[100095,13790],[55,-23]],[[99351,12820],[38,-34],[-50,-10],[-13,-39],[-28,10]],[[102884,12172],[-29,-36],[10,-43],[90,-28],[32,-45],[108,-29],[74,15],[-4,-21],[133,-28],[6,-9],[-16,-97],[2,-61]],[[103290,11790],[-59,-18],[-112,-7],[-43,-14],[-24,-40],[-42,4],[-16,45],[4,38],[-62,31],[-43,-34],[-80,-20],[-51,18],[-32,-19],[-20,19],[-34,-43],[-78,-60],[37,-87],[34,-25],[10,-54],[28,-25],[48,13],[0,-42],[13,-88],[33,-14],[14,-31],[-12,-37],[24,-28],[52,7],[26,55],[67,48],[51,23],[45,-4],[13,44],[-1,72],[31,18],[6,25],[60,11],[24,-26],[-17,-95],[11,-26],[-14,-43],[1,-39],[37,-41],[-3,-34],[-25,-19],[-48,-75],[-31,-79],[21,-41],[-2,-47],[34,-4],[19,-39],[7,-70],[-39,26],[-50,-27],[-12,-43],[25,-24],[-34,-77],[-65,-19],[-45,0],[-46,20],[-7,36],[-37,39],[-7,39],[46,15],[-36,72],[-48,43],[-74,77],[4,43],[-30,43],[-44,87],[-103,117],[-105,76],[-61,35],[-76,25],[-57,2],[-62,-31],[-26,-51],[-2,-29],[19,-47],[-90,-50],[-48,6],[-39,-32],[-22,40],[13,31],[-25,61],[-22,75],[-51,111],[-76,113],[-82,98],[-58,50],[-75,52]],[[92712,14931],[0,178],[208,0],[-43,88],[-44,34],[16,20],[-12,42],[78,39],[32,5],[66,33],[44,64],[53,-13],[74,25],[71,-20],[27,-47],[49,14],[30,-6],[19,19],[49,-9]],[[100103,13840],[76,-11]],[[98832,12712],[-11,-20],[-87,-35],[-21,-48],[-44,-15],[-25,-37],[-71,-50],[5,-16],[-60,-9],[-52,-18],[-41,-29],[-2,-18],[-95,-20],[-60,-82],[-80,1],[-62,-17],[-7,-22],[-43,-29],[-68,-84],[15,-38],[-31,-44],[-54,-30]],[[104438,17752],[-49,63],[-31,68],[-1,47]],[[103560,15533],[-27,-30],[18,-73]],[[95159,12360],[-95,67],[-74,38],[-38,7],[-28,20],[-48,-16],[-104,70]],[[103168,11731],[-4,-24],[-46,-9],[15,37],[35,-4]],[[103386,11663],[26,18],[44,-41],[-84,-79],[-33,-14],[-105,39],[-62,85],[27,23],[59,10],[35,-42],[-31,-24],[9,-23],[61,16],[54,32]],[[103494,11759],[93,1],[17,-32],[-96,-21],[-38,0],[-46,18],[37,39],[33,-5]],[[103977,11921],[-78,-35],[-42,8],[18,60],[44,19],[40,-12],[16,12],[59,-7],[-3,-27],[-54,-18]],[[105751,13438],[-132,-92],[-124,-93],[-154,-125],[-100,-85],[-97,-93],[-720,-649],[-160,-158],[-121,-131],[-101,-92],[8,35],[-10,37],[-72,-5],[-12,-23],[-35,15],[-52,-26],[-28,-28],[-2,-33],[-67,-15],[-9,-20],[-68,0],[-49,-35],[-29,13],[-26,41],[-53,-38],[-84,-25],[-61,5],[-11,-40],[-55,-10],[-37,22]],[[91760,14965],[-3,428]],[[91757,15393],[0,340],[-6,876]],[[91751,16609],[-7,1176],[-5,1019]],[[99722,13686],[-15,-30],[4,-39],[-53,-14],[-27,-20],[-52,-14],[-69,-66],[-30,-6],[-76,-67],[-59,3],[-66,-10]],[[101867,14550],[43,0],[54,12]],[[100697,12571],[17,67],[15,117],[31,5],[55,-24],[35,-42],[69,-8],[63,22],[30,-9],[47,5],[24,-13],[27,-50],[36,-16],[21,-35],[-49,-30],[-146,-15],[-33,-30],[4,-27],[-64,-24],[-26,-32],[-41,13],[-38,30],[-71,24],[-6,72]],[[94279,73992],[-118,106]],[[94161,74098],[43,15],[47,-5],[28,-116]],[[93576,73202],[48,165]],[[93624,73367],[77,262],[10,34],[201,-262],[126,171]],[[94038,73572],[82,112],[123,-59]],[[94243,73625],[-180,-891],[68,-356],[-145,-671],[-174,-337],[-48,-54],[-26,-208],[139,-425],[-30,-463],[7,-375],[57,-4],[-6,-129],[-12,-139]],[[93893,69573],[-61,6],[-34,59],[-148,18],[-37,52],[-33,14],[17,65],[-44,56],[-51,29],[-2,40],[-31,36],[-27,6],[-27,41],[-43,32],[-26,2],[-40,-15],[-31,32],[-22,-3],[-74,76],[-40,-17],[-19,30],[-2,51],[-29,31],[3,27],[-23,43],[-19,12]],[[93050,70296],[10,62],[-5,70],[-19,54],[-30,61],[-43,56],[-84,94],[-73,116],[-17,54],[-2,141],[25,142],[21,79],[20,140],[8,131],[17,99],[25,105],[57,156],[82,102],[37,84],[19,73],[28,76],[107,152],[24,57],[5,34],[-9,58]],[[93253,72492],[128,-112],[-2,-166],[127,0],[58,118],[-202,735],[214,135]],[[93406,73520],[67,209],[10,41],[3,60],[36,18],[37,-38]],[[93559,73810],[-74,-142]],[[93485,73668],[-79,-148]],[[104170,34903],[-19,19],[35,310],[-186,17],[9,54],[36,153],[16,109],[68,-6],[27,222],[-22,3],[21,168],[41,55],[12,72],[-7,222],[16,126],[-108,15],[22,171],[12,51],[36,-5],[85,651],[164,-2],[74,-9],[31,159],[9,72]],[[104542,37530],[171,-22],[5,35],[161,-24],[12,82],[317,-46],[-3,35],[10,99],[235,-32],[45,330],[13,4],[99,-13],[25,201],[191,-26],[50,52],[19,9],[295,-43],[5,99],[207,-29],[-3,-76],[-11,-55],[94,74],[83,-109],[178,138],[86,-107],[48,38],[79,-102],[159,122],[16,4],[96,79],[24,-25],[68,-35],[53,41],[53,-8],[0,-19],[169,-20],[-14,-121],[322,-42],[1,49],[-9,49],[17,44],[-46,76],[7,54],[103,-12],[16,33],[119,-16],[-9,-90],[348,-44],[60,124],[52,-18],[-12,-90],[289,-39],[-10,-79],[238,-27],[0,-4],[265,-32],[-12,-52],[17,-27],[-5,-23],[142,-21]],[[109470,37873],[-79,-570]],[[109391,37303],[-25,-187],[-30,3],[-53,-378],[-449,69],[-1,-10],[-238,26],[-68,17],[-172,-245],[-55,-468],[7,-1],[-24,-176],[23,-3],[-16,-143],[-8,-2],[-9,-86],[141,-15],[-26,-228],[34,-3],[-20,-143],[129,-173],[26,-17]],[[110489,47414],[40,33],[-16,63],[31,10],[114,-6],[14,87],[37,36],[68,21],[30,-17],[13,20],[58,-8],[33,16],[87,-5],[38,-38],[15,-45],[4,-60],[45,-35],[9,-45],[51,-40],[10,-23],[0,-104],[31,-27],[9,32],[33,-1],[8,-23],[38,-30],[32,-10],[24,39],[29,14],[75,-19],[44,-68],[55,16],[53,-17],[26,6],[45,62],[99,-24]],[[111771,47224],[1,-48],[62,-163],[32,-24],[13,11],[46,-28],[53,-115],[-10,-36],[4,-79],[11,-66],[33,-28],[-9,-78],[15,-24],[-1,-47],[69,-12],[28,-15],[26,9],[29,-53],[34,-32],[-5,-40],[-15,-14],[11,-35],[-14,-26],[-4,-61],[-20,-6],[-26,-43],[28,-28],[-25,-46],[8,-40],[-8,-44],[-18,-30],[57,-31],[72,-10],[25,34],[40,4],[-31,-63],[41,-49],[-16,-14],[37,-29],[16,12],[57,-18],[22,39],[31,-5],[54,-124],[37,-27]],[[112561,45702],[-7,-47],[-33,-40],[9,-60],[27,-37],[-23,-8],[-2,-62],[-52,20],[-72,20],[-59,23],[-28,-19],[-47,-5],[-39,17],[-14,-117],[40,-34],[60,-31],[32,14],[31,-13],[28,-47],[-33,-35],[-42,-74],[8,-11],[-12,-50],[-39,-5],[-133,28],[-25,-10],[-39,30],[-56,14],[-49,-14],[-61,11],[-27,-11],[-23,25],[-29,-6],[-10,-33],[-53,-5],[-52,-47],[36,-167],[-11,-82],[-36,-28],[-47,-124],[-1,-58],[-32,-84],[22,-65],[-11,-56],[2,-120],[19,-56],[-3,-25],[28,-51],[-28,-44],[11,-28],[-9,-38],[-55,-8],[-47,-21],[-45,-51],[-34,-9],[13,-54],[-24,-49],[-7,-35],[-20,-16],[14,-35],[-32,-9],[10,-51],[-22,-53],[-44,-14],[6,-44],[-27,-30],[16,-24],[-38,-44],[19,-97],[-15,-38],[-46,-33],[-12,-36],[33,-28],[-1,-35],[37,-13],[-23,-29],[1,-27],[24,-12],[-3,-34],[20,-39],[-23,-62],[74,-31]],[[111426,42996],[12,-37],[-13,-95],[-37,-32],[33,-140],[-10,-8],[-7,-88],[-17,-36],[-28,-3],[-37,-37],[4,-21],[-57,-9],[-42,8],[-9,59],[-114,27],[-6,-41],[-44,18],[-20,-16],[-24,16],[-129,20],[13,-59],[-45,-34],[-37,-9],[-55,28],[-22,37],[-17,4],[-22,-43],[-61,-2],[-6,-47],[-48,-9],[-17,-69],[-66,44],[-60,-9],[-23,26],[-38,1],[-9,18],[-44,35],[-50,-29],[-66,-20],[-25,1],[-31,21],[-1,-49],[-54,0],[-20,-21],[-44,-4],[35,-74],[-33,-34],[-65,132],[-113,-55],[-68,-52],[-133,19],[-20,-138],[-205,25],[14,100],[-170,22],[-76,-37],[-4,-16],[-43,-38],[-30,-11],[-52,-97],[-343,48],[-28,-13],[-56,8]],[[108643,42181],[-6,18],[28,160],[-14,24],[-69,50],[-50,46],[-39,57],[13,56],[-40,-3],[-106,-31],[-35,45],[-69,8],[-22,18],[48,47],[-4,36],[36,73],[38,4],[33,-48],[48,37],[25,6],[16,31],[33,22],[52,8],[3,38],[-20,15],[19,32],[-26,24],[-57,17],[3,30],[-57,7],[-17,30],[84,69],[-179,241]],[[108312,43348],[31,5],[22,104],[3,40],[27,57],[0,39],[-22,36],[-32,7],[6,35],[44,14],[-26,40],[-17,49],[-32,10],[-31,28],[17,75],[-112,12],[4,55],[-40,52],[-7,97],[-53,94],[-8,33],[-25,42],[-9,62],[10,23],[-9,59],[37,85],[-9,33],[23,61],[21,24],[38,2],[12,58],[-24,14],[161,138],[69,-27],[10,-26],[34,-33],[42,-17],[51,5],[-10,-35],[34,-47],[-13,-42],[28,-113],[27,-28],[4,-30],[43,-3],[-9,-63],[28,-69],[-20,-84],[-31,-18],[-8,-23],[44,-24],[10,-36],[42,-2],[43,36],[20,29],[20,0],[28,46],[-7,19],[39,52],[-7,36],[18,30],[-16,33],[22,15],[46,-11],[6,-37],[23,-39],[87,-36],[24,22],[-11,76],[4,35],[24,15],[35,-11],[24,-23],[27,41],[3,31],[54,20],[51,-35],[30,-9],[22,-30],[36,20],[28,-9],[39,64],[-20,63],[6,42],[-16,54],[31,36],[9,74],[69,49],[1,50],[24,55],[30,10],[16,46],[56,7],[37,-18],[15,-254],[55,-4],[3,111],[-14,46],[0,78],[28,32],[4,28],[59,34],[55,77],[28,19],[91,130],[7,52],[26,36],[-42,26],[-8,26],[25,97],[4,42],[99,-13],[-4,46],[-19,32],[-4,56],[-31,97],[4,60],[-23,58],[14,22],[-36,156],[-77,146],[-48,53],[2,34],[-34,87],[-3,25],[-23,34],[39,26],[199,-4],[112,-16],[14,-7],[31,32],[-15,42],[0,74],[-9,34],[-53,23],[-27,24],[1,34],[36,84],[48,53],[37,9],[-17,34],[2,61],[21,2],[33,-29],[91,55],[4,42],[23,42],[3,44],[124,-23],[133,-8],[9,41],[23,7],[-23,60],[-5,39],[-27,7],[-55,56],[-5,43],[-53,100]],[[97248,50313],[-64,80],[4,53],[22,-4],[203,175],[10,-14],[280,244],[23,267],[364,-37],[1,11],[305,-24],[-14,-175],[299,-23],[33,-93],[79,-6],[125,147],[153,243],[19,-2]],[[99090,51155],[285,-23],[165,-20],[47,-19],[26,279],[92,-9],[9,127],[296,-33],[27,307],[262,-29],[4,77],[-19,45],[162,-18],[27,272],[185,-21],[15,-84],[324,-41],[34,367],[197,-23],[7,104]],[[101235,52413],[303,-24],[-8,-95],[-50,2],[-21,-445],[-21,2],[-7,-80],[86,-13],[-15,-260],[226,-18],[-1,-43],[231,-33],[-1,-10],[315,-48]],[[102272,51348],[71,-27],[17,-17],[-20,-149],[13,-98],[-39,-267],[146,-21],[-28,-234],[347,-41],[-13,-109],[42,26],[41,10],[78,-16],[50,-45],[25,-5],[64,43],[31,36],[17,2],[31,-29],[-26,-118],[-31,3],[-48,-496],[306,-32],[-15,-46],[-26,-11],[-4,-49],[39,-58],[13,-60],[17,-37],[38,-27],[68,20],[26,-13],[47,8],[38,-55],[1,-45],[78,-88],[63,-19],[42,-34],[30,-61],[25,-28],[19,-59],[-13,-28],[9,-50],[-16,-28],[14,-28],[7,-59],[20,-35],[55,-38],[45,-13],[36,-28],[22,-49],[-5,-36],[25,-23],[-20,-132],[-41,-43],[-1,-26],[162,-26],[15,132],[76,-7],[214,-40],[-9,-64],[174,-47],[7,-32],[259,-27]],[[104880,48375],[-45,-79],[-1,-69],[-10,-59],[-19,-22],[1,-28],[46,-25],[18,-74],[-7,-31],[11,-27],[-23,-29],[-47,-14],[-38,-24],[-26,4],[1,-41],[-16,-18],[17,-42],[-46,-37],[11,-53],[17,-20],[-17,-31],[13,-56],[-23,-37],[-10,-64],[14,-21],[-11,-44],[9,-66],[58,-42],[22,-47],[-22,-51],[24,-72],[-12,-46],[16,-52],[-57,-53],[-21,-34],[-47,-4],[-25,-33],[-1,-29],[32,-89],[-11,-28],[17,-47],[-26,-57],[18,-32],[1,-29],[-46,-17],[-41,17],[-41,-21],[-24,3],[-43,-27],[-33,-31],[-48,-2],[-27,-17],[-18,-36],[-81,-49],[-34,2],[-36,-33],[-13,-34],[7,-44],[-27,-30],[7,-23],[-34,-66],[-9,-91],[-48,-80],[-54,-22],[2,-25],[-22,-49],[-34,0],[-70,-19],[-4,-42],[-15,-26],[-29,-12],[-66,15],[-61,-35],[-18,52],[1,29],[-19,17],[-90,-31],[-12,-26],[-45,5],[-50,-30],[-46,-13],[-30,14],[14,-72]],[[103428,45774],[-20,-10],[-58,15],[-26,45],[-49,60],[-3,26],[-40,14],[-66,8],[-74,57],[-23,62],[-27,3],[-31,29],[11,137],[-282,30],[11,103],[-16,2],[10,104],[-284,32],[40,400],[-177,19],[-44,-25],[-60,-91],[-129,16],[24,211],[-23,7],[21,211],[-126,14],[-59,0],[-196,23],[-31,-306],[-103,13],[-17,-173],[-148,19],[-34,-38],[-20,-144],[73,-7],[-20,-179],[-409,49],[-4,-46],[-267,32],[-126,10],[-121,17],[-29,-22],[-4,-37],[-319,34],[-2,34],[-22,51],[-33,21],[-38,47],[-44,0],[-31,15],[-1,43],[-30,2],[-44,-19],[-87,59],[-23,1]],[[99798,46752],[88,59],[-183,20],[18,145],[-34,3],[55,381],[24,190],[-104,14],[40,410],[155,-12],[24,181],[-41,5],[19,198],[28,41],[53,-6],[33,310],[-68,9],[25,239],[-109,14],[25,243],[-420,44],[-276,34],[-101,14],[-22,41],[6,69],[28,64],[21,10],[31,55],[-2,52],[21,52],[62,66],[43,35],[1,43],[24,29],[4,101],[9,48],[-85,8],[15,53],[-116,11],[7,124],[-58,4],[-3,-45],[-480,58],[-6,-75],[-149,19],[16,69],[-193,19],[-19,-12],[-240,31],[-38,-22],[-73,98],[-37,120],[-231,-160],[-45,18],[-257,59],[-35,-17]],[[94195,47541],[31,310],[493,-36],[-3,-67],[127,-8],[-4,-117],[366,-25],[326,-43],[187,-17]],[[95718,47538],[150,-14],[-33,-380],[280,-27],[-47,-489],[-13,-121],[133,-9],[-15,-190],[7,-120],[216,-17],[159,-16],[36,9],[27,49],[54,38],[21,38],[-8,69],[38,58],[8,91],[19,33],[177,-24],[7,70],[361,-41],[-13,-136],[236,-26],[-27,-263],[-30,-25],[-12,-107],[-17,1],[-19,-212],[134,9],[24,-22],[-26,-241],[-76,92],[-384,-320],[146,-215],[-23,-18],[-51,5],[-116,-95],[-2,-30],[-166,-141],[-11,-54],[272,-333],[41,50],[-8,38],[73,52],[112,-151],[64,17],[47,57],[12,63],[46,78],[18,6],[139,140],[122,63],[12,59],[19,26],[70,-92],[34,29],[44,-38],[104,-122],[-14,-13],[293,-378],[66,57],[148,-192],[-110,-92],[-9,-23],[75,-156],[-14,-59]],[[98518,43833],[-19,-22],[-121,-223],[23,-86],[-38,-93],[-60,-24],[7,-51],[-28,-34],[5,-55],[-49,-75],[-38,-20],[-3,-39],[-75,-55],[-70,-4],[-164,212],[-207,22],[-39,-3],[-77,203],[-30,53],[-37,40],[-60,23],[-11,21],[-80,65],[-49,27],[-36,-19],[-58,73],[-246,-212],[-68,6],[-50,-539],[76,-7],[-13,-130],[-112,13],[-63,19],[-319,33],[-24,-269],[-447,47],[-25,-250],[-180,21],[37,345],[-362,40],[23,76],[-351,31],[-52,-41],[-23,-31],[-40,-15],[-52,-60],[-39,-65],[-63,-68],[-68,-31],[-47,-1],[-30,-33],[-42,-25],[-30,4],[-58,-38],[-69,-29],[-46,7],[-30,-8],[-30,-28],[-49,-26],[-15,-109],[-43,6],[-62,-564],[37,-249],[-56,-86],[-46,-116],[-3,-41],[-24,-22],[-15,-50],[-23,-34],[0,-41],[-13,-61],[-34,9],[-348,36],[1,19],[-194,20],[-1,-18],[-164,17],[-30,-87],[23,-127],[-9,-27],[23,-75],[21,-13],[23,-67],[1,-47],[53,-70],[34,-82],[45,-64],[10,-35],[-14,-45],[37,-87],[30,5],[2,-52],[-26,-74]],[[93532,40274],[-110,14],[-98,18],[-47,-5],[-64,13],[-184,21],[-84,108],[-306,34],[-368,-2],[-10,-97],[-167,18],[-23,-188],[-256,32]],[[91815,40240],[0,921],[-1,904],[-186,0]],[[91628,42065],[58,669],[-35,4],[4,76],[-54,4],[36,366],[-70,146],[-34,-34],[-47,-17],[-35,-90],[-105,125],[-203,20],[47,619],[56,-17],[277,-22],[41,546],[-159,15],[22,353],[127,-9],[19,351],[-96,7],[4,55],[255,-11],[255,-2],[329,-28],[-8,-93],[254,229],[30,348],[113,-1],[194,-239],[432,-126],[31,13],[35,-5],[29,22],[76,13],[33,35],[56,40],[47,65],[47,9],[55,43],[58,9],[31,34],[-223,279],[138,120],[-16,23],[89,77],[-331,372],[236,232],[217,-263],[60,82],[100,91],[92,941]],[[103428,45774],[17,-27],[50,-34],[12,-63],[29,-16],[12,-55],[33,-41],[5,-52],[32,-25],[-26,-43],[32,-36],[81,-48],[34,-4],[6,-54],[36,-31],[34,1],[12,64],[42,37],[17,-44],[22,31],[31,4],[48,73],[54,-17],[25,-67],[-2,-27],[39,-30],[42,-52],[19,-71],[-44,-29],[-24,-65],[-32,-34],[-24,-10],[43,-102],[391,-22],[-4,-77],[103,-6],[-5,-81],[332,-30]],[[104900,44691],[-42,-71],[14,-58],[-25,-18],[-34,-43],[-34,-26],[-36,14],[-30,-26],[-52,-4],[-42,26],[-11,45],[-42,11],[-34,-21],[-19,-36],[2,-25],[-29,-22],[-47,26],[-32,-13],[71,-173],[-94,9],[-35,-29],[-49,6],[-10,-76],[7,-25],[-10,-85],[-116,12],[-15,-147],[-83,4],[-39,-31],[-74,-139],[-98,-85],[-124,-102],[44,404],[-358,45],[-22,-12],[-16,-156],[13,-19],[-18,-145],[-19,-4],[-126,15],[29,-74],[-299,38],[8,66],[-319,41],[-32,-277],[21,-2],[-6,-56],[-32,-219],[-20,3],[-22,-198],[-155,12],[-263,34],[11,194],[-78,0],[7,-28],[-15,-157],[69,-168],[-8,-6],[8,-76],[2,-74],[-11,-23],[-39,-24],[-52,16],[-362,53],[-9,42],[16,139],[-156,17],[-21,-25],[-11,-63],[-43,-33],[-9,-67],[-19,-9],[-14,-34],[-27,-26],[-13,-53],[-30,-38],[-190,20],[32,296],[41,-4],[22,49],[18,202],[6,22],[-182,14]],[[101089,43241],[-45,27],[-33,5],[-37,-12],[-23,56],[-87,50],[-58,10],[-20,-31],[-43,-13],[-17,-43],[-79,10],[7,68],[39,-5],[25,225],[-336,43],[-51,2],[-94,14],[16,70],[3,67],[-162,18],[-41,12],[-196,13],[128,107],[18,39],[61,26],[18,143],[14,151],[23,131],[-74,-58],[-99,-1],[-29,-14],[-28,44],[-21,1],[-26,47],[-36,36],[26,90],[-9,48],[15,18],[-134,14],[17,174],[-220,23],[38,353],[-72,9],[7,71]],[[99474,45279],[4,32],[-66,7],[35,332],[59,677],[165,-18],[19,-7],[11,114],[-2,25],[21,203],[0,23],[37,28],[41,57]],[[85577,51767],[-1,1040],[-1,713]],[[85575,53520],[339,-23],[38,490],[341,0],[-56,-54],[216,-258],[-115,-113],[262,-326],[83,-4],[322,400],[122,57],[301,298],[212,204],[-8,10],[113,105],[182,-228],[557,-18],[8,73],[-11,105],[165,-15],[163,-4]],[[88809,54219],[0,-308],[-24,-316],[-12,-270],[-330,8],[-6,-290],[-285,-258],[23,-17],[-23,-32],[11,-42],[-20,-220],[188,-223],[-115,-348],[176,-206],[-72,-67],[367,-377],[-218,-213],[215,-20],[-6,-94],[276,-22],[10,168],[255,-20],[16,157],[173,-19],[91,-171],[368,-29],[-4,-75],[-40,-97],[451,-29],[1,-66],[225,-18],[7,200],[92,135],[243,235],[68,-82],[115,-95],[68,-82],[-29,-27],[143,-190],[76,50],[12,38],[27,29],[24,69],[28,22],[36,51],[7,32],[31,34],[17,53],[38,36],[48,-10],[30,3],[64,-40],[23,-1],[-8,-127],[536,-36]],[[92196,51002],[95,-115],[52,-56],[-17,-33],[-345,-311],[248,-314],[-111,-86],[-24,29],[-89,7],[24,-171],[30,-30],[12,-111],[-17,-61],[16,-71],[-256,-224],[-23,-33],[72,-27],[49,-58],[-140,-124],[-113,-106],[47,-56],[-260,-224],[15,-20]],[[91461,48807],[-145,-127],[-83,83],[-118,76],[-41,-43],[-146,-135],[-332,-274],[-148,-172],[29,-257],[-429,50],[-439,42],[-15,-144],[17,-5],[-6,-65],[-97,-88],[-56,-37],[6,-35],[20,-26],[5,-40],[23,-12],[8,-40],[-533,35],[-358,18],[25,359],[-375,26],[91,86],[-341,391],[-108,-100],[-97,108],[-367,-338],[45,-67],[-199,-165],[-326,13],[-159,185],[-265,-220],[-968,81]],[[85579,47970],[-1,990],[-1,866],[0,970],[0,971]],[[117242,38866],[25,41],[40,-27],[-18,-40],[-21,-4],[-26,30]],[[117215,38741],[19,38],[26,-40],[-16,-29],[-29,31]],[[117518,39303],[-14,46],[17,60],[-5,86],[-12,33],[33,24],[24,-1],[137,64],[28,-10],[-35,-106],[-36,-140],[-21,-98],[-15,-155],[1,-89],[13,-68],[23,-36],[5,-57],[-18,-52],[-20,21],[5,57],[-33,72],[-16,67],[-39,79],[-9,52],[-19,40],[16,59],[-10,52]],[[116890,39001],[-3,-41],[10,-37],[30,-20],[-2,-27],[52,-35],[64,-31],[37,-6],[8,-34],[-41,-94],[-44,-28],[-25,-27],[-36,-12],[-69,15],[-20,-6],[11,-72],[-19,-8],[-25,23],[-29,-6],[-32,-20],[-16,-32],[37,-4],[-45,-63],[-28,29],[-13,3],[-10,-23],[10,-28],[-24,-16],[-43,17],[-18,-5],[-5,-5],[-4,-27],[-44,-8],[4,-28],[-25,-11],[16,-14],[-14,-19],[-3,-11],[7,-18],[-17,-8]],[[116522,38264],[-26,24],[-45,3],[-12,34],[7,54],[-90,-37],[-55,12],[-32,-9],[-28,-29],[-28,20],[16,78],[-7,30],[-30,45]],[[116192,38489],[16,3],[20,128],[-1,81],[-29,26],[8,54],[-31,20],[4,26],[-33,5],[-36,-43],[-23,-5],[9,56],[74,60],[60,11]],[[116230,38911],[49,-59],[-25,-48],[34,-60],[-4,-29],[50,-10],[32,7],[36,-35],[62,-13],[23,22],[52,-10],[4,33],[33,-5],[25,29],[45,-36],[73,57],[-10,83],[30,36],[19,43],[-11,35],[66,10],[24,44],[53,-4]],[[117162,38541],[-18,-24],[-8,-43],[8,-38],[-34,-44],[41,-55],[-20,-7],[-13,-106]],[[117118,38224],[-42,36],[-67,11],[-36,-14],[-22,-124],[-76,-28],[-44,-9],[-85,15],[-38,19],[-17,23],[-46,10],[-14,14]],[[116631,38177],[-39,47],[-45,9]],[[116547,38233],[12,10],[-8,18],[-13,14],[-4,19],[16,27],[-15,12],[25,12],[-6,27],[42,5],[5,6],[4,27],[38,1],[56,-39],[-3,44],[-10,26],[10,23],[46,-43],[23,43],[31,26],[-49,23],[40,38],[22,-30],[63,28],[-14,61],[26,4],[44,-17],[29,4],[87,59],[33,49],[1,25],[67,113],[28,-18],[-48,-78],[-21,-93],[13,-38],[39,-28],[-8,-23],[14,-29]],[[91814,34903],[0,1352],[1,1331],[0,1284],[0,1370]],[[93532,40274],[356,-45],[118,3],[412,-49],[16,-14],[212,19],[125,-16],[560,-480],[7,-11],[160,-132],[173,-149],[68,-7],[-10,-100],[-36,-179],[607,-67],[341,-33],[-3,-33],[139,-14],[14,30],[256,-30],[-5,-50],[149,-17],[-13,-134],[291,-45],[-2,71],[241,-208],[276,-408],[324,-34],[411,-25]],[[98719,38117],[-54,-458],[43,-6],[-22,-84],[1,-42],[-30,-65],[271,-32],[-4,-38],[375,-44],[-19,-181],[119,-14],[-29,-248],[301,-33],[-10,-90],[114,-13],[-24,-175],[-188,23],[-4,5],[-288,35],[-29,-13],[-22,-184],[169,-22],[-17,-156],[-17,-9],[-67,-340],[151,-32],[-57,-339],[-17,2],[-44,-42],[165,-122],[-50,-28],[-56,-15],[-36,-28],[-13,-28],[-62,-72],[-9,-107],[-19,-15],[-36,1],[-75,-28],[-53,-13],[-65,-42],[36,-122]],[[115813,43953],[-20,-17],[-90,6],[-25,-18],[-33,4],[-33,-36],[-74,-144],[-19,-104],[-45,-52],[-63,-23],[-41,-39],[2,-23],[-32,-37],[-45,-6],[-52,-51]],[[115243,43413],[-3,30],[-37,36],[-42,9],[-32,30],[-40,-17],[-59,63],[3,58],[-10,19],[-50,-2],[-40,23],[-35,0],[-37,35],[-27,-21],[-35,33],[-26,51],[-45,30],[-46,-47],[-48,29],[-31,0],[-38,-36],[-24,-66],[-41,-73],[-35,4],[-23,-18],[-20,13],[4,32],[-40,10],[15,38],[-7,38],[13,27],[42,14],[-22,28],[1,78],[46,35],[-13,45],[43,83],[28,0],[-15,38],[-46,43],[-23,-2],[-27,-25],[-37,24],[-24,-41],[0,-57],[-37,4],[-92,57],[-6,102],[-22,12],[-63,87],[-12,-18],[-38,-4],[-10,-17],[-40,-5],[-65,9],[-21,-8],[-8,-58],[-57,9],[-27,22],[-43,11],[-36,-9],[-56,16],[43,109],[-17,6],[6,55],[-7,35],[-53,68],[-14,43],[14,42],[66,14],[27,67],[2,67],[-22,18],[-1,32],[-41,71],[-104,-41],[-23,18],[-57,-19],[-48,35],[-16,50],[9,28],[-21,46],[68,20],[-24,85],[-2,25],[-33,74],[-27,8],[-82,-41],[-32,-45],[-29,24],[4,49],[16,40],[-22,82]],[[113307,45279],[33,44],[19,44],[37,9],[46,-17],[8,45],[41,7],[24,38],[45,43],[14,55],[27,-4],[14,-65],[31,-30],[0,-36],[43,-17],[34,-40],[-7,-73],[-13,-30],[-37,-22],[25,-53],[35,-21],[19,6],[34,-29],[55,25],[39,-21],[51,-52],[27,14],[4,42],[49,28],[17,-33],[27,-11],[45,-51],[17,-49],[31,-24],[16,71],[79,-11],[25,-14],[28,-47],[23,-6],[49,-43],[73,43],[20,35],[-7,19],[68,17],[-8,25],[19,47],[70,14],[-3,63],[63,-11],[7,58],[-48,38],[-23,77],[53,-7],[6,48],[-52,14],[11,39],[31,37],[14,63],[17,28],[32,2],[33,-37],[33,8]],[[114770,45571],[29,20],[75,-125],[32,-33],[77,-100],[62,-50],[44,-14],[62,-47],[43,-53],[51,-40],[61,-35],[103,-34],[53,21],[35,-35],[-12,-27],[47,1],[18,-42],[27,-21],[21,-36],[24,-8],[26,-32],[-4,-24],[26,-34],[8,-74],[24,-107],[-16,-34],[-2,-38],[12,-81],[38,-86],[61,-103],[40,-93],[39,-49],[36,-28],[80,-50],[-19,-44],[-30,-8],[-65,16],[-40,-13],[-33,-31],[10,-47]],[[104532,57773],[33,10],[101,-11],[61,-30],[45,13],[25,-33],[77,29],[19,20],[42,9],[26,-17],[69,-10],[66,4],[41,-19],[64,11],[23,37],[2,49],[-15,48],[-56,69],[35,-3],[44,-88],[23,-68],[13,-73],[26,-77],[67,-80],[39,-66],[18,-1],[26,-56],[25,-73],[9,-65],[21,-95],[39,-5],[29,-75],[-34,-21],[-31,-82],[13,-16],[17,-61],[15,-25],[55,-57],[59,-46]],[[105663,56819],[-128,28],[-53,-8],[-20,-15],[-63,-17],[1,-41],[-60,-42],[4,-54],[-39,5],[-15,-144],[-35,-391],[-169,20],[6,43],[-55,24],[-30,-5],[-57,22],[-44,70],[-27,6],[-27,-20],[25,-42],[20,-54],[-29,-68],[-13,-64],[41,-88],[31,-144],[3,-117],[-22,-83],[-1,-31],[27,-90],[23,-46],[50,-51]],[[105007,55422],[-272,31],[-45,29],[-9,76],[-18,14],[-15,58],[-32,29],[-33,47],[-68,31],[10,62],[-28,46],[3,38],[-33,8],[-85,71],[-30,-38],[-33,0],[-29,-21],[-2,72],[21,14],[6,40],[-33,8],[-52,38],[-36,86],[-46,10],[-15,27],[-51,10],[4,39],[-41,36],[9,51],[50,13],[15,68],[19,11],[-52,95],[0,18],[-33,42],[-11,40],[68,-8],[26,73],[-12,19],[9,72],[6,109]],[[104139,56886],[19,-4],[35,20],[25,33],[33,1],[25,17],[8,36],[42,57],[21,217],[-25,1],[3,32],[-34,35],[37,43],[20,62],[0,76],[-13,38],[-29,30],[4,41],[50,7],[14,101],[-22,18],[3,37],[33,-13],[9,-49],[25,-15],[28,8],[42,-26],[23,7],[17,77]],[[85572,62066],[-1,1144],[-1,1415]],[[85570,64625],[63,-50],[11,-22],[36,-23],[27,-47],[109,-107],[99,-79],[72,-49],[66,-27],[96,-28],[33,-33],[54,-23],[18,-18],[32,34],[14,-14],[34,4],[50,-22],[87,-66],[16,12],[99,-24],[22,7],[96,-6],[42,10],[59,2],[84,22],[59,-25],[11,-27],[38,-25],[136,-56],[82,-48],[76,-22],[46,-36],[63,-18]],[[87400,63821],[-10,-151],[436,-362],[12,189],[49,5]],[[87887,63502],[101,-48],[-27,-59],[-9,-59],[18,-96],[12,-107],[34,-109],[62,-130],[13,-43],[29,-49],[33,-41],[98,-74],[118,-56],[108,5],[50,-5],[69,-46],[55,-17],[64,-63],[57,-34],[35,-45],[-10,-15],[91,-37],[25,-55],[31,-34],[71,-42],[47,-13],[90,-13],[61,-44],[11,-23],[56,6],[29,-14]],[[89309,62142],[-8,-37],[10,-23],[36,-20],[14,-58],[-88,-18],[20,-58],[20,-20],[40,-13],[4,-35],[-26,-10],[-25,29],[-20,-1],[-13,-42],[20,-45],[-19,-24],[-8,-37],[24,-24],[-23,-61],[-45,-38],[24,-49],[-33,-30],[-2,-28],[47,-27],[6,-37],[-36,-54],[-8,-34],[33,-18],[40,25],[31,-19],[34,-39],[-11,-31],[-33,-4],[-37,16],[-8,-25],[31,-13],[54,-52],[-4,-32],[11,-38],[-8,-116],[23,-44],[42,-33],[0,-64],[58,-56],[25,-38],[-12,-45],[29,-50],[-15,-46],[-19,-9],[15,-68],[-18,-41],[8,-45],[-4,-53],[-19,-30],[-2,-33],[18,-14],[7,-43],[-15,-55],[9,-16],[1,-69],[-7,-101],[-33,-19],[16,-27],[-3,-62],[-36,-48],[-8,-55],[4,-58],[-23,-59],[-60,-70],[-2,-40],[-23,-15],[-37,-50],[-25,-74],[42,-42],[-10,-71],[-27,-19],[-1,-23],[29,-25],[-1,-68],[24,-15],[-13,-34],[26,-53],[46,-37],[8,-40],[-37,-40],[39,-51],[11,-48],[41,-18],[21,-58],[65,-29],[-19,-44],[63,-67]],[[89554,58690],[12,-25],[32,9],[18,-52],[-7,-49],[7,-33],[-35,-26],[13,-32],[-4,-47],[22,-50],[40,-21],[-4,-72],[28,-64],[50,-56],[13,-36],[32,-43],[-26,-26],[2,-95],[12,-20],[38,-19],[-4,-45],[30,-28],[-23,-20],[21,-28],[-21,-36],[31,-71],[-8,-31],[21,-48],[-10,-28],[28,-26],[29,-71],[-14,-33],[-2,-67],[-372,31],[-3,-73],[-225,15],[16,282],[-563,53]],[[88728,57709],[4,348],[53,-4],[19,303],[-719,65],[8,131],[-43,5],[-22,18],[1,29],[-41,52],[79,138],[-26,17],[84,145],[-139,95],[-225,-213],[-133,143],[73,48],[77,31],[41,11],[-187,232],[-147,-145],[-307,376],[-17,-34],[-86,-98],[-33,-14],[65,-41],[-101,-214],[-118,2],[-51,56],[-157,-156],[-112,136],[-337,17],[7,79],[-256,18],[42,664],[51,725],[-503,40]],[[85572,60714],[0,1352]],[[87406,61094],[51,1176],[-139,11],[-176,87],[-27,33],[-286,4],[-30,-969],[-19,-17],[17,-27],[31,-13],[68,7],[89,-15],[84,-62],[41,1],[30,-12],[97,1],[69,-30],[45,-32],[13,-52],[-16,-40],[21,-37],[37,-14]],[[102216,63702],[-26,-41],[-19,18],[16,23],[29,0]],[[101421,63310],[22,29],[-38,62],[44,47],[5,22],[-16,43],[43,84],[-2,60],[24,37],[-2,28],[27,55],[-21,31],[5,34],[-46,33],[33,16],[13,63],[-25,39],[-10,99],[-32,61],[-5,28],[-30,21]],[[101410,64202],[25,25]],[[101435,64227],[46,-58],[43,-20],[1,-44],[20,-43],[23,-12],[46,-55],[14,5],[48,-107],[31,-38],[21,-10],[15,-36],[-26,-17],[1,-47],[24,-26],[72,27],[30,42],[28,26],[29,-2]],[[101901,63812],[-3,-35],[-30,-10],[36,-50],[-13,-25],[36,-51],[-14,-48],[-12,-77],[-1,-58],[26,-44],[-5,-25],[29,-52],[9,-32],[30,-23],[3,-34],[31,-41],[26,-77],[83,-13]],[[102132,63117],[-6,-19],[6,-58],[12,-18],[1,-61],[25,-30],[27,-59],[10,-57],[22,-75],[30,-59],[21,-15],[23,-49],[32,-10],[23,-24],[-1,-21]],[[102357,62562],[-21,-10],[-57,-64],[3,-36],[-29,5],[-139,5],[-12,-27],[-5,-88],[-38,-24],[-22,5],[-5,29],[-26,31],[-21,-32],[-69,-39],[-52,21]],[[101864,62338],[9,103],[-33,78],[-5,64],[-41,58],[-42,38],[11,50],[-4,33],[33,55],[-32,40],[0,26],[-26,49],[-34,-1],[-74,40],[-16,45],[-19,2],[2,90],[-72,7],[10,24],[-29,17],[-14,36],[2,30],[-27,10],[-11,46],[-31,32]],[[89309,62142],[32,3],[15,18],[64,-61],[63,-32],[68,-22],[54,-26],[11,-19],[-1,-53],[24,-44],[63,-63],[50,-25],[83,-16],[93,-2],[69,9],[156,38],[30,-13],[69,24],[103,14],[24,9],[61,4],[84,18],[49,22],[95,69],[30,-18],[78,27],[62,32],[76,54],[57,9],[106,79],[68,77],[52,35],[16,19],[53,-6],[23,40],[48,43],[88,30],[34,-1],[1,24],[36,50],[70,117],[30,92],[13,55],[-2,50],[19,85],[8,81],[24,73],[30,60],[22,76],[16,130],[-13,102],[-8,18],[24,102],[32,67],[78,69],[59,82],[53,87],[28,81],[-1,44],[9,35],[24,-2],[72,57],[68,77],[48,64],[42,69],[34,85],[11,89],[15,42],[-1,32],[31,62],[24,21],[23,-11],[7,36],[47,111],[15,53],[-4,72],[-30,43],[2,39],[60,136],[41,138],[22,110],[-4,32],[11,38],[128,230],[36,88],[-5,76],[-37,71],[-30,152],[-21,58],[-24,46],[40,9],[34,99],[14,80],[17,266],[22,137],[29,143],[43,183],[32,79]],[[92823,67104],[30,-7],[47,-59],[1,38],[58,-1],[32,-46],[57,24],[23,-35],[46,-13],[360,-33],[360,-35],[47,276],[-55,75],[-59,58],[7,28],[26,14],[22,50],[60,-13],[60,-34],[142,450]],[[94087,67841],[306,-556],[852,-89],[29,349],[618,-64],[-25,-337],[-117,11],[-25,-342],[-211,19],[-20,-338],[-136,11],[-18,-349],[-136,-138],[-18,-149],[19,-9],[37,-70],[24,-26],[41,-20],[41,-3],[23,-21]],[[95371,65720],[65,-78],[-90,-146],[-128,97],[-85,-138],[-103,-876],[-80,-988],[-180,-275],[30,-32],[41,-18],[26,-54],[83,-75],[28,-31],[39,-1],[-289,-428],[-126,164],[-346,-350],[36,-19],[71,-11],[70,-74],[16,-37]],[[94449,62350],[-4,-4]],[[94445,62346],[-181,-173],[-250,315],[-95,-88],[-238,335],[-233,-218],[107,-144],[-231,31],[6,87],[-316,30],[-8,-90],[-314,35],[-31,-397],[-51,5],[-8,-164],[124,-7],[-11,-166],[-60,-34],[-33,28],[-54,-9],[-6,25],[-42,1],[-18,26],[-28,-7],[-26,-387],[341,-27],[-5,-69],[-151,10],[-10,-171],[24,6],[-10,-126],[-236,24],[4,56],[-174,19],[-17,-248],[-98,14],[-26,-23],[23,-80],[-11,-77],[39,-16],[51,-42],[20,-46],[-8,-42],[31,-7],[35,-93],[10,-91],[31,-15],[34,-65],[24,-12],[13,-43],[19,-10],[-1,-63],[43,-24],[6,-48],[-20,-29],[7,-37],[-12,-23],[10,-35],[-27,-14],[7,-98],[17,-14],[-8,-61],[21,-41],[-8,-39],[34,-21],[115,-12],[-13,-134],[682,-76],[-50,-611],[-66,6],[-34,-352],[-23,3],[13,-70],[43,-31],[69,-8],[47,6],[50,-54],[28,1],[35,-33],[33,2],[20,271],[332,-27],[21,265],[385,-36],[5,57],[99,-6],[-36,-405],[157,-18],[3,32],[228,-26],[3,67],[111,-9],[-55,-662]],[[94672,57799],[-429,41],[-17,-172],[-261,30],[5,49],[-274,27],[7,93],[-203,7],[-120,153],[-126,-126],[2,27],[-24,42],[-42,28],[-22,-1],[-19,25],[-65,-58],[-413,42],[14,168],[-124,9],[-102,33],[-444,63],[5,56],[17,66],[-385,30]],[[91652,58431],[-3,41],[-27,3],[-186,-168],[-220,288],[-86,-76],[-76,100],[-246,19],[-10,-57],[-1,-70],[-431,34],[7,101],[-638,51],[-1,-21],[-180,14]],[[102640,60040],[-6,-26],[-33,2],[6,26],[33,-2]],[[102533,60717],[7,59],[24,2],[36,-36],[-28,-35],[-39,10]],[[102564,60260],[14,-25],[-5,-30],[5,-43],[-27,16],[-43,107],[38,-26],[18,1]],[[102587,60151],[-10,52],[32,-8],[3,-72],[-25,28]],[[102720,60434],[-35,55],[18,20],[-25,44],[-12,41],[7,42],[54,-63],[27,-7],[56,8],[12,-30],[-31,-80],[-12,-82],[30,-20],[23,-34],[10,-38],[27,4],[26,-19],[17,-44],[-26,-2],[-6,-45],[23,-2],[33,-47],[-12,-26],[-35,-37],[0,-86],[-49,-25],[-32,15],[-87,-3],[-54,29],[-19,62],[-24,31],[12,95],[-32,74],[-29,27],[-54,101],[-66,33],[-39,32],[-63,93],[69,30],[48,-1],[48,-27],[35,-39],[32,-5],[29,-32],[58,-15],[48,-27]],[[102564,61223],[-18,26],[-26,3],[11,39],[36,-26],[-3,-42]],[[102357,62562],[-15,-83],[-1,-49],[27,-47],[-2,-62],[-15,-43],[40,-63],[7,-30],[53,-45],[41,-77],[6,-55],[18,-31],[-37,-37],[-37,-69],[-19,-83],[1,-41],[16,-62],[-35,-40],[-5,-46],[26,-20],[-13,-42],[22,-74],[-25,-78],[0,-72],[-14,-52],[6,-60],[-45,-50],[-36,-83],[-30,-33],[-22,-95],[-46,-89],[-4,-31],[7,-65],[-4,-44],[22,-119],[-4,-38],[21,-41],[48,-48],[25,-40],[42,-37],[1,-18],[43,-63],[49,-31],[39,-35],[29,-49],[24,-122],[46,8],[-7,-69],[53,3],[31,-41]],[[102684,59971],[-41,-44],[-7,-20],[-50,-37],[-29,33],[-27,-2],[-71,26],[-16,72],[-20,58],[-22,5],[16,45],[-33,75],[-27,-5],[-77,37],[-51,-2],[-57,-20],[-45,6],[-30,72],[-68,-35],[-36,-44],[-37,-24],[-30,7],[-82,-6],[-39,50],[-77,-32],[-26,9]],[[101702,60195],[-32,57],[-42,20],[-8,15],[143,126],[48,-1],[11,45],[-33,42],[17,54],[-25,33],[-34,80],[11,41],[-33,17],[-35,41],[-35,0],[-17,-26],[-22,2],[-22,-29],[-44,28],[0,23],[40,39],[1,98],[-31,19],[-44,-26],[-54,52],[17,79],[0,49],[-29,-1],[-29,16],[7,50],[26,12],[-1,32],[47,80],[29,1],[24,54],[-11,15],[9,40],[-27,76],[-35,19],[-7,61],[8,50],[-27,32],[-83,20],[-24,-3],[-38,30],[9,100],[155,33],[-22,47],[40,43],[1,49],[66,12],[10,28],[21,227],[48,-3],[20,17],[-38,70],[4,37],[-16,22],[245,-28],[3,27]],[[108312,43348],[-79,-33],[-139,30],[-119,60],[-30,42],[-36,9],[-38,30],[-15,33],[16,106],[44,66],[24,10],[-29,74],[-37,-20],[-40,25],[-27,-18],[-24,8],[-11,-42],[-25,-27],[-48,63],[-90,27],[-15,24],[-50,31],[-30,-10],[-33,20],[-41,5],[-53,-8],[-42,4],[-45,-23],[-58,13],[-31,-20],[-25,34],[-28,0],[-30,29],[-34,6],[-9,21],[-86,38],[-28,53],[6,41],[-29,14],[-11,24],[-84,82],[-3,33],[-44,34],[-67,16],[-43,-11],[-22,55],[-34,45],[-25,1],[-11,46],[-43,15],[-24,39],[-16,51],[-6,90],[-18,17],[-18,48],[-55,6],[-37,32],[-35,-4],[-45,43],[-45,-4]],[[106262,44721],[-29,51],[-46,37],[8,51],[-69,74],[-67,34],[-13,35],[-41,31],[-8,40],[-26,-5],[-42,15],[-30,-19],[-36,26],[-61,-12],[-30,-41],[-29,-25],[-28,-6],[-17,-25],[-60,6],[-15,-14],[12,-33],[-40,-31],[-28,-3],[-58,-32],[-23,-42],[-37,4],[-5,36],[-33,4],[-69,-41],[-26,-29],[-14,-58],[-13,-13],[-133,-11],[-80,25],[-23,-14],[-59,13],[-48,-3],[-46,-55]],[[104880,48375],[-7,49],[24,20],[-31,56],[16,47],[-29,20],[-27,62],[0,82],[38,36],[75,5],[52,25],[23,-9],[39,22],[28,28],[23,43],[36,30],[62,36],[11,30],[36,36],[26,-2],[22,34],[-8,76],[52,42],[24,2],[-48,65],[15,37],[101,-56],[5,78],[27,35],[29,-3],[12,97],[18,-3],[19,74],[25,-3],[6,-44],[41,-34],[43,13],[6,20],[35,7],[28,-8],[15,27],[3,38],[71,58],[37,13],[8,28],[31,47],[22,13],[20,44],[56,42],[50,-5],[60,47],[44,9],[26,30],[26,76],[106,35],[30,-4],[21,35],[-1,37],[28,30],[30,-75],[52,-11],[27,-29],[6,-71],[95,-66],[47,-4],[24,9],[11,-34],[42,-9],[14,-17],[42,22],[34,-3],[47,25],[8,76],[51,2],[36,21],[72,1],[57,11],[57,-96],[-4,-71],[-30,-35],[-45,-20],[-4,-22],[-69,-65],[-38,-57],[3,-17],[93,-153],[170,118],[106,79],[174,-24],[-3,-110],[26,-44],[-5,-36],[8,-42],[44,15],[23,-37],[-3,-40],[31,-5],[-25,-164],[-53,-106],[35,-4],[94,-75],[-123,-174],[36,-28],[-146,-132],[-20,-98],[99,-40],[42,-77],[-42,-66],[47,-148],[-105,-87],[1,-78],[8,-34],[49,-9],[45,10],[7,38],[22,11],[14,-28],[54,18],[35,88],[-3,41],[42,13],[50,64],[47,21],[8,22],[-62,16],[14,47],[27,7],[37,37],[-17,49],[19,31],[47,12],[24,-75],[48,1],[14,62],[40,1],[6,-24],[54,-41],[49,25],[40,42],[-3,86],[-22,13],[-23,49],[18,22],[4,34],[48,44],[39,-33],[57,-1],[1,39],[47,12],[11,78],[44,36],[22,-4],[44,66],[-2,39],[-38,16],[7,33],[-36,11],[8,29],[-10,35],[15,14],[95,26],[26,43],[35,12],[62,-7],[56,13],[28,-16],[57,13],[57,22],[40,-4],[32,64],[30,47],[25,72],[24,-2],[72,43],[-4,33],[39,39],[18,46],[37,18],[-2,55],[81,-5]],[[109206,49504],[32,-43],[29,0],[35,-49],[15,-97],[-22,-79],[34,-34],[3,-38],[28,-31],[90,-58],[12,-79],[-24,-21],[3,-32],[44,-26],[238,73],[41,45],[74,-18]],[[109838,49017],[32,-29],[43,-1],[11,-42],[-15,-54],[-16,-20],[-20,-84],[7,-29],[-31,-57],[24,-24],[-6,-22],[34,-10],[38,-31],[0,-43],[-13,-17],[6,-63],[-16,-54],[30,-9],[34,18],[27,-29],[4,-51],[25,-69],[-3,-52],[-28,-18],[-37,-52]],[[109968,48175],[-17,19],[-82,-36],[-44,-13],[-69,-37],[-13,25],[-25,-7],[-7,-31],[24,-103],[40,20],[24,-4],[32,-71],[44,13],[26,-17],[19,20],[28,-2],[11,47],[-17,30],[71,41]],[[110013,48069],[12,7],[80,-154],[-127,-72],[17,-53],[4,-57],[20,-26],[56,30],[59,54],[93,34],[39,6],[31,-18],[16,-41],[-20,-154],[25,-4],[10,-46],[26,-14],[7,-31],[28,-10],[0,-25],[45,-40],[43,-19],[12,-22]],[[109473,47877],[62,-8],[11,86],[-61,10],[-12,-88]],[[110019,47601],[33,56],[-25,37],[-100,13],[16,-24],[-10,-67],[86,-15]],[[109105,45351],[10,-36],[119,-15],[57,79],[-79,37],[-5,-37],[-19,-11],[-79,18],[-4,-35]],[[109469,46856],[-199,-325],[10,-48],[-57,-51],[-53,-81],[41,-74],[26,-21],[28,17],[76,18],[73,27],[17,53],[27,19],[26,52],[3,146],[6,102],[-5,91],[13,47],[-32,28]],[[101235,52413],[14,199],[-180,21],[25,249],[-222,19],[-4,-33],[-195,22],[59,77],[-2,42],[-21,33],[-62,190],[13,82],[-26,8],[12,89],[15,156],[-73,6],[-7,120],[-77,72],[-16,71],[96,-9],[17,216],[-133,11],[42,569],[-2,7],[14,227],[-192,14],[1,20],[-71,72],[-32,20],[-57,73],[-30,51],[6,30],[-22,59],[-52,33],[-82,46],[-24,-9],[-9,36],[-18,21],[13,36],[33,33],[-54,5],[6,82],[-183,96],[25,94],[-4,39],[-21,32],[9,72],[35,44],[-3,23],[-56,86],[-86,96],[8,149],[-233,19],[7,72],[-93,141],[-4,-54],[-59,1],[-25,9],[-44,82],[-140,-1],[-27,-51],[-101,-1],[-24,58],[-47,39],[62,773],[-146,68],[-96,15],[-31,-7],[-18,13]],[[98643,57386],[21,16],[15,165],[88,-10],[14,185],[37,-14],[37,-2],[132,-25],[36,-15],[13,183],[243,-21],[15,148],[40,-5],[12,56],[20,26],[112,110],[132,140],[44,-60],[126,107],[-43,11],[-36,-14],[-42,34],[-123,312],[-32,28],[-4,22],[20,144],[172,154],[-93,127],[131,115],[-12,60],[-22,27],[-30,-18],[-25,29],[-43,16],[-7,46],[95,99],[-48,54],[-234,28],[17,147],[57,600],[111,-12]],[[99589,60379],[40,-90],[68,-6],[72,-31],[58,5],[-7,-73],[-15,-19],[-13,-69],[-3,-134],[91,-10],[-5,-49],[95,-11],[-4,51],[62,-7],[-10,21],[33,51],[40,-49],[-2,-30],[138,-15],[12,-85],[46,-13],[33,-29],[20,-4],[38,30],[41,-20],[64,90],[30,76],[-24,13],[19,41],[3,96],[-39,40],[-7,58],[-26,-7],[-30,20],[-4,35],[16,31],[33,-17],[22,43],[60,-3],[151,-17],[-17,-172],[55,-7],[-15,-23],[49,-38],[-12,-20],[127,-173],[54,-81],[13,13],[216,-29],[11,274],[447,-63],[-14,43],[36,6],[26,37]],[[101661,60059],[14,-33],[72,-61],[-39,-54],[25,-21],[38,54],[48,-72],[-5,-28],[68,-118],[-24,-15],[-77,51],[-7,-70],[26,-23],[25,-3],[-30,-314],[-21,-28],[22,-24],[-20,-19],[-4,-60],[-29,-6],[-4,-25],[46,-34],[-2,-28],[62,-4],[24,-40],[39,-9],[17,-25],[147,-17],[5,55],[29,-3],[29,-44],[47,-6],[23,11],[34,-90],[27,10],[28,-19],[45,33],[49,-46],[47,-21],[34,23],[58,1],[26,-30]],[[102553,58907],[-42,-12],[2,-43],[57,-129],[37,11],[13,-14],[61,6],[40,-31],[-23,-41],[73,-13],[19,-35],[38,-36],[27,-44],[-5,-29],[31,-39],[46,11],[52,-1],[34,-64],[-9,-39],[21,-25],[1,-31],[40,-22],[18,-48],[-39,-47],[-7,-38],[27,-17],[19,-44],[-25,-15],[31,-40],[38,-20],[26,-32],[-21,-34],[31,-13],[19,-77],[60,-7],[35,-33],[5,-28],[48,-2],[55,-80],[-14,-35],[33,-23],[8,-40],[0,-65],[-55,-97],[-22,-13],[-5,-82],[31,-74],[-10,-120],[9,-35],[-33,-12],[380,-53],[249,-29],[-19,-62],[-1,-28],[36,8],[71,-31],[45,-8],[30,-27],[20,0]],[[105007,55422],[-14,-67],[-68,-32],[-22,-22],[-15,-69],[22,-50],[-4,-25],[-22,-24],[-24,-91],[-27,-9],[-47,-59],[-56,19],[-10,-25],[-62,-42],[-4,-33],[-28,-40],[-6,-27],[-27,-12],[-32,25],[-45,13],[-21,-8],[-31,-31],[-28,8],[-23,52],[-33,-10],[-41,20],[-11,32],[-30,4],[-64,-29],[-7,-31],[26,-57],[-1,-25],[-41,-21],[-8,-30],[10,-62],[-9,-61],[-41,-31],[-44,-10],[-22,-70],[-43,-10],[-30,-26],[-27,13],[-20,-36],[22,-86],[-14,-54],[21,-38],[-6,-39],[-20,-40],[24,-56],[4,-30],[34,-101],[-5,-25],[-36,-41],[-8,-37],[4,-51],[-17,-22],[3,-32],[-13,-39],[26,-39],[3,-49],[40,-84],[-33,-43],[51,-73],[34,-6],[52,-34],[37,-2],[22,-30],[12,-64],[-14,-51],[-27,-10],[-34,-39],[-26,-11],[-27,-60],[-45,-28],[-19,-75],[17,-41],[58,-72],[4,-30],[-16,-37]],[[104085,52864],[-52,-56],[-27,-47],[8,-34],[-38,-45],[-9,-37],[-26,-32],[8,-31],[-12,-35],[2,-98],[-162,15],[-57,14],[-23,13],[-138,39],[-4,23],[16,41],[-342,38],[1,-53],[-9,-139],[-9,-80],[-78,30],[-105,11],[-115,222],[13,124],[-408,43],[-38,-33],[-81,10],[-19,-238],[-31,-475],[119,-11],[-17,-209],[193,-18],[-20,-236],[-269,24],[-11,-69],[-57,7],[-16,-194]],[[114626,41348],[-10,-36],[-177,26],[24,19],[6,33],[35,13],[9,41],[47,-43],[51,16],[-22,-47],[37,-22]],[[88809,54219],[354,-11],[15,301],[13,0],[13,269],[115,-9],[4,92],[195,-7],[31,28],[4,45],[-15,50],[-43,48],[9,43],[-37,49],[-4,91],[29,40],[-7,80],[49,-8],[15,-38],[26,-15],[58,-11],[44,-81],[38,-31],[28,-40],[52,-22],[11,10],[-34,66],[14,169],[-21,37],[-81,39],[-53,7],[-11,15],[19,53],[-20,27],[8,55],[-6,75],[29,58],[24,-4],[26,47],[-11,58],[15,18],[-27,48],[-45,9],[-47,-5],[-86,-35],[-57,-15],[-121,18],[-134,-30],[-5,54],[19,28],[-21,43],[101,-8],[23,381],[5,132],[21,-1],[5,395],[-20,28],[-141,7],[-6,-130],[-440,59],[39,235],[-131,13],[34,676],[58,-5]],[[91652,58431],[44,-34],[-7,-56],[34,-33],[43,-92],[27,-39],[15,-48],[-39,-12],[-13,-35],[26,-63],[-18,-51],[35,-120],[21,-24],[-2,-46],[19,-33],[41,-33],[-20,-22],[20,-94],[20,-22],[-66,-77],[14,-72],[-141,-60],[-9,-138],[-162,12],[-11,-13],[-228,27],[7,-19],[-28,-71],[171,-100],[-7,-121],[142,-11],[-24,-392],[50,-9],[-240,-218],[170,-237],[72,28],[202,-268],[-183,-164],[-1,-16],[67,-4],[178,-22],[12,5],[102,-14],[-33,-44],[-20,-56],[6,-30],[-85,-44],[-9,-102],[22,-130],[29,-68],[4,-74],[89,-112],[-10,-131],[-232,34],[-22,-38],[8,-25],[-14,-46],[-4,-48],[3,-92],[-20,-36],[-27,-7],[-31,-67],[-31,-82],[-30,-21],[-23,0],[-50,-50],[1,-18],[-41,-49],[15,-79],[-18,-14],[19,-53],[22,-32],[-27,-35],[-17,-62],[93,-5],[-17,-257],[-65,4],[-2,-34],[-58,-198],[8,-61],[153,-12],[-13,-233],[-35,2],[-6,-89],[-101,12],[-16,-156],[52,-17],[39,-1],[44,-126],[59,-111],[69,-70],[53,-110],[15,-56],[-20,2],[-58,-176],[-2,-34],[11,-51],[-6,-93],[-69,-92],[-52,5],[-9,-142],[43,-8],[-52,-98],[-3,-50],[120,-9],[-7,-72],[-56,-190],[57,4],[148,-15],[27,379],[145,-21],[-1,-62],[512,-26]],[[92459,51742],[-52,-118],[-1,-50],[14,-33],[-1,-51],[8,-40],[-198,16],[-33,-464]],[[101054,69087],[19,15],[6,34],[41,-50],[-4,-21],[-56,-10],[-6,32]],[[100038,69470],[-13,20],[62,13],[20,-39],[-22,-8],[-47,14]],[[100486,67353],[10,26],[25,-3],[-3,-35],[-68,-14],[4,34],[32,-8]],[[98573,70277],[45,24],[21,-84],[-46,-6],[-44,11],[-16,39],[40,16]],[[98540,70355],[35,-25],[-29,-41],[-27,41],[21,25]],[[94279,73992],[17,-16],[-66,-41],[-138,-119],[-273,-62],[76,-153],[28,88],[75,-10],[9,-60],[31,-47]],[[93624,73367],[-89,-1],[-55,-95],[96,-69]],[[93253,72492],[-28,60],[-44,28],[-29,89],[-28,16],[-13,66],[-3,49],[-16,46],[10,48],[0,61],[-11,39],[-37,34],[-26,45],[40,111],[15,9],[39,72],[44,-5],[19,14],[24,44],[32,25],[50,11],[22,35],[40,26],[28,52]],[[93381,73467],[99,-11],[5,212]],[[93559,73810],[33,4],[17,-18],[31,53],[-37,15]],[[93603,73864],[-11,19],[23,35],[50,5],[8,92]],[[93673,74015],[0,25]],[[93673,74040],[-20,57],[-24,18],[2,-68],[-75,-10],[-87,40],[-52,99],[-115,89],[-31,3],[-18,-40],[22,-17]],[[93275,74211],[-13,-34]],[[93262,74177],[-67,12],[-23,25],[18,72],[-15,64],[-18,-140],[-5,-129]],[[93152,74081],[-36,-22],[-24,23],[-47,23]],[[93045,74105],[137,292],[53,-32],[48,4],[49,29],[97,-60],[48,83],[86,114],[8,121],[-222,67],[1,34],[224,-67],[7,122],[-1,64]],[[93580,74876],[-1,112],[45,17],[74,49],[16,4]],[[93714,75058],[23,-9]],[[93737,75049],[76,-29],[14,66],[-39,160],[40,47],[37,16],[37,-164],[15,15],[-11,68],[33,30],[51,-76],[-8,117],[59,56],[-12,78],[47,25],[20,34],[-47,-9],[-31,10],[-31,-10],[-15,-111],[-19,-61],[-41,-42],[-30,39]],[[93882,75308],[37,49],[-22,60],[-62,81],[-20,10],[-26,-13],[-16,18],[1,67],[11,75],[9,107],[21,116],[32,104],[51,57],[2,53],[19,77],[8,61],[17,12],[1,40],[39,143],[16,87],[34,72],[44,143],[25,4],[-7,43],[41,170],[20,162],[-2,139],[-13,50],[12,6]],[[94154,77301],[514,66],[-37,105],[3,27],[32,50],[4,78],[-12,39],[-5,66],[56,56],[19,51]],[[94728,77839],[716,0]],[[95444,77839],[13,-26],[-7,-41],[34,-70],[29,-23],[19,-40],[4,-76],[-5,-30],[24,-72],[-10,-86],[-24,-71],[11,-58],[13,-26],[-2,-49],[18,-31],[31,1],[24,-55],[24,-12],[48,-94],[-3,-29],[13,-32],[-64,-98],[-19,-71],[-3,-57],[27,-32],[-6,-49],[-3,-104],[19,-51],[16,-20],[0,-81],[15,-37],[4,-92],[-7,-100],[9,-83],[-17,-79],[-5,-49],[9,-97],[32,-22],[9,-31],[22,-14],[30,3],[17,-42],[26,-20],[15,13],[35,-18],[60,-78],[85,-11],[76,21],[86,59],[9,27],[32,-25],[71,-38],[2,-53],[28,-31],[23,-49],[77,31],[31,19],[42,-49],[-34,-29],[-38,28],[-51,-38],[-11,-37],[-29,-56],[-62,-136],[-36,-54],[-55,-115],[-31,-16],[31,-33],[-11,-54],[20,-41],[-23,-57],[17,-28],[-27,-84],[-8,-101],[28,-28],[46,5],[31,-15],[21,5],[114,-12],[46,-30],[31,-46],[75,-29],[13,-40],[-2,-64],[13,-35],[-11,-35],[10,-38],[-5,-61],[49,-52],[15,-48],[47,-15],[17,-22],[47,-10],[40,-24],[31,-36],[45,4],[24,-46],[22,-22],[-72,-95],[0,-40],[34,-7],[-40,-38],[-30,-64],[-6,-60],[-24,-33],[-18,-66]],[[96724,73563],[-15,27],[-53,23],[5,-53],[-32,7],[-27,40],[-17,-8],[2,-49],[34,-51],[4,-45],[-66,8],[-52,-48],[-17,-39],[-29,-7],[-13,52],[9,54],[-9,36],[-18,22],[-3,67],[-15,30],[-38,39],[-11,46],[38,79],[33,40],[-12,40],[2,48],[-33,-8],[-3,39],[-22,47],[-21,7],[0,34],[17,68],[-19,15],[-33,0],[-42,-30],[-23,9],[-34,-24],[-58,24],[-22,-90],[-14,-21],[13,-67],[-21,-4],[-18,-39],[-31,-13],[-8,-47],[-22,-35],[-175,16],[-38,-6],[-11,-28],[24,-51],[-20,-50],[-2,-36],[24,-27],[-12,-20],[-57,-6],[-33,-52],[29,-24],[40,-51],[3,-57],[60,-45],[29,-42],[-25,-66],[19,-49],[-134,-110],[179,-294],[54,-31],[107,10],[37,-17],[28,-35],[44,-9],[26,22],[45,-8],[56,0],[13,14],[106,16],[49,-15],[-22,-269],[34,25],[180,-18],[-9,-40],[-46,-28],[5,-31],[35,18],[66,-29],[23,-34],[1,-45],[19,-10],[-26,-76],[-17,-17],[-9,-76],[-66,-83],[-27,-14],[10,-26],[-21,-27],[-8,-32],[13,-16],[376,81],[-6,57],[22,-1],[29,-32],[33,48],[32,-12],[26,26],[59,-17],[9,21]],[[97210,72078],[2,-67],[-24,-74],[-13,-65],[15,-105],[-52,-97],[-21,-78],[-11,-70],[1,-80],[-9,-100],[-19,-47],[-3,-31],[16,-39],[17,-76],[26,-42],[24,-17],[19,-51],[23,-23],[18,-53],[1,-65],[15,-30],[16,-64],[39,-77],[60,-53],[27,-16],[11,-30],[3,-53],[19,-54],[6,-90],[15,-54],[-8,-138],[25,-103],[39,-87],[29,-150],[15,-44],[46,-102],[69,-104],[48,-47],[65,-53],[72,-27],[73,4],[40,-28],[20,22],[53,-6],[72,18],[87,36],[72,50],[36,42],[31,54],[42,11],[7,25],[36,20],[1,17],[53,85],[14,99],[-1,51],[-11,34],[29,0],[15,18],[34,-35],[24,11],[49,-74],[36,-20],[15,13],[45,-25],[29,1],[54,24],[12,18],[32,1],[49,45],[76,27],[45,53],[58,111],[13,60],[52,-2],[41,-51],[5,-31],[30,-34],[10,-32],[35,-17],[44,-58],[-32,-114],[15,-127],[26,-9],[26,18],[20,-11],[51,26],[5,-52],[-18,-18],[-29,-86],[-15,-59],[6,-28],[-6,-56],[12,-23],[63,-40],[34,-54],[26,-65],[64,-19],[25,10],[74,9],[26,16],[7,-89],[8,-24],[56,-12],[14,-23],[25,6],[22,-20],[93,10],[54,-9],[9,-37],[21,-28],[0,-54],[39,-1],[19,-52],[-7,-33],[5,-68],[39,-48],[55,-16],[24,-51],[31,-20],[8,-25],[65,-12],[25,5],[43,-12],[32,-39],[60,-35],[13,5]],[[100421,68695],[7,-17],[-32,-338],[84,-10],[-17,-176],[-51,5],[4,-87],[27,19],[29,0],[-7,-77],[45,-4],[-21,-54],[-56,-4],[-88,-17],[-38,27],[-12,-287],[-46,-3],[-2,-25],[-55,6],[-5,-60],[16,-35],[52,-7],[-7,-76],[-35,3],[-17,-80],[22,-44],[14,33],[31,-3],[-3,-36],[37,13],[82,-8],[6,83],[52,-5],[-7,-88],[-90,-10],[-3,-36],[114,8],[24,-8],[56,1],[18,-16],[26,23],[49,-68]],[[100624,67237],[12,-54],[25,23],[14,-37],[18,-4],[9,-50],[-14,-86],[37,-68],[41,16],[22,-32],[5,-55],[-11,-58],[9,-45],[-14,-24],[11,-26],[32,-23],[1,-30],[58,-106],[9,-39],[5,-73],[-25,-57],[-9,-40],[14,-56],[39,-24],[-24,-53],[-20,-70],[1,-38],[13,-32]],[[100882,66096],[-33,-23],[-29,-37],[-16,9]],[[100804,66045],[-14,17]],[[100790,66062],[-14,-1],[-50,35],[-10,45],[-58,-72],[-18,37],[-64,-10],[-9,-24],[-71,-2],[-29,22],[-36,-9],[-23,-25],[2,-37],[-39,17],[-91,-51],[10,-34],[-20,-49],[7,-59],[19,-3],[22,-45],[-8,-24],[11,-45],[-4,-43],[-18,-25],[5,-33],[-28,-48],[-29,-6],[-26,-52],[-75,40],[-49,-69],[4,-39],[32,-4],[15,-40],[24,-27]],[[100172,65382],[-20,-9],[-27,-59],[-47,-72],[34,-57],[0,-31],[-66,-53],[-28,3],[-26,-16],[-37,22],[-58,-31],[-12,45],[-20,2],[-33,-51],[-38,-35],[-42,19],[-6,27],[-57,93],[-36,29],[4,25],[-24,50],[-63,5],[-30,22],[-14,-36],[-26,2],[-17,-70],[8,-28],[-8,-41],[-22,-21],[-50,17],[-25,20],[-32,-11],[-30,24],[-59,26],[-19,26],[-35,-10],[-27,-22],[-34,12],[-31,-26],[-6,-30],[28,-45],[-13,-22],[-39,-13],[-102,57],[-27,-26],[-36,-16],[-28,3],[-7,31],[-29,24],[-6,27],[-49,31],[-39,35],[-34,-31],[-9,-36],[-47,-57],[-18,0],[-34,34],[-49,-44],[-16,0],[-35,78],[-11,65],[-34,43],[-63,3],[-33,35],[-3,38],[-27,38],[-21,73],[-31,6],[-9,80],[-63,49],[-33,-4],[-28,-31],[-28,-10],[-57,22],[-20,24],[-77,23],[-40,25],[-34,-44],[-39,-23],[-35,47],[-55,20],[-5,-20],[-37,-49],[-41,11],[-20,-12],[-27,-39],[-96,-17],[-84,22],[-21,44],[-18,-2],[-44,23],[-52,16],[-32,54],[0,39],[-21,8],[-64,1],[-58,-14],[-28,4],[-66,-36],[-55,19],[-75,43],[8,31],[-48,2],[-19,21],[-52,-24],[-45,32],[-72,-13],[-167,-106],[-42,-4],[-13,-16],[-54,-16],[-61,13],[-19,13],[-33,-12],[-115,-8],[-18,7],[-128,-26],[-46,50],[-35,-7],[-37,28],[-63,16],[-65,-1],[-41,-19],[-63,-4],[-78,15],[-93,-2],[-41,15],[-56,-9],[-31,-26],[-41,24]],[[94087,67841],[68,214],[18,274]],[[94173,68329],[15,193],[-55,199],[-165,268],[-87,500],[12,84]],[[94243,73625],[23,81],[40,200],[-5,21],[768,-55],[8,108],[-172,312],[-39,-31],[-52,25],[-59,-34],[-8,-41],[-52,27],[-24,32],[-2,26],[-23,10],[-43,53],[3,20],[-51,8],[-20,13],[-10,47],[1,37],[-22,24],[-33,16],[0,23],[-30,26],[-37,-23],[-12,8],[-62,-16],[-26,15],[-16,-28],[-24,1],[-32,-24],[-23,8],[-12,-24],[-30,0],[-6,26]],[[94161,74516],[158,229],[32,41],[-300,-1]],[[94051,74785],[-73,-1],[4,-382],[-2,-140],[-94,-177],[-61,5],[4,67],[-12,21],[-46,-76],[33,-48],[47,-10],[29,7],[28,-31],[35,57],[24,-14],[30,20],[66,11],[8,12],[53,-14],[37,6]],[[93304,74893],[19,10]],[[93323,74903],[45,15],[139,-44]],[[93507,74874],[-30,-11],[-52,20],[-49,-17],[-32,29],[-40,-2]],[[93574,73864],[-39,25],[51,39]],[[93586,73928],[6,-31],[-18,-33]],[[93673,73623],[-4,85],[-20,-31],[24,-54]],[[96566,73486],[35,20],[-9,29],[-44,53],[-5,-25],[32,-31],[-26,-22],[17,-24]],[[94445,62346],[-44,-522],[287,-378],[208,-11],[33,-42],[-50,-48],[63,-85],[158,-194],[94,-121],[-318,-309],[-15,-17],[6,-61],[49,-40],[-12,-79],[-3,-52],[22,-37],[59,-55],[-4,-64],[-16,-56],[42,-23],[19,-28],[33,-16],[53,1],[37,-24],[14,-26],[52,-14],[21,-56],[8,-75],[27,-21],[63,-13],[39,25],[76,8],[34,-50],[35,-23],[13,-22],[-9,-54],[21,-14],[19,41],[58,-42],[13,13],[35,-21],[-2,-30],[14,-39],[-8,-25],[-41,-23],[0,-28],[20,-21],[-15,-32],[15,-21],[67,-47],[33,-54],[3,-79],[-9,-60],[-20,-37],[-4,-36],[67,-106],[12,-74],[59,-67],[37,-33],[52,-18],[29,4],[34,25],[27,-14],[38,18],[48,-6],[62,5],[83,-36],[25,-34],[8,-44],[23,-24],[-5,-28],[56,-15],[27,-27],[30,-56],[2,-46],[63,-5],[34,-35],[-11,-31],[21,-30],[38,-90],[-10,-29],[9,-43],[43,1],[-3,-32],[35,-23],[4,-24],[81,24],[38,-41],[41,-116],[-22,-18],[1,-30],[-32,-21],[20,-74],[36,-13],[22,-32],[11,-68],[33,-43],[9,-74],[19,-31],[-2,-69],[39,-58],[40,-34],[38,5]],[[97027,57599],[11,-51],[-8,-25],[-40,-36],[-49,-21],[-47,-63],[-64,4],[-39,-29],[0,-48],[-23,-38],[-32,0],[-34,20],[-20,-3],[-18,-37],[-57,-44],[-33,-72],[-5,-42],[-26,-22],[-38,35],[-14,-19],[-460,41],[-889,89],[3,37]],[[95145,57275],[16,172],[-37,3],[26,342],[-430,35],[-3,-32],[-45,4]],[[91628,42065],[-983,0],[-669,0],[-668,0],[-835,0],[-835,0],[-608,0],[-757,-1],[-693,0]],[[85580,42064],[-1,1386],[0,1386],[0,1074],[0,1223]],[[85579,47133],[0,837]],[[91461,48807],[239,-289],[115,-145],[66,-76],[33,21],[224,201],[179,-226],[42,-45],[240,-294],[23,-14],[141,-170],[156,-202],[309,-38],[2,35],[308,-2],[331,-35],[2,33],[324,-20]],[[87400,63821],[46,-21],[38,13],[65,-20],[67,0],[38,-10],[86,-50],[-9,-31],[18,-59],[60,-50],[17,-49],[24,-26],[37,-16]],[[101410,64202],[-136,56],[-28,37],[-50,29],[21,46],[-3,53],[-43,-42],[-90,-19],[-24,12],[4,106],[-9,13],[-24,100],[-60,94],[-39,5],[-25,-21],[-3,-33],[-36,-56],[-86,48],[-30,-5],[-29,46],[-43,47],[-12,36],[15,30],[-44,34],[-33,37],[-6,25],[-35,28],[11,47],[-49,15],[-25,25],[-9,38],[-32,44],[-29,-4],[-19,57],[-4,97],[-25,8],[-30,33],[-43,14],[-15,-12],[-50,21],[13,24],[-15,20],[-69,47]],[[100790,66062],[-16,-66],[-48,-41],[4,-28],[32,9],[37,45],[41,23],[-6,16],[-40,-8],[10,33]],[[100882,66096],[40,-6],[24,-37],[22,-1],[49,-78],[14,-60],[34,-27],[10,-51],[16,-12],[3,-73],[13,-23],[-9,-60],[-16,-26],[1,-34],[-29,-65],[-7,-54],[6,-59],[50,-24],[2,-59],[25,-13],[-11,-81],[-35,-36],[-22,-1],[-20,-46],[-45,-68],[-13,-90],[17,-28],[-17,-48],[-12,-66],[17,-75],[32,-20],[26,8],[18,-16],[37,-2],[3,-83],[42,-74],[20,-17],[48,-115],[44,-46],[43,-55],[34,-103],[33,-18],[49,-12],[17,-15]],[[94449,62350],[36,-18],[45,27],[48,-36],[33,4],[47,-14],[41,-53],[38,-117],[29,-56],[32,-23],[38,-53],[26,-10],[55,-43],[36,-13],[39,21],[51,4],[84,21],[79,-5],[33,-15],[46,32],[39,2],[74,-27],[19,7],[124,-5],[60,39],[32,-3],[32,22],[81,14],[17,20],[39,13],[33,30],[39,1],[39,16],[11,89],[79,3],[9,19],[98,-40],[14,24],[75,-50],[37,13],[94,-3],[13,14],[34,-7],[21,11],[16,38],[-4,38],[37,18],[55,2],[48,-14],[42,-26],[26,21],[37,-7],[2,-43],[26,-29],[38,-6],[44,14],[35,-46],[47,-37],[26,2],[42,-39],[8,-26],[40,4],[7,-28],[36,-6],[31,-26],[23,-48],[48,-5],[9,15],[46,10],[14,18],[3,42],[24,16],[51,-45],[32,-19],[37,21],[5,19],[62,29],[3,-36],[53,-40],[60,-20],[20,34],[25,1],[28,-23],[71,-25],[25,-1],[28,-26],[297,-26],[-12,-179],[357,-473],[348,-34],[29,26],[-4,25],[41,4],[22,-20],[15,-44],[75,-31],[42,-82],[83,-85],[33,103],[31,-18],[35,-43],[208,-22],[45,-37],[30,-54],[35,-40],[61,-54],[23,-36],[53,-48],[24,-38],[38,-97]],[[99613,60623],[-24,-244]],[[98643,57386],[-63,-29],[-34,-55],[-25,-24],[-42,35],[-55,23],[-16,43],[-32,21],[-37,5],[-74,-34],[-98,23],[-87,-107],[-22,-15],[-57,-4],[-43,8],[-64,-27],[-152,-15],[-57,16],[-101,59],[-86,37],[-40,11],[-68,-27]],[[97390,57330],[-74,31],[-58,57],[-28,71],[-31,55],[-52,51],[-62,33],[-58,-29]],[[99090,51155],[3,49],[-216,19],[10,105],[23,35],[7,88],[-309,33],[3,36],[-14,84],[-172,19],[11,181],[-155,17],[-39,18],[-73,1],[-38,9],[12,154],[-230,19],[-10,5],[-306,21],[0,-7],[-314,40],[38,373],[-414,43],[-3,-4],[-188,21],[-61,10],[64,691],[-255,26]],[[96464,53241],[28,299],[13,-2],[9,102],[78,-8],[83,779],[200,-19],[3,35],[24,87],[107,-12],[61,112],[26,281],[-15,16],[-120,11],[15,43],[36,35],[1,35],[28,38],[60,41],[27,9],[53,55],[39,-2],[29,11],[31,31],[40,7],[33,-13],[32,12],[50,-5],[73,70],[35,23],[2,26],[35,11],[-2,24],[22,24],[-153,196],[167,147],[-104,137],[-61,-55],[-177,194],[-60,5],[27,286],[66,-7],[85,1030]],[[116575,43187],[-13,28],[2,35],[29,15],[18,26],[41,2],[9,-32],[-22,-45],[-50,-37],[-14,8]],[[116641,43055],[-17,45],[24,10],[-7,-55]],[[116854,43664],[-5,83],[-13,35],[24,77],[-24,35],[-29,17],[-29,-20],[-33,11],[9,46],[60,74],[53,23],[45,32],[107,94],[72,77],[77,116],[31,54],[25,64],[15,111],[-5,32],[-77,146],[-39,57],[-34,32],[-60,25],[-9,35],[63,73],[37,55],[73,68],[86,48],[29,1],[4,-27],[-10,-140],[-5,-135],[4,-77],[13,-73],[36,-96],[31,-46],[52,-43],[50,-2],[7,-83],[11,-22],[-15,-55],[-53,-116],[-121,-304],[-89,-204],[-68,-168],[-102,-266],[-68,-191],[-22,-70],[-31,-128],[-13,-83],[2,-88],[22,-114],[-24,-82],[-36,-12],[-59,22],[-43,62],[-2,35],[-29,35],[-16,66],[3,39],[-42,116],[5,49],[-21,14],[3,29],[-40,37],[12,25],[2,57],[21,18],[23,52],[33,36],[3,55],[-12,37],[5,46],[36,61],[9,30],[55,63],[36,98],[-6,42]],[[115813,43953],[1,40],[44,16],[53,-14],[42,10],[30,-37],[21,-41],[59,-71],[17,1],[42,-29],[69,-22],[99,-6],[42,8],[21,15],[13,38],[29,-10],[-4,-30],[17,-38],[53,-18],[64,8],[30,-8],[20,-23],[-20,-32],[-1,-56],[27,-85],[-14,-27],[22,-100],[-51,1],[-1,-36],[-57,-31],[-6,-32],[-23,-27],[-13,-64],[32,23],[24,45],[57,38],[35,2],[44,54],[29,-29],[-27,-22],[10,-22],[-42,-20],[-26,-38],[-29,-22],[21,-83],[-16,-29],[-56,-35],[7,-48],[-3,-90],[41,-35],[8,-43],[-6,-32],[17,-28],[-47,-4],[-11,-24],[32,-16],[59,-51],[-19,-39],[13,-31],[40,-14],[-8,-31],[46,6],[40,-35],[-9,-52],[-46,-18],[-5,-25],[72,5],[13,13],[67,-60],[4,-37],[-17,-54],[-43,-32]],[[116739,42340],[-5,-1],[-531,93],[-48,-7],[46,-64],[34,-13],[2,-21],[-39,-62],[-52,-9],[-8,-27],[-33,-30],[-33,6],[-15,-99],[-21,-16],[-71,11],[-20,20],[6,39],[-28,22],[-71,11],[3,22],[-40,9],[-7,41],[-147,17],[-23,28],[-37,18],[-52,8],[4,26],[-23,14],[-51,7],[-25,-9],[-61,9],[-10,-72],[-21,-32],[-205,33],[-130,13],[-20,22],[-28,-12],[-27,24],[-22,-30],[-20,69],[-35,-35],[-23,1],[-29,-29],[-29,1],[-30,19],[16,46],[-37,8],[-9,96],[15,19],[-14,40],[-44,11],[-21,28]],[[114670,42603],[2,56],[-7,26],[-31,9],[17,44],[34,-7],[22,32],[-9,93],[56,53],[12,66],[58,-20],[19,-20],[65,12],[7,27],[-12,29],[40,37],[52,11],[21,21],[-1,51],[32,56],[30,25],[44,15],[51,-5],[25,-15],[38,-2],[-2,44],[10,49],[-24,15],[-3,35],[27,73]],[[113164,47392],[-19,-32],[-39,-7],[-7,-26],[-35,-20],[-20,5],[-60,64],[4,14],[-34,45],[-74,161],[-33,38],[-49,11],[-8,23],[-94,59],[-23,70],[-9,55],[-41,40],[-39,91],[-9,43],[-26,16],[28,26],[40,8],[15,58],[72,-9],[17,17],[44,-42],[-19,-17],[60,-35],[46,-6],[70,-47],[70,3],[56,-22],[3,36],[34,23],[1,-89],[-21,-84],[-2,-73],[6,-41],[19,-19],[6,-50],[33,-48],[35,0],[14,-41],[16,-9],[17,-76],[12,-91],[-28,-32],[2,-39],[-18,-15],[-30,29],[17,35]],[[113353,47164],[-5,79],[-16,16],[-36,-14],[0,41],[-18,23],[-10,49],[20,22],[36,-66],[20,-5],[30,-37],[21,-53],[17,-67],[-25,-39],[-25,14],[-9,37]],[[111771,47224],[50,-21],[40,9],[20,35],[-11,22],[11,29],[51,18],[3,32],[59,14],[33,43],[26,-11],[64,9],[6,42],[40,31],[15,46],[41,13],[-23,54],[40,30],[-15,39],[28,12],[3,30],[-20,48],[23,22],[30,-27],[19,0],[19,94]],[[112323,47837],[46,11],[92,67],[41,-10],[10,-20],[-6,-52],[8,-77],[16,13],[15,119],[107,-40],[7,-51],[33,-82],[91,-54],[16,-20],[25,-6],[26,-24],[26,-64],[-16,-34],[38,-21],[30,-63],[-30,-41],[42,4],[10,-53],[-12,-24],[18,-49],[41,-26],[32,14],[27,-4],[25,17],[39,-39],[40,-8],[20,-48],[82,-10],[14,-68],[16,-44],[42,-69],[28,-8],[22,-29],[58,-40],[42,-47],[17,-93],[-22,-46],[21,-27],[47,47],[1,-55],[47,-10],[-6,47],[-75,70],[-8,52],[36,-11],[26,9],[84,-54],[65,-23],[-79,-43],[40,-16],[15,-29],[-19,-29],[13,-31],[44,4],[19,-52],[18,-5],[-2,63],[-15,35],[8,35],[30,47],[18,-34],[47,5],[61,-19],[18,-44],[26,-30],[52,-1],[-27,43],[3,41],[-16,34],[-75,68],[-44,1],[13,71],[32,12],[38,-8],[60,-28],[33,-40],[55,-32],[22,-25],[-31,-24],[-2,-38],[22,-31],[24,17],[32,116],[45,-21],[-12,-30],[22,-116],[26,-82],[38,-67],[41,-40],[-2,-19],[34,-18],[43,10],[20,-28],[45,51],[7,-45],[23,-59],[23,-3],[32,-57],[22,-17],[21,-114],[29,-76],[33,-130],[47,-142],[75,-155],[32,-32],[-24,-35]],[[113307,45279],[-55,4],[-18,-46],[-53,29],[-53,-19],[-38,22],[-15,34],[-40,9],[-7,26],[47,-8],[-24,99],[12,53],[10,87],[-62,-29],[-42,-8],[-21,-16],[-34,29],[3,59],[31,81],[-45,44],[-84,-23],[-36,69],[-42,20],[-49,45],[4,29],[-23,23],[-41,-12],[-25,6],[-27,-40],[2,-75],[-21,-69]],[[117624,37566],[9,22],[-30,39],[0,82],[27,23],[48,133],[-21,-132],[-17,-133],[-16,-34]],[[117555,37797],[42,7],[2,-52],[-26,-33],[-38,2],[-4,24],[36,31],[1,8],[-13,13]],[[117184,36683],[-17,36],[-10,55],[-22,53],[31,70],[-9,14],[13,91],[28,4],[38,77],[-40,12],[6,35],[26,25],[8,70],[13,35],[-44,7],[-29,71],[34,5],[9,53],[-37,11],[19,65],[-8,53],[-65,12],[12,33],[5,62],[-33,49]],[[117112,37681],[22,36],[-30,45],[27,14],[23,35],[18,96],[35,7],[25,36],[6,57],[68,12],[42,-4]],[[117348,38015],[13,6]],[[117361,38021],[23,-54],[35,10],[18,33],[50,-6],[7,-30],[32,11],[27,-7],[15,5],[24,-38],[4,-25],[13,-16],[49,-18],[0,-34],[-19,-37],[-88,-14],[15,-23],[-20,-18],[-27,-1],[5,-34],[49,-58],[12,-76],[-8,-36],[23,-51],[-3,-54],[8,-56],[29,-15],[11,-31],[4,-69],[15,-97],[25,-95],[20,-17],[37,-83],[17,-3],[26,-45],[32,-37],[32,-15],[47,7]],[[109391,37303],[353,-51],[10,65],[321,-46],[302,94],[278,-44],[8,65],[98,-12],[41,126],[42,-29],[138,68],[19,-28],[33,-5],[-4,134],[64,0],[-6,117],[109,-14],[18,112],[54,-8],[37,-42],[30,15],[-21,28],[55,43],[61,-52],[40,19],[64,-66],[51,52],[15,-15],[112,-16],[36,-26],[24,-38],[36,-12],[26,-35],[23,-59],[4,-106],[58,-21],[6,-36],[53,-37]],[[111979,37443],[43,-15],[24,-19],[1,-54],[32,3],[20,-32],[72,-22],[21,-53],[56,-38],[-14,-56],[23,-26],[32,13],[9,-24],[414,-58],[-13,-71],[-24,-42],[19,-61],[16,11],[77,-12],[-2,-16],[72,-6],[38,17],[62,6],[-6,-36],[73,-3],[141,-21],[30,26],[20,-4],[24,25],[39,-17],[25,3],[76,58],[69,-22],[65,27]],[[113513,36924],[48,-66],[39,-35],[-12,-31],[24,-48],[30,-15],[12,-59],[32,-21],[34,-41],[35,2],[64,22],[33,-8],[53,8],[47,-66],[54,2],[59,-60],[7,-27],[-35,-33],[12,-23],[7,-71],[-23,-41],[-20,-1],[-6,-48],[-34,-36],[-24,3],[-24,-25],[1,-55],[14,-41],[-13,-74],[-80,-82],[7,-40],[-11,-24],[-37,-2],[-22,-53],[-27,-35],[-26,-3],[1,-30],[-30,-26],[-13,-73],[-53,-64],[-26,-43],[-29,-19],[10,-32],[-52,-35],[-6,-30],[-32,-36],[-34,-17],[7,-32],[-35,-52],[-26,-12],[0,-40],[-21,-56],[5,-63],[-14,-65],[-1,-153],[-31,-24],[6,-42],[-31,-20],[20,-44],[52,-19],[28,3],[72,-34],[28,20],[6,40],[-13,26],[6,34],[23,45],[36,-15],[35,5],[27,-16]],[[116739,42340],[38,8],[21,28],[21,-28],[-11,-44],[-18,3],[-23,-54],[36,-55],[-39,-27],[-4,-37],[28,-18],[68,78],[-8,33],[-40,31],[13,16],[53,16],[-2,35],[18,13],[-39,48],[-2,30],[29,62],[25,28],[9,-103],[19,-81],[36,-65],[35,-42],[38,-27],[83,-18],[-76,-184],[-59,-176],[-35,-122]],[[116953,41688],[-255,42],[-4,-66],[-30,-60],[-36,-20],[-36,-1],[0,-25],[-39,5],[-24,-23],[-33,37],[-49,6],[-6,-47],[-40,5],[-6,-54],[-53,-188],[-11,-17],[-9,-63],[-43,13],[-14,-63],[8,-52],[42,-23],[12,-68],[-12,-89]],[[116315,40937],[-66,2],[16,-33],[-42,-39],[-3,-22],[38,-6],[-5,-34],[21,-20],[-33,-40],[-18,1],[-35,30],[-28,-22],[-9,-25],[-61,-62],[-1,-36],[-42,2],[-25,22],[-47,14],[-105,-5]],[[115870,40664],[-27,2],[-17,25],[-88,12],[17,-49],[-131,17],[-35,57],[20,62],[-29,17],[18,43],[-12,47],[9,62],[-84,-33],[-54,4],[-12,24],[-108,-36],[-69,59],[-55,-42],[-12,-34],[-66,-46],[-32,-11],[-45,55],[-35,24]],[[115023,40923],[13,89],[-14,51],[-38,36],[-56,19],[-2,39],[-51,9],[-49,34],[-14,-53],[-129,15],[-6,30],[17,32],[86,-12],[27,28],[20,45],[10,92],[-25,23],[-10,77],[-20,15],[-24,-20],[-41,47],[-32,21],[12,42],[-42,56],[-30,5],[6,48],[-8,48],[-39,10],[-9,29],[31,4],[37,39],[-103,16],[11,72],[15,45],[-18,54],[-54,4],[-153,23],[-16,-33],[-42,6],[-10,35],[16,118],[-104,16],[-24,29]],[[114161,42206],[51,34],[7,63],[-13,23],[-3,83],[-17,61],[-6,64],[28,53],[30,14],[0,26],[43,-4],[5,-53],[84,-52],[20,2],[37,-68],[23,-24],[1,-34],[43,-33],[32,12],[41,40],[23,42],[41,46],[15,30],[0,53],[24,19]],[[103215,59668],[11,12],[-20,70],[23,23],[25,-67],[-8,-28],[9,-37],[-3,-67],[-31,-25],[-3,39],[27,40],[-30,40]],[[103253,59836],[-7,-41],[-25,13],[-1,29],[33,-1]],[[102684,59971],[66,-12],[69,-32],[39,-33],[31,3],[34,-80],[-15,-138],[-38,-80],[4,-41],[-41,-101],[-26,-97],[-23,-131],[-6,-136],[32,-84],[69,-85]],[[102879,58924],[-36,0],[-28,-14],[-12,-43],[-46,5],[-87,44],[-30,31],[-35,-59],[-52,19]],[[101661,60059],[36,34],[11,35],[-11,21],[5,46]],[[100421,68695],[38,-6],[44,-21],[19,14],[63,0],[21,13],[-24,-88],[2,-28],[58,-80],[36,-31],[34,-66],[34,-21],[36,25],[37,-6],[17,25],[23,-18],[-9,-76],[-74,-81],[-47,-59],[-88,-169],[-19,-58],[5,-33],[-10,-40],[8,-70],[19,-32],[24,-83],[23,-28],[81,-6],[40,29],[10,49],[23,-12],[-3,-32],[19,-27],[2,-29],[-46,-19],[-37,-29],[-49,-49],[-14,-31],[30,-44],[-26,-51],[6,-29],[-35,-30],[-48,-66],[-20,-65]],[[116522,38264],[25,-31]],[[116631,38177],[-8,-40],[-27,-34],[14,-20],[-16,-99],[-69,9],[-16,-104],[-54,-24],[-43,4],[-58,-7],[-10,-64],[39,1],[9,-72],[-21,4],[-26,-27]],[[116345,37704],[-3,63],[-36,23],[-51,8],[-6,43],[-104,22],[-7,21],[-37,6],[-39,-7],[-24,28],[-37,-8],[-64,10],[-19,26],[-143,22],[-14,-23],[-7,-82],[-42,7],[-10,-60],[-56,1],[-11,-47],[-23,2],[-16,-102],[-31,10],[-19,-60],[-35,4]],[[115511,37611],[-16,71],[12,22],[-15,36],[32,33],[-41,63],[6,30],[27,19],[18,115],[-48,7],[10,26],[33,13],[24,43],[0,22],[36,10],[30,-26],[23,30],[15,51],[32,57],[34,17],[19,71]],[[115742,38321],[66,-10],[40,3],[12,57],[39,-8],[60,6],[62,-11],[7,42],[39,-15],[40,32],[35,46],[43,1],[7,25]],[[111033,52370],[-12,30],[12,29],[0,52],[34,-27],[53,-15],[26,-42],[-65,-22],[-36,15],[-12,-20]],[[111263,52233],[-26,-22],[5,-50],[-34,-19],[-42,32],[5,45],[34,-10],[35,24],[23,0]],[[110105,52567],[26,-26],[-46,-28],[-15,7],[35,47]],[[109437,51995],[-3,26],[40,3],[-15,-36],[-22,7]],[[104085,52864],[18,-45],[38,-61],[34,-8],[27,10],[119,-31],[31,8],[61,-26],[56,-8],[78,-30],[69,-53],[21,-36],[18,-97],[22,-46],[34,-23],[21,-36],[50,15],[17,20],[44,10],[66,-5],[21,14],[29,-24],[46,2],[35,-45],[35,-1],[37,-21],[58,0],[28,-10],[47,25],[48,8],[50,54],[62,1],[4,22],[86,3],[49,51],[4,39],[19,22],[35,3],[2,46],[21,21],[10,90],[-9,45],[34,55],[56,11],[49,53],[27,61],[43,40],[-22,44],[25,25],[57,78],[47,26],[13,54],[44,25],[-1,41],[-39,35],[9,61],[-27,61],[-22,25],[-17,44],[-32,-4],[2,29],[95,-12],[11,-14],[-16,-38],[75,-36],[-8,-58],[6,-18],[43,20],[14,-37],[22,16],[33,-31],[101,-33],[25,9],[60,-6],[30,23],[56,23],[61,62],[33,3],[35,45],[10,51],[-61,75],[-38,97],[-42,70],[-21,85],[16,15],[11,53],[-15,49],[-18,15],[-8,51],[40,8],[25,-32],[15,-40],[41,-26],[50,17],[24,46],[64,24],[2,-19],[191,160]],[[106834,54148],[22,-55],[-24,-69],[36,-67],[43,-40],[20,-47],[22,6],[37,-53],[9,-59],[44,-68],[-53,-41],[-21,-34],[42,-36],[-16,-110],[69,-88],[78,-26],[29,-49],[15,15],[49,-28],[24,-29],[26,34],[55,26],[19,-30],[29,-13],[85,-99],[28,-82],[77,-11],[25,17],[30,-2],[6,-26],[56,13],[21,15],[44,-2],[28,-26],[7,43],[22,36],[38,-16],[68,-91],[43,-14],[27,20],[17,-16],[227,-30],[14,56],[28,12],[29,-24],[57,16],[17,29],[70,9],[55,25],[27,-24],[18,-37],[45,-25],[13,-92],[23,-39],[-13,-109],[-30,-45],[-22,-13],[-7,-93],[-15,-28],[8,-46],[-12,-95],[-20,-33],[-27,28],[-33,-32],[18,-48],[-43,-47],[3,-59],[-12,-34],[40,-43],[28,-12],[19,-70],[49,19],[13,73],[104,-32],[28,9],[23,-29],[35,-9],[19,-25],[58,17],[54,56],[74,-11],[56,56],[7,43],[54,3],[62,28],[27,24],[-5,19],[19,50],[45,0],[14,30],[-11,29],[115,-16]],[[109355,52477],[-3,-23],[14,-64],[22,-28],[-7,-21],[12,-47],[25,-1],[8,-49],[-37,-2],[-45,-53],[-5,-107],[21,-37],[33,-12],[-5,-30],[33,-20],[-20,-89],[9,-113],[15,-48],[24,-36],[-3,-43],[13,-31],[42,-41],[28,-56],[-15,-57],[1,-51],[17,-53],[37,-87],[22,-15],[11,-66],[17,-15],[-27,-31],[15,-24],[26,-85],[29,-37],[23,-13],[-3,-66],[57,-35],[65,-95],[4,-45],[24,-2],[24,24],[25,-6],[23,-50],[19,30],[37,21],[74,-56],[-27,-14],[-12,-37],[-8,-82],[16,-22]],[[110003,50557],[-118,-109],[-79,-54],[-10,-44],[-44,-50],[17,-97],[-26,6],[-3,-37],[-57,3],[-48,11],[-27,-9],[-54,-45],[-90,-15],[-32,40],[-29,18],[-9,-83],[-13,8],[-31,-35],[-43,-7],[-27,57],[-32,13],[-24,-102],[28,-63],[27,11],[11,-33],[48,-17],[6,-67],[28,-26],[-16,-59],[-28,-15],[16,-134],[-45,-70],[-31,0],[-62,-49]],[[92823,67104],[30,63],[60,179],[28,103],[8,52],[31,47],[19,50],[15,79],[8,87],[-4,24],[36,59],[64,63],[18,28],[8,44],[-20,53],[25,80],[19,15]],[[93168,68130],[1,-30],[47,-68],[25,2],[19,25],[49,-21],[12,-75],[61,4],[58,-6],[13,-15],[64,34],[10,-9],[42,26],[57,-2],[17,15],[73,20],[40,-6],[27,36],[96,33],[22,-8],[68,41],[48,7],[56,52],[58,99],[42,45]],[[112403,49009],[-46,19],[30,51],[25,-52],[-9,-18]],[[112471,48741],[-16,45],[47,23],[11,27],[29,14],[8,-75],[-47,-12],[-32,-22]],[[111394,50895],[-12,36],[39,28],[-8,38],[24,50],[43,-21],[1,-46],[-52,-22],[-25,-22],[-10,-41]],[[110340,51050],[-6,-57],[-27,17],[33,40]],[[110904,51648],[-16,-9],[5,-37],[-24,-14],[-18,63],[53,-3]],[[111499,50916],[-5,45],[38,8],[-4,47],[12,17],[-44,36],[18,36],[21,0],[63,-44],[11,-78],[21,-42],[37,-11],[17,-36],[-13,-24],[-25,7],[0,-45],[-26,11],[-84,-75],[-29,30],[27,50],[-33,46],[-2,22]],[[110231,51193],[21,55],[-4,62],[28,98],[-4,28],[33,33],[22,3],[-7,-62],[24,-62],[6,-43],[22,-33],[-18,-43],[6,-46],[-14,-51],[3,-23],[-19,-44],[-23,-26],[-59,19],[16,41],[-25,49],[-8,45]],[[110547,51346],[-21,-71],[-40,-21],[-19,-35],[-64,-31],[-23,46],[34,42],[42,2],[18,39],[73,29]],[[110003,50557],[41,38],[26,96],[56,-4],[36,-52],[45,-30],[38,-113],[41,-70],[71,-38],[10,-30],[36,-12],[38,-31],[59,-113],[1,-36],[19,-8],[33,-71],[28,4],[1,35],[-42,88],[-17,84],[1,39],[-37,56],[-8,50],[-16,47],[-21,24],[-14,48],[-34,85],[-24,39],[-33,98],[30,-4],[4,50],[-30,18],[16,26],[-14,24],[4,45],[28,28],[4,32],[23,52],[-2,42],[44,89],[47,26],[11,32],[27,17],[41,-10],[20,41],[20,11],[35,-39],[10,-27],[39,-37],[9,-44],[29,-82],[27,-40],[70,-67],[35,-97],[54,-44],[-36,-64],[18,-30],[46,-11],[26,-52],[128,-17],[47,-32],[-3,-23],[44,-13],[15,-28],[55,-28],[26,-30],[72,-44],[6,-35],[38,-7],[46,-57],[53,-8],[41,-39],[22,11],[89,-56],[45,-14],[13,-24],[39,6],[-13,46],[-33,67],[-1,54],[-25,26],[-19,56],[-31,48],[17,28],[-1,41],[-16,51],[1,44],[12,23],[1,50],[55,83],[41,-32],[83,-6],[41,-32],[-16,-88],[41,-76],[-18,-26],[23,-35],[13,114],[-24,31],[12,68],[18,8],[35,-73],[-5,-23],[20,-103],[21,-21],[56,-19],[40,-2],[10,-65],[-28,5],[-29,-53],[0,-45],[-61,20],[-3,31],[-46,2],[1,-34],[-20,-6],[22,-60],[25,-17],[9,-30],[35,6],[26,-12],[11,-57],[-15,-48],[27,-55],[24,14],[-6,48],[9,34],[30,34],[7,40],[-14,58],[44,4],[19,-31],[3,-38],[-19,-56],[-8,-88],[7,-61],[17,-22],[31,11],[9,-66],[53,-27],[-20,-73],[-10,-79],[-10,-2],[-13,-100],[2,-32],[-20,-50],[-22,-161],[1,-70],[20,-26],[-40,-69],[-11,-141],[-1,-83],[-41,-117],[-2,-75],[28,-17],[22,-52],[29,16],[8,-111],[12,-45],[43,-12],[22,-62],[-8,-47],[-37,-32],[-38,-51],[-27,4],[-15,-24],[50,-16],[-3,-73],[18,-72],[37,-88],[49,-69],[52,-57],[-13,-64],[-23,-11],[-73,5],[-28,9],[-23,-12]],[[112161,48006],[-37,-2],[-95,36],[-44,-34],[-51,19],[-66,-48],[-24,25],[47,24],[-10,23],[-43,8],[-33,80],[-30,12],[-22,51],[-48,61],[18,48],[17,17],[-13,36],[6,35],[41,-22],[18,21],[-8,48],[-38,53],[13,15],[-24,32],[4,30],[-56,6],[-4,-28],[-78,-3],[-57,-32],[-38,-49],[-33,-63],[-26,11],[11,29],[-9,38],[-26,40],[-18,93],[-42,24],[-52,-29],[-15,-29],[-36,2],[-31,42],[69,85],[35,19],[20,25],[-31,21],[-9,34],[22,25],[-20,39],[-33,-12],[-70,16],[-75,6],[-43,16],[-55,44],[-72,10],[-17,-7],[-41,-49],[-53,-33],[-41,27],[-18,29],[10,46],[-36,31],[-44,-8],[-59,13],[-10,31],[23,61],[-28,34],[-66,-22],[-18,-70],[-48,-32],[-84,24],[-36,33],[-37,15],[14,42],[-11,36],[13,25],[-48,13],[-19,28],[-45,20],[-27,-14],[-33,17],[-8,-28],[-54,41],[-38,-26],[-50,-53],[-70,-12],[-28,-15],[-24,-37],[0,-46],[-98,-51]],[[96724,73563],[-10,-30],[5,-76],[-14,-49],[-5,-78],[31,-5],[21,-20],[18,28],[29,1],[15,46],[38,11],[54,34],[24,-28],[28,-11],[53,13],[35,37],[52,2],[-23,-44],[4,-21],[-43,-75],[-23,-64],[-1,-69],[24,-7],[-17,-61],[22,-51],[-18,-69],[15,-52],[-14,-41],[-9,-115],[13,-68],[25,-44],[-6,-55],[-1,-153],[12,-42],[-2,-36],[11,-87],[27,-61],[39,-34],[44,-16],[20,-83],[13,-12]],[[115511,37611],[19,-46],[-1,-43],[-13,-39],[23,-65],[-29,-34],[-1,-31],[-26,-5]],[[115483,37348],[-14,20],[-81,11],[-32,-13],[-63,25],[-43,-32],[-53,35]],[[115197,37394],[-76,23],[-24,43],[-31,7],[-26,47],[-10,41],[-39,35],[-10,31],[12,56],[-28,36],[13,62],[-21,18],[-9,38],[-63,15],[-30,19],[-27,63],[-52,31],[-35,4],[4,32],[-49,7],[-38,63],[-17,63],[-25,7],[-33,-13],[-29,42],[13,35],[62,-9],[24,31],[16,53],[7,69],[-31,85],[-63,18],[26,25],[-9,55],[7,15],[50,32],[25,-5],[7,38],[27,-5],[20,78],[20,15],[33,-7],[4,25],[56,-6],[111,-45],[23,-32],[28,-6],[7,34],[26,11],[5,32],[34,3],[-9,46]],[[115073,38749],[43,-9],[32,6],[69,-11],[4,-56],[59,38],[6,-65],[34,-4],[10,72],[121,-7],[58,-31],[-4,-32],[20,-20],[55,-8],[0,-43],[46,-15],[47,-45],[-13,-59],[52,-9],[-14,-94],[54,-2],[-10,-34]],[[117118,38224],[24,-81],[194,-41],[1,-60],[11,-27]],[[117112,37681],[-81,-67],[-41,5],[-19,-16],[-15,-77],[18,-28],[-38,-47],[-38,-18],[-47,7],[3,28],[-34,15],[-4,37],[-32,3],[-5,-47],[-58,20],[-5,-29],[-48,8],[-25,58],[9,25],[-19,57],[20,11],[-13,35],[-31,7],[-63,-31],[-41,3],[-42,-12],[-28,-27],[-58,7],[-5,32],[-31,23],[4,41]],[[99474,45279],[-70,-32],[-50,-728],[-303,-263],[-42,109],[-130,-239],[-37,45],[-265,-229],[-59,-109]],[[95718,47538],[19,128],[-163,27],[41,304],[15,41],[33,346],[114,-10],[-15,31],[22,47],[27,22],[49,-59],[257,227],[-188,244],[16,84],[6,76],[28,118],[6,74],[212,-19],[281,256],[21,216],[24,13],[70,94],[-13,56],[14,18],[204,-12],[5,139],[166,-4],[316,273],[-37,45]],[[108579,55114],[-10,49],[29,57],[-3,40],[20,13],[35,-33],[-39,-27],[-26,-48],[-6,-51]],[[108501,55292],[23,31],[27,5],[6,-34],[-46,-23],[-10,21]],[[108226,54337],[19,34],[19,-39],[-38,5]],[[109862,53200],[-21,33],[42,3],[4,-25],[-25,-11]],[[109737,54324],[4,-31],[-19,-34],[-42,-2],[-38,35],[13,22],[33,-17],[12,15],[-6,37],[43,-25]],[[109343,54149],[-7,34],[17,32],[45,-29],[-12,-33],[-27,-30],[-16,26]],[[109262,54175],[-11,42],[28,11],[23,-16],[-10,-33],[-30,-4]],[[109013,54481],[-5,30],[42,5],[4,-40],[-41,5]],[[109026,54454],[-20,-24],[-35,29],[40,10],[15,-15]],[[108747,54733],[15,56],[23,-28],[-38,-28]],[[106834,54148],[-18,39],[-53,60],[-28,17],[-63,97],[23,32],[18,101],[-7,35],[286,-38],[-4,-32],[125,-17],[199,168],[-19,3],[1,83],[19,16],[49,-9],[21,183],[11,-2],[63,-75],[76,52],[15,19],[-32,55],[-3,35],[21,11],[46,-45],[29,17],[14,61],[55,39],[21,3],[54,-50]],[[107753,55006],[-15,-35],[50,-33],[22,-89],[47,-11],[-3,-41],[-24,-28],[41,-43],[10,-67],[58,-18],[17,-24],[23,5],[-1,-55],[52,-49],[18,10],[38,-12],[-23,-61],[-38,-13],[79,-49],[19,-69],[-6,-44],[86,43],[9,-49],[52,-33],[27,19],[27,-7],[30,22],[7,-32],[25,-22],[36,22],[36,-51],[25,1],[13,27],[23,4],[29,-19],[-12,-57],[-31,16],[-29,-28],[24,-21],[-12,-58],[4,-56],[41,8],[47,35],[51,-3],[55,-64],[40,18],[51,-18],[-3,-33],[26,-49],[34,7],[18,-54],[31,-49],[35,34],[7,-25],[-16,-177],[-40,-17],[-21,-69],[6,-65],[25,-28],[12,-45],[-31,-63],[13,-39],[41,49],[68,44],[6,-40],[28,-37],[44,-19],[0,-76],[32,-84],[-4,-29],[20,-11],[-7,-44],[-27,-29],[-41,23],[0,-46],[27,-15],[75,14],[14,-40],[-44,16],[-39,-15],[-12,-76],[13,-30],[-28,-14],[11,-65],[92,42],[10,28],[32,-37],[14,-33],[23,15],[25,-23],[-11,-67],[61,-29],[60,-15],[20,-55],[47,104],[30,4],[7,-47],[-3,-46],[-18,-2],[-9,-43],[-41,-32],[-28,-68]],[[95145,57275],[-470,48],[-55,-619],[62,-6],[-90,-1118],[93,-8],[-21,-252],[6,-1],[-24,-308],[-36,-5],[1,-70],[-13,-155],[-12,-6],[-48,-111],[111,-13],[-18,-182],[-49,5],[-21,-219],[-40,4],[-21,-264],[-184,18],[-9,-56],[81,-8],[-32,-365],[68,-6],[-11,-158],[-192,3],[-207,43],[-22,-19],[188,-236],[-153,-135],[57,-6],[-23,-252],[-89,-75],[74,-8],[-3,-42]],[[94043,52693],[-12,-368],[-36,-288],[-640,58],[-5,-37],[-329,33],[7,89],[-157,13],[-51,-469],[-361,18]],[[94161,74516],[-33,94],[-18,27],[20,23],[-14,26],[14,21],[-12,39],[-53,17],[-14,22]],[[93737,75049],[51,44],[-27,46],[-11,37],[-5,54],[7,49],[54,70],[19,0],[57,-41]],[[93580,74876],[-73,-2]],[[93323,74903],[29,45],[156,405],[43,61],[32,73],[50,60],[21,17],[45,-3],[-28,-38],[-13,-37],[28,-70],[29,-43],[9,-30],[-5,-70],[20,-115],[40,-58],[-35,-34],[-30,-8]],[[104542,37530],[-30,5],[17,92],[-19,94],[18,134],[8,115],[45,330],[-165,21],[-6,71]],[[104410,38392],[-16,144],[-27,2],[21,162],[-13,2],[7,98],[35,288],[37,177],[11,-2],[20,171],[-138,17],[17,21],[22,173],[18,25],[14,106],[294,-27],[29,222],[3,313],[34,104],[2,130],[12,103],[10,16],[-14,42],[-68,9],[14,110],[30,21],[154,-21],[26,221],[7,-2],[48,365],[61,-10],[12,109],[-48,6],[7,56],[24,77],[-24,24],[0,42],[12,29],[37,23],[37,-12],[69,-4],[21,15],[15,126],[-20,53],[21,32],[-8,67],[-12,18],[23,43],[3,28],[-62,21],[-53,3],[-59,67],[-66,23],[-54,12],[-66,28],[10,29],[-23,65],[1,96],[-17,50],[-21,33],[3,22],[-205,26],[40,362],[220,-27],[41,346],[106,-13],[35,302],[24,-3],[18,51],[-6,26],[-58,50],[-6,76],[378,-50],[27,221],[210,-28],[42,359],[-56,8],[22,172],[85,-17],[40,-26],[14,-24],[76,3],[59,59],[35,71],[87,28],[44,46],[35,23],[15,43],[57,-5],[27,44],[27,16],[7,29]],[[108643,42181],[79,-230],[172,-22],[-13,-53],[17,-95],[-34,-29],[-13,-49],[-30,-33],[-11,-35],[-30,-48],[-2,-100],[-18,-29],[16,-21],[10,-58],[-29,-51],[57,-18],[9,-21],[67,43],[117,11],[20,27],[31,14],[58,-5],[52,-17],[47,11],[34,-10],[22,35],[57,-35],[33,-28],[-2,-30],[46,9],[24,37],[-4,23],[79,-9],[-37,-28],[29,-16],[9,-33],[-15,-32],[125,8],[9,70],[94,-12],[17,22],[43,-5],[11,-14],[110,-12],[34,49],[204,-28],[31,-34],[-20,-149],[-35,-33],[-66,-18],[-2,19],[-44,8],[-10,-69],[-30,5],[-20,-47],[-76,-68],[87,-13],[-28,-26],[-26,-41],[19,-84],[-21,-79],[-9,-58],[-54,8],[-6,-44],[72,-11],[-11,-79],[-53,-58],[10,-138],[-5,-35],[-22,-26],[44,-53],[-182,-80],[32,-27],[-49,-25],[86,-275],[31,-48],[49,-121],[-9,-35],[-54,9],[-44,-12],[-2,-25],[44,-4],[-23,-30],[13,-30],[57,2],[41,-17],[-255,-278],[76,-73],[-85,-88],[-104,-83],[-33,-53],[-9,-34],[-50,-90],[-3,-19],[22,-43],[61,-91],[-6,-44],[11,-19],[-69,-513],[88,-14],[-26,-178]],[[101421,63310],[-58,1],[-30,-10],[-12,-92],[-33,-7],[-21,-28],[-37,7],[-35,-62],[-28,20],[-8,35],[-31,20],[-48,5],[-8,-34],[-23,2],[-1,48],[-33,20],[18,42],[-49,4],[2,27],[-36,3],[-26,-45],[-4,-62],[43,-38],[25,-8],[-13,-140],[22,-29],[-3,-41],[17,-35],[-2,-65],[27,-44],[-33,-17],[0,-25],[-27,-44],[-38,-38],[-62,-30],[-2,-43],[-32,5],[-18,-18],[-46,2],[-15,-52],[-44,-1],[-60,-22],[-20,-27],[8,-33],[-42,-46],[-16,-100],[5,-52],[-83,33],[-60,-56],[-24,9],[-55,-11],[-9,-26],[-114,-38],[-16,-30],[-4,-53],[-57,-36],[-56,22],[-7,-53],[-36,-36],[5,-32],[-16,-27],[14,-45],[-50,-76],[32,-60],[-48,-57],[-10,-47],[-50,-21],[4,-45],[-33,-18],[-12,-31],[11,-37],[-13,-30],[-27,-1],[-15,-47],[0,-105],[-5,-33],[12,-30],[-36,-34],[-8,-26],[44,-118],[-19,-67],[8,-47],[-10,-60],[-19,-57],[-40,-31],[-51,-16],[1,34],[-25,12],[3,41],[-29,2],[-57,-49],[-21,-207]],[[117058,39821],[29,-110],[40,-105],[41,-71],[15,-64],[-22,-31],[-64,-6],[-21,65],[-42,44],[-6,42],[-69,52],[-18,62],[-28,22],[5,45],[16,20]],[[116934,39786],[124,35]],[[116230,38911],[17,43],[-23,18],[-28,-9],[-38,18],[-19,29],[-39,7],[-9,48],[39,57],[3,66],[55,62],[2,31],[21,31],[-23,69],[13,46],[-121,30],[22,18],[-6,36],[23,20],[-12,25],[27,42],[-3,30],[-36,61],[-7,68],[-60,21],[41,41],[-3,23],[26,32],[-32,21],[2,24],[44,-2],[-2,38],[-40,70],[-3,38],[23,13],[2,73]],[[116086,40149],[41,-7],[22,-20],[24,6],[57,-19],[10,46],[16,12],[38,-12],[-4,-29],[26,-9],[4,-33],[43,-2],[15,-38],[59,-34],[20,-31],[24,-4],[-5,-38],[-24,3],[9,-57],[33,-5],[-6,-41],[-24,-13],[-6,-48],[69,-11],[26,17],[148,-49],[21,-25],[37,0],[29,14],[3,30],[51,-8]],[[116842,39744],[25,-26],[60,-100],[39,-30],[19,-37],[-1,-29],[31,0],[37,-31],[-23,-25],[-30,3],[-96,-53],[-35,-50],[-42,-82],[-10,-55],[37,-20],[85,-29],[57,19],[-2,-86],[-16,-66],[-31,14],[-28,-18],[-28,-42]],[[87944,63990],[25,-42],[-33,-6],[-34,-24],[-9,-30],[-37,10],[-8,39],[7,32],[80,37],[9,-16]],[[88916,63194],[-15,57],[36,20],[-2,32],[24,35],[30,9],[-55,-105],[3,-50],[-21,2]],[[88667,63242],[-14,6],[-12,47],[-74,-13],[-43,-61],[-31,50],[-12,60],[36,-3],[79,64],[23,72],[25,-12],[35,34],[10,57],[20,16],[26,-51],[54,-59],[27,-7],[-15,-32],[35,-107],[-30,-17],[-34,0],[-37,-16],[-9,-29],[-48,9],[-11,-8]],[[88142,63467],[23,-13],[10,-38],[-31,-2],[-35,32],[-20,38],[23,11],[30,-28]],[[89168,64729],[-34,11],[-1,45],[18,51],[28,-12],[8,-55],[-19,-40]],[[88065,64330],[-31,-15],[-39,8],[-24,73],[24,34],[-2,25],[98,86],[20,38],[1,51],[49,41],[0,33],[102,63],[16,26],[33,17],[40,-12],[30,8],[33,24],[48,0],[70,18],[74,-7],[39,16],[31,31],[81,37],[46,52],[27,-14],[86,-16],[23,-39],[35,-29],[36,-42],[54,-2],[53,-86],[-5,-53],[25,-56],[-49,-9],[-13,37],[-51,2],[-38,-32],[-23,-3],[-70,-50],[-31,64],[-2,61],[-42,24],[-15,22],[-43,-56],[-6,-22],[-42,10],[-59,-46],[15,-26],[54,-1],[5,-43],[-28,-37],[-16,41],[-45,4],[-8,-27],[8,-46],[-9,-42],[11,-19],[-14,-37],[-38,1],[-7,-21],[15,-30],[0,-39],[-66,-11],[-25,61],[-30,19],[-36,-22],[16,-23],[-30,-38],[-4,-42],[-34,2],[-54,-52],[-24,-46],[-16,14],[-37,-27],[-76,25],[-45,-18],[-17,49],[-44,10],[-9,33],[-1,76]],[[88039,64244],[7,-44],[-7,-24],[-26,-10],[-16,-43],[-48,-2],[17,42],[-16,62],[13,34],[53,50],[36,-22],[-13,-43]],[[88607,64303],[24,15],[21,-29],[-27,-50],[-23,-17],[-31,31],[13,32],[23,18]],[[85575,53520],[0,1071],[-1,994],[0,899],[0,658],[-1,912],[0,822],[0,795],[-1,1043]],[[104410,38392],[-31,-17],[-297,50],[-27,-8],[-234,44],[-285,40],[21,192],[20,-4],[20,178],[-176,20],[13,32],[29,292],[-22,11],[-294,33],[18,167],[-500,54],[17,169],[-467,37],[-410,47],[-24,-204],[-204,26],[-154,15],[-5,-46],[-41,5],[-4,-33],[-90,15],[-197,20],[-27,1],[-401,48],[9,79],[-13,1]],[[100654,39656],[12,291],[31,318],[98,-9],[19,126],[-17,43],[-29,11],[-30,44],[-18,59],[66,48],[47,14],[40,346],[-101,12],[42,371],[-98,5],[35,353],[115,-14],[39,339],[81,-12],[20,152],[-29,4],[46,395],[-16,1],[26,198],[48,446],[8,44]],[[93381,73467],[25,53]],[[93045,74105],[45,143],[74,175],[51,146],[52,177],[10,73],[27,74]],[[93673,74040],[-30,18],[-13,-16],[-45,-13],[-41,7],[-19,-20],[-36,48],[-59,20],[-17,17],[-12,57],[-41,13],[-19,19],[-66,21]],[[93262,74177],[4,-27],[-23,-38],[-67,-6],[-24,-25]],[[116953,41688],[-35,-138],[-30,-165],[-8,-101],[3,-39],[18,-66],[19,-32],[26,-12],[31,23],[18,-8],[-4,-43],[-25,-126],[-15,-113]],[[116951,40868],[-31,7],[-1,69],[-66,57],[-85,6],[-3,12],[-82,7],[-3,-19],[-42,-11],[-48,4],[-9,-15],[-52,-13],[-13,-29],[-120,-61],[-31,9],[-50,46]],[[114161,42206],[-34,-3],[-43,15],[-50,35],[-71,13],[9,37],[-24,36],[-46,49],[-27,17],[-54,-27],[-22,15],[-51,0],[-36,13],[-41,-7],[-19,-127],[-28,28],[-27,-9],[49,-56],[-6,-61],[-30,-35],[-14,-58],[-26,-32],[-180,-15],[-56,9],[-31,-14],[-33,-33],[5,-43],[-58,-71],[-23,11],[-303,44],[-66,18],[-4,-47],[13,-68],[-74,-14]],[[112760,41826],[-24,27],[-23,-12],[-33,7],[-50,25],[-12,16],[-15,65],[-40,84],[-45,-14],[-26,9],[-35,-8],[-26,20],[-30,-8],[-4,-26],[-113,-89],[-124,18],[-19,49],[10,14],[-46,98],[-70,3],[-32,-11],[-26,26],[-61,10],[-8,65],[34,68],[-10,74],[27,26],[11,39],[-58,84],[-27,16],[-1,31],[-27,35],[33,30],[9,97],[-31,16],[-6,50],[35,50],[-19,58],[-131,17],[-12,22],[-31,13],[-96,-17],[-60,40],[-24,53],[-79,18],[-19,-18]],[[95001,78210],[0,42],[62,152],[-70,54],[53,46]],[[95046,78504],[8,-19],[68,-15],[6,-19],[32,-17],[-26,-22],[-35,-69],[-28,-19],[-18,-63],[-52,-51]],[[94154,77301],[29,51],[12,67],[5,87],[21,39],[-21,55],[12,12],[-17,71],[0,59],[-39,138],[7,45]],[[94163,77925],[78,-98],[130,133],[-22,4],[-5,56]],[[94344,78020],[35,7],[33,24],[23,-14],[22,8],[28,-14],[52,39],[32,2],[21,25],[39,21],[24,57],[2,28],[50,42],[16,62],[17,20],[12,37],[4,38],[27,57],[-6,27]],[[94775,78486],[91,-11],[73,7],[29,-23],[-20,-67],[-40,-31],[-37,1],[-18,-23],[41,-41],[-111,-258],[2,-95],[47,-44],[-60,6],[-8,-59],[-36,-9]],[[103279,59513],[22,22],[-10,-98],[-30,36],[18,40]],[[103411,59313],[-25,8],[22,88],[22,31],[-17,33],[5,32],[28,0],[2,-31],[41,-16],[36,-54],[1,-31],[25,-25],[39,10],[37,22],[13,-46],[-58,-35],[-40,-9],[-24,32],[-45,9],[-47,-1],[-15,-17]],[[103355,59525],[-18,38],[26,4],[21,-34],[-29,-8]],[[98719,38117],[15,132],[196,-24],[19,165],[157,-17],[24,210],[557,-71],[234,-28],[17,154],[13,71],[161,-19],[17,169],[35,154],[303,-37],[39,346],[-35,4],[37,347],[146,-17]],[[93168,68130],[18,33],[17,104],[-24,83],[-56,76],[-81,209],[-11,101],[-37,178],[-8,125],[-19,97],[-1,130],[-17,69],[-12,72],[-29,111],[12,90],[40,166],[28,91],[40,96],[31,103],[9,59],[-18,173]],[[117491,38096],[13,-56],[-25,7],[12,49]],[[117493,38266],[9,-60],[33,-8],[-29,-35],[-33,24],[5,48],[15,31]],[[117667,38734],[33,11],[57,-65],[92,-24],[33,1],[-3,-28],[-31,-58],[-52,-146],[-44,-139],[-21,-83],[-25,-131],[-11,-84],[1,-55],[-60,-28],[-38,15],[-3,29],[-26,36],[19,34],[-11,26],[5,46],[47,49],[-30,74],[13,28],[-9,147],[7,62],[-29,36],[22,49],[29,14],[36,140],[-1,44]],[[117162,38541],[21,-19],[72,3],[41,-18],[0,-67],[51,2],[-2,-46],[-15,-14],[25,-43],[38,-15],[9,-48],[-21,-24],[21,-104],[-9,-42],[26,-43],[-10,-13],[15,-49],[-44,-16],[-19,36]],[[117543,37983],[-31,27],[28,52],[-26,9],[-3,44],[13,16],[62,3],[-26,-30],[19,-93],[-26,-31],[-10,3]],[[96464,53241],[-101,6],[-391,-348],[-97,-94],[-23,29],[-167,-151],[-97,124],[-252,-226],[51,-65],[-140,-125],[11,136],[-334,30],[-9,-110],[-330,18],[5,70],[-222,26],[8,108],[-147,19],[-186,5]],[[110013,48069],[-6,48],[-45,40],[6,18]],[[112161,48006],[38,-28],[78,-45],[69,-14],[1,-47],[-24,-35]],[[115688,36682],[10,26],[-21,31],[-49,7],[30,51],[-5,24],[-31,-1],[-29,42],[10,33],[-23,18],[-20,65],[-30,37],[-7,34],[21,26],[-4,45],[-55,25],[11,24],[-42,88],[6,52],[23,39]],[[115073,38749],[14,21],[-15,28],[21,105],[-19,26],[24,30],[-19,56],[-22,11],[-28,-38],[-39,41],[22,31],[39,11],[108,71],[6,44],[-32,5],[-11,-18],[-73,9],[-44,-3],[5,42],[50,30],[6,17],[-113,66],[21,42],[41,40],[57,83],[48,7],[27,20],[-68,11],[10,68],[45,14],[-48,33],[-31,73],[-107,38],[-7,41],[31,47],[-10,59]],[[114962,39910],[7,29],[27,34],[62,6],[-1,48],[13,65],[-34,5],[6,100],[-44,26],[0,37],[17,27],[-41,9],[-23,-7],[-10,43],[-33,40],[-58,23],[-18,27],[-5,41],[17,25],[35,9],[67,36],[-5,28],[16,31],[-12,33],[25,12],[-23,49],[10,20],[-20,83],[-1,60],[22,27],[-1,36],[29,-6],[37,17]],[[115870,40664],[26,-72],[-9,-75],[-65,-84],[12,-21],[-14,-42],[29,0],[35,-31],[3,-48],[40,-42],[62,-15],[25,-23],[20,13],[27,-11],[4,-40],[21,-24]],[[114962,39910],[-63,-7],[-12,-19],[-65,-39],[-42,19],[5,21],[30,28],[-10,52],[27,38],[-70,15],[42,49],[3,133],[-51,10],[-15,-20],[-34,8],[-16,24],[-23,-33],[-36,-8],[-12,-47],[-84,11],[-23,-48],[-34,-24],[-16,-35],[-3,-49],[-21,-30],[-90,-43],[-1,-13],[-61,-71],[-43,5],[-16,-19],[-55,-21],[-55,8],[-18,-9],[-49,22],[-22,29],[-48,38],[-39,-6]],[[113942,39879],[-36,34],[-21,-4],[-44,36],[-45,13],[-19,64],[-11,3],[-48,77],[-18,3],[-25,42],[2,81],[-54,9],[-24,21],[-37,-18],[-50,12],[-41,26],[-8,114],[-52,33],[32,24],[1,42],[-61,64],[-55,30],[-4,21],[-34,16],[-23,38],[-18,-13],[-26,49],[-29,31],[0,30],[-62,-8],[-41,61],[-17,-10],[-36,31],[-17,31],[7,53],[-272,38],[79,199],[43,277],[-145,21],[-102,-4],[-7,153],[20,-7],[105,53],[6,26],[49,4],[-2,24],[35,22],[21,-25],[50,-20],[25,24],[-11,32],[6,37],[-20,36],[-32,1],[-17,-22],[-59,9],[-40,33]],[[113513,36924],[-4,38],[15,46],[28,23],[26,47],[48,-5],[24,176],[61,-8],[15,107],[312,-43],[70,-5],[44,-11],[34,-23],[26,-35],[32,55],[31,7],[227,-37],[-20,50],[25,4],[6,40],[107,-16],[5,30],[46,-7],[-7,26],[60,-9],[3,21],[102,-16],[34,17],[33,34],[68,-11],[21,18],[20,-38],[29,-5],[64,28],[32,-19],[67,-9]],[[116951,40868],[-6,-80],[21,-35],[-10,-72],[0,-56],[9,-39],[-2,-53],[16,-76],[58,-40],[-5,-99],[5,-106],[30,-69],[-34,-17],[-21,7],[-6,-48],[-26,-70],[7,-28],[-8,-45],[-56,-22],[-41,-77],[-40,-43],[48,-69],[-48,13]],[[116934,39786],[-9,57],[-16,19],[5,32],[95,61],[26,-40],[23,-94]],[[111979,37443],[47,337],[14,-4],[17,123],[-1,78],[35,265],[29,45],[25,9],[21,55],[26,31],[41,72],[20,7],[69,-92],[124,29],[-1,-90],[96,-24],[77,16],[64,-10],[14,-11],[60,29],[-10,19],[26,68],[-15,18],[12,82],[-12,29],[-2,72],[24,178],[52,-2],[110,-15],[66,-1],[-9,-36],[240,-35],[8,197],[11,-1],[41,295],[235,-169],[6,88],[14,93],[-21,4],[16,132],[26,16],[-11,67],[37,-5],[29,-21],[60,-9],[43,25],[46,-23],[16,59],[10,105],[33,-5],[8,66],[46,1],[10,65],[76,31],[-4,25],[25,50],[-11,47],[-47,45],[2,16]],[[94535,78995],[23,-21],[1,-36],[-41,-11],[-34,36],[37,12],[14,20]],[[95630,80135],[-19,14],[14,28],[31,2],[41,-56],[-34,-22],[-33,34]],[[95763,80559],[9,26],[28,10],[27,-8],[29,-27],[-66,-22],[-27,21]],[[95243,80782],[-6,-20],[-43,-4],[6,41],[43,-17]],[[94556,81261],[-9,-24],[-96,21],[-20,27],[24,12],[43,-6],[58,-30]],[[94163,77925],[29,50],[69,48],[60,17],[23,-20]],[[94155,79355],[17,17],[17,-46],[-13,-32],[-26,43],[5,18]],[[95286,81716],[13,25],[26,11],[55,-13],[-34,-33],[-60,10]],[[94488,78493],[-9,19],[21,30],[24,-11],[4,-38],[-31,-23],[-9,23]],[[94694,78438],[12,26],[12,65],[21,-30],[-16,-32],[-29,-29]],[[94775,78486],[30,46],[16,-22],[27,-7],[46,4],[59,22],[41,39],[52,-64]],[[95001,78210],[-30,-12],[-11,-29],[-1,-54],[11,-23],[-4,-40],[-38,-71],[5,-37],[90,111],[0,26],[28,37],[38,29],[29,3],[57,-57],[5,-69],[-20,-31],[16,-23],[44,16],[62,-18],[26,-65],[41,-10],[37,30],[20,-44],[38,-40]],[[95351,77972],[11,-34],[-29,-4],[-2,37],[-35,24],[-17,-7],[-32,30],[8,25],[73,-17],[27,-36],[-4,-18]],[[94328,78825],[25,38],[26,-12],[-25,-28],[-26,2]],[[94222,82025],[13,47],[32,-3],[3,-34],[-48,-10]],[[94302,78804],[17,-2],[15,-56],[27,-22],[21,-36],[22,-11],[9,-47],[48,-71],[-10,-45],[-46,-9],[-33,-48],[-15,39],[-33,-8],[-46,-64],[3,-30],[-18,-12],[-54,14],[-27,67],[-22,5],[-31,40],[12,17],[-17,41],[7,46],[-8,28],[31,43],[35,8],[22,44],[31,-2],[60,71]],[[94405,78806],[12,25],[47,20],[18,-7],[51,13],[2,-21],[26,-30],[11,-47],[-35,-42],[-28,-17],[-63,-11],[-23,20],[-38,65],[20,32]],[[95217,78722],[5,14],[57,-16],[-9,-31],[-53,33]],[[94263,78809],[-18,-33],[-28,2],[-15,26],[53,17],[8,-12]],[[97584,81233],[18,-3],[-18,-49],[-30,-4],[-4,46],[34,10]],[[95327,81708],[37,-12],[23,17],[51,18],[113,-13],[7,-23],[-23,-24],[-22,3],[-52,-23],[-15,-36],[-82,-31],[-31,9],[-73,-9],[-69,18],[-55,32],[6,52],[38,14],[53,35],[30,-3],[25,-22],[39,-2]],[[94171,81964],[16,27],[69,21],[40,29],[59,18],[43,-70],[50,19],[53,-20],[1,-29],[-16,-30],[-26,-14],[-56,-2],[-79,10],[-32,-1],[-65,13],[-57,29]],[[94343,78975],[17,-3],[-8,-86],[-48,-36],[-35,33],[25,42],[21,-7],[12,44],[16,13]],[[94258,80294],[-20,46],[41,18],[30,-9],[-51,-55]],[[98182,80431],[-9,-23],[-36,-9],[-1,29],[27,15],[19,-12]],[[94548,79703],[-28,-44],[-57,-54],[-23,35],[-45,22],[-57,15],[-34,37],[-24,53],[23,19],[19,38],[12,65],[17,25],[35,17],[52,-2],[8,16],[48,-29],[28,-2],[20,-24],[28,9],[12,-21],[2,-44],[27,-27],[-32,-60],[-31,-44]],[[94142,79865],[-22,1],[-44,45],[-5,39],[22,41],[50,59],[129,29],[6,-55],[17,-59],[-11,-62],[-1,-44],[-36,-20],[-5,-30],[-54,-13],[-21,20],[-25,49]],[[102879,58924],[26,-66],[37,-9],[19,-17],[17,-49],[18,-24],[34,-2],[18,-21],[75,-124],[32,-37],[27,1],[58,-54],[42,-7],[49,-39],[29,-48],[38,-22],[45,-3],[70,-56],[48,-13],[22,-19],[55,-23],[35,0],[36,28],[58,2],[48,-19],[8,-71],[24,-48],[35,-1],[19,-25],[65,-14],[-24,-31],[26,-11],[51,-57],[34,-20],[72,9],[40,15],[22,-7],[50,35],[58,102],[5,35],[33,41],[34,5],[11,-72],[32,-46],[2,-48],[-31,5],[-10,-42],[57,-125],[36,-47],[57,-56],[-8,-23],[19,-33]],[[104003,58480],[31,-4],[-12,-71],[-48,-33],[-30,-51],[-27,26],[-40,22],[-24,54],[-28,22],[26,32],[30,-6],[44,11],[11,22],[30,-30],[37,6]],[[93603,73864],[-29,0]],[[93586,73928],[19,4],[60,57],[8,26]],[[108199,56225],[-3,44],[33,-21],[-30,-23]],[[108343,55771],[4,128],[11,22],[-9,70],[33,1],[3,-40],[22,-25],[-16,-48],[37,7],[4,-62],[14,-65],[23,11],[31,-33],[25,-47],[28,-22],[-9,-19],[-46,-12],[-22,-29],[-25,30],[-31,13],[-36,-63],[-20,-4],[-20,53],[-36,4],[-21,30],[10,53],[24,5],[22,42]],[[108333,56169],[3,-21],[-25,-44],[13,-38],[4,-63],[-85,-28],[21,66],[-31,-5],[-8,-48],[-30,-5],[14,78],[1,42],[31,3],[16,52],[-20,21],[26,35],[24,-40],[34,42],[38,-11],[-26,-36]],[[108130,55547],[45,-75],[6,-43],[-41,13],[-2,35],[-18,48],[10,22]],[[108636,55722],[-10,-43],[-25,-31],[-15,21],[17,64],[33,-11]],[[108122,55723],[-33,-34],[-11,33],[10,36],[34,-35]],[[108250,55718],[15,49],[18,-10],[-12,-38],[-21,-1]],[[105663,56819],[7,-32],[20,-15],[61,-3],[6,-22],[42,-1],[38,19],[36,-8],[17,25],[-2,38],[-18,62],[-38,37],[5,30],[28,71],[-9,46],[43,-8],[63,6],[34,-3],[28,-42],[18,-1],[14,-42],[-6,-29],[1,-67],[12,-79],[18,-77],[43,-63],[26,-13],[42,-61],[42,-24],[25,6],[30,-16],[76,-5],[34,28],[18,45],[43,19],[34,-10],[35,20],[35,-103],[33,-39],[39,-8],[68,-31],[40,22],[61,-10],[22,-18],[32,-57],[37,-2],[23,-18],[-19,-63],[-49,-16],[-13,-30],[19,-39],[31,-7],[19,-25],[44,-22],[-19,-22],[7,-31],[54,-27],[36,-60],[39,-11],[5,-30],[57,-9],[41,-16],[22,7],[61,-14],[40,52],[25,2],[16,43],[-25,36],[-26,1],[-6,88],[24,34],[46,-13],[43,-57],[72,-12],[23,41],[31,24],[22,-38],[-28,-28],[10,-55],[20,-37],[26,-4],[-20,-86],[26,-27],[0,-38],[44,-9],[-5,-23],[28,-22],[39,14],[-10,56],[16,42],[19,-2],[0,-94],[32,-15],[14,-32],[23,5],[13,-24],[-12,-44],[-4,-57],[53,24],[13,24],[38,-9],[19,22],[33,-10],[0,63],[23,5],[20,-21],[9,-75],[28,-26],[-11,-20],[-31,16],[-3,-32],[38,-25],[9,-26],[51,0],[19,-39],[31,-34],[-17,-35],[-3,-43],[18,-17],[-9,-54],[7,-40],[17,-1],[26,-44],[25,-17],[26,-73],[21,-28],[25,-8],[48,-55],[-73,-40],[-19,46],[-58,-11],[-25,59],[-43,5],[7,63],[-21,37],[23,44],[-31,2],[0,46],[-79,-26],[18,-48],[-4,-30],[-40,-31],[-22,10],[-33,-21],[-32,22],[-14,28],[-30,16],[-6,-34],[34,-36],[3,-27],[-29,-78],[-66,-104]],[[107357,56364],[-9,-44],[3,-63],[-38,-12],[-27,17],[5,22],[-19,34],[14,34],[-10,28],[4,39],[34,10],[20,-51],[23,-14]],[[101901,63812],[21,-28],[-2,-30],[43,-9],[53,46],[40,54],[53,-58],[6,-37],[-25,-3],[-31,-52],[13,-31],[-72,-96],[-9,-36],[9,-26],[-21,-54],[3,-81],[50,-54],[27,-73],[42,-32],[7,-64],[24,-31]],[[86803,20830],[20,1]],[[86823,20831],[32,-26]],[[86855,20805],[22,-43]],[[86877,20762],[-16,-31]],[[86861,20731],[-68,-4]],[[86793,20727],[-12,79]],[[86781,20806],[22,24]],[[87203,21145],[62,-20],[9,29],[-5,59],[29,29],[45,110]],[[87343,21352],[25,-51],[53,4],[39,-11],[28,-50],[3,-48],[61,-65],[87,8],[-4,-28],[47,-54],[64,-27]],[[87746,21030],[-34,-19],[-48,-66],[15,-33],[-59,-43],[-12,-29]],[[87608,20840],[-31,-93],[6,-42],[-23,-68],[-61,-12],[-50,-22],[-16,-32],[-31,-6],[-34,-45],[-20,-6],[-22,38],[-39,-9],[-25,39],[-29,-10],[-41,-77],[-40,-35],[1,-25],[-36,-19],[-37,-35],[-23,-77],[-32,-2]],[[87025,20302],[-20,7],[-6,78],[7,13],[-1,89],[-19,29]],[[86986,20518],[11,54],[-12,78]],[[86985,20650],[-6,56],[53,71],[-27,20]],[[87005,20797],[12,45],[36,0],[-2,29],[32,54]],[[87083,20925],[29,1],[41,90],[-11,34],[22,30],[-5,23],[44,42]],[[86061,22153],[111,0],[42,-4],[206,3],[432,0],[40,-105]],[[86892,22047],[-18,-11],[-43,8],[-27,-29],[-28,1],[-24,-29],[17,-49],[-8,-34],[129,-62],[1,-367]],[[86891,21475],[-63,-9],[-25,-13],[-39,7],[-82,-15],[-19,10],[-59,-25],[-7,-26],[-76,-42],[-34,8]],[[86487,21370],[-12,20],[33,26],[-40,76],[-18,-1],[-21,49],[-90,56],[-25,36],[-23,71],[-24,36],[-43,22],[-36,37],[-44,28],[-22,48],[-1,52],[-40,129],[-31,47],[11,51]],[[87028,20087],[39,-38],[53,-28],[71,-12],[65,108],[48,-18],[20,25],[38,-3],[3,28],[40,2],[31,71],[52,40],[13,-16],[38,18],[28,56],[65,-38],[65,-9],[20,-14]],[[87717,20259],[81,-65],[0,-117],[40,-4],[45,-38],[106,-50],[-29,-521]],[[87960,19464],[-203,-69],[-28,-30],[-55,1],[-54,-13],[-31,-25],[-6,-39],[-42,-25],[-52,-13],[-38,15],[-45,-9]],[[87406,19257],[-125,53],[-66,23],[-83,22],[-75,10],[-33,-20],[-20,-39],[-66,-1]],[[86938,19305],[-4,77],[9,36],[-11,67],[-16,16],[-2,41],[-15,15],[-9,84],[-38,19],[-56,0]],[[86796,19660],[13,48],[-8,32],[-23,11],[-73,-24],[-32,15],[0,34],[-19,44]],[[86654,19820],[54,18],[83,57],[37,52],[32,28],[41,64],[13,48],[24,14],[90,-14]],[[76215,39330],[-102,170],[-148,182],[-9,202],[-19,83],[-34,80],[-18,83],[70,217],[144,-3],[134,3],[182,-3],[324,0],[-146,-732],[-69,-53],[-12,-49],[6,-125],[9,-42],[-312,-1],[0,-12]],[[66883,42060],[1129,0],[1164,0],[880,0],[1046,0],[1055,0],[1049,0],[949,0],[1269,0]],[[75424,42060],[-7,-842],[-40,-17],[-73,-293],[3,-132],[-18,-225],[109,-205],[553,1],[-70,-218],[21,-91],[31,-72],[19,-82],[8,-203],[3,-7],[147,-176],[105,-177],[0,-302],[-96,0],[-2,-685],[478,1],[-1,-671],[-655,-1],[-3,-651],[-758,-6]],[[75178,37006],[-2061,-6],[-2080,8],[-4154,2]],[[66883,37010],[0,3270]],[[66883,40280],[0,890],[0,890]],[[87343,21352],[-12,15],[-107,28],[16,53],[-42,11],[-26,41]],[[87172,21500],[40,26],[-18,25],[-42,21]],[[87152,21572],[-7,17],[44,49],[70,0],[53,-8],[-1,22],[73,1],[14,-48],[58,5],[46,-27],[9,45],[39,49],[-22,13],[86,115],[-17,10],[17,47],[-10,40],[60,-21],[115,81],[91,31]],[[87870,21993],[23,-43],[86,-86],[16,-27],[-5,-57],[-27,-24],[-23,5],[-18,-42],[-25,-15],[-8,-54],[-20,-23],[-9,-37],[13,-42],[1,-54],[124,-1],[-10,-63],[24,-103],[-24,-36],[-15,-149],[-26,13],[-107,9],[-13,-42],[-73,-74],[-8,-18]],[[85419,24243],[305,-5],[-1,-106],[36,-8],[-1,-258]],[[85758,23866],[-1,-870],[125,0],[0,-243],[-54,-5]],[[85828,22748],[-59,5],[-25,19],[-56,-26],[-21,-35],[-32,-8],[-28,50],[-195,0]],[[85412,22753],[0,189],[-5,54],[-91,1],[0,266],[-309,-1],[-18,198],[-28,20]],[[84961,23480],[52,47],[21,73],[39,56],[44,46],[50,29],[38,60],[33,37],[26,7],[38,42],[28,60],[28,21],[57,1],[9,-24],[-47,-75],[43,19],[28,97],[-2,57],[30,-8],[2,-29],[30,-6],[24,59],[-76,4],[6,91],[-19,22],[-6,45],[-18,32]],[[90408,22590],[12,59],[55,1],[40,40],[67,-34],[139,3],[0,-129],[39,-17],[27,-53],[40,-45],[-49,-14],[-14,-20],[74,-12],[18,68],[-9,49],[232,0]],[[91079,22486],[5,-67],[40,6],[-11,-40],[-35,-13],[-24,20],[-21,-36],[14,-79],[-70,3],[-21,-55],[28,-21]],[[90984,22204],[-51,-11],[-14,-91],[54,6],[-1,-64],[-56,-11],[2,-39],[48,-16],[-20,-40],[-39,-32],[-78,-19],[-56,37],[-5,72],[-13,35]],[[90755,22031],[55,-4],[7,39],[-24,56],[61,15],[-19,39],[-46,39],[-1,36],[-31,15],[-57,6],[-29,-70],[-43,-27],[-88,4]],[[90540,22179],[-15,25],[10,39],[-34,57],[10,39],[28,39],[-10,37],[-37,46],[-13,68],[-37,11],[19,38],[-53,12]],[[86877,20762],[38,2],[34,31]],[[86949,20795],[56,2]],[[86985,20650],[-14,18],[-34,-14],[-17,23]],[[86920,20677],[-20,28],[-39,26]],[[86949,20795],[-2,60],[-19,14]],[[86928,20869],[1,20],[41,16]],[[86970,20905],[46,4],[40,22],[27,-6]],[[75635,27303],[-2,1034],[56,-43],[96,-32],[357,-68],[318,1],[0,-78],[134,0],[0,-27],[108,0],[258,14],[0,-73],[77,0],[342,-204],[49,-31],[28,38],[63,-31],[0,257],[353,1],[1,-523],[462,0],[0,-346]],[[78335,27192],[0,-347],[-816,0],[0,-182]],[[77519,26663],[-132,-17],[-41,3],[-59,-34],[-35,-37],[0,-38],[-96,29],[-47,-4],[-56,-68],[-5,-43],[-35,21],[-44,-3],[3,34],[-21,38],[32,48],[-24,53],[35,97],[-2,51],[42,-7],[14,-64],[42,3],[51,21],[28,48],[-14,43],[-26,2],[-3,43],[-16,13],[-44,91],[-46,29],[-22,61],[-20,5],[-35,53],[-29,6],[-16,47],[-27,3],[-23,-47],[-44,-11],[-43,52],[14,26],[-11,44],[-87,26],[-57,-10],[-10,15],[21,90],[-38,30],[-56,-23],[-10,18],[50,15],[11,21],[-1,54],[-42,20],[-111,33],[-34,-26],[-16,-45],[22,-63],[-65,-68],[-32,5],[-34,37],[-38,-7],[-19,21],[-4,41],[-25,31],[-8,34],[-33,-3],[-36,-57],[-49,-3],[-51,-32],[12,-66],[82,-4],[68,-15],[13,-36],[-66,32],[-45,-14],[-26,-24],[-64,5],[-93,30],[-109,-4],[-21,-32],[-36,-27],[-53,35],[-39,15]],[[86781,20806],[-147,-31],[-7,-69]],[[86627,20706],[-52,201],[-5,40]],[[86570,20947],[55,-6],[31,-33],[25,36],[37,2],[3,-52],[39,-34],[34,-6]],[[86794,20854],[9,-24]],[[86713,23788],[318,1]],[[87031,23789],[15,-61],[24,-64],[36,-143],[-10,-119],[-15,-39],[367,-41],[37,-64],[-12,-54],[20,-147],[65,5],[15,-7],[14,-91],[-13,-165],[9,-99],[-4,-14],[12,-94],[-11,-35],[29,-20],[-8,-24]],[[87601,22513],[-130,-10],[-13,24],[-79,-1],[-55,-13],[-6,-45],[7,-46],[-24,-16],[28,-109],[-8,-39],[-120,5],[15,-47],[-4,-56],[-50,-57],[-82,0],[-34,17]],[[87046,22120],[-46,37],[31,89],[-23,49],[-2,41],[-31,59],[-5,61],[-18,13],[-45,-10],[2,44],[-19,67],[-44,70],[-40,-12],[-72,12],[19,167],[25,50],[19,138],[17,44],[3,64],[-51,-10],[-81,366],[23,31],[-2,39],[13,36],[1,67],[-10,111],[3,45]],[[81234,24570],[1586,9]],[[82820,24579],[-1,-1312]],[[82819,23267],[-54,-23],[-40,-5],[-68,-25],[-38,-44],[5,-56],[-43,-19],[-126,-103]],[[82455,22992],[0,16],[-1174,-1],[0,325],[-48,0]],[[81233,23332],[-1,865],[2,373]],[[78905,34916],[47,-22],[-1,-116],[-212,2],[1,55],[-28,110],[87,25],[106,-54]],[[85412,22753],[-95,0],[-309,-10],[-385,1]],[[84623,22744],[59,123],[-9,44],[-22,30],[-42,21],[14,31],[46,16],[6,33],[76,85],[62,33],[-10,65],[-52,43],[33,27],[57,84],[48,34],[29,35],[43,32]],[[78207,23541],[34,70],[2,93],[31,1],[91,39],[21,-82],[-41,-14],[-23,-33],[-89,-86],[-26,12]],[[78950,23912],[-60,16],[24,19],[29,-7],[7,-28]],[[81233,23332],[-270,0],[0,-211]],[[80963,23121],[-1165,-4]],[[79798,23117],[-48,49],[-3,53],[-21,47],[-43,1],[-21,46],[-35,25],[-12,28],[-70,63],[-27,13],[-37,58],[-50,59],[-95,78],[-126,79],[-41,37],[-57,34],[-1,39],[-34,19],[-19,-21],[-46,32],[11,49],[-7,41],[28,82],[18,20],[-4,107],[-30,152],[-29,104],[-63,165],[-44,33],[-42,14],[-18,42],[-32,42],[-36,24],[-47,1],[-18,31],[-50,41],[75,20],[40,-13],[-3,77],[-29,51],[-40,13],[-37,24],[-72,-3],[-65,50]],[[78518,25023],[457,7]],[[78975,25030],[0,-5],[657,-1],[1,-459],[674,2],[879,3]],[[81186,24570],[48,0]],[[87149,27458],[-654,-1],[1,-483]],[[86496,26974],[-102,-6],[-99,4],[-1,-217],[-386,1],[-1,-268],[-66,30],[-36,25],[-50,-5],[-158,-1],[-3,22],[-172,7]],[[85422,26566],[0,189]],[[85422,26755],[90,0],[-5,39],[14,73],[6,92],[-27,-4],[17,59],[-14,16],[24,49],[-22,23],[0,78],[31,204],[221,418],[0,564],[1065,0],[0,-52],[42,35],[31,-38],[1,-27],[45,-2],[24,15],[94,20],[15,-32],[-4,-74],[-33,0],[-39,-18],[-40,-37],[2,-18],[-46,-38],[-16,-46],[21,-13],[-26,-37],[43,-93],[9,-89],[-33,-18],[238,0],[-1,-346]],[[82820,24579],[290,1]],[[83110,24580],[973,2]],[[84083,24582],[207,1]],[[84290,24583],[-3,-44],[15,-79],[-19,-49],[-30,-40],[0,-58],[-96,-78],[-40,-85],[-9,-65],[-26,-62],[-30,-41],[-24,-73],[-53,-69],[-31,-59],[-62,-27],[-28,-40],[-92,-25],[-66,-2],[-32,8],[-83,-24],[-25,-28],[-70,-12],[-83,-73],[-106,-55],[-46,-18],[-44,-29],[-119,-12],[-43,-45],[-2,-21],[-59,0],[-41,-10],[-79,-72],[-45,-29]],[[87172,21500],[-48,-57],[-33,-57],[-55,36],[-41,38],[5,46]],[[87000,21506],[32,-5],[51,13],[21,68],[48,-10]],[[87031,23789],[-14,33],[4,52],[-24,13],[-13,67],[34,126],[52,93],[-6,35],[26,113],[-3,22],[18,130],[-16,48],[17,60],[75,1],[29,41],[16,65],[-29,31],[-40,16],[-13,43],[2,73],[20,76],[3,40],[-17,151]],[[87152,25118],[1244,9]],[[88396,25127],[1,-825],[2,-857]],[[88399,23445],[5,-889],[-15,-80],[0,-263],[-180,0],[0,56],[-103,-36],[-32,-3],[-17,-22],[-89,-28],[-90,8]],[[87878,22188],[46,35],[-194,20],[31,94],[-1,54],[-64,6],[-41,-33],[-41,4],[-5,65],[-20,60],[12,20]],[[91745,13300],[-100,9],[-37,10],[-56,-7],[-73,24],[-63,-19],[-51,8],[-29,-28],[-107,14],[-113,-20],[-38,31],[-79,46],[-34,8],[-23,-13],[-15,37],[-50,22],[-82,49],[-37,56],[-51,27],[-26,33],[-86,24],[-31,18],[-19,40],[-26,8],[-25,50],[-12,49],[-67,110],[4,14],[-65,117]],[[90354,14017],[145,0],[46,-99],[-5,-51],[16,-51],[62,7],[74,20],[29,23],[-7,80],[13,0],[1,72],[276,1],[16,46],[131,0],[-9,94],[-1,99],[-17,30],[24,61],[-4,14],[615,-2]],[[91292,13825],[16,-21],[78,-25],[15,22],[38,-13],[16,34],[-26,9],[21,47],[-127,46],[-36,-14],[-17,-37],[22,-48]],[[86638,20674],[30,-1],[31,-26]],[[86699,20647],[-18,-8],[9,-138],[-45,-9]],[[86645,20492],[12,25],[-13,58],[-6,99]],[[85418,18873],[108,0],[87,-26],[14,-16],[77,-35],[18,-19],[-2,-49],[12,-25],[36,-32],[72,-16],[-2,-55],[22,-23],[-48,-11],[-43,-34],[-103,-99],[-42,4],[-55,34],[-117,56],[-68,9],[-45,-22],[-32,16],[-67,20],[-167,9],[-37,-24],[-24,-37],[-87,-6],[-68,-20],[-82,-60],[-29,-71],[15,-53],[32,-33],[-37,-73],[-33,-24],[-106,-15],[-34,-28],[-32,-44],[-39,-3],[-46,-37],[-89,75],[-27,12],[-49,50],[-27,40],[-37,10],[-62,-4],[-56,13],[-39,-4],[-41,24],[-24,-1],[-76,20],[-60,-23],[7,-31],[-16,-32],[-64,-25],[-30,-32],[-59,38],[-22,-17],[-46,13],[-52,-16],[-35,0],[-38,17],[-141,-17],[-55,-41],[-49,33],[-79,32],[-46,-8],[-15,-28],[-26,-8],[-63,8],[-49,-43],[-65,11],[-37,-29],[-1,48],[-41,77],[-48,69],[-27,25],[-58,26],[-43,-15],[-47,23],[-4,49],[-49,47],[-11,55],[-36,24],[22,49],[37,11],[-3,58],[11,45],[28,41],[-11,63],[28,40],[61,9],[26,-9],[141,23],[48,45],[25,-8],[55,3],[41,25],[11,28],[46,1],[116,15],[21,14],[42,-3],[98,31],[124,10],[23,-5],[93,17],[31,-6],[50,27],[58,15],[12,29],[58,24],[17,-9],[38,26],[45,-6],[44,19],[47,34],[43,-2],[72,34],[15,21],[55,1],[32,-17],[43,4],[25,-12],[52,7],[62,-19],[33,3],[75,35],[33,-34],[25,-4],[56,20],[38,38],[100,6],[19,18],[26,-21],[-8,-50],[-49,0],[-37,-26],[-41,-43],[2,-30],[22,-22],[30,-2],[45,15],[46,-13],[7,-26],[-76,-62],[-5,-34],[-50,-39],[-3,-39],[38,-23],[64,8],[85,-18],[136,9],[74,30],[24,-2],[48,-81],[-28,-18],[-91,-85],[6,-79],[49,27],[17,-19],[36,0],[35,21],[-35,28],[-57,-9],[-16,38],[31,4],[5,28],[43,-27],[45,-10],[65,14],[26,42],[54,45],[5,78],[23,19],[32,-6]],[[88948,20668],[0,170],[51,30],[-22,38],[261,0],[-2,621]],[[89236,21527],[86,-10],[86,-4],[88,11],[64,-15],[29,2],[81,-16],[201,49],[0,58],[78,0],[109,25],[71,0],[-1,-228],[-22,-2],[0,-79],[396,0],[-1,-418],[130,-1],[0,-355]],[[90631,20544],[0,-211],[-368,-1],[1,-439],[-372,2]],[[89892,19895],[-374,1],[0,172],[-571,0],[1,85]],[[88948,20153],[0,515]],[[81186,24570],[0,181],[4,25],[50,73],[31,21],[21,34],[56,66],[-3,71]],[[81345,25041],[83,1],[0,189],[-365,-3]],[[81063,25228],[-358,-2],[-1,346],[-130,-1],[12,-59],[-51,0],[0,59],[-189,-1],[-2,251]],[[80344,25821],[2,94],[483,2],[0,-35],[50,0],[13,-15],[81,-24],[20,227],[-201,8],[19,153],[25,77],[224,1],[22,-12],[14,-41],[132,-1],[101,-4],[130,35],[353,-5],[36,-41],[6,-266],[98,1],[0,-174],[18,-13],[108,-10],[117,32],[-1,-34],[46,-1],[67,-65],[30,-22],[30,-44],[17,0],[-7,-62],[43,0],[37,-74],[28,-29],[0,-179],[158,0],[-20,18],[18,49],[28,5],[0,-309],[442,1],[-1,-484]],[[89053,17611],[782,-12]],[[89835,17599],[-1,-508],[801,1],[-1,-533]],[[90634,16559],[-372,1],[-1,-488],[-347,0],[-1,-330]],[[89913,15742],[-711,-1]],[[89202,15741],[0,20],[-49,62],[-53,40],[-48,56],[12,38],[42,4],[45,26],[31,30],[112,52],[67,64],[37,46],[28,58],[24,128],[4,125],[-3,63],[-25,117],[-38,133],[-64,206],[-28,77],[-162,373],[-81,152]],[[86892,22047],[53,28],[22,38],[79,7]],[[87878,22188],[24,-52],[-9,-65],[-29,-16],[-10,-37],[16,-25]],[[87000,21506],[-75,-35],[-34,4]],[[80963,23121],[0,-1285],[535,0],[0,-7]],[[81498,21829],[-55,-65],[-54,-15],[-17,22],[-37,-14],[-51,-44],[-62,-152],[24,-44],[23,8],[21,-37],[-25,-24],[-17,28],[-41,15],[-55,-27],[-17,-34],[-13,-58],[3,-53]],[[81125,21335],[-49,0],[-22,-50],[10,-69],[17,-25],[-12,-46]],[[81069,21145],[-39,-36],[-50,-64],[101,-24],[55,28],[75,7],[18,29],[34,22],[15,34],[50,15],[15,-11],[1,-40],[47,2],[15,86],[0,45],[32,-18],[17,-46],[-26,-70],[13,-25],[-30,-79],[-21,-2],[-49,-47],[6,-64],[29,-48],[-1,-26],[35,-56],[-12,-69],[23,-23],[-45,-63],[-36,6],[-1,-29],[-32,4],[-5,41],[-28,62],[3,27],[-41,27],[-61,19],[-50,33],[7,38],[-27,45],[-113,46],[-83,12],[-82,-22],[-10,-72],[-14,-23],[-45,-21],[19,-23],[-8,-53],[-93,21],[-36,-12],[-9,22],[12,63],[-41,66],[-96,102],[-9,22],[-105,99],[-60,98],[-40,36],[-86,62],[-71,38],[-60,16],[-44,-21],[-8,34],[45,21],[5,31],[-17,57],[-42,51],[-46,19],[-50,78],[-47,36],[-57,20],[-47,-28],[-60,1],[-56,-43],[2,-31],[-70,-10],[17,32],[2,46],[23,31],[-9,40],[29,19],[5,43],[28,31],[19,48],[37,21],[17,61],[24,12],[21,-63],[-10,-16],[8,-75],[49,-27],[46,-12],[78,0],[36,-25],[-35,-63],[11,-31],[54,-29],[40,-8],[17,-33],[-12,-45],[46,-49],[-5,-31],[29,-5],[126,31],[18,35],[39,-16],[42,23],[34,-18],[13,19],[-18,43],[-25,-12],[-79,32],[-55,-41],[26,80],[4,78],[-65,40],[-28,4],[-20,-36],[44,-37],[-6,-59],[-20,-34],[-10,100],[-37,52],[3,34],[34,40],[-15,55],[0,70],[-40,26],[-11,46],[4,63],[-17,44],[1,102],[-19,65],[5,29],[-19,66],[-46,110],[-31,58],[-26,26],[-54,18],[-52,42],[5,22],[73,46],[-12,83],[16,39],[-25,84],[6,36],[-27,48],[-14,44],[-73,98]],[[91744,20570],[-222,8],[-38,-7],[-26,9],[-48,39],[-38,-22],[-26,19],[-28,-6],[-117,6],[-58,-18],[-76,-13],[-67,-3],[0,-32],[-73,-5],[-76,3],[-45,-5],[-175,1]],[[89236,21527],[0,230],[-3,80],[-325,1],[19,41],[1,73],[14,78],[27,79],[-27,27],[1,52],[58,73],[-27,27],[-18,54],[36,68],[-15,56],[26,38],[10,64],[17,27],[412,1],[-1,321]],[[89441,22917],[91,0],[32,39],[0,152],[132,0],[36,-10],[99,-10],[17,-17],[4,-233],[335,5],[0,-283],[40,-16],[42,27],[80,-42],[59,61]],[[90540,22179],[27,-62],[67,-90],[25,38],[57,11],[35,-15],[4,-30]],[[90984,22204],[756,1]],[[75178,37006],[9,-3184],[7,-1487],[3,-980],[8,-1],[-2,-197],[-57,2],[-64,13],[-81,-21],[-126,-2],[-82,46],[-48,12],[-42,-3],[-42,23],[-30,-6],[-48,17],[-34,27],[-146,37],[-71,6],[-33,17],[-74,13],[-87,4],[-29,15],[-86,9],[-74,-10],[-97,1],[-184,-28],[-19,-13],[-50,-7],[-70,12],[-48,-8],[-45,15],[-42,30],[-51,8],[-39,23],[-40,-15],[-93,24],[-71,3],[-41,-19],[-73,8],[-63,20],[-33,-4],[-96,28],[-100,-23],[-352,-7],[-1337,-186],[-1180,-156],[-3,26],[-46,-6],[4,-26],[-1064,-135],[-778,-95],[-859,-102],[-196,-30]],[[66883,30694],[0,1093]],[[66883,31787],[0,3035]],[[66883,34822],[0,2188]],[[86699,20647],[72,42]],[[86771,20689],[1,-21]],[[86772,20668],[7,-105],[-28,-29]],[[86751,20534],[-6,-87],[-44,-69],[-110,-5]],[[86591,20373],[54,119]],[[88399,23445],[715,5],[-1,-177],[328,-1],[0,-355]],[[88948,20668],[-320,1],[-1,-137],[-154,1],[-51,-16],[-14,35],[-63,60],[-6,22],[-307,1],[-15,-60],[-285,185]],[[87732,20760],[-124,80]],[[86986,20518],[-33,-18],[-38,1],[-89,-29],[-30,30],[-27,-3],[-18,35]],[[86772,20668],[148,9]],[[87732,20760],[-30,-48],[15,-36],[28,-31],[-21,-60],[14,-28],[-17,-83],[5,-60],[22,-56],[3,-35],[-34,-64]],[[87028,20087],[2,75],[34,61],[-19,4],[-20,75]],[[86496,26974],[-2,-1479]],[[86494,25495],[1,-381],[-573,-2]],[[85922,25112],[-257,-2]],[[85665,25110],[10,33],[-10,44],[-44,88],[-63,40],[-51,6],[-25,25],[13,39],[-38,99],[-4,44],[-31,139],[-23,43],[-20,114]],[[85379,25824],[130,-1],[-20,59],[0,32],[-26,79],[-1,98],[-24,80],[-17,0],[1,395]],[[88948,20153],[-544,0],[6,-33],[81,-49],[35,-36],[55,-37],[21,-24],[7,-38],[-17,-27],[-42,-26],[-70,-12],[-32,-44],[18,-67],[-45,-40],[-48,-75],[-22,-17],[-10,-34],[-308,-103],[-73,-27]],[[91757,15393],[-748,6],[0,-319],[-4,-29],[-761,2]],[[90244,15053],[-2,346],[-330,0],[1,343]],[[90634,16559],[0,-30],[116,19],[128,4],[131,1],[1,56],[741,0]],[[86713,23788],[13,79],[-306,0]],[[86420,23867],[-12,315],[-18,46],[-271,4],[1,445],[-67,4],[-28,32],[-17,59],[2,33],[-20,39],[-60,79],[5,131],[-13,58]],[[86494,25495],[585,3]],[[87079,25498],[2,-306],[-30,-18],[-19,-57],[120,1]],[[86855,20805],[11,33],[35,20]],[[86901,20858],[27,11]],[[86654,19820],[-53,-38],[-15,-22],[-54,-6],[-30,19]],[[86502,19773],[10,71],[-9,96],[34,26],[21,53],[1,86],[-10,71],[9,21],[-5,103],[38,73]],[[87149,27458],[0,-93],[148,-1],[2,-608],[132,0],[0,-429]],[[87431,26327],[0,-412],[-354,-2],[2,-415]],[[87431,26327],[963,2],[2,-1202]],[[87203,21145],[-25,33],[6,18],[-67,8],[-39,-31],[-43,1]],[[87035,21174],[-65,6],[-29,-10],[-21,14],[47,88],[-105,52],[-46,-83],[-34,21],[-126,-34]],[[86656,21228],[-49,26],[-45,58],[-75,58]],[[86901,20858],[-31,8]],[[86870,20866],[-1,18],[-37,16],[-44,-3],[6,-43]],[[86570,20947],[30,90],[-4,37],[-21,33],[42,45],[36,-18],[-10,-45],[11,-48],[104,-35]],[[86758,21006],[122,-31],[16,-14],[76,11]],[[86972,20972],[-20,-14],[18,-53]],[[85379,25824],[1,65],[34,38],[36,-10],[16,21],[-100,71],[-18,30],[-60,19],[-44,28],[47,15],[18,34],[-3,27],[-27,30],[-2,26],[-47,11],[-47,49],[-11,26],[40,59],[26,10],[-32,38],[-66,7],[-14,11],[6,53],[-59,26],[-11,-36],[19,-54],[-6,-19],[17,-56],[-2,-80],[-19,-73],[-6,-51],[14,-49],[-16,-20],[6,-45],[55,20],[63,-83],[-17,-42]],[[85170,25920],[-389,-268]],[[84781,25652],[-39,489],[50,-1],[1,758],[291,1],[9,-17],[-23,-37],[-13,-60],[2,-30],[363,0]],[[81125,21335],[-4,-58],[23,-23],[45,-14],[-23,-40],[7,-39],[-72,15],[-32,-31]],[[85419,24243],[-23,57],[-84,114],[11,82],[24,16],[-12,77],[-37,14],[-15,-27],[-91,119],[0,42],[53,129],[32,25],[89,49],[61,-1],[30,44],[55,12],[21,18],[51,4],[35,-37],[13,30],[49,26],[12,53],[-28,21]],[[86420,23867],[-662,-1]],[[86870,20866],[-47,-35]],[[91079,22486],[25,119],[1,166],[-47,51],[62,6],[76,-9],[37,-23],[19,-78],[50,-46],[20,-89],[31,17],[10,78],[-12,40],[-70,81],[16,24],[34,10],[63,-27],[87,74],[11,47],[23,14],[68,7],[54,62],[-40,11],[5,26],[109,16],[29,-42]],[[90244,15053],[-749,2],[-20,-2],[-11,-45]],[[89464,15008],[-53,56],[-65,85],[-59,119],[-53,87],[-37,30],[7,51],[77,-10],[28,44],[3,50],[-32,78],[-34,34],[-40,10],[-10,46],[6,53]],[[83347,31327],[-20,-298],[-150,0],[0,298],[20,26],[89,31],[5,-57],[56,0]],[[87035,21174],[-25,-40],[7,-34],[-39,-15],[-12,-38],[6,-75]],[[86758,21006],[-40,37],[13,26],[-23,59],[1,29],[-34,57],[-19,14]],[[91739,18819],[-434,-3],[-16,-4],[-470,-3]],[[90819,18809],[-555,-4],[0,237],[-305,-1],[-4,149],[59,68],[-36,27],[28,21],[0,114],[-111,0],[1,386],[-4,89]],[[78335,27192],[689,2],[23,-14],[2,-662],[486,1],[32,-139],[64,-2],[0,-117]],[[79631,26261],[0,-59],[-336,0],[0,-287],[-321,0],[1,-885]],[[78518,25023],[-25,3],[-22,-28],[-42,-28],[38,-61],[63,-20],[34,-1],[26,-50],[23,-9],[-37,-41],[-41,53],[-74,61],[-54,5],[-86,68],[-115,40],[-73,-10],[-18,-25],[-45,-33],[-34,-6],[-22,120],[-39,30],[-13,34],[-24,22],[-31,1],[-30,31],[-5,29],[20,35],[-32,49],[-42,-9],[32,-50],[-35,-16],[0,-56],[63,-81],[41,13],[8,-32],[44,-29],[28,-3],[14,-29],[-27,-27],[13,-67],[-49,-21],[-19,25],[-97,60],[-24,26],[14,34],[-17,105],[-24,17],[-21,87],[-29,26],[-65,11],[-50,-39],[-56,86],[55,15],[47,-15],[24,23],[8,69],[-34,83],[-24,26],[-42,16],[-65,-19],[-14,43],[-27,5],[-31,-33],[-26,8],[-18,32],[19,34],[-16,27],[66,34],[28,4],[35,34],[10,52],[-11,45],[-28,67],[-46,68],[-51,39],[-26,42],[42,31],[55,-28],[75,4],[44,-42],[62,-28],[-9,-39],[6,-61],[42,-10],[39,37],[-1,41],[20,34],[35,25],[37,74],[31,37],[-12,26],[20,43],[-31,33],[-6,107],[-18,62],[-24,47],[-70,79],[-81,100],[-43,33],[-89,36]],[[89835,17599],[0,527],[848,-2],[0,529],[136,1],[0,155]],[[89053,17611],[-45,87],[-114,190],[-148,213],[-80,104],[-147,173],[-173,183],[-129,125],[-117,104],[-227,178],[-147,106],[-187,115],[-133,68]],[[88022,19353],[70,-32],[32,2],[62,-67],[-32,-40],[14,-42],[-56,-43],[-2,-37],[58,11],[43,-5],[-22,-36],[-42,-8],[-63,-27],[39,-41],[-4,-29],[22,-26],[49,-12],[13,-26],[-17,-31],[27,-28],[14,60],[-17,20],[34,27],[40,16],[63,-14],[22,20],[19,151],[51,32],[-29,33],[-85,55],[-82,60],[-40,10],[-69,48],[-72,18],[-40,-19]],[[82455,22992],[-57,-22],[-42,-7],[-76,-57],[-26,-30],[-74,-67],[-34,-72],[15,-49],[-47,-67],[-18,-56],[3,-23],[-49,-35],[-63,-90],[-20,-81],[-85,-99],[-66,-61],[-27,-12],[-86,-7],[-48,-45],[-14,-50],[38,-58],[-46,-28],[-10,-33],[51,-3],[-16,-95],[1,-101],[-44,-12],[-31,37],[16,13],[-15,33],[-35,16],[-52,-2]],[[86771,20689],[22,38]],[[86938,19305],[-44,-13],[-69,-85],[-37,-62],[-30,-7],[-22,-25],[-69,-57],[-58,22],[-31,-3],[-88,12]],[[86490,19087],[16,94],[-7,26],[35,26],[-36,68],[23,23],[45,6],[2,65],[-7,59],[-42,36],[23,45],[38,18],[12,39],[47,1],[33,35],[55,15],[36,1],[33,16]],[[86061,22153],[-16,79],[-33,41],[-25,48],[-22,11],[-53,-7],[20,90],[-20,62],[-44,51],[-69,110],[-22,17]],[[85777,22655],[69,5],[1,35],[-19,18],[0,35]],[[90354,14017],[-35,68],[-88,126],[-122,136],[-120,90],[15,35],[3,50],[-22,36],[-86,60],[-36,46],[-58,23],[-72,-30],[-2,25],[-49,39],[-55,74],[-34,26],[-42,70],[-41,32],[-46,85]],[[86638,20674],[-11,32]],[[84083,24582],[0,410],[72,0],[0,346],[401,314],[225,0]],[[85170,25920],[-8,-28],[14,-48],[-1,-49],[12,-37],[0,-50],[-36,-40],[13,-54],[-19,-53],[-74,14],[-9,-29],[20,-66],[30,-46],[17,-57],[-72,-6],[-55,12],[-16,38],[-39,32],[-56,16]],[[84891,25469],[-8,45],[-51,45],[-34,-19],[-12,-31],[-90,-22],[18,-88],[-21,-98],[37,-37]],[[84730,25264],[-53,-21]],[[84677,25243],[-4,21],[-39,-5],[21,-65]],[[84655,25194],[-32,-30],[-7,-31],[-74,-34],[-28,-36],[-50,-10],[-38,-42],[-10,-87],[-1,-80],[-64,-133],[-61,-75],[0,-53]],[[79631,26261],[357,2],[0,-348],[106,0],[1,-114],[38,4],[19,17],[43,-15],[109,14],[40,0]],[[81063,25228],[1,-124],[55,-13],[64,-39],[162,-11]],[[86490,19087],[-56,-25],[-229,5],[-76,-9],[-65,-42],[-97,-12],[-47,10],[-71,36],[-28,31],[-41,20],[-3,48],[30,27],[39,89],[87,88],[52,-12],[39,26],[62,25],[110,85],[18,39],[77,136],[44,35],[40,18],[61,11],[60,35],[6,22]],[[85777,22655],[-35,1],[-19,-17],[-29,-58],[-17,-14],[-31,-76],[-6,-40],[-43,-44],[-12,-56],[42,-56],[-17,-112],[-14,-41],[-43,-49],[-80,-65],[-63,-74],[-14,-73],[-25,-54],[0,-30],[-28,-52],[-1,-123],[-17,-33],[-2,-40],[21,-27],[46,-16],[-14,-43],[-31,-30],[-19,-53],[8,-64],[-25,-65],[-3,-53],[-18,-54],[4,-22],[-23,-48],[-37,-38],[-16,-58],[-22,-29],[-28,-67],[-8,-69],[-25,-97],[-22,-29],[-34,-89],[14,-105],[-75,-17],[18,-49],[25,-33],[-11,-51],[33,-26],[-54,-39],[-49,-13],[-45,-29],[-21,-47],[-84,-1],[-65,59],[-107,62],[-60,11],[-31,-14],[-97,47],[-86,3],[-102,-54],[-45,-32],[-23,-37],[-13,-44],[-56,7],[-20,-8],[-82,22],[-44,-13],[-39,-28],[-59,-78],[0,-48],[-103,-35],[-46,15],[-15,-13],[-36,27],[-36,13],[-84,12],[-73,-5],[-38,-29],[-27,-40],[-6,-35],[-45,-6],[-8,-33],[-55,-11],[-32,5],[-20,-31],[-41,28],[-28,-1],[-57,89],[35,51],[-7,36],[6,56],[36,-9],[38,12],[27,26],[-1,41],[40,17],[40,32],[18,27],[10,53],[32,58],[-13,43],[-39,77],[29,53],[43,34],[-2,55],[13,75],[32,11],[44,38],[-8,56],[81,-16],[66,-37],[159,7],[79,37],[63,-9],[108,26],[30,-17],[24,-53],[37,-20],[50,6],[34,-50],[30,-9],[84,36],[40,32],[32,41],[16,56],[-3,39],[7,144],[28,79],[11,100],[19,48],[11,108],[27,47],[7,58],[-6,99],[-36,75],[-12,51],[-16,24],[23,89],[-14,110],[-26,17],[-29,-4],[-19,-23],[-9,-44],[-25,-28],[-27,24],[-1,27],[48,47],[19,73],[23,-6],[38,20],[12,48],[4,69],[29,57],[7,52],[-9,35],[6,135],[-34,83],[-45,62],[-26,61],[21,20],[33,-15],[38,10],[24,-10],[36,22],[10,54],[24,22]],[[82365,20242],[85,-34],[-3,-37],[-58,31],[-46,13],[22,27]],[[81728,20594],[-70,50],[-4,20],[-43,0],[-22,40],[8,16],[55,27],[43,-44],[24,-63],[34,-35],[76,-53],[-9,-88],[-46,-15],[-25,28],[-19,49],[26,14],[-3,31],[-25,23]],[[81262,21274],[4,27],[-25,15],[42,34],[24,-31],[-7,-42],[-38,-3]],[[82129,21422],[30,-5],[-2,-29],[-32,-13],[-15,19],[19,28]],[[84231,21826],[28,46],[23,-16],[2,-74],[-20,-68],[-52,5],[-5,92],[24,15]],[[86659,21100],[8,39],[39,-42],[11,-26],[-59,-16],[1,45]],[[84891,25469],[-55,-2],[-63,-47],[-33,-57],[5,-50],[-24,-3],[9,-46]],[[84677,25243],[-22,-49]],[[76322,27044],[14,72],[64,-11],[87,70],[-19,-42],[10,-41],[-24,-65],[-15,-16],[-42,3],[-35,-25],[-40,55]],[[75788,26497],[1,14],[-35,51],[30,-1],[54,-33],[-17,-30],[-33,-1]],[[75635,27303],[-65,31],[-31,5],[-43,-11],[8,-31],[-16,-23],[-30,16],[24,26],[-12,28],[-41,49],[-54,49],[-73,55],[-43,15],[-54,34],[-50,-32],[-18,58],[-56,44],[-25,-1],[-36,34],[-29,10],[-91,82],[-69,48],[-87,47],[-83,31],[-63,-16],[-57,12],[-21,-17],[-39,6],[-59,33],[-72,17],[-86,4],[-53,-6],[-104,-27],[-48,-34],[-36,-72],[13,-42],[36,-5],[-17,-32],[-67,58],[-57,-5],[-32,-24],[-73,-6],[-16,-35],[-56,2],[-47,14],[-36,-22],[-127,18],[-14,-8],[-50,22],[-22,32],[-38,13],[-63,105],[-28,33],[-43,28],[-21,29],[-149,96],[-98,83],[-93,67],[-107,64],[-13,21],[-102,81],[-92,59],[-157,92],[-235,129],[-146,75],[-92,41],[-164,80],[-51,19],[-154,77],[-189,79],[-79,20],[-42,-3],[-28,-26],[-69,-36],[-34,-36],[-16,-37],[-65,-39],[-144,-54],[-45,-21],[-59,-15],[-127,-53],[-83,-19],[-57,-5],[-92,4],[-146,15],[-135,26],[-65,7],[-58,-4],[-31,-11],[-75,-2],[-131,23],[-40,-3],[-128,2],[-146,24],[-57,0],[-52,-14],[-146,7],[-66,-23],[-145,-4],[-83,5],[-84,-12],[-66,6],[-109,-17],[-41,-20],[-48,-9],[-148,0],[-95,-15],[-94,-6],[-107,2],[-150,-14],[-61,-3],[-61,-13],[-137,-21],[-88,-9],[-42,1],[-67,-14],[-101,-13],[-197,-17],[-114,-22],[-81,-2],[-99,-13],[-106,-30]],[[66883,28492],[0,778]],[[66883,29270],[0,1424]],[[75424,42060],[1295,0],[1343,0],[1191,0],[1186,0],[1158,1],[1212,1],[866,0],[693,1],[1212,1]],[[44981,20750],[-51,58],[39,8],[62,-39],[-18,-37],[-32,10]],[[42956,20994],[159,1],[12,-18],[111,-6],[158,0],[13,-8],[105,11],[0,-16],[109,0],[93,-5],[34,-9],[-2,41],[-26,11],[-3,27],[112,0],[0,123],[53,0],[0,48],[37,0],[28,22],[8,99],[41,6],[34,68],[53,16],[0,29],[38,15],[52,0],[14,-47],[21,-10],[244,-1],[0,278],[110,0],[124,40],[-2,79],[6,27],[30,43],[27,19],[5,63],[118,61],[0,8]],[[44872,22009],[2,35],[-77,18],[39,83],[15,8],[-15,63],[40,54],[0,25],[77,-23],[52,-1],[27,-24],[47,-2],[21,-33],[32,-16],[44,4],[9,-36],[94,-41],[57,52],[42,-4]],[[45378,22171],[53,1],[17,-55],[19,3],[29,-30],[-8,-24],[47,-35],[46,-54],[120,-54],[57,-39],[42,-16],[77,-1],[22,-10]],[[45899,21857],[9,-50],[-13,-29],[-38,5],[-82,-6],[-69,-17],[-97,-68],[-41,-51],[-11,-34],[12,-48],[23,-24],[52,-13],[-61,-32],[-13,-38],[-20,-5],[-39,-41],[-34,7],[-73,-31],[-30,-25],[-13,-31],[-53,11],[-39,-27],[-81,-14],[-44,-24],[-44,-8],[-131,-72],[-34,-32],[-49,-69],[-34,-81],[-11,-67],[4,-59],[53,-12],[11,-41],[-52,-15],[-12,-32],[-38,37],[-39,-5],[-63,17],[-49,-12],[-13,-21],[-83,8],[-43,-14],[-56,-31],[-5,-32],[-72,1],[-11,-32],[5,-34],[80,-26],[-20,-44],[10,-28],[-60,-11],[-20,44],[-66,18],[-94,-1],[-61,-28],[-35,-40],[-87,-4],[-8,20],[-57,-13],[-42,22],[2,23],[58,13],[-13,73],[11,18],[-62,22],[-3,-48],[-16,-66],[-44,-60],[2,-46],[-23,-8],[-47,23],[-43,7],[-26,-10],[-8,-46],[39,-17],[42,-48],[47,-17],[25,9],[73,-35],[45,-2],[48,21],[7,-27],[-77,-6],[-6,-39],[-25,-11],[-95,19],[-38,-8],[-9,18],[-41,2],[-41,43],[-138,73],[-58,22],[-90,15],[-68,2],[-65,-43],[14,-51],[-29,-12],[-18,-58],[27,-30],[-8,-21],[-47,11],[-20,35],[-62,47],[-105,50],[-24,-19],[-62,-10],[-9,31],[-150,88],[-92,41],[-13,34],[80,14],[7,-21],[62,-32],[55,12],[29,24],[21,37],[-32,49]],[[42905,20660],[5,42],[20,31],[-5,53],[31,73],[0,135]],[[39653,27315],[-3,106],[40,49]],[[39690,27470],[30,37],[61,-64],[29,7],[79,79],[7,-6],[123,-12],[0,24],[31,7]],[[40050,27542],[188,-1],[22,6],[196,0]],[[40456,27547],[0,-72]],[[40456,27475],[1,-143],[61,-2],[3,-36],[24,-13],[16,-59],[17,-30],[30,-10]],[[40608,27182],[-277,1],[-73,-123]],[[40258,27060],[-159,-1],[-1,134],[-6,45],[-88,0],[-28,12],[-63,6],[-16,44],[-36,0],[-55,17],[-153,-2]],[[38460,54170],[-8,60],[32,-24],[-24,-36]],[[38454,54440],[63,86],[16,46],[31,14],[31,44],[17,41],[28,28],[17,43],[34,39],[52,-21],[2,-80],[32,-65],[-16,-76],[3,-25],[-25,-34],[-23,-89],[-46,-19],[-10,-64],[-25,-8],[-29,-46],[-43,-10],[-11,41],[-44,21],[-31,-7],[-22,-42],[-32,59],[11,64],[20,60]],[[36754,51560],[-6,19],[20,34],[48,-15],[15,-18],[-7,-34],[17,-54],[-34,-20],[-31,42],[-22,46]],[[38671,52729],[-13,18],[32,36],[35,17],[-12,-53],[-18,-24],[-24,6]],[[37735,52882],[1,16],[59,10],[39,-13],[-13,-22],[-86,9]],[[38776,52749],[14,28],[27,-13],[-32,-45],[-9,30]],[[44164,53276],[160,0],[0,-116],[-73,0],[0,-171],[-54,0],[0,-149],[147,0],[0,220],[102,0],[0,-246],[54,0],[0,-95],[-66,0],[0,-186],[113,0],[0,-183],[241,0],[0,64],[276,0],[0,-91],[101,0],[0,-174],[-40,0],[0,-98],[118,0],[0,-359],[226,1]],[[45469,51693],[0,-180],[61,0],[0,-35],[172,0],[0,-13],[370,0],[0,-25],[507,0],[0,-260],[-107,0],[0,-76],[414,0],[0,-30],[38,0],[0,-176],[61,0],[0,-171],[-487,0],[-142,4],[0,-65],[-545,0],[0,65],[-215,0],[0,-164],[215,0],[0,-79],[313,0],[0,-192],[232,0],[0,-361],[-599,0],[-535,-1114],[-317,-659]],[[44905,48162],[0,299],[-537,0],[0,52],[-184,0],[0,-195],[-182,0],[0,-44],[-314,0],[0,36],[-258,0],[0,-142],[-165,0],[0,-113],[45,0],[0,-114],[178,0],[0,-203],[-62,-144],[0,-147],[-183,0],[0,-125]],[[43243,47322],[-1191,10],[-17,-39],[-388,0],[1,553],[-542,-4],[1,155],[-214,-1],[-2,-212],[-410,-1],[0,-133],[-221,0],[0,56],[-112,0],[0,69],[-126,0],[0,59],[-200,0],[0,-739],[-225,0],[0,49],[-196,2],[-7,58],[-99,-1],[2,237],[-50,0],[0,162],[-204,0]],[[39043,47602],[-1,238],[-164,0],[0,211],[-99,5],[0,221],[-587,0],[0,-143],[-952,0],[0,149],[-219,0],[0,405],[86,0],[-1,216],[-266,0],[0,133],[-136,0],[0,132],[246,0],[0,17]],[[36950,49186],[0,101],[97,0],[35,85],[100,0],[0,64],[-79,0],[15,48],[6,70],[41,134],[49,90],[60,137],[0,89],[-243,0],[0,390],[-162,0],[0,541],[-264,0]],[[36605,50935],[8,29],[34,0],[8,40],[-13,54],[9,45],[51,6],[-8,55],[-40,53],[45,13],[55,-16],[-4,61],[7,28],[30,1],[-1,46],[23,48],[-26,41],[38,1],[31,20],[7,78],[21,-4],[24,31],[-11,29],[76,27],[18,34],[-1,68],[57,91],[2,144],[66,51],[22,-13],[27,46],[46,36],[35,-6],[66,15],[47,32],[68,61],[36,12],[69,72],[32,15],[53,56],[41,0],[66,37],[125,-29],[43,13],[67,57],[58,64],[24,-25],[44,-2],[24,17],[35,45],[35,10],[36,35],[29,-15],[50,65],[20,-33],[81,-11],[39,12],[108,66],[31,28],[56,-5],[26,26],[-6,41],[49,-13],[43,52],[22,-15],[27,-44],[23,24],[15,44],[-13,45],[27,29],[21,57],[36,34],[39,2],[-7,43],[14,18]],[[38940,53007],[81,0]],[[39021,53007],[5,0]],[[39026,53007],[605,0],[0,-75],[121,-61],[30,-21],[0,-251],[99,0],[0,117],[217,0],[0,332],[129,0],[0,178],[579,0],[0,-46],[716,0],[0,298],[458,0],[0,117],[198,0],[0,-69],[-53,0],[0,-145],[124,0],[0,163],[302,0],[0,-163],[-151,0],[0,-132],[678,0],[0,373],[322,0],[0,-525],[462,0],[0,-264],[123,0],[0,-585],[263,0],[0,186],[-84,0],[0,842]],[[37781,23407],[120,-1],[224,7],[41,3],[99,-6],[140,-3],[0,-31],[36,-19],[7,25],[113,0],[54,58],[516,-2],[46,-14]],[[39177,23424],[-48,-30],[-217,-195],[-38,-23],[-216,-10],[-10,-134],[-52,-58],[17,-99],[13,-20],[-27,-69],[24,-34],[-2,-150],[-42,2],[-32,-11],[-61,0],[0,-369]],[[38486,22224],[-157,19],[-81,-7],[-111,-29],[-8,49],[45,23],[1,37],[-53,-19],[-3,-66],[21,-40],[-12,-77],[-14,-19],[-42,-2],[-42,73],[-54,43],[-19,36],[-66,73],[-31,9],[-20,35],[14,47],[-18,34],[26,25],[5,35],[-19,78],[-22,62],[-49,81],[-5,32],[22,25],[-14,30],[8,58],[-1,69],[-40,110],[22,38],[1,49],[-11,24],[-8,99],[-15,41],[38,41],[7,67]],[[39725,28014],[55,-17]],[[39780,27997],[4,-41],[-23,-26],[-19,7],[-3,-3],[-3,-8]],[[39736,27926],[-27,35],[16,53]],[[39736,27926],[-44,-16],[-20,-21],[-47,4]],[[39625,27893],[-13,1]],[[39612,27894],[30,43],[-26,27],[24,43],[-27,26],[-2,28]],[[39611,28061],[74,5],[40,-15],[0,-37]],[[39768,27937],[56,-57]],[[39824,27880],[14,-13],[-19,-94]],[[39819,27773],[-94,11]],[[39725,27784],[-75,74]],[[39650,27858],[44,10],[-2,37],[38,4],[7,6],[4,19],[19,-6],[8,9]],[[40456,27475],[123,1],[0,46],[99,0],[1,26],[110,-1],[0,-68],[133,0],[0,-67],[218,0],[0,66],[123,3],[20,-38],[57,28],[-19,37],[30,35],[27,13],[-22,42],[44,23],[35,-68],[133,66],[-18,31],[229,115],[25,-18],[39,12],[72,36],[49,4],[66,37],[31,-21],[14,15],[60,-47],[14,6]],[[42149,27789],[41,-11],[51,10],[59,-30],[10,-20],[37,-9],[45,-69],[23,-8],[22,-68],[-15,-12],[4,-48],[-12,-10],[-4,-54],[28,0],[-1,-108],[18,-34],[-16,-45],[1,-72]],[[42440,27201],[-12,-29],[-55,2],[-32,-14],[-2,-29],[-107,-2],[-59,-8],[-33,5],[-55,-25],[-12,25],[-47,-4],[-55,-27],[-11,22],[-40,12],[-323,0],[0,-35],[-21,-9],[-11,-40],[-43,-18],[-3,-20],[-38,-21],[12,-36],[-50,0],[-73,-36],[-72,0],[-19,-9],[-116,-2],[-21,-11],[-168,0]],[[40974,26892],[-313,1],[1,288],[-54,1]],[[40403,26557],[208,0],[66,-64],[102,-117],[75,-129],[70,-85],[25,-65],[39,-33],[15,-27],[43,-42],[14,-42],[31,-48],[73,0],[59,-24],[11,-82]],[[41234,25799],[-2,-74],[-17,0],[0,-145],[-68,0],[0,-176],[-29,0],[0,-64],[-52,0],[1,-32],[-24,-39],[1,-55],[-57,8],[-1,-48],[-58,13],[0,25],[-90,0],[0,-57],[-117,0]],[[40721,25155],[-6,0],[0,218],[-115,0],[0,-41],[-145,0],[0,-44],[-157,0]],[[40298,25288],[0,110],[-19,41],[-44,39],[3,18]],[[40238,25496],[-4,333]],[[40234,25829],[19,0],[1,52],[79,-25],[0,86],[-41,1],[1,192],[120,0],[-10,142],[0,280]],[[40272,23498],[-1,23],[46,0],[1,86],[20,0],[11,57],[-37,23],[-1,75],[-29,0],[10,57],[-23,27],[18,16],[6,76],[-20,9],[0,188]],[[40273,24135],[170,-93],[42,0]],[[40485,24042],[26,-39],[111,0],[85,-35],[13,-52],[56,-39],[71,-5],[0,-39],[24,-5],[0,-58],[27,18],[73,0],[0,-34],[105,19],[39,-31],[74,-15],[-3,-26],[102,-13],[26,40],[67,0]],[[41381,23728],[47,-32],[26,-32],[48,-31],[-33,-31],[19,-18],[2,-72],[-13,-38],[0,-101],[-12,-61],[12,-152],[-60,-65],[-57,0],[20,-74],[39,5],[-7,-87],[31,-87],[46,0],[-5,-143],[42,-6],[5,-19],[83,-44],[-3,-141],[3,-22]],[[41614,22477],[-3,-102],[-111,0],[-38,-10],[-106,-4],[-53,7]],[[41303,22368],[-53,-8],[0,78],[-18,11],[-68,-3],[-28,-10],[-204,-1],[-17,40],[52,49],[-16,9],[0,71],[-62,0],[-18,-9]],[[40871,22595],[-42,17],[0,72],[80,0],[3,60],[-12,46],[-102,0],[-92,6],[1,44],[-59,0],[-34,19],[8,97],[25,6],[0,41],[-22,0],[-1,57],[-62,40],[0,53],[-30,0],[0,65],[-77,5],[-37,53],[-56,-14],[-59,5],[-9,53],[-19,26],[-3,152]],[[40871,22595],[-136,-2],[0,-100],[-203,0],[-16,60],[-109,0],[15,31],[0,35],[-38,8],[-8,34],[-42,7],[-89,-12],[-79,-4],[-280,-1]],[[39886,22651],[1,119],[-65,1],[0,209],[-71,0],[0,81]],[[39751,23061],[37,0],[30,15],[10,56],[-26,65],[58,10],[10,58],[-1,163],[-5,21],[92,-4],[80,4],[35,26],[1,23],[200,0]],[[42440,27201],[74,-5],[86,1],[-1,22],[61,-11],[61,8],[77,2],[0,-12]],[[42798,27206],[2,-56],[17,-47],[-9,-101],[29,-54],[0,-123],[72,6],[-7,-67]],[[42902,26764],[-29,14],[-66,8],[-24,-28],[-116,0],[-36,23],[-28,-14],[-43,8],[-190,-11],[-11,20],[-102,-67],[-29,-26],[-15,28],[-61,-20],[-112,-55],[-122,-1],[-36,14],[-148,9],[-121,-1],[-17,-30],[0,-37],[-21,-18]],[[41575,26580],[-66,4],[-32,-13],[-12,22],[-63,-11],[-25,9],[-50,-7],[-352,0],[-1,308]],[[54830,64980],[11,-16],[-9,-42],[-24,-28],[-32,-9],[-20,15],[25,28],[-22,52],[40,8],[31,-8]],[[54872,64940],[-5,-23],[-34,-20],[10,49],[29,-6]],[[55199,62966],[-729,2],[1,-317],[177,0],[0,-224],[106,0],[0,-184],[-352,0],[-2,-443],[2,-220],[316,0],[1,-1090],[416,0],[-5,-539],[342,0],[30,-394],[-252,0],[0,-217],[304,0],[-4,-583],[37,-1185]],[[55587,57572],[-1,-713],[-3884,9],[0,-149],[-403,0],[-3,63],[-162,-1],[-1,78],[-642,-1],[0,-267],[-680,0],[0,75],[-212,0],[-37,-465],[-369,0],[-91,4],[-793,-4],[0,345]],[[48309,56546],[144,31],[58,-7],[72,4],[264,91],[127,59],[54,13],[150,68],[118,43],[60,30],[77,19],[54,20],[230,117],[36,15],[195,98],[40,14],[186,85],[43,26],[97,72],[88,59],[44,38],[45,28],[179,152],[120,128],[30,41],[76,86],[69,87],[147,223],[13,24],[97,153],[107,200],[17,64],[-13,17],[36,44],[36,69],[22,75],[-7,29],[36,10],[46,114],[6,59],[31,33],[35,93],[24,6],[14,35],[-16,21],[13,63],[-5,37],[-31,34],[-31,3],[-3,85],[44,-9],[37,7],[25,-28],[53,32],[47,-2],[52,39],[20,36],[31,4],[53,36],[-13,47],[2,45],[-31,56],[-34,26],[-54,14],[1,19],[54,24],[17,20],[35,74],[7,28],[36,-14],[-20,80],[17,30],[47,55],[35,7],[11,-27],[55,-39],[66,18],[75,59],[14,0],[69,69],[43,18],[35,29],[40,63],[20,17],[36,75],[42,-5],[33,30],[63,19],[52,53],[44,66],[15,43],[31,21],[34,63],[57,11],[41,36],[50,12],[77,42],[45,37],[54,71],[14,53],[10,98],[-5,67],[-14,75],[-44,44],[-43,-3],[-61,7],[-96,37],[-17,12],[-20,-43],[-30,-14],[-26,-29],[-7,-47],[-28,27],[-27,56],[31,24],[25,70],[11,145],[-2,50],[-28,187],[10,24],[-11,26],[6,57],[-3,107],[-11,34],[-21,7],[-10,95],[-26,93],[-27,21],[-18,47],[4,55],[-10,115],[21,55],[-8,161],[9,30],[-6,72],[18,19],[12,43],[5,72],[13,85],[29,56],[30,-13],[10,39],[24,47],[18,55],[22,-8],[20,62],[38,21],[31,-5],[9,67],[-37,-14],[-26,8],[-2,28],[33,60],[73,82],[58,22],[40,34],[39,69],[-7,25],[65,43],[55,46],[21,0],[42,-31],[27,10],[36,65],[-17,48],[28,19],[61,-48],[35,-55],[32,-8],[78,22],[-39,52],[-2,62],[-41,55],[3,37],[-30,32],[-6,34],[24,18],[35,-2],[18,18],[-37,41],[50,61],[11,38],[57,-4],[23,-53],[34,-31],[57,16],[59,40],[43,-20],[42,19],[48,76],[71,-15],[77,-76],[-15,80],[-23,-5],[-40,45],[-32,-4],[0,56],[-27,4],[-39,24],[-4,40],[61,131],[18,119],[49,54],[56,3],[36,20],[37,75],[65,36],[21,45],[-23,31],[12,79],[36,57],[14,52],[37,-29],[63,14],[24,31],[76,42],[-4,-32],[29,-17],[-33,-56],[36,-63],[43,-20],[15,16],[28,-8],[-62,-54],[-114,15],[-19,-45],[30,-24],[-44,-70],[50,-29],[-33,-34],[-10,-49],[-23,0],[-21,-63],[50,-9],[8,-36],[20,-26],[-16,-18],[15,-28],[25,12],[23,59],[42,-33],[-13,-55],[19,-29],[-11,-35],[29,-46],[59,-6],[32,-38],[43,-11],[63,13],[-20,-57],[-35,1],[-32,-32],[0,-53],[15,-39],[51,-17],[47,-39],[12,-124],[-27,-68],[-5,-78],[43,-11],[139,-109],[12,-39],[76,-116],[15,-87],[-9,-12],[20,-73],[23,-19],[89,-112],[21,-45],[15,-60],[37,-65]],[[42631,23494],[142,-5],[41,31],[86,-1],[0,-37],[163,0],[1,23],[71,9],[4,13],[65,0],[11,-16],[388,2],[83,-6],[143,0]],[[43829,23507],[1,-147],[5,-101],[-35,0],[-83,-25],[8,-108],[33,-56],[47,0],[10,-41],[-1,-92],[32,-18],[100,0],[27,-10],[-1,-44],[24,-13],[-2,-207],[3,-285]],[[43997,22360],[-309,0],[0,19],[-120,-1],[-11,-15],[-234,-2],[-44,24],[40,79],[24,32],[-7,43],[-98,-1],[-94,5],[-27,20],[-122,-1],[0,58],[-144,-2],[0,43],[-21,16],[-61,0],[0,-23],[-50,0],[-18,58],[-55,51]],[[42646,22763],[5,77],[33,37],[-25,42],[4,143],[-12,91],[-31,12],[1,329],[10,0]],[[43351,28169],[93,30],[51,-17],[85,3],[12,10],[176,0],[1,-41],[234,0],[0,286],[-22,19]],[[43981,28459],[79,1],[16,-34],[54,-13],[128,0],[-3,16],[107,24],[4,-16],[144,32],[296,0],[0,-202]],[[44806,28267],[0,-50],[-17,0],[0,-123],[-53,0],[0,-47],[-57,-1],[2,-262],[-51,0],[1,-95],[-63,0],[9,-95],[-49,-1],[1,-42],[-36,0],[-44,-43],[0,-213],[4,-100]],[[44453,27195],[-141,-2],[-130,8],[14,64],[-5,24],[-136,-2],[0,44],[-52,0],[-22,20],[-110,6],[-9,13],[-68,7],[-71,-1],[-46,12],[-61,0],[-25,-24],[-246,-5]],[[43345,27359],[0,100],[9,60],[47,0],[7,47],[-12,21],[0,140],[-12,94],[-16,44],[-27,0],[10,43],[0,261]],[[39178,24638],[57,-17]],[[39235,24621],[-1,-41],[24,-3],[13,-76],[-24,-28],[0,-76]],[[39247,24397],[-37,42],[-103,2],[-54,10]],[[39053,24451],[27,96],[35,53],[30,0],[33,38]],[[37781,23407],[5,59],[-24,76],[9,26],[-37,127],[32,4],[34,88],[26,7],[19,56],[-11,57],[-34,99],[9,27],[-14,62],[45,-10],[20,-23],[48,-5],[13,-29],[49,-23],[29,-43],[4,-47],[39,-43],[133,-46],[40,-19],[54,-11],[65,-3],[94,7],[161,52],[66,42],[44,41],[29,40]],[[38728,23975],[79,-73],[23,20],[96,1],[39,-35],[33,-11],[9,-105],[237,-2],[32,8]],[[39276,23778],[32,0],[-2,-69],[39,-1],[34,-20],[0,-141],[-7,-88]],[[39372,23459],[-56,1],[-1,-36],[-138,0]],[[39355,27964],[23,-32],[37,-2],[37,-24],[50,25]],[[39502,27931],[38,-46]],[[39540,27885],[-5,-5]],[[39535,27880],[-62,4],[-16,-14]],[[39457,27870],[-26,8],[-33,-13],[-26,-31],[-20,27]],[[39352,27861],[3,103]],[[39819,27773],[-3,-38]],[[39816,27735],[-19,-6],[-66,-64],[-45,-163],[3,-30]],[[39689,27472],[-53,54],[4,23]],[[39640,27549],[-45,38],[5,51],[-24,-2]],[[39576,27636],[14,35],[61,30]],[[39651,27701],[-2,17]],[[39649,27718],[57,60],[19,6]],[[39247,24397],[16,-54],[19,-12],[11,-39],[26,-10],[82,-2],[0,-164]],[[39401,24116],[-47,0],[9,-28],[-59,0],[-6,-32],[0,-237],[-22,-41]],[[38728,23975],[70,82],[131,169],[49,52],[41,77],[34,96]],[[39902,33671],[72,-1],[63,-30],[0,-51],[39,0],[0,-104],[30,0],[0,-64],[-22,0],[0,-72],[58,0],[0,-53],[21,-18],[0,-94],[40,6],[0,-76]],[[40203,33114],[-53,-6],[-9,-71],[-45,1],[0,-29],[-46,13],[-132,0],[4,-84],[-47,-9],[-38,41],[-32,-18],[-13,-47],[-72,1],[0,-39],[-69,0],[0,-122],[-120,0],[-11,28],[-222,0],[-980,-129],[-94,0],[0,10],[-159,0],[20,59],[-46,0],[-34,-42],[-263,-2]],[[37742,32669],[8,59],[-8,34],[-2,81],[8,26],[-35,103],[-12,91],[-1,196]],[[37700,33259],[71,0],[0,-32],[228,-2],[0,12],[222,0],[0,19],[74,1]],[[38295,33257],[0,-120],[1017,0],[0,14],[77,0],[-16,55],[-3,76],[-28,32],[-2,69],[23,40],[2,90],[22,34],[103,-15],[9,-49],[42,0],[0,33],[66,0],[0,70],[84,0],[3,40],[154,1],[0,44],[54,0]],[[33844,44032],[-25,-38],[-7,-61],[2,-58],[-12,-23],[-29,23],[7,37],[31,72],[11,80],[4,89],[-16,109],[31,102],[31,40],[12,-74],[12,-31],[-18,-34],[-13,-73],[-7,-89],[-17,-39],[3,-32]],[[33892,44698],[3,116],[21,53],[5,73],[22,48],[31,-8],[-1,-72],[-13,-55],[-44,-103],[7,-26],[5,-106],[13,-21],[-34,-41],[-20,32],[14,53],[-9,57]],[[39043,47602],[-75,0],[0,-247],[-205,0],[0,-49],[-94,0],[-16,-11],[24,-92],[-19,-108],[-29,-54],[-2,-228],[150,0],[0,-194],[9,0],[0,-195],[-39,0],[0,-173],[-37,0],[0,-77],[-125,0],[1,118],[-363,1],[1,251],[-205,-9],[2,-275],[-165,2],[-81,-5],[0,-516],[-14,0],[0,-296],[334,4],[0,-168],[72,0],[0,-346],[-33,0],[0,-174],[-82,0],[0,-111],[-186,0],[0,-10],[-143,0],[0,16],[-309,-1],[0,-97],[-30,-34],[1,-576],[186,0],[0,-193],[-187,0],[0,-145],[287,0],[0,-129],[-11,-31],[11,-62],[-1,-318],[98,0],[0,-501]],[[37768,42569],[0,-213],[-295,0],[0,-159],[-191,0],[0,-137],[-841,0],[0,-346],[-206,1]],[[36235,41715],[-15,39],[-22,22],[-5,31],[15,45],[-3,31],[-35,39],[-4,37],[-24,22],[1,35],[-23,27],[-8,53],[50,35],[10,-44],[45,-12],[24,6],[-15,102],[-3,56],[39,86],[-16,16],[-56,12],[-11,33],[-29,10],[-21,41],[-65,67],[-69,102],[-39,35],[-11,28],[11,36],[-59,76],[-96,65],[-62,125],[-25,40],[-27,24],[-8,83],[-33,58],[-11,39],[-53,82],[18,7],[-8,44],[-40,61],[-48,55],[24,17],[-32,37],[-10,51],[-4,69],[-60,94],[19,18],[-51,48],[2,31],[-23,112],[-33,51],[-9,36],[-30,39],[-27,6],[-41,44],[-62,21],[-31,28],[-57,70],[-22,61],[-26,42],[-18,49],[-8,114],[18,71],[20,14],[-5,34],[-46,91],[-13,37],[65,36],[-9,18],[-61,-38],[-61,14],[26,98],[5,48],[-7,89],[-25,57],[-46,61],[-38,63],[-22,21],[-55,86],[-44,50],[-77,125],[-58,48],[-55,76],[-11,43],[-31,28],[-6,106],[-9,68],[7,33],[-2,54],[11,31],[-9,73],[5,89],[-18,70],[-14,97],[40,1],[42,46],[29,54],[3,84],[-18,56],[-35,78],[18,23],[0,59],[-12,31],[16,24],[35,2],[25,44],[25,112],[-12,98],[13,34],[-2,30],[56,61],[34,61],[17,96],[-4,23],[25,54],[48,23],[25,31],[34,107],[17,20],[10,85],[30,27],[5,51],[63,44],[15,30],[49,22],[54,37],[53,72],[57,40],[22,34],[3,48],[21,21],[9,34],[5,162],[-12,27],[6,42],[18,21],[4,105],[8,23],[-4,66],[-17,27],[-1,48],[-27,82],[10,36],[-22,53],[1,54],[12,65],[-16,28],[55,29],[48,57],[35,124],[0,86],[-20,42],[13,51],[-15,68]],[[35331,49386],[156,0],[0,325],[111,3],[526,-2],[0,-153],[531,0],[49,-108],[48,-72],[60,-76],[51,-50],[87,-67]],[[34962,44688],[-43,56],[44,9],[-1,-65]],[[38450,37721],[0,-190],[74,0],[0,-96],[-71,1],[0,-155],[174,-2],[0,-461],[24,0],[0,-50],[46,0],[0,26],[119,0],[-36,-78],[-61,-40],[-15,-40],[13,-46],[-32,-72],[-34,-1],[-25,-26],[-57,-31],[7,-24],[-28,-57],[5,-27],[-25,-39],[-50,-13],[-24,-21],[-29,9],[-19,-19],[-34,-3],[12,-38],[-27,-16],[-14,-27],[-32,-12],[-23,61],[-18,-25],[-44,20],[-34,-11],[16,-40],[-17,-76],[-35,-13],[-19,-120],[-54,-11],[-44,-76],[-23,16],[-44,-32],[3,-38],[-38,-51],[5,-29],[-56,-25],[-47,0],[0,26],[-123,0],[0,23],[-253,-1],[-28,-23],[-55,1],[-65,-18],[-72,-3],[-1,-79],[36,5],[0,-69],[-17,-31],[-116,-2],[8,48],[-61,-3],[2,85],[-113,17]],[[36981,35699],[-15,39],[-8,60],[-39,82],[-40,73],[-8,36]],[[36871,35989],[49,56],[27,-25],[36,0],[35,-15],[4,91],[26,20],[46,0],[24,23],[2,59],[17,37],[75,8],[0,37],[46,38],[1,26],[74,54],[29,80],[0,151],[-9,30],[-47,1],[1,109],[445,0],[12,115],[65,19],[38,271],[0,55],[26,0],[12,43],[3,126],[41,3],[49,26],[56,8],[113,-7],[24,13],[118,-5],[0,53],[16,0],[0,232],[125,0]],[[39964,29918],[360,0],[0,-31],[27,-33],[0,-148],[27,-6],[-5,-119]],[[40373,29581],[1,-295],[-167,-1],[1,-413],[-31,0],[0,-173]],[[40177,28699],[-200,0],[-39,7],[-25,-12],[-81,-1],[18,-51],[-17,-9],[-211,1]],[[39622,28634],[-50,1],[0,127],[-9,0],[1,237]],[[39564,28999],[165,2],[132,-2],[1,188],[-22,30],[-40,10],[-4,65],[82,0],[10,29],[36,42],[-12,37],[19,15],[22,60],[-12,109],[17,83],[22,59],[-9,50],[4,61],[-11,81]],[[18405,79229],[51,8],[23,-70],[-10,-26],[0,-49],[-18,-2],[-45,-66],[7,-38],[-18,-36],[-6,-84],[-36,-5],[-24,40],[-5,62],[-22,29],[-66,8],[-17,17],[-58,2],[-28,-29],[-20,17],[40,43],[12,36],[-21,45],[37,5],[33,-18],[50,-11],[55,17],[37,25],[43,51],[6,29]],[[39421,27766],[-29,-5]],[[39392,27761],[-14,0]],[[39378,27761],[1,27]],[[39379,27788],[10,28],[42,3],[-10,-53]],[[38910,27760],[36,-26],[-15,-18],[-117,-17],[-37,13],[34,43],[37,20],[62,-15]],[[39653,27315],[-257,-2]],[[39396,27313],[-25,49],[5,50],[-21,10],[14,44],[-6,49],[-17,44]],[[39346,27559],[31,8],[78,0]],[[39455,27567],[47,2],[48,-18],[90,-2]],[[39689,27472],[1,-2]],[[0,75106],[29,-48],[-20,1],[-9,47]],[[40721,25155],[0,-260],[-18,0],[0,-87],[-10,0],[-21,-181],[1,-86]],[[40673,24541],[-14,0],[-1,-269],[-102,-40],[0,-53],[-18,-17],[-92,2],[-5,-35],[25,-24],[19,-63]],[[40273,24135],[-133,1],[0,63],[-141,3],[-2,108],[-84,-1]],[[39913,24309],[-1,190],[72,1],[-52,32],[-67,-39],[23,-64],[-4,-43],[-31,-3],[-5,25],[-51,-6],[-60,31],[-4,25],[-37,-1]],[[39696,24457],[-1,211],[59,1],[-3,160],[34,1],[43,28],[41,-1],[20,30],[40,17],[0,-52],[-48,-45],[284,0],[4,18],[0,333],[129,-1],[0,131]],[[48205,32131],[1053,-4],[675,5]],[[49933,32132],[1,-685],[467,0],[358,-507],[180,-266],[75,-92],[352,-492],[0,-173],[52,0],[0,26],[70,0],[1,-245],[623,2],[1051,0],[-1,-493]],[[53162,29207],[-3,-1144],[-1316,0],[-1131,0],[-1160,-3],[-1356,3]],[[48196,28063],[0,1086],[3,1065],[2,852],[4,1065]],[[40203,33114],[34,1],[1,-35],[17,-23],[60,0],[0,23],[60,0],[1,-66],[56,0],[48,-36],[-14,-33],[11,-32],[0,-64],[26,0],[1,-84],[18,0],[12,-72]],[[40534,32693],[0,-87],[70,0],[-1,-255],[-5,-139],[36,-26],[0,-87],[-29,0],[-6,-27]],[[40599,32072],[-121,0],[0,55],[-67,0],[1,-68],[-162,1],[0,-20],[-70,-1],[0,39],[-67,0],[0,14],[-235,-1],[-18,-15],[-40,21],[-213,-1],[-1,-47]],[[39606,32049],[-83,1],[-85,-24],[0,168],[-61,-17],[-148,-74],[-98,-42],[-120,-9],[-123,-34],[-103,10],[0,75],[-512,1],[0,67],[-36,0],[0,76],[-9,15],[-278,1],[1,76],[-87,-1],[0,-89],[12,0],[1,-79],[-83,2]],[[37794,32172],[-5,29],[-36,125],[-42,25],[-11,48],[9,79],[13,20],[-14,80],[20,34],[14,57]],[[42798,27206],[34,0],[0,59],[239,-4],[76,34],[88,1],[22,63],[88,0]],[[44453,27195],[0,-45],[-28,0],[0,-71]],[[44425,27079],[-20,-5],[0,-96],[38,-37],[0,-50],[-72,0],[1,-51],[-49,-1],[-48,-32],[-52,-49],[-26,0],[0,-59],[16,0],[0,-87],[-105,0],[-6,-28]],[[44102,26584],[-42,0],[1,-134],[-9,-52],[-89,-6],[-137,0],[0,-83],[-126,1]],[[43700,26310],[-45,22],[-114,0],[17,29],[-57,5],[-72,-35],[-20,18],[-61,-9],[-75,2],[-14,79],[-72,0],[0,34],[-53,0]],[[43134,26455],[-1,67],[-38,44],[-45,0],[-20,39],[0,66],[-10,54],[-100,1],[-18,38]],[[39378,27761],[-15,-25]],[[39363,27736],[-16,-29]],[[39347,27707],[3,81]],[[39350,27788],[29,0]],[[41614,22477],[79,0],[0,-21],[74,5],[0,18],[68,0],[0,58],[71,0],[22,-17],[38,16],[122,0],[0,66],[157,-1],[9,35],[111,-2],[38,34],[95,63],[103,17],[45,15]],[[43997,22360],[0,-218],[-4,-135]],[[43993,22007],[-647,1],[0,-14],[-89,-6],[-18,33],[-38,-7],[-205,3],[0,-66],[-49,1],[-21,-22],[0,-59],[-107,-1],[0,-32],[-145,0],[1,64],[-69,1],[-58,-11],[-10,-24],[-42,0],[-2,56],[-87,0],[0,-34],[-67,0],[-6,-23],[-78,0],[0,37],[-180,-8],[-210,0],[-29,20],[-115,0],[-2,-96],[-55,-44],[-8,-41],[-36,-12],[-3,-42],[-21,-30],[2,-35],[-50,-24]],[[41549,21592],[-52,66],[0,72],[25,-1],[0,128],[-72,58],[-76,16],[-57,32],[-63,12],[0,59],[18,0],[0,50],[41,8],[3,147],[19,-2],[0,73],[-34,-2],[2,60]],[[41824,25930],[-19,70],[-21,15],[-17,46],[0,51],[-16,58]],[[41751,26170],[39,-2],[32,29],[133,36],[70,43],[10,28],[57,35],[30,-10],[164,-2],[22,-14],[112,16],[105,1],[52,12],[34,-53],[67,-13],[18,-14]],[[42696,26262],[37,-50],[13,-94],[31,-81],[-26,-26],[-40,-8],[-26,-23],[7,-54],[0,-99],[60,1]],[[42752,25828],[-1,-55],[-17,-29],[-88,-25],[-106,-51],[-153,-2],[14,-55],[-32,10],[0,67],[-35,-20],[-206,5],[-48,-15],[-100,-5],[0,17],[-59,-4],[-36,23],[-44,1]],[[41841,25690],[-17,128],[0,112]],[[42474,39039],[162,0],[0,170],[-55,0],[0,657],[-28,0],[0,271],[67,0],[0,108],[42,0],[0,142],[135,0],[0,-169],[269,0],[0,345],[168,0]],[[43234,40563],[0,-357],[730,0],[2,-76],[43,-118],[9,0],[0,-323],[330,0],[0,7],[353,0],[0,-22],[374,0],[0,-40],[169,0],[0,-296],[-29,0],[0,-208],[469,0],[0,-205],[88,0]],[[45772,38925],[0,-144],[-335,0],[0,-752],[119,0],[0,-216],[-223,0]],[[45333,37813],[0,43],[-156,0],[0,-44],[-354,0],[0,-44],[-384,-2],[1,40],[-137,0],[0,45],[-271,0],[0,-149],[-85,0],[0,204],[-242,0],[0,94],[-341,0],[0,-208],[-136,0],[0,347],[116,0],[0,153],[-174,0],[-50,8],[0,-267],[-279,0],[0,-173],[-98,0],[0,173],[-93,0]],[[42650,38033],[0,187],[-362,0],[0,344],[22,0],[0,407],[164,0],[0,68]],[[42503,29170],[42,-3],[0,22],[60,-4],[40,-35],[-7,-61],[87,7]],[[42725,29096],[-43,-61],[58,0],[0,-44],[-17,-7],[0,-122],[9,-33],[-2,-96],[-7,-23],[-76,-4],[0,-50],[34,0],[-1,-81],[-8,-28],[12,-55],[0,-72],[34,-45],[0,-42],[-29,-21],[12,-24],[40,-42],[9,-36]],[[42750,28210],[5,-21],[-133,-66],[-80,-35],[-56,34],[-16,37],[-22,-5],[-33,26],[2,54],[-90,-1],[-106,-52]],[[42221,28181],[-22,42],[-36,-18],[-65,23],[-36,66],[-77,-34],[-33,41],[-32,14],[-76,139]],[[41844,28454],[-19,29],[37,18],[-101,183],[-56,109],[-23,64],[-26,-12],[0,87],[-15,31]],[[41641,28963],[34,17],[13,-21],[183,91],[52,11],[0,51]],[[41923,29112],[87,0],[0,54],[51,2],[1,22],[51,15],[105,0],[51,28],[106,0],[31,17],[18,-80],[79,0]],[[40534,32693],[73,6],[192,-2],[27,10],[91,0],[34,16],[-2,21],[137,-1],[36,-6],[292,0],[-12,25],[38,20],[-12,24],[34,17],[22,-43],[80,-1],[-45,26],[53,65],[31,12],[6,23],[-46,12],[-27,35],[-25,65],[5,42],[-6,69],[133,0],[0,-72],[509,0]],[[42152,33056],[0,-66],[833,0]],[[42985,32990],[-12,-33],[-1,-56],[-12,-44],[9,-45],[31,-20],[38,31],[95,9],[49,38],[63,16],[29,-7],[29,-27],[26,-48],[-2,-61],[-11,-55],[-51,-53],[-36,-5],[-131,17],[-36,34],[-56,7],[-15,-31],[6,-27],[44,-34],[-14,-73],[18,-104],[-6,-117],[9,-68],[-11,-88],[55,-122]],[[43092,32024],[-273,0],[-2,-27],[-45,-20],[-309,-1],[2,-244],[-3,-147],[-14,-87],[13,-1],[0,-85],[-11,-7]],[[42450,31405],[-85,0],[-84,19],[0,17],[-55,0],[10,-34],[-4,-42],[-22,-14],[-89,4],[-14,16],[-95,-1],[-9,-28],[-90,0],[0,21],[-97,-1],[-2,-31],[-57,11],[-77,-3],[-34,-17],[-2,-26],[-258,-1],[-58,-12],[0,35],[-85,-6],[-278,-1],[-39,-11]],[[40926,31300],[7,107],[-24,2],[0,348],[13,1],[0,118],[-89,0],[0,-63],[-35,0],[0,34],[-137,-2],[0,48],[-149,-1],[0,43],[-31,0],[0,90],[118,0],[0,47]],[[39606,32049],[0,-292],[47,0],[0,-236],[-8,-40],[34,0],[-1,-56],[30,-1],[17,-35],[0,-53],[-65,0],[1,-69],[-31,0],[0,-66],[30,0],[0,-76],[40,0],[0,-74],[-29,-2],[-1,-97],[41,0],[9,-29],[8,-100],[-1,-325]],[[39727,30498],[0,-204],[12,-2],[0,-113],[25,-1],[0,-58]],[[39764,30120],[-29,8],[-68,-18],[-21,17],[-6,49],[-40,21],[-31,-21],[-49,6],[-38,-9],[-21,11],[-55,1],[-86,-16],[-97,20],[-356,0],[-5,24],[-41,109],[-54,50],[-99,0],[-1,14],[-335,3]],[[38332,30389],[-20,39],[-71,104],[-19,15],[-42,1],[1,76],[-25,79],[-50,101],[-19,78],[-23,43],[-5,33],[-34,78],[-27,44],[3,25],[-33,31],[13,72],[-38,66],[-38,40],[24,29],[5,33],[-18,69],[-25,59],[2,70],[-20,136],[-45,50],[40,44],[3,73],[-19,61],[-60,34],[-22,49],[5,51],[24,64],[-5,36]],[[39235,24621],[40,-3],[9,31],[34,-5],[57,12],[43,-31],[13,19],[46,0],[57,-44],[79,-6],[49,-17],[-18,-40],[35,-45],[17,-35]],[[39913,24309],[-1,-154],[-103,-4],[0,44],[-50,0],[-4,-29],[-39,-10],[-128,-1],[4,-36],[-53,2],[-20,12],[-40,-65],[-78,3],[0,45]],[[42905,20660],[-17,8],[-37,-31],[-27,-8],[-41,24],[-74,9],[-22,-50],[-46,-12],[-21,-47],[10,-65],[-123,51],[-51,-19],[-53,23],[-55,6],[-64,-24],[-6,-35],[-43,-25],[-85,46],[-38,7],[-23,-20],[-78,32],[-28,-21],[-73,28],[-58,6],[-48,-39],[-18,-65],[-84,37],[-48,-14],[-145,83],[-49,9],[-41,-8],[-22,-28]],[[41397,20518],[-4,24],[38,44],[108,-2],[34,52],[-31,70],[-52,51],[16,52],[-17,20],[-35,-8],[-25,11],[-26,-13],[-20,20],[-4,41],[36,0],[24,43],[65,44],[46,53],[-24,50],[89,108]],[[41615,21178],[998,-1],[0,-26],[84,1],[26,-13],[101,6],[46,-5],[1,21],[56,7],[29,-15],[0,-159]],[[55127,64894],[19,18],[13,-43],[-18,-21],[-14,46]],[[55136,65084],[17,-37],[-45,7],[-9,49],[37,-19]],[[55166,64516],[-6,33],[-24,50],[16,20],[35,-60],[34,-32],[1,-42],[-17,-12],[-39,43]],[[55101,65524],[24,31],[14,-41],[-38,10]],[[55398,64406],[-2,38],[39,-7],[16,-18],[40,43],[19,-7],[-5,-35],[-26,-35],[-18,-4],[-63,25]],[[55815,63421],[-24,18],[27,33],[11,-40],[-14,-11]],[[55536,62845],[-7,102],[28,1],[4,-77],[-25,-26]],[[55290,62751],[-45,16],[12,24],[33,-40]],[[55362,65353],[-22,36],[21,22],[26,-6],[56,-91],[-12,-23],[30,-17],[-12,-36],[-35,8],[-7,81],[-45,26]],[[56298,65248],[-23,48],[-32,13],[9,32],[59,-55],[42,-28],[-4,-22],[-51,12]],[[56990,65014],[38,-23],[-11,-31],[-31,-11],[-33,52],[3,54],[34,-41]],[[56109,65266],[-18,16],[-10,42],[24,18],[25,-5],[-2,-44],[-19,-27]],[[56706,65295],[-8,50],[57,-4],[13,-17],[-62,-29]],[[57668,65083],[83,11],[0,-16],[-83,5]],[[57967,65001],[-47,9],[35,37],[19,-3],[12,-37],[-19,-6]],[[56234,65225],[-29,32],[2,43],[44,-55],[-17,-20]],[[56233,65434],[28,-9],[-32,-37],[-10,26],[14,20]],[[55703,65067],[-42,39],[12,20],[28,-37],[2,-22]],[[57926,65039],[-39,21],[41,16],[-2,-37]],[[55321,65246],[1,39],[31,-18],[-32,-21]],[[55199,62966],[16,-37],[13,-62],[-2,-97],[31,-22],[37,0],[36,-48],[35,-12],[30,-77],[20,-34],[34,-18],[30,-33],[-4,-30],[25,-5],[-3,-46],[30,-5],[16,-35],[0,-65],[54,-38],[14,-35],[-9,-65],[16,-59],[25,13],[-7,50],[15,24],[-12,31],[18,33],[-9,38],[-33,39],[11,32],[-10,76],[5,32],[-31,26],[16,67],[-3,44],[15,41],[28,-18],[17,44],[4,91],[26,95],[3,92],[11,57],[37,12],[9,23],[-32,57],[-47,50],[-43,111],[-8,142],[33,52],[33,6],[60,26],[31,-29],[2,-70],[40,-13],[21,-36],[24,35],[15,-4],[82,-66],[28,-31],[37,-111],[15,-11],[44,-72],[47,-22],[8,-27],[38,-14],[22,-50],[54,-13],[50,24],[-52,22],[-5,38],[-32,23],[-5,21],[-52,46],[-27,34],[10,40],[-14,27],[-20,124],[-39,86],[-6,35],[64,111],[15,9],[77,78],[42,32],[27,50],[23,0],[12,26],[35,19],[28,0],[16,36],[-30,8],[-74,-32],[-31,-4],[-14,-27],[-57,-37],[-59,-11],[-24,-26],[-48,-13],[-59,56],[-22,53],[0,68],[-23,17],[-61,109],[-13,35],[0,42],[-26,9],[-24,-16],[-50,61],[-31,22],[-22,53],[-103,70],[-20,-12],[-57,25],[-59,-10],[-33,24],[20,39],[31,18],[36,-3],[30,13],[-16,41],[16,58],[37,-15],[36,65],[30,-7],[4,40],[-55,36],[-20,-27],[-101,6],[18,-23],[7,-36],[-51,-4],[-22,-46],[-22,30],[3,37],[-14,45],[-41,10],[-24,29],[17,27],[-78,15],[1,22],[48,-19],[88,-9],[12,25],[-15,24],[-47,24],[2,33],[72,-49],[57,-27],[65,-21],[5,-13],[154,-33],[-17,31],[-66,27],[-31,-11],[0,36],[77,12],[21,-15],[46,1],[6,27],[-55,43],[-30,5],[-22,24],[-46,25],[-56,13],[-98,35],[9,36],[88,-42],[15,17],[-39,26],[33,25],[71,-18],[11,-38],[38,-20],[17,16],[78,-27],[28,3],[27,29],[-11,39],[-44,14],[-59,53],[4,42],[26,-2],[6,-45],[33,22],[19,-14],[44,1],[-10,89],[-37,5],[-5,22],[-36,26],[-41,16],[-31,38],[-21,-24],[-11,-35],[-38,3],[-54,35],[-32,44],[61,32],[23,53],[-21,65],[25,20],[-54,20],[-4,16],[21,65],[61,19],[36,-9],[20,-23],[34,16],[48,39],[57,-12],[-4,-39],[36,14],[12,68],[40,-33],[67,-43],[54,-92],[-37,-23],[33,-47],[13,-39],[-37,-17],[-13,25],[-33,-17],[-31,4],[8,-35],[47,-29],[22,0],[34,-48],[53,-45],[39,19],[28,-11],[3,-39],[37,-26],[4,-20],[-23,-26],[-33,-13],[-14,-36],[4,-48],[31,-72],[22,29],[-11,29],[69,-24],[-16,112],[18,33],[-36,138],[24,-8],[22,-66],[73,-59],[72,-46],[23,11],[-13,65],[-53,53],[-28,86],[40,22],[-16,40],[-79,88],[35,10],[17,-28],[62,-34],[21,-1],[22,-28],[35,-5],[49,7],[23,-36],[50,8],[42,-2],[79,-21],[7,-13],[87,-47],[14,-16],[-3,-38],[41,-34],[-13,-24],[34,-60],[5,-40],[36,-55],[67,19],[69,-18],[37,8],[55,-35],[-25,-48],[3,-32],[55,9],[48,37],[35,-6],[19,-58],[17,-21],[-14,-45],[30,-36],[-16,-31],[6,-42],[33,27],[17,53],[-9,26],[28,9],[-7,29],[-44,-6],[-26,36],[-16,114],[-37,21],[-22,-16],[-62,-10],[14,78],[55,66],[29,44],[14,2],[19,-62],[42,10],[17,-26],[-14,-28],[56,-41],[57,-4],[45,17],[26,-18],[55,-4],[42,7],[40,-14],[42,-3],[56,23],[159,8],[99,26],[88,-44],[46,-43],[48,-14],[43,13],[60,-1],[42,19],[-39,22],[-85,-11],[-38,15],[-33,-18],[-56,73],[-84,26],[-46,7],[-20,39],[-45,26],[-42,-13],[-127,36],[-60,13],[-74,-7],[-86,-27],[-54,-30],[-34,36],[-23,-31],[-71,-11],[-21,15],[-17,71],[6,40],[-10,77],[19,55],[-7,24],[-45,32],[-1,22],[37,39],[-22,41],[24,5],[4,33],[61,-32],[17,73],[14,34],[3,75],[-12,9],[-1,63],[72,-7],[6,-37],[-23,-20],[15,-32],[22,-15],[13,-38],[33,-40],[17,-39],[45,40],[46,83],[29,-12],[51,-7],[60,51],[-23,16],[-29,-38],[-30,5],[-7,111],[9,108],[-18,55]],[[57696,65913],[110,0]],[[57806,65913],[8,0]],[[57814,65913],[550,0],[0,231],[426,0],[0,-90],[-33,-7],[-46,-25],[293,0],[10,-47],[17,-13],[8,-49],[941,0],[667,0],[0,-197],[-24,1],[0,-877],[-57,0],[0,-653],[140,0],[0,222],[616,0],[-37,-17],[-5,-61],[-40,-59],[424,0],[0,-33],[309,0],[0,-350],[653,0],[0,-623],[553,0],[0,86],[247,0],[0,218],[157,0],[0,330],[312,0]],[[63895,63900],[0,-371],[-314,0],[0,-521],[-179,0],[0,-39],[-166,0],[0,-369],[-167,-3],[-250,0],[0,-383],[-322,0],[0,173],[-40,-13],[-53,23],[-36,-18],[-74,-4],[-59,-20],[-48,0],[-11,-22],[-34,9],[-40,-16],[-64,12],[-45,0],[0,-109],[-228,0],[0,260],[-232,0],[0,-126],[-271,0],[-15,78],[-21,-15],[-46,4],[-22,-19],[-37,-53],[16,-26],[-32,-11],[10,-52],[-62,-30],[-5,-32],[-38,-17],[-41,2],[-26,-11],[-24,-41],[367,0],[0,-126],[173,0],[0,-348],[479,0],[0,-757],[-706,0],[0,-185],[87,0],[2,-189],[-21,-7],[0,-334],[-126,0],[-149,175],[-51,-13],[-73,-38],[-54,-13],[-36,16],[-37,42],[-29,12],[-26,-38],[-5,-220],[0,-150],[-89,-76],[-182,-216],[56,-16],[56,-129],[112,-82],[-6,-36],[38,-17],[0,-58],[50,-22],[63,29],[85,-124],[-2,-458],[135,-19],[824,-15],[0,-561],[-160,0],[0,-424],[-1046,1],[-1,-180]],[[60647,57564],[-1172,0],[-1213,0],[-732,0],[-1039,0],[-904,8]],[[56003,65540],[-18,4],[-42,44],[-85,47],[29,21],[81,-35],[57,-11],[33,-26],[-8,-56],[-30,28],[-17,-16]],[[56635,65651],[-16,11],[26,52],[52,-35],[-2,-32],[-60,4]],[[55549,65671],[-46,32],[-1,60],[25,7],[25,-64],[-3,-35]],[[56685,65566],[-15,-47],[-48,33],[31,18],[32,-4]],[[55654,65699],[11,9],[43,-29],[-21,-16],[-33,36]],[[55485,65845],[44,-28],[-15,-24],[-29,52]],[[55242,65589],[-23,19],[23,23],[29,-17],[-29,-25]],[[55466,65531],[7,31],[29,-8],[-5,-33],[-31,10]],[[55313,65524],[44,16],[10,-39],[-54,23]],[[55601,65530],[5,30],[26,-4],[16,-29],[-47,3]],[[39751,23061],[-21,6],[0,152],[-14,29],[-56,0],[-10,49],[-23,47],[-42,-24],[-100,3],[0,41],[40,0],[1,109],[-50,0],[-14,-16],[-90,2]],[[41923,29112],[-3,45],[-26,-1],[-4,167],[-27,39],[-35,0],[10,31],[-1,113],[-24,-4],[6,77],[-15,0],[7,111],[60,0],[0,57],[-24,0],[-48,101],[0,25],[42,19],[-11,48],[0,65],[-14,34],[3,72],[19,30],[0,84]],[[41838,30225],[9,54],[27,31],[85,0],[0,142],[57,0],[0,153],[126,4],[10,-6],[228,1]],[[42380,30604],[2,-12],[130,0],[-3,-144],[10,-158],[1,-164]],[[42520,30126],[-63,0],[-3,-164],[4,-75],[-18,-107],[0,-102],[36,-24],[23,1],[-4,-119],[-9,-62],[-16,-31],[22,-56],[0,-38],[32,0],[-11,-61],[-2,-92],[-8,-26]],[[43371,25256],[40,-20],[36,10],[186,4],[-5,-102],[56,-10],[0,-24],[71,10],[0,31],[28,0],[9,66],[38,0],[11,33]],[[43841,25254],[223,4],[49,9],[24,24],[-21,36],[31,6],[0,53],[53,0],[21,20],[143,0],[49,-17],[64,0],[0,90],[122,-7]],[[44599,25472],[-2,-167],[27,0],[-1,-62],[-30,-6],[-33,-88],[0,-58],[34,0],[0,-53],[17,0],[0,-54],[-22,-49],[1,-98],[12,-40],[-13,-35],[60,0],[36,13],[0,-47],[42,0],[0,-36],[27,0],[3,-86]],[[44757,24606],[-47,-10],[-81,0],[-54,-11],[-13,-32],[-36,0],[3,-70],[-69,0],[-9,16],[-101,0],[-82,-17],[-154,1],[0,37],[-46,0],[0,-23],[-36,-18],[-80,0],[-2,-77],[-18,-16],[-56,0],[-2,-149],[-46,13]],[[43828,24250],[-68,3],[-39,-34],[-217,0],[-22,-11],[-133,0],[-6,44]],[[43343,24252],[35,15],[0,58],[-56,0],[0,57],[-33,0],[-32,19]],[[43257,24401],[29,123],[-55,88],[40,54],[47,8],[-1,36],[-27,17],[-15,64],[-2,69],[39,51],[-30,0],[9,42],[0,67],[29,10],[1,82],[46,9],[4,135]],[[66883,28492],[-81,-17],[-31,-16],[-108,-39],[-74,-44],[-119,-53],[-101,-70],[-100,-51],[-51,-41],[-43,-19],[-39,-41],[-96,-29],[-13,-21],[-97,-23],[-33,-32],[-53,-19],[-15,-22],[-59,-16],[-64,-38],[-51,-8],[-179,-83],[-22,-15],[-53,-12],[-17,-16],[-115,-34],[-26,-14],[-138,-47],[-96,-37],[-29,-19],[-133,-47],[-112,-30],[-58,-8],[-78,-26],[-78,-8],[-140,-36],[-29,-1],[-58,-20],[-105,-21],[-29,-15],[-113,-33],[-36,-25],[-72,-18],[-76,-38],[-62,-55],[-77,-6],[-62,-14],[-77,-26],[-37,-4],[-110,-32],[-38,-20],[-68,-14],[-114,-17],[-52,-16],[-92,1],[-129,-14],[-103,-5],[-31,-10],[-99,-8],[-80,-15],[-223,-2],[-62,12],[-97,3],[-80,-32],[-127,-6],[-58,8],[-198,13],[-265,37],[-132,36],[-30,16],[-141,28],[-74,21],[-25,14],[-53,8],[-89,-13],[-97,-64],[-68,-25],[-31,-2],[-60,18],[-158,-43],[-129,-72],[-59,-48],[-27,-7],[-118,-64],[-102,-81],[-83,-51],[-26,-28],[-42,-25],[-75,-75],[-58,-35],[-70,-59],[-44,-46],[-59,-36],[-98,-25],[-24,-25],[-112,-42],[-101,-9],[-160,-58],[-86,-48],[-26,-7],[-85,-57],[-129,-70],[-72,-55],[-158,-32],[-40,-58],[-42,-31],[-60,-21],[-62,-46],[-44,-50],[-14,-32],[-48,-35],[-69,-27],[-49,-37],[-86,-34],[-79,-38],[-106,-21],[-47,-3],[-105,-20],[-168,-19],[-27,-7],[-134,-14],[-135,-32],[-61,-20],[-122,-56],[-139,-88],[-52,-53]],[[56932,25265],[-1,365],[-1581,-2],[0,452],[72,0],[0,318],[-1419,0],[-629,0],[-1039,0],[-203,-10],[-301,0],[-928,0],[-646,10],[-485,0],[-26,-12],[-419,2],[0,-468]],[[49327,25920],[-1131,0]],[[48196,25920],[0,1340]],[[48196,27260],[0,803]],[[53162,29207],[1264,-2],[852,2],[414,-1],[1207,3],[1069,8],[788,9],[0,-75],[1076,0],[0,75],[1305,-6],[1210,2],[723,4],[0,270],[566,0],[0,80],[662,0],[0,46],[624,0],[0,-352],[1961,0]],[[39399,27677],[0,-44]],[[39399,27633],[-38,14]],[[39361,27647],[17,37],[21,-7]],[[45469,51693],[104,0],[0,-98],[546,0],[3,42],[-22,51],[0,121],[128,0],[0,209],[246,0],[0,377],[-122,0],[0,231],[-136,0],[0,190],[12,0],[0,277],[-353,0],[-126,321],[11,44],[1,108],[-15,44],[-31,43],[-30,12],[-217,0],[0,522],[273,-1],[0,140],[-17,-1],[0,107],[199,0],[0,428],[162,0],[-12,23],[0,78],[408,0],[0,17],[429,0],[0,520],[252,0],[0,761]],[[47162,56259],[33,-24],[95,-45],[87,22],[83,45],[37,35],[19,47],[-4,20],[42,21],[10,-55],[16,-16],[58,45],[8,94],[54,-13],[-9,34],[58,-30],[39,-4],[57,8],[129,47],[145,38],[87,-1],[103,19]],[[60647,57564],[0,-1192],[0,-2676],[0,-266],[1039,0],[5194,0]],[[66880,53430],[0,-1514],[0,-907],[0,-1846]],[[66880,49163],[0,-1001]],[[66880,48162],[-1074,-2],[-1388,2],[-3771,-21],[-1064,7],[-934,6],[-772,8]],[[57877,48162],[-1006,-6],[-1035,-3],[-985,1],[-1036,5],[-477,4],[-1282,-2],[-793,1],[-999,0],[0,-686],[-694,0]],[[49570,47476],[189,284],[18,48],[17,204],[27,150],[-986,-4],[-996,-2],[-965,2],[-1018,4],[0,51],[-135,0],[0,-51],[-816,0]],[[52826,22654],[31,16],[-16,-82],[-20,9],[5,57]],[[54837,22697],[-47,23],[-25,-16],[-27,8],[26,47],[22,-12],[74,14],[-23,-64]],[[56932,25265],[-92,-96],[-65,-83],[-30,-48],[-46,-98],[-26,-80],[-20,-94],[-55,-138],[-59,-122],[-55,-163],[-23,-126],[-3,-76],[-11,-92],[-8,-21],[-54,-41],[-30,-3],[-11,-23],[-79,-11],[-48,-36],[6,-66],[-40,-15],[-89,-59],[-74,-79],[-37,-60],[-21,-122],[18,-45],[-27,-38],[-72,-17],[-29,-36],[-78,-37],[-31,-48],[0,-20],[-46,-2],[-20,-14],[-41,2],[-34,-15],[-26,-36],[-9,-48],[-20,-29],[-73,-18],[-16,56],[-63,31],[-128,29],[-85,-5],[-35,-12],[-20,-29],[-30,-13],[1,-24],[-47,-57],[-33,-51],[-35,-5],[-41,-47],[-59,16],[-8,-14],[-87,-40],[-29,13],[9,40],[-26,25],[3,79],[-45,69],[-11,30],[-41,37],[-65,41],[-85,32],[-53,1],[-25,-31],[2,-26],[-74,-20],[-55,10],[-79,-8],[-64,-32],[-16,8],[-78,-25],[-35,49],[-81,27],[-40,-8],[-41,-25],[-81,-2],[-54,9],[-106,-10],[-43,-22],[-37,-53],[21,-42],[-32,-15],[-36,28],[-34,5],[-41,-37],[-31,23],[-32,3],[-97,47],[-94,18],[-50,1],[-43,-13],[-27,-23],[-32,-6],[-80,-48],[-40,-45],[9,-74],[-53,4],[-42,22],[-37,-30],[-60,-30],[-15,20],[-30,-1],[-29,-22],[-17,19],[-48,-25],[-7,59],[18,29],[-69,185],[-55,74],[-59,64],[-46,31],[-42,8],[-19,-21],[-95,7],[-61,-25],[-21,-45],[13,-37],[-27,-8],[-27,14],[-36,-33],[-44,8],[-25,-24],[-31,-2],[-53,-21],[-42,48],[-141,61],[-39,-5],[-30,-49],[-21,-12],[-51,47],[-87,58],[-81,40],[-95,-17],[-69,29],[-17,-6],[-50,13],[-18,-16],[-57,19],[-74,8],[-32,-30],[-63,16],[-40,-9],[-5,-36],[-85,-16],[-94,11],[-34,-13],[-12,-35],[-32,-11],[-102,39],[-83,-1],[-9,-27],[-63,13],[-73,-10],[-11,-23],[-59,5],[-84,15],[-48,-8],[-22,10],[-78,13],[-57,-23],[-64,-57],[-45,7]],[[49815,23245],[8,65],[-16,19],[21,50],[-6,29],[56,29],[32,32],[51,75],[-6,48],[34,51],[-9,13],[-13,81],[-27,78],[-37,44],[-15,47],[6,56],[-24,63],[-57,22],[31,18],[-29,59],[-48,155],[-13,-5],[-30,80],[73,39],[-17,86],[1,274],[-46,20],[-53,57],[-78,17],[-46,0],[-129,-36],[-192,-32],[-127,72],[-118,25],[-233,96],[-74,4],[-72,29],[-172,100],[-88,67]],[[48353,25172],[274,9],[79,191],[136,112],[27,-6],[42,35],[-2,15],[146,121],[6,1],[323,270],[-57,0]],[[36454,52430],[34,55],[34,-12],[-46,-45],[-22,2]],[[35331,49386],[-4,49],[-31,44],[-17,109],[-34,75],[-12,62],[-34,69],[-31,42],[-64,56],[-67,-19],[-13,58],[31,61],[-9,54],[-28,52],[13,36],[-2,40],[-40,32],[23,80],[66,29],[40,66],[45,93],[19,62],[5,88],[33,57],[31,18],[75,146],[34,98],[6,78],[24,41],[23,114],[18,62],[31,64],[25,97],[28,69],[10,44],[18,29],[8,40],[18,20],[1,61],[17,7],[7,37],[39,40],[11,42],[21,22],[26,50],[6,35],[40,29],[20,29],[30,10],[39,35],[31,11],[14,28],[61,30],[23,-9],[38,10],[50,40],[62,-68],[-31,-29],[-57,-95],[1,-23],[-22,-117],[4,-42],[-51,-210],[-2,-42],[-28,-61],[-16,-90],[-10,-17],[-19,-84],[10,-88],[15,-29],[44,-52],[6,-45],[35,-42],[-19,-42],[5,-83],[35,5],[24,26],[47,-5],[-6,-31],[17,-66],[-9,-23],[-39,-32],[-28,-56],[-11,-45],[-39,-16],[13,-62],[-12,-29],[-1,-45],[35,-59],[22,-54],[50,-10],[59,27],[36,40],[-7,21],[23,39],[-3,33],[33,-4],[43,44],[42,16],[56,-3],[17,-13],[11,-53],[-8,-36],[17,-28],[58,-26],[56,58],[21,46],[-22,27],[23,57],[-4,46],[14,41],[8,60],[27,49],[-11,20],[30,73],[22,13],[-4,41]],[[39346,27694],[17,-6]],[[39363,27688],[-1,-35],[-33,1],[17,40]],[[39346,27559],[-18,61],[33,27]],[[39399,27633],[7,-19],[49,-3],[0,-44]],[[39564,28999],[-369,-6],[-17,52],[-227,0]],[[38951,29045],[-22,66],[-72,128],[-25,26],[-82,135],[-48,68],[-35,114],[-52,118],[-5,42],[-28,99],[-25,27],[-8,38],[-72,153],[-18,81],[-24,56],[-47,65],[-8,32],[-37,47],[-11,49]],[[39764,30120],[1,-134],[194,0],[5,-68]],[[44872,22009],[-879,-2]],[[43829,23507],[79,0]],[[43908,23507],[0,-25],[52,-1],[0,48],[38,0],[0,-47],[26,0],[0,38],[111,0],[-1,-38],[44,23],[77,1],[59,-9],[63,1],[0,-35],[128,-5],[0,44],[127,0],[0,16],[145,0],[0,-21],[135,0],[40,-9],[157,-4],[-1,44],[36,-21],[318,1],[0,-67],[49,0]],[[45511,23441],[0,-54],[52,-7],[-223,-224],[-50,9],[1,-81],[87,0],[3,-241],[-8,-107],[-21,-43],[-6,-37],[-47,-44],[0,-85],[-9,-17],[70,-37],[-30,-71],[5,-27],[-20,-58],[-24,-42],[-1,-61],[77,-12],[11,-31]],[[41641,28963],[-54,-31],[-22,43],[-116,-46],[-27,4],[-15,31],[-23,1],[-54,-25],[-20,15],[-32,-11],[-12,25],[-29,-19],[-21,16],[-105,-47]],[[41111,28919],[-11,30],[19,96],[-11,38],[-2,56],[-13,25],[13,24],[57,290]],[[41163,29478],[24,125],[-73,144],[31,0],[0,135],[-16,35],[-24,1],[-1,42],[33,0],[0,81],[-25,0],[0,60]],[[41112,30101],[94,0],[28,18],[48,0],[-1,57],[33,-23],[47,-1],[0,-25],[60,18],[89,40],[0,8],[143,1],[75,15],[30,18],[80,-2]],[[39816,27735],[53,-46],[25,24],[39,-23],[48,-65],[18,0],[7,-53],[44,0],[0,-30]],[[35056,36135],[-9,68],[39,10],[-11,-73],[-19,-5]],[[35125,36224],[-8,28],[34,12],[12,-20],[-38,-20]],[[38450,37721],[20,0]],[[38470,37721],[102,0],[0,-287],[324,-2],[65,24],[334,-2],[16,-10],[329,-9],[0,-131],[38,0],[0,-175],[-118,0],[0,104],[-94,0],[0,-969],[23,-14],[39,0],[0,26],[54,0],[0,-24],[273,0],[0,173],[-132,0],[0,65],[54,0],[0,110],[184,0],[0,82]],[[39961,36682],[255,0],[0,-187],[119,0],[0,-381],[68,0],[0,-249],[-61,0],[0,-18],[-128,0],[0,-267],[128,0],[0,-194],[-304,-2]],[[40038,35384],[-5,94],[-61,4],[0,72],[-126,0],[-1,-72],[-68,0],[0,-67],[-69,0],[0,-42],[-84,-1],[-1,-87],[-151,0],[0,-29],[-261,-1],[0,-20],[-103,0],[0,-185],[-24,0],[-6,-68]],[[39078,34982],[-37,0],[0,39],[-22,0],[0,78],[-457,0],[0,-74],[-68,0],[0,-125],[-159,0],[0,-24]],[[38335,34876],[-121,0],[0,76],[-50,-38],[-86,0],[0,-52],[-92,-7],[-442,0],[-31,-13],[-88,-88]],[[37425,34754],[-51,53],[-35,47],[-83,82],[-43,51],[-58,52],[-129,161],[1,32],[-23,43],[10,30],[-34,84],[-29,7],[-46,35],[63,9],[14,19],[14,88],[-13,63],[-17,42],[15,47]],[[63895,63900],[0,174],[314,0],[0,-732],[-195,0],[0,-174],[19,0],[0,-197],[44,0],[0,-249],[339,0],[0,123],[-212,0],[0,126],[226,0],[0,147],[78,0],[0,278],[574,0],[0,12],[140,0],[-1,299],[84,0],[0,-174],[491,0],[0,174],[455,0],[0,-19],[30,-115],[599,0]],[[66880,63573],[0,-1253],[0,-1755],[0,-1054]],[[66880,59511],[0,-801],[0,-775],[0,-3948],[0,-557]],[[39178,24638],[23,66],[5,140],[-1,97],[12,128],[-31,294],[-32,157]],[[39154,25520],[59,0],[45,9],[23,17],[92,0],[0,-19],[35,-16],[67,1],[0,25],[83,-13],[45,-16],[170,-1],[0,13],[77,-1],[14,-16],[45,10],[268,1],[61,-18]],[[37700,33259],[1,45],[12,42],[3,56],[15,46],[8,61],[-1,63],[42,104],[0,52],[-48,130],[-13,53],[-24,42],[5,77],[-28,78],[-38,47],[-12,60],[-1,77],[-68,203],[-1,28],[-28,71],[-4,28],[-35,56],[-60,76]],[[38335,34876],[0,-334],[-20,-100],[-3,-117],[0,-294]],[[38312,34031],[1,-643],[-18,0],[0,-131]],[[45511,23441],[121,0],[0,47],[95,0],[0,33],[116,0],[0,-11],[95,0],[-1,65],[-14,0],[0,106],[594,1],[1,169],[133,-48],[-34,191],[261,-94],[49,46],[16,42],[54,84]],[[46997,24072],[23,34]],[[47020,24106],[201,-124],[-62,-95],[-39,-41],[-22,-51],[-85,-130],[31,-72],[-23,-8],[1,-32],[-28,-14],[36,-95],[15,6],[87,-6],[0,-1157]],[[47132,22287],[12,-5],[-9,-94],[18,-70],[21,-1],[50,-55],[58,14],[0,-31],[-46,0],[-65,-48],[-72,9],[22,31],[-20,43],[-48,-11],[-37,32],[-77,-32],[-1,-42],[-28,-53],[25,-32],[-1,-47],[-38,-34],[-4,-44],[-55,26],[17,43],[-36,24],[-66,4],[-52,-17],[-37,-34],[7,-47],[20,-39],[-17,-40],[-38,-5],[-13,-26],[-62,1],[35,37],[-44,43],[-77,29],[-15,-21],[-45,0],[-14,26],[-58,32],[-47,8],[-53,19],[-34,-4],[-103,20],[-89,2],[-54,-9],[-63,-32]],[[39497,28121],[-37,-8],[-114,-1]],[[39346,28112],[-5,27],[-44,69],[10,72],[-28,108],[-25,44]],[[39254,28432],[86,0],[4,-24],[51,-2],[37,-48],[-9,-21],[23,-44],[-5,-30],[48,-54],[8,-88]],[[39824,27880],[30,36],[94,-28],[6,17]],[[39954,27905],[45,-2],[33,-37],[46,8],[11,23],[35,-2],[43,-30],[40,-16],[26,-32],[59,-32],[61,-73],[44,-25],[67,-90]],[[40464,27597],[-8,-50]],[[49933,32132],[703,41],[853,-4],[864,0],[0,5],[645,1],[182,-3],[0,5],[336,0],[514,-4],[0,3],[383,1],[1039,0],[2078,0],[2268,-27],[849,1],[2804,23],[0,-387],[971,-5],[2461,5]],[[43420,54835],[0,52],[11,31],[58,-46],[-22,-63],[-47,26]],[[41007,54926],[7,-37],[-73,4],[-35,-7],[-52,23],[-9,27],[28,37],[37,-7],[42,-32],[59,79],[7,-41],[-11,-46]],[[38940,53007],[47,53],[23,0],[11,-53]],[[41132,55283],[-9,-26],[0,-58],[-41,-26],[-21,43],[35,52],[36,15]],[[41498,55149],[23,61],[44,44],[18,4],[-34,-82],[-27,-45],[-24,18]],[[41779,55390],[-85,36],[-65,39],[-39,44],[18,13],[25,-25],[146,-97],[0,-10]],[[39619,54103],[18,36],[21,-7],[2,-43],[-41,14]],[[41134,54953],[27,50],[26,20],[50,-13],[-32,-33],[-18,-55],[-22,-15],[-44,-1],[-19,16],[32,31]],[[41231,54952],[40,-14],[-27,-71],[-46,14],[14,60],[19,11]],[[39026,53007],[-13,76],[57,76],[74,73],[53,2],[30,40],[-1,24],[21,19],[44,-15],[42,16],[15,33],[36,-8],[-5,32],[43,8],[71,0],[25,88],[0,22],[35,32],[11,45],[30,38],[24,86],[85,107],[18,-4],[121,90],[83,26],[61,28],[22,1],[58,40],[28,-6],[41,14],[48,37],[23,31],[33,-19],[16,21],[-7,38],[14,45],[-7,63],[34,33],[-28,10],[19,57],[-2,43],[11,31],[37,-25],[29,-39],[27,1],[24,-25],[24,4],[38,-21],[80,23],[34,70],[44,-8],[69,28],[44,1],[46,17],[34,0],[43,35],[19,26],[50,44],[1,26],[25,36],[139,36],[37,39],[18,-13],[72,80],[63,30],[36,27],[0,18],[41,37],[38,12],[12,39],[28,56],[38,41],[3,25],[23,37],[35,12],[4,57],[84,18],[32,-1],[-19,-41],[-41,-61],[-34,-38],[8,-37],[-59,-125],[-2,-35],[16,-41],[56,-67],[86,-32],[60,-5],[97,51],[26,49],[58,47],[60,24],[43,-1],[7,-35],[58,67],[37,8],[29,-28],[44,-17],[25,16],[14,50],[25,33],[50,45],[10,-36],[29,-21],[13,-30],[-37,-20],[-17,-25],[4,-34],[51,-12],[-13,-41],[46,-27],[15,6],[70,-33],[36,-34],[111,-17],[42,-12],[36,-31],[10,34],[27,-39],[26,48],[99,0],[55,7],[32,14],[88,18],[96,48],[15,-6],[20,40],[46,11],[39,27],[44,-79],[17,49],[27,-6],[15,29],[27,-46],[89,17],[69,31],[51,-28],[35,10]],[[43627,54762],[246,-2],[0,-286],[166,0],[0,-74],[129,0],[41,-10],[0,-21],[113,81],[84,0],[0,-119],[-53,0],[0,-50],[107,0],[0,-123],[-16,0],[0,-367],[-391,0],[0,-378],[111,0],[0,-137]],[[41104,54725],[66,13],[23,20],[17,-26],[-22,-34],[-73,-67],[-51,-12],[17,32],[-25,28],[9,36],[39,10]],[[41576,55181],[32,73],[32,48],[45,35],[-14,-117],[35,2],[-27,-72],[-69,-13],[-51,0],[17,44]],[[38877,55308],[9,-23],[-4,-54],[-25,-16],[20,93]],[[41550,55302],[24,35],[29,-8],[-25,-54],[-33,-29],[-23,12],[28,44]],[[42631,23494],[-6,62],[22,11],[-1,70],[-23,69],[11,9],[0,99]],[[42634,23814],[189,-1],[0,50],[70,1],[29,34],[27,0],[2,43],[45,-1],[2,76],[119,0],[22,25],[12,39],[67,35],[53,-3],[18,43],[-8,52],[32,1],[0,43],[30,1]],[[43828,24250],[5,-53],[57,-10],[12,-19],[-3,-154],[-6,-88],[22,6],[3,-63],[0,-205],[-10,-157]],[[43351,28169],[-65,16],[-78,-8],[-24,-15],[-58,-10]],[[43126,28152],[1,39],[52,-6],[15,107],[3,182],[29,25],[8,40],[-2,136],[-6,39],[-2,133],[6,82],[-17,0],[0,75],[10,62],[-25,48],[0,85],[36,0],[0,29]],[[43234,29228],[67,0]],[[43301,29228],[32,0],[24,-33],[134,0],[16,31],[79,64],[2,30],[43,-10],[54,0],[0,24],[199,0]],[[43884,29334],[104,-4],[16,30],[48,-26]],[[44052,29334],[37,-65],[0,-108],[-53,-1],[-5,-86],[8,-54],[55,-1],[12,-55],[-5,-175],[-50,-36],[-62,-9],[-33,-29],[-2,-50],[2,-206],[25,0]],[[44757,24606],[0,-39],[122,1],[13,25],[85,0],[-15,-47],[45,-7],[162,0],[0,13],[95,0],[-1,86],[71,38],[98,-109],[141,139],[125,-137],[169,106],[26,-38],[240,-58],[9,45],[203,-1],[34,-33],[-1,-518],[619,0]],[[41381,23728],[19,18],[63,-1],[46,-48],[37,24],[0,33],[129,-4],[69,-8],[0,26],[71,-5],[99,0],[0,87]],[[41914,23850],[217,0],[89,-20],[73,-4],[50,24],[41,-15],[0,-22],[55,-15],[100,26],[14,-10],[81,0]],[[44425,27079],[112,4],[44,14],[107,0],[0,-34],[310,2],[82,26],[82,-6],[154,-2],[0,36],[-18,25],[134,0],[0,9],[135,6],[109,38],[41,-13],[90,2],[0,-16],[112,9],[0,56],[514,-2],[37,27]],[[46470,27260],[828,-2],[898,2]],[[48196,25920],[-564,0],[-38,59],[-44,54]],[[47550,26033],[-313,383],[-60,-43],[-135,-4],[0,-27],[-94,10],[-58,-1],[-71,88],[-80,-47],[-119,-2],[-33,-58],[-43,32],[-48,-9],[-391,-1],[0,-16],[-98,0],[0,17],[-67,-1],[0,-37],[-71,0],[-8,79],[-277,3],[-122,-17],[-64,0],[-89,-13],[-112,0],[0,10],[-120,0],[-68,14],[-100,0],[-99,-6],[-2,20],[-98,-59],[-38,27],[-86,-8],[-73,-1],[-37,18],[-1,43],[-35,-19],[-31,25],[-63,0],[0,39],[-18,20],[-140,-4],[-62,-17],[6,98],[-30,15]],[[43092,32024],[104,0],[0,-1167],[-11,-14],[0,-442],[-21,0],[-9,-77],[25,0],[0,-96]],[[43180,30228],[-44,-3],[-36,15],[-31,-3],[-22,-36],[-27,-10],[-48,12],[-5,-34],[-114,21],[0,28],[-74,0],[-52,-13],[-30,-21],[-18,-58],[-159,0]],[[42380,30604],[2,14],[62,92],[0,130],[14,31],[-2,58],[-19,9],[-1,91],[16,0],[-1,227],[-23,0],[0,68],[16,4],[6,77]],[[47550,26033],[-54,-39],[-44,-14],[0,-24],[-149,0],[0,-35],[-344,-1],[-81,10],[-83,0],[-19,-21],[-76,11],[-38,17],[-268,7],[-129,27],[-199,-1],[-41,-21],[-31,28],[-106,-2],[-23,-21],[-6,-59],[-53,0],[0,31],[-138,0],[-6,-27],[-45,38],[-374,2],[0,-61],[-12,-28],[-57,-59],[-11,66],[-27,-7],[-85,-1],[0,-46],[-60,0],[0,30],[-54,0],[0,-77],[-93,0],[0,-31],[-36,0],[0,-52],[-25,0],[0,-78],[-21,0],[0,-100],[-109,0],[-53,8],[-1,-31]],[[43841,25254],[14,173],[3,85],[-71,215],[-87,583]],[[39653,27315],[-3,-52],[-27,-16],[3,-136],[-28,-29]],[[39598,27082],[-62,14],[-61,-36],[-30,1],[-28,43],[1,47],[-64,-5]],[[39354,27146],[11,32],[-9,34],[35,55],[5,46]],[[48353,25172],[-120,-4],[70,-92],[-185,-116],[15,-23],[0,-144],[49,0],[0,-39],[-124,-88],[-195,-122],[-61,-6],[-30,-14],[-73,-93],[-185,145],[-6,-1],[-281,-283],[-39,-35],[-150,-118],[-18,-33]],[[66883,34822],[-1044,-9],[-2389,-5],[-1797,13],[-255,1],[-1308,-4],[-1319,3],[-596,-1],[-1652,-2],[-1071,5],[-1281,-2],[-1,9],[-243,0],[0,-172],[-43,0],[0,-217],[-567,0],[0,-67]],[[53317,34374],[-38,82],[-40,36],[3,15],[-30,43],[-4,56],[-56,84],[25,26],[-4,70],[-34,38],[-922,-2],[0,264],[-72,0],[0,145],[-125,0],[0,141],[-23,0],[0,176],[-106,0],[0,277],[-269,0],[0,50],[-101,0],[0,-50],[-33,0],[0,68],[-102,0],[0,308],[523,0],[0,-56],[342,0],[1,502],[-5,0],[0,485],[-148,0],[0,660],[202,0],[0,501],[-187,0],[0,-66],[-252,0],[0,-180],[-228,0],[0,98],[-160,0],[0,677],[34,0],[0,99],[95,0],[0,58]],[[51603,38979],[270,0],[0,1153],[595,0],[0,-51],[822,0],[0,276],[474,0],[0,138],[571,0],[0,-65],[172,0],[0,-151],[795,-3],[886,-1],[855,1],[834,4]],[[57877,40280],[708,-2],[1553,2],[1451,0],[1442,0],[2453,-7],[1399,7]],[[53317,34374],[0,-317],[-216,0],[0,-218],[-170,0],[-1,-126],[-259,0],[0,107],[-205,0],[0,338],[-380,0],[-6,83],[7,217],[-212,3],[0,142],[-171,0],[0,-126],[-350,0],[0,-16],[-301,0],[0,171],[-415,0],[0,137],[-722,-3],[1,286],[-311,1],[0,393],[151,0],[0,385],[-286,0],[0,225],[-359,0],[0,123],[-842,1]],[[48270,36180],[0,412],[314,0],[0,582],[-87,-1],[6,1037],[-172,0],[0,264],[-34,0],[0,505]],[[48297,38979],[972,-4],[689,-1],[732,2],[913,3]],[[39246,25878],[-74,0],[8,-35],[-88,10]],[[39092,25853],[-14,68],[-17,141],[-14,50],[4,48],[43,140],[-4,15],[84,81],[70,114],[30,-36],[-1,-49],[-19,-23],[-67,-23],[-41,-67],[-27,-31],[11,-81],[20,-32],[-2,-26],[25,-60],[10,-73],[37,-62],[26,-69]],[[39340,26658],[76,1]],[[39416,26659],[8,-28],[-12,-70],[5,-29],[-24,-74],[-41,-45],[13,-39]],[[39365,26374],[-13,26],[-63,-9],[-8,70],[-16,41],[25,3],[27,39],[20,67],[3,47]],[[41549,21592],[-32,-51],[31,-37],[-53,-87],[16,-36],[58,-12],[51,7],[16,-48],[-33,-21],[-4,-67],[16,-62]],[[41397,20518],[-24,-27],[-40,29],[-39,-12],[-44,-33],[-66,-15],[-52,50],[-59,7],[-32,29],[-70,33],[-65,-10],[-25,-20],[-23,31],[-70,59],[-117,74],[-71,52],[-93,45],[-57,42],[-65,33],[-114,31],[-61,28],[-61,16],[-85,-11],[-63,17],[-90,4],[-43,-4],[-11,27],[12,44],[-41,70],[-33,41],[-9,52],[-26,49],[-273,290],[-157,151],[-87,73],[-56,54]],[[39187,21817],[41,13],[64,42],[70,5],[33,15],[37,32],[59,83],[-24,16],[-18,41],[-22,17],[-18,51],[24,1],[3,46],[71,13],[29,70],[52,-14],[18,19],[0,178],[5,21],[57,55],[7,57],[16,11],[57,0],[0,64],[55,14],[40,-21],[43,5]],[[49570,47476],[-122,-184],[-4,-17],[-151,-96],[-51,11],[-41,-44],[-118,-208],[-55,-152],[-94,-130],[-91,-88],[-55,-83],[-14,-37],[-96,-150],[-46,-58],[-14,-94],[-61,-108],[-52,-32],[-54,-63],[-43,-204],[-70,-47],[-23,-41],[21,-22],[11,-55],[21,-35],[-15,-30],[-17,-103],[-14,-31],[-57,-235],[28,-62],[-2,-266],[11,-21],[58,-148],[35,-58],[21,-137],[154,-345],[19,-50],[7,-69],[-53,-23],[-82,-73],[-108,-253],[7,-451],[-4,-58],[11,-22],[16,-145],[16,-24],[0,-67],[10,-158],[14,-67],[-231,-651],[-64,-80],[-33,-60],[-41,-131],[-16,-20],[-25,-92],[-56,-62],[-24,-64],[-33,-39],[-110,-257],[-20,-42],[0,-138],[-26,-23],[-32,-7],[-56,-38],[-25,-29],[-257,-172],[-24,-43],[-40,-16],[-14,-67],[-100,-92],[-55,-87],[-33,-98],[-80,-112],[-75,-39],[-149,-188],[-16,-84],[-92,-261],[-30,-15],[-76,-114],[-74,-254],[6,-29],[-15,-50],[9,-69]],[[46516,39120],[-32,-104],[-191,0],[0,-53],[-144,0],[0,-38],[-377,0]],[[43234,40563],[-1,636],[-301,0],[0,216],[-265,0],[0,422],[-158,0],[0,-19],[-135,0],[0,184],[339,0],[0,176],[-339,0],[1,365],[80,0],[0,380]],[[42455,42923],[0,70],[99,0],[0,57],[163,0],[-4,517],[636,0],[0,-60],[166,0],[0,282],[-43,0],[0,141],[120,0],[0,858],[-152,0],[0,171],[312,0],[0,182],[-167,0],[0,30],[-358,0],[0,382],[124,0],[0,44],[-27,0],[1,336],[319,0],[23,833],[0,127],[-45,0],[0,195],[-379,0],[0,234]],[[39399,27677],[22,42],[78,-32],[10,25],[35,29],[14,-23],[1,-52],[17,-30]],[[48205,32131],[-9,1],[-1028,432],[-902,380],[-1200,496]],[[45066,33440],[-141,795],[0,415],[592,-4],[0,-442],[998,3],[299,429],[662,-4],[234,472],[0,160],[56,0],[0,915],[504,1]],[[44052,29334],[128,1],[90,35],[-17,59],[0,40],[77,0],[49,16],[14,18],[214,0],[0,43],[77,39],[-4,39],[11,44],[60,103],[31,7],[55,-13],[84,32],[149,5]],[[45070,29802],[0,-123],[8,-15],[1,-154],[8,-25],[-10,-55],[0,-92],[-14,-103],[0,-70],[208,-315],[33,22],[27,-41],[26,16],[18,-28],[49,-13],[136,0]],[[45560,28806],[29,0],[0,-151],[102,0],[1,-183],[-137,-1],[106,-147]],[[45661,28324],[-116,-1],[-53,-39],[0,-22],[-80,7],[-606,-2]],[[39078,34982],[0,-102],[52,0],[0,-48],[51,-15],[133,0],[0,-81],[-129,-2],[1,-348],[163,1],[-1,-174]],[[39348,34213],[-4,-162],[-180,0],[0,-24],[-26,-16],[-23,50],[-22,-10],[-120,-2],[0,24],[-451,3],[-100,-36],[-110,-9]],[[40926,31300],[1,-211],[65,-3],[1,-289],[-187,-1]],[[40806,30796],[-109,0],[0,-55],[-402,-1],[0,-202],[-28,0],[9,-77],[-155,1],[1,30],[-198,0],[-31,-16],[-14,50],[-27,-28],[-125,0]],[[40038,35384],[0,-93],[8,-25],[144,0],[0,-70],[48,3],[0,-38],[65,0],[1,-74],[48,0],[0,-72],[231,0],[0,-152],[75,0],[0,-186],[204,0]],[[40862,34677],[22,0],[0,-239],[-138,2],[-81,-4],[2,-154],[-151,-1],[-84,-6],[0,-28],[-42,-8],[-191,-18],[-65,1],[-22,-11],[0,-83],[-417,-1],[-2,-47]],[[39693,34080],[-134,0],[0,134],[-211,-1]],[[39363,27736],[28,1]],[[39391,27737],[18,-31],[-15,-20],[-31,2]],[[39346,27694],[1,13]],[[45333,37813],[0,-252],[37,0],[0,-289],[129,0],[0,-308],[-400,0],[0,-63],[110,0],[1,-338],[-111,0],[0,-22],[-148,0],[0,-356],[173,0],[0,-26],[86,0],[0,-173],[-61,0],[-197,-441],[1,-597],[-86,0],[0,-63],[-257,0]],[[44610,34885],[0,132],[-175,0],[0,-23],[-256,0],[0,158],[-71,0],[0,212],[6,0],[0,139],[86,0],[0,216],[-172,0],[0,-84],[-93,0],[0,-153],[-349,0],[0,-69],[-64,0],[0,220],[-424,0],[0,545],[-180,0],[0,138],[-95,0],[0,217],[-171,0],[0,162],[-158,0],[0,234],[-52,0],[0,536],[20,0],[-1,217],[-59,0],[0,56],[307,0],[0,122],[-178,0],[0,173],[119,0]],[[42985,32990],[9,45],[19,21],[57,13],[26,35],[-8,38],[33,-6],[-33,61],[3,76],[18,39],[22,98],[21,7],[44,-52],[19,7],[86,-49],[31,-26],[71,-7],[38,50],[-22,5],[-1,52],[-31,43],[492,0]],[[43879,33440],[1187,0]],[[45066,33440],[10,-58],[-1,-1351]],[[45075,32031],[-744,0],[0,-623],[22,-74],[-1,-168],[-42,0],[0,-30],[-47,0],[-1,-49],[-35,11],[-52,-1],[0,-128],[84,0],[0,-61],[36,-36],[0,-44],[20,0],[0,-129],[-43,0],[0,-43],[-37,0],[0,-95],[-37,0],[0,-52],[-52,0],[0,-42],[-15,-16],[59,-148],[-40,0],[-8,-78]],[[44142,30225],[-241,-1],[-41,-3],[-1,49],[-126,0],[-62,-20],[-162,-4],[1,-56],[-111,6],[-9,41],[-21,4],[-137,0]],[[43232,30241],[-52,-13]],[[45075,32031],[0,-104],[15,-138],[10,-25],[0,-423],[-30,-1060]],[[45070,30281],[-145,0],[0,-212],[-58,-22],[-90,-19],[-25,-14],[-10,-51],[-151,64],[-38,-36],[-16,5],[-57,129],[-39,-58],[-79,-16],[-17,38],[-109,-49],[0,-26],[-50,0]],[[44186,30014],[0,114],[-44,0],[0,97]],[[39954,27905],[-60,53],[18,24],[0,36],[60,9],[14,34],[37,11],[0,59],[249,0],[1,39],[30,-13],[107,1],[40,17],[-4,139],[-36,0],[42,113],[31,18]],[[40483,28445],[104,-6]],[[40587,28439],[0,-94],[-6,-75],[18,-9],[-23,-44],[32,-41],[0,-46],[-25,-42],[0,-120],[143,-6]],[[40726,27962],[-12,-246],[-87,1],[0,15],[-134,1],[-1,-43],[45,-1],[-1,-93],[-72,1]],[[42474,39039],[0,217],[-464,0],[0,-312],[-341,0],[0,-237],[-82,0],[0,325],[-233,0],[0,-279],[47,0],[0,-680],[-320,0],[0,98],[-35,0],[0,59],[-240,0],[0,-102],[-101,0],[0,-248],[-134,0],[0,-56],[-357,0],[-1,-653],[-103,0],[0,85],[-136,0],[0,-255],[389,0],[0,-154],[-148,0],[0,-35],[-284,0],[0,-130],[30,0]],[[38470,37721],[1,299],[144,0],[9,59],[0,245],[-142,0],[-63,4],[0,58],[-158,0],[0,105],[-54,0],[0,257],[55,0],[0,201],[-32,0]],[[38230,38949],[0,207],[218,0],[0,48],[-42,0],[0,528],[28,0],[-1,451],[198,0],[0,1213],[226,0],[1,173],[-26,0],[0,470],[-67,0],[0,187]],[[38765,42226],[0,150],[55,-11],[57,15],[14,23],[54,39],[67,23],[51,3],[1,225],[186,0],[0,117],[321,0],[0,-14],[295,0],[0,14],[966,0],[0,140],[75,0],[0,100],[858,0],[1,-127],[689,0]],[[40234,25829],[0,33],[-134,1],[-28,48],[-36,-9],[-21,40],[-60,-15],[-59,17],[-33,-12],[-13,-45],[-49,17],[-43,-46],[-160,-1],[-56,-16],[-103,14],[-89,-22],[14,26],[-92,-7],[-5,49]],[[39267,25901],[25,-14],[4,61],[-34,29],[7,30],[-24,39],[-10,52],[-26,30],[0,59],[-37,45],[20,32],[57,-54],[42,28],[41,-35],[62,27],[5,98],[-28,8],[-6,38]],[[39416,26659],[35,7],[54,-13],[9,32],[54,0]],[[39568,26685],[0,-25],[110,0],[0,-34],[136,0],[0,20],[65,5],[524,0]],[[40403,26651],[0,-94]],[[39187,21817],[-131,104],[-69,47],[-40,17],[-32,-3],[-46,44],[-88,38],[-84,70],[-109,58],[-102,32]],[[45661,28324],[169,-236],[23,-26],[80,-115],[78,-70],[44,-55],[130,0],[0,12],[103,0],[24,-21],[66,0],[0,-100],[86,0],[0,-163],[19,0],[0,-44],[-203,0],[190,-246]],[[42752,25828],[43,0],[24,-31],[0,-45],[117,-8],[0,-44],[17,-38],[56,-11],[36,8],[67,0],[19,-29],[-8,-89],[2,-115],[-17,-67],[13,-81]],[[43121,25278],[-7,-68],[-66,-3],[0,-19],[-47,0],[6,-50],[-43,-11],[0,-18],[-111,6],[-45,-12],[-47,-1],[-65,12],[-11,-51],[-88,-4],[-70,5],[-7,-42],[-29,1],[-96,-15],[-50,-1],[-15,-29],[-70,9],[-54,-37],[-40,-17],[-51,-3]],[[42115,24930],[-61,-6],[-25,-13],[-60,-4]],[[41969,24907],[-1,43],[30,6],[-1,47],[-17,27],[-3,115],[-39,9],[15,37],[3,161],[-41,-17],[-27,24],[0,74],[17,30],[0,33],[-22,26],[-36,2],[7,103],[-13,63]],[[39457,27870],[-5,-39],[25,-1]],[[39477,27830],[8,-61]],[[39485,27769],[-17,-26],[-36,-10],[-11,33]],[[39350,27788],[2,73]],[[57877,40280],[0,3172],[0,2385],[0,2325]],[[66880,48162],[0,-909],[0,-754],[0,-3634],[0,-805],[3,0]],[[41844,28454],[-35,21],[-45,-14],[19,-40],[-201,-95],[-31,59],[-55,-27],[-20,38],[-45,-30],[-13,26],[-364,-183],[-66,0],[-65,-31],[12,-47],[29,-52],[29,-25],[0,-24],[28,-12],[-74,-66],[-221,10]],[[40587,28439],[59,0],[0,17],[97,0],[0,41],[28,22],[14,-27],[41,21],[27,-43],[40,24],[48,0],[-33,60],[-29,24],[48,25],[-42,63],[198,100],[-15,30],[34,20],[-17,33],[23,12],[-19,38],[22,20]],[[36871,35989],[-94,166],[-50,68],[-120,123],[-10,41],[-41,60],[-6,39],[-43,46],[-21,43],[-39,34],[-45,65],[-24,60],[-32,22],[-59,26],[-54,46],[-28,13],[-22,47],[-68,98],[-41,32],[-14,45],[-8,70],[-58,281],[-35,142],[-33,89],[15,82],[29,111],[27,57],[27,29],[15,87],[-16,108],[-17,72],[-32,85],[-28,100],[-24,104],[-45,113],[-25,51],[-36,95],[-85,187],[-96,197]],[[35635,39123],[214,0],[0,280],[338,0],[0,-212],[106,0],[2,-64],[363,0],[0,-131],[609,0],[663,-50],[300,3]],[[43884,29334],[20,42],[10,48],[-30,28],[-1,37],[45,-31],[-2,99],[63,0],[0,17],[-39,16],[35,86],[29,49],[8,63],[-4,53],[19,57],[52,30],[0,16],[38,33],[59,37]],[[45070,30281],[0,-479]],[[39392,27761],[-1,-24]],[[39902,33671],[-1,123],[-104,-1],[0,141],[-104,-1],[0,147]],[[40862,34677],[0,29],[137,0],[0,414],[167,1],[-2,99],[442,1],[1,-227],[197,1],[0,-263],[53,0],[0,22],[192,0],[0,-91],[27,0],[1,-52],[-28,0],[0,-51],[-41,0],[0,-104],[252,0],[0,-180],[-258,0],[0,-430],[151,0],[-1,-790]],[[39540,27885],[52,-20],[25,5]],[[39617,27870],[-6,-44],[-45,16],[-30,-9],[-42,-31],[-9,-33]],[[39477,27830],[58,50]],[[43134,26455],[0,-123],[14,-26],[-59,0],[0,-34],[-78,0],[-68,15],[-133,-1],[-63,10],[-51,-34]],[[41751,26170],[-4,32],[8,102],[14,55],[-56,50],[-23,50],[-30,14],[-69,92],[-16,15]],[[43627,54762],[-33,-5],[-43,29],[39,27],[61,62],[66,48],[22,51],[20,12],[-5,44],[37,28],[47,-15],[4,20],[31,16],[35,-18],[-7,42],[-23,9],[24,69],[-8,39],[110,22],[69,45],[27,28],[24,47],[42,15],[134,105],[54,33],[43,51],[7,-22],[-43,-69],[4,-25],[66,23],[28,-9],[29,29],[56,-6],[11,25],[49,13],[8,-13],[52,32],[37,11],[38,26],[6,-50],[42,-36],[-1,35],[47,10],[37,-4],[16,22],[30,6],[17,-18],[34,23],[27,-22],[36,-5],[10,29],[95,54],[53,41],[14,-15],[-17,-40],[5,-43],[60,-13],[-7,39],[-32,20],[11,19],[75,6],[35,17],[22,-33],[72,-34],[28,26],[55,21],[71,47],[36,13],[62,7],[37,-5],[25,20],[10,54],[20,46],[43,-3],[0,37],[70,116],[26,24],[66,31],[38,42],[36,76],[19,96],[17,46],[38,5],[86,25],[31,19],[53,64],[-11,43],[17,23],[46,-2],[66,-51],[17,-50],[20,-27],[80,-20],[4,17],[-76,21],[-8,73],[11,46],[24,15],[69,-4],[83,-45],[97,-25],[31,-15],[38,6],[73,-12],[25,-18],[72,9],[41,-40],[73,-2],[32,-13],[13,-36],[32,-30]],[[42149,27789],[-25,53],[36,34],[-18,35],[94,48],[-32,46],[-32,14],[64,32],[-12,22],[47,14],[-50,94]],[[42750,28210],[81,-7],[0,-30],[36,0],[82,-19],[0,-24],[113,-5],[23,27],[41,0]],[[49815,23245],[-22,2],[-94,-16],[-57,0],[-48,16],[-69,0],[-21,-14],[-78,14],[-73,-20],[-27,-22],[-6,-52],[-67,-24],[-30,-28],[-68,-23],[-10,-26],[-40,10],[-22,-20],[-145,45],[-106,26],[-176,23],[-76,-9],[-37,3],[-119,-42],[-13,19],[-76,32],[-67,19],[-68,-32],[-46,-3],[-28,-36],[-65,-59],[-50,22],[-129,-3],[-29,-6],[-86,-45],[-32,-34],[-13,-51],[-31,-27],[-34,-7],[-34,-47],[-20,5],[-69,-32],[-7,-16],[-52,-7],[-57,-45],[11,-29],[-40,-15],[-49,-37],[-31,-39],[-9,-38],[20,-10],[-71,-67],[-39,-53],[-36,-67],[-29,-92],[-13,-1]],[[39178,27278],[-21,53],[36,3],[-5,-29],[30,-75],[13,-9],[-31,-58],[-20,76],[-2,39]],[[39598,27082],[37,-34],[-31,-96],[-41,-33],[-6,-53],[-35,-24],[-11,-66],[57,0],[0,-91]],[[39340,26658],[4,53],[-12,71],[-29,44],[-36,36],[39,10],[25,52],[-4,43],[-25,39],[-58,11],[8,70],[40,-2],[62,61]],[[46516,39120],[273,-26],[525,0],[0,-115],[983,0]],[[43879,33440],[0,550],[-11,0],[1,127],[-36,2],[0,51],[-67,0],[0,68],[-217,1],[1,398],[205,0],[0,23],[152,0],[0,-47],[303,-1],[0,-63],[131,0],[0,147],[269,1],[0,188]],[[40258,27060],[74,-132],[12,-32],[59,-81],[0,-164]],[[37768,42569],[575,0],[0,-247],[34,0],[0,-96],[388,0]],[[35635,39123],[-65,115],[-151,289],[-57,98],[-36,96],[-43,65],[-26,55],[-41,53],[-15,35],[-96,136],[-34,58],[-28,31],[-27,48],[-39,50],[-13,31],[-63,86],[-57,86],[-168,198],[-118,114],[-245,255],[-5,18],[-62,62],[24,31],[-29,56],[11,39],[-46,128],[-85,144],[-122,128],[-20,42],[12,19],[40,-24],[8,-23],[89,-23],[44,-18],[14,-114],[23,33],[-8,99],[26,67],[8,107],[0,60],[-15,22],[1,86],[22,36],[28,-44],[5,-60],[-6,-39],[22,-76],[7,-150],[-6,-81],[11,-34],[-13,-27],[8,-64],[19,-62],[5,-46],[-19,-18],[25,-62],[53,16],[-1,-98],[14,-47],[29,33],[1,58],[-25,28],[-25,50],[-8,65],[-21,16],[20,43],[8,78],[17,14],[-4,64],[38,20],[-8,116],[17,101],[-28,34],[9,44],[-20,26],[-8,67],[-16,15],[14,38],[29,-53],[22,-71],[-5,-54],[30,-32],[-7,-20],[58,-69],[-6,-27],[16,-26],[31,-7],[8,-106],[24,-22],[5,-76],[37,-42],[6,-118],[33,-37],[-23,-50],[39,-16],[3,-40],[-39,8],[-5,-46],[31,-41],[-22,-28],[-28,-76],[-3,-40],[21,-26],[35,39],[13,69],[-10,57],[26,45],[16,48],[5,48],[-31,48],[8,35],[-30,24],[25,23],[10,42],[37,1],[19,-44],[-14,-28],[33,-89],[-12,-70],[26,-52],[12,-73],[-11,-67],[-20,-18],[22,-59],[30,-26],[-36,-101],[-2,-70],[27,-4],[27,-44],[13,42],[-4,45],[21,37],[-5,52],[48,29],[-4,29],[26,84],[13,-19],[-9,-39],[12,-37],[-8,-67],[-12,-22],[10,-56],[1,-112],[39,12],[27,-95],[-13,-8],[-1,-46],[37,1],[25,45],[17,89],[36,11],[26,-14],[52,6],[24,51],[36,-9],[14,-29],[56,2],[-6,64],[45,62],[51,22],[37,48],[20,46],[8,50],[-3,76],[-11,71],[-24,43],[31,73],[-11,41],[7,31],[-39,74],[-51,46],[-8,24],[-81,68],[-92,45],[-102,22],[-34,16],[-11,93],[-40,31],[-8,32],[-35,37],[-7,35],[-38,50],[-67,16],[-45,132],[13,31],[-1,45],[-26,20],[-9,79],[6,46],[-23,27],[-63,37],[16,84],[-29,58],[3,19],[-39,44],[-33,17],[-29,42],[30,61],[-12,38],[-12,86],[4,57],[-33,10],[-17,-15],[3,-32],[29,-40],[-13,-60],[-34,27],[-13,35],[-36,36],[2,95],[18,55],[17,84],[36,35],[49,125],[28,18],[26,57],[2,32],[24,25],[17,-60],[-9,-66],[21,-124],[26,-43],[43,-23],[54,-6],[14,-48],[-3,-28],[35,-106],[41,-46],[57,-28],[40,-64],[40,-41],[62,-9],[5,-63],[-9,-77],[20,-42],[44,-7],[23,-15],[-7,-63],[-23,-49],[-21,-13],[-12,-44],[8,-61],[-11,-28],[9,-64],[-72,-74],[10,-97],[-12,-22],[9,-75],[33,-104],[18,-25],[-14,-39],[29,-28],[24,9],[57,-25],[33,18],[86,133],[30,72],[36,54],[35,66],[13,66],[-2,34],[-40,142],[8,54],[41,-31],[33,2],[19,-58],[-25,-36],[-18,-66],[3,-31],[27,-36],[-8,-82],[5,-49],[23,-51],[44,2],[18,-31],[-26,-93],[-2,-53],[17,-51],[35,-45],[-18,-55],[35,-63],[0,-66],[16,-62],[96,-105],[68,-66],[12,-35],[32,-33],[3,-45],[27,-3],[14,26],[35,27],[28,41],[62,44],[20,48],[57,19],[35,23],[18,28],[-8,42],[45,67],[2,74],[-42,42],[-28,51],[3,49],[-29,49],[-7,56],[6,28],[40,25],[31,-17],[33,-2],[26,25],[0,29]],[[33655,43210],[-14,-46],[8,-60],[29,-57],[13,-57],[19,-23],[-1,-36],[26,-92],[15,-81],[27,-34],[-15,-19],[27,-96],[43,-49],[5,-51],[31,-67],[-10,-70],[23,-30],[73,-18],[-36,-31],[7,-22],[-33,-29],[13,-41],[-2,-43],[11,-47],[63,-6],[55,-51],[21,-5],[0,-64],[33,-16],[0,-51],[35,-79],[-3,-77],[-25,-5],[13,-43],[-34,-35],[-9,56],[-38,31],[-20,-2],[-33,98],[-15,62],[-45,80],[-60,80],[-95,106],[-31,49],[-32,71],[-17,80],[-47,68],[-70,123],[22,17],[5,56],[-15,27],[-7,46],[-23,34],[-43,138],[-15,9],[-18,131],[15,57],[-1,85],[25,39],[64,76],[29,-37],[35,-11],[42,7],[-20,-45]],[[35535,42393],[10,-59],[-5,-32],[-24,-2],[-58,27],[-45,44],[14,15],[-23,38],[4,84],[52,24],[67,-61],[8,-78]],[[39651,27701],[-41,-6],[-37,-18],[-15,58],[3,29],[-20,63],[38,-21],[33,8]],[[39612,27814],[20,-84],[17,-12]],[[39612,27894],[-66,59],[-44,-22]],[[39355,27964],[-9,77],[0,71]],[[39497,28121],[29,-14],[84,-6]],[[39610,28101],[1,-40]],[[39610,28101],[-2,93],[12,39],[2,401]],[[40177,28699],[182,0],[0,-168],[103,-1],[0,-85],[21,0]],[[39768,27937],[18,21],[-6,39]],[[42725,29096],[44,-13],[78,0],[0,75],[66,0],[0,83],[111,-2],[7,11],[203,0],[0,-22]],[[40373,29581],[131,-15],[109,0],[87,-169],[79,39],[18,-34],[89,45],[15,-28],[101,52],[44,-84],[94,79],[23,12]],[[43301,29228],[-25,24],[0,117],[-78,0],[-4,237],[15,0],[0,246],[14,0],[-5,81],[0,109],[-37,46],[52,29],[-1,124]],[[39612,27814],[38,44]],[[40806,30796],[-18,-44],[0,-188],[-6,-55],[17,-17],[0,-51],[35,-9],[0,-30],[154,0],[0,-176],[66,0],[23,-26],[0,-43],[30,-3],[5,-53]],[[39625,27893],[-8,-23]],[[43257,24401],[-44,-6],[-135,-1],[0,20],[-36,22],[-123,3],[0,-26],[-48,-23],[-9,-26],[-57,-38],[-59,-15],[-64,0],[-55,12],[-24,-12],[0,-33],[-54,-20],[0,-28],[-44,0],[-33,-21],[0,-58],[-177,-6],[-36,-18],[-66,-2],[-16,17],[-45,0],[0,33]],[[42132,24175],[11,66],[19,20],[0,32],[-20,30],[-23,116],[4,143],[-5,103],[23,0],[0,69],[-18,69],[3,53],[-11,54]],[[43121,25278],[85,-22],[165,0]],[[41824,25930],[-71,-1],[-65,-11],[-100,0],[-73,-45],[-9,-20],[-40,0],[-18,-47],[-70,4],[0,24],[-122,3],[-22,-38]],[[39254,28432],[-34,90],[-21,72],[-24,30],[-69,157],[-56,81],[-15,37],[-35,40],[-7,30],[-42,76]],[[39154,25520],[-12,90],[-42,146],[-8,97]],[[39246,25878],[21,23]],[[40673,24541],[134,0],[0,9],[152,47],[0,38],[62,0],[0,-17],[56,0],[179,72],[52,0],[-4,47],[164,-2],[0,26],[132,-4],[12,26],[37,32],[73,-1],[35,28],[70,2],[0,29],[42,10],[73,0],[27,24]],[[42132,24175],[-78,-3],[-35,14],[-46,-40],[-68,26],[0,-297],[9,-25]],[[45075,32031],[507,-1025],[0,-138],[7,-72],[37,0],[0,-88],[25,-30],[0,-98],[83,0],[0,-15],[72,1],[0,-23],[37,0],[0,-25],[37,0],[46,-23],[-11,-37],[34,0],[3,-54],[29,-23],[29,-75],[-25,-18],[-54,-1],[-3,-79],[-56,13],[-58,0],[0,-108],[23,-32],[0,-70],[-8,-59],[-55,0],[0,-62],[9,-48],[-52,0],[0,-67],[-26,0],[-2,-164],[-79,0],[0,-61],[-27,0],[-42,-38],[2,-165],[48,0],[0,-58],[-47,0],[0,-100],[-6,-64],[0,-144],[8,0],[0,-175]],[[56892,66099],[23,-23],[9,-52],[49,-2],[1,-44],[-61,11],[-18,29],[-21,71],[18,10]],[[56965,66068],[-36,0],[14,34],[22,-34]],[[57706,66026],[-50,-10],[-6,-21],[-37,-7],[-11,29],[20,43],[61,35],[40,40],[5,-42],[-22,-67]],[[57696,65913],[32,44],[57,-14],[21,-30]],[[57426,65996],[-1,60],[12,21],[-7,52],[28,13],[5,-80],[-37,-66]],[[57535,67377],[-45,-20],[-8,72],[-22,-28],[-16,28],[11,23],[37,10],[-3,51],[38,19],[-10,47],[20,44],[69,28],[42,35],[21,-28],[0,-51],[-25,-62],[22,-14],[27,21],[15,-18],[-1,-58],[39,3],[7,-26],[26,-23],[11,-29],[-14,-17],[20,-28],[53,-15],[-64,-39],[-32,-11],[-73,-46],[-44,-17],[-72,14],[-8,36],[62,37],[52,61],[-45,-6],[-2,41],[-53,-28],[-35,-6]],[[57274,67525],[-53,1],[-20,30],[15,33],[58,23],[45,-8],[34,37],[18,39],[55,-8],[9,-23],[-12,-47],[27,-29],[-41,-31],[-51,-2],[-21,29],[-28,-22],[-6,-45],[-29,23]],[[57074,67594],[10,-29],[-22,-16],[-43,17],[-50,-33],[-2,45],[78,35],[29,-19]],[[57255,67394],[-5,-51],[-39,33],[-11,36],[22,22],[29,-13],[4,-27]],[[57122,67451],[41,55],[48,28],[-27,-67],[-62,-16]],[[57761,67619],[9,22],[40,2],[-27,-41],[-22,17]],[[61767,70924],[-55,-22],[-24,51],[17,38],[26,7],[21,-18],[33,6],[54,-35],[29,3],[36,-12],[27,-37],[-22,-19],[-28,36],[-51,-4],[-36,18],[-27,-12]],[[60663,70007],[-10,-49],[78,-30],[11,-30],[-12,-24],[-37,22],[-2,-59],[-46,28],[-28,125],[46,17]],[[60058,69542],[1,56],[16,49],[-7,43],[19,17],[35,-9],[-11,-76],[15,-8],[-1,-48],[-36,-21],[-31,-3]],[[59668,69658],[44,-116],[8,-34],[-56,4],[-10,53],[-12,18],[-5,47],[31,28]],[[60541,69877],[34,15],[-3,-42],[-19,-26],[1,-37],[-25,-34],[-23,27],[23,49],[12,48]],[[61420,70681],[-22,40],[29,19],[13,-17],[44,-17],[-20,-48],[-21,-5],[-23,28]],[[59506,69493],[7,37],[30,-20],[33,6],[16,-26],[-42,-31],[-44,34]],[[60663,70118],[20,25],[46,-15],[-11,-24],[-48,-5],[-7,19]],[[60982,70765],[-15,18],[28,23],[12,34],[32,13],[10,-20],[-67,-68]],[[58549,69418],[-17,12],[2,63],[30,-13],[2,-33],[-17,-29]],[[61286,70851],[26,-35],[-30,-50],[-9,34],[13,51]],[[58521,69611],[13,50],[22,-45],[-35,-5]],[[59168,70017],[43,7],[-18,-42],[-23,9],[-2,26]],[[61275,70860],[-1,48],[25,6],[3,-33],[-27,-21]],[[59086,69658],[-5,31],[50,2],[-3,-19],[-42,-14]],[[59006,69929],[13,57],[22,-32],[-35,-25]],[[60633,69913],[-24,-38],[-14,22],[38,16]],[[61211,70845],[38,-17],[-15,-20],[-23,37]],[[58846,69138],[1,17],[-34,28],[-9,-26],[-29,15],[-10,191],[76,1],[25,13],[3,53],[-53,48],[12,40],[32,34],[36,8],[-10,38],[50,3],[26,-49],[54,-55],[-20,-15],[10,-36],[-34,-80],[-27,-4],[10,-41],[26,17],[28,-92],[-27,-28],[-16,18],[-32,-63],[-14,29],[-42,-42],[-8,-46],[-24,24]],[[58935,68175],[-4,-36],[21,-5],[27,22],[35,-21],[25,4],[5,-45],[-19,-43],[-51,-44],[-44,-4],[-18,29],[19,30],[-11,40],[-37,39],[3,61],[25,23],[16,-13],[8,-37]],[[58382,68244],[12,26],[-32,54],[-41,-5],[1,36],[78,11],[5,38],[-11,30],[14,24],[23,-71],[12,-68],[-19,-31],[41,-62],[-7,-37],[-76,55]],[[58169,67727],[88,-20],[13,-24],[-18,-43],[-69,-42],[-15,-24],[-36,35],[3,47],[34,71]],[[58614,67523],[28,-13],[-47,-110],[-38,-2],[-5,47],[24,19],[38,59]],[[59084,69195],[36,-44],[-22,-24],[-30,28],[-27,-46],[-29,-2],[-21,17],[48,42],[1,17],[44,12]],[[58492,68097],[-6,49],[16,48],[16,4],[17,-36],[-28,-75],[-15,10]],[[59043,68306],[20,42],[25,-36],[-20,-16],[-25,10]],[[58446,68123],[3,35],[20,33],[19,-7],[-24,-62],[-18,1]],[[58972,68426],[25,-33],[-21,-21],[-15,29],[11,25]],[[65726,68545],[17,17],[28,-26],[13,-32],[-12,-38],[-29,36],[-17,43]],[[65066,67920],[-17,34],[-11,51],[18,42],[11,105],[-11,27],[48,2],[20,-23],[0,-48],[17,-48],[33,-39],[32,-23],[14,-45],[-16,-57],[4,-66],[-68,55],[-74,33]],[[65194,67807],[-1,-19],[-74,77],[23,-1],[48,-38],[4,-19]],[[65431,68888],[-18,31],[31,6],[45,-40],[-44,-25],[-14,28]],[[64468,69573],[26,31],[4,39],[38,-6],[5,-52],[-47,-48],[-26,36]],[[57814,65913],[2,42],[-30,-1],[-13,18],[-41,15],[12,61],[35,62],[-33,42],[38,30],[68,75],[41,-20],[13,31],[54,27],[-8,58],[16,34],[-23,36],[-46,-5],[-7,21],[-86,-30],[-45,-38],[-26,-33],[-37,-82],[-37,-58],[-10,-49],[-42,-78],[2,-18],[-63,-116],[-23,-23],[-18,25],[14,106],[-15,36],[-22,7],[0,63],[-9,31],[6,53],[-29,11],[-9,32],[4,42],[-39,-25],[5,-34],[-12,-42],[-20,7],[-14,37],[-28,-29],[-5,66],[7,72],[-21,64],[-17,80],[22,144],[21,9],[18,34],[51,4],[-7,49],[-14,18],[-1,55],[-12,52],[-33,2],[34,41],[0,33],[34,76],[32,-8],[4,55],[-26,33],[66,47],[73,17],[29,-42],[41,-11],[6,-29],[53,8],[-6,-41],[35,-12],[19,40],[23,-35],[30,-14],[17,52],[-23,20],[-17,70],[33,70],[27,16],[-12,-61],[29,-44],[46,-10],[19,33],[-30,27],[-6,58],[28,45],[3,44],[61,22],[25,27],[-5,38],[-29,-12],[-25,16],[-43,-17],[-25,2],[-7,61],[42,10],[24,-8],[31,29],[-20,20],[-1,38],[-29,-4],[-9,82],[24,-26],[34,-1],[-7,51],[34,-18],[88,-75],[13,-44],[-14,-35],[-43,-31],[13,-23],[25,37],[51,51],[9,43],[64,-56],[36,2],[28,-45],[-19,-13],[15,-30],[42,16],[23,-3],[58,-30],[7,-20],[51,-36],[37,-6],[2,-35],[20,-12],[17,-35],[39,-12],[27,-54],[-11,-26],[-42,-40],[39,-2],[46,13],[26,-79],[36,23],[-12,35],[42,46],[54,-5],[71,-50],[42,-41],[-5,-19],[43,-22],[28,-38],[13,7],[44,-30],[38,-54],[68,-37],[-53,65],[-23,4],[-20,29],[-35,28],[-4,18],[-35,13],[-61,56],[-54,60],[-30,10],[-66,56],[28,91],[22,151],[-7,22],[25,57],[-45,-21],[-33,-5],[-27,33],[-54,5],[-87,-47],[-66,-51],[-45,-11],[-23,-25],[-46,40],[-45,82],[21,60],[32,24],[34,8],[7,60],[31,41],[32,-1],[28,29],[21,-8],[41,-51],[20,31],[45,24],[11,48],[32,13],[-11,25],[15,29],[-36,6],[-50,-41],[-30,-40],[-23,16],[4,50],[-40,-38],[-4,-28],[-77,-65],[-29,-12],[-8,-37],[-59,-33],[14,48],[-42,8],[3,34],[28,31],[-28,11],[7,24],[43,43],[-8,10],[-59,-28],[-40,22],[2,35],[17,23],[44,16],[-6,31],[29,10],[29,30],[42,8],[32,-8],[17,-27],[37,3],[36,-28],[22,5],[2,39],[31,32],[36,8],[16,-32],[19,27],[8,38],[19,22],[-38,26],[-19,45],[12,38],[-15,56],[13,37],[31,17],[30,-7],[41,29],[20,-37],[-5,-33],[-47,-55],[1,-20],[36,-27],[-9,-40],[48,-8],[2,28],[27,46],[34,-15],[-8,-115],[34,-27],[14,-76],[27,-20],[28,-3],[6,34],[28,-5],[50,33],[28,36],[31,-5],[85,19],[18,-5],[-22,-78],[6,-27],[37,2],[31,-28],[55,19],[56,-22],[8,27],[27,1],[55,-32],[65,21],[80,-15],[6,37],[-41,8],[-27,17],[-113,-7],[-8,20],[-36,16],[13,35],[37,31],[-2,52],[-60,-15],[-6,27],[72,47],[20,-12],[16,33],[36,27],[-51,9],[-17,-24],[-38,-9],[-30,86],[-38,-30],[-27,38],[-44,-30],[-32,22],[-37,-6],[-3,58],[-11,37],[-32,-19],[-27,4],[13,44],[-31,5],[-9,-40],[-49,-19],[-2,31],[16,19],[-4,46],[30,-5],[24,42],[26,21],[18,-15],[-9,-28],[34,-20],[59,16],[-24,40],[28,29],[19,-2],[6,42],[-32,-6],[-32,35],[-64,28],[-16,-41],[-27,35],[-59,6],[-4,25],[-24,23],[-10,67],[3,38],[-27,30],[-28,-14],[-12,37],[-24,-5],[-5,55],[33,27],[40,-5],[3,74],[71,5],[-14,32],[5,56],[32,13],[25,-8],[17,-43],[19,47],[19,21],[86,15],[-28,39],[-24,6],[-28,-18],[-40,39],[-4,16],[21,53],[34,3],[15,32],[26,9],[12,39],[23,-36],[24,-9],[5,37],[21,14],[25,-21],[-12,103],[17,19],[29,-3],[-10,-53],[4,-55],[28,-37],[36,23],[28,50],[30,-88],[-4,-37],[40,7],[49,-18],[-18,42],[30,20],[10,28],[-12,36],[6,38],[25,2],[53,35],[30,42],[19,-28],[38,5],[26,-12],[-5,-38],[-29,-19],[13,-43],[40,-4],[9,46],[22,32],[27,-6],[18,45],[-17,30],[5,33],[-11,45],[14,23],[-3,39],[29,31],[12,28],[-6,28],[-30,59],[-29,16],[-2,29],[27,47],[-19,14],[-21,39],[36,93],[-31,40],[12,38],[34,3],[48,23],[29,-59],[19,9],[26,-21],[6,-46],[13,-18],[44,-6],[32,-20],[1,-64],[26,-32],[-44,-16],[-65,41],[10,-71],[-15,-48],[-26,-1],[-8,-33],[25,-28],[-11,-67],[5,-26],[34,-15],[20,-94],[0,-39],[-14,-42],[-5,-51],[-40,-118],[-15,-14],[-2,-40],[9,-39],[29,62],[5,33],[41,137],[23,40],[-2,39],[27,54],[35,12],[20,-20],[56,32],[50,7],[24,59],[27,-14],[-30,-53],[18,-16],[38,30],[32,12],[31,-32],[-50,-17],[-31,-28],[23,-34],[11,-40],[28,-26],[-39,-32],[37,-24],[-6,-22],[-32,-18],[33,-34],[4,-47],[57,9],[11,-41],[24,2],[19,-27],[14,-49],[53,78],[-3,30],[-28,63],[-35,25],[32,49],[6,34],[21,16],[29,-4],[41,31],[49,-77],[25,-8],[14,64],[18,21],[55,-41],[19,19],[-19,47],[12,68],[-48,54],[6,14],[-24,85],[-36,5],[-23,-14],[-15,51],[33,5],[74,52],[29,37],[49,-7],[16,85],[27,8],[-15,47],[-18,10],[-18,46],[-17,79],[26,-2],[21,25],[35,-9],[25,15],[39,4],[42,57],[19,73],[-33,50],[33,13],[-10,63],[-39,18],[-15,51],[-26,34],[-28,18],[-26,-27],[-24,25],[-25,6],[-62,-52],[-51,33],[-12,28],[-23,3],[-2,43],[-33,25],[10,18],[0,61],[-17,19],[24,21],[9,-35],[27,-42],[26,-8],[-18,-67],[49,45],[2,45],[32,-34],[21,28],[-36,45],[-30,19],[30,24],[56,-16],[19,-97],[30,-19],[14,53],[-46,123],[-38,7],[-19,37],[35,4],[25,65],[68,-29],[10,-17],[43,-21],[2,59],[54,-9],[-39,-88],[37,-21],[-36,-36],[-45,-62],[-24,-23],[3,-22],[77,69],[13,22],[33,13],[37,40],[61,0],[-16,-30],[-65,-17],[-54,-52],[57,-4],[45,12],[16,-26],[26,-1],[9,-26],[-16,-35],[-59,-7],[-28,-28],[9,-28],[-24,-40],[21,-12],[39,29],[19,-16],[7,-38],[25,-21],[-49,-31],[18,-31],[-36,-63],[25,-41],[64,4],[33,-17],[-30,-43],[-18,-42],[111,-26],[9,25],[37,-22],[12,50],[23,24],[27,4],[56,27],[-44,53],[-30,26],[-34,-2],[-9,34],[11,43],[31,62],[49,1],[-7,121],[75,-10],[21,27],[13,49],[60,19],[9,30],[33,2],[33,-24],[70,48],[10,43],[29,8],[42,57],[52,-14],[-5,-24],[-31,-18],[-63,-106],[-23,5],[-22,-19],[0,-33],[21,-41],[-29,-4],[-59,-68],[-2,-47],[34,-24],[61,13],[-4,-60],[9,-23],[41,-45],[33,16],[67,17],[9,-19],[-24,-53],[16,-58],[-11,-53],[21,-29],[63,-10],[-5,56],[15,27],[-2,45],[20,-1],[30,-27],[25,14],[12,28],[-4,100],[24,40],[-33,90],[29,-3],[44,-55],[21,-15],[-7,-42],[22,-15],[46,26],[2,74],[19,-6],[12,36],[-5,30],[45,40],[-13,32],[1,41],[-28,3],[-18,-27],[-54,13],[-12,29],[32,83],[24,-52],[39,-1],[26,19],[-12,32],[30,5],[16,-19],[36,27],[48,-33],[53,29],[42,1],[48,-25],[2,-27],[7,-6],[27,9],[19,24],[-59,61],[-89,69],[-61,-1],[10,26],[-24,79],[-52,55],[-12,48],[-18,35],[6,27],[-23,29],[-12,34],[100,8],[55,39],[22,-35],[5,-62],[51,30],[32,5],[-43,48],[-5,32],[66,29],[33,-38],[49,-9],[13,-15],[32,19],[-35,23],[-11,29],[25,9],[109,-37],[4,-64],[25,17],[8,-42],[52,-12],[-34,-39],[1,-17],[84,-14],[-19,-32],[13,-22],[41,36],[27,-9],[-1,-35],[-32,-31],[14,-15],[-6,-53],[69,28],[8,-58],[-11,-23],[42,-69],[-16,-37],[8,-19],[41,-9],[33,50],[13,52],[25,11],[-3,39],[32,7],[21,-35],[-19,-39],[8,-29],[35,-14],[7,29],[34,5],[8,49],[23,48],[15,-12],[35,12],[35,-42],[48,-82],[26,-17],[34,-5],[23,19],[-1,37],[-40,25],[6,31],[39,23],[77,-71],[63,-40],[31,24],[-7,-55],[60,-34],[25,-49],[-4,-20],[-35,-37],[22,-25],[-21,-45],[21,-21],[38,1],[22,-41],[31,16],[37,-30],[35,-2],[-4,-30],[64,-35],[2,-28],[62,-49],[39,5],[25,-46],[42,-16],[-3,-22],[33,-15],[16,-26],[-11,-32],[56,-53],[5,-39],[33,-11],[20,-38],[36,-46],[53,-36],[7,-33],[28,-39],[15,-85],[3,-47],[38,-6],[45,-27],[-3,-58],[-15,-33],[36,-36],[8,-34],[29,-40],[27,23],[34,0],[6,-31],[61,-41],[27,10],[29,-46],[-14,-30],[-10,-52],[18,-26],[27,-7],[-2,-37],[21,-10],[82,51],[25,-2],[61,-56],[36,-55],[18,-11],[-5,-62],[41,1],[50,-28],[42,-14],[13,-32],[21,-15],[29,-58],[48,-16],[27,20],[45,-22],[-13,-83],[-25,31],[-35,-16],[-18,-114],[13,-47],[26,-39],[-4,-22],[-72,-8],[-29,-12],[-52,-38],[9,-23],[34,1],[-32,-75],[-27,-81],[-5,-41],[12,-28],[-2,-67],[-27,-43],[-12,-80],[18,-47],[-51,-62],[-8,-32],[17,-57],[4,-66],[27,-23],[-13,-59],[0,-58],[-22,-33],[17,-51],[-10,-34],[18,-42],[-22,-11],[-34,-63],[2,-55],[41,-74],[5,-57],[-25,-104],[-51,-109],[-63,-38],[65,-8],[30,16],[59,59],[11,44],[35,79],[13,96],[-3,57],[10,51],[0,92],[-25,75],[-33,24],[24,26],[0,62],[14,48],[20,22],[33,-38],[41,-20],[51,-49],[48,-76],[97,-109],[-4,-24],[53,-70],[-8,-37],[7,-70],[32,-107],[-13,-32],[16,-14],[14,106],[-20,21],[-6,90],[13,38],[5,67],[-22,57],[-40,58],[-65,57],[-41,105],[8,91],[-6,82],[-56,90],[10,54],[46,111],[15,50],[77,49],[50,20],[14,88],[37,28],[19,-18],[10,-98],[31,-78],[16,-67],[25,-70],[17,13],[-14,43],[-10,67],[1,42],[58,-6],[-70,54],[-10,17],[13,55],[-1,137],[29,-6],[40,-76],[27,-40],[42,-39],[18,-61],[39,-51],[15,15],[-37,51],[-11,43],[-28,68],[-3,56],[-29,64],[37,-10],[45,-84],[63,-95],[58,-52],[13,11],[-43,40],[-26,38],[-10,36],[15,34],[-79,143],[-46,44],[-77,41],[28,28],[50,17],[40,-35],[61,29],[19,33],[21,-13],[45,25],[45,2],[29,23],[75,-48],[9,-15],[43,-19],[50,14],[18,25],[38,-16],[80,-10],[57,-44],[37,-51],[62,6],[132,-54],[58,-6],[35,11],[66,3],[50,-35],[144,-21]],[[66882,68582],[-2,-1212],[0,-1319],[0,-1244],[0,-1234]],[[62442,70745],[-40,21],[-49,7],[9,25],[98,-24],[27,-33],[15,-41],[-26,1],[6,23],[-7,13],[-33,8]],[[106898,6507],[54,-64],[38,-26],[8,-54],[22,-17],[15,-39],[34,-15],[-41,-35],[-48,-66],[-44,5],[-33,-26],[55,-22],[24,-22],[-32,-81],[-19,-30],[-7,-76],[30,-63],[-32,-34],[30,-107],[33,-57],[21,8],[59,-15],[-10,-40],[-49,-41],[-55,16],[-18,-23],[-12,-73],[-35,-4],[23,-41],[96,57],[47,81],[22,-18],[-32,-38],[-36,-116],[-29,-40],[-12,-64],[-23,-43],[-26,-108],[0,-55],[19,-44],[17,-104],[68,-67],[8,-110],[-10,-30],[-46,-60],[-19,-145],[11,-36],[26,-14],[-42,-50],[-31,-75],[-2,-57]],[[106915,4329],[-53,-17],[-12,-46],[-57,-7],[-38,-32],[-17,-53],[-78,58],[10,28],[-4,51]],[[106666,4311],[0,44],[-26,-1],[-27,30],[35,21],[-1,49],[-34,37],[-67,-10],[-40,6],[5,25],[-44,6],[-23,-31],[3,-61],[-40,24],[-40,7],[-21,-23],[-43,-19],[-62,18],[-12,26],[-31,5],[-10,-76],[-73,18],[-113,18],[-2,18],[-40,43],[-48,-22],[-41,47],[33,16],[31,36],[-45,28],[31,18],[-23,35],[4,29],[-30,9],[-13,29],[15,29],[59,-12],[9,54],[-24,11],[-12,39],[-56,125],[-83,13],[-83,133],[-41,-6],[-12,41]],[[105631,5137],[-9,33],[-34,31],[3,56],[-27,4],[7,41],[-60,68]],[[105511,5370],[493,22],[13,-2],[116,495],[94,-9],[146,36],[160,51],[-40,64],[-1,43],[19,47],[22,17],[-28,64],[27,67],[-15,24],[24,83],[-1,45],[55,-1],[10,44],[196,-32],[5,26],[32,30],[60,23]],[[105086,2260],[13,-58],[-97,-85],[-33,26],[-22,-71],[15,-42],[-70,-24]],[[104892,2006],[-45,21],[-21,40],[6,27],[-60,32],[-42,9],[-22,25],[-41,-14],[4,-20],[-75,-26],[-37,-43]],[[104559,2057],[-74,121]],[[104485,2178],[86,20],[106,37],[75,46],[52,-17],[47,12],[15,22],[49,32],[42,-18],[66,-43],[63,-9]],[[101865,6142],[11,44],[120,-12],[33,-15],[-5,-25],[56,-16],[39,10],[54,-27],[-20,-33]],[[102153,6068],[-26,-57],[-35,-46],[29,-45],[-5,-52],[-54,-50],[-2,-95],[14,-35],[-35,-8],[-57,-60],[-32,-21],[-18,-44],[-39,-23],[-8,-41],[21,-26],[-21,-36]],[[101885,5429],[-431,-1],[-1,224],[21,0],[-3,107],[90,40],[14,30],[68,38],[36,56],[45,16],[11,36],[44,14],[45,37],[5,65],[36,51]],[[102760,5910],[-16,-16],[10,-70],[-23,-7]],[[102731,5817],[-3,87],[32,6]],[[102153,6068],[29,29],[50,-31],[71,-31],[37,-2],[27,-31],[105,-23],[-5,-17],[91,-42],[65,-2],[55,-22],[44,8],[-10,-49],[19,-39]],[[102731,5816],[-23,-27],[23,-26],[-18,-41],[15,-11],[10,-74]],[[102738,5637],[-16,-22],[-46,15],[-62,-46],[9,-60],[-31,-9],[-18,-51],[-67,-51],[-63,-21],[-43,-104],[-18,-14],[15,-59],[-19,-26],[-268,11],[-211,-33]],[[101900,5167],[-1,262],[-14,0]],[[103805,4545],[25,-2],[46,25],[40,35],[52,-47],[-29,-79],[-21,-28],[47,-36],[2,-40],[30,-41],[50,2],[64,-66],[40,16],[36,-19],[48,-2],[-2,-40],[51,-88],[59,-13],[35,-35],[76,-50],[64,6],[57,-5],[50,54],[143,-381],[37,-14],[11,-33],[48,-54],[-34,-17],[-7,-94]],[[104823,3499],[34,-41],[5,-24],[-15,-65],[-51,8],[-53,25],[-59,-34],[-4,-18],[69,-25],[-85,-59],[53,-38],[8,-66],[48,-65],[-53,-4],[-61,-43],[-11,-88],[-34,-50],[42,-13],[-25,-84],[-86,6],[-28,-70],[-61,8],[-17,-21],[-9,-52],[-113,18],[20,-68],[-7,-34],[43,-30],[13,-44],[-77,-83],[42,-28],[16,-38],[-27,-60]],[[104340,2319],[-82,-10],[-18,-21],[-53,10],[-29,-37],[-52,-21],[-28,4],[-19,55],[-84,-29],[-41,2],[-78,24],[-30,-37],[-31,18],[-63,-9],[-183,64],[-273,-5],[-885,400]],[[102391,2727],[-11,18],[53,86],[24,10],[27,63],[-13,20],[-44,-4],[10,42],[-5,41],[-21,5],[-4,77],[21,80],[-34,33],[1,23],[-32,170],[-157,342],[49,66],[-18,81],[74,73]],[[102311,3953],[547,117],[68,47],[-2,36],[34,13],[-4,23],[59,80],[3,36],[-70,90],[-12,32],[72,37],[12,40],[89,31],[145,0],[47,-29],[62,10],[45,-17],[34,5],[56,-25],[15,41],[46,1],[77,19],[69,36],[-4,-56],[55,45],[29,2],[22,-22]],[[100218,6857],[117,-74],[-46,-16],[-64,29],[-14,20],[7,41]],[[99787,7603],[15,22],[46,8],[34,33],[-1,59],[68,-10],[26,14],[36,-14],[22,15],[27,-73],[-7,-24],[-33,-16],[-3,-31],[-30,-45],[-77,-32],[-77,36],[-15,39],[-31,19]],[[99855,6937],[16,31],[-9,77],[65,51],[25,39],[8,38],[36,-33],[13,-32],[53,-8],[96,-63],[62,-18],[32,-66],[-82,28],[-25,-15],[-65,9],[-27,-10],[-43,-46],[-49,7],[-29,-27],[-48,10],[-29,28]],[[101261,6500],[-8,-38],[46,-6],[-14,-26],[-32,4],[-20,-97],[-79,-116],[-27,-69],[-38,-10],[-15,-88],[-24,-19],[-681,-725],[-100,-549]],[[100269,4761],[-15,22],[-9,0],[-46,24],[-61,1],[-24,-24],[-38,-6],[-42,-43],[-41,-16],[-33,-28],[-23,22],[-5,65],[-34,93],[-107,181],[-48,51],[-61,112],[-44,39],[-39,21],[54,22],[22,34],[-2,41],[-32,78],[-65,69],[-27,75],[-20,16],[-5,45],[-54,63],[23,69],[-8,41],[-36,63],[-4,56],[13,84],[-9,55],[-44,80],[-27,4],[-43,55],[-4,31],[29,21],[8,79],[-25,54],[22,58],[33,1],[20,38],[39,-14],[45,51],[14,64],[16,20],[0,42],[-25,25],[-6,46],[13,35],[-15,20],[26,27],[-2,40],[-35,6],[-16,26],[-8,68],[36,55],[-27,26],[16,37],[74,17],[43,-79],[48,-47],[63,-7],[21,-29],[43,16],[18,-43],[82,-34],[55,-3],[32,-34],[30,23],[62,9],[21,21],[37,-29],[11,-47],[80,-14],[28,-15],[21,-36],[59,-32],[27,11],[23,-26],[38,-8],[32,17],[-31,36],[112,-3],[113,6],[25,-12],[27,41],[-6,33],[11,42],[-39,67],[4,35],[60,-55],[37,-13],[-54,-109],[-9,-51],[49,-34],[107,-62],[80,4],[94,-43],[38,-9],[62,3],[53,29],[44,-46],[-1,-25],[48,-46]],[[99685,7707],[12,-40],[-9,-23],[9,-123],[-14,-99],[-30,-31],[-4,-52],[14,-49],[-18,-51],[-21,-21],[-46,31],[-20,64],[16,38],[-47,138],[94,16],[34,50],[-15,27],[19,65],[21,13],[5,47]],[[99968,7270],[25,-28],[31,-60],[-62,19],[6,69]],[[105086,2260],[49,-2],[38,24],[77,-9],[58,-16],[-6,-24],[70,-10]],[[105372,2223],[-48,-43],[-27,26],[-29,-22],[11,-84],[22,-44],[-43,-4]],[[105258,2052],[-41,7],[-4,-73],[92,-68],[24,21],[61,-21],[97,7],[21,-32],[-51,1],[-73,-22],[-53,-41],[15,-28],[-33,-84],[36,-12],[50,-60],[-57,-55],[29,-48],[56,39],[0,-33],[-54,-25],[10,-32],[-15,-35],[-44,-3],[-48,-25],[-43,-3],[-70,-23],[-39,15],[22,23],[-4,31],[-33,19],[15,52],[29,1],[-1,-44],[21,-24],[5,-35],[46,-12],[43,22],[-9,57],[21,41],[-12,19],[-49,10],[14,80],[18,31],[-13,28],[-49,7],[-3,-37],[-25,-37],[-28,11],[19,63],[-26,59],[-86,13],[-26,19],[8,32],[-43,39],[-29,58],[-54,17],[-25,30],[22,14]],[[104559,2057],[22,4],[24,36],[87,29],[64,-23]],[[104756,2103],[-32,-39],[-42,-110],[-31,-12],[-5,-28],[-43,-11],[-37,-32],[32,-19],[-1,-138]],[[104597,1714],[-206,31],[-72,-16],[-16,46],[-79,-2],[-31,15],[-33,-9],[-20,-41],[22,-55],[-47,-14],[-14,-19],[-65,14],[-1,-35],[-50,21],[-23,79],[-82,30],[-12,-21],[-41,14],[-31,57],[-53,6],[-39,32],[-46,-1],[-49,20],[-56,-7],[1,-50],[20,-57],[-20,-58],[-394,-395],[-492,-75],[-277,155],[-230,35]],[[102161,1414],[0,52],[27,31],[-5,61],[-33,49],[-67,66],[-13,61],[31,-2],[-198,389],[-45,60],[85,11],[-12,25],[73,22],[15,28],[38,-1],[13,30],[42,9],[26,43],[-11,21],[37,27],[35,63],[-8,14],[52,53],[-1,21],[32,40],[-7,22],[53,25],[55,58],[16,35]],[[104340,2319],[51,-16],[13,-51],[30,-19],[51,-55]],[[102760,5910],[44,-15],[74,16],[36,-21],[54,-6],[-9,-25],[9,-41],[-22,-27],[23,-21],[-15,-22]],[[102954,5748],[-25,-50]],[[102929,5698],[-51,-28],[-5,-40],[-115,15],[-20,-8]],[[102731,5816],[0,1]],[[103051,5872],[-25,-84],[-38,-14]],[[102988,5774],[-23,80],[28,20],[58,-2]],[[105511,5370],[-189,198],[-19,2],[-201,60],[-12,41],[-95,5],[-109,-60],[5,34],[-16,85],[10,47],[-56,40],[-8,36],[19,87],[2,65],[-52,6],[10,46]],[[104800,6062],[-11,50],[-16,11],[-10,92],[-55,44]],[[104708,6259],[0,19],[43,26],[51,72],[65,41],[37,-37],[50,9],[50,31],[30,-86],[64,-22],[10,-46],[34,-4],[60,9],[102,56],[72,69],[60,76],[71,111],[31,60],[49,5],[72,48],[59,-35],[34,-50],[32,-6],[37,15],[84,-55],[115,-18],[98,46],[62,64],[43,62],[31,57],[23,63],[2,44],[44,10],[108,-23],[-1,-31],[53,-16],[44,6],[46,-46],[42,-73],[-16,-28],[120,-20],[28,20],[53,-34],[24,-59],[22,-30],[61,-24],[-9,-28]],[[106130,9400],[26,23],[28,-19],[32,8],[10,-42],[-47,11],[-41,-7],[-8,26]],[[106293,9478],[79,39],[11,-23],[-39,-28],[-51,12]],[[105899,8601],[14,-34],[-37,-46],[-17,-39],[-3,-45],[-62,-20],[-2,29],[45,26],[38,105],[24,24]],[[106185,7999],[7,30],[41,-11],[-17,-24],[-31,5]],[[107024,8776],[21,50],[40,-46],[-52,-20],[-9,16]],[[106030,7953],[58,1],[8,-19],[77,9],[-26,-40],[-32,-18],[-42,15],[-14,33],[-29,19]],[[104946,9866],[-5,30],[-25,18],[35,55],[72,-19],[9,-18],[-22,-42],[-64,-24]],[[104851,9925],[67,47],[-22,-51],[-45,4]],[[106603,7441],[32,25],[51,1],[78,29],[30,-34],[41,44],[43,12],[-3,-40],[-31,-28],[-12,-86],[-35,-21],[-28,-34],[-6,-32],[-30,-31],[-61,69],[-51,-7],[-19,30],[13,44],[-54,13],[42,46]],[[106409,7670],[-19,7],[-51,-18],[-3,81],[94,61],[106,44],[125,16],[47,-28],[36,8],[33,-17],[25,62],[96,-26],[33,13],[18,28],[37,-5],[64,52],[32,-8],[35,-45],[16,-46],[27,-11],[64,-66],[20,5],[57,-22],[-7,-59],[21,-9],[30,-80],[-46,15],[-28,-8],[-13,-60],[-36,7],[-51,-60],[-23,26],[-53,-30],[-33,15],[-1,42],[-55,91],[-49,-3],[-76,-64],[-47,-26],[-42,56],[-22,13],[-109,-41],[-19,28],[-119,-31],[-46,12],[-31,20],[5,24],[-42,37]],[[106962,8013],[14,36],[35,-21],[20,-43],[-32,-20],[-42,8],[5,40]],[[105880,8982],[21,38],[24,-1],[26,34],[80,3],[21,30],[-20,33],[45,26],[11,57],[-34,28],[22,31],[34,-30],[39,28],[46,14],[31,27],[15,32],[26,-12],[10,-71],[56,-20],[45,-41],[64,-84],[117,-120],[102,-125],[74,-66],[53,1],[37,-23],[78,-29],[64,5],[-17,-50],[-6,-87],[13,-109],[-29,-47],[-70,-33],[-32,-46],[22,-16],[123,41],[53,-172],[32,-64],[-45,-31],[-60,-22],[-23,34],[-36,11],[-93,5],[-44,-39],[-7,-55],[-37,-6],[-39,-32],[-114,-1],[-59,20],[-12,24],[-38,9],[-3,33],[-31,11],[34,51],[-11,33],[-39,47],[-1,81],[-21,75],[-36,32],[-72,23],[-7,50],[-27,55],[-45,20],[-52,-11],[-24,25],[11,56],[36,20],[8,38],[-16,80],[-25,51],[-55,56],[-27,0],[-91,-44],[-21,34],[-76,27],[-10,42],[32,16]],[[104800,6062],[-78,11],[-5,-30],[-31,-39],[-98,-49],[-3,-60],[-12,-9],[-19,-84],[-45,-9],[-32,-24],[-179,-106],[-12,-1]],[[104286,5662],[-67,50],[-48,20],[-2,53],[-48,-32],[-17,13],[28,32],[-5,33],[66,18],[-56,32],[-55,53],[-53,32],[-39,-19],[-32,0],[-38,47],[-43,95],[6,39],[41,43],[115,60],[24,-24],[75,1],[48,14],[61,52],[36,43],[45,5],[23,-21],[41,10],[43,-32],[35,15],[53,-13],[69,-34],[59,9],[37,24],[20,-21]],[[106501,2284],[-21,37],[-28,10],[-31,63],[37,44],[3,32],[66,58],[21,-31],[64,0],[37,-62],[-3,-30],[46,-63],[-39,-39],[-50,-2],[-8,18],[-64,-5],[-27,-46],[39,-20],[19,-52],[-6,-23],[-107,-10],[-37,-38],[-25,26],[35,52],[21,58],[51,4],[7,19]],[[106976,3098],[-38,20],[-60,-6],[-24,23],[4,36],[36,22],[61,-15],[19,19],[52,-34],[-10,-22],[35,-64],[-36,-3],[-39,24]],[[106915,4329],[6,-54],[38,-62],[50,-18],[-15,-43],[41,-62],[-44,-47],[15,-58],[-25,-11],[-29,-90],[2,-84],[28,-43],[24,0],[29,-84],[45,-63],[-54,-33],[10,-40],[-18,-48],[71,-25],[13,-32],[-27,-43],[-3,-38],[-36,-24],[-20,-92],[-48,-12],[-1,40],[-27,24],[-35,-1],[-21,56],[39,13],[14,42],[32,39],[-29,44],[-39,18],[35,45],[55,29],[-9,21],[-64,32],[-34,-5],[-30,32],[11,24],[-70,32],[-104,4],[-3,22],[48,56],[27,17],[44,0],[17,36],[42,42],[3,34],[-30,11],[-36,-28],[11,-16],[-41,-43],[-50,28],[-16,31],[-45,-50],[4,-58],[34,7],[5,-32],[-25,-24],[-49,2],[1,-46],[44,14],[34,-25],[84,2],[53,-20],[-5,-17],[-136,20],[-86,-3],[-55,-11],[-51,-36],[12,-121],[-27,-70],[-45,-25],[-63,-87],[22,-36],[-20,-33],[2,-41],[-25,-26],[-24,-53],[46,-5],[21,-52],[-30,-50],[-3,-25],[-43,-36],[-15,-39],[26,-31],[30,-95],[-23,-43],[1,-61],[29,-19],[-46,-35],[-28,20],[-36,-38],[-6,-47],[-47,4],[-4,46],[-48,47],[-21,-31],[33,-16],[0,-43],[-52,8],[-35,-28],[22,-24],[54,-5],[6,-29],[71,-71],[-28,-49],[50,-31],[-4,-39],[19,-20],[-11,-37],[-39,-38],[18,-20],[-2,-40],[-20,-21]],[[106231,2140],[-48,8],[8,30],[-296,20],[-57,18],[-11,21],[-62,10],[-32,-10],[-44,48],[-40,-20],[-112,22]],[[105537,2287],[-24,11],[4,76],[62,10],[-5,34],[-72,11],[9,115],[-33,10],[45,45],[15,50],[28,-4],[31,34],[75,13],[8,59],[64,53],[56,15],[20,38],[20,100],[62,30],[-42,50],[43,14],[26,23],[28,-16],[46,4],[35,17],[6,28],[-84,38],[7,35],[-38,6],[-5,35],[45,1]],[[105969,3222],[41,6],[74,89],[34,67],[14,167],[-48,130],[-55,98],[13,89],[80,319],[172,47],[114,-40],[37,71],[109,26],[4,20],[108,0]],[[104756,2103],[55,-45],[7,-32],[26,-19],[-25,-26],[31,-55],[66,10],[41,-42],[-22,-27]],[[104935,1867],[-65,-12],[-43,-32],[-42,-13],[-17,-25],[-77,-36],[2,-17]],[[104693,1732],[-96,-18]],[[104935,1867],[49,-36],[10,-43],[-19,-42],[51,-22],[7,-53]],[[105033,1671],[-98,9],[-13,-22],[-46,3],[-14,15],[-50,-28],[-36,22],[-12,64],[-71,-2]],[[102924,104],[63,3],[1,-27],[-35,-20],[-38,10],[9,34]],[[104597,1714],[14,-15],[-33,-189],[-39,-4],[3,-56],[49,-24],[118,-22],[-61,-29],[-4,-16],[15,-121],[30,-189],[-23,-53],[63,-21],[-28,-65],[-56,7],[-14,-85]],[[104631,832],[-51,42],[-7,42],[-33,12],[-39,-22],[-20,41],[-5,39],[27,36],[-9,38],[-61,-35],[-25,-43],[-66,25],[-6,23],[-84,26],[21,38],[35,132],[15,14],[7,48],[41,78],[-25,2],[-17,-44],[-83,-131],[-2,-65],[-28,-44],[10,-63],[34,1],[38,-40],[98,-66],[30,-37],[68,-48],[-42,-21],[-24,-76],[-50,29],[-69,-9],[-20,-43],[35,0],[70,-56],[-14,-54],[-29,-15],[-5,-26],[-36,-59],[29,-33],[-27,-18],[-21,22],[-63,5],[-50,-50],[71,-4],[28,-17],[-2,-45],[-48,29],[-63,-23],[-27,-44],[29,-12],[27,-63],[-78,-17],[-46,22],[-18,-56],[16,-30],[-8,-32],[58,-1],[4,-56],[-121,-78],[-51,3],[-15,37],[-65,32],[-79,-24],[-33,5],[-47,-53],[-37,7],[-41,77],[-69,2],[-47,69],[-41,-4],[-25,26],[-2,40],[-47,39],[7,94],[-31,45],[-31,-21],[8,-89],[73,-62],[-94,36],[-22,-19],[-48,18],[-44,-37],[-58,-8],[-76,19],[-36,-12],[-29,23],[-39,-12],[-11,36],[-61,8],[-37,-25],[-5,-22],[-47,-18],[-58,49],[18,47],[-29,27],[-77,3],[-33,-55],[4,-47],[-41,-12],[-37,69],[-35,19],[-30,-5],[-12,-34],[-48,-13],[-13,-19],[12,-47],[-38,-3],[-39,22],[-13,-31],[-66,21],[10,94],[-32,48],[10,48],[-36,21],[-32,66],[-6,56],[-41,7],[-18,49],[-42,8],[-26,28],[37,24],[36,-24],[36,19],[-27,30],[14,37],[84,-33],[50,2],[161,-13],[23,-69],[32,-16],[36,20],[-2,42],[91,-5],[32,-29],[-3,121],[-32,-13],[-41,37],[-37,-10],[10,50],[-50,-11],[12,-20],[-35,-27],[-9,-55],[-51,-6],[-55,21],[-29,28],[-4,43],[-37,-4],[-6,-62],[-81,5],[-8,34],[-47,-4],[-4,42],[-27,5],[-11,41],[15,23],[-5,68],[16,30],[-22,16],[-39,-4],[-65,84],[26,23],[-13,52],[39,31]],[[102082,1149],[42,53],[35,-7],[32,72],[-44,58],[22,10],[-14,57],[6,22]],[[102929,5698],[46,-56],[-26,-14],[3,-28],[83,-11],[95,-21],[5,-41],[26,-13],[1,-64],[37,-34],[13,-35],[22,-4]],[[103234,5377],[4,-42],[-59,-24],[1,-77],[-27,-44],[4,-62],[41,9],[35,-24],[0,-63],[-67,9],[-96,-5],[-69,15],[-61,-4],[-67,9],[-127,34],[-63,6],[-84,-60],[20,-23],[-28,-116],[-16,-13],[3,-61],[-254,54],[-62,7],[-157,-257]],[[102105,4645],[-204,242]],[[101901,4887],[-1,280]],[[97744,9254],[-16,70],[9,29],[32,2],[23,23],[32,5],[65,70],[21,46],[-2,70],[-14,19],[32,66],[74,-18],[18,-21],[41,7],[17,-26],[81,-39],[36,-45],[85,-62],[-19,-160],[3,-65],[20,-84],[34,-53],[-20,-68],[-23,-34],[-6,-50],[14,-66],[51,-26],[1,-50],[-17,-115],[-26,-34],[2,-25],[-33,-25],[11,-33],[-74,-21],[-40,-54],[-46,-39],[-52,-22],[-30,3],[-25,-19],[-58,-16],[-18,-25],[-41,-26],[16,-22],[-7,-35],[-41,45],[-3,43],[-60,11],[2,46],[-23,69],[48,28],[-9,68],[19,41],[-16,23],[-2,62],[-32,41],[-65,59],[-5,74],[24,19],[-6,42],[25,31],[23,72],[-17,42],[15,36],[-34,94],[6,22]],[[104909,1099],[-17,72],[78,-1],[-3,25],[-29,29],[24,77],[23,9],[41,46],[22,-20],[55,-156],[0,-65],[26,-5],[15,-35],[-6,-46],[36,-20],[10,-73],[-84,-14],[-50,-26],[-53,-47],[-47,-82],[8,-20],[-5,-64],[22,-42],[34,-12],[42,35],[26,-27],[0,-32],[-68,-64],[-23,-43],[10,-29],[-23,-15],[-22,-65],[14,-61],[-68,-52],[-66,68],[-39,-2],[24,74],[-21,41],[-41,16],[36,27],[-34,23],[-50,-13],[-11,-89],[-39,-82],[-90,36],[0,40],[-44,49],[-34,11],[-9,37],[46,14],[32,-51],[42,-46],[41,1],[28,48],[-22,19],[3,71],[22,22],[-13,27],[15,33],[53,-54],[21,42],[-1,59],[38,25],[2,40],[24,31],[38,10],[1,46],[30,24],[24,-7],[22,-62],[43,16],[45,52],[17,40],[-24,56],[12,31],[35,-5],[34,45],[-17,47],[-35,1],[-29,-24],[-97,36]],[[105033,1671],[-9,-47],[-24,-9],[-42,-122],[13,-11],[29,-98],[-63,-18],[-36,56],[-24,62],[-17,-4],[-1,-62],[-38,-76],[88,-37],[-31,-44],[-24,-3],[-10,-41],[-45,-45],[-19,-33],[2,-45],[37,-64],[8,-56],[-12,-34],[-31,-45],[4,-27],[-48,-31],[-63,12],[-46,-17]],[[102954,5748],[34,26]],[[103051,5872],[37,19],[80,5],[63,26],[71,44],[34,10],[-4,-68],[42,-29],[23,-52],[-20,-9],[12,-56],[71,-30],[-45,75],[7,120],[33,10],[68,42],[30,36],[-12,32],[40,2]],[[103581,6049],[6,-36],[65,-52],[7,-59],[-7,-30],[138,-279],[-26,-25],[-34,4],[-51,-16],[-17,-33],[6,-39]],[[103668,5484],[-174,20],[-5,-32],[-58,7],[-13,-43],[-54,-12],[-24,-22],[-36,5],[-70,-30]],[[105631,5137],[-144,-84],[-81,15],[-28,-32],[-41,-23],[-42,4],[-21,25],[-33,-9],[-67,-40],[-45,-42],[-39,1],[-85,105],[-71,-42],[-20,22],[-36,-22],[-77,4],[-55,82],[-50,-40],[-60,41],[-32,-19],[-51,17]],[[104553,5100],[22,26],[-74,42]],[[104501,5168],[23,24],[-28,30],[35,40]],[[104531,5262],[19,36],[-31,35],[-40,25],[-29,45],[-9,39],[15,14],[-21,33],[-48,-14],[-20,43],[-84,6],[-44,18],[14,37],[63,40],[-30,43]],[[102311,3953],[-206,692]],[[103668,5484],[-12,-53],[154,-49],[210,-37],[56,11],[22,21],[33,-32],[17,-41],[78,-49],[50,-7],[25,-32],[49,19],[70,-52],[31,30],[50,-45]],[[104553,5100],[-74,-46],[-53,-24],[34,-33],[1,-29],[-63,-39],[-48,-17],[-5,-27],[-68,11],[-60,-62],[-33,-60],[12,-34],[-26,-21],[-48,-68],[-21,37],[-68,-3],[-51,-39],[-60,13],[-57,-14],[-48,-1],[-7,-36],[15,-31],[-20,-32]],[[105969,3222],[-3,23],[-56,-2],[-3,24],[-55,-17],[-88,-9],[-6,50],[-78,16],[3,14],[-218,23],[-51,83],[6,34],[-35,24],[-54,8],[12,31],[-126,90],[-50,-52],[-92,3],[-47,35],[-63,-7],[-5,-23],[-55,-50],[-82,-21]],[[105372,2223],[13,40],[32,19],[33,-35],[29,-4],[58,44]],[[106231,2140],[-77,-21],[-43,-63],[-18,-57],[-6,-84],[-49,-40],[-17,-45],[-44,-57],[-68,-26],[-62,-4],[-62,35],[-87,-32],[-43,32],[-100,55],[20,50],[-32,29],[-19,41],[10,24],[-147,29],[-37,19],[-53,-48],[-72,52],[33,23]],[[105978,1747],[6,10],[121,16],[60,-10],[-2,25],[-67,27],[16,42],[25,26],[56,-14],[4,-31],[40,-37],[38,13],[6,-32],[48,-13],[2,-24],[29,-34],[-7,-35],[-25,-28],[33,-55],[-48,-46],[-25,1],[-23,-44],[-54,-30],[4,-37],[50,-28],[14,-94],[22,-52],[22,-12],[-13,-36],[16,-31],[42,-23],[-41,-26],[-7,-29],[-33,-41],[19,-42],[52,-35],[-38,-12],[-46,12],[-26,55],[-28,-10],[-31,22],[-46,4],[4,23],[-21,132],[-31,-19],[-44,17],[15,-51],[-25,-22],[33,-25],[-17,-35],[39,-25],[-46,-16],[-11,22],[-76,-49],[-19,-28],[-2,-46],[-35,15],[3,30],[-43,34],[-23,-7],[-81,35],[9,25],[-30,16],[0,41],[-25,47],[29,43],[67,9],[-3,18],[-59,30],[-45,-10],[-15,27],[-104,43],[-9,52],[12,27],[-21,76],[19,23],[53,14],[30,-17],[28,23],[6,37],[-31,27],[-6,36],[20,32],[38,-13],[12,-31],[55,9],[8,-51],[-46,-86],[40,-28],[28,10],[18,-69],[37,4],[14,-31],[39,7],[98,-22],[68,90],[-71,49],[28,46],[-55,17],[35,45],[-18,54],[-31,4],[9,34],[-16,46]],[[101901,4887],[-42,-10],[-35,-30],[-66,-14],[-9,-43],[-86,-23],[-55,-8],[-36,-21],[-7,-48],[-36,-31],[-50,-5],[-34,-64],[-617,54],[-146,17],[-343,76]],[[100339,4737],[-22,-18],[-48,8],[0,34]],[[101261,6500],[32,-24],[49,7],[23,-24],[118,-38],[58,5],[109,-22],[-16,-52],[40,-51],[51,-16],[35,-45],[32,-24],[79,-31],[-6,-43]],[[102082,1149],[-41,-26],[11,-53],[-33,-25],[14,-26],[21,-102],[-40,-2],[-22,-37],[-52,13],[-15,-32],[33,-42],[50,42],[40,11],[-7,-67],[-44,-12],[-19,-27],[-63,-15],[-65,87],[-27,7],[6,49],[-21,27],[-13,47],[5,43],[-19,40],[-26,13],[-44,-15],[-8,67],[-65,67],[9,55],[-76,-11],[-51,89],[35,54],[-55,35],[-17,-14],[-45,73],[-42,24],[-5,44],[-64,47],[-56,-11],[-37,-19],[-80,23],[-1,80],[-26,62],[-46,21],[-9,31],[-38,51],[6,14],[-37,67],[6,23],[-10,61],[-37,57],[-35,29],[-11,29],[28,45],[-27,33],[-12,63],[-18,17],[2,74],[-73,25],[1,21],[-41,39],[-45,-4],[-33,-21],[-24,23],[38,16],[43,38],[-5,52],[-41,34],[-25,82],[-19,26],[6,33],[-13,36],[-39,39],[18,19],[19,50],[-36,64],[-3,52],[-25,94],[-54,67],[2,43],[32,26],[0,49],[-16,56],[-35,28],[5,70],[-41,21],[11,27],[43,-11],[56,-73],[-8,-32],[24,-14],[10,-37],[39,-10],[-5,-50],[26,-6],[49,19],[6,-31],[40,-7],[-4,-52],[44,-23],[1,-20],[47,-13],[23,-27],[51,-29],[48,-10],[37,-24],[24,-46],[23,-8],[-14,-79],[26,-49],[14,-69],[30,28],[-19,59],[-27,38],[59,29],[38,-32],[43,29],[23,57],[-5,18],[45,67],[-24,23],[-36,-14],[-31,61],[-37,23],[-21,-52],[-34,2],[-9,54],[-64,22],[-13,50],[-55,38],[-82,100],[22,19],[-4,31],[-48,19],[29,43],[-1,27],[-26,21],[-74,34],[15,-44],[-51,-16],[-54,-55],[35,-18],[10,-41],[-45,-12],[-39,27],[-44,-1],[2,29],[40,39],[23,42],[13,96],[-3,63],[-25,115],[-78,181],[-56,103],[-29,31],[-35,12],[-10,22],[-57,32],[-7,24],[-41,40],[-62,45],[-31,73],[-69,47],[-59,101],[-9,34],[-59,65],[-84,11],[-22,59],[31,34],[-3,27],[64,39],[42,46],[37,7],[24,22],[61,-1],[32,-16],[19,-6],[14,-21],[2,-35],[30,-14],[21,9],[21,17]],[[103581,6049],[26,-13],[47,28],[47,45],[52,-33],[36,15],[55,-33],[48,-61],[1,-37],[-46,-14],[18,-22],[53,-8],[-6,-44],[48,-10],[48,25],[22,33],[55,-21],[49,-37],[-22,-19],[-3,-37],[-29,-30],[67,-50],[1,-28],[43,-42],[48,-30],[-18,-51],[8,-43],[28,-20],[37,0],[52,-58],[33,-1],[26,24],[38,-12],[-15,-32],[13,-34],[-3,-37],[45,-36],[56,-23],[-8,-41]],[[76878,47553],[-2,156],[226,0],[0,-82],[43,0],[0,-217],[-39,0],[-2,-60],[41,0],[0,-121],[-118,0],[-24,94],[-55,-51],[-185,0],[2,73],[-33,-10],[-1,32],[-31,-6],[0,68],[116,55],[62,0],[0,69]],[[85577,51767],[-657,0],[0,-165],[-722,0],[-658,-1],[-1096,1],[0,47],[-79,-2],[-52,-20],[-22,-21],[-28,18],[-64,-40],[-79,-74],[-46,-51],[-62,-13],[-77,-65],[-197,-178],[-354,0],[0,-911],[-131,17],[-38,-97],[-73,26],[-194,39],[-338,5],[-292,238],[-138,-68],[0,-161],[-522,-2],[5,918],[-554,-4],[0,-754],[-536,0],[1,303],[-23,0],[-1,137],[-177,0],[20,19],[12,60],[28,83],[-42,16],[18,85],[-9,83],[72,63],[45,12],[18,181],[-143,231],[-32,7],[-206,236],[-114,0],[2,349],[-1207,6],[36,23],[49,63],[25,10],[17,50],[40,47],[27,44],[13,70],[-248,0],[0,382],[-231,2],[-6,1158],[0,475],[-688,0],[0,-1125],[-343,0],[0,280],[-843,0],[2,535],[-497,457],[-693,640],[-330,323],[-1,727],[-1,1408],[-3,1408],[-2,1069],[-780,-1]],[[72378,60365],[1,1208],[988,0],[0,529],[-61,0],[-1,692],[644,-1],[0,652],[-1,1073],[252,0]],[[74200,64518],[445,0],[0,-499],[471,0],[-2,-174],[517,0],[0,-501],[99,0],[0,-35],[47,-8],[15,-70],[622,1],[0,611],[643,-1],[1132,1],[0,521],[842,1],[0,346],[473,0],[0,-1477],[1058,2],[0,399],[399,-1],[0,384],[340,-301],[-123,-82],[0,-745],[374,0],[1,-451],[950,0],[639,1],[1,-108],[613,0],[978,0],[0,-266],[838,0]],[[70399,74097],[-84,0],[0,139],[123,0],[0,-139],[-39,0]],[[85579,47133],[-658,4],[-667,-17],[-1074,-23],[-485,0],[-1275,-744],[-77,200],[-54,73],[-44,96],[-13,69],[-26,24],[-18,44],[-39,30],[-15,33],[-10,60],[-38,28],[-23,37],[-35,22],[-23,33],[-10,44],[-21,39],[-14,47],[-35,31],[-40,54],[-100,62],[-66,23],[0,631],[-230,-6],[-267,1],[6,-290],[-96,3],[-86,81],[-102,74],[-45,-1],[0,108],[-83,176],[-40,40],[-25,98],[-301,2],[-203,156],[0,-422],[-490,0],[0,64],[-104,0],[0,37],[-139,0],[-1,-263],[-286,0],[-39,-26],[0,-78],[-658,0],[0,1189],[-507,-1],[-96,125],[0,68],[-663,-1],[-997,1],[-713,0],[-807,1],[0,392],[-494,0],[0,-139],[-368,0],[0,-250],[-864,-9],[-663,-1],[-970,1],[-780,0],[-616,0],[-1209,0],[-903,0]],[[66880,59511],[911,0],[1422,-1],[0,910],[0,849],[1064,0],[0,-901],[1068,0],[1033,-3]],[[71457,73396],[-4,-50],[37,-49],[42,-26],[47,-12],[20,-59],[-5,-22],[19,-50],[-35,-19],[-26,-87],[-4,-45],[9,-101],[-36,-27],[-3,-47],[13,-17],[-26,-27],[-43,-91],[-19,-2],[-25,-68],[0,-76],[-81,0],[-41,-42],[22,-15],[63,-67],[41,-18],[0,-103],[48,-20],[22,-19],[48,-5],[2,-333],[-120,0]],[[71422,71899],[-359,0],[0,111]],[[71063,72010],[0,386],[175,0],[1,103],[-47,22],[-31,91],[-36,0],[0,-23],[-27,-21],[-104,0],[-41,-30],[-20,-89],[4,-20],[-38,-9],[-2,39],[-27,52],[0,57],[-36,0],[-1,24],[-24,41],[-4,70],[20,34],[65,130],[-21,28],[11,71],[-29,61],[-24,-2],[-23,-27],[1,402]],[[70805,73400],[310,-2],[0,106],[63,0],[0,-17],[136,-4],[1,-35],[16,-16],[33,0],[0,-37],[93,1]],[[70904,74632],[3,-159],[-33,0],[2,-56],[15,-6]],[[70891,74411],[-7,-26],[-51,-10],[-34,20],[0,24],[-42,-19]],[[70757,74400],[-25,-3],[-7,-52]],[[70725,74345],[-19,-9]],[[70706,74336],[-29,43],[21,90],[23,50],[-16,23],[41,12],[20,49],[52,60],[63,-35],[23,4]],[[70725,74345],[2,-17],[-16,-8],[-5,16]],[[83357,71540],[41,13],[1,-22],[-32,-7],[-10,16]],[[81588,76394],[-3,43],[28,2],[-10,-38],[-15,-7]],[[82498,75934],[0,25],[57,18],[50,2],[45,73],[33,5],[20,-18],[-47,-25],[-16,-55],[-33,-14],[-43,1],[-56,-23],[-10,11]],[[82200,76490],[-12,28],[22,13],[17,51],[62,16],[12,24],[92,94],[14,-36],[-23,-36],[11,-19],[-45,-67],[-40,-5],[-42,-25],[-1,-19],[-67,-19]],[[81646,76493],[11,40],[23,4],[-17,-52],[-17,8]],[[81910,71667],[26,5],[4,-37],[-46,-2],[16,34]],[[82077,76410],[-34,11],[-4,31],[25,10],[32,-27],[38,22],[8,32],[43,25],[14,-30],[-6,-34],[15,-14],[-82,-47],[-76,-68],[-24,22],[-33,-9],[-14,-36],[0,-33],[-72,-16],[-9,30],[-29,-15],[-67,-72],[-41,-12],[0,30],[36,4],[-16,69],[44,11],[31,-25],[5,36],[27,1],[20,43],[23,9],[-9,45],[63,42],[22,-1],[-3,-36],[20,-18],[53,20]],[[81409,76129],[-27,1],[-42,23],[-20,31],[8,31],[70,51],[78,46],[20,-19],[27,7],[16,-16],[-45,-54],[-64,-88],[-21,-13]],[[81747,76171],[-27,-52],[-23,-14],[-12,35],[33,32],[29,-1]],[[81298,76049],[29,15],[2,23],[49,1],[-32,-66],[-43,-14],[-5,41]],[[81578,75997],[26,54],[12,-13],[-23,-45],[-15,4]],[[82296,71019],[-21,27],[1,37],[27,37],[26,1],[11,-37],[34,27],[14,-36],[39,3],[27,-12],[38,16],[25,27],[-4,60],[15,24],[25,-10],[-11,-47],[35,-26],[41,25],[56,8],[-14,45],[25,5],[53,-10],[-1,55],[-34,13],[6,43],[-13,24],[-46,18],[2,75],[-8,24],[47,-1],[47,-21],[-29,-30],[15,-30],[32,34],[44,-1],[29,13],[6,43],[37,42],[47,-7],[26,-49],[-26,-64],[-24,-5],[-27,-32],[-24,-5],[14,-79],[16,-26],[43,-2],[-11,-43],[9,-41],[26,-21],[-12,-51],[64,21],[49,-35],[32,-2],[36,-20],[55,32],[17,70],[-17,26],[-47,1],[51,52],[-4,76],[70,-20],[37,7],[34,-25],[19,-60],[21,-41],[-25,-2],[-59,-84],[-53,-120],[-1,-47],[-28,12],[-47,-2],[-19,11],[-45,-30],[-42,-83],[-18,-82],[1,-41],[32,-53],[57,8],[2,-38],[-41,-4],[-19,-30],[-24,19],[-32,-38],[-7,-22],[-55,-3],[6,-20],[-21,-49],[-24,-19],[-7,-37],[31,-73],[-19,-24],[13,-29],[39,-37],[46,10],[24,-23],[44,5],[-30,58],[24,12],[4,38],[39,-14],[22,-26],[62,-42],[24,-60],[55,-3],[32,20],[17,47],[23,26],[10,34],[25,-20],[25,18],[40,-23],[-23,-66],[-23,14],[-16,-38],[39,-91],[-23,-32],[13,-49],[-25,-12],[-6,-29],[-58,14],[-31,-48],[-67,71],[-39,-26],[-20,27],[-26,-1],[-22,21],[-49,22],[-95,2],[-65,-40],[-25,0],[-38,-51],[-22,24],[-32,-21],[-32,29],[-1,34],[-30,15],[-74,11],[-35,-5],[-34,19],[-22,-3],[-34,49],[-65,-8],[-75,47],[-4,24],[-34,28],[-33,0],[-54,-15],[-81,-42],[-66,-62],[0,78],[40,27],[112,58],[28,20],[23,34],[-8,19],[50,56],[-1,24],[-26,46],[0,43],[-24,44],[8,27],[-13,74],[5,46],[-20,47],[26,62],[32,136],[-6,38],[-30,47]],[[81824,71183],[-15,50],[-34,-3],[-49,-38],[30,-49],[3,-37],[16,-31],[-84,-4],[-46,50],[31,66],[-22,57],[-2,51],[21,46],[52,-57],[57,-6],[19,36],[0,38],[-15,27],[36,34],[-4,44],[24,21],[43,8],[67,-28],[-1,-47],[25,3],[19,-30],[39,-8],[9,-52],[-28,-26],[-36,8],[-25,-24],[6,-31],[27,9],[19,-85],[-42,10],[2,-45],[-12,-60],[-34,-35],[-78,-20],[-5,15],[26,50],[-12,43],[-22,20],[-5,30]],[[82462,71354],[35,0],[4,36],[24,-9],[20,-78],[-9,-35],[3,-47],[-35,-45],[-27,10],[-24,30],[-3,24],[-49,43],[-7,23],[11,40],[57,8]],[[82188,71056],[-64,-5],[-1,24],[35,36],[32,16],[11,-31],[-13,-40]],[[82806,71478],[28,22],[-2,-51],[-24,-17],[-2,46]],[[82402,75811],[-3,49],[20,41],[26,19],[20,-35],[-38,-51],[8,-112],[-16,-32],[-30,-12],[-8,43],[16,34],[-15,13],[20,43]],[[82279,75782],[16,-31],[30,-15],[-4,-33],[-68,9],[26,70]],[[81314,75677],[4,33],[-14,26],[33,27],[37,-4],[-49,-81],[-11,-1]],[[82332,75654],[46,42],[0,-38],[-46,-4]],[[81720,71816],[18,26],[-14,30],[-27,-2],[-15,68],[25,48],[-16,31],[4,25],[24,23],[-16,31],[-15,76],[19,-3],[56,-103],[26,-6],[5,-40],[56,-53],[-23,-30],[-20,20],[-34,-17],[-53,2],[2,-34],[17,-25],[25,-6],[11,-29],[-39,-35],[-7,-90],[-23,13],[-17,33],[28,25],[3,22]],[[81587,71947],[-1,44],[63,-25],[-9,-28],[-38,-5],[-15,14]],[[81929,71971],[-1,47],[59,-39],[-58,-8]],[[82459,76850],[5,37],[33,11],[47,59],[13,3],[76,103],[-9,17],[24,89],[76,121],[-6,36],[46,9],[26,58],[32,-28],[31,9],[22,42],[17,14],[-4,78],[26,29],[32,101],[5,50],[-23,15],[16,33],[34,36],[39,-3],[-5,-30],[-33,-78],[5,-17],[-20,-46],[-9,-74],[-28,-45],[-16,-65],[10,-43],[-22,-31],[-27,-18],[-50,-13],[11,-59],[-15,-5],[-15,-40],[-29,1],[-7,-42],[-41,-6],[17,-26],[-20,-76],[-17,-6],[-25,-40],[-20,-62],[-46,-46],[-49,-77],[-22,-6],[0,-34],[-24,-12],[-11,33],[-46,-25],[-13,-46],[-38,25],[41,30],[14,37],[-8,23]],[[81261,72153],[-872,-436],[2,-1807],[-1044,770],[0,2381]],[[79347,73061],[0,282],[-432,0],[-1,682],[-40,85],[-12,64],[0,720],[82,151],[1,146],[-165,95],[-7,143],[77,135]],[[78850,75564],[22,-14],[-1,-49],[-12,-53],[30,-8],[40,-108],[26,0],[67,-28],[-5,-60],[2,-65],[28,-44],[60,-8],[44,-39],[49,20],[39,-7],[47,-29],[30,-34],[26,-70],[17,-30],[68,-62],[36,-51],[58,12],[9,15],[60,14],[16,17],[73,-28],[9,-37],[101,-74],[-3,34],[-17,39],[-42,26],[8,20],[-34,36],[11,12],[79,-19],[82,23],[28,-1],[36,-70],[60,-10],[62,28],[-24,14],[-44,-1],[-49,34],[-29,47],[-47,5],[-29,54],[69,6],[32,37],[44,7],[25,35],[-28,25],[3,28],[45,28],[51,13],[30,53],[38,-20],[27,26],[52,-2],[-33,-42],[19,-34],[77,1],[35,11],[79,57],[27,58],[38,-7],[13,-55],[51,-30],[86,68],[52,26],[38,53],[66,12],[15,22],[33,7],[37,29],[51,1],[63,40],[68,31],[42,4],[60,24],[46,4],[33,25],[23,-9],[-74,-64],[-35,11],[-51,-1],[-18,-19],[12,-27],[-24,-13],[-45,-56],[-56,-34],[-35,-81],[-24,-30],[-28,0],[-34,-31],[-29,-54],[-30,-15],[-34,-41],[-20,1],[-17,-43],[0,-81],[28,-60],[54,-66],[37,-17],[26,-48],[23,-20],[28,64],[29,21],[34,-15],[8,36],[-3,50],[79,57],[3,25],[38,0],[36,19],[32,32],[-6,27],[26,9],[13,-58],[23,1],[10,29],[32,41],[26,-33],[29,23],[43,14],[80,74],[-11,55],[29,31],[42,7],[-24,-82],[-37,-44],[-52,-85],[-7,-50],[-34,7],[-1,-28],[-29,-10],[-30,-59],[11,-33],[47,-27],[-3,-28],[30,-31],[53,6],[22,23],[19,62],[26,-11],[45,20],[26,-22],[-15,-67],[-42,-5],[-30,-88],[-48,-124],[-22,-1],[-26,-39],[4,-48],[24,5],[34,-13],[25,9],[-13,-54],[-26,-48],[18,-39],[27,-10],[-3,-48],[63,22],[1,40],[33,45],[37,-51],[33,-2],[40,22],[34,4],[39,26],[19,-26],[1,-38],[74,-13],[76,25],[74,58],[74,79],[14,26],[-13,56],[44,51],[17,50],[-18,40],[37,13],[23,64],[-14,35],[34,6],[-11,64],[-15,40],[-40,26],[-34,-21],[-47,15],[-31,-12],[-102,-10],[-4,35],[-22,34],[-21,-2],[-33,-24],[-42,10],[10,43],[-6,36],[52,-8],[40,32],[-9,40],[34,9],[28,31],[11,37],[41,64],[-5,15],[78,42],[49,-2],[13,-25],[55,81],[24,-4],[30,43],[0,32],[65,93],[21,-2],[12,-29],[30,36],[11,38],[25,-23],[57,-8],[69,32],[2,37],[41,15],[35,0],[26,37],[17,-28],[-56,-56],[-43,-25],[-82,-27],[-49,-6],[-4,-64],[-26,24],[-16,-17],[14,-49],[36,-5],[5,-18],[43,-38],[-3,50],[22,17],[12,35],[41,-6],[14,-70],[19,-42],[15,-60],[36,-56],[32,7],[7,-25],[-18,-30],[11,-45],[-20,-47],[17,-53],[24,-42],[12,-49],[46,-44],[45,-26],[-2,-66],[7,-17],[70,-25],[19,13],[32,-31],[40,30],[32,8],[42,93],[-24,1],[-8,40],[-32,-8],[-31,45],[-32,33],[47,8],[8,28],[49,19],[17,-4],[9,1],[14,2],[18,7],[7,6],[9,-13],[4,-36],[4,-15],[10,-3],[2,2],[25,-40],[27,-24],[73,2],[38,-22],[22,-61],[32,-8],[1,-70],[53,-3],[0,-33],[23,-67],[-22,-46],[22,-35],[57,-5],[-8,-25],[-32,0],[-90,-50],[-26,-56],[-41,-28],[-43,-50],[-91,-135],[-50,-45],[-27,-50],[-17,40],[29,37],[2,34],[41,8],[-3,98],[-26,7],[-48,-45],[-60,-34],[-15,-24],[9,-27],[27,-17],[-2,-104],[-38,0],[-9,-43],[48,8],[-21,-37],[-52,-61],[-44,-98],[-9,-41],[6,-47],[30,-30],[-3,-25],[-36,16],[-29,-19],[-30,23],[-32,8],[-25,-16],[-31,-40],[-7,-58],[37,-24],[9,-37],[-22,-48],[-11,-53],[8,-42],[-37,14],[-21,20],[-9,46],[7,61],[-65,54],[-4,25],[-36,-10],[-17,-33],[2,-39],[19,-42],[-34,-36],[-17,29],[-56,63],[-27,-13],[-5,-49],[41,-16],[-22,-64],[23,-47],[35,-7],[9,-40],[60,-33],[11,-25],[6,-58],[53,-7],[66,-45],[15,3],[29,-39],[21,2],[12,-72],[50,-48],[-21,-32],[-46,6],[4,26],[-16,20],[1,47],[-15,16],[-41,-16],[-6,-36],[-34,-22],[6,-47],[-42,19],[10,28],[-24,27],[15,17],[-18,39],[-36,-14],[-4,-22],[-36,7],[-38,-15],[-18,-23],[-61,45],[-19,-14],[-1,-30],[55,-16],[58,5],[0,-34],[51,-40],[-4,-40],[24,-33],[52,-3],[-33,-58],[-24,-61],[-13,-75],[-66,-3],[-46,-65],[4,-35],[-17,-54],[5,-67],[-15,-30],[-27,-19],[-18,15],[15,58],[-30,15],[-24,-31],[-51,-22],[-27,-39],[-35,-83],[-62,-82],[-27,4],[-23,70],[25,11],[13,30],[-9,65],[35,10],[15,-20],[29,9],[29,38],[-18,76],[-22,15],[7,70],[-28,46],[31,20],[-19,25],[17,54],[-14,33],[16,33],[-6,42],[-25,22],[-44,18],[-55,-67],[-4,-50],[9,-36],[21,-27],[-30,-58],[19,-36],[-15,-18],[-54,-3],[-59,40],[-23,33],[-25,-43],[9,-33],[5,-84],[-34,5],[-15,-15],[-2,-58],[-26,-33],[-32,5],[-21,28],[-48,-32],[-14,27],[5,36],[-23,18],[28,70],[-4,27],[8,68],[-20,45],[-36,-21],[-10,-27],[-25,-9],[-23,-30],[17,-20],[-37,-68],[-20,-24],[14,-41],[-9,-24],[-28,19],[-24,-8],[-11,-44],[19,-18],[-16,-63],[3,-44],[-20,-23],[-16,27],[12,23],[-19,70],[-5,41],[-24,54],[-31,21],[-40,-25],[-17,-23],[-1,-39],[-36,-84],[-22,76],[-61,-43],[-19,-40],[-1,-35],[-32,-25],[-21,-48],[-5,-77],[62,-39],[21,-4]],[[80512,75363],[8,78],[39,47],[24,70],[42,-36],[34,-12],[52,22],[44,78],[35,-15],[43,17],[39,-17],[50,44],[1,15],[50,12],[103,116],[8,48],[25,-19],[48,35],[31,100],[-25,2],[-20,44],[24,39],[30,-15],[20,10],[22,-24],[31,-8],[27,-77],[-36,-14],[-26,-33],[-16,-68],[-74,-45],[-53,-75],[-24,-63],[-63,-83],[-44,-29],[-37,13],[-33,-11],[-15,-63],[-69,-3],[-21,-11],[-74,-12],[-42,-13],[-26,-27],[-38,-8],[-51,-54],[-20,-32],[-37,47],[14,30]],[[81719,75344],[-22,10],[5,35],[27,-5],[1,-25],[27,-6],[25,22],[2,31],[54,0],[20,-29],[59,13],[14,18],[57,34],[25,70],[39,3],[30,-68],[-29,-32],[-87,-59],[-39,-10],[-46,-34],[-27,2],[-21,-17],[0,-28],[-39,-3],[-26,24],[-32,0],[-17,54]],[[79199,75218],[-23,-41],[-10,-41],[-23,-20],[-68,32],[-12,93],[6,41],[-22,19],[-3,48],[55,-49],[61,-13],[40,-55],[-1,-14]],[[79159,75371],[0,24],[94,18],[56,-47],[-39,-40],[-2,-32],[-44,7],[-15,39],[-50,31]],[[79463,75560],[-20,35],[13,45],[29,-3],[33,16],[83,-29],[-44,-36],[-22,5],[-21,-21],[-51,-12]],[[83083,75167],[-1,72],[27,24],[27,0],[-3,-100],[13,-35],[-28,-15],[-31,22],[-4,32]],[[81736,75034],[2,-50],[-88,-7],[-8,20],[36,52],[58,-15]],[[79036,75420],[30,-22],[0,-20],[-29,-21],[-45,24],[1,34],[15,17],[28,-12]],[[81481,75093],[4,77],[-6,33],[20,25],[11,-85],[-29,-50]],[[78957,75392],[1,-43],[-34,28],[14,39],[19,-24]],[[79330,75222],[-29,70],[34,-11],[13,-44],[-18,-15]],[[83022,75002],[13,-19],[35,22],[-3,4],[-3,10],[-2,15],[-4,-5],[-4,20],[-10,16],[-9,-3],[-8,-3],[-5,-1],[0,-56]],[[73192,70206],[7,-79],[49,-66],[27,-79],[35,-27],[34,-48],[51,-57],[68,-11],[38,-49],[68,-55],[125,59],[119,-24],[100,49],[0,-32],[42,-1],[21,22],[3,43],[-22,11],[-2,30],[84,-74],[-28,-112],[53,-68],[49,9],[26,-33],[0,75],[189,0],[1,-209],[215,0],[0,-424],[-33,14],[-12,37],[-27,6],[-37,24],[-65,-118],[0,-997],[-1066,0]],[[73304,68022],[1,112],[-417,-1],[0,964],[-339,-1],[-47,25],[1,49],[-11,32],[26,52],[-39,68],[26,20],[-17,53],[-21,15],[-7,30],[-24,37],[-8,46],[14,80],[-19,39],[-15,79],[28,6],[45,47],[36,22],[16,24],[64,-3],[47,29],[31,-13],[22,26],[22,52],[77,25],[60,60],[-1,43],[56,62],[34,8],[27,55],[53,35],[7,18],[34,9],[49,-18],[26,3],[27,26],[24,-31]],[[70805,73400],[0,504]],[[70805,73904],[1,34],[-15,23],[-1,43],[72,0],[34,-11],[25,-64],[20,2],[3,42],[-69,94],[-32,17],[-10,-15],[-38,10],[-15,49],[-7,63],[-25,4],[-2,39],[50,-26],[78,28],[24,-55],[40,-24],[5,20]],[[70943,74177],[23,-2],[42,-30],[11,22],[41,16],[2,105],[-47,46],[-26,1],[-56,58],[-26,11]],[[70907,74404],[-16,7]],[[70904,74632],[36,-9],[59,12],[78,-44],[41,6],[-57,98],[31,123],[8,63],[-20,54],[-35,17],[-21,55],[3,41],[17,22],[55,31],[31,9],[13,-37],[28,-21],[46,32],[53,-3],[7,-39],[19,-27],[47,5],[19,28],[24,-11],[15,-45],[95,-84],[55,12]],[[71551,74920],[56,-50],[16,-103],[21,-44],[-45,-64],[21,-23],[1,-31],[25,-42],[42,-28],[-9,-24],[19,-85],[45,-19],[-36,-25],[31,-38],[18,6],[40,-73],[63,-96],[-8,-30],[-37,-14],[22,-24],[-11,-26],[-11,-66],[6,-31],[-37,-39],[-5,-47],[-20,10],[-19,-22],[-14,-53],[-36,-23],[-67,-27],[-19,-22],[-8,-46],[17,-21],[10,-47],[-48,-63],[-37,2],[-52,-69],[5,-28],[-25,-44],[-8,-55]],[[70890,43809],[165,0],[0,279],[-165,0],[0,-279]],[[70943,74177],[-29,29],[3,39],[-24,32],[10,49]],[[70903,74326],[-24,15],[-3,27],[31,0],[0,36]],[[80780,68518],[14,30],[43,28],[9,52],[-22,8],[18,36],[59,12],[24,-26],[17,-47],[0,-65],[-59,-10],[-14,16],[-51,-50],[-38,16]],[[83397,66538],[-18,39],[-7,78],[46,109],[32,-46],[14,11],[-9,52],[19,1],[29,27],[-18,92],[37,-6],[23,-19],[25,-94],[47,-15],[18,-29],[29,-3],[8,-25],[-7,-46],[16,-70],[-14,-54],[-3,-47],[29,-29],[31,-16],[-18,-90],[-19,-9],[-32,-45],[-25,-9],[-44,7],[9,43],[-20,48],[-38,-20],[-54,59],[-13,54],[-32,78],[-38,10],[-3,-36]],[[82708,66970],[-26,-13],[-20,-67],[12,-31],[-2,-48],[-21,-56],[-64,3],[-17,10],[-24,-33],[-53,3],[-39,31],[33,32],[2,50],[-15,31],[26,26],[10,44],[-23,44],[31,14],[85,19],[34,40],[57,-24],[14,-75]],[[82985,66752],[17,14],[45,-18],[30,8],[43,-34],[16,1],[18,-64],[-38,-35],[-47,38],[-24,-40],[30,-3],[22,-51],[-27,-11],[-31,-43],[-63,-8],[-26,-23],[-12,57],[49,54],[-30,38],[8,58],[-12,28],[8,40],[24,-6]],[[83237,66839],[21,-50],[-30,-21],[-48,-3],[6,26],[-16,40],[-1,52],[35,24],[-30,58],[4,42],[35,17],[5,48],[20,-11],[33,-116],[3,-68],[-19,-34],[-18,-4]],[[83165,66943],[-3,-43],[-73,7],[-16,52],[69,-1],[23,-15]],[[83068,66830],[-28,14],[26,41],[49,-12],[12,-17],[-59,-26]],[[82769,66848],[17,31],[51,-18],[0,-23],[-68,10]],[[83119,66516],[-30,8],[-2,33],[40,11],[-8,-52]],[[74200,64518],[0,865],[-6,346],[-449,17],[-446,6],[5,498],[0,535],[0,1237]],[[73192,70206],[-7,34],[-30,29],[-46,84],[-20,64],[-1,67],[-87,115],[156,0],[1,538],[714,0]],[[73872,71137],[241,0],[0,661],[-125,0],[0,207],[-28,11],[28,29],[0,61],[622,-1],[579,-4],[0,659],[1973,-9],[533,1],[1323,-10],[10,41],[22,46],[63,46],[47,80],[6,50],[42,58],[49,-41],[35,-4],[25,-16],[30,59]],[[81261,72153],[-4,-53],[16,-31],[80,17],[8,-26],[-16,-56],[-47,22],[-43,-59],[-11,39],[-31,16],[-7,29],[-24,1],[-42,-25],[-11,-41],[14,-39],[-13,-32],[9,-29],[-15,-61],[24,-43],[-1,-42],[-23,-27],[-38,-12],[19,-103],[40,-17],[13,-43],[0,-39],[16,-26],[35,-1],[24,23],[14,-59],[-27,7],[-43,-38],[6,-56],[33,-44],[35,-17],[83,4],[46,28],[21,34],[43,24],[23,38],[28,21],[-8,24],[7,42],[24,2],[14,22],[51,-30],[6,-22],[-50,-33],[1,-34],[-43,-52],[7,-37],[-6,-35],[-31,-14],[-14,-24],[0,-35],[-14,-34],[19,-71],[-4,-28],[-46,-59],[4,-46],[-9,-45],[-40,-42],[-30,-85],[-35,-22],[-44,-46],[-18,-50],[13,-24],[-4,-81],[-17,-76],[-29,-47],[8,-31],[-23,-113],[-11,-29],[31,-23],[-57,-30],[-64,-52],[-40,-43],[-27,3],[-40,-18],[-37,-61],[-35,-41],[-41,-15],[2,-30],[-35,-64],[-2,-27],[-93,-153],[10,-37],[-113,-34],[-41,-67],[3,-27],[-23,-48],[1,-40],[-29,-10],[-81,-124],[-21,-65],[-10,-80],[12,-45],[25,-4],[-10,-36],[-37,4],[-46,-45],[-20,19],[-41,-21],[-36,-42],[-45,-79],[-44,-24],[-24,41],[-24,-15],[25,-110],[5,-94],[34,-95],[-8,-27],[50,-93],[47,-114],[31,-50],[67,-44],[45,-48],[48,-27],[74,-60],[61,-16],[57,18],[57,-38],[5,-27],[37,-13],[30,-25],[4,-22],[27,-17],[15,-30],[52,0],[24,-26],[81,-56],[131,-76],[77,-79],[53,-80],[86,-55],[31,-35],[28,-10],[78,-50],[36,-11],[8,-22],[37,-31],[55,-33],[66,-27],[33,-35],[51,-38],[64,9],[29,-28],[51,-32],[4,-77],[26,-84],[19,-31],[3,-50],[26,-83],[28,-48],[56,-41],[7,-29],[73,-35],[42,2],[32,-27],[43,2],[46,-49],[41,-19],[31,-28],[92,-110],[49,-42],[14,-26],[42,-2],[-9,34],[53,6],[45,37],[50,28],[28,61],[99,-25],[36,-29],[31,-3],[-21,-72],[-52,-79],[-13,-44],[-72,13],[26,-43],[38,-35],[-4,-23],[39,-40],[38,-60],[1,-49],[-33,-30],[-16,-32],[32,-67],[48,-2],[83,102],[30,-41],[81,18],[26,-22],[38,4],[30,-19],[8,-21],[33,3],[65,-33],[45,5],[-51,50],[-7,32],[38,34],[51,27],[22,30],[33,19],[11,-52],[72,-39],[50,-64],[78,-61],[55,-27],[20,4],[80,-38],[79,-62],[40,-16],[63,-14],[45,-46],[-2,-15],[40,-63],[43,-46],[4,-26],[60,-43],[36,-16],[35,-30],[36,2],[43,-42],[34,12],[59,-17],[97,-52],[14,8],[79,-24],[12,14],[111,-41],[61,-36],[40,-15],[57,-35],[102,-24],[20,-36],[3,-34],[18,-8],[40,-49],[44,-96],[30,-34],[20,-43],[33,-32],[67,-122],[49,-53],[106,-88],[41,-62],[79,-73]],[[80597,69477],[4,33],[45,5],[10,-12],[-37,-59],[-22,33]],[[70330,76873],[31,-37],[15,-50],[36,-35],[-11,-28],[43,-55],[14,47],[71,-26],[-1,-25],[55,-42],[27,-5],[-5,39],[-53,20],[-1,33],[-24,32],[-1,28],[-31,11],[-14,37],[-25,17],[-47,-5],[3,67],[25,26],[27,-1],[80,20],[18,25],[30,-2],[97,15],[63,36],[43,42],[23,40],[29,-3],[112,-53],[53,-16],[4,-36],[60,-13],[27,-16],[30,33],[10,27],[-24,56],[48,15],[90,62],[18,48],[21,28],[51,2],[33,-30],[-5,-29],[18,-19],[-11,-52],[41,-54],[33,48],[-24,33],[25,29],[-11,36],[13,78],[31,28],[35,-1],[23,16],[10,62],[100,-32],[34,-54],[-33,-53],[-9,-39],[15,-15],[42,-3],[11,44],[30,17],[33,-8],[33,-28],[-5,-58],[21,-25],[28,9],[15,33],[-15,35],[30,26],[55,-26],[12,-50],[-27,-18],[9,-38],[22,-4],[37,-36],[-15,-29],[14,-50],[20,-22],[-13,-37],[38,-30],[11,28],[31,3],[51,-33],[20,-39],[-6,-53],[14,-51],[-30,-41],[-60,18],[-31,-47],[-25,-17],[-21,-44],[-12,-71],[2,-39],[18,-15],[-11,-48],[23,0],[4,-35],[-15,-23],[-45,0],[-25,13],[-28,-6],[-29,43],[-37,2],[-32,-26],[-1,-25],[-26,-62],[-34,-53],[-20,-56],[-49,-49],[-41,-50],[-16,-39],[-33,18],[-44,-19],[-114,-101],[-15,-21],[-45,-28],[-30,-5],[-82,-59],[-51,-13],[-47,-65],[-22,-44],[-64,-12],[-36,-42],[-38,-57],[-43,-28],[-33,2],[-51,91],[-71,60],[-34,35],[-38,25],[-48,0],[-58,13],[-45,31],[-46,18],[-43,36],[-54,25],[-50,6],[-20,27],[-12,53],[-65,38],[-36,53],[-49,14],[-13,32],[-28,21],[-47,53],[-32,5],[-20,-20],[-44,25],[-38,36],[-33,82],[3,63],[31,66],[-12,42],[-57,34],[-16,43],[-42,32],[4,66],[-27,38],[12,77],[-32,46],[7,19],[-14,43],[4,42],[-41,-3],[-2,51],[19,64],[24,30],[-38,52],[-5,21],[-39,23],[-15,40],[11,63],[9,124],[60,9],[89,-94],[59,-93],[52,-59],[37,-26],[56,-8],[24,41],[45,-38],[41,-18],[17,-75],[-17,-9],[-18,-42],[-40,5],[-27,-51],[5,-56],[25,-31],[34,-6],[32,34],[38,-2],[38,29],[8,47],[43,28],[-14,-79],[15,-37],[-4,-27]],[[70235,76081],[51,-41],[2,-18],[-19,-54],[-21,-32],[-5,-32],[-27,-41],[-49,0],[-29,15],[-46,3],[-73,-26],[-24,2],[-90,37],[-25,-7],[-42,27],[-78,18],[-60,41],[-92,24],[-37,-17],[-109,-31],[-83,-35],[-58,-10],[-32,-16],[-86,-25],[-40,16],[-30,-11],[-40,16],[-33,-14],[-48,61],[-10,61],[24,41],[22,1],[27,-26],[31,103],[-6,87],[10,36],[25,5],[83,-81],[64,-4],[63,82],[32,51],[78,-93],[26,15],[-4,36],[-28,12],[-15,46],[-80,5],[13,57],[8,72],[-13,36],[-17,-3],[-25,34],[21,44],[15,6],[15,68],[-28,58],[-72,-13],[-6,20],[45,46],[21,78],[56,30],[40,13],[17,34],[25,13],[14,37],[-11,54],[33,28],[45,-6],[71,35],[40,28],[31,-50],[17,-85],[21,-51],[24,-18],[35,-49],[7,-57],[-54,-84],[7,-26],[-10,-32],[50,-78],[59,-20],[74,-66],[-8,-105],[10,-21],[-3,-43],[10,-47],[34,-7],[53,-34],[11,-17],[38,-8],[32,10],[29,-38],[54,-22],[6,-36],[47,-12]],[[66882,68582],[63,-16],[25,-37],[46,25],[73,-57],[24,-46],[-5,-63],[42,28],[42,-40],[52,-26],[27,-25],[-18,-90],[-22,-26],[0,-37],[24,-79],[24,-35],[17,-56],[-32,-46],[-22,-13],[0,-50],[-36,-38],[2,-32],[26,5],[51,87],[22,0],[41,-43],[2,37],[-23,19],[24,45],[23,15],[-7,48],[26,31],[-23,66],[31,28],[6,39],[23,16],[-29,33],[-31,13],[9,79],[-16,56],[4,102],[-13,106],[-15,57],[25,17],[61,-27],[9,-35],[48,18],[56,-5],[82,-48],[22,-56],[52,-14],[19,-19],[62,-12],[106,-46],[29,-61],[54,-93],[5,-53],[27,-14],[70,-73],[68,-104],[-4,-50],[-34,-31],[-53,-31],[-6,-37],[13,-23],[38,62],[62,1],[30,37],[64,-3],[29,-22],[29,14],[2,28],[-65,69],[-27,55],[-2,88],[-41,105],[8,64],[-4,43],[-30,13],[-38,-34],[-13,48],[-80,151],[-18,23],[-1,31],[-45,86],[-30,40],[13,34],[57,-43],[75,-97],[46,-103],[54,22],[-2,29],[-37,32],[-27,40],[-25,78],[18,17],[72,-62],[30,-44],[55,18],[55,-30],[54,-8],[68,5],[41,14],[82,-33],[39,11],[66,30],[-15,27],[82,38],[-19,16],[33,51],[23,20]],[[68756,68826],[39,-12],[31,15],[29,-13],[6,-30],[29,-25],[86,0],[86,19],[35,-9],[43,39],[33,-26],[48,-5],[20,21],[48,-3],[-16,-25],[24,-34],[26,32],[23,-6],[10,-85],[21,-18],[28,-50],[32,2],[28,-45],[52,-3],[18,-13],[23,18],[46,-1],[26,17],[50,-5],[22,30],[30,18],[36,-33],[23,5],[7,37],[40,22],[50,-72],[20,8],[16,30],[35,20],[-12,31],[29,8],[23,-40],[50,16],[3,36],[17,7],[22,-27],[55,25],[30,-1],[117,19],[1,1078],[-482,0],[0,942],[0,1132]],[[69812,71872],[9,52],[52,17],[49,-29],[21,-40],[-4,-35],[391,1],[1,-226],[29,19],[40,1],[0,43],[132,0],[104,136],[50,-2],[26,-37],[55,10],[67,86],[25,-4],[-15,75],[27,113],[25,32],[35,-1],[8,-18],[83,-56],[41,1]],[[71422,71899],[-1,-806],[-80,-43],[20,-23],[3,-37],[19,-17],[39,36],[23,-18],[43,-6],[4,-58],[-27,-22],[-14,-41],[-32,-14],[-1,-28],[22,-12],[1,-52],[27,0],[11,-34],[23,-6],[4,-32],[28,-17],[-6,-34],[-41,-13],[-17,-52],[34,-37],[9,-26],[49,-9],[-15,-28],[75,-48],[7,-37],[38,-5],[-5,-38],[20,-74],[66,46],[36,1],[-2,-35],[32,-45],[51,2],[29,-14],[21,-37],[-1,-58],[-12,-27],[130,0],[0,636],[245,0],[-2,69],[-71,0],[0,426],[50,-4],[-49,72],[0,452],[310,2],[-58,63],[-67,42],[-126,47],[-184,30],[-28,2],[0,83],[-69,0],[0,65],[-216,0],[0,388],[1044,0],[0,172],[50,0]],[[72861,72646],[17,-61],[26,-29],[17,-41],[0,-93],[59,-49],[4,-81],[40,-58],[-4,-33],[27,-82],[-8,-36],[36,-40],[27,-8],[50,-74],[11,-33],[-1,-61],[36,-24],[18,-38],[39,-19],[42,-47],[73,-55],[9,-35],[28,-20],[38,18],[20,-18],[42,20],[74,-24],[9,-24],[35,-9],[74,-59],[17,15],[34,-11],[6,-56],[36,-25],[5,-43],[-5,-67],[46,-19],[21,-64],[22,-32],[-1,-64],[-8,-30]],[[70551,74393],[0,-11]],[[70551,74382],[-39,17],[-34,0],[8,26],[25,5],[40,-37]],[[75172,77648],[-3,58],[52,-34],[-20,-46],[-29,22]],[[74888,77691],[5,34],[36,-10],[-9,-25],[-32,1]],[[74991,77493],[23,1],[-1,-37],[-27,-3],[-52,-26],[-10,37],[14,19],[37,17],[16,-8]],[[74465,77348],[5,25],[39,24],[-22,-66],[-22,17]],[[73853,75077],[5,-67],[-26,1],[-3,29],[24,37]],[[75938,76316],[-23,31],[53,21],[38,26],[27,40],[59,0],[28,-17],[53,-3],[2,-58],[-56,6],[-26,-29],[-34,-14],[-14,24],[-51,-38],[32,-47],[-68,-49],[-23,38],[14,45],[-11,24]],[[76004,76654],[27,11],[43,1],[47,26],[40,35],[16,-17],[14,-61],[24,-42],[-83,-3],[-28,25],[-31,-16],[-16,-35],[-29,-6],[-3,53],[-21,29]],[[73812,75227],[7,29],[44,-4],[28,22],[56,-5],[28,-39],[15,-67],[-22,-42],[-45,-4],[-49,38],[-62,72]],[[77626,75181],[-14,28],[16,26],[26,-17],[-28,-37]],[[72861,72646],[405,0],[0,607],[-212,0],[0,378],[-93,0],[0,353],[-81,0],[0,217],[275,113],[190,275],[-18,27],[-31,-7],[-17,51],[23,16],[-12,36],[-33,-4],[-9,19]],[[73248,74727],[19,34],[118,71],[51,50],[37,63],[49,7],[57,34],[17,44],[61,7],[5,-71],[30,-50],[76,31],[39,22],[40,7],[33,-49],[42,-41],[58,34],[1,64],[51,117],[84,21],[105,59],[47,42],[17,6],[27,-31],[108,45],[-13,34],[6,44],[-15,85],[41,175],[1,63],[11,54],[24,15],[-20,38],[7,36],[-27,90],[-36,31],[-56,13],[-24,36],[34,46],[48,23],[8,28],[44,45],[-22,23],[-18,-13],[-68,-15],[-108,27],[-21,22],[-24,52],[-41,18],[3,80],[10,24],[57,-5],[53,3],[33,-43],[47,3],[1,31],[-65,55],[-34,16],[-29,74],[19,7],[20,53],[-34,2],[-29,25],[13,54],[-37,4],[-21,17],[-15,34],[6,21],[-51,28],[-35,49],[-86,12],[-29,-7],[-97,33],[-28,-10],[-78,-48],[-65,5],[-41,19],[-32,-1],[-55,-33],[-34,-50],[-46,2],[-70,-76],[-21,15],[-27,-60],[-20,22],[-48,0],[-36,18],[-19,63],[-46,35],[-7,55],[37,0],[24,56],[-23,26],[-45,3],[-34,-17],[-38,5],[-14,16],[17,43],[-18,5],[-49,-21],[-48,42],[43,29],[40,-8],[10,20],[-33,17],[14,25],[-2,32],[-37,5],[-32,-16],[-36,-33],[-14,22],[21,42],[-4,26],[-30,7],[-53,46],[-52,24],[-35,-44],[-45,-16],[-104,-15],[-25,58],[37,-1],[7,22],[39,-16],[13,12],[1,65],[22,-5],[18,-26],[43,-8],[23,22],[-80,123],[8,36],[36,-49],[36,19],[24,-1],[15,-36],[23,64],[-19,15],[3,39],[49,-25],[14,-31],[-5,-29],[52,-55],[-7,-36],[76,32],[46,63],[-33,68],[-20,28],[18,19],[26,-23],[14,10],[-2,46],[-24,36],[9,27],[26,14],[32,-14],[17,-52],[42,-97],[18,-15],[43,36],[3,-27],[37,-87],[20,-4],[27,38],[12,-39],[-18,-53],[-20,-14],[7,-28],[36,1],[-23,-38],[7,-92],[29,-42],[5,79],[64,-24],[-14,-25],[-8,-54],[17,-24],[8,-73],[18,-41],[27,25],[39,13],[0,41],[-20,1],[-12,35],[16,33],[66,-44],[20,16],[11,53],[-21,47],[-70,60],[-5,37],[15,31],[-14,23],[-3,41],[20,40],[-16,45],[-13,3],[-32,43],[-19,3],[6,41],[-19,28],[-28,3],[6,49],[13,25],[24,-15],[43,4],[22,-36],[3,-48],[25,-39],[43,-35],[34,-7],[-7,-53],[13,-10],[41,-98],[32,-23],[12,27],[-21,42],[9,32],[-35,43],[19,36],[-19,55],[59,23],[34,-18],[26,22],[45,64],[17,-12],[15,-83],[12,-38],[36,-34],[-13,-125],[7,-39],[-14,-43],[47,-8],[16,20],[-2,42],[42,25],[-18,54],[17,38],[29,28],[30,-15],[47,-73],[9,-26],[60,-31],[-6,-27],[-23,-18],[38,-21],[-19,-72],[22,-1],[16,-35],[26,13],[31,-7],[20,-55],[28,-18],[31,-52],[31,-26],[37,-5],[18,-21],[19,-56],[-4,-52],[11,-46],[34,-57],[26,-26],[33,-6],[20,11],[50,-23],[34,14],[36,60],[26,12],[30,43],[19,54],[42,13],[25,29],[15,39],[-8,22],[53,27],[32,-59],[19,0],[20,-29],[42,24],[-7,39],[19,40],[-33,36],[-6,30],[-52,44],[15,24],[53,-25],[42,20],[15,-15],[18,-62],[24,-10],[8,-40],[40,-77],[59,-18],[25,-25],[37,-91],[40,-73],[64,-49],[-17,-46],[25,-74],[27,-41],[18,-49],[7,-51],[51,-70],[3,-25],[27,-35],[17,-43],[36,-26],[43,-18],[79,-18],[69,8],[44,28],[24,36],[17,-4],[76,25],[21,-18],[8,-42],[-77,-14],[-19,-41],[6,-41],[26,-28],[61,14],[11,-29],[25,1],[28,54],[39,52],[22,-64],[-30,-22],[22,-28],[59,14],[22,-11],[-1,-27],[31,-27],[32,27],[5,20],[45,0],[69,50],[11,-22],[-15,-42],[0,-55],[-17,-27],[10,-48],[-34,-49],[28,-19],[25,81],[25,22],[27,46],[86,-6],[-1,-68],[55,6],[16,26],[53,16],[-5,18],[36,54],[26,13],[100,2],[70,48],[10,53],[34,30],[42,-7],[47,18],[12,-34],[28,-34],[24,-7],[64,-1],[36,28],[26,-52],[-48,-49],[-10,-52],[-36,-10],[-33,15],[-42,-19],[-27,-47],[-23,-19],[41,-93],[33,5],[38,-55],[7,-27],[49,13],[58,-28],[13,13],[98,44],[41,74],[70,20],[53,-34],[-2,-52],[36,-31],[-25,-31],[7,-39],[62,23],[4,25],[58,33],[8,-34],[31,-58],[48,-53],[-7,-27],[-36,9],[-4,-39],[11,-21],[35,-22],[44,-64],[-27,-52],[-5,-47],[-34,-72],[20,-55],[35,47],[10,70],[70,80],[49,11],[6,52],[-7,44],[20,19],[54,13],[45,-64],[83,-70],[49,-22],[50,-9],[10,-18],[40,-14],[44,-4],[54,6],[9,-17],[51,-1],[66,11],[88,29],[72,13],[110,83],[54,98],[20,22],[33,-2],[24,15],[48,3],[6,23],[30,-8]],[[74330,77491],[-11,-42],[13,-34],[18,-8],[25,20],[36,-14],[-44,-60],[3,-42],[17,-9],[14,-116],[-41,-67],[-18,-83],[-53,15],[-20,37],[-23,90],[-1,50],[-29,25],[-6,25],[-34,52],[-23,17],[-21,71],[-26,37],[50,22],[21,36],[-16,23],[19,83],[-89,76],[-6,62],[34,-38],[39,-24],[38,12],[13,26],[32,-3],[40,41],[0,49],[-10,31],[26,47],[58,-9],[-30,-32],[-8,-34],[14,-57],[2,-68],[23,-46],[-3,-28],[15,-42],[-2,-33],[23,-21],[-23,-34],[-36,-3]],[[73344,76377],[22,44],[-9,46],[11,21],[26,-10],[7,-51],[23,-44],[-35,-46],[-39,9],[-6,31]],[[73736,76420],[-7,19],[17,52],[42,-43],[-22,-44],[-30,16]],[[68319,68756],[-45,41],[0,14],[62,-14],[64,-35],[-25,-22],[-56,16]],[[68756,68826],[-27,17],[-37,-9],[-73,-72],[-3,-22],[-31,-12],[-42,-1],[-34,-20],[-32,-2],[-41,30],[10,29],[47,19],[31,50],[-33,7],[-2,-28],[-84,-26],[-51,36],[-63,28],[-36,50],[5,48],[-23,9],[-35,40],[-36,62],[-45,12],[-36,87],[13,60],[44,-5],[60,10],[116,-5],[55,72],[46,8],[65,70],[-20,13],[-120,-42],[-61,-40],[-46,-2],[-90,28],[-90,13],[-21,28],[-74,10],[-14,39],[-83,94],[-44,-34],[-5,51],[-34,12],[-34,48],[5,21],[-29,41],[-38,26],[-68,7],[12,49],[-2,38],[28,66],[-15,36],[31,42],[25,12],[35,68],[4,59],[-7,66],[27,8],[41,46],[14,38],[32,9],[50,123],[17,34],[13,62],[-6,55],[-25,23],[22,20],[33,-23],[41,32],[10,-32],[-4,-66],[-13,-39],[-1,-48],[25,-24],[31,6],[-4,72],[8,39],[28,33],[47,-23],[30,52],[5,38],[-44,49],[21,22],[18,-28],[40,-25],[56,7],[108,68],[29,3],[39,73],[25,73],[-13,12],[3,67],[-26,52],[-32,-1],[-8,45],[14,74],[37,50],[46,37],[24,36],[42,40],[-19,27],[13,87],[-15,27],[13,127],[50,121],[29,88],[8,54],[-9,92],[7,16],[48,9],[44,24],[-13,43],[19,46],[27,41],[21,-64],[-1,-74],[19,-32],[39,-33],[68,-18],[97,6],[71,42],[61,60],[72,82],[39,-24],[34,22],[33,34],[69,116],[101,268]],[[69454,72393],[14,-19],[93,-44],[42,-36],[27,-89],[-2,-22],[-37,-67],[-38,-49],[-3,-21],[38,-18],[47,-55],[27,-16],[37,19],[33,-27],[-2,-62],[43,7],[39,-22]],[[69454,72393],[-18,29],[-11,49],[-129,172],[-19,8],[-49,-7],[-30,30],[6,73],[31,62],[-28,42],[4,52],[13,44],[3,50],[23,67],[-6,36],[-20,15],[2,33],[20,35],[4,41],[37,10],[35,45],[21,-10],[40,-66],[34,-17],[50,7],[71,33],[48,38],[24,34],[37,17],[2,34],[30,78],[23,98],[-12,28],[7,48],[-9,29],[9,68],[-20,46],[2,64],[9,43],[34,-20],[22,3],[44,-50],[15,13],[-22,31],[-1,46],[35,13],[44,47],[26,-17],[30,9],[22,-27],[40,-28],[37,-5],[20,-40],[5,-54],[45,-23],[29,27],[56,-41],[-5,-35],[49,37],[37,0],[39,14],[41,-5],[17,-23],[38,-9],[44,13],[-5,27],[-33,-21],[-49,39],[1,23],[-39,20],[-31,-2],[-23,34],[-21,-11],[-31,14],[-26,-23],[-24,41],[0,27],[-46,39],[18,22],[44,10],[15,-17],[34,36],[3,22],[-35,31],[-35,-11],[-13,72],[47,156],[36,-1],[-4,33],[-27,19],[-21,41],[76,45],[-11,28],[-52,16],[-19,45],[28,6],[54,40],[76,-16],[62,-53],[45,5],[13,-23],[30,-10],[33,2],[23,-4],[29,-35]],[[70551,74382],[-16,-38],[-4,-44],[41,8],[-12,-36],[15,-37],[-19,-42],[9,-36],[-13,-41],[28,-6],[4,-74],[24,35],[-13,72],[24,21],[21,-1],[13,-44],[54,4],[1,-26],[36,-45],[17,-36],[5,-47],[29,-34],[10,-31]],[[69135,72576],[7,25],[27,1],[7,-71],[-37,27],[-4,18]],[[68997,72646],[3,83],[29,-33],[48,6],[29,-30],[-8,-42],[-29,12],[-27,-14],[-45,18]],[[69747,73920],[-21,13],[1,40],[31,5],[22,-38],[-33,-20]],[[69808,74061],[3,37],[38,-3],[11,-28],[-37,-29],[-15,23]],[[69776,74025],[-5,25],[37,7],[14,-26],[-30,-17],[-16,11]],[[70903,74326],[-22,-28],[-35,5],[-27,-34],[-25,5],[-29,24],[45,19],[-27,27],[-47,31],[21,25]],[[71102,75311],[-63,14],[44,39],[58,14],[27,-9],[-2,-30],[-64,-28]],[[71130,75226],[40,-26],[14,-32],[-27,-20],[-56,-8],[-44,16],[26,57],[47,13]],[[70033,74093],[9,-10],[-39,-74],[26,-68],[-3,-25],[32,-38],[1,-20],[25,-32],[-7,-27],[10,-39],[-41,21],[6,36],[-6,55],[-52,39],[-26,52],[17,44],[-20,47],[68,39]],[[71551,74920],[-36,19],[4,46],[28,38],[20,62],[-11,41],[41,68],[-9,73],[47,73],[30,-16],[-8,-41],[42,-57],[-12,-44],[16,-18],[-15,-43],[18,-22],[-18,-44],[5,-32],[23,-55],[32,-48],[49,-54],[69,-47],[94,-37],[56,-8],[67,0],[91,13],[111,-13],[123,-5],[84,10],[19,9],[92,9],[158,69],[84,68],[43,3],[26,-22],[-1,-20],[25,-28],[4,-27],[45,-41],[59,-22],[60,-10],[51,-24],[91,-16]],[[71178,75279],[-8,14],[69,32],[53,-7],[-15,-42],[-63,-7],[-36,10]],[[71202,75411],[97,37],[17,-33],[-49,-21],[-65,17]],[[111977,20296],[42,-30],[49,-1],[15,28],[27,-9],[-11,-81],[-48,-43],[-26,17],[-36,-44],[-25,3],[-9,42],[-18,17],[-58,6],[-91,-24],[-34,-26]],[[147785,34772],[-28,31],[-2,95],[80,-14],[30,-35],[44,-14],[4,-44],[-24,-27],[-32,-10],[-72,18]]],"transform":{"scale":[0.0004812134878002611,0.00041924286059801127],"translate":[96.81703561900008,-43.63201351799995]},"objects":{"AUS":{"type":"GeometryCollection","geometries":[{"arcs":[[0,1,2]],"type":"Polygon","properties":{"name":"Albury","shapeGroup":"AUS","gid":"AUS-2-0"},"id":"AUS-2-0"},{"arcs":[[3,4,5,6,7,8,9,10]],"type":"Polygon","properties":{"name":"Armidale","shapeGroup":"AUS","gid":"AUS-2-1"},"id":"AUS-2-1"},{"arcs":[[11,12,13,14]],"type":"Polygon","properties":{"name":"Ballina","shapeGroup":"AUS","gid":"AUS-2-2"},"id":"AUS-2-2"},{"arcs":[[15,16,17,18,19,20,21]],"type":"Polygon","properties":{"name":"Balranald","shapeGroup":"AUS","gid":"AUS-2-3"},"id":"AUS-2-3"},{"arcs":[[22,23,24,25,26,27,28]],"type":"Polygon","properties":{"name":"Bathurst","shapeGroup":"AUS","gid":"AUS-2-4"},"id":"AUS-2-4"},{"arcs":[[29,30,31,32,33,34]],"type":"Polygon","properties":{"name":"Bayside (NSW)","shapeGroup":"AUS","gid":"AUS-2-5"},"id":"AUS-2-5"},{"arcs":[[35,36,37,38]],"type":"Polygon","properties":{"name":"Bega Valley","shapeGroup":"AUS","gid":"AUS-2-6"},"id":"AUS-2-6"},{"arcs":[[-9,39,40,41,42]],"type":"Polygon","properties":{"name":"Bellingen","shapeGroup":"AUS","gid":"AUS-2-7"},"id":"AUS-2-7"},{"arcs":[[43,44,45,46,47]],"type":"Polygon","properties":{"name":"Berrigan","shapeGroup":"AUS","gid":"AUS-2-8"},"id":"AUS-2-8"},{"arcs":[[48,49,50,51,52,53]],"type":"Polygon","properties":{"name":"Blacktown","shapeGroup":"AUS","gid":"AUS-2-9"},"id":"AUS-2-9"},{"arcs":[[54,55,56,57,58,59,60,61]],"type":"Polygon","properties":{"name":"Bland","shapeGroup":"AUS","gid":"AUS-2-10"},"id":"AUS-2-10"},{"arcs":[[-25,62,63,64,65]],"type":"Polygon","properties":{"name":"Blayney","shapeGroup":"AUS","gid":"AUS-2-11"},"id":"AUS-2-11"},{"arcs":[[66,67,68,69,70]],"type":"Polygon","properties":{"name":"Blue Mountains","shapeGroup":"AUS","gid":"AUS-2-12"},"id":"AUS-2-12"},{"arcs":[[71,72,73,74,75]],"type":"Polygon","properties":{"name":"Bogan","shapeGroup":"AUS","gid":"AUS-2-13"},"id":"AUS-2-13"},{"arcs":[[-72,76,77,78,79,80,81]],"type":"Polygon","properties":{"name":"Bourke","shapeGroup":"AUS","gid":"AUS-2-14"},"id":"AUS-2-14"},{"arcs":[[-73,-82,82,83,84,85]],"type":"Polygon","properties":{"name":"Brewarrina","shapeGroup":"AUS","gid":"AUS-2-15"},"id":"AUS-2-15"},{"arcs":[[86]],"type":"Polygon","properties":{"name":"Broken Hill","shapeGroup":"AUS","gid":"AUS-2-16"},"id":"AUS-2-16"},{"arcs":[[87,88,89,90]],"type":"Polygon","properties":{"name":"Burwood","shapeGroup":"AUS","gid":"AUS-2-17"},"id":"AUS-2-17"},{"arcs":[[-12,91,92,93]],"type":"Polygon","properties":{"name":"Byron","shapeGroup":"AUS","gid":"AUS-2-18"},"id":"AUS-2-18"},{"arcs":[[-26,-66,94,-64,95,96,97,98,99,100]],"type":"Polygon","properties":{"name":"Cabonne","shapeGroup":"AUS","gid":"AUS-2-19"},"id":"AUS-2-19"},{"arcs":[[101,102,103]],"type":"Polygon","properties":{"name":"Camden","shapeGroup":"AUS","gid":"AUS-2-20"},"id":"AUS-2-20"},{"arcs":[[-102,104,105,106,107]],"type":"Polygon","properties":{"name":"Campbelltown (NSW)","shapeGroup":"AUS","gid":"AUS-2-21"},"id":"AUS-2-21"},{"arcs":[[-88,108,109,110,111]],"type":"Polygon","properties":{"name":"Canada Bay","shapeGroup":"AUS","gid":"AUS-2-22"},"id":"AUS-2-22"},{"arcs":[[-35,112,113,114,115,116,117,118,-90,119]],"type":"Polygon","properties":{"name":"Canterbury-Bankstown","shapeGroup":"AUS","gid":"AUS-2-23"},"id":"AUS-2-23"},{"arcs":[[-17,120,121,122,-62,123,124,125,126]],"type":"Polygon","properties":{"name":"Carrathool","shapeGroup":"AUS","gid":"AUS-2-24"},"id":"AUS-2-24"},{"arcs":[[127,128,129,130,131,132,133,134]],"type":"Polygon","properties":{"name":"Central Coast (NSW)","shapeGroup":"AUS","gid":"AUS-2-25"},"id":"AUS-2-25"},{"arcs":[[-16,135,136,-78,137,-121]],"type":"Polygon","properties":{"name":"Central Darling","shapeGroup":"AUS","gid":"AUS-2-26"},"id":"AUS-2-26"},{"arcs":[[-134,138,139,140,141,142]],"type":"Polygon","properties":{"name":"Cessnock","shapeGroup":"AUS","gid":"AUS-2-27"},"id":"AUS-2-27"},{"arcs":[[-8,143,144,145,146,147,148,-40]],"type":"Polygon","properties":{"name":"Clarence Valley","shapeGroup":"AUS","gid":"AUS-2-28"},"id":"AUS-2-28"},{"arcs":[[-76,149,-122,-138,-77]],"type":"Polygon","properties":{"name":"Cobar","shapeGroup":"AUS","gid":"AUS-2-29"},"id":"AUS-2-29"},{"arcs":[[-41,-149,150]],"type":"Polygon","properties":{"name":"Coffs Harbour","shapeGroup":"AUS","gid":"AUS-2-30"},"id":"AUS-2-30"},{"arcs":[[-60,151,152,153,154]],"type":"Polygon","properties":{"name":"Coolamon","shapeGroup":"AUS","gid":"AUS-2-31"},"id":"AUS-2-31"},{"arcs":[[155,156,157,158,159]],"type":"Polygon","properties":{"name":"Coonamble","shapeGroup":"AUS","gid":"AUS-2-32"},"id":"AUS-2-32"},{"arcs":[[160,161,162,163,164,165]],"type":"Polygon","properties":{"name":"Cootamundra-Gundagai","shapeGroup":"AUS","gid":"AUS-2-33"},"id":"AUS-2-33"},{"arcs":[[-24,166,167,168,169,-96,-63]],"type":"Polygon","properties":{"name":"Cowra","shapeGroup":"AUS","gid":"AUS-2-34"},"id":"AUS-2-34"},{"arcs":[[-53,170,171,-118,172]],"type":"Polygon","properties":{"name":"Cumberland","shapeGroup":"AUS","gid":"AUS-2-35"},"id":"AUS-2-35"},{"arcs":[[-100,173,174,175,176]],"type":"Polygon","properties":{"name":"Dubbo","shapeGroup":"AUS","gid":"AUS-2-36"},"id":"AUS-2-36"},{"arcs":[[177,178,179,180,181]],"type":"Polygon","properties":{"name":"Dungog","shapeGroup":"AUS","gid":"AUS-2-37"},"id":"AUS-2-37"},{"arcs":[[-48,182,183,184]],"type":"Polygon","properties":{"name":"Edward River","shapeGroup":"AUS","gid":"AUS-2-38"},"id":"AUS-2-38"},{"arcs":[[-38,185,186,187,188]],"type":"Polygon","properties":{"name":"Eurobodalla","shapeGroup":"AUS","gid":"AUS-2-39"},"id":"AUS-2-39"},{"arcs":[[-54,-173,-117,189,190]],"type":"Polygon","properties":{"name":"Fairfield","shapeGroup":"AUS","gid":"AUS-2-40"},"id":"AUS-2-40"},{"arcs":[[-45,191,192,193,194,195,196]],"type":"Polygon","properties":{"name":"Federation","shapeGroup":"AUS","gid":"AUS-2-41"},"id":"AUS-2-41"},{"arcs":[[-56,197,198,-97,-170,199]],"type":"Polygon","properties":{"name":"Forbes","shapeGroup":"AUS","gid":"AUS-2-42"},"id":"AUS-2-42"},{"arcs":[[-34,200,-113]],"type":"Polygon","properties":{"name":"Georges River","shapeGroup":"AUS","gid":"AUS-2-43"},"id":"AUS-2-43"},{"arcs":[[-159,201,-175,202,203]],"type":"Polygon","properties":{"name":"Gilgandra","shapeGroup":"AUS","gid":"AUS-2-44"},"id":"AUS-2-44"},{"arcs":[[-7,204,205,-144]],"type":"Polygon","properties":{"name":"Glen Innes Severn","shapeGroup":"AUS","gid":"AUS-2-45"},"id":"AUS-2-45"},{"arcs":[[206,207,208,209]],"type":"Polygon","properties":{"name":"Goulburn Mulwaree","shapeGroup":"AUS","gid":"AUS-2-46"},"id":"AUS-2-46"},{"arcs":[[-1,210,211,-195,212,213,214,215]],"type":"Polygon","properties":{"name":"Greater Hume","shapeGroup":"AUS","gid":"AUS-2-47"},"id":"AUS-2-47"},{"arcs":[[-125,216,217,218]],"type":"Polygon","properties":{"name":"Griffith","shapeGroup":"AUS","gid":"AUS-2-48"},"id":"AUS-2-48"},{"arcs":[[219,220,221,222]],"type":"Polygon","properties":{"name":"Gunnedah","shapeGroup":"AUS","gid":"AUS-2-49"},"id":"AUS-2-49"},{"arcs":[[223,224,225,226,227]],"type":"Polygon","properties":{"name":"Gwydir","shapeGroup":"AUS","gid":"AUS-2-50"},"id":"AUS-2-50"},{"arcs":[[-50,228,-71,229,230,-139,-133,231]],"type":"Polygon","properties":{"name":"Hawkesbury","shapeGroup":"AUS","gid":"AUS-2-51"},"id":"AUS-2-51"},{"arcs":[[-18,-127,232,-184,233]],"type":"Polygon","properties":{"name":"Hay","shapeGroup":"AUS","gid":"AUS-2-52"},"id":"AUS-2-52"},{"arcs":[[-58,234,-168,235,236,-164,237]],"type":"Polygon","properties":{"name":"Hilltops","shapeGroup":"AUS","gid":"AUS-2-53"},"id":"AUS-2-53"},{"arcs":[[-131,238,239,240,241,242]],"type":"Polygon","properties":{"name":"Hornsby","shapeGroup":"AUS","gid":"AUS-2-54"},"id":"AUS-2-54"},{"arcs":[[243,244]],"type":"Polygon","properties":{"name":"Hunters Hill","shapeGroup":"AUS","gid":"AUS-2-55"},"id":"AUS-2-55"},{"arcs":[[-30,-120,-89,-112,245,246]],"type":"Polygon","properties":{"name":"Inner West","shapeGroup":"AUS","gid":"AUS-2-56"},"id":"AUS-2-56"},{"arcs":[[-6,247,-224,248,249,250,-205]],"type":"Polygon","properties":{"name":"Inverell","shapeGroup":"AUS","gid":"AUS-2-57"},"id":"AUS-2-57"},{"arcs":[[-153,251,-162,252]],"type":"Polygon","properties":{"name":"Junee","shapeGroup":"AUS","gid":"AUS-2-58"},"id":"AUS-2-58"},{"arcs":[[-11,253,254,255,256]],"type":"Polygon","properties":{"name":"Kempsey","shapeGroup":"AUS","gid":"AUS-2-59"},"id":"AUS-2-59"},{"arcs":[[257,258,259,260]],"type":"Polygon","properties":{"name":"Kiama","shapeGroup":"AUS","gid":"AUS-2-60"},"id":"AUS-2-60"},{"arcs":[[-240,261,262,263,264,265]],"type":"Polygon","properties":{"name":"Ku-ring-gai","shapeGroup":"AUS","gid":"AUS-2-61"},"id":"AUS-2-61"},{"arcs":[[-146,266,267,268,269,270]],"type":"Polygon","properties":{"name":"Kyogle","shapeGroup":"AUS","gid":"AUS-2-62"},"id":"AUS-2-62"},{"arcs":[[-55,-123,-150,-75,271,272,273,-198]],"type":"Polygon","properties":{"name":"Lachlan","shapeGroup":"AUS","gid":"AUS-2-63"},"id":"AUS-2-63"},{"arcs":[[[-135,-143,274,275]],[[-129,276]]],"type":"MultiPolygon","properties":{"name":"Lake Macquarie","shapeGroup":"AUS","gid":"AUS-2-64"},"id":"AUS-2-64"},{"arcs":[[277,278,279]],"type":"Polygon","properties":{"name":"Lane Cove","shapeGroup":"AUS","gid":"AUS-2-65"},"id":"AUS-2-65"},{"arcs":[[-218,280,281]],"type":"Polygon","properties":{"name":"Leeton","shapeGroup":"AUS","gid":"AUS-2-66"},"id":"AUS-2-66"},{"arcs":[[-15,282,-270,283,-92]],"type":"Polygon","properties":{"name":"Lismore","shapeGroup":"AUS","gid":"AUS-2-67"},"id":"AUS-2-67"},{"arcs":[[-28,284,285,-230,-70,286]],"type":"Polygon","properties":{"name":"Lithgow","shapeGroup":"AUS","gid":"AUS-2-68"},"id":"AUS-2-68"},{"arcs":[[-104,287,288,-190,-116,289,-105]],"type":"Polygon","properties":{"name":"Liverpool","shapeGroup":"AUS","gid":"AUS-2-69"},"id":"AUS-2-69"},{"arcs":[[-222,290,291,292]],"type":"Polygon","properties":{"name":"Liverpool Plains","shapeGroup":"AUS","gid":"AUS-2-70"},"id":"AUS-2-70"},{"arcs":[[-194,293,294,-213]],"type":"Polygon","properties":{"name":"Lockhart","shapeGroup":"AUS","gid":"AUS-2-71"},"id":"AUS-2-71"},{"arcs":[[-141,295,-181,296,297]],"type":"Polygon","properties":{"name":"Maitland","shapeGroup":"AUS","gid":"AUS-2-72"},"id":"AUS-2-72"},{"arcs":[[-179,298,299,300,301,302]],"type":"Polygon","properties":{"name":"Mid-Coast","shapeGroup":"AUS","gid":"AUS-2-73"},"id":"AUS-2-73"},{"arcs":[[-27,-101,-177,303,304,305,306,-285]],"type":"Polygon","properties":{"name":"Mid-Western","shapeGroup":"AUS","gid":"AUS-2-74"},"id":"AUS-2-74"},{"arcs":[[-228,307,308,309,310,-249]],"type":"Polygon","properties":{"name":"Moree Plains","shapeGroup":"AUS","gid":"AUS-2-75"},"id":"AUS-2-75"},{"arcs":[[311,312]],"type":"Polygon","properties":{"name":"Mosman","shapeGroup":"AUS","gid":"AUS-2-76"},"id":"AUS-2-76"},{"arcs":[[-19,-234,-183,-47,313,314,315,316]],"type":"Polygon","properties":{"name":"Murray River","shapeGroup":"AUS","gid":"AUS-2-77"},"id":"AUS-2-77"},{"arcs":[[-44,-185,-233,-126,-219,-282,317,-192]],"type":"Polygon","properties":{"name":"Murrumbidgee","shapeGroup":"AUS","gid":"AUS-2-78"},"id":"AUS-2-78"},{"arcs":[[-306,318,319]],"type":"Polygon","properties":{"name":"Muswellbrook","shapeGroup":"AUS","gid":"AUS-2-79"},"id":"AUS-2-79"},{"arcs":[[-10,-43,320,-254]],"type":"Polygon","properties":{"name":"Nambucca Valley","shapeGroup":"AUS","gid":"AUS-2-80"},"id":"AUS-2-80"},{"arcs":[[-157,321,-308,-227,322,-220,323]],"type":"Polygon","properties":{"name":"Narrabri","shapeGroup":"AUS","gid":"AUS-2-81"},"id":"AUS-2-81"},{"arcs":[[-61,-155,324,-294,-193,-318,-281,-217,-124]],"type":"Polygon","properties":{"name":"Narrandera","shapeGroup":"AUS","gid":"AUS-2-82"},"id":"AUS-2-82"},{"arcs":[[-99,325,-273,326,-203,-174]],"type":"Polygon","properties":{"name":"Narromine","shapeGroup":"AUS","gid":"AUS-2-83"},"id":"AUS-2-83"},{"arcs":[[-142,-298,327,328,-275]],"type":"Polygon","properties":{"name":"Newcastle","shapeGroup":"AUS","gid":"AUS-2-84"},"id":"AUS-2-84"},{"arcs":[[-279,329,330,-313,331]],"type":"Polygon","properties":{"name":"North Sydney","shapeGroup":"AUS","gid":"AUS-2-85"},"id":"AUS-2-85"},{"arcs":[[-263,332]],"type":"Polygon","properties":{"name":"Northern Beaches","shapeGroup":"AUS","gid":"AUS-2-86"},"id":"AUS-2-86"},{"arcs":[[-29,-287,-69,333,334]],"type":"Polygon","properties":{"name":"Oberon","shapeGroup":"AUS","gid":"AUS-2-87"},"id":"AUS-2-87"},{"arcs":[[-65,-95]],"type":"Polygon","properties":{"name":"Orange","shapeGroup":"AUS","gid":"AUS-2-88"},"id":"AUS-2-88"},{"arcs":[[-98,-199,-274,-326]],"type":"Polygon","properties":{"name":"Parkes","shapeGroup":"AUS","gid":"AUS-2-89"},"id":"AUS-2-89"},{"arcs":[[-52,335,-242,336,337,-110,338,-171]],"type":"Polygon","properties":{"name":"Parramatta","shapeGroup":"AUS","gid":"AUS-2-90"},"id":"AUS-2-90"},{"arcs":[[-49,-191,-289,339,-67,-229]],"type":"Polygon","properties":{"name":"Penrith","shapeGroup":"AUS","gid":"AUS-2-91"},"id":"AUS-2-91"},{"arcs":[[-256,340,-301,341]],"type":"Polygon","properties":{"name":"Port Macquarie-Hastings","shapeGroup":"AUS","gid":"AUS-2-92"},"id":"AUS-2-92"},{"arcs":[[-180,-303,342,-328,-297]],"type":"Polygon","properties":{"name":"Port Stephens","shapeGroup":"AUS","gid":"AUS-2-93"},"id":"AUS-2-93"},{"arcs":[[-187,343,344,345,346,-209,347]],"type":"Polygon","properties":{"name":"Queanbeyan-Palerang","shapeGroup":"AUS","gid":"AUS-2-94"},"id":"AUS-2-94"},{"arcs":[[-32,348,349,350,351]],"type":"Polygon","properties":{"name":"Randwick","shapeGroup":"AUS","gid":"AUS-2-95"},"id":"AUS-2-95"},{"arcs":[[-14,352,-147,-271,-283]],"type":"Polygon","properties":{"name":"Richmond Valley","shapeGroup":"AUS","gid":"AUS-2-96"},"id":"AUS-2-96"},{"arcs":[[-241,-266,353,354,-245,355,-337]],"type":"Polygon","properties":{"name":"Ryde","shapeGroup":"AUS","gid":"AUS-2-97"},"id":"AUS-2-97"},{"arcs":[[-259,356,357,358]],"type":"Polygon","properties":{"name":"Shellharbour","shapeGroup":"AUS","gid":"AUS-2-98"},"id":"AUS-2-98"},{"arcs":[[-188,-348,-208,359,-261,360,361,362]],"type":"Polygon","properties":{"name":"Shoalhaven","shapeGroup":"AUS","gid":"AUS-2-99"},"id":"AUS-2-99"},{"arcs":[[-140,-231,-286,-307,-320,363,-182,-296]],"type":"Polygon","properties":{"name":"Singleton","shapeGroup":"AUS","gid":"AUS-2-100"},"id":"AUS-2-100"},{"arcs":[[-37,364,365,366,-344,-186]],"type":"Polygon","properties":{"name":"Snowy Monaro","shapeGroup":"AUS","gid":"AUS-2-101"},"id":"AUS-2-101"},{"arcs":[[-166,367,368,-366,369,370,-215,371]],"type":"Polygon","properties":{"name":"Snowy Valleys","shapeGroup":"AUS","gid":"AUS-2-102"},"id":"AUS-2-102"},{"arcs":[[-91,-119,-172,-339,-109]],"type":"Polygon","properties":{"name":"Strathfield","shapeGroup":"AUS","gid":"AUS-2-103"},"id":"AUS-2-103"},{"arcs":[[-106,-290,-115,372,373]],"type":"Polygon","properties":{"name":"Sutherland","shapeGroup":"AUS","gid":"AUS-2-104"},"id":"AUS-2-104"},{"arcs":[[-31,-247,374,375,-349]],"type":"Polygon","properties":{"name":"Sydney","shapeGroup":"AUS","gid":"AUS-2-105"},"id":"AUS-2-105"},{"arcs":[[-221,-323,-226,376,377,378,-291]],"type":"Polygon","properties":{"name":"Tamworth","shapeGroup":"AUS","gid":"AUS-2-106"},"id":"AUS-2-106"},{"arcs":[[-59,-238,-163,-252,-152]],"type":"Polygon","properties":{"name":"Temora","shapeGroup":"AUS","gid":"AUS-2-107"},"id":"AUS-2-107"},{"arcs":[[-145,-206,-251,379,380,381,-267]],"type":"Polygon","properties":{"name":"Tenterfield","shapeGroup":"AUS","gid":"AUS-2-108"},"id":"AUS-2-108"},{"arcs":[[-51,-232,-132,-243,-336]],"type":"Polygon","properties":{"name":"The Hills","shapeGroup":"AUS","gid":"AUS-2-109"},"id":"AUS-2-109"},{"arcs":[[-93,-284,-269,382,383,384]],"type":"Polygon","properties":{"name":"Tweed","shapeGroup":"AUS","gid":"AUS-2-110"},"id":"AUS-2-110"},{"arcs":[[-178,-364,-319,-305,385,-292,-379,386,-299]],"type":"Polygon","properties":{"name":"Upper Hunter","shapeGroup":"AUS","gid":"AUS-2-111"},"id":"AUS-2-111"},{"arcs":[[-23,-335,387,388,-210,-347,389,-236,-167]],"type":"Polygon","properties":{"name":"Upper Lachlan","shapeGroup":"AUS","gid":"AUS-2-112"},"id":"AUS-2-112"},{"arcs":[[-5,390,-377,-225,-248]],"type":"Polygon","properties":{"name":"Uralla","shapeGroup":"AUS","gid":"AUS-2-113"},"id":"AUS-2-113"},{"arcs":[[-154,-253,-161,-372,-214,-295,-325]],"type":"Polygon","properties":{"name":"Wagga Wagga","shapeGroup":"AUS","gid":"AUS-2-114"},"id":"AUS-2-114"},{"arcs":[[-4,-257,-342,-300,-387,-378,-391]],"type":"Polygon","properties":{"name":"Walcha","shapeGroup":"AUS","gid":"AUS-2-115"},"id":"AUS-2-115"},{"arcs":[[-85,391,-309,-322,-156,392]],"type":"Polygon","properties":{"name":"Walgett","shapeGroup":"AUS","gid":"AUS-2-116"},"id":"AUS-2-116"},{"arcs":[[-74,-86,-393,-160,-204,-327,-272]],"type":"Polygon","properties":{"name":"Warren","shapeGroup":"AUS","gid":"AUS-2-117"},"id":"AUS-2-117"},{"arcs":[[-158,-324,-223,-293,-386,-304,-176,-202]],"type":"Polygon","properties":{"name":"Warrumbungle","shapeGroup":"AUS","gid":"AUS-2-118"},"id":"AUS-2-118"},{"arcs":[[-351,393,394]],"type":"Polygon","properties":{"name":"Waverley","shapeGroup":"AUS","gid":"AUS-2-119"},"id":"AUS-2-119"},{"arcs":[[-57,-200,-169,-235]],"type":"Polygon","properties":{"name":"Weddin","shapeGroup":"AUS","gid":"AUS-2-120"},"id":"AUS-2-120"},{"arcs":[[-22,395,396,397,-136]],"type":"Polygon","properties":{"name":"Wentworth","shapeGroup":"AUS","gid":"AUS-2-121"},"id":"AUS-2-121"},{"arcs":[[-265,398,-330,-278,399,-354]],"type":"Polygon","properties":{"name":"Willoughby","shapeGroup":"AUS","gid":"AUS-2-122"},"id":"AUS-2-122"},{"arcs":[[-207,-389,400,401,-357,-258,-360]],"type":"Polygon","properties":{"name":"Wingecarribee","shapeGroup":"AUS","gid":"AUS-2-123"},"id":"AUS-2-123"},{"arcs":[[-68,-340,-288,-103,-108,402,-401,-388,-334]],"type":"Polygon","properties":{"name":"Wollondilly","shapeGroup":"AUS","gid":"AUS-2-124"},"id":"AUS-2-124"},{"arcs":[[-107,-374,403,-358,-402,-403]],"type":"Polygon","properties":{"name":"Wollongong","shapeGroup":"AUS","gid":"AUS-2-125"},"id":"AUS-2-125"},{"arcs":[[-350,-376,404,-394]],"type":"Polygon","properties":{"name":"Woollahra","shapeGroup":"AUS","gid":"AUS-2-126"},"id":"AUS-2-126"},{"arcs":[[-165,-237,-390,-346,405,-368]],"type":"Polygon","properties":{"name":"Yass Valley","shapeGroup":"AUS","gid":"AUS-2-127"},"id":"AUS-2-127"},{"arcs":[[[-79,-137,-398,406,407],[-87]],[[408]]],"type":"MultiPolygon","properties":{"name":"Unincorporated NSW","shapeGroup":"AUS","gid":"AUS-2-128"},"id":"AUS-2-128"},{"arcs":[[409,410,411,412,413],[414],[415]],"type":"Polygon","properties":{"name":"Alpine","shapeGroup":"AUS","gid":"AUS-2-129"},"id":"AUS-2-129"},{"arcs":[[416,417,418,419,420]],"type":"Polygon","properties":{"name":"Ararat","shapeGroup":"AUS","gid":"AUS-2-130"},"id":"AUS-2-130"},{"arcs":[[421,422,423,424]],"type":"Polygon","properties":{"name":"Ballarat","shapeGroup":"AUS","gid":"AUS-2-131"},"id":"AUS-2-131"},{"arcs":[[425,426,427,428,429,430]],"type":"Polygon","properties":{"name":"Banyule","shapeGroup":"AUS","gid":"AUS-2-132"},"id":"AUS-2-132"},{"arcs":[[[431]],[[432,433,434]]],"type":"MultiPolygon","properties":{"name":"Bass Coast","shapeGroup":"AUS","gid":"AUS-2-133"},"id":"AUS-2-133"},{"arcs":[[435,436,437,438,439,440],[441]],"type":"Polygon","properties":{"name":"Baw Baw","shapeGroup":"AUS","gid":"AUS-2-134"},"id":"AUS-2-134"},{"arcs":[[442,443,444,445]],"type":"Polygon","properties":{"name":"Bayside (Vic.)","shapeGroup":"AUS","gid":"AUS-2-135"},"id":"AUS-2-135"},{"arcs":[[446,447,448,449,450]],"type":"Polygon","properties":{"name":"Benalla","shapeGroup":"AUS","gid":"AUS-2-136"},"id":"AUS-2-136"},{"arcs":[[-427,451,452,453,454,455]],"type":"Polygon","properties":{"name":"Boroondara","shapeGroup":"AUS","gid":"AUS-2-137"},"id":"AUS-2-137"},{"arcs":[[456,457,458,459,460,461,462]],"type":"Polygon","properties":{"name":"Brimbank","shapeGroup":"AUS","gid":"AUS-2-138"},"id":"AUS-2-138"},{"arcs":[[463,464,465,466,467,468]],"type":"Polygon","properties":{"name":"Buloke","shapeGroup":"AUS","gid":"AUS-2-139"},"id":"AUS-2-139"},{"arcs":[[-315,469,470,471,472,473,474]],"type":"Polygon","properties":{"name":"Campaspe","shapeGroup":"AUS","gid":"AUS-2-140"},"id":"AUS-2-140"},{"arcs":[[-434,475,476,477,-441,478]],"type":"Polygon","properties":{"name":"Cardinia","shapeGroup":"AUS","gid":"AUS-2-141"},"id":"AUS-2-141"},{"arcs":[[-477,479,480,481,482,483,484]],"type":"Polygon","properties":{"name":"Casey","shapeGroup":"AUS","gid":"AUS-2-142"},"id":"AUS-2-142"},{"arcs":[[485,486,487,488,489]],"type":"Polygon","properties":{"name":"Central Goldfields","shapeGroup":"AUS","gid":"AUS-2-143"},"id":"AUS-2-143"},{"arcs":[[490,491,492,493]],"type":"Polygon","properties":{"name":"Colac Otway","shapeGroup":"AUS","gid":"AUS-2-144"},"id":"AUS-2-144"},{"arcs":[[-418,494,495,-494,496,497]],"type":"Polygon","properties":{"name":"Corangamite","shapeGroup":"AUS","gid":"AUS-2-145"},"id":"AUS-2-145"},{"arcs":[[-429,498,499,500]],"type":"Polygon","properties":{"name":"Darebin","shapeGroup":"AUS","gid":"AUS-2-146"},"id":"AUS-2-146"},{"arcs":[[-36,501,502,-412,503,-370,-365]],"type":"Polygon","properties":{"name":"East Gippsland","shapeGroup":"AUS","gid":"AUS-2-147"},"id":"AUS-2-147"},{"arcs":[[-482,504,505,506,507]],"type":"Polygon","properties":{"name":"Frankston","shapeGroup":"AUS","gid":"AUS-2-148"},"id":"AUS-2-148"},{"arcs":[[-316,-475,508,-466,509]],"type":"Polygon","properties":{"name":"Gannawarra","shapeGroup":"AUS","gid":"AUS-2-149"},"id":"AUS-2-149"},{"arcs":[[-444,510,511,512,513]],"type":"Polygon","properties":{"name":"Glen Eira","shapeGroup":"AUS","gid":"AUS-2-150"},"id":"AUS-2-150"},{"arcs":[[514,515,516,517,518,519]],"type":"Polygon","properties":{"name":"Glenelg","shapeGroup":"AUS","gid":"AUS-2-151"},"id":"AUS-2-151"},{"arcs":[[-423,520,521,522,-491,-496,523]],"type":"Polygon","properties":{"name":"Golden Plains","shapeGroup":"AUS","gid":"AUS-2-152"},"id":"AUS-2-152"},{"arcs":[[-473,524,525,526,527]],"type":"Polygon","properties":{"name":"Greater Bendigo","shapeGroup":"AUS","gid":"AUS-2-153"},"id":"AUS-2-153"},{"arcs":[[-483,-508,528,529,530]],"type":"Polygon","properties":{"name":"Greater Dandenong","shapeGroup":"AUS","gid":"AUS-2-154"},"id":"AUS-2-154"},{"arcs":[[-522,531,532,533,534,535,536]],"type":"Polygon","properties":{"name":"Greater Geelong","shapeGroup":"AUS","gid":"AUS-2-155"},"id":"AUS-2-155"},{"arcs":[[-450,537,-471,538]],"type":"Polygon","properties":{"name":"Greater Shepparton","shapeGroup":"AUS","gid":"AUS-2-156"},"id":"AUS-2-156"},{"arcs":[[-425,539,-489,540,541,542]],"type":"Polygon","properties":{"name":"Hepburn","shapeGroup":"AUS","gid":"AUS-2-157"},"id":"AUS-2-157"},{"arcs":[[543,544,545,546]],"type":"Polygon","properties":{"name":"Hindmarsh","shapeGroup":"AUS","gid":"AUS-2-158"},"id":"AUS-2-158"},{"arcs":[[-460,547,548,549,550]],"type":"Polygon","properties":{"name":"Hobsons Bay","shapeGroup":"AUS","gid":"AUS-2-159"},"id":"AUS-2-159"},{"arcs":[[-546,551,552,553,554]],"type":"Polygon","properties":{"name":"Horsham","shapeGroup":"AUS","gid":"AUS-2-160"},"id":"AUS-2-160"},{"arcs":[[-463,555,556,557,558,559]],"type":"Polygon","properties":{"name":"Hume","shapeGroup":"AUS","gid":"AUS-2-161"},"id":"AUS-2-161"},{"arcs":[[-196,-212,560,561,-410,562,563]],"type":"Polygon","properties":{"name":"Indigo","shapeGroup":"AUS","gid":"AUS-2-162"},"id":"AUS-2-162"},{"arcs":[[-445,-514,564,-529,-507,565]],"type":"Polygon","properties":{"name":"Kingston (Vic.)","shapeGroup":"AUS","gid":"AUS-2-163"},"id":"AUS-2-163"},{"arcs":[[-484,-531,566,567,568,569]],"type":"Polygon","properties":{"name":"Knox","shapeGroup":"AUS","gid":"AUS-2-164"},"id":"AUS-2-164"},{"arcs":[[-439,570,571]],"type":"Polygon","properties":{"name":"Latrobe (Vic.)","shapeGroup":"AUS","gid":"AUS-2-165"},"id":"AUS-2-165"},{"arcs":[[-467,-509,-474,-528,572,-487,573]],"type":"Polygon","properties":{"name":"Loddon","shapeGroup":"AUS","gid":"AUS-2-166"},"id":"AUS-2-166"},{"arcs":[[-542,574,575,-557,576,577]],"type":"Polygon","properties":{"name":"Macedon Ranges","shapeGroup":"AUS","gid":"AUS-2-167"},"id":"AUS-2-167"},{"arcs":[[-426,578,579,580,581,-452]],"type":"Polygon","properties":{"name":"Manningham","shapeGroup":"AUS","gid":"AUS-2-168"},"id":"AUS-2-168"},{"arcs":[[-437,582,583,584,-448,585,586],[587]],"type":"Polygon","properties":{"name":"Mansfield","shapeGroup":"AUS","gid":"AUS-2-169"},"id":"AUS-2-169"},{"arcs":[[-459,588,589,-548]],"type":"Polygon","properties":{"name":"Maribyrnong","shapeGroup":"AUS","gid":"AUS-2-170"},"id":"AUS-2-170"},{"arcs":[[-569,590,-581,591]],"type":"Polygon","properties":{"name":"Maroondah","shapeGroup":"AUS","gid":"AUS-2-171"},"id":"AUS-2-171"},{"arcs":[[-549,-590,592,593,594,595,596,597]],"type":"Polygon","properties":{"name":"Melbourne","shapeGroup":"AUS","gid":"AUS-2-172"},"id":"AUS-2-172"},{"arcs":[[-462,598,599,-577,-556]],"type":"Polygon","properties":{"name":"Melton","shapeGroup":"AUS","gid":"AUS-2-173"},"id":"AUS-2-173"},{"arcs":[[-21,600,-464,601,-544,602,603,604,605,606,607,-396]],"type":"Polygon","properties":{"name":"Mildura","shapeGroup":"AUS","gid":"AUS-2-174"},"id":"AUS-2-174"},{"arcs":[[-526,608,609,610,-558,-576,611]],"type":"Polygon","properties":{"name":"Mitchell","shapeGroup":"AUS","gid":"AUS-2-175"},"id":"AUS-2-175"},{"arcs":[[-46,-197,-564,612,-451,-539,-470,-314]],"type":"Polygon","properties":{"name":"Moira","shapeGroup":"AUS","gid":"AUS-2-176"},"id":"AUS-2-176"},{"arcs":[[-454,613,-567,-530,-565,-513,614]],"type":"Polygon","properties":{"name":"Monash","shapeGroup":"AUS","gid":"AUS-2-177"},"id":"AUS-2-177"},{"arcs":[[-458,615,-593,-589]],"type":"Polygon","properties":{"name":"Moonee Valley","shapeGroup":"AUS","gid":"AUS-2-178"},"id":"AUS-2-178"},{"arcs":[[-422,-543,-578,-600,616,-532,-521]],"type":"Polygon","properties":{"name":"Moorabool","shapeGroup":"AUS","gid":"AUS-2-179"},"id":"AUS-2-179"},{"arcs":[[-457,-560,-500,617,-594,-616]],"type":"Polygon","properties":{"name":"Moreland","shapeGroup":"AUS","gid":"AUS-2-180"},"id":"AUS-2-180"},{"arcs":[[-481,618,-505]],"type":"Polygon","properties":{"name":"Mornington Peninsula","shapeGroup":"AUS","gid":"AUS-2-181"},"id":"AUS-2-181"},{"arcs":[[-488,-573,-527,-612,-575,-541]],"type":"Polygon","properties":{"name":"Mount Alexander","shapeGroup":"AUS","gid":"AUS-2-182"},"id":"AUS-2-182"},{"arcs":[[-419,-498,619,620,621,-516,622]],"type":"Polygon","properties":{"name":"Moyne","shapeGroup":"AUS","gid":"AUS-2-183"},"id":"AUS-2-183"},{"arcs":[[-584,623,624,625,626,627,-610,628]],"type":"Polygon","properties":{"name":"Murrindindi","shapeGroup":"AUS","gid":"AUS-2-184"},"id":"AUS-2-184"},{"arcs":[[-431,629,-627,630,-579]],"type":"Polygon","properties":{"name":"Nillumbik","shapeGroup":"AUS","gid":"AUS-2-185"},"id":"AUS-2-185"},{"arcs":[[-421,631,-553,632,-468,-574,-486,633]],"type":"Polygon","properties":{"name":"Northern Grampians","shapeGroup":"AUS","gid":"AUS-2-186"},"id":"AUS-2-186"},{"arcs":[[-443,634,-597,635,-511]],"type":"Polygon","properties":{"name":"Port Phillip","shapeGroup":"AUS","gid":"AUS-2-187"},"id":"AUS-2-187"},{"arcs":[[-417,-634,-490,-540,-424,-524,-495]],"type":"Polygon","properties":{"name":"Pyrenees","shapeGroup":"AUS","gid":"AUS-2-188"},"id":"AUS-2-188"},{"arcs":[[-535,636]],"type":"Polygon","properties":{"name":"Queenscliffe","shapeGroup":"AUS","gid":"AUS-2-189"},"id":"AUS-2-189"},{"arcs":[[-435,-479,-440,-572,637,638]],"type":"Polygon","properties":{"name":"South Gippsland","shapeGroup":"AUS","gid":"AUS-2-190"},"id":"AUS-2-190"},{"arcs":[[-420,-623,-515,639,-554,-632]],"type":"Polygon","properties":{"name":"Southern Grampians","shapeGroup":"AUS","gid":"AUS-2-191"},"id":"AUS-2-191"},{"arcs":[[-455,-615,-512,-636,-596,640]],"type":"Polygon","properties":{"name":"Stonnington","shapeGroup":"AUS","gid":"AUS-2-192"},"id":"AUS-2-192"},{"arcs":[[-449,-585,-629,-609,-525,-472,-538]],"type":"Polygon","properties":{"name":"Strathbogie","shapeGroup":"AUS","gid":"AUS-2-193"},"id":"AUS-2-193"},{"arcs":[[-492,-523,-537,641]],"type":"Polygon","properties":{"name":"Surf Coast","shapeGroup":"AUS","gid":"AUS-2-194"},"id":"AUS-2-194"},{"arcs":[[-20,-317,-510,-465,-601]],"type":"Polygon","properties":{"name":"Swan Hill","shapeGroup":"AUS","gid":"AUS-2-195"},"id":"AUS-2-195"},{"arcs":[[-2,-216,-371,-504,-411,-562,642]],"type":"Polygon","properties":{"name":"Towong","shapeGroup":"AUS","gid":"AUS-2-196"},"id":"AUS-2-196"},{"arcs":[[-414,643,-586,-447,-613,-563]],"type":"Polygon","properties":{"name":"Wangaratta","shapeGroup":"AUS","gid":"AUS-2-197"},"id":"AUS-2-197"},{"arcs":[[-621,644]],"type":"Polygon","properties":{"name":"Warrnambool","shapeGroup":"AUS","gid":"AUS-2-198"},"id":"AUS-2-198"},{"arcs":[[[645]],[[646]],[[647]],[[648]],[[-413,-503,649,-638,-571,-438,-587,-644]]],"type":"MultiPolygon","properties":{"name":"Wellington","shapeGroup":"AUS","gid":"AUS-2-199"},"id":"AUS-2-199"},{"arcs":[[-520,650,651,652,-603,-547,-555,-640]],"type":"Polygon","properties":{"name":"West Wimmera","shapeGroup":"AUS","gid":"AUS-2-200"},"id":"AUS-2-200"},{"arcs":[[-453,-582,-591,-568,-614]],"type":"Polygon","properties":{"name":"Whitehorse","shapeGroup":"AUS","gid":"AUS-2-201"},"id":"AUS-2-201"},{"arcs":[[-430,-501,-559,-611,-628,-630]],"type":"Polygon","properties":{"name":"Whittlesea","shapeGroup":"AUS","gid":"AUS-2-202"},"id":"AUS-2-202"},{"arcs":[[-3,-643,-561,-211]],"type":"Polygon","properties":{"name":"Wodonga","shapeGroup":"AUS","gid":"AUS-2-203"},"id":"AUS-2-203"},{"arcs":[[-461,-551,653,-533,-617,-599]],"type":"Polygon","properties":{"name":"Wyndham","shapeGroup":"AUS","gid":"AUS-2-204"},"id":"AUS-2-204"},{"arcs":[[-428,-456,-641,-595,-618,-499]],"type":"Polygon","properties":{"name":"Yarra","shapeGroup":"AUS","gid":"AUS-2-205"},"id":"AUS-2-205"},{"arcs":[[-436,-478,-485,-570,-592,-580,-631,-626,654,-624,-583]],"type":"Polygon","properties":{"name":"Yarra Ranges","shapeGroup":"AUS","gid":"AUS-2-206"},"id":"AUS-2-206"},{"arcs":[[-469,-633,-552,-545,-602]],"type":"Polygon","properties":{"name":"Yarriambiack","shapeGroup":"AUS","gid":"AUS-2-207"},"id":"AUS-2-207"},{"arcs":[[[-442]],[[-416]],[[-415]],[[-588]],[[-625,-655]],[[655]]],"type":"MultiPolygon","properties":{"name":"Unincorporated Vic","shapeGroup":"AUS","gid":"AUS-2-208"},"id":"AUS-2-208"},{"arcs":[[[656,657]],[[658,659,660,661,662,663,664]],[[665,666,667]]],"type":"MultiPolygon","properties":{"name":"Aurukun","shapeGroup":"AUS","gid":"AUS-2-209"},"id":"AUS-2-209"},{"arcs":[[-84,668,669,670,671,-310,-392]],"type":"Polygon","properties":{"name":"Balonne","shapeGroup":"AUS","gid":"AUS-2-210"},"id":"AUS-2-210"},{"arcs":[[672,673,674,675,676,677]],"type":"Polygon","properties":{"name":"Banana","shapeGroup":"AUS","gid":"AUS-2-211"},"id":"AUS-2-211"},{"arcs":[[678,679,680,681,682,683,684]],"type":"Polygon","properties":{"name":"Barcaldine","shapeGroup":"AUS","gid":"AUS-2-212"},"id":"AUS-2-212"},{"arcs":[[685,686,687,688,689,690]],"type":"Polygon","properties":{"name":"Barcoo","shapeGroup":"AUS","gid":"AUS-2-213"},"id":"AUS-2-213"},{"arcs":[[-684,691,692,693,694]],"type":"Polygon","properties":{"name":"Blackall Tambo","shapeGroup":"AUS","gid":"AUS-2-214"},"id":"AUS-2-214"},{"arcs":[[695,696,697,698,699,700]],"type":"Polygon","properties":{"name":"Boulia","shapeGroup":"AUS","gid":"AUS-2-215"},"id":"AUS-2-215"},{"arcs":[[[701]],[[702]],[[703]],[[704,705,706,707]],[[708,709,710,711]]],"type":"MultiPolygon","properties":{"name":"Brisbane","shapeGroup":"AUS","gid":"AUS-2-216"},"id":"AUS-2-216"},{"arcs":[[-80,-408,712,-689,713,714]],"type":"Polygon","properties":{"name":"Bulloo","shapeGroup":"AUS","gid":"AUS-2-217"},"id":"AUS-2-217"},{"arcs":[[715,716,717,718]],"type":"Polygon","properties":{"name":"Bundaberg","shapeGroup":"AUS","gid":"AUS-2-218"},"id":"AUS-2-218"},{"arcs":[[719,720,721,722]],"type":"Polygon","properties":{"name":"Burdekin","shapeGroup":"AUS","gid":"AUS-2-219"},"id":"AUS-2-219"},{"arcs":[[723,724,725,726,727,728,729,730],[731]],"type":"Polygon","properties":{"name":"Burke","shapeGroup":"AUS","gid":"AUS-2-220"},"id":"AUS-2-220"},{"arcs":[[[732]],[[733,734,735,736,737,738,739]]],"type":"MultiPolygon","properties":{"name":"Cairns","shapeGroup":"AUS","gid":"AUS-2-221"},"id":"AUS-2-221"},{"arcs":[[-728,740,741,742,743,744,745,746,747]],"type":"Polygon","properties":{"name":"Carpentaria","shapeGroup":"AUS","gid":"AUS-2-222"},"id":"AUS-2-222"},{"arcs":[[[748]],[[749]],[[750]],[[751]],[[752]],[[753]],[[-739,754,755,756]]],"type":"MultiPolygon","properties":{"name":"Cassowary Coast","shapeGroup":"AUS","gid":"AUS-2-223"},"id":"AUS-2-223"},{"arcs":[[-678,757,758,-692,-683,759,760,761,762,763],[764],[765],[766],[767]],"type":"Polygon","properties":{"name":"Central Highlands (Qld)","shapeGroup":"AUS","gid":"AUS-2-224"},"id":"AUS-2-224"},{"arcs":[[-681,768,769,770,771,772,-722,773,774]],"type":"Polygon","properties":{"name":"Charters Towers","shapeGroup":"AUS","gid":"AUS-2-225"},"id":"AUS-2-225"},{"arcs":[[775]],"type":"Polygon","properties":{"name":"Cherbourg","shapeGroup":"AUS","gid":"AUS-2-226"},"id":"AUS-2-226"},{"arcs":[[-698,776,-729,-748,777,778]],"type":"Polygon","properties":{"name":"Cloncurry","shapeGroup":"AUS","gid":"AUS-2-227"},"id":"AUS-2-227"},{"arcs":[[[779]],[[780]],[[781]],[[782]],[[783]],[[-657,784,-660,785,-665,786,787,-667,788,789,790,791,792,793,794,795,796,797,798,799,800,801,802,803,804,805,806,807,808,809,810,-743,811,812,-662,813,814,815],[821],[822]],[[816,817,818]],[[819,820]]],"type":"MultiPolygon","properties":{"name":"Cook","shapeGroup":"AUS","gid":"AUS-2-228"},"id":"AUS-2-228"},{"arcs":[[-746,823,824,825]],"type":"Polygon","properties":{"name":"Croydon","shapeGroup":"AUS","gid":"AUS-2-229"},"id":"AUS-2-229"},{"arcs":[[-691,826,827,828,-700,829]],"type":"Polygon","properties":{"name":"Diamantina","shapeGroup":"AUS","gid":"AUS-2-230"},"id":"AUS-2-230"},{"arcs":[[[-732]],[[-726,830]]],"type":"MultiPolygon","properties":{"name":"Doomadgee","shapeGroup":"AUS","gid":"AUS-2-231"},"id":"AUS-2-231"},{"arcs":[[-735,831,-810,832,-808,833]],"type":"Polygon","properties":{"name":"Douglas","shapeGroup":"AUS","gid":"AUS-2-232"},"id":"AUS-2-232"},{"arcs":[[-745,834,835,-770,836,837,-824]],"type":"Polygon","properties":{"name":"Etheridge","shapeGroup":"AUS","gid":"AUS-2-233"},"id":"AUS-2-233"},{"arcs":[[-680,838,839,-837,-769]],"type":"Polygon","properties":{"name":"Flinders (Qld)","shapeGroup":"AUS","gid":"AUS-2-234"},"id":"AUS-2-234"},{"arcs":[[[840]],[[841]],[[842]],[[-716,843,844,845]]],"type":"MultiPolygon","properties":{"name":"Fraser Coast","shapeGroup":"AUS","gid":"AUS-2-235"},"id":"AUS-2-235"},{"arcs":[[[846]],[[847]],[[-674,848,849,-718,850]]],"type":"MultiPolygon","properties":{"name":"Gladstone","shapeGroup":"AUS","gid":"AUS-2-236"},"id":"AUS-2-236"},{"arcs":[[[851]],[[852]],[[-384,853,854,855,856]]],"type":"MultiPolygon","properties":{"name":"Gold Coast","shapeGroup":"AUS","gid":"AUS-2-237"},"id":"AUS-2-237"},{"arcs":[[-250,-311,-672,857,858,859,-380]],"type":"Polygon","properties":{"name":"Goondiwindi","shapeGroup":"AUS","gid":"AUS-2-238"},"id":"AUS-2-238"},{"arcs":[[-845,860,861,862,863,864,865]],"type":"Polygon","properties":{"name":"Gympie","shapeGroup":"AUS","gid":"AUS-2-239"},"id":"AUS-2-239"},{"arcs":[[[866]],[[867]],[[-756,868,869,-772,870]]],"type":"MultiPolygon","properties":{"name":"Hinchinbrook","shapeGroup":"AUS","gid":"AUS-2-240"},"id":"AUS-2-240"},{"arcs":[[-806,871],[-782]],"type":"Polygon","properties":{"name":"Hope Vale","shapeGroup":"AUS","gid":"AUS-2-241"},"id":"AUS-2-241"},{"arcs":[[-706,872,-711,873,874,875,876]],"type":"Polygon","properties":{"name":"Ipswich","shapeGroup":"AUS","gid":"AUS-2-242"},"id":"AUS-2-242"},{"arcs":[[[877]],[[878]],[[879]],[[880]],[[-682,-775,881,882,883,884,-760]]],"type":"MultiPolygon","properties":{"name":"Isaac","shapeGroup":"AUS","gid":"AUS-2-243"},"id":"AUS-2-243"},{"arcs":[[-742,885,886,-812]],"type":"Polygon","properties":{"name":"Kowanyama","shapeGroup":"AUS","gid":"AUS-2-244"},"id":"AUS-2-244"},{"arcs":[[[887]],[[888]],[[889]],[[890]],[[891]],[[892]],[[893]],[[894]],[[-761,-885,895,896]]],"type":"MultiPolygon","properties":{"name":"Livingstone","shapeGroup":"AUS","gid":"AUS-2-245"},"id":"AUS-2-245"},{"arcs":[[[-804,897]],[[-823]]],"type":"MultiPolygon","properties":{"name":"Lockhart River","shapeGroup":"AUS","gid":"AUS-2-246"},"id":"AUS-2-246"},{"arcs":[[-876,898,899,900,901]],"type":"Polygon","properties":{"name":"Lockyer Valley","shapeGroup":"AUS","gid":"AUS-2-247"},"id":"AUS-2-247"},{"arcs":[[-710,902,-855,903,-874]],"type":"Polygon","properties":{"name":"Logan","shapeGroup":"AUS","gid":"AUS-2-248"},"id":"AUS-2-248"},{"arcs":[[-685,-695,904,-687,905]],"type":"Polygon","properties":{"name":"Longreach","shapeGroup":"AUS","gid":"AUS-2-249"},"id":"AUS-2-249"},{"arcs":[[[906]],[[907]],[[908]],[[909]],[[910]],[[911]],[[912]],[[913]],[[914]],[[915]],[[-883,916,917]]],"type":"MultiPolygon","properties":{"name":"Mackay","shapeGroup":"AUS","gid":"AUS-2-250"},"id":"AUS-2-250"},{"arcs":[[-747,-826,918,919,-778]],"type":"Polygon","properties":{"name":"McKinlay","shapeGroup":"AUS","gid":"AUS-2-251"},"id":"AUS-2-251"},{"arcs":[[[-815,920]],[[-799,921]],[[-797,922,-818,923]]],"type":"MultiPolygon","properties":{"name":"Mapoon","shapeGroup":"AUS","gid":"AUS-2-252"},"id":"AUS-2-252"},{"arcs":[[-670,924,925,-758,-677,926]],"type":"Polygon","properties":{"name":"Maranoa","shapeGroup":"AUS","gid":"AUS-2-253"},"id":"AUS-2-253"},{"arcs":[[-734,927,-835,-744,-811,-832]],"type":"Polygon","properties":{"name":"Mareeba","shapeGroup":"AUS","gid":"AUS-2-254"},"id":"AUS-2-254"},{"arcs":[[[928,929]],[[-708,930,931,932]]],"type":"MultiPolygon","properties":{"name":"Moreton Bay","shapeGroup":"AUS","gid":"AUS-2-255"},"id":"AUS-2-255"},{"arcs":[[[933]],[[934]],[[935]],[[936]],[[937]],[[938]],[[939]],[[940]]],"type":"MultiPolygon","properties":{"name":"Mornington","shapeGroup":"AUS","gid":"AUS-2-256"},"id":"AUS-2-256"},{"arcs":[[-697,941,-730,-777]],"type":"Polygon","properties":{"name":"Mount Isa","shapeGroup":"AUS","gid":"AUS-2-257"},"id":"AUS-2-257"},{"arcs":[[-693,-759,-926,942,943]],"type":"Polygon","properties":{"name":"Murweh","shapeGroup":"AUS","gid":"AUS-2-258"},"id":"AUS-2-258"},{"arcs":[[[-659,-786]],[[-658,-816,-921,-814,-661,-785]],[[-668,-788,944]],[[-822]],[[-796,945,-819,-923]],[[-792,946]],[[-794,947]]],"type":"MultiPolygon","properties":{"name":"Napranum","shapeGroup":"AUS","gid":"AUS-2-259"},"id":"AUS-2-259"},{"arcs":[[-862,948,949]],"type":"Polygon","properties":{"name":"Noosa","shapeGroup":"AUS","gid":"AUS-2-260"},"id":"AUS-2-260"},{"arcs":[[-675,-851,-717,-846,-866,950,951]],"type":"Polygon","properties":{"name":"North Burnett","shapeGroup":"AUS","gid":"AUS-2-261"},"id":"AUS-2-261"},{"arcs":[[[952,953]],[[-801,954,955,956,957]]],"type":"MultiPolygon","properties":{"name":"Northern Peninsula Area","shapeGroup":"AUS","gid":"AUS-2-262"},"id":"AUS-2-262"},{"arcs":[[[958]],[[959]],[[960]]],"type":"MultiPolygon","properties":{"name":"Palm Island","shapeGroup":"AUS","gid":"AUS-2-263"},"id":"AUS-2-263"},{"arcs":[[-81,-715,961,-943,-925,-669,-83]],"type":"Polygon","properties":{"name":"Paroo","shapeGroup":"AUS","gid":"AUS-2-264"},"id":"AUS-2-264"},{"arcs":[[-663,-813,-887,962]],"type":"Polygon","properties":{"name":"Pormpuraaw","shapeGroup":"AUS","gid":"AUS-2-265"},"id":"AUS-2-265"},{"arcs":[[-688,-905,-694,-944,-962,-714]],"type":"Polygon","properties":{"name":"Quilpie","shapeGroup":"AUS","gid":"AUS-2-266"},"id":"AUS-2-266"},{"arcs":[[[963]],[[964]],[[965]],[[-709,966,-856,-903]],[[967]]],"type":"MultiPolygon","properties":{"name":"Redland","shapeGroup":"AUS","gid":"AUS-2-267"},"id":"AUS-2-267"},{"arcs":[[-825,-838,-840,968,-919]],"type":"Polygon","properties":{"name":"Richmond","shapeGroup":"AUS","gid":"AUS-2-268"},"id":"AUS-2-268"},{"arcs":[[-673,-764,969,-762,-897,970,-849]],"type":"Polygon","properties":{"name":"Rockhampton","shapeGroup":"AUS","gid":"AUS-2-269"},"id":"AUS-2-269"},{"arcs":[[-268,-382,971,-899,-875,-904,-854,-383]],"type":"Polygon","properties":{"name":"Scenic Rim","shapeGroup":"AUS","gid":"AUS-2-270"},"id":"AUS-2-270"},{"arcs":[[-707,-877,-902,972,973,-864,974,-931]],"type":"Polygon","properties":{"name":"Somerset","shapeGroup":"AUS","gid":"AUS-2-271"},"id":"AUS-2-271"},{"arcs":[[-865,-974,975,976,-951],[-776]],"type":"Polygon","properties":{"name":"South Burnett","shapeGroup":"AUS","gid":"AUS-2-272"},"id":"AUS-2-272"},{"arcs":[[-381,-860,977,-900,-972]],"type":"Polygon","properties":{"name":"Southern Downs","shapeGroup":"AUS","gid":"AUS-2-273"},"id":"AUS-2-273"},{"arcs":[[[-863,-950,978,-932,-975]],[[-930,979]]],"type":"MultiPolygon","properties":{"name":"Sunshine Coast","shapeGroup":"AUS","gid":"AUS-2-274"},"id":"AUS-2-274"},{"arcs":[[-740,-757,-871,-771,-836,-928]],"type":"Polygon","properties":{"name":"Tablelands","shapeGroup":"AUS","gid":"AUS-2-275"},"id":"AUS-2-275"},{"arcs":[[-859,980,-976,-973,-901,-978]],"type":"Polygon","properties":{"name":"Toowoomba","shapeGroup":"AUS","gid":"AUS-2-276"},"id":"AUS-2-276"},{"arcs":[[[981]],[[982]],[[983]],[[984]],[[985]],[[-956,986]],[[987]],[[988]],[[989]],[[990]],[[-802,-958,991,-953,992]],[[993]],[[994]],[[995]],[[996]],[[997]],[[998]],[[999]]],"type":"MultiPolygon","properties":{"name":"Torres","shapeGroup":"AUS","gid":"AUS-2-277"},"id":"AUS-2-277"},{"arcs":[[[1000]],[[1001]],[[1002]],[[1003]],[[1004]],[[1005]],[[1006]],[[1007]]],"type":"MultiPolygon","properties":{"name":"Torres Strait Island","shapeGroup":"AUS","gid":"AUS-2-278"},"id":"AUS-2-278"},{"arcs":[[[-723,-773,-870,1008]],[[1009]]],"type":"MultiPolygon","properties":{"name":"Townsville","shapeGroup":"AUS","gid":"AUS-2-279"},"id":"AUS-2-279"},{"arcs":[[-790,1010,-821,1011]],"type":"Polygon","properties":{"name":"Weipa","shapeGroup":"AUS","gid":"AUS-2-280"},"id":"AUS-2-280"},{"arcs":[[-671,-927,-676,-952,-977,-981,-858]],"type":"Polygon","properties":{"name":"Western Downs","shapeGroup":"AUS","gid":"AUS-2-281"},"id":"AUS-2-281"},{"arcs":[[[1012]],[[1013]],[[1014]],[[1015]],[[1016]],[[1017]],[[1018]],[[-721,1019,-917,-882,-774]],[[1020]]],"type":"MultiPolygon","properties":{"name":"Whitsunday","shapeGroup":"AUS","gid":"AUS-2-282"},"id":"AUS-2-282"},{"arcs":[[-679,-906,-686,-830,-699,-779,-920,-969,-839]],"type":"Polygon","properties":{"name":"Winton","shapeGroup":"AUS","gid":"AUS-2-283"},"id":"AUS-2-283"},{"arcs":[[[-767]],[[-768]],[[-766]],[[-765]],[[-763,-970]]],"type":"MultiPolygon","properties":{"name":"Woorabinda","shapeGroup":"AUS","gid":"AUS-2-284"},"id":"AUS-2-284"},{"arcs":[[-809,-833]],"type":"Polygon","properties":{"name":"Wujal Wujal","shapeGroup":"AUS","gid":"AUS-2-285"},"id":"AUS-2-285"},{"arcs":[[-737,1021]],"type":"Polygon","properties":{"name":"Yarrabah","shapeGroup":"AUS","gid":"AUS-2-286"},"id":"AUS-2-286"},{"arcs":[[1022,1023,1024,1025,1026,1027,1028]],"type":"Polygon","properties":{"name":"Adelaide","shapeGroup":"AUS","gid":"AUS-2-287"},"id":"AUS-2-287"},{"arcs":[[1029,1030,1031,1032,1033,1034,1035,1036,1037]],"type":"Polygon","properties":{"name":"Adelaide Hills","shapeGroup":"AUS","gid":"AUS-2-288"},"id":"AUS-2-288"},{"arcs":[[1038,1039,1040,1041]],"type":"Polygon","properties":{"name":"Adelaide Plains","shapeGroup":"AUS","gid":"AUS-2-289"},"id":"AUS-2-289"},{"arcs":[[1042,1043,1044,1045,1046,1047,1048]],"type":"Polygon","properties":{"name":"Alexandrina","shapeGroup":"AUS","gid":"AUS-2-290"},"id":"AUS-2-290"},{"arcs":[[[1049]],[[1050,1051,1052,1053,1054]]],"type":"MultiPolygon","properties":{"name":"Anangu Pitjantjatjara Yunkunytjatjara","shapeGroup":"AUS","gid":"AUS-2-291"},"id":"AUS-2-291"},{"arcs":[[-1031,1055,1056,1057,1058]],"type":"Polygon","properties":{"name":"Barossa","shapeGroup":"AUS","gid":"AUS-2-292"},"id":"AUS-2-292"},{"arcs":[[1059,1060,1061,1062,1063]],"type":"Polygon","properties":{"name":"Barunga West","shapeGroup":"AUS","gid":"AUS-2-293"},"id":"AUS-2-293"},{"arcs":[[1064,1065,1066,1067,1068]],"type":"Polygon","properties":{"name":"Berri Barmera","shapeGroup":"AUS","gid":"AUS-2-294"},"id":"AUS-2-294"},{"arcs":[[-1026,1069,1070,-1036,1071,1072]],"type":"Polygon","properties":{"name":"Burnside","shapeGroup":"AUS","gid":"AUS-2-295"},"id":"AUS-2-295"},{"arcs":[[-1037,-1071,1073,1074,1075]],"type":"Polygon","properties":{"name":"Campbelltown (SA)","shapeGroup":"AUS","gid":"AUS-2-296"},"id":"AUS-2-296"},{"arcs":[[1076,1077,1078]],"type":"Polygon","properties":{"name":"Ceduna","shapeGroup":"AUS","gid":"AUS-2-297"},"id":"AUS-2-297"},{"arcs":[[-1029,1079,1080,1081,1082]],"type":"Polygon","properties":{"name":"Charles Sturt","shapeGroup":"AUS","gid":"AUS-2-298"},"id":"AUS-2-298"},{"arcs":[[1083,1084,1085,1086]],"type":"Polygon","properties":{"name":"Clare and Gilbert Valleys","shapeGroup":"AUS","gid":"AUS-2-299"},"id":"AUS-2-299"},{"arcs":[[1087,1088,1089,1090,1091]],"type":"Polygon","properties":{"name":"Cleve","shapeGroup":"AUS","gid":"AUS-2-300"},"id":"AUS-2-300"},{"arcs":[[1092]],"type":"Polygon","properties":{"name":"Coober Pedy","shapeGroup":"AUS","gid":"AUS-2-301"},"id":"AUS-2-301"},{"arcs":[[-1063,1093,1094]],"type":"Polygon","properties":{"name":"Copper Coast","shapeGroup":"AUS","gid":"AUS-2-302"},"id":"AUS-2-302"},{"arcs":[[[1095]],[[1096]],[[-1092,1097,1098,1099,1100,1101,1102]]],"type":"MultiPolygon","properties":{"name":"Elliston","shapeGroup":"AUS","gid":"AUS-2-303"},"id":"AUS-2-303"},{"arcs":[[1103,1104,1105,1106]],"type":"Polygon","properties":{"name":"Flinders Ranges","shapeGroup":"AUS","gid":"AUS-2-304"},"id":"AUS-2-304"},{"arcs":[[-1089,1107,1108,1109,1110]],"type":"Polygon","properties":{"name":"Franklin Harbour","shapeGroup":"AUS","gid":"AUS-2-305"},"id":"AUS-2-305"},{"arcs":[[-1057,1111,1112]],"type":"Polygon","properties":{"name":"Gawler","shapeGroup":"AUS","gid":"AUS-2-306"},"id":"AUS-2-306"},{"arcs":[[-1085,1113,1114,1115,1116,1117]],"type":"Polygon","properties":{"name":"Goyder","shapeGroup":"AUS","gid":"AUS-2-307"},"id":"AUS-2-307"},{"arcs":[[-518,1118,1119],[1120]],"type":"Polygon","properties":{"name":"Grant","shapeGroup":"AUS","gid":"AUS-2-308"},"id":"AUS-2-308"},{"arcs":[[1121,1122,1123]],"type":"Polygon","properties":{"name":"Holdfast Bay","shapeGroup":"AUS","gid":"AUS-2-309"},"id":"AUS-2-309"},{"arcs":[[1124]],"type":"Polygon","properties":{"name":"Kangaroo Island","shapeGroup":"AUS","gid":"AUS-2-310"},"id":"AUS-2-310"},{"arcs":[[1125,1126,1127,1128,1129]],"type":"Polygon","properties":{"name":"Karoonda East Murray","shapeGroup":"AUS","gid":"AUS-2-311"},"id":"AUS-2-311"},{"arcs":[[-1088,-1103,1130,1131,1132,1133,-1108]],"type":"Polygon","properties":{"name":"Kimba","shapeGroup":"AUS","gid":"AUS-2-312"},"id":"AUS-2-312"},{"arcs":[[1134,1135,1136,1137,1138]],"type":"Polygon","properties":{"name":"Kingston (SA)","shapeGroup":"AUS","gid":"AUS-2-313"},"id":"AUS-2-313"},{"arcs":[[-1040,1139,-1086,-1118,1140,-1058,-1113,1141]],"type":"Polygon","properties":{"name":"Light","shapeGroup":"AUS","gid":"AUS-2-314"},"id":"AUS-2-314"},{"arcs":[[-1099,1142,1143,1144,1145]],"type":"Polygon","properties":{"name":"Lower Eyre Peninsula","shapeGroup":"AUS","gid":"AUS-2-315"},"id":"AUS-2-315"},{"arcs":[[-606,1146,-1127,1147,1148,-1069,1149,-1067,1150]],"type":"Polygon","properties":{"name":"Loxton Waikerie","shapeGroup":"AUS","gid":"AUS-2-316"},"id":"AUS-2-316"},{"arcs":[[-1053,1151,1152,1153,1154]],"type":"Polygon","properties":{"name":"Maralinga Tjarutja","shapeGroup":"AUS","gid":"AUS-2-317"},"id":"AUS-2-317"},{"arcs":[[-1123,1155,1156,1157,1158,1159]],"type":"Polygon","properties":{"name":"Marion","shapeGroup":"AUS","gid":"AUS-2-318"},"id":"AUS-2-318"},{"arcs":[[-1032,-1059,-1141,-1117,1160,-1148,-1126,1161,1162]],"type":"Polygon","properties":{"name":"Mid Murray","shapeGroup":"AUS","gid":"AUS-2-319"},"id":"AUS-2-319"},{"arcs":[[-1035,1163,-1158,1164,-1072]],"type":"Polygon","properties":{"name":"Mitcham","shapeGroup":"AUS","gid":"AUS-2-320"},"id":"AUS-2-320"},{"arcs":[[-1033,-1163,1165,-1043,1166]],"type":"Polygon","properties":{"name":"Mount Barker","shapeGroup":"AUS","gid":"AUS-2-321"},"id":"AUS-2-321"},{"arcs":[[-1121]],"type":"Polygon","properties":{"name":"Mount Gambier","shapeGroup":"AUS","gid":"AUS-2-322"},"id":"AUS-2-322"},{"arcs":[[-1105,1167,1168,1169,1170,1171]],"type":"Polygon","properties":{"name":"Mount Remarkable","shapeGroup":"AUS","gid":"AUS-2-323"},"id":"AUS-2-323"},{"arcs":[[-1044,-1166,-1162,-1130,1172]],"type":"Polygon","properties":{"name":"Murray Bridge","shapeGroup":"AUS","gid":"AUS-2-324"},"id":"AUS-2-324"},{"arcs":[[-652,1173,1174,-1137,1175]],"type":"Polygon","properties":{"name":"Naracoorte Lucindale","shapeGroup":"AUS","gid":"AUS-2-325"},"id":"AUS-2-325"},{"arcs":[[-1084,1176,1177,-1169,1178,1179,-1114]],"type":"Polygon","properties":{"name":"Northern Areas","shapeGroup":"AUS","gid":"AUS-2-326"},"id":"AUS-2-326"},{"arcs":[[-1025,1180,1181,-1074,-1070]],"type":"Polygon","properties":{"name":"Norwood Payneham and St Peters","shapeGroup":"AUS","gid":"AUS-2-327"},"id":"AUS-2-327"},{"arcs":[[-1034,-1167,-1049,1182,1183,-1159,-1164]],"type":"Polygon","properties":{"name":"Onkaparinga","shapeGroup":"AUS","gid":"AUS-2-328"},"id":"AUS-2-328"},{"arcs":[[-1104,1184,1185,-1179,-1168]],"type":"Polygon","properties":{"name":"Orroroo Carrieton","shapeGroup":"AUS","gid":"AUS-2-329"},"id":"AUS-2-329"},{"arcs":[[-1115,-1180,-1186,1186]],"type":"Polygon","properties":{"name":"Peterborough","shapeGroup":"AUS","gid":"AUS-2-330"},"id":"AUS-2-330"},{"arcs":[[-1030,1187,1188,1189,-1041,-1142,-1112,-1056]],"type":"Polygon","properties":{"name":"Playford","shapeGroup":"AUS","gid":"AUS-2-331"},"id":"AUS-2-331"},{"arcs":[[-1075,-1182,1190,1191,-1082,1192,1193,1194]],"type":"Polygon","properties":{"name":"Port Adelaide Enfield","shapeGroup":"AUS","gid":"AUS-2-332"},"id":"AUS-2-332"},{"arcs":[[-1106,-1172,1195,1196,1197]],"type":"Polygon","properties":{"name":"Port Augusta","shapeGroup":"AUS","gid":"AUS-2-333"},"id":"AUS-2-333"},{"arcs":[[-1145,1198]],"type":"Polygon","properties":{"name":"Port Lincoln","shapeGroup":"AUS","gid":"AUS-2-334"},"id":"AUS-2-334"},{"arcs":[[-1060,1199,-1170,-1178,1200]],"type":"Polygon","properties":{"name":"Port Pirie","shapeGroup":"AUS","gid":"AUS-2-335"},"id":"AUS-2-335"},{"arcs":[[-1023,-1083,-1192,1201]],"type":"Polygon","properties":{"name":"Prospect","shapeGroup":"AUS","gid":"AUS-2-336"},"id":"AUS-2-336"},{"arcs":[[-607,-1151,-1066,1202]],"type":"Polygon","properties":{"name":"Renmark Paringa","shapeGroup":"AUS","gid":"AUS-2-337"},"id":"AUS-2-337"},{"arcs":[[-1138,-1175,1203,1204]],"type":"Polygon","properties":{"name":"Robe","shapeGroup":"AUS","gid":"AUS-2-338"},"id":"AUS-2-338"},{"arcs":[[1205]],"type":"Polygon","properties":{"name":"Roxby Downs","shapeGroup":"AUS","gid":"AUS-2-339"},"id":"AUS-2-339"},{"arcs":[[-1189,1206,-1194,1207]],"type":"Polygon","properties":{"name":"Salisbury","shapeGroup":"AUS","gid":"AUS-2-340"},"id":"AUS-2-340"},{"arcs":[[-605,1208,1209,-1128,-1147]],"type":"Polygon","properties":{"name":"Southern Mallee","shapeGroup":"AUS","gid":"AUS-2-341"},"id":"AUS-2-341"},{"arcs":[[-1078,1210,1211,-1101,1212]],"type":"Polygon","properties":{"name":"Streaky Bay","shapeGroup":"AUS","gid":"AUS-2-342"},"id":"AUS-2-342"},{"arcs":[[-604,-653,-1176,-1136,1213,-1209]],"type":"Polygon","properties":{"name":"Tatiara","shapeGroup":"AUS","gid":"AUS-2-343"},"id":"AUS-2-343"},{"arcs":[[-1038,-1076,-1195,-1207,-1188]],"type":"Polygon","properties":{"name":"Tea Tree Gully","shapeGroup":"AUS","gid":"AUS-2-344"},"id":"AUS-2-344"},{"arcs":[[-1045,-1173,-1129,-1210,-1214,-1135,1214],[1215]],"type":"Polygon","properties":{"name":"Coorong","shapeGroup":"AUS","gid":"AUS-2-345"},"id":"AUS-2-345"},{"arcs":[[-1091,1216,-1143,-1098]],"type":"Polygon","properties":{"name":"Tumby Bay","shapeGroup":"AUS","gid":"AUS-2-346"},"id":"AUS-2-346"},{"arcs":[[-1027,-1073,-1165,-1157,1217]],"type":"Polygon","properties":{"name":"Unley","shapeGroup":"AUS","gid":"AUS-2-347"},"id":"AUS-2-347"},{"arcs":[[-1047,1218,1219]],"type":"Polygon","properties":{"name":"Victor Harbor","shapeGroup":"AUS","gid":"AUS-2-348"},"id":"AUS-2-348"},{"arcs":[[-1039,1220,1221,-1061,-1201,-1177,-1087,-1140]],"type":"Polygon","properties":{"name":"Wakefield","shapeGroup":"AUS","gid":"AUS-2-349"},"id":"AUS-2-349"},{"arcs":[[-1024,-1202,-1191,-1181]],"type":"Polygon","properties":{"name":"Walkerville","shapeGroup":"AUS","gid":"AUS-2-350"},"id":"AUS-2-350"},{"arcs":[[-519,-1120,1222,-1204,-1174,-651]],"type":"Polygon","properties":{"name":"Wattle Range","shapeGroup":"AUS","gid":"AUS-2-351"},"id":"AUS-2-351"},{"arcs":[[-1028,-1218,-1156,-1122,1223,-1080]],"type":"Polygon","properties":{"name":"West Torrens","shapeGroup":"AUS","gid":"AUS-2-352"},"id":"AUS-2-352"},{"arcs":[[-1110,1224,-1197,1225,1226,1227,1228,1229]],"type":"Polygon","properties":{"name":"Whyalla","shapeGroup":"AUS","gid":"AUS-2-353"},"id":"AUS-2-353"},{"arcs":[[-1102,-1212,1230,-1133,1231,-1131]],"type":"Polygon","properties":{"name":"Wudinna","shapeGroup":"AUS","gid":"AUS-2-354"},"id":"AUS-2-354"},{"arcs":[[-1048,-1220,1232,-1183]],"type":"Polygon","properties":{"name":"Yankalilla","shapeGroup":"AUS","gid":"AUS-2-355"},"id":"AUS-2-355"},{"arcs":[[-1062,-1222,1233,-1094]],"type":"Polygon","properties":{"name":"Yorke Peninsula","shapeGroup":"AUS","gid":"AUS-2-356"},"id":"AUS-2-356"},{"arcs":[[[1234]],[[1235]],[[1236]],[[1237]],[[1238]],[[-1068,-1150]],[[-1216]],[[1239]],[[-1132,-1232]],[[-1227,1240]],[[-1229,1241]],[[1242]],[[1243]],[[-397,-608,-1203,-1065,-1149,-1161,-1116,-1187,-1185,-1107,-1198,-1225,-1109,-1134,-1231,-1211,-1077,1244,1245,1246,-1152,-1052,1247,-827,-690,-713,-407],[-1050],[-1093],[-1206]]],"type":"MultiPolygon","properties":{"name":"Unincorporated SA","shapeGroup":"AUS","gid":"AUS-2-357"},"id":"AUS-2-357"},{"arcs":[[[1248]],[[1249,1250,1251,1252,1253]]],"type":"MultiPolygon","properties":{"name":"Albany","shapeGroup":"AUS","gid":"AUS-2-358"},"id":"AUS-2-358"},{"arcs":[[1254,1255,1256,1257,1258,1259,1260]],"type":"Polygon","properties":{"name":"Armadale","shapeGroup":"AUS","gid":"AUS-2-359"},"id":"AUS-2-359"},{"arcs":[[[1261]],[[1262]],[[1263]],[[1264]],[[1265]],[[1266]],[[1267,1268,1269,1270,1271,1272,1273,1274,1275,1276]]],"type":"MultiPolygon","properties":{"name":"Ashburton","shapeGroup":"AUS","gid":"AUS-2-360"},"id":"AUS-2-360"},{"arcs":[[1277,1278,1279]],"type":"Polygon","properties":{"name":"Augusta Margaret River","shapeGroup":"AUS","gid":"AUS-2-361"},"id":"AUS-2-361"},{"arcs":[[1280,1281,1282]],"type":"Polygon","properties":{"name":"Bassendean","shapeGroup":"AUS","gid":"AUS-2-362"},"id":"AUS-2-362"},{"arcs":[[-1283,1283,1284,1285,1286]],"type":"Polygon","properties":{"name":"Bayswater","shapeGroup":"AUS","gid":"AUS-2-363"},"id":"AUS-2-363"},{"arcs":[[1287,1288,1289,1290,1291]],"type":"Polygon","properties":{"name":"Belmont","shapeGroup":"AUS","gid":"AUS-2-364"},"id":"AUS-2-364"},{"arcs":[[-1259,1292,1293,1294,1295]],"type":"Polygon","properties":{"name":"Beverley","shapeGroup":"AUS","gid":"AUS-2-365"},"id":"AUS-2-365"},{"arcs":[[1296,1297,1298,1299,1300,1301]],"type":"Polygon","properties":{"name":"Boddington","shapeGroup":"AUS","gid":"AUS-2-366"},"id":"AUS-2-366"},{"arcs":[[1302,1303,1304,1305,1306,1307,1308]],"type":"Polygon","properties":{"name":"Boyup Brook","shapeGroup":"AUS","gid":"AUS-2-367"},"id":"AUS-2-367"},{"arcs":[[-1309,1309,1310,1311]],"type":"Polygon","properties":{"name":"Bridgetown-Greenbushes","shapeGroup":"AUS","gid":"AUS-2-368"},"id":"AUS-2-368"},{"arcs":[[-1295,1312,1313,1314,1315]],"type":"Polygon","properties":{"name":"Brookton","shapeGroup":"AUS","gid":"AUS-2-369"},"id":"AUS-2-369"},{"arcs":[[[1316]],[[1317]],[[1318,1319,1320]]],"type":"MultiPolygon","properties":{"name":"Broome","shapeGroup":"AUS","gid":"AUS-2-370"},"id":"AUS-2-370"},{"arcs":[[1321,1322,1323,1324]],"type":"Polygon","properties":{"name":"Broomehill-Tambellup","shapeGroup":"AUS","gid":"AUS-2-371"},"id":"AUS-2-371"},{"arcs":[[1325,1326,1327,1328,1329]],"type":"Polygon","properties":{"name":"Bruce Rock","shapeGroup":"AUS","gid":"AUS-2-372"},"id":"AUS-2-372"},{"arcs":[[1330,1331,1332,1333]],"type":"Polygon","properties":{"name":"Bunbury","shapeGroup":"AUS","gid":"AUS-2-373"},"id":"AUS-2-373"},{"arcs":[[-1278,1334,1335,1336,1337]],"type":"Polygon","properties":{"name":"Busselton","shapeGroup":"AUS","gid":"AUS-2-374"},"id":"AUS-2-374"},{"arcs":[[1338,1339,1340,1341,1342,1343]],"type":"Polygon","properties":{"name":"Cambridge","shapeGroup":"AUS","gid":"AUS-2-375"},"id":"AUS-2-375"},{"arcs":[[-1290,1344,1345,1346,1347,1348,1349,1350]],"type":"Polygon","properties":{"name":"Canning","shapeGroup":"AUS","gid":"AUS-2-376"},"id":"AUS-2-376"},{"arcs":[[-1333,1351,1352,-1336,1353]],"type":"Polygon","properties":{"name":"Capel","shapeGroup":"AUS","gid":"AUS-2-377"},"id":"AUS-2-377"},{"arcs":[[1354,1355,1356,1357,1358]],"type":"Polygon","properties":{"name":"Carnamah","shapeGroup":"AUS","gid":"AUS-2-378"},"id":"AUS-2-378"},{"arcs":[[[1359]],[[1360]],[[-1272,1361,1362,1363,1364]],[[1365]]],"type":"MultiPolygon","properties":{"name":"Carnarvon","shapeGroup":"AUS","gid":"AUS-2-379"},"id":"AUS-2-379"},{"arcs":[[1366,1367,1368]],"type":"Polygon","properties":{"name":"Chapman Valley","shapeGroup":"AUS","gid":"AUS-2-380"},"id":"AUS-2-380"},{"arcs":[[1369,1370,1371,1372,1373]],"type":"Polygon","properties":{"name":"Chittering","shapeGroup":"AUS","gid":"AUS-2-381"},"id":"AUS-2-381"},{"arcs":[[1374]],"type":"Polygon","properties":{"name":"Christmas Island","shapeGroup":"AUS","gid":"AUS-2-382"},"id":"AUS-2-382"},{"arcs":[[1375,1376,1377,1378]],"type":"Polygon","properties":{"name":"Claremont","shapeGroup":"AUS","gid":"AUS-2-383"},"id":"AUS-2-383"},{"arcs":[[[1379]],[[-1255,1380,1381,1382,1383,-1347,1384]]],"type":"MultiPolygon","properties":{"name":"Cockburn","shapeGroup":"AUS","gid":"AUS-2-384"},"id":"AUS-2-384"},{"arcs":[[1385]],"type":"Polygon","properties":{"name":"Cocos Islands","shapeGroup":"AUS","gid":"AUS-2-385"},"id":"AUS-2-385"},{"arcs":[[-1299,1386,1387,-1304,1388,1389,1390]],"type":"Polygon","properties":{"name":"Collie","shapeGroup":"AUS","gid":"AUS-2-386"},"id":"AUS-2-386"},{"arcs":[[1391,1392,1393,1394]],"type":"Polygon","properties":{"name":"Coolgardie","shapeGroup":"AUS","gid":"AUS-2-387"},"id":"AUS-2-387"},{"arcs":[[-1356,1395,1396,1397,1398,1399]],"type":"Polygon","properties":{"name":"Coorow","shapeGroup":"AUS","gid":"AUS-2-388"},"id":"AUS-2-388"},{"arcs":[[-1314,1400,-1329,1401,1402,1403,1404,1405]],"type":"Polygon","properties":{"name":"Corrigin","shapeGroup":"AUS","gid":"AUS-2-389"},"id":"AUS-2-389"},{"arcs":[[-1378,1406,1407,1408,1409]],"type":"Polygon","properties":{"name":"Cottesloe","shapeGroup":"AUS","gid":"AUS-2-390"},"id":"AUS-2-390"},{"arcs":[[-1307,1410,-1324,1411,1412,1413]],"type":"Polygon","properties":{"name":"Cranbrook","shapeGroup":"AUS","gid":"AUS-2-391"},"id":"AUS-2-391"},{"arcs":[[1414,1415,1416,1417,1418]],"type":"Polygon","properties":{"name":"Cuballing","shapeGroup":"AUS","gid":"AUS-2-392"},"id":"AUS-2-392"},{"arcs":[[1419,1420,1421,1422,1423]],"type":"Polygon","properties":{"name":"Cue","shapeGroup":"AUS","gid":"AUS-2-393"},"id":"AUS-2-393"},{"arcs":[[1424,1425,1426,1427,1428,1429,1430]],"type":"Polygon","properties":{"name":"Cunderdin","shapeGroup":"AUS","gid":"AUS-2-394"},"id":"AUS-2-394"},{"arcs":[[-1397,1431,1432,1433,1434,1435,1436]],"type":"Polygon","properties":{"name":"Dalwallinu","shapeGroup":"AUS","gid":"AUS-2-395"},"id":"AUS-2-395"},{"arcs":[[-1399,1437,1438,1439,1440]],"type":"Polygon","properties":{"name":"Dandaragan","shapeGroup":"AUS","gid":"AUS-2-396"},"id":"AUS-2-396"},{"arcs":[[-1332,1441,-1390,1442,-1352]],"type":"Polygon","properties":{"name":"Dardanup","shapeGroup":"AUS","gid":"AUS-2-397"},"id":"AUS-2-397"},{"arcs":[[-1254,1443,1444,1445]],"type":"Polygon","properties":{"name":"Denmark","shapeGroup":"AUS","gid":"AUS-2-398"},"id":"AUS-2-398"},{"arcs":[[[1446]],[[1447]],[[1448]],[[1449]],[[1450]],[[1451]],[[1452]],[[1453]],[[1454]],[[1455]],[[1456]],[[1457]],[[1458]],[[1459]],[[1460]],[[1461]],[[1462]],[[1463]],[[1464]],[[1465]],[[-1319,1466,1467,1468,1469,1470,1471]],[[1472]],[[1473]],[[1474]],[[1475]],[[1476]],[[1477]],[[1478]],[[1479]],[[1480]],[[1481]]],"type":"MultiPolygon","properties":{"name":"Derby-West Kimberley","shapeGroup":"AUS","gid":"AUS-2-399"},"id":"AUS-2-399"},{"arcs":[[-1303,-1312,1482,-1337,-1353,-1443,-1389]],"type":"Polygon","properties":{"name":"Donnybrook-Balingup","shapeGroup":"AUS","gid":"AUS-2-400"},"id":"AUS-2-400"},{"arcs":[[-1431,1483,1484,1485,1486]],"type":"Polygon","properties":{"name":"Dowerin","shapeGroup":"AUS","gid":"AUS-2-401"},"id":"AUS-2-401"},{"arcs":[[1487,1488,1489,1490,1491,1492,1493]],"type":"Polygon","properties":{"name":"Dumbleyung","shapeGroup":"AUS","gid":"AUS-2-402"},"id":"AUS-2-402"},{"arcs":[[-1246,1494,1495,1496,1497,1498,-1394,1499]],"type":"Polygon","properties":{"name":"Dundas","shapeGroup":"AUS","gid":"AUS-2-403"},"id":"AUS-2-403"},{"arcs":[[1500,1501,1502]],"type":"Polygon","properties":{"name":"East Fremantle","shapeGroup":"AUS","gid":"AUS-2-404"},"id":"AUS-2-404"},{"arcs":[[-1269,1503,1504,-1320,-1472,1505,1506,1507,1508,1509,1510]],"type":"Polygon","properties":{"name":"East Pilbara","shapeGroup":"AUS","gid":"AUS-2-405"},"id":"AUS-2-405"},{"arcs":[[[1511]],[[1512]],[[-1496,1513,1514,1515]]],"type":"MultiPolygon","properties":{"name":"Esperance","shapeGroup":"AUS","gid":"AUS-2-406"},"id":"AUS-2-406"},{"arcs":[[[1516]],[[-1273,-1365,1517]]],"type":"MultiPolygon","properties":{"name":"Exmouth","shapeGroup":"AUS","gid":"AUS-2-407"},"id":"AUS-2-407"},{"arcs":[[[1518,1519]],[[-1383,1520,-1502,1521]]],"type":"MultiPolygon","properties":{"name":"Fremantle","shapeGroup":"AUS","gid":"AUS-2-408"},"id":"AUS-2-408"},{"arcs":[[-1374,1522,1523,-1440,1524]],"type":"Polygon","properties":{"name":"Gingin","shapeGroup":"AUS","gid":"AUS-2-409"},"id":"AUS-2-409"},{"arcs":[[-1251,1525,-1412,-1323,1526,1527,1528]],"type":"Polygon","properties":{"name":"Gnowangerup","shapeGroup":"AUS","gid":"AUS-2-410"},"id":"AUS-2-410"},{"arcs":[[-1430,1529,1530,1531,1532,-1484]],"type":"Polygon","properties":{"name":"Goomalling","shapeGroup":"AUS","gid":"AUS-2-411"},"id":"AUS-2-411"},{"arcs":[[-1256,-1385,-1346,1533]],"type":"Polygon","properties":{"name":"Gosnells","shapeGroup":"AUS","gid":"AUS-2-412"},"id":"AUS-2-412"},{"arcs":[[[1534]],[[1535]],[[-1367,1536,1537,1538,1539,1540,1541,1542]]],"type":"MultiPolygon","properties":{"name":"Greater Geraldton","shapeGroup":"AUS","gid":"AUS-2-413"},"id":"AUS-2-413"},{"arcs":[[-1471,1543,1544,1545,-1506]],"type":"Polygon","properties":{"name":"Halls Creek","shapeGroup":"AUS","gid":"AUS-2-414"},"id":"AUS-2-414"},{"arcs":[[-1300,-1391,-1442,-1331,1546,1547]],"type":"Polygon","properties":{"name":"Harvey","shapeGroup":"AUS","gid":"AUS-2-415"},"id":"AUS-2-415"},{"arcs":[[-1358,1548,-1542,1549,1550]],"type":"Polygon","properties":{"name":"Irwin","shapeGroup":"AUS","gid":"AUS-2-416"},"id":"AUS-2-416"},{"arcs":[[-1252,-1529,1551,1552,1553,1554]],"type":"Polygon","properties":{"name":"Jerramungup","shapeGroup":"AUS","gid":"AUS-2-417"},"id":"AUS-2-417"},{"arcs":[[1555,1556,1557]],"type":"Polygon","properties":{"name":"Joondalup","shapeGroup":"AUS","gid":"AUS-2-418"},"id":"AUS-2-418"},{"arcs":[[-1257,-1534,-1345,-1289,1558,1559,1560]],"type":"Polygon","properties":{"name":"Kalamunda","shapeGroup":"AUS","gid":"AUS-2-419"},"id":"AUS-2-419"},{"arcs":[[-1153,-1247,-1500,-1393,1561]],"type":"Polygon","properties":{"name":"Kalgoorlie-Boulder","shapeGroup":"AUS","gid":"AUS-2-420"},"id":"AUS-2-420"},{"arcs":[[[1562]],[[1563]],[[-1275,1564]],[[1565]],[[1566]],[[1567]],[[1568]],[[1569]],[[1570]],[[-1277,1571,1572]],[[1573]],[[1574]],[[1575]],[[1576]]],"type":"MultiPolygon","properties":{"name":"Karratha","shapeGroup":"AUS","gid":"AUS-2-421"},"id":"AUS-2-421"},{"arcs":[[-1322,1577,1578,-1492,1579,-1527]],"type":"Polygon","properties":{"name":"Katanning","shapeGroup":"AUS","gid":"AUS-2-422"},"id":"AUS-2-422"},{"arcs":[[-1326,1580,1581,1582,1583,1584,1585]],"type":"Polygon","properties":{"name":"Kellerberrin","shapeGroup":"AUS","gid":"AUS-2-423"},"id":"AUS-2-423"},{"arcs":[[-1491,1586,-1552,-1528,-1580]],"type":"Polygon","properties":{"name":"Kent","shapeGroup":"AUS","gid":"AUS-2-424"},"id":"AUS-2-424"},{"arcs":[[-1306,1587,1588,-1578,-1325,-1411]],"type":"Polygon","properties":{"name":"Kojonup","shapeGroup":"AUS","gid":"AUS-2-425"},"id":"AUS-2-425"},{"arcs":[[-1403,1589,1590,-1498,1591,1592]],"type":"Polygon","properties":{"name":"Kondinin","shapeGroup":"AUS","gid":"AUS-2-426"},"id":"AUS-2-426"},{"arcs":[[-1435,1593,1594,-1486,1595]],"type":"Polygon","properties":{"name":"Koorda","shapeGroup":"AUS","gid":"AUS-2-427"},"id":"AUS-2-427"},{"arcs":[[-1404,-1593,1596,-1489,1597]],"type":"Polygon","properties":{"name":"Kulin","shapeGroup":"AUS","gid":"AUS-2-428"},"id":"AUS-2-428"},{"arcs":[[-1381,1598,1599,1600]],"type":"Polygon","properties":{"name":"Kwinana","shapeGroup":"AUS","gid":"AUS-2-429"},"id":"AUS-2-429"},{"arcs":[[-1490,-1597,-1592,-1497,-1516,1601,-1553,-1587]],"type":"Polygon","properties":{"name":"Lake Grace","shapeGroup":"AUS","gid":"AUS-2-430"},"id":"AUS-2-430"},{"arcs":[[-1054,-1155,1602,1603,1604,1605]],"type":"Polygon","properties":{"name":"Laverton","shapeGroup":"AUS","gid":"AUS-2-431"},"id":"AUS-2-431"},{"arcs":[[-1604,1606,1607,1608]],"type":"Polygon","properties":{"name":"Leonora","shapeGroup":"AUS","gid":"AUS-2-432"},"id":"AUS-2-432"},{"arcs":[[[1609,1610]],[[1611,1612,1613]]],"type":"MultiPolygon","properties":{"name":"Mandurah","shapeGroup":"AUS","gid":"AUS-2-433"},"id":"AUS-2-433"},{"arcs":[[-1308,-1414,1614,-1445,1615,1616,-1310]],"type":"Polygon","properties":{"name":"Manjimup","shapeGroup":"AUS","gid":"AUS-2-434"},"id":"AUS-2-434"},{"arcs":[[-1270,-1511,1617,1618,-1421,1619,1620]],"type":"Polygon","properties":{"name":"Meekatharra","shapeGroup":"AUS","gid":"AUS-2-435"},"id":"AUS-2-435"},{"arcs":[[-1348,-1384,-1522,-1501,1621]],"type":"Polygon","properties":{"name":"Melville","shapeGroup":"AUS","gid":"AUS-2-436"},"id":"AUS-2-436"},{"arcs":[[-1154,-1562,-1392,1622,1623,-1607,-1603]],"type":"Polygon","properties":{"name":"Menzies","shapeGroup":"AUS","gid":"AUS-2-437"},"id":"AUS-2-437"},{"arcs":[[-1327,-1586,1624,1625,1626,1627]],"type":"Polygon","properties":{"name":"Merredin","shapeGroup":"AUS","gid":"AUS-2-438"},"id":"AUS-2-438"},{"arcs":[[-1541,1628,1629,-1550]],"type":"Polygon","properties":{"name":"Mingenew","shapeGroup":"AUS","gid":"AUS-2-439"},"id":"AUS-2-439"},{"arcs":[[-1398,-1437,1630,1631,-1438]],"type":"Polygon","properties":{"name":"Moora","shapeGroup":"AUS","gid":"AUS-2-440"},"id":"AUS-2-440"},{"arcs":[[-1540,1632,1633,1634,-1629]],"type":"Polygon","properties":{"name":"Morawa","shapeGroup":"AUS","gid":"AUS-2-441"},"id":"AUS-2-441"},{"arcs":[[-1408,1635,1636,-1519,1637]],"type":"Polygon","properties":{"name":"Mosman Park","shapeGroup":"AUS","gid":"AUS-2-442"},"id":"AUS-2-442"},{"arcs":[[-1423,1638,1639]],"type":"Polygon","properties":{"name":"Mount Magnet","shapeGroup":"AUS","gid":"AUS-2-443"},"id":"AUS-2-443"},{"arcs":[[-1434,1640,1641,1642,1643,1644,1645,-1594]],"type":"Polygon","properties":{"name":"Mount Marshall","shapeGroup":"AUS","gid":"AUS-2-444"},"id":"AUS-2-444"},{"arcs":[[-1644,1646,1647,1648]],"type":"Polygon","properties":{"name":"Mukinbudin","shapeGroup":"AUS","gid":"AUS-2-445"},"id":"AUS-2-445"},{"arcs":[[-1560,1649,1650,1651,1652]],"type":"Polygon","properties":{"name":"Mundaring","shapeGroup":"AUS","gid":"AUS-2-446"},"id":"AUS-2-446"},{"arcs":[[-1420,1653,-1538,1654,1655,1656,-1620]],"type":"Polygon","properties":{"name":"Murchison","shapeGroup":"AUS","gid":"AUS-2-447"},"id":"AUS-2-447"},{"arcs":[[-1302,1657,1658,-1613,1659,1660,1661]],"type":"Polygon","properties":{"name":"Murray","shapeGroup":"AUS","gid":"AUS-2-448"},"id":"AUS-2-448"},{"arcs":[[-1279,-1338,-1483,-1311,-1617,1662]],"type":"Polygon","properties":{"name":"Nannup","shapeGroup":"AUS","gid":"AUS-2-449"},"id":"AUS-2-449"},{"arcs":[[-1328,-1628,1663,-1590,-1402]],"type":"Polygon","properties":{"name":"Narembeen","shapeGroup":"AUS","gid":"AUS-2-450"},"id":"AUS-2-450"},{"arcs":[[-1418,1664,1665,1666,1667]],"type":"Polygon","properties":{"name":"Narrogin","shapeGroup":"AUS","gid":"AUS-2-451"},"id":"AUS-2-451"},{"arcs":[[-1343,1668,1669,1670,-1379,-1410,1671]],"type":"Polygon","properties":{"name":"Nedlands","shapeGroup":"AUS","gid":"AUS-2-452"},"id":"AUS-2-452"},{"arcs":[[-1055,-1606,1672,-1509,1673]],"type":"Polygon","properties":{"name":"Ngaanyatjarraku","shapeGroup":"AUS","gid":"AUS-2-453"},"id":"AUS-2-453"},{"arcs":[[-1429,1674,-1652,1675,-1530]],"type":"Polygon","properties":{"name":"Northam","shapeGroup":"AUS","gid":"AUS-2-454"},"id":"AUS-2-454"},{"arcs":[[-1369,1676,1677,-1655,-1537]],"type":"Polygon","properties":{"name":"Northampton","shapeGroup":"AUS","gid":"AUS-2-455"},"id":"AUS-2-455"},{"arcs":[[-1585,1678,-1648,1679,-1625]],"type":"Polygon","properties":{"name":"Nungarin","shapeGroup":"AUS","gid":"AUS-2-456"},"id":"AUS-2-456"},{"arcs":[[-1377,1680,-1636,-1407]],"type":"Polygon","properties":{"name":"Peppermint Grove","shapeGroup":"AUS","gid":"AUS-2-457"},"id":"AUS-2-457"},{"arcs":[[-1355,1681,-1634,1682,-1432,-1396]],"type":"Polygon","properties":{"name":"Perenjori","shapeGroup":"AUS","gid":"AUS-2-458"},"id":"AUS-2-458"},{"arcs":[[-1341,1683,1684,-1670,1685]],"type":"Polygon","properties":{"name":"Perth","shapeGroup":"AUS","gid":"AUS-2-459"},"id":"AUS-2-459"},{"arcs":[[-1315,-1406,1686,-1416,1687]],"type":"Polygon","properties":{"name":"Pingelly","shapeGroup":"AUS","gid":"AUS-2-460"},"id":"AUS-2-460"},{"arcs":[[-1250,-1446,-1615,-1413,-1526]],"type":"Polygon","properties":{"name":"Plantagenet","shapeGroup":"AUS","gid":"AUS-2-461"},"id":"AUS-2-461"},{"arcs":[[-1268,-1573,1688,-1504]],"type":"Polygon","properties":{"name":"Port Hedland","shapeGroup":"AUS","gid":"AUS-2-462"},"id":"AUS-2-462"},{"arcs":[[-1294,1689,-1427,1690,-1581,-1330,-1401,-1313]],"type":"Polygon","properties":{"name":"Quairading","shapeGroup":"AUS","gid":"AUS-2-463"},"id":"AUS-2-463"},{"arcs":[[-1515,1691,-1554,-1602]],"type":"Polygon","properties":{"name":"Ravensthorpe","shapeGroup":"AUS","gid":"AUS-2-464"},"id":"AUS-2-464"},{"arcs":[[[1692]],[[-1600,1693,-1660,-1612,1694]]],"type":"MultiPolygon","properties":{"name":"Rockingham","shapeGroup":"AUS","gid":"AUS-2-465"},"id":"AUS-2-465"},{"arcs":[[-1422,-1619,1695,-1608,-1624,-1642,1696,-1639]],"type":"Polygon","properties":{"name":"Sandstone","shapeGroup":"AUS","gid":"AUS-2-466"},"id":"AUS-2-466"},{"arcs":[[-1261,1697,-1661,-1694,-1599]],"type":"Polygon","properties":{"name":"Serpentine-Jarrahdale","shapeGroup":"AUS","gid":"AUS-2-467"},"id":"AUS-2-467"},{"arcs":[[[-1363,1698,-1656,-1678,1699]],[[1700]],[[1701]]],"type":"MultiPolygon","properties":{"name":"Shark Bay","shapeGroup":"AUS","gid":"AUS-2-468"},"id":"AUS-2-468"},{"arcs":[[-1350,1702,1703]],"type":"Polygon","properties":{"name":"South Perth","shapeGroup":"AUS","gid":"AUS-2-469"},"id":"AUS-2-469"},{"arcs":[[-1286,1704,-1339,1705,-1556,1706,1707]],"type":"Polygon","properties":{"name":"Stirling","shapeGroup":"AUS","gid":"AUS-2-470"},"id":"AUS-2-470"},{"arcs":[[-1342,-1686,-1669]],"type":"Polygon","properties":{"name":"Subiaco","shapeGroup":"AUS","gid":"AUS-2-471"},"id":"AUS-2-471"},{"arcs":[[-1281,-1287,-1708,1708,-1372,1709,-1650,-1559,-1288,1710]],"type":"Polygon","properties":{"name":"Swan","shapeGroup":"AUS","gid":"AUS-2-472"},"id":"AUS-2-472"},{"arcs":[[-1426,1711,-1582,-1691]],"type":"Polygon","properties":{"name":"Tammin","shapeGroup":"AUS","gid":"AUS-2-473"},"id":"AUS-2-473"},{"arcs":[[-1359,-1551,-1630,-1635,-1682]],"type":"Polygon","properties":{"name":"Three Springs","shapeGroup":"AUS","gid":"AUS-2-474"},"id":"AUS-2-474"},{"arcs":[[-1371,1712,-1531,-1676,-1651,-1710]],"type":"Polygon","properties":{"name":"Toodyay","shapeGroup":"AUS","gid":"AUS-2-475"},"id":"AUS-2-475"},{"arcs":[[-1584,1713,-1645,-1649,-1679]],"type":"Polygon","properties":{"name":"Trayning","shapeGroup":"AUS","gid":"AUS-2-476"},"id":"AUS-2-476"},{"arcs":[[-1271,-1621,-1657,-1699,-1362]],"type":"Polygon","properties":{"name":"Upper Gascoyne","shapeGroup":"AUS","gid":"AUS-2-477"},"id":"AUS-2-477"},{"arcs":[[-1291,-1351,-1704,1714]],"type":"Polygon","properties":{"name":"Victoria Park","shapeGroup":"AUS","gid":"AUS-2-478"},"id":"AUS-2-478"},{"arcs":[[-1370,-1525,-1439,-1632,1715,-1532,-1713]],"type":"Polygon","properties":{"name":"Victoria Plains","shapeGroup":"AUS","gid":"AUS-2-479"},"id":"AUS-2-479"},{"arcs":[[-1285,1716,-1684,-1340,-1705]],"type":"Polygon","properties":{"name":"Vincent","shapeGroup":"AUS","gid":"AUS-2-480"},"id":"AUS-2-480"},{"arcs":[[-1494,1717,1718,-1666,1719]],"type":"Polygon","properties":{"name":"Wagin","shapeGroup":"AUS","gid":"AUS-2-481"},"id":"AUS-2-481"},{"arcs":[[-1260,-1296,-1316,-1688,-1415,1720,-1297,-1662,-1698]],"type":"Polygon","properties":{"name":"Wandering","shapeGroup":"AUS","gid":"AUS-2-482"},"id":"AUS-2-482"},{"arcs":[[-1373,-1709,-1707,-1558,1721,-1523]],"type":"Polygon","properties":{"name":"Wanneroo","shapeGroup":"AUS","gid":"AUS-2-483"},"id":"AUS-2-483"},{"arcs":[[-1301,-1548,1722,-1610,1723,-1658]],"type":"Polygon","properties":{"name":"Waroona","shapeGroup":"AUS","gid":"AUS-2-484"},"id":"AUS-2-484"},{"arcs":[[-1305,-1388,1724,-1667,-1719,1725,-1588]],"type":"Polygon","properties":{"name":"West Arthur","shapeGroup":"AUS","gid":"AUS-2-485"},"id":"AUS-2-485"},{"arcs":[[-1626,-1680,-1647,1726]],"type":"Polygon","properties":{"name":"Westonia","shapeGroup":"AUS","gid":"AUS-2-486"},"id":"AUS-2-486"},{"arcs":[[-1405,-1598,-1488,-1720,-1665,-1417,-1687]],"type":"Polygon","properties":{"name":"Wickepin","shapeGroup":"AUS","gid":"AUS-2-487"},"id":"AUS-2-487"},{"arcs":[[-1298,-1721,-1419,-1668,-1725,-1387]],"type":"Polygon","properties":{"name":"Williams","shapeGroup":"AUS","gid":"AUS-2-488"},"id":"AUS-2-488"},{"arcs":[[-1510,-1673,-1605,-1609,-1696,-1618]],"type":"Polygon","properties":{"name":"Wiluna","shapeGroup":"AUS","gid":"AUS-2-489"},"id":"AUS-2-489"},{"arcs":[[-1436,-1596,-1485,-1533,-1716,-1631]],"type":"Polygon","properties":{"name":"Wongan-Ballidu","shapeGroup":"AUS","gid":"AUS-2-490"},"id":"AUS-2-490"},{"arcs":[[-1493,-1579,-1589,-1726,-1718]],"type":"Polygon","properties":{"name":"Woodanilling","shapeGroup":"AUS","gid":"AUS-2-491"},"id":"AUS-2-491"},{"arcs":[[-1425,-1487,-1595,-1646,-1714,-1583,-1712]],"type":"Polygon","properties":{"name":"Wyalkatchem","shapeGroup":"AUS","gid":"AUS-2-492"},"id":"AUS-2-492"},{"arcs":[[[1727]],[[1728]],[[1729]],[[-1468,1730]],[[1731]],[[1732]],[[1733]],[[1734]],[[1735]],[[1736]],[[1737]],[[1738]],[[1739]],[[1740]],[[1741]],[[1742]],[[1743]],[[1744]],[[1745]],[[1746]],[[1747]],[[1748]],[[1749]],[[1750]],[[1751]],[[1752]],[[1753]],[[1754]],[[1755]],[[1756]],[[1757]],[[1758]],[[1759]],[[1760]],[[1761]],[[1762]],[[1763]],[[1764]],[[1765]],[[1766]],[[1767]],[[1768]],[[1769]],[[1770]],[[-1470,1771,1772,-1544]],[[1773]]],"type":"MultiPolygon","properties":{"name":"Wyndham-East Kimberley","shapeGroup":"AUS","gid":"AUS-2-493"},"id":"AUS-2-493"},{"arcs":[[-1424,-1640,-1697,-1641,-1433,-1683,-1633,-1539,-1654]],"type":"Polygon","properties":{"name":"Yalgoo","shapeGroup":"AUS","gid":"AUS-2-494"},"id":"AUS-2-494"},{"arcs":[[-1395,-1499,-1591,-1664,-1627,-1727,-1643,-1623]],"type":"Polygon","properties":{"name":"Yilgarn","shapeGroup":"AUS","gid":"AUS-2-495"},"id":"AUS-2-495"},{"arcs":[[-1258,-1561,-1653,-1675,-1428,-1690,-1293]],"type":"Polygon","properties":{"name":"York","shapeGroup":"AUS","gid":"AUS-2-496"},"id":"AUS-2-496"},{"arcs":[[1774,1775,1776,1777,1778]],"type":"Polygon","properties":{"name":"Break O'Day","shapeGroup":"AUS","gid":"AUS-2-497"},"id":"AUS-2-497"},{"arcs":[[1779,1780,1781,1782]],"type":"Polygon","properties":{"name":"Brighton","shapeGroup":"AUS","gid":"AUS-2-498"},"id":"AUS-2-498"},{"arcs":[[1783,1784,1785]],"type":"Polygon","properties":{"name":"Burnie","shapeGroup":"AUS","gid":"AUS-2-499"},"id":"AUS-2-499"},{"arcs":[[[1786,1787]],[[-1785,1788,1789,1790,1791]]],"type":"MultiPolygon","properties":{"name":"Central Coast (Tas.)","shapeGroup":"AUS","gid":"AUS-2-500"},"id":"AUS-2-500"},{"arcs":[[1792,1793,1794,1795,1796]],"type":"Polygon","properties":{"name":"Central Highlands (Tas.)","shapeGroup":"AUS","gid":"AUS-2-501"},"id":"AUS-2-501"},{"arcs":[[[1797]],[[1798]],[[1799]],[[1800,1801]],[[1802]],[[1803]]],"type":"MultiPolygon","properties":{"name":"Circular Head","shapeGroup":"AUS","gid":"AUS-2-502"},"id":"AUS-2-502"},{"arcs":[[-1780,1804,1805,1806]],"type":"Polygon","properties":{"name":"Clarence","shapeGroup":"AUS","gid":"AUS-2-503"},"id":"AUS-2-503"},{"arcs":[[-1782,1807,1808,1809,1810,-1795,1811]],"type":"Polygon","properties":{"name":"Derwent Valley","shapeGroup":"AUS","gid":"AUS-2-504"},"id":"AUS-2-504"},{"arcs":[[[-1787,1812,1813,1814,-1790,1815]],[[1816,1817]]],"type":"MultiPolygon","properties":{"name":"Devonport","shapeGroup":"AUS","gid":"AUS-2-505"},"id":"AUS-2-505"},{"arcs":[[-1779,1818,1819,1820]],"type":"Polygon","properties":{"name":"Dorset","shapeGroup":"AUS","gid":"AUS-2-506"},"id":"AUS-2-506"},{"arcs":[[[1821]],[[1822]],[[1823]],[[1824]],[[1825]],[[1826]],[[1827]],[[1828]],[[1829]],[[1830]],[[1831]],[[1832]]],"type":"MultiPolygon","properties":{"name":"Flinders (Tas.)","shapeGroup":"AUS","gid":"AUS-2-507"},"id":"AUS-2-507"},{"arcs":[[-1820,1833,1834]],"type":"Polygon","properties":{"name":"George Town","shapeGroup":"AUS","gid":"AUS-2-508"},"id":"AUS-2-508"},{"arcs":[[[1835]],[[1836]],[[-1776,1837,1838,1839,1840]]],"type":"MultiPolygon","properties":{"name":"Glamorgan-Spring Bay","shapeGroup":"AUS","gid":"AUS-2-509"},"id":"AUS-2-509"},{"arcs":[[-1809,1841,1842,1843]],"type":"Polygon","properties":{"name":"Glenorchy","shapeGroup":"AUS","gid":"AUS-2-510"},"id":"AUS-2-510"},{"arcs":[[-1843,1844,1845]],"type":"Polygon","properties":{"name":"Hobart","shapeGroup":"AUS","gid":"AUS-2-511"},"id":"AUS-2-511"},{"arcs":[[[1846]],[[-1810,1847,1848,1849]]],"type":"MultiPolygon","properties":{"name":"Huon Valley","shapeGroup":"AUS","gid":"AUS-2-512"},"id":"AUS-2-512"},{"arcs":[[-1791,-1815,1850,1851,1852,1853]],"type":"Polygon","properties":{"name":"Kentish","shapeGroup":"AUS","gid":"AUS-2-513"},"id":"AUS-2-513"},{"arcs":[[1854]],"type":"Polygon","properties":{"name":"King Island","shapeGroup":"AUS","gid":"AUS-2-514"},"id":"AUS-2-514"},{"arcs":[[[1855]],[[-1844,-1846,1856,-1848]]],"type":"MultiPolygon","properties":{"name":"Kingborough","shapeGroup":"AUS","gid":"AUS-2-515"},"id":"AUS-2-515"},{"arcs":[[-1814,1857,-1817,1858,1859,1860,-1851]],"type":"Polygon","properties":{"name":"Latrobe (Tas.)","shapeGroup":"AUS","gid":"AUS-2-516"},"id":"AUS-2-516"},{"arcs":[[-1778,1861,1862,1863,1864,-1834,-1819]],"type":"Polygon","properties":{"name":"Launceston","shapeGroup":"AUS","gid":"AUS-2-517"},"id":"AUS-2-517"},{"arcs":[[-1797,1865,-1852,-1861,1866,-1863,1867]],"type":"Polygon","properties":{"name":"Meander Valley","shapeGroup":"AUS","gid":"AUS-2-518"},"id":"AUS-2-518"},{"arcs":[[-1777,-1841,1868,-1793,-1868,-1862]],"type":"Polygon","properties":{"name":"Northern Midlands","shapeGroup":"AUS","gid":"AUS-2-519"},"id":"AUS-2-519"},{"arcs":[[-1806,1869,-1839,1870]],"type":"Polygon","properties":{"name":"Sorell","shapeGroup":"AUS","gid":"AUS-2-520"},"id":"AUS-2-520"},{"arcs":[[-1783,-1812,-1794,-1869,-1840,-1870,-1805]],"type":"Polygon","properties":{"name":"Southern Midlands","shapeGroup":"AUS","gid":"AUS-2-521"},"id":"AUS-2-521"},{"arcs":[[1871]],"type":"Polygon","properties":{"name":"Tasman","shapeGroup":"AUS","gid":"AUS-2-522"},"id":"AUS-2-522"},{"arcs":[[-1786,-1792,-1854,1872,1873,-1801,1874]],"type":"Polygon","properties":{"name":"Waratah-Wynyard","shapeGroup":"AUS","gid":"AUS-2-523"},"id":"AUS-2-523"},{"arcs":[[-1796,-1811,-1850,1875,-1873,-1853,-1866]],"type":"Polygon","properties":{"name":"West Coast","shapeGroup":"AUS","gid":"AUS-2-524"},"id":"AUS-2-524"},{"arcs":[[-1860,1876,-1864,-1867]],"type":"Polygon","properties":{"name":"West Tamar","shapeGroup":"AUS","gid":"AUS-2-525"},"id":"AUS-2-525"},{"arcs":[[1877]],"type":"Polygon","properties":{"name":"Alice Springs","shapeGroup":"AUS","gid":"AUS-2-526"},"id":"AUS-2-526"},{"arcs":[[-696,1878,1879,1880,-731,-942]],"type":"Polygon","properties":{"name":"Barkly","shapeGroup":"AUS","gid":"AUS-2-527"},"id":"AUS-2-527"},{"arcs":[[1881]],"type":"Polygon","properties":{"name":"Belyuen","shapeGroup":"AUS","gid":"AUS-2-528"},"id":"AUS-2-528"},{"arcs":[[-701,-829,1882,-1507,-1546,1883,-1879]],"type":"Polygon","properties":{"name":"Central Desert","shapeGroup":"AUS","gid":"AUS-2-529"},"id":"AUS-2-529"},{"arcs":[[1884,1885,1886,1887]],"type":"Polygon","properties":{"name":"Coomalie","shapeGroup":"AUS","gid":"AUS-2-530"},"id":"AUS-2-530"},{"arcs":[[1888,1889,1890,1891,1892]],"type":"Polygon","properties":{"name":"Darwin","shapeGroup":"AUS","gid":"AUS-2-531"},"id":"AUS-2-531"},{"arcs":[[-1892,1893]],"type":"Polygon","properties":{"name":"Darwin Waterfront Precinct","shapeGroup":"AUS","gid":"AUS-2-532"},"id":"AUS-2-532"},{"arcs":[[[1894]],[[1895]],[[1896]],[[1897]],[[1898]],[[1899]],[[1900]],[[1901]],[[1902]],[[1903]],[[1904]],[[1905]],[[1906]],[[1907]],[[1908]],[[1909]],[[1910]],[[1911]],[[1912]],[[1913]],[[1914]],[[1915]],[[1916]],[[1917]],[[1918,1919,1920],[1932]],[[1921]],[[1922]],[[1923]],[[1924]],[[1925]],[[1926]],[[1927]],[[1928]],[[1929]],[[1930]],[[1931]]],"type":"MultiPolygon","properties":{"name":"East Arnhem","shapeGroup":"AUS","gid":"AUS-2-533"},"id":"AUS-2-533"},{"arcs":[[1933,1934]],"type":"Polygon","properties":{"name":"Katherine","shapeGroup":"AUS","gid":"AUS-2-534"},"id":"AUS-2-534"},{"arcs":[[-1888,1935,1936,1937,1938,-1889,1939,1940]],"type":"Polygon","properties":{"name":"Litchfield","shapeGroup":"AUS","gid":"AUS-2-535"},"id":"AUS-2-535"},{"arcs":[[-828,-1248,-1051,-1674,-1508,-1883],[-1878],[1941]],"type":"Polygon","properties":{"name":"MacDonnell","shapeGroup":"AUS","gid":"AUS-2-536"},"id":"AUS-2-536"},{"arcs":[[-1938,1942,1943]],"type":"Polygon","properties":{"name":"Palmerston","shapeGroup":"AUS","gid":"AUS-2-537"},"id":"AUS-2-537"},{"arcs":[[[1944]],[[1945]],[[1946]],[[1947]],[[1948]],[[1949]],[[1950]],[[1951]],[[1952]],[[-724,-1881,1953,-1934,1954,1955,-1919,1956]],[[1957]]],"type":"MultiPolygon","properties":{"name":"Roper Gulf","shapeGroup":"AUS","gid":"AUS-2-538"},"id":"AUS-2-538"},{"arcs":[[[1958]],[[1959]]],"type":"MultiPolygon","properties":{"name":"Tiwi Islands","shapeGroup":"AUS","gid":"AUS-2-539"},"id":"AUS-2-539"},{"arcs":[[-1545,-1773,1960,1961,1962,-1886,1963,1964,-1955,-1935,-1954,-1880,-1884]],"type":"Polygon","properties":{"name":"Victoria Daly","shapeGroup":"AUS","gid":"AUS-2-540"},"id":"AUS-2-540"},{"arcs":[[1965,1966]],"type":"Polygon","properties":{"name":"Wagait","shapeGroup":"AUS","gid":"AUS-2-541"},"id":"AUS-2-541"},{"arcs":[[[1967]],[[1968]],[[1969]],[[1970]],[[1971]],[[1972]],[[1973]],[[1974]],[[1975]],[[-1920,-1956,-1965,1976,1977]],[[1978]],[[1979]],[[1980]]],"type":"MultiPolygon","properties":{"name":"West Arnhem","shapeGroup":"AUS","gid":"AUS-2-542"},"id":"AUS-2-542"},{"arcs":[[[1981]],[[-1962,1982,1983]]],"type":"MultiPolygon","properties":{"name":"West Daly","shapeGroup":"AUS","gid":"AUS-2-543"},"id":"AUS-2-543"},{"arcs":[[[-1887,-1963,-1984,1984,-1967,1985,-1936],[-1882]],[[1986]],[[-1942]],[[1987]],[[1988]],[[1989]],[[1990]],[[-1890,-1939,-1944,1991]],[[1992]],[[1993]],[[1994]],[[-1885,-1941,1995,-1977,-1964]],[[-1933]],[[1996]],[[1997]]],"type":"MultiPolygon","properties":{"name":"Unincorporated NT","shapeGroup":"AUS","gid":"AUS-2-544"},"id":"AUS-2-544"},{"arcs":[[-345,-367,-369,-406]],"type":"Polygon","properties":{"name":"Unincorporated ACT","shapeGroup":"AUS","gid":"AUS-2-545"},"id":"AUS-2-545"},{"arcs":[[[-362,1998]],[[1999]]],"type":"MultiPolygon","properties":{"name":"Unincorp. Other Territories","shapeGroup":"AUS","gid":"AUS-2-546"},"id":"AUS-2-546"}]}}}