{"type":"Topology","arcs":[[[23494,35629],[-84,-45],[-34,-50],[-91,20],[-45,-27],[-33,4],[-16,-48],[30,-31],[-15,-60],[-155,14],[-61,-3],[-76,-27],[38,-43],[-83,-4],[-46,50],[-35,-58],[-12,-76],[-63,-50],[-16,23],[-50,-15],[-65,12],[-34,73],[-39,-7]],[[22509,35281],[-95,72],[0,97],[20,50],[80,-19],[0,27]],[[22514,35508],[36,75],[53,6],[82,33],[111,91],[64,-2],[27,28],[66,19],[2,28]],[[22955,35786],[25,-6],[40,38],[61,27],[92,11],[97,-78],[160,-117],[64,-32]],[[22955,35786],[-64,3],[-75,96],[-21,10]],[[22795,35895],[-13,29],[-83,64],[-120,61],[-22,38],[20,33],[156,50],[6,28],[96,36],[8,73]],[[22843,36307],[43,20],[25,-18],[49,14],[25,-31],[62,2],[40,-25],[38,13],[35,-24],[215,-59],[32,-18],[50,25]],[[23457,36206],[75,-89],[19,-71]],[[23551,36046],[-33,-50],[-57,-48],[30,-52],[-5,-34],[37,-20],[70,29],[-58,-150],[54,-2],[63,-50],[-37,-36],[-4,-90]],[[23611,35543],[-53,30],[-64,56]],[[21867,35809],[2,-68],[38,-65],[79,-29],[36,-30],[49,-9],[15,-33]],[[22086,35575],[37,-58],[11,-51],[-80,-35],[-10,-23],[-101,-48]],[[21943,35360],[-51,15],[-27,-72],[-72,-32],[3,-26]],[[21796,35245],[-43,-3],[-24,33],[-70,-18],[-41,15]],[[21618,35272],[-39,108],[-14,71],[30,81],[-17,85],[-52,45]],[[21526,35662],[10,57]],[[21536,35719],[93,27],[105,82],[34,5],[55,-42],[44,18]],[[20896,34509],[1,-51],[81,-26],[20,-30]],[[20998,34402],[41,-56],[-22,-61],[4,-55],[28,-48],[-6,-48],[38,-68],[13,-49]],[[21094,34017],[-23,-116],[-31,-11],[-6,-54],[14,-59],[-13,-137],[-16,-81]],[[21019,33559],[-45,2]],[[20974,33561],[6,56],[-43,94],[-10,66],[-55,67],[-69,-27]],[[20803,33817],[-10,31],[32,69],[-36,82],[18,71],[-21,65],[-3,94],[-47,75],[7,66],[45,41],[35,4]],[[20823,34415],[40,29],[4,59],[29,6]],[[22116,35039],[42,-58],[48,-8],[48,-77],[37,-2],[51,-64]],[[22342,34830],[-57,-8],[-31,26],[-60,-7],[-35,29],[-49,-7],[-14,-27],[-55,-23],[-45,-56],[0,-79]],[[21996,34678],[-60,75],[-14,88],[-39,53],[13,36],[-34,44]],[[21862,34974],[128,57],[9,27],[51,6]],[[22050,35064],[66,-25]],[[25095,39452],[15,-35],[62,-11],[53,-65],[-82,-93],[-16,-34],[-87,-93],[0,-35],[-45,-10],[-37,-45],[-16,-81],[47,-103],[0,-91]],[[24989,38756],[-781,-335],[-75,-37],[-61,5],[-22,-143],[-53,-105],[-43,-29],[-59,-16],[-142,193],[-29,24],[-280,-2]],[[23444,38311],[-35,19],[18,86],[-63,112],[3,27],[-67,77],[-83,10],[-22,63],[3,42]],[[23198,38747],[735,165],[311,249]],[[24244,39161],[55,32],[38,68],[65,41]],[[24402,39302],[8,-47],[37,-10],[102,-89],[81,-137],[86,15],[6,43],[51,16],[14,38],[67,9],[52,72],[-10,48],[14,80],[-35,9],[33,61],[111,19],[29,47],[47,-24]],[[23440,34240],[693,-227]],[[24133,34013],[-39,-104],[16,-66],[-21,-74],[-40,-61]],[[24049,33708],[-53,36],[-46,-23],[-67,-1],[-45,-95],[6,-69],[-47,-81]],[[23797,33475],[-89,1],[-24,-34],[-112,30],[-20,36],[-61,13],[-41,85],[-81,30],[-52,-4]],[[23317,33632],[-104,38],[-73,-19],[-142,-73],[-84,46],[-24,-14],[-133,9],[-37,20],[-75,-7],[-57,20],[-14,25],[-116,6],[-28,-45],[-81,-26],[-170,-28],[-92,1],[113,-91],[41,29],[47,-16],[-179,-110]],[[22109,33397],[-16,21],[-63,15],[-14,-122],[10,-40],[-40,-119],[66,-61],[-5,-193],[-73,-74],[-26,-51],[1,-52]],[[21949,32721],[-46,-3],[-69,-53]],[[21834,32665],[5,146],[-54,102],[-7,67],[-44,116],[19,54],[-86,-5],[-37,32],[-25,54],[51,43],[2,51],[-44,72],[-87,17],[-21,44],[-37,6]],[[21469,33464],[2,107],[44,58],[52,7],[47,33],[205,84],[29,42],[20,85],[69,95],[61,22]],[[21998,33997],[14,-145],[58,14],[32,43],[18,65],[78,44],[-2,39],[88,-17],[62,21]],[[22346,34061],[0,-40],[71,13],[35,58],[85,5],[27,32],[93,-4],[64,91]],[[22721,34216],[65,-49],[-3,-56],[49,-69],[-23,-45],[23,-28],[3,-70],[-31,-42],[-2,-59],[-40,-76],[-31,-28],[-5,-44],[38,-8],[51,35],[68,-1],[91,25],[36,34],[93,42],[33,61],[16,89],[47,32],[75,-48],[34,61],[61,30],[-10,56],[53,30],[-21,51],[30,85],[19,16]],[[20698,36180],[-93,22],[-52,-25],[-136,-34],[-15,-37],[-108,-74],[8,-65],[-40,-4],[-4,-61]],[[20258,35902],[-21,-81],[-44,19],[-7,66],[-64,-36]],[[20122,35870],[4,91],[-23,30],[-3,78],[14,35],[5,110],[49,9],[16,79]],[[20184,36302],[64,15],[47,-8],[49,25],[-37,104],[19,82],[44,43],[76,21],[23,47]],[[20469,36631],[78,-97],[-6,-68],[34,-42],[37,-11],[6,-63],[64,-45],[29,-69],[-13,-56]],[[20733,33687],[-7,-17]],[[20726,33670],[-66,-112],[9,-56],[-12,-147],[17,-79],[-33,-43],[-32,-100]],[[20609,33133],[-14,-59],[-31,-26],[-29,-72],[-55,-12]],[[20480,32964],[-54,55]],[[20426,33019],[-41,85],[-61,15],[27,65],[2,54],[-21,34],[-59,-5],[-38,55],[-69,-1]],[[20166,33321],[23,30],[1,58],[98,41],[92,83],[-3,60],[108,76],[7,36],[80,25],[38,75],[36,11]],[[20646,33816],[48,-9],[30,-50],[9,-70]],[[22347,39058],[1,-53],[-28,-56],[-50,-52],[-15,-80],[6,-45],[-65,-67],[-21,23],[-124,-24],[-52,-38],[-21,22],[-52,-3],[-24,-53]],[[21902,38632],[-31,94],[20,49],[47,44],[17,81],[-17,43],[25,69],[-28,51],[18,44],[-27,22],[49,38],[-42,19],[6,78],[-51,9],[-17,49],[-59,-5],[4,-67],[-27,-19],[-8,-56],[-54,-28],[-90,5],[-71,-50],[-31,20],[-74,-28],[-32,15],[-31,-33],[-56,-5],[-62,31],[-55,56],[-37,1],[-27,-44]],[[21161,39115],[-13,23],[-74,-31],[-96,32],[54,89],[-2,61],[34,58],[-16,81],[20,88],[-54,30],[-35,78],[-15,115],[-76,60],[-25,47]],[[20863,39846],[24,43],[81,76],[47,-3],[-4,63],[25,86],[57,78],[-13,75],[14,31],[47,9],[70,-22],[48,57]],[[21259,40339],[126,24],[21,-99],[-23,-34],[2,-65],[32,-49],[-1,-121],[48,3],[24,39],[52,0],[79,-26],[20,-59],[26,-11],[0,-116],[64,-91],[39,-28],[12,-41],[197,-7],[55,-58],[-6,-128],[32,-74],[86,-40],[27,7],[25,-72],[1,-111],[52,-12],[38,-60],[5,-48],[55,-4]],[[20272,34087],[53,-24]],[[20325,34063],[-24,-64],[-57,-111],[-97,-42],[-30,41]],[[20117,33887],[-87,-9],[-54,86],[-80,69],[11,77],[-7,66]],[[19900,34176],[24,37],[43,4],[32,63]],[[19999,34280],[70,-29],[24,-41],[68,-37],[13,-29],[61,-23],[37,-34]],[[20368,34720],[28,-17],[17,-66],[-62,-48],[-50,-101]],[[20301,34488],[-65,-12],[-35,27],[-56,-23],[-60,44],[-35,-6]],[[20050,34518],[-37,84],[-41,34],[30,188]],[[20002,34824],[86,1],[30,17],[58,-4],[32,54],[95,52]],[[20303,34944],[14,-112],[39,-37],[12,-75]],[[19628,37793],[-35,-37],[-29,-90],[-50,-31],[-40,1],[-112,-49],[-40,-38],[-57,-4],[-82,-28],[-23,-38],[30,-89],[-28,-27],[-66,-4]],[[19096,37359],[-46,-9],[-59,-76],[-48,2],[-46,37],[-51,2],[-1,38],[-90,-6],[-84,98],[5,31],[46,41],[22,73]],[[18744,37590],[-50,66],[18,78],[107,-16],[108,3],[53,62],[87,-35],[28,-24],[51,-3],[114,-65],[43,22],[38,-8],[112,79],[56,111],[60,2]],[[19569,37862],[12,-46],[47,-23]],[[21902,38632],[-19,-8]],[[21883,38624],[-22,40],[-49,10],[-70,-134],[-41,-9],[-65,-42],[-7,-38],[-38,-18],[-10,-52],[-42,-98],[-43,-50],[-29,-81],[-65,-10],[-58,-32],[0,-54],[-37,-30]],[[21307,38026],[-68,39],[-11,134],[-23,28],[22,95],[34,19],[36,102],[24,22],[-7,77],[16,47],[79,72],[-10,38]],[[21399,38699],[-89,83],[-46,55],[-13,45],[-59,-25],[-56,-5],[-25,45],[29,58],[17,73],[4,87]],[[20726,33670],[67,-34],[20,-54],[-22,-38],[17,-53],[-22,-35],[5,-51],[28,-30],[52,39]],[[20871,33414],[82,-36],[-49,-88],[24,-63],[9,-68]],[[20937,33159],[-52,-7],[-76,-71],[-30,1],[-87,-39],[-55,31],[-28,59]],[[24342,37123],[-117,22],[-82,27],[-49,-58],[-78,55],[-94,-49],[-117,48],[-82,-21],[4,-20],[-69,-55],[-38,3],[-84,-31],[-58,-84],[-52,-19],[-127,8],[-25,23],[-49,1]],[[23225,36973],[-45,45]],[[23180,37018],[-3,54],[53,40],[12,52],[-20,32],[33,78],[55,36],[29,44],[-1,54],[-34,43],[48,36],[-24,47],[-5,114],[79,26],[7,48],[52,109]],[[23461,37831],[-21,-118],[97,-217],[-21,-22],[1,-57],[299,74],[66,32],[54,8],[13,45],[116,8],[59,-17],[32,39],[133,-41],[20,-45],[-18,-36],[75,-84],[-29,-105],[-37,-58],[42,-114]],[[19999,34280],[24,62]],[[20023,34342],[50,84],[5,61],[-28,31]],[[20301,34488],[96,18],[94,-81],[39,-1]],[[20530,34424],[52,-43],[-68,-57],[7,-45],[-97,-25],[-48,26],[-101,-59],[-11,-53],[37,-18],[-29,-63]],[[24342,37123],[-4,-257]],[[24338,36866],[-84,-4],[-71,-66],[-38,33],[-48,-13],[-105,-72],[-66,74],[-19,-42],[-67,-35],[-49,-2],[1,-39],[-168,8],[-39,-56],[-57,-6],[-57,33],[-106,-32],[-134,-3],[-25,65],[-71,10],[-35,48],[-18,105],[85,30],[58,71]],[[21883,38624],[-53,-49]],[[21830,38575],[-6,-65],[-31,-37],[-13,-52],[11,-79],[-12,-60],[23,-54],[-18,-26],[8,-55],[-18,-34],[50,-37],[30,-76],[-4,-74],[-18,-54],[-52,-46],[-72,-3],[-29,-117],[13,-30],[74,-2]],[[21766,37674],[-23,-50],[-42,2],[-68,-100],[-54,-3],[-50,19],[-51,-55],[-50,4],[-28,-40],[-16,-63],[-33,8],[-47,-38],[11,-34],[-16,-57],[-57,-49],[-3,-36],[26,-74],[-20,-15]],[[21245,37093],[-212,211],[-76,59],[-6,135]],[[20951,37498],[3,26],[-41,79],[-4,32],[-48,50],[-1,91],[-103,116],[-55,11],[-34,50]],[[20668,37953],[89,25],[109,101],[22,-24],[2,-64],[37,-61],[42,9],[41,-23],[-6,-34],[82,-55],[56,37],[33,-1],[51,123],[-16,33],[97,7]],[[22843,36307],[-50,-5]],[[22793,36302],[-36,56],[-80,92],[-83,3],[-4,-45],[-100,-13],[-45,-61]],[[22445,36334],[-45,-21],[-75,30],[-121,17]],[[22204,36360],[34,65]],[[22238,36425],[53,35],[68,2],[-3,56],[30,48],[-9,78],[37,43],[79,19],[-21,42],[24,106],[50,50],[-72,77],[46,79],[16,65]],[[22536,37125],[46,6],[61,-40],[62,-3],[13,-25],[92,-47],[-25,98],[-40,58],[25,39],[16,71],[33,19],[49,-66],[47,-11],[54,-62],[69,-43],[29,-46],[40,-13],[22,-40],[51,-2]],[[24338,36866],[86,38],[122,-42],[75,-15]],[[24621,36847],[-88,-108],[-131,-99]],[[24402,36640],[-102,43],[-111,9],[-2,-53],[-29,-49],[-67,-1],[-120,-73],[-50,38],[-96,-53],[-13,22],[-442,-244],[39,-5],[48,-68]],[[23198,38747],[-15,39],[21,43]],[[23204,38829],[28,19],[-2,70],[33,31],[9,69],[-48,55],[48,65],[11,39],[-49,122],[-24,38],[-50,-89],[-95,-11],[-43,-42],[-62,-28],[-30,20]],[[22930,39187],[-5,79],[-54,24],[-64,217],[-76,-46],[-29,6],[-231,212],[57,-11],[39,-67],[64,-9],[65,73],[-11,64],[46,14],[36,51],[74,22]],[[22841,39816],[56,-9],[77,89],[27,58],[81,-9],[117,100],[8,53],[77,54],[68,33],[63,-30],[31,-45],[37,38],[86,19],[55,38],[-4,56],[29,41]],[[23649,40302],[70,1],[12,-39],[-37,-51],[20,-70],[-24,-47],[0,-50],[-56,-95],[-61,-26],[-30,-35],[-12,-80],[39,-32],[5,-34],[96,-96],[-22,-62],[11,-62],[64,-19],[29,-112],[31,10],[77,-67],[104,-12],[50,9],[25,-62],[80,-11],[47,-98],[77,-1]],[[23735,51156],[-37,-1],[-96,-57],[-103,-48]],[[23499,51050],[-46,26],[-34,58],[-65,1],[-79,38],[-88,-18]],[[23187,51155],[4,33],[62,26],[-21,30],[39,38],[40,-12],[28,29],[-32,47],[58,46],[84,-10],[48,88],[-127,-47],[-30,23],[-1,56]],[[23339,51502],[92,34],[-23,132],[6,27]],[[23414,51695],[23,-117],[57,-78],[87,-51],[100,-85],[34,-44],[25,-82],[-5,-82]],[[23097,50863],[69,-7],[42,-39],[24,15],[114,13]],[[23346,50845],[17,-55],[-43,-80]],[[23320,50710],[-46,-158],[-11,-68],[32,-62],[38,-7]],[[23333,50415],[-101,-36],[-18,-34],[-75,22]],[[23139,50367],[-10,110],[32,35],[-16,41],[-51,48],[-133,32]],[[22961,50633],[-32,84]],[[22929,50717],[88,18],[8,47],[53,43],[19,38]],[[23191,49110],[-47,8],[40,65],[-45,-2],[-26,59],[-76,21]],[[23037,49261],[29,7],[45,87],[55,-22],[27,26]],[[23193,49359],[216,50],[24,99],[26,21],[62,106]],[[23521,49635],[47,-38]],[[23568,49597],[-19,-108]],[[23549,49489],[-10,-65],[-41,-69],[-38,-7],[-73,-63],[-13,-80]],[[23374,49205],[8,-47],[-25,-41]],[[23357,49117],[-69,37],[-51,6],[-46,-50]],[[23193,49359],[-3,54],[-43,56],[3,73],[41,-15],[3,95],[21,100],[-42,48]],[[23173,49770],[17,46],[88,-5],[92,66],[28,-4]],[[23398,49873],[71,-59],[-15,-40],[31,-63],[44,-53],[-8,-23]],[[23499,51050],[-32,-45],[-9,-51]],[[23458,50954],[-21,-61],[-75,-22],[-16,-26]],[[23097,50863],[51,63],[24,219],[15,10]],[[22961,50633],[-48,-20],[-14,-29],[-58,1],[-62,-18]],[[22779,50567],[-63,-10],[-69,16],[-45,44],[-88,16],[-29,60],[-75,12],[-29,-19],[-92,-14],[-116,9]],[[22173,50681],[30,45],[52,3],[41,37],[59,1],[42,19],[23,52],[45,39],[91,13],[11,21],[93,45]],[[22660,50956],[47,-1],[113,-104],[57,-9],[5,-59],[42,-19],[5,-47]],[[22694,50277],[27,-66],[-25,-65],[31,-76],[-22,-95]],[[22705,49975],[-79,42],[-42,-49],[-70,36],[-26,-12],[-30,-66],[-39,-12],[-66,14],[-26,-36],[-185,-34]],[[22142,49858],[-38,32],[34,60],[-9,105],[20,40],[-17,46],[-45,34],[0,117],[-18,22]],[[22069,50314],[77,17],[54,-89],[46,37],[88,17],[48,-17],[144,22],[50,-19],[118,-5]],[[23458,50954],[85,-30],[28,31],[31,-28],[54,-10],[37,52],[95,-20],[13,-27]],[[23801,50922],[-9,-140]],[[23792,50782],[-42,0],[-6,-39],[-45,8],[-135,-44]],[[23564,50707],[-244,3]],[[23037,49261],[-31,38],[-74,1],[-136,-87]],[[22796,49213],[-66,44],[-73,92]],[[22657,49349],[55,30],[42,161],[31,49],[48,14],[-15,121]],[[22818,49724],[97,-13],[64,22],[66,69],[128,-32]],[[23836,50495],[6,-73]],[[23842,50422],[8,-205],[-78,-53]],[[23772,50164],[-109,1],[-58,28],[-54,-9],[-27,35],[-56,13],[-6,50]],[[23462,50282],[47,54],[78,12],[40,91],[37,-1],[60,32],[112,25]],[[22779,50567],[-27,-42],[51,-7],[6,-96],[-41,-31],[-13,-57]],[[22755,50334],[-58,-22],[-3,-35]],[[22069,50314],[9,71],[-17,21],[31,82],[42,42],[28,59],[-36,20],[20,43]],[[22146,50652],[27,29]],[[23564,50707],[-14,-116]],[[23550,50591],[-26,-7],[-68,-170],[-34,-58]],[[23422,50356],[-27,-2],[-62,61]],[[23398,49873],[53,122],[-118,420]],[[23422,50356],[40,-74]],[[23772,50164],[23,-56],[49,-48],[-3,-64]],[[23841,49996],[-41,-65],[8,-94],[-10,-40],[-96,-48],[-46,-38],[-88,-114]],[[23187,51155],[-43,25],[40,66],[-94,12],[-38,17],[-87,8]],[[22965,51283],[94,35],[12,47],[34,37],[71,35],[2,56],[93,-8],[68,17]],[[22705,49975],[51,-37],[32,-49],[30,-113],[0,-52]],[[22657,49349],[-51,4]],[[22606,49353],[-136,-45]],[[22470,49308],[-10,32],[-70,55],[-19,67],[-61,42]],[[22310,49504],[-48,42],[-147,39],[-27,84]],[[22088,49669],[1,51],[53,138]],[[23792,50782],[15,-116],[38,-96]],[[23845,50570],[-179,18],[-13,20],[-77,-29],[-26,12]],[[22755,50334],[45,39],[32,-29],[56,16],[66,-36],[77,-22],[87,30],[21,35]],[[23191,49110],[-8,-44],[-33,-13],[-41,-53],[14,-55]],[[23123,48945],[-93,122],[-137,117],[-65,11]],[[22828,49195],[-32,18]],[[23845,50570],[-9,-75]],[[23735,51156],[12,-32],[51,-45],[60,-32],[3,-28],[-49,-40],[-11,-57]],[[23357,49117],[-91,-152],[-53,-139]],[[23213,48826],[-90,119]],[[22660,50956],[98,48],[8,38],[55,119],[-15,36],[81,74],[78,12]],[[24715,44006],[53,-37],[-10,-27],[-68,-20],[-24,-33],[224,-3],[-10,-50],[66,-14],[46,-34],[-3,-29],[55,-45],[-47,-41],[-9,-31],[66,-77],[-25,-41],[6,-55]],[[25035,43469],[34,-125],[24,-25],[48,2],[74,-48],[-22,-40],[-64,-50],[22,-79],[-25,-39],[-56,-40],[-92,-20],[-7,-33],[29,-53],[87,-20],[-11,-47],[-51,-24],[-11,-52],[-99,36],[-62,-104],[-49,-31]],[[24804,42677],[-21,-6],[-29,-69],[-65,-10],[-90,15],[-35,-61],[-14,-80]],[[24550,42466],[-56,76],[29,32],[-1,72],[-44,25]],[[24478,42671],[21,96],[-9,82],[-36,50],[-80,49]],[[24374,42948],[-15,66],[5,60],[29,6],[1,76],[-44,41],[-59,24],[21,65],[4,69],[-42,85],[28,46],[-22,28],[8,55],[-46,122]],[[24242,43691],[25,27],[-32,53],[13,29],[63,14],[40,26],[4,36],[37,34],[85,18],[-86,122]],[[24391,44050],[87,1],[66,-25],[171,-20]],[[25708,43441],[-34,7],[-83,-29]],[[25591,43419],[-135,112],[-43,53],[-63,33],[26,35],[-60,24],[-4,52],[14,119],[-69,40],[-33,45],[10,41],[53,10]],[[25287,43983],[29,-33],[47,10],[132,-41],[48,14],[41,43],[51,-3],[22,35],[102,32],[78,-32],[87,49],[60,-68],[44,13],[42,-56],[-42,-71],[13,-24],[-107,-87],[-26,-81],[-38,-11],[-36,-44],[-51,3],[-167,-14],[-8,-77],[57,-15],[77,25],[0,-92],[-34,-17]],[[26718,42818],[-16,-83],[34,-67],[10,-56],[-15,-45],[-51,-2],[-9,-46],[-73,0],[-22,-39],[-68,20],[-54,34],[-69,-24],[-46,11],[-54,-27],[-38,10],[-30,-52],[-37,8],[-62,-20],[-28,-40],[-94,-54],[-45,5],[-24,-38],[-39,10],[-45,-21],[-14,-43],[-36,13],[-82,-138],[-75,-12],[-25,-45],[-47,-40],[18,-32],[-97,-65],[13,-32],[-60,-55],[-32,-54],[7,-32],[-71,-17]],[[25342,41750],[-95,24],[-52,54],[-14,38]],[[25181,41866],[0,65],[33,27],[0,61],[38,39],[57,19],[37,70],[91,36],[88,119],[1,34],[85,23],[20,24],[80,21],[21,73],[35,-7],[97,98],[51,20],[30,-32],[46,-5],[48,58],[76,17],[6,50],[158,21],[22,62],[67,35],[27,33],[82,39],[68,1],[58,-32],[115,-17]],[[21902,49094],[116,-37],[34,-55],[-20,-32],[77,-65]],[[22109,48905],[-65,-71],[-79,-47],[4,-53],[95,-61],[-26,-59],[-43,-18],[-39,-85],[57,-34],[0,-49],[70,-6],[-9,-130],[-128,-33]],[[21946,48259],[-85,23],[-84,-17],[-91,9],[-61,-64],[-71,-23],[-49,-58],[-29,-69],[-49,3],[-65,30],[-72,18],[-38,-18]],[[21252,48093],[-49,-5],[-26,-32],[-38,0],[-83,63],[162,341]],[[21218,48460],[43,30],[99,12],[64,46],[6,55],[-16,69],[43,0],[87,32],[5,40],[47,22],[-13,57],[22,62]],[[21605,48885],[-20,43],[19,48],[100,-11],[20,31],[76,30],[28,50],[39,-23],[35,41]],[[22662,48513],[-16,25],[-68,-8],[5,56],[-27,49],[29,44],[55,43],[-65,54],[27,48],[-3,45],[49,41],[35,-12]],[[22683,48898],[61,-38],[108,78],[-25,17],[30,54],[50,51],[48,22],[30,-17],[9,-58],[-14,-43],[61,-19],[17,-67],[-8,-42],[-1,-153],[-40,-36],[-69,19],[-76,-23],[-63,13],[-52,-52],[-40,-3],[-11,-80],[-36,-8]],[[25287,43983],[-92,175],[61,29],[9,-49],[113,-5],[82,82],[4,54],[27,54],[-9,44],[36,11],[26,43]],[[25544,44421],[60,-25],[46,37],[85,-12],[45,-26],[39,32],[52,-24],[74,45],[122,-24]],[[26067,44424],[-20,-188],[24,-26],[-22,-54],[21,-104],[-6,-19],[94,-71],[27,-52],[-58,-81],[15,-39],[-35,-20],[31,-60],[-35,-44],[-104,-72],[-9,-40],[-43,-27],[-105,-92]],[[25842,43435],[-134,6]],[[31765,35406],[32,-38],[-37,-80],[-2,-63],[-47,-91],[65,-29],[1,-72],[63,-39],[-8,-54],[-42,-35],[67,-85],[-20,-20],[31,-54],[26,-3],[127,42]],[[32021,34785],[-1,-68],[-150,-105],[78,-120]],[[31948,34492],[1,-120],[22,-73],[37,-30],[-6,-100],[-20,-45],[-202,34],[-80,7]],[[31700,34165],[-26,60],[-43,54],[-40,23],[-8,44],[-57,14],[-59,44],[-48,70],[-42,32],[-57,14],[-40,77],[29,66],[-40,60]],[[31269,34723],[40,68],[9,110],[38,14],[2,73],[-47,58],[-77,39]],[[31234,35085],[39,75],[35,37],[18,56],[50,72],[42,15],[9,116]],[[31427,35456],[47,55],[31,8],[66,-21],[46,-56],[148,-36]],[[28340,34676],[54,-110],[32,-33],[23,-73],[-8,-75],[-52,-90],[-43,-139],[-64,-41],[-45,30]],[[28237,34145],[-92,116],[19,71],[-67,83],[-72,29]],[[28025,34444],[34,50]],[[28059,34494],[50,73],[72,82],[10,58],[-23,48]],[[28168,34755],[85,-36],[34,0],[53,-43]],[[28988,33229],[-21,-45],[-45,-52],[-34,-73],[49,-74]],[[28937,32985],[-33,-68],[-54,21],[-81,-55],[-25,1]],[[28744,32884],[-36,3],[-44,62]],[[28664,32949],[4,89]],[[28668,33038],[85,35],[60,-16],[39,17],[34,104],[38,52]],[[28924,33230],[64,-1]],[[28957,32489],[-71,-102],[-145,-91]],[[28741,32296],[-126,143],[12,50],[-13,61],[26,62]],[[28640,32612],[3,22]],[[28643,32634],[28,-30],[-42,-50],[80,-28],[41,4],[87,-41],[120,0]],[[28814,33490],[-23,-59],[34,-5],[-22,-69]],[[28803,33357],[-60,-51],[-52,-65],[-57,-51],[-35,-117]],[[28599,33073],[-47,13]],[[28552,33086],[-11,70],[-38,31],[-26,52],[0,118]],[[28477,33357],[53,20],[-1,49],[-27,67],[-79,64],[16,65],[-25,59]],[[28414,33681],[30,80],[54,74]],[[28498,33835],[28,-43],[18,-85],[31,-3],[32,-88],[53,-78],[64,-61],[60,30],[30,-17]],[[26344,32888],[-13,-42],[-45,-47],[-26,-74],[18,-39],[78,-23],[21,-24],[49,15],[52,-20],[-16,-36],[29,-51]],[[26491,32547],[-88,-16],[-30,-55],[-19,-80],[-40,-40]],[[26314,32356],[-71,-4],[-8,70],[-59,17],[-115,54],[-73,95]],[[25988,32588],[-7,116]],[[25981,32704],[6,26],[60,24],[65,54],[39,-4]],[[26151,32804],[51,1],[30,21],[8,45],[64,30],[40,-13]],[[30399,33996],[-19,-71],[-61,-42],[-36,-77]],[[30283,33806],[-39,-56],[-79,-42],[-28,7]],[[30137,33715],[-5,78],[-67,5]],[[30065,33798],[0,57]],[[30065,33855],[33,18],[65,-3],[30,33],[25,104],[-21,30]],[[30197,34037],[28,40],[77,3]],[[30302,34080],[56,-65],[41,-19]],[[30585,36395],[46,-48],[31,7],[59,-49],[32,-85],[23,-17],[26,-88]],[[30802,36115],[-21,-6],[-105,-130],[-72,-7]],[[30604,35972],[44,55],[-40,55],[3,60],[-69,11],[-56,49],[-20,68],[-63,5],[-48,41]],[[30355,36316],[23,61],[30,28],[87,38]],[[30495,36443],[33,5],[57,-53]],[[32952,37987],[91,-8],[245,-82]],[[33288,37897],[-39,-33],[-6,-40],[-44,-61],[-61,-142],[-13,-70],[-73,-162],[-56,-105],[-14,-50],[3,-64],[-43,-91],[-32,-4],[-58,-56],[-52,10],[-27,-25]],[[32773,37004],[-44,-24],[-101,61],[-124,-54],[-67,9],[-48,-45],[-47,-17],[-18,-100],[-44,29],[-51,9],[-74,-40],[-33,59],[-27,12]],[[32095,36903],[13,34],[-13,79],[24,41],[-14,77],[-39,23],[-31,76],[-38,11],[-43,41],[3,52],[-37,16],[-44,-28],[-156,-5],[-47,29],[-73,7],[-109,-29]],[[31491,37327],[-72,86],[-15,47],[21,49],[-22,40]],[[31403,37549],[22,45],[30,10],[78,-77],[82,-33],[28,-30],[90,-34],[63,3],[23,31],[146,85],[83,81],[40,129],[40,88]],[[32128,37847],[28,45],[34,10],[68,-20],[-13,-78],[36,-23],[82,29],[27,52],[41,21],[-17,51],[21,63],[76,49],[60,-29],[22,-40],[105,-25],[104,34],[47,25],[75,-28],[28,4]],[[28275,33008],[-9,-105],[60,-65],[-44,-56],[-40,-27]],[[28242,32755],[-82,40],[-30,62],[-89,65],[2,46]],[[28043,32968],[74,2],[25,20],[133,18]],[[30068,33186],[-21,-113],[-82,-43]],[[29965,33030],[-83,-44],[-90,56],[-29,40],[-63,34]],[[29700,33116],[151,4],[48,60],[75,28]],[[29974,33208],[94,-22]],[[28414,33385],[-6,-55],[-65,-74],[-29,-59]],[[28314,33197],[-31,9],[-78,-43],[-31,-45],[-69,-13],[-44,-33],[-46,-69]],[[28015,33003],[-13,60],[-31,20],[-15,60]],[[27956,33143],[56,68],[55,45],[-20,42],[48,103],[112,19],[65,83]],[[28272,33503],[77,23],[11,-40],[40,-32],[14,-69]],[[28695,30791],[4,-77],[-103,-111],[-39,-84],[28,-51],[-32,-54]],[[28553,30414],[-105,32]],[[28448,30446],[22,81],[-32,51],[-56,31],[-7,55],[-30,49],[-78,-3],[-73,36]],[[28194,30746],[30,56]],[[28224,30802],[97,-2],[27,45],[87,32]],[[28435,30877],[46,-36],[27,-82],[42,0],[64,38],[36,50],[45,-56]],[[29606,34559],[-34,-60],[1,-41],[-26,-59],[45,-46],[2,-58],[45,-49],[-17,-52],[35,-62],[28,-91],[-16,-19],[-4,-100],[47,-1],[27,-89]],[[29739,33832],[-77,7],[-5,-39],[-42,-58],[-75,-16]],[[29540,33726],[-89,-3],[-17,22],[15,97],[-16,88],[-74,78],[-21,50],[3,63],[-90,56],[31,34],[-9,50],[-106,57],[-52,152]],[[29115,34470],[69,-54],[9,-40],[76,-25],[65,18],[33,-8],[69,27],[-3,23]],[[29433,34411],[49,17],[19,97],[77,40],[28,-6]],[[31427,35456],[-16,62],[-31,41],[-27,106]],[[31353,35665],[33,57],[57,10],[34,26],[-15,47]],[[31462,35805],[49,16],[14,41],[123,109]],[[31648,35971],[22,-50],[83,-40],[125,-38],[103,8],[41,-131],[21,-25]],[[32043,35695],[-7,-78],[-58,10],[-16,26]],[[31962,35653],[-45,-3],[-66,-86],[-26,-88],[-60,-70]],[[31681,36239],[-52,-83]],[[31629,36156],[-69,-17],[-50,-37],[-15,-43],[-33,-7]],[[31462,36052],[-48,38],[-64,7],[-70,36]],[[31280,36133],[16,27]],[[31296,36160],[90,104],[21,41],[66,36],[78,-4],[66,-65],[64,-33]],[[29891,33526],[-80,-168],[26,-53]],[[29837,33305],[-54,-31],[-28,6],[-37,-40]],[[29718,33240],[-36,46],[-70,-55],[-89,16],[-26,46],[-43,-57]],[[29454,33236],[-90,103]],[[29364,33339],[146,94]],[[29510,33433],[68,45],[14,45],[38,36],[52,-16],[124,3],[27,-40],[58,20]],[[30065,33798],[-132,13],[-28,25]],[[29905,33836],[-17,72],[-78,70],[-15,33],[88,113],[5,42],[58,23],[12,44]],[[29958,34233],[9,14]],[[29967,34247],[54,-40],[19,-59],[47,-48],[61,-4],[-2,-30]],[[30146,34066],[-66,-30],[-4,-65],[-21,-33],[10,-83]],[[28011,33743],[-28,-81],[50,-32],[-46,-70]],[[27987,33560],[-52,-11],[13,-52],[-74,-91],[-86,-5],[-28,49]],[[27760,33450],[32,62],[-31,52],[6,51],[-31,26],[-3,78],[50,12],[-51,49]],[[27732,33780],[18,40],[80,-26],[37,-25],[50,5],[14,38],[71,-47],[9,-22]],[[30399,33996],[42,-31],[36,10],[76,-74],[53,-11],[56,12],[65,33],[51,-13],[-4,-52],[79,-27],[86,27],[26,42]],[[30965,33912],[28,-42],[-9,-134]],[[30984,33736],[-99,37],[-46,-24],[-52,9],[-46,-30],[-143,-3],[-53,-17],[-93,-5],[-47,18]],[[30405,33721],[-33,48],[-89,37]],[[28802,31642],[56,-10],[64,-72],[-32,-76],[-49,-42],[26,-92]],[[28867,31350],[-24,-78],[-90,-91],[-50,98],[-82,-31],[-65,-10],[-10,-31],[-56,-12],[-17,-29]],[[28473,31166],[-43,5]],[[28430,31171],[-39,-2]],[[28391,31169],[-21,65],[3,46]],[[28373,31280],[34,124]],[[28407,31404],[68,120],[-1,55]],[[28474,31579],[129,42],[96,19],[43,24],[60,-22]],[[31462,36052],[48,-38],[-47,-70],[-4,-79],[-35,-26]],[[31424,35839],[-24,-9],[-93,73],[-57,20],[-29,65],[28,142]],[[31249,36130],[31,3]],[[28101,31291],[-32,-53],[55,-43],[14,-60],[54,-35]],[[28192,31100],[-64,-40]],[[28128,31060],[-76,9],[-64,36]],[[27988,31105],[-39,28],[-13,83]],[[27936,31216],[33,26],[55,8],[55,78]],[[28079,31328],[2,-2]],[[28081,31326],[20,-35]],[[28194,30746],[-17,-23],[-62,33],[-50,-4],[-36,-27],[-87,-15]],[[27942,30710],[-15,46],[-47,13],[-12,59]],[[27868,30828],[-22,37],[14,67],[40,34],[53,119],[35,20]],[[28128,31060],[-20,-45],[33,-44],[-17,-41],[55,-33],[2,-85],[38,-7]],[[28219,30805],[5,-3]],[[32773,37004],[18,-57],[-18,-20],[7,-169],[23,-93],[-13,-41],[-61,-75],[4,-67],[-24,-46],[-17,-128],[-17,-52]],[[32675,36256],[-33,-35],[-78,-15],[-55,-44],[17,-55],[-7,-58],[-23,-13],[-70,33],[-39,-12],[-18,-91],[-55,-56],[-101,71],[-40,-69],[-34,-89],[13,-56],[-42,-16],[-24,-52],[-43,-4]],[[31648,35971],[-10,47],[-33,27],[24,111]],[[31681,36239],[59,-20],[33,56],[35,-7],[5,82],[90,4],[-13,55],[-58,69],[-33,79],[59,13],[77,55],[16,84],[23,43],[98,54],[23,97]],[[29700,33116],[0,66],[18,58]],[[29837,33305],[24,-44],[54,-29],[41,11],[18,-35]],[[28568,32178],[-35,9],[-33,52],[-67,24],[-17,54],[-81,23],[-46,30]],[[28289,32370],[11,27],[-38,97]],[[28262,32494],[36,30],[79,15],[28,-57],[58,34],[52,58]],[[28515,32574],[15,-60],[-59,-133],[5,-38],[81,-33],[52,-96],[-41,-36]],[[31269,34723],[-32,50],[-30,13],[-18,103],[-33,-1],[-106,-54],[-71,26],[-97,21]],[[30882,34881],[25,112],[46,104]],[[30953,35097],[7,80]],[[30960,35177],[52,8],[43,-20],[60,-2],[79,-41],[40,-37]],[[31364,33169],[-13,-26],[86,-57],[55,-54],[48,-7],[-4,-57],[66,-95]],[[31602,32873],[-89,-84],[-65,-47],[-17,-73],[-43,-73],[-73,-37],[-28,-45],[-69,-37],[-91,-72]],[[31127,32405],[-53,54],[29,87],[-65,21],[-39,-29],[-73,13],[-81,36]],[[30845,32587],[50,45],[-49,36],[-54,104],[89,33],[1,68],[-22,61],[-67,18],[-25,52],[-99,-7],[-89,24],[45,67],[4,30],[76,77],[-17,29]],[[30688,33224],[49,55],[11,108],[54,0],[65,-22],[86,-72],[38,-55],[85,-4],[16,73],[35,38],[13,65],[34,98]],[[31174,33508],[60,-81],[45,-29],[-38,-71],[20,-66],[-3,-40],[106,-52]],[[28079,31328],[-5,75],[-44,73],[10,76]],[[28040,31552],[49,65]],[[28089,31617],[137,38]],[[28226,31655],[-8,-35],[67,-91]],[[28285,31529],[-41,-94],[-74,-77],[-89,-32]],[[25578,32795],[-58,-59],[-39,-13],[-33,38],[46,174]],[[25494,32935],[71,21],[22,33],[48,-64],[-18,-46],[-68,-19],[29,-65]],[[30960,35177],[-8,52]],[[30952,35229],[58,22],[55,152],[51,-18],[14,113],[42,35],[22,57],[-39,80]],[[31155,35670],[121,8],[77,-13]],[[27956,33143],[-29,20],[-76,-28],[-55,63],[-7,30],[-56,6]],[[27733,33234],[-29,37],[43,122]],[[27747,33393],[13,57]],[[27987,33560],[13,-28],[57,23],[38,-22],[42,31],[105,-59],[30,-2]],[[28435,30877],[72,75],[11,64],[-15,110],[-30,40]],[[28867,31350],[47,-20],[24,-51],[7,-64],[46,-95],[-37,-93]],[[28954,31027],[-33,-50],[-99,-91],[-66,-11],[-61,-84]],[[26151,32804],[-43,101],[-54,29],[-13,72],[-46,37],[-8,45],[23,63]],[[26010,33151],[15,35],[65,70],[15,50]],[[26105,33306],[51,-54],[32,29],[30,-34],[-4,-93],[77,-6],[56,14],[34,-38],[80,-10],[24,-89],[78,27]],[[26563,33052],[5,-34],[45,-47]],[[26613,32971],[-103,-32],[-72,0],[-94,-51]],[[28802,31642],[33,57],[-43,14],[-85,73]],[[28707,31786],[102,-23],[27,-22],[59,15],[77,73],[8,70],[81,28],[102,-3],[45,-34]],[[29208,31890],[65,-68],[86,-54],[-3,-26],[53,-83]],[[29409,31659],[6,-20],[-86,-144]],[[29329,31495],[-19,-32],[-113,-96],[-48,3],[-83,-40],[-129,49],[-70,-29]],[[30984,33736],[145,-19]],[[31129,33717],[23,-117],[-13,-74],[35,-18]],[[30688,33224],[-62,-25],[-54,-1],[-20,69],[-60,20]],[[30492,33287],[-69,53]],[[30423,33340],[5,95],[-31,22],[-3,64],[-78,36],[-10,44]],[[30306,33601],[16,48],[83,72]],[[30423,33340],[-94,-54],[-51,36],[-95,100],[-31,19],[-16,55],[15,122]],[[30151,33618],[42,32],[37,-42],[76,-7]],[[27732,33780],[-37,19],[-113,-57]],[[27582,33742],[-10,37],[17,76],[82,193],[-38,60],[-69,27],[-15,54]],[[27549,34189],[47,43],[50,23],[49,96]],[[27695,34351],[147,-29]],[[27842,34322],[75,-33],[-2,-58],[-49,-31],[73,-75],[31,7],[28,-63],[46,-16],[91,-76]],[[28135,33977],[-27,-90]],[[28108,33887],[-72,31],[-72,2],[94,-95],[-47,-57],[0,-25]],[[28552,33086],[-51,-38],[-32,-46],[-86,-6],[-72,32]],[[28311,33028],[56,67],[-53,102]],[[28414,33385],[63,-28]],[[25981,32704],[-46,10],[-35,-95],[-35,-46],[-26,49],[-74,5],[-50,49]],[[25715,32676],[7,38],[53,14],[47,74],[31,17],[19,74],[-45,22],[-45,50],[-31,118],[10,50]],[[25761,33133],[10,-6]],[[25771,33127],[87,-1],[50,46],[30,-18],[72,-3]],[[28289,32370],[-1,-55],[-96,-103],[-17,-71]],[[28175,32141],[-22,-29],[-66,-19]],[[28087,32093],[-8,26],[39,69],[-14,99],[-30,25],[14,53]],[[28088,32365],[102,56],[23,96]],[[28213,32517],[49,-23]],[[28668,33038],[-49,45],[-20,-10]],[[28803,33357],[39,-26],[-4,-55],[41,-43],[45,-3]],[[25761,33133],[-61,-12],[-47,-59],[-21,8],[-24,95],[-48,7],[-9,28],[-79,26],[-33,45],[-61,-24],[-108,22]],[[25270,33269],[-7,33],[78,53],[22,101],[-86,54],[6,50],[51,70],[-33,63]],[[25301,33693],[84,94],[36,85],[-15,59]],[[25406,33931],[117,4],[58,60],[59,-3],[-5,76],[31,30],[31,90]],[[25697,34188],[49,-44],[63,-27],[49,-47],[113,-13],[71,-132]],[[26042,33925],[-1,-49]],[[26041,33876],[-27,-62],[-18,-136]],[[25996,33678],[-105,-37],[-53,12],[-57,-30],[-19,-57],[-41,-62],[10,-67],[-29,-152],[50,-21],[-3,-64],[22,-73]],[[28407,31404],[-48,57],[-70,38],[-4,30]],[[28226,31655],[40,77],[63,54],[49,63]],[[28378,31849],[39,-67],[-11,-104],[68,-99]],[[29409,31659],[57,28]],[[29466,31687],[51,-25],[77,41],[84,138]],[[29678,31841],[37,-10],[57,-53],[108,59],[46,-31]],[[29926,31806],[-40,-47],[2,-27],[-51,-88],[-35,-33],[19,-31],[87,-58],[47,-68],[66,12]],[[30021,31466],[19,-119]],[[30040,31347],[-84,-70],[8,-48],[-91,-79],[-15,-43],[-36,-24],[-26,-50]],[[29796,31033],[-45,40],[-95,54],[-47,-69]],[[29609,31058],[5,33]],[[29614,31091],[5,111],[-67,-16],[-54,13],[-82,64],[25,22],[41,104],[-12,53],[-101,17],[-40,36]],[[29540,33726],[-53,-80],[-4,-86],[27,-127]],[[29364,33339],[-52,90],[-35,41],[-90,60],[-5,39]],[[29182,33569],[4,30],[-42,44],[-27,57],[19,57],[41,60],[68,68],[17,45],[-30,59],[-145,-5]],[[29087,33984],[-87,135],[-39,1],[-3,63],[46,41],[-56,66],[17,61],[3,72],[66,76],[81,-29]],[[31127,32405],[57,-29]],[[31184,32376],[-42,-78],[-73,13],[-63,-8],[-61,-52],[-37,-49],[-18,-55],[-47,-38],[-47,-12],[-65,-58]],[[30731,32039],[-67,51],[7,43],[-25,57],[-59,14],[-48,31],[-49,61],[-24,55],[-68,48],[-46,-7]],[[30352,32392],[92,199],[90,66],[29,36],[45,12],[34,54],[65,-27],[-4,-73],[46,-61],[57,40],[39,-51]],[[31462,35805],[-38,34]],[[26105,33306],[46,82],[-13,32],[38,26],[4,52],[-43,55],[-116,59],[-25,66]],[[26041,33876],[80,4],[102,-43],[2,-76],[49,-32],[66,-154],[34,-28]],[[26374,33547],[34,-60],[59,-9],[29,-22]],[[26496,33456],[-14,-20],[28,-95],[-8,-45],[42,-61],[31,37],[63,-33],[21,-33]],[[26659,33206],[-41,-87],[-55,-67]],[[31364,33169],[5,23],[70,78],[12,85],[62,51],[38,78],[50,-49],[144,17],[52,-38],[58,5],[44,49],[23,-28],[79,-2],[36,41],[45,95],[21,87]],[[32103,33661],[54,-21],[15,-59],[97,-118]],[[32269,33463],[86,-68],[-18,-30],[-99,-15],[-54,-24],[36,-73],[-84,-94],[8,-105],[-36,-71],[3,-119],[-21,-41]],[[32090,32823],[-93,-30],[-60,33],[-55,71],[-46,34],[-28,73],[-44,36],[-82,-24],[-15,-56],[-52,-50],[-13,-37]],[[30727,34550],[-51,-71],[-90,-32]],[[30586,34447],[-66,-42],[-57,-70]],[[30463,34335],[-52,33],[-71,3],[-10,43]],[[30330,34414],[73,55],[19,41],[-24,34],[-48,22]],[[30350,34566],[8,118],[-14,79],[13,46]],[[30357,34809],[53,16]],[[30410,34825],[61,-52],[68,-9],[138,-65],[-12,-83],[17,-36],[45,-30]],[[29700,33116],[-19,-54],[-56,-58],[-59,-110],[-2,-45],[-49,-92],[-9,-69],[-25,-72],[44,-53],[14,-49],[-11,-67],[30,-33],[-15,-38]],[[29543,32376],[-41,-23],[-43,9],[-120,-71],[-56,31]],[[29283,32322],[-20,37],[37,57],[-70,94],[61,144],[-80,88]],[[29211,32742],[42,80]],[[29253,32822],[65,64],[41,117],[50,86],[33,112]],[[29442,33201],[12,35]],[[31129,33717],[61,16],[55,41],[30,-11],[118,43],[63,65],[34,78],[53,24]],[[31543,33973],[92,4],[113,-39],[33,-60],[149,-46],[56,-8],[22,-32],[55,0],[43,-88],[-3,-43]],[[24133,34013],[22,47],[87,61],[61,12],[22,63],[-15,51],[-29,4],[-39,53],[-14,83],[62,54],[53,-11],[43,24],[11,40],[-30,110],[15,78]],[[24382,34682],[19,54],[-18,26],[-60,23],[-84,106],[2,64],[32,61],[35,32],[48,88],[5,79],[94,104],[39,77]],[[24494,35396],[26,14]],[[24520,35410],[16,-107],[36,-38],[20,-57],[77,-47],[38,5],[-21,-150],[86,-71],[-15,-27],[24,-62],[-6,-33],[89,-46],[44,10],[40,-32],[-4,-43],[54,-44],[10,-44],[55,22],[66,-28],[35,89],[74,9],[59,56],[59,-20],[75,-43],[-18,-112],[13,-67],[129,-150],[-56,-82],[49,-69],[-23,-61],[-71,-41],[-71,-70],[-5,-26],[28,-100]],[[25301,33693],[-55,62],[7,55],[-77,95],[-42,-14],[-89,-75],[-56,-64],[-19,9],[-125,-89],[-106,54],[-65,7],[-15,-17]],[[24659,33716],[-17,35],[-113,16],[-23,16],[-69,-87],[-142,-60],[-60,12],[-57,39],[-38,-25],[-16,-66],[-61,58]],[[24063,33654],[-14,54]],[[25494,32935],[-66,69],[-44,3],[-86,49],[-53,174],[25,39]],[[25715,32676],[-8,-9]],[[25707,32667],[-77,121],[-52,7]],[[28741,32296],[11,-84],[65,-8],[-43,-59],[11,-19]],[[28785,32126],[-44,-36],[-8,-38],[35,-68],[-7,-37],[90,-44],[-14,-48],[-62,-17],[-27,-24]],[[28748,31814],[-68,36],[-56,48],[-1,60],[-32,42]],[[28591,32000],[73,52],[-61,55],[-35,71]],[[28515,32574],[59,31]],[[28574,32605],[49,29],[17,-22]],[[27739,33106],[16,-21],[-4,-78],[45,-46],[46,-84]],[[27842,32877],[-18,-44],[65,-29],[-76,-75],[-67,-38],[-54,0],[-23,-61],[26,-91],[-86,-57]],[[27609,32482],[-30,27],[-90,17],[-6,28],[-56,24],[-25,63],[-59,-17],[-78,40]],[[27265,32664],[-2,65],[-79,-24]],[[27184,32705],[60,51],[54,18],[80,86],[-22,28]],[[27356,32888],[48,55],[48,-11],[33,40],[33,6],[70,60]],[[27588,33038],[56,18],[40,39],[55,11]],[[28957,32489],[34,65],[-12,47]],[[28979,32601],[39,56],[102,37],[35,39],[56,9]],[[29283,32322],[-53,-50],[-55,28],[-211,-169],[-46,-52],[-89,21],[-44,26]],[[27496,33519],[-5,-34]],[[27491,33485],[-56,-90],[-38,-132]],[[27397,33263],[-18,-23]],[[27379,33240],[-133,13],[-40,30],[-52,14],[-46,-29],[-68,-7],[-69,17],[-98,87],[-4,43],[21,78],[-95,16],[-21,-44],[-76,-15]],[[26698,33443],[20,59]],[[26718,33502],[65,14],[25,50],[60,45],[58,-8],[-4,-70],[28,-5],[61,48],[107,148]],[[27118,33724],[123,-10],[35,37],[78,-81],[72,-32],[28,-65],[42,-54]],[[28015,33003],[-62,-87],[-91,-21],[-20,-18]],[[27739,33106],[7,74],[-13,54]],[[28242,32755],[-51,-56]],[[28191,32699],[-35,-72],[-67,-70],[-65,39],[-89,-56],[-64,-4],[-43,-47],[-57,3],[-74,-31]],[[27697,32461],[-88,21]],[[28015,33003],[28,-35]],[[29466,31687],[20,57],[-21,36],[-98,45],[-10,40],[10,64],[95,64],[25,48],[8,90]],[[29495,32131],[20,25],[56,15]],[[29571,32171],[46,-42],[-1,-42],[64,-90],[38,-6],[10,-49],[-50,-101]],[[28025,34444],[-59,-52],[-30,-1],[-94,-69]],[[27695,34351],[17,129]],[[27712,34480],[21,48],[56,22],[21,37],[76,43]],[[27886,34630],[17,24]],[[27903,34654],[60,-77],[21,-1],[75,-82]],[[29609,31058],[3,-42],[-31,-54],[-2,-51],[-34,-55],[4,-62],[22,-86],[-91,-136],[-32,-92],[26,-29],[34,-79],[49,-70],[-23,-73]],[[29534,30229],[-33,-15],[-33,25],[-23,-45],[22,-24],[-66,-101],[0,-43],[-40,-50],[-63,35],[-93,-55],[-38,25],[-113,32],[-49,28]],[[29005,30041],[25,71],[103,102],[-39,42],[-38,84],[-50,35],[-78,-6],[-34,21],[33,40],[67,17],[20,88],[-43,55],[-8,42],[69,22],[52,31],[35,83]],[[29119,30768],[52,46],[57,20],[36,62],[34,19],[32,51],[107,56],[15,25],[89,40],[73,4]],[[31155,35670],[-41,34],[-31,62],[7,53],[-26,54],[-67,10],[-4,90]],[[30993,35973],[62,29],[76,92],[76,34],[42,2]],[[27184,32705],[-13,63],[-74,-10],[-45,42],[-16,39]],[[27036,32839],[-16,73],[7,70]],[[27027,32982],[9,72],[24,69],[38,-8],[53,-54],[79,16],[47,30]],[[27277,33107],[10,-42],[-30,-84],[6,-52],[43,-7],[50,-34]],[[27903,34654],[14,63],[47,65],[-4,40],[61,30]],[[28021,34852],[88,-43],[59,-54]],[[28954,31027],[19,-69],[23,-17],[-27,-110],[19,-31],[53,25],[78,-57]],[[29005,30041],[-43,-13]],[[28962,30028],[-48,62],[40,129],[-77,-2],[-78,27],[-50,-62],[-67,22],[-23,25],[-11,112],[-39,34]],[[28609,30375],[-56,39]],[[29606,34559],[11,-82],[21,-16],[13,-73],[23,-24]],[[29674,34364],[37,-50],[-5,-31],[67,-37],[151,2],[34,-15]],[[29905,33836],[-33,5],[-100,-25],[-13,-47]],[[29759,33769],[-20,63]],[[27747,33393],[-85,19],[-171,73]],[[27496,33519],[26,9],[48,99],[12,115]],[[30882,34881],[6,-115]],[[30888,34766],[-83,-46],[-67,28],[-14,68],[-151,2],[-54,32],[-109,-25]],[[30357,34809],[-84,101],[23,93]],[[30296,35003],[10,18]],[[30306,35021],[42,10],[36,41],[67,24],[73,-26],[-20,-58],[63,-13],[19,16],[105,7],[63,31],[15,33],[57,21],[43,-14],[84,4]],[[30888,34766],[-9,-65]],[[30879,34701],[-11,-23],[-63,-26],[-9,-32],[-69,-70]],[[28937,32985],[173,-95],[143,-68]],[[28979,32601],[-59,53],[-98,19],[-48,75],[-34,6]],[[28740,32754],[-6,38],[31,35],[-21,57]],[[30886,35762],[-8,-64],[19,-101],[24,-51],[-8,-74],[20,-43]],[[30933,35429],[-63,-59],[-95,-14],[-18,52],[-44,41],[-93,35],[-43,-70]],[[30577,35414],[-30,17],[-10,125],[27,25],[4,79],[58,31],[19,50]],[[30645,35741],[40,30],[100,18],[34,-28],[67,1]],[[31700,34165],[-67,-57],[-38,-16],[-50,-77],[-2,-42]],[[30965,33912],[16,68],[-10,35],[29,121],[-20,49],[-80,-11]],[[30900,34174],[-5,27],[31,50],[12,115],[17,65],[-66,30],[-11,40],[55,106],[-31,82],[-23,12]],[[30900,34174],[-21,-48],[13,-33],[-72,-51],[-71,11],[-51,68],[-6,54],[-50,76],[42,50],[-66,23],[-32,123]],[[29891,33526],[9,106]],[[29900,33632],[55,39],[146,17],[13,16]],[[30114,33704],[37,-86]],[[30492,33287],[-61,-53],[-34,-73],[-45,-71],[-116,40],[-125,32],[-43,24]],[[28430,31171],[-47,-118],[-47,-77],[-61,-43],[-53,-88],[-3,-40]],[[28192,31100],[70,50],[90,-9],[39,28]],[[28311,33028],[-36,-20]],[[28498,33835],[12,85],[26,36],[-16,32],[27,34],[46,-34],[43,11],[90,-15],[22,33],[44,-23],[81,-126],[61,30],[81,6],[72,80]],[[29182,33569],[-124,-9],[-31,44],[-65,-31],[-36,-49],[-70,-31],[-42,-3]],[[28740,32754],[-82,-66],[-15,-54]],[[28574,32605],[-13,91],[-42,25],[-35,-5]],[[28484,32716],[36,61],[-24,20],[48,68],[67,25],[14,59],[39,0]],[[30306,35021],[20,81],[28,33],[26,81],[35,10],[63,-29],[24,32],[44,-3],[35,34],[-18,76],[21,26],[-7,52]],[[30933,35429],[-6,-96],[25,-104]],[[27588,33038],[-16,46],[14,66],[-25,38],[-79,-18],[-49,8],[-36,85]],[[28101,31291],[62,-6],[24,-33],[71,-6],[29,62],[86,-28]],[[30302,34080],[36,46],[51,27],[39,140],[35,42]],[[28591,32000],[-25,56],[-72,-3],[-20,-39],[-51,-13],[-76,-65]],[[28347,31936],[-13,41],[-93,-14],[-38,-24],[-14,118],[54,58],[-68,26]],[[27277,33107],[102,133]],[[30802,36115],[65,-133]],[[30867,35982],[-14,-60],[22,-40],[11,-120]],[[30645,35741],[-24,46],[-8,155],[-9,30]],[[28988,33229],[73,61],[28,-7],[60,-62],[130,22],[163,-42]],[[28237,34145],[-36,13],[-43,-39],[28,-36],[-8,-44],[-43,-62]],[[30114,33704],[23,11]],[[29965,33030],[17,-46],[-10,-54],[-109,-132],[-45,-95],[-55,-12],[-23,-30],[18,-54],[-31,-76],[-24,-16],[-46,-101],[-91,-82]],[[29566,32332],[-23,44]],[[26374,33547],[67,63]],[[26441,33610],[61,-11],[25,13],[125,-9]],[[26652,33603],[-29,-26],[-18,-57],[-42,-2],[-48,-79],[-19,17]],[[28087,32093],[-49,-91],[-77,-100]],[[27961,31902],[-34,21],[-24,132],[-55,73]],[[27848,32128],[-17,42],[12,68],[34,30],[59,15],[32,-21],[27,43],[68,56],[25,4]],[[30350,34566],[-13,-22],[-102,-32],[-53,20],[-29,34],[-2,54],[-48,18],[-105,106],[-25,76]],[[29973,34820],[28,32],[51,15],[17,39],[77,4],[14,65]],[[30160,34975],[85,-2],[51,30]],[[28089,31617],[-17,21],[-77,-8],[-24,35],[6,86],[-41,17],[-4,93],[29,41]],[[28347,31936],[-9,-39],[40,-48]],[[27848,32128],[-135,22],[-39,42],[21,40],[-10,115]],[[27685,32347],[-9,46]],[[27676,32393],[30,40],[-9,28]],[[28191,32699],[44,-56],[63,-14]],[[28298,32629],[-85,-112]],[[28707,31786],[41,28]],[[29566,32332],[-12,-34],[22,-78],[-5,-49]],[[29495,32131],[-150,-79],[-137,-162]],[[21723,31485],[-54,-54],[10,-26],[-28,-72],[108,-64]],[[21759,31269],[36,-10]],[[21795,31259],[-10,-71],[-20,-28],[-86,3],[-66,44],[-104,1],[-26,-21],[-49,14],[-139,9],[-34,43],[-56,-2],[-30,37],[-52,-16],[-10,-75],[-97,-103],[-43,2],[-62,-32]],[[20911,31064],[-30,7],[-21,98]],[[20860,31169],[-8,35],[28,68],[-47,51],[-48,22],[-46,-4],[-74,39],[-50,54],[13,110],[-22,50]],[[20606,31594],[51,84]],[[20657,31678],[163,-58],[59,35],[71,-33],[88,-11],[15,-54],[26,-2],[43,-56],[34,19],[26,49],[57,39],[42,-13],[15,-39],[52,-15],[36,18],[47,-22],[28,47],[60,31],[67,-6],[110,6],[22,-57],[5,-71]],[[21019,33559],[45,-17],[8,-67],[74,-30],[32,-31],[68,-13],[37,-44],[55,25],[25,35],[106,47]],[[21834,32665],[-12,-51],[-54,-24],[-68,-49],[-86,-9]],[[21614,32532],[29,58],[-12,42],[17,97],[-24,77],[-70,-1],[-35,15],[-30,70],[14,45],[-57,56],[-83,-19],[-42,17],[-80,65],[-51,2],[-38,23],[-35,-16],[-12,-38],[-81,-21],[-57,-53]],[[20967,32951],[-17,20],[4,84],[-17,104]],[[20871,33414],[13,101],[-12,88],[102,-42]],[[20606,31594],[-92,-97]],[[20514,31497],[-59,15],[-107,142],[23,48],[-55,9],[-34,-28],[-76,-12],[-2,-39],[-54,-120]],[[20150,31512],[-86,-7]],[[20064,31505],[14,75],[36,119],[67,94],[-21,24],[12,93],[-53,29],[-11,89]],[[20108,32028],[70,37],[55,13],[43,-36],[38,-3],[51,37]],[[20365,32076],[7,-32],[91,-45],[87,-21]],[[20550,31978],[8,-53],[-40,-39],[17,-41],[20,-111],[38,4],[64,-60]],[[21644,31865],[-65,6],[-102,53],[-47,-70],[-64,-19],[-16,25],[-115,42],[-134,-68],[-40,21],[-30,-25]],[[21031,31830],[10,152],[38,-2],[65,59],[5,100],[-28,17],[2,46],[-52,20]],[[21071,32222],[77,29],[23,-9]],[[21171,32242],[88,6],[-8,-45],[83,-36],[38,-70],[122,-24],[78,-32],[33,-73],[-13,-29],[52,-74]],[[20277,31330],[94,-14],[11,-26]],[[20382,31290],[-12,-14]],[[20370,31276],[-40,-31],[-12,-44],[-35,-16],[-43,-72],[-6,-49],[-32,-60],[26,-57],[-13,-39],[-36,-4],[-41,-58]],[[20138,30846],[-81,33],[-95,15]],[[19962,30894],[20,29]],[[19982,30923],[24,45],[-31,31],[13,134]],[[19988,31133],[85,58],[72,95],[8,36],[124,8]],[[20911,31064],[25,-51],[-21,-81],[48,-29]],[[20963,30903],[-85,-23],[-71,16],[-4,95],[-68,42],[-45,-81],[-45,-27],[-110,3],[-55,47]],[[20480,30975],[-1,64],[-63,155],[-46,82]],[[20382,31290],[112,89]],[[20494,31379],[10,-77],[-7,-74],[68,-86],[42,-33],[30,18],[82,-11],[10,-31],[83,25],[48,59]],[[21031,31830],[-76,-27],[-119,77],[-44,-24],[-86,43],[-36,136],[-28,12]],[[20642,32047],[17,52],[46,53]],[[20705,32152],[44,19],[0,80],[63,53],[24,78]],[[20836,32382],[8,3]],[[20844,32385],[41,-34],[7,-42],[68,-14],[106,30],[5,-103]],[[24063,33654],[4,-69],[27,-76],[48,-1],[35,-44],[-3,-61],[-30,-90],[28,-52],[-53,-56],[-2,-59],[-27,-91],[41,-88],[0,-29],[-40,-50],[-74,-36],[18,-50],[30,-163],[36,-31]],[[24101,32608],[-59,4],[-33,-38],[31,-40],[3,-48],[-53,-10],[16,-85],[-38,-45],[-60,8],[19,-46],[-28,-38],[-19,-91],[-37,-25],[-29,-69]],[[23814,32085],[-30,14],[-80,-10],[-27,37],[-53,-2]],[[23624,32124],[-4,53],[-40,13],[88,107],[-57,63],[26,61],[-30,39],[22,30],[70,26],[34,89],[38,10],[17,41],[-57,54],[30,31],[80,46],[1,41],[40,20],[0,121],[-41,48],[64,8],[-10,51],[-54,13],[-74,-28],[-44,21],[-49,-30],[-70,48],[-53,5],[-6,49]],[[23545,33154],[72,36],[22,35],[-4,43],[28,45],[94,51],[3,91],[37,20]],[[20844,32385],[25,43],[11,66],[40,127]],[[20920,32621],[11,37]],[[20931,32658],[30,1],[36,-44],[55,-15],[47,9]],[[21099,32609],[8,-66],[34,-28],[-12,-120],[24,-41],[18,-112]],[[22402,31673],[-61,16]],[[22341,31689],[-23,29],[-93,-26],[-38,35],[6,31],[-26,65],[-56,42],[-28,53],[7,57],[41,25],[22,55],[42,28]],[[22195,32083],[32,-57],[61,-9],[27,41],[82,24],[46,72],[64,8]],[[22507,32162],[13,-58],[50,-8],[118,-75],[18,8]],[[22706,32029],[-23,-77],[-107,-122],[-59,-124],[8,-39],[-59,-24],[-64,30]],[[20920,32621],[-107,73],[12,30],[-63,93],[-31,88]],[[20731,32905],[45,-15],[36,22],[69,-48],[65,-6]],[[20946,32858],[-12,-31],[19,-71],[-22,-98]],[[22507,32162],[17,31],[68,6],[10,26],[76,4],[101,20],[13,29]],[[22792,32278],[50,9],[7,-60],[40,-14],[49,64],[74,11],[25,-17]],[[23037,32271],[-7,-62],[-32,-31],[22,-47]],[[23020,32131],[-65,-41],[-47,10]],[[22908,32100],[-77,-17],[-31,-28],[-83,-9],[-11,-17]],[[21723,31485],[75,10],[30,83],[-27,50],[22,97],[-53,56],[-26,-18],[-57,22],[-43,80]],[[21644,31865],[48,87],[-8,103],[22,41],[0,70],[40,83],[56,19],[58,-28],[72,47]],[[21932,32287],[37,-3],[111,104],[114,-90],[17,-72],[-2,-129],[-14,-14]],[[22341,31689],[-94,-20],[-37,-31],[-40,-69],[-60,-27],[-163,51],[-76,-75],[-10,-26],[-124,-102],[-14,-79],[36,-42]],[[20550,31978],[88,38],[4,31]],[[23545,33154],[-42,2],[-36,-51],[-92,-71],[-91,-35]],[[23284,32999],[-44,23],[-33,-40],[-19,-56],[-87,-10],[-53,27],[-19,65],[61,19],[43,31],[-13,145],[41,11],[76,48],[-7,-51],[48,0],[40,30],[2,66],[63,70],[-19,61],[-28,24],[-9,55],[-38,23],[27,90]],[[23316,33630],[1,2]],[[21614,32532],[-117,84],[-43,-5],[-36,31],[-64,8],[-84,-39],[-39,2],[-36,44],[-73,28],[-23,-76]],[[20946,32858],[27,22],[-6,71]],[[20494,31379],[47,47],[-27,71]],[[21949,32721],[-15,-55],[37,-138],[109,152],[79,133],[42,11],[30,39],[168,42],[42,-11],[19,47]],[[22460,32941],[57,-3],[49,-44],[-11,-95],[69,24],[9,-69],[-19,-12],[5,-179],[26,-91],[68,-17],[76,-73],[-29,-43],[32,-61]],[[21932,32287],[-89,65],[-10,43],[120,108],[-21,60],[20,35],[-103,73],[-15,-6]],[[20277,31330],[19,37],[-9,109],[-38,53],[-50,11],[-10,-62],[-72,0],[-3,-51],[-26,-39],[-48,15]],[[20040,31403],[17,67],[93,42]],[[22460,32941],[8,41],[59,62],[72,49],[8,98],[-34,90],[42,64],[59,5]],[[22674,33350],[73,-5],[70,50],[63,22],[53,112],[77,-1],[63,17],[70,45],[151,18],[22,22]],[[23284,32999],[-37,-78],[-10,-72],[19,-30],[-34,-35],[0,-62],[-35,-39],[13,-61],[-10,-60],[23,-27],[-9,-62],[-29,-11],[-75,-91],[-14,-80],[-49,-20]],[[19988,31133],[-3,52],[34,173],[21,45]],[[20836,32382],[-124,16],[-28,83],[-56,39],[1,36],[-37,67],[17,192],[-36,36],[-50,8],[-9,70]],[[20514,32929],[55,-62],[54,34],[52,-13],[56,17]],[[23624,32124],[-76,26],[-35,40],[-87,-5],[-44,-35]],[[23382,32150],[-33,-33],[-94,8],[-36,33],[-103,15],[-53,-39],[-43,-3]],[[21795,31259],[34,-42],[-1,-51],[-60,-134],[-53,-22],[-3,-100],[37,-99],[22,-31]],[[21771,30780],[52,-23]],[[21823,30757],[2,-20]],[[21825,30737],[-20,-80],[-94,-71],[-15,-52],[-63,-81]],[[21633,30453],[-35,-10],[-47,27],[-93,29],[-11,62],[-26,14],[-4,55],[-44,48],[-24,63],[-48,9],[-4,44],[-36,43],[-92,26],[-87,-27],[-20,41],[-47,-15],[-52,41]],[[19982,30923],[-65,54],[-42,11],[-17,71],[-24,44],[1,94],[-61,62]],[[19774,31259],[33,107],[-17,17],[62,94],[36,34],[16,47]],[[19904,31558],[23,7],[97,-78],[40,18]],[[21536,20230],[-80,-43],[33,-53],[-39,-65],[37,-63],[-12,-25],[-65,-12],[6,-33],[-57,-63],[5,-79],[-65,-54],[8,-33],[-33,-43],[5,-62],[-20,-63],[25,-67],[-11,-21],[21,-119],[37,-14],[20,-88],[-18,-48],[16,-46],[7,-92],[-38,-47],[-14,-76],[-23,-30],[-1,-98]],[[21280,18793],[-302,-72]],[[20978,18721],[-78,59],[-30,96],[25,34],[3,51],[-35,52],[5,49],[-39,4],[-12,40],[-62,18],[-4,42],[-50,70],[-52,48],[-51,18],[-54,-19],[-26,45],[-91,-13],[-35,91],[10,31],[-61,32],[-29,43],[-22,71],[-29,17]],[[20261,19600],[-13,42],[-70,91],[75,117],[35,13],[41,54],[-48,158],[-47,9],[4,125]],[[20238,20209],[40,-4],[57,48],[77,34],[13,124],[77,55],[20,90],[47,49]],[[20569,20605],[97,35],[57,78],[-15,72],[21,75],[33,23],[52,78],[0,31],[96,56]],[[20910,21053],[-4,30],[60,91],[55,66],[14,46],[33,20],[22,97],[30,18],[84,0],[63,45],[102,32],[29,-4],[31,94],[26,24],[5,52]],[[21460,21664],[33,-4],[36,-69],[-2,-34],[48,-125],[30,-4],[-28,-71],[-4,-54],[52,-95],[-33,-45],[-1,-70],[-17,-102],[175,-74],[-39,-138],[20,-37],[-23,-48],[-4,-137],[-85,-123],[-61,-68],[-36,-3],[-5,-59],[20,-74]],[[20336,18274],[-76,-41],[-59,-1],[-63,-54],[-14,-81],[15,-86]],[[20139,18011],[-147,3],[-43,-39],[-77,24],[-62,-44],[-37,44],[37,147],[-97,82],[-51,21]],[[19662,18249],[-30,74],[-59,68],[6,59],[-50,20],[112,108],[30,155],[155,113]],[[19826,18846],[53,26],[127,-84],[-11,-20],[33,-74],[36,-25],[13,-51],[37,-15],[3,-64],[21,-53],[27,-7],[17,-57],[52,-88],[94,-26],[8,-34]],[[20261,19600],[-101,-164],[83,-19],[20,-35],[31,-132],[-25,-29],[-3,-48],[32,-20],[32,-76],[74,-30],[-54,-240],[36,-83]],[[20386,18724],[-41,-81],[48,-75],[-16,-46],[46,-86],[46,-41],[-12,-85],[-44,-29],[-77,-7]],[[19826,18846],[-95,59],[-74,22],[-9,36],[-73,33],[-2,26],[-48,33],[-12,52],[17,26],[-18,42],[-53,57],[39,62],[-43,87],[-33,39],[-64,3],[-106,-86],[-45,0],[-48,62],[20,45],[-7,94]],[[19172,19538],[83,70],[64,-16],[73,9],[36,27],[60,80],[41,0],[45,33],[11,60],[-15,35],[32,29],[68,9],[64,98],[102,80],[103,-8],[108,47],[15,40]],[[20062,20131],[69,45],[61,-12],[46,45]],[[21724,22097],[54,-40],[1,-52],[68,-29],[-5,-56],[93,-3],[-4,-33],[34,-72],[12,-69],[40,-20],[14,-38],[-12,-50],[19,-76],[-20,-28],[19,-56],[-41,-75],[-6,-77],[-22,-53],[-70,-80],[0,-99],[22,-78],[-21,-38],[9,-50],[-32,-86],[19,-57],[-25,-210],[-20,-14],[-27,-190],[13,-30],[58,-19],[30,14],[37,-30],[62,10],[36,-52],[57,-17],[64,-83],[64,-33],[2,-37],[31,-52],[67,14],[31,-22],[100,-1],[80,16],[16,17],[90,-1],[63,43],[67,-51],[24,-92],[-11,-46],[23,-41],[6,-57],[40,-5],[15,-42],[54,-28],[-10,-33],[50,-17],[-24,-74],[38,-91],[41,-25],[26,-80],[52,-30],[24,-55],[-21,-66],[29,-12],[10,-134],[31,-33],[-39,-22]],[[23149,19071],[-118,60]],[[23031,19131],[-44,11],[-46,47],[-52,6],[-42,43],[-34,-5],[-37,32],[-2,59],[-36,13],[-45,57],[3,31],[-51,56],[-75,33],[-39,-5],[-20,64],[-56,48],[-45,19],[-76,-15],[-126,78],[-52,-10],[-80,51],[-69,25],[-54,-19],[-38,6],[-88,80],[-44,21],[-3,38],[-58,131],[19,25],[-46,90],[20,76],[48,67],[-17,17],[30,73],[-23,13],[19,72],[-13,37],[13,67],[36,46],[46,108],[1,55],[-31,20],[-19,90],[14,22],[-223,1163]],[[21596,22067],[71,40],[57,-10]],[[21460,21664],[-48,62],[23,64],[51,20],[75,166],[7,50]],[[21568,22026],[28,41]],[[23031,19131],[-35,-2],[-38,-55],[-28,0],[-129,-101],[-58,0],[-23,-30],[-41,2],[5,-76],[-18,-95],[16,-30],[-24,-102],[18,-33],[-43,-49]],[[22633,18560],[-33,-141],[-91,365],[-338,15],[-36,12],[-32,43],[-76,34],[-24,54],[21,71],[-7,48],[-53,80],[-74,78],[-98,46],[-6,74],[-50,71],[-24,8],[-31,94],[-65,57],[-36,-8],[-13,48],[117,67],[19,53],[-7,65],[33,18],[24,53],[-217,365]],[[23213,48826],[-16,-53]],[[23197,48773],[-33,-48],[-22,-88],[0,-60],[-49,-119],[2,-55]],[[23095,48403],[-127,-49],[-45,-32],[-114,21]],[[22809,48343],[-41,31],[-41,5],[-58,-27],[-51,19]],[[22618,48371],[-8,8],[52,134]],[[22683,48898],[10,55],[-68,-35]],[[22625,48918],[-10,81],[38,6],[27,41],[-8,84]],[[22672,49130],[80,-1],[76,66]],[[26597,38855],[-1116,-983]],[[25481,37872],[-113,28],[-23,-13]],[[25345,37887],[-32,42],[52,18],[-3,45],[58,100],[134,124],[-46,53],[-3,67],[40,42],[-54,55],[-91,31],[-43,29],[-26,56],[10,28],[-21,95],[55,34],[64,-11],[42,46],[83,4],[28,37],[58,7],[64,50],[113,-13],[59,13],[8,28],[-26,59],[-47,-5],[39,78],[118,96],[34,60],[127,-11],[64,-31],[51,18],[50,47],[53,26],[44,53],[31,0],[45,52],[190,-1]],[[26667,39308],[-2,-72],[-17,-76],[-22,-16],[12,-75],[-33,-137],[-8,-77]],[[24098,45246],[-47,-82],[-66,3],[-141,36]],[[23844,45203],[-12,56],[-26,21],[-76,12],[-5,34],[60,34],[38,123],[73,81],[82,32],[27,34]],[[24005,45630],[17,-60],[46,-14],[29,30],[93,-3],[-25,-109],[-40,-100],[-54,-65],[27,-63]],[[23042,46894],[98,-53],[117,3],[23,-30],[64,9],[50,-23],[228,-1]],[[23622,46799],[31,-54],[32,-109],[-8,-70],[-22,-34],[-84,-67],[1,-36],[54,-47],[40,-72]],[[23666,46310],[2,-40],[-47,-62],[-59,-52],[25,-67]],[[23587,46089],[-170,-73],[-29,-55],[-55,-16],[-25,25],[-134,-62]],[[23174,45908],[25,86],[97,38],[-144,75],[-58,-35],[-48,-11]],[[23046,46061],[-72,39],[-52,4],[-122,68],[-12,23]],[[22788,46195],[34,74],[-11,33],[31,68],[26,10]],[[22868,46380],[24,9],[54,94],[-28,39],[50,61],[14,76],[46,15],[6,63],[-45,28],[45,53],[-35,40],[43,36]],[[22066,49671],[-88,65],[-35,-21],[-84,13]],[[21859,49728],[-27,11],[-83,-9],[-13,35],[-89,34]],[[21647,49799],[-12,34],[32,28],[11,63],[42,12],[27,104]],[[21747,50040],[65,-9],[59,-78],[45,-24],[-1,-88],[58,13],[60,-40],[13,45],[57,-29],[-63,-92],[26,-67]],[[22868,46380],[-50,2],[-52,38],[-48,-26],[-76,2],[-21,41],[-130,108],[-30,9],[-5,55],[-71,14],[-49,42],[-32,-35],[-32,70],[57,42],[-100,55],[-99,-3],[-74,26],[-66,37],[11,46],[-48,3],[-63,-49],[-12,-49],[-39,-9],[-42,-122]],[[21797,46677],[-13,52],[-44,38],[-65,13],[2,-55],[-37,-5]],[[21640,46720],[-19,159],[26,79],[-20,53],[58,74],[83,250],[-10,56]],[[21758,47391],[25,53],[-1,45],[41,67]],[[21823,47556],[51,3],[34,-23],[112,8],[88,-50],[8,-69],[-38,-110],[87,-73],[98,-5],[59,12],[88,-23],[27,-34],[97,-36],[126,40],[33,2],[44,46],[46,-27],[56,31],[77,-46],[36,-45],[37,26],[86,-1]],[[23075,47182],[7,-58],[-51,-32],[-7,-47],[45,-74],[-27,-77]],[[23095,48403],[30,-48],[58,-26],[92,-2],[95,-43],[85,-50],[50,-65]],[[23505,48169],[28,-63],[93,-90]],[[23626,48016],[5,-25],[-39,-56],[-71,-76],[-102,-38],[-42,-40]],[[23377,47781],[-90,98],[-71,18],[-41,-33],[-87,-2],[-19,-38],[-53,-21],[-31,41],[-75,45],[-58,-27],[-5,51],[29,84],[-65,12],[-103,37],[10,115],[24,26],[10,56],[57,100]],[[26761,44385],[-19,-83],[23,-84],[164,-174]],[[26929,44044],[-27,-32],[-85,-34],[-16,-33],[-58,-46],[3,-43],[43,-32],[-22,-95],[32,-40],[-66,-22]],[[26733,43667],[-37,45],[-33,-36],[-34,19],[-50,-16],[-39,31],[-19,46],[-20,128],[-74,82],[34,53],[18,73],[-51,26],[-43,54],[0,37],[41,42],[-18,95],[-59,46],[38,153]],[[26387,44545],[36,35],[64,-7],[35,-26],[82,-23],[47,10],[57,-48],[44,-20],[9,-81]],[[25544,44421],[-4,3]],[[25540,44424],[57,81],[52,50],[52,18],[127,-6],[48,44],[64,-42],[30,93]],[[25970,44662],[28,-12],[60,36],[61,-24],[31,16],[14,58],[55,-49],[63,21],[34,-39],[-11,-85],[41,1],[41,-40]],[[26387,44545],[-63,-19],[-34,-33],[-9,-51],[-65,23],[-149,-41]],[[25414,44571],[-47,-65]],[[25367,44506],[-17,-15],[-81,16],[-7,23],[-112,-29],[-32,12],[-96,-21],[-8,55],[-52,23],[-26,36],[-68,34],[-28,-10]],[[24840,44630],[45,31],[104,-2],[127,-31],[68,-72],[53,-17],[71,20],[74,-13],[32,25]],[[24391,44050],[-73,14],[23,64],[-35,39],[-8,51],[-57,110],[9,39],[-59,27],[-55,129],[-104,70],[-47,45],[-72,-12],[-108,26],[-39,42],[-24,55],[-69,-23]],[[23673,44726],[-34,31],[-89,10],[-55,38],[-14,61],[-39,95]],[[23442,44961],[-10,49],[-47,50],[-10,39],[-59,40],[-76,11],[-12,42],[14,58],[-20,40]],[[23222,45290],[12,83],[-19,51],[-58,19],[11,61],[-24,78],[-34,1],[28,123],[-39,25],[8,52],[67,125]],[[23587,46089],[75,66],[87,-8],[49,-69],[-1,-43]],[[23797,46035],[-56,-92],[-2,-36],[43,-73],[50,-35],[141,-67],[23,-36],[9,-66]],[[23844,45203],[-13,-34],[-4,-140],[118,-134],[41,-64],[72,-42],[82,-88],[109,-33]],[[24249,44668],[40,-60],[203,-26],[16,-94],[34,-45],[87,-53],[62,-111],[4,-54],[36,-43],[-40,-33],[55,-87],[-47,-9],[16,-47]],[[22109,48905],[34,38],[49,-2],[43,29],[86,-35]],[[22321,48935],[53,25],[35,-9],[72,-69],[72,3],[72,33]],[[22618,48371],[-59,-74],[-50,44],[-44,2],[-76,-109],[-36,-33],[-30,26],[-21,-67],[-52,-66],[-38,7]],[[22212,48101],[-82,46],[24,88],[-44,-9],[-21,-37],[-61,13],[-82,57]],[[25540,44424],[-64,-7],[-80,50],[-29,39]],[[25414,44571],[-57,-5],[-22,61],[23,59],[53,52],[-62,50],[-8,52],[-49,25],[-50,53],[-32,69],[20,74],[68,55],[-18,42],[20,37]],[[25300,45195],[-3,-57],[54,-7],[54,40],[58,-15],[46,-59],[54,-39],[-29,-41],[50,-13],[44,-66],[85,-42]],[[25713,44896],[10,-47],[52,-11],[2,-46],[76,24],[49,-71],[-66,-5],[-4,-36],[45,-10],[51,43],[42,-75]],[[22212,48101],[-57,-95],[36,-18],[7,-39],[-57,-63],[-1,-32],[-55,-91],[-14,-55],[40,-77]],[[22111,47631],[-67,-21],[-154,-7],[-67,-47]],[[21758,47391],[-47,34],[-83,37],[-7,36],[-50,70],[-53,13],[-81,42],[-4,48],[-41,6],[-26,-47],[-76,60],[-5,61],[46,88],[-45,41],[0,65],[-24,48],[28,39],[-38,61]],[[24804,42677],[-8,-152],[66,-62],[-14,-84],[76,-82],[105,-1],[37,-57],[70,-6],[11,-73]],[[25147,42160],[-47,-37],[-39,1],[-14,-84],[8,-71],[-18,-29],[42,-35],[102,-39]],[[25342,41750],[6,-51],[32,-32],[5,-63],[38,-22]],[[25423,41582],[-23,-81],[-53,-122],[-51,-42],[104,-110],[39,-119],[-2,-56],[-64,-59],[-65,-26],[-62,21],[-53,-63],[-58,-41],[-8,-55],[28,-52],[-107,-105],[46,-33],[-25,-47],[-50,-53],[-105,-6],[-99,30],[-39,-47],[-10,-44],[17,-137],[-35,-69],[3,-62],[28,-18],[-4,-48],[-29,-20],[-23,-91],[22,-12],[-30,-105],[9,-101],[-50,-75],[-41,-18],[15,-134],[-2,-76],[-135,16],[-39,-23],[-16,-46],[-83,-44],[22,-92]],[[24395,39317],[-54,3],[-66,108],[36,56],[-16,28],[10,72],[73,21],[5,82],[-12,122],[27,97],[-12,34],[17,97],[57,30],[46,54],[46,17],[94,-4],[44,22],[6,76],[-78,24],[-40,55],[-14,180],[-40,5],[28,65],[-8,74],[-25,47],[14,86],[-3,68],[13,58],[-57,52],[-8,104],[-33,11],[-42,58]],[[24403,41119],[-45,40],[-17,53],[-41,31],[-22,69],[-57,24]],[[24221,41336],[16,64],[-23,111],[-74,67],[2,50],[-41,12],[-6,41],[-37,61],[-29,3],[-43,120],[24,53],[54,76],[100,20],[10,27],[97,32],[72,10],[13,29],[62,13],[78,-45],[29,26],[1,53],[79,55],[-22,75],[-47,17],[-7,58],[18,37],[3,65]],[[24098,45246],[43,32],[83,-17],[59,49],[80,-6],[3,56],[52,40],[88,15]],[[24506,45415],[67,-27],[82,55],[82,72],[107,-3],[0,-36],[46,-81]],[[24890,45395],[47,-73],[41,2]],[[24978,45324],[57,-23],[25,-44],[46,-26],[-19,-50],[26,-73],[-57,19],[-11,-31],[-114,-31],[-32,12],[-36,-60],[-35,-21],[-11,-64],[-54,-55],[-44,18],[-41,-33]],[[24678,44862],[-59,-60],[18,-60],[-55,-7],[-32,-26],[-102,44],[-63,-14],[-54,-39],[-82,-32]],[[26718,42818],[75,-18],[63,-51],[-40,-42],[36,-19],[51,5],[69,-77],[82,49],[42,-7],[2,-74],[65,11]],[[27163,42595],[4,-144],[-31,-105],[31,-34],[-29,-47],[-6,-56],[26,-47],[-38,-56],[-12,-77],[-29,-34],[-18,-65],[26,-128],[2,-52]],[[27089,41750],[-14,-33]],[[27075,41717],[-29,-32],[-78,-17],[-57,-83],[-110,-74],[-39,-68]],[[26762,41443],[-51,85],[25,25],[-26,59],[-109,56],[-29,52],[-76,16],[-30,58],[-72,27],[-33,-17],[-130,16]],[[26231,41820],[-19,10],[-103,-73],[-107,22],[-49,-24],[-59,-67],[-105,-47],[-72,-52],[-52,-7],[-44,18],[-127,1],[-71,-19]],[[25435,42520],[65,56],[-1,56],[25,41],[-87,23],[32,53],[110,66],[58,76],[96,80],[42,13],[8,38],[-37,60],[20,31],[-23,45],[33,21],[20,84]],[[25796,43263],[77,47],[75,-13],[245,-17],[64,-34],[47,1],[12,-50],[94,-62],[-54,-34],[37,-36],[-11,-39],[-87,-54],[-84,-102],[-26,-7],[-100,-129],[-19,29],[-57,31],[-25,-42],[-88,-60],[-25,6],[-58,-42],[-33,-57],[-87,-55],[-30,-60],[-39,24],[-129,-42],[-48,13],[-12,41]],[[24678,44862],[7,-48],[61,4],[43,-19],[6,-55],[31,-47],[14,-67]],[[25591,43419],[-193,12],[-278,-3],[-36,31],[-49,10]],[[26929,44044],[36,-12],[42,-50],[12,-90],[-10,-79],[19,-51]],[[27028,43762],[-72,-62],[-18,-39],[23,-86],[-39,-115]],[[26922,43460],[-23,-8],[-13,-132],[-51,-17],[-17,94],[-71,-36],[-10,91],[-215,-25],[-62,41]],[[26460,43468],[58,49],[-8,51],[84,-18],[109,81],[30,36]],[[25147,42160],[28,109],[88,35],[58,83],[48,29],[-15,43],[52,14],[29,47]],[[25796,43263],[31,85],[29,33],[-14,54]],[[25842,43435],[59,-54],[22,16],[76,-15],[39,30],[17,53],[78,6],[47,-30],[98,10],[54,49],[43,-62],[21,24],[46,-34],[18,40]],[[26922,43460],[20,-122],[55,-58],[12,-56],[41,-86],[16,-61],[-6,-123],[26,-61],[86,-94],[1,-56]],[[27173,42743],[-10,-148]],[[22672,49130],[-134,3],[0,102],[76,70],[-8,48]],[[22470,49308],[-41,-24],[-29,-104],[2,-113],[-81,-132]],[[21902,49094],[39,23],[14,75]],[[21955,49192],[51,49],[72,29],[-15,42],[-1,80],[31,32],[217,80]],[[22111,47631],[61,47],[15,27],[116,-32],[25,-21],[53,42],[99,-19],[48,-31],[39,-76],[96,-8],[75,22],[2,-41],[36,-17],[155,-10],[58,21],[59,0],[65,-26]],[[23113,47509],[-34,-60],[64,-43],[-30,-43],[49,-28],[25,-47],[-114,-81],[2,-25]],[[24221,41336],[-38,13],[-18,64],[-66,-11],[-59,29],[-21,60],[-59,42],[-56,3],[-35,23],[-27,64],[-42,-2],[-41,33],[-79,-15],[-47,41],[-38,86],[-47,27],[5,44],[-67,66]],[[23486,41903],[-8,77],[54,6],[68,94],[-35,21],[90,64]],[[23655,42165],[35,6],[21,50],[56,16],[43,-34],[75,51],[99,-41],[55,11],[26,-51],[37,12],[1,100],[59,43],[61,70],[-17,35],[27,62],[-17,33],[28,72],[37,-12],[35,-59],[87,14],[18,73],[57,55]],[[23377,47781],[-36,-28],[5,-114],[-27,-42],[-9,-58]],[[23310,47539],[-5,-48],[-143,-5],[-49,23]],[[25095,39452],[61,-34],[55,2],[44,-33],[143,95],[82,84],[62,35],[88,104],[105,33],[57,52]],[[25792,39790],[79,89],[-16,22],[29,94],[-12,24],[109,34],[96,55],[23,-1],[143,64],[38,-24],[122,-10],[42,56],[-12,41],[95,-24],[60,27],[77,-6],[49,26],[12,42],[142,-108],[71,-1]],[[26939,40190],[22,-74],[36,-44],[-17,-41],[-52,-28],[23,-32],[-9,-56],[-48,-26],[-7,-90],[-34,-32],[-26,-102],[-62,-10],[-51,-90],[-76,-17],[-31,-26],[-15,-71],[27,-26],[48,-117]],[[25345,37887],[-9,-23],[-146,31],[-66,5],[-14,68],[9,77],[-3,88],[-70,56],[7,91],[-23,22],[-33,102],[-77,109],[45,213],[24,30]],[[22088,49669],[-22,2]],[[21747,50040],[-2,58],[117,16],[27,57],[45,55],[-3,74],[-20,39]],[[21911,50339],[58,37],[7,44],[29,35],[-21,29],[3,112],[37,75],[122,-19]],[[21859,49728],[44,-82],[-16,-19],[25,-68],[-19,-81],[-28,-33],[-71,-39],[-27,-40]],[[21767,49366],[-82,13],[-156,-55],[-58,1]],[[21471,49325],[-58,42],[56,39],[43,111],[-6,43],[27,126],[31,23],[21,67],[62,-10],[0,33]],[[24402,39302],[-7,15]],[[26231,41820],[-55,-67],[30,-66],[-28,-22],[6,-46],[-43,-33],[12,-67],[68,-36],[77,6],[-12,-38],[73,-71],[-24,-66],[0,-144],[10,-92],[-39,-83],[-6,-44],[-125,-96],[-27,-32],[-11,-82],[-58,-63],[-45,-12],[-43,-40],[-72,-13],[-67,5],[-9,-160],[-40,-4],[-82,-72],[57,-34],[95,14],[-33,-75],[-104,-44],[-21,8],[-125,-28],[-41,-83],[-22,-80],[19,-59],[-39,-37],[48,-134],[118,51],[47,-2],[60,-43],[12,-46]],[[26762,41443],[3,-35],[-17,-116],[14,-124],[20,-36],[76,-71],[26,-48],[-14,-110],[6,-62],[43,-68],[-1,-141],[41,-54],[39,-108],[-63,-102],[-38,-19],[-10,-40],[67,-71],[-15,-48]],[[23797,46035],[56,-30],[82,32],[26,-25],[65,-22],[25,-72],[29,-25]],[[24080,45893],[90,-16],[54,-63],[-7,-64],[77,-59],[92,-32],[17,-72],[99,-126]],[[24502,45461],[4,-46]],[[21605,48885],[-97,46],[-2,43],[-101,42]],[[21405,49016],[-71,58],[3,70],[-46,52],[96,105],[36,-15],[48,39]],[[21767,49366],[59,-37],[88,-139],[41,2]],[[21218,48460],[-259,-199]],[[20959,48261],[-24,131],[56,-6],[28,58],[30,18],[45,99]],[[21094,48561],[56,-46],[47,2],[-47,161],[95,16],[21,84],[-32,43],[-1,41],[23,63],[28,4],[-15,115],[28,7],[108,-35]],[[23310,47539],[31,-80],[32,-13],[28,-58],[55,-58]],[[23456,47330],[81,-69],[35,-94],[-35,-100],[95,-119],[-62,-72],[52,-77]],[[30352,32392],[-32,-28],[-69,-21],[-46,-72],[-94,71],[3,-53],[-26,-54],[6,-52],[-44,-70],[30,-49],[-21,-74],[-45,-49],[-41,-97],[-47,-38]],[[28108,33887],[137,-97],[17,-91],[32,9],[67,-34],[53,7]],[[30330,34414],[-48,-27],[-8,-28],[-53,-20],[-61,-52],[-31,26],[-43,-43],[-82,32]],[[30004,34302],[-18,42],[-95,83],[-16,40],[-52,54],[-8,33]],[[29815,34554],[55,94],[-1,60],[32,38],[74,38],[-2,36]],[[30197,34037],[-51,29]],[[29967,34247],[37,55]],[[30867,35982],[39,-23]],[[30906,35959],[87,14]],[[28298,32629],[41,5],[145,82]],[[26652,33603],[74,-66],[-8,-35]],[[26698,33443],[-36,-62],[6,-44],[40,-45],[90,22],[-26,-47]],[[26772,33267],[-45,-5],[-68,-56]],[[26613,32971],[2,-88]],[[26615,32883],[26,-116],[3,-75]],[[26644,32692],[-35,-117],[-54,26],[-47,-20],[-17,-34]],[[26772,33267],[44,-49],[-12,-66],[34,-29],[9,-88],[-18,-78]],[[26829,32957],[-32,-50],[-45,7],[-65,-61],[-52,49],[-20,-19]],[[29674,34364],[72,88],[24,70],[45,32]],[[27027,32982],[-52,62],[-26,-35],[-92,-49],[-28,-3]],[[31296,36160],[-35,23],[-16,63],[44,63],[-3,47],[-29,44],[12,55]],[[31269,36455],[52,27],[28,96],[111,116],[2,59],[-19,33],[22,45],[-11,71],[-37,41]],[[31417,36943],[38,51],[-11,54],[-26,16],[10,63],[-10,52],[54,47],[19,101]],[[21094,34017],[28,29],[71,-23],[62,28],[-4,104],[38,28],[8,41],[-25,43]],[[21272,34267],[46,38],[65,-60],[51,-68],[63,-20]],[[21497,34157],[45,-8],[72,-59],[112,13],[24,-23],[60,5],[53,-43],[78,21]],[[21941,34063],[28,-54],[29,-12]],[[19470,36666],[11,-42]],[[19481,36624],[-3,-52],[-27,-82],[11,-28],[-34,-71],[-8,-85],[-28,-38],[-16,-81]],[[19376,36187],[-64,8]],[[19312,36195],[-43,24],[-22,93],[-51,-4],[-33,48],[-44,-2],[-58,67],[-78,33],[-26,32]],[[18957,36486],[-1,76],[25,34],[-51,39],[4,68],[-51,24],[27,52],[92,21],[36,26],[16,44],[60,2],[99,67],[0,92]],[[19213,37031],[67,-57],[42,-18],[50,-93],[24,-69],[-29,-62],[7,-33],[96,-33]],[[22514,35508],[-33,39],[-27,73],[-38,-36],[-5,-46],[-44,-56],[-39,9]],[[22328,35491],[-9,85],[55,11],[-6,49],[20,38],[-18,67],[74,37],[-36,70],[9,28]],[[22417,35876],[71,-14],[107,-47],[200,80]],[[20368,34720],[82,45],[51,-32],[27,45],[79,7]],[[20607,34785],[23,-87],[-48,-53],[46,-32],[36,-72],[-35,-58]],[[20629,34483],[-22,-2],[-77,-57]],[[19938,33733],[21,-79],[78,-45],[27,-34]],[[20064,33575],[34,-67],[33,-140],[24,-42]],[[20155,33326],[-12,-32],[-42,-18],[-23,-48],[-134,38],[-26,-17],[2,-114],[-12,-29],[31,-48],[0,-141],[-35,-30],[0,-82],[-42,-52],[-34,-14]],[[19828,32739],[-57,40],[-45,58],[-60,-3],[-99,33],[-18,62],[-37,14],[-12,63],[-22,25]],[[19478,33031],[9,46],[-20,37],[35,26],[-11,74],[-104,100],[-103,51],[-26,36]],[[19258,33401],[28,33],[120,-65],[89,-3],[51,48],[-18,32],[110,42],[33,-20],[47,10],[35,-35],[69,20],[27,40],[54,10],[-24,42],[-5,104]],[[19874,33659],[64,74]],[[20303,34944],[64,36]],[[20367,34980],[48,42],[41,-31],[61,27],[17,30],[13,95]],[[20547,35143],[33,-25],[19,-78]],[[20599,35040],[23,-151]],[[20622,34889],[-21,-35],[6,-69]],[[21766,37674],[88,30],[29,38],[67,0],[43,18],[21,-42],[46,-17],[25,-88]],[[22085,37613],[-5,-62],[-54,-74],[6,-130],[-39,-49],[-57,8],[-7,-47]],[[21929,37259],[-43,-1],[-19,-41],[-70,-34],[-48,20],[-115,-55],[-13,-52]],[[21621,37096],[-108,4],[-64,29],[-93,-7],[-82,-46],[-29,17]],[[22347,39058],[40,74],[122,3],[18,40],[39,2],[92,37],[41,54],[52,21],[68,-12],[-12,-39],[48,-58],[72,-21],[3,28]],[[23204,38829],[-61,15],[-27,-42],[27,-64],[-47,-60],[-58,-114],[-109,-92],[-45,-100],[-44,-38],[-38,-100],[-11,-66],[-81,-98],[4,-141],[-22,-78],[-67,-103],[-107,-61],[-72,-26],[-27,-66],[-73,-24],[-14,-31]],[[22332,37540],[-45,46],[-55,-1],[-85,46]],[[22147,37631],[11,32],[-6,81],[-25,137],[35,75],[-19,28],[-62,-12],[-39,42],[-13,80],[19,92],[-22,63],[-49,34],[-50,14],[-27,42],[-61,58],[-12,65],[11,63],[-8,50]],[[20083,35827],[-42,-47],[-23,-53],[16,-52],[-36,-83],[50,-39],[-20,-68],[46,-45],[-31,-39],[15,-40],[-48,-32]],[[20010,35329],[-9,-9]],[[20001,35320],[-53,14],[-18,-23],[-93,-23],[-32,-60],[-89,-3],[-90,74],[-46,23],[-65,61],[-20,65]],[[19495,35448],[49,109],[5,93]],[[19549,35650],[64,5],[38,26],[54,-27],[40,12],[27,53],[42,35],[18,70]],[[19832,35824],[13,30],[48,23],[117,-23],[8,-25],[65,-2]],[[22674,33350],[-82,34],[-60,-34],[-45,18],[-87,-38],[-37,-33],[-62,1],[-168,96],[-24,3]],[[20002,34824],[0,55],[35,55],[-6,40],[15,74]],[[20046,35048],[-27,93],[19,53],[-8,47],[-36,8],[7,71]],[[20010,35329],[34,-44],[87,-39]],[[20131,35246],[37,-56],[49,-24],[38,-60],[64,-16],[36,12],[34,-40],[-25,-42],[3,-40]],[[19258,33401],[-45,38]],[[19213,33439],[23,67],[58,63],[-27,52],[27,29],[-7,42]],[[19287,33692],[54,17],[32,-36],[68,-16],[65,50],[74,38],[81,63]],[[19661,33808],[34,-32],[4,-35],[40,-47],[135,-35]],[[20046,35048],[-82,-7],[-98,18],[-33,-39],[-11,-46],[-96,-97],[-59,12],[-46,-51],[-26,-71],[-74,-15]],[[19521,34752],[-39,39],[-37,169],[8,100],[-52,28],[-28,63],[20,48],[-44,55],[-4,113],[67,12],[25,34],[58,35]],[[19287,33692],[-54,11],[34,46],[-51,42],[16,76],[-61,52],[0,59],[85,131],[47,-4],[14,85],[-16,42],[24,25]],[[19325,34257],[52,-10],[55,-36],[32,-49],[59,34],[74,-42],[82,49],[29,-6],[1,-89],[16,-55],[39,-29],[36,2]],[[19800,34026],[-2,-51]],[[19798,33975],[13,-71],[-31,-43],[-66,-11],[-53,-42]],[[20668,37953],[-41,60],[1,35],[-40,24],[-16,71]],[[20572,38143],[44,32],[32,76],[6,54],[29,27],[65,-1],[17,29],[62,40],[27,61],[139,77],[99,10],[53,66],[49,20],[81,-24],[124,89]],[[20035,37426],[8,-68],[-74,-68],[-4,-29],[35,-45],[-54,-85]],[[19946,37131],[34,-38],[15,-52],[37,-37],[-57,-41],[7,-52],[44,-25],[50,-103]],[[20076,36783],[-41,2],[-40,-68],[-79,-53]],[[19916,36664],[-24,69],[6,33],[-86,9],[-30,54],[-33,6],[-36,49],[-55,23],[-11,27]],[[19647,36934],[-43,93],[-41,32],[11,51],[-18,93],[19,56],[51,19],[33,41],[-40,87],[-1,175],[25,7],[28,64],[-19,49],[12,43]],[[19664,37744],[124,-7],[44,30],[-13,-85],[24,-67],[41,-33],[44,2],[26,-102],[81,-56]],[[21259,40339],[21,48],[16,91],[45,29],[25,59],[-46,58],[30,45]],[[21350,40669],[87,-50],[36,1],[51,114],[56,33],[124,20],[38,42],[4,60],[38,88]],[[21784,40977],[16,-72],[62,19],[51,-26],[-1,-39],[107,-14],[1,64],[93,74],[21,87],[43,-27],[40,43],[21,-31],[56,-27],[38,-78],[-6,-48],[25,-50],[-70,-132],[48,-44],[-11,-78],[27,-39],[65,-26],[33,24],[59,0],[26,-48],[70,-12],[89,-35],[77,-14],[31,11],[8,-116],[-20,-33],[34,-74],[-4,-67],[-41,-50],[-8,-41],[24,-84],[-23,-73],[51,-58],[25,-47]],[[19376,36187],[3,-39],[80,-6],[31,24],[71,-37],[58,13],[7,-87],[76,-24],[11,-47],[-7,-76],[75,-32],[51,-52]],[[19549,35650],[-24,24],[-165,91],[21,87],[-20,104],[-83,58],[-34,2],[-18,89],[76,65],[10,25]],[[22147,37631],[-62,-18]],[[23551,36046],[18,-25],[50,1],[39,-91],[131,-48],[32,-65],[51,4]],[[23872,35822],[60,-18],[14,-77],[45,-9],[1,-64],[24,-38],[52,-32],[64,6],[60,-59],[-24,-16],[-9,-100]],[[24159,35415],[-10,-146],[-28,9],[-131,185],[-47,3],[-58,-169]],[[23885,35297],[-121,9],[-22,72],[-46,11],[-21,81],[-31,57],[-33,16]],[[20514,32929],[-34,35]],[[21996,34678],[76,-20],[64,5],[24,-34],[-5,-54],[45,-60],[59,-26],[84,-67],[-57,-41],[18,-26],[60,7],[15,-54],[67,-20],[-16,-60],[-51,-53],[-3,-51],[-30,-63]],[[21941,34063],[-15,118],[-18,24],[20,131],[-89,-19],[-33,49],[-32,85],[-38,44],[36,27],[-24,77],[-64,-6]],[[21684,34593],[-90,89]],[[21594,34682],[22,82],[-35,71],[31,49],[95,18],[8,73]],[[21715,34975],[21,-14],[4,-64],[82,-33],[21,-58],[38,21],[-25,88],[6,59]],[[21929,37259],[21,-50],[50,-32],[66,11],[62,-25]],[[22128,37163],[-65,-49],[-17,-44],[10,-52],[-25,-13],[-17,-60],[17,-94],[-24,-50],[-74,-30]],[[21933,36771],[-49,24],[-8,33],[-70,26],[-15,30],[-73,61],[-44,-2],[0,69],[-61,46],[8,38]],[[17839,40284],[18,-102],[-23,-165],[-67,-102],[13,-27],[-22,-52],[43,-105]],[[17801,39731],[-86,-28],[-40,-55],[-68,-2],[-77,-155],[-65,-68],[-51,-27],[-96,41]],[[17318,39437],[-7,66],[-28,19],[-20,68],[-110,81],[-76,138],[4,51],[-107,40],[-70,2],[0,50],[-71,24],[-14,97],[-98,54],[-5,47],[48,79],[-43,57],[12,102],[22,45]],[[16755,40457],[33,-42],[115,-47],[84,-5],[48,-46],[85,-36],[82,28],[96,-49],[48,11],[49,60],[146,-12],[33,-17],[52,28],[126,-3],[87,-43]],[[22793,36302],[-105,-9],[-7,-48],[-45,-49],[-42,48],[-22,62],[-76,-19],[-51,47]],[[22342,34830],[37,-66],[0,-58],[37,-6],[28,-40],[98,-32],[16,-35],[63,-36]],[[22621,34557],[53,-70]],[[22674,34487],[-117,-35],[7,-33],[-53,-14],[-7,-29],[27,-94],[84,-38],[10,-49],[96,21]],[[21867,35809],[11,39],[51,12],[101,76],[50,23],[7,38]],[[22087,35997],[90,17],[62,-12],[60,-50],[13,-42],[105,-34]],[[22328,35491],[-39,-43]],[[22289,35448],[-61,10],[-15,41],[-43,37],[-17,43],[-67,-4]],[[20023,34342],[-77,-22],[-84,23],[-49,50],[-52,-15],[-46,21],[-24,63],[23,22],[-9,67],[13,40],[-15,46],[-116,12],[-74,74]],[[19513,34723],[8,29]],[[22198,36355],[-27,-25],[-46,4],[-19,-43],[-50,-25],[-42,-65]],[[22014,36201],[-12,-37],[-39,-22],[-36,52],[-47,0],[-52,22],[-38,-40],[-39,-2],[-66,-43],[-27,-77],[-73,-29],[-24,-49],[-72,4],[-105,-24]],[[21384,35956],[-66,3],[-69,-20]],[[21249,35939],[-17,33],[23,92],[80,-12],[-8,88],[15,71]],[[21342,36211],[11,17]],[[21353,36228],[34,-7],[5,54],[64,49],[44,-55],[38,-9],[18,33],[89,40],[116,-11],[107,26],[119,71],[81,4],[46,-35],[84,-33]],[[23649,40302],[-79,199]],[[23570,40501],[47,55],[4,37],[-34,26],[16,74],[-33,54],[-9,86],[26,42],[-37,25],[16,42],[-35,56],[10,73],[-14,44],[48,64],[-29,52],[27,29],[51,1],[3,-123],[101,-31],[33,-59],[38,-3],[62,-48],[71,-4],[12,-37],[53,36],[44,-22],[30,-41],[30,6],[53,-38],[49,46],[74,89],[49,32],[34,-1],[43,56]],[[21342,36211],[-242,-9],[-110,72]],[[20990,36274],[-37,42],[-61,21],[-5,50],[-45,30],[4,56],[-79,67],[-53,80],[-57,16],[32,60],[68,46],[140,-5],[21,25]],[[20918,36762],[68,-33],[79,47],[62,-38],[-46,-66],[45,-67],[53,-6],[40,-49],[-54,-37],[15,-123],[41,-11],[37,-50],[52,-20],[43,-81]],[[20803,33817],[5,-119],[-21,-45],[-54,34]],[[20646,33816],[-38,48],[-78,46],[-92,15],[-44,69],[-69,69]],[[20629,34483],[56,-29],[78,20],[60,-59]],[[19096,37359],[-20,-68],[80,-101],[57,-40],[-11,-89],[11,-30]],[[18957,36486],[-70,-26],[-43,3],[-36,-48],[-68,0],[-74,-112],[-121,-6],[-43,-69],[-72,-34],[-65,26],[-30,48],[7,68],[-44,18],[-24,93],[-53,42],[-60,-24],[-95,-74],[-83,-87],[-25,-131],[-50,-35],[-45,24],[-3,59],[-92,48],[-35,65],[29,29],[-35,103],[-57,6],[-40,-61],[-39,-14]],[[17591,36397],[20,90],[-61,92],[9,44]],[[17559,36623],[20,50],[-24,73],[-11,84]],[[17544,36830],[46,20],[4,46],[71,42],[-4,37],[34,59],[41,31],[84,-41],[102,-6],[71,-26],[58,7],[5,39],[-26,32],[2,83],[-18,72],[8,109],[37,41],[66,-24],[37,-61],[43,-15],[63,-70],[54,1],[54,-25],[11,-49],[50,-33],[53,17],[28,48],[55,50],[-38,62],[19,29],[-49,61],[-14,68],[34,88],[75,45],[79,-17],[65,40]],[[19470,36666],[46,14],[-7,59],[42,78],[42,25],[11,41],[43,51]],[[19916,36664],[-23,-63],[-57,75],[-33,17],[-46,-60],[-5,-43],[-91,-18],[-66,33],[-50,-4],[-64,23]],[[22116,35039],[71,-21],[17,39],[76,22],[35,-46],[39,34]],[[22354,35067],[61,31],[54,138],[29,31]],[[22498,35267],[1,-38],[116,-166],[13,-84],[50,-19],[21,-41]],[[22699,34919],[-35,-92],[-6,-157],[-36,-20],[-1,-93]],[[21618,35272],[4,-45],[-36,-23],[-67,8],[-49,-52],[-37,22],[-139,-35],[-37,33]],[[21257,35180],[-16,36],[19,52],[40,34],[-60,67],[-35,119]],[[21205,35488],[86,69],[68,32],[16,28]],[[21375,35617],[28,-40],[62,-27],[6,59],[55,53]],[[22509,35281],[-11,-14]],[[22354,35067],[-85,100],[6,45],[-34,94],[24,127],[24,15]],[[20131,35246],[-10,67],[33,50],[75,21],[32,-47],[74,-4],[69,56],[91,-28]],[[20495,35361],[0,-54],[25,-18],[27,-146]],[[19798,33975],[101,-27],[49,-35],[-18,-123],[8,-57]],[[20572,38143],[-63,8],[-130,-35],[-35,-43],[-38,-6]],[[20306,38067],[-34,-54]],[[20272,38013],[-68,41],[2,70],[-94,41],[-53,38],[-56,-6],[-71,13],[-13,38],[16,100],[-53,42],[55,68],[-41,149],[-70,-8],[-40,-101],[-41,-23],[-50,9],[-13,-93],[-38,-36],[-22,-54]],[[19622,38301],[-61,2],[-24,47],[-31,-7],[-42,48],[-56,-3],[-45,35],[-64,13],[-46,-30],[-58,-12],[-32,-70],[-41,-7],[-50,31],[-99,-61],[-64,10],[-51,34],[-39,-6],[-52,39]],[[18767,38364],[-316,476],[-55,99],[-87,120],[-96,120]],[[18213,39179],[1108,-92]],[[19321,39087],[303,-25]],[[19624,39062],[410,-34],[40,82],[-7,61],[24,64],[38,25],[-34,34],[8,55],[82,14],[45,45],[1,56],[42,84],[-41,37],[70,57],[-33,53],[9,67],[44,42],[-16,71],[76,47],[107,-104],[106,12],[28,42]],[[20623,39872],[64,-16],[24,-23],[92,-11],[60,24]],[[20166,33321],[-11,5]],[[20064,33575],[0,48],[42,30],[15,93],[26,57],[-40,54],[10,30]],[[21497,34157],[-10,27],[31,105],[-8,59],[-27,52],[29,60],[104,31],[68,102]],[[24402,36640],[-53,-46],[-106,-145],[-76,-39],[29,-50],[1,-48],[-31,-90],[-23,-32],[-4,-53],[-40,-132],[-91,25],[-3,45],[-69,13],[-65,28],[-45,-21],[-73,3],[15,-85],[88,-41],[-13,-69],[29,-81]],[[21943,35360],[43,-52],[91,-162],[-34,-12],[7,-70]],[[21715,34975],[-30,140],[51,50],[67,0],[-7,80]],[[20998,34402],[94,-9],[6,-24],[84,-16]],[[21182,34353],[28,-64],[62,-22]],[[23570,40501],[-28,-44],[-33,-11],[-339,142],[8,61],[-20,76],[-51,14],[-12,27],[44,52],[22,75],[50,17],[45,36],[5,54],[-39,16],[-33,68],[-78,103],[-33,-3],[54,142],[74,7],[-2,232]],[[23204,41565],[67,53],[4,30],[92,131],[1,123],[118,1]],[[20184,36302],[15,96],[-4,67],[-23,20],[-61,165]],[[20111,36650],[11,55],[43,-13],[120,37],[70,-59],[107,15]],[[20462,36685],[7,-54]],[[19569,37862],[35,64],[-4,80],[32,138],[-21,51],[11,106]],[[20272,38013],[-38,-14],[-66,-114],[-21,-72],[-37,-28],[-5,-91],[-24,-47],[3,-160],[-49,-61]],[[19664,37744],[-36,49]],[[19800,34026],[46,111],[54,39]],[[24621,36847],[151,185]],[[24772,37032],[35,-50],[75,-8],[99,-161],[-1,-139],[108,-54]],[[25088,36620],[-66,-51],[-29,-47],[-59,-32],[-14,-29],[21,-62],[-13,-82],[44,-142],[-37,-81],[26,-83],[78,-77],[15,-57],[-70,-61],[-87,-1],[-84,-76],[-34,-132],[-55,-57],[-62,-32],[-81,-68]],[[24581,35450],[-61,-40]],[[24494,35396],[-59,-20],[-85,-11],[-74,-22],[-53,79],[-64,-7]],[[24382,34682],[-35,-45],[-38,8],[-84,-19],[-44,-26],[-99,35],[-37,32],[-55,-73],[-70,-1],[-9,-57],[-47,-88],[-105,33],[-64,-14]],[[23695,34467],[-60,37],[-58,-6],[-20,31],[-112,48],[-36,-3],[-33,-37],[-115,75],[-76,21]],[[23185,34633],[86,33],[21,42],[42,-17],[93,13],[91,68],[17,105],[-7,66],[24,51],[46,37],[47,104],[36,30],[91,10],[67,40],[46,82]],[[23440,34240],[-8,23],[54,33],[100,137],[33,15],[64,-5],[12,24]],[[25481,37872],[-54,-70],[0,-50],[-118,-19],[-55,-26],[-18,-45],[3,-53],[-38,-33],[-58,32],[-45,-47],[-79,1],[-2,-47],[-48,-27],[19,-50],[-31,-96],[-44,-39],[-31,-102],[-66,-62],[-36,16],[-57,79],[-72,2],[-14,-75],[44,-30],[45,4],[65,-27],[-19,-76]],[[23461,37831],[-8,87],[-50,41],[-11,58],[32,107],[43,50],[-13,30],[3,80],[-13,27]],[[20896,34509],[72,60],[-12,68],[-45,92],[49,92]],[[20960,34821],[30,29],[47,-6],[84,127],[64,40],[108,11]],[[21293,35022],[0,-116],[57,-50],[42,-101],[4,-66]],[[21396,34689],[3,-62],[-21,-14],[-29,-82],[1,-39],[-73,-42],[2,-36],[-97,-61]],[[20306,38067],[32,-44],[-9,-80],[37,-57],[31,-131],[-2,-126],[13,-17]],[[20408,37612],[-20,-122],[-33,-49],[-25,-71],[12,-56],[-23,-42],[28,-65],[-37,-64]],[[20310,37143],[-29,-9],[-121,13],[-120,-30],[-30,29],[-64,-15]],[[19325,34257],[10,67],[-55,34],[1,56],[-65,32],[-37,54]],[[19179,34500],[46,45],[22,54],[73,14],[-8,48],[102,-9],[82,73],[17,-2]],[[20951,37498],[-65,-57],[-25,-46],[-136,24]],[[20725,37419],[-14,40],[-35,19],[-51,-25],[-88,25],[-50,-30],[-30,-48],[-13,-60],[4,-64],[-23,-15],[-12,-56]],[[20413,37205],[-50,-14],[-10,-38],[-43,-10]],[[20408,37612],[91,24],[66,96],[7,65],[28,65],[68,91]],[[23185,34633],[-22,71],[-54,26],[-11,50],[-35,45],[-92,32],[-63,40],[-53,13],[-59,-7],[-33,-23],[-29,37],[-35,2]],[[22674,34487],[-2,-55],[87,-61],[40,-70],[48,-17],[30,-49],[84,-39],[27,9],[51,56],[28,69],[83,69],[9,-70],[281,-89]],[[20725,37419],[40,-111],[56,-98],[-44,-73]],[[20777,37137],[-26,32],[-78,-85],[-35,-8],[3,-50],[-95,23],[-108,128]],[[20438,37177],[-25,28]],[[17585,43289],[-38,25],[22,51],[-119,41],[7,107],[-36,43],[-36,11],[-14,90]],[[17371,43657],[-8,34],[79,36],[80,17],[135,54],[105,66],[7,71],[85,53]],[[17854,43988],[58,-79],[-15,-52],[-32,-41],[38,-19],[25,-59],[97,-18],[24,-32],[-55,-59],[-17,-74],[-75,-46],[-33,30],[-31,-39],[1,-40],[-39,-12],[-35,-61],[-39,-34],[-74,-90],[-67,26]],[[21249,35939],[-34,-48],[-65,-21],[-22,-55],[-29,-17]],[[21099,35798],[-75,-17],[-36,68],[-10,62],[-51,10],[-28,33],[-34,-65],[-36,-12],[-37,-98],[-34,8],[-100,66]],[[20658,35853],[63,33],[-15,48],[15,38],[-57,57],[36,16],[22,51],[-7,57]],[[20715,36153],[47,30],[95,22],[31,-22],[49,62],[53,29]],[[18642,43232],[-36,-33],[72,-42],[68,6],[1,-41],[-45,-18],[31,-49],[61,-64],[1,-155],[-30,-112],[23,-46],[51,-22],[54,-79]],[[18893,42577],[-10,-25],[-143,-38],[-38,-38],[-92,-51],[-104,-134],[-29,-103],[-71,-67],[0,-37],[-64,-144],[-27,-22],[-7,-77],[13,-89],[-28,-30],[-50,0],[-9,-117],[-92,-32]],[[18142,41573],[6,153],[-43,57],[7,89],[42,19],[12,66],[-49,52],[31,88],[-10,68],[18,49],[5,147],[-29,55],[2,76],[38,15],[-35,91],[-55,17],[-21,44],[19,50],[61,19],[-12,51],[10,12]],[[18139,42791],[18,-32],[147,-4],[20,-30],[67,10],[6,51],[51,87],[-23,80],[39,31],[-50,27],[2,43],[53,83],[35,10],[26,79],[76,-8],[36,14]],[[26750,31278],[53,-39]],[[26803,31239],[8,-38],[51,-31],[-61,-88]],[[26801,31082],[-42,-38],[-20,-50]],[[26739,30994],[-83,42],[27,34],[-74,142]],[[26609,31212],[68,54],[73,12]],[[27113,28695],[69,-50],[-26,-25],[-30,-76],[19,-28],[14,-81],[28,-18]],[[27187,28417],[-40,-20],[-122,27],[-85,-4],[-37,-105],[-50,30],[-104,-32],[-28,-44],[-56,-41],[-60,21],[-67,0]],[[26538,28249],[-15,49],[39,71],[46,30],[26,-11],[22,55],[-37,97],[4,61],[-37,38]],[[26586,28639],[62,20]],[[26648,28659],[110,-61],[44,100],[97,7],[9,66],[64,51],[21,97],[24,16]],[[27017,28935],[20,-35],[16,-86],[-6,-54],[36,-12],[30,-53]],[[26538,28249],[-40,-103],[-36,-62],[-38,-31],[-44,63],[-40,-22],[-46,25],[-38,-42],[-27,5],[-32,-106]],[[26197,27976],[-6,-24],[-98,2],[-22,-12],[-37,-76],[-62,-74],[-82,-14],[-46,-29],[-45,15]],[[25799,27764],[13,40],[67,107],[3,67],[-22,40],[14,153],[64,23],[-17,69],[16,98]],[[25937,28361],[39,16],[114,-6],[21,96],[-53,16],[-14,45],[36,26],[21,62],[39,33],[-23,42],[-61,27],[22,26],[87,3]],[[26165,28747],[39,1],[56,-43],[26,24],[50,5],[49,-21],[26,-60],[68,22],[107,-36]],[[24241,29942],[63,-58]],[[24304,29884],[-25,-23]],[[24279,29861],[-10,-27]],[[24269,29834],[-70,-101],[-38,-96],[-30,-40],[-65,-53],[-155,-156],[-48,-82],[-20,-7]],[[23843,29299],[-59,52]],[[23784,29351],[-47,62],[32,45],[-26,40],[10,36],[-37,43],[4,57],[34,94]],[[23754,29728],[19,43],[35,22],[9,47]],[[23817,29840],[37,46],[41,15],[61,-15],[82,39],[20,-32],[126,49],[57,0]],[[27592,30427],[-55,-102],[-1,-50],[-28,-21],[-19,-77],[7,-28],[58,-13],[63,-136]],[[27617,30000],[-26,-31],[-10,-56],[-61,-109],[12,-29],[-23,-149],[20,-36]],[[27529,29590],[-65,1],[-26,-24]],[[27438,29567],[-94,71],[-12,36],[13,104],[-15,71],[-47,65],[-52,36],[-54,57],[-74,61],[-88,-25]],[[27015,30043],[-20,10]],[[26995,30053],[-20,63],[10,53],[53,47],[81,-26],[45,6],[43,96],[-5,98],[-21,53],[-62,81]],[[27119,30524],[83,11],[10,46],[44,5]],[[27256,30586],[84,-76],[55,-6],[63,39],[29,-38],[34,7],[71,-85]],[[27015,30043],[1,-146]],[[27016,29897],[-60,11],[-159,-15],[-58,11],[-44,-20],[-83,-148],[-33,31],[-35,63],[-35,16],[-12,65],[-36,42],[-36,-41],[-71,-37]],[[26354,29875],[-73,-17],[-2,43],[-75,24],[22,53],[61,9],[19,36],[-32,28],[-12,43],[25,67],[-7,133],[-33,25],[10,98],[60,40],[-29,65]],[[26288,30522],[25,-35],[136,-1]],[[26449,30486],[-11,-47],[71,-39],[59,-9],[46,-63],[82,-71],[49,-3],[1,-75],[51,-14],[44,-105],[154,-7]],[[24973,30104],[12,-50],[-117,-124],[-15,-84],[-56,21],[-1,-105]],[[24796,29762],[-88,-42],[-21,-33]],[[24687,29687],[-41,45],[-84,40],[-13,39],[-77,36],[-33,79],[-24,4]],[[24415,29930],[-1,47],[29,12],[41,56],[33,15],[23,-36],[40,14]],[[24580,30038],[39,-7],[50,25],[47,0],[71,84],[35,11]],[[24822,30151],[36,-23],[87,16],[11,20]],[[24956,30164],[17,-60]],[[25069,32527],[-39,-79],[62,-59],[2,-154]],[[25094,32235],[-18,-32],[12,-44],[48,-16],[33,-43],[-15,-49],[-2,-78],[-50,7]],[[25102,31980],[-54,67],[-63,29],[-64,1],[-31,-79],[-36,-27],[-36,14],[-59,-18]],[[24759,31967],[-23,26],[-46,-26],[-54,14]],[[24636,31981],[34,21],[35,97],[48,23],[-6,110],[22,48],[40,28],[15,64],[-61,29],[61,73],[19,103],[31,36]],[[24874,32613],[57,-37],[0,-69],[62,11],[36,37],[40,-28]],[[25102,31980],[-23,-61],[4,-54],[-29,-73]],[[25054,31792],[-51,-45],[-26,-136],[-40,-80],[-45,-16],[-102,25]],[[24790,31540],[-22,42],[17,49],[-16,121],[36,27],[9,53],[40,43],[-95,92]],[[25278,31367],[20,-68],[33,-20],[34,-63]],[[25365,31216],[-69,-47],[-58,-5],[-14,-28],[39,-79],[-24,-37],[29,-38],[-9,-42],[74,-38],[-16,-81],[-55,-33],[-48,-54]],[[25214,30734],[-42,29],[-75,-3]],[[25097,30760],[-18,71],[-67,65],[-24,119],[5,55],[29,36],[-55,84]],[[24967,31190],[34,63],[105,14],[44,24]],[[25150,31291],[63,-7],[65,83]],[[27685,32347],[-9,-86],[-37,-71],[-30,-26],[-1,-39],[-68,-31],[-83,-80],[23,-49],[-19,-28]],[[27461,31937],[-76,-48]],[[27385,31889],[-46,45],[-51,24],[-71,10],[15,32],[-49,67],[-75,55]],[[27108,32122],[6,89]],[[27114,32211],[22,-2],[71,66],[88,-21],[24,-26],[92,20],[139,99],[26,-21],[100,67]],[[27882,31532],[6,-61],[-27,-18],[-25,-80],[35,-12]],[[27871,31361],[2,-81],[-49,-77],[-72,-18],[-51,-81],[-52,-43],[-36,-75]],[[27613,30986],[-64,-16],[-27,-33],[-37,0],[-70,-49],[-33,7]],[[27382,30895],[-30,36],[-32,-4],[-36,32]],[[27284,30959],[35,27],[55,76]],[[27374,31062],[16,39],[-20,29],[13,45],[33,25],[11,59],[116,167],[32,74],[41,24],[-2,38],[80,59],[34,4],[70,-45],[24,-38],[-2,-45],[41,-7],[21,42]],[[25707,30638],[0,-44],[-34,-18],[-51,-128],[-54,-26]],[[25568,30422],[-90,-89],[-2,-43],[62,-39],[-17,-20]],[[25521,30231],[-58,-52],[-50,-98],[-121,82]],[[25292,30163],[-76,88],[-20,74]],[[25196,30325],[80,100],[79,-26],[30,12],[40,111]],[[25425,30522],[68,-7],[81,57],[52,63]],[[25626,30635],[81,3]],[[27868,30828],[-107,2],[-100,13],[-24,33],[-24,110]],[[27871,31361],[49,-37],[-5,-86],[21,-22]],[[28870,29850],[4,-41],[125,-25],[-43,-70],[17,-66],[74,-12],[-6,-54],[22,-44],[-51,-92],[9,-48],[-80,-44],[-21,-93],[-35,1],[-39,-88],[-50,-5],[-60,-36],[-121,-103],[-58,-26],[-74,14],[-39,-19],[-144,-116],[-4,-44],[-38,-58]],[[28258,28781],[-48,-53],[-45,-10],[-57,-40],[-42,32],[-46,-6],[-80,29],[-102,53],[6,71],[-13,67],[-63,82]],[[27768,29006],[-17,76],[14,81],[-56,48],[-46,94]],[[27663,29305],[21,84],[70,38],[0,62],[26,28]],[[27780,29517],[43,70],[73,4],[76,99],[25,54],[68,16],[51,114],[45,37],[49,11],[97,68],[33,45]],[[28340,30035],[71,-81],[30,14],[92,-31],[36,0],[16,-44],[42,-4],[50,-40],[48,38],[96,-41],[49,4]],[[25521,30231],[54,-95],[53,-36],[97,-6]],[[25725,30094],[16,-28],[-25,-37],[39,-61],[-79,-25],[-26,12],[-53,-63],[-43,-23]],[[25554,29869],[-56,5],[-32,-30],[-34,15],[-48,-26]],[[25384,29833],[-37,50],[-12,146],[-49,120],[6,14]],[[23843,29299],[-47,0],[-48,-87]],[[23748,29212],[-69,-27],[-73,-87],[-45,-75],[-24,-16],[-106,-129],[-31,-2]],[[23400,28876],[14,76],[-9,30],[46,39],[35,155],[-9,66],[38,6]],[[23515,29248],[7,-32],[40,-17],[29,-40],[79,71],[27,53],[87,68]],[[26609,31212],[-79,52]],[[26530,31264],[41,38],[-27,27],[-2,76],[76,88],[12,73]],[[26630,31566],[90,60],[54,0],[26,28],[37,-15]],[[26837,31639],[17,-68],[-44,-53],[83,-67],[-92,-111],[9,-33],[-60,-29]],[[24445,28975],[72,12],[53,-12],[45,-32]],[[24615,28943],[-31,-66],[-115,-98],[-43,-100],[8,-38]],[[24434,28641],[-13,7]],[[24421,28648],[-23,17],[-96,-19],[-19,-30],[-78,-18],[1,-49],[-112,-128],[-19,52],[-63,-27],[-88,16],[-14,59],[-54,5],[-30,46]],[[23826,28572],[102,55],[19,-4],[106,160],[-2,112]],[[24051,28895],[51,46],[63,-35],[57,51],[59,-2]],[[24281,28955],[49,36],[74,17],[41,-33]],[[25054,31792],[29,16],[71,-15]],[[25154,31793],[-37,-49],[-21,-90],[-54,-73],[22,-48],[-28,-61]],[[25036,31472],[-57,22],[-119,-76],[-3,-80]],[[24857,31338],[-72,25]],[[24785,31363],[-22,60],[28,88],[-14,22]],[[24777,31533],[13,7]],[[24967,31190],[-59,-3]],[[24908,31187],[-37,18],[0,51],[-41,43],[27,39]],[[25036,31472],[70,-75],[54,11],[2,-81],[-12,-36]],[[24797,28121],[143,-54],[49,-63],[14,-122],[18,-13]],[[25021,27869],[-14,-54],[-55,24],[-71,-9],[-105,7],[-39,34],[-61,-29],[-40,20],[-29,-36],[-78,-4]],[[24529,27822],[-25,39],[6,39],[73,116],[75,57],[33,79]],[[24691,28152],[96,5],[10,-36]],[[25843,31908],[137,40],[30,-44],[36,-9]],[[26046,31895],[76,-56],[18,-44],[16,-105]],[[26156,31690],[-1,-39]],[[26155,31651],[-35,-37],[-39,17],[-22,-31],[12,-60],[-29,-50],[8,-80],[-21,-56],[-37,-11]],[[25992,31343],[-11,15],[-100,-8],[-37,-36],[-27,-70],[-42,21]],[[25775,31265],[-3,28],[-54,44],[-42,108],[-57,24],[-40,-7],[-40,55]],[[25539,31517],[0,66],[-66,38],[-53,56],[-99,11],[-32,78]],[[25289,31766],[51,72],[24,58],[73,-6],[28,48],[-2,113]],[[25463,32051],[10,50],[87,-7],[25,20]],[[25585,32114],[22,-28],[-4,-73],[19,-29],[-9,-110],[47,-43],[57,17],[1,41],[125,19]],[[25988,32588],[-22,-91],[-30,-36],[13,-124],[-86,-44],[4,-50],[-56,-6],[-37,-36],[-54,-80]],[[25720,32121],[-84,73],[-24,72],[-52,5]],[[25560,32271],[-7,62],[-28,35],[-11,89]],[[25514,32457],[51,65],[18,-1],[124,146]],[[24691,28152],[3,47],[-28,41],[2,102],[-60,35],[-25,38],[-37,143]],[[24546,28558],[46,11],[76,-10],[58,-80]],[[24726,28479],[24,-39],[48,-31],[19,-79],[40,-88],[-25,-20],[-35,-101]],[[29534,30229],[-134,-880]],[[29400,29349],[-112,-735]],[[29288,28614],[-42,-149],[-40,17],[-23,43],[-74,45],[-24,43],[-63,54],[-108,46],[-88,25],[-211,37],[-105,55],[-111,-8],[-141,-41]],[[28870,29850],[17,106],[18,47],[57,25]],[[25508,29097],[34,-9],[41,-56]],[[25583,29032],[-13,-72],[14,-177],[-11,-115],[39,-14],[4,-55],[-53,-91],[-40,-30],[-21,-72]],[[25502,28406],[-30,12],[-96,-19],[-28,14],[-99,-4],[-37,42],[-8,56],[-34,8]],[[25170,28515],[16,44],[-18,37],[27,48],[-40,62],[-32,15],[16,111],[44,74],[3,44],[39,100],[51,-67],[52,7],[22,36]],[[25350,29026],[51,22],[48,50],[59,-1]],[[24659,33716],[5,-39],[47,-16],[-35,-46],[43,-25],[-20,-92],[-55,-69],[15,-21],[-3,-99],[-94,-67],[-22,-64],[-51,-62],[3,-91],[-19,-38]],[[24473,32987],[-5,-49],[-51,-57],[-17,-48],[-68,-47],[-38,-52],[-11,-155],[12,-23],[-37,-41],[-39,-90]],[[24219,32425],[-69,-15],[-11,63],[43,50],[-77,44],[-4,41]],[[23817,29840],[-43,21],[-10,65],[-36,64],[-13,60],[18,62],[40,38],[-7,64],[45,76],[70,-30],[21,41],[47,-24],[33,24]],[[23982,30301],[98,-89],[44,-15],[48,8],[77,36],[54,12]],[[24303,30253],[-18,-118],[33,-34],[-77,-159]],[[24785,31363],[-29,-40],[-73,-2],[-44,14],[-167,2]],[[24472,31337],[2,190],[52,43]],[[24526,31570],[13,-14],[113,25],[45,54],[43,-14],[-12,-74],[49,-14]],[[26648,28659],[-36,79],[31,111],[46,44],[-26,31]],[[26663,28924],[56,-5],[-77,94],[41,26],[51,8]],[[26734,29047],[11,-12],[93,84],[123,-37]],[[26961,29082],[44,-90],[12,-57]],[[24303,30253],[22,44],[57,37],[11,97]],[[24393,30431],[14,-1]],[[24407,30430],[60,-33],[60,26]],[[24527,30423],[11,-55],[53,-49],[-23,-58],[5,-60]],[[24573,30201],[4,-38],[33,-27],[-30,-98]],[[24415,29930],[-37,-79],[-74,33]],[[24279,29861],[48,-12],[48,-175],[62,-62],[-6,-37],[39,-72],[-37,-73],[107,-13],[63,-39]],[[24603,29378],[-42,-49],[-68,-42],[-32,42],[10,43],[-61,-5],[-12,-114]],[[24398,29253],[-37,-6],[-73,22],[-68,89],[-21,93],[20,100],[8,115],[35,100],[7,68]],[[23826,28572],[-49,-28]],[[23777,28544],[1,38]],[[23778,28582],[-22,38],[-55,-22],[-4,44],[-44,-1]],[[23653,28641],[15,58],[-67,20]],[[23601,28719],[7,53],[69,8],[43,49],[-33,24],[12,55],[-23,28],[49,96],[59,-1]],[[23784,29031],[26,-1]],[[23810,29030],[50,-108],[62,-49],[64,-20],[21,37],[44,5]],[[25269,29839],[-2,-46],[23,-124],[-12,-51]],[[25278,29618],[-7,-19],[-125,6],[-73,20]],[[25073,29625],[-31,53],[-40,23],[-36,109],[3,37]],[[24969,29847],[22,12],[22,69],[32,-36],[96,59]],[[25141,29951],[126,-88],[2,-24]],[[24726,28479],[59,33],[52,0],[40,-29],[17,-53],[54,-19],[36,20],[95,-35],[47,-33],[55,17],[120,-39],[120,17],[74,19]],[[25495,28377],[-11,-92],[-8,-190],[-68,-39],[-48,35],[-68,12],[-66,70],[-34,-4],[-47,-80],[-23,-79],[-3,-69],[-41,-38],[-10,-39]],[[25068,27864],[-47,5]],[[26314,32356],[-24,-68],[34,-44],[74,-47],[5,-60],[-47,-75],[1,-45],[-30,-28]],[[26327,31989],[-69,-49],[-49,-6],[-127,26],[-36,-65]],[[25843,31908],[-16,44],[-66,42],[-14,41],[-38,35],[11,51]],[[25365,31216],[45,23],[42,-43],[56,-9],[74,-81]],[[25582,31106],[-40,-71],[19,-71],[-35,-33]],[[25526,30931],[-18,12],[-72,-66],[-65,-108],[-27,-71]],[[25344,30698],[-55,-21],[-81,38],[6,19]],[[23982,30301],[-43,45],[24,40],[2,94],[33,40],[-75,45],[-94,0],[-32,18],[-102,3]],[[23695,30586],[58,80],[-10,67],[58,-9],[21,36],[-28,28],[22,109],[-52,58]],[[23764,30955],[14,46],[58,39]],[[23836,31040],[-5,-44],[26,-53],[34,24],[85,-21],[48,-31],[16,-57],[82,-89],[73,-30],[64,28],[90,-23]],[[24349,30744],[-20,-23],[-12,-131],[64,-159],[12,0]],[[25097,30760],[-57,-76],[-40,1],[-59,30]],[[24941,30715],[-38,33],[-9,63],[-28,35],[-52,17],[-20,44],[-77,-34],[-39,85]],[[24678,30958],[48,28],[56,96],[66,69],[45,-39],[15,75]],[[26803,31239],[80,43],[15,54],[57,62],[121,-48],[50,-60]],[[27126,31290],[-23,-67],[67,-11],[5,-34],[62,-34],[66,-16],[71,-66]],[[27284,30959],[-43,-19],[-71,23],[-35,61],[-91,-1],[-36,-34],[-68,42],[-93,20],[-46,31]],[[25350,29026],[0,49],[-55,6],[13,78],[-16,27]],[[25292,29186],[-27,32],[23,86],[-15,44],[16,39],[-8,58]],[[25281,29445],[55,3],[10,26]],[[25346,29474],[25,14],[-5,79],[106,14],[22,-44],[72,-29],[-13,-73],[12,-57],[-33,-54],[-23,-117],[13,-47],[-14,-63]],[[25292,29186],[-65,-61],[-9,-64],[-73,1],[-44,33],[-131,-14],[-2,-39],[-33,-46],[-53,-40]],[[24882,28956],[-67,29],[-40,64]],[[24775,29049],[24,34],[67,180],[36,37],[53,103]],[[24955,29403],[81,18],[48,-9],[197,33]],[[27036,32839],[-50,-81],[-83,-7],[-16,-41],[-64,6],[-60,-41]],[[26763,32675],[-49,26],[-70,-9]],[[25554,29869],[0,-29],[66,-68],[66,-14],[34,-189],[-47,-38],[21,-53],[11,-91],[-17,-68],[-99,-246],[-6,-41]],[[25346,29474],[-31,43],[9,80],[-46,21]],[[25269,29839],[89,-38],[26,32]],[[26288,30522],[41,90],[45,176],[-28,3],[-57,50]],[[26289,30841],[-16,17],[32,79],[16,93]],[[26321,31030],[20,-6]],[[26341,31024],[53,-26],[27,-67],[30,0],[146,-104]],[[26597,30827],[-29,-57],[18,-60],[-22,-16],[-3,-76],[-49,-55],[-56,15],[-7,-92]],[[25626,30635],[35,26],[17,53],[-38,30],[-90,110],[11,25],[-35,52]],[[25582,31106],[23,47],[33,3],[94,50],[43,59]],[[25992,31343],[14,-55],[34,-35],[-23,-39],[-4,-59]],[[26013,31155],[-52,-13],[-36,-190],[4,-44],[-57,-112]],[[25872,30796],[-33,-30],[-99,-54],[-33,-74]],[[26837,31639],[24,33]],[[26861,31672],[56,33],[53,-22],[41,48],[59,27],[59,67],[24,45],[46,-31],[61,25],[25,35],[100,-10]],[[27385,31889],[-19,-43],[-51,-52],[-100,-150],[-47,-1],[-31,40],[-47,-97],[32,-15],[76,-152],[-40,-17],[30,-49],[-62,-63]],[[25278,31367],[31,38],[-2,36],[78,58],[87,-30],[67,48]],[[27184,32705],[-91,4],[-84,-124],[11,-42],[-42,-58],[-39,-29],[-33,-77]],[[26906,32379],[-50,-22]],[[26856,32357],[-59,46],[-25,45],[30,30],[-19,51],[-52,52],[-39,8],[15,69],[56,17]],[[26976,31991],[-31,-63],[-46,-21],[9,-36],[-34,-35],[-43,-5],[1,-59]],[[26832,31772],[-54,14],[-56,64],[-43,23],[-20,94]],[[26659,31967],[20,58],[83,42]],[[26762,32067],[37,28],[35,-45],[74,-16],[68,-43]],[[26013,31155],[78,-22],[1,-51],[83,-48],[24,-40]],[[26199,30994],[-18,-6],[-132,-169]],[[26049,30819],[-18,-61]],[[26031,30758],[-159,38]],[[26630,31566],[-82,68],[-58,-74],[-111,66],[-55,41],[-75,-21],[-25,80],[-68,-36]],[[26327,31989],[21,-40],[60,-27],[-24,-48],[88,-64],[38,18],[54,85],[95,54]],[[26832,31772],[26,-33],[3,-67]],[[24973,30104],[91,-17],[52,-38],[34,-58],[-9,-40]],[[24969,29847],[-67,-1],[-51,-61],[-55,-23]],[[26031,30758],[-1,-91],[-41,-60]],[[25989,30607],[-57,-57],[-27,-56],[-46,-2],[-53,-48],[-43,-78],[28,-46],[-34,-45]],[[25757,30275],[-33,79],[-65,-18],[-31,81],[-55,-51],[-5,56]],[[24615,28943],[129,49],[31,57]],[[24882,28956],[-11,-40],[-42,-32],[-17,-47],[-83,-84],[-173,-76],[-57,-8],[-55,-44]],[[24444,28625],[-10,16]],[[27882,31532],[5,31]],[[27887,31563],[49,9],[53,-33],[51,13]],[[24398,29253],[10,-57],[-26,-25],[3,-47],[50,-5],[19,-114],[-9,-30]],[[24281,28955],[-10,49],[-75,67],[-76,30],[-41,-4],[-31,51],[-98,-13],[-23,-43],[-48,-26],[-35,7],[-34,-43]],[[23784,29031],[-27,170],[-9,11]],[[26739,30994],[-99,-92],[-17,-44]],[[26623,30858],[-26,-31]],[[26341,31024],[15,60],[49,22],[35,-59],[45,-27],[35,37],[-24,83],[104,54],[9,18]],[[25069,32527],[35,14],[23,-73],[141,-42],[53,59],[74,-41],[16,44],[36,0],[67,-31]],[[25560,32271],[-31,-51],[-7,-49],[63,-57]],[[25463,32051],[-35,109],[-51,27],[-65,-49],[-43,14],[-76,111],[-62,-37],[-37,9]],[[28448,30446],[-38,-5],[-43,-67],[-61,-43],[-5,-52],[-44,-23],[-30,13],[-44,-32],[-61,7],[-24,-41],[-93,-38],[-112,-5]],[[27893,30160],[-101,53],[-37,102],[-53,59]],[[27702,30374],[2,54],[50,4],[108,-17],[-7,73],[29,67],[-2,55],[60,100]],[[28340,30035],[25,56],[41,30],[8,47],[-31,59],[22,77],[52,47],[51,-24],[99,34],[2,14]],[[26293,29637],[82,-39],[51,-53],[23,-78],[51,-22],[36,20],[99,-30]],[[26635,29435],[-24,-41],[34,-68],[-6,-92]],[[26639,29234],[-41,-5],[-21,49],[-41,10],[-55,-12],[-55,24],[-25,-11]],[[26401,29289],[-35,20],[0,37],[-90,34],[-51,7],[-78,89]],[[26147,29476],[20,-2],[44,119],[0,36],[82,8]],[[27108,32122],[-86,-59],[-8,-45],[-38,-27]],[[26762,32067],[-73,71],[89,80],[44,6],[11,92],[23,41]],[[26906,32379],[25,4],[88,-56],[38,-67],[23,41]],[[27080,32301],[34,-90]],[[25937,28361],[-36,-8],[-61,119],[8,50],[-56,83],[80,100],[34,90]],[[25906,28795],[67,-25],[48,25],[13,30],[-12,57],[109,82],[-26,97],[8,60],[80,65],[102,9],[47,-37]],[[26342,29158],[-43,-46],[22,-64],[17,-104]],[[26338,28944],[-36,-102],[-51,-59],[-53,-8],[-33,-28]],[[24526,31570],[24,23],[12,180]],[[24562,31773],[33,32],[18,96],[-7,39],[30,41]],[[25154,31793],[69,-16],[32,23],[34,-34]],[[24349,30744],[40,47],[-2,42],[25,34],[-20,51],[42,81]],[[24434,30999],[55,6]],[[24489,31005],[8,-87],[57,10]],[[24554,30928],[15,-27],[-24,-113],[-56,-28],[-33,-37],[-22,-116],[-13,-136],[-14,-41]],[[27887,31563],[-47,75],[-75,34],[-93,8],[-21,38],[-56,44],[-25,-8],[-47,93],[-39,37],[-23,53]],[[24678,30958],[-10,-48]],[[24668,30910],[-73,20]],[[24595,30930],[-41,-2]],[[24489,31005],[-16,75],[14,88],[-29,149],[14,20]],[[24603,29378],[35,33],[76,11]],[[24714,29422],[72,34],[59,-18],[12,39],[52,33],[39,-12],[22,-65]],[[24970,29433],[-15,-30]],[[24874,32613],[13,63],[27,54],[-18,63],[-48,58],[-8,50],[-35,26],[-7,45],[-53,-1],[-78,22],[-89,-44],[-105,38]],[[24822,30151],[59,44],[29,44],[25,101],[-5,43]],[[24930,30383],[39,73]],[[24969,30456],[47,-14],[77,-55],[55,-25],[-16,-44]],[[25132,30318],[-86,-122],[-90,-32]],[[26321,31030],[-9,40],[-42,-2],[-10,-36],[-61,-38]],[[26155,31651],[28,-41],[-10,-36],[52,-6],[64,-40],[-32,-46],[33,-24],[-45,-105],[-26,-83],[44,12],[69,-4],[28,-19],[74,-6],[96,11]],[[22002,24814],[36,-16],[-21,-85],[44,-78],[45,-10],[-5,-73],[-43,-35],[75,-14],[63,-48],[17,-37],[94,-65],[69,29],[99,1],[42,-12],[4,-43],[47,-145],[63,-2],[55,37],[49,-29],[142,-35],[25,7],[72,-22],[35,16],[-16,-86],[16,-34],[89,-6]],[[23098,24029],[-38,-57],[-122,-97],[-105,-140],[-13,-55],[-147,-162],[-49,-40],[-42,15],[-61,-44],[-25,17],[-80,-21]],[[22416,23445],[34,88],[-17,25],[-51,-2],[-10,52],[-41,82],[14,54],[-49,13],[-71,53],[-51,99],[-77,-13],[-78,3],[-96,35]],[[21923,23934],[-8,124],[-15,55],[-41,59],[29,77],[-53,27],[-45,125],[-22,32],[10,47],[-17,33],[-132,8],[-83,61],[9,40],[-107,76],[-32,-158],[-39,-29],[-43,-63],[-45,24],[-42,-8],[-13,35],[-132,5],[27,105],[-49,11],[-5,29],[-65,81],[-86,-50],[-36,-49],[-19,-91]],[[20869,24540],[-61,47],[-14,44],[55,86],[14,44],[65,33],[-7,89]],[[20921,24883],[40,50],[35,116],[124,115],[25,-16],[111,3],[27,58],[47,-17],[49,27],[43,-20],[89,17],[70,32],[12,32],[109,54],[47,-18],[-5,-52],[-97,-95],[-64,-108],[-78,-222],[31,-36],[135,-72],[10,-42],[57,19],[19,-89],[80,-7],[54,-27],[56,38],[16,106],[37,52],[2,33]],[[19172,19538],[-72,-41],[-15,47],[-97,58],[-57,16]],[[18931,19618],[35,54],[-18,83],[88,28],[50,49],[46,11],[10,51],[-28,77],[26,18],[39,66],[110,35],[23,34]],[[19312,20124],[53,18],[46,-6],[67,77],[-17,65],[68,70],[33,52],[8,57],[63,36],[3,23]],[[19636,20516],[40,8]],[[19676,20524],[51,-39],[35,24],[55,6],[91,-8],[40,-58],[-9,-43],[55,-63],[45,-168],[23,-44]],[[20645,22206],[14,-47],[52,-5],[0,-99]],[[20711,22055],[-13,-37],[46,-62],[-52,-49],[16,-136],[-35,-17],[-66,-74],[49,-3],[-11,-65],[-70,-39]],[[20575,21573],[-45,-18],[-102,2]],[[20428,21557],[-33,68],[-87,58],[-27,50],[-57,35],[141,-7],[42,43],[-66,10],[-82,-15],[-12,32],[5,134],[-17,45],[-41,50],[56,45]],[[20250,22105],[-20,42],[4,78],[99,6],[77,-23],[44,12],[96,-99],[46,-1],[-3,54],[52,32]],[[20921,24883],[8,63],[37,141],[-21,37]],[[20945,25124],[28,65],[67,55],[25,63],[41,35],[28,50],[-16,62],[53,31],[43,-25],[45,43],[-4,40],[26,51],[54,-23],[62,9],[42,-27],[67,77],[56,19],[63,0],[38,98],[124,-17],[24,45],[50,-37],[136,-73]],[[21997,25665],[60,-24],[19,23],[14,77],[49,38],[90,-23],[1,-83],[92,-21]],[[22322,25652],[-55,-38],[-56,-71],[6,-49],[-58,-8],[-15,-38],[-48,-25],[-1,-64],[24,-41],[-1,-54],[27,-48],[3,-63],[-23,-21],[5,-76],[-92,-45],[-65,-90],[32,-73]],[[22005,24848],[-3,-34]],[[21596,22067],[-58,118],[-82,18],[-62,127],[48,127],[9,73]],[[21451,22530],[33,7],[30,49],[46,36],[61,102]],[[21621,22724],[57,27],[63,117],[62,3],[93,53],[-7,29],[44,36],[19,41],[67,33],[3,25],[56,16],[151,137],[88,49],[8,87]],[[22325,23377],[66,19]],[[22391,23396],[66,-51],[-24,-84],[-45,-40],[-7,-37],[20,-85],[52,-73]],[[22453,23026],[-66,-58],[-13,-62],[-80,-119],[29,-15],[-27,-54],[-48,14],[-38,-11],[-74,9],[-12,-102],[-76,-95],[-21,-40],[-94,-105],[3,-45],[-52,-59],[-29,-58],[-66,12],[-65,-141]],[[20575,21573],[-2,-35],[63,-54],[-20,-33],[-87,-46],[-1,-41],[-27,-57]],[[20501,21307],[-7,-38],[-78,-65],[-45,-74],[-45,-36],[-60,-5],[-40,-111]],[[20226,20978],[-108,21]],[[20118,20999],[-61,116],[-31,2],[-38,45]],[[19988,21162],[40,43],[-6,35],[57,82],[109,41],[18,50],[63,1],[31,-48],[68,26],[23,48],[-8,58],[32,53]],[[20415,21551],[13,6]],[[23219,25356],[30,-111],[47,-57],[81,-65],[36,-116],[24,-12],[-21,-79],[10,-57],[45,-45],[65,5],[11,-42],[45,-44],[53,-25],[61,-4]],[[23706,24704],[-83,-79],[-5,-58],[-82,-11],[-93,-146],[-22,-51],[-45,-4],[-38,-81],[-85,-18]],[[23253,24256],[-18,-20]],[[23235,24236],[-25,-3],[-50,57],[-49,14],[15,91],[-12,36],[20,78],[-147,61],[-39,41],[-46,3],[-116,36],[-85,52],[-77,-81],[-38,26],[-49,-14],[-20,48],[-131,107],[-30,43]],[[22356,24831],[97,221],[64,-31],[108,-1],[106,39],[10,95],[56,65],[53,90],[33,13]],[[22883,25322],[24,-14],[75,31],[67,-28],[85,30],[20,-10],[65,25]],[[21621,22724],[-23,25],[1,111],[-178,254],[22,84],[-18,93]],[[21425,23291],[-10,43],[55,146]],[[21470,23480],[63,33],[32,-63],[57,46],[2,35],[47,60],[41,0],[60,46]],[[21772,23637],[4,-45],[47,-90],[149,43],[76,-28],[53,-67],[93,-74],[15,-32],[52,2],[64,31]],[[23219,25356],[19,8],[82,87],[105,75],[10,52],[49,45],[19,65],[36,23],[14,50]],[[23553,25761],[88,49],[70,53],[9,46],[-65,82],[-7,47],[47,126],[73,-8],[65,80],[-33,132],[45,61],[82,23],[5,65],[82,124],[39,5],[133,86],[34,46],[57,34],[43,62],[95,88],[36,121],[37,47],[4,89]],[[24492,27219],[87,-38],[7,-25],[58,-23],[45,22],[91,-18],[16,-61],[-43,-95],[1,-63],[-19,-44],[36,-35],[45,1]],[[24816,26840],[51,36],[29,-2]],[[24896,26874],[-29,-109],[-93,-58],[-31,-81],[-82,-7],[-78,-93],[-25,-99],[-41,-67],[8,-36],[-86,-105],[-45,-69],[-100,-17],[-128,-167],[52,-40],[12,-46],[-20,-48],[29,-86],[-50,-44],[6,-50],[-60,-33],[43,-59],[36,-101],[-32,-72],[33,-40],[-66,-31],[-75,-129],[-29,-34],[-2,-77],[-22,-71],[-79,-44],[-56,-11],[-33,-42],[-15,-66],[-74,-52],[-1,-41],[-52,-18],[-5,-27]],[[19976,21153],[-93,-120],[-58,-18],[-47,-47],[-60,29],[-105,-59],[-5,-49],[-56,-35]],[[19552,20854],[-106,18],[-22,57]],[[19424,20929],[62,43],[2,38]],[[19488,21010],[70,38],[21,37],[57,38],[-1,23]],[[19635,21146],[41,30],[55,-40],[48,-16],[110,6],[44,45],[43,-18]],[[20910,21053],[-41,13],[-51,-30],[-65,89],[-72,12],[-69,43],[-63,86],[-48,41]],[[20711,22055],[42,-5],[61,28],[103,-46],[52,-78],[84,-37],[77,-61],[64,44],[54,-37],[37,23],[62,1],[35,35],[182,82],[4,22]],[[20645,22206],[94,84],[79,-22],[22,25],[-3,63],[91,127],[65,35],[-18,47]],[[20975,22565],[36,23],[-35,64]],[[20976,22652],[48,48],[62,98],[29,8]],[[21115,22806],[-2,-50],[78,-33],[32,-84],[133,-18],[73,-35],[22,-56]],[[20569,20605],[-60,64],[-5,42],[-52,22],[-5,66],[-42,12],[-46,-12],[-53,31],[-29,44],[-21,85],[-30,19]],[[20911,23311],[-25,-76],[25,-54],[3,-59],[-19,-108],[17,-41],[-3,-81],[13,-35]],[[20922,22857],[-65,-51],[-78,9],[-53,19],[2,62],[-40,90],[15,50],[11,111],[-37,34],[-149,-75],[-72,32],[4,77],[-36,37]],[[20424,23252],[-103,47]],[[20321,23299],[13,7],[11,103],[21,22],[-55,112],[-88,20],[-52,30],[-18,65]],[[20153,23658],[278,29],[174,10],[91,-8],[56,-47],[12,-69],[32,-61],[21,-71],[0,-98],[71,-37],[23,5]],[[19059,20996],[-99,-106],[50,-30],[29,7],[60,-33],[51,-8],[-73,-82],[-83,-18],[-3,-69],[-39,-27],[-11,-69],[-94,-18]],[[18847,20543],[-54,0],[-57,-28],[-24,72],[-39,10],[-48,41],[-61,93],[-17,45],[-4,105],[24,68],[29,16],[-20,78],[-104,75],[-58,6],[-80,52],[-14,50],[-84,38],[-40,81],[17,14],[-103,182],[-49,49],[21,63]],[[18082,21653],[55,40],[20,92],[42,127],[38,35],[45,-28]],[[18282,21919],[-35,-54],[-18,-88],[5,-37],[-34,-25],[24,-86],[43,-45],[-33,-73],[35,-24],[-15,-76],[42,-32],[37,-85],[59,-32],[66,-1],[50,-24],[25,-35],[44,-18],[39,10],[70,-37],[12,-25],[106,-38],[86,-2],[97,-87],[72,-9]],[[18800,21674],[18,-53],[37,-23],[54,-67],[100,-9],[86,101],[45,-16],[67,36],[90,20],[102,8],[55,-26],[34,36],[45,8],[17,51],[48,79],[55,-79],[24,55],[103,70],[106,19]],[[19886,21884],[-53,-107],[-52,-35],[22,-41]],[[19803,21701],[-46,-45],[-76,-49],[-76,-26],[-20,-54],[15,-35],[-113,-99]],[[19487,21393],[-72,-63],[-102,-18],[-85,38],[-73,-16],[-33,33],[-5,42],[-46,35],[-73,-39]],[[18998,21405],[-61,-24],[-17,60],[-53,4],[-43,26],[-8,45],[-72,65],[-128,26],[-85,48],[-59,56],[-33,10],[-47,58],[-48,31],[-16,49],[-46,60]],[[18282,21919],[57,5],[70,30],[69,9],[91,-43],[148,-152],[83,-94]],[[18800,21674],[40,-9],[146,12],[45,33],[14,42],[51,12],[-86,234],[69,290]],[[19079,22288],[126,121],[89,-18],[76,-34],[28,7],[38,104],[-2,33],[56,51],[55,68],[33,83],[59,-17]],[[19637,22686],[13,-26],[58,-8],[34,-33],[48,-15],[-1,-57],[103,-91],[81,-12],[10,47],[65,63]],[[20048,22554],[-2,-40],[38,-28],[49,-91],[-11,-65],[-36,-49],[6,-86]],[[20092,22195],[-30,-23],[-14,-63],[-63,-15],[-36,-44],[-54,0],[-23,24],[-35,-48],[34,-42],[-45,-32],[18,-44],[42,-24]],[[20424,23252],[-32,-64],[-43,-35],[-27,-55],[75,-65],[-9,-47],[-60,-4],[-33,-56],[9,-171],[-33,-62],[-65,-83]],[[20206,22610],[-65,28]],[[20141,22638],[-29,36],[11,84],[-59,66],[-11,68],[44,54],[9,52],[49,32],[32,77],[39,40],[1,59],[94,93]],[[19488,21010],[-84,30],[-46,3],[-91,57],[-36,-27],[-51,-3],[-42,34],[5,43],[-26,35],[21,125],[-56,68],[-40,-2],[-44,32]],[[19487,21393],[114,-15],[18,-62],[-41,-86],[32,-68],[25,-16]],[[20250,22105],[-61,6],[-39,61],[-58,23]],[[20048,22554],[-6,24],[99,60]],[[20206,22610],[36,-27],[74,-23],[91,-44],[103,-1],[32,42],[126,-46],[-2,-35],[71,-40],[22,20],[101,33],[11,39],[81,-6],[23,43]],[[21923,23934],[-28,-45],[0,-45],[-51,-30],[-22,-72],[-50,-105]],[[21470,23480],[-43,50],[13,26],[-17,64],[-55,2],[-26,-35],[-88,-8],[-39,14]],[[21215,23593],[25,68],[-13,56],[-52,-16],[-126,106],[-98,-58],[-11,70],[-26,32],[-108,21]],[[20806,23872],[-13,91],[77,43],[49,8],[119,-43],[47,36],[48,110],[39,66],[56,52],[-12,36],[-135,26],[-25,19],[-109,-10],[-34,89],[-63,63],[-28,-2]],[[20822,24456],[42,53],[5,31]],[[18931,19618],[-45,-48],[-54,5]],[[18832,19575],[-6,57],[-31,27],[4,87],[-10,50],[-46,48],[-5,33]],[[18738,19877],[116,61],[83,119],[24,68],[64,61],[15,39],[37,-12],[22,32],[76,-21],[39,24],[65,-24],[33,-100]],[[20415,21551],[-63,27],[-43,66],[-56,11],[-20,27],[-58,-1],[-62,-19],[-51,60],[-68,-3],[-54,32],[-37,-15],[-41,-52],[-59,17]],[[18738,19877],[-67,58],[-26,-27],[-94,9],[-18,28],[-50,17],[-50,-19]],[[18433,19943],[-19,36],[4,59],[38,14],[40,55],[90,8],[65,38],[45,72],[0,65],[53,36],[78,134],[20,83]],[[19059,20996],[50,-33],[116,-26],[29,-30],[137,-9],[33,31]],[[19552,20854],[-32,-169],[21,-60],[29,-5],[1,-53],[65,-51]],[[22416,23445],[-25,-49]],[[18433,19943],[-32,-72],[-77,-4],[-52,27],[-64,-2],[24,50],[-8,52],[27,111],[-44,48],[-83,-54],[-25,-45],[-42,33],[-10,53],[30,45],[-49,120],[-47,19],[-68,59],[-67,37],[-77,26],[-65,-34],[-59,58],[-30,-7],[-43,58],[-71,41]],[[17501,20562],[-6,45],[45,58],[-55,72],[-83,22],[30,68],[-39,40],[-4,55]],[[17389,20922],[42,68],[80,18],[48,60],[-24,37]],[[17535,21105],[-21,36],[31,57],[-45,169],[123,109]],[[17623,21476],[43,-18],[96,5],[35,-31],[54,10],[23,-62],[57,-31],[72,59],[61,33],[-39,89],[8,111],[49,12]],[[20806,23872],[-40,-33],[-33,-55],[-54,-12],[-105,41],[-23,30],[-3,65],[-62,31],[-18,57],[-57,50],[-30,43],[-41,-20],[-41,23]],[[20299,24092],[21,91],[59,36],[53,2],[88,55],[32,64],[110,-8],[46,32],[40,-7],[74,99]],[[19676,20524],[78,92],[-3,29],[112,65],[31,87],[51,20],[72,67],[50,83],[51,32]],[[19988,21162],[-12,-9]],[[20922,22857],[54,-205]],[[22005,24848],[39,-24],[82,14],[2,107],[39,15],[103,-35],[30,-56],[56,-38]],[[23235,24236],[7,-22],[-30,-67],[-114,-118]],[[20153,23658],[17,110],[-56,54],[-80,26],[-115,-31],[-54,73],[-455,287]],[[19410,24177],[128,141],[29,-34],[4,-55],[77,-65],[19,-64],[30,14],[123,-42],[35,-53],[47,13],[12,-34],[80,-54],[87,10],[37,30],[63,8],[52,45],[21,43],[45,12]],[[21215,23593],[-9,-26],[-73,-46],[-73,-93],[-32,-80],[-53,-46],[-64,9]],[[22322,25652],[-7,69],[18,50],[40,3],[35,72],[54,-19],[35,10],[256,-6],[41,-13]],[[22794,25818],[-30,-64],[52,-58],[-100,-45],[8,-60],[-18,-27],[17,-67],[-53,-125],[31,-17],[52,6],[33,-17],[78,3],[19,-25]],[[21425,23291],[-24,-25],[-31,-78],[23,-37],[-69,-16],[1,-51],[-53,-56],[-2,-65],[-39,0],[-73,-123],[-43,-34]],[[31553,51730],[-91,-59],[-35,-57]],[[31427,51614],[-49,51],[-87,-2],[-47,40],[-48,11],[-43,-13],[-54,18],[-12,60],[-61,14],[-53,-57]],[[30973,51736],[-28,16]],[[30945,51752],[-6,51],[-62,45],[31,45]],[[30908,51893],[8,49],[-5,110],[15,18],[74,-24],[20,20],[45,100],[-32,146],[8,52],[-16,63]],[[31025,52427],[41,-18],[40,45],[48,22],[35,113],[-2,27],[-60,9],[36,60],[110,-13],[65,27],[8,-84],[28,-26],[16,-69],[64,-41],[-3,-59],[24,-30],[108,-39],[48,-76],[21,-122],[37,-22],[25,-87],[22,-144],[-88,-19],[-42,-34],[-106,13],[-71,-8],[-70,38],[-41,-7],[44,-64],[54,-25],[65,-6],[46,-21],[26,-37]],[[30973,51736],[46,31],[48,9],[27,-65],[57,-19],[52,9],[82,-47],[91,2],[38,-51],[25,3]],[[31439,51608],[36,-71],[-87,-82],[-5,-39],[-56,-52],[23,-19],[-60,-54],[-3,-36],[-57,-117],[-87,-98],[-84,-47],[-28,-49],[-28,15],[-93,-22],[-7,-47],[-46,-97],[5,-22],[-48,-40]],[[30814,50731],[-66,77],[-124,92],[-48,-4],[-26,23],[-89,7],[-53,45],[2,43],[-49,76],[-95,27],[-20,77],[-37,73],[-41,41],[-45,19],[-112,127]],[[30011,51454],[66,69],[27,52],[52,24],[6,63],[37,5]],[[30199,51667],[22,-56],[132,-66],[30,6],[58,-33],[38,-43],[87,-44],[81,0],[68,25],[24,85],[39,28],[7,38],[160,145]],[[28400,51058],[-102,-68],[-70,-69],[-66,-27]],[[28162,50894],[-80,-2],[-73,-26],[-65,-40],[-83,-9],[-60,7],[-125,-37]],[[27676,50787],[-42,82],[-12,69],[-64,65],[-24,98],[11,57],[-18,71],[-65,46],[-11,31],[56,101],[-16,36],[60,37],[-50,65],[27,63],[-21,59],[37,39],[-37,47],[-17,50],[30,24],[58,-10],[37,40],[21,60],[24,5],[72,78],[1,69],[47,55],[9,76],[-32,15]],[[27757,52215],[146,-29],[161,41],[165,-20],[65,18],[185,-2],[83,25],[133,27],[80,30],[74,53],[9,22],[117,72]],[[28975,52452],[9,-47],[58,-33],[17,-46],[40,-44],[72,-55],[21,-31],[-12,-62],[-25,-28],[13,-58],[-25,-43],[10,-34],[-61,-85],[-98,-22],[-1,-71],[-38,-44],[-48,-83],[-48,-21],[-51,-51],[-136,-57],[-7,-27],[-52,-28],[-18,-56],[44,-46],[-17,-86],[-30,-44],[-107,-22],[-12,-79],[-51,-47],[-22,-44]],[[30002,51447],[-28,-131],[28,-74],[-23,-69],[56,-25],[10,-35],[79,-70],[-9,-126],[32,-62],[0,-56],[-53,-13],[-32,-49],[57,-89],[-63,-15]],[[30056,50633],[-69,86],[-83,30],[-1,56],[-22,70],[33,40],[-20,35],[-55,35],[-54,-2],[-77,-21],[15,53],[-78,23],[6,76],[66,71],[-20,29],[-8,65],[-40,32],[0,53]],[[29649,51364],[65,57],[46,21],[46,-15],[78,12],[64,-37],[54,45]],[[30456,50033],[-29,-28],[-10,-52],[-100,-71],[-7,-52],[-62,-44]],[[30248,49786],[-47,27],[-6,36],[-58,20],[-92,104],[-46,34],[-75,16],[-57,37],[-15,67],[-90,54],[-5,45],[-90,-5]],[[29667,50221],[56,92],[79,71],[45,-1],[103,-54],[167,-43],[41,7],[23,-37],[106,-1],[33,11],[22,-53],[114,-180]],[[30814,50731],[2,-43],[-24,-36],[15,-42],[-38,-89],[-53,5],[-21,-21],[-28,-104],[12,-52],[-47,-33],[-33,-87],[0,-59],[-30,-2]],[[30569,50168],[-17,19],[-35,98],[-25,40],[-71,39],[-109,-17],[-28,216],[-35,-9],[-112,10],[-51,23],[-30,46]],[[30002,51447],[9,7]],[[30199,51667],[124,40],[89,62],[146,70],[62,0],[81,50],[68,14],[71,-18],[28,23],[40,-15]],[[31427,51614],[12,-6]],[[30097,49497],[-47,-58]],[[30050,49439],[-142,-31],[-52,-46],[-99,-43],[-80,14],[-49,23],[-41,-27],[-116,69],[-46,8],[-149,-92]],[[29276,49314],[-60,4],[14,117],[-42,59],[-49,32],[-31,-18]],[[29108,49508],[9,82],[42,29]],[[29159,49619],[30,-14],[64,41],[83,-8],[83,135],[47,-22],[-1,-39],[155,0],[-1,-335],[156,-1],[0,31],[62,-1],[0,31],[93,0],[0,30],[63,0],[0,30],[104,0]],[[31025,52427],[5,65],[-43,125],[-26,41],[-13,83],[-37,43]],[[30911,52784],[53,-16],[52,26],[39,93],[233,-53],[17,36],[142,-1],[37,47],[275,113],[56,82],[403,1],[7,4]],[[32225,53116],[59,3],[70,-14],[147,22],[50,0],[51,22],[29,-24],[58,10],[291,465],[67,74],[54,6],[95,-85],[-12,-129]],[[33184,53466],[-919,-1654],[-77,-6],[-92,22],[-55,-2],[-115,24],[-37,-30],[-163,-54],[-52,-2],[-55,-34],[-14,40],[-52,-40]],[[30911,52784],[-131,47],[-78,81],[-31,56],[-109,-12],[-39,8],[-22,35],[-58,-17],[-27,71],[-32,-19],[-134,37],[-56,3],[-70,56],[-3,55],[-37,43]],[[30084,53228],[42,27],[29,56],[90,92],[39,64],[85,50],[142,118],[105,39],[39,25],[134,22],[83,40],[119,10],[108,86],[105,-6],[100,82],[59,25],[188,1],[70,29],[90,22],[104,86],[91,35]],[[31906,54131],[34,-56],[48,-132],[-54,-43],[9,-34],[-56,-84],[-36,-90],[25,-93],[-31,-1],[-24,-51],[6,-68],[52,-61],[77,-20],[69,-77],[1,-113],[83,-9],[91,-76],[25,-7]],[[28400,51058],[105,7],[31,-27],[126,57],[37,-6],[24,39],[49,8],[53,-33],[137,23],[76,-13],[17,35],[122,25],[52,53],[49,19],[44,51],[71,-37],[46,34],[169,92],[41,-21]],[[30569,50168],[-7,-61],[-106,-74]],[[29667,50221],[-51,-10],[-39,-37],[-124,-60]],[[29453,50114],[-67,77],[-55,28],[-11,45],[-70,14],[-90,83],[-51,-19],[-92,1],[-58,100],[-47,-19],[-99,14],[-40,21],[81,107],[-16,26],[17,117],[-64,113],[-65,54],[-78,-55],[-42,40],[-202,6],[-31,26],[-148,-8],[-63,9]],[[29159,49619],[47,34],[32,49],[0,35],[108,49],[29,45]],[[29375,49831],[70,1],[88,38],[99,-7],[42,37],[16,-55],[167,-72],[14,-29],[109,-40],[65,-38],[49,3],[59,35],[92,-23]],[[30245,49681],[-4,-76],[-31,-15],[-31,-59],[-82,-34]],[[30248,49786],[27,-69],[-30,-36]],[[29375,49831],[-3,84],[46,34],[-8,95],[43,70]],[[26386,48904],[-76,-38],[-41,-46],[15,-37],[-111,-72],[-1,-76],[-58,-49],[-19,-64],[2,-118],[-35,-14],[20,-90],[-58,-84],[36,-72]],[[26060,48144],[-69,107],[-26,7],[-4,69],[-38,61],[8,63],[-8,84],[-44,42],[-1,89],[-71,-15],[-45,-38],[-68,25],[-37,-37],[-71,31],[26,93],[25,37],[35,106],[-8,92],[30,86],[37,18],[10,56],[33,50]],[[25774,49170],[26,48],[85,16],[51,61],[93,-104],[88,-128],[53,73],[52,-50],[73,-142],[33,-52],[58,12]],[[22633,18560],[-1,-34],[45,-64],[86,-25],[83,-71],[-9,-67],[-23,-44],[133,-151],[56,-50],[70,-111],[-11,-17],[31,-99],[47,-84],[43,-34],[-8,-28],[81,-72],[-6,-52]],[[23250,17557],[-1001,222]],[[22249,17779],[-13,38],[39,83],[-38,22],[28,71],[-146,79],[-26,54],[-50,39],[-89,49],[15,51],[-22,30],[-140,2],[30,31],[-57,128],[-43,60],[-17,96],[13,42],[-28,169],[-134,18],[-57,-12],[-55,7],[-125,-4],[-54,-39]],[[22249,17779],[-43,-33],[-26,-45],[-13,-80],[-25,-31],[-7,-63],[53,-71],[40,-78],[-73,-83],[-59,-27],[-17,19],[-5,82],[-40,57],[-91,-6],[-34,22],[-101,-60]],[[21808,17382],[-260,360],[-487,196],[12,36],[-35,55],[11,74],[-73,266]],[[20976,18369],[2,352]],[[20976,18369],[-30,35],[-104,-32],[-67,38],[-65,13],[-7,78],[-37,24],[4,56],[-15,41],[-142,9],[9,89],[-136,4]],[[22453,23026],[55,32],[49,59],[35,-7],[129,16],[21,-62],[34,-17],[23,-44],[120,-19],[57,-73],[-13,-45],[-40,-40],[-47,-143],[-19,-26],[11,-115],[53,-21],[46,-48],[-19,-19],[-28,-121],[12,-78],[-33,-59],[54,-21],[10,-44],[-37,-38],[21,-80],[-44,-44],[10,-41],[-27,-57],[23,-37],[-23,-54],[-2,-57],[-56,-104],[-8,-105],[76,-41],[-6,-46],[24,-45],[72,-20],[31,10],[25,-76],[49,43],[32,-50],[-16,-62],[-50,-108],[74,23],[42,-46],[15,-54],[-16,-122],[19,-39],[53,-32],[7,-64],[72,-59],[-17,-21],[66,-114],[29,-76],[-4,-130],[28,-50],[52,-37],[-59,-78],[21,-53],[54,-54],[44,-9],[7,-57],[46,-28],[-11,-61],[27,-24],[-14,-68],[15,-37],[-43,-86],[12,-37],[-22,-37],[40,-59],[40,-3],[-1,-57]],[[23633,19550],[-20,-48],[5,-60],[-33,-104],[10,-38],[-31,-78],[39,-32],[7,-70],[-37,-17],[20,-39],[-35,-72],[-95,-48],[-56,22],[-52,-24],[-19,19],[-1,64],[-47,-3],[-60,-26],[-1,47],[-78,28]],[[19662,18249],[-134,-75],[-111,-5],[-6,-65],[43,-60],[-26,-26],[-98,33],[-69,12],[-87,76],[-43,-118],[-85,-7],[10,-36]],[[19056,17978],[-68,11],[-23,39],[-82,-38],[-67,37],[-60,-8],[-42,31],[-52,-13],[-107,64],[-21,95],[-44,93],[33,55],[-46,65],[0,24],[61,47],[29,48],[28,7],[83,89],[51,78],[46,29],[-25,44],[67,55],[14,74],[-10,140],[43,28],[46,85],[-36,28],[9,97],[80,124],[38,40],[-27,130],[-43,42]],[[21808,17382],[-495,-275]],[[21313,17107],[-28,17],[-5,62],[-54,58],[-90,35],[-80,0],[-71,12],[25,41],[130,64],[24,34],[-14,76],[-143,72],[-105,9],[-19,-10],[-76,37],[-72,68],[-62,-7],[-16,-26],[-72,-19],[-9,-20],[-107,-36],[-3,-46],[-348,-114]],[[20118,17414],[-34,4],[-49,43],[-20,48],[-41,35],[0,62],[-40,91],[4,38],[70,77],[15,57],[-47,35],[15,62],[148,45]],[[17508,22871],[149,-78],[2,-31],[65,-36],[59,-14],[59,-42],[38,-60],[84,-52],[92,-19],[56,-39],[54,-59],[32,-7]],[[18198,22434],[-95,-52],[-146,6],[-31,-19],[-113,33],[-6,-49],[22,-42],[-12,-62],[-41,-77],[-73,-81],[-3,-30]],[[17700,22061],[-36,11],[27,52],[-59,190],[-41,47],[-66,27],[-53,-12],[-69,31]],[[17403,22407],[-5,27],[-207,63],[-80,90],[-66,28]],[[17045,22615],[-54,42],[-74,77],[-39,86],[33,58],[-13,40]],[[16898,22918],[85,22],[68,-52],[35,11],[52,-20],[41,24],[77,14],[83,-41],[31,27],[45,-44],[93,12]],[[17045,20939],[-18,-125],[-49,-28],[-20,-44],[6,-92],[-66,-52],[-5,-42],[-56,-30],[-28,-47],[-60,-22],[-57,32],[-136,2]],[[16556,20491],[-53,3],[-63,85],[-22,71],[-34,22],[-53,76],[41,27],[30,54],[104,97],[56,21]],[[16562,20947],[49,-22],[51,31]],[[16662,20956],[92,10],[37,-91],[44,-36],[84,-1],[32,-37],[63,31],[31,107]],[[15055,22720],[60,-37],[16,-34],[62,-9],[55,-27],[29,14],[159,-110],[86,-17],[66,0],[54,-26],[16,-57],[-21,-36],[9,-50],[-31,-75],[17,-62],[-29,-51],[49,-71]],[[15652,22072],[-21,-38],[-58,2],[-29,-29],[-1,-113],[-23,-29],[-1,-81],[-18,-97]],[[15501,21687],[-17,-50],[-57,-39],[-42,-62],[-127,79],[-21,-99],[-80,-8],[-53,13],[-35,-24]],[[15069,21497],[-43,123],[21,37],[-39,98],[-57,49],[-64,87],[-55,6]],[[14832,21897],[-48,39],[-7,41],[39,30],[-43,75],[17,44],[-34,39],[8,38],[-27,94]],[[14737,22297],[122,91],[44,17],[33,58],[78,55],[-28,134],[23,47],[46,21]],[[15501,21687],[60,-24],[45,-63],[14,-65],[58,-61],[57,-15],[24,-43],[58,-41],[4,-88],[-58,-41],[-14,-47],[-31,-16],[-18,-61],[-38,-46],[-102,20],[-34,-29],[-70,-108],[7,-59],[-41,-47]],[[15422,20853],[-6,-8]],[[15416,20845],[-22,66],[-37,56],[-132,20],[-49,43],[-19,47],[-80,21],[-11,31],[-85,44],[0,48],[40,54],[40,96],[-4,58]],[[15057,21429],[12,68]],[[16556,20491],[51,-118],[39,-47],[-14,-39],[29,-81],[48,-63],[24,-107],[28,-32]],[[16761,20004],[-12,-39],[-66,-21],[-58,-53],[-18,-111]],[[16607,19780],[-37,5],[-124,81]],[[16446,19866],[-33,53],[-22,82],[-66,92],[-84,-23],[-26,-33],[-68,9],[-32,-25],[-62,25],[-36,-4]],[[16017,20042],[-86,89]],[[15931,20131],[51,46],[27,54],[26,2],[20,50],[-17,50],[6,54],[-41,16],[-71,-17],[-94,15],[-28,89],[29,45],[-30,100],[-5,54],[-36,38],[-106,72]],[[15662,20799],[47,85],[38,-25],[73,30],[138,129],[27,-9],[113,116],[-1,38],[94,96],[31,48],[50,24]],[[16272,21331],[52,50],[40,-37],[-64,-46],[-4,-80],[-59,-13],[-27,-45],[-47,-6],[23,-61],[43,-55],[38,22],[36,-22],[40,25],[100,-65],[56,-6],[63,-45]],[[17611,24722],[-14,-62],[-42,-26],[-8,-125],[-34,-33],[-4,-105],[-20,-1],[-12,-90],[-20,-30],[79,-57],[28,-41],[-20,-87],[-73,-44],[-40,-64]],[[17431,23957],[-67,-11]],[[17364,23946],[-53,21],[5,35]],[[17316,24002],[-58,46],[-62,125],[28,24],[-17,51],[-29,13],[-7,55],[36,90],[1,61],[20,39],[-117,113],[-72,-64],[-32,-61],[-55,-38],[-40,19],[-42,63],[-38,17],[-63,-7]],[[16769,24548],[-18,42],[-2,105],[-20,66],[16,41],[65,40],[37,125],[-31,74],[11,71]],[[16827,25112],[18,43]],[[16845,25155],[35,10],[68,-80],[46,-81],[-4,-57],[-32,-77],[56,-72],[47,-26],[58,13],[84,-71],[92,7],[60,85],[38,-38],[-8,-47],[48,-36],[64,73],[65,53],[49,-89]],[[16898,22918],[-19,56],[-45,38],[-90,34],[-30,44],[-39,4],[-2,45],[-93,117],[-42,36],[-20,45],[25,28],[-8,48],[37,35],[43,122]],[[16615,23570],[51,5],[25,-89],[101,-69],[73,40],[39,36],[72,-33],[70,-5],[40,36],[39,0],[29,-32],[79,-28]],[[17233,23431],[103,-52],[71,-93],[6,-45],[134,-35],[91,-38],[34,-1],[131,-88]],[[17803,23079],[15,-31]],[[17818,23048],[-40,-39],[50,-42],[-50,-23],[-65,47],[-48,-47],[-29,-3],[-41,-64],[-69,10],[-18,-16]],[[17431,23957],[37,-31],[77,-7],[16,35],[70,40],[70,-27],[74,-73],[53,-3],[54,-37],[106,107],[153,46],[55,61],[40,-5],[39,38]],[[18275,24101],[1,-55],[-17,-94],[-20,-42],[8,-50],[31,-55],[8,-185],[-19,-27]],[[18267,23593],[-56,-45],[-22,-48],[-84,-63],[-151,62],[-107,22],[7,-57],[-61,-77]],[[17793,23387],[-24,38],[-62,47],[-19,46],[-4,71],[-38,31],[-7,59],[-27,21],[-49,94],[-79,72],[-53,25]],[[17431,23891],[-67,55]],[[18078,25077],[-52,-47],[3,-103],[59,-13],[-10,-81],[-21,-59],[71,-139],[67,37],[30,-44],[72,-12],[9,96],[-28,51],[-14,69],[13,95],[24,33]],[[18301,24960],[0,-73],[45,-70],[34,3]],[[18380,24820],[62,9],[22,-18],[27,-127],[80,-71]],[[18571,24613],[-36,-68],[-12,-109],[-83,-87]],[[18440,24349],[-27,-1],[-63,-49],[-43,-90],[-44,-46],[-2,-55]],[[18261,24108],[-42,35],[-42,10],[-34,86],[-69,62],[-39,75],[-16,63],[23,36],[-41,26],[49,103],[35,42],[-43,82]],[[18042,24728],[-8,62],[-48,48],[-33,57],[67,37],[-5,121],[32,43]],[[18047,25096],[31,-19]],[[18380,24820],[34,62],[119,264]],[[18533,25146],[37,-7],[121,5],[54,-84],[47,-36],[132,-45],[31,18],[29,-43],[60,-20],[28,-30],[101,46],[44,1],[5,-43]],[[19222,24908],[39,-58],[-3,-60],[-38,-32],[-71,-21],[9,-36]],[[19158,24701],[-21,-59],[-57,-33],[-53,35],[-94,-45],[-85,7],[-69,-29],[-53,52],[-69,14],[-33,-27],[-53,-3]],[[17045,22615],[-12,-43],[64,-75],[-39,-73],[-62,-39],[25,-33],[-35,-57],[-77,-2],[-35,-17],[-30,29],[-50,-27],[-61,31],[-52,-57],[103,-38],[88,-81],[105,-17],[-53,-78]],[[16924,22038],[-127,29],[-36,-96],[-59,40],[-14,-50],[-47,-21],[31,-55],[-20,-115]],[[16652,21770],[-42,-8],[-144,28],[-54,111],[-74,-26]],[[16338,21875],[-34,8],[-20,-44],[-67,-78],[-35,-10],[-53,-49],[-39,35],[3,34],[-68,51],[35,106],[-10,85],[-41,61],[-100,-26],[-62,38],[-57,-13],[-12,32],[-75,13],[-51,-46]],[[15055,22720],[16,29],[0,81],[-23,52],[86,69],[-2,49],[98,86],[-17,66],[51,18],[93,-2],[47,16],[21,48],[-36,34],[20,54],[-37,38],[-118,17]],[[15254,23375],[-40,72],[-45,10],[16,90],[24,38],[8,146],[45,0],[83,-57],[19,-75],[144,-24],[52,10],[58,80],[100,25],[28,-13],[105,11],[19,13],[4,94],[119,-39],[91,8],[152,-145],[42,-19],[35,12],[18,58],[58,28],[1,57]],[[16390,23755],[74,-21],[53,9],[40,-62],[15,-50],[43,-61]],[[16017,20042],[-96,-44],[-52,-91]],[[15869,19907],[-71,-39],[-133,-10],[-48,20],[1,43]],[[15618,19921],[33,-1],[32,59],[47,56],[42,-8],[22,33],[48,16],[89,55]],[[18078,25077],[96,28],[52,-39]],[[18226,25066],[32,-73],[43,-33]],[[19079,22288],[-169,-79],[-20,-59],[-130,-68],[-104,74],[-23,42],[-60,-24],[-86,38],[-3,64],[36,69],[-112,-13]],[[18408,22332],[-17,107],[60,19],[31,55],[40,-23],[17,85],[50,-2],[54,29],[94,26],[37,50],[0,45],[29,61],[-10,38],[-52,32]],[[18741,22854],[-12,34],[35,35],[-47,79],[5,51],[28,65],[39,18]],[[18789,23136],[79,-26],[35,30],[13,69],[30,46],[54,-40],[51,-5],[71,41],[41,-55],[60,55],[31,1],[38,42],[21,-37],[66,5],[-2,-50],[43,-77],[32,-24],[-65,-37],[36,-91],[122,-83],[53,4],[-3,-37],[47,-24],[6,-108],[-11,-49]],[[18275,24101],[-14,7]],[[18440,24349],[30,-61],[-23,-95],[-21,-39],[50,-38],[10,-102],[-16,-60],[128,-91],[78,5],[14,45],[48,4],[8,-30]],[[18746,23887],[4,-55],[27,-75],[-58,-31],[-43,-84]],[[18676,23642],[-56,-52],[-57,57],[-53,-75],[-62,4],[-50,33],[-33,-44],[-1,-39],[-49,8],[-48,59]],[[16652,21770],[40,-15],[73,-60],[99,32],[22,22],[84,7],[65,22],[68,-40],[74,-67],[18,-33],[104,3]],[[17299,21641],[17,-25],[-19,-98],[-78,-51],[-71,1],[-53,21]],[[17095,21489],[-90,30],[-153,3],[-123,19],[-20,20],[-87,-1],[-36,-33],[-96,29]],[[16490,21556],[-17,9]],[[16473,21565],[-7,38],[-43,77],[2,66],[-25,68],[-62,61]],[[17389,20922],[-48,-21],[-59,9],[-29,-27],[-43,-1],[-30,29],[-51,-32],[-51,8],[-33,52]],[[16662,20956],[-7,38],[-46,69],[-40,0],[-76,31],[29,55],[-24,48],[12,31],[-7,83],[-18,65],[34,82],[-1,44],[-28,54]],[[17095,21489],[62,-55],[42,-137],[0,-51],[32,-80],[67,-25],[58,5],[58,-35],[40,18],[81,-24]],[[15422,20853],[33,-50],[43,-10],[75,17],[30,-20],[59,9]],[[15618,19921],[-18,19],[-56,-22],[-70,2],[-175,-65]],[[15299,19855],[-26,0],[-38,43],[-45,-27]],[[15190,19871],[-206,62]],[[14984,19933],[47,115],[28,40],[26,99],[20,31],[-46,72],[-3,44],[48,106]],[[15104,20440],[49,97],[84,30],[42,62],[-8,62],[18,32],[49,15],[78,107]],[[18533,25146],[-60,-17],[-134,59],[-87,-3]],[[18252,25185],[27,60],[-17,23],[52,74]],[[18314,25342],[26,-16]],[[18340,25326],[71,-5],[52,19],[152,-12],[84,-23],[30,5],[78,-63],[12,-54],[39,-51],[133,24],[21,-38],[59,8],[83,-5],[124,-44],[42,43]],[[19320,25130],[12,-17],[-57,-77],[-52,28],[-26,-18]],[[19197,25046],[-1,-76],[48,-38],[-22,-24]],[[17431,23891],[53,-103],[-22,-48],[20,-50],[6,-80],[29,-34],[2,-48],[32,-49],[-11,-50],[-51,-36],[-106,56],[-69,15],[-81,-33]],[[16390,23755],[18,74],[67,36],[-35,71],[44,34],[33,53],[-13,53],[13,95],[73,126]],[[16590,24297],[32,5],[70,-20],[76,-38],[34,-64],[-29,-97],[7,-37],[-89,-63],[-9,-46],[12,-56],[83,-24],[70,-65],[39,-2],[66,-35],[70,-23],[80,13],[46,48],[29,97],[-5,50],[78,20],[66,42]],[[18226,25066],[14,1],[12,118]],[[18789,23136],[-40,39],[-90,28],[-16,25],[13,67],[57,87],[17,48],[9,122],[36,68],[108,-18],[24,34],[-69,28],[-108,4],[-54,-26]],[[18746,23887],[62,15],[1,29],[54,39],[70,-2],[60,42],[27,83],[60,-5],[30,28],[19,118],[44,155],[45,26],[-2,36],[28,61],[36,20]],[[19280,24532],[76,-10],[19,-61],[-7,-30],[70,-41],[-29,-108],[14,-38],[-13,-67]],[[16473,21565],[-70,-82],[-64,-44],[-37,-44],[-30,-64]],[[19056,17978],[30,-46],[110,-56],[24,-46]],[[19220,17830],[33,-78],[-18,-44],[-39,-8],[-41,21],[-28,-40],[-48,-22],[-138,79],[-57,-14],[2,-43],[-33,-12],[7,-55],[-49,-46],[-162,3],[-48,-38],[-16,34],[-95,-63],[-98,26],[-23,41],[-121,11],[-59,-29],[-47,16],[-26,-40],[-53,-27],[-68,31],[-3,42],[-72,58],[-63,30]],[[17857,17663],[-27,68],[-97,7],[-78,25],[-15,53],[-62,97]],[[17578,17913],[43,24],[31,-32],[109,-14],[24,29],[137,50],[35,59],[18,59],[28,26],[-29,52],[68,34],[21,51],[68,29],[48,-21],[55,99],[-8,67],[99,113],[85,76],[-16,70],[30,49],[35,5],[92,56],[42,86],[74,56],[29,129],[-20,34],[-43,18],[12,68],[43,60],[46,14],[61,65],[-29,25],[25,76],[-20,91],[61,59]],[[17793,23387],[-40,-29],[39,-110],[36,-48],[-30,-54],[5,-67]],[[18047,25096],[7,66],[-81,35],[-32,54]],[[17941,25251],[0,24],[-75,40],[-33,38]],[[17833,25353],[36,13],[79,107],[-6,13]],[[17942,25486],[43,-40],[90,-16],[53,-47],[112,-35],[74,-6]],[[17623,21476],[-7,22],[11,106],[-14,28],[24,81],[63,53],[-36,23],[-8,127],[17,49],[41,35],[-14,61]],[[18198,22434],[67,-40],[27,-39],[55,10],[21,-53],[40,20]],[[16924,22038],[45,-13],[105,-53]],[[17074,21972],[23,-54],[182,-104],[11,-65],[-7,-51],[16,-57]],[[17501,20562],[-29,-67],[-86,-55],[-12,-65],[-88,-46],[-94,67],[-51,-9],[-81,-37],[-44,-55],[-116,-98],[-89,-131],[-50,-62]],[[17611,24722],[40,12],[52,60],[30,0],[15,79],[49,-10]],[[17797,24863],[38,-43],[86,-54],[35,15],[86,-53]],[[17578,17913],[17,36],[-18,37],[49,30],[24,68],[-15,31],[25,62],[5,105],[16,59],[-21,46],[-63,37],[-5,48],[-35,30],[0,87],[-42,61],[51,92],[-42,36],[33,147],[-95,76],[1,29],[-83,34],[-34,37],[-34,70],[-105,37],[-70,-75],[-72,-17],[-76,-31],[-35,-33],[-97,-34],[-36,8],[-130,-70],[-87,-27],[-75,-47],[-36,8],[-89,-97],[-27,8]],[[16377,18801],[-38,136],[46,148],[-35,179],[-1,59]],[[16349,19323],[55,0],[21,33],[64,43],[91,-7],[33,46],[-18,29],[-3,70],[56,77],[22,97],[-63,69]],[[18741,22854],[-83,-37],[-76,27],[-33,-7],[-211,-87],[-26,86],[-63,-55],[-76,-20],[-75,81],[-60,10],[-27,63],[-7,84],[-52,35],[-134,14]],[[17074,21972],[39,19],[9,42],[36,14],[71,-39],[65,34],[-14,62],[11,34],[-29,97],[49,27],[-27,58],[20,74],[33,19],[66,-6]],[[16590,24297],[34,44],[42,20],[37,50],[2,46],[36,31],[28,60]],[[19158,24701],[71,-19],[31,-44],[20,-106]],[[17797,24863],[-12,34],[38,39],[18,74],[-8,63],[72,67],[36,111]],[[27089,41750],[79,-1],[-26,96],[96,14],[147,1],[-37,122],[9,109],[44,231],[-4,28],[51,21],[71,78],[1,40],[-27,39],[88,28],[40,-14],[-78,330]],[[27543,42872],[52,-25],[56,23],[47,0],[53,63]],[[27751,42933],[52,-49],[7,-39],[39,-27],[85,38],[99,-18],[52,-22],[20,-76],[-52,-41],[-16,-48]],[[28037,42651],[-16,-34],[-66,-56],[6,-35],[91,-3],[58,-59],[51,-17]],[[28161,42447],[-76,-72],[-21,-51],[-75,-58],[-43,-60],[-58,-34],[-19,-96],[-42,-45],[6,-48],[-19,-64],[-59,-19],[-97,-68],[14,-39],[107,-202],[-62,25],[-70,-40],[-42,11],[-111,3],[45,-138]],[[27539,41452],[77,-190],[-60,-18],[-27,-36],[-54,-4],[-108,17],[-61,-24],[-35,22],[-10,41]],[[27261,41260],[-39,72],[-29,17],[-35,81],[-46,13],[-37,134],[20,44],[-20,96]],[[29718,47704],[-92,-55],[-13,-39],[-73,-36],[-37,-34],[-97,-44],[-64,-78],[-59,-22],[0,-27],[-95,-25],[-57,-72],[-65,28],[-41,41],[-49,19],[-108,-21],[-64,16],[-67,-49],[-4,-24],[-96,-43],[-47,-33],[-29,18],[-115,21],[-120,-38],[-92,-10],[-24,-21],[-98,26],[-4,-33],[-78,-73],[-51,19],[-185,27],[-65,-7],[-125,-100]],[[27604,47035],[-38,56],[-2,34],[35,28]],[[27599,47153],[31,9],[12,54],[40,-7],[48,31],[35,60],[78,30],[3,33],[52,15],[68,108],[26,16],[19,70],[70,24],[43,44],[43,8],[57,107],[-92,60],[34,21],[16,42],[79,89],[78,35],[25,46],[99,93],[69,37],[59,-18],[36,31],[75,-13],[19,-33],[119,13],[62,33],[46,-2],[65,-79],[49,3],[44,28],[94,93],[-10,68],[41,50],[97,-48],[56,9],[134,83],[84,100],[30,-4],[144,69],[51,67],[57,39],[29,51],[67,40],[36,52],[13,63]],[[30029,48873],[21,-67],[-8,-66],[20,-36],[-41,-43],[4,-100],[-30,-49],[-17,-78],[35,-86],[-35,-14],[-13,-54],[-49,-33],[-50,-55],[-14,-43],[21,-89],[-35,-32],[6,-35],[-78,-109],[12,-53],[-60,-127]],[[27040,46365],[-7,-105]],[[27033,46260],[-40,-18],[26,-65],[-126,-8],[-10,-23],[-72,-7],[-30,12],[-60,-47],[-43,-11],[-60,-75],[0,-89],[-53,-3],[-16,-37],[-58,-14],[-61,39],[-44,-3]],[[26386,45911],[-43,28],[-32,-9],[-80,77],[-87,23],[-50,42],[-19,41],[-76,55],[-19,38],[-80,11],[-62,46]],[[25838,46263],[67,35],[54,47],[28,61],[52,42],[55,68],[35,-7],[57,83],[112,14],[66,-30],[100,9],[124,55],[30,-13],[56,50],[38,-8],[9,-45],[39,1],[220,119]],[[26980,46744],[74,-82],[13,-73],[-65,-48],[-9,-70],[30,-47],[17,-59]],[[26948,48220],[-69,-32],[-21,-63],[33,-16],[74,6],[23,23],[62,-111],[64,-41],[26,-42],[10,-119],[22,-25],[25,-97],[-11,-33],[25,-90]],[[27211,47580],[-233,-218],[-51,-21],[-45,-48],[-21,-50]],[[26861,47243],[-106,109],[-30,0],[-63,79],[-29,75],[-26,14],[-82,135],[-49,38],[-4,30],[-73,33],[-56,-8],[-38,43],[-34,98],[-36,16],[-41,59]],[[26194,47964],[-6,21]],[[26188,47985],[63,69],[26,-7],[136,46],[37,-12],[133,71],[113,19],[102,34],[150,15]],[[27033,46260],[28,-38],[53,5],[35,-80],[-28,-25],[51,-105],[11,-80],[-13,-53],[34,-28],[14,-71],[57,8],[15,-58],[63,-59],[-33,-62],[-12,-68],[57,-60],[18,-81]],[[27383,45405],[-36,-72],[47,-80],[55,-61],[2,-53],[26,-60],[-32,-71],[37,-31],[6,-67],[39,-67],[34,-12],[41,19],[69,61],[72,-1],[81,68],[49,-14],[35,54],[52,20],[157,4],[50,20],[101,-51]],[[28268,45011],[-16,-67],[39,-46],[5,-102],[15,-18],[-35,-81],[-2,-53],[-46,-45]],[[28228,44599],[-98,-17],[-88,-43],[-80,44],[-50,1],[-68,34],[-21,53],[-1,70],[-33,31],[15,39],[-65,26],[-92,-74],[-13,-26],[-68,11],[-67,-46],[-139,24]],[[27360,44726],[-39,-10],[-172,64],[-154,19]],[[26995,44799],[-35,38],[-176,130],[-49,72],[0,52],[38,58],[1,59],[-36,18],[-58,-42],[-240,48],[21,28],[-28,35],[2,58],[48,46],[-5,65],[26,40],[1,71],[-51,48],[-58,1],[-48,42],[-2,116]],[[26346,45782],[26,120]],[[26372,45902],[14,9]],[[27040,46365],[510,0],[1,49],[-41,20],[8,86],[57,43],[34,-2],[92,68],[85,-9],[36,35],[104,-31],[67,-43],[67,-21]],[[28060,46560],[-44,-67],[-113,-104],[-78,7],[-42,-24],[50,-55],[37,2],[41,-49],[209,-63],[70,39],[73,-48],[105,-10],[40,-23],[11,-50],[31,-9],[48,50],[81,8],[33,-35],[50,0],[73,-27],[71,71],[43,2],[78,-26],[71,-46],[9,-76]],[[29007,46027],[-56,-23],[-58,-45],[-30,-86],[-39,-28],[6,-82],[-36,-74]],[[28794,45689],[-32,39],[-114,56],[-41,-15],[-55,26],[-33,-13],[-59,32],[3,78],[-13,39],[-46,43],[-79,-9],[-45,21],[-63,-16],[-60,-33],[-6,-37],[-39,-31],[-21,-61],[-35,-29],[-60,-92],[-107,-19],[-55,-73],[0,-25],[-69,-13],[-42,-34],[-96,22],[-31,-22],[-63,40],[-50,-24],[-55,-67],[-37,-11],[-8,-56]],[[28794,45689],[-43,-1],[-46,-122],[-8,-68],[-25,-10],[-93,-172],[-61,17],[-47,-65],[10,-28],[-24,-59]],[[28457,45181],[-9,-49],[-32,-18],[-66,34],[-38,-29],[-13,-74],[-31,-34]],[[26386,48904],[49,44],[1,84],[26,36],[-19,36],[96,63],[38,67],[129,41],[87,3],[95,48],[57,-48],[24,27],[50,-13]],[[27019,49292],[32,-66],[19,-76],[118,-13],[26,16]],[[27214,49153],[-7,-72],[-42,-62],[-70,-11],[-14,-56],[-71,-69],[-31,-6],[-34,-57],[52,-60],[20,-61],[-8,-102],[-19,-67],[65,-46],[-15,-46],[-78,-119],[-14,-99]],[[26188,47985],[-62,39],[-25,86],[-41,34]],[[27604,47035],[-48,-86],[-33,-17],[16,-49],[-19,-27],[26,-38],[-5,-45],[38,-8],[193,41],[110,33],[70,-10],[74,15],[20,27]],[[28046,46871],[-7,-69],[-23,-46],[76,-26],[102,-2],[19,-76],[-153,-92]],[[26980,46744],[-20,57],[-5,68]],[[26955,46869],[1,77],[-25,49],[-39,18],[-36,67]],[[26856,47080],[42,57],[-37,106]],[[27211,47580],[-19,-47],[-2,-79],[62,-63],[105,26],[144,-19],[-3,86],[42,-34],[4,-64],[65,-28]],[[27609,47358],[9,-112],[-19,-93]],[[27173,42743],[38,23],[66,11],[138,8],[3,39],[41,42],[84,6]],[[28528,42551],[-17,-144],[9,-62],[-37,-14]],[[28483,42331],[-50,72],[1,39],[-36,27],[-67,-22],[-18,26]],[[28313,42473],[62,44],[-38,77],[18,43],[-39,42]],[[28316,42679],[-13,98]],[[28303,42777],[41,-14],[109,13],[98,-84],[7,-50],[-36,-45],[6,-46]],[[27028,43762],[65,-58],[40,20]],[[27133,43724],[-70,-78],[-63,-32],[-17,-35],[-16,-108],[75,-11],[103,12],[35,-28],[131,1],[98,-37],[104,25],[-11,44],[49,16],[8,27],[58,44],[5,71],[-18,31],[98,166],[57,-2],[127,48],[42,-37],[41,56],[91,2],[102,17],[92,89]],[[28254,44005],[14,-79],[44,-65],[-15,-62],[-82,-6],[-76,-52],[-30,-62],[-1,-66],[-122,-80],[-27,-74],[-21,-12],[0,-67],[-70,-48],[-34,-56],[17,-145],[99,-88],[-5,-41],[-42,6],[-77,-70],[-75,-5]],[[28228,44599],[-11,-83],[17,-55],[15,-136],[-24,-29],[39,-35],[-28,-96],[-45,-1]],[[28191,44164],[-44,-45],[-91,-27],[-43,4],[-41,-37],[-35,1],[-38,-36],[-131,23],[9,36],[-25,45],[-130,98],[-18,-40],[-51,-49],[-131,-75]],[[27422,44062],[-26,-10],[-14,75],[-47,4],[13,82],[-4,147],[9,45],[-3,191],[10,130]],[[27133,43724],[153,30],[58,-5],[8,83],[31,21],[39,209]],[[28191,44164],[20,-77],[36,-39],[7,-43]],[[28161,42447],[-2,-54],[47,-11],[29,78],[78,13]],[[28483,42331],[-52,-37],[1,-83],[17,-44],[-16,-42],[-80,-69],[-30,-43],[5,-69],[-47,-96],[-28,-15],[-2,-61],[-19,-54],[58,-37],[48,-75],[36,3]],[[28374,41609],[-78,-50],[-11,-47],[-65,-14],[-131,25],[-76,-24],[-39,-39],[-86,-2],[-80,13],[-57,-7],[-49,-32],[-28,24],[-135,-4]],[[29276,49314],[44,-26],[29,16],[70,-28],[66,-69],[49,-35],[66,-17],[67,11],[88,39],[40,-14],[41,28],[195,-59]],[[30031,49160],[0,-101],[35,-41],[-37,-145]],[[27609,47358],[9,73],[54,73],[39,15]],[[27711,47519],[46,19],[5,55],[30,56],[51,0],[175,378],[27,-17],[83,30],[133,0],[7,38],[44,82],[69,85],[56,27],[96,-21],[119,40],[33,52],[57,-15],[26,13],[136,11],[32,20],[40,-30],[175,0],[1,305],[155,-1],[1,473],[-94,-29],[-79,26],[-52,3],[-75,42],[-102,8]],[[28906,49169],[26,105],[37,14],[23,58],[84,82],[-8,53],[40,27]],[[28527,40652],[-13,-123],[-77,-61],[-134,-203],[-85,-59],[-80,-14],[-13,-26],[-82,-35],[-59,26],[-41,74],[-106,27],[-26,55],[-99,44],[-88,1],[-65,25]],[[27559,40383],[-37,8],[-46,84],[-12,56],[-26,23],[26,90],[52,-20],[17,-50],[65,8],[67,-13],[95,-37],[124,6],[22,88],[45,-20],[76,11],[51,27],[32,114],[17,3],[48,176],[35,92],[40,13],[65,-28],[16,-63],[368,226]],[[28699,41177],[31,26],[33,-15],[14,-102],[-12,-72],[-82,-46],[-7,-39],[-114,-25],[-47,-39],[-5,-119],[26,-74],[-9,-20]],[[27711,47519],[4,57],[-23,43],[23,25],[-8,73],[31,2],[46,44],[0,60],[24,15],[48,119],[46,54],[50,10],[59,46],[57,82],[2,36],[120,72],[75,20],[109,138],[-1,30],[86,102],[16,-15],[54,70],[63,61],[106,30],[26,65],[45,32],[29,43],[-10,36],[42,33],[-1,57],[35,50],[-10,82],[23,55],[29,23]],[[28374,41609],[54,-25],[19,-112],[-10,-70],[31,-98],[81,-22],[33,20],[30,-26],[47,6]],[[28659,41282],[22,-25],[18,-80]],[[27559,40383],[-406,6]],[[27153,40389],[-13,46],[64,69],[-46,61],[-1,56],[26,37],[64,23],[51,86],[30,8],[38,63],[65,30],[-24,70],[18,46],[-15,52],[-69,26],[-38,65],[-53,-5],[11,138]],[[26761,44385],[16,34],[45,31],[60,79],[21,72],[0,74],[39,12],[16,63],[46,4],[-9,45]],[[18642,43232],[13,57]],[[18655,43289],[58,64],[71,-12],[47,43],[35,-55],[27,72],[45,46],[22,97],[89,34],[-11,131],[75,4],[1,59],[-56,115],[-41,33]],[[19017,43920],[-4,64],[26,32],[-19,43],[3,56],[101,79],[-18,31],[-63,25],[-81,-16],[-64,25]],[[18898,44259],[29,88],[106,81],[50,-15],[129,-12]],[[19212,44401],[27,-9],[40,34],[54,-1]],[[19333,44425],[44,9],[76,-52],[11,-94],[112,-65],[122,11],[154,-69],[22,-30],[81,9],[50,-26],[-12,-38],[43,-66],[35,32],[45,-51],[36,8],[60,-83]],[[20212,43920],[20,-52],[-45,-50],[33,-61],[50,-42],[-23,-24],[52,-38],[21,-58],[-3,-45],[-38,-72],[26,-65],[57,-17],[-12,-48],[76,-49],[76,-5],[15,-75],[73,-26],[-17,-81],[-21,-13],[37,-62],[14,-76]],[[20603,42961],[1,-38],[39,-7],[-4,-135],[-62,-92],[17,-42],[121,-81],[-65,-64],[10,-87],[-39,-3],[36,-80],[-82,-37],[-6,-34],[-73,7],[0,-55],[-126,7],[-68,12]],[[20302,42232],[-36,38],[-53,-21],[-14,36],[-42,23],[-71,-94],[3,-40],[-82,-29],[-59,6],[-4,146],[-65,37],[-84,-3],[-502,18]],[[19293,42349],[-1,64],[-61,-20],[-24,30],[-4,70],[-80,55],[-44,9],[-42,-45],[-90,-1],[-13,47],[-41,19]],[[23204,41565],[-49,-85],[-90,14],[-48,40],[-73,-53],[-80,-14],[-48,-60],[-104,-14],[-77,15],[-4,35],[-49,-5],[-33,-34],[-74,-39],[-19,45],[-55,-11],[-64,7]],[[22337,41406],[-18,122],[5,45],[-88,67],[-48,17],[-2,-45],[-37,-31],[-43,18],[-36,56],[-91,14],[-74,36],[-57,-13],[-43,11]],[[21805,41703],[-28,42],[15,179],[55,24],[19,65],[51,55],[1,38],[72,83],[11,32],[50,5],[39,54],[-18,54]],[[22072,42334],[49,99],[54,54],[11,37],[94,42]],[[22280,42566],[67,64],[70,49],[52,69],[5,59],[146,-8],[78,-43],[20,43],[53,-25],[27,42],[-2,94],[32,-6],[56,47],[16,39]],[[22900,42990],[31,-44],[230,-33],[-4,-156],[93,4],[4,-27]],[[23254,42734],[71,-105],[13,-42],[83,-41],[32,11]],[[23453,42557],[48,-30],[61,5],[-26,-51],[-41,-40],[53,-37],[57,-69],[-16,-30],[-1,-78],[67,-62]],[[21805,41703],[-11,-41],[20,-53],[-19,-52],[-41,0],[-59,-38],[-1,-67],[-113,-78],[25,-17],[-21,-63]],[[21585,41294],[9,-39],[-57,-7],[-21,26],[-49,-11],[-15,40],[-107,49],[-102,100],[-15,33],[-96,22],[-28,28],[-127,-9],[-19,38]],[[20958,41564],[-37,72],[24,66],[-20,67],[33,50],[-40,83],[6,51],[-12,134],[47,65],[76,20],[66,-17],[130,63],[36,65],[36,15],[33,-33],[70,45],[52,-15],[101,36],[99,130],[47,34]],[[21705,42495],[22,-67],[-60,-39],[29,-50],[41,-25],[50,21],[72,-13],[8,-42],[81,-28],[45,28],[54,73],[25,-19]],[[18655,43289],[-64,51],[13,42],[-102,48],[-104,-1],[-44,-38],[-38,47],[5,36],[-22,90],[-27,56]],[[18272,43620],[-3,34],[81,73],[47,10],[42,46],[12,67],[36,81],[113,86],[169,-27],[21,-23],[46,22],[55,-39],[112,-12],[14,-18]],[[19333,44425],[47,25],[56,-28],[70,43],[42,-30],[101,-22],[27,-41],[58,-44],[22,-38],[96,25],[55,-11],[106,18],[30,-40],[52,-5],[25,58],[42,29],[5,40],[99,-7],[47,37],[6,78],[93,10],[56,-8]],[[20468,44514],[9,-19],[-64,-47],[44,-30],[53,10],[-60,-116],[-28,2],[-45,-81],[63,-22],[-6,-54],[33,-26]],[[20467,44131],[-37,-37],[-50,-4],[3,-67],[-25,-39],[15,-28],[-61,-32],[-42,-47],[-58,43]],[[20867,45404],[47,-140],[59,-28],[-3,-64],[31,-25]],[[21001,45147],[-26,-24],[1,-67],[-28,-23],[14,-54],[-25,-14],[2,-52],[-56,-56],[3,-86],[16,-45]],[[20902,44726],[-33,18],[-51,-5],[-74,-67],[-60,-7],[-192,-120]],[[20492,44545],[-30,45],[-14,64],[-13,174]],[[20435,44828],[8,47],[-35,50],[-14,57]],[[20394,44982],[-29,62],[58,32],[66,56],[41,-23],[39,38]],[[20569,45147],[68,120],[70,38],[65,-3],[41,77],[54,25]],[[22147,44845],[52,-79],[2,-51]],[[22201,44715],[3,-93],[72,-69],[20,-64],[41,-50],[-11,-82],[-30,5],[-20,-52]],[[22276,44310],[-59,4]],[[22217,44314],[-53,-3],[-86,-109],[-47,45]],[[22031,44247],[23,30],[-31,75],[-97,30],[-53,3],[-70,59],[-68,-29],[-73,68],[-70,43],[-124,36],[6,29],[-51,27],[-72,-3],[-95,-25],[-31,-29],[-92,-28],[4,-37],[-126,27],[2,-23]],[[21013,44500],[-27,-6],[-65,42],[-8,36],[32,24],[30,75]],[[20975,44671],[59,-6],[36,45],[90,1],[44,65],[-12,55],[67,75],[-1,45],[26,48],[50,-2],[49,74]],[[21383,45071],[110,15],[87,57],[41,-43],[110,-84],[39,26],[48,-53],[80,-65],[20,-56],[36,-23],[33,13],[119,-33],[41,20]],[[20468,44514],[24,31]],[[20902,44726],[47,-21],[26,-34]],[[21013,44500],[57,-27],[-17,-51],[7,-48],[52,-48],[4,-29],[-61,-79],[27,-52],[6,-73],[-20,-16],[7,-142],[37,-61],[-14,-35],[11,-86],[-80,-19],[-60,-83],[80,0],[60,-22],[76,-133],[-22,-45],[44,-141]],[[21207,43310],[-40,-21],[-74,-4],[-5,-38],[85,-36],[-54,-27],[-75,25],[-19,54],[-78,30],[-32,32],[9,45],[-67,16]],[[20857,43386],[-43,35],[-14,109],[27,54],[33,14],[15,117],[-35,45],[-39,3],[-34,76],[-22,90],[-81,21],[-44,68],[-83,33],[-70,80]],[[20435,44828],[-50,-47],[-17,-105],[-42,28],[-21,-56],[-48,13],[-12,-53],[-54,-9],[-22,42],[-51,-34],[-32,24],[-1,98],[-44,14]],[[20041,44743],[-9,36],[53,49],[45,-40],[11,-33],[76,10],[21,28],[-23,67],[-38,30],[45,44],[86,54],[86,-6]],[[22337,41406],[-57,-27],[-129,71],[-25,-43],[-50,-28],[28,-45],[-24,-80],[-78,-28],[-69,-84],[-16,-48],[-79,-51],[-73,11]],[[21765,41054],[-29,17],[-43,112],[-63,39],[-45,72]],[[20041,44743],[-35,-9],[-147,39],[-48,33],[-74,11],[-73,-63],[-38,-12],[-24,-59],[-45,17],[-63,0],[-31,-20],[-39,24],[-48,-10],[-15,55],[-37,53],[-128,-18],[-63,28]],[[19133,44812],[-54,53],[-96,18]],[[18983,44883],[66,34],[20,-14],[56,89],[-11,77],[8,37],[112,50],[22,-18],[81,-7],[22,63],[-92,76]],[[19267,45270],[65,10],[142,51],[3,38],[59,53],[105,67],[33,87],[98,74],[-5,37],[66,-3],[7,58],[41,16],[89,-22]],[[19970,45736],[24,-45],[-2,-66],[31,-8],[116,37],[76,-86],[51,-12]],[[20266,45556],[28,-103],[-27,-28],[15,-53],[-13,-47],[119,-30],[60,40],[51,-7]],[[20499,45328],[25,-42],[-10,-45],[47,-51],[8,-43]],[[18272,43620],[-15,38],[-108,85],[-68,30],[68,83],[63,49],[-110,269]],[[18102,44174],[-12,49],[253,97],[62,65]],[[18405,44385],[28,-35],[97,-61],[62,-23],[12,-77],[156,11],[27,-7],[111,66]],[[20499,45328],[46,109],[-21,65],[25,144],[45,25],[38,54],[72,-13],[69,74]],[[20773,45786],[50,-70],[47,-20],[14,-51],[-47,-99],[69,-8],[17,-19]],[[20923,45519],[-56,-115]],[[21350,40669],[-21,42],[49,20],[18,50],[-11,85],[26,26],[-15,38],[-56,-21],[-63,57],[-18,-36],[-95,-4],[-88,-48],[-88,-16],[-2,36],[47,109],[62,-10],[79,50]],[[21174,41047],[-155,105],[-24,45],[-75,79],[-15,-33],[-73,7],[-23,-21],[-78,10],[-122,84],[-34,-44],[-32,13],[-5,52],[-68,-14],[-112,-118],[-30,-61],[-114,-27],[22,-22],[-81,-101],[-28,-50],[-38,15],[-42,-97],[-40,-34],[23,-57],[-36,-49],[66,-49],[66,-4],[-13,-40],[-45,-31],[3,-53],[-46,-27],[-11,-34],[20,-65],[-28,-21],[-9,-94],[11,-48],[-17,-50],[-28,-19],[-4,-63],[-69,-54],[-46,-107],[-12,-94],[-43,-39],[-39,-119],[-56,-50],[-30,-49],[-5,-53],[-118,-56],[-19,-32],[3,-80],[61,-95],[-14,-62],[26,-43],[30,-111],[-4,-25]],[[19321,39087],[1,87],[21,43],[-10,33],[51,101],[20,136],[83,31],[54,51],[3,46],[36,61],[76,59],[-2,72],[25,132],[-32,62],[-12,96],[-34,18],[1,88],[48,34],[14,36],[5,125],[-23,51],[1,86],[-32,40],[-9,58],[10,53],[-51,38],[-62,21],[-7,144],[-20,80],[96,83],[3,104],[42,68],[33,134],[22,7],[61,-35],[101,62],[37,92],[44,-49],[85,80],[38,7],[25,51],[10,67],[-5,82],[62,49],[57,24]],[[20187,41795],[-2,-51],[32,-39],[17,-70],[65,8],[46,36],[45,-37],[-37,-165],[6,-102],[27,-6],[60,77],[34,-23],[53,-1],[73,25],[-1,-36],[46,-31],[29,53],[89,-37],[74,10],[36,64],[26,76],[53,18]],[[21765,41054],[19,-77]],[[18983,44883],[-33,51],[-48,32],[-51,7]],[[18851,44973],[22,28],[38,186],[-18,24],[24,43],[-9,34],[26,40],[-4,45],[123,53],[91,70],[22,61],[-39,41],[45,59]],[[19172,45657],[37,-32],[37,-91],[55,-32],[-8,-92],[67,0],[16,-40],[-54,-34],[-33,-1],[-22,-65]],[[20603,42961],[37,84],[55,5],[4,69],[26,2]],[[20725,43121],[9,-28],[61,0],[78,-45],[53,-9],[-42,-81],[40,-72],[-10,-41],[102,-37],[34,-48],[6,-62],[69,53],[69,-15],[30,-42],[45,-10],[49,-37],[125,-20],[54,-35],[62,30],[84,-49],[44,-11],[18,-67]],[[20187,41795],[49,103],[79,82],[27,58],[3,77],[-37,14],[-19,44],[13,59]],[[20725,43121],[-12,30],[33,47],[38,156],[53,-18],[20,50]],[[21207,43310],[60,-85],[85,-21],[74,8],[55,-28],[72,18],[37,-19],[97,19],[105,-14],[36,23]],[[21828,43211],[1,-47],[-36,-40],[51,-115],[31,-35],[-34,-52],[25,-20],[69,10],[45,-38],[109,-3],[95,-45],[71,-103],[-52,-31],[39,-43],[1,-42],[37,-41]],[[18405,44385],[5,69],[70,37],[129,100],[14,103],[-9,25],[40,75],[129,105],[68,74]],[[19133,44812],[67,-83],[40,-13],[-11,-55],[52,-33],[-91,-73],[-2,-48],[70,-53],[-46,-53]],[[20266,45556],[40,38],[103,19],[26,47],[43,13],[8,109],[-8,42],[36,30]],[[20514,45854],[52,-26],[5,-29],[55,-44],[35,50],[42,15]],[[20703,45820],[27,-45],[43,11]],[[22031,44247],[-28,5],[-21,56],[-36,-25],[-44,-115],[-44,-42],[-76,20],[-14,-41],[-94,-82],[-28,-9],[15,-55],[-6,-64],[84,-47],[37,-65],[18,-72],[-27,-85]],[[21767,43626],[-42,-69],[-19,-67],[8,-44],[43,-40],[5,-64],[66,-131]],[[21001,45147],[12,-26],[61,9],[15,43],[51,75],[16,68],[50,-29],[41,46],[5,54],[33,45]],[[21285,45432],[69,-32]],[[21354,45400],[-30,-82],[21,-62],[8,-134],[30,-51]],[[19970,45736],[28,61],[-64,21],[48,106],[-3,107]],[[19979,46031],[208,27],[32,-50],[-112,-5],[-35,-28],[21,-49],[77,22],[72,-24],[84,46],[47,49],[59,-3],[20,-24],[77,-5]],[[20529,45987],[-15,-133]],[[19172,45657],[46,71],[231,67],[98,50],[63,45],[46,75],[-34,63],[60,67],[88,13],[30,-42],[95,-38],[84,3]],[[20623,39872],[-5,41],[-49,29],[-20,37],[27,76],[-14,15],[-1,91],[67,54],[31,90],[-13,36],[45,79],[57,-17],[116,18],[4,59],[63,49],[-24,57],[10,38],[-34,27],[-8,46],[53,120],[-14,32],[20,56],[25,7],[58,69],[0,36],[70,-5],[87,35]],[[20923,45519],[53,22],[81,-71],[110,-1],[47,93]],[[21214,45562],[9,-79],[62,-51]],[[19293,42349],[3,-98],[26,-77],[-54,-32],[27,-36],[-10,-34],[55,-31],[14,-75],[-56,-49],[12,-32],[-59,-74],[-63,-1],[-37,-81],[-62,-23],[-118,29],[-88,0],[-53,-72],[-49,-26],[-13,-59],[-36,-17],[-53,-64],[-70,-36],[-100,-34],[-92,-58],[-86,-10],[-60,32],[-44,5],[-30,-44],[-65,-42],[-24,-57]],[[18108,41253],[-54,42],[-4,54],[13,126]],[[18063,41475],[55,3],[24,95]],[[24941,30715],[-56,-14],[30,-59],[-11,-59],[-24,-9]],[[24880,30574],[-48,26],[-44,-39],[-37,-7]],[[24751,30554],[8,47],[56,20],[-35,39],[-20,111],[-65,-21],[-12,89],[13,31],[-28,40]],[[24687,29687],[-41,-24],[15,-36],[-13,-42],[26,-50],[38,11],[17,-34],[-15,-90]],[[24527,30423],[50,1],[8,44],[-38,61],[46,22]],[[24593,30551],[27,-18],[79,0],[52,21]],[[24880,30574],[30,4],[57,-88],[2,-34]],[[24930,30383],[-74,-70],[-69,-7],[-15,-66],[-58,-31],[-141,-8]],[[24546,28558],[-76,37]],[[24470,28595],[103,-5],[70,26],[37,48],[75,15],[92,55],[59,-18],[51,-42],[106,-40],[19,-65],[88,-54]],[[25502,28406],[-7,-29]],[[23754,29728],[-106,28],[-37,-13]],[[23611,29743],[-76,64]],[[23535,29807],[55,60],[15,47],[33,33],[-29,38],[-43,19],[19,108],[-49,40]],[[23536,30152],[5,75],[68,40],[55,10],[27,77],[90,50],[-2,119],[-74,41],[-10,22]],[[24595,30930],[-23,-63],[-6,-81],[13,-56],[34,-60],[-22,-25],[2,-94]],[[25132,30318],[64,7]],[[25068,27864],[10,-84],[-41,-80],[60,-50],[7,-102],[-16,-91],[-47,-117],[-45,-55],[-29,-131],[-96,-128],[-28,-7],[-7,-65],[-58,-50],[38,-64]],[[24492,27219],[-16,5]],[[24476,27224],[32,104],[23,33],[0,98],[28,43],[13,64],[-10,30],[-45,26],[-14,43]],[[24503,27665],[-7,60],[33,97]],[[26289,30841],[8,-44],[-80,-64],[-74,23],[-73,60],[-21,3]],[[24562,31773],[-56,-18],[-76,12],[-75,-1],[-96,44],[-41,38],[43,144],[-18,48],[37,97],[-7,42],[34,129],[-47,34],[-41,83]],[[26663,28924],[-75,63],[-45,0],[-147,-52],[-58,9]],[[26342,29158],[36,115],[23,16]],[[26639,29234],[3,-99],[92,-88]],[[23836,31040],[47,-16],[27,34],[-42,37],[-44,12]],[[23824,31107],[8,25],[74,29],[85,-28],[53,-38],[127,20],[38,22],[107,-36],[83,5],[3,-60],[32,-47]],[[26288,30522],[-80,1],[-111,40],[-65,-1]],[[26032,30562],[-43,45]],[[25906,28795],[67,107],[17,71],[-8,36],[-60,38],[-9,68],[26,124],[59,55],[55,14],[11,169],[83,-1]],[[27016,29897],[-32,-64],[-86,-118],[-49,-33],[-90,-101],[-55,-11],[-78,-59],[9,-76]],[[26293,29637],[6,85],[55,153]],[[26032,30562],[-17,-63],[25,-26],[-87,-40],[-33,-38],[-6,-79],[-47,-56],[0,-49],[-89,-19]],[[25778,30192],[27,41],[-48,42]],[[25073,29625],[-28,-86],[-75,-106]],[[25425,30522],[-44,121],[-37,55]],[[27438,29567],[-58,-34],[-19,-42],[-71,-5],[-53,-44],[-20,-105],[-40,-55]],[[27177,29282],[-129,-24],[-80,-88],[-7,-88]],[[25778,30192],[-53,-47],[0,-51]],[[27265,32664],[-55,-61],[-29,-11],[3,-89],[-46,-92],[-60,-72],[2,-38]],[[24470,28595],[-26,30]],[[27780,29517],[-37,60],[-78,20],[-66,46],[-70,-53]],[[27617,30000],[48,-20],[115,-3],[35,85],[-10,60],[88,38]],[[27702,30374],[-110,53]],[[27256,30586],[28,49],[58,-15],[11,29],[-34,101],[42,30],[-36,65],[57,50]],[[23601,28719],[-54,20],[-71,-62],[-72,-25],[-83,-8],[-39,77]],[[23282,28721],[21,72],[66,74],[31,9]],[[23824,31107],[-41,36],[42,91],[17,81],[-13,32]],[[23829,31347],[44,82],[-9,87],[-39,69],[4,43],[40,48],[12,54],[-21,60],[-44,34],[11,76],[24,26],[-4,78],[-33,81]],[[26623,30858],[98,-46],[16,-25],[139,-47],[116,-114],[67,-39],[27,-60],[33,-3]],[[23515,29248],[43,18],[20,38],[7,67],[23,62]],[[23608,29433],[29,24],[-63,91],[11,39],[-25,31],[11,60],[-32,42],[72,23]],[[20867,30024],[15,-56],[-100,-126],[-57,-112]],[[20725,29730],[-58,-40],[-47,-82],[-91,-1],[-89,-33],[-50,-7]],[[20390,29567],[76,44],[-14,61],[-43,34]],[[20409,29706],[120,88]],[[20529,29794],[63,44],[78,106],[51,31],[62,-1],[84,50]],[[20928,29177],[12,-56],[-13,-70],[-25,-32],[-7,-53]],[[20895,28966],[-73,62],[-61,4],[-50,-62],[-139,-18],[-15,37],[-38,1],[-45,28]],[[20474,29018],[-23,82],[-17,14]],[[20434,29114],[144,68],[50,-17],[100,-4],[111,48],[68,-45],[21,13]],[[20529,29794],[-56,31],[-65,-22],[-40,28],[35,46],[-12,77]],[[20391,29954],[83,-9],[30,17],[-8,75]],[[20496,30037],[-13,116]],[[20483,30153],[36,26],[65,-23],[56,-42],[36,-6],[34,31],[27,-22],[83,-6],[53,22],[55,-1],[62,-22]],[[20990,30110],[-84,-40],[-39,-46]],[[20671,28496],[16,-44],[-53,-82],[-65,-58],[-10,-96],[-50,-41],[-30,-1],[-18,-48],[-92,-57],[-18,-61]],[[20351,28008],[-75,-4],[-11,18],[-144,58],[-65,-4],[20,61],[-31,30],[1,107],[77,153],[-19,44]],[[20104,28471],[3,38],[86,127],[38,99],[-24,57]],[[20207,28792],[167,-90],[1,-31],[-38,-81],[102,-68],[64,4],[39,31],[65,-6],[64,-55]],[[20275,29079],[-97,3]],[[20178,29082],[-83,38],[-45,-19],[-56,46],[-35,-16]],[[19959,29131],[-35,-2]],[[19924,29129],[-56,19],[-5,36]],[[19863,29184],[50,75],[41,21]],[[19954,29280],[11,26],[104,-36],[72,8],[59,82]],[[20200,29360],[172,39],[-22,-34],[-53,-11],[4,-106],[21,-57],[-23,-32],[-54,-32],[30,-48]],[[20390,29567],[-83,-6],[-74,-160],[-33,-41]],[[19954,29280],[-33,19],[19,41],[-11,50],[20,85],[-33,64]],[[19916,29539],[11,66],[25,24],[8,57]],[[19960,29686],[21,17],[74,-15],[55,-25],[41,19],[70,-34],[130,15],[58,43]],[[20895,28966],[-27,-93],[25,-51],[-39,-100],[25,-33]],[[20879,28689],[-67,-24],[-23,-50],[-67,-38],[-16,-53],[-35,-28]],[[20207,28792],[8,92]],[[20215,28884],[29,32]],[[20244,28916],[60,-9],[63,-34],[85,24],[25,79],[-3,42]],[[19960,29686],[-13,37],[39,30],[-20,60]],[[19966,29813],[99,106],[31,55]],[[20096,29974],[129,-2],[107,-31],[59,13]],[[20990,30110],[63,2],[62,-29],[48,1],[73,-90],[43,-11],[51,54],[82,8],[6,46],[52,-7],[39,19],[22,38],[57,18]],[[21588,30159],[17,-24]],[[21605,30135],[-9,-26]],[[21596,30109],[-49,-34],[-52,-66],[-22,-89],[24,-68],[-19,-46],[-53,-26],[-111,-18],[-21,-44],[-31,-9]],[[21262,29709],[-19,-41],[-85,-48],[-33,-48],[9,-48],[-20,-42],[11,-56],[-37,-11],[-68,-76]],[[21020,29339],[-42,32],[10,48],[-47,65],[-27,8],[-49,84],[-38,3],[3,76],[-72,13]],[[20758,29668],[-33,62]],[[20483,30153],[-55,-20],[-121,21],[-37,26],[-45,-19],[-45,41],[-30,-3],[-67,35],[-44,-34],[-41,0]],[[19998,30200],[26,37],[13,68],[-28,67],[-86,-33],[-36,-48],[-57,-8],[-81,55],[22,113],[-44,16]],[[19727,30467],[50,35],[36,-1],[26,68],[-39,122]],[[19800,30691],[37,11],[59,55]],[[19896,30757],[148,-74],[39,104],[54,14]],[[20137,30801],[35,-59],[64,-1],[63,-60],[99,69],[67,-19],[35,-41]],[[20500,30690],[-36,-147],[13,-31],[79,2],[120,-66],[37,-31]],[[20713,30417],[11,-46],[60,-43],[65,-20],[9,-52],[104,-52],[128,-96],[45,-2],[27,30],[45,-13],[51,38],[57,13],[8,42],[59,24],[43,76],[57,37],[37,66],[46,-21],[68,55]],[[21633,30453],[-8,-114],[-35,-74],[34,-59],[-36,-47]],[[19774,31259],[-95,42],[9,116],[-87,12],[-2,31],[-92,86],[-109,3],[-39,-10],[-56,24]],[[19303,31563],[81,51],[69,6],[28,21],[67,13],[40,65],[-2,54],[-30,31],[61,55],[18,44],[67,-31],[49,9]],[[19751,31881],[-8,-169],[90,-104],[58,-23],[13,-27]],[[19751,31881],[15,65]],[[19766,31946],[48,44],[67,5],[20,37],[114,5]],[[20015,32037],[93,-9]],[[20015,32037],[9,88],[-28,27],[-8,62],[39,39],[49,82]],[[20076,32335],[140,15],[73,57],[66,12]],[[20355,32419],[-20,-64],[-76,-144],[34,-12],[40,-47],[32,-76]],[[19694,31083],[-60,-12],[-6,-83],[-37,11],[-55,-60],[22,-46],[-16,-68]],[[19542,30825],[-128,86],[-17,80],[-55,151],[-53,29],[-47,71],[5,35]],[[19247,31277],[65,-58],[122,-18],[37,43],[70,2],[-3,-38],[34,-34],[63,9],[18,-71],[41,-29]],[[20138,30846],[-1,-45]],[[19896,30757],[15,67]],[[19911,30824],[33,6],[18,64]],[[20480,30975],[-11,-70],[60,-90],[47,-31],[-9,-41]],[[20567,30743],[-67,-53]],[[19303,31563],[-57,48],[0,22],[-65,41],[-73,11],[-50,51]],[[19058,31736],[-34,76],[-2,76],[-26,44],[-39,18],[-39,45],[-13,95],[-81,111],[11,27],[-28,66],[31,72],[20,149]],[[18858,32515],[45,-45],[34,32],[53,-11],[30,33],[84,14],[31,69],[74,16]],[[19209,32623],[22,-81],[44,-91],[23,-96],[39,12],[102,-36],[59,-2],[88,-40],[71,-11],[14,-51],[-22,-53],[-8,-81],[39,-47],[12,-65],[74,-35]],[[20355,32419],[40,39],[63,-8],[29,-30],[47,5],[2,-38],[67,-75],[41,-1],[-2,-52],[23,-67],[40,-40]],[[20713,30417],[41,17],[33,96],[-12,59],[-29,30],[-31,85],[-41,25],[-59,-22],[-48,36]],[[19911,30824],[-65,106],[-57,30],[-8,33],[-54,41],[-33,49]],[[19247,31277],[16,51],[8,110],[27,22],[5,103]],[[28077,35115],[-3,-75]],[[28074,35040],[-30,4],[-57,-59],[-67,-22],[11,-42],[-65,-61]],[[27866,34860],[-38,59],[-14,116],[13,51],[-21,64],[16,82],[-58,30],[-20,34],[5,46]],[[27749,35342],[79,-62],[43,32],[40,-22],[5,-56],[57,-49],[61,-12],[43,-58]],[[26441,33610],[98,72],[42,56],[20,50],[48,2],[17,-33],[85,2],[47,36],[28,-32],[75,18]],[[26901,33781],[40,95],[29,4],[32,84],[115,43],[5,25],[60,20]],[[27182,34052],[22,-98],[-45,-49],[-17,-75],[12,-54],[-36,-52]],[[29698,37266],[62,-46],[12,-63]],[[29772,37157],[-16,-32],[37,-48],[-23,-50],[49,-26],[-13,-62],[125,-78],[-9,-45]],[[29922,36816],[-78,-84],[-142,-67],[-132,11],[-38,65],[-43,2],[-55,30],[4,30]],[[29438,36803],[-78,53],[30,19],[143,4],[52,22],[-103,72]],[[29482,36973],[59,75],[22,3],[63,66],[7,57],[65,92]],[[27549,34189],[-58,45],[-34,9]],[[27457,34243],[0,17],[64,135],[83,68]],[[27604,34463],[108,17]],[[29187,36509],[-73,-13],[-24,-45],[-99,-78]],[[28991,36373],[-45,28],[-44,66],[5,85],[-11,30],[-59,0],[-26,27]],[[28811,36609],[13,75],[-16,64],[36,16],[-12,65]],[[28832,36829],[13,51],[64,27],[42,54]],[[28951,36961],[141,-75],[2,-91],[-50,-60],[26,-30],[-14,-37],[139,-99],[-8,-60]],[[27781,38477],[-2,-42],[58,-25]],[[27837,38410],[38,-33]],[[27875,38377],[-554,-702],[257,-199],[-44,-33],[-61,71],[-43,-23],[-39,13],[-34,-21],[-49,33],[-80,16],[-40,-45],[-1,-73],[-21,-26]],[[27166,37388],[-89,-1],[-27,47],[-33,-6],[-54,71],[-54,-27],[-49,1],[-7,84],[-40,-19],[-10,-62],[-49,-41],[-33,31],[-238,18]],[[26483,37484],[-210,-132],[-95,-29],[-31,-38],[14,-37],[-40,-33],[-130,-17]],[[25991,37198],[44,59],[8,60],[69,78],[121,97],[42,74],[73,52],[148,83],[39,9],[123,101],[47,65],[10,49],[-40,203],[-66,51],[-71,100],[9,89],[-28,105],[52,105]],[[26571,38578],[75,-77],[47,-6],[116,90],[121,65],[82,-18],[13,45],[82,6],[66,-45],[48,26],[41,50],[97,-6],[87,-29],[0,-53],[43,-2],[79,-57],[35,4],[20,-64],[77,-39],[42,21],[39,-12]],[[28974,37610],[-48,-70],[-39,-33],[-54,-76],[-37,-81],[-32,45],[-50,12],[-36,48],[-48,1],[-21,104],[-30,19],[-20,56],[-54,12],[13,50],[31,44],[12,49],[-43,45],[-70,22],[-41,-2],[-74,-49],[-23,12],[-64,-14],[-36,-57],[-36,-24]],[[28174,37723],[-45,15],[-59,50],[-54,25],[-6,94],[25,53],[-9,87],[-65,-41],[-32,22],[-12,122],[19,85],[-6,49],[-55,93]],[[27875,38377],[36,-2],[47,-35],[75,27],[143,-39],[43,-27],[19,-48],[135,-80],[-2,-29],[48,-57],[124,-32],[1,-59],[50,-31],[107,-37],[34,-36],[36,-85],[52,-60],[77,-31],[74,-106]],[[24581,35450],[114,-131],[65,-8],[81,-62],[50,1],[25,-35],[-28,-73],[19,-45],[-6,-73],[26,-103],[59,-28],[103,-22],[46,15],[88,-32],[61,9],[50,56],[89,-48],[32,-66],[46,-6],[32,-29],[9,-46],[31,-8],[47,35],[44,78],[25,122],[-91,83],[24,91],[29,31],[42,-4],[64,40],[56,81],[66,25],[19,-43],[69,-21]],[[25967,35234],[12,-49],[31,-43],[52,3],[39,-35],[40,51],[83,29],[24,-22],[57,4],[56,54],[63,19],[50,-21],[58,42],[61,2],[32,-20],[25,-95],[99,-48],[4,-39],[83,25],[92,85],[96,32],[66,-21],[9,-42]],[[27099,35145],[-3,-64],[37,-17],[27,-53],[46,-2],[28,-28],[-13,-74],[-40,-47],[-21,-66],[24,-17],[28,-160],[59,-29],[-39,-55],[-75,-40]],[[27157,34493],[-27,-4],[-6,-61],[29,-81],[-52,-69]],[[27101,34278],[-66,6],[-71,24],[-52,62],[-22,-13],[-92,73],[18,108]],[[26816,34538],[64,-2],[103,44],[40,-31],[92,81],[-37,63],[-43,10],[-36,62],[25,88],[-37,68],[-106,20],[-46,19],[-70,-46],[-32,77],[-94,-23],[-75,-30],[-6,57],[-83,14],[-9,53],[-37,27],[-4,43],[-74,-1],[-116,-21],[-104,-56],[-36,-33],[-46,-10]],[[26049,35011],[-31,0],[-39,53],[-15,-89],[36,-41],[-48,-13],[-31,-48],[32,-30],[-42,-60],[31,-56],[-7,-85],[-57,-40]],[[25878,34602],[-1,-66],[-94,-64],[-7,-37],[-38,-47],[-19,-103],[2,-56],[-24,-41]],[[28991,36373],[28,-57]],[[29019,36316],[-26,-34],[-49,-21]],[[28944,36261],[-78,-51],[-80,0]],[[28786,36210],[-6,86],[-29,97]],[[28751,36393],[39,108],[-9,29],[30,79]],[[30169,39129],[-74,-2],[-47,-62],[-75,-38],[-25,-27],[-3,-78],[48,-32],[-17,-46]],[[29976,38844],[-82,73],[-22,3],[-89,91],[-2,38],[100,-16],[55,81],[41,41],[111,54],[46,-61],[35,-19]],[[30585,36395],[33,-8],[37,53]],[[30655,36440],[69,51]],[[30724,36491],[54,-71],[42,-6],[39,-31],[18,-89],[40,-35],[-14,-45],[40,-14]],[[30943,36200],[38,-26],[0,-105],[-44,-29],[-2,-42],[-29,-39]],[[31269,36455],[-62,22],[-23,-35],[-111,-71]],[[31073,36371],[-16,112],[-45,-21],[-60,35],[-21,66],[-88,3]],[[30843,36566],[34,105],[30,21],[61,90],[24,70]],[[30992,36852],[9,72],[52,-3],[61,36],[-6,44],[184,-1],[19,-55],[51,-20],[55,18]],[[29772,37157],[82,0],[10,34],[60,16]],[[29924,37207],[59,-7],[28,-30],[78,73],[15,-10]],[[30104,37233],[-17,-157],[-18,-45],[52,-124],[-18,-21],[-65,-13],[-16,-84]],[[30022,36789],[3,-23]],[[30025,36766],[-57,18],[-46,32]],[[31252,37474],[-23,-33],[7,-69],[-24,-62],[7,-33],[-41,-34],[-48,-64],[-148,30],[-24,38],[-38,-20],[-30,39],[-77,7],[-20,-49],[-39,-35],[-81,30],[-43,84],[-94,-27]],[[30536,37276],[49,69],[-4,68],[26,49],[-8,122],[28,76],[-54,56]],[[30573,37716],[7,61],[37,37]],[[30617,37814],[42,61],[75,-14],[24,24],[52,0],[-3,-36],[25,-86],[74,87],[58,-36],[61,22],[74,-2],[61,31],[41,-7],[31,-40],[-4,-64],[32,-44],[8,-69],[-34,-44],[18,-123]],[[29115,34470],[-30,58],[-67,35],[-57,79],[-66,27]],[[28895,34669],[45,211],[-34,37]],[[28906,34917],[31,47],[-33,52],[40,25],[14,62],[44,55],[6,154],[22,47],[0,61],[-34,84],[-65,20]],[[28931,35524],[85,75]],[[29016,35599],[73,51],[45,3],[35,34]],[[29169,35687],[12,-34],[54,-55],[-18,-103],[17,-30],[69,-8],[9,109],[55,-14],[40,71],[24,80],[43,75]],[[29474,35778],[24,26],[53,-21],[66,10],[36,25],[55,-121]],[[29708,35697],[-18,-8],[-86,29],[-35,-105],[-44,-25],[-30,-75],[-52,-42],[15,-62],[-43,-21],[-75,-1],[31,-67],[4,-49],[-33,-53],[-74,-42],[-17,8]],[[29251,35184],[-37,-46],[-60,-125],[8,-45],[-39,-72],[9,-80],[85,-24],[15,-149],[-19,-72],[23,-87],[69,-31],[52,-44],[76,2]],[[29976,38844],[62,-64],[76,-57]],[[30114,38723],[-50,-36],[-46,10],[-91,-16],[-67,-29],[-30,5],[-31,49],[-29,0],[-44,-38],[-27,6],[-49,-53],[-35,-90],[-45,-38],[-51,-10]],[[29519,38483],[-61,23],[14,25]],[[29472,38531],[47,58],[14,81],[-29,36],[13,53],[37,41],[92,4],[34,45],[40,2],[35,54],[31,14]],[[29786,38919],[38,11],[70,-37],[43,-51],[39,2]],[[28621,35837],[-31,-40],[-5,-60]],[[28585,35737],[-70,-62],[-40,-68],[6,-59],[-53,-12]],[[28428,35536],[-90,28],[-13,-29]],[[28325,35535],[-42,22],[-83,-52],[-64,45],[-4,86],[-34,17],[-6,99]],[[28092,35752],[-21,92],[60,178]],[[28131,36022],[39,44],[38,-24],[13,-165],[116,-31],[45,29],[54,-16],[185,-22]],[[27742,34780],[2,-21]],[[27744,34759],[-57,-104],[21,-66],[-24,-36]],[[27684,34553],[-31,46],[-98,-49],[-78,38],[-126,36],[15,43],[55,89],[54,51],[25,59],[48,63]],[[27548,34929],[62,-27],[54,-58],[27,-6],[51,-58]],[[25088,36620],[65,5],[35,-15],[61,83],[121,31],[69,39],[45,74],[41,45],[78,39],[52,-6],[53,16],[67,43],[51,64],[33,-5],[60,35],[19,38]],[[25938,37106],[10,-89],[35,-30],[-42,-28],[23,-31],[26,-138],[21,-28],[-23,-34],[3,-57],[63,36],[33,-39],[12,-162],[71,-4],[80,10],[59,-18],[154,-64],[46,-42],[2,-40],[44,-24],[87,47],[97,-33],[12,-121]],[[26751,36217],[217,-175],[-129,-280],[-45,-158],[-456,-384],[-210,-8],[-161,22]],[[30992,36852],[-159,-14],[-126,69]],[[30707,36907],[9,67],[-67,62],[-69,43],[-29,50]],[[30551,37129],[-15,147]],[[31252,37474],[29,11],[85,-4],[6,52],[31,16]],[[28931,35524],[-64,20],[-100,72]],[[28767,35616],[-93,46]],[[28674,35662],[28,25],[1,48],[147,-4],[42,15],[50,121]],[[28942,35867],[57,-7]],[[28999,35860],[31,-24],[19,-79],[-32,-38],[-1,-120]],[[28325,35535],[-65,-53],[-46,-74],[-19,-54],[10,-66],[-26,-18]],[[28179,35270],[-66,41],[5,50],[-89,31],[-100,7],[-74,-15],[-21,-30],[-55,35],[8,72],[-69,16],[-43,47],[-2,44]],[[27673,35568],[68,14],[48,-43],[49,-18],[67,67],[43,95],[5,40],[56,33],[83,-4]],[[29973,34820],[-36,55],[-26,-5],[-61,60],[-51,-19],[-23,16],[-77,-6],[-68,48],[-33,-18],[-52,24],[-86,15],[-8,31],[-49,37],[-24,41],[-57,-8],[-24,35],[-38,-9],[-9,67]],[[29708,35697],[74,-2],[46,32],[95,24],[34,25],[53,-11]],[[30010,35765],[9,-18]],[[30019,35747],[-42,-67],[52,-147],[67,-27],[40,-102],[-47,-18],[-12,-72],[81,-41],[-20,-62],[11,-45],[-19,-75],[53,-27],[-23,-89]],[[30025,36766],[36,-12],[43,-47],[41,-94]],[[30145,36613],[-85,1],[6,33],[-70,28],[3,-55],[-66,-97],[-83,19],[-58,-4],[-26,-35],[9,-81],[-54,-74],[11,-42],[-46,-20],[-75,14]],[[29611,36300],[-142,48],[-65,59],[-46,-26],[-27,78],[14,85],[22,52],[-5,57],[-26,23]],[[29336,36676],[-35,29],[15,39],[-5,57]],[[29311,36801],[64,19],[63,-17]],[[28409,36853],[10,-98],[-10,-53],[-55,-71]],[[28354,36631],[-63,-107],[-2,-39],[-41,-42],[6,-65],[-43,-66],[11,-53]],[[28222,36259],[-81,-5],[-66,34],[-16,-29],[-81,-26],[-61,5],[-51,-34],[-49,100],[-26,-9],[-87,42],[-81,14],[-33,-19],[-43,15],[-44,-10],[-95,11],[-21,36],[32,76],[-66,13],[-2,33],[-72,-8],[-9,32],[-57,37],[-1,43],[24,57],[-29,36],[6,57],[-27,74],[-2,58],[35,13],[10,68],[-35,48],[32,38]],[[27226,37059],[28,0],[48,-56],[76,-4],[55,37],[0,76],[88,-34],[31,10],[-12,206],[76,3],[17,-29],[60,-25],[39,-36],[125,13],[-12,-36],[64,-18],[51,23],[108,-98],[50,19],[18,-158],[77,14],[30,-20],[23,-55],[92,-4],[51,-34]],[[27749,35342],[-99,52],[-27,38],[-76,35]],[[27547,35467],[7,72],[119,29]],[[28179,35270],[-102,-155]],[[26816,34538],[-90,-48],[-95,42],[5,46],[-19,50],[-62,33],[-12,107],[-60,4],[11,-48],[-56,9],[-109,-62],[-82,-29],[-55,14],[-100,69],[-24,78],[41,68],[-26,31],[15,33],[-49,76]],[[29547,39902],[-43,-114],[-81,-52],[-13,-97],[69,-71],[-51,-57],[69,-6],[39,-21],[23,-79]],[[29559,39405],[-114,-5]],[[29445,39400],[2,50],[-51,0],[-63,-29],[-66,-83],[-125,-25],[-17,-50],[-56,-3],[-18,77],[-22,32],[-51,-23],[-48,37],[-47,-28],[-15,-36],[-69,15],[-52,-24],[-83,41],[7,38],[43,14],[-25,50],[-84,83],[30,65],[119,105]],[[28754,39706],[64,-59],[27,6],[25,87],[-39,98],[52,42],[30,68],[54,41],[60,-12],[38,-26],[106,-3],[95,-20],[27,-20],[80,38],[34,-33],[100,2],[40,-13]],[[30655,36440],[8,40],[43,74],[-8,176],[9,28]],[[30707,36758],[0,149]],[[30843,36566],[-64,-58],[-55,-17]],[[26042,33925],[57,32],[64,11],[69,-47],[67,-10],[58,44],[73,14],[123,-18],[48,4]],[[26601,33955],[123,31],[0,-76],[52,-17],[72,-73],[53,-39]],[[29696,38193],[-29,10],[-45,-27],[-8,-89],[-24,-51],[-63,-36],[-130,-29],[-13,-39],[-72,-9]],[[29312,37923],[-15,37],[18,44],[-39,17],[-15,41],[30,27]],[[29291,38089],[43,37],[33,58],[25,4],[54,75],[60,-17],[48,82]],[[29554,38328],[42,30],[33,-19],[16,-63],[48,-20],[3,-63]],[[28751,36393],[-72,4]],[[28679,36397],[22,49],[-15,43],[-53,30],[-179,56],[-40,38],[-60,18]],[[28409,36853],[60,82],[-18,93],[7,49],[31,50]],[[28489,37127],[79,-28],[-10,-58],[119,-49],[11,-55],[51,-76],[48,-29],[45,-3]],[[28340,34676],[39,-30],[38,35],[46,6],[102,-22],[24,45],[2,48],[45,5],[117,-23],[29,-40],[79,-41],[34,10]],[[29924,37207],[20,65],[47,72]],[[29991,37344],[43,51],[-9,52],[83,72],[-2,57],[50,53],[-4,104],[52,69],[13,55],[-21,52],[73,98],[46,25],[15,69]],[[30330,38101],[61,4],[46,-82],[50,38],[76,-3]],[[30563,38058],[-24,-37],[17,-78],[61,-129]],[[30573,37716],[15,-86],[-82,-104],[-118,-13],[-83,-61],[-13,-82],[-56,-92],[-78,30],[-59,8],[5,-83]],[[28428,35536],[-21,-53],[56,-22],[27,-42]],[[28490,35419],[-22,-89],[73,-50],[-37,-78],[15,-52],[-34,-63]],[[28485,35087],[-47,22],[-52,64],[-74,-85],[-104,-3],[-52,-15],[-22,-46],[-33,-11]],[[28101,35013],[-27,27]],[[28585,35737],[73,-38],[16,-37]],[[28767,35616],[-18,-73],[-55,-21],[-45,-51],[-47,23],[-1,-69],[-75,-15],[-36,9]],[[27157,34493],[98,-37],[13,-30],[91,-14],[71,-97],[3,-55],[24,-17]],[[27457,34243],[-30,-32],[-33,4],[-62,-63],[-38,2],[-17,40],[-63,-26],[-55,-40]],[[27159,34128],[-23,38]],[[27136,34166],[2,34],[-37,78]],[[27604,34463],[2,26],[78,64]],[[27744,34759],[26,-67],[73,-49],[43,-13]],[[28679,36397],[23,-99],[28,-58],[-19,-42],[-47,-14],[8,-42]],[[28672,36142],[-72,-11],[-79,43],[-170,114],[-50,-9],[-41,-60],[-38,40]],[[26601,33955],[-51,46],[19,46]],[[26569,34047],[50,-27],[64,31],[65,-19],[11,-22],[86,-38],[78,38],[16,39],[44,17],[2,56],[79,70],[72,-26]],[[27159,34128],[23,-76]],[[29311,36801],[-26,32],[-35,-17],[-47,76],[15,57]],[[29218,36949],[111,-3],[48,15],[77,-5],[28,17]],[[25878,34602],[44,-11],[11,-79],[39,-43],[14,-48],[-58,-108],[76,-62],[105,4],[65,84],[39,100],[80,-47],[27,2],[40,-46],[-4,-93],[60,-29],[62,27],[52,1],[53,-36],[12,-73],[28,-17],[-26,-65],[-28,-16]],[[26751,36217],[35,28],[51,-31],[52,68],[57,52],[17,44],[41,4],[52,-32]],[[27056,36350],[5,-50],[-19,-113],[13,-50],[67,25],[9,-50],[38,-67],[152,-122],[38,-14],[30,-55],[-47,-47],[-54,-103],[-83,-109],[-50,-126],[58,-6],[-25,-91],[36,-18],[5,-54],[-37,-102],[-93,-53]],[[27866,34860],[-124,-80]],[[27548,34929],[-68,47],[-100,93],[-1,96],[24,60],[-9,113],[-29,9],[-9,56],[-58,47],[-27,87],[76,150],[91,97]],[[27438,35784],[26,-55],[-13,-51],[22,-48],[-37,-60],[-3,-34],[49,-33],[-9,-38],[74,2]],[[29156,38568],[25,-81],[-17,-30],[8,-49],[-20,-39],[-64,-46],[10,-88],[-56,-107],[-2,-88],[-22,-41],[-86,-1],[-28,29],[-77,12],[-3,91],[-58,47],[-65,69],[-60,18],[-13,-27],[-96,45],[-17,49],[-166,37],[-56,-3],[-32,69],[-35,34]],[[28226,38468],[65,63],[62,20],[114,195],[36,71],[-36,35],[-21,108],[18,31],[-6,67],[-45,69],[18,70],[-68,21]],[[28363,39218],[71,13],[24,57],[73,-23],[-2,-60],[16,-62],[-19,-28],[30,-66],[-23,-51],[66,-9],[45,51],[96,1],[40,-131],[1,-40],[71,-83],[7,-108],[85,-68],[77,-11],[83,-42],[52,10]],[[29218,36949],[-85,22],[-26,64],[-70,42]],[[29037,37077],[-2,98],[49,44],[11,48],[49,86],[-15,101],[-16,15]],[[29113,37469],[86,34],[72,16],[82,38]],[[29353,37557],[58,-66],[75,-30],[67,-49],[52,-62],[49,-17],[44,-67]],[[30943,36200],[100,66],[30,105]],[[26856,47080],[-50,8],[-39,-47],[-56,21],[-37,-6],[-45,41],[-83,-6],[-72,14],[-50,27],[-154,-41],[-35,5],[-148,-99],[-66,-5],[-63,-100],[-75,-55],[-32,-1],[-64,-39],[-23,-31],[-12,-65],[-46,-16]],[[25706,46685],[6,102],[30,60],[-94,125],[2,65],[-40,41],[-78,42],[-13,46],[-67,9],[-50,26],[-8,66],[-29,53],[39,67],[5,51],[-28,50],[17,76]],[[25398,47564],[21,83],[7,114],[27,88],[51,50],[49,24],[125,19],[6,-36],[57,1],[48,-29],[23,-51],[41,-43],[32,24],[-9,50],[77,-2],[21,52],[220,56]],[[23374,49205],[170,-37],[70,-61],[84,-36],[66,-11],[6,-38],[95,-103],[62,-25]],[[23927,48894],[-17,-49],[-35,-37]],[[23875,48808],[-51,-17],[-8,39],[-45,-13],[-13,41],[-89,-14],[-77,58],[-92,12],[-59,-31],[-45,-97],[-52,-29],[-14,-67]],[[23330,48690],[-39,17],[-20,43],[-74,23]],[[24728,48653],[71,-44],[90,-113],[48,-21],[50,-79],[-51,-86],[16,-44],[-30,-119],[-21,-30],[41,-33],[-74,-59],[-59,3]],[[24809,48028],[-153,54],[-95,-48],[-53,26],[-56,5],[-34,-89],[1,-49],[36,-21],[-29,-112]],[[24426,47794],[-89,92],[-132,68],[-109,23],[-34,32]],[[24062,48009],[-38,56],[15,40],[68,-11],[21,54],[-2,49],[70,46],[0,80],[-32,54],[2,79],[46,-1],[22,55],[66,47],[-9,46],[37,46],[-14,57]],[[24314,48706],[43,-40],[151,24],[77,56],[41,7]],[[24626,48753],[75,-63],[27,-37]],[[27110,50921],[-51,-48],[-49,-2],[-46,-24],[-32,-46],[-2,-39],[-39,-71],[-93,-49],[-48,-70],[-50,-16],[-43,-50],[-106,-37],[-81,-44],[-19,-41],[-41,-18],[-52,4],[-41,-42],[-110,-73],[-36,-3],[-24,-44],[-46,-27],[-72,-11],[-21,-102],[-45,-50],[-59,52],[0,33],[-71,-16],[-37,30]],[[25796,50117],[16,69],[33,63],[51,18],[-28,59],[34,88],[76,40],[38,65],[-19,62],[39,40],[-30,78],[-37,45],[33,38],[-61,122],[-76,-20],[-49,31],[9,42],[-26,44],[1,74],[-57,118],[-64,-3],[-27,16],[-86,-47],[-1,-44],[-31,-18],[26,-110],[-15,-104],[-140,4]],[[25405,50887],[-47,38],[3,69],[60,40],[-19,101],[7,227]],[[25409,51362],[50,37],[21,51],[90,110],[11,34]],[[25581,51594],[79,59],[116,30],[49,-13],[81,18],[30,-44],[3,-43],[70,-9],[39,-58],[91,24],[23,-16],[-11,-59],[95,-49],[58,27],[60,-75],[50,6],[115,-33],[85,3],[8,-42],[50,-15],[78,3],[8,-61],[23,-40],[-13,-36],[-4,-113],[-40,-28],[-12,-44],[90,-103],[171,-7],[115,62],[22,-17]],[[23875,48808],[42,-12],[38,-69]],[[23955,48727],[-42,-14],[-20,-59],[-50,-54],[-96,-23],[-74,42],[-68,91],[-37,2],[-67,48],[-171,-70]],[[25713,44896],[218,165],[57,78],[4,86],[19,83],[87,42],[51,65],[7,94],[33,81],[25,30],[70,40],[62,122]],[[23549,49489],[39,23],[66,6],[259,-28],[69,66]],[[23982,49556],[183,-135],[18,-63],[-10,-42],[23,-91],[-6,-43],[37,-24],[130,38],[37,-45],[-5,-85],[56,-67],[-4,-23],[114,-112],[37,-21],[34,-90]],[[24314,48706],[-26,36],[-100,20],[-30,-12],[-32,52],[-84,-25],[-66,58],[-49,59]],[[25435,50210],[22,-42],[-9,-34],[104,-129],[73,-10],[32,-52],[-9,-36],[23,-70],[-72,-8],[-21,-52]],[[25578,49777],[-98,72]],[[25480,49849],[0,39],[-47,28],[-42,87],[-24,-6],[-37,50],[-72,26],[-129,-22],[-91,12],[-42,26],[-173,164],[-39,-19]],[[24784,50234],[-7,43],[36,22],[43,107]],[[24856,50406],[20,27],[72,9],[87,39],[29,76],[68,-36],[19,-64],[98,-123],[72,15],[99,-87],[15,-52]],[[25774,49170],[-40,32],[-36,58]],[[25698,49260],[-25,41],[31,33],[-18,33],[6,78],[-35,43],[-22,108],[-56,22],[-24,81],[-75,150]],[[25578,49777],[137,-72],[56,-1],[23,-32],[75,-26],[1,-43],[57,-33],[85,-25],[-5,-27],[35,-61],[49,-22],[114,-28],[38,27],[123,43],[27,70],[47,63],[45,-5],[94,23],[40,81],[59,-28],[46,11],[43,-25],[89,17],[67,54],[83,20],[50,56],[57,5],[39,47],[37,-4],[25,33],[65,-21],[10,42],[36,7],[70,43],[25,41],[37,4],[41,46],[-10,69],[55,-4],[72,21]],[[27615,50143],[62,-18],[-7,-68],[21,-59],[-20,-92],[33,-86],[68,-25],[18,-38],[-6,-100],[-59,4],[-27,-27],[-79,24],[-48,-22],[-35,21],[-45,-84],[31,-25],[-52,-43],[-108,33],[-75,-105],[-80,5],[-81,-67],[-63,-66],[-44,-13]],[[25300,45195],[21,57],[-29,35]],[[25292,45287],[113,64],[101,89],[54,77],[3,34],[56,36],[-31,33],[1,46],[36,7],[91,78],[69,10],[56,-47],[48,6],[31,51],[53,29],[38,39],[38,83],[46,36],[179,-27],[53,-48],[45,19]],[[25706,46685],[-67,-66],[1,-25],[-92,-22],[-17,-17],[-93,-15],[-44,-31],[-44,68],[-61,27],[-77,-23],[-89,-62],[-36,41],[-70,32],[-21,36],[-46,-10],[-38,-34],[-32,4],[-70,60],[-31,4]],[[24779,46652],[-17,69],[106,52],[-10,52],[-52,49],[47,85],[-22,58],[39,9],[39,114],[-81,109],[22,86],[-47,34],[-40,0],[-82,36],[86,79],[26,65],[85,43],[38,47],[-14,34],[12,90],[35,46]],[[24949,47809],[34,-39],[69,-51],[32,-52],[39,84],[72,-14],[90,-72],[4,-31],[51,-52],[58,-18]],[[23955,48727],[37,-52],[-52,-44],[-16,-39],[-70,-34],[9,-36],[-69,-75],[32,-119],[-27,-58],[-119,28],[-44,-49],[-34,-8],[-49,-49],[-48,-23]],[[25838,46263],[-97,-8],[-64,-25]],[[25677,46230],[-95,-72],[-51,-8],[-106,-127],[-40,-26],[-57,-127],[-169,-83],[-2,-22],[-191,-22],[-177,-49],[-60,-5],[-34,-24],[-16,-44]],[[24679,45621],[1,215],[14,116],[67,-19],[80,-6],[97,54],[43,85],[96,2],[71,-25],[31,-38],[137,70],[50,53],[6,58],[24,36],[-7,68],[-28,54],[50,34],[52,-30],[82,90],[80,50],[14,25],[86,-15],[22,32],[82,25],[42,-2],[63,42],[-15,46],[87,59],[13,41],[73,9],[10,98],[95,20],[74,-31],[94,71],[17,96],[50,21],[16,42],[50,0],[-7,-87],[50,-7],[18,-139],[48,-3],[33,28],[47,-11],[86,18],[111,-2],[34,43],[37,-38]],[[23982,49556],[88,120],[9,101],[-41,91]],[[24038,49868],[28,-22],[85,10],[36,-34],[1,-33],[195,3],[47,-31],[33,2],[49,47],[-37,40],[21,25],[108,-18],[63,21],[44,37],[3,41],[45,12],[74,119],[-22,36],[12,39],[-29,26],[-10,46]],[[25698,49260],[-46,-45],[-113,-80],[-14,-77],[-47,-35],[-40,-72],[-47,35],[-57,5],[-11,-43],[59,-26],[15,-45],[-81,6],[-54,-15],[3,-62],[-70,2],[-48,45],[-45,-17],[51,-48],[-37,-43],[12,-44],[-78,-16],[-6,46],[-46,20],[-34,53],[-35,-15],[-35,67],[-54,4],[-4,-36],[-72,-19],[21,-112],[-57,-40]],[[23456,47330],[86,41],[31,-8],[146,79],[55,1],[39,23],[11,52],[89,33],[40,45],[31,-17],[84,-12],[83,42],[44,-23],[62,43],[109,-31],[-9,36],[18,57],[54,74],[-3,29]],[[24809,48028],[11,-133],[129,-86]],[[24779,46652],[-68,20],[-101,-17],[-26,-89],[-47,-62]],[[24537,46504],[-63,62],[19,69],[-74,53],[-52,98],[-49,20],[-17,46],[-42,-35],[-100,-50],[-44,16],[-66,-11],[-77,-69],[98,-57],[-10,-98],[-104,-43],[-92,-59],[-44,13],[-100,-36],[-54,-113]],[[25405,50887],[-20,-21],[-2,-59],[47,-33],[-6,-64],[-23,-48],[70,-45],[-6,-169],[48,-70],[-18,-59],[50,-29],[19,-88]],[[25564,50202],[-129,8]],[[24856,50406],[-14,19],[-69,-10],[-35,117],[3,139],[-57,71],[-15,64],[6,59],[-13,411]],[[24662,51276],[189,-21],[267,4],[162,31],[129,72]],[[23842,50422],[136,-9],[156,23],[42,-20],[87,-9],[51,43],[174,54],[129,2],[109,-43],[-24,-70],[154,13]],[[24038,49868],[-15,69],[-105,39],[-54,-8],[-23,28]],[[24890,45395],[50,-33],[43,35],[50,66],[92,66],[189,153],[168,96],[1,93],[46,75],[62,50],[61,106],[25,128]],[[25292,45287],[-97,51],[-47,39],[-61,2],[-109,-55]],[[24502,45461],[15,53],[46,36],[10,40],[102,0],[4,31]],[[24080,45893],[101,36],[53,57],[4,46],[48,45],[-10,74],[56,54],[21,44],[63,-4],[107,157],[-15,71],[29,31]],[[23414,51695],[65,-20],[89,-45],[114,-27],[210,-93],[312,-118],[247,-72],[211,-44]],[[23626,48016],[25,-26],[64,41],[66,-64],[40,31],[95,27],[103,-29],[43,13]],[[25796,50117],[-25,-10],[-89,30],[-16,40],[-102,25]],[[27187,28417],[33,15],[70,-66],[10,-59],[-54,-94],[-65,-41],[-74,-29],[13,-64],[-20,-118],[13,-57],[48,-47],[73,-11],[28,13],[129,-20],[44,6],[93,-30],[92,2],[51,-14],[79,4],[55,-20],[241,-53],[27,8],[112,-35],[112,-14]],[[28297,27693],[-50,-106],[-2,-46],[-27,-55],[-24,-129],[-42,-52],[3,-46]],[[28155,27259],[-30,-29],[-109,-14],[-208,112],[-42,-16],[-37,21],[-20,-50],[-72,5],[-118,33],[-172,92],[-45,48],[-67,19]],[[27235,27480],[-157,36],[-90,-17],[-102,88],[-93,4],[-62,98],[-70,3],[-53,36],[-112,-28],[-65,44],[15,79],[-133,130],[-66,52],[-50,-29]],[[29534,30229],[16,-28],[-22,-88],[48,-84]],[[29576,30029],[41,-78],[38,-22],[0,-39],[44,-26],[24,-37],[66,-23],[32,-37],[22,-96],[39,-33],[-8,-35],[46,-57],[3,-37],[50,-8],[70,-81],[20,-73],[80,-51],[71,-31],[33,-58]],[[30247,29207],[-297,-2],[25,-32],[-18,-36],[65,-140],[-138,62],[-19,29],[-61,8],[-23,88],[-46,41],[-33,-5],[-184,90],[-37,9],[-27,-31],[-42,20],[-12,41]],[[30247,29207],[103,-32],[25,-93],[55,-18],[-38,-44],[113,-49],[14,-60],[-25,-37],[96,-29],[7,-54]],[[30597,28791],[-21,-15],[-40,-129],[-61,-13],[-65,60],[-25,-16],[9,-79],[-31,-13],[-67,53],[-60,-12],[-40,30],[-28,-17],[34,-56],[-19,-36],[-42,-6],[1,-90],[-116,-40],[-26,-69],[-60,-58],[-62,-31],[-53,28],[-56,7],[-41,29],[-36,58],[-26,-77],[-43,-10],[10,57],[-69,-4]],[[29564,28342],[14,35],[-38,22],[-25,90],[-61,55],[44,40],[-66,14],[-42,-40],[-49,10],[-11,32],[-42,14]],[[28155,27259],[129,-16],[93,29],[11,24],[109,-525]],[[28497,26771],[-113,-16],[-78,46],[-83,3],[-52,30],[-101,-20],[-25,25],[-92,-19],[-78,26],[-16,31],[-67,34],[-11,30],[-124,12],[-44,28],[-39,-13],[-27,26],[-62,6],[-33,28],[-165,39],[-20,24]],[[27267,27091],[-14,51],[-65,94],[56,82],[47,40],[-18,43],[-49,22],[11,57]],[[27163,27112],[40,-54],[40,-83],[-42,-35],[-75,19],[-16,-62],[-36,-17],[-41,-63]],[[27033,26817],[-25,49],[-152,92],[-61,-9],[-46,-28],[-16,-51],[-43,-28]],[[26690,26842],[-98,56],[-53,11],[-107,-16],[-34,-35],[8,-57],[-110,-50],[-133,33]],[[26163,26784],[-11,91],[-81,59],[-30,-1],[-41,73],[-65,-25],[-63,-6],[-67,49],[-73,0],[-74,-36],[-37,76],[-51,28],[-55,3],[-22,-39],[18,-27]],[[25511,27029],[3,-81],[-39,-46],[-49,-25],[-120,-84],[-120,11],[-54,-22],[-79,13],[-59,83],[-36,10]],[[24958,26888],[36,26],[-23,58],[56,25],[51,41],[35,52],[88,73],[33,-39],[68,13],[8,43],[-43,29],[10,37],[-46,94],[25,31],[43,-17],[66,81],[16,59],[58,10],[-12,71],[53,19],[39,80],[11,51],[42,59],[51,11]],[[25623,27795],[6,-68],[117,-158],[9,-31],[116,-41],[68,-5],[568,-105],[202,-31],[91,24],[37,-17],[55,-59],[43,-2],[17,-48],[47,-46],[74,-34],[90,-62]],[[29564,28342],[-41,24],[-73,8],[-14,-46],[-34,-26],[-67,1]],[[29335,28303],[-57,35],[-59,4],[-20,22],[-77,-22],[-121,6],[-52,18],[-52,-11],[-40,-42],[-127,-39],[-157,-3],[-50,-24],[-38,17],[-73,-22],[-89,40],[-57,-9],[-30,29],[-60,97],[-51,26],[-78,87],[-59,98],[-52,62],[-77,-26],[-68,147],[-33,34],[10,179]],[[27177,29282],[7,-99],[22,-36],[49,-16],[53,3],[74,-37],[-3,-68],[60,-72],[59,102],[63,25]],[[27561,29084],[20,-45],[70,-85],[19,-62],[-66,-79],[-27,-100]],[[27577,28713],[-97,0],[-11,-27],[-95,5],[-31,28],[-38,-34],[-143,23],[-49,-13]],[[26690,26842],[-37,-60],[16,-75],[88,-54],[40,8],[71,-18],[53,-73],[30,24],[159,3]],[[27110,26597],[42,-72],[19,-63]],[[27171,26462],[-1,-63],[14,-92],[-13,-106],[0,-80],[-55,4],[-129,-51],[-89,-1],[-59,15],[-124,1]],[[26715,26089],[-170,67],[-92,10],[13,71],[-78,105],[-57,21],[-36,76],[-37,31],[-31,-11],[-8,110],[-38,58],[29,49],[-53,68],[6,40]],[[27033,26817],[28,-44],[11,-56],[29,-42],[9,-78]],[[28272,25542],[-32,-122],[-50,-29],[-45,12],[-44,55],[-52,-5],[-32,20],[-62,-54],[-29,-46],[-102,5],[-113,20],[-36,-41],[94,-56],[56,-17],[27,-52],[-2,-77]],[[27850,25155],[-41,23],[-67,-16],[-31,85],[-73,31],[-53,45],[3,26],[-54,19],[-40,56],[-74,7],[-16,20],[-65,14],[-165,129]],[[27174,25594],[35,107],[49,100],[52,75],[68,61],[16,88],[54,74],[53,1],[26,37],[-2,97]],[[27525,26234],[63,-27],[26,-57],[74,-68],[-3,-20],[71,-110],[6,-57],[57,-6],[15,-27],[121,-118],[116,30],[51,-19],[135,-135],[15,-78]],[[27171,26462],[119,93],[42,-17],[19,-60],[29,-29],[10,-50],[36,-48],[55,-23],[41,-59],[3,-35]],[[27174,25594],[-39,7],[-128,113],[29,37],[-35,33],[-111,9],[-89,27],[6,49],[-42,11]],[[26765,25880],[10,61],[-14,24],[-1,92],[-45,32]],[[27267,27091],[-104,21]],[[25623,27795],[63,-18],[28,31],[52,0],[33,-44]],[[26136,25910],[49,-11],[64,-62],[35,-111],[-18,-51],[41,-62],[9,-46],[129,-41],[-15,-48],[-61,-85],[29,-106],[-47,-80],[27,-49],[-47,-62],[-35,-4],[-33,44],[2,59],[-97,-4],[-49,-90],[73,-203]],[[26192,24898],[134,-377],[-8,-52],[-33,-37],[22,-70],[-14,-27],[46,-59],[-31,-61],[-44,-45],[23,-38],[-94,-128],[-17,-57],[-63,-39],[8,-73],[109,-48],[8,-38],[47,-2],[17,-38],[83,-50],[-29,-37],[38,-21],[-1,-79],[13,-45],[-59,-17],[-32,-66],[73,3],[20,-15],[37,-94],[4,-61],[-20,-45],[25,-80],[-32,-55],[13,-50],[-29,-69]],[[26406,22928],[-37,12],[-45,44],[5,49],[-82,7],[-29,73],[-76,17],[31,87],[-50,63],[10,33],[-49,15],[-1,117],[-101,85],[-24,67],[-61,30],[-12,55],[-26,17],[-49,96],[-98,62],[-25,30],[-5,69],[35,71],[-4,70],[-45,46],[-14,76],[-36,64],[-24,81],[-43,92],[10,53],[-24,81],[-1,52],[-53,68],[-11,50],[5,110],[-47,73],[-25,72],[23,54],[-31,79],[14,36],[-33,142],[-49,50],[-26,119],[-18,35],[56,68],[-15,125],[30,48],[-51,82],[-10,58],[61,90],[14,72],[-10,32],[90,157],[-65,95],[7,94],[62,99]],[[25454,26550],[68,-25],[0,-52],[-37,-82],[11,-36],[49,-66],[-16,-119],[65,-6],[80,49],[1,41],[36,21],[128,-7],[14,-16],[-6,-90],[48,-101],[-35,-66],[28,-24],[107,10],[71,-3],[13,-38],[57,-30]],[[24896,26874],[62,14]],[[25511,27029],[44,-64],[-12,-29],[35,-59],[-83,-120],[14,-65],[-64,-102],[9,-40]],[[26406,22928],[61,-68],[70,-37]],[[26537,22823],[-40,-8],[-92,-45],[-73,90],[-21,-11],[-82,70],[-67,-27],[-35,-42],[-46,-6],[-31,46],[-58,-25],[-71,48],[-59,-32],[-76,32],[-59,-21],[-51,33],[-78,-41],[-60,3],[-111,-36],[-42,52],[-84,-17],[-32,-24],[-120,11],[-23,-24],[-88,-12],[-36,41],[-51,-8],[-115,-63],[-51,-18],[-59,18],[-123,-81],[-47,84],[-52,162],[-47,1],[-50,34],[-30,44],[1,37],[-51,42],[-55,20]],[[24272,23150],[36,115],[-22,30],[-66,23],[-27,46],[-54,29],[40,56],[-12,30],[38,57],[-79,16],[-5,47],[-69,113],[-28,96],[37,32],[-41,127],[8,32],[-65,16],[-264,-68],[-37,36],[-10,59],[-42,44],[15,43],[-44,34],[-102,-67],[-37,-9],[-91,8],[-37,40],[14,26],[-22,59],[-53,36]],[[26765,25880],[-102,4],[-69,24],[-193,104],[-52,48],[-64,-26],[-79,35],[-9,-78],[-61,-81]],[[30597,28791],[48,-13],[32,-42],[78,-20],[21,17],[10,78],[82,6],[62,-49],[86,24]],[[31016,28792],[41,18],[80,-48],[40,22],[-17,43],[25,41],[42,15],[8,52],[40,-1],[27,-42],[59,-3],[76,-39],[41,-2],[48,-31],[49,35],[52,76],[64,-6],[4,-92],[41,-11],[57,49],[109,31],[45,57],[-1,37],[66,0],[47,45],[25,86],[55,30],[98,2]],[[32237,29156],[30,42],[49,17],[82,-7],[40,-16],[80,15],[51,28],[58,-4],[85,-23],[159,-84],[-6,-56]],[[32865,29068],[-44,40],[-132,-36],[-38,-66],[-38,-22],[-47,-83],[0,-68],[-17,-22],[-18,-113],[14,-23],[-13,-77],[-30,-30],[-3,-86],[-32,-87],[-53,-109],[-63,-18],[11,-43],[84,-60],[-6,-45],[95,-22],[68,-29],[125,72],[21,-95],[-36,-13],[-15,-57],[-5,-82],[-99,60],[-19,-43],[65,-25],[6,-52],[-21,-40],[-84,13],[36,-62],[-56,-27],[-18,-67],[17,-53],[-61,10],[-35,-55],[36,-43],[-62,-97],[-1,-72],[-32,13],[22,52],[-81,5],[-25,-38],[7,-52],[-71,-37],[5,-64],[-67,-50],[25,-29],[-68,-30],[5,-20],[68,-40],[-49,-44],[26,-56],[-51,-24]],[[32111,26927],[-45,-6],[-133,-66],[-40,10],[-64,-32],[-11,-45],[-45,-11],[-29,-53],[-66,2],[-55,17],[-36,39],[-92,36],[-100,-4],[-141,48],[-61,-46],[-86,12],[-68,74],[-158,-40],[-113,-3],[-56,-20],[-35,-40],[-68,4],[-55,-61],[-116,-66],[-20,-26],[-89,-14],[-32,-27],[-94,8],[-52,20],[-68,-54],[-275,5],[-80,-63],[-64,12],[-42,41],[-20,95],[-54,-12],[-89,23],[-45,39],[-63,189],[-86,9],[-27,-48],[-43,-35],[-35,3]],[[29160,26841],[-44,11],[-22,40],[15,39],[-58,9],[27,107],[65,54],[45,8],[40,30],[10,47],[51,11],[58,131],[-7,60],[80,39],[25,35],[-68,18],[-7,32],[-47,-2],[-77,31],[-129,-13]],[[29117,27528],[0,355],[-290,303]],[[28827,28186],[106,21],[73,33],[50,-8],[83,16],[57,-17],[43,10],[51,46],[45,16]],[[28827,28186],[-36,27],[-64,14],[-57,-5],[-36,-24],[-134,-6],[-62,16],[-84,-18],[-93,35],[-97,21],[-62,51],[-87,-9],[-158,53],[-35,37],[-114,20],[-25,39],[-84,34],[-4,60],[47,53],[-8,43],[-62,52],[5,34]],[[27561,29084],[39,54],[6,93],[57,74]],[[28297,27693],[58,-28],[102,-29],[12,10],[124,-2],[19,-47],[84,12],[29,-32],[76,41],[93,28],[33,-16],[50,-59],[60,5],[40,-41],[40,-7]],[[29160,26841],[9,-77],[-51,-4],[-37,-37],[-82,-18],[-48,40],[-93,19],[-62,-20],[-62,29],[-120,-9],[-52,-14],[-65,21]],[[27850,25155],[23,-23],[16,-88],[33,-22],[56,8],[71,-37],[95,-84],[-33,-102],[-15,-15]],[[28096,24792],[-57,2],[-68,47],[-82,38],[-70,14],[-29,-36],[-68,23],[-10,43],[-197,18],[-28,29],[-65,-16],[-125,18],[-35,35],[-88,46],[-47,13],[-50,-24],[-73,64],[-27,2],[-95,-61],[-106,49],[-60,-16],[-55,-38],[-39,-68],[-73,4],[-34,-36],[-77,-10],[-139,16],[-77,2],[-30,-52]],[[32111,26927],[39,-27],[-46,-54],[4,-75],[46,-31],[-75,-32],[17,-110],[-26,-10],[7,-76],[-14,-69],[-44,3],[-21,-39],[10,-86],[-53,16],[-27,-36],[-66,-26],[40,-27],[-7,-91],[33,-9],[-43,-65],[-65,-11],[-7,-36],[28,-72],[-61,-53],[-47,-67]],[[31733,25844],[-17,-72],[-46,2],[-35,-55],[16,-42],[-62,-23],[-49,-40],[-113,-66],[-25,-55],[-59,8],[-57,-50],[-33,39],[-52,2],[-36,-35],[-49,34],[-19,59],[-81,-70],[-100,-18],[-29,-85],[-47,29],[-25,-47],[-101,-9],[-34,-58],[-28,37],[-69,-74],[-71,62],[-58,-18],[-37,-43],[-72,11],[-76,-9],[-69,11],[-73,-3]],[[30127,25266],[-169,-15],[-78,-21],[-192,12],[-32,36],[-93,-18],[-75,70],[-47,-11],[-47,49],[7,33],[-94,46],[6,45],[-29,43],[-68,-14],[-65,45],[-30,-5],[-43,42],[-66,-10],[-12,61],[-41,23],[17,80],[-137,77],[12,29],[-55,24],[-25,61],[-57,12],[-79,46],[-47,3],[-18,32],[-66,9],[-75,-62],[-23,-70],[14,-42],[-90,-85],[0,-116],[-26,-28],[-32,-105]],[[14393,18706],[-35,-84],[28,-96]],[[14386,18526],[-10,-67],[27,-84]],[[14403,18375],[-26,-57],[-60,-53],[-46,-9],[-66,44],[-31,37]],[[14174,18337],[4,57],[71,156],[-3,37],[30,77]],[[14276,18664],[18,31],[99,11]],[[15829,19278],[-97,-149]],[[15732,19129],[-84,-22],[-28,46],[-79,-22],[-59,15]],[[15482,19146],[80,41],[13,76],[-10,100],[47,52]],[[15612,19415],[36,4],[30,-36],[22,-62],[53,11],[45,-12],[31,-42]],[[16057,19716],[52,-30],[-42,-120]],[[16067,19566],[-29,10],[-37,-34],[-34,5],[-29,-32],[-44,-10]],[[15894,19505],[-55,44],[-2,89]],[[15837,19638],[89,-26],[-4,50],[-34,-1],[-28,118],[60,-59],[57,0],[19,-35],[61,31]],[[15732,19129],[19,-22]],[[15751,19107],[10,-50],[56,-32],[44,0],[23,-39],[50,-21],[53,-63],[5,-56],[40,-80],[49,-40],[24,-78],[72,15],[4,48],[72,-34],[20,-50],[62,-29]],[[16335,18598],[-22,-43],[-48,12],[-71,53],[-29,-83],[40,-51],[-26,-91],[-116,-63],[-27,-34]],[[16036,18298],[-65,18],[-65,-27],[-30,-28],[-72,-9]],[[15804,18252],[-67,24],[-38,42],[-5,41],[-74,-29],[-83,41],[-57,48],[-28,4],[-23,72],[-79,-13],[-43,29],[-49,99]],[[15258,18610],[49,67],[30,102],[20,5],[1,98],[-70,106],[-45,40],[12,81],[38,8],[14,44]],[[15307,19161],[97,-14],[78,-1]],[[15837,19638],[-9,46],[-71,97],[116,97]],[[15873,19878],[60,22],[60,-12],[10,-24],[104,0],[51,-13]],[[16158,19851],[-23,-59],[-48,-30],[-30,-46]],[[14386,18526],[241,-49],[35,-41],[131,-38],[37,17]],[[14830,18415],[57,-33]],[[14887,18382],[-10,-64]],[[14877,18318],[-60,-34]],[[14817,18284],[-148,-109],[-86,-17],[-29,16],[-78,-10]],[[14476,18164],[13,42],[-20,85],[-66,84]],[[14507,17463],[-35,-69]],[[14472,17394],[-54,-3],[-65,-27],[-22,-40],[-55,-38]],[[14276,17286],[-45,25]],[[14231,17311],[-35,50],[-2,57],[-45,71]],[[14149,17489],[79,9],[121,-47],[98,30],[60,-18]],[[14265,17274],[67,-20],[10,-33],[109,-114],[100,7],[63,-27],[34,36],[100,-2],[55,-65],[95,-23],[50,-47],[44,-19],[79,4],[45,-50],[14,-89],[97,-40],[20,-34],[42,-3],[42,-35],[68,-95],[90,-67],[16,-30]],[[15505,16528],[-33,-135]],[[15472,16393],[-137,93],[-35,74],[-93,53],[-67,-1],[-94,19],[-70,-10],[-47,71],[-56,-4],[-5,52],[-32,64],[-35,-6],[-119,101],[-90,49],[-100,-14],[6,45],[-84,80],[-61,-16],[-111,4],[-30,52]],[[14212,17099],[-7,111],[60,64]],[[13779,17058],[-81,67],[-43,6],[-86,-58],[-42,20]],[[13527,17093],[19,30],[-26,65],[-46,33],[-18,48],[43,15],[-25,76]],[[13474,17360],[67,-18],[101,-10]],[[13642,17332],[44,-41],[2,-80],[65,-38],[26,-84]],[[13779,17089],[0,-31]],[[13527,17093],[-157,-26],[-53,-77],[-76,-19],[-82,-4],[-83,30],[-67,2],[-63,28],[-121,17],[-87,93],[-146,94],[-89,26],[-39,33],[-61,0],[-55,48],[-6,55],[-48,28],[-44,-1],[-35,-32],[-46,-4],[-93,43],[-40,37],[20,41],[-13,79],[-48,68]],[[11995,17652],[285,87],[709,162]],[[12989,17901],[42,-68],[58,-28],[109,-11],[33,-63],[69,-1],[18,-49],[72,-48]],[[13390,17633],[-7,-35],[-97,-61],[24,-48],[60,-26],[79,-95],[25,-8]],[[14036,20577],[9,-61],[-63,-116],[20,-46],[93,-58],[-24,-40],[8,-53],[66,-44],[60,16],[136,-99],[35,-68],[-52,-46],[21,-35],[45,-19],[20,23],[50,-29],[0,-70],[37,-145],[-22,-21]],[[14475,19666],[-90,29],[-124,-24],[-77,-81],[-65,3],[-56,60],[28,70],[-3,36],[-64,131],[-101,55],[-60,55],[-2,59],[50,64],[1,88],[29,47],[-41,11],[-11,65],[-27,35],[-53,-12],[-36,43],[-89,-16]],[[13684,20384],[19,107],[22,38],[54,0],[40,25],[-41,50],[11,51]],[[13789,20655],[33,26]],[[13822,20681],[40,8],[56,-54],[118,-58]],[[15258,18610],[-94,57],[-57,-7],[-57,76],[3,91]],[[15053,18827],[54,33],[-14,68],[-1,133]],[[15092,19061],[-9,35],[30,62],[-22,47],[20,35],[-26,42],[-74,41]],[[15011,19323],[43,64],[25,-6]],[[15079,19381],[18,-62],[70,-23],[9,-38],[38,-54],[42,13],[14,-42],[37,-14]],[[14797,19417],[-30,-48],[25,-94],[-61,-84],[-48,7],[-49,-69],[-52,18],[-23,-21],[-95,43]],[[14464,19169],[-21,36],[51,134]],[[14494,19339],[120,145],[7,48],[-31,85]],[[14590,19617],[171,60]],[[14761,19677],[16,-31],[-35,-40],[24,-83],[-28,-52],[59,-54]],[[14984,19933],[-31,-39],[-52,-4]],[[14901,19890],[20,46],[-51,48],[-46,5],[-52,-40],[-41,-6],[-26,66],[32,29],[34,97],[-31,42],[-9,79],[-37,48],[-21,110],[-51,-39],[-73,-14],[-103,19],[-41,-8],[-74,26],[-23,37],[3,60],[-68,37],[-52,14],[-59,64],[-96,-33]],[[13822,20681],[42,29],[65,-2],[40,67],[102,30],[112,-12],[114,-80],[82,-13],[22,53],[-2,45],[26,60],[32,26],[99,15],[93,66],[111,-18]],[[14760,20947],[-7,-61],[-36,-75],[-1,-40],[-42,-69],[41,-76],[55,-17],[29,-31],[40,-3],[48,27],[10,-39],[102,-55],[54,-66],[51,-2]],[[16377,18801],[-1,-33],[57,-50]],[[16433,18718],[-86,-79],[-12,-41]],[[15751,19107],[58,-11],[62,9],[34,58],[136,146]],[[16041,19309],[88,73],[146,-10],[65,-48]],[[16340,19324],[9,-1]],[[14507,17463],[31,58],[-43,138],[-2,51]],[[14493,17710],[39,19],[5,41],[48,53]],[[14585,17823],[66,-3]],[[14651,17820],[61,-90],[138,-27],[-2,-48],[49,-69],[55,-123],[60,10],[14,34]],[[15026,17507],[115,-73],[11,-37],[66,10],[51,-19],[83,-82],[52,-3],[26,-68],[52,-55],[43,6],[109,-151]],[[15634,17035],[-68,-262]],[[15566,16773],[-89,28],[-89,121],[-24,78],[11,107],[-43,60],[-15,83],[-111,-37],[-214,36],[-25,18],[-66,-1],[-69,-37],[-118,31],[-82,-10],[-38,18],[-12,38],[-81,44],[-29,44]],[[14476,18164],[18,-14],[4,-76],[-18,-43]],[[14480,18031],[-67,-31],[-48,30],[-72,-8],[-46,-53],[-78,-19]],[[14169,17950],[-55,70],[-18,67],[34,52],[9,74]],[[14139,18213],[18,62]],[[14157,18275],[17,62]],[[14231,17311],[-62,-26]],[[14169,17285],[-65,13],[-36,79],[-40,42],[26,57],[47,33],[-1,43]],[[14100,17552],[49,-63]],[[14100,17552],[-18,60]],[[14082,17612],[75,-14],[19,26],[76,24],[30,-7],[135,78]],[[14417,17719],[76,-9]],[[14417,17719],[-60,59],[12,47],[-20,33],[-62,-15],[-82,35]],[[14205,17878],[-36,72]],[[14480,18031],[10,-85],[66,-28],[29,-95]],[[16340,19324],[-23,43],[-49,42],[-70,18],[-21,45],[-45,-17],[-65,111]],[[16158,19851],[19,7],[59,-72],[2,-31],[72,19],[136,92]],[[14288,19147],[-34,-11],[-17,-39]],[[14237,19097],[-99,-11],[-17,40],[-40,34],[-38,60],[-16,55],[2,56],[-76,46],[-43,44],[-57,11],[-195,-80],[-35,-2],[-42,60],[-33,0],[-36,67],[-32,-37],[-63,30],[-22,36],[-4,82],[-66,57],[-86,-3]],[[13239,19642],[-49,2],[-26,73]],[[13164,19717],[70,45],[52,106],[54,14],[114,-79],[23,-40],[-32,-32],[54,-34],[69,-23],[0,-49],[86,-67],[31,7],[79,-81],[54,-11],[31,43],[105,62],[74,16],[46,-7],[58,-92],[6,-30],[-38,-64],[-5,-36],[43,-33],[34,-54],[39,-26],[17,-41],[32,-5],[28,-59]],[[15869,19907],[4,-29]],[[15894,19505],[-95,-19],[-30,113],[-60,26],[-5,-77],[-71,-54],[-28,-71]],[[15605,19423],[-48,153],[-27,19],[-29,81],[-33,55],[-92,34],[5,79],[-82,11]],[[14276,18664],[-74,90],[34,45],[-71,39],[-4,73],[24,112],[52,74]],[[14288,19147],[49,26],[36,42],[27,79],[61,43],[33,2]],[[14464,19169],[-20,-87],[28,-54],[-21,-53],[23,-95]],[[14474,18880],[-10,-53],[-69,-64],[-2,-57]],[[14475,19666],[67,-56],[48,7]],[[13164,19717],[-95,7],[-6,48],[-74,76],[-24,39],[-62,-1],[-71,97],[38,46],[97,-37],[11,73],[50,36],[77,106],[-28,99],[57,35],[130,19],[37,-8],[11,81],[53,12],[50,33],[-18,36]],[[13397,20514],[71,37],[70,-22],[41,33],[35,-10],[35,-110],[1,-49],[34,-9]],[[14887,18382],[-32,73],[0,167],[-26,47]],[[14829,18669],[90,18],[50,-9],[20,-27],[-6,-55],[-65,-59],[-30,-96],[-1,-59]],[[14139,18213],[-64,64],[-43,29],[-39,68],[44,135],[-22,103]],[[14015,18612],[4,25]],[[14019,18637],[36,21],[14,-64],[39,-71],[4,-70],[28,-58],[-10,-75],[27,-45]],[[15566,16773],[-61,-245]],[[14265,17274],[11,12]],[[14169,17285],[-11,-35],[-65,-10],[12,-56],[-29,-74],[-60,40],[-88,8],[-18,29],[-91,-1]],[[13819,17186],[-42,4],[6,45],[-18,47],[24,31],[-8,58],[34,53],[16,68],[-23,24]],[[13808,17516],[66,48],[90,-1],[56,54]],[[14020,17617],[62,-5]],[[11995,17652],[-75,29],[-30,47],[-86,49],[-36,39],[-14,50],[60,48],[43,6],[-16,46],[-36,7],[-2,40],[-48,10],[-39,79]],[[11716,18102],[626,229],[33,102],[80,24],[22,25],[48,-11],[32,20],[51,-9],[25,55],[-34,29],[-10,44],[-48,75],[23,62],[4,97],[-32,68],[47,85],[93,77],[68,-21],[34,20],[81,-16],[42,-31],[52,5],[22,-43],[69,17],[40,36],[32,115],[-18,65],[35,65]],[[13133,19286],[76,-93],[41,3]],[[13250,19196],[13,-34],[-18,-83],[11,-59],[-50,-49],[22,-58]],[[13228,18913],[-19,-55],[-54,-35],[-43,-77],[-59,-54],[-31,4],[-7,-82],[59,-114],[-62,-34],[-60,-16],[-47,-35],[-24,-48],[-69,-16],[-30,-36],[50,-121],[36,-24],[-12,-47],[49,-81],[-34,-60],[62,-10],[52,-43],[4,-28]],[[16041,19309],[-34,18],[-53,-49],[-47,35],[-44,61]],[[15863,19374],[50,84],[-19,47]],[[15605,19423],[7,-8]],[[15079,19381],[49,21],[27,36],[70,33],[-22,50],[22,50],[6,72],[-12,32],[17,81],[-19,39],[10,44],[-37,32]],[[15863,19374],[-34,-96]],[[14015,18612],[-33,-60],[-70,-42],[-24,-86],[-36,-48],[20,-73],[-15,-145],[-29,-48],[-59,-52],[-40,-107]],[[13729,17951],[-53,-7],[-25,23]],[[13651,17967],[15,44],[-17,187],[-44,7],[-28,-23],[-60,22],[-21,104],[-90,98],[-76,42],[-64,-13],[2,153],[-71,0],[-24,57],[33,8],[0,58],[34,114],[-12,88]],[[13250,19196],[125,-55],[30,-81],[56,-20],[61,-75],[90,6],[85,-129],[77,-30],[80,2],[56,-42],[15,-91],[94,-44]],[[14020,17617],[-34,54],[-85,-21],[-47,7],[-42,39],[-49,-21],[-10,-47],[-45,-41],[-80,55],[-18,50],[-102,78]],[[13508,17770],[34,35],[13,44],[69,36],[4,54],[23,28]],[[13729,17951],[11,-73],[59,-47],[120,-70],[60,40],[62,18],[91,4]],[[14132,17823],[-39,-137],[-11,-74]],[[15011,19323],[-44,40],[-57,11],[-113,43]],[[14761,19677],[20,42],[55,45],[45,105],[20,21]],[[14877,18318],[11,-50],[50,-68],[36,-73],[49,-11],[44,-61],[-6,-93],[-32,-13],[39,-83],[53,-30],[-18,-63],[5,-78],[-8,-92],[-74,-96]],[[14651,17820],[16,87],[61,66],[25,45],[96,47],[18,29],[-19,85],[2,39],[-33,66]],[[14205,17878],[-43,-14],[-30,-41]],[[28659,41282],[-10,84],[15,37],[-51,111],[-11,54],[55,10],[86,67],[18,32],[-16,60],[-27,4],[-2,82],[66,51]],[[28782,41874],[88,-77],[154,51],[-6,35],[31,49],[94,20],[47,-3],[10,36],[85,9],[53,-17],[58,-41],[18,-39],[50,52],[59,33],[26,73],[-38,97],[16,39]],[[29527,42191],[80,-29],[40,32],[97,-4]],[[29744,42190],[-18,-50],[28,-64],[56,-48],[-16,-37],[42,-55],[25,-62],[-22,-12]],[[29839,41862],[-9,-24],[-67,-7],[-99,-80],[19,-134],[22,-52]],[[29705,41565],[-33,-27],[-11,-112],[-14,-26],[-91,-40],[-40,4],[-22,-44],[-58,-3],[-15,-24],[-4,-79],[19,-59],[40,-41],[4,-88],[48,12],[39,-47],[13,-94],[-22,-49],[-1,-65]],[[29557,40783],[7,-33],[-42,-77],[-42,-23],[9,-96],[-19,-45],[-52,-48],[-31,36],[-46,-2],[-57,23],[-32,-10],[-51,39],[-8,41]],[[29193,40588],[-54,-26],[-46,-87],[-74,30],[31,34],[-34,54],[-85,49],[-74,-20],[-62,51],[-92,6],[-42,-14],[-34,-37],[-37,34],[-63,-10]],[[30746,39995],[-85,-42],[-43,47],[-32,-38]],[[30586,39962],[-82,-31],[-11,29],[-93,56],[-81,-47],[6,-29],[-37,-69],[-46,-33],[21,-43],[-6,-49],[14,-79],[-46,-68],[-29,-16],[-3,-54],[-35,-14],[-12,-42],[-48,-49],[-30,10]],[[30068,39434],[-49,72],[-62,21],[-38,58],[-97,31],[-36,25],[-23,70],[-24,159],[42,56],[-9,23]],[[29772,39949],[1,36],[66,98],[33,22]],[[29872,40105],[72,2],[30,36],[60,38],[29,-29],[71,-19],[53,10],[67,108],[26,-22],[43,32],[61,-27],[48,16],[23,55],[47,-19],[91,-4],[57,93]],[[30650,40375],[-28,-130],[32,-43],[73,-34],[35,-89],[-16,-84]],[[31142,38747],[-17,-39],[-34,2],[-86,-69],[-61,-115],[-54,-7],[-69,93],[13,36],[-44,71],[-55,-34]],[[30735,38685],[-85,10],[-7,27]],[[30643,38722],[-12,54],[57,39],[19,39],[16,94]],[[30723,38948],[27,-38],[38,-9],[17,39],[68,-2],[117,40],[28,-6],[26,-60],[47,-56],[12,-59],[39,-50]],[[31318,40007],[-67,-23],[-10,-80],[-41,-51],[16,-81],[35,-58]],[[31251,39714],[-27,-46],[70,-160]],[[31294,39508],[-33,-11],[-21,-76],[-92,-31]],[[31148,39390],[15,64],[-46,46],[-6,51],[-42,22],[-29,99],[5,38],[-62,75],[-35,-16]],[[30948,39769],[20,104],[4,151],[50,21],[35,141],[61,39]],[[31118,40225],[-3,-73],[19,-40],[54,12],[14,-42],[46,-42],[36,1],[34,-34]],[[30563,38058],[16,47],[25,155],[26,37],[-7,69],[40,67],[82,36],[14,110],[-27,45],[3,61]],[[31142,38747],[8,-3]],[[31150,38744],[42,-63],[21,-66],[-36,-91],[-8,-53],[-58,-24],[2,-56],[46,24],[63,-30],[54,-1],[76,38],[54,6],[72,-36]],[[31478,38392],[37,-31],[91,14],[35,-78],[139,-95],[64,28],[93,-117],[59,-23],[62,-76],[43,-129],[27,-38]],[[28303,42777],[15,51],[-9,49],[27,113],[-8,79],[56,34],[75,77],[19,37],[-21,49],[90,94],[4,78],[39,20],[72,76],[6,71],[-21,67],[22,33],[92,27],[-55,64],[3,58],[-18,79],[13,51],[52,44],[95,21],[49,58],[2,66],[-15,70],[-49,143],[56,133],[-38,91],[69,128],[49,15],[19,50],[53,12],[60,76],[41,16],[19,38],[61,57],[73,-13],[47,33],[55,11],[31,25],[67,3],[6,86],[-54,56],[17,140],[41,7],[45,50],[54,-3],[32,53],[-9,30],[66,43]],[[29698,45523],[29,-52],[38,-24],[-11,-77],[57,-52],[22,-45],[7,-96],[-7,-52],[-72,-37]],[[29761,45088],[-76,-17],[-27,-62],[30,-39],[20,-101],[-41,-80],[-68,7],[-23,57],[-84,-27],[-14,-39],[-92,-12],[-72,-51],[-13,-45],[-50,-63],[-11,-70],[-30,-37],[37,-46],[-13,-47],[122,-44],[-25,-42],[-75,-47],[-3,-28],[-52,-22],[-33,-113],[-81,-52],[-35,-70],[-69,-54],[-4,-63],[-26,-13],[-42,-81],[4,-63],[-44,-35],[5,-120],[19,-84],[-49,-21],[-109,-126],[-40,-1],[-59,-201],[10,-43],[57,-39],[-11,-55],[40,-119],[-94,-52],[-40,-115],[10,-115]],[[28610,42598],[-28,-32],[-54,-15]],[[30586,39962],[48,-71],[1,-77],[40,-64],[6,-57],[27,-65]],[[30708,39628],[44,-85],[14,-94]],[[30766,39449],[-166,-23],[-71,-77],[-55,-25],[-104,-79],[-34,-84],[-3,-47]],[[30333,39114],[-21,-43],[-49,-2]],[[30263,39069],[-61,12],[19,39],[-43,30]],[[30178,39150],[-36,21],[-12,56],[-79,92],[-3,47],[20,68]],[[28457,45181],[37,-18],[63,22],[45,-16],[86,8],[70,-31],[25,9],[76,-23],[53,50],[101,27],[44,-22],[53,7],[91,82],[-7,18],[66,43],[10,32],[45,9],[97,-16],[46,109],[111,17],[21,60],[38,-2],[47,33],[23,-56]],[[28316,42679],[-23,-28],[-101,7],[-53,-66],[-49,19],[6,43],[-59,-3]],[[29657,43067],[-66,4],[-73,-33],[19,-98],[-49,-26],[-56,10],[-79,46],[-45,44],[-48,6],[-83,102],[-4,36]],[[29173,43158],[-1,80],[-30,70],[39,47],[4,68],[21,80],[43,44],[56,29],[38,53],[35,20],[-3,88],[22,43],[127,28],[21,167],[-19,72],[-30,16],[-12,55],[25,32]],[[29509,44150],[17,-10],[146,47],[29,35],[31,-33],[82,15],[13,-98],[47,-8],[16,-43],[-63,-99],[70,-54],[-36,-39],[-13,-63],[16,-29],[46,13],[3,-76],[49,-26],[32,-60],[-29,-86],[24,-52],[6,-96],[38,-127],[-21,-49],[-87,-46],[-75,45],[-111,-34],[-77,-63],[-5,-47]],[[31251,39714],[33,-22],[22,42],[258,-11]],[[31564,39723],[-62,-113],[-14,-71],[23,-53],[36,-6],[46,-65],[33,-168],[30,-32],[42,-6]],[[31698,39209],[-28,-19],[-103,45],[-113,123],[-18,61],[-47,1],[-56,29],[-39,59]],[[29193,40588],[-57,-63],[18,-84],[-46,-97],[-71,-44],[-99,1],[-5,-33],[-61,-37],[-78,-27],[5,-62],[-51,-101],[-4,-38],[-52,-47],[-60,-101],[-17,-93],[-29,-24],[-62,-7],[-14,27],[-55,-1]],[[28455,39757],[-57,63],[-43,-18],[-33,-39],[-105,30],[-78,2],[-38,31],[-110,53],[-43,100],[-9,50],[-135,113],[5,24],[-44,47],[-83,9],[-21,41],[14,33],[-51,27],[-65,60]],[[28782,41874],[49,113],[-65,87],[64,29],[22,70],[-12,20],[22,81],[-67,46]],[[28795,42320],[76,65],[107,-31],[56,-3],[-13,73],[31,52],[30,0]],[[29082,42476],[19,-122],[34,-59],[-46,-14],[29,-49],[63,-3],[3,-107],[53,-22],[26,-32],[67,-20],[64,16],[19,101],[114,26]],[[30412,41247],[-28,-129],[4,-40],[-59,-108],[-87,-6],[-38,10],[-78,-68],[-59,0]],[[30067,40906],[21,25],[49,140],[-89,2],[25,57],[54,41],[15,50]],[[30142,41221],[62,97]],[[30204,41318],[80,-59],[32,-51],[96,39]],[[30643,38722],[-67,-16],[-95,24],[-23,-27],[-46,-4],[-24,62],[-62,68],[-20,52],[-29,3]],[[30277,38884],[-20,54],[6,131]],[[30333,39114],[85,-53],[80,17],[87,62],[81,-15],[26,-59],[47,-65],[-16,-53]],[[31148,39390],[-61,8],[48,-62],[38,-21],[26,-45],[-21,-34],[-1,-51]],[[31177,39185],[-27,-14]],[[31150,39171],[-20,49],[21,28],[-51,36],[-99,-25],[-86,-48],[-104,181],[-56,20],[11,37]],[[30708,39628],[70,25],[37,60],[64,8],[69,48]],[[31799,42167],[-55,-26],[-16,54],[-31,15],[0,72],[-85,54],[12,39],[-25,72],[62,31],[-1,36]],[[31660,42514],[52,-11],[17,-36],[48,-31],[15,-32],[-23,-75],[47,-36],[-26,-99],[9,-27]],[[31318,40007],[24,36]],[[31342,40043],[57,7],[65,-16],[36,45]],[[31500,40079],[-4,-101],[14,-19],[21,-104],[30,-34],[3,-98]],[[29872,40105],[-18,48],[-83,76],[-29,-2],[-31,65],[6,142]],[[29717,40434],[6,35],[55,35],[44,104],[100,83],[32,60],[-38,54],[106,53],[26,40]],[[30048,40898],[89,-92],[46,2],[30,-50],[63,-31],[-1,-68],[148,27],[56,42],[49,-11]],[[30528,40717],[29,-12],[-11,-63],[34,-79],[86,-23],[32,19]],[[30698,40559],[13,-69],[-61,-115]],[[29657,43067],[70,-104],[2,-69],[74,-47],[15,-51]],[[29818,42796],[18,-80],[-15,-29]],[[29821,42687],[-22,-25],[-49,45],[-77,47],[-6,48],[-62,57],[-64,14],[-117,-107],[-40,-113],[-35,-4],[-73,21],[-30,27],[-83,-1],[-56,-84],[13,-87],[-38,-49]],[[28795,42320],[-32,26],[-45,-18],[-26,100],[41,95],[46,20]],[[28779,42543],[-9,62],[53,103],[-35,46],[132,81],[-2,33],[50,21],[2,42],[-22,45],[51,31],[41,90],[84,-2],[49,63]],[[31114,40956],[15,-40],[-24,-50],[48,-20],[15,28],[87,-14],[6,-44],[-34,-47],[-94,-73],[-4,-88],[67,-97],[-58,-87]],[[31138,40424],[-129,-27]],[[31009,40397],[-8,55],[34,58],[-57,51],[-19,102],[-39,24],[-50,-21]],[[30870,40666],[-1,48],[-37,19],[-23,51],[72,130]],[[30881,40914],[71,5],[25,19],[62,-15],[36,39],[39,-6]],[[30528,40717],[20,71],[-23,78],[1,73],[-44,44],[-4,53],[50,89]],[[30528,41125],[110,-3],[66,37],[60,-19],[2,-61],[-78,-53],[14,-32],[91,18],[78,-62],[10,-36]],[[30870,40666],[-80,-15],[-92,-92]],[[30330,38101],[-2,61],[-49,17],[1,38],[-51,104]],[[30229,38321],[-25,60],[40,35],[11,101],[31,13],[-85,60],[-32,57],[-8,80],[-28,19]],[[30133,38746],[19,46],[50,24],[75,68]],[[29761,45088],[45,-29],[45,-82],[39,-21],[2,-47]],[[29892,44909],[-35,-12],[-11,-64],[81,-43],[19,-42],[-59,-67],[-77,-15],[-46,24],[-30,43],[-243,-192],[0,-76],[-16,-33],[1,-91],[60,-158],[-27,-33]],[[28779,42543],[-29,18],[-95,-86],[-32,40],[-13,83]],[[29892,44909],[50,-30],[84,49],[71,20],[13,91],[126,1],[77,-30],[-3,55],[46,-13],[21,-40],[96,-29],[37,-53],[8,-73],[55,-210],[91,-248],[75,-452],[148,-648],[88,-27],[109,-115],[72,-105],[349,-373]],[[31505,42679],[-106,-100],[-38,18],[-26,-24],[7,-96],[-27,-27],[-9,-69],[5,-74],[-40,-20],[-20,86],[-31,-4],[-45,46],[-34,64],[-33,-130],[-45,-33]],[[31063,42316],[-110,-50],[-58,-41],[-74,16],[-16,-43],[-41,-3],[-11,-46],[-45,23],[-15,-37],[-46,-35],[-71,25],[-5,39],[26,64],[68,-2],[17,104],[29,35],[156,23],[96,80],[29,-20],[96,131],[-33,89],[-41,54],[-49,-23],[-54,-74],[-37,-7],[-49,50],[-26,-6],[-54,44],[-180,-67],[-115,48],[-37,-27],[-52,10],[-73,-43],[-57,30],[-8,27],[-62,26],[-79,-10],[10,51],[-25,52],[53,118],[-79,73],[-115,-40],[4,-43],[-27,-75],[-32,-32],[-53,-8]],[[29705,41565],[76,-4],[-22,-112],[58,-157],[-38,-30],[-1,-68],[95,-9],[48,29],[54,-28],[83,8],[84,27]],[[30067,40906],[-19,-8]],[[29717,40434],[-25,2],[-39,60],[29,29],[-80,140],[32,66],[-77,52]],[[20758,29668],[-32,-49],[-97,-98],[-40,-8],[-26,-97],[-55,-60],[-43,-87],[-56,-62],[-35,-6],[-20,-61],[-44,-61],[-35,0]],[[20244,28916],[13,63],[84,43],[-6,56],[41,26],[58,10]],[[20215,28884],[8,53],[-47,55],[2,90]],[[21020,29339],[-50,-51],[-42,-111]],[[23904,27039],[2,-36],[-35,-67]],[[23871,26936],[-53,-109],[-44,-2],[-14,-40],[-104,-142],[-68,-4],[-31,-30],[-84,-20],[-65,15],[-26,-26],[-44,30],[-70,-21],[-43,41],[-53,-62],[17,-57],[-41,-49]],[[23148,26460],[-27,40],[-90,16],[-41,70],[-46,27],[8,33],[-32,33],[-61,12]],[[22859,26691],[29,38],[80,28],[32,94],[-5,39]],[[22995,26890],[-10,22],[30,93],[51,42],[4,39],[32,49],[105,1],[26,18],[95,14],[67,-37],[-23,-89],[68,-13],[16,77],[85,-80],[54,8],[32,-29],[146,-29],[101,28],[30,35]],[[22995,26890],[-14,4],[-92,120],[-15,38],[-79,73],[2,16]],[[22797,27141],[77,43],[20,52],[33,31],[-17,114],[103,23],[64,-12],[10,33],[49,44],[25,-15],[62,61],[-10,54],[-31,29]],[[23182,27598],[-28,40],[111,88],[41,-9],[41,23],[19,39]],[[23366,27779],[-10,-55],[14,-39],[-37,-16],[-2,-47],[28,-63],[-19,-44],[6,-55],[108,-36],[52,-29]],[[23506,27395],[93,-80],[76,114],[65,-85],[-10,-52],[22,-32],[69,-41],[30,-48],[19,-79],[36,-9]],[[23906,27083],[-2,-44]],[[19320,25130],[-14,25],[66,57],[-27,58],[-8,58],[43,62],[-24,63],[-42,28],[18,29],[-32,62]],[[19300,25572],[47,37],[21,43],[33,13],[-39,54],[17,71],[-12,32],[16,81]],[[19383,25903],[28,0],[24,89],[-20,25],[42,71],[46,40],[-5,28],[65,108],[-18,53],[16,45],[-37,75],[30,41],[-24,49],[56,19],[6,49],[60,19],[26,45],[-36,58],[3,34]],[[19645,26751],[15,31]],[[19660,26782],[37,48],[94,69]],[[19791,26899],[79,-11],[39,26],[45,3],[66,73],[65,-2],[24,-52],[-2,-119],[22,-39],[64,-49],[13,-42],[44,-30],[50,34],[42,-32],[-2,-41],[27,-55],[80,-20],[85,33],[63,-32],[74,-83],[25,18],[53,-41],[13,-58],[59,-80],[40,-6],[55,19],[24,-181],[-16,-66],[18,-126]],[[20940,25940],[-12,-38],[-132,13],[-142,39],[-76,-82],[-10,-47],[-56,-82],[-13,-71],[-29,-27],[-23,-92],[-52,-89]],[[20395,25464],[-92,-43],[-68,0],[-31,-60],[-56,-13],[-30,-48],[-71,-72],[-138,-100],[-29,-12],[-80,-85],[-125,-46],[-106,17],[-131,-53],[-44,18],[-82,-18],[-58,28],[-57,69]],[[20879,28689],[65,-113],[27,-23]],[[20971,28553],[46,-11],[0,-50],[53,-47],[94,-29],[18,-39],[103,-54],[69,-21],[14,-28],[56,-36],[78,19],[51,-41],[28,-1],[4,-62]],[[21585,28153],[-44,-21],[-37,13],[-64,-5],[-61,-50],[-29,-77],[18,-30],[-68,-88],[9,-78],[-132,-35],[-96,-4],[-12,-53],[-36,-37],[-74,22],[-118,-75],[-41,4],[-42,-55],[4,-62]],[[20762,27522],[-25,-17],[-39,33],[-12,59],[-64,34],[-48,-13],[-25,36],[-62,20],[-82,118],[16,40],[-47,61]],[[20374,27893],[27,41],[-33,27],[-17,47]],[[20971,28553],[61,-5],[109,64]],[[21141,28612],[19,5],[52,80],[70,10],[36,-10],[75,42],[60,-17],[30,17],[59,-8],[88,65],[66,-13],[57,76],[90,56],[52,-23],[58,25],[107,1],[65,-105],[17,-77],[103,10],[56,62],[104,23]],[[22405,28831],[16,-29],[-84,-49],[-36,-66]],[[22301,28687],[-47,-61],[-5,-74],[-18,-46],[-73,-63],[-52,-113],[-12,-92],[-22,-28],[16,-67],[-9,-33]],[[22079,28110],[-31,-4],[-33,33],[-70,5],[-17,-32],[-51,-9],[-117,-106],[-26,-50],[-47,-22],[-32,-39],[-78,12],[1,41],[-58,-8]],[[21520,27931],[35,45],[29,105],[1,72]],[[22797,27141],[-23,34],[-42,6],[-61,48],[24,66],[-117,73],[-19,74]],[[22559,27442],[64,35],[40,61]],[[22663,27538],[31,0],[66,-40],[41,29],[-46,39],[3,60],[-58,74]],[[22700,27700],[118,63],[62,-30],[2,-23],[64,-115],[80,-45],[43,23],[74,3],[39,22]],[[21520,27931],[-41,-3],[0,-66],[25,-33],[-94,-132],[47,-91],[0,-43],[-36,-57],[14,-65],[-35,-106],[14,-15]],[[21414,27320],[-34,-93],[-33,-60],[-65,63],[-98,-18],[-65,22],[-77,45],[-57,-10],[-52,64],[-7,55],[-62,16],[-21,96],[-81,22]],[[22405,28831],[33,13],[36,-26],[45,6],[38,-45],[52,-17],[32,-52],[169,-21]],[[22810,28689],[26,-3],[81,-102]],[[22917,28584],[-30,-39]],[[22887,28545],[-55,-20],[-40,59],[-26,-5],[-5,-65],[-98,-252],[-35,-51],[27,-45],[-14,-46],[54,1],[28,-30],[-62,-67],[24,-44],[-47,-27],[-1,-76],[-17,-46],[63,-68],[17,-63]],[[22663,27538],[-70,76],[-6,37],[-97,29],[-29,27],[-17,66],[-96,-36],[-84,52],[-21,37],[-61,31],[-15,76],[27,86],[34,22],[36,72]],[[22264,28113],[28,-8],[75,45],[166,160],[45,98],[35,101],[-48,29],[16,45],[-42,15],[-45,-49],[-44,-7],[-32,38],[-47,16],[-70,91]],[[21633,30453],[54,-53],[57,-74],[53,-7],[24,-29],[88,29],[42,-15],[28,30],[57,0],[138,30],[124,-72],[42,-49],[94,-8],[18,19],[64,-15],[66,37],[88,9]],[[22670,30285],[68,25],[24,42],[-18,44],[38,35],[85,52]],[[22867,30483],[-56,-90],[-9,-106],[-70,-56],[-49,-72],[6,-34],[49,-31]],[[22738,30094],[-78,-40],[-28,-80],[-27,-15],[-104,38],[-23,-15],[-73,30],[-18,33],[-103,80],[-76,38],[-119,-17],[-47,-19],[-34,28],[-90,-9],[-203,-37],[-31,23],[-79,3]],[[23778,28582],[-48,-35],[-44,-61],[-18,-66],[-44,-80],[17,-65],[0,-66],[-43,-156],[13,-52],[-16,-65],[0,-100],[61,-41]],[[23656,27795],[-66,-111],[-24,-19],[6,-85],[-17,-83],[-49,-102]],[[23366,27779],[38,78],[68,29],[-12,72],[35,93]],[[23495,28051],[59,75],[-12,63],[32,78],[-51,90],[28,37]],[[23551,28394],[36,37],[21,147],[45,63]],[[22264,28113],[-82,-29],[-103,26]],[[23535,29807],[-36,-8],[-98,35],[-24,21]],[[23377,29855],[-88,13],[-14,27],[-55,-10],[-56,20],[-101,116],[-11,62],[-48,33],[-33,1],[-119,-48]],[[22852,30069],[-27,36],[-87,-11]],[[22867,30483],[16,-2]],[[22883,30481],[25,-42],[125,-15],[26,-38],[50,30],[187,-72],[51,13]],[[23347,30357],[-18,-65],[22,-46],[-48,-24],[1,-49],[63,-24],[62,43],[57,8],[50,-48]],[[21823,30757],[19,43],[49,47],[80,47],[62,57],[50,75],[64,-2],[40,34],[115,55],[38,-1],[21,47],[32,3],[31,62],[3,67],[59,0],[41,54],[27,-12],[44,-59],[45,0],[42,-50]],[[22685,31224],[57,-11],[23,-43],[115,-22]],[[22880,31148],[-25,-43]],[[22855,31105],[-98,2],[-46,-56],[-45,-99],[-116,-70],[24,-23],[-37,-84]],[[22537,30775],[-37,-13],[-36,42],[-87,7],[-70,36],[-34,-23],[-39,18],[-56,-25],[-61,-8],[-31,-41],[-63,-19],[-68,3],[-130,-15]],[[24476,27224],[-41,-26],[-31,-74],[-74,-68],[-67,-94],[-4,-25],[-76,-104],[-153,-106],[-85,17],[-52,175],[-22,17]],[[23906,27083],[55,26],[-21,35],[14,73],[-32,93],[17,25],[51,7],[43,28],[55,105],[-28,88],[-22,13],[160,117],[32,40],[71,-48],[202,-20]],[[20096,29974],[17,38],[-44,55],[-51,-19],[-22,103]],[[19996,30151],[81,22],[42,-48],[136,-26],[126,-46],[115,-16]],[[19267,28045],[-55,-75],[-30,21],[-50,-20],[-33,43],[-14,76],[-42,48],[-120,28],[-131,50],[-67,34],[-9,45],[-43,17]],[[18673,28312],[-10,55]],[[18663,28367],[52,78],[-6,24]],[[18709,28469],[92,-62],[138,-19],[59,-27],[36,-44],[2,-43],[79,-71],[18,-41],[91,-54],[43,-63]],[[19727,30467],[-29,-37],[-29,39],[-37,-31],[24,-27],[-46,-93],[-49,-11],[18,-37],[-53,-33],[15,-48],[-53,-27],[-33,-80]],[[19455,30082],[-91,31],[-41,50],[-62,-6],[-8,43],[-44,26]],[[19209,30226],[-97,18],[-40,63],[-23,8],[-41,78]],[[19008,30393],[42,28],[-12,42],[36,39],[-40,81]],[[19034,30583],[6,8]],[[19040,30591],[30,-39],[116,44],[83,-26],[71,51],[119,12],[-30,88],[17,19],[100,-23]],[[19546,30717],[48,-67],[65,12],[44,-27],[97,56]],[[19209,30226],[-32,-70],[18,-40],[-65,-62],[-19,-85],[-20,-27]],[[19091,29942],[-72,11],[-69,40],[-96,-39],[-7,91]],[[18847,30045],[53,82],[-2,55],[106,91],[-10,72],[14,48]],[[18597,29368],[-34,-19],[-8,-63],[49,-45],[42,-13],[25,-54],[-33,-71],[52,-26],[45,8],[45,-39],[174,-59],[49,16]],[[19003,29003],[-15,-114],[-62,-72]],[[18926,28817],[-59,-46],[-38,-49],[-10,-57],[-34,-42]],[[18785,28623],[-86,75],[-29,81],[-66,-55],[-32,-49],[-57,14],[-42,50],[-73,29],[-18,-30],[-137,35],[-119,-15],[-15,-74],[-102,-40],[11,-59],[-59,-64]],[[17961,28521],[-109,20],[-11,28],[-53,28],[-80,146],[13,46],[-8,49],[-73,46]],[[17640,28884],[4,46],[-47,64],[30,107],[128,5],[46,34],[68,3],[34,35],[126,58],[90,62],[21,47],[55,24],[11,39],[62,-1]],[[18268,29407],[56,-9],[57,-32],[71,9],[107,50],[38,-57]],[[19660,26782],[-47,16],[-55,71],[-9,37],[-38,20],[-60,-30],[-48,-6],[-45,45],[-57,-2],[-73,40]],[[19228,26973],[3,85],[-79,81],[-90,14],[-31,29],[-86,-72],[-42,-20]],[[18903,27090],[-71,74],[-83,47],[-59,-18],[-48,14],[-15,40],[-69,-60],[-24,-80],[-30,-27],[-147,-20],[-86,6],[-29,47]],[[18242,27113],[-36,31],[14,78],[47,61],[-2,45],[90,99],[-29,31],[70,64],[-20,27],[24,81],[53,75],[-8,19]],[[18445,27724],[57,-32],[49,-68],[45,-18],[64,4],[32,-51],[97,-21],[95,-63],[24,18],[75,4],[20,-67],[26,-6],[89,84],[49,93]],[[19167,27601],[38,-20],[2,-83],[18,-66],[108,-23],[86,4],[38,-21],[58,-2],[57,39],[59,8],[88,-16],[50,4],[37,43],[78,32],[73,-10],[39,-46],[23,-70]],[[20019,27374],[-40,-52],[-3,-88],[-31,-79],[-107,-93],[-47,-163]],[[18709,28469],[-7,51],[38,8],[-5,55],[50,40]],[[18926,28817],[92,-60],[16,-36],[93,-71],[25,-52],[41,-24],[99,27],[90,10]],[[19382,28611],[11,-30],[82,-32],[24,-28],[93,-31],[33,-96],[39,-52]],[[19664,28342],[-51,-65],[-45,-80],[-14,-59],[-71,-48],[-62,-2],[-139,-58],[-15,15]],[[20104,28471],[-50,-53],[-41,5],[-42,61],[28,70],[-76,91],[-25,9],[-30,85],[33,41],[101,193],[-13,93],[-29,24],[-1,41]],[[17812,27963],[19,-27],[78,-7],[80,-31],[40,27],[46,-21],[44,29],[2,-74],[-26,-79]],[[18095,27780],[-10,-70],[56,-11],[0,-34],[-38,-27],[-40,-62],[5,-22],[-78,-84],[-4,-49],[-29,-47],[-10,-62],[-64,-18]],[[17883,27294],[-106,40],[-50,-39],[-43,-11],[-84,-48]],[[17600,27236],[-51,-1],[-56,51]],[[17493,27286],[-93,-10],[-81,-55],[-78,60],[-83,0],[-77,-65],[-109,51],[-131,20],[-52,50],[-53,-9]],[[16736,27328],[-249,395],[95,74],[3,51]],[[16585,27848],[31,26],[92,-17],[9,-72],[37,-20],[53,21],[90,-77],[60,11],[15,-26],[151,-18],[64,-47],[69,43],[42,64],[86,62],[120,-71],[10,-71],[48,44],[44,17],[1,60],[53,8],[7,110],[58,79],[87,-11]],[[17833,25353],[-4,-36],[-80,1],[-40,27],[-25,-22],[-75,6],[-27,56],[-52,32],[-64,-1],[-24,18],[-49,-29],[-27,7],[-60,-33],[-51,58],[-61,3],[-53,-14],[4,108],[-23,45]],[[17122,25579],[25,38],[22,96],[-27,13],[-11,54],[-27,39]],[[17104,25819],[5,48],[43,26],[10,39],[53,1],[31,24],[50,-7],[93,111],[19,103],[77,60]],[[17485,26224],[10,-3]],[[17495,26221],[19,-56],[80,-58],[43,-10],[8,-35],[44,1],[85,-33],[64,53]],[[17838,26083],[24,-35],[34,-100],[-6,-48]],[[17890,25900],[4,-31],[43,-17],[4,-72],[-21,-45],[3,-80],[19,-169]],[[19542,30825],[15,-33],[-11,-75]],[[19040,30591],[23,67],[47,58],[10,45],[-53,43],[94,28],[26,51],[16,105],[-1,62],[-29,64],[15,40],[-9,71],[19,37],[49,15]],[[18847,30045],[-95,-26],[-176,66],[-79,17]],[[18497,30102],[40,46],[-29,56],[-62,71]],[[18446,30275],[111,63],[65,89],[45,-3],[57,27],[61,90],[70,-1],[179,43]],[[19645,26751],[-72,46],[-89,-6],[-61,-54],[-46,-69],[-51,-30],[-76,-94],[-28,-61],[-100,-31],[-62,5],[-133,-27],[-42,25],[-136,17],[-93,-5],[-35,-30],[-64,-26],[-47,-2],[-121,25],[-108,42],[-48,60],[-85,62],[-50,52],[-39,69]],[[18059,26719],[46,43],[1,42],[39,68]],[[18145,26872],[-8,59],[19,15]],[[18156,26946],[47,-72],[54,-34],[123,-53],[38,-26]],[[18418,26761],[24,-23],[166,-32],[50,-18],[64,8],[36,-27],[6,-37],[61,-22],[43,48],[1,36],[102,45],[115,-44],[31,24],[3,78],[78,146],[30,30]],[[18268,29407],[-26,16],[-28,64],[-79,63],[64,40],[13,44],[81,-4],[43,10],[4,68],[32,14],[44,64],[4,50],[65,116]],[[18485,29952],[-9,-63],[26,-12],[43,-126],[30,-20],[79,70],[98,-11],[-24,-71],[-52,-64],[68,-7],[27,-129],[66,29],[41,38]],[[18878,29586],[36,-28],[29,-82]],[[18943,29476],[-33,-31],[-101,40],[-11,-62],[-32,-28],[-18,-64],[-52,0],[-44,33],[-55,4]],[[18340,25326],[-15,32],[40,54],[63,-15],[14,43],[0,85],[46,86]],[[18488,25611],[58,-45],[71,3],[53,48],[44,20],[88,-58],[90,5],[48,48],[23,-4],[44,50],[83,-12],[44,19],[75,-2],[8,-71],[33,-1],[50,-39]],[[18418,26761],[-10,92],[48,36],[24,48],[149,20],[52,-7],[75,16],[13,42],[36,38],[77,23],[21,21]],[[18156,26946],[18,26],[-28,49],[48,11],[48,81]],[[16845,25155],[-1,54],[69,34],[40,56],[14,76],[36,49],[-11,35],[41,59],[25,-2],[32,52],[32,11]],[[17600,27236],[-54,-48],[10,-41],[-21,-42],[-64,-65],[9,-38],[-21,-94],[129,2],[30,-23],[66,13]],[[17684,26900],[25,-55],[78,-111]],[[17787,26734],[-28,-13],[-31,-55],[7,-26],[-75,-128],[-37,6],[-5,-63],[-32,-22],[-12,-80],[-79,-132]],[[17485,26224],[-2,61],[-59,54],[-20,178],[-41,-15],[-62,7],[15,99],[-26,36],[39,65],[-5,94],[-15,19],[18,66],[-22,65],[10,71],[49,57],[53,38],[70,33],[40,66],[-34,68]],[[18878,29586],[35,0],[81,69],[1,31]],[[18995,29686],[47,-60],[56,41],[65,3],[64,57],[60,29],[17,-23],[72,-20]],[[19376,29713],[27,-47]],[[19403,29666],[-45,-62],[13,-73],[-64,-65],[-22,-58]],[[19285,29408],[-115,48],[-89,-23],[-34,-48],[-27,7],[-42,-35],[-35,119]],[[19863,29184],[-5,-1],[-12,-15],[-10,-28],[-128,-19],[-57,-18],[2,56],[-53,-23],[-76,-11],[-15,92],[-52,37],[-53,17],[-27,46],[-53,-7],[-52,-26]],[[19272,29284],[-47,59],[60,65]],[[19403,29666],[146,-49],[-27,-16],[108,-63],[80,37],[14,-46],[37,21],[71,-5],[47,14],[37,-20]],[[19376,29713],[50,11],[31,93],[-52,39],[47,136]],[[19452,29992],[150,5],[37,-27],[91,-16],[79,-50],[87,-11],[52,-38],[18,-42]],[[19383,25903],[-47,27],[-59,6],[-16,53],[-41,3],[-79,39],[-47,-50],[-174,23],[-79,-22],[-94,2],[-83,17],[-135,-16],[-9,-19]],[[18520,25966],[-57,4],[-33,-37],[-53,-15],[-56,23],[-87,-46],[-68,16],[-116,11],[-22,-22],[-74,17],[-64,-17]],[[17838,26083],[-2,35],[25,77],[-6,71],[83,-1],[11,49],[-10,89],[38,107],[13,86],[38,23],[31,53]],[[18059,26672],[0,47]],[[18488,25611],[-38,9],[-73,60],[49,21],[8,54],[118,207],[-32,4]],[[17883,27294],[-13,-100],[48,-17]],[[17918,27177],[-53,-143],[-48,-22],[-16,-49],[-53,-10],[-64,-53]],[[18673,28312],[-25,-38],[-10,-70],[-91,-81],[-18,20],[-78,-90],[-7,-43],[33,-36]],[[18477,27974],[-10,-23],[-77,-4],[-92,-20],[-25,-39],[17,-37],[-67,-55],[-38,0],[-58,-33],[-32,17]],[[17812,27963],[29,59],[60,75],[33,90],[34,49],[16,56]],[[17984,28292],[260,2],[75,-11],[29,45],[28,4],[24,71],[85,3],[47,26],[26,-45],[50,-32],[55,12]],[[19272,29284],[-5,-67],[-78,-32],[3,-48],[-38,-40],[-59,17],[-18,-44],[-69,-60],[-5,-7],[0,0]],[[18445,27724],[42,189]],[[18487,27913],[185,-58],[103,24],[58,-20],[70,5],[32,-64],[23,23],[57,-89],[27,-64],[125,-69]],[[20374,27893],[-28,-33],[-8,-11],[-48,-34],[-12,-42],[-73,-9],[13,-114],[-49,-62],[-3,-65],[-56,-97]],[[20110,27426],[14,121],[-48,65],[-45,96],[23,53],[-55,73],[7,78],[-23,71],[-49,39],[-88,7],[-7,111],[-21,49],[36,64],[-40,31],[-13,56],[-76,26],[-61,-24]],[[19382,28611],[55,160],[90,-11],[52,91],[37,-32],[43,13],[35,97],[-19,71],[37,51],[31,6],[92,68],[89,4]],[[19455,30082],[-3,-90]],[[18995,29686],[-37,42],[23,71],[79,69],[31,74]],[[17984,28292],[11,48],[-6,97],[-28,84]],[[20110,27426],[-53,2],[-38,-54]],[[18487,27913],[-10,61]],[[19996,30151],[2,49]],[[18485,29952],[-9,39],[21,111]],[[18059,26672],[-54,1],[-49,39],[-85,19],[-84,3]],[[17918,27177],[65,-30],[50,6],[-28,-77],[-46,-44],[8,-95],[26,-44],[102,-58],[50,37]],[[40727,36276],[1136,-1426]],[[41863,34850],[-27,-8],[-58,-73],[-113,-45],[-96,-55],[-93,-34],[-101,3],[-146,-27],[-149,11],[-84,-4],[-75,24],[-134,-9],[-137,52],[-68,-10],[-108,-48]],[[40474,34627],[-109,2],[-81,41]],[[40284,34670],[-42,64],[16,79],[-112,68],[-38,76],[-60,8],[-43,-26],[-38,9],[9,81],[-40,12],[-18,-47],[-116,39],[-27,-22],[-68,23],[6,34],[58,17],[-1,32],[-59,-5],[-20,89],[-50,21],[-56,55],[-59,-4],[-18,28],[-12,75],[-104,39],[-1,75],[-34,1],[-37,-63],[-78,57],[-34,-27],[-157,-3],[-58,-44],[-66,40],[-29,-26],[-80,4],[-23,48],[-89,8],[-38,23],[-47,-1],[-36,-32],[-134,-4],[11,-32],[-110,-53],[-57,-5],[-24,-52],[-56,-3],[-59,-48],[-44,-14],[-44,52],[-143,-23],[-40,10],[-92,-24],[-52,3],[-111,-33],[-62,6],[-46,-21],[-55,-2]],[[37467,35232],[221,890]],[[37688,36122],[833,548],[48,-34],[72,-7],[58,17],[95,-40],[48,19],[118,-8],[43,-51],[92,-48],[147,-19],[7,20],[90,-2],[27,-52],[71,-13],[116,-4],[48,18],[58,-37],[45,13],[53,-32],[38,6],[61,-33],[125,-12],[70,15],[15,-38],[64,-20],[30,37],[101,-29],[2,-67],[77,-72],[21,14],[51,-38],[60,-14],[80,99],[103,25],[72,-7]],[[32773,37004],[408,64],[752,153],[302,215]],[[34235,37436],[738,-672]],[[34973,36764],[-79,-26],[-105,39],[-46,-20],[-34,-62],[-77,-16],[-86,15],[-16,-55],[-38,40],[-25,-30],[-67,48],[-83,0],[-15,-29],[-60,8],[-75,57],[-39,65],[-106,62],[-120,-7],[-40,-18],[-149,-1],[-97,-16],[-46,-22],[-70,-3],[-40,-32],[0,-51],[-51,-58],[-73,-29],[-29,-40],[2,-73],[-60,-16],[-61,-92],[-7,-44],[-70,-17],[-129,-74],[-96,-32],[-65,33],[-59,8],[-37,-35],[-50,15]],[[34973,36764],[391,-357]],[[35364,36407],[240,-215],[-34,-681],[74,-46],[104,19]],[[35748,35484],[23,-18],[-56,-58],[-54,-5],[-21,31],[-96,-19],[-61,-23],[-44,-49],[-50,12],[0,-42],[-40,-4],[-20,-49],[-56,-1],[-53,42],[-49,-15],[-65,22],[-7,-41],[-78,-3],[-165,-97],[-54,-5],[-71,38],[-142,1],[-30,-23],[-50,15],[-65,-2],[-5,44],[-37,25],[-73,-26],[-6,-46],[-88,-57],[-226,8],[-36,-7],[-100,8],[-183,-29],[-45,-43],[-65,-33],[-56,-11],[-103,5],[-92,33],[-92,-17],[-84,-55],[-75,-64],[-88,-30],[-85,-13]],[[32905,34883],[-55,-14],[-117,-126],[-94,-30],[-59,18],[-103,57],[-27,28],[-103,26],[-122,58],[-39,30]],[[32186,34930],[-23,85],[-32,23],[23,40],[-15,84],[-129,33],[-17,37],[-49,18],[-9,58],[-51,64],[8,78],[-25,72],[48,45],[0,37],[47,49]],[[30352,32392],[6,-44],[63,-54],[12,-58],[-52,-81],[5,-26],[-51,-103],[-4,-76],[-20,-18],[-11,-134],[99,-88],[46,-12],[54,20]],[[30499,31718],[22,-36],[-23,-53],[-98,-56],[-25,-35],[-71,21],[-43,69],[-52,-17],[-62,37],[-100,-23],[-49,-86],[30,-44],[-7,-29]],[[32186,34930],[-77,-38],[-38,-74],[-50,-33]],[[32237,29156],[-7,54],[-81,-13],[-28,-19],[-75,-3],[-19,-42],[-49,17],[-81,-5],[-10,53],[46,41],[-98,57],[-12,32],[-136,4],[-29,55],[-43,-2],[-34,48],[-35,8],[-46,71],[-42,36],[-46,67],[-19,2],[-34,114],[-48,74],[-38,102],[-1,46],[32,33],[-23,67],[18,58],[-38,44],[-5,71],[-63,45],[-69,169],[22,57],[-26,64],[77,-8],[120,32],[104,19],[28,49],[144,-24]],[[31593,30629],[40,-13],[48,43],[30,-16],[11,-57],[76,0],[26,44],[-97,40],[9,60],[-17,28],[-59,15],[-54,37],[-23,40],[-16,83],[-55,55],[-47,94],[36,94],[112,-105],[89,-56],[19,53],[64,17],[16,34],[53,-22],[82,13],[-6,77],[25,15],[-46,158],[55,-15]],[[31964,31345],[27,-51],[49,7],[33,-34],[6,-77],[73,-34],[24,-51],[7,-119],[54,33],[68,12],[47,-61],[54,-31],[16,-55],[57,-63],[31,10],[74,-38]],[[32584,30793],[46,-70],[123,-7],[42,18],[51,-66],[97,-100],[36,34],[111,-60],[8,-86],[38,-66],[59,-26],[35,-62],[55,4],[60,-46],[81,-89],[18,-81],[49,-72],[67,-36],[8,-48],[89,-36],[61,-88],[49,-20],[48,19],[26,-19],[123,1],[102,-19],[49,21],[122,9]],[[34237,29802],[-37,-26],[-103,-42],[-83,-50],[-93,23],[-49,-6],[-34,22],[-67,-9],[-43,-88],[-104,-83],[-61,-92],[-72,-27],[-32,-27],[-22,-73],[-47,-51],[-49,-21],[-18,-34],[-60,-49],[-1,-33],[-49,-14],[-15,-47],[-79,-39],[-96,16],[-92,-41],[-54,28],[-12,29]],[[32269,33463],[48,40],[47,-2],[34,54],[94,-12],[118,-41],[39,36],[77,10],[30,-25]],[[32756,33523],[-24,-91],[37,-72],[70,6],[132,-65],[28,-49],[48,-19],[61,-90],[67,-57],[60,-103],[43,-21]],[[33278,32962],[-35,-5],[8,-65],[27,-20],[12,-54],[71,-21],[46,3],[44,-72],[156,-64],[51,-70],[21,-92],[-86,-22],[-106,6],[-71,-25],[-54,-67],[-113,26],[-34,26],[-49,-26],[-67,17],[-97,-12],[-27,15],[-117,-50],[-56,-9],[-27,-36],[5,-68]],[[32780,32277],[-52,-31],[7,64],[-91,67],[-20,43],[-88,52],[-107,97],[-16,34],[20,51],[-52,48],[-13,49],[12,93],[-24,84],[-74,41],[-69,-22],[-79,-60],[-3,-41],[-41,-23]],[[32584,30793],[52,86],[41,21],[86,13],[37,67],[37,30],[52,4],[41,25],[101,34],[34,46],[53,40],[63,25],[49,-7],[80,35],[-119,86],[12,47]],[[33203,31345],[38,14],[-8,93],[30,101],[135,7],[71,-11],[66,-34],[95,-8],[60,-68],[17,51],[88,-68],[51,-17],[75,33],[102,1],[73,-52],[28,-3],[32,39],[-35,71],[87,33],[41,-27],[31,15],[54,-32],[27,60],[-58,59],[-15,55],[14,174],[86,-33],[6,-57],[83,-18],[85,44],[44,-18],[93,36],[58,89],[51,-43],[71,3],[53,25],[77,-26],[32,-35],[21,-72],[116,-42],[49,13],[25,-62],[55,3],[59,-63],[79,32],[33,-18],[0,-39],[-30,-36],[27,-26],[-4,-74],[29,-44],[80,-10],[80,-25],[50,-123],[47,6],[28,-71],[45,3],[43,37],[35,-4],[69,31],[55,5],[147,-26],[68,-1],[37,-38],[43,14],[60,-28],[101,81],[52,77],[16,58],[46,31]],[[36602,31387],[23,-73],[-65,-49],[6,-30],[-46,-122],[-11,-60],[-39,-12],[-33,-69],[-54,-51],[-9,-56],[-51,-63],[-73,-24]],[[36250,30778],[-95,-50],[-25,-33],[-126,-43],[-63,-65],[-146,-85],[-93,1],[-122,-62],[-46,13],[-76,-69],[-41,-54],[-26,3],[-61,-35],[-94,-20],[-48,19],[-133,-113],[-70,-26],[-116,-28],[-98,-39],[-36,-45],[-137,-10],[-55,-22],[-62,-93],[-69,-27],[-111,-81],[-64,-12]],[[40474,34627],[-23,-29],[-18,-114],[-21,-48],[-40,-34],[-57,-16],[-68,-136],[-59,-45],[-33,-69],[-9,-64],[-120,-58],[5,-102],[-43,-73],[-110,-135],[-111,-71],[-12,-86],[-32,-58],[-75,-56],[-93,-118],[-28,-67],[-132,-105],[-65,10],[-43,-16],[-33,14],[-71,-67],[-164,-67],[-118,46],[-131,-8],[-78,42],[-105,-89],[-38,-5],[-58,-47],[-5,-37],[-85,-12],[-193,-130],[-31,-54],[-69,-16],[-184,-150],[-63,-16]],[[37861,32541],[-37,37],[-65,-2],[18,53],[-68,45],[-66,-37],[-121,-30],[-109,18],[-62,-38],[-116,1],[-41,-50],[-148,74],[-67,7],[-13,-38],[-180,66],[-59,-41],[-123,4],[-19,-36],[-50,-29],[-27,16],[-32,-41],[-104,37],[-46,49],[-14,46],[-73,3],[-34,37],[-83,-45],[-119,9],[-27,-40],[-95,-13],[-24,10],[-105,-9],[-32,22],[-63,2],[-64,57],[-79,-30],[-56,28],[-48,-15],[-11,33],[-66,14],[-62,52],[-34,5],[-74,43],[-64,-16],[-11,-28],[-76,40],[-123,-6],[-103,54],[-26,-11],[-63,62],[-91,27],[-38,-19],[-44,48],[-89,-8],[3,23],[-68,57],[-37,-36],[-61,-10]],[[34272,32992],[-51,49],[-85,6],[-21,54],[-3,72],[-56,-11],[-11,56],[-62,65],[-64,2],[-33,26],[-16,72],[-42,13],[-66,-23],[-62,108],[-62,30],[-126,-2],[-63,41],[-67,100],[-135,61],[-37,109],[-67,24],[-101,-4],[-50,71],[-44,31]],[[32948,33942],[13,39],[50,25],[3,79],[-14,51],[27,48],[35,-4],[21,98],[-2,58],[-52,102],[15,56],[-25,150],[7,9]],[[33026,34653],[40,-40],[91,-21],[52,-35],[68,-74],[27,-56],[-8,-55],[60,-42],[2,-49],[26,-38],[137,-38],[41,-27],[86,-27],[83,8],[71,-50],[8,-50],[45,-23],[64,-5],[18,-40],[46,-21],[18,-54],[66,29],[101,-36],[83,61],[37,-17],[65,31],[82,-6],[60,37],[45,-26],[82,44],[78,9],[70,23],[-12,25],[34,44],[46,25],[79,-30],[44,5],[78,67],[47,-6],[116,92],[143,72],[12,40],[58,3],[16,44],[44,18],[9,65],[51,40],[3,26],[99,17],[89,39],[25,-12],[49,39],[115,-10],[35,11],[81,-7],[33,17],[92,-9],[44,-36],[90,-12],[37,21],[73,-9],[82,4],[35,-25],[84,23],[163,-33],[121,20],[48,40],[200,-7],[44,49],[-9,31],[29,42],[28,-8],[56,58],[80,6],[17,43],[47,9],[87,-29],[59,-72],[57,-1],[93,24],[20,-24],[69,29],[101,28],[61,-26],[49,-64],[67,-44],[75,18],[83,-19],[48,25],[86,-18],[17,25],[83,-28],[73,-5],[41,20],[7,36],[53,-4],[21,38],[43,1],[43,37],[37,70],[76,-20],[43,-57],[38,16],[147,-8],[127,15],[61,-1],[71,27],[69,-54],[57,38],[66,2],[60,-48],[39,10],[48,-52],[58,-1],[23,-35],[39,5],[36,-67],[54,25],[44,-16],[44,45],[18,-33],[47,-17],[60,24],[42,-22],[43,2],[76,-21]],[[30731,32039],[9,-40],[-31,-86],[-148,-61],[1,-62],[-20,-49]],[[30542,31741],[-43,-23]],[[29796,31033],[36,7],[73,-47],[7,-58],[-29,-52],[-59,-56],[27,-39],[-48,-65],[-21,-68],[-34,-62],[75,-50],[9,-69],[22,-33],[-5,-56],[58,-81],[147,-88],[49,-8],[96,-38]],[[30199,30170],[-46,-52],[-72,14],[-182,-60],[-132,-96],[-118,50],[-73,3]],[[32905,34883],[-24,-47],[4,-78],[26,-43],[88,-5],[27,-57]],[[33026,34653],[-63,-10],[-62,12],[-39,56],[-72,-31],[10,-31],[-14,-70],[10,-74],[-81,2],[-23,59],[-46,-70],[14,-53],[-17,-27],[-65,-35],[-85,13],[-46,27],[-43,80],[-79,19],[-48,35],[-21,43],[-54,-31],[-24,-43],[-141,-1],[-89,-31]],[[33278,32962],[41,-17],[74,22],[43,-38]],[[33436,32929],[100,-59],[68,-29],[35,-42],[0,-44],[79,6],[-23,-55],[87,-15],[-46,-48],[78,-18],[80,21],[-5,-59],[39,8],[139,-22],[52,-34],[132,-31],[-1,-38],[59,-19],[28,-31],[77,10],[21,-38],[88,-16],[67,-30],[14,-67],[79,-61],[134,-49],[70,22],[16,-18],[69,6],[46,-51],[59,3],[4,-48],[55,-6],[96,-60],[22,-35],[99,-12],[90,5],[31,24],[36,-27],[33,15],[61,-30],[138,31],[46,-78],[55,-33],[25,30],[50,-27],[100,-32],[152,-71],[46,0],[104,27],[74,0],[65,-14],[90,-38],[84,37],[34,-39],[106,-53],[-2,-56],[38,-49]],[[36809,31592],[-103,-55],[-34,-45],[-7,-50],[-63,-55]],[[33203,31345],[-26,17],[-5,50],[-39,53],[-48,10],[2,76],[-61,94],[5,37],[-85,57],[13,50],[30,24],[-51,43],[-2,55],[-42,-14],[-41,65],[-61,50],[37,17],[4,102],[-51,9],[17,43],[-59,6],[40,88]],[[32948,33942],[-43,-55],[-72,-18],[-20,-92],[-45,-19],[-10,-136],[22,-61],[-24,-38]],[[30542,31741],[11,-27],[74,-79],[-35,-61],[3,-101],[57,-151],[1,-35],[83,-73],[77,-88],[121,6],[100,-45],[87,-13],[20,-24],[98,-20],[49,-58],[13,-89],[81,-66],[10,-43],[74,-2],[52,-38],[-12,-63],[58,0],[29,-42]],[[31016,28792],[-24,40],[-122,29],[-35,96],[13,126],[27,50],[-47,57],[-48,32],[-30,54],[-46,-13],[-71,61],[-77,112],[23,64],[-9,146],[-45,109],[-18,67],[40,52],[-14,34]],[[30533,29908],[3,91],[39,7],[113,87],[29,79],[25,6],[-4,96],[-44,34],[0,57],[-34,41],[9,26],[-34,40],[-12,138],[-43,30],[-31,67],[-5,66],[-91,23],[-79,111],[-57,26],[-10,150],[-54,50],[-55,-13],[-109,38],[-50,91],[-14,77],[15,21]],[[30707,36758],[-52,4],[-63,44],[-97,-18]],[[30495,36788],[-19,142]],[[30476,36930],[68,84],[-7,51],[14,64]],[[29472,38531],[-67,55],[21,46],[9,125]],[[29435,38757],[-32,72],[-74,13],[14,88],[-28,39],[34,88],[36,40],[-33,21],[-10,62],[27,22],[46,78],[30,120]],[[29559,39405],[72,-39],[86,-101],[-13,-81],[-26,-83],[-31,-28],[129,-91],[10,-63]],[[29474,35778],[-6,25]],[[29468,35803],[-38,37],[22,33],[36,100],[-9,85],[-22,54]],[[29457,36112],[28,64],[49,22],[77,102]],[[30145,36613],[25,-72],[89,-60],[19,-79]],[[30278,36402],[-51,-7],[-61,-103],[-10,-64],[-70,-22],[39,-40],[19,-60],[-10,-87],[-52,-70],[-54,-46],[-23,-54],[5,-84]],[[30355,36316],[-27,6]],[[30328,36322],[-38,29],[-12,51]],[[30022,36789],[78,44],[60,-38],[114,17],[1,39],[111,84],[45,13],[45,-18]],[[30495,36788],[20,-81],[-22,-85],[18,-109],[-16,-70]],[[29169,35687],[-14,36],[8,122]],[[29163,35845],[81,3],[42,-52],[36,-11],[64,39],[37,-23],[45,2]],[[28906,34917],[-88,11],[-34,40],[-91,-26],[-58,23],[-8,52],[-30,50],[-45,-63],[-104,-12],[37,95]],[[30019,35747],[57,14],[53,36],[98,-19],[115,98],[-13,85],[11,34],[-7,132],[14,84],[-13,15],[-6,96]],[[28786,36210],[-68,-88]],[[28718,36122],[-46,20]],[[28621,35837],[15,55]],[[28636,35892],[70,25],[101,-7],[63,-30],[72,-13]],[[28999,35860],[48,126],[68,69]],[[29115,36055],[60,15],[32,86]],[[29207,36156],[84,14],[28,-59]],[[29319,36111],[-73,-59],[-56,-69],[-27,-138]],[[29353,37557],[22,26],[-11,92],[-21,60],[-28,27],[12,85],[-15,76]],[[29696,38193],[37,32],[57,8],[57,-11],[170,-88]],[[30017,38134],[9,-48],[-29,-61],[6,-87],[-26,-58],[5,-33],[-83,-147],[-50,-21],[-81,12],[-25,-66],[65,-28],[17,-49],[41,-20],[-14,-57],[68,-44],[70,22],[14,-73],[-13,-32]],[[29019,36316],[116,27],[53,32],[51,-117],[-32,-102]],[[29115,36055],[-20,49],[-49,19],[-9,50],[-58,43],[-35,45]],[[26483,37484],[42,-71],[-46,-191],[-30,-20],[34,-75],[170,-122],[12,-45],[56,18],[21,-74],[52,-40],[26,-116],[36,-5],[20,-39],[-3,-71],[48,-34],[33,30],[47,2],[52,-45],[-8,-58],[-58,-27],[32,-65],[45,-19],[49,2],[39,-24],[-29,-44]],[[27123,36351],[-67,-1]],[[25938,37106],[53,92]],[[27153,40389],[-5,-62],[-21,-57],[0,-69]],[[27127,40201],[-24,-75],[31,-29],[-23,-87],[44,-17],[30,-52],[-3,-47],[65,-57],[-170,-194],[12,-55],[-17,-139],[17,-76],[-16,-89],[40,-1],[52,-67],[85,-15],[67,-41],[33,-85],[73,17],[17,-36],[50,-38],[19,-38],[-12,-48],[27,-36],[64,-37],[51,6],[116,-86],[26,-302]],[[26571,38578],[13,87],[-16,95],[29,95]],[[28455,39757],[49,-64],[120,15],[42,-14],[88,12]],[[29435,38757],[-81,-63],[-19,-51],[-42,-48],[-38,-18],[-78,10]],[[29177,38587],[-21,-19]],[[28363,39218],[-32,33],[-51,-22],[-111,168],[-13,73],[-54,26],[-15,55],[-84,28],[-22,-19],[-61,48],[-12,47],[-35,13],[5,40],[-47,6],[-2,44],[-44,86],[-110,20],[-49,31],[-36,-7],[-95,17],[-12,98],[-30,41],[-42,-15],[-52,47],[-17,53],[-76,-45],[-49,55],[-31,-5],[-59,67]],[[28226,38468],[-37,-52],[-74,16],[-78,-18],[-89,17],[-37,-37],[-74,16]],[[28101,35013],[-80,-161]],[[29187,36509],[27,44],[48,35],[33,-8],[41,96]],[[29457,36112],[-138,-1]],[[28174,37723],[57,-17],[69,21],[61,-25],[48,18],[25,-43],[69,-36],[-15,-58],[54,3],[34,-67],[2,-37],[-70,-231],[-19,-124]],[[27226,37059],[-15,71],[-57,35],[6,42],[-57,30],[28,63],[-6,39],[41,49]],[[30017,38134],[93,-11],[46,94],[45,37],[28,67]],[[27438,35784],[23,62],[-8,64],[72,83],[-49,103],[-64,12]],[[27412,36108],[72,24],[105,125],[55,-37],[58,33],[64,-21],[47,-32],[-9,-54],[35,-44],[55,6],[77,-37],[22,-28],[70,-32],[68,11]],[[28718,36122],[-41,-66],[3,-25],[-44,-139]],[[27412,36108],[-35,41],[10,34],[-85,32],[-32,29],[-119,40],[-42,-8],[14,75]],[[29547,39902],[49,56],[78,-3],[42,-17],[56,11]],[[30178,39150],[-9,-21]],[[30114,38723],[19,23]],[[29554,38328],[-69,69],[34,86]],[[28951,36961],[47,120],[39,-4]],[[28974,37610],[54,-71],[54,-13],[31,-57]],[[23222,45290],[-98,18]],[[23124,45308],[-81,58],[-42,91],[-34,11],[-5,43],[-68,3],[24,101],[-32,78]],[[22886,45693],[58,27],[-21,60],[47,4],[8,43],[45,-15],[33,27],[8,138],[-25,51],[7,33]],[[22276,44310],[38,-34],[82,-1],[88,-76],[83,-16],[65,-76],[37,-25],[6,-49],[32,-44],[112,-26],[46,-23],[-19,-78],[28,-55],[-61,-110],[-24,-20],[-3,-72],[28,-70],[-11,-103]],[[22803,43432],[-25,27],[-78,19],[11,83],[-46,69],[-52,-16],[-76,24],[-111,-12],[-256,76]],[[22170,43702],[-38,42],[-92,27],[-11,23],[68,66],[34,11],[-6,44],[36,21],[-51,50],[70,28],[-121,76],[22,45],[115,31],[45,57],[-3,59],[-21,32]],[[21640,46720],[29,-76],[51,1],[13,-35],[-30,-40],[-14,-62],[29,-28],[-2,-70],[72,-33],[-8,-20],[61,-59],[44,-18],[52,16]],[[21937,46296],[-1,-10]],[[21936,46286],[-45,-17],[-2,-77]],[[21889,46192],[-32,9],[-37,-29],[-41,1],[-21,-31],[-62,-18],[-24,-28]],[[21672,46096],[-74,33],[-16,50],[-61,25],[45,48],[-30,36],[43,127],[0,61],[-33,35],[2,208]],[[21548,46719],[55,37],[37,-36]],[[22106,45744],[-38,-38],[-13,-100],[-58,5],[10,-42],[-28,-52],[15,-32],[-16,-68],[19,-26],[-11,-81],[90,-61],[36,26],[101,35]],[[22213,45310],[44,-42],[134,-47],[35,-84]],[[22426,45137],[-56,-23],[14,-43],[75,-75],[39,-64],[-57,-23],[32,-40],[-55,-38],[-55,2],[-3,107],[-61,11],[-6,22],[-147,-18],[-8,29],[-57,48],[-28,44],[-70,-12]],[[21983,45064],[-33,64],[-69,41],[-3,26],[-78,41],[-39,7],[-8,62],[-54,3],[23,51]],[[21722,45359],[-1,34],[57,90],[-23,107],[32,11],[-25,58]],[[21762,45659],[132,40],[45,88]],[[21939,45787],[167,-43]],[[20529,45987],[81,-28],[82,59],[54,22],[97,140]],[[20843,46180],[-25,-129],[-7,-84]],[[20811,45967],[-40,-51],[-8,-43],[-37,0],[-23,-53]],[[21797,46677],[6,-45],[59,-1],[79,-88],[10,-47],[-34,-46],[20,-48],[-26,-75],[26,-31]],[[22147,44845],[-35,87],[-51,5],[-1,38],[-61,35],[-16,54]],[[22426,45137],[22,-54],[51,-29],[32,-42],[28,-69],[69,27]],[[22628,44970],[61,-4],[31,-36],[-25,-45],[52,-35],[51,28],[35,-13],[-24,-63],[4,-44]],[[22813,44758],[-62,-14],[-53,-74],[-71,-14],[-55,63],[-59,-21],[-38,-65],[-127,14],[-44,-13],[-22,-35],[-39,39],[49,36],[-57,40],[-34,1]],[[23442,44961],[-64,-17],[-52,-30],[-38,37],[-77,15],[-76,-82],[-28,6],[-40,-41],[-91,-10],[-25,-61],[32,-71],[-70,-8],[-54,15],[-46,44]],[[22628,44970],[28,38],[-48,33],[-30,55],[33,15],[1,88],[98,74],[83,-16],[48,29],[159,6],[41,31],[83,-15]],[[23453,42557],[55,17],[13,51],[79,37],[65,-1],[-1,-29],[66,-89],[20,-80],[49,37],[252,18],[-27,74],[63,122],[-2,30],[36,62],[114,-17],[21,44],[-29,37],[71,66],[76,12]],[[22170,43702],[-20,-20],[-79,-24],[-57,8],[-54,50],[17,-93],[-48,25],[0,36],[-41,41],[-75,-38],[-46,-61]],[[21936,46286],[51,-59],[-19,-33],[80,-25],[79,86],[72,-43],[32,-40],[47,28],[29,-34],[40,12],[41,-47],[29,22],[37,-59],[35,24],[44,-34]],[[22533,46084],[36,-48],[-45,-86]],[[22524,45950],[-79,-10],[-37,8]],[[22408,45948],[-97,-38],[-90,-75],[-12,-31],[-45,-3],[-58,-57]],[[21939,45787],[89,197],[-43,43],[-34,71],[-59,30],[-3,64]],[[23254,42734],[9,30],[61,19],[60,90],[51,24],[17,73],[-17,48]],[[23435,43018],[58,-34],[8,97],[55,84],[64,0],[45,20],[-47,75],[15,40],[121,16],[24,57],[-16,46],[29,34],[-25,32],[51,39],[25,65],[-66,60],[-1,78],[32,1],[40,-83],[72,39],[25,-6],[132,71],[65,-9],[42,-49],[59,0]],[[21762,45659],[-55,-30],[-9,59],[-37,28],[7,50],[-71,158],[-43,8]],[[21554,45932],[40,23],[-27,47],[30,44],[75,50]],[[22788,46195],[-68,2],[-104,-79],[-73,5],[-10,-39]],[[20811,45967],[36,6],[101,-39],[61,5],[60,-13]],[[21069,45926],[56,-67],[17,-55],[35,-9],[60,-55],[9,-72],[-39,-46],[7,-60]],[[21354,45400],[30,7],[165,-23],[21,33],[51,8],[101,-66]],[[23673,44726],[-96,-69],[-54,-81],[-21,-61],[-38,-4],[-36,-43],[26,-51],[-52,-44],[-20,-113],[-35,4],[32,-134],[-9,-43],[28,-19],[-13,-72],[26,-19],[-3,-64],[-74,-32],[-3,-63],[28,-60],[-40,-43],[22,-76],[43,10],[44,-31],[-7,-112],[-46,-18],[3,-72],[37,-42],[-75,-9],[-75,23],[-23,42],[-38,-31],[-12,-46],[24,-48],[45,-44],[11,-42],[56,-53],[32,-2],[33,-68],[3,-45],[39,-33]],[[22900,42990],[38,90],[-7,36],[44,130],[-107,92],[-59,-8],[-28,75],[22,27]],[[22408,45948],[21,-57],[-28,-87],[-32,-48],[4,-32],[-88,17],[28,-57],[-24,-57],[7,-59],[-58,-54],[28,-68],[3,-114],[-56,-22]],[[21548,46719],[-47,-6],[-19,27],[-77,14],[-49,-13]],[[21356,46741],[-55,111],[-36,-27],[-50,2],[-37,-23],[-69,-14],[-9,-36],[-69,-22],[-40,30],[-49,-14]],[[20942,46748],[-59,73],[-57,119],[-62,-9],[-78,52],[-134,-7],[19,62],[31,36],[105,65],[24,33],[-16,36],[50,47],[26,59],[3,72],[28,82],[-26,47],[2,38],[51,52],[44,104],[-9,46],[46,47],[23,121],[-29,40],[32,31],[10,74],[-16,82],[21,61],[-12,50]],[[22886,45693],[-63,-26],[-23,50],[-36,14],[-157,18],[-61,-72],[-10,34],[32,30],[-21,36],[34,39],[-39,42],[-18,92]],[[20843,46180],[36,71],[58,169],[22,89],[8,81],[-8,92],[-17,66]],[[21356,46741],[-59,-2],[39,-169],[37,-14],[10,-59],[-82,-5],[-44,-38],[42,-49],[-22,-53],[-47,-50],[-15,-51],[-65,-89],[1,-38],[-43,-39],[8,-46]],[[21116,46039],[-87,-37],[40,-76]],[[21554,45932],[-57,-29],[-20,-38],[-66,24],[-72,-14],[-35,55],[-108,-9],[14,43],[-76,85],[-18,-10]],[[22794,25818],[49,77],[50,26],[-4,36],[45,19],[-8,51],[-29,34],[28,43]],[[22925,26104],[11,-26],[64,-11],[20,-45],[57,-38],[50,12],[11,47],[104,-15],[49,43],[98,30],[46,-7],[61,-69],[-81,-116],[80,-70],[23,-64],[35,-14]],[[23377,29855],[-95,-129],[-16,-39],[-136,-138],[-65,-34],[-46,-61],[-25,-56],[-57,-46],[-52,-11],[-64,-71],[-57,-5]],[[22764,29265],[-39,83],[-18,1],[-16,109],[35,52],[-4,82],[-65,69]],[[22657,29661],[44,55],[26,77],[55,54],[39,64],[-51,-2],[-27,70],[107,62],[2,28]],[[23347,30357],[-7,50],[11,101],[53,16],[51,39],[-42,23],[116,81],[42,14],[-21,55]],[[23550,30736],[15,45],[-8,46],[-62,-22],[-6,73],[32,16],[112,-11],[77,45],[34,-19],[20,46]],[[22657,29661],[-43,-25],[-91,7],[-62,-72],[-61,6],[-14,-21],[-102,19],[-49,-33],[-74,23],[-21,61],[-74,20],[-53,-19],[-90,87],[23,101],[-44,41],[-12,38],[-86,68],[-72,40],[-72,26],[-55,42],[-9,39]],[[23550,30736],[-177,17],[-58,21],[-1,25],[-54,79],[-32,82],[-36,35],[-76,-17],[-118,29]],[[22998,31007],[-109,64],[-34,34]],[[22880,31148],[50,9],[37,43],[37,-39],[192,60],[74,3],[-2,55],[27,62],[-29,91],[-27,16],[10,149]],[[23249,31597],[54,15]],[[23303,31612],[53,-52],[58,-33],[19,-66],[118,-31],[91,28],[43,-5],[2,-131],[31,-70],[28,25],[64,19],[19,51]],[[20945,25124],[-59,-47],[-42,44],[14,53],[-8,95],[-24,8],[6,107],[-64,-23],[-69,-2],[-35,-42],[-51,18],[-48,-16],[-30,24],[-16,97],[-124,24]],[[20940,25940],[120,-1],[79,40],[86,9],[78,25],[42,-41],[18,33],[82,95],[17,64],[30,21],[-15,72],[88,123],[102,56],[-2,53],[37,106],[108,19]],[[21810,26614],[-20,-39],[18,-72],[48,-65],[60,-4],[26,-26],[55,-5],[28,-32],[54,53],[24,-23]],[[22103,26401],[-39,-35],[6,-72],[-62,27],[-80,-39],[-14,-49],[22,-39],[105,-110],[-20,-47],[-62,-71],[-78,-70],[44,-37],[47,-70],[-6,-56],[31,-68]],[[21262,29709],[14,-45],[-12,-47],[42,-43],[10,-37],[50,-28],[76,21],[68,-18],[18,-55],[-8,-67],[68,-109],[63,-35],[11,-74],[-30,-8],[-3,-61],[-57,-74],[-72,-47],[-55,-5],[-35,-38],[-72,-9],[-75,-45],[-129,-253],[7,-20]],[[23777,28544],[-4,-102],[38,-46],[52,-7],[19,-43],[55,-11],[64,-35],[26,-42],[-34,-30],[-37,-137],[27,-22]],[[23983,28069],[-67,-32],[-36,-39],[-90,-57],[-13,-42],[-121,-104]],[[21771,30780],[-25,117],[7,58],[52,53],[67,28],[63,10],[114,62],[87,-6],[45,15],[52,76],[73,59],[19,47],[36,7],[41,47],[23,60],[46,19]],[[22471,31432],[55,30],[36,56],[87,17],[52,-24],[58,17]],[[22759,31528],[-1,-68],[-37,-25],[-32,-60],[50,-25],[16,-51]],[[22755,31299],[-70,-75]],[[21414,27320],[54,-34],[75,-22],[33,-26],[53,-74],[18,16],[82,-83],[79,-2],[59,-21],[-13,-142],[30,-10],[62,28],[36,-58]],[[21982,26892],[-32,-49],[-12,-90],[-21,-50],[-34,17],[-11,-68],[-62,-38]],[[23282,28721],[-21,-6],[-12,-101],[-24,-24]],[[23225,28590],[-24,-9],[-19,-66],[-76,-59],[-65,17],[-41,-16],[-30,96],[-53,31]],[[22810,28689],[-18,19],[31,134],[49,6],[40,-59],[44,14],[15,73],[41,37],[14,50]],[[23026,28963],[18,25],[59,9],[44,-38],[72,144],[-3,34],[59,171],[-20,58],[9,42],[59,15],[31,27],[218,-38],[36,21]],[[22859,26691],[-48,-4],[-46,-94],[-35,-1],[-74,38],[-37,-22],[-30,34],[-10,47],[-72,34],[-54,-5],[-21,-97],[-27,8],[-47,-46],[-46,-82],[-31,-24],[-70,37],[-68,-7],[-40,-106]],[[21982,26892],[42,53],[35,14],[13,42],[38,5],[31,-48],[103,129],[13,54],[-8,68],[54,63],[51,31],[-1,30],[168,61],[38,48]],[[23983,28069],[55,23],[123,83],[26,-88]],[[24187,28087],[54,-20],[30,-33],[74,-7],[59,-51],[-6,-43],[70,-116],[-16,-112],[14,-36],[37,-4]],[[22925,26104],[2,74],[82,96],[78,30],[24,37],[-3,40],[40,79]],[[23225,28590],[45,-53],[32,29],[42,-48],[47,-7],[-16,-70],[51,-65],[53,25],[72,-7]],[[23495,28051],[-66,18],[-41,-22],[-35,27],[-102,19],[-39,38],[-87,28],[-35,72],[-57,78],[-38,26],[-41,60],[-17,55],[-50,95]],[[22755,31299],[56,-26],[44,35],[87,37],[29,34],[-14,38],[7,119],[-36,29],[0,44]],[[22928,31609],[50,22],[46,60]],[[23024,31691],[60,14],[-6,-41],[72,-40],[98,20],[1,-47]],[[22908,32100],[8,-59],[-34,-56],[-3,-68],[20,-35],[69,-22],[32,-142],[24,-27]],[[22928,31609],[-83,-16],[-86,-65]],[[22471,31432],[0,69],[-54,106],[-49,27],[34,39]],[[23303,31612],[58,96],[106,42],[64,70],[76,64],[-29,16],[-47,72],[-23,70],[12,58],[-48,10],[-50,44],[-40,-4]],[[24187,28087],[43,81],[51,30],[90,98],[41,99],[-6,96],[-22,81],[37,76]],[[22883,30481],[-29,40],[-2,39],[69,7],[10,38],[55,6],[41,81],[-9,73],[-60,10],[-47,62],[-10,50],[50,53],[14,43],[33,24]],[[22670,30285],[-60,47],[-65,-9],[-24,80],[16,82],[-15,66],[29,43],[7,73],[-43,47],[47,34],[-25,27]],[[23026,28963],[-65,-32],[-31,41],[-2,94],[-33,17],[-89,-2],[-61,26],[-60,5],[-12,105],[31,3],[60,45]],[[20960,34821],[-58,47]],[[20902,34868],[6,30],[-56,140]],[[20852,35038],[74,87]],[[20926,35125],[62,-42],[98,-16],[21,78],[33,5],[121,-18]],[[21261,35132],[1,-49],[36,-23],[-5,-38]],[[20852,35038],[-69,-32]],[[20783,35006],[-1,25],[-67,15],[-8,21]],[[20707,35067],[89,82],[69,14],[61,-38]],[[18672,35177],[-93,-79],[-15,-72],[-20,-30],[-71,-35],[-18,-33],[-75,-30],[-70,-93],[-88,-63],[-18,-35],[-66,-27],[-59,-70],[-74,0],[-43,-75],[-43,-29],[-43,7],[-62,-23],[-80,22],[16,-49],[-59,-73],[-58,-45],[-60,-67],[-69,-24],[6,-74],[-62,-8],[-83,-30],[-27,-37],[-50,3],[-60,-21],[-33,-31],[-99,38],[9,-47],[-61,-118],[-37,25],[-48,-9],[-71,-59],[-78,22],[-45,-23],[-76,-6],[-36,-26],[-77,43],[10,49],[-71,20],[-38,73],[-61,29],[-54,55],[-6,132],[9,53],[-15,42],[39,75],[44,-6],[5,55],[-80,27],[-13,50],[-37,33],[-69,22],[-57,-4],[-12,94],[34,21],[23,56],[0,87],[49,33],[36,72],[29,26],[124,-59],[10,-23],[67,-20],[63,47],[61,11],[65,-50],[50,-15],[98,26],[31,32],[34,-6],[18,45],[50,43],[65,11],[-3,32]],[[17074,35064],[98,-32],[34,40],[74,0],[38,-17],[59,51],[84,31],[17,-19],[88,-1],[62,-27],[114,5],[101,-36],[25,-30],[46,54],[80,-27]],[[17994,35056],[94,-7],[42,65],[59,21],[188,14],[21,22],[105,-7],[35,-24],[84,54],[50,-17]],[[41863,34850],[80,61],[67,0],[80,49],[55,15],[53,-42],[49,-113],[25,-32],[99,-24],[139,-7],[68,75],[19,53],[116,99],[85,8],[48,87],[51,52],[74,11],[44,54],[145,39],[51,-15],[46,-76],[46,-10],[105,15],[133,-64],[57,0],[116,-33],[42,3],[51,32],[70,8],[75,-24]],[[43952,35071],[-10,-2541]],[[43942,32530],[-32,-30],[-75,-3],[17,-35],[-14,-51],[-43,29],[-61,14],[-88,-160],[-57,9],[0,-47],[-30,-12],[-60,58],[-16,-61],[-54,-34],[-47,27],[-30,-15],[-30,-67],[-39,-2],[-38,68],[-79,-46],[-49,36],[-95,-71],[42,-25],[28,19],[58,-49],[-55,-39],[-32,26],[-70,-40],[6,-75],[-115,20],[52,-64],[-32,-40],[-59,0],[-43,-25],[-5,-49],[36,-9],[-13,-58],[-49,-27],[-36,16],[-3,37],[-57,25],[-3,-54],[-46,-3],[-72,45],[-24,-22],[-140,-6],[-67,-56],[-68,-9],[-28,51],[-41,-33],[-43,49],[-78,-4],[-37,-37],[-55,-2],[-12,59],[-85,-19],[-9,-37],[54,-128],[-23,-9],[-11,-81],[33,-9],[-10,-68],[-32,-54],[-8,-106],[-54,-34],[-73,16],[-7,-82],[-55,-3],[-23,-34],[6,-62],[-88,13],[-44,-31],[4,-71],[-32,-6],[-26,-48],[-51,-7],[-31,-67],[-73,43],[-38,-47],[-94,-7],[-19,51],[-72,49],[8,-73],[-52,-16],[12,-59],[-33,-42],[-53,53],[-46,-10],[-57,-35],[-53,28],[1,-53],[-45,-6],[-48,51],[-68,-7],[-31,-19],[-59,27],[1,56],[-28,88],[-53,92],[-35,-49],[-43,67],[-33,-74],[-29,19],[3,50],[-69,-10],[-6,70],[-43,-51],[-53,-11],[-58,-74],[-70,5],[-33,18],[-48,-85],[-86,34],[-35,-46],[-44,19],[-109,10],[-77,-40],[2,-74],[-73,-24],[-23,29],[-107,-6],[-15,-30],[-105,-1],[-62,-16]],[[39245,30725],[-1546,1653]],[[37699,32378],[8,20],[98,69],[56,74]],[[20426,33019],[-49,-40],[-68,-13],[-23,-37],[-49,9],[-72,-87],[-34,-7],[-53,-79],[-67,16],[-54,-11]],[[19957,32770],[-53,-23],[-76,-8]],[[17777,30431],[-65,-15],[-80,-138],[-8,-32],[-80,-92],[-22,-78],[23,-48],[-60,-4],[-47,-39],[-72,-22],[-53,36],[-9,30],[-87,87],[-36,17],[-26,43],[-115,18],[-81,46],[-40,-20],[-57,62],[-75,31],[-68,-13],[-48,33],[-31,-52]],[[16640,30281],[-1,47],[34,40],[53,-34],[44,14],[15,93],[72,105],[-25,56],[56,45],[45,66],[60,-11],[45,27],[18,44],[102,81],[16,37],[-24,40],[14,52],[-37,45],[-24,59]],[[17103,31087],[138,11],[63,32],[42,-53],[63,24],[17,37],[73,-22],[60,-3],[53,31],[76,-16],[47,-39],[83,-17],[48,24],[40,80],[95,31]],[[18001,31207],[48,-26],[15,-62],[-33,-43],[30,-51],[21,-72],[-35,-37],[-135,-31],[-1,-75],[-17,-81],[-88,-61],[0,-63],[-20,-51],[-9,-123]],[[16640,30281],[15,-87],[49,-40],[16,-51],[-12,-44],[37,-70],[-6,-42],[36,-39],[34,3],[28,-48],[68,-22],[36,-45],[51,-5],[77,-31],[18,-62],[39,-51],[59,-48],[10,-55],[46,-27],[-2,-27],[49,-86]],[[17288,29404],[-64,8],[-31,36],[-53,121],[-149,68],[-20,-19],[-66,11],[-16,49],[-42,53],[-59,36],[-86,7],[-60,46],[-18,-27],[-43,23],[-108,3],[-22,-38],[-75,3],[-60,91],[-51,29],[-8,79],[-28,104],[63,47],[100,-46],[68,43],[77,-20],[32,51],[-25,87],[35,54],[-40,27],[17,87],[-45,64],[24,64],[9,158],[-38,45],[36,72],[41,52],[-8,51],[84,32],[68,83],[78,6],[55,44],[75,-10],[50,30],[8,40],[-42,34],[-57,-15],[12,49],[51,52],[1,67],[-29,25],[60,96],[54,54],[52,29],[95,7]],[[17190,31546],[16,-60]],[[17206,31486],[-17,-80],[-55,-88],[3,-58],[-96,-100],[31,-62],[31,-11]],[[18446,30275],[-82,5],[-36,21],[-36,-24],[-81,-9],[-50,17],[-42,-17],[-45,17],[-107,-1],[-32,-12],[-37,42],[-27,1],[-94,116]],[[18001,31207],[70,101],[-25,131],[52,30],[63,-18],[72,43],[96,-2],[73,63],[118,-11]],[[18520,31544],[80,-6],[70,31],[47,80],[73,-1],[25,52],[126,0],[24,42],[93,-6]],[[17206,31486],[40,-21],[44,12],[85,-29],[116,-9],[10,23],[166,57],[42,93],[38,28],[79,-5],[17,-35],[73,-25],[27,62],[51,9],[14,-45],[40,-24],[0,-43],[34,-12],[77,23],[49,-25],[76,30],[23,43],[-3,42],[73,32],[-16,62],[-77,55]],[[18284,31784],[46,8],[39,39],[54,-19],[28,-50],[29,-13],[47,-137],[-7,-68]],[[31184,32376],[41,-49],[48,-28],[-1,-26],[64,-71],[3,-36],[47,-15],[15,-102],[25,-11],[53,-78],[64,14],[91,-65],[48,13],[76,-32],[-9,-64],[29,-66],[26,13],[14,-118],[44,-29],[23,-80],[-34,-43],[45,-120],[68,-38]],[[31342,40043],[-3,77],[38,54],[29,161],[45,70],[-3,33],[-58,37],[72,24],[13,26],[10,186],[-29,38]],[[31456,40749],[31,64],[48,0],[13,83]],[[31548,40896],[11,-68],[42,-72],[-23,-68],[15,-42],[-35,-76],[-33,-22],[-11,-118],[-11,-15],[12,-175],[-15,-30],[0,-131]],[[16646,32024],[-33,-40],[-6,-64],[16,-31],[-23,-43],[23,-66],[43,-37],[-5,-30],[91,-32],[66,1],[-16,-136],[-40,-21],[-25,-56],[14,-84],[-60,-59],[6,-57],[-92,-42],[21,-65],[-89,-84],[7,-46],[-23,-44],[-7,-57],[-37,3],[-34,49],[-69,16],[-79,-100],[-109,-57]],[[16186,30842],[-63,40],[-65,5],[-41,50],[-50,-20],[-94,46],[-53,-32],[-14,-90],[-28,-28],[-70,48],[-51,2],[8,93],[72,35],[18,31],[77,37],[-70,87],[-85,24],[-47,62],[-39,-1],[-59,-99],[-118,3],[-44,-39],[-52,-80],[-48,-6],[-19,33],[-44,4],[-49,-32],[-16,50],[37,49],[93,-13],[27,40],[-16,64],[38,23],[-5,63],[-47,127],[76,35],[70,-12],[64,28],[30,95],[3,88],[53,6],[4,87],[115,64],[51,45],[67,-100],[70,-11],[-2,54],[26,32],[80,10],[-5,51],[52,33],[46,-3],[20,37],[-13,69],[47,44],[39,-6],[46,58],[106,-13],[24,-23]],[[16338,32086],[47,-10],[58,60],[-4,29],[47,84],[18,76],[75,99]],[[16579,32424],[52,-46],[37,-68],[35,-26],[-4,-70],[-27,-16],[-11,-116],[-15,-58]],[[17474,32039],[37,-49],[3,-43],[-31,-31],[34,-55],[-84,-46],[-62,27]],[[17371,31842],[-40,-46],[-111,-54],[-46,36],[22,59],[-69,25],[-30,58],[15,25]],[[17112,31945],[99,-20],[62,98],[-74,83],[-76,56],[-41,85],[198,-6],[-7,49],[-77,117],[-19,59]],[[17177,32466],[26,16],[94,-35],[8,-30],[62,-45],[19,-41],[34,-8],[18,-138],[43,-121],[-7,-25]],[[18284,31784],[-44,39],[-51,8],[-39,94],[4,90],[-44,-9],[-100,10],[-133,-69],[-34,-108],[-39,39],[-54,3],[-63,-30]],[[17687,31851],[-3,74],[-79,-69],[-23,4],[-53,-54],[-76,-40],[-82,76]],[[17474,32039],[83,-20],[146,68],[108,107],[3,33],[96,56],[98,21],[43,-24],[53,4],[28,44]],[[18132,32328],[28,-32],[38,4],[18,38],[51,26],[45,-1],[26,-85],[78,-34],[66,31],[32,46],[102,26],[85,-8],[36,42],[56,94],[65,40]],[[17177,32466],[-110,49],[-12,24]],[[17055,32539],[134,41]],[[17189,32580],[146,-14],[46,-61],[50,-30],[90,48],[19,79],[31,35]],[[17571,32637],[35,-8],[37,45],[98,2],[116,39],[56,-23],[29,34],[14,65],[64,-29],[33,-53],[109,-38],[8,-53],[42,13],[65,-38],[38,6],[52,-37]],[[18367,32562],[-59,-6],[-44,-46],[-109,24],[-30,45],[-62,-65],[-5,-54],[41,-21],[6,-83],[27,-28]],[[16579,32424],[11,45],[-51,90],[-75,44],[56,146],[10,102]],[[16530,32851],[63,-56],[16,-53],[44,-32],[34,9],[49,-38],[18,-74],[35,-31],[87,3],[106,-65],[73,25]],[[17112,31945],[-160,12],[40,85],[0,30],[-116,-12],[-36,-23],[-88,-28],[-106,15]],[[43942,32530],[29,-49],[40,5],[46,36],[30,-46],[42,23],[40,-57],[65,90],[67,54],[-2,39],[60,26],[25,38],[68,13],[30,-41],[64,-26],[22,15],[-13,94],[16,84],[54,-9],[126,38],[15,28],[46,-2],[14,50],[44,-58],[21,-58],[62,10],[25,32],[-48,52],[21,58],[73,21],[30,-16],[42,41],[29,-14],[-11,-60],[27,-53],[37,-1],[82,48],[23,-52],[32,-1],[23,47],[65,24],[16,-16],[11,-81],[101,-8],[73,-35],[-11,-43],[17,-71],[57,8],[21,-26],[6,-75],[94,-61],[28,36],[-23,112],[31,13],[44,-36],[21,-75],[79,-6],[47,-65],[29,-73],[36,-24],[41,9],[-19,67],[-60,28],[-15,44],[79,11],[87,-9],[48,-25],[19,-62],[75,-6],[20,33],[-51,60],[43,15],[45,-14],[23,-34],[1,-155],[92,-57],[30,77],[62,-38],[47,-54],[84,35],[54,-41],[24,-98],[63,-76],[34,18],[45,116],[56,-2],[11,69],[83,33],[120,22],[0,-83],[36,-25],[47,10],[47,-23]],[[47351,32272],[-80,-73],[-40,-57],[-7,-78],[16,-38],[52,-26],[27,-50],[-25,-77],[16,-110],[-40,-46],[-54,-125],[11,-49],[39,-44],[58,-99],[0,-60],[55,-40],[-53,-107],[4,-74],[-10,-79],[-24,-70],[-29,-43],[12,-126],[-1,-82],[31,-79],[11,-62],[3,-113],[-14,-64],[9,-181],[20,-89],[-16,-50],[-55,-101],[-21,-58],[4,-101],[-8,-72],[21,-83],[-2,-50],[-49,-52],[-8,-48],[60,-65],[75,-30],[63,-57],[25,-42],[-21,-102],[37,-40],[47,-20],[-28,-90],[9,-44],[51,-60],[0,-69],[-92,-4],[-45,-43],[-5,-40],[49,-130],[-24,-135],[42,-79],[32,-30],[3,-73],[24,-69],[90,-77],[22,-38],[43,-141],[15,-79],[37,-60]],[[47713,27899],[-62,-39],[-109,-44],[-188,-121],[-213,-220],[-52,-19],[-97,-9],[-8,83],[-30,71],[-47,30],[-55,-10],[-70,20],[-67,42],[-47,-24],[-44,14],[-3,80],[-49,33],[-26,-47],[-17,-68],[-60,-131],[-32,33],[36,69],[-21,40],[-67,-20],[-20,-77],[-56,-42],[-52,55],[43,49],[12,40],[-37,64],[-41,-2],[-83,-43],[-68,-1],[-44,33],[-25,-22],[26,-43],[-3,-54],[-42,-9],[-81,54],[-154,15],[-109,-6],[-64,49],[-55,-13],[6,-63],[-25,-75],[42,-40],[-15,-40],[-62,-10],[-58,-29],[-88,46],[-43,2],[-55,-39],[24,-64],[92,-49],[42,-71],[-49,-44],[-43,32],[-30,61],[-71,32],[-12,-54],[29,-32],[5,-45],[-42,-26],[-61,48],[-48,-12],[-96,-78],[-7,-51],[37,-42],[-2,-49],[-71,3],[-82,95],[-42,26],[-40,-28],[16,-51],[-39,-25],[-25,-42],[-48,25],[-76,-36],[-35,1],[-33,32],[-37,73],[-57,24],[-28,-20],[21,-58],[59,-19],[40,-39],[-36,-30],[-26,32],[-62,12],[-91,-28],[-83,18],[-47,33],[-48,-9],[-31,-53],[2,-59],[-42,-60],[-103,-32],[-75,77],[-59,-7],[-7,-67],[51,-69],[31,-61],[-29,-38]],[[43870,26637],[-47,99],[-44,22],[-75,-21],[-45,-46],[-57,-14],[-32,15],[-13,52],[15,98],[-17,28],[-47,3],[-11,-38],[31,-54],[5,-69],[-19,-35],[-46,-9],[-67,44],[-69,-3],[-52,-30],[-90,-90],[-24,-38],[-63,-18],[-27,46],[-40,0],[-16,-49],[-61,13],[-33,112],[-54,-18],[-73,-94],[-57,-30],[-59,1],[-2,28],[63,57],[2,43],[-34,16],[-43,-31],[-42,30],[12,76],[-47,-1],[-44,-81],[-52,25],[3,62],[-22,48],[-48,28],[-88,-1],[10,-53],[45,-36],[10,-51],[-46,-97],[-36,-26],[-46,25],[6,46],[42,81],[0,65],[-27,22],[-46,-11],[-26,-55],[-29,-9],[-96,-62],[-31,-32],[-38,13],[-22,52],[-38,-15],[-42,-68],[-53,18],[-29,76],[-44,63],[-62,7],[-53,-45],[-31,-71],[4,-65],[-45,-2],[6,63],[-44,20],[-92,-16],[-140,31],[29,-48],[-35,-50],[-3,-55],[19,-82],[-46,-138],[-42,54],[-61,9],[-16,-72],[-61,2],[-35,40],[-69,-8],[-23,-71],[-37,-51],[-34,-14],[-5,74],[-26,50],[-66,50],[-53,-20],[8,-32],[87,-37],[11,-54],[-69,-21],[-69,57],[-68,18],[-53,-53],[6,-99],[-60,-45],[-33,31],[5,103],[-23,30],[-46,4],[-40,-42],[4,-42],[40,-77],[57,-65],[-20,-43],[-85,37],[-38,51],[-48,111],[-58,12],[-26,-63],[73,-74],[48,-79],[-34,-45],[-9,-96],[-41,-24],[-55,-7],[-43,77],[-105,41],[-56,-25],[4,-48],[66,-59],[9,-57],[-15,-28],[-88,-21],[-110,-54],[-52,43],[-1,87],[-51,23],[-73,-70]],[[39733,25716],[-65,-31],[-120,-12],[-16,44],[-46,11],[-7,-83],[-31,-50],[-111,-27],[-5,-29],[62,-68],[37,-13],[115,-92],[-36,-45],[-57,46],[-74,-41],[15,-91],[74,-35],[14,-139],[-30,-34],[-54,16],[-4,80],[-43,51],[-42,-20],[1,-44],[70,-78],[-24,-44],[-47,-28],[-91,18],[-37,-34],[-73,47],[-41,-33],[-35,-97],[-72,-43],[-24,-38],[32,-67],[-13,-25],[-120,-14],[15,-61],[95,5],[44,-18],[48,-57],[10,-36],[-55,-26],[-89,16],[-13,-32],[47,-62],[27,-92],[3,-152],[-66,-15],[-87,-59],[-71,13],[-37,-22],[25,-125],[-25,-67],[-61,-15],[-87,-53],[-122,-38],[-109,-18],[-107,-29],[-8,-68]],[[38212,23663],[-35,4],[-65,55],[-79,39],[-39,42],[-62,35],[-47,-13],[-32,-126],[-33,-21],[-55,58],[3,64],[-13,67],[-84,30],[-1,-59],[69,-62],[-7,-75],[-53,-62],[-65,-2],[-41,-77],[-48,-60],[-45,4],[-14,30],[12,105],[-47,42],[-38,-45],[-69,-43],[-56,2],[-72,-26],[10,122],[-38,50],[-49,6],[-77,-40],[-50,-75],[-54,14],[40,94],[29,25],[-9,55],[-59,42],[-26,-53],[39,-68],[-2,-55],[-64,3],[-32,54],[-37,128],[-94,23],[-10,-57],[53,-58],[-12,-84],[-23,-33],[-39,-7],[-48,50],[48,59],[-9,71],[-42,9],[-41,-36],[-46,-7],[-58,80],[-39,14],[-35,-36],[-105,22],[-25,70],[-41,29]],[[36251,23980],[0,1595]],[[36251,25575],[0,4621]],[[36251,30196],[31,3],[73,51],[59,-6],[61,27],[45,-1],[51,-52],[55,25],[-18,125],[56,33],[71,0],[50,59],[129,47],[55,-23],[92,3],[72,-26],[30,-54],[47,-15],[47,38],[2,29],[93,31],[135,-14],[55,19],[24,-29],[20,-108],[80,-28],[66,17],[103,-18],[83,-59],[140,-51],[55,9],[41,-18],[30,-43],[95,11],[68,-21],[76,32],[-20,70],[47,-13],[48,88],[45,-26],[78,0],[94,-41],[61,74],[35,60],[66,-1],[32,19],[50,62],[71,34],[97,26],[9,50],[36,11],[42,63],[-9,47],[40,13]],[[20076,32335],[-85,55],[-4,26],[30,92],[-25,87],[-23,23],[1,73],[-13,79]],[[16186,30842],[23,-46],[-41,-109],[-41,-2],[-7,-36],[27,-39],[51,-27],[74,-2],[46,-46],[2,-27],[-39,-49],[43,-98],[-82,-51],[-32,31],[-48,-19],[-37,-78],[-95,-15],[5,-37],[-74,-62],[-30,1],[-27,-45],[17,-39],[-51,-122],[-29,16],[-39,-34],[-34,-92],[-90,-37],[-24,-121],[-58,-69],[5,-41],[-38,-33],[40,-67],[100,3],[67,-38],[59,33],[19,29],[53,17],[48,-13],[28,-35],[-56,-42],[-20,-62]],[[15901,29339],[-85,43],[-57,0],[-19,-35],[11,-98],[-28,-9],[-34,41],[-42,-34],[-97,-14],[-10,29],[-72,-15],[-41,21],[-23,50],[-75,85],[-46,9],[2,49],[-32,18],[-4,57],[-67,20],[-3,55],[-61,53],[-26,-22],[-45,37],[-48,-12]],[[14999,29667],[3,319],[13,83],[-16,48],[-8,123],[20,30],[61,-28],[15,23],[-45,93],[-74,10],[-41,20],[59,49],[-62,35],[-44,207],[27,35],[-34,41],[5,74],[-46,149],[0,75],[-21,315],[4,46],[-21,193],[-38,80],[18,120],[-2,201],[16,81],[-17,103],[-36,20],[20,83],[-21,33],[-33,155],[64,-10],[-8,59],[24,81],[-48,-3],[-13,38],[-75,-47],[0,95],[-82,69],[-65,4],[-74,-48],[-53,25],[-98,-9],[-1,26],[55,57]],[[14327,32820],[85,-42],[31,54],[66,8],[58,30],[12,41],[96,15],[140,65],[10,-37],[197,38],[-9,-42],[37,-53],[58,-42],[22,-46],[-11,-54],[66,38],[8,33]],[[15193,32826],[65,-92],[-6,-41],[-62,-27],[0,-36],[34,-67],[55,-18],[9,-39],[68,-12],[36,-62],[62,-32],[41,13],[34,40],[25,-32],[47,-8],[96,52],[75,-14],[45,-50],[49,15],[7,-62],[36,-22],[52,16],[44,-89],[-22,-35],[78,-59],[43,-65],[19,43],[91,8],[11,49],[90,-50],[23,-64]],[[19209,32623],[35,85],[-9,44],[16,50],[-13,84],[-20,33],[40,44],[68,17],[56,49],[57,-13],[39,15]],[[14327,32820],[5,27],[50,53],[-8,31],[26,125],[-6,33],[49,78],[18,-29],[50,-15],[92,37],[46,56],[84,27],[60,-30],[27,-35],[51,-12],[85,41],[90,150],[40,15],[71,104],[55,52],[28,106],[-11,110],[56,1],[-19,53],[-36,4],[-26,67],[-34,37],[-11,60],[-57,38],[-24,53],[-4,58],[-28,70],[18,31],[-77,170],[-15,67]],[[14972,34453],[58,18],[38,-13],[55,50]],[[15123,34508],[14,-33],[-26,-110],[90,-54],[64,-26],[7,-64],[36,-56],[-42,-49],[77,-9],[17,-27],[50,9],[85,-15],[51,-37],[53,0],[39,-60],[-13,-43],[-35,-1],[-89,-74],[-29,-49],[15,-91],[29,-8],[-1,-104],[-113,-5],[-26,-16],[-36,-106],[24,-22],[-1,-57],[97,-123],[-14,-38],[19,-48],[-60,-64],[-14,-41],[33,-78],[-44,-117],[-71,-10],[-34,-35],[-85,11],[3,-32]],[[19213,33439],[-77,-24],[-10,-51],[-93,-38]],[[19033,33326],[-121,58],[-39,31],[-42,-42],[-45,14],[-105,-4],[-43,98],[-56,3],[-75,32],[-44,-4],[-21,-27],[-43,7],[-65,-26],[-46,28],[-39,-6],[-22,68]],[[18227,33556],[-8,93],[45,50],[-29,53],[51,68],[15,50],[56,39],[48,6],[42,58],[29,6],[73,67],[115,-12],[-2,53],[49,82],[77,5],[82,22],[16,47],[34,29],[-17,45],[14,74],[29,34],[-5,52],[23,25]],[[18964,34502],[54,-22],[42,7],[34,69],[60,-8],[25,-48]],[[15123,34508],[22,60],[24,16]],[[15169,34584],[29,-15],[200,-13],[28,55],[35,32],[56,-4],[114,-26]],[[15631,34613],[50,-14],[24,-74],[53,-58],[6,-61],[38,-34],[65,-9],[43,-54],[71,-26],[23,-102],[-6,-59],[23,-85],[27,-35],[-2,-60],[18,-112],[3,-85],[25,-30],[-10,-36],[42,-94],[100,-33],[41,-72],[16,-112]],[[16281,33368],[-16,-14],[-21,-137],[8,-66],[-26,-70],[-12,-185],[1,-126],[48,-16],[-1,-40],[28,-63],[40,51],[16,73],[37,48],[15,111],[33,58],[34,17],[49,-38],[17,-49],[-1,-71]],[[21396,34689],[95,30],[103,-37]],[[20622,34889],[51,-35],[68,9],[28,-18],[80,36]],[[20849,34881],[53,-13]],[[43952,35071],[71,-86],[158,32],[61,-17],[74,1],[37,-16],[30,-52],[145,-10],[55,28],[42,45],[64,43],[68,12],[86,-58],[61,6],[37,26],[30,55],[37,16],[135,11],[50,14],[73,-19],[49,11],[63,-10],[70,12],[64,-23],[90,-51],[109,7],[93,61],[39,43],[58,2],[90,33],[92,10],[63,37],[90,25],[46,-11],[104,22],[114,-40],[48,-53],[78,-28],[87,41],[80,-1],[79,59],[108,54],[69,86],[143,94],[52,58],[121,41],[44,-12],[92,-87],[46,-12],[128,31],[66,-23],[198,-14],[54,6],[48,-20],[51,-60],[34,-17],[108,16],[67,-24],[79,-89],[143,-87],[46,-62],[-102,-89],[-25,-71],[0,-49],[57,-91],[16,-64],[40,-61],[111,-84],[0,-42],[48,-45],[12,-53],[-26,-46],[-79,-33],[-74,-49],[-54,-76],[-78,-51],[-64,-27],[-71,-61],[-76,-121],[-82,-64],[-33,-42],[-12,-64],[-28,-47],[-6,-63],[-30,-95],[-39,-53],[-12,-150],[-12,-44],[2,-93],[23,-50],[12,-92],[24,-55],[0,-76],[72,-75],[-20,-62],[-48,-44],[-22,-126],[-189,-159],[-67,-17],[-56,-41],[-32,-46],[-95,-40],[-74,-57],[-75,-29],[-54,-58]],[[18672,35177],[28,13],[46,-67],[50,-13],[-13,-59],[33,-12],[-7,-54],[12,-86],[21,-56],[-3,-85],[17,-69],[58,-54],[7,-88],[43,-45]],[[18227,33556],[-40,55],[-54,-39],[10,-32],[-120,-44],[-8,-57],[-38,-11],[-28,30],[-56,-22]],[[17893,33436],[-68,-18],[-50,39],[-51,-3],[-85,-107],[-129,-39],[-38,36],[-34,-56],[-50,2],[-9,-49],[-89,-4],[-40,60],[-51,18]],[[17199,33315],[52,112],[-48,10],[-55,-19],[1,-36],[-82,46],[-214,-8],[-54,12],[-78,-29],[-12,-52],[-65,-9],[-28,44],[-48,23],[-98,8],[-68,-53],[-57,-18],[-64,22]],[[15631,34613],[50,64],[-14,62],[12,64],[73,29],[13,86],[69,11],[33,26],[48,72],[-11,24],[28,50],[2,78],[-17,45],[-72,3],[5,40],[41,76],[50,61],[29,60],[35,21],[88,-47],[49,-67],[49,-8],[25,-32],[42,-9],[21,-43],[68,15],[101,-12],[94,97],[56,29],[67,56],[12,39],[-12,65],[66,80],[88,-6]],[[16819,35642],[32,-24],[-29,-55],[17,-69],[27,-43],[66,-1],[30,-31],[-36,-50],[6,-27],[90,-56],[46,-70],[-14,-50],[20,-102]],[[20698,36180],[17,-27]],[[20658,35853],[-23,-107]],[[20635,35746],[-58,-12],[-96,6],[-11,-36]],[[20470,35704],[-70,113],[-46,14],[-13,35],[-83,36]],[[21536,35719],[-26,100],[-85,79],[-41,58]],[[22014,36201],[51,-5],[106,-66],[-53,-38],[-31,-95]],[[22198,36355],[6,5]],[[17994,35056],[-18,23],[3,65],[-61,54],[-49,16],[-58,-7],[-7,-42],[-35,-16],[-41,79],[13,76],[-17,156],[-20,57],[16,38],[13,129],[-11,96],[-43,49],[-18,47],[28,23],[-48,60],[18,129],[-8,60],[-45,38],[-28,67],[-50,38],[42,25],[21,81]],[[37467,35232],[-43,23],[-42,-10],[-35,24],[-43,-12],[-6,44],[-54,31],[-120,5],[-34,-43],[-58,-9],[-45,10],[-7,-50],[-48,23],[-41,-7],[-89,19],[-67,-31],[-59,31],[-66,2],[-45,-23],[-89,86],[-75,10],[-21,-12],[-81,7],[-25,30],[-88,44],[-29,-33],[-87,-26],[-49,17],[-44,-8],[-12,33],[-73,31],[-23,-12],[-57,29],[-36,37],[-28,-8]],[[35364,36407],[93,18],[16,48],[57,-32],[137,-10],[40,-56],[36,6],[65,-45],[19,11],[58,-35],[34,50],[74,-6],[52,-23],[117,34],[129,-28],[14,-15],[83,-6],[29,43],[74,-36],[69,11],[31,37],[83,5],[37,-35],[70,-14],[44,22],[71,-78],[67,-3],[-58,317]],[[36905,36587],[148,-86],[85,-22],[0,-50],[62,-6],[48,16],[108,-23],[36,40],[65,-2],[111,-87],[15,-78],[51,9],[39,-44],[15,-132]],[[20122,35870],[-39,-43]],[[20076,36783],[-13,-43],[13,-62],[35,-28]],[[20462,36685],[23,63],[-9,69],[5,95],[-20,42],[9,41],[-26,84],[-6,98]],[[20777,37137],[79,-75],[18,-55],[-21,-18],[10,-67],[-25,-37],[31,-80],[49,-43]],[[14972,34453],[-5,38],[-47,49],[-14,-58],[-54,85],[-14,70],[-68,78],[-136,123],[1,15],[-80,120],[-37,37],[-28,97],[-25,29],[50,191],[5,84],[111,-12],[40,-85],[44,-60],[33,4],[-4,74],[67,91],[-15,29],[25,97],[4,74],[24,62],[-31,44],[-43,-14],[-45,99],[60,-20],[59,-1],[48,39],[-62,107],[35,1],[4,82],[31,4],[-6,112],[55,54],[13,74],[34,74],[-20,49],[-39,45],[-110,40],[13,42],[-93,70],[-19,66],[30,52],[-36,29],[21,43],[-21,28],[-146,64],[-34,1],[-84,-29]],[[14463,36840],[70,69],[4,38],[62,52],[53,91],[35,7],[48,49],[66,18],[42,47]],[[14843,37211],[32,2]],[[14875,37213],[72,-74],[96,-66]],[[15043,37073],[-35,-35],[-83,28],[-40,-81],[-41,-39],[-71,-16],[-1,-64],[61,-11],[-11,-40],[19,-91],[-39,-37],[-3,-55],[26,-32],[60,-9],[28,-25],[5,-47],[66,-20],[36,-72],[33,-97],[-64,-165],[16,-56],[39,-29],[-16,-67],[20,-53],[-50,1],[-37,-41],[62,-55],[0,-43],[68,-82],[11,-75],[-62,-21],[-8,-54],[29,-59],[-75,-73],[50,-44],[6,-36],[104,13],[92,-25],[53,-65],[-26,-111],[53,-47],[4,-77],[50,-41],[-20,-78],[-89,-28],[-61,-99],[-81,-58],[-6,-80],[70,-24],[-16,-74]],[[16819,35642],[11,34],[44,20],[18,72],[-2,60],[-75,39],[13,52],[58,-13],[31,39],[-39,23],[-35,-21],[-40,16],[7,46],[86,90],[-31,37],[-95,58],[-33,-58],[-29,62],[14,61],[-66,-20],[-26,48],[-17,91],[-43,36],[-74,-36],[-46,83],[41,75],[66,0],[29,18],[-10,43],[-40,15],[-103,-16],[-27,33],[9,35],[49,60],[-48,23],[-53,-79],[-43,26],[-9,72],[-66,0],[-11,42],[39,12],[60,64],[-39,46],[-42,1],[-33,62],[17,66],[-11,59],[26,41],[-52,28],[9,40],[42,14],[91,-8],[32,86],[28,23]],[[16401,37342],[47,-60]],[[16448,37282],[-40,-45],[-7,-129],[37,-21],[18,-47],[34,1],[57,-83],[15,-119],[-14,-53],[69,-74],[113,-5],[91,-17],[60,-31],[77,-14],[53,9],[65,34],[27,35],[59,-10],[22,-44],[75,9],[138,-28],[64,7],[98,-34]],[[22238,36425],[0,54],[-43,56],[-63,32],[-59,80],[-48,0],[-73,30],[-40,40],[21,54]],[[22128,37163],[18,-1],[79,125],[68,55]],[[22293,37342],[28,-72],[97,-77],[46,-58],[72,-10]],[[15043,37073],[89,14],[77,55],[50,-21],[103,-2],[64,-18],[18,61],[-9,112],[31,27],[173,-55],[17,-72],[70,-75],[61,69],[36,72],[97,27],[68,-23],[52,41],[53,11],[43,-14],[47,50],[51,14],[58,-7],[123,61],[-14,-58]],[[22332,37540],[-34,-83],[8,-58],[-13,-57]],[[16448,37282],[75,78],[38,-25],[103,-31],[58,36],[-42,27],[114,25],[41,50],[-27,64],[-21,179],[-34,40],[-45,13],[-38,118],[33,21],[402,65],[77,-12],[29,29],[102,-72],[26,19],[76,9],[33,-29],[51,-1],[23,-83],[47,-10],[77,76]],[[17646,37868],[16,-49],[-4,-87],[26,-25],[40,27],[41,-127],[-42,-72],[-55,-48],[-61,-13],[-8,-81],[-38,-52],[7,-77],[-33,-66],[14,-60],[-32,-63],[-42,-42],[-71,-25],[57,-109],[52,-10],[31,-59]],[[34235,37436],[-77,548]],[[34158,37984],[126,-2],[25,46],[60,4],[48,-30],[112,31],[-31,-70],[7,-42],[193,55],[62,-43],[60,48],[42,-67],[57,24],[14,63],[54,-50],[42,-11],[42,50],[112,-10],[43,-61],[72,5],[81,-9],[121,41],[52,-15],[49,24],[34,-42],[72,-14],[33,42],[53,-28],[63,2],[90,22],[132,20],[36,-74],[17,-65],[80,-26]],[[36211,37802],[-404,-385],[92,-9],[34,16],[149,-40],[30,-35],[46,27],[89,-44],[31,12],[40,-28],[63,-13],[8,-54],[34,-11],[25,-145],[28,2],[182,-401],[33,-35],[37,10],[68,-21],[39,-32],[70,-29]],[[33288,37897],[37,-18],[166,52],[84,-5],[43,26],[57,-7],[44,39],[-13,62],[70,26],[206,8],[34,-26],[58,-14],[11,-65],[73,9]],[[36211,37802],[115,-9],[48,5],[66,-27],[90,30],[69,71],[19,42],[67,-1],[97,25],[-21,73],[85,1],[25,46],[78,16],[121,49],[167,16],[35,-22],[65,70],[76,-30],[71,18],[61,0],[44,33],[33,-57],[95,-29],[17,-32],[58,6],[61,-23],[70,16],[51,42],[73,-21],[73,-111],[58,-57],[30,-65],[40,12],[54,-26],[102,4],[46,16],[12,-46],[37,-43],[100,16],[52,-16],[95,-123],[74,-33],[50,10],[45,-12],[36,24],[62,0],[53,59],[67,23],[20,31],[94,15],[82,-9],[80,27],[53,-32],[54,15],[1211,-1513]],[[17646,37868],[8,58],[33,62],[17,73],[-28,29],[30,37],[-4,47],[21,41]],[[17723,38215],[37,18],[23,96],[50,-27],[25,12]],[[17858,38314],[90,-8],[124,185],[96,-2],[68,-32],[40,8],[69,-19],[84,-73],[118,3],[64,-30],[51,31],[105,-13]],[[29177,38587],[17,-55],[0,-66],[28,-81],[-35,-35],[-35,-94],[-8,-96],[64,-43],[50,6],[33,-34]],[[14875,37213],[0,83],[18,44],[-68,68],[-56,23],[-39,-3],[-11,57],[25,58],[-53,59],[84,44],[-2,49],[93,43],[59,67],[33,7],[54,50],[67,43],[3,67],[107,68],[42,96],[23,-2],[91,61],[47,-3],[61,24],[47,-28],[86,70],[27,34],[56,-3],[105,51],[55,67],[-54,63],[-47,30],[116,44],[272,160],[4,42],[-41,32],[-3,33],[75,31],[147,9],[51,15],[93,-15],[25,-33],[4,-93],[30,-132],[25,-26],[47,20],[85,214],[-6,51],[69,3],[33,20],[38,-18],[54,36],[72,23],[344,-211],[-26,-44],[47,-37],[41,-2],[-9,-65],[45,-55],[45,-10],[23,-59],[50,-25],[37,-63],[106,-92],[58,2],[44,-40]],[[31150,38744],[59,28],[74,10],[-22,57],[-122,159],[-12,69],[26,74],[-3,30]],[[31177,39185],[99,2],[42,24],[57,-28],[16,-32],[13,-132],[19,-33],[-5,-52],[33,-68],[17,-68],[28,-13],[52,-72],[9,-45],[41,-33],[-34,-72],[-12,-59],[17,-28],[-91,-84]],[[31698,39209],[213,-15],[95,-68],[50,16],[38,33],[147,-41],[52,42],[65,13],[94,-37],[47,-91],[91,-96],[-57,-129],[10,-38],[-23,-71],[14,-20],[418,-720]],[[14463,36840],[-76,-46],[-34,-93],[-40,-4],[-27,31],[-9,83],[18,31],[-49,89],[-13,83],[-30,24],[-25,116],[-98,112],[-66,62],[-118,56],[-57,55],[-60,-16],[3,-29],[-39,-90],[-29,71],[2,31],[-30,62],[22,89],[35,26],[-3,67],[115,48],[22,51],[-17,96],[-62,90],[-131,136],[-118,97],[-72,71],[-43,86],[-68,37],[-32,-11],[-40,27],[-36,85],[-53,4],[-9,49],[-95,73],[311,823],[88,3],[120,42],[68,83]],[[13688,39540],[21,-57],[-9,-32],[27,-40],[-42,-36],[-4,-38],[-84,-31],[37,-78],[-33,-71],[52,-115],[-5,-54],[44,-76],[22,-13],[8,-75],[67,-33],[-3,-105],[35,-32],[13,-48],[101,0],[35,-50],[105,-16],[40,-96],[-22,-54],[-37,-16],[18,-41],[-15,-52],[12,-129],[62,-61],[-15,-135],[47,-48],[34,-67],[-26,-125],[-26,-8],[-50,-77],[56,-81],[9,-41],[46,-71],[42,-17],[-2,-33],[34,-48],[-30,-56],[54,-93],[-45,-170],[23,-25],[-13,-54],[69,11],[24,50],[95,21],[-15,60],[55,67],[36,105],[64,-3],[18,-19],[150,11],[76,-34]],[[17801,39731],[26,-46],[48,-14],[20,-54],[40,-17],[35,-54],[-12,-57],[37,-14],[25,-76],[35,-25],[11,-56],[33,-57],[39,-11],[75,-71]],[[17858,38314],[-35,38],[-15,73],[-29,54],[9,43],[-26,29],[-15,65],[-42,102],[-56,13],[-69,71],[-41,82],[-58,-10],[-29,40],[-48,10],[-139,432],[-78,78]],[[17187,39434],[131,3]],[[30746,39995],[52,25],[118,133],[29,82],[30,45],[-14,70],[48,47]],[[31138,40424],[-37,-50],[54,-84]],[[31155,40290],[-37,-65]],[[31155,40290],[51,58],[99,55],[30,109],[-9,32],[17,127],[69,113],[44,-35]],[[16755,40457],[-27,39],[6,34],[-28,85],[48,93],[6,43],[99,87],[55,-30],[33,14]],[[16947,40822],[25,-9],[119,-123],[29,-96],[32,0],[41,-41],[84,-38],[31,45],[64,6],[30,-54],[26,6],[176,-65],[31,2],[24,56],[46,47],[2,41],[41,73],[-11,35],[25,58],[-4,65],[80,-26],[22,24],[69,-37]],[[17929,40791],[-3,-72],[-54,-91],[-8,-62],[10,-86],[-10,-67],[-45,-28],[20,-101]],[[13688,39540],[36,25],[-7,40],[-98,166],[-21,65],[5,51],[-42,39],[25,54],[-20,60],[15,107],[50,25],[-4,30],[108,-8],[58,-33],[31,-51],[87,-55],[3,-57],[70,-189],[50,-59],[10,-69],[44,-17],[16,-54],[91,-39],[21,41],[106,131],[21,55],[89,-27],[0,53],[45,108],[37,35],[5,100],[83,5],[25,103],[57,38],[0,63],[65,24],[28,120],[41,31],[118,-23],[26,59],[-66,88],[-9,61],[76,117],[-14,32],[42,49],[12,44],[92,33],[74,7],[65,41],[220,8],[57,-17],[57,52],[-23,15],[-48,66]],[[15497,41083],[17,-20],[88,-23],[102,-80],[15,31],[53,-24],[54,-79],[-39,-71],[66,-102]],[[15853,40715],[-50,-58],[-55,-22],[-55,30],[-20,-17],[19,-134],[26,-14],[254,-266],[136,-123],[135,-96],[50,-162],[31,-28],[376,-7],[84,-33],[403,-351]],[[30412,41247],[87,-19],[15,47],[36,13]],[[30550,41288],[19,-73],[-39,-43],[-2,-47]],[[18108,41253],[-18,-84],[5,-94],[-25,-13],[13,-80],[-7,-50],[-58,-24],[-34,-85],[-55,-32]],[[16947,40822],[21,84],[61,44],[27,-8],[110,34],[30,22],[72,-57],[74,31],[69,15],[74,65],[103,24],[45,-9],[62,39],[368,369]],[[29839,41862],[59,-48],[85,-50],[27,-41],[58,-39],[69,-24],[5,-42],[38,-97],[81,-33],[0,-84],[-57,-86]],[[30550,41288],[51,67],[92,36],[76,126],[-15,56],[18,97],[28,32],[72,7],[48,73],[-31,77],[1,68],[19,45],[42,-4],[98,23],[29,47],[-13,61],[-52,27],[37,56]],[[31050,42182],[105,-6],[96,18],[-46,-118],[7,-128],[30,-10],[58,43],[22,-89],[-13,-43],[6,-70],[-39,-78],[8,-26],[-45,-50],[-89,-28],[-23,-51],[-28,-142],[0,-71],[16,-26],[-35,-189],[48,-134],[-14,-28]],[[15497,41083],[47,59],[-89,48],[-70,66],[-40,86],[-20,69],[43,114],[-50,90],[-5,94],[-62,25],[13,84],[-42,59],[-5,66],[-64,18],[0,39],[-32,49],[19,33],[-58,63],[11,18]],[[15093,42163],[27,-14],[146,-9],[58,58],[39,-8],[53,26],[33,-23],[126,-6],[2,14],[106,206],[121,-145],[37,38]],[[15841,42300],[13,-46],[103,-108],[27,-66],[87,-6],[104,15]],[[16175,42089],[6,-93],[40,-121],[59,-65],[-22,-168],[16,-84],[31,-25],[12,-75],[-31,-62],[-76,-59],[-59,-4],[-20,-18],[-35,-94],[-7,-90],[18,-42],[-62,-27],[17,-38],[-6,-53],[-46,-130],[-21,-30],[-80,-83],[-56,-13]],[[16175,42089],[101,-11],[-46,-46],[-7,-109],[29,-72],[46,-16],[31,30],[-7,62],[35,2],[1,-78],[-58,-61],[-32,-135],[60,-52],[-3,-46],[34,-22],[79,34],[48,45],[-6,49],[232,32],[-31,-45],[-40,-3],[-48,-40],[27,-81],[50,-24],[-108,-24],[-13,-91],[35,-39],[82,-35],[-27,-30],[-104,44],[-32,48],[-71,6],[-69,-69],[15,-87],[-26,-34],[-16,-152],[36,-88],[124,-40],[239,-9],[161,24],[67,40],[-17,50],[49,35],[-22,48],[44,35],[22,43],[-17,45],[-37,40],[74,99],[18,75],[-24,64],[-66,-19],[11,88],[-60,69],[41,55],[19,110],[-51,170],[0,47],[-27,62],[-45,45]],[[16875,42127],[7,11],[25,4],[60,-4],[54,15],[60,39],[59,-6],[36,-30],[20,50],[-13,56],[43,-5],[61,25],[13,32],[55,1],[40,28],[36,102],[82,55],[13,57],[58,20],[90,-27],[45,1],[50,-21],[39,9],[66,-58],[90,10],[76,-42],[21,25],[-22,51],[-32,8],[-1,104],[28,108]],[[18034,42745],[71,48],[49,9],[-15,-11]],[[15093,42163],[-48,-22],[-69,9],[1,27],[-59,51],[-20,70],[32,118],[-53,83],[22,38],[-12,43],[-38,23],[-51,79],[-4,31],[-60,87],[6,35],[-54,5],[-69,-25],[-26,31],[-13,70],[42,134],[-11,52],[40,8],[58,39],[-8,65],[63,-17],[8,38],[-38,48],[15,27],[-31,59],[4,35],[50,20],[70,-47],[18,23],[-11,59],[22,17],[66,-69],[7,-72],[38,-14],[36,-67],[37,-19],[112,-140],[1,-61],[25,-31],[-21,-56],[12,-25],[63,-35],[16,-67],[200,-116],[85,-11],[34,-49],[83,-27],[9,-49],[48,-48],[-14,-39],[80,-82],[55,-99]],[[17585,43289],[-18,-99],[50,-78],[70,-21],[16,-41],[77,-60],[15,-47],[80,-45],[-31,-109],[62,-91],[73,60],[55,-13]],[[16875,42127],[58,142],[11,113],[-24,30],[10,141],[-57,95],[-45,0],[-33,115],[-42,84],[-51,55],[-78,47],[-156,51],[-97,56],[-49,-3],[-5,41],[123,92],[55,73],[3,70],[132,6],[163,22],[174,41],[125,23],[112,30],[110,51],[41,71],[-15,43],[31,41]],[[17854,43988],[24,27],[184,101],[40,58]],[[21094,48561],[35,-3],[8,53],[-39,142],[-33,40],[-48,-51],[-70,-19],[-87,-79],[-59,-11],[-96,-108],[-19,-40],[-52,-52],[-51,-22],[-56,14],[-6,30],[80,44],[86,23],[27,60],[132,136],[8,50],[-45,31],[13,41],[79,20],[-17,52],[17,48],[62,-81],[128,22],[-1,31],[109,52],[-29,122],[25,18],[-23,72],[-6,63],[-60,8],[-11,25],[32,42],[-82,19],[-20,50],[78,47],[67,60],[47,57],[16,59],[-31,64],[25,64],[-28,71],[-42,33],[9,36],[124,33],[61,50],[23,108],[103,53],[17,30],[60,35],[10,64],[130,30],[128,11],[89,31]],[[20955,49255],[15,-27],[100,-37],[9,-45],[-38,-45],[-29,34],[-56,-15],[0,-47],[-58,-14],[0,117],[57,79]],[[27615,50143],[17,94],[51,44],[10,65],[26,31],[56,-7],[39,66],[-14,30]],[[27800,50466],[146,-60],[-2,-430],[65,-239],[63,-32],[40,-53],[-65,-33],[-18,-56],[41,-40],[19,-75],[41,-61],[47,-15],[46,-84],[-8,-29],[-48,-33],[6,-55],[-89,-29],[-57,0],[-64,-57],[-143,1],[-95,29],[-76,-29],[-88,16],[-48,-17],[-28,-40],[-91,32],[-44,27],[-56,-2],[-35,-21],[-45,72]],[[27800,50466],[61,33],[-14,30],[-47,2],[-77,52],[-94,44],[-89,-2],[12,67],[50,50],[74,45]],[[27110,50921],[58,7],[21,-39],[69,-12],[33,-26],[15,-48],[88,-7],[72,-44],[96,7],[35,21],[79,7]],[[36809,31592],[102,12],[61,-2],[67,45],[73,83],[55,50],[151,96],[65,70],[168,121],[72,114],[-25,111],[13,53],[40,33],[48,0]],[[36251,30196],[-1,582]],[[31799,42167],[-13,-84],[46,-148],[76,-147],[-6,-41],[-34,-16],[9,-63],[-34,-85],[11,-39],[64,-34],[17,-155],[-29,-34],[25,-29],[-12,-48],[-109,101],[-111,-4],[15,-39],[-35,-45],[10,-44],[-62,-14],[-10,-42],[-163,-116],[-5,-46],[58,-46],[33,0],[8,-53]],[[31050,42182],[22,95],[-9,39]],[[31505,42679],[155,-165]],[[29900,33632],[-45,2],[-39,25],[-9,47],[-48,63]],[[30199,30170],[181,-98],[75,-17],[12,-56],[66,-91]],[[16335,18598],[22,-40],[-53,-57],[16,-32],[-8,-122],[-28,-22],[1,-60],[-32,-33],[-29,-65]],[[16224,18167],[-147,140],[-41,-9]],[[17924,17193],[189,0]],[[18113,17193],[19,-62],[94,-135],[100,-72],[76,-42],[8,-35],[66,-5],[105,-91],[21,-1],[100,-108],[13,-61],[-24,-50],[11,-35]],[[18702,16496],[-1254,-188],[-33,7],[16,68],[-122,37],[-25,29]],[[17284,16449],[7,176],[-48,-13],[-115,97],[6,66],[-65,29],[-86,85],[-61,16],[-19,34]],[[16903,16939],[937,-23],[21,55],[-30,61],[-63,51],[-32,107],[188,3]],[[16433,18718],[13,-71],[59,-1],[21,-34]],[[16526,18612],[-60,-112],[34,-106],[46,-72],[-14,-54],[-46,-48],[-104,-20],[-50,5],[-73,-47],[-35,9]],[[16224,18167],[-28,-43],[11,-58],[-45,-60],[-9,-54],[130,8],[64,-21],[83,-54],[12,-51],[68,-7],[95,-38]],[[16605,17789],[-55,-29],[-58,-5],[-58,-39],[-86,-15],[-36,-70],[-133,-63],[-100,4],[-130,-7]],[[15949,17565],[26,48],[37,6],[4,62],[-41,79],[-54,-11],[-41,30],[8,29],[-68,38],[-36,68],[-5,72],[17,41],[-31,65],[12,100],[36,27],[-9,33]],[[16885,15969],[33,-47],[168,42],[68,7],[121,-589]],[[17275,15382],[-354,36],[-193,-121],[-83,-11],[-28,47],[17,21],[-53,87],[-111,65],[-47,-11],[-39,58],[-97,6],[-43,-114],[-102,15],[-35,99],[-50,-17],[-27,-46],[41,-85],[-4,-48],[-39,-37],[-51,30],[-37,-115]],[[15940,15241],[-23,-15],[-83,8],[-30,49],[17,60],[-42,24],[-37,68],[-18,87]],[[15724,15522],[2,35],[50,1],[31,36],[-21,67],[16,22]],[[15802,15683],[232,465],[19,-62],[32,-26],[3,-57],[22,-77],[77,-26],[31,7],[72,-17],[99,9],[42,23],[110,-29],[45,11],[48,-26],[19,34],[50,23],[53,1],[51,59],[27,-26],[51,0]],[[107,56715],[2,-172],[-33,-67],[-8,-65],[-38,-74],[-28,48],[22,87],[-24,27],[11,82],[32,40],[4,43],[60,51]],[[38870,1418],[-159,40],[-86,-79],[-125,-13],[-109,-106],[-129,-60],[-115,-12],[-38,8],[-39,48],[-51,110],[-79,50],[-79,-39],[-30,-35],[-51,20],[-85,8],[-70,87],[-40,34],[-95,-5],[598,939],[686,1078]],[[38774,3491],[-36,-555],[-65,-1106],[154,-107],[22,-69],[25,-29],[-19,-76],[30,-74],[-15,-57]],[[38774,3491],[148,-2],[28,-8],[105,72],[91,-15],[23,-47],[40,-14],[65,44],[17,58],[32,-11],[96,43],[-21,34],[22,43],[89,71],[29,69],[51,-9],[104,12],[56,39],[13,47],[-30,58],[9,30],[74,2],[21,30],[113,-20],[-36,93],[59,5],[13,30],[903,1]],[[40888,4146],[-219,-1208],[-222,-1220],[-304,-1674],[-76,-44],[7,47],[-53,72],[-46,25],[-47,75],[-69,83],[-58,37],[-38,47],[-37,93],[-31,33],[-81,54],[-152,5],[-115,40],[-31,55],[0,89],[15,69],[-19,158],[-49,61],[-95,25],[-96,70],[-47,90],[-30,100],[-26,39],[-99,51]],[[38774,3491],[422,664],[447,691],[24,15],[44,104],[-30,28],[-18,73],[12,156],[-24,72],[-79,0],[-10,-66],[-31,-59],[-66,-24],[-54,-39],[-48,15],[-20,66],[35,99],[-25,73],[-43,32],[-29,-83],[-53,-20],[-58,26],[-37,97],[0,123],[-40,98],[-38,24],[-96,-22],[-83,-58],[-68,-14],[-43,9],[-68,43],[-4,74],[42,29],[96,10],[47,19],[23,36],[-20,42],[-81,-14],[-39,35],[-61,15],[-55,-11],[-115,-106],[-59,-9],[-47,18],[-40,51],[-22,116],[-45,69],[-88,-71]],[[38229,5917],[-2,1597]],[[38227,7514],[3271,3]],[[41498,7517],[-387,-2141],[-223,-1230]],[[28037,9201],[1687,0]],[[29724,9201],[1047,0],[44,-33],[-47,-59],[16,-138],[56,-20],[33,-60],[41,15],[69,-23],[-57,-77],[28,-48],[-13,-72],[84,60],[30,-41],[-5,-41],[-44,-38],[5,-25],[92,-16],[33,-34],[-5,-43],[70,-11],[13,45],[84,-68],[19,21],[-42,58],[24,51],[29,-7],[31,-85],[110,-67],[38,-43],[-40,-56],[-65,-62],[98,-128],[40,36],[36,-64],[-3,-79],[32,-27],[81,15],[73,-46],[49,-76],[78,5],[38,-60],[117,1],[24,-54],[82,19],[1,-73],[17,-89],[22,-47],[51,-30],[4,-67],[-46,-72],[80,-73],[-10,-76],[43,-41],[79,13],[10,-50],[37,-20],[53,22],[53,-25],[13,-94],[45,9],[23,46],[64,-22],[63,54],[14,41],[65,-49],[-4,-102],[-30,-30],[29,-31],[-22,-39],[-68,16],[26,-61],[38,-34],[90,30],[14,33],[58,56],[61,23],[21,27],[48,7],[40,-32]],[[33129,7046],[124,-70],[3,-52],[44,-28],[57,1],[32,28],[-10,41],[59,5],[16,33],[105,7],[31,-63],[46,9],[6,42],[83,-19],[34,41],[54,-26],[-3,-43],[55,17],[34,-52]],[[33899,6917],[-73,-29],[-32,-63],[-49,34],[-63,6],[-49,-146],[-40,-70],[-16,-83],[-56,-91],[-59,-14],[-80,15],[-39,-63],[57,-122],[-13,-48],[-48,-6],[-88,63],[-46,-22],[-83,-12],[-57,15],[-47,77],[-70,26],[-49,-35],[-59,-84],[-54,-56],[-83,-47],[-39,-61],[6,-52],[-39,-107],[-50,-38],[-51,30],[8,61],[-60,46],[-63,-27],[-77,0],[-52,54],[-61,-13],[29,-42],[-33,-40],[-59,22],[-55,-78],[-58,5],[-54,-24],[-54,1],[-64,-33],[-51,11],[-14,41],[-42,11],[-34,65],[17,56],[-29,73],[-27,-54],[-56,-33],[-38,4],[-65,50],[-119,27],[-42,-30],[-50,13],[-61,60],[-84,0],[-40,33],[-59,92],[-116,28],[-13,-102],[-66,-56],[-23,-54],[-4,-63],[-68,-41],[-38,10],[2,65],[-41,54],[9,57],[-90,-3],[-4,-74],[-30,-24],[-57,4],[-19,88],[-81,17],[-28,-40],[-101,-48],[-29,-31],[-129,-38],[-140,-9],[-59,-42],[-39,30],[24,58],[-11,58],[-43,20],[-32,56],[-4,52],[-39,45],[-4,42],[-35,23],[-32,-54],[-36,-11],[-53,48],[-10,56],[-70,9],[7,-63],[-27,-47],[-73,2],[-18,68],[-82,49],[-49,-7],[-51,19],[5,90],[-113,135],[-48,121],[-8,83],[29,45],[66,-9],[44,13],[30,49],[20,111],[32,42],[112,53],[20,73],[-116,2],[-30,31],[10,38],[61,76],[-17,44],[-79,39],[-29,78],[37,75],[15,64],[1,69],[-19,46],[6,44],[30,44],[-9,58],[-93,5],[-60,68],[27,60],[8,99],[-83,7],[-47,-18],[-40,63],[-41,105],[-38,29],[-25,-20],[6,-114],[-19,-42],[-49,-21],[-45,11],[27,80],[-64,-10],[-39,15],[-53,-31],[-30,-37],[29,-50],[-3,-33],[-58,-14],[-37,21],[-31,63],[-71,16],[-83,61],[-66,-24],[-106,-7],[-24,41],[0,49],[-47,50],[-86,41],[-99,17],[-95,80],[-22,71],[75,78],[4,80],[26,50],[81,73],[62,36],[32,57],[-94,-4],[-43,37],[-3,41],[55,45],[14,38],[-40,27],[-6,62]],[[38229,5917],[-51,-1],[-54,40],[-33,73],[-52,62],[-45,20],[-64,-17],[130,-86],[-2,-48],[-43,-48],[-45,-27],[-143,2],[-50,22],[-42,40],[-7,79],[37,77],[-39,25],[-100,2],[-33,31],[6,42],[58,84],[2,24],[-84,54],[-189,30],[-66,50],[-25,71],[-71,13],[-79,-14],[-82,23],[-23,36],[-25,111],[-41,63],[-49,23],[-72,-20],[-57,-75],[-67,-19],[-37,12],[-83,74],[-31,59],[-71,8],[-40,-50],[39,-84],[2,-38],[51,-97],[-25,-58],[-57,9],[-37,36],[-13,42],[-37,23],[-89,11],[-106,-40],[-52,4],[-82,-20],[-25,-46],[35,-49],[10,-70],[-47,-24],[-32,26],[-57,-28],[-16,-118],[-82,-3],[-61,49],[-9,47],[-37,17],[-86,-26],[-61,-100],[-45,-10],[-31,36],[56,88],[-67,16],[-30,-18],[-13,-56],[-31,-41],[-66,-8],[-42,-24],[-62,-2],[-36,-45],[-55,-22],[-31,25],[-16,71],[32,84],[-46,70],[-60,40],[-64,136],[-52,38],[-62,-51],[-15,-41],[32,-96],[-19,-83],[-72,11],[-71,102],[31,207],[-6,23],[-127,13],[-50,-6],[-55,28],[-67,14],[-79,92],[-71,25],[-79,-20],[-110,-79],[-79,16],[-19,43],[5,60],[32,57],[6,83],[-65,31],[-10,-73],[-85,-42]],[[33129,7046],[4,766],[12,1287]],[[33145,9099],[62,52],[73,5],[25,-26],[61,3],[0,-55],[59,-1],[12,-46],[64,-29],[100,52],[8,-36],[67,-16],[-31,-44],[38,-50],[-23,-41],[130,-54],[-13,-24],[31,-149],[66,-14],[19,-42],[142,-53],[0,-52],[81,-12],[-13,-88],[81,-47],[26,-59],[24,6],[-3,-87],[50,-34],[45,-131],[61,-38],[16,-58],[110,-14],[-11,45],[44,40],[-16,43],[17,38],[63,-24],[65,3],[65,60],[92,-32],[17,49],[39,13],[11,38],[-14,55],[124,141],[57,2],[-8,105],[-36,17],[5,48],[70,30],[40,-18],[12,94],[-26,52],[128,17],[-21,57],[62,40],[-23,103],[33,22],[22,96],[88,-83],[-1,63],[25,59],[-111,43],[9,37],[46,5],[42,32],[-49,39],[-14,81],[37,14],[86,-25],[108,47],[27,-31],[-13,-62],[33,-17],[53,91],[127,23],[-23,86],[-63,12],[38,46],[-48,30],[44,34],[88,29],[62,-90],[98,-17],[44,9],[49,60],[69,-21],[31,33],[52,-5],[16,-57],[37,11],[5,38],[68,-24],[40,17],[97,-103],[12,79],[20,18],[69,-41],[35,-1],[27,-37],[44,-22],[76,-2],[-31,44],[0,46],[45,19],[79,-27],[4,-55],[38,-12],[39,30],[82,24],[33,-43],[40,15],[73,-38],[56,-12],[31,-30],[-7,-71],[55,-9],[40,62],[59,59]],[[37440,9451],[102,-55],[116,-25],[93,21],[48,57],[87,34],[80,-21],[51,-54],[44,-105],[27,-24],[78,-13],[61,21]],[[38227,9287],[0,-1773]],[[28037,9201],[8,59],[-53,-4],[-75,21],[-25,39],[5,100],[-134,25],[-48,26],[46,39],[49,-17],[24,50],[-27,66],[-66,7],[-12,37],[13,55],[-13,83],[-59,0],[-43,31],[-27,97],[3,88],[-38,-24],[-89,32],[-37,56],[-45,15],[-54,-41],[-106,0],[-49,59],[-26,-6],[-33,-68],[-30,-16],[-97,38],[-50,5],[-83,40],[-39,2],[-74,48],[4,42],[-28,57],[-43,38],[-27,51],[0,53],[-22,76],[-65,21],[-34,-34],[-80,0],[-40,20],[0,37],[55,65],[-19,34],[-49,-13],[-34,-65],[-101,41],[-55,128],[7,62],[37,79],[-45,41],[-29,-52],[4,-48],[-47,-59],[-34,-13],[-91,9],[-90,36],[-116,66],[-34,34],[-61,23],[-38,-15],[-120,0],[-69,26],[-68,59],[-43,22],[-8,68],[46,50],[-33,49],[-15,78],[-77,40],[-33,-10],[-41,42],[7,41],[57,35],[53,-19],[32,-36],[32,28],[-17,48],[16,58],[-84,71],[23,86],[-36,8],[-70,-18],[-11,55],[23,39],[-41,23],[-91,17],[-77,72],[-20,50],[36,41],[71,15],[28,33],[-23,63],[-72,40],[-29,80],[42,84],[-40,17],[-59,74],[21,114]],[[24988,12400],[1863,525]],[[26851,12925],[1123,-1456],[940,-1219],[810,-1049]],[[38227,9287],[0,3677]],[[38227,12964],[65,-48],[71,-104],[25,-59],[0,-45],[-39,-36],[-8,-58],[42,-14],[47,55],[104,49],[64,-16],[32,-99],[139,-9],[51,35],[11,41],[-26,37],[-45,-22],[-85,31],[8,41],[49,10],[48,36],[50,-17],[56,34],[20,56],[52,13],[53,-24],[38,-46]],[[39049,12805],[48,-41],[61,33],[39,-14],[40,-68],[-34,-59],[-105,35],[-56,-82],[-96,-52],[-38,-36],[-83,-113],[-18,-72],[13,-36],[48,-22],[24,24],[-6,56],[27,33],[52,-13],[47,-63],[33,-81],[-14,-45],[19,-32],[-21,-93],[29,-62],[-29,-87],[6,-77],[33,-37],[-3,-40],[-43,-14],[-52,8],[-41,-25],[-16,-42],[-7,-89],[27,-61],[96,-69],[87,-135],[42,-38],[-11,-51],[-91,-60],[-12,-63],[-46,-24],[-58,22],[-30,-10],[-38,-99],[16,-40],[65,-77],[54,-47],[50,-22],[70,22],[18,68],[23,30],[53,11],[34,-30],[-21,-66],[-56,-44],[-36,-51],[0,-37],[37,-53],[47,-19],[86,-13],[-1,-84],[29,-42],[65,-16],[75,20],[25,34],[25,76],[88,93],[29,44],[-6,60],[-24,26],[-63,4],[-58,-34],[-41,22],[-14,38],[13,48],[46,57],[69,63],[79,23],[40,-19],[47,-68],[44,-28],[60,37],[-8,93],[27,18],[56,-30],[-23,-50],[6,-36],[63,-17],[98,29],[33,54],[53,11],[86,-53],[2,-54],[-49,24],[-101,-63],[-11,-49],[41,-57],[3,-38],[-69,-59],[-26,-44],[-4,-50],[53,-54],[58,-2],[99,55],[112,7],[30,26],[47,107],[46,35],[76,-13],[114,-183],[91,-41],[59,12],[18,43],[-61,19],[-42,45],[-27,89],[79,32],[49,-51],[34,15],[68,-31],[82,-120],[108,-114],[-94,2],[-14,-21],[11,-98],[-12,-129],[30,-100],[46,-28],[39,8],[34,42],[10,54],[-9,71],[22,37],[55,7],[75,57],[50,-32],[29,-99],[28,-33],[75,9],[114,-86],[82,12],[46,47],[8,85],[-60,99],[71,12],[9,52],[-28,53],[-7,70],[25,41],[48,25],[53,3]],[[41845,10662],[88,-103],[39,-74],[-2,-50],[-54,-56],[-12,-107],[-49,-112],[1,-57],[27,-73],[45,-82],[3,-156],[32,-89],[-2,-41],[-83,-46],[-42,-107],[10,-139],[-17,-41],[-63,-80],[0,-69],[15,-101],[-283,-1562]],[[26851,12925],[85,-46],[171,12],[40,16],[66,73],[44,4],[48,-20],[50,-85],[52,-32],[45,-2],[60,21],[36,-56],[-55,-64],[71,1],[45,29],[69,11],[66,-68],[-2,-70],[34,-50],[-8,-65],[26,-13],[57,20],[38,82],[64,-113],[97,-24],[135,48],[64,10],[77,-25],[41,-41],[58,-19],[41,48],[105,53],[42,-59],[81,-61],[67,-13],[50,-34],[31,-80],[56,-25],[64,-64],[32,-54],[49,-16],[105,17],[99,49],[83,8],[45,-18],[49,-43],[34,5],[15,97],[32,57],[16,78],[32,52],[70,34],[100,-24]],[[29723,12466],[729,-1594],[-30,-52],[18,-126],[-15,-55],[36,-62],[-14,-39],[18,-73],[91,-64],[119,-27],[46,15],[114,-48],[67,10],[37,42],[27,-15],[62,46],[58,27],[50,-71],[96,-49],[115,-29],[38,39],[27,-9],[100,34],[57,-9],[62,-36],[43,-109],[50,-14],[43,-35],[51,22],[127,-16],[40,28],[49,-5],[37,-35],[48,30],[52,-17],[31,23],[33,-35],[-3,-44],[50,-5],[47,-59],[27,9],[52,-39],[34,20],[12,40],[-22,43],[77,26],[47,2],[19,-42],[40,54],[31,-17],[121,1],[15,-81],[-40,-2],[-46,-33],[35,-164],[43,13],[97,-51],[9,-36],[-33,-76],[2,-58],[41,-3],[35,-114],[31,-21],[13,-64],[-5,-137],[58,-8],[35,-54],[31,21],[98,-97],[-41,-83]],[[29723,12466],[61,-31],[68,-54],[39,-63],[35,-94],[68,-32],[134,-7],[81,19],[73,45],[73,5],[12,38],[52,35],[53,-8],[46,58],[58,8],[9,-59],[23,-26],[76,-19],[67,-73],[58,-18],[13,-65],[147,-92],[102,-86],[128,-59],[29,6],[64,105],[74,53],[49,75],[81,78],[21,33],[122,118],[61,15],[40,-69],[-17,-51],[48,-54],[81,-31],[61,-52],[63,-14],[55,-30],[89,26],[22,44],[76,27],[70,59],[-13,67],[23,78],[8,108],[23,126],[79,31],[42,54],[41,22],[53,89],[15,79],[51,62],[-37,35],[6,65],[46,54],[107,48],[63,13],[37,-31],[35,42],[33,4],[21,51],[-16,45],[52,46],[20,48],[93,10],[57,-37]],[[33127,13335],[0,-1709],[68,49],[102,42],[47,9],[88,-20],[29,-32],[29,-80],[28,-31],[117,-72],[111,-43],[55,-66],[8,-61],[-28,-79],[-2,-67],[34,-33],[53,-6],[27,-86],[93,-44],[147,11],[138,26],[51,30],[121,11],[93,22],[82,-9],[65,-29],[-5,-126],[-59,-99],[-33,-85],[-38,-67],[-5,-79],[25,-81],[41,-71],[81,-61],[97,-23],[54,12],[64,-11],[65,40],[138,61],[75,48],[13,34],[104,110],[43,71],[145,18],[206,1],[166,-25],[47,-14],[109,-72],[59,-58],[125,-46],[36,-25],[40,-127],[86,-89],[53,-97],[55,-64],[36,-65],[90,-63],[52,-16],[72,9],[122,41],[79,-23],[62,-33],[87,-74],[47,-79],[42,-122],[43,-50],[64,-111],[108,-59],[66,-47]],[[39049,12805],[58,20],[1,66],[17,19],[101,27],[14,74],[-84,34],[-4,-31],[-87,-20],[-22,25],[28,51],[45,39],[-18,27],[6,78],[45,3],[42,-27],[-15,-51],[107,6],[2,52],[62,26],[55,-10],[55,38],[21,36],[-37,87],[-37,53],[-66,3],[-47,30],[23,60],[89,-5],[40,43],[31,-5],[75,39],[44,95],[-10,71],[86,59],[22,27],[66,31]],[[39757,13875],[-13,-97],[-50,-65],[35,-75],[71,-39],[24,-29],[92,-55],[24,-62],[102,-110],[41,-18],[18,-49],[85,-107],[84,-46],[95,-4],[79,9],[52,-85],[2,-37],[59,4],[66,-38],[7,-29],[63,-7],[61,-46],[56,-99],[94,-56],[58,-5],[58,-37],[68,-13],[32,-23],[41,-63],[75,-12],[11,-38],[-19,-60],[22,-39],[52,-47],[-8,-85],[-29,-54],[50,-23],[21,-41],[70,-75],[-67,-81],[-89,-220],[-30,-5],[-30,-61],[77,-74],[2,-34],[94,-72],[-2,-35],[58,-31],[-51,-67],[145,-111],[27,-49],[-29,-49],[10,-81],[31,1],[64,-62],[98,-51],[23,-50],[1,-50],[52,-32],[36,22],[23,-43],[-11,-46],[-34,-21],[8,-37],[67,-49],[-34,-70]],[[33127,13335],[44,-11],[49,35],[139,13],[94,-29],[90,14],[87,-24],[94,8],[40,38],[65,-24],[56,23],[10,26],[93,12],[17,34],[91,26],[-11,104],[-29,71],[-41,53],[-5,41],[37,112],[75,66],[9,48],[-7,77],[106,16],[82,72],[74,14],[110,67],[52,46],[-13,34],[62,40],[58,1],[245,-113],[72,0],[18,52],[38,11]],[[35028,14288],[-13,-64],[146,-70],[18,-30],[86,-28],[48,12],[49,-20],[76,24],[67,38],[81,-39],[21,-85],[-46,-17],[5,-93],[33,-93],[27,-20],[14,-52],[-8,-48],[44,-26],[47,-84],[47,-47],[33,3],[62,-83],[112,-70],[15,12],[135,-20],[25,-61],[40,-57],[187,-35],[140,47],[64,-39],[27,23],[26,-54],[70,-24],[43,-43],[49,21],[48,-69],[79,9],[89,-14],[36,54]],[[37050,13146],[33,-43],[18,-66],[54,-2],[20,64],[149,51],[2,46],[-63,17],[28,42],[112,45],[31,-11],[49,-67],[87,-72],[40,-71],[42,8],[20,39],[68,58],[47,-7],[66,-75],[27,-81],[45,-67],[56,-1],[16,65],[31,26],[40,-7],[89,17],[19,-40],[51,-50]],[[35028,14288],[125,-3],[50,30],[-1,38],[71,21],[78,-44],[92,5],[39,41],[61,18],[49,-9],[60,82]],[[35652,14467],[46,20],[70,-8],[110,61],[-7,53],[69,-29],[37,-54],[43,-32],[-13,-81],[43,-106],[29,-15],[40,26],[10,44],[52,-20],[-4,-65],[30,-22],[52,29],[36,-36],[60,23],[21,-53],[-39,-17],[7,-35],[65,-44],[65,20],[-18,44],[5,54],[48,29],[45,5],[67,-23],[-14,-59],[40,-44],[56,-9],[68,-52],[-16,-23],[42,-115],[61,-9],[24,-49],[-32,-55],[-44,32],[-37,-8],[-65,-55],[-1,-60],[33,-46],[60,-36],[19,-67],[68,-13],[30,-22],[2,-57],[28,-35],[5,-67],[-16,-42],[32,-57],[5,-50],[81,-91]],[[17275,15382],[53,-246]],[[17328,15136],[-52,-13],[-16,65],[-62,-13],[-78,29],[-36,-31],[-71,66],[-24,-32],[-88,-53],[47,-43],[-56,-21],[-56,62],[-42,7],[-86,-33],[-78,-54],[-106,41],[-88,-22],[-142,83],[-79,7],[-56,-10],[-48,73],[-49,8],[-48,-51],[-74,40]],[[18702,16496],[14,-65],[43,-2],[38,-68],[62,95],[72,4],[51,-44],[53,-7],[49,45],[34,-56],[56,-20],[41,7],[67,-131],[69,13],[5,-38],[37,-9],[6,54],[78,-36],[33,10],[23,-64],[53,-16],[8,-46],[78,15],[65,47],[10,48],[59,11],[23,-49],[93,-53],[59,-12],[21,-55],[30,-5],[83,-74],[58,-92],[-5,-41],[56,-93],[36,15],[24,-36]],[[20284,15748],[-774,-135],[-492,-82]],[[19018,15531],[-69,13],[-48,-29],[-73,7],[-29,42],[-75,-23],[1,48],[-24,38],[-40,-23],[-48,32],[8,61],[-69,37],[-36,-45],[-50,4],[-19,35],[-59,-63],[-16,-93],[-77,-26],[-37,47],[-99,-41],[-53,-1],[0,-471],[-71,59],[-39,-12],[-12,-54],[-136,6],[-52,-17],[-109,77],[-114,-54],[-42,-70],[-84,34],[-44,79],[-52,26],[-23,-18]],[[16885,15969],[396,426],[3,54]],[[24988,12400],[-26,39],[-57,-65],[-40,9],[-18,82],[28,91],[-16,26],[-57,8],[-28,-30],[-57,32],[-2,49],[-40,17],[-36,-45],[-34,45],[-99,25],[-25,23],[-34,84],[-5,50],[-82,35],[-8,58],[-52,38],[-59,1],[-29,41],[28,52],[-91,-16],[-70,-53],[-63,14],[-44,26],[22,101],[-31,8],[-40,-67],[-83,12],[-38,67],[21,88],[-63,57],[-10,103],[-35,86],[-31,7],[-12,60],[-39,31],[-46,-2],[-29,29],[-87,-76],[-38,-72],[-28,-22],[-68,8],[-37,-16],[-38,26],[-30,64],[-78,-33],[-104,113],[-55,29],[11,65],[-11,34],[-74,8],[-72,24],[-113,82],[-9,38],[-52,58],[-41,7],[-66,39],[-71,5],[-84,40],[-82,77],[-56,11],[-53,-10],[-39,-38],[-14,-74],[-27,-44],[-87,-85],[-64,-38],[-161,64],[-68,3],[-72,53],[-78,-29],[-57,-1],[-105,43],[-75,44],[-27,50],[-73,30],[-63,-6],[-59,61],[-46,28],[-77,6],[-54,-19],[-39,19],[-26,46],[22,85],[-69,-13],[-39,18],[-11,46],[-77,36],[-36,-44],[-86,40],[-71,-26],[-37,12],[-114,-10],[-132,32],[-31,45],[-41,-21],[-42,10],[-28,96],[-82,83],[-32,91],[-23,7],[-35,-52],[-43,8],[10,46],[-27,23],[-41,-19],[-21,37],[26,24],[-102,96],[-36,58],[-50,4],[-18,82],[-30,48],[-78,12],[-52,31],[25,47],[-24,43],[12,40],[-28,31],[-116,14],[-30,83],[-75,25],[-46,-24],[-51,-58],[-63,37],[9,64],[-43,99],[-37,17]],[[20284,15748],[1074,187],[335,410],[312,359],[1,8]],[[22006,16712],[29,-75],[-22,-53],[-43,-44],[18,-44],[117,-41],[54,-51],[46,-132],[-19,-24],[-66,-27],[-11,-51],[36,-99],[76,-77],[4,-47],[-56,-38],[73,-28],[48,25],[73,-20],[61,23],[61,65],[44,21],[56,-22],[-18,-114],[188,25],[40,14],[51,-38],[44,-116],[67,-67],[11,-33],[-28,-46],[-65,-11],[-22,-30],[16,-101],[41,-66],[68,-64],[-18,-42],[-70,-18],[-15,-52],[77,-49],[67,-67],[85,-12],[49,25],[121,-5],[107,-91],[70,-31],[85,13],[117,-28],[47,14],[106,-10],[69,-29],[43,-56],[79,-66],[16,-50],[7,-151],[-23,-45],[-35,-14],[-55,33],[-9,-37],[61,-27],[71,14],[49,-32],[-11,-55],[-84,-48],[-59,7],[-7,-29],[31,-43],[61,-46],[69,-72],[-17,-88],[-58,-28],[27,-45],[74,69],[88,-36],[16,-73],[-47,-58],[113,-33],[69,-44],[117,-27],[40,-21],[28,32],[-36,47],[14,45],[39,0],[42,-49],[-6,-80],[38,-35],[46,-1],[30,25],[39,78],[4,85],[55,35],[62,-56],[15,-33],[-11,-49],[-70,-56],[23,-32],[84,60],[47,22],[106,10],[51,16],[47,-10],[64,-44],[68,-84],[85,27],[49,-37],[-18,-40],[-62,-49],[-7,-79],[115,-86],[73,-40],[45,30],[11,63],[31,8],[47,-27],[13,-39],[9,-105],[31,-22],[71,6],[52,85],[47,19],[60,-9],[60,-81],[33,-64],[49,-9],[58,29],[42,-32],[6,-82],[47,-38],[28,-57],[63,-35],[180,-35],[144,-44],[71,-6],[65,-37],[73,-58]],[[15472,16393],[-678,-13],[22,29],[-78,53],[-17,43],[-70,15],[0,85],[-27,58],[-86,109],[-71,44],[-114,-2],[-150,-75],[-113,-29],[-167,12],[13,37],[119,149],[-33,22],[58,53],[57,-14],[29,87],[46,43]],[[35652,14467],[-49,36],[-40,-15],[-57,16],[22,49],[-8,44],[-51,13],[-74,48],[28,36],[-7,46],[-41,49],[-57,-36],[-46,0],[-12,60],[-26,42],[-89,33],[3,-82],[-68,-61],[-94,-10],[-66,67],[42,14],[3,37],[-46,36],[-46,-65],[-1,-50],[-40,-17],[-28,-55],[-45,10],[-46,-42],[-52,38],[64,72],[-18,43],[-57,29],[-69,-10],[-30,-21],[1,112],[52,34],[-32,25],[-117,-108],[-65,3],[24,43],[-89,42],[-46,36],[-138,58],[-96,147],[6,24],[62,22],[23,39],[-19,41],[-75,-33],[-23,-73],[-60,35],[-8,118],[-53,-16],[-67,27],[53,43],[10,71],[-109,-23],[-19,-55],[-90,-21],[-63,42],[69,71],[-16,113],[-32,22],[-1,82],[-40,64],[-99,37],[-6,-69],[-49,-16],[-31,13],[-25,46],[60,26],[-8,36],[-56,0],[-24,63],[54,58],[-50,89],[-5,42],[-48,-9],[-41,-31],[-28,49],[-89,24],[3,63],[-20,84],[46,85],[-46,4],[-5,75],[-71,-2],[-54,32]],[[33001,16505],[782,754]],[[33783,17259],[1098,-983],[24,53],[34,23],[64,6],[41,48],[56,23],[59,-23],[30,26],[107,-63],[25,-35],[11,-68],[38,-35],[168,17],[60,65],[75,22],[19,-28],[224,-25],[49,-70],[90,-8],[11,-41],[58,9],[196,-11],[71,35]],[[36391,16196],[64,28],[10,33],[75,-82],[44,17],[8,-80],[-21,-41],[111,-277],[37,17],[54,56],[-3,66],[31,105],[74,54],[82,-27],[-3,-75],[25,-45],[-48,-41],[69,-7],[8,-78],[51,-23],[-24,-81],[69,-72],[-6,-23],[614,682],[11,-60],[42,-24],[3,-131],[20,-63],[50,-12],[33,-63],[-25,-72],[7,-37],[-36,-75],[-31,-29],[28,-111],[25,-15],[-17,-70],[81,-47],[25,2],[45,-55],[700,-4],[7,-73],[33,-14],[30,-128],[45,-94],[34,-32],[62,-19],[49,30],[34,-2],[65,-55],[167,-251],[95,-15],[59,42],[40,5],[77,48],[44,48],[10,35],[53,39],[33,48],[116,27],[30,65]],[[39756,15140],[-2,-1252],[3,-13]],[[15472,16393],[38,-49],[62,-35],[71,-10],[65,-40],[-6,-80],[-42,-94],[4,-51],[50,-140],[38,-22],[10,-43],[-23,-49],[10,-56],[53,-41]],[[15724,15522],[-45,24],[-81,-13],[-57,45],[-43,2],[-118,-90],[-108,-6],[-53,28],[-37,-20],[-86,4],[-96,76],[-82,10],[-65,27],[-80,-8],[-53,30],[-57,-44],[-359,60],[33,39],[-8,75],[14,32],[-22,80],[28,63],[-22,84],[4,38],[35,65],[3,48],[75,67],[28,83],[4,105],[-9,50],[-34,23],[-50,-23],[-49,7],[-90,-30],[-56,10],[-85,73],[-42,5],[-20,36],[-109,57],[-90,9],[-28,54],[-4,54],[-76,14],[1,44],[50,72],[38,15],[-11,71],[38,44],[-71,47]],[[13779,17089],[51,56],[-11,41]],[[15634,17035],[126,41],[-53,80],[6,58],[-24,22],[19,65],[92,49],[36,86],[24,6]],[[15860,17442],[8,-29],[70,-60],[164,-54],[73,45],[40,-34],[62,-4],[60,-108],[-6,-33],[12,-149],[65,-41],[70,-114],[96,37],[89,-8],[79,32],[124,0],[37,17]],[[13642,17332],[-6,27],[44,83],[34,24],[10,47],[33,29],[51,-26]],[[21313,17107],[-144,-45],[11,-41],[-39,-58],[39,-8],[83,-50]],[[21263,16905],[-68,-55],[-118,78],[6,122],[-34,23],[-75,2],[-47,19],[-60,-8],[-41,21],[-22,84],[-59,30],[-81,-12],[-50,-44],[-63,-9],[-63,17],[-103,-30],[-51,-54],[-69,119],[-67,71],[-40,5]],[[20158,17284],[-9,51],[-34,14],[3,65]],[[13390,17633],[61,93],[57,44]],[[19220,17830],[71,-10],[29,-23],[58,17],[63,-17],[51,24],[14,-80],[40,7],[11,51],[-37,39],[35,35],[39,-31],[79,-93],[53,-13],[37,16],[12,-47],[-32,-45],[-3,-44],[-47,-44],[98,-13],[43,-38],[11,-75],[27,-33],[79,-28],[17,-75],[28,-61],[83,-38],[33,14],[46,59]],[[21263,16905],[36,-30],[13,-49],[119,-44],[40,-26],[68,0],[68,53],[79,-14],[63,64],[35,-58],[33,-23],[41,8],[28,-52],[120,-22]],[[18113,17193],[-78,84],[-53,27],[-17,33],[-41,-7],[-170,291],[103,42]],[[15860,17442],[-20,67],[21,29],[88,27]],[[16605,17789],[43,-8],[103,-75],[55,4],[95,-21],[89,-32]],[[16990,17657],[52,27],[302,207],[40,-95],[26,0],[46,-47],[39,11],[61,-23],[45,3],[61,-103],[29,-16],[23,-59],[18,-100],[37,-76],[40,-47],[65,-25],[9,-56],[41,-65]],[[39785,16175],[-378,1016],[42,-18],[19,-65],[29,-41],[55,-7],[59,36],[9,46],[32,28],[81,17],[66,-24],[45,18],[58,-34],[33,5],[56,-34],[26,23],[-27,57],[-17,92],[9,46],[77,37],[4,133],[41,45],[51,24],[28,67],[59,-43],[56,36],[22,68],[87,34],[138,118]],[[40545,17855],[38,1],[43,76],[60,43],[98,45],[76,-18],[49,35],[27,-7],[-18,-63],[6,-73],[100,-20],[21,36],[79,29],[51,-10],[62,39],[45,-12],[83,-69],[182,-8],[122,26],[160,-19],[22,-85],[59,-25],[48,63],[119,80],[27,-15],[67,5],[56,24],[114,-116],[131,12],[31,-60],[97,-76],[40,-70],[-63,-52],[39,-56],[113,-43],[11,-56],[-43,7],[-32,-36],[36,-80],[90,-71],[50,9],[15,-49],[-12,-55],[-96,-31],[-1,-78],[46,-49],[24,-88],[-1,-38],[-46,-42],[-50,13],[-41,-45],[0,-47],[23,-57],[93,-25],[27,-34],[58,-111],[35,-36],[-6,-70],[-67,41],[-105,5],[-43,22],[-71,-73],[15,-86],[-47,11],[-76,-35],[-28,33],[-95,-26],[-78,23],[35,41],[-40,97],[-73,-57],[-49,34],[-71,-96],[-126,135],[-47,33],[-34,76],[-58,22],[-9,65],[-76,21],[-26,59],[-58,-3],[-176,-112],[-11,-77],[-74,6],[-78,-66],[-42,-17],[8,-63],[-41,-3],[-34,-49],[-28,40],[-45,8],[-52,91],[-131,1],[2,-32],[-56,-8],[-69,-125],[-92,1],[-107,-65],[-43,-56],[-50,-9],[-46,49],[-50,-22],[-48,9],[-119,-35],[-26,29],[-57,-4],[-82,-106],[-69,29],[-27,33],[-50,22],[-55,-11],[-3,-82],[-84,-20],[-2,40],[-60,34]],[[23250,17557],[40,-85],[33,-40],[50,-19],[4,-80],[60,-35],[69,-105],[37,-19],[-12,-90],[-23,-8],[-2,-67],[-89,-79],[8,-55],[64,-99],[1,-75],[24,-25],[-24,-51],[58,-52],[-10,-60],[45,-13],[37,-58],[62,2],[94,-90],[113,0],[239,-311],[-8,-46],[43,-36],[-11,-88],[11,-40],[38,-41],[11,-68],[75,-79],[16,-40],[-3,-66],[-19,-34],[9,-49],[96,-53],[66,-180],[17,-90],[57,-92],[-7,-64],[34,-58],[-10,-35],[28,-48],[2211,0],[14,-31],[50,-8],[22,-103],[157,-104],[48,-10],[53,-51],[92,0],[76,90],[43,5],[25,-72],[33,-10],[68,57],[57,-93],[48,5],[48,-30],[75,32],[157,0],[24,27],[103,44],[25,45],[79,-6],[156,-56],[61,-1],[-12,-73],[81,-12],[42,-61],[42,12],[128,-47],[89,37],[43,-39],[36,51],[55,-31],[25,58],[43,6],[23,-50],[64,-29],[15,58],[128,24],[24,-44],[32,40],[30,-57],[28,22],[11,71],[-49,77],[41,128],[-64,56],[-57,-31],[-84,57],[-84,11],[-26,29],[9,43],[-62,20],[-60,-15],[-28,44],[-117,136],[-27,-64],[-52,-15],[-63,52],[61,21],[-33,48],[-85,24],[-47,45],[-30,-48],[-29,40],[-72,-32],[-22,70],[-78,21],[17,129],[-76,32],[-44,-20],[-56,18],[-25,46],[9,157],[-47,-20],[-63,29],[3,61],[-30,39],[-36,95],[7,57],[-49,55],[-49,-75],[-31,16],[43,58],[-123,86],[-95,-38],[-14,82],[-82,48]],[[27424,16074],[40,48],[2,64],[48,73],[32,76],[-2,68],[99,72],[33,57],[65,33],[19,38],[-24,33],[18,53],[-26,34],[22,37],[-24,98],[55,55],[3,81],[93,125],[14,82],[-17,38],[8,63],[31,28],[14,77],[30,78],[-6,23],[36,133],[51,35],[0,42],[72,34],[21,32],[125,40],[168,38],[12,-44],[35,-6],[44,-39],[44,9],[90,-50],[9,-37],[53,-18],[187,69]],[[28898,17746],[-29,-36],[44,-44],[62,-40],[116,20],[38,-37],[-37,-70],[13,-51],[35,-2],[71,-57],[26,-67],[59,11],[66,-32],[60,-6],[13,-45],[58,27],[101,11],[26,29],[59,-22],[17,51],[60,23],[-12,56],[25,20],[78,19],[26,61],[55,18],[26,60],[-12,44],[84,-21],[43,10],[35,42],[60,1],[-22,93],[47,-35],[-3,102],[-39,16],[-31,85],[75,1],[34,23],[-65,42],[-2,85],[65,-12],[-1,60],[46,-17],[69,41],[-26,34],[72,15],[18,-22],[96,3],[-28,-42],[-2,-56],[46,-52],[55,-12],[32,43],[43,91],[1,58]],[[30644,18263],[92,-12],[16,-63],[71,2],[53,-42],[22,72],[54,-52],[-5,-19],[60,-61],[101,-31],[52,-38],[59,-67],[59,-28],[65,-15],[33,-43],[42,19],[49,-7],[53,42],[42,-13],[5,-37],[97,-108],[9,-49],[82,-63],[-37,-58],[34,-66],[79,-24],[-21,-71],[-31,-53],[62,-20],[67,60],[49,-29],[-18,-96],[44,-63],[-37,-29],[53,-104],[38,44],[-25,75],[98,20],[26,-37],[-11,-48],[-36,-50],[45,-59],[-75,-48],[59,-94],[78,-62],[28,8],[-19,99],[63,-21],[36,-71],[55,-68],[-25,-72],[1,-39],[64,-48],[33,6],[25,75],[51,-3],[32,-38],[26,29],[87,10],[6,40],[48,-4],[-6,-43],[39,-56],[54,-21],[44,21],[48,-67],[-19,-64],[71,-36],[63,30]],[[16526,18612],[71,-62],[1,-69],[109,-26],[29,-77],[81,13],[43,-5],[54,-34],[32,19],[52,-37],[-67,-145],[-67,-77],[-26,-5],[-20,-62],[79,-55],[8,-74],[-23,-6],[-22,-85],[55,-38],[49,-68],[26,-62]],[[14829,18669],[6,36],[42,26],[60,70],[116,26]],[[14474,18880],[45,-19]],[[14519,18861],[19,-39],[29,-151],[42,-27],[83,-28],[58,-89],[58,-58],[22,-54]],[[14519,18861],[60,89],[50,-1],[77,-58],[0,-113],[40,-23],[92,81],[26,46],[64,31],[18,-11],[57,50],[89,109]],[[23633,19550],[607,-958],[106,-80],[18,-89],[58,-49],[72,-23],[30,-42],[49,-26],[59,-2],[79,-54],[25,-57],[43,-35],[20,-62],[37,-35],[125,-44],[51,-44],[4,-99],[78,-51],[81,-114],[47,-5],[43,-64],[81,-15],[10,-50],[64,-21],[38,-38],[44,-94],[94,-23],[8,-44],[63,-30],[30,7],[19,-71],[54,-17],[81,-69],[63,-15],[34,-40],[32,30],[69,-29],[-26,-91],[3,-94],[50,-79],[45,-18],[-8,-37],[119,-78],[21,-92],[62,-118],[38,-30],[-17,-32],[109,-90],[55,18],[42,-13],[28,63],[28,9],[64,-54],[42,-14],[-28,-66],[57,-19],[20,-60],[85,26],[31,-25],[1,-39],[93,4],[42,55],[40,-15],[70,102],[76,-6],[45,56],[28,-41],[37,14],[27,-111],[56,-35],[-30,-69],[57,-16],[13,-29]],[[13133,19286],[-37,28],[69,57],[26,-5],[26,73],[2,48],[-19,61],[39,94]],[[49633,19673],[80,69],[81,30],[21,43],[105,46],[88,0],[78,36],[45,-13],[41,14],[-2,53]],[[50170,19951],[50,-21],[29,-47],[-8,-74],[18,-53],[-15,-105],[16,-44],[56,-32],[73,-149],[8,-54],[35,-111],[-13,-185],[36,-61],[91,-37],[64,-96],[28,-116],[-21,-78],[-66,-23],[-27,-63],[18,-78],[69,-67],[-4,-52],[-790,-210],[-13,17],[26,71],[-18,119],[-34,27],[0,83],[-89,36],[12,26],[-70,75],[-4,45],[-38,11],[16,96],[136,-27],[122,118],[-10,74],[-29,81],[15,110],[20,18],[-8,57],[-35,9],[-8,53],[-29,43],[0,86],[17,37],[-38,101],[9,41],[-32,37],[-102,34]],[[33783,17259],[99,61],[22,82],[-10,32],[17,73],[24,1],[62,77],[52,-3],[50,22],[49,-20],[26,-48],[77,9],[54,39],[105,165],[93,53],[-2,27],[41,95],[4,73],[44,63],[46,-44],[42,26],[-58,81],[3,37],[58,24],[30,-54],[-17,-75],[44,-38],[75,-33],[57,33],[-31,62],[-52,20],[-10,90],[-71,53],[15,38],[-25,51],[-62,4],[5,42],[38,23],[-18,139],[48,34],[3,60],[33,23],[5,63],[50,71],[7,69],[51,33],[-7,37],[38,72],[3,58],[-17,46],[23,51],[70,47],[5,70],[39,70],[15,64],[-5,66],[53,75],[41,12],[74,93],[-28,104],[32,94],[-26,52],[-22,169],[37,43]],[[35181,20115],[68,2],[142,-104],[52,31],[107,-103],[102,-44]],[[35652,19897],[23,-61],[-35,-48],[-7,-74],[619,-1045],[284,-516]],[[36536,18153],[-58,-776],[21,-68],[-12,-58],[-38,-15],[-337,-310],[279,-730]],[[36536,18153],[512,631],[1324,1516],[95,-19],[10,-39],[199,-67],[89,14],[36,-21],[76,-6],[52,17],[60,-19],[27,-63],[64,-32],[105,-19],[121,-68],[81,-59],[119,-55],[27,-22],[61,-12],[96,15],[82,3],[36,31],[99,-3],[32,-24],[31,22],[120,1],[92,54],[34,32],[65,-10],[32,17],[48,90]],[[40361,20058],[35,-31],[45,16]],[[40441,20043],[-3,-2144],[48,9],[59,-53]],[[39785,16175],[-27,-11],[-2,-1024]],[[11716,18102],[-68,178],[-218,-56],[-25,-51],[-43,-23],[-77,25],[6,-67],[-40,-4],[-35,66],[38,42],[-13,58],[-83,-39],[-48,15],[-33,43],[-55,16],[-50,-31]],[[10972,18274],[77,509],[2,46],[37,25],[34,78],[74,-3],[76,46],[55,2],[107,40],[40,41],[47,-43],[63,22],[22,-16],[13,-64],[92,-50],[60,-51],[32,28],[11,69],[-19,124],[12,81],[-15,58],[7,94],[18,46],[-26,117],[45,96],[-4,184]],[[11832,19753],[37,68],[27,14],[32,68],[-41,92],[46,85],[-20,20]],[[11913,20100],[56,73],[16,-67],[-4,-57],[23,-47],[73,-5],[21,30],[58,5],[57,64],[57,-21],[79,28],[111,10],[47,37],[142,-67],[34,1],[111,81],[22,49],[57,53],[64,11],[70,-16],[51,71],[45,11],[12,30],[75,30],[47,-9],[36,23],[77,77],[47,19]],[[30644,18263],[508,1013],[11,-53],[94,-8],[74,-81],[67,-15],[37,14],[50,-16],[21,-28],[57,-9],[55,33],[97,13],[26,-12],[50,50],[-6,33],[47,18],[-18,41],[49,93],[61,15],[31,-16],[24,60],[69,23],[35,-23],[22,59],[-48,62],[-9,46],[25,36],[-66,47],[-36,-34],[-94,9],[-17,73],[-108,1],[0,60],[-19,87],[52,94],[-19,99],[-26,31],[23,31],[-34,25],[36,82],[74,21],[33,39],[-58,94],[-70,43],[-57,12],[-5,35],[-53,58]],[[31629,20518],[1173,377],[26,34],[99,-19],[63,66],[54,20],[57,-16],[66,3],[48,-21],[28,-37],[68,-29],[13,-23],[67,0],[34,-55],[62,-53],[34,-88],[38,-55],[70,-34],[53,-1],[59,-32],[41,27],[57,-4],[174,-103],[77,56],[23,-25],[11,-76],[86,-30],[61,-36],[140,-4],[244,-55],[224,-72],[302,-118]],[[10972,18274],[-41,108],[-64,28],[-30,46],[-123,1],[-101,9],[-50,64],[-64,41],[-47,124],[-77,64],[-59,16],[-5,40],[-55,65],[-37,-3],[-53,35],[-46,57],[-62,-10],[11,46],[-58,9],[-20,64],[-57,20],[-16,56],[-46,29],[49,48],[-74,20],[-25,-12],[-75,79],[-17,60],[27,24],[-8,42],[20,49],[-49,16],[-52,-40],[-32,-2],[-39,61],[-59,7],[-44,58],[-86,64],[-64,4],[-64,109],[1,84],[115,63],[68,77],[76,117],[142,130],[53,72],[158,99],[63,20],[80,-5],[33,-38],[44,23],[24,-17],[57,35],[43,-10],[-42,-58],[-144,-22],[60,-50],[41,45],[67,-78],[18,-78],[31,48],[43,23],[45,0],[45,48],[61,-14],[29,27],[41,-9],[136,9],[-2,-68],[65,17],[41,-92],[20,33],[8,81],[37,41],[-5,130],[25,51],[-26,159]],[[10831,20663],[41,-8],[33,67],[-49,204],[49,166],[40,31]],[[10945,21123],[2,-28],[-55,-115],[-2,-74],[60,-82],[66,-25],[75,-66],[42,-88],[4,-57],[-40,-88],[44,-22],[36,-67],[2,-70],[-77,-59],[104,-69],[65,-18],[46,-42],[36,-60],[22,-111],[65,-87],[19,-62],[-25,-22],[-83,-21],[0,-50],[89,-89],[18,-34],[-116,-112],[-26,-50],[-8,-77],[41,-85],[51,-9],[40,51],[83,39],[-8,32],[64,95],[-7,98],[76,-10],[51,22],[30,35],[2,50],[101,57]],[[10788,22465],[-11,-41],[17,-92],[-23,-23],[49,-101],[-5,-56],[-22,-38],[17,-35],[98,-29],[9,-45],[88,-37],[-2,-26]],[[11003,21942],[-26,-65],[-46,-63],[-32,2],[-33,-60],[-61,-29],[7,-67],[-84,-35],[-48,1],[-34,-35],[-69,47],[-28,-26],[4,-81],[-87,71],[-48,17],[3,64],[-30,28],[-47,-27],[-21,45]],[[10323,21729],[64,108],[29,-19],[39,69],[-12,36],[16,51],[120,132],[-18,26],[28,144],[77,89],[88,139],[34,-39]],[[21261,35132],[-4,48]],[[30050,49439],[20,-34],[-17,-91],[48,-49],[-26,-64],[-44,-41]],[[47713,27899],[15,-18],[18,-97],[2,-114],[22,-83],[-2,-67],[28,-56],[69,-63],[44,-95],[18,-68],[-1,-114],[36,-99],[40,-26],[35,-75],[102,-10]],[[48139,26914],[85,-125],[19,-77],[46,-61],[-51,-99],[5,-59],[-23,-42],[-58,-4],[-2,-48],[-57,-20],[-74,-88],[-44,-11],[-104,-99],[-183,-93],[1,-25],[-87,-70],[-99,-25],[-32,-95],[-36,-3],[-37,-62],[-90,-57],[-75,-63],[-51,-152],[36,-64],[8,-115],[29,-119],[31,-34],[102,-32],[42,-24],[4,-35],[-28,-45],[-3,-79],[21,-27],[16,-82],[21,-6]],[[47471,24874],[-78,-101],[-59,9],[-6,31],[-82,44],[-146,-24],[-127,-108],[-108,-2],[-63,-11],[-72,-75],[-30,-62],[-79,-6],[-32,16],[-51,65],[-132,29],[-59,-20],[-147,18],[-66,-14],[42,-65],[-15,-46],[13,-95],[-53,-79],[7,-47],[-131,9],[-398,99],[-30,28],[-73,29],[-45,-50],[-27,-59],[-153,-80],[-91,-24],[-62,-64],[-66,-37],[20,-38],[-38,-29],[-43,-3],[-44,-59],[-125,-60],[-90,-11],[-8,-52],[-83,-57],[-20,10],[-77,-39],[-40,9],[-65,-12],[-15,-49],[-102,-95],[-75,-3],[-29,-29],[-92,-41],[-22,-70],[-71,-19],[-24,-32],[-116,-39],[-51,-59],[-34,2],[-124,-86],[-70,-1],[-26,-43],[-94,-88],[-127,-37],[-23,-19],[-83,4],[-90,-125],[-41,19],[-32,-16],[-74,21],[-85,6],[-62,-60],[2,-86],[-42,-58],[24,-51],[-4,-39],[-53,-17],[-36,-58],[-26,-150],[-40,-37],[36,-34],[-21,-32],[29,-59],[-31,-58],[2,-73]],[[42717,22230],[-37,3]],[[42680,22233],[-571,1373],[-20,38],[19,76],[-22,42],[-101,74],[-17,36],[-42,16],[-31,44]],[[41895,23932],[41,32],[-5,27],[33,58],[-65,46],[4,41],[31,39],[15,100],[50,93],[-59,90],[37,49],[67,-22],[92,-63],[27,105],[58,72],[148,99],[24,40],[12,65],[59,21],[59,-27],[62,-4],[161,111],[34,11],[51,73],[4,27],[57,70],[105,3],[59,-31],[47,-42],[54,-9],[81,25],[10,37],[118,-13],[39,28],[71,103],[72,62],[25,0],[74,65],[70,18],[40,-32],[82,56],[14,57],[112,104],[117,31],[50,40],[61,-8],[65,39],[28,-1],[111,45],[91,16],[25,49],[94,48],[39,-16],[105,53],[63,57],[69,15],[59,-10],[40,57],[39,22],[-2,58],[35,97],[-22,54],[-60,34],[-61,15],[-149,-3],[-66,-31],[-76,-5],[-56,32],[-178,-5],[-129,100],[-57,95],[-35,37],[-73,31],[-76,17],[-54,38],[-44,-34],[-68,12],[4,115],[16,27]],[[17190,31546],[38,38],[39,7],[65,-27],[51,85],[55,54],[74,-17],[84,3],[95,63],[28,72],[-32,27]],[[31629,20518],[-19,104],[54,78],[-18,31],[-54,14],[-30,57],[-2,55],[-92,105],[-41,24],[-75,84],[-26,-12],[-77,30],[-17,73],[-51,49],[-52,5],[-68,72],[-9,104],[-39,31],[-44,-31],[-51,-6],[-61,23],[-10,25],[-83,-46],[-82,-96],[-12,-67],[30,-33],[-1,-106],[-40,-21],[-20,114],[-43,17],[-44,52],[-9,40],[-33,25],[5,49],[-82,97],[13,40],[-61,50],[-8,61],[-56,-18],[-31,44],[-34,-7],[-78,23],[-110,-78],[-57,32],[-78,-14],[-50,8],[-103,-20],[-33,-45]],[[29747,21534],[-11,79],[25,36],[61,34],[16,65],[68,120],[41,-6],[50,22],[59,-1],[33,61],[36,28],[134,-27],[57,-46],[34,17],[50,86],[1,67],[45,43],[7,109],[32,96],[44,62],[9,58],[26,22],[91,-23],[150,5],[64,-11],[98,9],[65,-25],[226,-39],[55,10],[40,-44],[59,-19],[48,7],[46,-66],[819,-14],[82,-12],[11,-48],[75,16],[69,-57],[73,-3],[39,15],[86,5],[82,-37],[20,-44],[69,-76],[110,10],[16,-61],[80,-5],[45,-31],[25,-65],[34,-24],[77,-100],[34,-3],[88,-39],[68,25],[70,107],[27,-1],[70,-42],[29,44],[7,51],[114,78],[-30,74],[46,20],[25,-119],[66,-12],[65,-33],[63,-84],[85,29],[85,-3],[50,-20],[0,-103],[39,-12],[24,-63],[37,-13],[52,55],[7,-61],[-15,-85],[45,-36],[26,6],[53,-52],[30,0],[60,-36],[33,63],[-84,50],[51,30],[28,-48],[43,28],[0,104],[-40,26],[11,30],[-27,58],[40,41],[168,-35],[113,-14],[83,51],[71,-10],[-12,61],[62,34],[-10,51],[78,17],[29,40],[49,19],[54,-4],[81,90],[80,-7],[8,36],[119,52],[56,-48],[-26,-29],[10,-47],[-85,-92],[66,-79],[30,-53],[-64,-53],[40,-56],[61,-44],[33,60],[100,-70],[6,-40],[51,-18],[29,48],[-26,142],[105,-76],[34,-4],[102,37],[8,-44],[42,-37],[10,-110],[52,24],[-7,59],[65,28],[29,-42],[54,-43],[35,53],[-70,41],[-37,59],[77,44],[17,-39],[98,-26],[69,19],[70,0],[28,-68],[36,-31],[69,26],[43,-19],[29,-62],[-1,-46],[39,-17],[6,63],[47,24],[42,-2],[-14,86],[62,27],[16,-85],[76,14],[-17,34],[72,9],[27,-38],[58,52],[62,-4],[20,-31],[73,78],[29,17],[66,99],[47,-11],[81,4],[62,-71],[45,32],[83,27],[-15,48],[13,38],[48,14],[40,-83],[45,4],[25,-35],[32,55],[-7,71]],[[38067,21950],[39,-36],[49,9],[12,-90],[54,-36],[49,1],[26,25],[35,-28],[35,41],[-8,38],[69,8],[35,25],[41,-42],[74,4],[72,-59],[51,-9],[35,40],[20,-48],[56,-34],[51,-49],[53,51],[-4,97],[61,-49],[103,92],[75,-60],[36,-46],[52,-11],[97,24],[77,39],[36,39],[-44,16],[31,38],[63,-45],[51,17],[18,-22],[60,4],[40,45],[32,64],[64,-24],[-27,-35],[81,-17],[23,-71],[-6,-56],[96,-37],[-3,-34],[-39,-44],[-32,-62],[-51,-22],[11,-38],[-88,-11],[-10,-54],[-73,-23],[-115,-104],[21,-52],[-8,-42]],[[39543,21277],[-66,-36],[-104,-28],[-24,-64],[-61,-50],[-105,-23],[-48,46],[-120,-36],[-43,-26],[-126,-16],[-27,-45],[-69,-4],[-28,-45],[-48,27],[-41,46],[-43,-51],[-30,31],[-75,-42],[-135,1],[8,-51],[-21,-29],[-47,12],[-28,-59],[-54,3],[-40,24],[-74,-9],[-47,-55],[-113,-24],[-26,27],[-40,-41],[-77,-29],[-44,-31],[-74,7],[-29,-28],[-51,22],[-57,-20],[-113,69],[-34,-53],[-74,21],[-89,2],[-42,-28],[-58,8],[-29,30],[-62,9],[-65,-40],[-13,40],[-82,-3],[-35,-112],[-52,-16],[-153,-139],[-50,1],[-25,-53],[-57,-8],[-72,-41],[-41,3],[-55,-30],[-56,14],[-95,-78],[-57,4],[-47,-45],[-128,-54],[-112,-95],[-26,-54],[-162,-136]],[[40361,20058],[-98,73],[-62,29],[-75,-11],[-135,9],[-55,14],[-35,36],[-60,-2],[-17,21],[-93,26],[-51,79],[-37,2],[-48,36],[-57,80],[-42,9],[-87,101],[-90,9],[-17,51],[19,67],[40,50]],[[39361,20737],[46,24],[47,-1],[62,-31],[30,20],[97,13],[33,120],[29,68],[54,-8],[11,30],[72,17],[100,42],[190,22],[65,-60],[113,-14],[160,-8],[69,-43],[72,-13],[38,16],[35,-19],[116,4],[25,29],[53,-3],[73,33],[34,-1],[52,34],[39,72],[-5,89],[39,44],[126,75],[33,39],[24,91],[27,-4],[46,37],[54,68],[34,71],[42,40],[51,103],[40,29],[-18,62],[53,37],[7,87],[19,32],[-15,95],[56,48],[57,-11],[148,79],[46,-57],[57,13],[12,-86],[58,-19],[208,48],[33,-7],[68,58],[30,8],[33,46],[33,-15],[65,25],[39,-5],[29,65],[75,-32]],[[42717,22230],[14,-51],[59,-17],[54,9],[57,-31],[37,20],[42,-34],[87,-19],[55,5],[23,43],[128,53],[31,95],[53,21],[88,2],[48,36],[36,48],[71,-1],[69,-42],[43,8],[28,53],[57,-30],[58,24],[54,-21],[18,-33],[39,14],[12,43],[54,3],[47,42],[52,-101],[89,31],[23,37],[38,-43],[-73,-100],[-17,-37],[5,-60],[21,-57],[-76,-75],[-5,-39],[-77,-98],[-105,-38],[-51,7],[-23,-145],[8,-54],[-32,-73],[1,-90],[-30,-97],[22,-55],[68,-105],[88,37],[6,33],[88,47],[68,-5],[84,15],[64,-6],[58,-86],[54,-24],[47,18],[52,-5],[21,-31],[60,27],[56,-45],[33,14],[103,-42],[40,17],[115,-22],[62,36],[161,23],[124,7],[8,50],[36,-4],[74,-46],[104,-14],[94,56],[24,148],[38,91],[-15,36],[82,15],[65,-34],[80,-60],[64,-166],[-33,-55],[-25,-107],[-43,-45],[-3,-70],[14,-56],[38,-60],[78,-76]],[[45981,20889],[-40,-51],[-17,-59],[-39,-18],[5,-38],[-34,-125],[-55,-42],[-51,-101],[35,-58],[87,19],[44,-11],[-30,-126],[90,-43],[44,38],[45,-9],[48,-42],[-36,-36],[-15,-64],[101,-34],[-2022,-1],[-2161,-2],[-96,34],[-30,26],[-58,-8],[-42,27],[-56,-24],[-68,60],[-131,54],[-83,-17],[-67,-55],[-39,-7],[-94,-81],[-65,-22],[-26,23],[-32,-39],[-106,44],[-122,13],[-57,-30],[-38,-42],[-73,-7],[-10,-32],[-111,-8],[-135,48]],[[49633,19673],[37,134],[-15,39],[-12,188],[-25,35],[29,32],[-11,108],[50,45],[-28,24],[7,40],[-78,1],[-20,51],[37,17],[-86,99],[-74,17],[-47,68],[-26,159],[-21,-19],[-52,15],[-120,-18],[-58,-37],[-31,1],[-34,85],[-46,66],[10,24],[-35,89],[-45,20],[-5,43],[25,98],[-44,8],[-13,70],[30,53],[-31,97],[6,57],[93,119],[-5,62],[-68,34],[-56,76],[-4,62],[-106,58],[-61,-29],[-30,-105],[-40,11],[-42,-94],[-43,6],[-93,-22],[-69,0],[-137,-50],[-75,47],[-23,-26],[-23,-114],[43,-61],[-36,-42],[-58,-160],[-79,-11],[-9,-65],[-33,-46],[-72,-57],[-64,62]],[[47817,21037],[34,24],[-10,98],[31,51],[-15,63],[20,30],[12,85],[30,91],[32,61],[-22,23],[4,55],[41,42],[47,73],[-1,70],[-51,86],[-71,57],[-63,14],[-93,79],[84,109],[13,74],[-15,112],[68,97],[-28,31],[-8,99],[72,31],[21,-30],[39,39],[47,-4],[23,-34],[72,-37],[66,-15],[42,-38],[52,36],[24,75],[76,23],[46,-4],[55,-38],[76,8],[79,55],[93,18],[69,32],[131,29],[37,-14]],[[48976,22693],[27,-48],[86,-84],[21,-65],[69,-41],[55,-2],[72,-69],[60,-34],[30,-61],[87,-106],[4,-29],[-36,-60],[-58,-44],[-16,-53],[9,-85],[-21,-48],[66,-105],[5,-43],[35,-111],[100,-151],[47,-24],[71,39],[38,-9],[26,-51],[7,-86],[23,-68],[7,-72],[-59,-104],[-29,-150],[31,-7],[35,-56],[114,-93],[32,-76],[7,-50],[40,-113],[39,-48],[-8,-123],[16,-76],[40,-50],[27,-63],[1,-41],[35,-45],[45,-124],[14,-13]],[[17571,32637],[-57,49],[8,82],[-45,79],[-29,-1],[-27,63],[62,11],[53,47],[55,-8],[166,41],[39,-22],[-2,116],[-27,67],[48,78],[69,53],[-18,76],[27,68]],[[19033,33326],[-67,-66],[-55,-17],[-25,-33],[-50,-11],[-8,-68],[-68,-53],[-67,12],[-76,-29],[-29,-66],[-53,-24],[-41,-64],[-63,-13],[-3,-84],[-34,-98],[-32,-10],[5,-140]],[[39543,21277],[-32,-71],[-9,-91],[26,-47],[-1,-62],[-49,-31],[-43,-69],[-5,-67],[-53,-22],[-24,-34],[8,-46]],[[29821,42687],[-24,-70],[-41,2],[-27,-72],[10,-54],[35,-35],[-11,-38],[43,-91],[-40,-44],[26,-46],[-48,-49]],[[33436,32929],[10,57],[58,37],[66,-58],[69,-24],[107,31],[33,-49],[159,18],[31,-13],[124,120],[22,-26],[47,7],[45,-33],[65,-4]],[[11913,20100],[-65,58],[-30,60],[12,64],[-31,54],[-10,71],[18,23],[-33,101],[-5,109],[-21,81],[20,21],[29,162],[-39,56],[27,106]],[[11785,21066],[29,35],[70,-9],[39,26],[75,7]],[[11998,21125],[64,3],[30,46],[-29,91],[30,44],[-9,70]],[[12084,21379],[145,-19],[58,-66],[65,11],[76,-60],[61,70],[39,-31],[57,-5],[37,41],[58,-47],[44,-18],[43,32],[36,71],[46,5],[0,-64],[86,-15],[52,17],[47,-10],[16,-44],[31,-2],[-15,-95],[73,-109],[23,-62],[-23,-48],[41,-94],[141,-112],[84,28],[150,0],[27,22],[95,-26],[51,-27],[17,-39],[44,-28]],[[14760,20947],[60,39],[37,-48],[5,-42],[56,-22],[43,24],[26,-16],[62,15],[-10,74],[9,95],[-91,56],[-50,47],[12,44],[39,47],[12,73],[55,43],[32,53]],[[28898,17746],[-87,53],[-47,-3],[-5,39],[-74,38],[-77,67],[-21,2],[-18,71],[-66,29],[-6,27],[-53,9],[-6,36],[-57,35],[-15,61],[-51,13],[-23,35],[12,206],[-31,34],[-22,133],[-58,-14],[-44,70],[4,53],[-39,44],[-13,67],[-100,33],[-19,59],[-89,7],[-45,59],[12,56],[-9,48],[-104,103],[-23,62],[-76,49],[-29,86],[-95,83],[3,21],[-54,62],[-19,57],[13,63]],[[27467,19699],[-2,1515]],[[27465,21214],[83,31],[66,-6],[40,-20],[134,6],[23,-68],[123,-14],[-1,-50],[59,-45],[4,71],[62,41],[28,-10],[102,51],[118,36],[105,-16],[118,-1],[91,-12],[44,-18],[-10,-51],[84,-54],[20,22],[91,19],[73,47],[62,-17],[100,14],[35,80],[38,16],[46,-26],[-20,-52],[10,-34],[77,-3],[65,-69],[121,55],[110,73],[58,86],[37,34],[-26,68],[30,26],[82,110]],[[10945,21123],[-27,81],[45,75],[-32,41],[-25,129],[82,45],[-2,62],[46,60],[-33,21],[18,43],[-4,48],[18,65],[76,56]],[[11107,21849],[91,-15],[28,-23],[38,13],[25,-45],[-25,-20],[36,-66],[97,-35]],[[11397,21658],[-9,-40],[48,-84],[-3,-57],[81,-45],[13,-52],[-16,-74],[61,-50],[-12,-46],[58,0],[-4,-47],[30,-17],[55,13],[-3,-70],[89,-23]],[[10831,20663],[-68,9],[-64,-26],[-31,23],[-12,159],[31,13],[24,73],[-67,80],[-99,10],[-111,-90],[-10,189],[-31,101],[-36,170],[-44,33],[-32,154],[42,168]],[[11003,21942],[60,-13],[44,-80]],[[26537,22823],[43,5],[872,231],[236,60],[123,44],[32,-45],[16,-59],[83,-89],[67,-91],[10,-58],[-40,-64],[28,-72],[52,14],[72,-24],[34,-32],[9,-94],[36,-8],[-43,-89],[5,-85],[22,-59]],[[28194,22308],[-32,-13],[34,-112],[-33,-37],[-26,51],[-37,29],[-39,-16],[-69,-2],[2,-65],[-46,2],[15,53],[-28,47],[-5,54],[-114,-47],[-45,-48],[-50,15],[10,62],[-55,9],[-66,-13],[-47,-46],[3,-34],[51,-26],[-10,-43],[-56,-38],[23,-75],[-50,-52],[-60,35],[1,-784]],[[27467,19699],[-31,-13],[-74,70],[-72,-2],[-92,32],[-44,-29],[-65,21],[-65,-7],[-70,-54],[-53,-18],[-74,2],[-32,-15],[-67,34],[-53,3],[-61,61],[-108,-30],[-82,-38],[-28,-40],[-39,0],[-20,46],[-7,69],[-104,25],[-65,42],[-37,2],[-119,-58],[-35,60],[13,54],[-33,50],[-135,44],[-116,0],[-56,12],[-37,28],[6,114],[-33,56],[-188,-44],[-61,63],[-96,48],[-93,15],[-98,-7],[-57,13],[-87,67],[-119,-1],[-93,-17],[-77,35],[-14,33],[-115,48],[-70,14],[-27,35],[19,170],[-32,56],[13,96],[20,42],[-26,69],[-64,70],[-3,50],[-45,33],[-34,49],[15,76],[-57,7],[-53,-23],[-19,38],[49,32],[-46,38],[16,84],[63,32],[90,22],[-21,59],[12,105],[-9,33],[-41,24],[-40,-8],[-40,-37],[-20,45],[-92,38],[29,49],[37,5],[-12,54],[-48,34],[-85,26],[-23,63],[-38,10],[-25,-74],[-32,11],[-12,43],[-47,-28],[-18,36],[28,110],[-6,37],[31,81],[33,14],[50,92],[39,115],[33,37],[51,2],[1,78],[34,78],[1,59],[45,21],[-28,51],[-48,23],[-31,44],[-1,92],[24,36],[86,57],[-1,55],[52,44],[59,10],[-6,59],[61,4]],[[10788,22465],[22,17],[5,88],[17,75],[80,68],[48,6],[39,76],[47,57],[63,25],[31,66],[21,3],[21,72],[114,29],[65,-8],[82,115],[77,42],[75,24]],[[11595,23220],[13,-198],[12,-66],[54,-93],[-8,-42],[-51,-33],[-73,-25],[6,-75],[-16,-66],[31,-36],[-2,-53],[-28,-91],[-47,-86],[-77,-112],[-12,-44],[-92,-185],[-11,-60],[-37,-29],[140,-268]],[[11595,23220],[53,5]],[[11648,23225],[11,-74],[71,-128],[48,-64],[25,-116],[45,-43],[46,-70],[-10,-176],[91,-19],[30,-35],[23,-62],[-39,-63],[-24,-131],[39,-97],[-28,-58],[35,-51],[-49,-73],[26,-136],[12,-183],[-27,-134],[6,-75],[27,-48],[2,-69],[-21,-28],[3,-60],[-16,-29],[24,-78]],[[12950,23165],[43,-157],[3,-169],[-37,-112],[1,-96],[27,-92],[-5,-128],[14,-37],[49,-41],[21,-94],[37,-43],[10,-61],[-11,-52],[77,-172],[44,-26],[2,-97],[-19,-58],[14,-79],[45,-49],[48,6],[69,-28],[70,-73],[170,-44],[109,61],[116,15],[64,36],[143,-13],[15,10]],[[14069,21572],[12,-89],[-8,-129],[29,-36],[-3,-72],[26,-155],[-107,14],[-30,16],[-37,-34],[-69,1],[-34,-43],[-8,-43],[-34,-36],[-155,12],[-104,46],[-62,56],[-220,99],[-9,57],[-31,49],[-76,71],[-171,67],[-25,62],[-45,66],[18,55],[33,20],[-3,70],[35,10],[3,60],[-42,80],[-64,74],[-9,90],[-80,96],[-42,19],[-49,95],[-44,108],[-35,17],[-55,100],[-44,20],[15,67],[-38,43],[2,38],[-118,35],[59,106],[-25,28],[-30,76],[-3,86],[-17,79],[-60,62],[7,91]],[[12322,23176],[56,11],[45,-34],[28,-73],[56,3],[79,108],[52,-14],[59,27],[101,29],[29,-70],[65,-48],[38,5],[20,45]],[[11648,23225],[128,-8],[44,21],[119,16]],[[11939,23254],[13,-44],[107,-177],[26,-72],[-8,-71],[-19,-37],[15,-37],[40,-15],[34,-120],[-16,-75],[25,-74],[9,-90],[-10,-413],[-48,-266],[-23,-384]],[[11939,23254],[196,30],[70,26],[44,-74],[-10,-59],[83,-1]],[[14069,21572],[85,44],[61,73],[44,-20],[75,12],[70,-23],[44,7],[0,70],[53,85],[-5,71],[46,79],[56,-1],[118,-48],[79,-52],[37,28]],[[12950,23165],[74,18],[-26,62],[24,57],[66,17],[49,39],[94,-21],[3,39],[116,-40],[76,0]],[[13426,23336],[32,-8],[29,42],[84,-60],[26,25],[86,-24],[28,-28],[74,-37],[74,13],[68,-86],[71,-9],[40,-68],[58,-34],[16,-93],[28,-99],[80,-80],[45,-28],[47,-4],[74,-33],[70,-46],[49,38],[35,-49],[30,-6],[15,-98],[-8,-71],[-21,-44],[12,-34],[95,-24],[-21,-40],[16,-48],[79,-6]],[[38067,21950],[-63,45],[-65,-16],[-28,23],[-64,8],[-81,68],[-10,102]],[[37756,22180],[-2,33],[69,70],[-3,74],[47,68],[51,152],[-34,24],[0,44],[-33,94],[38,41],[43,9],[45,-34],[79,-10],[142,-77],[23,-69],[85,-11],[61,24],[28,-25],[56,-1],[-13,48],[22,77],[2,561],[65,-78],[13,-64],[57,-41],[10,-36],[73,-23],[53,-50],[107,-45],[19,-29],[92,32],[38,-4],[98,76],[21,4],[145,-77],[43,-3],[85,-39],[44,-82],[43,-34],[118,-23],[38,25],[114,27],[76,6],[107,-11],[1,534],[84,12],[55,41],[81,-39],[175,20],[21,-15]],[[40338,23356],[61,36],[158,37],[100,-16],[143,37],[-22,45],[12,35],[-31,29],[9,33],[-75,57],[-2,52],[35,29],[67,119],[69,17],[28,42],[87,11],[49,-7],[58,27],[32,-20],[94,-7],[29,-18],[58,8],[58,-18],[100,41],[42,-13],[56,67],[67,12],[53,-18],[55,36],[47,-8],[97,-39],[23,-30]],[[38212,23663],[-1501,-612],[42,-112],[45,-45],[49,23],[47,-32],[66,33],[55,11],[51,-47],[21,-62],[139,-58],[23,37],[49,26],[43,-4],[37,-32],[2,-82],[42,-66],[112,-70],[-3,-31],[84,-76],[-14,-45],[55,-72],[11,-40],[89,-127]],[[28194,22308],[23,-5],[29,-79],[-25,-57],[6,-60],[39,5],[4,73],[40,25],[75,-20],[7,-30],[-28,-45],[32,-16],[43,26],[-1,103],[60,21],[32,-20],[-4,-68],[-31,-19],[7,-43],[53,12],[35,55],[-21,39],[55,12],[66,-78],[70,57],[43,20],[68,-36],[31,23],[-10,55],[-75,2],[78,57],[49,1],[83,-22],[52,20],[12,28],[58,9],[-7,-99],[48,-10],[42,35],[40,-3],[13,37],[-52,27],[24,43],[51,2],[28,-94],[57,50],[83,98]],[[29476,22439],[41,4],[49,40],[38,-85],[68,70],[121,66],[25,72],[51,18],[55,-52],[35,51],[-29,76],[-70,-18],[-2,52],[53,43]],[[29911,22776],[70,32],[-7,77],[41,33],[44,-13],[22,28],[79,22],[72,66],[104,57],[61,-10],[39,-80],[87,-50],[87,-7],[56,46],[46,96],[31,27],[60,4],[44,-45],[23,-125],[49,12],[-2,91],[67,78],[60,-6],[31,-32],[-2,-75],[17,-28],[49,28],[-21,159],[31,24],[54,2],[19,49],[-51,16],[28,54],[50,-11],[43,22],[-10,51],[63,-5],[43,-30],[81,-15],[40,13],[27,45],[-16,106],[83,1],[28,18]],[[31631,23501],[98,-48],[59,36],[34,38],[73,112],[78,53],[64,10],[36,-17],[37,-69],[76,18],[21,25],[-19,76],[19,40],[39,10],[103,-138],[86,-45],[43,31],[-4,69],[-60,51],[-7,78],[17,88],[68,38],[132,-36],[19,70],[48,7],[39,-38],[43,-120],[61,-50],[104,-31],[90,40],[69,3],[43,-20],[35,-75],[52,72],[43,31],[50,5],[94,-18],[191,50],[74,-17],[33,15],[17,46],[-5,79],[68,-9],[55,-54],[-16,-130],[31,-14],[37,45],[38,74],[-4,59],[-24,84],[35,4],[48,-42],[43,-80],[91,-68],[29,-7],[36,40],[6,73],[66,3],[14,-39],[-53,-99],[6,-28],[67,-11],[61,16],[38,55],[84,21],[56,-17],[34,34],[-43,46],[66,9],[51,-29],[33,5],[36,57],[125,-25],[38,-57],[55,6],[-6,89],[26,40],[95,-76],[42,-13],[60,-60],[38,-21],[39,96],[-14,46],[57,22],[28,-19],[-1,-81],[45,-9],[60,117],[-9,90],[59,11],[43,-57],[3,-109],[79,-22],[57,57],[27,-12],[5,-50],[32,-20],[77,23],[17,58],[85,25],[44,29],[37,-68],[36,-31],[51,35],[12,67],[58,-85],[61,-13],[42,32],[35,-3]],[[13426,23336],[-24,59],[19,62],[-37,6],[11,62],[27,46],[33,-12],[51,26],[29,-15],[67,85],[-42,20],[-32,43],[70,61],[57,8],[23,34],[68,177],[-15,35],[21,51],[75,117]],[[13827,24201],[84,-57],[15,-55],[71,-39],[43,11],[47,55],[118,-7],[68,-23],[63,22],[69,-13],[87,-42],[95,3],[149,-56],[34,20],[92,-83],[48,-8],[1,-59],[145,-84],[-47,-120],[26,-53],[16,-81],[-21,-53],[14,-59],[59,-94],[-1,-48],[48,-16],[89,67],[15,46]],[[29911,22776],[414,913],[-24,37],[-44,-4],[-28,42],[-52,-22],[12,85],[-48,73],[-32,12],[-28,48],[3,40]],[[30084,24000],[23,24],[86,9],[93,79],[-18,47],[34,108],[57,50],[-17,28],[15,87],[38,-7],[2,-74],[100,-26],[21,-32],[80,-60],[23,-44],[99,-60],[83,-135],[60,-28],[-11,-69],[13,-29],[80,3],[-7,-45],[30,-26],[36,23],[23,-29],[43,2],[17,-46],[71,-25],[28,-55],[44,-41],[88,-56],[36,-44],[63,-25],[62,1],[58,43],[39,8],[55,-55]],[[29476,22439],[-41,-35],[-96,67],[-37,-29],[-85,46],[-33,-4],[-64,48],[-18,39],[-50,10],[-45,101],[-76,-29],[-48,1],[-12,31],[-79,13],[-80,62],[-45,-29],[-92,79],[-38,114],[5,61],[-33,74],[39,71],[8,117],[-44,82],[31,75],[-27,101],[-23,-6],[-158,52],[1,44],[-79,37],[-111,102],[-62,25],[-2,45],[-30,43],[-38,-11],[-6,58],[-61,5],[32,101],[45,30],[42,62],[13,46],[59,-1],[54,16],[86,-21]],[[28278,24132],[155,-4],[14,49],[396,290],[399,221],[44,-62],[125,-119],[85,-57],[56,-13],[215,-5],[51,12],[28,-48],[108,-89],[44,39],[52,-67]],[[30050,24279],[-49,-60],[39,-54],[-34,-53],[78,-112]],[[47471,24874],[11,-38],[79,-6],[46,-50],[86,6],[37,40],[75,-6],[255,72],[24,-25],[121,39],[26,50],[38,26],[66,-27],[29,11]],[[48364,24966],[-1179,-1044],[-4,-254],[89,12],[20,64],[33,51],[39,16],[96,-18],[100,34],[45,3],[15,-70],[170,-49],[93,-20],[69,47],[57,12],[31,-13],[88,-104],[7,-119],[69,-60],[3,-38],[-21,-114],[21,-81],[30,-11],[52,49],[54,17],[60,-23],[64,2],[74,-164],[47,3],[70,-77],[54,-44],[77,-33],[30,-100],[131,-65],[29,-41],[-1,-41]],[[47817,21037],[-67,-25],[-15,27],[-100,7],[-2,49],[-96,28],[-55,1],[2,-76],[-28,-42],[-62,-21],[-22,-57],[-63,-53],[-20,-72],[-50,-3],[-76,-50],[-9,-38],[-44,-61],[-105,10],[-20,-16],[44,-103],[-46,-12],[26,-75],[24,-106],[-116,52],[-63,43],[-40,-16],[-50,49],[-39,10],[-59,-50],[-30,-62],[-54,22],[14,28],[-41,55],[-13,107],[-108,78],[-36,-7],[-34,47],[-17,62],[-75,80],[8,24],[-60,44],[-71,-31],[-60,61],[-25,152],[-47,-143],[-36,-65]],[[28096,24792],[-143,-104],[59,-54],[96,-53],[73,-74],[44,-14],[39,-91],[-5,-60],[-23,-45],[-21,-111],[63,-54]],[[13827,24201],[-2,59],[15,63],[-42,7],[-40,50],[81,150],[46,66],[112,69],[135,180],[26,19],[53,106],[18,80],[30,45],[90,-71],[41,-16],[34,47],[-10,52]],[[14414,25107],[58,-25],[51,28],[-18,53],[41,4],[50,46],[52,19],[44,-36],[1,-31],[42,-69],[37,2],[36,-35],[-6,-88],[66,-47],[7,-64],[55,-15],[88,83],[10,32],[90,-57],[22,-67],[77,-7],[42,-61],[52,-31],[60,50],[-2,44],[49,-6],[83,77],[86,45],[58,-1],[21,-29],[107,83],[62,-19],[55,-38],[92,-17],[22,10],[46,-40],[68,-1],[85,-122],[112,-16],[47,56],[-8,29],[49,62],[0,71],[17,77],[55,3],[32,22],[79,12],[141,-7],[26,-10],[74,36]],[[39733,25716],[254,-825],[351,-851],[0,-684]],[[31733,25844],[42,-78],[102,-98],[21,-41],[177,-15],[46,-9],[29,24],[54,-30],[133,2],[82,-86],[-6,-32],[42,-171],[41,-13],[62,29],[36,-1],[86,76],[134,27],[37,-14],[34,70],[95,62],[100,25],[87,50],[60,12],[22,43],[71,30],[53,-18],[86,39],[101,-1],[86,29],[48,-58],[112,36],[40,50],[99,21],[122,94],[47,-23],[65,66],[77,36],[12,24],[63,14],[59,-44],[136,27],[127,-52],[82,-46],[75,12],[73,30],[68,-1],[7,32],[127,36],[45,-26],[147,21],[27,-19],[42,16],[99,-39],[38,-67],[41,-21],[91,14],[37,17],[20,40],[53,-4],[35,-35],[73,9],[71,-18],[-2,-31],[62,-38],[-10,-56],[59,-39],[12,-44],[45,-31],[47,34],[62,-5],[37,-89],[35,-23]],[[30050,24279],[24,27],[-4,64],[-47,62],[5,74],[18,40],[-16,34],[36,124],[-27,82],[-41,21],[16,33],[61,43],[20,36],[-19,69],[-1,99],[-19,37],[71,142]],[[48139,26914],[154,19],[42,52],[80,-21],[50,-84],[2,-63],[23,-65],[45,-67],[61,-28],[-18,-59],[49,-53],[-34,-107],[17,-88],[43,-35],[2,-43],[64,-79],[15,-126],[21,-72],[23,-29],[84,-15],[105,-54],[31,-85],[61,-117],[2,-53],[-46,-38],[-39,-109],[-69,-75],[-63,-28],[-22,-29],[-9,-93],[11,-56],[-183,1],[-277,-249]],[[17104,25819],[-45,0],[-97,22],[-38,105],[-62,7],[-3,45],[-61,118],[-39,48],[-118,66],[-41,-2],[1,49],[28,49],[-18,40],[-58,38],[-54,-14],[11,77],[51,39],[65,4],[80,-25],[48,37],[5,32],[52,63],[1,48],[-33,61],[-65,29],[-3,61],[32,38],[-11,41],[77,12],[63,43],[26,53],[-38,82],[-8,61],[-116,182]],[[14414,25107],[-43,67],[-53,-8],[-49,-28],[-31,22],[184,245],[27,6],[26,55],[61,36],[101,104],[32,16],[31,-27],[25,76],[57,61],[64,126],[53,-97],[77,54],[-15,75],[-94,56],[-21,32],[19,35],[108,107],[9,46],[103,132],[103,10],[114,42],[29,-10],[73,85],[38,10],[11,82],[35,67],[56,-34],[1,135],[-41,27],[-40,-38],[-32,212],[93,21],[-3,65],[-33,133],[47,-18],[64,-3],[18,23],[97,38],[30,93],[67,32],[47,-4],[64,36],[-89,71],[-1,42],[-51,-6],[5,-67],[-50,-28],[-81,4],[-54,-49],[-97,-42],[-8,-42],[-53,20],[-34,-18],[-104,7],[-40,-23],[-117,35],[-14,40],[-57,35],[-8,43],[44,10],[19,60],[-77,39],[-27,-13],[-13,75],[33,23],[-22,59],[54,33],[67,75],[37,19],[73,4],[135,69],[-13,23],[52,51],[13,74],[-63,30],[-53,-9],[7,46],[-54,35],[-14,-39],[-51,-37],[-23,56],[-59,-90],[-34,-3],[-65,-74],[-41,-164],[-22,-10],[-48,-148],[-37,-18],[-44,83],[-55,75],[-153,118],[-58,101]],[[14578,27877],[17,59],[46,101],[3,66],[-37,51],[-4,54],[22,31],[50,-9],[105,18],[3,46],[41,28],[9,35],[74,56],[83,-37],[34,-46],[44,-21],[63,56],[-1,76],[24,51],[58,43],[49,-21],[1,-145],[91,-95],[37,10],[20,46],[55,-1],[74,38],[47,-19],[36,-61],[90,-90],[-13,-57],[53,-30],[62,51],[13,-42],[49,-48],[135,-10],[29,27],[51,-7],[24,66],[40,-14],[107,21],[67,-52],[68,-25],[5,-54],[42,1],[34,-29],[62,-118],[45,-29]],[[14578,27877],[-122,189],[-77,37],[-59,70],[5,131],[-7,73],[-18,47],[19,112],[3,80],[34,71],[55,49],[57,-18],[-23,-54],[11,-45],[98,57],[17,24],[74,1],[42,65],[-67,25],[63,64],[47,85],[39,33],[59,86],[60,58],[41,58],[-11,52],[26,217],[9,35],[56,29],[-6,36],[-39,10],[16,93],[19,20]],[[15901,29339],[46,-35],[-33,-34],[48,-34],[73,19],[111,-57],[64,33],[93,-57],[28,18],[55,-13],[71,2],[74,18],[11,-44],[90,23],[28,-12],[120,10],[5,-87],[65,-11],[-1,54],[114,-9],[80,-37],[13,-39],[110,-11],[82,24],[42,-29],[50,0]],[[17340,29031],[39,-78],[40,-54],[92,-28],[69,18],[60,-5]],[[17340,29031],[-31,37],[-23,86],[-65,119],[-32,12],[10,44],[41,52],[48,23]],[[25581,51594],[-36,104],[-28,34],[23,109],[-15,63],[-29,45],[39,80],[-40,52],[74,62],[18,64],[52,48],[24,75],[-15,29],[81,8],[64,-29],[-29,94],[77,26],[11,-55],[64,30],[42,2],[61,-29],[31,9],[2,74],[45,-10],[37,25],[35,-12],[62,14],[149,-21],[111,-86],[44,-5],[134,-47],[69,-54],[56,-29],[229,-60],[53,5],[48,24],[156,-38],[56,24],[127,-30],[232,39],[62,-13]],[[28975,52452],[72,51],[22,70],[100,64],[57,76],[85,22],[82,41],[220,221],[127,71],[99,32],[50,38],[126,68],[69,22]],[[31906,54131],[127,74],[81,29],[60,50],[117,73],[58,62],[57,111],[30,104],[48,63],[21,64],[67,105],[13,63],[57,134],[-11,53],[-6,184],[-18,86],[-18,19],[-82,4],[74,83],[46,25],[142,-22],[89,1],[150,33],[69,-1],[134,47],[50,-27],[-45,-98],[-64,-32],[-41,-80],[62,-18],[13,-29],[-8,-75],[60,54],[13,-55],[75,21],[26,-17],[36,54],[-12,31],[94,65],[91,-16],[24,89],[-56,50],[26,52],[-68,13],[-3,81],[-27,9],[-115,-16],[-29,26],[45,56],[55,31],[85,70],[92,97],[52,-18],[47,-104],[35,-33],[60,-15],[31,77],[100,2],[28,12],[57,65],[7,55],[-51,50],[61,35],[20,53],[36,8],[19,-60],[-45,-23],[4,-34],[96,-28],[-14,43],[48,31],[40,-5],[84,56],[39,-12],[30,39],[-93,-8],[27,43],[-36,32],[-138,-54],[-40,-1],[-80,-29],[16,61],[37,35],[90,28],[77,46],[77,-14],[80,-50],[230,-18],[48,18],[57,-10],[53,-30],[111,-35],[71,-45],[20,-39],[60,-43],[105,12],[155,-55],[116,-67],[42,24],[95,-39],[125,-93],[78,-78],[-8,-63],[19,-46],[65,-100],[155,-275],[128,-193],[15,-143],[-11,-49],[-68,-108],[-55,-12],[-96,-64],[-34,4],[-132,-98],[-24,-1],[-157,-154],[-26,34],[-74,-4],[-51,20],[2,-66],[69,25],[14,-70],[-34,-27],[-35,-70],[-71,-37],[-7,-37],[-146,-31],[33,-54],[-356,-111],[-435,-111],[-125,-46],[-526,-177],[-133,-20],[-306,-72],[-136,-22],[-27,-52]],[[1263,59380],[50,-97],[-25,-12],[-9,-64],[-57,-34],[-55,7],[-4,92],[18,45],[63,25],[19,38]],[[29718,47704],[40,-13],[-7,-63],[35,-41],[-43,-42],[64,-20],[4,-45],[93,-39],[-46,-74],[-30,-12],[-29,-49],[-45,-31],[-52,-110],[-10,-68],[-28,-17],[-68,-87],[-6,-32],[-65,-76],[-19,-95],[-32,-59]],[[29474,46731],[-100,-12],[-74,31],[-86,-64],[-135,40],[-99,-36],[-68,-68],[-55,-12],[-59,17],[-81,-20],[-31,-31],[-68,9],[-67,24],[-77,58],[-49,49],[13,34],[-98,57],[-83,81],[-55,6],[-96,41],[-60,-64]],[[20495,35361],[7,148],[-35,71],[3,124]],[[20635,35746],[47,-75],[10,-61],[89,-65],[61,-1],[34,-21],[104,19],[123,-46],[30,-36]],[[21133,35460],[33,40],[39,-12]],[[20707,35067],[-108,-27]],[[21133,35460],[-46,149],[42,20],[29,75],[-63,75],[4,19]],[[21249,35939],[-2,-122],[28,-59],[4,-73],[96,-68]],[[17199,33315],[-12,-78],[-52,-49],[-27,-122],[11,-29],[-5,-85],[31,-11],[2,-98],[50,-34],[2,-35],[-56,-37],[35,-94],[11,-63]],[[29474,46731],[-28,-69],[14,-37],[-24,-52],[-15,-100],[-140,-3],[-62,-41],[-44,-79],[-64,-62],[5,-77],[-74,-6],[-20,-25],[55,-70],[-52,-40],[-18,-43]],[[20849,34881],[-74,60],[-22,55],[30,10]]],"transform":{"scale":[0.0002940058244796394,0.0002967069861306064],"translate":[-81.735609651,-4.232850488860897]},"objects":{"COL":{"type":"GeometryCollection","geometries":[{"arcs":[[0,1,2,3]],"type":"Polygon","properties":{"name":"San Rafael","shapeGroup":"COL","gid":"COL-2-0"},"id":"COL-2-0"},{"arcs":[[-4,4,5,6,7,8,9]],"type":"Polygon","properties":{"name":"San Roque","shapeGroup":"COL","gid":"COL-2-1"},"id":"COL-2-1"},{"arcs":[[10,11,12,13,14,15,16]],"type":"Polygon","properties":{"name":"San Vicente","shapeGroup":"COL","gid":"COL-2-2"},"id":"COL-2-2"},{"arcs":[[17,18,19,20,21,22,23]],"type":"Polygon","properties":{"name":"Santa Bárbara","shapeGroup":"COL","gid":"COL-2-3"},"id":"COL-2-3"},{"arcs":[[24,25,26,27,28]],"type":"Polygon","properties":{"name":"Santuario","shapeGroup":"COL","gid":"COL-2-4"},"id":"COL-2-4"},{"arcs":[[29,30,31,32,33,34]],"type":"Polygon","properties":{"name":"Segovia","shapeGroup":"COL","gid":"COL-2-5"},"id":"COL-2-5"},{"arcs":[[35,36,37,38,39,40,41,42,43,44,45,46]],"type":"Polygon","properties":{"name":"Sonsón","shapeGroup":"COL","gid":"COL-2-6"},"id":"COL-2-6"},{"arcs":[[47,48,49,50,51]],"type":"Polygon","properties":{"name":"Sopetrán","shapeGroup":"COL","gid":"COL-2-7"},"id":"COL-2-7"},{"arcs":[[52,53,54,55,56,57,58]],"type":"Polygon","properties":{"name":"Támesis","shapeGroup":"COL","gid":"COL-2-8"},"id":"COL-2-8"},{"arcs":[[59,60,61,62,63]],"type":"Polygon","properties":{"name":"Tarazá","shapeGroup":"COL","gid":"COL-2-9"},"id":"COL-2-9"},{"arcs":[[64,65,66,67,68]],"type":"Polygon","properties":{"name":"Tarso","shapeGroup":"COL","gid":"COL-2-10"},"id":"COL-2-10"},{"arcs":[[69,70,71,72,73]],"type":"Polygon","properties":{"name":"Titiribí","shapeGroup":"COL","gid":"COL-2-11"},"id":"COL-2-11"},{"arcs":[[74,75,76,77]],"type":"Polygon","properties":{"name":"Uramita","shapeGroup":"COL","gid":"COL-2-12"},"id":"COL-2-12"},{"arcs":[[-61,78,79,80,81]],"type":"Polygon","properties":{"name":"Valdivia","shapeGroup":"COL","gid":"COL-2-13"},"id":"COL-2-13"},{"arcs":[[-54,82,83,84]],"type":"Polygon","properties":{"name":"Valparaíso","shapeGroup":"COL","gid":"COL-2-14"},"id":"COL-2-14"},{"arcs":[[85,86,87,88]],"type":"Polygon","properties":{"name":"Vegachí","shapeGroup":"COL","gid":"COL-2-15"},"id":"COL-2-15"},{"arcs":[[-69,89,90,-71,91,92]],"type":"Polygon","properties":{"name":"Venecia","shapeGroup":"COL","gid":"COL-2-16"},"id":"COL-2-16"},{"arcs":[[-86,93,94]],"type":"Polygon","properties":{"name":"Yali","shapeGroup":"COL","gid":"COL-2-17"},"id":"COL-2-17"},{"arcs":[[-80,95,96,97,98,99,100]],"type":"Polygon","properties":{"name":"Yarumal","shapeGroup":"COL","gid":"COL-2-18"},"id":"COL-2-18"},{"arcs":[[-7,101,102,103,104,105,106,-87,-95,107,108,109]],"type":"Polygon","properties":{"name":"Yolombó","shapeGroup":"COL","gid":"COL-2-19"},"id":"COL-2-19"},{"arcs":[[-33,110,111,112,113,114]],"type":"Polygon","properties":{"name":"Zaragoza","shapeGroup":"COL","gid":"COL-2-20"},"id":"COL-2-20"},{"arcs":[[115,116,117,118,119]],"type":"Polygon","properties":{"name":"Distrito Especial, Industrial Y Portuario De Barr*","shapeGroup":"COL","gid":"COL-2-21"},"id":"COL-2-21"},{"arcs":[[120,121,122,123,124,125,126]],"type":"Polygon","properties":{"name":"Baranoa","shapeGroup":"COL","gid":"COL-2-22"},"id":"COL-2-22"},{"arcs":[[127,128,129,130,131,132,133,134]],"type":"Polygon","properties":{"name":"Campo De La Cruz","shapeGroup":"COL","gid":"COL-2-23"},"id":"COL-2-23"},{"arcs":[[-130,135,136,137]],"type":"Polygon","properties":{"name":"Candelaria","shapeGroup":"COL","gid":"COL-2-24"},"id":"COL-2-24"},{"arcs":[[-117,138,139,-121,140]],"type":"Polygon","properties":{"name":"Galapa","shapeGroup":"COL","gid":"COL-2-25"},"id":"COL-2-25"},{"arcs":[[-126,141,142,143,144]],"type":"Polygon","properties":{"name":"Juan De Acosta","shapeGroup":"COL","gid":"COL-2-26"},"id":"COL-2-26"},{"arcs":[[145,146,147,148]],"type":"Polygon","properties":{"name":"Luruaco","shapeGroup":"COL","gid":"COL-2-27"},"id":"COL-2-27"},{"arcs":[[-122,-140,149,150,151,152]],"type":"Polygon","properties":{"name":"Malambo","shapeGroup":"COL","gid":"COL-2-28"},"id":"COL-2-28"},{"arcs":[[-129,153,154,155,156,-136]],"type":"Polygon","properties":{"name":"Manatí","shapeGroup":"COL","gid":"COL-2-29"},"id":"COL-2-29"},{"arcs":[[157,158,159,160]],"type":"Polygon","properties":{"name":"Palmar De Varela","shapeGroup":"COL","gid":"COL-2-30"},"id":"COL-2-30"},{"arcs":[[-143,161,162,-149,163,164]],"type":"Polygon","properties":{"name":"Piojó","shapeGroup":"COL","gid":"COL-2-31"},"id":"COL-2-31"},{"arcs":[[-123,-153,165,166,167]],"type":"Polygon","properties":{"name":"Polonuevo","shapeGroup":"COL","gid":"COL-2-32"},"id":"COL-2-32"},{"arcs":[[-131,-138,168,-168,169,-160,170,171]],"type":"Polygon","properties":{"name":"Ponedera","shapeGroup":"COL","gid":"COL-2-33"},"id":"COL-2-33"},{"arcs":[[-118,172,173]],"type":"Polygon","properties":{"name":"Puerto Colombia","shapeGroup":"COL","gid":"COL-2-34"},"id":"COL-2-34"},{"arcs":[[-147,174,-156,175,176,177,178,179]],"type":"Polygon","properties":{"name":"Repelón","shapeGroup":"COL","gid":"COL-2-35"},"id":"COL-2-35"},{"arcs":[[-152,180,181,-166]],"type":"Polygon","properties":{"name":"Sabanagrande","shapeGroup":"COL","gid":"COL-2-36"},"id":"COL-2-36"},{"arcs":[[-124,-169,-137,-157,-175,-146,-163,182]],"type":"Polygon","properties":{"name":"Sabanalarga","shapeGroup":"COL","gid":"COL-2-37"},"id":"COL-2-37"},{"arcs":[[-128,183,184,185,-154]],"type":"Polygon","properties":{"name":"Santa Lucía","shapeGroup":"COL","gid":"COL-2-38"},"id":"COL-2-38"},{"arcs":[[-161,-170,-167,-182,186]],"type":"Polygon","properties":{"name":"Santo Tomás","shapeGroup":"COL","gid":"COL-2-39"},"id":"COL-2-39"},{"arcs":[[-116,187,-150,-139]],"type":"Polygon","properties":{"name":"Soledad","shapeGroup":"COL","gid":"COL-2-40"},"id":"COL-2-40"},{"arcs":[[-135,188,189,-184]],"type":"Polygon","properties":{"name":"Suan","shapeGroup":"COL","gid":"COL-2-41"},"id":"COL-2-41"},{"arcs":[[-127,-145,190,-173,-141]],"type":"Polygon","properties":{"name":"Tubará","shapeGroup":"COL","gid":"COL-2-42"},"id":"COL-2-42"},{"arcs":[[-125,-183,-162,-142]],"type":"Polygon","properties":{"name":"Usiacurí","shapeGroup":"COL","gid":"COL-2-43"},"id":"COL-2-43"},{"arcs":[[191,192,193,194,195,196,197,198]],"type":"Polygon","properties":{"name":"Achí","shapeGroup":"COL","gid":"COL-2-44"},"id":"COL-2-44"},{"arcs":[[199,200,201]],"type":"Polygon","properties":{"name":"Altos Del Rosario","shapeGroup":"COL","gid":"COL-2-45"},"id":"COL-2-45"},{"arcs":[[202,203,204]],"type":"Polygon","properties":{"name":"Arenal","shapeGroup":"COL","gid":"COL-2-46"},"id":"COL-2-46"},{"arcs":[[205,206,207,208,209,210]],"type":"Polygon","properties":{"name":"Arjona","shapeGroup":"COL","gid":"COL-2-47"},"id":"COL-2-47"},{"arcs":[[211,212]],"type":"Polygon","properties":{"name":"Arroyohondo","shapeGroup":"COL","gid":"COL-2-48"},"id":"COL-2-48"},{"arcs":[[-202,213,214,215,216]],"type":"Polygon","properties":{"name":"Barranco De Loba","shapeGroup":"COL","gid":"COL-2-49"},"id":"COL-2-49"},{"arcs":[[217,218,219,220,221,222,223]],"type":"Polygon","properties":{"name":"Chita","shapeGroup":"COL","gid":"COL-2-50"},"id":"COL-2-50"},{"arcs":[[224,225,226,227,228]],"type":"Polygon","properties":{"name":"Chitaraque","shapeGroup":"COL","gid":"COL-2-51"},"id":"COL-2-51"},{"arcs":[[229,230,231,232,233,234]],"type":"Polygon","properties":{"name":"Chivatá","shapeGroup":"COL","gid":"COL-2-52"},"id":"COL-2-52"},{"arcs":[[235,236,237,238]],"type":"Polygon","properties":{"name":"Ciénega","shapeGroup":"COL","gid":"COL-2-53"},"id":"COL-2-53"},{"arcs":[[239,240,241,242,243,244,245]],"type":"Polygon","properties":{"name":"Combita","shapeGroup":"COL","gid":"COL-2-54"},"id":"COL-2-54"},{"arcs":[[246,247,248,249,250,251]],"type":"Polygon","properties":{"name":"Coper","shapeGroup":"COL","gid":"COL-2-55"},"id":"COL-2-55"},{"arcs":[[252,253,254,255,256,257,258]],"type":"Polygon","properties":{"name":"Corrales","shapeGroup":"COL","gid":"COL-2-56"},"id":"COL-2-56"},{"arcs":[[259,260,261,262,263]],"type":"Polygon","properties":{"name":"Covarachia","shapeGroup":"COL","gid":"COL-2-57"},"id":"COL-2-57"},{"arcs":[[264,265,266,267,268,269,270]],"type":"Polygon","properties":{"name":"Cubará","shapeGroup":"COL","gid":"COL-2-58"},"id":"COL-2-58"},{"arcs":[[271,272,273]],"type":"Polygon","properties":{"name":"Cucaita","shapeGroup":"COL","gid":"COL-2-59"},"id":"COL-2-59"},{"arcs":[[274,275,276,277]],"type":"Polygon","properties":{"name":"Cuìtiva","shapeGroup":"COL","gid":"COL-2-60"},"id":"COL-2-60"},{"arcs":[[278,279,280,281,282]],"type":"Polygon","properties":{"name":"Chíquiza","shapeGroup":"COL","gid":"COL-2-61"},"id":"COL-2-61"},{"arcs":[[283,284,285,286,287,288]],"type":"Polygon","properties":{"name":"Chivor","shapeGroup":"COL","gid":"COL-2-62"},"id":"COL-2-62"},{"arcs":[[289,290,291,292,293]],"type":"Polygon","properties":{"name":"Duitama","shapeGroup":"COL","gid":"COL-2-63"},"id":"COL-2-63"},{"arcs":[[-224,294,295,296,297,298,299]],"type":"Polygon","properties":{"name":"El Cocuy","shapeGroup":"COL","gid":"COL-2-64"},"id":"COL-2-64"},{"arcs":[[300,301,302,303,304]],"type":"Polygon","properties":{"name":"El Espino","shapeGroup":"COL","gid":"COL-2-65"},"id":"COL-2-65"},{"arcs":[[305,306,307,308,309,310]],"type":"Polygon","properties":{"name":"Firavitoba","shapeGroup":"COL","gid":"COL-2-66"},"id":"COL-2-66"},{"arcs":[[-256,311,312,313,314,315]],"type":"Polygon","properties":{"name":"Floresta","shapeGroup":"COL","gid":"COL-2-67"},"id":"COL-2-67"},{"arcs":[[316,317,318,319]],"type":"Polygon","properties":{"name":"Gachantivá","shapeGroup":"COL","gid":"COL-2-68"},"id":"COL-2-68"},{"arcs":[[-253,320,321,322,323]],"type":"Polygon","properties":{"name":"Gameza","shapeGroup":"COL","gid":"COL-2-69"},"id":"COL-2-69"},{"arcs":[[324,325,326,327,328,329,330,331]],"type":"Polygon","properties":{"name":"Garagoa","shapeGroup":"COL","gid":"COL-2-70"},"id":"COL-2-70"},{"arcs":[[-303,332,333,334]],"type":"Polygon","properties":{"name":"Guacamayas","shapeGroup":"COL","gid":"COL-2-71"},"id":"COL-2-71"},{"arcs":[[335,336,337,338,339,340,341]],"type":"Polygon","properties":{"name":"Guateque","shapeGroup":"COL","gid":"COL-2-72"},"id":"COL-2-72"},{"arcs":[[-287,342,343,344,-338,345,346]],"type":"Polygon","properties":{"name":"Guayatá","shapeGroup":"COL","gid":"COL-2-73"},"id":"COL-2-73"},{"arcs":[[-267,347,348,-298,349,-301,350]],"type":"Polygon","properties":{"name":"Güicán","shapeGroup":"COL","gid":"COL-2-74"},"id":"COL-2-74"},{"arcs":[[-277,351,-307,352]],"type":"Polygon","properties":{"name":"Iza","shapeGroup":"COL","gid":"COL-2-75"},"id":"COL-2-75"},{"arcs":[[353,354,355,356]],"type":"Polygon","properties":{"name":"Jenesano","shapeGroup":"COL","gid":"COL-2-76"},"id":"COL-2-76"},{"arcs":[[-222,357,358,359,360]],"type":"Polygon","properties":{"name":"Jericó","shapeGroup":"COL","gid":"COL-2-77"},"id":"COL-2-77"},{"arcs":[[361,362,363,364,365,366]],"type":"Polygon","properties":{"name":"Labranza Grande","shapeGroup":"COL","gid":"COL-2-78"},"id":"COL-2-78"},{"arcs":[[-341,367,368,369,370,371]],"type":"Polygon","properties":{"name":"La Capilla","shapeGroup":"COL","gid":"COL-2-79"},"id":"COL-2-79"},{"arcs":[[372,373]],"type":"Polygon","properties":{"name":"La Victoria","shapeGroup":"COL","gid":"COL-2-80"},"id":"COL-2-80"},{"arcs":[[-223,-361,374,375,376,-295]],"type":"Polygon","properties":{"name":"La Uvita","shapeGroup":"COL","gid":"COL-2-81"},"id":"COL-2-81"},{"arcs":[[-282,377,378,379,-318,380]],"type":"Polygon","properties":{"name":"Villa De Leyva","shapeGroup":"COL","gid":"COL-2-82"},"id":"COL-2-82"},{"arcs":[[-289,381,-326,382,383]],"type":"Polygon","properties":{"name":"Macanal","shapeGroup":"COL","gid":"COL-2-83"},"id":"COL-2-83"},{"arcs":[[-252,384,385,386,387,388]],"type":"Polygon","properties":{"name":"Maripí","shapeGroup":"COL","gid":"COL-2-84"},"id":"COL-2-84"},{"arcs":[[-325,389,390,391,392,393]],"type":"Polygon","properties":{"name":"Miraflores","shapeGroup":"COL","gid":"COL-2-85"},"id":"COL-2-85"},{"arcs":[[-323,394,395,-366,396,397,398,399]],"type":"Polygon","properties":{"name":"Mongua","shapeGroup":"COL","gid":"COL-2-86"},"id":"COL-2-86"},{"arcs":[[-399,400,401]],"type":"Polygon","properties":{"name":"Monguì","shapeGroup":"COL","gid":"COL-2-87"},"id":"COL-2-87"},{"arcs":[[-320,402,403,404,405,406,407,408]],"type":"Polygon","properties":{"name":"Moniquira","shapeGroup":"COL","gid":"COL-2-88"},"id":"COL-2-88"},{"arcs":[[-243,409,410,-279,411]],"type":"Polygon","properties":{"name":"Motavita","shapeGroup":"COL","gid":"COL-2-89"},"id":"COL-2-89"},{"arcs":[[-251,412,413,414,415,-385]],"type":"Polygon","properties":{"name":"Muzo","shapeGroup":"COL","gid":"COL-2-90"},"id":"COL-2-90"},{"arcs":[[-355,416,417,418,419,420]],"type":"Polygon","properties":{"name":"Nuevo Colón","shapeGroup":"COL","gid":"COL-2-91"},"id":"COL-2-91"},{"arcs":[[-234,421,-241,422]],"type":"Polygon","properties":{"name":"Oicata","shapeGroup":"COL","gid":"COL-2-92"},"id":"COL-2-92"},{"arcs":[[-415,423,424,425,426,427,428,429,430]],"type":"Polygon","properties":{"name":"Otanche","shapeGroup":"COL","gid":"COL-2-93"},"id":"COL-2-93"},{"arcs":[[-331,431,-371,432,433]],"type":"Polygon","properties":{"name":"Pachavita","shapeGroup":"COL","gid":"COL-2-94"},"id":"COL-2-94"},{"arcs":[[-393,434,435,436,437,438,439,440,441,442]],"type":"Polygon","properties":{"name":"Páez","shapeGroup":"COL","gid":"COL-2-95"},"id":"COL-2-95"},{"arcs":[[-292,443,-310,444,445,446]],"type":"Polygon","properties":{"name":"Paipa","shapeGroup":"COL","gid":"COL-2-96"},"id":"COL-2-96"},{"arcs":[[-364,447,448,449,450]],"type":"Polygon","properties":{"name":"Pajarito","shapeGroup":"COL","gid":"COL-2-97"},"id":"COL-2-97"},{"arcs":[[-297,451,-333,-302,-350]],"type":"Polygon","properties":{"name":"Panqueba","shapeGroup":"COL","gid":"COL-2-98"},"id":"COL-2-98"},{"arcs":[[-387,452,-430,453,454,455,456]],"type":"Polygon","properties":{"name":"Pauna","shapeGroup":"COL","gid":"COL-2-99"},"id":"COL-2-99"},{"arcs":[[-362,457,458,459,460]],"type":"Polygon","properties":{"name":"Paya","shapeGroup":"COL","gid":"COL-2-100"},"id":"COL-2-100"},{"arcs":[[461,462,463,464,465,466,467]],"type":"Polygon","properties":{"name":"Paz De Río","shapeGroup":"COL","gid":"COL-2-101"},"id":"COL-2-101"},{"arcs":[[-308,-352,468,469,470,471,472,473]],"type":"Polygon","properties":{"name":"Pesca","shapeGroup":"COL","gid":"COL-2-102"},"id":"COL-2-102"},{"arcs":[[-367,-396,474,475,-458]],"type":"Polygon","properties":{"name":"Pisba","shapeGroup":"COL","gid":"COL-2-103"},"id":"COL-2-103"},{"arcs":[[-37,476,477,478,479,-426,480,481,482]],"type":"Polygon","properties":{"name":"Puerto Boyacá","shapeGroup":"COL","gid":"COL-2-104"},"id":"COL-2-104"},{"arcs":[[-374,483,-424,-414,484,485]],"type":"Polygon","properties":{"name":"Quípama","shapeGroup":"COL","gid":"COL-2-105"},"id":"COL-2-105"},{"arcs":[[-237,486,487,488,489,-357,490,491]],"type":"Polygon","properties":{"name":"Ramiriquí","shapeGroup":"COL","gid":"COL-2-106"},"id":"COL-2-106"},{"arcs":[[492,493,494,495,496,497,498]],"type":"Polygon","properties":{"name":"Ráquira","shapeGroup":"COL","gid":"COL-2-107"},"id":"COL-2-107"},{"arcs":[[-236,499,500,-471,501,-487]],"type":"Polygon","properties":{"name":"Rondón","shapeGroup":"COL","gid":"COL-2-108"},"id":"COL-2-108"},{"arcs":[[502,503,504,505,506,507,508]],"type":"Polygon","properties":{"name":"Saboyá","shapeGroup":"COL","gid":"COL-2-109"},"id":"COL-2-109"},{"arcs":[[-281,509,-493,510,-378]],"type":"Polygon","properties":{"name":"Sáchica","shapeGroup":"COL","gid":"COL-2-110"},"id":"COL-2-110"},{"arcs":[[-273,511,512,513,-494,-510,514]],"type":"Polygon","properties":{"name":"Samacá","shapeGroup":"COL","gid":"COL-2-111"},"id":"COL-2-111"},{"arcs":[[-436,515,516,517]],"type":"Polygon","properties":{"name":"San Eduardo","shapeGroup":"COL","gid":"COL-2-112"},"id":"COL-2-112"},{"arcs":[[-227,518,-406,519,520,521,522]],"type":"Polygon","properties":{"name":"San José De Pare","shapeGroup":"COL","gid":"COL-2-113"},"id":"COL-2-113"},{"arcs":[[-442,523,524,525,526]],"type":"Polygon","properties":{"name":"San Luis De Gaceno","shapeGroup":"COL","gid":"COL-2-114"},"id":"COL-2-114"},{"arcs":[[-296,-377,527,528,-334,-452]],"type":"Polygon","properties":{"name":"San Mateo","shapeGroup":"COL","gid":"COL-2-115"},"id":"COL-2-115"},{"arcs":[[-497,529,530,531,532]],"type":"Polygon","properties":{"name":"San Miguel De Sema","shapeGroup":"COL","gid":"COL-2-116"},"id":"COL-2-116"},{"arcs":[[-386,-416,-431,-453]],"type":"Polygon","properties":{"name":"San Pablo De Borbur","shapeGroup":"COL","gid":"COL-2-117"},"id":"COL-2-117"},{"arcs":[[-228,-523,533,534]],"type":"Polygon","properties":{"name":"Santana","shapeGroup":"COL","gid":"COL-2-118"},"id":"COL-2-118"},{"arcs":[[-284,-384,535,-526,536,537,538]],"type":"Polygon","properties":{"name":"Santa María","shapeGroup":"COL","gid":"COL-2-119"},"id":"COL-2-119"},{"arcs":[[-290,539,540,-313,541,542]],"type":"Polygon","properties":{"name":"Santa Rosa De Viterbo","shapeGroup":"COL","gid":"COL-2-120"},"id":"COL-2-120"},{"arcs":[[-319,-380,543,-503,544,-403]],"type":"Polygon","properties":{"name":"Santa Sofía","shapeGroup":"COL","gid":"COL-2-121"},"id":"COL-2-121"},{"arcs":[[-359,545,546,-467,547,548,549]],"type":"Polygon","properties":{"name":"Sativanorte","shapeGroup":"COL","gid":"COL-2-122"},"id":"COL-2-122"},{"arcs":[[-468,-547,550,551]],"type":"Polygon","properties":{"name":"Sativasur","shapeGroup":"COL","gid":"COL-2-123"},"id":"COL-2-123"},{"arcs":[[-231,552,-472,-501,553,554]],"type":"Polygon","properties":{"name":"Siachoque","shapeGroup":"COL","gid":"COL-2-124"},"id":"COL-2-124"},{"arcs":[[555,556,557,558]],"type":"Polygon","properties":{"name":"Soatá","shapeGroup":"COL","gid":"COL-2-125"},"id":"COL-2-125"},{"arcs":[[-221,559,-475,-395,-322,560,561,-551,-546,-358]],"type":"Polygon","properties":{"name":"Socotá","shapeGroup":"COL","gid":"COL-2-126"},"id":"COL-2-126"},{"arcs":[[-462,-552,-562,562]],"type":"Polygon","properties":{"name":"Socha","shapeGroup":"COL","gid":"COL-2-127"},"id":"COL-2-127"},{"arcs":[[-278,-353,-306,563,564,565,-401,-398,566]],"type":"Polygon","properties":{"name":"Sogamoso","shapeGroup":"COL","gid":"COL-2-128"},"id":"COL-2-128"},{"arcs":[[-328,567,-346,-337,568]],"type":"Polygon","properties":{"name":"Somondoco","shapeGroup":"COL","gid":"COL-2-129"},"id":"COL-2-129"},{"arcs":[[-274,-515,-280,-411,569]],"type":"Polygon","properties":{"name":"Sora","shapeGroup":"COL","gid":"COL-2-130"},"id":"COL-2-130"},{"arcs":[[-246,570,-446,571]],"type":"Polygon","properties":{"name":"Sotaquirá","shapeGroup":"COL","gid":"COL-2-131"},"id":"COL-2-131"},{"arcs":[[-232,-555,572,-238,-492,573,574]],"type":"Polygon","properties":{"name":"Soracá","shapeGroup":"COL","gid":"COL-2-132"},"id":"COL-2-132"},{"arcs":[[-360,-550,575,-557,576,-375]],"type":"Polygon","properties":{"name":"Susacón","shapeGroup":"COL","gid":"COL-2-133"},"id":"COL-2-133"},{"arcs":[[-379,-511,-499,577,-504,-544]],"type":"Polygon","properties":{"name":"Sutamarchàn","shapeGroup":"COL","gid":"COL-2-134"},"id":"COL-2-134"},{"arcs":[[-329,-569,-336,578]],"type":"Polygon","properties":{"name":"Sutatenza","shapeGroup":"COL","gid":"COL-2-135"},"id":"COL-2-135"},{"arcs":[[-259,579,-463,-563,-561,-321]],"type":"Polygon","properties":{"name":"Tasco","shapeGroup":"COL","gid":"COL-2-136"},"id":"COL-2-136"},{"arcs":[[-330,-579,-342,-372,-432]],"type":"Polygon","properties":{"name":"Tenza","shapeGroup":"COL","gid":"COL-2-137"},"id":"COL-2-137"},{"arcs":[[-354,-490,580,581,-417]],"type":"Polygon","properties":{"name":"Tibana","shapeGroup":"COL","gid":"COL-2-138"},"id":"COL-2-138"},{"arcs":[[-498,-533,582,-505,-578]],"type":"Polygon","properties":{"name":"Tinjacá","shapeGroup":"COL","gid":"COL-2-139"},"id":"COL-2-139"},{"arcs":[[-261,583,584,-559,585]],"type":"Polygon","properties":{"name":"Tipacoque","shapeGroup":"COL","gid":"COL-2-140"},"id":"COL-2-140"},{"arcs":[[-230,586,-473,-553]],"type":"Polygon","properties":{"name":"Toca","shapeGroup":"COL","gid":"COL-2-141"},"id":"COL-2-141"},{"arcs":[[-226,587,-407,-519]],"type":"Polygon","properties":{"name":"Togüí","shapeGroup":"COL","gid":"COL-2-142"},"id":"COL-2-142"},{"arcs":[[-254,-324,-400,-402,-566,588]],"type":"Polygon","properties":{"name":"Tópaga","shapeGroup":"COL","gid":"COL-2-143"},"id":"COL-2-143"},{"arcs":[[-276,589,590,-469]],"type":"Polygon","properties":{"name":"Tota","shapeGroup":"COL","gid":"COL-2-144"},"id":"COL-2-144"},{"arcs":[[-455,591,592,593]],"type":"Polygon","properties":{"name":"Tununguá","shapeGroup":"COL","gid":"COL-2-145"},"id":"COL-2-145"},{"arcs":[[-419,594,595,596]],"type":"Polygon","properties":{"name":"Turmequé","shapeGroup":"COL","gid":"COL-2-146"},"id":"COL-2-146"},{"arcs":[[-235,-423,-240,-572,-445,-309,-474,-587]],"type":"Polygon","properties":{"name":"Tuta","shapeGroup":"COL","gid":"COL-2-147"},"id":"COL-2-147"},{"arcs":[[-466,597,598,599,-548]],"type":"Polygon","properties":{"name":"Tutazá","shapeGroup":"COL","gid":"COL-2-148"},"id":"COL-2-148"},{"arcs":[[-370,600,-595,-418,-582,601,-433]],"type":"Polygon","properties":{"name":"Umbita","shapeGroup":"COL","gid":"COL-2-149"},"id":"COL-2-149"},{"arcs":[[-420,-597,602,603,604,-513,605,606]],"type":"Polygon","properties":{"name":"Ventaquemada","shapeGroup":"COL","gid":"COL-2-150"},"id":"COL-2-150"},{"arcs":[[-239,-573,-554,-500]],"type":"Polygon","properties":{"name":"Viracachá","shapeGroup":"COL","gid":"COL-2-151"},"id":"COL-2-151"},{"arcs":[[-391,607,-488,-502,-470,-591,608,-517,609]],"type":"Polygon","properties":{"name":"Zetaquirá","shapeGroup":"COL","gid":"COL-2-152"},"id":"COL-2-152"},{"arcs":[[610,611,612,613,614,615,616]],"type":"Polygon","properties":{"name":"Manizales","shapeGroup":"COL","gid":"COL-2-153"},"id":"COL-2-153"},{"arcs":[[-21,617,-43,618,619,620,-84,621]],"type":"Polygon","properties":{"name":"Aguadas","shapeGroup":"COL","gid":"COL-2-154"},"id":"COL-2-154"},{"arcs":[[-616,622,623,624,625,626,627,628]],"type":"Polygon","properties":{"name":"Anserma","shapeGroup":"COL","gid":"COL-2-155"},"id":"COL-2-155"},{"arcs":[[629,630,631,632]],"type":"Polygon","properties":{"name":"Aranzazu","shapeGroup":"COL","gid":"COL-2-156"},"id":"COL-2-156"},{"arcs":[[633,634,635,636,637,638,639]],"type":"Polygon","properties":{"name":"Belalcázar","shapeGroup":"COL","gid":"COL-2-157"},"id":"COL-2-157"},{"arcs":[[-614,640,641,642,-635,643,644]],"type":"Polygon","properties":{"name":"Chinchiná","shapeGroup":"COL","gid":"COL-2-158"},"id":"COL-2-158"},{"arcs":[[-631,645,646,647,648,649]],"type":"Polygon","properties":{"name":"Filadelfia","shapeGroup":"COL","gid":"COL-2-159"},"id":"COL-2-159"},{"arcs":[[-38,-483,650,651,652,653,654]],"type":"Polygon","properties":{"name":"La Dorada","shapeGroup":"COL","gid":"COL-2-160"},"id":"COL-2-160"},{"arcs":[[-632,-650,655,656,657,658]],"type":"Polygon","properties":{"name":"La Merced","shapeGroup":"COL","gid":"COL-2-161"},"id":"COL-2-161"},{"arcs":[[659,660,661,662,663]],"type":"Polygon","properties":{"name":"Manzanares","shapeGroup":"COL","gid":"COL-2-162"},"id":"COL-2-162"},{"arcs":[[-657,664,665,666]],"type":"Polygon","properties":{"name":"Marmato","shapeGroup":"COL","gid":"COL-2-163"},"id":"COL-2-163"},{"arcs":[[-663,667,668,669,670,671]],"type":"Polygon","properties":{"name":"Marquetalia","shapeGroup":"COL","gid":"COL-2-164"},"id":"COL-2-164"},{"arcs":[[-611,672,673,674,-661,675]],"type":"Polygon","properties":{"name":"Marulanda","shapeGroup":"COL","gid":"COL-2-165"},"id":"COL-2-165"},{"arcs":[[-617,-629,676,-646,-630,-673]],"type":"Polygon","properties":{"name":"Neira","shapeGroup":"COL","gid":"COL-2-166"},"id":"COL-2-166"},{"arcs":[[-39,-655,677,678,679]],"type":"Polygon","properties":{"name":"Norcasia","shapeGroup":"COL","gid":"COL-2-167"},"id":"COL-2-167"},{"arcs":[[-620,680,-658,-667,681]],"type":"Polygon","properties":{"name":"Pácora","shapeGroup":"COL","gid":"COL-2-168"},"id":"COL-2-168"},{"arcs":[[-615,-645,682,-623]],"type":"Polygon","properties":{"name":"Palestina","shapeGroup":"COL","gid":"COL-2-169"},"id":"COL-2-169"},{"arcs":[[-42,683,684,-668,-662,-675,685]],"type":"Polygon","properties":{"name":"Pensilvania","shapeGroup":"COL","gid":"COL-2-170"},"id":"COL-2-170"},{"arcs":[[-624,-683,-644,-634,686,687]],"type":"Polygon","properties":{"name":"Risaralda","shapeGroup":"COL","gid":"COL-2-171"},"id":"COL-2-171"},{"arcs":[[-619,-686,-674,-633,-659,-681]],"type":"Polygon","properties":{"name":"Salamina","shapeGroup":"COL","gid":"COL-2-172"},"id":"COL-2-172"},{"arcs":[[-669,-685,688,689,-679,690]],"type":"Polygon","properties":{"name":"Samana","shapeGroup":"COL","gid":"COL-2-173"},"id":"COL-2-173"},{"arcs":[[-640,691,-687]],"type":"Polygon","properties":{"name":"San José","shapeGroup":"COL","gid":"COL-2-174"},"id":"COL-2-174"},{"arcs":[[-649,692,693,-665,-656]],"type":"Polygon","properties":{"name":"Supia","shapeGroup":"COL","gid":"COL-2-175"},"id":"COL-2-175"},{"arcs":[[-654,694,695,-670,-691,-678]],"type":"Polygon","properties":{"name":"Victoria","shapeGroup":"COL","gid":"COL-2-176"},"id":"COL-2-176"},{"arcs":[[-613,696,697,698,699,700,-641]],"type":"Polygon","properties":{"name":"Villamaria","shapeGroup":"COL","gid":"COL-2-177"},"id":"COL-2-177"},{"arcs":[[-625,-688,-692,-639,701,702,703]],"type":"Polygon","properties":{"name":"Viterbo","shapeGroup":"COL","gid":"COL-2-178"},"id":"COL-2-178"},{"arcs":[[704,705,706,707,708,709,710,711]],"type":"Polygon","properties":{"name":"Florencia","shapeGroup":"COL","gid":"COL-2-179"},"id":"COL-2-179"},{"arcs":[[712,713,714,715]],"type":"Polygon","properties":{"name":"Albania","shapeGroup":"COL","gid":"COL-2-180"},"id":"COL-2-180"},{"arcs":[[-708,716,717,-716,718,719,720]],"type":"Polygon","properties":{"name":"Belén De Los Andaquíes","shapeGroup":"COL","gid":"COL-2-181"},"id":"COL-2-181"},{"arcs":[[721,722,723,724]],"type":"Polygon","properties":{"name":"El Doncello","shapeGroup":"COL","gid":"COL-2-182"},"id":"COL-2-182"},{"arcs":[[-712,725,726,-724,727,728]],"type":"Polygon","properties":{"name":"El Paujil","shapeGroup":"COL","gid":"COL-2-183"},"id":"COL-2-183"},{"arcs":[[-185,-190,729,730,731,732,733,-213,734,735,736]],"type":"Polygon","properties":{"name":"Calamar","shapeGroup":"COL","gid":"COL-2-184"},"id":"COL-2-184"},{"arcs":[[737,738,739,740]],"type":"Polygon","properties":{"name":"Cantagallo","shapeGroup":"COL","gid":"COL-2-185"},"id":"COL-2-185"},{"arcs":[[741,742,743]],"type":"Polygon","properties":{"name":"Cicuco","shapeGroup":"COL","gid":"COL-2-186"},"id":"COL-2-186"},{"arcs":[[744,745,746,747,748,749,750,751]],"type":"Polygon","properties":{"name":"Córdoba","shapeGroup":"COL","gid":"COL-2-187"},"id":"COL-2-187"},{"arcs":[[752,753,754,755]],"type":"Polygon","properties":{"name":"Clemencia","shapeGroup":"COL","gid":"COL-2-188"},"id":"COL-2-188"},{"arcs":[[-752,756,757,758,759,760,761]],"type":"Polygon","properties":{"name":"El Carmen De Bolívar","shapeGroup":"COL","gid":"COL-2-189"},"id":"COL-2-189"},{"arcs":[[-732,762,763,764,765]],"type":"Polygon","properties":{"name":"El Guamo","shapeGroup":"COL","gid":"COL-2-190"},"id":"COL-2-190"},{"arcs":[[766,767,768,769]],"type":"Polygon","properties":{"name":"El Peñon","shapeGroup":"COL","gid":"COL-2-191"},"id":"COL-2-191"},{"arcs":[[[-215,770,771,772,773]],[[774,775,776]]],"type":"MultiPolygon","properties":{"name":"Hatillo De Loba","shapeGroup":"COL","gid":"COL-2-192"},"id":"COL-2-192"},{"arcs":[[-199,777,778,779,780,-748,781,782,-743,783,784]],"type":"Polygon","properties":{"name":"Magangué","shapeGroup":"COL","gid":"COL-2-193"},"id":"COL-2-193"},{"arcs":[[-207,785,786,-735,-212,-734,787,788]],"type":"Polygon","properties":{"name":"Mahates","shapeGroup":"COL","gid":"COL-2-194"},"id":"COL-2-194"},{"arcs":[[-772,789,-775,790,791,792]],"type":"Polygon","properties":{"name":"Margarita","shapeGroup":"COL","gid":"COL-2-195"},"id":"COL-2-195"},{"arcs":[[-208,-789,793,794,-760,795]],"type":"Polygon","properties":{"name":"Maria La Baja","shapeGroup":"COL","gid":"COL-2-196"},"id":"COL-2-196"},{"arcs":[[-194,796,797,-204,798,799,800,801,802]],"type":"Polygon","properties":{"name":"Montecristo","shapeGroup":"COL","gid":"COL-2-197"},"id":"COL-2-197"},{"arcs":[[-742,803,804,805,806,807,-784]],"type":"Polygon","properties":{"name":"Mompós","shapeGroup":"COL","gid":"COL-2-198"},"id":"COL-2-198"},{"arcs":[[-203,808,809,810,811,812,813,-799]],"type":"Polygon","properties":{"name":"Morales","shapeGroup":"COL","gid":"COL-2-199"},"id":"COL-2-199"},{"arcs":[[814,815]],"type":"Polygon","properties":{"name":"Norosi","shapeGroup":"COL","gid":"COL-2-200"},"id":"COL-2-200"},{"arcs":[[-192,-785,-808,816,-776,-790,-771,-214,-201,817]],"type":"Polygon","properties":{"name":"Pinillos","shapeGroup":"COL","gid":"COL-2-201"},"id":"COL-2-201"},{"arcs":[[-768,818,819,820,821]],"type":"Polygon","properties":{"name":"Regidor","shapeGroup":"COL","gid":"COL-2-202"},"id":"COL-2-202"},{"arcs":[[-205,-798,822,-816,823,824,-821,825,826,-809]],"type":"Polygon","properties":{"name":"Rioviejo","shapeGroup":"COL","gid":"COL-2-203"},"id":"COL-2-203"},{"arcs":[[-155,-186,-737,827,-176]],"type":"Polygon","properties":{"name":"San Cristóbal","shapeGroup":"COL","gid":"COL-2-204"},"id":"COL-2-204"},{"arcs":[[-178,828,-786,-206,829,830]],"type":"Polygon","properties":{"name":"San Estanislao","shapeGroup":"COL","gid":"COL-2-205"},"id":"COL-2-205"},{"arcs":[[-761,-795,831,832]],"type":"Polygon","properties":{"name":"San Jacinto","shapeGroup":"COL","gid":"COL-2-206"},"id":"COL-2-206"},{"arcs":[[-195,-803,833,834,835]],"type":"Polygon","properties":{"name":"San Jacinto Del Cauca","shapeGroup":"COL","gid":"COL-2-207"},"id":"COL-2-207"},{"arcs":[[-733,-766,836,837,-832,-794,-788]],"type":"Polygon","properties":{"name":"San Juan Nepomuceno","shapeGroup":"COL","gid":"COL-2-208"},"id":"COL-2-208"},{"arcs":[[-216,-774,-769,-822,-825]],"type":"Polygon","properties":{"name":"San Martín De Loba","shapeGroup":"COL","gid":"COL-2-209"},"id":"COL-2-209"},{"arcs":[[-30,838,839,840,-740,841]],"type":"Polygon","properties":{"name":"San Pablo","shapeGroup":"COL","gid":"COL-2-210"},"id":"COL-2-210"},{"arcs":[[-148,-180,842,-756,843,844,-164]],"type":"Polygon","properties":{"name":"Santa Catalina","shapeGroup":"COL","gid":"COL-2-211"},"id":"COL-2-211"},{"arcs":[[-754,845,846,847]],"type":"Polygon","properties":{"name":"Santa Rosa","shapeGroup":"COL","gid":"COL-2-212"},"id":"COL-2-212"},{"arcs":[[-35,848,-800,-814,849,-839]],"type":"Polygon","properties":{"name":"Santa Rosa Del Sur","shapeGroup":"COL","gid":"COL-2-213"},"id":"COL-2-213"},{"arcs":[[-813,850,-840,-850]],"type":"Polygon","properties":{"name":"Simití","shapeGroup":"COL","gid":"COL-2-214"},"id":"COL-2-214"},{"arcs":[[-177,-828,-736,-787,-829]],"type":"Polygon","properties":{"name":"Soplaviento","shapeGroup":"COL","gid":"COL-2-215"},"id":"COL-2-215"},{"arcs":[[-744,-783,851,852,853,-804]],"type":"Polygon","properties":{"name":"Talaigua Nuevo","shapeGroup":"COL","gid":"COL-2-216"},"id":"COL-2-216"},{"arcs":[[-193,-818,-200,-217,-824,-815,-823,-797]],"type":"Polygon","properties":{"name":"Tiquiso","shapeGroup":"COL","gid":"COL-2-217"},"id":"COL-2-217"},{"arcs":[[-211,854,855,-847,856,-830]],"type":"Polygon","properties":{"name":"Turbaco","shapeGroup":"COL","gid":"COL-2-218"},"id":"COL-2-218"},{"arcs":[[-210,857,858,859,-855]],"type":"Polygon","properties":{"name":"Turbana","shapeGroup":"COL","gid":"COL-2-219"},"id":"COL-2-219"},{"arcs":[[-179,-831,-857,-846,-753,-843]],"type":"Polygon","properties":{"name":"Villanueva","shapeGroup":"COL","gid":"COL-2-220"},"id":"COL-2-220"},{"arcs":[[-745,-762,-833,-838,860,861]],"type":"Polygon","properties":{"name":"Zambrano","shapeGroup":"COL","gid":"COL-2-221"},"id":"COL-2-221"},{"arcs":[[-288,-347,-568,-327,-382]],"type":"Polygon","properties":{"name":"Almeida","shapeGroup":"COL","gid":"COL-2-222"},"id":"COL-2-222"},{"arcs":[[-275,-567,-397,-365,-451,862,-437,-518,-609,-590]],"type":"Polygon","properties":{"name":"Aquitania","shapeGroup":"COL","gid":"COL-2-223"},"id":"COL-2-223"},{"arcs":[[-244,-412,-283,-381,-317,-409,863]],"type":"Polygon","properties":{"name":"Arcabuco","shapeGroup":"COL","gid":"COL-2-224"},"id":"COL-2-224"},{"arcs":[[-465,864,865,866,-598]],"type":"Polygon","properties":{"name":"Belén","shapeGroup":"COL","gid":"COL-2-225"},"id":"COL-2-225"},{"arcs":[[-392,-610,-516,-435]],"type":"Polygon","properties":{"name":"Berbeo","shapeGroup":"COL","gid":"COL-2-226"},"id":"COL-2-226"},{"arcs":[[-258,867,-315,868,-865,-464,-580]],"type":"Polygon","properties":{"name":"Betéitiva","shapeGroup":"COL","gid":"COL-2-227"},"id":"COL-2-227"},{"arcs":[[-376,-577,-556,-585,869,870,-528]],"type":"Polygon","properties":{"name":"Boavita","shapeGroup":"COL","gid":"COL-2-228"},"id":"COL-2-228"},{"arcs":[[-356,-421,-607,871,-574,-491]],"type":"Polygon","properties":{"name":"Boyacá","shapeGroup":"COL","gid":"COL-2-229"},"id":"COL-2-229"},{"arcs":[[-456,-594,872,-507,873,874]],"type":"Polygon","properties":{"name":"Briceño","shapeGroup":"COL","gid":"COL-2-230"},"id":"COL-2-230"},{"arcs":[[-247,-389,875,876,877]],"type":"Polygon","properties":{"name":"Buenavista","shapeGroup":"COL","gid":"COL-2-231"},"id":"COL-2-231"},{"arcs":[[-257,-316,-868]],"type":"Polygon","properties":{"name":"Busbanzá","shapeGroup":"COL","gid":"COL-2-232"},"id":"COL-2-232"},{"arcs":[[-388,-457,-875,878,879,-876]],"type":"Polygon","properties":{"name":"Caldas","shapeGroup":"COL","gid":"COL-2-233"},"id":"COL-2-233"},{"arcs":[[-383,-394,-443,-527,-536]],"type":"Polygon","properties":{"name":"Campohermoso","shapeGroup":"COL","gid":"COL-2-234"},"id":"COL-2-234"},{"arcs":[[-314,-541,880,-866,-869]],"type":"Polygon","properties":{"name":"Cerinza","shapeGroup":"COL","gid":"COL-2-235"},"id":"COL-2-235"},{"arcs":[[-332,-434,-602,-581,-489,-608,-390]],"type":"Polygon","properties":{"name":"Chinavita","shapeGroup":"COL","gid":"COL-2-236"},"id":"COL-2-236"},{"arcs":[[-506,-583,-532,881,-879,-874]],"type":"Polygon","properties":{"name":"Chiquinquirá","shapeGroup":"COL","gid":"COL-2-237"},"id":"COL-2-237"},{"arcs":[[-268,-351,-305,882,883,884]],"type":"Polygon","properties":{"name":"Chiscas","shapeGroup":"COL","gid":"COL-2-238"},"id":"COL-2-238"},{"arcs":[[-20,885,886,887,888,-44,-618]],"type":"Polygon","properties":{"name":"Abejorral","shapeGroup":"COL","gid":"COL-2-239"},"id":"COL-2-239"},{"arcs":[[889,890,891,892,893,894]],"type":"Polygon","properties":{"name":"Abriaquí","shapeGroup":"COL","gid":"COL-2-240"},"id":"COL-2-240"},{"arcs":[[-3,895,896,897,-5]],"type":"Polygon","properties":{"name":"Alejandría","shapeGroup":"COL","gid":"COL-2-241"},"id":"COL-2-241"},{"arcs":[[-70,898,899,900,-92]],"type":"Polygon","properties":{"name":"Amagá","shapeGroup":"COL","gid":"COL-2-242"},"id":"COL-2-242"},{"arcs":[[901,902,903,904,905,906,907]],"type":"Polygon","properties":{"name":"Andes","shapeGroup":"COL","gid":"COL-2-243"},"id":"COL-2-243"},{"arcs":[[-74,908,909,910,911,912,-899]],"type":"Polygon","properties":{"name":"Angelópolis","shapeGroup":"COL","gid":"COL-2-244"},"id":"COL-2-244"},{"arcs":[[-98,913,914,915,916]],"type":"Polygon","properties":{"name":"Angostura","shapeGroup":"COL","gid":"COL-2-245"},"id":"COL-2-245"},{"arcs":[[-60,917,-112,918,919,920,-96,-79]],"type":"Polygon","properties":{"name":"Anorí","shapeGroup":"COL","gid":"COL-2-246"},"id":"COL-2-246"},{"arcs":[[921,922,923,924,925,926]],"type":"Polygon","properties":{"name":"Anzá","shapeGroup":"COL","gid":"COL-2-247"},"id":"COL-2-247"},{"arcs":[[-40,-680,-690,927]],"type":"Polygon","properties":{"name":"Argelia","shapeGroup":"COL","gid":"COL-2-248"},"id":"COL-2-248"},{"arcs":[[-73,928,929,-923,930,931,-909]],"type":"Polygon","properties":{"name":"Armenia","shapeGroup":"COL","gid":"COL-2-249"},"id":"COL-2-249"},{"arcs":[[-907,932,933,934,935]],"type":"Polygon","properties":{"name":"Betania","shapeGroup":"COL","gid":"COL-2-250"},"id":"COL-2-250"},{"arcs":[[-924,-930,936,937]],"type":"Polygon","properties":{"name":"Betulia","shapeGroup":"COL","gid":"COL-2-251"},"id":"COL-2-251"},{"arcs":[[-935,938,939,940,941]],"type":"Polygon","properties":{"name":"Ciudad Bolívar","shapeGroup":"COL","gid":"COL-2-252"},"id":"COL-2-252"},{"arcs":[[-81,-101,942,943]],"type":"Polygon","properties":{"name":"Briceño","shapeGroup":"COL","gid":"COL-2-253"},"id":"COL-2-253"},{"arcs":[[944,945,946,947,948,949]],"type":"Polygon","properties":{"name":"Buriticá","shapeGroup":"COL","gid":"COL-2-254"},"id":"COL-2-254"},{"arcs":[[-64,950,951,952,-113,-918]],"type":"Polygon","properties":{"name":"Cáceres","shapeGroup":"COL","gid":"COL-2-255"},"id":"COL-2-255"},{"arcs":[[-892,953,-926,954]],"type":"Polygon","properties":{"name":"Caicedo","shapeGroup":"COL","gid":"COL-2-256"},"id":"COL-2-256"},{"arcs":[[-97,-921,955,-914]],"type":"Polygon","properties":{"name":"Campamento","shapeGroup":"COL","gid":"COL-2-257"},"id":"COL-2-257"},{"arcs":[[-9,956,957,958,959]],"type":"Polygon","properties":{"name":"Caracolí","shapeGroup":"COL","gid":"COL-2-258"},"id":"COL-2-258"},{"arcs":[[-55,-85,-621,-682,-666,-694,960]],"type":"Polygon","properties":{"name":"Caramanta","shapeGroup":"COL","gid":"COL-2-259"},"id":"COL-2-259"},{"arcs":[[-27,961,-45,-889,962,963,964,965]],"type":"Polygon","properties":{"name":"El Carmen De Viboral","shapeGroup":"COL","gid":"COL-2-260"},"id":"COL-2-260"},{"arcs":[[-916,966,967,968]],"type":"Polygon","properties":{"name":"Carolina","shapeGroup":"COL","gid":"COL-2-261"},"id":"COL-2-261"},{"arcs":[[969,970,971,972]],"type":"Polygon","properties":{"name":"Chigorodó","shapeGroup":"COL","gid":"COL-2-262"},"id":"COL-2-262"},{"arcs":[[-103,973]],"type":"Polygon","properties":{"name":"Cisneros","shapeGroup":"COL","gid":"COL-2-263"},"id":"COL-2-263"},{"arcs":[[-26,974,975,976,-46,-962]],"type":"Polygon","properties":{"name":"Cocorná","shapeGroup":"COL","gid":"COL-2-264"},"id":"COL-2-264"},{"arcs":[[-11,977,978,-897,979,980]],"type":"Polygon","properties":{"name":"Concepción","shapeGroup":"COL","gid":"COL-2-265"},"id":"COL-2-265"},{"arcs":[[-72,-91,981,982,-937,-929]],"type":"Polygon","properties":{"name":"Concordia","shapeGroup":"COL","gid":"COL-2-266"},"id":"COL-2-266"},{"arcs":[[983,984,985,986,987,988]],"type":"Polygon","properties":{"name":"Don Matías","shapeGroup":"COL","gid":"COL-2-267"},"id":"COL-2-267"},{"arcs":[[-34,-115,989,990,-801,-849]],"type":"Polygon","properties":{"name":"El Bagre","shapeGroup":"COL","gid":"COL-2-268"},"id":"COL-2-268"},{"arcs":[[-988,991,992,993]],"type":"Polygon","properties":{"name":"Entrerrios","shapeGroup":"COL","gid":"COL-2-269"},"id":"COL-2-269"},{"arcs":[[-23,994,-59,995,-65,-93,-901,996]],"type":"Polygon","properties":{"name":"Fredonia","shapeGroup":"COL","gid":"COL-2-270"},"id":"COL-2-270"},{"arcs":[[-76,997,-894,998,999,1000,1001]],"type":"Polygon","properties":{"name":"Frontino","shapeGroup":"COL","gid":"COL-2-271"},"id":"COL-2-271"},{"arcs":[[-890,1002,-948,1003]],"type":"Polygon","properties":{"name":"Giraldo","shapeGroup":"COL","gid":"COL-2-272"},"id":"COL-2-272"},{"arcs":[[-25,1004,1005,1006,1007,-975]],"type":"Polygon","properties":{"name":"Granada","shapeGroup":"COL","gid":"COL-2-273"},"id":"COL-2-273"},{"arcs":[[-15,1008,1009,1010,1011]],"type":"Polygon","properties":{"name":"Guarne","shapeGroup":"COL","gid":"COL-2-274"},"id":"COL-2-274"},{"arcs":[[-2,1012,-1006,1013,-980,-896]],"type":"Polygon","properties":{"name":"Guatapé","shapeGroup":"COL","gid":"COL-2-275"},"id":"COL-2-275"},{"arcs":[[-910,-932,1014,1015]],"type":"Polygon","properties":{"name":"Heliconia","shapeGroup":"COL","gid":"COL-2-276"},"id":"COL-2-276"},{"arcs":[[-908,-936,-942,1016]],"type":"Polygon","properties":{"name":"Hispania","shapeGroup":"COL","gid":"COL-2-277"},"id":"COL-2-277"},{"arcs":[[-62,-82,-944,1017,1018,1019,1020,1021,1022,1023,1024,1025]],"type":"Polygon","properties":{"name":"Ituango","shapeGroup":"COL","gid":"COL-2-278"},"id":"COL-2-278"},{"arcs":[[-58,1026,-903,1027,-66,-996]],"type":"Polygon","properties":{"name":"Jericó","shapeGroup":"COL","gid":"COL-2-279"},"id":"COL-2-279"},{"arcs":[[-22,-622,-83,-53,-995]],"type":"Polygon","properties":{"name":"La Pintada","shapeGroup":"COL","gid":"COL-2-280"},"id":"COL-2-280"},{"arcs":[[-888,1028,-963]],"type":"Polygon","properties":{"name":"La Unión","shapeGroup":"COL","gid":"COL-2-281"},"id":"COL-2-281"},{"arcs":[[-8,-110,1029,-957]],"type":"Polygon","properties":{"name":"Maceo","shapeGroup":"COL","gid":"COL-2-282"},"id":"COL-2-282"},{"arcs":[[-13,1030,-28,-966,1031]],"type":"Polygon","properties":{"name":"Marinilla","shapeGroup":"COL","gid":"COL-2-283"},"id":"COL-2-283"},{"arcs":[[-19,1032,1033,-886]],"type":"Polygon","properties":{"name":"Montebello","shapeGroup":"COL","gid":"COL-2-284"},"id":"COL-2-284"},{"arcs":[[-41,-928,-689,-684]],"type":"Polygon","properties":{"name":"Nariño","shapeGroup":"COL","gid":"COL-2-285"},"id":"COL-2-285"},{"arcs":[[-802,-991,1034,1035,-834]],"type":"Polygon","properties":{"name":"Nechí","shapeGroup":"COL","gid":"COL-2-286"},"id":"COL-2-286"},{"arcs":[[-51,1036,1037,1038]],"type":"Polygon","properties":{"name":"Olaya","shapeGroup":"COL","gid":"COL-2-287"},"id":"COL-2-287"},{"arcs":[[-12,-981,-1014,-1005,-29,-1031]],"type":"Polygon","properties":{"name":"Peñol","shapeGroup":"COL","gid":"COL-2-288"},"id":"COL-2-288"},{"arcs":[[-78,1039,-1020,1040,-950,1041]],"type":"Polygon","properties":{"name":"Peque","shapeGroup":"COL","gid":"COL-2-289"},"id":"COL-2-289"},{"arcs":[[-67,-1028,-902,-1017,-941,1042]],"type":"Polygon","properties":{"name":"Pueblorrico","shapeGroup":"COL","gid":"COL-2-290"},"id":"COL-2-290"},{"arcs":[[-109,1043,1044,1045,1046,-479,1047,-958,-1030]],"type":"Polygon","properties":{"name":"Puerto Berrío","shapeGroup":"COL","gid":"COL-2-291"},"id":"COL-2-291"},{"arcs":[[-478,1048,1049,1050,-959,-1048]],"type":"Polygon","properties":{"name":"Puerto Nare","shapeGroup":"COL","gid":"COL-2-292"},"id":"COL-2-292"},{"arcs":[[-36,1051,-1049,-477]],"type":"Polygon","properties":{"name":"Puerto Triunfo","shapeGroup":"COL","gid":"COL-2-293"},"id":"COL-2-293"},{"arcs":[[-31,-842,-739,1052,-1044,-108,-94,-89,1053]],"type":"Polygon","properties":{"name":"Remedios","shapeGroup":"COL","gid":"COL-2-294"},"id":"COL-2-294"},{"arcs":[[-18,1054,1055,1056,1057,-1033]],"type":"Polygon","properties":{"name":"Retiro","shapeGroup":"COL","gid":"COL-2-295"},"id":"COL-2-295"},{"arcs":[[-945,-1041,-1019,1058,1059,1060]],"type":"Polygon","properties":{"name":"Sabanalarga","shapeGroup":"COL","gid":"COL-2-296"},"id":"COL-2-296"},{"arcs":[[-68,-1043,-940,1061,1062,-982,-90]],"type":"Polygon","properties":{"name":"Salgar","shapeGroup":"COL","gid":"COL-2-297"},"id":"COL-2-297"},{"arcs":[[-100,1063,1064,1065,-1060,1066]],"type":"Polygon","properties":{"name":"San Andrès","shapeGroup":"COL","gid":"COL-2-298"},"id":"COL-2-298"},{"arcs":[[-1,-10,-960,-1051,1067,-1007,-1013]],"type":"Polygon","properties":{"name":"San Carlos","shapeGroup":"COL","gid":"COL-2-299"},"id":"COL-2-299"},{"arcs":[[-47,-977,1068]],"type":"Polygon","properties":{"name":"San Francisco","shapeGroup":"COL","gid":"COL-2-300"},"id":"COL-2-300"},{"arcs":[[-1065,1069,1070,1071]],"type":"Polygon","properties":{"name":"San José De La Montaña","shapeGroup":"COL","gid":"COL-2-301"},"id":"COL-2-301"},{"arcs":[[1072,1073,1074]],"type":"Polygon","properties":{"name":"San Juan De Urabá","shapeGroup":"COL","gid":"COL-2-302"},"id":"COL-2-302"},{"arcs":[[-976,-1008,-1068,-1050,-1052,-1069]],"type":"Polygon","properties":{"name":"San Luis","shapeGroup":"COL","gid":"COL-2-303"},"id":"COL-2-303"},{"arcs":[[-987,1075,1076,1077,1078,-992]],"type":"Polygon","properties":{"name":"San Pedro","shapeGroup":"COL","gid":"COL-2-304"},"id":"COL-2-304"},{"arcs":[[1079,1080,1081,1082]],"type":"Polygon","properties":{"name":"San Pedro De Uraba","shapeGroup":"COL","gid":"COL-2-305"},"id":"COL-2-305"},{"arcs":[[1083,1084,1085,1086,1087]],"type":"Polygon","properties":{"name":"Gachancipá","shapeGroup":"COL","gid":"COL-2-306"},"id":"COL-2-306"},{"arcs":[[1088,1089,1090,1091,1092,1093]],"type":"Polygon","properties":{"name":"Guayabetal","shapeGroup":"COL","gid":"COL-2-307"},"id":"COL-2-307"},{"arcs":[[-1091,1094,1095,1096,1097,1098]],"type":"Polygon","properties":{"name":"Gutierrez","shapeGroup":"COL","gid":"COL-2-308"},"id":"COL-2-308"},{"arcs":[[1099,1100,1101,1102,1103,1104,1105,1106]],"type":"Polygon","properties":{"name":"Jerusalén","shapeGroup":"COL","gid":"COL-2-309"},"id":"COL-2-309"},{"arcs":[[1107,1108,1109,1110,1111,1112,1113,1114]],"type":"Polygon","properties":{"name":"Junín","shapeGroup":"COL","gid":"COL-2-310"},"id":"COL-2-310"},{"arcs":[[-1112,1115,1116,1117,1118,1119]],"type":"Polygon","properties":{"name":"La Calera","shapeGroup":"COL","gid":"COL-2-311"},"id":"COL-2-311"},{"arcs":[[1120,1121,1122,1123,1124,1125,1126]],"type":"Polygon","properties":{"name":"La Mesa","shapeGroup":"COL","gid":"COL-2-312"},"id":"COL-2-312"},{"arcs":[[1127,1128,1129,1130,1131,1132]],"type":"Polygon","properties":{"name":"La Palma","shapeGroup":"COL","gid":"COL-2-313"},"id":"COL-2-313"},{"arcs":[[-1130,1133,1134,1135]],"type":"Polygon","properties":{"name":"La Peña","shapeGroup":"COL","gid":"COL-2-314"},"id":"COL-2-314"},{"arcs":[[1136,1137,1138,1139,1140,1141]],"type":"Polygon","properties":{"name":"La Vega","shapeGroup":"COL","gid":"COL-2-315"},"id":"COL-2-315"},{"arcs":[[-604,1142,1143,1144,1145,1146]],"type":"Polygon","properties":{"name":"Lenguazaque","shapeGroup":"COL","gid":"COL-2-316"},"id":"COL-2-316"},{"arcs":[[1147,1148,1149,1150,1151,1152]],"type":"Polygon","properties":{"name":"Machetá","shapeGroup":"COL","gid":"COL-2-317"},"id":"COL-2-317"},{"arcs":[[1153,1154,1155,1156,1157,1158,1159]],"type":"Polygon","properties":{"name":"Madrid","shapeGroup":"COL","gid":"COL-2-318"},"id":"COL-2-318"},{"arcs":[[-339,-345,1160,-1149,1161]],"type":"Polygon","properties":{"name":"Manta","shapeGroup":"COL","gid":"COL-2-319"},"id":"COL-2-319"},{"arcs":[[1162,1163,1164,1165,1166,1167]],"type":"Polygon","properties":{"name":"Medina","shapeGroup":"COL","gid":"COL-2-320"},"id":"COL-2-320"},{"arcs":[[-1156,1168,1169,1170,1171]],"type":"Polygon","properties":{"name":"Mosquera","shapeGroup":"COL","gid":"COL-2-321"},"id":"COL-2-321"},{"arcs":[[-1104,1172,1173,1174,1175]],"type":"Polygon","properties":{"name":"Nariño","shapeGroup":"COL","gid":"COL-2-322"},"id":"COL-2-322"},{"arcs":[[-1088,1176,1177,1178,1179]],"type":"Polygon","properties":{"name":"Nemocón","shapeGroup":"COL","gid":"COL-2-323"},"id":"COL-2-323"},{"arcs":[[1180,1181,1182,1183,1184,1185,1186]],"type":"Polygon","properties":{"name":"Nilo","shapeGroup":"COL","gid":"COL-2-324"},"id":"COL-2-324"},{"arcs":[[-1135,1187,1188,1189,1190,1191,1192]],"type":"Polygon","properties":{"name":"Nimaima","shapeGroup":"COL","gid":"COL-2-325"},"id":"COL-2-325"},{"arcs":[[-1141,1193,1194,-1190,1195]],"type":"Polygon","properties":{"name":"Nocaima","shapeGroup":"COL","gid":"COL-2-326"},"id":"COL-2-326"},{"arcs":[[1196,1197,1198,1199]],"type":"Polygon","properties":{"name":"Venecia","shapeGroup":"COL","gid":"COL-2-327"},"id":"COL-2-327"},{"arcs":[[1200,1201,1202,1203,1204,1205,1206,1207,1208,1209]],"type":"Polygon","properties":{"name":"Pacho","shapeGroup":"COL","gid":"COL-2-328"},"id":"COL-2-328"},{"arcs":[[-250,1210,1211,1212,1213,-485,-413]],"type":"Polygon","properties":{"name":"Paime","shapeGroup":"COL","gid":"COL-2-329"},"id":"COL-2-329"},{"arcs":[[-1200,1214,1215,1216]],"type":"Polygon","properties":{"name":"Pandi","shapeGroup":"COL","gid":"COL-2-330"},"id":"COL-2-330"},{"arcs":[[-525,1217,1218,1219,-1163,1220,-537]],"type":"Polygon","properties":{"name":"Paratebueno","shapeGroup":"COL","gid":"COL-2-331"},"id":"COL-2-331"},{"arcs":[[1221,1222,1223,1224,1225]],"type":"Polygon","properties":{"name":"Pasca","shapeGroup":"COL","gid":"COL-2-332"},"id":"COL-2-332"},{"arcs":[[-482,1226,1227,1228,-651]],"type":"Polygon","properties":{"name":"Puerto Salgar","shapeGroup":"COL","gid":"COL-2-333"},"id":"COL-2-333"},{"arcs":[[-1107,1229,1230,1231]],"type":"Polygon","properties":{"name":"Pulí","shapeGroup":"COL","gid":"COL-2-334"},"id":"COL-2-334"},{"arcs":[[-1192,1232,1233,1234]],"type":"Polygon","properties":{"name":"Quebradanegra","shapeGroup":"COL","gid":"COL-2-335"},"id":"COL-2-335"},{"arcs":[[-1093,1235,1236,1237,1238]],"type":"Polygon","properties":{"name":"Quetame","shapeGroup":"COL","gid":"COL-2-336"},"id":"COL-2-336"},{"arcs":[[-1100,-1232,1239,1240,1241,1242,1243,-1124,1244]],"type":"Polygon","properties":{"name":"Quipile","shapeGroup":"COL","gid":"COL-2-337"},"id":"COL-2-337"},{"arcs":[[-1102,1245,1246,1247]],"type":"Polygon","properties":{"name":"Apulo","shapeGroup":"COL","gid":"COL-2-338"},"id":"COL-2-338"},{"arcs":[[-1185,1248,1249,1250,1251,1252,1253,1254]],"type":"Polygon","properties":{"name":"Ricaurte","shapeGroup":"COL","gid":"COL-2-339"},"id":"COL-2-339"},{"arcs":[[1255,1256,1257,1258,1259]],"type":"Polygon","properties":{"name":"San Antonio Del Tequendama","shapeGroup":"COL","gid":"COL-2-340"},"id":"COL-2-340"},{"arcs":[[-1197,-1217,1260,1261,1262]],"type":"Polygon","properties":{"name":"San Bernardo","shapeGroup":"COL","gid":"COL-2-341"},"id":"COL-2-341"},{"arcs":[[-249,1263,1264,-1201,1265,-1211]],"type":"Polygon","properties":{"name":"San Cayetano","shapeGroup":"COL","gid":"COL-2-342"},"id":"COL-2-342"},{"arcs":[[-1138,1266,1267,1268,1269]],"type":"Polygon","properties":{"name":"San Francisco","shapeGroup":"COL","gid":"COL-2-343"},"id":"COL-2-343"},{"arcs":[[-1231,1270,1271,1272,1273,1274,-1240]],"type":"Polygon","properties":{"name":"San Juan De Rio Seco","shapeGroup":"COL","gid":"COL-2-344"},"id":"COL-2-344"},{"arcs":[[-1140,1275,1276,1277,-1194]],"type":"Polygon","properties":{"name":"Sasaima","shapeGroup":"COL","gid":"COL-2-345"},"id":"COL-2-345"},{"arcs":[[-1085,1278,1279,-1152,1280]],"type":"Polygon","properties":{"name":"Sesquilé","shapeGroup":"COL","gid":"COL-2-346"},"id":"COL-2-346"},{"arcs":[[-1226,1281,1282,1283,1284]],"type":"Polygon","properties":{"name":"Sibaté","shapeGroup":"COL","gid":"COL-2-347"},"id":"COL-2-347"},{"arcs":[[-1283,1285,1286,1287,1288]],"type":"Polygon","properties":{"name":"Silvania","shapeGroup":"COL","gid":"COL-2-348"},"id":"COL-2-348"},{"arcs":[[-531,1289,1290,-877,-880,-882]],"type":"Polygon","properties":{"name":"Simijaca","shapeGroup":"COL","gid":"COL-2-349"},"id":"COL-2-349"},{"arcs":[[-1171,1291,-1222,-1285,1292,-1256,1293]],"type":"Polygon","properties":{"name":"Soacha","shapeGroup":"COL","gid":"COL-2-350"},"id":"COL-2-350"},{"arcs":[[-1119,1294,1295,1296,1297,1298]],"type":"Polygon","properties":{"name":"Sopo","shapeGroup":"COL","gid":"COL-2-351"},"id":"COL-2-351"},{"arcs":[[-1160,1299,-1268,1300,-1205,1301,1302,1303]],"type":"Polygon","properties":{"name":"Subachoque","shapeGroup":"COL","gid":"COL-2-352"},"id":"COL-2-352"},{"arcs":[[-1084,-1180,1304,1305,1306,-1279]],"type":"Polygon","properties":{"name":"Suesca","shapeGroup":"COL","gid":"COL-2-353"},"id":"COL-2-353"},{"arcs":[[-1137,1307,-1206,-1301,-1267]],"type":"Polygon","properties":{"name":"Supatá","shapeGroup":"COL","gid":"COL-2-354"},"id":"COL-2-354"},{"arcs":[[-530,1308,1309,1310,-1290]],"type":"Polygon","properties":{"name":"Susa","shapeGroup":"COL","gid":"COL-2-355"},"id":"COL-2-355"},{"arcs":[[1311,1312,1313,1314]],"type":"Polygon","properties":{"name":"Sutatausa","shapeGroup":"COL","gid":"COL-2-356"},"id":"COL-2-356"},{"arcs":[[-1303,1315,1316,1317,1318]],"type":"Polygon","properties":{"name":"Tabio","shapeGroup":"COL","gid":"COL-2-357"},"id":"COL-2-357"},{"arcs":[[-1179,1319,-1202,-1265,1320,-1313,1321,-1305]],"type":"Polygon","properties":{"name":"Tausa","shapeGroup":"COL","gid":"COL-2-358"},"id":"COL-2-358"},{"arcs":[[-1121,1322,-1259,1323]],"type":"Polygon","properties":{"name":"Tena","shapeGroup":"COL","gid":"COL-2-359"},"id":"COL-2-359"},{"arcs":[[-1154,-1304,-1319,1324,1325,1326]],"type":"Polygon","properties":{"name":"Tenjo","shapeGroup":"COL","gid":"COL-2-360"},"id":"COL-2-360"},{"arcs":[[-1182,1327,-1287,1328,1329]],"type":"Polygon","properties":{"name":"Tibacuy","shapeGroup":"COL","gid":"COL-2-361"},"id":"COL-2-361"},{"arcs":[[-340,-1162,-1148,1330,1331,-368]],"type":"Polygon","properties":{"name":"Tibirita","shapeGroup":"COL","gid":"COL-2-362"},"id":"COL-2-362"},{"arcs":[[-1103,-1248,1332,-1187,1333,-1254,1334,-1173]],"type":"Polygon","properties":{"name":"Tocaima","shapeGroup":"COL","gid":"COL-2-363"},"id":"COL-2-363"},{"arcs":[[-1087,1335,1336,-1298,1337]],"type":"Polygon","properties":{"name":"Tocancipá","shapeGroup":"COL","gid":"COL-2-364"},"id":"COL-2-364"},{"arcs":[[-1128,1338,-1213,1339,-1209,1340]],"type":"Polygon","properties":{"name":"Topaipí","shapeGroup":"COL","gid":"COL-2-365"},"id":"COL-2-365"},{"arcs":[[[-286,1341,1342,1343,-343]],[[-538,-1221,-1168,1344]]],"type":"MultiPolygon","properties":{"name":"Ubalá","shapeGroup":"COL","gid":"COL-2-366"},"id":"COL-2-366"},{"arcs":[[1345,1346,1347,1348,1349]],"type":"Polygon","properties":{"name":"Ubaque","shapeGroup":"COL","gid":"COL-2-367"},"id":"COL-2-367"},{"arcs":[[-1146,1350,-1315,1351,-1310,1352,1353]],"type":"Polygon","properties":{"name":"Ubate","shapeGroup":"COL","gid":"COL-2-368"},"id":"COL-2-368"},{"arcs":[[-1098,1354,1355,1356,1357]],"type":"Polygon","properties":{"name":"Une","shapeGroup":"COL","gid":"COL-2-369"},"id":"COL-2-369"},{"arcs":[[-1131,-1136,-1193,-1235,1358,1359]],"type":"Polygon","properties":{"name":"Útica","shapeGroup":"COL","gid":"COL-2-370"},"id":"COL-2-370"},{"arcs":[[-1142,-1196,-1189,1360,-1207,-1308]],"type":"Polygon","properties":{"name":"Vergara","shapeGroup":"COL","gid":"COL-2-371"},"id":"COL-2-371"},{"arcs":[[-1241,-1275,1361,1362,1363,1364]],"type":"Polygon","properties":{"name":"Vianí","shapeGroup":"COL","gid":"COL-2-372"},"id":"COL-2-372"},{"arcs":[[-1210,-1340,-1212,-1266]],"type":"Polygon","properties":{"name":"Villa Gómez","shapeGroup":"COL","gid":"COL-2-373"},"id":"COL-2-373"},{"arcs":[[-369,-1332,1365,-1143,-603,-596,-601]],"type":"Polygon","properties":{"name":"Villapinzón","shapeGroup":"COL","gid":"COL-2-374"},"id":"COL-2-374"},{"arcs":[[-1191,-1195,-1278,1366,1367,1368,-1364,1369,-1233]],"type":"Polygon","properties":{"name":"Villeta","shapeGroup":"COL","gid":"COL-2-375"},"id":"COL-2-375"},{"arcs":[[-1181,-1333,-1247,1370,1371,1372,-1288,-1328]],"type":"Polygon","properties":{"name":"Viotá","shapeGroup":"COL","gid":"COL-2-376"},"id":"COL-2-376"},{"arcs":[[-373,-486,-1214,-1339,-1133,1373,-1227,-481,-425,-484]],"type":"Polygon","properties":{"name":"Yacopí","shapeGroup":"COL","gid":"COL-2-377"},"id":"COL-2-377"},{"arcs":[[-1126,1374,1375,1376,1377]],"type":"Polygon","properties":{"name":"Zipacón","shapeGroup":"COL","gid":"COL-2-378"},"id":"COL-2-378"},{"arcs":[[-1177,-1338,-1297,1378,-1316,-1302,-1204,1379]],"type":"Polygon","properties":{"name":"Zipaquira","shapeGroup":"COL","gid":"COL-2-379"},"id":"COL-2-379"},{"arcs":[[1380,1381,1382,1383,1384,1385]],"type":"Polygon","properties":{"name":"Neiva","shapeGroup":"COL","gid":"COL-2-380"},"id":"COL-2-380"},{"arcs":[[-720,1386,1387,1388,1389,1390]],"type":"Polygon","properties":{"name":"Acevedo","shapeGroup":"COL","gid":"COL-2-381"},"id":"COL-2-381"},{"arcs":[[1391,1392,1393,1394,1395]],"type":"Polygon","properties":{"name":"Agrado","shapeGroup":"COL","gid":"COL-2-382"},"id":"COL-2-382"},{"arcs":[[-1386,1396,1397,1398,1399,1400]],"type":"Polygon","properties":{"name":"Aipe","shapeGroup":"COL","gid":"COL-2-383"},"id":"COL-2-383"},{"arcs":[[-725,1401,1402,1403,1404,1405,1406]],"type":"Polygon","properties":{"name":"Algeciras","shapeGroup":"COL","gid":"COL-2-384"},"id":"COL-2-384"},{"arcs":[[-1394,1407,1408,1409,1410,1411,1412]],"type":"Polygon","properties":{"name":"Altamira","shapeGroup":"COL","gid":"COL-2-385"},"id":"COL-2-385"},{"arcs":[[1413,1414,1415,1416,1417,1418]],"type":"Polygon","properties":{"name":"Baraya","shapeGroup":"COL","gid":"COL-2-386"},"id":"COL-2-386"},{"arcs":[[-1404,1419,1420,1421,1422]],"type":"Polygon","properties":{"name":"Campoalegre","shapeGroup":"COL","gid":"COL-2-387"},"id":"COL-2-387"},{"arcs":[[-1414,1423,1424,1425,1426,1427]],"type":"Polygon","properties":{"name":"Colombia","shapeGroup":"COL","gid":"COL-2-388"},"id":"COL-2-388"},{"arcs":[[1428,1429,1430,1431,1432]],"type":"Polygon","properties":{"name":"Elías","shapeGroup":"COL","gid":"COL-2-389"},"id":"COL-2-389"},{"arcs":[[-711,1433,-1408,-1393,1434,-726]],"type":"Polygon","properties":{"name":"Garzón","shapeGroup":"COL","gid":"COL-2-390"},"id":"COL-2-390"},{"arcs":[[-727,-1435,-1392,1435,1436,1437,1438,-1402]],"type":"Polygon","properties":{"name":"Gigante","shapeGroup":"COL","gid":"COL-2-391"},"id":"COL-2-391"},{"arcs":[[-710,1439,-1409,-1434]],"type":"Polygon","properties":{"name":"Guadalupe","shapeGroup":"COL","gid":"COL-2-392"},"id":"COL-2-392"},{"arcs":[[1440,1441,1442,1443,1444]],"type":"Polygon","properties":{"name":"Íquira","shapeGroup":"COL","gid":"COL-2-393"},"id":"COL-2-393"},{"arcs":[[1445,1446,1447,1448]],"type":"Polygon","properties":{"name":"Isnos","shapeGroup":"COL","gid":"COL-2-394"},"id":"COL-2-394"},{"arcs":[[1449,1450,1451,1452,1453,1454]],"type":"Polygon","properties":{"name":"La Argentina","shapeGroup":"COL","gid":"COL-2-395"},"id":"COL-2-395"},{"arcs":[[-1450,1455,1456,1457,1458,1459]],"type":"Polygon","properties":{"name":"La Plata","shapeGroup":"COL","gid":"COL-2-396"},"id":"COL-2-396"},{"arcs":[[-1443,1460,1461,1462]],"type":"Polygon","properties":{"name":"Nátaga","shapeGroup":"COL","gid":"COL-2-397"},"id":"COL-2-397"},{"arcs":[[-1432,1463,-1453,1464]],"type":"Polygon","properties":{"name":"Oporapa","shapeGroup":"COL","gid":"COL-2-398"},"id":"COL-2-398"},{"arcs":[[-1396,1465,-1459,1466,-1462,1467,-1436]],"type":"Polygon","properties":{"name":"Paicol","shapeGroup":"COL","gid":"COL-2-399"},"id":"COL-2-399"},{"arcs":[[-1384,1468,-1422,1469,1470,1471,1472]],"type":"Polygon","properties":{"name":"Palermo","shapeGroup":"COL","gid":"COL-2-400"},"id":"COL-2-400"},{"arcs":[[-1388,1473,1474,1475]],"type":"Polygon","properties":{"name":"Palestina","shapeGroup":"COL","gid":"COL-2-401"},"id":"COL-2-401"},{"arcs":[[-1395,-1413,1476,-1451,-1460,-1466]],"type":"Polygon","properties":{"name":"Pital","shapeGroup":"COL","gid":"COL-2-402"},"id":"COL-2-402"},{"arcs":[[-1389,-1476,1477,1478,-1446,1479,-1430,1480]],"type":"Polygon","properties":{"name":"Pitalito","shapeGroup":"COL","gid":"COL-2-403"},"id":"COL-2-403"},{"arcs":[[-1383,1481,-1405,-1423,-1469]],"type":"Polygon","properties":{"name":"Rivera","shapeGroup":"COL","gid":"COL-2-404"},"id":"COL-2-404"},{"arcs":[[-1431,-1480,-1449,-1454,-1464]],"type":"Polygon","properties":{"name":"Saladoblanco","shapeGroup":"COL","gid":"COL-2-405"},"id":"COL-2-405"},{"arcs":[[-1447,-1479,1482,1483,1484,1485,1486]],"type":"Polygon","properties":{"name":"San Agustín","shapeGroup":"COL","gid":"COL-2-406"},"id":"COL-2-406"},{"arcs":[[-1472,1487,1488]],"type":"Polygon","properties":{"name":"Santa María","shapeGroup":"COL","gid":"COL-2-407"},"id":"COL-2-407"},{"arcs":[[-709,-721,-1391,1489,-1410,-1440]],"type":"Polygon","properties":{"name":"Suaza","shapeGroup":"COL","gid":"COL-2-408"},"id":"COL-2-408"},{"arcs":[[-1412,1490,-1433,-1465,-1452,-1477]],"type":"Polygon","properties":{"name":"Tarqui","shapeGroup":"COL","gid":"COL-2-409"},"id":"COL-2-409"},{"arcs":[[-1437,-1468,-1461,-1442,1491]],"type":"Polygon","properties":{"name":"Tesalia","shapeGroup":"COL","gid":"COL-2-410"},"id":"COL-2-410"},{"arcs":[[-1381,-1401,1492,-1417,1493]],"type":"Polygon","properties":{"name":"Tello","shapeGroup":"COL","gid":"COL-2-411"},"id":"COL-2-411"},{"arcs":[[-1445,1494,1495,-1488,-1471,1496]],"type":"Polygon","properties":{"name":"Teruel","shapeGroup":"COL","gid":"COL-2-412"},"id":"COL-2-412"},{"arcs":[[-1390,-1481,-1429,-1491,-1411,-1490]],"type":"Polygon","properties":{"name":"Timaná","shapeGroup":"COL","gid":"COL-2-413"},"id":"COL-2-413"},{"arcs":[[-1400,1497,1498,-1418,-1493]],"type":"Polygon","properties":{"name":"Villavieja","shapeGroup":"COL","gid":"COL-2-414"},"id":"COL-2-414"},{"arcs":[[-1421,1499,-1438,-1492,-1441,-1497,-1470]],"type":"Polygon","properties":{"name":"Yaguará","shapeGroup":"COL","gid":"COL-2-415"},"id":"COL-2-415"},{"arcs":[[1500,1501,1502,1503,1504,1505]],"type":"Polygon","properties":{"name":"Albania","shapeGroup":"COL","gid":"COL-2-416"},"id":"COL-2-416"},{"arcs":[[-1503,1506,1507,1508,1509,1510]],"type":"Polygon","properties":{"name":"Barrancas","shapeGroup":"COL","gid":"COL-2-417"},"id":"COL-2-417"},{"arcs":[[1511,1512,1513,1514,1515]],"type":"Polygon","properties":{"name":"Dibulla","shapeGroup":"COL","gid":"COL-2-418"},"id":"COL-2-418"},{"arcs":[[1516,1517,1518]],"type":"Polygon","properties":{"name":"Distracción","shapeGroup":"COL","gid":"COL-2-419"},"id":"COL-2-419"},{"arcs":[[1519,1520,1521]],"type":"Polygon","properties":{"name":"El Molino","shapeGroup":"COL","gid":"COL-2-420"},"id":"COL-2-420"},{"arcs":[[-1509,1522,1523,-1517,1524]],"type":"Polygon","properties":{"name":"Fonseca","shapeGroup":"COL","gid":"COL-2-421"},"id":"COL-2-421"},{"arcs":[[[-1504,-1511,1525]],[[-1502,1526,-1507]]],"type":"MultiPolygon","properties":{"name":"Hatonuevo","shapeGroup":"COL","gid":"COL-2-422"},"id":"COL-2-422"},{"arcs":[[1527,1528,1529,1530,1531]],"type":"Polygon","properties":{"name":"La Jagua Del Pilar","shapeGroup":"COL","gid":"COL-2-423"},"id":"COL-2-423"},{"arcs":[[-1506,1532,1533,1534,1535]],"type":"Polygon","properties":{"name":"Maicao","shapeGroup":"COL","gid":"COL-2-424"},"id":"COL-2-424"},{"arcs":[[-1534,1536,1537,1538]],"type":"Polygon","properties":{"name":"Manaure","shapeGroup":"COL","gid":"COL-2-425"},"id":"COL-2-425"},{"arcs":[[-1512,1539,-1518,-1524,1540,-1522,1541,1542]],"type":"Polygon","properties":{"name":"San Juan Del Cesar","shapeGroup":"COL","gid":"COL-2-426"},"id":"COL-2-426"},{"arcs":[[-1532,1543,1544,1545]],"type":"Polygon","properties":{"name":"Urumita","shapeGroup":"COL","gid":"COL-2-427"},"id":"COL-2-427"},{"arcs":[[-1521,1546,-1545,1547,-1542]],"type":"Polygon","properties":{"name":"Villanueva","shapeGroup":"COL","gid":"COL-2-428"},"id":"COL-2-428"},{"arcs":[[1548,1549,1550]],"type":"Polygon","properties":{"name":"Algarrobo","shapeGroup":"COL","gid":"COL-2-429"},"id":"COL-2-429"},{"arcs":[[-705,-729,1551,1552,1553]],"type":"Polygon","properties":{"name":"La Montañita","shapeGroup":"COL","gid":"COL-2-430"},"id":"COL-2-430"},{"arcs":[[-706,-1554,1554,1555,1556]],"type":"Polygon","properties":{"name":"Milán","shapeGroup":"COL","gid":"COL-2-431"},"id":"COL-2-431"},{"arcs":[[-707,-1557,1557,-717]],"type":"Polygon","properties":{"name":"Morelia","shapeGroup":"COL","gid":"COL-2-432"},"id":"COL-2-432"},{"arcs":[[-722,-1407,1558,1559]],"type":"Polygon","properties":{"name":"Puerto Rico","shapeGroup":"COL","gid":"COL-2-433"},"id":"COL-2-433"},{"arcs":[[-715,1560,1561,-1387,-719]],"type":"Polygon","properties":{"name":"San José Del Fragua","shapeGroup":"COL","gid":"COL-2-434"},"id":"COL-2-434"},{"arcs":[[-713,-718,-1558,-1556,1562,1563,1564]],"type":"Polygon","properties":{"name":"Valparaíso","shapeGroup":"COL","gid":"COL-2-435"},"id":"COL-2-435"},{"arcs":[[1565,1566,1567,1568,1569,1570]],"type":"Polygon","properties":{"name":"Popayán","shapeGroup":"COL","gid":"COL-2-436"},"id":"COL-2-436"},{"arcs":[[1571,1572,1573,1574]],"type":"Polygon","properties":{"name":"Almaguer","shapeGroup":"COL","gid":"COL-2-437"},"id":"COL-2-437"},{"arcs":[[1575,1576,1577,1578,1579,1580]],"type":"Polygon","properties":{"name":"Argelia","shapeGroup":"COL","gid":"COL-2-438"},"id":"COL-2-438"},{"arcs":[[-1578,1581,1582,1583,1584]],"type":"Polygon","properties":{"name":"Balboa","shapeGroup":"COL","gid":"COL-2-439"},"id":"COL-2-439"},{"arcs":[[-1573,1585,1586,1587,1588,1589,1590,1591,1592]],"type":"Polygon","properties":{"name":"Bolívar","shapeGroup":"COL","gid":"COL-2-440"},"id":"COL-2-440"},{"arcs":[[1593,1594,1595,1596,1597,1598,1599]],"type":"Polygon","properties":{"name":"Buenos Aires","shapeGroup":"COL","gid":"COL-2-441"},"id":"COL-2-441"},{"arcs":[[-1571,1600,1601,1602,1603,1604]],"type":"Polygon","properties":{"name":"Cajibío","shapeGroup":"COL","gid":"COL-2-442"},"id":"COL-2-442"},{"arcs":[[-1595,1605,1606,1607,1608,1609]],"type":"Polygon","properties":{"name":"Caldono","shapeGroup":"COL","gid":"COL-2-443"},"id":"COL-2-443"},{"arcs":[[1610,1611,1612,1613,1614,1615,1616,1617]],"type":"Polygon","properties":{"name":"Caloto","shapeGroup":"COL","gid":"COL-2-444"},"id":"COL-2-444"},{"arcs":[[-1613,1618,1619,1620,1621]],"type":"Polygon","properties":{"name":"Corinto","shapeGroup":"COL","gid":"COL-2-445"},"id":"COL-2-445"},{"arcs":[[-1570,1622,1623,1624,1625,-1576,1626,1627,1628,-1601]],"type":"Polygon","properties":{"name":"El Tambo","shapeGroup":"COL","gid":"COL-2-446"},"id":"COL-2-446"},{"arcs":[[-1590,1629,1630,1631]],"type":"Polygon","properties":{"name":"Florencia","shapeGroup":"COL","gid":"COL-2-447"},"id":"COL-2-447"},{"arcs":[[-1611,1632,1633]],"type":"Polygon","properties":{"name":"Guachené","shapeGroup":"COL","gid":"COL-2-448"},"id":"COL-2-448"},{"arcs":[[-1457,1634,1635,1636,1637]],"type":"Polygon","properties":{"name":"Inza","shapeGroup":"COL","gid":"COL-2-449"},"id":"COL-2-449"},{"arcs":[[-1607,1638,-1615,1639,1640,1641]],"type":"Polygon","properties":{"name":"Jambaló","shapeGroup":"COL","gid":"COL-2-450"},"id":"COL-2-450"},{"arcs":[[-1625,1642,1643,1644,1645,1646]],"type":"Polygon","properties":{"name":"La Sierra","shapeGroup":"COL","gid":"COL-2-451"},"id":"COL-2-451"},{"arcs":[[-1485,1647,-1575,1648,-1645,1649]],"type":"Polygon","properties":{"name":"La Vega","shapeGroup":"COL","gid":"COL-2-452"},"id":"COL-2-452"},{"arcs":[[-1583,1650,-1591,-1632,1651,1652,1653,1654,1655]],"type":"Polygon","properties":{"name":"Mercaderes","shapeGroup":"COL","gid":"COL-2-453"},"id":"COL-2-453"},{"arcs":[[-1620,1656,1657,1658,1659,1660,1661]],"type":"Polygon","properties":{"name":"Miranda","shapeGroup":"COL","gid":"COL-2-454"},"id":"COL-2-454"},{"arcs":[[-1596,-1610,1662,-1602,-1629,1663,1664]],"type":"Polygon","properties":{"name":"Morales","shapeGroup":"COL","gid":"COL-2-455"},"id":"COL-2-455"},{"arcs":[[-1612,-1634,1665,-1657,-1619]],"type":"Polygon","properties":{"name":"Padilla","shapeGroup":"COL","gid":"COL-2-456"},"id":"COL-2-456"},{"arcs":[[-1444,-1463,-1467,-1458,-1638,1666,-1641,1667,1668,-1495]],"type":"Polygon","properties":{"name":"Páez","shapeGroup":"COL","gid":"COL-2-457"},"id":"COL-2-457"},{"arcs":[[-1577,-1626,-1647,1669,-1592,-1651,-1582]],"type":"Polygon","properties":{"name":"Patía","shapeGroup":"COL","gid":"COL-2-458"},"id":"COL-2-458"},{"arcs":[[-1474,-1562,1670,1671,1672,1673]],"type":"Polygon","properties":{"name":"Piamonte","shapeGroup":"COL","gid":"COL-2-459"},"id":"COL-2-459"},{"arcs":[[-1603,-1663,-1609,1674]],"type":"Polygon","properties":{"name":"Piendamó","shapeGroup":"COL","gid":"COL-2-460"},"id":"COL-2-460"},{"arcs":[[-1618,1675,1676,1677,1678,-1658,-1666,-1633]],"type":"Polygon","properties":{"name":"Puerto Tejada","shapeGroup":"COL","gid":"COL-2-461"},"id":"COL-2-461"},{"arcs":[[-1448,-1487,1679,-1567,1680,-1635,-1456,-1455]],"type":"Polygon","properties":{"name":"Puracé (Coconuco)","shapeGroup":"COL","gid":"COL-2-462"},"id":"COL-2-462"},{"arcs":[[-1624,1681,1682,-1643]],"type":"Polygon","properties":{"name":"Rosas","shapeGroup":"COL","gid":"COL-2-463"},"id":"COL-2-463"},{"arcs":[[-1484,1683,-1586,-1572,-1648]],"type":"Polygon","properties":{"name":"San Sebastian","shapeGroup":"COL","gid":"COL-2-464"},"id":"COL-2-464"},{"arcs":[[-1594,1684,1685,-1616,-1639,-1606]],"type":"Polygon","properties":{"name":"Santander De Quilichao","shapeGroup":"COL","gid":"COL-2-465"},"id":"COL-2-465"},{"arcs":[[-1475,-1674,1686,1687,1688,-1587,-1684,-1483,-1478]],"type":"Polygon","properties":{"name":"Santa Rosa","shapeGroup":"COL","gid":"COL-2-466"},"id":"COL-2-466"},{"arcs":[[-1604,-1675,-1608,-1642,-1667,-1637,1689]],"type":"Polygon","properties":{"name":"Silvia","shapeGroup":"COL","gid":"COL-2-467"},"id":"COL-2-467"},{"arcs":[[-1486,-1650,-1644,-1683,1690,-1568,-1680]],"type":"Polygon","properties":{"name":"Sotará (Paispamba)","shapeGroup":"COL","gid":"COL-2-468"},"id":"COL-2-468"},{"arcs":[[-1597,-1665,1691]],"type":"Polygon","properties":{"name":"Suárez","shapeGroup":"COL","gid":"COL-2-469"},"id":"COL-2-469"},{"arcs":[[-1574,-1593,-1670,-1646,-1649]],"type":"Polygon","properties":{"name":"Sucre","shapeGroup":"COL","gid":"COL-2-470"},"id":"COL-2-470"},{"arcs":[[-1569,-1691,-1682,-1623]],"type":"Polygon","properties":{"name":"Timbío","shapeGroup":"COL","gid":"COL-2-471"},"id":"COL-2-471"},{"arcs":[[-1614,-1622,1692,-1668,-1640]],"type":"Polygon","properties":{"name":"Toribío","shapeGroup":"COL","gid":"COL-2-472"},"id":"COL-2-472"},{"arcs":[[-1566,-1605,-1690,-1636,-1681]],"type":"Polygon","properties":{"name":"Totoró","shapeGroup":"COL","gid":"COL-2-473"},"id":"COL-2-473"},{"arcs":[[-1617,-1686,1693,-1676]],"type":"Polygon","properties":{"name":"Villa Rica","shapeGroup":"COL","gid":"COL-2-474"},"id":"COL-2-474"},{"arcs":[[-811,1694,1695,1696,1697,1698,1699,1700]],"type":"Polygon","properties":{"name":"Aguachica","shapeGroup":"COL","gid":"COL-2-475"},"id":"COL-2-475"},{"arcs":[[1701,1702,1703,1704]],"type":"Polygon","properties":{"name":"Agustín Codazzi","shapeGroup":"COL","gid":"COL-2-476"},"id":"COL-2-476"},{"arcs":[[1705,1706,1707,1708,1709]],"type":"Polygon","properties":{"name":"Astrea","shapeGroup":"COL","gid":"COL-2-477"},"id":"COL-2-477"},{"arcs":[[1710,1711,1712,1713,1714]],"type":"Polygon","properties":{"name":"Bosconia","shapeGroup":"COL","gid":"COL-2-478"},"id":"COL-2-478"},{"arcs":[[-1707,1715,1716,1717,1718,1719,1720,1721,1722]],"type":"Polygon","properties":{"name":"Chimichagua","shapeGroup":"COL","gid":"COL-2-479"},"id":"COL-2-479"},{"arcs":[[-1706,1723,1724,1725,1726,-1716]],"type":"Polygon","properties":{"name":"Chiriguaná","shapeGroup":"COL","gid":"COL-2-480"},"id":"COL-2-480"},{"arcs":[[-1717,-1727,1727,1728]],"type":"Polygon","properties":{"name":"Curumaní","shapeGroup":"COL","gid":"COL-2-481"},"id":"COL-2-481"},{"arcs":[[-1549,1729,1730,1731,-1715,1732]],"type":"Polygon","properties":{"name":"El Copey","shapeGroup":"COL","gid":"COL-2-482"},"id":"COL-2-482"},{"arcs":[[-1703,1733,1734,-1724,-1710,1735,1736,1737,-1712,1738,1739]],"type":"Polygon","properties":{"name":"El Paso","shapeGroup":"COL","gid":"COL-2-483"},"id":"COL-2-483"},{"arcs":[[-810,-827,1740,-1695]],"type":"Polygon","properties":{"name":"Gamarra","shapeGroup":"COL","gid":"COL-2-484"},"id":"COL-2-484"},{"arcs":[[1741,1742,1743,1744,1745]],"type":"Polygon","properties":{"name":"Gonzalez","shapeGroup":"COL","gid":"COL-2-485"},"id":"COL-2-485"},{"arcs":[[-820,1746,1747,1748,-1696,-1741,-826]],"type":"Polygon","properties":{"name":"La Gloria","shapeGroup":"COL","gid":"COL-2-486"},"id":"COL-2-486"},{"arcs":[[-1719,1749,1750,1751]],"type":"Polygon","properties":{"name":"Pailitas","shapeGroup":"COL","gid":"COL-2-487"},"id":"COL-2-487"},{"arcs":[[-1748,1752,-1751,1753]],"type":"Polygon","properties":{"name":"Pelaya","shapeGroup":"COL","gid":"COL-2-488"},"id":"COL-2-488"},{"arcs":[[-1699,1754,-1743,1755,1756]],"type":"Polygon","properties":{"name":"Río De Oro","shapeGroup":"COL","gid":"COL-2-489"},"id":"COL-2-489"},{"arcs":[[-1530,1757,1758,-1704,-1740,1759,1760,1761]],"type":"Polygon","properties":{"name":"La Paz","shapeGroup":"COL","gid":"COL-2-490"},"id":"COL-2-490"},{"arcs":[[1762,1763,1764]],"type":"Polygon","properties":{"name":"San Alberto","shapeGroup":"COL","gid":"COL-2-491"},"id":"COL-2-491"},{"arcs":[[-1761,1765]],"type":"Polygon","properties":{"name":"San Diego","shapeGroup":"COL","gid":"COL-2-492"},"id":"COL-2-492"},{"arcs":[[-1700,-1757,1766,1767,-1764,1768,1769]],"type":"Polygon","properties":{"name":"San Martín","shapeGroup":"COL","gid":"COL-2-493"},"id":"COL-2-493"},{"arcs":[[-767,1770,-1720,-1752,-1753,-1747,-819]],"type":"Polygon","properties":{"name":"Tamalameque","shapeGroup":"COL","gid":"COL-2-494"},"id":"COL-2-494"},{"arcs":[[-1080,1771,1772,1773,1774,1775,1776,1777,1778,1779,1780]],"type":"Polygon","properties":{"name":"Montería","shapeGroup":"COL","gid":"COL-2-495"},"id":"COL-2-495"},{"arcs":[[-835,-1036,1781,1782,1783,1784,1785,1786,1787,1788]],"type":"Polygon","properties":{"name":"Ayapel","shapeGroup":"COL","gid":"COL-2-496"},"id":"COL-2-496"},{"arcs":[[-1784,1789,1790,1791,1792]],"type":"Polygon","properties":{"name":"Buenavista","shapeGroup":"COL","gid":"COL-2-497"},"id":"COL-2-497"},{"arcs":[[-1773,1793,1794]],"type":"Polygon","properties":{"name":"Canalete","shapeGroup":"COL","gid":"COL-2-498"},"id":"COL-2-498"},{"arcs":[[-1777,1795,1796,1797]],"type":"Polygon","properties":{"name":"Cereté","shapeGroup":"COL","gid":"COL-2-499"},"id":"COL-2-499"},{"arcs":[[1798,1799,1800,1801,1802,1803,1804]],"type":"Polygon","properties":{"name":"Chimá","shapeGroup":"COL","gid":"COL-2-500"},"id":"COL-2-500"},{"arcs":[[1805,1806,1807,1808,1809,1810,1811,1812]],"type":"Polygon","properties":{"name":"Chinú","shapeGroup":"COL","gid":"COL-2-501"},"id":"COL-2-501"},{"arcs":[[-1797,1813,-1801,1814,-1811,1815,1816,1817]],"type":"Polygon","properties":{"name":"Cienaga De Oro","shapeGroup":"COL","gid":"COL-2-502"},"id":"COL-2-502"},{"arcs":[[-1803,1818,1819]],"type":"Polygon","properties":{"name":"Cotorra","shapeGroup":"COL","gid":"COL-2-503"},"id":"COL-2-503"},{"arcs":[[-1783,1820,1821,-1790]],"type":"Polygon","properties":{"name":"La Apartada","shapeGroup":"COL","gid":"COL-2-504"},"id":"COL-2-504"},{"arcs":[[-1804,-1820,1822,1823,1824,1825,1826,1827,1828]],"type":"Polygon","properties":{"name":"Lorica","shapeGroup":"COL","gid":"COL-2-505"},"id":"COL-2-505"},{"arcs":[[-1774,-1795,1829,1830,1831]],"type":"Polygon","properties":{"name":"Los Córdobas","shapeGroup":"COL","gid":"COL-2-506"},"id":"COL-2-506"},{"arcs":[[-1805,-1829,1832,1833,1834]],"type":"Polygon","properties":{"name":"Momil","shapeGroup":"COL","gid":"COL-2-507"},"id":"COL-2-507"},{"arcs":[[-952,1835,1836,-1024,1837,1838,-1791,-1822,1839]],"type":"Polygon","properties":{"name":"Montelíbano","shapeGroup":"COL","gid":"COL-2-508"},"id":"COL-2-508"},{"arcs":[[-1825,1840,1841,1842]],"type":"Polygon","properties":{"name":"Moñitos","shapeGroup":"COL","gid":"COL-2-509"},"id":"COL-2-509"},{"arcs":[[-1779,1843,1844,-1792,-1839,1845]],"type":"Polygon","properties":{"name":"Planeta Rica","shapeGroup":"COL","gid":"COL-2-510"},"id":"COL-2-510"},{"arcs":[[-1785,-1793,-1845,1846,-1817,1847,1848]],"type":"Polygon","properties":{"name":"Pueblo Nuevo","shapeGroup":"COL","gid":"COL-2-511"},"id":"COL-2-511"},{"arcs":[[-1775,-1832,1849,-1841,-1824,1850]],"type":"Polygon","properties":{"name":"Puerto Escondido","shapeGroup":"COL","gid":"COL-2-512"},"id":"COL-2-512"},{"arcs":[[-1828,1851,1852,1853,-1833]],"type":"Polygon","properties":{"name":"Purísima","shapeGroup":"COL","gid":"COL-2-513"},"id":"COL-2-513"},{"arcs":[[-1810,1854,1855,-1848,-1816]],"type":"Polygon","properties":{"name":"Sahagún","shapeGroup":"COL","gid":"COL-2-514"},"id":"COL-2-514"},{"arcs":[[-1800,1856,1857,1858,-1812,-1815]],"type":"Polygon","properties":{"name":"San Andres De Sotavento","shapeGroup":"COL","gid":"COL-2-515"},"id":"COL-2-515"},{"arcs":[[-1827,1859,1860,1861,-1852]],"type":"Polygon","properties":{"name":"San Antero","shapeGroup":"COL","gid":"COL-2-516"},"id":"COL-2-516"},{"arcs":[[-1826,-1843,1862,-1860]],"type":"Polygon","properties":{"name":"San Bernardo Del Viento","shapeGroup":"COL","gid":"COL-2-517"},"id":"COL-2-517"},{"arcs":[[-1778,-1798,-1818,-1847,-1844]],"type":"Polygon","properties":{"name":"San Carlos","shapeGroup":"COL","gid":"COL-2-518"},"id":"COL-2-518"},{"arcs":[[-63,-1026,1863,-1836,-951]],"type":"Polygon","properties":{"name":"San José De Uré","shapeGroup":"COL","gid":"COL-2-519"},"id":"COL-2-519"},{"arcs":[[-1776,-1851,-1823,-1819,-1802,-1814,-1796]],"type":"Polygon","properties":{"name":"San Pelayo","shapeGroup":"COL","gid":"COL-2-520"},"id":"COL-2-520"},{"arcs":[[-1799,-1835,1864,1865,-1857]],"type":"Polygon","properties":{"name":"Tuchin","shapeGroup":"COL","gid":"COL-2-521"},"id":"COL-2-521"},{"arcs":[[-1081,-1781,1866,1867,1868]],"type":"Polygon","properties":{"name":"Valencia","shapeGroup":"COL","gid":"COL-2-522"},"id":"COL-2-522"},{"arcs":[[-1186,-1255,-1334]],"type":"Polygon","properties":{"name":"Agua De Dios","shapeGroup":"COL","gid":"COL-2-523"},"id":"COL-2-523"},{"arcs":[[-1277,1869,1870,1871,-1367]],"type":"Polygon","properties":{"name":"Albán","shapeGroup":"COL","gid":"COL-2-524"},"id":"COL-2-524"},{"arcs":[[-1101,-1245,-1123,1872,-1371,-1246]],"type":"Polygon","properties":{"name":"Anapoima","shapeGroup":"COL","gid":"COL-2-525"},"id":"COL-2-525"},{"arcs":[[-1243,1873,1874,-1871,1875,-1376,1876]],"type":"Polygon","properties":{"name":"Anolaima","shapeGroup":"COL","gid":"COL-2-526"},"id":"COL-2-526"},{"arcs":[[-1216,1877,1878,-1224,1879,-1261]],"type":"Polygon","properties":{"name":"Arbeláez","shapeGroup":"COL","gid":"COL-2-527"},"id":"COL-2-527"},{"arcs":[[-1106,1880,1881,1882,1883,-1271,-1230]],"type":"Polygon","properties":{"name":"Beltrán","shapeGroup":"COL","gid":"COL-2-528"},"id":"COL-2-528"},{"arcs":[[-1242,-1365,-1369,1884,-1874]],"type":"Polygon","properties":{"name":"Bituima","shapeGroup":"COL","gid":"COL-2-529"},"id":"COL-2-529"},{"arcs":[[-1127,-1378,1885,-1157,-1172,-1294,-1260,-1323]],"type":"Polygon","properties":{"name":"Bojacá","shapeGroup":"COL","gid":"COL-2-530"},"id":"COL-2-530"},{"arcs":[[-1198,-1263,1886,-1426,1887,1888,1889]],"type":"Polygon","properties":{"name":"Cabrera","shapeGroup":"COL","gid":"COL-2-531"},"id":"COL-2-531"},{"arcs":[[-1125,-1244,-1877,-1375]],"type":"Polygon","properties":{"name":"Cachipay","shapeGroup":"COL","gid":"COL-2-532"},"id":"COL-2-532"},{"arcs":[[-1296,1890,-1317,-1379]],"type":"Polygon","properties":{"name":"Cajicá","shapeGroup":"COL","gid":"COL-2-533"},"id":"COL-2-533"},{"arcs":[[-1132,-1360,1891,-1228,-1374]],"type":"Polygon","properties":{"name":"Caparrapi","shapeGroup":"COL","gid":"COL-2-534"},"id":"COL-2-534"},{"arcs":[[-1237,1892,-1357,1893,-1348,1894]],"type":"Polygon","properties":{"name":"Cáqueza","shapeGroup":"COL","gid":"COL-2-535"},"id":"COL-2-535"},{"arcs":[[-248,-878,-1291,-1311,-1352,-1314,-1321,-1264]],"type":"Polygon","properties":{"name":"Carmen De Carupa","shapeGroup":"COL","gid":"COL-2-536"},"id":"COL-2-536"},{"arcs":[[-1274,1895,1896,-1362]],"type":"Polygon","properties":{"name":"Chaguaní","shapeGroup":"COL","gid":"COL-2-537"},"id":"COL-2-537"},{"arcs":[[-1295,1897,1898,-1325,-1318,-1891]],"type":"Polygon","properties":{"name":"Chia","shapeGroup":"COL","gid":"COL-2-538"},"id":"COL-2-538"},{"arcs":[[-1349,-1894,-1356,1899]],"type":"Polygon","properties":{"name":"Chipaque","shapeGroup":"COL","gid":"COL-2-539"},"id":"COL-2-539"},{"arcs":[[-1117,1900,-1346,1901]],"type":"Polygon","properties":{"name":"Choachí","shapeGroup":"COL","gid":"COL-2-540"},"id":"COL-2-540"},{"arcs":[[-1144,-1366,-1331,-1153,-1280,-1307]],"type":"Polygon","properties":{"name":"Chocontá","shapeGroup":"COL","gid":"COL-2-541"},"id":"COL-2-541"},{"arcs":[[-1178,-1380,-1203,-1320]],"type":"Polygon","properties":{"name":"Cogua","shapeGroup":"COL","gid":"COL-2-542"},"id":"COL-2-542"},{"arcs":[[-1326,-1899,1902,1903]],"type":"Polygon","properties":{"name":"Cota","shapeGroup":"COL","gid":"COL-2-543"},"id":"COL-2-543"},{"arcs":[[-1145,-1306,-1322,-1312,-1351]],"type":"Polygon","properties":{"name":"Cucunubá","shapeGroup":"COL","gid":"COL-2-544"},"id":"COL-2-544"},{"arcs":[[-1122,-1324,-1258,1904,-1372,-1873]],"type":"Polygon","properties":{"name":"El Colegio","shapeGroup":"COL","gid":"COL-2-545"},"id":"COL-2-545"},{"arcs":[[-1129,-1341,-1208,-1361,-1188,-1134]],"type":"Polygon","properties":{"name":"El Peñon","shapeGroup":"COL","gid":"COL-2-546"},"id":"COL-2-546"},{"arcs":[[-1159,1905,-1269,-1300]],"type":"Polygon","properties":{"name":"El Rosal","shapeGroup":"COL","gid":"COL-2-547"},"id":"COL-2-547"},{"arcs":[[-1139,-1270,-1906,-1158,-1886,-1377,-1876,-1870,-1276]],"type":"Polygon","properties":{"name":"Facatativá","shapeGroup":"COL","gid":"COL-2-548"},"id":"COL-2-548"},{"arcs":[[-1111,1906,1907,-1238,-1895,-1347,-1901,-1116]],"type":"Polygon","properties":{"name":"Fómeque","shapeGroup":"COL","gid":"COL-2-549"},"id":"COL-2-549"},{"arcs":[[-1092,-1099,-1358,-1893,-1236]],"type":"Polygon","properties":{"name":"Fosca","shapeGroup":"COL","gid":"COL-2-550"},"id":"COL-2-550"},{"arcs":[[-1155,-1327,-1904,1908,-1169]],"type":"Polygon","properties":{"name":"Funza","shapeGroup":"COL","gid":"COL-2-551"},"id":"COL-2-551"},{"arcs":[[-496,1909,-1353,-1309]],"type":"Polygon","properties":{"name":"Fuquene","shapeGroup":"COL","gid":"COL-2-552"},"id":"COL-2-552"},{"arcs":[[-1225,-1879,1910,-1329,-1286,-1282]],"type":"Polygon","properties":{"name":"Fusagasugá","shapeGroup":"COL","gid":"COL-2-553"},"id":"COL-2-553"},{"arcs":[[-285,-539,-1345,-1167,1911,-1109,1912,-1342]],"type":"Polygon","properties":{"name":"Gachalá","shapeGroup":"COL","gid":"COL-2-554"},"id":"COL-2-554"},{"arcs":[[-344,-1344,1913,-1115,1914,-1150,-1161]],"type":"Polygon","properties":{"name":"Gachetá","shapeGroup":"COL","gid":"COL-2-555"},"id":"COL-2-555"},{"arcs":[[-1108,-1914,-1343,-1913]],"type":"Polygon","properties":{"name":"Gama","shapeGroup":"COL","gid":"COL-2-556"},"id":"COL-2-556"},{"arcs":[[-1174,-1335,-1253,1915,1916]],"type":"Polygon","properties":{"name":"Girardot","shapeGroup":"COL","gid":"COL-2-557"},"id":"COL-2-557"},{"arcs":[[-1257,-1293,-1284,-1289,-1373,-1905]],"type":"Polygon","properties":{"name":"Granada","shapeGroup":"COL","gid":"COL-2-558"},"id":"COL-2-558"},{"arcs":[[-495,-514,-605,-1147,-1354,-1910]],"type":"Polygon","properties":{"name":"Guachetá","shapeGroup":"COL","gid":"COL-2-559"},"id":"COL-2-559"},{"arcs":[[-652,-1229,-1892,-1359,-1234,-1370,-1363,-1897,1917,1918]],"type":"Polygon","properties":{"name":"Guaduas","shapeGroup":"COL","gid":"COL-2-560"},"id":"COL-2-560"},{"arcs":[[-1113,-1120,-1299,-1337,1919]],"type":"Polygon","properties":{"name":"Guasca","shapeGroup":"COL","gid":"COL-2-561"},"id":"COL-2-561"},{"arcs":[[-1105,-1176,1920,1921,-1881]],"type":"Polygon","properties":{"name":"Guataquí","shapeGroup":"COL","gid":"COL-2-562"},"id":"COL-2-562"},{"arcs":[[-1086,-1281,-1151,-1915,-1114,-1920,-1336]],"type":"Polygon","properties":{"name":"Guatavita","shapeGroup":"COL","gid":"COL-2-563"},"id":"COL-2-563"},{"arcs":[[-1368,-1872,-1875,-1885]],"type":"Polygon","properties":{"name":"Guayabal De Síquima","shapeGroup":"COL","gid":"COL-2-564"},"id":"COL-2-564"},{"arcs":[[1922,1923,1924,1925,1926]],"type":"Polygon","properties":{"name":"Circasia","shapeGroup":"COL","gid":"COL-2-565"},"id":"COL-2-565"},{"arcs":[[1927,1928,1929,1930]],"type":"Polygon","properties":{"name":"Córdoba","shapeGroup":"COL","gid":"COL-2-566"},"id":"COL-2-566"},{"arcs":[[-1927,1931,1932,1933,1934,1935]],"type":"Polygon","properties":{"name":"Filandia","shapeGroup":"COL","gid":"COL-2-567"},"id":"COL-2-567"},{"arcs":[[1936,1937,1938,1939]],"type":"Polygon","properties":{"name":"Génova","shapeGroup":"COL","gid":"COL-2-568"},"id":"COL-2-568"},{"arcs":[[1940,1941,1942,1943,1944,1945,1946]],"type":"Polygon","properties":{"name":"La Tebaida","shapeGroup":"COL","gid":"COL-2-569"},"id":"COL-2-569"},{"arcs":[[-1925,1947,-1946,1948,1949,1950]],"type":"Polygon","properties":{"name":"Montenegro","shapeGroup":"COL","gid":"COL-2-570"},"id":"COL-2-570"},{"arcs":[[-1929,1951,1952,-1940,1953,1954,1955]],"type":"Polygon","properties":{"name":"Pijao","shapeGroup":"COL","gid":"COL-2-571"},"id":"COL-2-571"},{"arcs":[[-1926,-1951,1956,1957,1958,-1932]],"type":"Polygon","properties":{"name":"Quimbaya","shapeGroup":"COL","gid":"COL-2-572"},"id":"COL-2-572"},{"arcs":[[-1923,-1936,1959,1960,1961,1962,1963,1964,1965]],"type":"Polygon","properties":{"name":"Salento","shapeGroup":"COL","gid":"COL-2-573"},"id":"COL-2-573"},{"arcs":[[-1935,1966,1967,1968,1969,1970,1971,1972,1973,1974,-1960]],"type":"Polygon","properties":{"name":"Pereira","shapeGroup":"COL","gid":"COL-2-574"},"id":"COL-2-574"},{"arcs":[[-703,1975,1976,1977]],"type":"Polygon","properties":{"name":"Apía","shapeGroup":"COL","gid":"COL-2-575"},"id":"COL-2-575"},{"arcs":[[-626,-704,-1978,1978,1979,1980]],"type":"Polygon","properties":{"name":"Belén De Umbría","shapeGroup":"COL","gid":"COL-2-576"},"id":"COL-2-576"},{"arcs":[[-627,-1981,1981,1982,1983]],"type":"Polygon","properties":{"name":"Guática","shapeGroup":"COL","gid":"COL-2-577"},"id":"COL-2-577"},{"arcs":[[1984,1985,1986]],"type":"Polygon","properties":{"name":"La Celia","shapeGroup":"COL","gid":"COL-2-578"},"id":"COL-2-578"},{"arcs":[[-637,1987,-1971,1988,1989]],"type":"Polygon","properties":{"name":"La Virginia","shapeGroup":"COL","gid":"COL-2-579"},"id":"COL-2-579"},{"arcs":[[-636,-643,1990,1991,-1972,-1988]],"type":"Polygon","properties":{"name":"Marsella","shapeGroup":"COL","gid":"COL-2-580"},"id":"COL-2-580"},{"arcs":[[-1977,1992,1993,1994,1995,-1979]],"type":"Polygon","properties":{"name":"Pueblo Rico","shapeGroup":"COL","gid":"COL-2-581"},"id":"COL-2-581"},{"arcs":[[-628,-1984,1996,-647,-677]],"type":"Polygon","properties":{"name":"Quinchia","shapeGroup":"COL","gid":"COL-2-582"},"id":"COL-2-582"},{"arcs":[[-642,-701,-1974,1997,-1991]],"type":"Polygon","properties":{"name":"Santa Rosa De Cabal","shapeGroup":"COL","gid":"COL-2-583"},"id":"COL-2-583"},{"arcs":[[-638,-1990,1998,-1987,1999,-1976,-702]],"type":"Polygon","properties":{"name":"Santuario","shapeGroup":"COL","gid":"COL-2-584"},"id":"COL-2-584"},{"arcs":[[2000,2001,2002,2003]],"type":"Polygon","properties":{"name":"Aguada","shapeGroup":"COL","gid":"COL-2-585"},"id":"COL-2-585"},{"arcs":[[-508,-873,-593,2004,2005,2006]],"type":"Polygon","properties":{"name":"Albania","shapeGroup":"COL","gid":"COL-2-586"},"id":"COL-2-586"},{"arcs":[[2007,2008,2009,2010,2011]],"type":"Polygon","properties":{"name":"Aratoca","shapeGroup":"COL","gid":"COL-2-587"},"id":"COL-2-587"},{"arcs":[[-405,2012,2013,2014,-520]],"type":"Polygon","properties":{"name":"Barbosa","shapeGroup":"COL","gid":"COL-2-588"},"id":"COL-2-588"},{"arcs":[[2015,2016,2017,2018,2019]],"type":"Polygon","properties":{"name":"Barichara","shapeGroup":"COL","gid":"COL-2-589"},"id":"COL-2-589"},{"arcs":[[2020,2021,2022,2023,2024,2025,2026]],"type":"Polygon","properties":{"name":"Barrancabermeja","shapeGroup":"COL","gid":"COL-2-590"},"id":"COL-2-590"},{"arcs":[[2027,2028,2029]],"type":"Polygon","properties":{"name":"Betulia","shapeGroup":"COL","gid":"COL-2-591"},"id":"COL-2-591"},{"arcs":[[-427,-480,-1047,2030,2031,2032,2033,2034,2035,2036,2037]],"type":"Polygon","properties":{"name":"Bolivar","shapeGroup":"COL","gid":"COL-2-592"},"id":"COL-2-592"},{"arcs":[[-2017,2038,2039,2040,2041,2042]],"type":"Polygon","properties":{"name":"Cabrera","shapeGroup":"COL","gid":"COL-2-593"},"id":"COL-2-593"},{"arcs":[[2043,2044]],"type":"Polygon","properties":{"name":"California","shapeGroup":"COL","gid":"COL-2-594"},"id":"COL-2-594"},{"arcs":[[-260,2045,2046,2047,2048,-870,-584]],"type":"Polygon","properties":{"name":"Capitanejo","shapeGroup":"COL","gid":"COL-2-595"},"id":"COL-2-595"},{"arcs":[[-884,2049,2050,2051,2052]],"type":"Polygon","properties":{"name":"Carcasí","shapeGroup":"COL","gid":"COL-2-596"},"id":"COL-2-596"},{"arcs":[[-2009,2053,2054,2055,2056,2057]],"type":"Polygon","properties":{"name":"Cepitá","shapeGroup":"COL","gid":"COL-2-597"},"id":"COL-2-597"},{"arcs":[[2058,2059,2060,2061]],"type":"Polygon","properties":{"name":"Cerrito","shapeGroup":"COL","gid":"COL-2-598"},"id":"COL-2-598"},{"arcs":[[-293,2062,2063,2064,2065,2066,2067,2068,2069,2070]],"type":"Polygon","properties":{"name":"Charala","shapeGroup":"COL","gid":"COL-2-599"},"id":"COL-2-599"},{"arcs":[[2071,2072,2073,2074,2075]],"type":"Polygon","properties":{"name":"Charta","shapeGroup":"COL","gid":"COL-2-600"},"id":"COL-2-600"},{"arcs":[[2076,2077,2078,2079,2080,2081]],"type":"Polygon","properties":{"name":"Chima","shapeGroup":"COL","gid":"COL-2-601"},"id":"COL-2-601"},{"arcs":[[2082,2083,2084,2085]],"type":"Polygon","properties":{"name":"Chipatá","shapeGroup":"COL","gid":"COL-2-602"},"id":"COL-2-602"},{"arcs":[[-1046,2086,2087,2088,-2031]],"type":"Polygon","properties":{"name":"Cimitarra","shapeGroup":"COL","gid":"COL-2-603"},"id":"COL-2-603"},{"arcs":[[-269,-885,-2053,2089,2090,2091,-2059,2092]],"type":"Polygon","properties":{"name":"Concepción","shapeGroup":"COL","gid":"COL-2-604"},"id":"COL-2-604"},{"arcs":[[-2066,2093,2094,2095,2096,2097]],"type":"Polygon","properties":{"name":"Confines","shapeGroup":"COL","gid":"COL-2-605"},"id":"COL-2-605"},{"arcs":[[-2080,2098,2099,2100]],"type":"Polygon","properties":{"name":"Contratación","shapeGroup":"COL","gid":"COL-2-606"},"id":"COL-2-606"},{"arcs":[[-599,2101,-2070,2102,2103,2104]],"type":"Polygon","properties":{"name":"Coromoro","shapeGroup":"COL","gid":"COL-2-607"},"id":"COL-2-607"},{"arcs":[[-2010,-2058,2105,2106,2107,2108,2109]],"type":"Polygon","properties":{"name":"Curití","shapeGroup":"COL","gid":"COL-2-608"},"id":"COL-2-608"},{"arcs":[[2110,2111,2112,2113]],"type":"Polygon","properties":{"name":"El Carmen De Chucuri","shapeGroup":"COL","gid":"COL-2-609"},"id":"COL-2-609"},{"arcs":[[-2004,2114,2115,-2100,2116]],"type":"Polygon","properties":{"name":"El Guacamayo","shapeGroup":"COL","gid":"COL-2-610"},"id":"COL-2-610"},{"arcs":[[-2036,2117]],"type":"Polygon","properties":{"name":"El Peñón","shapeGroup":"COL","gid":"COL-2-611"},"id":"COL-2-611"},{"arcs":[[2118,2119,2120,2121]],"type":"Polygon","properties":{"name":"El Playón","shapeGroup":"COL","gid":"COL-2-612"},"id":"COL-2-612"},{"arcs":[[-294,-2071,-2102,-867,-881,-540]],"type":"Polygon","properties":{"name":"Encino","shapeGroup":"COL","gid":"COL-2-613"},"id":"COL-2-613"},{"arcs":[[-2047,2122,2123,-2090,-2052,2124]],"type":"Polygon","properties":{"name":"Enciso","shapeGroup":"COL","gid":"COL-2-614"},"id":"COL-2-614"},{"arcs":[[-429,2125,2126,-2005,-592,-454]],"type":"Polygon","properties":{"name":"Florián","shapeGroup":"COL","gid":"COL-2-615"},"id":"COL-2-615"},{"arcs":[[2127,2128,2129,2130]],"type":"Polygon","properties":{"name":"Floridablanca","shapeGroup":"COL","gid":"COL-2-616"},"id":"COL-2-616"},{"arcs":[[-2018,-2043,2131,2132,-2111,2133,2134]],"type":"Polygon","properties":{"name":"Galán","shapeGroup":"COL","gid":"COL-2-617"},"id":"COL-2-617"},{"arcs":[[-225,2135,-2063,-447,-571,-245,-864,-408,-588]],"type":"Polygon","properties":{"name":"Gámbita","shapeGroup":"COL","gid":"COL-2-618"},"id":"COL-2-618"},{"arcs":[[-2055,2136,2137,2138,2139,-2061,2140]],"type":"Polygon","properties":{"name":"Guaca","shapeGroup":"COL","gid":"COL-2-619"},"id":"COL-2-619"},{"arcs":[[-2001,-2117,-2099,-2079,2141,2142,2143,2144]],"type":"Polygon","properties":{"name":"Guadalupe","shapeGroup":"COL","gid":"COL-2-620"},"id":"COL-2-620"},{"arcs":[[-2078,2145,-2095,2146,-2142]],"type":"Polygon","properties":{"name":"Guapotá","shapeGroup":"COL","gid":"COL-2-621"},"id":"COL-2-621"},{"arcs":[[-2034,2147,2148,2149,2150]],"type":"Polygon","properties":{"name":"Guavatá","shapeGroup":"COL","gid":"COL-2-622"},"id":"COL-2-622"},{"arcs":[[-521,-2015,2151,-2084,2152]],"type":"Polygon","properties":{"name":"Güepsa","shapeGroup":"COL","gid":"COL-2-623"},"id":"COL-2-623"},{"arcs":[[-2112,-2133,2153,2154]],"type":"Polygon","properties":{"name":"Hato","shapeGroup":"COL","gid":"COL-2-624"},"id":"COL-2-624"},{"arcs":[[-2006,-2127,2155,2156,-2150,2157]],"type":"Polygon","properties":{"name":"Jesús María","shapeGroup":"COL","gid":"COL-2-625"},"id":"COL-2-625"},{"arcs":[[-2011,-2110,2158,2159]],"type":"Polygon","properties":{"name":"Jordán Sube","shapeGroup":"COL","gid":"COL-2-626"},"id":"COL-2-626"},{"arcs":[[-428,-2038,2160,-2156,-2126]],"type":"Polygon","properties":{"name":"La Belleza","shapeGroup":"COL","gid":"COL-2-627"},"id":"COL-2-627"},{"arcs":[[-2032,-2089,2161,2162]],"type":"Polygon","properties":{"name":"Landázuri","shapeGroup":"COL","gid":"COL-2-628"},"id":"COL-2-628"},{"arcs":[[-2003,2163,-2086,2164,2165,-2115]],"type":"Polygon","properties":{"name":"La Paz","shapeGroup":"COL","gid":"COL-2-629"},"id":"COL-2-629"},{"arcs":[[2166,2167,2168]],"type":"Polygon","properties":{"name":"Lebríja","shapeGroup":"COL","gid":"COL-2-630"},"id":"COL-2-630"},{"arcs":[[-2012,-2160,2169,2170,2171,2172]],"type":"Polygon","properties":{"name":"Los Santos","shapeGroup":"COL","gid":"COL-2-631"},"id":"COL-2-631"},{"arcs":[[-304,-335,-529,-871,-2049,2173,-2050,-883]],"type":"Polygon","properties":{"name":"Macaravita","shapeGroup":"COL","gid":"COL-2-632"},"id":"COL-2-632"},{"arcs":[[-1713,-1738,2174,2175,2176]],"type":"Polygon","properties":{"name":"Ariguaní","shapeGroup":"COL","gid":"COL-2-633"},"id":"COL-2-633"},{"arcs":[[-134,2177,2178,2179,2180,-730,-189]],"type":"Polygon","properties":{"name":"Cerro De San Antonio","shapeGroup":"COL","gid":"COL-2-634"},"id":"COL-2-634"},{"arcs":[[2181,2182,2183,2184,2185,2186]],"type":"Polygon","properties":{"name":"Chivolo","shapeGroup":"COL","gid":"COL-2-635"},"id":"COL-2-635"},{"arcs":[[2187,2188,2189,2190,2191]],"type":"Polygon","properties":{"name":"Ciénaga","shapeGroup":"COL","gid":"COL-2-636"},"id":"COL-2-636"},{"arcs":[[-2180,2192,2193]],"type":"Polygon","properties":{"name":"Concordia","shapeGroup":"COL","gid":"COL-2-637"},"id":"COL-2-637"},{"arcs":[[-770,-773,-793,2194,-1721,-1771]],"type":"Polygon","properties":{"name":"El Banco","shapeGroup":"COL","gid":"COL-2-638"},"id":"COL-2-638"},{"arcs":[[-133,2195,2196,-2186,2197,-2178]],"type":"Polygon","properties":{"name":"El Piñón","shapeGroup":"COL","gid":"COL-2-639"},"id":"COL-2-639"},{"arcs":[[2198,2199,2200,2201,2202]],"type":"Polygon","properties":{"name":"El Retén","shapeGroup":"COL","gid":"COL-2-640"},"id":"COL-2-640"},{"arcs":[[-1551,2203,2204,-2200,2205,2206,-1730]],"type":"Polygon","properties":{"name":"Fundación","shapeGroup":"COL","gid":"COL-2-641"},"id":"COL-2-641"},{"arcs":[[-792,2207,2208,-1722,-2195]],"type":"Polygon","properties":{"name":"Guamal","shapeGroup":"COL","gid":"COL-2-642"},"id":"COL-2-642"},{"arcs":[[-2176,2209,2210,2211]],"type":"Polygon","properties":{"name":"Nueva Granada","shapeGroup":"COL","gid":"COL-2-643"},"id":"COL-2-643"},{"arcs":[[-731,-2181,-2194,2212,-763]],"type":"Polygon","properties":{"name":"Pedraza","shapeGroup":"COL","gid":"COL-2-644"},"id":"COL-2-644"},{"arcs":[[-1709,2213,2214,2215,-1736]],"type":"Polygon","properties":{"name":"Pijiño Del Carmen","shapeGroup":"COL","gid":"COL-2-645"},"id":"COL-2-645"},{"arcs":[[-2187,-2197,2216,2217,-2201,-2205,2218]],"type":"Polygon","properties":{"name":"Pivijay","shapeGroup":"COL","gid":"COL-2-646"},"id":"COL-2-646"},{"arcs":[[-746,-862,2219,-2183,2220,-2211,2221,2222]],"type":"Polygon","properties":{"name":"Plato","shapeGroup":"COL","gid":"COL-2-647"},"id":"COL-2-647"},{"arcs":[[-2190,2223,2224,-2203,2225,2226]],"type":"Polygon","properties":{"name":"Pueblo Viejo","shapeGroup":"COL","gid":"COL-2-648"},"id":"COL-2-648"},{"arcs":[[-159,2227,-2202,-2218,2228,-171]],"type":"Polygon","properties":{"name":"Remolino","shapeGroup":"COL","gid":"COL-2-649"},"id":"COL-2-649"},{"arcs":[[-1550,-1733,-1714,-2177,-2212,-2221,-2182,-2219,-2204]],"type":"Polygon","properties":{"name":"Sabanas De San Angel","shapeGroup":"COL","gid":"COL-2-650"},"id":"COL-2-650"},{"arcs":[[-132,-172,-2229,-2217,-2196]],"type":"Polygon","properties":{"name":"Salamina","shapeGroup":"COL","gid":"COL-2-651"},"id":"COL-2-651"},{"arcs":[[-806,2229,-2214,-1708,-1723,-2209,2230]],"type":"Polygon","properties":{"name":"San Sebastian De Buenavista","shapeGroup":"COL","gid":"COL-2-652"},"id":"COL-2-652"},{"arcs":[[-805,-854,2231,-2215,-2230]],"type":"Polygon","properties":{"name":"San Zenón","shapeGroup":"COL","gid":"COL-2-653"},"id":"COL-2-653"},{"arcs":[[-853,2232,-2222,-2210,-2175,-1737,-2216,-2232]],"type":"Polygon","properties":{"name":"Santa Ana","shapeGroup":"COL","gid":"COL-2-654"},"id":"COL-2-654"},{"arcs":[[-747,-2223,-2233,-852,-782]],"type":"Polygon","properties":{"name":"Santa Bárbara De Pinto","shapeGroup":"COL","gid":"COL-2-655"},"id":"COL-2-655"},{"arcs":[[-120,2233,-2226,-2228,-158,-187,-181,-151,-188]],"type":"Polygon","properties":{"name":"Sitionuevo","shapeGroup":"COL","gid":"COL-2-656"},"id":"COL-2-656"},{"arcs":[[-765,2234,-2184,-2220,-861,-837]],"type":"Polygon","properties":{"name":"Tenerife","shapeGroup":"COL","gid":"COL-2-657"},"id":"COL-2-657"},{"arcs":[[-764,-2213,-2193,-2179,-2198,-2185,-2235]],"type":"Polygon","properties":{"name":"Zapayán","shapeGroup":"COL","gid":"COL-2-658"},"id":"COL-2-658"},{"arcs":[[-2189,2235,-2224]],"type":"Polygon","properties":{"name":"Zona Bananera","shapeGroup":"COL","gid":"COL-2-659"},"id":"COL-2-659"},{"arcs":[[-1090,2236,2237,2238,2239,-1095]],"type":"Polygon","properties":{"name":"Acacías","shapeGroup":"COL","gid":"COL-2-660"},"id":"COL-2-660"},{"arcs":[[-1218,2240,2241,2242]],"type":"Polygon","properties":{"name":"Barranca De Upia","shapeGroup":"COL","gid":"COL-2-661"},"id":"COL-2-661"},{"arcs":[[-1219,-2243,2243,2244,2245]],"type":"Polygon","properties":{"name":"Cabuyaro","shapeGroup":"COL","gid":"COL-2-662"},"id":"COL-2-662"},{"arcs":[[-2239,2246,2247,2248]],"type":"Polygon","properties":{"name":"Castilla La Nueva","shapeGroup":"COL","gid":"COL-2-663"},"id":"COL-2-663"},{"arcs":[[2249,2250,2251,2252,2253,2254,2255]],"type":"Polygon","properties":{"name":"Cubarral","shapeGroup":"COL","gid":"COL-2-664"},"id":"COL-2-664"},{"arcs":[[-1164,-1220,-2246,2256,2257]],"type":"Polygon","properties":{"name":"Cumaral","shapeGroup":"COL","gid":"COL-2-665"},"id":"COL-2-665"},{"arcs":[[-1094,-1239,-1908,2258,2259,2260]],"type":"Polygon","properties":{"name":"El Calvario","shapeGroup":"COL","gid":"COL-2-666"},"id":"COL-2-666"},{"arcs":[[-2252,2261,2262,2263,2264]],"type":"Polygon","properties":{"name":"El Castillo","shapeGroup":"COL","gid":"COL-2-667"},"id":"COL-2-667"},{"arcs":[[-2251,2265,-2262]],"type":"Polygon","properties":{"name":"El Dorado","shapeGroup":"COL","gid":"COL-2-668"},"id":"COL-2-668"},{"arcs":[[2266,2267,2268,2269]],"type":"Polygon","properties":{"name":"Fuente De Oro","shapeGroup":"COL","gid":"COL-2-669"},"id":"COL-2-669"},{"arcs":[[-2264,2270,-2269,2271,2272]],"type":"Polygon","properties":{"name":"Granada","shapeGroup":"COL","gid":"COL-2-670"},"id":"COL-2-670"},{"arcs":[[-1096,-2240,-2249,2273,-2256,2274]],"type":"Polygon","properties":{"name":"Guamal","shapeGroup":"COL","gid":"COL-2-671"},"id":"COL-2-671"},{"arcs":[[2275,2276,2277,2278]],"type":"Polygon","properties":{"name":"Mesetas","shapeGroup":"COL","gid":"COL-2-672"},"id":"COL-2-672"},{"arcs":[[-1415,-1428,2279,-2254,2280,-2278,2281,2282,2283]],"type":"Polygon","properties":{"name":"Uribe","shapeGroup":"COL","gid":"COL-2-673"},"id":"COL-2-673"},{"arcs":[[-2253,-2265,-2273,2284,-2279,-2281]],"type":"Polygon","properties":{"name":"Lejanías","shapeGroup":"COL","gid":"COL-2-674"},"id":"COL-2-674"},{"arcs":[[-2245,2285,2286,2287,2288,2289,2290,2291,2292,-2257]],"type":"Polygon","properties":{"name":"Puerto López","shapeGroup":"COL","gid":"COL-2-675"},"id":"COL-2-675"},{"arcs":[[-1165,-2258,-2293,2293,-2260,2294]],"type":"Polygon","properties":{"name":"Restrepo","shapeGroup":"COL","gid":"COL-2-676"},"id":"COL-2-676"},{"arcs":[[-2238,2295,-2291,2296,-2247]],"type":"Polygon","properties":{"name":"San Carlos De Guaroa","shapeGroup":"COL","gid":"COL-2-677"},"id":"COL-2-677"},{"arcs":[[-2268,2297,2298,-2276,-2285,-2272]],"type":"Polygon","properties":{"name":"San Juan De Arama","shapeGroup":"COL","gid":"COL-2-678"},"id":"COL-2-678"},{"arcs":[[-1110,-1912,-1166,-2295,-2259,-1907]],"type":"Polygon","properties":{"name":"San Juanito","shapeGroup":"COL","gid":"COL-2-679"},"id":"COL-2-679"},{"arcs":[[-2248,-2297,-2290,2299,2300,2301,-2270,-2271,-2263,-2266,-2250,-2274]],"type":"Polygon","properties":{"name":"San Martín","shapeGroup":"COL","gid":"COL-2-680"},"id":"COL-2-680"},{"arcs":[[2302,2303,2304,2305,2306]],"type":"Polygon","properties":{"name":"Ancuya","shapeGroup":"COL","gid":"COL-2-681"},"id":"COL-2-681"},{"arcs":[[2307,2308,2309,2310]],"type":"Polygon","properties":{"name":"Arboleda","shapeGroup":"COL","gid":"COL-2-682"},"id":"COL-2-682"},{"arcs":[[2311,2312,2313,2314]],"type":"Polygon","properties":{"name":"Belen","shapeGroup":"COL","gid":"COL-2-683"},"id":"COL-2-683"},{"arcs":[[-2309,2315,2316,2317,2318,2319,2320,2321]],"type":"Polygon","properties":{"name":"Buesaco","shapeGroup":"COL","gid":"COL-2-684"},"id":"COL-2-684"},{"arcs":[[-2315,2322,2323,2324]],"type":"Polygon","properties":{"name":"Colon","shapeGroup":"COL","gid":"COL-2-685"},"id":"COL-2-685"},{"arcs":[[-2304,2325,2326,2327,2328,2329,2330]],"type":"Polygon","properties":{"name":"Consacá","shapeGroup":"COL","gid":"COL-2-686"},"id":"COL-2-686"},{"arcs":[[2331,2332,2333,2334,2335]],"type":"Polygon","properties":{"name":"Contadero","shapeGroup":"COL","gid":"COL-2-687"},"id":"COL-2-687"},{"arcs":[[2336,2337,2338,2339]],"type":"Polygon","properties":{"name":"Córdoba","shapeGroup":"COL","gid":"COL-2-688"},"id":"COL-2-688"},{"arcs":[[2340,2341,2342,2343,2344]],"type":"Polygon","properties":{"name":"Cuaspud","shapeGroup":"COL","gid":"COL-2-689"},"id":"COL-2-689"},{"arcs":[[-2342,2345,2346,2347,2348]],"type":"Polygon","properties":{"name":"Cumbal","shapeGroup":"COL","gid":"COL-2-690"},"id":"COL-2-690"},{"arcs":[[2349,2350,2351,2352,2353]],"type":"Polygon","properties":{"name":"Cumbitara","shapeGroup":"COL","gid":"COL-2-691"},"id":"COL-2-691"},{"arcs":[[-2321,2354,2355,2356,2357,2358]],"type":"Polygon","properties":{"name":"Chachagüí","shapeGroup":"COL","gid":"COL-2-692"},"id":"COL-2-692"},{"arcs":[[2359,2360,2361,2362,2363]],"type":"Polygon","properties":{"name":"El Peñol","shapeGroup":"COL","gid":"COL-2-693"},"id":"COL-2-693"},{"arcs":[[-1655,2364,2365,-2354,2366,2367]],"type":"Polygon","properties":{"name":"El Rosario","shapeGroup":"COL","gid":"COL-2-694"},"id":"COL-2-694"},{"arcs":[[-1688,2368,2369,-2317,2370,2371,2372]],"type":"Polygon","properties":{"name":"El Tablón De Gómez","shapeGroup":"COL","gid":"COL-2-695"},"id":"COL-2-695"},{"arcs":[[-2332,2373,2374,2375,2376,2377,2378,2379]],"type":"Polygon","properties":{"name":"Funes","shapeGroup":"COL","gid":"COL-2-696"},"id":"COL-2-696"},{"arcs":[[-2305,-2331,2380,2381,2382,2383,2384]],"type":"Polygon","properties":{"name":"Guaitarilla","shapeGroup":"COL","gid":"COL-2-697"},"id":"COL-2-697"},{"arcs":[[-2335,2385,2386,2387]],"type":"Polygon","properties":{"name":"Gualmatán","shapeGroup":"COL","gid":"COL-2-698"},"id":"COL-2-698"},{"arcs":[[-2336,-2388,2388,2389,2390,-2374]],"type":"Polygon","properties":{"name":"Iles","shapeGroup":"COL","gid":"COL-2-699"},"id":"COL-2-699"},{"arcs":[[-2375,-2391,2391,2392,-2382,2393]],"type":"Polygon","properties":{"name":"Imues","shapeGroup":"COL","gid":"COL-2-700"},"id":"COL-2-700"},{"arcs":[[-1588,-1689,-2373,2394,-2312,-2325,2395]],"type":"Polygon","properties":{"name":"La Cruz","shapeGroup":"COL","gid":"COL-2-701"},"id":"COL-2-701"},{"arcs":[[2396,2397,2398,2399]],"type":"Polygon","properties":{"name":"La Llanada","shapeGroup":"COL","gid":"COL-2-702"},"id":"COL-2-702"},{"arcs":[[-1631,2400,-2323,-2314,2401,2402,-1652]],"type":"Polygon","properties":{"name":"La Unión","shapeGroup":"COL","gid":"COL-2-703"},"id":"COL-2-703"},{"arcs":[[-2307,2403,-2397,2404,-2361,2405,2406]],"type":"Polygon","properties":{"name":"Linares","shapeGroup":"COL","gid":"COL-2-704"},"id":"COL-2-704"},{"arcs":[[-2351,2407,-2362,-2405,-2400,2408,2409]],"type":"Polygon","properties":{"name":"Los Andes","shapeGroup":"COL","gid":"COL-2-705"},"id":"COL-2-705"},{"arcs":[[2410,2411]],"type":"Polygon","properties":{"name":"Nariño","shapeGroup":"COL","gid":"COL-2-706"},"id":"COL-2-706"},{"arcs":[[-2384,2412,2413,2414]],"type":"Polygon","properties":{"name":"Providencia","shapeGroup":"COL","gid":"COL-2-707"},"id":"COL-2-707"},{"arcs":[[-2333,-2380,2415,-2337,2416]],"type":"Polygon","properties":{"name":"Puerres","shapeGroup":"COL","gid":"COL-2-708"},"id":"COL-2-708"},{"arcs":[[-2387,2417,2418,2419,2420,-2389]],"type":"Polygon","properties":{"name":"Pupiales","shapeGroup":"COL","gid":"COL-2-709"},"id":"COL-2-709"},{"arcs":[[-2347,2421,2422,2423,2424,2425]],"type":"Polygon","properties":{"name":"Ricaurte","shapeGroup":"COL","gid":"COL-2-710"},"id":"COL-2-710"},{"arcs":[[-2313,-2395,-2372,2426,2427]],"type":"Polygon","properties":{"name":"San Bernardo","shapeGroup":"COL","gid":"COL-2-711"},"id":"COL-2-711"},{"arcs":[[-1653,-2403,2428,-2310,-2322,-2359,2429]],"type":"Polygon","properties":{"name":"San Lorenzo","shapeGroup":"COL","gid":"COL-2-712"},"id":"COL-2-712"},{"arcs":[[-2311,-2429,-2402,-2428,2430]],"type":"Polygon","properties":{"name":"San Pedro De Cartago","shapeGroup":"COL","gid":"COL-2-713"},"id":"COL-2-713"},{"arcs":[[-2414,2431,2432,2433,-2425,2434]],"type":"Polygon","properties":{"name":"Santa Cruz (Guachavés)","shapeGroup":"COL","gid":"COL-2-714"},"id":"COL-2-714"},{"arcs":[[-2421,2435,2436,-2433,2437,2438]],"type":"Polygon","properties":{"name":"Sapuyes","shapeGroup":"COL","gid":"COL-2-715"},"id":"COL-2-715"},{"arcs":[[-1654,-2430,-2358,2439,-2364,2440,-2365]],"type":"Polygon","properties":{"name":"Taminango","shapeGroup":"COL","gid":"COL-2-716"},"id":"COL-2-716"},{"arcs":[[-2329,2441,-2377,2442]],"type":"Polygon","properties":{"name":"Tangua","shapeGroup":"COL","gid":"COL-2-717"},"id":"COL-2-717"},{"arcs":[[-2383,-2393,2443,-2438,-2432,-2413]],"type":"Polygon","properties":{"name":"Tuquerres","shapeGroup":"COL","gid":"COL-2-718"},"id":"COL-2-718"},{"arcs":[[-2330,-2443,-2376,-2394,-2381]],"type":"Polygon","properties":{"name":"Yacuanquer","shapeGroup":"COL","gid":"COL-2-719"},"id":"COL-2-719"},{"arcs":[[-1765,-1768,2444,2445,2446,2447,2448,2449,2450,2451]],"type":"Polygon","properties":{"name":"Abrego","shapeGroup":"COL","gid":"COL-2-720"},"id":"COL-2-720"},{"arcs":[[2452,2453,2454,2455,2456,2457]],"type":"Polygon","properties":{"name":"Arboledas","shapeGroup":"COL","gid":"COL-2-721"},"id":"COL-2-721"},{"arcs":[[2458,2459,2460,2461]],"type":"Polygon","properties":{"name":"Cácota","shapeGroup":"COL","gid":"COL-2-722"},"id":"COL-2-722"},{"arcs":[[2462,2463,2464,2465,2466,2467]],"type":"Polygon","properties":{"name":"Chinácota","shapeGroup":"COL","gid":"COL-2-723"},"id":"COL-2-723"},{"arcs":[[-270,-2093,-2062,-2140,2468,-2459,2469,2470,2471]],"type":"Polygon","properties":{"name":"Chitagà","shapeGroup":"COL","gid":"COL-2-724"},"id":"COL-2-724"},{"arcs":[[-1746,2472,2473,2474,2475]],"type":"Polygon","properties":{"name":"Convención","shapeGroup":"COL","gid":"COL-2-725"},"id":"COL-2-725"},{"arcs":[[-2454,2476,2477,2478,2479,2480,2481]],"type":"Polygon","properties":{"name":"Cucutilla","shapeGroup":"COL","gid":"COL-2-726"},"id":"COL-2-726"},{"arcs":[[-1697,-1749,-1754,-1750,-1718,-1729,2482,-2473,-1745,2483]],"type":"Polygon","properties":{"name":"El Carmen","shapeGroup":"COL","gid":"COL-2-727"},"id":"COL-2-727"},{"arcs":[[2484,2485,2486]],"type":"Polygon","properties":{"name":"El Tarra","shapeGroup":"COL","gid":"COL-2-728"},"id":"COL-2-728"},{"arcs":[[-2464,2487,2488,2489]],"type":"Polygon","properties":{"name":"Herrán","shapeGroup":"COL","gid":"COL-2-729"},"id":"COL-2-729"},{"arcs":[[-1763,-2452,2490,2491]],"type":"Polygon","properties":{"name":"La Esperanza","shapeGroup":"COL","gid":"COL-2-730"},"id":"COL-2-730"},{"arcs":[[-2446,2492,2493,2494]],"type":"Polygon","properties":{"name":"La Playa","shapeGroup":"COL","gid":"COL-2-731"},"id":"COL-2-731"},{"arcs":[[2495,2496,2497,2498]],"type":"Polygon","properties":{"name":"Lourdes","shapeGroup":"COL","gid":"COL-2-732"},"id":"COL-2-732"},{"arcs":[[-2461,2499,2500,-2480,2501]],"type":"Polygon","properties":{"name":"Mutiscua","shapeGroup":"COL","gid":"COL-2-733"},"id":"COL-2-733"},{"arcs":[[-2466,2502,2503,2504,-2478,2505]],"type":"Polygon","properties":{"name":"Pamplonita","shapeGroup":"COL","gid":"COL-2-734"},"id":"COL-2-734"},{"arcs":[[2506,2507]],"type":"Polygon","properties":{"name":"Puerto Santander","shapeGroup":"COL","gid":"COL-2-735"},"id":"COL-2-735"},{"arcs":[[-2463,2508,2509,2510,-2488]],"type":"Polygon","properties":{"name":"Ragonvalia","shapeGroup":"COL","gid":"COL-2-736"},"id":"COL-2-736"},{"arcs":[[-2457,2511,2512,2513,2514,2515]],"type":"Polygon","properties":{"name":"Salazar","shapeGroup":"COL","gid":"COL-2-737"},"id":"COL-2-737"},{"arcs":[[-2485,2516,2517,2518,-2494,2519,2520]],"type":"Polygon","properties":{"name":"San Calixto","shapeGroup":"COL","gid":"COL-2-738"},"id":"COL-2-738"},{"arcs":[[2521,2522,2523,2524,2525]],"type":"Polygon","properties":{"name":"San Cayetano","shapeGroup":"COL","gid":"COL-2-739"},"id":"COL-2-739"},{"arcs":[[-2515,2526,2527,-2525,2528]],"type":"Polygon","properties":{"name":"Santiago","shapeGroup":"COL","gid":"COL-2-740"},"id":"COL-2-740"},{"arcs":[[-2139,2529,2530,2531,-2500,-2460,-2469]],"type":"Polygon","properties":{"name":"Silos","shapeGroup":"COL","gid":"COL-2-741"},"id":"COL-2-741"},{"arcs":[[-2475,2532,2533,-2486,-2521,2534]],"type":"Polygon","properties":{"name":"Teorama","shapeGroup":"COL","gid":"COL-2-742"},"id":"COL-2-742"},{"arcs":[[-2487,-2534,2535,2536,2537,-2517]],"type":"Polygon","properties":{"name":"Tibú","shapeGroup":"COL","gid":"COL-2-743"},"id":"COL-2-743"},{"arcs":[[-2450,2538,-2497,2539,-2513,2540]],"type":"Polygon","properties":{"name":"Villa Caro","shapeGroup":"COL","gid":"COL-2-744"},"id":"COL-2-744"},{"arcs":[[-1924,-1966,2541,-1947,-1948]],"type":"Polygon","properties":{"name":"Armenia","shapeGroup":"COL","gid":"COL-2-745"},"id":"COL-2-745"},{"arcs":[[-1930,-1956,2542]],"type":"Polygon","properties":{"name":"Buenavista","shapeGroup":"COL","gid":"COL-2-746"},"id":"COL-2-746"},{"arcs":[[-1931,-2543,-1955,2543,-1941,-2542,-1965,2544]],"type":"Polygon","properties":{"name":"Calarca","shapeGroup":"COL","gid":"COL-2-747"},"id":"COL-2-747"},{"arcs":[[2545,2546,2547,2548,2549]],"type":"Polygon","properties":{"name":"Prado","shapeGroup":"COL","gid":"COL-2-748"},"id":"COL-2-748"},{"arcs":[[-2550,2550,2551,2552,2553,2554,2555]],"type":"Polygon","properties":{"name":"Purificación","shapeGroup":"COL","gid":"COL-2-749"},"id":"COL-2-749"},{"arcs":[[-1661,2556,2557,2558,2559,2560,2561,2562,2563]],"type":"Polygon","properties":{"name":"Rioblanco","shapeGroup":"COL","gid":"COL-2-750"},"id":"COL-2-750"},{"arcs":[[-1937,-1953,2564,2565,2566,2567,2568]],"type":"Polygon","properties":{"name":"Roncesvalles","shapeGroup":"COL","gid":"COL-2-751"},"id":"COL-2-751"},{"arcs":[[-2566,2569,2570,2571,2572,2573,2574]],"type":"Polygon","properties":{"name":"Rovira","shapeGroup":"COL","gid":"COL-2-752"},"id":"COL-2-752"},{"arcs":[[-2552,2575,2576,2577,2578]],"type":"Polygon","properties":{"name":"Saldaña","shapeGroup":"COL","gid":"COL-2-753"},"id":"COL-2-753"},{"arcs":[[-2567,-2575,2579,2580]],"type":"Polygon","properties":{"name":"San Antonio","shapeGroup":"COL","gid":"COL-2-754"},"id":"COL-2-754"},{"arcs":[[-2572,2581,2582,2583,2584,-2578,2585,2586]],"type":"Polygon","properties":{"name":"San Luis","shapeGroup":"COL","gid":"COL-2-755"},"id":"COL-2-755"},{"arcs":[[-1961,-1975,2587,2588,2589,2590]],"type":"Polygon","properties":{"name":"Santa Isabel","shapeGroup":"COL","gid":"COL-2-756"},"id":"COL-2-756"},{"arcs":[[-1251,2591,2592,-2554,2593,2594,2595]],"type":"Polygon","properties":{"name":"Suaréz","shapeGroup":"COL","gid":"COL-2-757"},"id":"COL-2-757"},{"arcs":[[-2573,-2587,2596]],"type":"Polygon","properties":{"name":"Valle De San Juan","shapeGroup":"COL","gid":"COL-2-758"},"id":"COL-2-758"},{"arcs":[[-1883,2597,2598,2599,-2590,2600,2601,2602]],"type":"Polygon","properties":{"name":"Venadillo","shapeGroup":"COL","gid":"COL-2-759"},"id":"COL-2-759"},{"arcs":[[-699,2603,2604,2605,2606,2607]],"type":"Polygon","properties":{"name":"Villahermosa","shapeGroup":"COL","gid":"COL-2-760"},"id":"COL-2-760"},{"arcs":[[-1889,2608,-2546,-2556,2609]],"type":"Polygon","properties":{"name":"Villarrica","shapeGroup":"COL","gid":"COL-2-761"},"id":"COL-2-761"},{"arcs":[[-1933,-1959,2610,2611]],"type":"Polygon","properties":{"name":"Alcalá","shapeGroup":"COL","gid":"COL-2-762"},"id":"COL-2-762"},{"arcs":[[2612,2613,2614,2615]],"type":"Polygon","properties":{"name":"Andalucía","shapeGroup":"COL","gid":"COL-2-763"},"id":"COL-2-763"},{"arcs":[[-1969,2616,2617,2618,2619,2620,2621,2622]],"type":"Polygon","properties":{"name":"Ansermanuevo","shapeGroup":"COL","gid":"COL-2-764"},"id":"COL-2-764"},{"arcs":[[-2619,2623,2624,2625]],"type":"Polygon","properties":{"name":"Argelia","shapeGroup":"COL","gid":"COL-2-765"},"id":"COL-2-765"},{"arcs":[[2626,2627,2628,2629,2630,2631,2632]],"type":"Polygon","properties":{"name":"Bolívar","shapeGroup":"COL","gid":"COL-2-766"},"id":"COL-2-766"},{"arcs":[[-2561,2633,2634,2635,2636,2637,2638,2639]],"type":"Polygon","properties":{"name":"Buga","shapeGroup":"COL","gid":"COL-2-767"},"id":"COL-2-767"},{"arcs":[[-2616,2640,-2629,2641,2642,2643]],"type":"Polygon","properties":{"name":"Bugalagrande","shapeGroup":"COL","gid":"COL-2-768"},"id":"COL-2-768"},{"arcs":[[-1939,2644,-1942,-2544,-1954]],"type":"Polygon","properties":{"name":"Caicedonia","shapeGroup":"COL","gid":"COL-2-769"},"id":"COL-2-769"},{"arcs":[[2645,2646,2647,2648,2649,2650,2651]],"type":"Polygon","properties":{"name":"Calima","shapeGroup":"COL","gid":"COL-2-770"},"id":"COL-2-770"},{"arcs":[[-1678,2652,2653,2654,2655,2656,2657,2658]],"type":"Polygon","properties":{"name":"Cali","shapeGroup":"COL","gid":"COL-2-771"},"id":"COL-2-771"},{"arcs":[[-1986,2659,-2622,2660]],"type":"Polygon","properties":{"name":"El Águila","shapeGroup":"COL","gid":"COL-2-772"},"id":"COL-2-772"},{"arcs":[[-2620,-2626,2661,2662,2663]],"type":"Polygon","properties":{"name":"El Cairo","shapeGroup":"COL","gid":"COL-2-773"},"id":"COL-2-773"},{"arcs":[[-2560,2664,2665,2666,2667,2668,-2634]],"type":"Polygon","properties":{"name":"El Cerrito","shapeGroup":"COL","gid":"COL-2-774"},"id":"COL-2-774"},{"arcs":[[-2633,2669,2670,2671,2672]],"type":"Polygon","properties":{"name":"El Dovio","shapeGroup":"COL","gid":"COL-2-775"},"id":"COL-2-775"},{"arcs":[[-1660,2673,2674,-2557]],"type":"Polygon","properties":{"name":"Florida","shapeGroup":"COL","gid":"COL-2-776"},"id":"COL-2-776"},{"arcs":[[-2635,-2669,2675]],"type":"Polygon","properties":{"name":"Ginebra","shapeGroup":"COL","gid":"COL-2-777"},"id":"COL-2-777"},{"arcs":[[-2636,-2676,-2668,2676]],"type":"Polygon","properties":{"name":"Guacarí","shapeGroup":"COL","gid":"COL-2-778"},"id":"COL-2-778"},{"arcs":[[-1600,2677,-2653,-1677,-1694,-1685]],"type":"Polygon","properties":{"name":"Jamundí","shapeGroup":"COL","gid":"COL-2-779"},"id":"COL-2-779"},{"arcs":[[-2649,2678,2679,2680,-2656,2681]],"type":"Polygon","properties":{"name":"La Cumbre","shapeGroup":"COL","gid":"COL-2-780"},"id":"COL-2-780"},{"arcs":[[-2672,2682,2683,2684,2685,2686]],"type":"Polygon","properties":{"name":"La Unión","shapeGroup":"COL","gid":"COL-2-781"},"id":"COL-2-781"},{"arcs":[[-1945,2687,2688,-2686,2689,-1949]],"type":"Polygon","properties":{"name":"La Victoria","shapeGroup":"COL","gid":"COL-2-782"},"id":"COL-2-782"},{"arcs":[[-1950,-2690,-2685,2690,2691,-1957]],"type":"Polygon","properties":{"name":"Obando","shapeGroup":"COL","gid":"COL-2-783"},"id":"COL-2-783"},{"arcs":[[-2559,2692,2693,-2658,2694,2695,-2665]],"type":"Polygon","properties":{"name":"Palmira","shapeGroup":"COL","gid":"COL-2-784"},"id":"COL-2-784"},{"arcs":[[-2558,-2675,2696,-2693]],"type":"Polygon","properties":{"name":"Pradera","shapeGroup":"COL","gid":"COL-2-785"},"id":"COL-2-785"},{"arcs":[[-2648,2697,2698,-2679]],"type":"Polygon","properties":{"name":"Restrepo","shapeGroup":"COL","gid":"COL-2-786"},"id":"COL-2-786"},{"arcs":[[-2614,2699,2700,-2646,2701,2702]],"type":"Polygon","properties":{"name":"Riofrío","shapeGroup":"COL","gid":"COL-2-787"},"id":"COL-2-787"},{"arcs":[[-2627,-2673,-2687,-2689,2703]],"type":"Polygon","properties":{"name":"Roldanillo","shapeGroup":"COL","gid":"COL-2-788"},"id":"COL-2-788"},{"arcs":[[-2638,2704,2705]],"type":"Polygon","properties":{"name":"San Pedro","shapeGroup":"COL","gid":"COL-2-789"},"id":"COL-2-789"},{"arcs":[[-1938,-2569,2706,2707,-2643,2708,-1943,-2645]],"type":"Polygon","properties":{"name":"Sevilla","shapeGroup":"COL","gid":"COL-2-790"},"id":"COL-2-790"},{"arcs":[[-2618,2709,-2691,-2684,2710,-2624]],"type":"Polygon","properties":{"name":"Toro","shapeGroup":"COL","gid":"COL-2-791"},"id":"COL-2-791"},{"arcs":[[-2615,-2703,2711,-2630,-2641]],"type":"Polygon","properties":{"name":"Trujillo","shapeGroup":"COL","gid":"COL-2-792"},"id":"COL-2-792"},{"arcs":[[-2613,-2644,-2708,2712,-2639,-2706,2713,-2700]],"type":"Polygon","properties":{"name":"Tuluá","shapeGroup":"COL","gid":"COL-2-793"},"id":"COL-2-793"},{"arcs":[[-1934,-2612,2714,-1967]],"type":"Polygon","properties":{"name":"Ulloa","shapeGroup":"COL","gid":"COL-2-794"},"id":"COL-2-794"},{"arcs":[[-2625,-2711,-2683,-2671,2715,-2662]],"type":"Polygon","properties":{"name":"Versalles","shapeGroup":"COL","gid":"COL-2-795"},"id":"COL-2-795"},{"arcs":[[-2666,-2696,2716,-2680,-2699,2717]],"type":"Polygon","properties":{"name":"Vijes","shapeGroup":"COL","gid":"COL-2-796"},"id":"COL-2-796"},{"arcs":[[-2637,-2677,-2667,-2718,-2698,-2647,-2701,-2714,-2705]],"type":"Polygon","properties":{"name":"Yotoco","shapeGroup":"COL","gid":"COL-2-797"},"id":"COL-2-797"},{"arcs":[[-2657,-2681,-2717,-2695]],"type":"Polygon","properties":{"name":"Yumbo","shapeGroup":"COL","gid":"COL-2-798"},"id":"COL-2-798"},{"arcs":[[-1944,-2709,-2642,-2628,-2704,-2688]],"type":"Polygon","properties":{"name":"Zarzal","shapeGroup":"COL","gid":"COL-2-799"},"id":"COL-2-799"},{"arcs":[[2718,2719,2720,2721,2722,2723]],"type":"Polygon","properties":{"name":"Cravo Norte","shapeGroup":"COL","gid":"COL-2-800"},"id":"COL-2-800"},{"arcs":[[-348,2724,2725,2726]],"type":"Polygon","properties":{"name":"Fortul","shapeGroup":"COL","gid":"COL-2-801"},"id":"COL-2-801"},{"arcs":[[-299,-349,-2727,2727,2728,2729,2730,2731]],"type":"Polygon","properties":{"name":"Tame","shapeGroup":"COL","gid":"COL-2-802"},"id":"COL-2-802"},{"arcs":[[-438,-863,2732,2733]],"type":"Polygon","properties":{"name":"Chameza","shapeGroup":"COL","gid":"COL-2-803"},"id":"COL-2-803"},{"arcs":[[-218,-300,-2732,2734]],"type":"Polygon","properties":{"name":"La Salina","shapeGroup":"COL","gid":"COL-2-804"},"id":"COL-2-804"},{"arcs":[[-2288,2735,2736,2737,2738,2739]],"type":"Polygon","properties":{"name":"Maní","shapeGroup":"COL","gid":"COL-2-805"},"id":"COL-2-805"},{"arcs":[[-460,2740,2741,2742,2743]],"type":"Polygon","properties":{"name":"Nunchia","shapeGroup":"COL","gid":"COL-2-806"},"id":"COL-2-806"},{"arcs":[[-2739,2744,2745,2746,2747]],"type":"Polygon","properties":{"name":"Orocué","shapeGroup":"COL","gid":"COL-2-807"},"id":"COL-2-807"},{"arcs":[[-2721,2748,2749,2750,2751,2752]],"type":"Polygon","properties":{"name":"Paz De Ariporo","shapeGroup":"COL","gid":"COL-2-808"},"id":"COL-2-808"},{"arcs":[[-450,2753,2754,-2733]],"type":"Polygon","properties":{"name":"Recetor","shapeGroup":"COL","gid":"COL-2-809"},"id":"COL-2-809"},{"arcs":[[-441,2755,2756,-2241,-524]],"type":"Polygon","properties":{"name":"Sabanalarga","shapeGroup":"COL","gid":"COL-2-810"},"id":"COL-2-810"},{"arcs":[[-219,-2735,-2731,2757,2758]],"type":"Polygon","properties":{"name":"Sacama","shapeGroup":"COL","gid":"COL-2-811"},"id":"COL-2-811"},{"arcs":[[-2743,2759,2760,2761,-2746,2762]],"type":"Polygon","properties":{"name":"San Luis De Palenque","shapeGroup":"COL","gid":"COL-2-812"},"id":"COL-2-812"},{"arcs":[[-220,-2759,-2752,2763,-2741,-459,-476,-560]],"type":"Polygon","properties":{"name":"Tamara","shapeGroup":"COL","gid":"COL-2-813"},"id":"COL-2-813"},{"arcs":[[-439,-2734,-2755,2764,-2736,-2287,2765,2766]],"type":"Polygon","properties":{"name":"Tauramena","shapeGroup":"COL","gid":"COL-2-814"},"id":"COL-2-814"},{"arcs":[[-2091,-2124,2767,2768,2769]],"type":"Polygon","properties":{"name":"Málaga","shapeGroup":"COL","gid":"COL-2-815"},"id":"COL-2-815"},{"arcs":[[-2075,2770,2771,-2120,2772]],"type":"Polygon","properties":{"name":"Matanza","shapeGroup":"COL","gid":"COL-2-816"},"id":"COL-2-816"},{"arcs":[[-2069,2773,2774,2775,-2107,2776,2777,-2103]],"type":"Polygon","properties":{"name":"Mogotes","shapeGroup":"COL","gid":"COL-2-817"},"id":"COL-2-817"},{"arcs":[[-263,2778,2779,-2777,-2106,-2057,2780,-2769,2781]],"type":"Polygon","properties":{"name":"Molagavita","shapeGroup":"COL","gid":"COL-2-818"},"id":"COL-2-818"},{"arcs":[[-2068,2782,2783,-2774]],"type":"Polygon","properties":{"name":"Ocamonte","shapeGroup":"COL","gid":"COL-2-819"},"id":"COL-2-819"},{"arcs":[[-2065,2784,-2143,-2147,-2094]],"type":"Polygon","properties":{"name":"Oiba","shapeGroup":"COL","gid":"COL-2-820"},"id":"COL-2-820"},{"arcs":[[-262,-586,-558,-576,-549,-600,-2105,2785,-2779]],"type":"Polygon","properties":{"name":"Onzaga","shapeGroup":"COL","gid":"COL-2-821"},"id":"COL-2-821"},{"arcs":[[-2042,2786,2787,-2154,-2132]],"type":"Polygon","properties":{"name":"Palmar","shapeGroup":"COL","gid":"COL-2-822"},"id":"COL-2-822"},{"arcs":[[-2077,2788,2789,-2096,-2146]],"type":"Polygon","properties":{"name":"Palmas Del Socorro","shapeGroup":"COL","gid":"COL-2-823"},"id":"COL-2-823"},{"arcs":[[-2067,-2098,2790,2791,2792,2793,-2783]],"type":"Polygon","properties":{"name":"Páramo","shapeGroup":"COL","gid":"COL-2-824"},"id":"COL-2-824"},{"arcs":[[-2008,-2173,2794,-2128,2795,2796,-2137,-2054]],"type":"Polygon","properties":{"name":"Piedecuesta","shapeGroup":"COL","gid":"COL-2-825"},"id":"COL-2-825"},{"arcs":[[-2040,2797,-2792,2798]],"type":"Polygon","properties":{"name":"Pinchote","shapeGroup":"COL","gid":"COL-2-826"},"id":"COL-2-826"},{"arcs":[[-404,-545,-509,-2007,-2158,-2149,-2013]],"type":"Polygon","properties":{"name":"Puente Nacional","shapeGroup":"COL","gid":"COL-2-827"},"id":"COL-2-827"},{"arcs":[[-2025,2799,2800,-2162,-2088,2801]],"type":"Polygon","properties":{"name":"Puerto Parra","shapeGroup":"COL","gid":"COL-2-828"},"id":"COL-2-828"},{"arcs":[[-741,-841,-851,-812,-1701,-1770,2802,2803,-2027,2804]],"type":"Polygon","properties":{"name":"Puerto Wilches","shapeGroup":"COL","gid":"COL-2-829"},"id":"COL-2-829"},{"arcs":[[-1769,-2492,2805,-2121,-2772,2806,2807,-2169,2808,-2803]],"type":"Polygon","properties":{"name":"Rionegro","shapeGroup":"COL","gid":"COL-2-830"},"id":"COL-2-830"},{"arcs":[[-2021,-2804,-2809,-2168,2809]],"type":"Polygon","properties":{"name":"Sabana De Torres","shapeGroup":"COL","gid":"COL-2-831"},"id":"COL-2-831"},{"arcs":[[-2056,-2141,-2060,-2092,-2770,-2781]],"type":"Polygon","properties":{"name":"San Andres","shapeGroup":"COL","gid":"COL-2-832"},"id":"COL-2-832"},{"arcs":[[-522,-2153,-2083,-2164,-2002,-2145,2810,-534]],"type":"Polygon","properties":{"name":"San Benito","shapeGroup":"COL","gid":"COL-2-833"},"id":"COL-2-833"},{"arcs":[[-2016,2811,-2108,-2776,2812,-2793,-2798,-2039]],"type":"Polygon","properties":{"name":"San Gil","shapeGroup":"COL","gid":"COL-2-834"},"id":"COL-2-834"},{"arcs":[[-2104,-2778,-2780,-2786]],"type":"Polygon","properties":{"name":"San Joaquín","shapeGroup":"COL","gid":"COL-2-835"},"id":"COL-2-835"},{"arcs":[[-264,-2782,-2768,-2123,-2046]],"type":"Polygon","properties":{"name":"San José De Miranda","shapeGroup":"COL","gid":"COL-2-836"},"id":"COL-2-836"},{"arcs":[[-2048,-2125,-2051,-2174]],"type":"Polygon","properties":{"name":"San Miguel","shapeGroup":"COL","gid":"COL-2-837"},"id":"COL-2-837"},{"arcs":[[-2023,-2029,2813,-2134,-2114,2814]],"type":"Polygon","properties":{"name":"San Vicente De Chucuri","shapeGroup":"COL","gid":"COL-2-838"},"id":"COL-2-838"},{"arcs":[[-2138,-2797,2815,-2530]],"type":"Polygon","properties":{"name":"Santa Barbara","shapeGroup":"COL","gid":"COL-2-839"},"id":"COL-2-839"},{"arcs":[[-2081,-2101,-2116,-2166,2816,2817]],"type":"Polygon","properties":{"name":"Santa Helena Del Opón","shapeGroup":"COL","gid":"COL-2-840"},"id":"COL-2-840"},{"arcs":[[-2024,-2815,-2113,-2155,-2788,2818,-2789,-2082,-2818,2819,-2800]],"type":"Polygon","properties":{"name":"Simacota","shapeGroup":"COL","gid":"COL-2-841"},"id":"COL-2-841"},{"arcs":[[-2041,-2799,-2791,-2097,-2790,-2819,-2787]],"type":"Polygon","properties":{"name":"Socorro","shapeGroup":"COL","gid":"COL-2-842"},"id":"COL-2-842"},{"arcs":[[-229,-535,-2811,-2144,-2785,-2064,-2136]],"type":"Polygon","properties":{"name":"Suaita","shapeGroup":"COL","gid":"COL-2-843"},"id":"COL-2-843"},{"arcs":[[-2035,-2151,-2157,-2161,-2037,-2118]],"type":"Polygon","properties":{"name":"Sucre","shapeGroup":"COL","gid":"COL-2-844"},"id":"COL-2-844"},{"arcs":[[-2045,-2076,-2773,-2119,2820,-2455,-2482,2821]],"type":"Polygon","properties":{"name":"Suratá","shapeGroup":"COL","gid":"COL-2-845"},"id":"COL-2-845"},{"arcs":[[-2073,2822,-2531,-2816,-2796,-2131,2823]],"type":"Polygon","properties":{"name":"Tona","shapeGroup":"COL","gid":"COL-2-846"},"id":"COL-2-846"},{"arcs":[[-2775,-2784,-2794,-2813]],"type":"Polygon","properties":{"name":"Valle De San Jose","shapeGroup":"COL","gid":"COL-2-847"},"id":"COL-2-847"},{"arcs":[[-2014,-2148,-2033,-2163,-2801,-2820,-2817,-2165,-2085,-2152]],"type":"Polygon","properties":{"name":"Vélez","shapeGroup":"COL","gid":"COL-2-848"},"id":"COL-2-848"},{"arcs":[[-2044,-2822,-2481,-2501,-2532,-2823,-2072]],"type":"Polygon","properties":{"name":"Vetas","shapeGroup":"COL","gid":"COL-2-849"},"id":"COL-2-849"},{"arcs":[[-2020,2824,-2170,-2159,-2109,-2812]],"type":"Polygon","properties":{"name":"Villanueva","shapeGroup":"COL","gid":"COL-2-850"},"id":"COL-2-850"},{"arcs":[[-2019,-2135,-2814,-2028,2825,-2171,-2825]],"type":"Polygon","properties":{"name":"Zapatoca","shapeGroup":"COL","gid":"COL-2-851"},"id":"COL-2-851"},{"arcs":[[-749,-781,2826,2827,2828]],"type":"Polygon","properties":{"name":"Buenavista","shapeGroup":"COL","gid":"COL-2-852"},"id":"COL-2-852"},{"arcs":[[-1808,2829,2830,2831]],"type":"Polygon","properties":{"name":"Caimito","shapeGroup":"COL","gid":"COL-2-853"},"id":"COL-2-853"},{"arcs":[[2832,2833,2834,2835,2836,2837]],"type":"Polygon","properties":{"name":"Ricaurte (Coloso)","shapeGroup":"COL","gid":"COL-2-854"},"id":"COL-2-854"},{"arcs":[[2838,2839,2840,2841,2842,2843,2844]],"type":"Polygon","properties":{"name":"Corozal","shapeGroup":"COL","gid":"COL-2-855"},"id":"COL-2-855"},{"arcs":[[-1853,-1862,2845,2846,2847]],"type":"Polygon","properties":{"name":"Coveñas","shapeGroup":"COL","gid":"COL-2-856"},"id":"COL-2-856"},{"arcs":[[-758,2848,-2833]],"type":"Polygon","properties":{"name":"Chalán","shapeGroup":"COL","gid":"COL-2-857"},"id":"COL-2-857"},{"arcs":[[-1806,2849,-2841,2850,2851,2852]],"type":"Polygon","properties":{"name":"El Roble","shapeGroup":"COL","gid":"COL-2-858"},"id":"COL-2-858"},{"arcs":[[-780,2853,-2852,2854,-2827]],"type":"Polygon","properties":{"name":"Galeras","shapeGroup":"COL","gid":"COL-2-859"},"id":"COL-2-859"},{"arcs":[[-196,-836,-1789,2855]],"type":"Polygon","properties":{"name":"Guaranda","shapeGroup":"COL","gid":"COL-2-860"},"id":"COL-2-860"},{"arcs":[[-1809,-2832,2856,-1855]],"type":"Polygon","properties":{"name":"La Unión","shapeGroup":"COL","gid":"COL-2-861"},"id":"COL-2-861"},{"arcs":[[-2835,2857,2858,2859,2860,-2845,2861]],"type":"Polygon","properties":{"name":"Los Palmitos","shapeGroup":"COL","gid":"COL-2-862"},"id":"COL-2-862"},{"arcs":[[-197,-2856,-1788,2862,2863]],"type":"Polygon","properties":{"name":"Majagual","shapeGroup":"COL","gid":"COL-2-863"},"id":"COL-2-863"},{"arcs":[[-2836,-2862,-2844,2864,2865]],"type":"Polygon","properties":{"name":"Morroa","shapeGroup":"COL","gid":"COL-2-864"},"id":"COL-2-864"},{"arcs":[[-751,2866,-2858,-2834,-2849,-757]],"type":"Polygon","properties":{"name":"Ovejas","shapeGroup":"COL","gid":"COL-2-865"},"id":"COL-2-865"},{"arcs":[[-1834,-1854,-2848,2867,2868,-1865]],"type":"Polygon","properties":{"name":"Palmito","shapeGroup":"COL","gid":"COL-2-866"},"id":"COL-2-866"},{"arcs":[[-1813,-1859,2869,-2842,-2850]],"type":"Polygon","properties":{"name":"Sampués","shapeGroup":"COL","gid":"COL-2-867"},"id":"COL-2-867"},{"arcs":[[-779,2870,-2863,-1787,2871,-2830,-1807,-2853,-2854]],"type":"Polygon","properties":{"name":"San Benito Abad","shapeGroup":"COL","gid":"COL-2-868"},"id":"COL-2-868"},{"arcs":[[-2839,-2861,2872]],"type":"Polygon","properties":{"name":"San Juan De Betulia","shapeGroup":"COL","gid":"COL-2-869"},"id":"COL-2-869"},{"arcs":[[-1786,-1849,-1856,-2857,-2831,-2872]],"type":"Polygon","properties":{"name":"San Marcos","shapeGroup":"COL","gid":"COL-2-870"},"id":"COL-2-870"},{"arcs":[[-209,-796,-759,-2838,2873,2874,2875,-858]],"type":"Polygon","properties":{"name":"San Onofre","shapeGroup":"COL","gid":"COL-2-871"},"id":"COL-2-871"},{"arcs":[[-750,-2829,2876,-2859,-2867]],"type":"Polygon","properties":{"name":"San Pedro","shapeGroup":"COL","gid":"COL-2-872"},"id":"COL-2-872"},{"arcs":[[-2828,-2855,-2851,-2840,-2873,-2860,-2877]],"type":"Polygon","properties":{"name":"San Luis De Sincé","shapeGroup":"COL","gid":"COL-2-873"},"id":"COL-2-873"},{"arcs":[[-198,-2864,-2871,-778]],"type":"Polygon","properties":{"name":"Sucre","shapeGroup":"COL","gid":"COL-2-874"},"id":"COL-2-874"},{"arcs":[[-2847,2877,-2875,2878,2879,-2868]],"type":"Polygon","properties":{"name":"Santiago De Tolú","shapeGroup":"COL","gid":"COL-2-875"},"id":"COL-2-875"},{"arcs":[[-2837,-2866,2880,-2879,-2874]],"type":"Polygon","properties":{"name":"Tolú Viejo","shapeGroup":"COL","gid":"COL-2-876"},"id":"COL-2-876"},{"arcs":[[-1419,-1499,2881,2882,-1424]],"type":"Polygon","properties":{"name":"Alpujarra","shapeGroup":"COL","gid":"COL-2-877"},"id":"COL-2-877"},{"arcs":[[-2599,2883,2884,2885]],"type":"Polygon","properties":{"name":"Alvarado","shapeGroup":"COL","gid":"COL-2-878"},"id":"COL-2-878"},{"arcs":[[-1272,-1884,-2603,2886,2887]],"type":"Polygon","properties":{"name":"Ambalema","shapeGroup":"COL","gid":"COL-2-879"},"id":"COL-2-879"},{"arcs":[[-1962,-2591,-2600,-2886,2888]],"type":"Polygon","properties":{"name":"Anzoátegui","shapeGroup":"COL","gid":"COL-2-880"},"id":"COL-2-880"},{"arcs":[[-1273,-2888,2889,2890,-2606,2891,2892,2893,-1918,-1896]],"type":"Polygon","properties":{"name":"Armero","shapeGroup":"COL","gid":"COL-2-881"},"id":"COL-2-881"},{"arcs":[[-1398,2894,-2563,2895,2896,2897]],"type":"Polygon","properties":{"name":"Ataco","shapeGroup":"COL","gid":"COL-2-882"},"id":"COL-2-882"},{"arcs":[[-1928,-2545,-1964,2898,-2570,-2565,-1952]],"type":"Polygon","properties":{"name":"Cajamarca","shapeGroup":"COL","gid":"COL-2-883"},"id":"COL-2-883"},{"arcs":[[-1250,2899,2900,-2592]],"type":"Polygon","properties":{"name":"Carmen De Apicala","shapeGroup":"COL","gid":"COL-2-884"},"id":"COL-2-884"},{"arcs":[[-698,2901,2902,2903,2904,-2604]],"type":"Polygon","properties":{"name":"Casabianca","shapeGroup":"COL","gid":"COL-2-885"},"id":"COL-2-885"},{"arcs":[[-2562,-2640,-2713,-2707,-2568,-2581,2905,2906,-2896]],"type":"Polygon","properties":{"name":"Chaparral","shapeGroup":"COL","gid":"COL-2-886"},"id":"COL-2-886"},{"arcs":[[-1175,-1917,2907,2908,-2583,2909,2910,-1921]],"type":"Polygon","properties":{"name":"Coello","shapeGroup":"COL","gid":"COL-2-887"},"id":"COL-2-887"},{"arcs":[[-2549,2911,-2897,-2907,2912,-2576,-2551]],"type":"Polygon","properties":{"name":"Coyaima","shapeGroup":"COL","gid":"COL-2-888"},"id":"COL-2-888"},{"arcs":[[-2555,-2593,-2901,2913,2914,-2610]],"type":"Polygon","properties":{"name":"Cunday","shapeGroup":"COL","gid":"COL-2-889"},"id":"COL-2-889"},{"arcs":[[-1425,-2883,2915,-2547,-2609,-1888]],"type":"Polygon","properties":{"name":"Dolores","shapeGroup":"COL","gid":"COL-2-890"},"id":"COL-2-890"},{"arcs":[[-2584,-2909,2916,-2595,2917]],"type":"Polygon","properties":{"name":"Espinal","shapeGroup":"COL","gid":"COL-2-891"},"id":"COL-2-891"},{"arcs":[[-2605,-2905,2918,2919,2920,-2892]],"type":"Polygon","properties":{"name":"Falan","shapeGroup":"COL","gid":"COL-2-892"},"id":"COL-2-892"},{"arcs":[[-1252,-2596,-2917,-2908,-1916]],"type":"Polygon","properties":{"name":"Flandes","shapeGroup":"COL","gid":"COL-2-893"},"id":"COL-2-893"},{"arcs":[[-664,-672,2921,-2920,2922,-2903,2923]],"type":"Polygon","properties":{"name":"Fresno","shapeGroup":"COL","gid":"COL-2-894"},"id":"COL-2-894"},{"arcs":[[-2553,-2579,-2585,-2918,-2594]],"type":"Polygon","properties":{"name":"Guamo","shapeGroup":"COL","gid":"COL-2-895"},"id":"COL-2-895"},{"arcs":[[-612,-676,-660,-2924,-2902,-697]],"type":"Polygon","properties":{"name":"Herveo","shapeGroup":"COL","gid":"COL-2-896"},"id":"COL-2-896"},{"arcs":[[-653,-1919,-2894,2924,-695]],"type":"Polygon","properties":{"name":"Honda","shapeGroup":"COL","gid":"COL-2-897"},"id":"COL-2-897"},{"arcs":[[-1183,-1330,-1911,-1878,-1215,-1199,-1890,-2915,2925]],"type":"Polygon","properties":{"name":"Icononzo","shapeGroup":"COL","gid":"COL-2-898"},"id":"COL-2-898"},{"arcs":[[-2602,2926,-2890,-2887]],"type":"Polygon","properties":{"name":"Lérida","shapeGroup":"COL","gid":"COL-2-899"},"id":"COL-2-899"},{"arcs":[[-2589,2927,-2607,-2891,-2927,-2601]],"type":"Polygon","properties":{"name":"Libano","shapeGroup":"COL","gid":"COL-2-900"},"id":"COL-2-900"},{"arcs":[[-671,-696,-2925,-2893,-2921,-2922]],"type":"Polygon","properties":{"name":"San Sebastián De Mariquita","shapeGroup":"COL","gid":"COL-2-901"},"id":"COL-2-901"},{"arcs":[[-1184,-2926,-2914,-2900,-1249]],"type":"Polygon","properties":{"name":"Melgar","shapeGroup":"COL","gid":"COL-2-902"},"id":"COL-2-902"},{"arcs":[[-700,-2608,-2928,-2588]],"type":"Polygon","properties":{"name":"Murillo","shapeGroup":"COL","gid":"COL-2-903"},"id":"COL-2-903"},{"arcs":[[-1399,-2898,-2912,-2548,-2916,-2882,-1498]],"type":"Polygon","properties":{"name":"Natagaima","shapeGroup":"COL","gid":"COL-2-904"},"id":"COL-2-904"},{"arcs":[[-2574,-2597,-2586,-2577,-2913,-2906,-2580]],"type":"Polygon","properties":{"name":"Ortega","shapeGroup":"COL","gid":"COL-2-905"},"id":"COL-2-905"},{"arcs":[[-2904,-2923,-2919]],"type":"Polygon","properties":{"name":"Palocabildo","shapeGroup":"COL","gid":"COL-2-906"},"id":"COL-2-906"},{"arcs":[[-1882,-1922,-2911,2928,-2884,-2598]],"type":"Polygon","properties":{"name":"Piedras","shapeGroup":"COL","gid":"COL-2-907"},"id":"COL-2-907"},{"arcs":[[-1385,-1473,-1489,-1496,-1669,-1693,-1621,-1662,-2564,-2895,-1397]],"type":"Polygon","properties":{"name":"Planadas","shapeGroup":"COL","gid":"COL-2-908"},"id":"COL-2-908"},{"arcs":[[-1056,2929,2930,2931,2932,2933]],"type":"Polygon","properties":{"name":"Envigado","shapeGroup":"COL","gid":"COL-2-909"},"id":"COL-2-909"},{"arcs":[[-2932,2934,2935,2936]],"type":"Polygon","properties":{"name":"Itagüí","shapeGroup":"COL","gid":"COL-2-910"},"id":"COL-2-910"},{"arcs":[[2937,2938,2939]],"type":"Polygon","properties":{"name":"Medio Atrato (Beté)","shapeGroup":"COL","gid":"COL-2-911"},"id":"COL-2-911"},{"arcs":[[-2720,2940,2941,2942,2943,2944,-2749]],"type":"Polygon","properties":{"name":"La Primavera","shapeGroup":"COL","gid":"COL-2-912"},"id":"COL-2-912"},{"arcs":[[-57,2945,2946,-904,-1027]],"type":"Polygon","properties":{"name":"Jardín","shapeGroup":"COL","gid":"COL-2-913"},"id":"COL-2-913"},{"arcs":[[2947,2948,2949,2950]],"type":"Polygon","properties":{"name":"Nóvita","shapeGroup":"COL","gid":"COL-2-914"},"id":"COL-2-914"},{"arcs":[[-2949,2951,2952,2953,2954]],"type":"Polygon","properties":{"name":"Medio San Juan (Andagoya)","shapeGroup":"COL","gid":"COL-2-915"},"id":"COL-2-915"},{"arcs":[[-1993,-2000,-2661,-2621,-2664,2955,-2951,2956,2957]],"type":"Polygon","properties":{"name":"San José Del Palmar","shapeGroup":"COL","gid":"COL-2-916"},"id":"COL-2-916"},{"arcs":[[-2950,-2955,2958,2959,-2957]],"type":"Polygon","properties":{"name":"Condoto","shapeGroup":"COL","gid":"COL-2-917"},"id":"COL-2-917"},{"arcs":[[-449,2960,-2737,-2765,-2754]],"type":"Polygon","properties":{"name":"Aguazul","shapeGroup":"COL","gid":"COL-2-918"},"id":"COL-2-918"},{"arcs":[[-2510,2961,2962,2963]],"type":"Polygon","properties":{"name":"Villa Del Rosario","shapeGroup":"COL","gid":"COL-2-919"},"id":"COL-2-919"},{"arcs":[[2964,2965,2966,2967]],"type":"Polygon","properties":{"name":"Medio Baudó(boca De Pepé)","shapeGroup":"COL","gid":"COL-2-920"},"id":"COL-2-920"},{"arcs":[[2968,2969,2970,2971]],"type":"Polygon","properties":{"name":"Unión Panamericana ( Animas)","shapeGroup":"COL","gid":"COL-2-921"},"id":"COL-2-921"},{"arcs":[[-1994,-2958,-2960,2972,2973,-2969,2974,2975]],"type":"Polygon","properties":{"name":"Tadó","shapeGroup":"COL","gid":"COL-2-922"},"id":"COL-2-922"},{"arcs":[[-2972,2976,2977,2978,2979,2980,-2975]],"type":"Polygon","properties":{"name":"Cértegui","shapeGroup":"COL","gid":"COL-2-923"},"id":"COL-2-923"},{"arcs":[[-2968,2981,2982,-2977,-2971,2983]],"type":"Polygon","properties":{"name":"El Cantón Del San Pablo (Managrú)","shapeGroup":"COL","gid":"COL-2-924"},"id":"COL-2-924"},{"arcs":[[-2943,2984,2985,2986,2987,2988,2989,2990,2991,2992]],"type":"Polygon","properties":{"name":"Cumaribo","shapeGroup":"COL","gid":"COL-2-925"},"id":"COL-2-925"},{"arcs":[[-56,-961,-693,-648,-1997,-1983,2993,-2946]],"type":"Polygon","properties":{"name":"Riosucio","shapeGroup":"COL","gid":"COL-2-926"},"id":"COL-2-926"},{"arcs":[[-2966,2994,2995,2996,2997,2998]],"type":"Polygon","properties":{"name":"Bajo Baudó (Pizarro)","shapeGroup":"COL","gid":"COL-2-927"},"id":"COL-2-927"},{"arcs":[[-905,-2947,-2994,-1982,-1980,-1996,2999]],"type":"Polygon","properties":{"name":"Mistrató","shapeGroup":"COL","gid":"COL-2-928"},"id":"COL-2-928"},{"arcs":[[-2998,3000,3001,3002]],"type":"Polygon","properties":{"name":"Nuquí","shapeGroup":"COL","gid":"COL-2-929"},"id":"COL-2-929"},{"arcs":[[-934,3003,3004,3005,3006,-1062,-939]],"type":"Polygon","properties":{"name":"El Carmen","shapeGroup":"COL","gid":"COL-2-930"},"id":"COL-2-930"},{"arcs":[[-2967,-2999,-3003,3007,3008,3009,3010,-2982]],"type":"Polygon","properties":{"name":"Alto Baudó (Pie De Pato)","shapeGroup":"COL","gid":"COL-2-931"},"id":"COL-2-931"},{"arcs":[[-887,-1034,-1058,3011,-964,-1029]],"type":"Polygon","properties":{"name":"La Ceja","shapeGroup":"COL","gid":"COL-2-932"},"id":"COL-2-932"},{"arcs":[[-24,-997,-900,-913,3012,3013,-2930,-1055]],"type":"Polygon","properties":{"name":"Caldas","shapeGroup":"COL","gid":"COL-2-933"},"id":"COL-2-933"},{"arcs":[[-2942,3014,-2985]],"type":"Polygon","properties":{"name":"Puerto Carreño","shapeGroup":"COL","gid":"COL-2-934"},"id":"COL-2-934"},{"arcs":[[-2938,3015,-3006,3016,3017,3018,-3010,3019,3020]],"type":"Polygon","properties":{"name":"Quibdó","shapeGroup":"COL","gid":"COL-2-935"},"id":"COL-2-935"},{"arcs":[[-48,3021,-1078,3022,3023,3024]],"type":"Polygon","properties":{"name":"San Jerónimo","shapeGroup":"COL","gid":"COL-2-936"},"id":"COL-2-936"},{"arcs":[[-17,3025,-985,3026,-978]],"type":"Polygon","properties":{"name":"Barbosa","shapeGroup":"COL","gid":"COL-2-937"},"id":"COL-2-937"},{"arcs":[[-6,-898,-979,-3027,-984,3027,-104,-974,-102]],"type":"Polygon","properties":{"name":"Santo Domingo","shapeGroup":"COL","gid":"COL-2-938"},"id":"COL-2-938"},{"arcs":[[-893,-955,-925,-938,-983,-1063,-3007,-3016,-2940,3028,-999]],"type":"Polygon","properties":{"name":"Urrao","shapeGroup":"COL","gid":"COL-2-939"},"id":"COL-2-939"},{"arcs":[[-2723,3029,-2729,3030,3031]],"type":"Polygon","properties":{"name":"Puerto Rondón","shapeGroup":"COL","gid":"COL-2-940"},"id":"COL-2-940"},{"arcs":[[-50,3032,-927,-954,-891,-1004,-947,3033,-1037]],"type":"Polygon","properties":{"name":"Santa Fe De Antioquia","shapeGroup":"COL","gid":"COL-2-941"},"id":"COL-2-941"},{"arcs":[[-52,-1039,3034,-1071,3035,-993,-1079,-3022]],"type":"Polygon","properties":{"name":"Belmira","shapeGroup":"COL","gid":"COL-2-942"},"id":"COL-2-942"},{"arcs":[[-946,-1061,-1066,-1072,-3035,-1038,-3034]],"type":"Polygon","properties":{"name":"Liborina","shapeGroup":"COL","gid":"COL-2-943"},"id":"COL-2-943"},{"arcs":[[-3002,3036,3037,3038,3039,3040,-3008]],"type":"Polygon","properties":{"name":"Bahía Solano (Mutis)","shapeGroup":"COL","gid":"COL-2-944"},"id":"COL-2-944"},{"arcs":[[-1000,-3029,-2939,-3021,3041,3042,3043]],"type":"Polygon","properties":{"name":"Vigia Del Fuerte","shapeGroup":"COL","gid":"COL-2-945"},"id":"COL-2-945"},{"arcs":[[-106,3044,-968,3045,3046]],"type":"Polygon","properties":{"name":"Gómez Plata","shapeGroup":"COL","gid":"COL-2-946"},"id":"COL-2-946"},{"arcs":[[-3009,-3041,3047,-3042,-3020]],"type":"Polygon","properties":{"name":"Bojayá (Bellavista)","shapeGroup":"COL","gid":"COL-2-947"},"id":"COL-2-947"},{"arcs":[[-99,-917,-969,-3045,-105,-3028,-989,-994,-3036,-1070,-1064]],"type":"Polygon","properties":{"name":"Santa Rosa De Osos","shapeGroup":"COL","gid":"COL-2-948"},"id":"COL-2-948"},{"arcs":[[-915,-956,-920,3048,-3046,-967]],"type":"Polygon","properties":{"name":"Guadalupe","shapeGroup":"COL","gid":"COL-2-949"},"id":"COL-2-949"},{"arcs":[[-75,-1042,-949,-1003,-895,-998]],"type":"Polygon","properties":{"name":"Cañasgordas","shapeGroup":"COL","gid":"COL-2-950"},"id":"COL-2-950"},{"arcs":[[-1001,-3044,3049,3050]],"type":"Polygon","properties":{"name":"Murindó","shapeGroup":"COL","gid":"COL-2-951"},"id":"COL-2-951"},{"arcs":[[-2726,3051,3052,3053,-3031,-2728]],"type":"Polygon","properties":{"name":"Arauquita","shapeGroup":"COL","gid":"COL-2-952"},"id":"COL-2-952"},{"arcs":[[-266,3054,-3052,-2725]],"type":"Polygon","properties":{"name":"Saravena","shapeGroup":"COL","gid":"COL-2-953"},"id":"COL-2-953"},{"arcs":[[-943,-1067,-1059,-1018]],"type":"Polygon","properties":{"name":"Toledo","shapeGroup":"COL","gid":"COL-2-954"},"id":"COL-2-954"},{"arcs":[[-2724,-3032,-3054,3055]],"type":"Polygon","properties":{"name":"Arauca","shapeGroup":"COL","gid":"COL-2-955"},"id":"COL-2-955"},{"arcs":[[-77,-1002,-3051,3056,3057,3058,-1021,-1040]],"type":"Polygon","properties":{"name":"Dabeiba","shapeGroup":"COL","gid":"COL-2-956"},"id":"COL-2-956"},{"arcs":[[-2022,-2810,-2167,-2808,3059,-2129,-2795,-2172,-2826,-2030]],"type":"Polygon","properties":{"name":"Girón","shapeGroup":"COL","gid":"COL-2-957"},"id":"COL-2-957"},{"arcs":[[-2074,-2824,-2130,-3060,-2807,-2771]],"type":"Polygon","properties":{"name":"Bucaramanga","shapeGroup":"COL","gid":"COL-2-958"},"id":"COL-2-958"},{"arcs":[[-32,-1054,-88,-107,-3047,-3049,-919,-111]],"type":"Polygon","properties":{"name":"Amalfi","shapeGroup":"COL","gid":"COL-2-959"},"id":"COL-2-959"},{"arcs":[[-738,-2805,-2026,-2802,-2087,-1045,-1053]],"type":"Polygon","properties":{"name":"Yondó (Casabe)","shapeGroup":"COL","gid":"COL-2-960"},"id":"COL-2-960"},{"arcs":[[-3040,3060,-3057,-3050,-3043,-3048]],"type":"Polygon","properties":{"name":"Carmen Del Darién  (Curbaradó)","shapeGroup":"COL","gid":"COL-2-961"},"id":"COL-2-961"},{"arcs":[[-2471,3061,-2504,3062]],"type":"Polygon","properties":{"name":"Labateca","shapeGroup":"COL","gid":"COL-2-962"},"id":"COL-2-962"},{"arcs":[[-2462,-2502,-2479,-2505,-3062,-2470]],"type":"Polygon","properties":{"name":"Pamplona","shapeGroup":"COL","gid":"COL-2-963"},"id":"COL-2-963"},{"arcs":[[-271,-2472,-3063,-2503,-2465,-2490,3063]],"type":"Polygon","properties":{"name":"Toledo","shapeGroup":"COL","gid":"COL-2-964"},"id":"COL-2-964"},{"arcs":[[-3038,3064,3065]],"type":"Polygon","properties":{"name":"Juradó","shapeGroup":"COL","gid":"COL-2-965"},"id":"COL-2-965"},{"arcs":[[-971,3066,-1022,-3059,3067,3068]],"type":"Polygon","properties":{"name":"Mutatá","shapeGroup":"COL","gid":"COL-2-966"},"id":"COL-2-966"},{"arcs":[[-2453,3069,-2523,3070,3071,-2467,-2506,-2477]],"type":"Polygon","properties":{"name":"Bochalema","shapeGroup":"COL","gid":"COL-2-967"},"id":"COL-2-967"},{"arcs":[[-2458,-2516,-2529,-2524,-3070]],"type":"Polygon","properties":{"name":"Durania","shapeGroup":"COL","gid":"COL-2-968"},"id":"COL-2-968"},{"arcs":[[-2122,-2806,-2491,-2451,-2541,-2512,-2456,-2821]],"type":"Polygon","properties":{"name":"Cáchira","shapeGroup":"COL","gid":"COL-2-969"},"id":"COL-2-969"},{"arcs":[[-2468,-3072,3072,-2962,-2509]],"type":"Polygon","properties":{"name":"Los Patios","shapeGroup":"COL","gid":"COL-2-970"},"id":"COL-2-970"},{"arcs":[[-973,3073,3074,3075]],"type":"Polygon","properties":{"name":"Carepa","shapeGroup":"COL","gid":"COL-2-971"},"id":"COL-2-971"},{"arcs":[[-3039,-3066,3076,3077,3078,-3068,-3058,-3061]],"type":"Polygon","properties":{"name":"Riosucio","shapeGroup":"COL","gid":"COL-2-972"},"id":"COL-2-972"},{"arcs":[[-2496,3079,3080,-2527,-2514,-2540]],"type":"Polygon","properties":{"name":"Gramalote","shapeGroup":"COL","gid":"COL-2-973"},"id":"COL-2-973"},{"arcs":[[-1025,-1837,-1864]],"type":"Polygon","properties":{"name":"Puerto Libertador","shapeGroup":"COL","gid":"COL-2-974"},"id":"COL-2-974"},{"arcs":[[-1868,3081,-3075,3082]],"type":"Polygon","properties":{"name":"Apartadó","shapeGroup":"COL","gid":"COL-2-975"},"id":"COL-2-975"},{"arcs":[[-114,-953,-1840,-1821,-1782,-1035,-990]],"type":"Polygon","properties":{"name":"Caucasia","shapeGroup":"COL","gid":"COL-2-976"},"id":"COL-2-976"},{"arcs":[[-2449,3083,-2498,-2539]],"type":"Polygon","properties":{"name":"Bucarasica","shapeGroup":"COL","gid":"COL-2-977"},"id":"COL-2-977"},{"arcs":[[-2526,-2528,-3081,3084,3085]],"type":"Polygon","properties":{"name":"El Zulia","shapeGroup":"COL","gid":"COL-2-978"},"id":"COL-2-978"},{"arcs":[[-970,-3076,-3082,-1867,-1780,-1846,-1838,-1023,-3067]],"type":"Polygon","properties":{"name":"Tierralta","shapeGroup":"COL","gid":"COL-2-979"},"id":"COL-2-979"},{"arcs":[[-3078,3086,3087,3088,3089]],"type":"Polygon","properties":{"name":"Unguía","shapeGroup":"COL","gid":"COL-2-980"},"id":"COL-2-980"},{"arcs":[[[-1742,-2476,-2535,-2520,-2493,-2445,-1767,-1756]],[[-1698,-2484,-1744,-1755]]],"type":"MultiPolygon","properties":{"name":"Ocaña","shapeGroup":"COL","gid":"COL-2-981"},"id":"COL-2-981"},{"arcs":[[-972,-3069,-3079,-3090,3090,3091,3092,-1082,-1869,-3083,-3074]],"type":"Polygon","properties":{"name":"Turbo","shapeGroup":"COL","gid":"COL-2-982"},"id":"COL-2-982"},{"arcs":[[-3088,3093]],"type":"Polygon","properties":{"name":"Acandí","shapeGroup":"COL","gid":"COL-2-983"},"id":"COL-2-983"},{"arcs":[[-1073,3094,-3092,3095]],"type":"Polygon","properties":{"name":"Necoclí","shapeGroup":"COL","gid":"COL-2-984"},"id":"COL-2-984"},{"arcs":[[-1075,3096,-1830,-1794,-1772,-1083,-3093,-3095]],"type":"Polygon","properties":{"name":"Arboletes","shapeGroup":"COL","gid":"COL-2-985"},"id":"COL-2-985"},{"arcs":[[[-755,-848,-856,-860,3097,-844]],[[3098]]],"type":"MultiPolygon","properties":{"name":"Cartagena De Indias","shapeGroup":"COL","gid":"COL-2-986"},"id":"COL-2-986"},{"arcs":[[-1731,-2207,3099,3100]],"type":"Polygon","properties":{"name":"Pueblo Bello","shapeGroup":"COL","gid":"COL-2-987"},"id":"COL-2-987"},{"arcs":[[-1513,-1543,-1548,-1544,-1531,-1762,-1766,-1760,-1739,-1711,-1732,-3101,3101]],"type":"Polygon","properties":{"name":"Valledupar","shapeGroup":"COL","gid":"COL-2-988"},"id":"COL-2-988"},{"arcs":[[-2188,3102,-3102,-3100,-2206,-2199,-2225,-2236]],"type":"Polygon","properties":{"name":"Aracataca","shapeGroup":"COL","gid":"COL-2-989"},"id":"COL-2-989"},{"arcs":[[-2747,-2762,3103,-2944,-2993,3104]],"type":"Polygon","properties":{"name":"Santa Rosalía","shapeGroup":"COL","gid":"COL-2-990"},"id":"COL-2-990"},{"arcs":[[-2507,3105,-2963,-3073,-3071,-2522,-3086,3106,-2537,3107]],"type":"Polygon","properties":{"name":"Cúcuta","shapeGroup":"COL","gid":"COL-2-991"},"id":"COL-2-991"},{"arcs":[[-1973,-1992,-1998]],"type":"Polygon","properties":{"name":"Dosquebradas","shapeGroup":"COL","gid":"COL-2-992"},"id":"COL-2-992"},{"arcs":[[-255,-589,-565,3108,-542,-312]],"type":"Polygon","properties":{"name":"Nobsa","shapeGroup":"COL","gid":"COL-2-993"},"id":"COL-2-993"},{"arcs":[[-291,-543,-3109,-564,-311,-444]],"type":"Polygon","properties":{"name":"Tibasosa","shapeGroup":"COL","gid":"COL-2-994"},"id":"COL-2-994"},{"arcs":[[-1659,-1679,-2659,-2694,-2697,-2674]],"type":"Polygon","properties":{"name":"Candelaria","shapeGroup":"COL","gid":"COL-2-995"},"id":"COL-2-995"},{"arcs":[[-1958,-2692,-2710,-2617,-1968,-2715,-2611]],"type":"Polygon","properties":{"name":"Cartago","shapeGroup":"COL","gid":"COL-2-996"},"id":"COL-2-996"},{"arcs":[[-2722,-2753,-2758,-2730,-3030]],"type":"Polygon","properties":{"name":"Hato Corozal","shapeGroup":"COL","gid":"COL-2-997"},"id":"COL-2-997"},{"arcs":[[-777,-817,-807,-2231,-2208,-791]],"type":"Polygon","properties":{"name":"San Fernando","shapeGroup":"COL","gid":"COL-2-998"},"id":"COL-2-998"},{"arcs":[[-2242,-2757,3109,-2766,-2286,-2244]],"type":"Polygon","properties":{"name":"Villanueva","shapeGroup":"COL","gid":"COL-2-999"},"id":"COL-2-999"},{"arcs":[[-2318,3110,3111]],"type":"Polygon","properties":{"name":"Colón","shapeGroup":"COL","gid":"COL-2-1000"},"id":"COL-2-1000"},{"arcs":[[3112,3113,3114,3115,3116]],"type":"Polygon","properties":{"name":"Puerto Caicedo","shapeGroup":"COL","gid":"COL-2-1001"},"id":"COL-2-1001"},{"arcs":[[-2370,3117,3118,-3111]],"type":"Polygon","properties":{"name":"Sibundoy","shapeGroup":"COL","gid":"COL-2-1002"},"id":"COL-2-1002"},{"arcs":[[-2319,-3112,3119,3120,3121]],"type":"Polygon","properties":{"name":"Santiago","shapeGroup":"COL","gid":"COL-2-1003"},"id":"COL-2-1003"},{"arcs":[[3122,3123,3124,3125,3126]],"type":"Polygon","properties":{"name":"Valle Del Guamuez","shapeGroup":"COL","gid":"COL-2-1004"},"id":"COL-2-1004"},{"arcs":[[3127]],"type":"Polygon","properties":{"name":"San Andrés","shapeGroup":"COL","gid":"COL-2-1005"},"id":"COL-2-1005"},{"arcs":[[3128,3129]],"type":"Polygon","properties":{"name":"Puerto Nariño","shapeGroup":"COL","gid":"COL-2-1006"},"id":"COL-2-1006"},{"arcs":[[-3130,3130,3131]],"type":"Polygon","properties":{"name":"Leticia","shapeGroup":"COL","gid":"COL-2-1007"},"id":"COL-2-1007"},{"arcs":[[-3131,3132,3133,3134,3135]],"type":"Polygon","properties":{"name":"Tarapacá","shapeGroup":"COL","gid":"COL-2-1008"},"id":"COL-2-1008"},{"arcs":[[3136,3137,3138,3139]],"type":"Polygon","properties":{"name":"El Encanto","shapeGroup":"COL","gid":"COL-2-1009"},"id":"COL-2-1009"},{"arcs":[[-3134,3140,-3139,3141,3142,3143,3144]],"type":"Polygon","properties":{"name":"Puerto Arica","shapeGroup":"COL","gid":"COL-2-1010"},"id":"COL-2-1010"},{"arcs":[[-3137,3145,3146,3147]],"type":"Polygon","properties":{"name":"Puerto Alegría","shapeGroup":"COL","gid":"COL-2-1011"},"id":"COL-2-1011"},{"arcs":[[-3135,-3145,3148,3149,3150,3151]],"type":"Polygon","properties":{"name":"La Pedrera","shapeGroup":"COL","gid":"COL-2-1012"},"id":"COL-2-1012"},{"arcs":[[-3138,-3148,3152,3153,-3142]],"type":"Polygon","properties":{"name":"La Chorrera","shapeGroup":"COL","gid":"COL-2-1013"},"id":"COL-2-1013"},{"arcs":[[-3143,-3154,3154,3155]],"type":"Polygon","properties":{"name":"Santander (Araracuara)","shapeGroup":"COL","gid":"COL-2-1014"},"id":"COL-2-1014"},{"arcs":[[-3151,3156,3157]],"type":"Polygon","properties":{"name":"Taraira","shapeGroup":"COL","gid":"COL-2-1015"},"id":"COL-2-1015"},{"arcs":[[-3144,-3156,3158,3159,3160,-3149]],"type":"Polygon","properties":{"name":"Mirití-paraná (Campoamor)","shapeGroup":"COL","gid":"COL-2-1016"},"id":"COL-2-1016"},{"arcs":[[-3160,3161,3162]],"type":"Polygon","properties":{"name":"La Victoria (Pacoa)","shapeGroup":"COL","gid":"COL-2-1017"},"id":"COL-2-1017"},{"arcs":[[-3124,3163,3164]],"type":"Polygon","properties":{"name":"San Miguel (La Dorada)","shapeGroup":"COL","gid":"COL-2-1018"},"id":"COL-2-1018"},{"arcs":[[-3115,3165,3166,3167,-3164,-3123,3168]],"type":"Polygon","properties":{"name":"Puerto Asís","shapeGroup":"COL","gid":"COL-2-1019"},"id":"COL-2-1019"},{"arcs":[[-3147,3169,-3167,3170,3171]],"type":"Polygon","properties":{"name":"Puerto Leguízamo","shapeGroup":"COL","gid":"COL-2-1020"},"id":"COL-2-1020"},{"arcs":[[-2339,3172]],"type":"Polygon","properties":{"name":"Potosí","shapeGroup":"COL","gid":"COL-2-1021"},"id":"COL-2-1021"},{"arcs":[[-3150,-3161,-3163,3173,3174,3175,3176,3177,-3157]],"type":"Polygon","properties":{"name":"Pacoa (Cor. Departamental)","shapeGroup":"COL","gid":"COL-2-1022"},"id":"COL-2-1022"},{"arcs":[[-2334,-2417,-2340,-3173,3178,-3126,3179,-2345,3180,-2418,-2386]],"type":"Polygon","properties":{"name":"Ipiales","shapeGroup":"COL","gid":"COL-2-1023"},"id":"COL-2-1023"},{"arcs":[[-2338,-2416,-2379,3181,3182,-3116,-3169,-3127,-3179]],"type":"Polygon","properties":{"name":"Orito","shapeGroup":"COL","gid":"COL-2-1024"},"id":"COL-2-1024"},{"arcs":[[-2344,3183,-2419,-3181]],"type":"Polygon","properties":{"name":"Aldana","shapeGroup":"COL","gid":"COL-2-1025"},"id":"COL-2-1025"},{"arcs":[[-1564,3184,3185,3186]],"type":"Polygon","properties":{"name":"Solita","shapeGroup":"COL","gid":"COL-2-1026"},"id":"COL-2-1026"},{"arcs":[[-2343,-2349,3187,-2436,-2420,-3184]],"type":"Polygon","properties":{"name":"Guachucal","shapeGroup":"COL","gid":"COL-2-1027"},"id":"COL-2-1027"},{"arcs":[[-2390,-2439,-2444,-2392]],"type":"Polygon","properties":{"name":"Ospina","shapeGroup":"COL","gid":"COL-2-1028"},"id":"COL-2-1028"},{"arcs":[[-1672,3188,-3186,3189,-3171,-3166,-3114,3190]],"type":"Polygon","properties":{"name":"Puerto Guzmán","shapeGroup":"COL","gid":"COL-2-1029"},"id":"COL-2-1029"},{"arcs":[[-3117,-3183,3191,-3121,3192,3193]],"type":"Polygon","properties":{"name":"Villagarzón","shapeGroup":"COL","gid":"COL-2-1030"},"id":"COL-2-1030"},{"arcs":[[3194,3195]],"type":"Polygon","properties":{"name":"Yavaraté  (Cor. Departamental)","shapeGroup":"COL","gid":"COL-2-1031"},"id":"COL-2-1031"},{"arcs":[[-714,-1565,-3187,-3189,-1671,-1561]],"type":"Polygon","properties":{"name":"Curillo","shapeGroup":"COL","gid":"COL-2-1032"},"id":"COL-2-1032"},{"arcs":[[-1553,3196,3197,3198,3199,-3174,-3162,-3159,-3155,-3153,-3172,-3190,-3185,-1563,-1555]],"type":"Polygon","properties":{"name":"Solano","shapeGroup":"COL","gid":"COL-2-1033"},"id":"COL-2-1033"},{"arcs":[[-3119,3200,-3193,-3120]],"type":"Polygon","properties":{"name":"San Francisco","shapeGroup":"COL","gid":"COL-2-1034"},"id":"COL-2-1034"},{"arcs":[[-2320,-3122,-3192,-3182,-2378,-2442,-2328,-2412,3201,-2355]],"type":"Polygon","properties":{"name":"Pasto","shapeGroup":"COL","gid":"COL-2-1035"},"id":"COL-2-1035"},{"arcs":[[-2303,-2407,3202,3203,-2326]],"type":"Polygon","properties":{"name":"Sandoná","shapeGroup":"COL","gid":"COL-2-1036"},"id":"COL-2-1036"},{"arcs":[[-2348,-2426,-2434,-2437,-3188]],"type":"Polygon","properties":{"name":"Mallama (Piedrancha)","shapeGroup":"COL","gid":"COL-2-1037"},"id":"COL-2-1037"},{"arcs":[[-2327,-3204,3204,-2356,-3202,-2411]],"type":"Polygon","properties":{"name":"La Florida","shapeGroup":"COL","gid":"COL-2-1038"},"id":"COL-2-1038"},{"arcs":[[-1673,-3191,-3113,-3194,-3201,-3118,-2369,-1687]],"type":"Polygon","properties":{"name":"Mocoa","shapeGroup":"COL","gid":"COL-2-1039"},"id":"COL-2-1039"},{"arcs":[[-2308,-2431,-2427,-2371,-2316]],"type":"Polygon","properties":{"name":"Albán (San José)","shapeGroup":"COL","gid":"COL-2-1040"},"id":"COL-2-1040"},{"arcs":[[-2357,-3205,-3203,-2406,-2360,-2440]],"type":"Polygon","properties":{"name":"El Tambo","shapeGroup":"COL","gid":"COL-2-1041"},"id":"COL-2-1041"},{"arcs":[[-723,-1560,3205,-3197,-1552,-728]],"type":"Polygon","properties":{"name":"Cartagena Del Chairá","shapeGroup":"COL","gid":"COL-2-1042"},"id":"COL-2-1042"},{"arcs":[[-2306,-2385,-2415,-2435,-2424,3206,-2398,-2404]],"type":"Polygon","properties":{"name":"Samaniego","shapeGroup":"COL","gid":"COL-2-1043"},"id":"COL-2-1043"},{"arcs":[[3207,3208]],"type":"Polygon","properties":{"name":"La Guadalupe","shapeGroup":"COL","gid":"COL-2-1044"},"id":"COL-2-1044"},{"arcs":[[-1589,-2396,-2324,-2401,-1630]],"type":"Polygon","properties":{"name":"San Pablo","shapeGroup":"COL","gid":"COL-2-1045"},"id":"COL-2-1045"},{"arcs":[[-3176,3209,3210,3211,3212]],"type":"Polygon","properties":{"name":"Carurú","shapeGroup":"COL","gid":"COL-2-1046"},"id":"COL-2-1046"},{"arcs":[[-3177,-3213,3213,3214,3215,-3195,3216]],"type":"Polygon","properties":{"name":"Mitú","shapeGroup":"COL","gid":"COL-2-1047"},"id":"COL-2-1047"},{"arcs":[[-2399,-3207,-2423,3217,3218,3219,3220,-2409]],"type":"Polygon","properties":{"name":"Barbacoas","shapeGroup":"COL","gid":"COL-2-1048"},"id":"COL-2-1048"},{"arcs":[[-2350,-2366,-2441,-2363,-2408]],"type":"Polygon","properties":{"name":"Policarpa","shapeGroup":"COL","gid":"COL-2-1049"},"id":"COL-2-1049"},{"arcs":[[-3175,-3200,3221,3222,-3210]],"type":"Polygon","properties":{"name":"Miraflores","shapeGroup":"COL","gid":"COL-2-1050"},"id":"COL-2-1050"},{"arcs":[[[-3219,3223,3224,3225]],[[3226,3227,3228]]],"type":"MultiPolygon","properties":{"name":"Tumaco","shapeGroup":"COL","gid":"COL-2-1051"},"id":"COL-2-1051"},{"arcs":[[-14,-1032,-965,-3012,-1057,-2934,3229,-1009]],"type":"Polygon","properties":{"name":"Rionegro","shapeGroup":"COL","gid":"COL-2-1052"},"id":"COL-2-1052"},{"arcs":[[-1529,3230,-1758]],"type":"Polygon","properties":{"name":"Manaure Balcón Del Cesar","shapeGroup":"COL","gid":"COL-2-1053"},"id":"COL-2-1053"},{"arcs":[[-2987,3231,3232,3233,3234,3235,3236]],"type":"Polygon","properties":{"name":"Inírida","shapeGroup":"COL","gid":"COL-2-1054"},"id":"COL-2-1054"},{"arcs":[[-2954,3237,-2973,-2959]],"type":"Polygon","properties":{"name":"Rio Iró (Santa Rita)","shapeGroup":"COL","gid":"COL-2-1055"},"id":"COL-2-1055"},{"arcs":[[-3211,-3223,3238,3239,3240,3241]],"type":"Polygon","properties":{"name":"El Retorno","shapeGroup":"COL","gid":"COL-2-1056"},"id":"COL-2-1056"},{"arcs":[[-3215,3242,3243,-3235,3244,3245]],"type":"Polygon","properties":{"name":"Paná-paná (Campo Alegre)","shapeGroup":"COL","gid":"COL-2-1057"},"id":"COL-2-1057"},{"arcs":[[-3208,3246,3247,3248]],"type":"Polygon","properties":{"name":"San Felipe","shapeGroup":"COL","gid":"COL-2-1058"},"id":"COL-2-1058"},{"arcs":[[-2980,3249,-3017,-3005,3250]],"type":"Polygon","properties":{"name":"Lloró","shapeGroup":"COL","gid":"COL-2-1059"},"id":"COL-2-1059"},{"arcs":[[-3212,-3242,3251,-3243,-3214]],"type":"Polygon","properties":{"name":"Papunaua(cor. Departamental)","shapeGroup":"COL","gid":"COL-2-1060"},"id":"COL-2-1060"},{"arcs":[[-2447,-2495,-2519,3252]],"type":"Polygon","properties":{"name":"Hacarí","shapeGroup":"COL","gid":"COL-2-1061"},"id":"COL-2-1061"},{"arcs":[[-2448,-3253,-2518,-2538,-3107,-3085,-3080,-2499,-3084]],"type":"Polygon","properties":{"name":"Sardinata","shapeGroup":"COL","gid":"COL-2-1062"},"id":"COL-2-1062"},{"arcs":[[-1970,-2623,-2660,-1985,-1999,-1989]],"type":"Polygon","properties":{"name":"Balboa","shapeGroup":"COL","gid":"COL-2-1063"},"id":"COL-2-1063"},{"arcs":[[-363,-461,-2744,-2763,-2745,-2738,-2961,-448]],"type":"Polygon","properties":{"name":"Yopal","shapeGroup":"COL","gid":"COL-2-1064"},"id":"COL-2-1064"},{"arcs":[[-2750,-2945,-3104,-2761,3253]],"type":"Polygon","properties":{"name":"Trinidad","shapeGroup":"COL","gid":"COL-2-1065"},"id":"COL-2-1065"},{"arcs":[[-233,-575,-872,-606,-512,-272,-570,-410,-242,-422]],"type":"Polygon","properties":{"name":"Tunja","shapeGroup":"COL","gid":"COL-2-1066"},"id":"COL-2-1066"},{"arcs":[[-2352,-2410,-3221,3254,3255,3256,3257]],"type":"Polygon","properties":{"name":"Magüí (Payán)","shapeGroup":"COL","gid":"COL-2-1067"},"id":"COL-2-1067"},{"arcs":[[-1584,-1656,-2368,3258]],"type":"Polygon","properties":{"name":"Leiva","shapeGroup":"COL","gid":"COL-2-1068"},"id":"COL-2-1068"},{"arcs":[[-3199,3259,3260,3261,-3239,-3222]],"type":"Polygon","properties":{"name":"Calamar","shapeGroup":"COL","gid":"COL-2-1069"},"id":"COL-2-1069"},{"arcs":[[-3220,-3226,3262,3263,3264,-3255]],"type":"Polygon","properties":{"name":"Roberto Payán (San José)","shapeGroup":"COL","gid":"COL-2-1070"},"id":"COL-2-1070"},{"arcs":[[-3225,3265,-3228,3266,-3263]],"type":"Polygon","properties":{"name":"Francisco Pizarro (Salahonda)","shapeGroup":"COL","gid":"COL-2-1071"},"id":"COL-2-1071"},{"arcs":[[-2283,3267,3268,-3261,3269]],"type":"Polygon","properties":{"name":"La Macarena","shapeGroup":"COL","gid":"COL-2-1072"},"id":"COL-2-1072"},{"arcs":[[-3227,3270,3271,-3264,-3267]],"type":"Polygon","properties":{"name":"Mosquera","shapeGroup":"COL","gid":"COL-2-1073"},"id":"COL-2-1073"},{"arcs":[[-3256,-3265,-3272,3272,3273]],"type":"Polygon","properties":{"name":"Olaya Herrera (Bocas De Satinga)","shapeGroup":"COL","gid":"COL-2-1074"},"id":"COL-2-1074"},{"arcs":[[3274,3275,3276]],"type":"Polygon","properties":{"name":"Santa Bárbara (Iscuandé)","shapeGroup":"COL","gid":"COL-2-1075"},"id":"COL-2-1075"},{"arcs":[[-3257,-3274,3277,3278]],"type":"Polygon","properties":{"name":"La Tola","shapeGroup":"COL","gid":"COL-2-1076"},"id":"COL-2-1076"},{"arcs":[[-1403,-1439,-1500,-1420]],"type":"Polygon","properties":{"name":"Hobo","shapeGroup":"COL","gid":"COL-2-1077"},"id":"COL-2-1077"},{"arcs":[[-1579,-1585,-3259,-2367,-2353,-3258,-3279,3279,-3276,3280]],"type":"Polygon","properties":{"name":"El Charco","shapeGroup":"COL","gid":"COL-2-1078"},"id":"COL-2-1078"},{"arcs":[[-1580,-3281,-3275,3281,3282]],"type":"Polygon","properties":{"name":"Guapi","shapeGroup":"COL","gid":"COL-2-1079"},"id":"COL-2-1079"},{"arcs":[[-3236,-3244,-3252,-3241,3283,3284,3285]],"type":"Polygon","properties":{"name":"Morichal (Morichal Nuevo)","shapeGroup":"COL","gid":"COL-2-1080"},"id":"COL-2-1080"},{"arcs":[[-2990,3286,-3284,-3240,-3262,-3269,3287,3288,3289,3290]],"type":"Polygon","properties":{"name":"San José Del Guaviare","shapeGroup":"COL","gid":"COL-2-1081"},"id":"COL-2-1081"},{"arcs":[[-1581,-3283,3291,3292,-1627]],"type":"Polygon","properties":{"name":"Timbiquí","shapeGroup":"COL","gid":"COL-2-1082"},"id":"COL-2-1082"},{"arcs":[[-1382,-1494,-1416,-2284,-3270,-3260,-3198,-3206,-1559,-1406,-1482]],"type":"Polygon","properties":{"name":"San Vicente Del Caguán","shapeGroup":"COL","gid":"COL-2-1083"},"id":"COL-2-1083"},{"arcs":[[-3290,3293,3294]],"type":"Polygon","properties":{"name":"Puerto Concordia","shapeGroup":"COL","gid":"COL-2-1084"},"id":"COL-2-1084"},{"arcs":[[-3289,3295,3296,3297,-3294]],"type":"Polygon","properties":{"name":"Puerto Rico","shapeGroup":"COL","gid":"COL-2-1085"},"id":"COL-2-1085"},{"arcs":[[-3234,3298,3299,-3248,3300,-3245]],"type":"Polygon","properties":{"name":"Puerto Colombia","shapeGroup":"COL","gid":"COL-2-1086"},"id":"COL-2-1086"},{"arcs":[[-2277,-2299,3301,-3296,-3288,-3268,-2282]],"type":"Polygon","properties":{"name":"Vistahermosa","shapeGroup":"COL","gid":"COL-2-1087"},"id":"COL-2-1087"},{"arcs":[[-1598,-1692,-1664,-1628,-3293,3302,3303]],"type":"Polygon","properties":{"name":"López","shapeGroup":"COL","gid":"COL-2-1088"},"id":"COL-2-1088"},{"arcs":[[-2989,3304,-3285,-3287]],"type":"Polygon","properties":{"name":"Mapiripana","shapeGroup":"COL","gid":"COL-2-1089"},"id":"COL-2-1089"},{"arcs":[[-2301,3305,-2991,-3291,-3295,-3298,3306]],"type":"Polygon","properties":{"name":"Mapiripán","shapeGroup":"COL","gid":"COL-2-1090"},"id":"COL-2-1090"},{"arcs":[[-2267,-2302,-3307,-3297,-3302,-2298]],"type":"Polygon","properties":{"name":"Puerto Lleras","shapeGroup":"COL","gid":"COL-2-1091"},"id":"COL-2-1091"},{"arcs":[[-2988,-3237,-3286,-3305]],"type":"Polygon","properties":{"name":"Barranco Mina","shapeGroup":"COL","gid":"COL-2-1092"},"id":"COL-2-1092"},{"arcs":[[-3233,3307,-3299]],"type":"Polygon","properties":{"name":"Cacahual","shapeGroup":"COL","gid":"COL-2-1093"},"id":"COL-2-1093"},{"arcs":[[-2650,-2682,-2655,3308]],"type":"Polygon","properties":{"name":"Dagua","shapeGroup":"COL","gid":"COL-2-1094"},"id":"COL-2-1094"},{"arcs":[[-1599,-3304,3309,3310,-2651,-3309,-2654,-2678]],"type":"Polygon","properties":{"name":"Buenaventura","shapeGroup":"COL","gid":"COL-2-1095"},"id":"COL-2-1095"},{"arcs":[[-1089,-2261,-2294,-2292,-2296,-2237]],"type":"Polygon","properties":{"name":"Villavicencio","shapeGroup":"COL","gid":"COL-2-1096"},"id":"COL-2-1096"},{"arcs":[[-2631,-2712,-2702,-2652,-3311,3311,-2996,3312,3313]],"type":"Polygon","properties":{"name":"El Litoral Del San Juán (Docordó)","shapeGroup":"COL","gid":"COL-2-1097"},"id":"COL-2-1097"},{"arcs":[[-1963,-2889,-2885,-2929,-2910,-2582,-2571,-2899]],"type":"Polygon","properties":{"name":"Ibagué","shapeGroup":"COL","gid":"COL-2-1098"},"id":"COL-2-1098"},{"arcs":[[-2632,-3314,3314,-2952,-2948,-2956,-2663,-2716,-2670]],"type":"Polygon","properties":{"name":"Sipí","shapeGroup":"COL","gid":"COL-2-1099"},"id":"COL-2-1099"},{"arcs":[[-1097,-2275,-2255,-2280,-1427,-1887,-1262,-1880,-1223,-1292,-1170,-1909,-1903,-1898,-1118,-1902,-1350,-1900,-1355]],"type":"Polygon","properties":{"name":"Bogotá, D.c.","shapeGroup":"COL","gid":"COL-2-1100"},"id":"COL-2-1100"},{"arcs":[[-1514,-3103,-2192,3315]],"type":"Polygon","properties":{"name":"Santa Marta","shapeGroup":"COL","gid":"COL-2-1101"},"id":"COL-2-1101"},{"arcs":[[-1505,-1526,-1510,-1525,-1519,-1540,-1516,3316,-1537,-1533]],"type":"Polygon","properties":{"name":"Riohacha","shapeGroup":"COL","gid":"COL-2-1102"},"id":"COL-2-1102"},{"arcs":[[-1535,-1539,3317]],"type":"Polygon","properties":{"name":"Uribia","shapeGroup":"COL","gid":"COL-2-1103"},"id":"COL-2-1103"},{"arcs":[[3318]],"type":"Polygon","properties":{"name":"Providencia (Santa Isabel)","shapeGroup":"COL","gid":"COL-2-1104"},"id":"COL-2-1104"},{"arcs":[[-440,-2767,-3110,-2756]],"type":"Polygon","properties":{"name":"Monterrey","shapeGroup":"COL","gid":"COL-2-1105"},"id":"COL-2-1105"},{"arcs":[[-2289,-2740,-2748,-3105,-2992,-3306,-2300]],"type":"Polygon","properties":{"name":"Puerto Gaitán","shapeGroup":"COL","gid":"COL-2-1106"},"id":"COL-2-1106"},{"arcs":[[-1702,3319,3320,-1734]],"type":"Polygon","properties":{"name":"Becerrill","shapeGroup":"COL","gid":"COL-2-1107"},"id":"COL-2-1107"},{"arcs":[[-2953,-3315,-3313,-2995,-2965,-2984,-2970,-2974,-3238]],"type":"Polygon","properties":{"name":"Istmina","shapeGroup":"COL","gid":"COL-2-1108"},"id":"COL-2-1108"},{"arcs":[[-1858,-1866,-2869,-2880,-2881,-2865,-2843,-2870]],"type":"Polygon","properties":{"name":"Sincelejo","shapeGroup":"COL","gid":"COL-2-1109"},"id":"COL-2-1109"},{"arcs":[[-911,-1016,3321,-3024,3322,3323,-1010,-3230,-2933,-2937,3324]],"type":"Polygon","properties":{"name":"Medellín","shapeGroup":"COL","gid":"COL-2-1110"},"id":"COL-2-1110"},{"arcs":[[-49,-3025,-3322,-1015,-931,-922,-3033]],"type":"Polygon","properties":{"name":"Ebéjico","shapeGroup":"COL","gid":"COL-2-1111"},"id":"COL-2-1111"},{"arcs":[[-1011,-3324,3325,-1076,3326]],"type":"Polygon","properties":{"name":"Copacabana","shapeGroup":"COL","gid":"COL-2-1112"},"id":"COL-2-1112"},{"arcs":[[-1077,-3326,-3323,-3023]],"type":"Polygon","properties":{"name":"Bello","shapeGroup":"COL","gid":"COL-2-1113"},"id":"COL-2-1113"},{"arcs":[[-16,-1012,-3327,-986,-3026]],"type":"Polygon","properties":{"name":"Girardota","shapeGroup":"COL","gid":"COL-2-1114"},"id":"COL-2-1114"},{"arcs":[[-906,-3000,-1995,-2976,-2981,-3251,-3004,-933]],"type":"Polygon","properties":{"name":"Bagadó","shapeGroup":"COL","gid":"COL-2-1115"},"id":"COL-2-1115"},{"arcs":[[-2978,-2983,-3011,-3019,3327]],"type":"Polygon","properties":{"name":"Rio Quito (Paimadó)","shapeGroup":"COL","gid":"COL-2-1116"},"id":"COL-2-1116"},{"arcs":[[-2979,-3328,-3018,-3250]],"type":"Polygon","properties":{"name":"Atrato (Yuto)","shapeGroup":"COL","gid":"COL-2-1117"},"id":"COL-2-1117"},{"arcs":[[-1725,-1735,-3321,3328]],"type":"Polygon","properties":{"name":"La Jagua De Ibirico","shapeGroup":"COL","gid":"COL-2-1118"},"id":"COL-2-1118"},{"arcs":[[-2742,-2764,-2751,-3254,-2760]],"type":"Polygon","properties":{"name":"Pore","shapeGroup":"COL","gid":"COL-2-1119"},"id":"COL-2-1119"},{"arcs":[[-2931,-3014,3329,-2935]],"type":"Polygon","properties":{"name":"Sabaneta","shapeGroup":"COL","gid":"COL-2-1120"},"id":"COL-2-1120"},{"arcs":[[-912,-3325,-2936,-3330,-3013]],"type":"Polygon","properties":{"name":"La Estrella","shapeGroup":"COL","gid":"COL-2-1121"},"id":"COL-2-1121"}]}}}