{"type":"Topology","arcs":[[[4546,50226],[10,-63],[-2,-97],[-19,-70],[-76,-19],[-13,-40],[-56,-74],[22,-45],[82,-88],[17,-33],[-82,-80],[-36,-24],[-61,-14],[-118,-5],[-36,-9],[0,-78],[-42,-36],[-51,-5],[-39,-42],[-102,4],[3,-57],[-34,-197],[1,-63],[-17,-51],[-31,-32],[-7,-85],[26,-22],[-13,-45],[16,-42],[-9,-56],[12,-35],[-99,-93],[-67,-30],[-56,-3],[-45,-28]],[[3624,48569],[-123,104],[-91,-4],[-155,173],[-80,53],[-63,-46],[-40,76],[-138,149],[-193,235],[-89,96]],[[2652,49405],[40,34],[66,92],[24,84],[26,34],[27,77],[62,124],[46,56],[50,39],[39,11],[61,58],[84,32],[11,83],[-43,29],[-24,40],[14,87],[28,52]],[[3163,50337],[100,65],[77,104],[20,63],[32,32],[-7,68],[23,21],[38,-31],[50,-8],[54,31],[56,9],[54,-21],[68,13],[31,40],[94,57],[31,-1],[13,-51]],[[3897,50728],[-36,-24],[-3,-68],[-24,-119],[45,-27],[23,-41],[101,-15],[87,7],[52,-10],[28,16],[79,-39],[43,-33],[47,-65],[43,-31],[30,-45],[118,16],[16,-24]],[[6588,47407],[-36,-37],[-30,-140],[-77,-53],[-140,-143],[-55,-23],[-42,-60],[-123,59],[-62,3],[-63,-97],[-24,-58]],[[5936,46858],[-120,86],[-26,61],[-2,75],[-46,108],[-69,71],[-69,24],[-82,58],[-44,-2],[-57,46],[-68,3],[-88,24],[-82,-13],[-89,13],[-101,-10],[-39,-16]],[[4954,47386],[-29,46],[0,50],[-26,23],[36,51],[-22,66],[-35,49],[-49,34],[40,147],[-7,19],[33,81],[41,24],[-9,31],[62,90],[152,96],[40,-6],[68,78],[-6,42],[39,51],[-2,96],[-14,82]],[[5266,48536],[28,-3],[68,-41],[101,-90],[41,-92],[3,-93],[19,-47],[83,-76],[144,-27],[246,-19],[55,-9],[105,53],[88,7],[73,-6],[31,-21],[67,-12],[48,-48],[12,-38],[-31,-96],[17,-90],[-24,-62],[26,-65],[67,-127],[55,-127]],[[192,53508],[24,-13],[-97,-61],[5,48],[68,26]],[[2248,53266],[-9,-32],[-39,-24],[-17,-85],[37,-30],[-36,-53],[24,-36],[71,-36],[22,-37],[74,-20],[-27,-41],[13,-34],[-89,-51],[37,-57],[-29,-71],[12,-49],[-30,-36],[-6,-114],[44,-12],[-10,-55],[14,-22],[84,-32],[-21,-72],[-2,-49],[29,-98],[40,-40],[77,-101],[31,-98],[-61,-169],[-87,-13],[-61,-31],[-62,-6],[-31,-28]],[[2240,51634],[-29,-24],[-87,-3],[-29,20],[-99,13],[-66,25],[-38,71],[-2,55],[17,69],[28,31],[-62,84],[-24,68],[-59,13],[-47,54],[-104,-10],[-33,31],[-116,14],[-76,-33],[-120,45],[-58,-7],[-48,-36],[-29,53],[-84,88],[-81,-67],[-52,-30],[31,-50],[6,-51],[-45,-64],[-39,-18]],[[895,51975],[-64,89],[-49,7],[-50,78],[-13,84],[-46,38],[33,20],[-17,52],[-33,10],[-30,-45],[-9,131],[47,9],[22,35],[-37,67],[41,5],[34,71],[-2,104],[-39,113],[19,46],[-56,153],[-25,-3],[-75,91],[50,57],[32,81],[60,2],[-12,-62],[24,-16],[113,19]],[[813,53211],[15,-68],[91,-49],[37,37],[105,57],[-21,63],[21,28],[35,-5],[-10,57],[-41,-11],[6,56],[29,16]],[[1080,53392],[33,7],[120,127],[46,22],[73,-16],[24,-18],[89,-119],[87,-49],[27,43],[50,22],[115,9],[88,35],[147,-100],[91,-42],[128,-25],[50,-22]],[[406,53563],[27,-5],[4,-61],[70,-67],[15,-36],[-58,-8],[-35,-37],[-34,0],[-25,37],[-47,-11],[-7,40],[80,62],[-14,82],[24,4]],[[133,53847],[41,-87],[41,6],[69,-50],[16,-45],[58,-29],[6,-57],[-53,13],[-22,-17],[-68,7],[-55,-17],[-35,49],[-2,32],[-40,27],[30,41],[-29,87],[-87,-58],[-3,44],[44,32],[0,26],[89,-4]],[[1112,51043],[40,-6],[-21,-55],[-54,48],[35,13]],[[2652,49405],[-351,402],[-33,13],[-116,103],[-125,130],[-98,75],[-62,66],[-107,73],[-14,80],[-76,23],[-45,-27],[-33,78],[-70,73],[9,41],[-80,121],[-73,68],[-36,19],[0,50],[-27,31],[-48,1],[-4,87],[-26,59],[-57,46],[-14,34],[24,47],[-30,26],[-19,58],[-25,1],[-30,91],[37,41],[-38,114],[-19,133],[-53,36],[-38,1],[-51,98],[14,32],[-66,83],[22,49],[1,114]],[[2240,51634],[59,-17],[13,-57],[54,-93],[38,-24],[21,-43],[61,-45],[77,-74],[22,-70],[74,-47],[21,-67],[49,-89],[64,-57],[102,-55],[71,-112],[39,-32],[10,-97],[42,-49],[61,-151],[12,-78],[33,-40]],[[6588,47407],[82,-70],[80,-96]],[[6750,47241],[56,-49],[121,-85],[38,-5],[27,-36],[33,-129],[108,44],[42,31],[44,10],[27,40],[41,6],[62,-62],[59,9],[37,48],[57,-14],[38,-59],[20,-130],[43,-42],[-12,-56],[-83,-16],[-117,-186],[-49,-94],[81,-100],[43,-64],[56,-128],[52,-97],[-15,-98],[-5,-90],[14,-32],[-3,-71],[22,-77],[130,-160],[96,-57],[76,-72],[71,-45],[52,-66],[84,-203],[-26,-48],[-4,-132],[23,-62],[41,-21],[127,-19],[148,-45],[32,-3],[32,31],[18,66],[22,27],[69,30],[45,-27],[4,51]],[[8627,44954],[175,-48],[86,-5],[21,-35],[5,-93],[-10,-46],[-57,-56],[-87,-40],[6,-113],[-73,-64],[-216,-127],[41,-91],[115,-290],[-10,-51],[35,-51],[-91,-288],[-12,-128]],[[8555,43428],[-2,-24],[-128,-183],[-54,-65],[-74,-47],[-132,-43]],[[8165,43066],[-13,23],[-17,228],[4,152],[-7,223],[-14,233],[-23,164],[-26,126],[-46,173],[-13,75],[-33,91],[-36,63],[-32,29],[-92,9],[-29,-22],[-64,23],[-28,43],[-81,56],[-122,9],[-68,36],[-99,92],[-72,82],[-156,213],[-85,242],[-48,180],[-56,111],[-42,51],[-63,-14],[-6,36],[-104,44],[-34,-17],[-58,68],[-55,128],[-44,27],[-15,38],[3,62],[-39,25],[-95,159],[-51,66],[2,43],[-53,100],[-84,105],[-5,46],[-37,30],[-15,46],[-41,30],[-143,48],[6,17]],[[6463,42163],[50,-19],[75,-69],[24,-57],[-24,-43],[-53,-32],[-25,6],[-30,-40],[30,-78],[-42,-20],[-7,40],[-44,48],[-22,74],[-28,23],[-14,55],[13,34],[53,11],[-13,51],[57,16]],[[6634,42555],[36,-9],[4,-35],[41,-53],[99,11],[6,65],[22,18],[107,-9],[13,-24],[78,10],[8,-57],[-34,-29],[54,-77],[66,-17],[12,-59],[27,-42],[-22,-29],[8,-65],[31,8],[30,-51],[-3,-48],[-39,-25],[4,-58],[-90,-1],[-32,21],[-4,39],[-57,70],[-67,33],[-18,42],[6,47],[-131,73],[-16,68],[-57,20],[-64,-22],[-14,31],[-79,47],[-53,-13],[-42,53],[19,32],[129,-4],[22,39]],[[7290,42963],[34,-14],[53,-51],[28,-78],[-88,86],[-27,57]],[[8555,43428],[152,-16],[-3,37],[28,30],[-19,50],[0,58],[34,24],[100,-43],[13,31],[66,31],[91,29],[38,-8],[106,106],[110,-82],[33,-79],[25,25],[34,-21],[20,41],[-15,38],[73,-8]],[[9441,43671],[18,-116],[-11,-88],[40,-110],[131,-175],[33,-23],[115,-304],[38,-56]],[[9805,42799],[-28,-51],[-29,-179],[-145,-241]],[[9603,42328],[-62,58],[-83,57],[-164,89],[-57,26],[-102,66],[-95,41],[-109,1],[-51,-63],[-45,-29],[32,99],[-23,12],[-63,-28],[19,-49],[-23,-18],[-107,58],[-90,4],[-10,-79],[-42,-34],[-23,20],[-19,68],[-39,39],[-54,95],[-8,38],[-50,54],[-44,74],[-126,139]],[[9975,49154],[-43,-19],[-74,12],[-34,33],[-76,-23],[-76,-10],[4,-55],[-37,-33],[-107,-26],[-78,18],[-48,-36],[19,-48],[48,-16],[10,-61],[-22,-44],[-70,-14],[21,-57],[7,-92],[-48,-23],[-29,-50],[-7,-149],[-34,-53],[39,-105],[-49,-9],[-14,-25],[17,-90],[-27,-61],[-58,-10],[-26,-60],[-104,-40],[-20,-27],[6,-71],[-68,-26],[-15,-32],[-45,3]],[[8937,47855],[-24,58],[2,42],[-26,63],[-55,3],[-65,-46],[-36,37],[-85,166],[-56,54],[-37,64],[10,109],[-7,47],[-44,116],[-43,45],[-108,79],[-45,188],[11,77],[18,26],[-20,36]],[[8327,49019],[27,87],[57,96],[42,38],[14,73],[54,33],[47,-15],[183,5],[34,-4],[173,21],[74,117],[61,28],[43,-12],[136,74]],[[9272,49560],[50,33],[17,96],[-28,76],[76,-3],[16,49],[-17,37],[56,23]],[[9442,49871],[38,31],[82,4],[87,-45],[27,2],[54,-32],[17,-35],[90,-35],[87,-57],[-9,-45],[31,-24],[29,18],[33,-40],[74,-53],[-41,-61],[24,-103],[-11,-57],[6,-54],[-27,-22],[-58,-109]],[[3897,50728],[82,-14],[17,17],[63,-16],[53,2],[79,214],[66,80],[86,60],[75,126]],[[4418,51197],[37,-36],[16,-61],[92,-16],[50,42],[72,103],[57,24],[139,38],[178,3]],[[5059,51294],[50,-9],[-7,-45],[33,-46],[25,-108],[-10,-82],[19,-104],[39,-26],[-14,-70],[0,-77],[-41,-30],[-13,-44],[57,-35],[21,24],[64,-83],[50,-44],[98,11],[43,-20],[30,-75],[45,-6],[21,-40],[53,-21],[196,-27],[78,-2],[78,-17],[89,-35],[110,-73],[36,6],[44,-40],[154,-61],[154,-29],[153,-13],[67,31],[67,8],[71,-11],[68,38],[92,23]],[[7079,50162],[27,-157],[-9,-42],[-66,-39],[-37,-4],[-33,-32],[0,-36],[60,-9],[104,33],[34,-4],[17,-36],[8,-183],[42,-68],[26,-86],[-4,-113],[-33,-25],[7,-59],[-8,-126],[9,-45],[-35,-143],[27,-92]],[[7215,48896],[-122,-65],[-87,-24],[-50,-35],[-66,-1],[-29,62],[-53,75],[-24,73],[-73,71],[-50,16],[-49,59],[-102,-82],[-77,-29],[-112,-85],[-45,-6],[-105,-34],[-87,-56],[-122,-11],[-87,40],[-39,46],[-70,25],[-27,55],[-49,21],[-56,76],[-73,54]],[[5561,49141],[-89,63],[-42,71],[-89,48],[-218,71],[-95,43],[-48,69],[-44,5],[-65,51],[-39,11],[46,89],[17,96],[-50,134],[5,105],[-25,69],[-69,61],[-48,28],[-52,9],[-110,62]],[[6750,47241],[152,5],[27,-34],[125,-26],[34,0],[549,84],[54,-9],[118,45],[20,-11],[202,35],[42,37],[56,-5],[151,11],[243,46],[133,1]],[[8656,47420],[-75,-87],[14,-39],[66,-111],[57,-47],[29,-69],[-1,-41],[48,-37],[-17,-54],[14,-89],[23,-19],[88,-26],[60,-144],[-7,-45],[116,-53],[-29,-29],[-49,-102],[-39,-61],[-72,-37],[37,-67],[119,3],[87,-58],[92,-22],[28,-58],[41,-53]],[[9286,46075],[-27,-49],[2,-42],[-85,-68],[-72,-13],[-47,19],[-55,-58],[-108,-10],[-77,-21],[16,-57],[109,-24],[30,-24],[39,-95],[10,-59],[-13,-38],[95,-66],[35,-77],[-4,-70],[10,-33]],[[9144,45290],[-25,-45],[-43,-24],[-66,35],[-22,-22],[-6,-49],[37,-20],[-11,-63],[26,-73],[-37,-52]],[[8997,44977],[-88,39],[-15,20],[-94,6],[-61,-28],[-69,-3],[-43,-57]],[[8327,49019],[-101,-1],[-49,-15],[-76,-73],[-48,29],[-21,53],[-48,28],[-37,-13],[-6,-33],[-50,-92],[-9,-80],[-37,-5],[-43,27],[-51,2],[-48,-23],[-47,-98],[-106,11],[-142,55],[-193,105]],[[7079,50162],[-43,85],[-74,8],[-44,-32],[-19,87],[13,47],[50,-14],[95,10],[19,63],[36,50],[13,42],[-11,77],[-16,20]],[[7098,50605],[59,120],[55,-2],[15,-27],[120,-8],[34,43],[79,27],[-25,56],[76,41],[-2,54],[76,10],[72,102],[-23,59],[19,30],[-35,38],[-40,10],[-22,54],[18,38],[57,19],[-6,40],[29,54],[-9,39],[18,36],[15,93],[-6,59],[14,58],[-59,66],[-18,-25],[-77,108],[30,19],[2,71],[18,42],[34,-7],[41,56],[-45,44],[36,22],[-28,66],[11,17],[-25,86]],[[7606,52213],[45,26],[61,-33],[109,-84],[-18,-29],[56,-56],[34,-66],[94,-101],[109,-25],[30,-39],[13,-108],[-17,-21],[40,-45],[221,-202],[132,-115],[44,-55],[50,-41],[173,-122],[41,-13],[79,1],[5,-35],[110,-291],[8,-56],[38,-80],[19,-102],[-11,-36],[18,-52],[-4,-70],[111,-127],[55,-48],[-89,-98],[-40,-73]],[[9122,50017],[17,-46],[-57,-49],[-55,-3],[-40,21],[-47,-14],[-59,-75],[-27,-93],[-35,-61],[29,-32],[95,13],[24,-56],[112,23],[21,-51],[41,-16],[39,-39],[92,21]],[[7098,50605],[-14,-22],[-105,-3],[-26,-21],[-74,91],[29,64],[49,67],[25,92],[-30,33],[-10,53],[-33,53],[-106,49],[-164,54],[-82,42],[-85,-9],[-43,-26],[-64,29],[-79,5],[-32,-13],[-65,21],[-41,-31],[-7,-60],[-28,-64],[-35,-12],[-94,-1],[-142,43],[-99,-6],[-77,20],[-32,24],[-55,73],[-55,36],[-23,41],[-46,25]],[[5455,51252],[69,86],[25,66],[6,157],[28,51],[-19,56],[72,39],[70,70],[35,92],[36,53],[-25,64],[-3,70],[54,3],[48,20],[6,60],[-27,103]],[[5830,52242],[154,34],[68,5],[161,-36],[45,-32]],[[6258,52213],[-30,-38],[0,-52],[-22,-51],[48,3],[48,-64],[-13,-27],[29,-36],[45,-5],[15,-31],[69,-71],[-20,-36],[105,-73],[64,-25],[71,0],[-16,64],[10,123]],[[6661,51894],[77,2],[79,33],[52,8],[71,43],[54,6],[78,43],[177,52],[107,48],[120,40],[110,47],[20,-3]],[[17013,34470],[-80,-74],[-45,-121],[-42,-50],[-8,-59],[-29,-49],[-97,3],[-61,-9],[-62,24],[-52,2],[-34,-19],[-113,-7],[-54,-119]],[[16336,33992],[-29,-9],[-71,-95],[-58,-32],[-56,13],[-25,61],[-36,9],[-34,44],[4,55],[-88,2],[-37,19],[-57,58],[2,97],[-68,129],[-23,11],[-40,-46],[-50,-3],[-39,23],[-63,-15],[-64,-113],[-52,-3],[-88,23],[-47,-34],[29,-38],[16,-56],[-43,8],[-20,-61],[-29,-10],[-23,-48]],[[15247,33981],[-49,43],[-87,57],[-9,66],[-32,53],[-62,65],[-82,64],[-120,76],[-33,67],[-21,87],[10,44],[-22,64],[-64,120],[-29,35]],[[14647,34822],[113,-17],[103,42],[107,12],[38,-8],[104,19],[77,34],[22,-10],[57,32],[70,-3],[66,66],[6,68],[50,19],[18,33]],[[15478,35109],[120,-7],[94,26],[86,-61],[17,-25],[61,-17],[49,49],[38,4],[149,92],[40,-10],[32,27],[13,72]],[[16177,35259],[116,-67],[46,31],[47,-98],[72,-30],[20,-62],[31,-25],[20,-105],[50,-12],[16,-36],[123,-38],[24,-99],[45,-21],[143,-102],[83,-38],[13,-19],[-13,-68]],[[16588,34409],[-40,53],[-82,-5],[-66,38],[-8,-34],[42,-55],[23,-6],[49,-65],[75,-11],[32,25],[-25,60]],[[90243,8153],[-43,-67],[-18,58],[61,9]],[[88839,8396],[6,-51],[-36,-11],[-38,17],[-17,116],[23,21],[61,-17],[1,-75]],[[89207,8542],[-43,-86],[-33,-21],[-46,7],[-48,34],[34,42],[136,24]],[[90444,8778],[41,-20],[20,-43],[-42,-95],[-101,3],[-25,27],[-18,63],[31,42],[40,23],[54,0]],[[89608,8900],[-36,41],[42,14],[-6,-55]],[[90507,9000],[-5,-63],[-41,14],[7,44],[39,5]],[[90241,9106],[90,-20],[17,-28],[13,-77],[-19,-69],[-59,-64],[-16,-45],[34,-140],[-26,-61],[-28,-27],[-44,-1],[-32,-34],[-66,-41],[-48,-95],[-66,-76],[-9,-59],[19,-81],[-58,-80],[-42,0],[-31,-82],[-68,-48],[-6,-31],[-78,-35],[-102,3],[-47,-19],[-51,20],[-6,70],[31,56],[5,45],[-32,42],[-2,74],[-35,19],[-31,92],[-40,13],[-115,-12],[-24,-46],[-71,-36],[-18,-45],[-75,38],[-25,34],[67,44],[31,50],[-4,53],[65,141],[54,35],[73,23],[57,55],[33,9],[71,53],[53,-31],[28,-35],[1,-117],[17,-77],[38,37],[92,59],[55,81],[36,21],[16,68],[53,56],[38,-13],[50,62],[52,138],[67,76],[80,52],[38,6]],[[91076,9267],[74,-4],[45,11],[4,-40],[-25,-27],[13,-161],[33,-15],[41,39],[81,38],[144,52],[95,3],[83,30],[105,-7],[25,-26],[59,-25],[87,4],[62,-11],[110,16],[70,-4],[39,40],[67,17],[133,-37],[85,25],[228,-2],[25,-61],[17,-78],[67,-82],[26,-102],[-45,-102],[23,-106],[16,-13],[-46,-58],[-51,-21],[-99,-13],[-47,-30],[-147,13],[-139,-22],[-60,13],[-211,-31],[-55,-30],[-109,-31],[-35,-21],[-132,-46],[-40,10],[-61,-8],[-51,16],[-22,-17],[-80,36],[-104,11],[-127,-92],[-81,-44],[-156,-28],[-44,61],[-48,13],[-84,-15],[-42,-42],[-92,-56],[-50,-19],[-17,67],[-136,-13],[-56,12],[-47,75],[5,77],[72,62],[30,60],[89,115],[11,72],[63,15],[72,67],[76,49],[69,8],[128,43],[8,35],[-28,33],[-59,-3],[-43,-33],[-43,-11],[-101,-72],[-124,-52],[-18,10],[-14,99],[-21,23],[14,48],[69,89],[63,66],[9,35],[96,89],[85,-14],[30,28],[107,7],[37,-7]],[[15324,44546],[-77,-84],[-114,-113],[-128,-145],[-51,-32],[-1,-28],[-123,-108],[-15,-26],[-221,-203],[-25,3],[-53,-63],[-87,-63],[-91,1],[-75,-36],[-106,-3],[-79,52],[-42,-20],[-31,63],[-51,-6],[-45,-33],[-88,-24],[-45,-38],[-40,-56],[-34,-16]],[[13702,43568],[-57,37],[40,44],[8,79],[-39,-23],[-1,-42],[-39,-40],[-70,-20],[45,115],[-59,-24],[-45,-76],[-54,7],[-76,-26],[-69,18],[-49,-14],[-20,40],[-83,-78],[-90,-34],[-54,17],[-71,-49],[-73,11],[-8,63],[-61,50],[-49,16],[-41,-19],[-57,21],[-48,-2],[-66,71],[-8,31]],[[12508,43741],[0,127],[46,77],[94,41],[46,96],[38,27],[70,93],[119,70],[13,50],[50,54],[61,33],[29,57],[3,49],[22,48],[92,32],[117,77],[47,4],[35,-42],[50,10],[68,94],[68,24],[20,21],[52,4],[37,44],[-3,40],[60,19],[69,66],[-2,55],[64,43],[22,42],[62,36],[53,105]],[[14010,45237],[34,-2],[-1,-66],[-46,0],[-4,-69],[43,34],[80,23],[-3,66],[40,45],[-2,46],[-56,53],[58,52],[44,11],[81,-80],[140,0],[40,63],[108,89],[32,55]],[[14598,45557],[60,-121],[67,-76],[13,-32],[106,-124],[92,-80],[89,14],[69,-138],[68,-72],[180,-104],[-18,-278]],[[14762,45066],[-31,-26],[-90,0],[49,-125],[-60,-3],[-20,-27],[-9,-59],[68,-70],[88,26],[40,-15],[64,41],[-7,60],[-82,48],[-6,59],[40,19],[1,96],[-45,-24]],[[135182,20179],[249,4],[246,-35],[323,-285],[524,-360],[638,-219],[410,-112]],[[137572,19172],[-1188,-1627],[-974,-563],[-30,-1171],[-28,-1070],[-24,5],[-202,-201],[-98,-1],[-84,10],[-33,-8],[-88,-101],[-22,-9],[-140,23],[-86,-41],[-24,-81],[-41,-23],[-30,-44]],[[134480,14270],[-37,38],[-53,81],[-100,114],[-150,144],[-118,96],[-187,184],[-33,79],[31,48],[-64,93],[-27,122],[-30,62],[-27,121],[2,54],[34,37],[-70,137],[-62,104],[-10,80],[-20,20],[-50,99],[-58,139],[-48,74],[-38,79],[-74,60],[-15,52],[4,104],[20,34],[56,10],[12,44],[-36,40],[-117,37],[-122,-1],[-51,17],[-37,50],[-20,90],[10,71],[49,35],[-26,68],[-81,9],[-139,-46],[-18,-27],[-52,21],[-27,52],[7,49],[-27,23],[-24,72],[0,72],[-14,48],[-6,80],[25,112],[37,62],[31,15],[33,88],[-71,29],[-43,43],[-108,4],[-94,84],[-268,304],[-10,36],[-40,12],[-15,29],[-58,-11],[-14,-25],[-125,-36],[-42,30],[-105,29],[-55,-43],[-36,13],[-36,64],[9,52],[56,82],[4,37],[-34,54],[-49,19],[-84,99],[-24,18],[5,59],[-92,39],[-43,-21],[-76,52],[-37,4],[-132,60],[-29,29],[14,72]],[[131131,18833],[68,35],[90,-10],[73,29],[-10,44],[-62,30],[-13,64],[30,22],[49,6],[79,120],[162,59],[177,104],[86,62],[73,85],[-4,162],[-237,194],[-150,48],[-114,90],[-114,194],[-113,251]],[[131201,20422],[534,79],[367,69],[132,0],[165,25],[448,-96],[79,-8],[629,-152],[746,-155],[184,-43],[232,-4],[329,40],[136,2]],[[62376,8654],[-21,-85],[-31,-54],[3,-53],[-30,-55],[14,-64],[-1,-108],[39,-66],[3,-110],[-38,-59],[1,-65],[55,-104],[1,-47],[-22,-58]],[[62349,7726],[-20,38],[-65,-15],[-52,-50],[-54,-15],[6,-40],[-20,-175],[35,-91],[1,-78]],[[62180,7300],[-21,-75],[41,-56],[44,-29],[49,38],[39,-90],[-57,-97],[-61,-31],[-96,-24],[-172,12],[-70,23],[-15,28],[14,47],[86,38],[7,30],[71,43],[63,-7],[18,80],[-26,37],[30,70],[-24,86],[-58,88],[-134,111]],[[61908,7622],[24,40],[68,49],[32,-26],[54,76],[-20,41],[35,91],[9,67],[56,98],[-19,41],[25,131],[42,2],[40,-37],[17,83],[-22,65],[6,46],[-48,112],[23,39],[-6,53],[23,66],[-23,63],[-42,64],[7,58],[-13,27]],[[62176,8871],[55,-8],[87,30]],[[62318,8893],[53,-50],[4,-49],[-23,-82],[24,-58]],[[64222,27696],[-127,-103],[-19,-40],[17,-40],[14,-122],[-28,-66]],[[64079,27325],[-99,-79],[-39,-129],[-115,-72],[-68,62],[-20,83],[-36,23],[15,81],[-147,14],[-105,33],[-21,46],[-78,8],[-41,-13],[-97,53],[-80,25],[-94,1],[-78,19],[-86,39],[-50,8]],[[62840,27527],[-130,65],[-44,63],[-40,19],[-43,-22],[11,106],[-9,34],[75,14],[39,41]],[[62699,27847],[68,54],[70,75],[142,81],[52,50],[57,14],[60,54],[25,68],[27,33],[64,35],[121,52],[30,38],[9,55],[42,22],[69,-31],[40,16],[33,65],[40,32],[32,58],[58,62],[40,78],[-3,68],[22,95],[29,55]],[[63826,28976],[30,24],[51,-40],[-11,-42],[-60,-58],[50,-33],[40,-45],[59,-4],[95,45],[55,-54],[46,-15],[-19,-83],[-63,-39],[-4,-229],[-25,-43],[20,-51],[-18,-42],[48,-23],[-5,-69],[23,-69],[42,-83],[54,-39],[-65,-45],[-5,-40],[43,-89],[39,-13],[-20,-37],[-4,-64]],[[39253,13479],[-28,-135],[11,-69],[43,-50],[-5,-120],[7,-47],[47,-50],[82,-17],[119,-14],[70,4],[71,18],[46,30],[45,1]],[[39761,13030],[6,-47],[-45,-7],[-15,-43],[31,-31],[0,-105],[23,-37],[52,-13],[-25,-41],[-90,-3],[-55,13],[-46,-30],[-36,3],[-46,-35],[-13,-68],[-59,-27],[-12,-53],[12,-35],[-12,-57],[-30,-42],[-135,-49],[-44,17],[-57,-98],[30,-49],[-74,-49],[9,-64],[69,-38],[18,-44],[-49,-51],[1,-79],[-41,18],[-109,-15],[-26,60],[-25,16],[-51,-46],[-42,17],[-23,-27],[-45,-2],[-19,80],[-52,20],[-26,44],[-51,37],[-35,-21],[-37,21],[-30,-15],[-72,-4],[-64,19],[-11,-17]],[[38410,12053],[-48,10],[-18,-22],[-69,11],[-26,-10],[-79,39],[-129,40],[-33,-10],[-27,73],[-37,39],[-73,-18],[-155,5],[6,40],[73,53],[88,49],[30,34],[0,78],[-11,66]],[[37902,12530],[106,0],[42,-19],[100,-22],[47,38],[13,80],[32,29],[-8,42],[88,44],[79,-19],[25,98],[-21,54],[36,23],[5,65],[48,-10],[45,88],[21,111]],[[38560,13132],[57,6],[11,-25]],[[38628,13113],[47,-77],[69,-37],[98,4],[239,-28],[67,26],[-9,45],[43,74],[-2,22],[40,51],[-76,38],[-79,-23],[-73,23],[-71,-12],[-40,43],[-2,79]],[[38879,13341],[26,3],[73,73],[98,10],[33,-36],[56,37],[16,58]],[[39181,13486],[72,-7]],[[37902,12530],[-16,58],[-34,-1],[-73,58],[-59,76],[-46,7],[-41,-33],[-118,-4],[-6,18],[35,101],[-23,31],[-10,91],[16,48],[132,95],[69,37],[86,12],[88,62],[35,52],[57,5],[24,66],[-83,84],[-18,54]],[[37917,13447],[13,26],[-21,51],[-64,49],[14,99],[39,4],[44,-54],[38,36],[-31,97],[36,29],[43,68],[47,-12]],[[38075,13840],[18,30],[69,-14],[41,23],[49,-37],[83,-1],[108,-113],[23,2],[85,-41],[25,-46],[58,-36],[66,7],[2,112],[42,30],[33,-8]],[[38777,13748],[27,-64],[-12,-39],[56,4],[26,-43],[69,3],[61,-15],[58,-68],[60,17],[44,-24],[15,-33]],[[38879,13341],[-98,43],[-24,-47],[-38,-27],[-16,-54]],[[38703,13256],[-30,30],[15,36],[-49,43],[-2,48],[-33,-1],[-6,-59],[-43,-64],[-39,-94],[44,-63]],[[83377,30178],[-74,92],[-31,65],[9,146],[31,93],[-48,60],[-38,24],[-6,44],[34,35],[60,5],[-22,48],[53,8],[3,37],[-39,63],[-39,123],[-64,36]],[[83206,31057],[58,7],[46,-19],[19,44],[113,104],[38,107],[12,58],[-25,74],[-118,160],[-35,116],[-38,64],[-37,-67],[-114,60],[-101,28],[2,-38],[-44,5],[-32,39],[-17,56],[-66,13],[-39,59],[-44,30],[-10,74],[-29,37],[-21,142],[14,48]],[[82738,32258],[118,-19],[48,-46],[40,11],[59,-10],[44,20],[20,33],[43,20],[36,76],[51,30],[43,5],[56,-31],[82,-15],[38,6],[51,-35],[81,50],[81,111],[8,40],[-11,56],[7,49],[59,69],[-34,26],[11,51],[52,20],[35,-13],[40,78],[38,-14],[49,22],[81,-14],[31,12],[143,-22],[62,50],[41,-21],[51,25],[70,-28],[95,4],[76,57],[63,22],[127,-38],[29,12],[39,-56],[116,15],[63,-13],[107,71],[48,-6],[29,-44],[81,-74],[59,-33],[49,5],[82,-12],[69,35],[78,60],[46,23],[96,-16],[109,42],[19,-27],[83,25],[43,-1],[77,21],[22,33],[77,-8],[3,36],[-80,22],[-131,-7],[-20,53],[-55,35],[-60,-6],[-107,31],[-34,-16],[-118,34],[-57,61],[-48,9],[-19,49],[114,-12],[58,-16],[35,28],[45,86],[47,13],[35,-35],[41,4],[14,35],[67,-2],[24,-30],[47,38],[82,3],[53,15],[49,-40],[36,48],[94,5],[43,51],[92,21],[45,98],[101,-41],[71,23],[97,-16],[60,-29],[47,10],[48,36],[26,-1],[98,-40],[104,0],[124,-90],[126,-47],[101,-63],[38,9],[35,-44],[-76,-24],[46,-95],[70,-53],[69,4],[-10,-65],[-36,-43],[56,-12],[23,-44],[-33,-104],[-22,-27],[-4,-66],[34,-26],[-29,-48],[-49,-20],[-37,-39],[-46,-92],[9,-50],[-26,-20],[-8,-63],[43,-69],[-28,-14],[-34,-60],[7,-33],[-18,-74],[-63,-76],[-69,-43],[-70,-15],[-133,27],[-49,64],[-11,46],[-29,22],[-87,35],[-45,63],[-58,45],[-51,22],[-58,76],[5,50],[30,84],[-46,46],[-23,49],[-69,55],[-142,-107],[-2,-81],[-54,-31],[-52,-9],[-73,30],[-59,-4],[-164,-52],[-71,-10],[-76,-31],[-48,23],[-131,-31],[-66,-31],[-33,-43],[-13,-62],[36,-92],[-97,-147],[-53,-42],[-66,-78],[-45,-91],[4,-63],[-141,-11],[-23,-86],[-57,-19],[-20,-71],[-23,-29],[19,-61],[-8,-48],[-105,-39],[-120,-66],[31,-56],[-31,-85],[-26,-10],[-67,-74],[-67,-30],[-45,-44],[-16,-78],[-50,-58],[-130,-82],[-65,-90],[6,-27],[-57,-88],[-102,-78],[-110,-19],[-60,-32],[-110,-85],[-46,-45],[-29,-2],[-68,-84],[-78,-27],[-127,2],[-197,-28],[-86,2]],[[85045,33821],[36,-65],[-98,-6],[-13,-20],[-70,-26],[-23,30],[-81,33],[20,22],[121,-2],[46,28],[62,6]],[[87255,31456],[-20,-54],[3,-48],[-16,-74],[-35,-34],[-59,199],[-18,20],[14,64],[77,60],[48,-4],[18,-39],[-12,-90]],[[86791,31679],[69,-15],[18,-55],[53,-66],[15,-56],[76,-51],[-38,-37],[-31,-86],[-32,-31],[-53,7],[-2,-84],[-29,-32],[102,-189],[60,-56],[68,-23],[71,101],[11,40],[-25,54],[54,78],[53,2],[28,37],[24,82],[44,46],[61,82],[50,22],[62,-44],[8,-58],[38,-8],[42,-49],[49,10],[-18,46],[11,44],[44,-5],[48,-30],[44,-64],[37,-2],[57,25],[40,-36],[88,-28],[-12,-34],[13,-53],[-7,-67],[-18,-42],[-39,-33],[-14,-43],[16,-38],[0,-54],[-30,-55],[-17,-68],[-48,-83],[-70,-32],[-38,30],[-12,-120],[-38,-56],[-64,-15],[-33,15],[-67,-21],[-48,63],[-55,13],[-48,-51],[-9,99],[-14,32],[-59,60],[-24,61],[5,31],[-71,50],[-49,-31],[-4,-54],[-34,-23],[-46,5],[-8,-97],[9,-48],[-30,-39],[11,-62],[-38,-118],[21,-130],[27,-18],[21,-76],[-17,-41],[-56,-19],[-16,135],[-49,-7],[-67,-32],[-53,-65],[-43,-18],[-38,74],[-54,31],[-56,-16],[-42,28],[-11,36],[30,83],[57,-6],[58,71],[73,34],[50,69],[-27,51],[8,44],[-19,101],[-17,22],[18,59],[-28,85],[17,21],[-39,86],[-2,79],[16,133],[-34,18],[-46,-15],[-16,-38],[-61,-3],[-20,-57],[-47,-53],[-84,-125],[-56,-98],[-80,-241],[-43,-24],[-74,-80],[-48,-68],[-32,15],[-40,-33],[-49,-107],[-60,-47],[-69,-4],[-42,18],[-61,56],[16,62],[-41,106],[-40,40],[-5,65],[-40,31],[-46,-26],[-32,150],[16,17],[-9,69],[18,151],[25,76],[38,45],[-3,83],[27,62],[37,49],[81,46],[60,100],[0,41],[51,52],[2,28],[40,31],[104,-16],[65,-96],[108,69],[47,12],[48,39],[40,-2],[161,52],[33,-1],[75,-95],[18,-50],[67,68],[9,111],[23,10]],[[87702,28275],[1,-34],[-170,-73],[-12,22],[62,33],[54,3],[54,23],[11,26]],[[86717,28226],[4,69],[37,-15],[-41,-54]],[[88924,28916],[52,-65],[7,-66],[47,-105],[-66,1],[-46,55],[-41,-13],[-12,35],[44,149],[15,9]],[[88629,28920],[37,-24],[17,-43],[-13,-46],[-38,-32],[-34,32],[-2,51],[33,62]],[[87751,29148],[18,-34],[-59,-19],[-9,28],[50,25]],[[88540,29118],[2,-28],[-84,-28],[-40,17],[-3,42],[30,42],[1,36],[73,72],[21,-56],[0,-97]],[[88275,29256],[35,-176],[-49,-11],[0,107],[-12,47],[26,33]],[[88354,29320],[-11,-12],[37,-130],[-31,1],[-32,61],[-11,56],[48,24]],[[88697,29311],[45,-22],[20,-55],[27,-12],[55,-96],[41,-48],[42,-80],[-12,-70],[-73,34],[3,-60],[-78,-10],[-84,107],[-4,85],[-39,43],[22,54],[-7,110],[42,20]],[[89374,29533],[45,-87],[31,-141],[-48,-9],[-47,99],[-16,65],[-30,53],[29,39],[36,-19]],[[86589,29669],[76,-19],[-9,-43],[53,-17],[7,-131],[-42,-97],[-78,-19],[-50,-80],[-8,-31],[-84,-51],[-43,51],[37,94],[-9,31],[19,139],[27,53],[52,145],[52,-25]],[[89882,29766],[24,-76],[-55,-66],[-12,34],[23,30],[-3,46],[-46,-9],[-34,36],[33,33],[52,-5],[18,-23]],[[87425,29997],[28,-56],[0,-93],[-63,-23],[-47,-42],[-36,11],[-56,-97],[-14,-52],[-75,-41],[-34,0],[-33,32],[61,125],[61,79],[79,85],[64,55],[65,17]],[[87903,30623],[38,-34],[27,-128],[29,-51],[-24,-68],[16,-108],[54,-38],[107,17],[34,-62],[-41,-60],[24,-41],[-26,-48],[13,-77],[-52,-65],[-47,12],[-40,-55],[-41,35],[-56,-26],[-53,51],[-27,-25],[-68,13],[-28,81],[17,21],[-39,90],[9,40],[34,24],[-21,36],[23,61],[38,39],[-21,38],[-46,27],[4,77],[15,37],[50,29],[-2,62],[19,33],[34,-34],[36,-2],[11,99]],[[34325,28679],[-48,-47],[14,87],[-31,41],[-58,-42],[-67,-25],[-62,11],[-75,-1],[-13,-56],[25,-21],[-28,-45],[77,-39],[53,-7],[21,-55]],[[34133,28480],[-47,-36],[-18,-40],[-38,-4],[-50,-53],[-4,-27],[-53,-43],[0,-22],[-89,-22],[-51,-30],[6,-35],[-40,-12],[-37,15],[-24,46],[-35,17],[-48,-30],[5,-41],[-24,-22],[27,-48],[6,-81],[-7,-54],[-58,-72],[-4,-30],[-106,16],[-72,-40],[-38,-5],[-24,-42],[-50,-30]],[[33260,27755],[23,86],[35,46],[5,57],[-44,47],[-9,55],[-66,89],[-5,50],[21,27],[-20,50],[24,56],[-8,59],[-33,52],[-68,30],[1,23]],[[33116,28482],[18,29],[0,95],[-35,42],[14,44],[-24,61],[61,100],[-1,64],[15,63],[-73,49],[-3,60],[-29,53],[-73,-21],[-46,69],[11,89],[49,21],[19,40],[59,45],[20,71],[-19,50],[41,29],[-30,45],[18,29],[-38,35]],[[33070,29644],[91,50],[27,-61],[-8,-41],[25,-31],[117,16],[-33,42],[-62,31],[-9,58],[-41,59],[-76,53],[-34,106],[-3,36],[45,19],[14,59],[-25,70],[-62,18],[26,36],[-5,36],[-63,85],[10,59],[-7,117],[106,-16],[184,5],[87,28],[112,9],[33,57],[96,-22],[-3,-42],[-33,-34],[69,-62],[61,-25],[62,35],[50,-43],[55,-28],[45,-48],[88,-46],[-15,-42],[-34,-3],[-30,-58],[-7,-65],[24,-95],[39,-58],[60,-49],[38,-105],[53,-47],[-9,-43],[87,-74],[25,-121],[34,-59],[48,-42],[65,-15],[14,-47],[30,-26],[-6,-40],[-56,-47],[-11,-99],[-19,-43],[-18,-90],[42,-235],[-38,-47]],[[33116,28482],[-107,58],[-108,-2],[-28,-10],[-97,42],[-181,-23],[-6,38],[-50,57],[-107,35],[-42,-18],[-34,17],[-86,-35],[-45,-30],[-104,-95],[-54,49],[-95,-38],[-80,31],[-60,-27],[-68,-11],[-54,-69],[-40,14],[-6,32],[-63,101],[-31,71],[-31,32],[-58,31],[-148,-26],[-30,11],[-75,-10],[-49,-37],[-18,34],[-13,120],[-38,42],[56,87],[19,74],[-24,49],[84,37],[30,55],[90,38],[69,8],[89,49],[71,16],[96,73],[67,28],[63,43],[92,83],[61,92],[29,111],[-33,57],[7,28],[-49,52],[-64,23],[-31,35],[23,50],[-30,79],[77,33],[74,50],[26,84],[67,7],[49,37],[105,111],[146,-16],[61,4],[52,24],[46,80],[113,9],[-17,-60],[50,-84],[20,-54],[1,-61],[17,-50],[36,-51],[39,-29],[71,-12],[133,16],[-63,-87],[-86,-74],[-49,-85],[46,-116],[44,-22],[33,-40],[85,-9],[69,6]],[[36338,26097],[89,-45],[42,-60],[93,-38],[41,4],[62,-46],[-13,-72],[-81,-135],[3,-43],[-78,-55],[-30,31],[-57,-7],[-37,24],[-74,17],[-61,70],[-126,59],[-59,57],[58,56],[3,57],[49,3],[109,53],[34,51],[33,19]],[[36129,26157],[38,-45],[-44,-73],[-38,4],[-11,40],[51,35],[4,39]],[[37120,26307],[2,-64],[37,4],[58,-52],[16,-61],[-31,-79],[-33,-29],[-53,-4],[-39,23],[-40,55],[-36,23],[28,35],[6,42],[85,107]],[[35898,26644],[-93,-246],[-40,-128],[-51,-100],[-23,-87],[-12,-92],[5,-65],[23,-53],[28,-23],[92,-37],[90,-12],[82,-80],[145,-11],[8,-23],[-46,-59],[18,-57],[25,-21],[-33,-53],[-79,-67],[-71,14],[-82,-38],[-12,46],[-75,17],[-72,-7],[-32,26],[-83,-21],[-72,-63],[-21,2],[-76,-43],[-70,86],[24,61],[-23,61],[-69,78],[-84,45],[7,27],[-42,91],[-50,24],[-87,2],[-110,-12],[-63,24],[-3,59],[-22,37],[-102,82],[-80,27],[-90,-3],[-68,57],[-57,27],[-73,8],[-83,-14],[-50,77],[-96,46],[-112,24],[-81,-7],[-32,16],[-165,40],[-55,-16],[15,103],[-20,40],[-49,41],[-41,60],[-11,110],[-29,47],[-11,82],[-48,100],[36,107],[-22,29],[64,106],[12,59],[68,46],[-18,194]],[[33651,27434],[159,4],[61,51],[4,25],[70,27],[52,-48],[-1,-35],[-59,-65],[16,-95],[61,-15],[56,52],[133,39],[28,-40],[65,-3],[7,33],[101,24],[58,52],[89,11],[-7,-129],[-67,-59],[-2,-132],[112,-65],[34,0],[48,29],[27,-4],[78,40],[15,47],[43,10],[43,-18],[94,17],[56,-59],[97,-11],[103,19],[38,26],[6,-60],[-43,-62],[0,-70],[19,-9],[128,-4],[15,-35],[-9,-89],[49,-11],[41,25],[107,-25],[90,-52],[47,-45],[98,-15],[14,-57],[56,-26],[17,17]],[[33210,27658],[36,-14],[1,-37],[-43,-8],[6,59]],[[34133,28480],[72,-33],[63,28],[72,-49],[66,41]],[[34406,28467],[44,-98],[34,-48],[10,-91],[25,-66],[35,-38],[-10,-47],[11,-94],[38,-98],[61,-76],[66,-125],[62,-94],[22,-4],[63,-72],[58,-50],[80,-40],[71,-18],[88,-7],[71,25],[109,-83],[51,-19],[136,-29],[81,-25],[216,-41],[181,-27],[177,-47],[265,-49],[-11,-49],[-41,-3],[-47,31],[-72,-34],[-38,-59],[-32,30],[-49,-32],[-60,-69],[-61,-43],[-32,-65],[-25,-18],[-85,-151]],[[33651,27434],[-61,82],[-99,54],[-38,-2],[-103,49],[-51,103],[-39,35]],[[55821,13222],[-18,-39],[-4,-72],[-49,-14],[-20,-45],[39,-34],[5,-57],[-13,-42],[68,16],[21,19],[43,-27],[-17,-94],[-27,-31],[-1,-38],[-56,12],[-10,-90],[25,-24],[-35,-33],[22,-87],[-31,-22],[-6,-45],[-36,-25],[2,-79],[-49,22],[-21,-37],[-39,-4],[3,-78],[-56,-80]],[[55561,12194],[-81,24],[-38,-13],[-31,24],[-81,6],[-180,65],[-49,6],[-81,49],[-61,-10],[-75,20],[-135,1],[-77,-38],[-103,-2],[-46,19],[-38,38],[34,109],[12,75],[-62,3],[-7,37],[-32,35],[8,88],[20,46],[88,-29],[39,7],[52,64],[107,69],[119,142],[67,119],[40,23],[-4,32],[37,18],[70,9],[116,-12],[100,23],[56,-6],[124,25],[79,4],[51,-16],[34,9],[74,-22],[63,1],[51,-14]],[[62318,8893],[32,77],[-1,98],[54,44],[65,17],[22,-15],[73,23],[24,30],[79,20],[54,-11],[17,-43],[73,-56],[54,-29],[56,7],[27,28]],[[62947,9083],[55,-56],[-50,-65],[22,-22],[12,-86],[-57,-48],[4,-29],[-46,-123],[-24,-27],[6,-49],[-46,-76],[64,-134],[-6,-99],[-41,-91]],[[62840,8178],[-78,7],[-70,-164],[13,-31]],[[62705,7990],[-66,-8],[-19,60],[-17,169],[-20,42],[39,81],[19,109],[-21,71],[-5,88],[-63,9],[-50,-14],[-24,58],[-41,-27],[-61,26]],[[63318,26283],[-1,-34],[47,-41],[17,-102],[58,-28],[-44,-63],[-19,-71],[-66,-33],[-22,12],[-41,-136],[-52,-55],[-14,-95],[93,-54],[53,-5],[7,-41]],[[63334,25537],[-30,-46],[-71,-39],[-28,-55],[-80,-68],[-51,63],[-119,-100],[-52,-71],[-26,-225],[-32,-66],[-93,-26],[106,-40],[115,-12],[39,-40],[-13,-64],[21,-75],[-48,-21],[-45,-88],[1,-143],[-20,-84],[-50,-34],[33,-47],[6,-62],[-24,-34],[-98,-56],[-96,-7],[-48,-17],[-48,-57],[-21,-58],[-46,-41],[-71,-32],[-42,-56],[-38,-21]],[[62365,23815],[-32,-23],[-150,-22],[-120,-80],[-84,3],[-50,-37],[-70,-75],[-221,-77],[-39,-31],[-48,8],[-42,-74],[-40,-24],[-62,26],[-4,112],[29,64],[72,93],[0,34],[-33,45],[-119,14],[4,45]],[[61356,23816],[-7,73],[34,49],[-17,53],[21,152],[-11,75],[11,78],[-80,9],[-113,27],[-38,27],[-94,6],[-73,35],[-17,24],[-169,114],[-51,-112],[-16,-64],[-43,-35],[-26,-121],[24,-125]],[[60691,24081],[-258,-55],[-29,-12],[-78,5],[-213,-37]],[[60113,23982],[-17,19]],[[60096,24001],[13,135],[-10,104],[23,80],[-30,91],[-11,71],[48,82]],[[60129,24564],[71,-33],[66,0],[60,-28],[30,49],[37,-17],[51,35],[2,34],[107,49],[-70,40],[-27,34],[36,78],[-4,41]],[[60488,24846],[91,37],[113,34],[151,61],[68,14],[71,63],[54,33],[11,213],[30,193],[-6,189]],[[61071,25683],[123,-68],[416,-276],[139,-112],[128,-85],[73,-32],[176,-44],[85,-7],[40,61],[44,24],[47,66],[7,87],[-74,26],[-152,37],[104,127],[53,121],[56,-36],[28,18],[61,78],[38,74],[103,50],[36,42],[66,6],[33,-59],[61,24],[37,-3],[41,-55],[32,40],[70,20],[24,48],[72,60],[35,6],[26,79],[32,24],[33,77]],[[63164,26101],[19,2],[45,78],[39,41],[15,48],[36,13]],[[45927,12248],[-26,-82],[-114,-18],[-46,-45],[-44,-144],[-65,-62],[-38,-59],[-22,-3],[-38,-54],[-2,-48],[-38,-26],[-51,-78],[102,-66],[129,-44],[-18,-80],[-77,-11],[-96,12],[-29,21],[-29,-67]],[[45425,11394],[-126,-68],[-83,-66],[-59,34],[-52,-8],[-28,43],[-62,-31],[-18,-41],[-60,-28],[-131,5],[-78,-13],[-55,22],[-72,-8],[-52,-36],[-95,-15],[-14,-29]],[[44440,11155],[-41,7],[-47,-22],[-85,57],[-37,43],[-9,78]],[[44221,11318],[59,8],[41,27],[54,-9],[57,57],[70,40],[25,-14],[88,29],[57,-18],[-7,78],[36,36],[77,18],[19,32],[-38,61],[-7,69],[-48,43],[27,63],[110,-28],[19,60],[-5,42],[53,24],[-46,91],[-61,30],[-34,35]],[[44767,12092],[42,42],[81,31],[55,51],[46,-16],[37,43],[35,64],[41,18],[49,-21],[54,13],[26,-66],[113,-22],[108,81],[42,-11],[72,29]],[[45568,12328],[107,-60],[47,38],[57,-30],[45,-5],[16,33],[59,-57],[28,1]],[[76877,18163],[14,-1],[80,-118],[81,17],[52,-20],[7,-64],[60,-77],[9,-36],[52,-46],[65,-91],[26,-185],[-13,-46],[18,-74]],[[77328,17422],[-55,-8],[-209,62],[-44,27],[-89,5],[-64,18],[-24,24],[-43,-2],[-70,-97]],[[76730,17451],[-28,63],[-99,14],[-31,-5],[20,77],[33,38],[19,90],[52,45],[9,48],[40,61],[35,25],[8,47],[33,39],[1,69]],[[76822,18062],[-22,50],[21,48]],[[76821,18160],[56,3]],[[47413,10345],[80,-25],[-5,-80],[40,-39],[80,43],[59,-17],[93,9],[30,-28]],[[47790,10208],[-9,-22],[-85,1],[-66,-94],[29,-70],[61,-15],[5,-25],[-32,-142],[-35,8],[-2,-71],[-100,43],[0,-50],[-66,-21],[-79,12],[1,-35],[-49,-5],[-42,28],[-38,-24],[-11,-47],[-62,-11],[-5,-30],[31,-64]],[[47236,9574],[-207,62],[-211,83]],[[46818,9719],[33,14],[52,61],[51,103],[66,-1],[13,59],[-4,60],[-47,78],[-61,44],[-47,57],[28,19],[7,46]],[[46909,10259],[73,57],[102,26],[-20,-61],[15,-83],[57,38],[42,57],[35,4],[35,36],[23,76]],[[47271,10409],[-9,-101],[11,-82],[73,3],[39,-34],[48,6],[-4,98],[-16,46]],[[30554,27659],[-11,4],[-35,106],[47,12],[-1,-122]],[[29683,29208],[-53,-47],[-57,-67],[27,-82],[-34,-35],[-106,-11],[-81,38],[-16,20],[-58,16],[-50,50],[-13,62],[23,45],[31,4],[56,149],[4,65],[43,14],[125,-59],[72,-62],[87,-100]],[[29560,29568],[-25,-18],[-149,20],[-2,22],[39,102],[19,113],[55,17],[20,-18],[-11,-86],[20,-82],[34,-70]],[[29228,29995],[61,-13],[33,-59],[-2,-41],[33,-31],[9,-58],[-13,-63],[8,-87],[-39,-49],[-86,-35],[-41,-51],[-5,-57],[-31,-16],[-32,-58],[30,-33],[-26,-89],[82,-25],[45,-164],[42,-36],[50,-7],[26,-32],[90,-43],[63,-13],[68,22],[40,76],[73,41],[26,-2],[78,-79],[-43,-63],[2,-56],[43,-106],[13,159],[79,55],[175,-13],[179,-25],[70,-50],[73,-105],[53,-154],[25,-131],[4,-168],[-28,-35],[-77,-58],[-92,-102],[-31,10],[-168,-145],[-90,-203],[-27,-6],[-91,50],[-6,-41],[16,-49],[54,-33],[12,-132],[31,-120],[-6,-39],[-57,-146],[-10,-52],[21,-96],[-14,-71],[35,-6],[41,248],[27,122],[5,52],[-16,137],[10,67],[58,3],[124,76],[78,98],[9,42],[-11,79],[16,40],[85,4],[84,17],[55,-26],[0,-131],[-45,-143],[34,-44],[15,-72],[48,-100],[23,3],[-21,84],[-5,149],[-20,82],[113,31],[126,-8],[77,-54],[52,-74],[35,-1],[30,35],[72,0],[94,-35],[35,15],[84,72],[140,66],[51,-13],[35,-40],[93,-37],[106,-56],[195,-18],[132,-31],[139,-2],[71,25],[122,-35],[175,-39],[-13,-45]],[[32513,27605],[-18,12],[-77,-15],[-37,-29],[-156,-91],[-56,-15],[-24,30],[-136,-19],[-23,25],[-125,13],[-54,-18],[-3,-40],[-32,-19],[-38,-51],[11,-35],[-48,-42],[-41,-6],[-41,-51],[-5,-34],[-72,-58],[-58,-104],[-76,12],[-8,-23],[33,-46],[-23,-95],[-60,2],[-29,-25],[18,-37],[46,-6],[60,-98],[5,-82],[-29,-61],[-96,-10],[-191,46],[-57,23],[-27,-32],[9,-78],[-42,-70],[14,-65],[-2,-66],[30,-107],[-66,-126],[-4,-86],[80,-24],[-5,-86],[-43,3],[-51,-42],[-45,-1],[-24,-31],[-62,-3],[-29,-20],[79,-35],[-26,-72],[44,-27],[-24,-117],[-7,-178],[-46,-64],[-52,-23],[7,-43],[-67,-6],[-13,-36],[-48,-36],[-93,-1],[-31,29],[-66,16],[21,91],[-51,17],[-17,62],[-33,18],[-55,-14],[-67,48],[-15,57],[-105,19]],[[30141,25529],[-41,35]],[[30100,25564],[29,0],[22,55],[81,32],[29,46],[3,73],[66,27],[32,72],[-43,39],[-6,65],[-109,-63],[-33,72],[22,40],[-63,17],[-51,-47],[-54,11],[-23,70],[-43,11],[-15,40],[-62,15],[-18,27],[-90,-3],[-25,-57],[37,-74],[-7,-94],[-77,46],[-56,-48],[-31,-124],[7,-83],[59,-80]],[[29681,25649],[-58,36],[-43,0],[-31,-42],[3,-45],[-32,-33],[-30,12],[-9,44],[-45,-10],[-85,31],[-69,-63],[-31,-45],[-61,2],[-22,93],[-108,-10],[-83,44],[-36,6],[-63,-14],[-128,20],[-13,-48],[-63,34],[-105,-44],[-61,29],[-27,-55]],[[28481,25591],[-72,41],[-32,-43],[-74,-53],[-109,-108],[-5,81],[20,46]],[[28209,25555],[62,8],[-25,103],[4,88],[-16,77],[5,86],[19,59],[4,68],[-23,54],[-60,40],[-78,30],[-2,28],[114,134],[43,71],[197,214],[-57,52],[118,110],[51,39],[-136,55],[15,52],[-43,-7],[-4,44],[-61,6],[42,50],[-78,31],[-117,93],[-19,-15],[-57,52],[-65,-48],[-48,43],[-76,40],[9,42],[82,61],[-112,170],[68,66],[55,25],[67,-18],[67,-43],[54,-48],[58,-69],[67,-62],[71,-47],[60,-14],[78,3],[72,38],[75,88],[114,78],[131,19],[105,26],[70,9],[145,67],[91,68],[127,43],[126,90],[109,91],[6,23],[-59,176],[-37,40],[-94,10],[-95,-43],[-55,-3],[-77,35],[-128,77],[-89,87],[-65,52],[-93,131],[-69,110],[-48,127],[-129,136],[-234,294],[-93,155],[-153,307],[-31,219]],[[28164,29828],[584,159],[54,63],[-4,42]],[[28798,30092],[41,28],[76,7],[35,21],[64,-1],[18,-31],[57,7],[96,-73],[43,-55]],[[44440,11155],[1,-44],[-43,-29],[-11,-35],[30,-60],[39,-41],[25,-63],[-34,-48],[-48,-9],[-14,-30],[-77,-6],[-11,-35]],[[44297,10755],[-75,35],[-9,31],[-207,51],[-88,13],[15,89],[-44,5],[-120,84],[-50,25],[-80,14],[-17,-72],[-88,-12],[-25,8],[-114,-5],[-82,14],[-28,55],[-48,-10],[-52,31],[-70,19],[5,48],[-72,29],[-51,48],[-17,45],[16,58],[-69,27],[-129,-12],[-26,64],[71,11],[52,44],[-4,25],[30,121],[29,16],[1,49],[40,36],[14,71]],[[43005,11810],[152,-9],[36,29],[26,-54],[86,14],[35,78],[25,31],[64,7],[69,65],[25,46],[98,-2]],[[43621,12015],[114,67]],[[43735,12082],[61,4]],[[43796,12086],[36,-26],[28,-55],[32,-29],[45,-122],[78,-139],[55,-154],[33,-50],[32,-15],[2,-52],[20,-39],[-60,-48],[-1,-29],[53,-16],[40,20],[32,-14]],[[59826,9872],[-3,-83],[23,-113],[-14,-59],[26,-57],[-16,-43],[4,-61],[-38,-47],[-34,-102],[-19,-18],[3,-107],[-51,-118],[-9,-42],[25,-112],[-75,-142],[-4,-99],[-22,-56],[10,-28],[-26,-62],[-1,-59],[-38,-174],[24,-70],[28,-24],[-3,-42],[46,-31],[-49,-113],[-9,-47],[46,-25],[27,14],[30,86],[9,79],[-17,105],[52,-39],[-6,-109],[37,-48],[-25,-103],[20,-87],[32,-54],[15,-61],[29,-26],[21,-57],[27,-27],[36,6],[40,63],[48,-39],[53,-20],[28,-46],[104,-28],[41,10],[86,-103],[47,-90],[-53,-150],[-56,-32],[-113,-25],[-85,16],[-84,48],[-100,25],[-83,11],[-55,-12],[-96,7],[-75,25],[-7,26],[87,52],[19,64],[-13,67],[-69,102],[-77,59],[-54,27],[-189,62],[-59,-16],[6,-50],[-28,-79],[-113,15],[-34,25],[-93,32],[-148,23],[-51,-30],[-57,-5],[-30,-37],[-54,15],[-3,72],[-20,53],[-61,15],[-23,-42],[-41,-6],[-72,-40],[-43,56],[57,10],[9,41],[-30,53],[-40,27],[-64,-6],[2,-26],[-52,-36],[-47,49],[-56,24],[-37,-14],[-33,38],[-48,-13]],[[58018,7884],[20,27],[36,97],[-38,39],[-3,29],[18,128],[20,79],[111,64],[61,-102],[67,53],[38,90],[-64,42],[-7,86],[-24,56],[32,18],[14,47],[-25,37],[43,86],[0,84],[31,35],[46,4],[27,73],[-32,45],[40,54],[62,23],[42,65],[56,67],[64,24]],[[58653,9234],[53,37],[56,-14],[40,34],[77,6],[58,37],[34,6],[74,-23],[43,-41],[35,56],[55,12],[12,53],[90,92],[6,29],[-39,46],[7,81],[-43,62]],[[59211,9707],[67,117],[11,35],[67,64],[36,72],[73,38],[81,-69],[75,-19],[102,-46],[69,-42],[34,15]],[[60096,24001],[-26,75],[-70,43],[-117,-2],[-40,9],[-71,44],[-25,0],[-115,67],[-42,13]],[[59590,24250],[22,62],[-21,18],[2,61],[19,12],[26,85],[-35,60],[34,29],[-41,35],[40,60],[-14,26],[57,106],[170,131],[56,122],[-48,75],[-32,21],[63,50],[44,68],[68,54],[72,71],[92,75],[39,42],[-56,75],[9,68],[-74,77],[122,153],[10,27],[-35,52],[23,62],[66,141],[77,-55],[21,-31],[51,20],[-37,117],[-20,104],[93,29],[116,21],[43,60],[-20,70],[7,51],[57,27],[76,-15],[138,65],[28,72],[55,67],[14,76],[-6,92]],[[60961,26938],[7,77],[46,73],[83,57],[47,97],[29,26]],[[61173,27268],[3,-7]],[[61176,27261],[-30,-95],[-147,-606],[23,-208],[88,-205],[-77,-191],[-39,-34],[6,-88],[33,-70],[-1,-55],[39,-26]],[[60488,24846],[-41,-31],[-33,17],[-61,1],[-79,39],[-10,-102],[-15,-55],[-39,-64],[-81,-87]],[[60961,26938],[-101,83],[-140,85],[-38,13],[65,135],[42,28],[21,57],[39,17],[-55,76],[-48,20],[-60,-49],[-149,-258],[-114,51],[-57,-60],[-138,53],[393,1006],[105,285],[5,151],[-36,186],[-81,116],[-123,91],[-58,82],[-13,111],[4,73],[56,257],[4,77],[-48,144],[-63,122],[-6,88],[47,111],[60,78],[61,137],[64,178],[-28,256],[-7,97],[22,64],[-8,240]],[[60578,31139],[219,-74],[170,-26],[124,20],[56,-58],[73,6],[247,73],[104,51],[193,39],[137,12],[69,-24],[24,-65],[108,79],[229,-17],[2,-67],[240,-10],[300,22],[66,-35],[79,-64],[40,-171],[92,-109],[39,-2]],[[63189,30719],[-23,-82],[-22,-18],[-53,-111],[-45,-76],[-65,-90],[-97,-254]],[[62884,30088],[-406,46],[-118,-2],[-58,-38],[-69,-15],[-136,4],[-90,-9],[-94,-68],[-57,-30],[-101,-16],[-49,-26],[-68,-90],[-64,-138],[-61,-107],[-23,-95],[-22,-207],[19,-195],[-12,-86],[-40,-137],[-17,-159],[-27,-84],[9,-97],[-3,-167],[-24,-85],[-24,-42],[22,-44],[240,-543]],[[61611,27658],[-74,-64],[-198,-126],[-88,-142],[-54,-27],[-24,-31]],[[62884,30088],[-105,-241],[20,-58],[27,-15],[-62,-194],[-33,-16],[2,-111],[-33,-29],[41,-37],[17,-53],[70,-37],[24,12],[46,-45],[-9,-36],[43,-40],[-5,-44],[-78,-166],[12,-220],[-91,-21],[-84,-31],[-19,-26],[-74,33],[-14,-44],[2,-123],[-43,-42],[18,-39],[63,-43],[-32,-24],[-14,-74],[-75,-104],[-82,14],[-28,41],[-37,-23],[33,-76],[-14,-18],[-294,-193]],[[62076,27965],[-465,-307]],[[60578,31139],[53,66],[-3,65],[51,76],[2,137],[33,92],[-4,52],[-51,57],[-48,28],[-59,9],[-98,0],[-167,-21],[-101,15],[-128,85],[-58,81],[-72,165],[7,147],[20,28],[111,205],[117,98],[92,91]],[[60275,32615],[35,35],[134,102],[142,127],[164,78],[198,25],[142,10],[123,15],[105,94],[118,154],[218,323],[80,148],[-23,150],[-14,193],[66,124],[14,139],[-9,244],[41,262]],[[61809,34838],[44,41],[66,19],[49,-1],[95,39],[-9,49],[37,70],[73,14],[3,41],[39,16],[97,11],[48,52],[60,32],[73,-3],[17,35],[40,-1]],[[62541,35252],[-22,-54],[38,-20],[1,-77],[16,-54],[-20,-53],[-69,-36],[-6,-56],[-42,6],[-33,-48],[19,-31],[8,-67],[-30,-82],[-66,-68],[51,-110],[-1,-98],[-40,-4],[-28,24],[-31,-39],[33,-53],[0,-112],[62,-171],[10,-78],[-9,-52],[100,-115],[54,-47],[49,-87],[-6,-55],[57,-72],[57,-46],[11,-71],[-3,-88],[31,-151],[6,-63],[-4,-161],[39,-168],[55,-76],[155,-43],[106,-13],[71,-42],[87,-88],[75,-130],[92,-89],[156,-97],[47,-39],[33,-135],[-28,-52],[62,-23],[58,22],[23,-49],[128,-91],[18,-89],[24,-37],[29,3],[75,57],[39,-7]],[[64078,31777],[54,-41],[81,-84],[-18,-38],[-69,-41],[-68,-57],[-77,-94],[-31,-119],[-20,-45],[8,-88],[-11,-25]],[[63927,31145],[-117,-68],[-80,-6],[-70,11],[-30,-32],[-51,-21],[-48,2],[-31,-51],[-52,-34],[-70,-12],[-36,-59],[-24,4],[-34,-52],[-67,-52],[-28,-56]],[[75845,22302],[63,-32],[89,15],[116,-22]],[[76113,22263],[83,-93],[47,-67]],[[76243,22103],[-57,-59],[-4,-85],[19,-32],[59,-28],[5,-45],[-100,-16],[-35,-46],[12,-76],[86,-47],[-10,-45],[42,-21],[-3,-151],[6,-51],[-19,-53],[0,-73],[19,-59],[-12,-143],[9,-74],[30,-52],[65,-29],[9,-41],[56,-60],[-2,-24]],[[76418,20793],[4,-48],[-29,-43],[-1,-98],[-25,-29],[-77,-38],[-32,-81],[21,-82],[-3,-57],[83,-13],[82,-51],[28,-54],[-4,-68],[-67,-72],[-40,39],[-52,-7],[-45,-64],[-20,-70],[-59,-7],[-28,34],[-73,2]],[[76081,19986],[-48,61],[31,61],[3,91],[-38,11],[-63,-17],[-19,125],[34,75],[-61,64],[-27,78],[-16,104],[-35,58],[-77,32]],[[75765,20729],[-41,88],[58,177],[-10,75],[13,80],[-12,31],[55,140],[37,29],[-17,82],[47,62],[-46,121],[-45,48],[-31,99],[54,-14],[15,113],[51,80],[0,61],[-67,51],[21,50],[-2,55],[-39,17],[-4,77],[43,51]],[[45568,12328],[-63,49],[-23,54],[11,58],[-93,30],[5,46],[35,70],[-6,108],[12,37],[-35,59],[2,40],[-54,-10],[-28,52],[-44,0],[-14,70],[-59,43],[-27,54]],[[45187,13088],[63,20],[-2,51],[51,93],[9,50]],[[45308,13302],[146,-53],[116,-22],[60,-38],[75,-10],[105,-32],[95,-5],[78,7],[152,-28],[78,15],[63,28]],[[46276,13164],[52,-34],[-44,-28],[47,-37],[15,-124],[-62,-51],[-58,-67],[-50,-32],[-67,-22],[20,-93],[-4,-48],[-40,-43],[-21,-62],[-60,-101],[-1,-50],[-46,-100]],[[45957,12272],[-30,-24]],[[26024,28362],[-22,-91],[27,-55],[17,-75],[-21,-74],[4,-77],[-42,-52],[18,-40],[-6,-56],[-21,-36],[-38,60],[-67,7],[-51,121],[-39,37],[-44,1],[-56,59],[-33,52],[-34,87],[-56,18],[-33,34],[-13,59],[-61,95],[-42,22],[1,40],[-117,-9]],[[25295,28489],[-6,83],[-16,80],[-43,95],[-79,69],[-46,73],[1,115],[101,109],[6,32],[-120,-58],[-102,-7],[-123,8],[-60,47],[-69,10],[-123,-39],[-69,20],[-45,-38],[-57,-87],[-106,-8],[-22,-65],[-144,-14],[-47,23],[-63,3],[-34,28],[28,76],[-18,64],[-56,-19],[-59,25],[-83,-23],[-55,17],[-53,-34],[-58,47],[-136,66],[-37,-1],[-126,45],[-114,-21],[-69,28],[-70,-22],[-24,12]],[[23099,29228],[-5,131],[39,44],[52,-21],[80,-54],[67,-3],[38,18],[55,50],[59,82],[74,46],[31,77],[57,73],[0,93],[35,74],[26,-3],[45,58],[63,41],[12,41],[39,41],[39,80],[24,14],[13,57],[68,132],[-9,125],[64,131],[5,148],[-22,24],[-12,71]],[[24036,30798],[28,16],[-2,62],[38,4],[32,37],[70,49],[79,4],[24,-26],[62,-12],[124,-125],[83,-9],[27,-25],[104,-26],[36,-41],[28,60],[9,66],[51,27],[25,36],[120,-21],[87,100],[66,-58],[84,62],[32,38]],[[25243,31016],[33,-31],[5,-42],[83,-56],[49,133],[153,-2],[28,-44],[39,9],[66,-245],[41,-29],[53,-98],[37,21],[198,10],[-10,-141],[28,-63],[-28,-76],[-27,-31],[25,-62],[-63,-47],[-43,-9],[-22,-87],[-81,1],[-6,-40],[88,1],[13,-64],[-2,-69],[-20,-49],[-43,-39],[9,-63],[-15,-81],[16,-29],[65,-62],[24,-77],[-93,-52],[-3,-119],[-10,-18],[-250,1],[-1,-311],[64,0],[-7,-117],[114,-1],[-1,-157],[69,-25],[153,0],[16,-12],[1,-359],[36,-23]],[[12921,45729],[65,69]],[[12986,45798],[22,-21],[-20,-65],[2,-59],[-69,76]],[[14010,45237],[14,23],[-59,67],[-36,4],[-55,32],[-27,-27],[-81,35],[33,30],[-219,82],[-181,13],[106,232],[30,91],[-62,7],[-40,-21],[-39,-70],[-48,53],[8,105],[-13,43],[-110,38],[-2,-51],[-41,-35],[-39,-7],[-39,19],[-46,-75],[-59,-3]],[[13005,45822],[-1,46],[76,143],[10,69],[46,65],[114,290]],[[13250,46435],[45,-56],[55,-14],[14,-23],[99,-62],[96,-28],[81,-43],[44,-49],[55,-32],[36,0],[5,-95],[19,-7],[61,-97],[54,-54],[51,-76],[75,-39],[74,4],[55,-31],[230,-61],[92,-49],[65,-55],[42,-11]],[[37244,16284],[-4,-69],[-39,-94],[33,-101],[50,-22],[6,-32],[65,-79],[53,-30],[25,17],[91,-70],[100,-47],[82,1],[65,-38],[45,-70],[-14,-109],[51,-97],[-15,-50],[-51,-53],[5,-108],[-46,-61],[-79,-68],[-36,4],[-16,-81],[13,-67],[-53,-55],[48,-49],[1,-76],[-55,-58],[41,-113],[-49,0],[-60,-21],[-31,-46]],[[37470,14542],[-113,51],[-85,12],[-24,28],[-124,65],[-25,52],[33,57],[-32,17],[-64,-55],[-33,35],[-30,-6],[-45,76],[-6,37]],[[36922,14911],[1,38],[71,6],[-2,74],[38,0],[25,29],[12,82],[-11,39],[-64,25],[24,68],[53,28],[-33,100],[5,54],[-82,8],[15,75],[-120,1]],[[36854,15538],[0,56]],[[36854,15594],[-9,201]],[[36845,15795],[68,15],[31,63],[-7,64],[51,60],[-16,18],[-52,-14],[-12,80],[55,19],[33,86],[-5,38],[-48,89],[24,36],[37,5],[89,-22],[151,-48]],[[38555,25113],[88,-32],[-39,-115],[-61,16],[-9,116],[21,15]],[[38481,25648],[9,-61],[-47,-3],[0,47],[38,17]],[[38581,25834],[5,-58],[-46,-33],[-7,79],[48,12]],[[38387,25971],[8,-64],[-20,-66],[-38,-52],[-50,-7],[-28,54],[-3,54],[38,57],[93,24]],[[38502,26235],[-48,-107],[-24,42],[53,63],[19,2]],[[38372,26304],[64,-100],[-24,-21],[-3,-101],[-23,-56],[-30,-21],[-82,-21],[-62,-77],[-59,44],[-31,49],[-56,27],[-23,30],[-18,69],[61,-27],[29,122],[23,-6],[36,38],[74,37],[70,-8],[54,22]],[[38226,26402],[48,-92],[-98,-46],[-76,31],[11,25],[57,-4],[-1,44],[59,42]],[[39832,27113],[2,-65],[-88,-62],[-33,4],[10,-60],[-18,-117],[-34,-23],[-28,-64],[87,-47],[6,-18],[79,1],[2,-33],[45,-46],[47,-25],[-14,-46],[76,20],[39,-14],[-1,-70],[-47,-10],[-48,-39],[-85,-23],[-102,6],[-111,-10],[-59,-76],[-8,-60],[28,-42],[0,-37],[-55,-32],[-89,10],[-42,27],[-120,-53],[-16,-36],[168,-120],[46,-39],[22,-53],[22,-2],[43,-79],[30,-35],[-14,-41],[26,-19],[3,-71],[-43,-53]],[[39558,25561],[-32,-52],[-49,-40],[0,-37],[31,-51],[50,-42],[-52,-56],[10,-60],[-21,-30],[-49,5],[-51,-36],[-30,6],[-61,-53],[-71,-11],[-43,15],[-64,-7],[-62,-36],[-61,-21],[-40,-58],[-61,-36],[-63,6],[-65,50],[-24,73],[55,60],[7,25],[62,69],[9,28],[-30,65],[-44,53],[-37,3],[-35,63],[11,42],[-18,78],[-36,57],[-24,109],[23,42],[54,16],[44,149],[33,19],[4,44],[-66,4],[-70,-43],[-109,-31],[-12,43],[65,76],[80,43],[67,82],[-6,35],[10,106],[-29,48],[59,85],[5,27],[48,31],[8,130],[-41,42],[50,91],[6,77],[22,15],[17,61],[-7,33],[-47,66],[47,22],[44,93],[92,-16],[52,16],[43,40],[36,-32],[104,-2],[125,53],[43,37],[30,-67],[32,-19],[93,-12],[105,-48],[108,15]],[[41219,24951],[15,-33],[-35,-29],[-24,49],[44,13]],[[40808,25586],[37,-43],[-62,-61],[-35,42],[25,48],[35,14]],[[39832,27113],[44,0],[22,-28],[93,21],[46,-27],[28,-52],[-21,-52],[45,-58],[26,-83],[32,65],[-7,85],[95,28],[77,-20],[141,-102],[-5,-24],[54,-24],[-12,-47],[48,-56],[13,56],[82,-47],[33,-58],[97,-77],[34,-54],[61,-30],[-14,-61],[19,-26],[37,-110],[20,-31],[18,-78],[-10,-92],[-91,-68],[-51,-91],[-10,-48],[10,-51],[-81,-95],[-37,-82],[26,-139],[-116,-212],[18,-35],[48,0],[9,-51],[-58,13],[-44,-56],[-103,-45],[-59,1],[-69,26],[-48,-13],[-35,-58],[10,-30],[44,-36],[2,-34],[-22,-88],[-58,23],[-97,-17],[-48,4],[-74,-56],[-45,19],[-31,35],[15,202],[-40,68],[-77,29],[-20,62],[-66,52],[-58,-6],[40,65],[-71,54],[-49,70],[-34,18]],[[92472,5479],[-36,-56],[-44,-33],[23,-88],[-28,-42],[-30,-8],[-47,-64],[-50,11],[-44,40],[-91,25],[-37,-32],[-53,-5],[-69,-25],[-22,16],[17,69],[-30,40],[-72,28]],[[91859,5355],[69,19],[23,61],[-1,59],[31,42],[-18,112],[-35,51],[-5,59],[-49,52],[-23,87],[38,65],[-11,31],[-22,151],[18,62],[-48,70],[4,42],[-41,75]],[[91789,6393],[73,50],[108,-14],[83,85],[67,27],[83,18],[25,24],[54,-4],[-57,-113],[13,-27],[-20,-78],[32,-29],[-5,-32],[48,-36],[41,5],[45,-31],[59,9],[20,42],[102,60],[76,12],[98,91],[10,79],[19,21],[49,-27],[36,-59],[38,-4],[51,-51],[61,-43],[14,-67],[-16,-52],[11,-34],[-44,-102],[-1,-90],[12,-32],[49,-34],[-66,-60],[-71,5],[-120,-66],[-38,-33],[-53,42],[-16,42],[-68,22],[-35,-19],[-83,18],[-47,-56],[-50,-16],[-3,-154],[19,-54],[27,-23],[-8,-86],[61,-40]],[[5059,51294],[12,60],[128,-14],[51,4],[77,-13],[60,-29],[68,-50]],[[21623,40537],[129,-15],[168,-58],[177,-51],[135,-5],[42,-16],[60,4],[61,-34],[181,-13],[209,-43],[165,-57],[77,-123],[32,-38],[-24,-79],[20,-37],[-8,-114],[18,-206],[26,-140],[3,-107],[-38,-8],[-72,61],[-153,115],[-78,51],[-183,211],[-56,44],[-67,75],[-78,29],[-136,-11],[-139,18],[-118,34],[-118,57],[-141,115],[-92,101],[-41,61],[-24,69],[-38,33],[10,46],[27,23],[64,8]],[[22027,39197],[-48,-13],[-45,-31],[-68,-95],[-8,-32],[-39,-39],[-100,-155],[-91,-127],[-122,-136],[-74,-112],[-96,-5],[-71,12],[-40,-50],[-189,0],[117,216],[18,93],[-2,81],[-30,102],[-71,122],[-114,99],[-226,77],[-88,14],[-308,-535],[-224,-338],[-45,17],[-14,58],[-131,72],[-67,44],[6,42],[-56,30],[-20,28],[-52,22],[-68,-8],[-133,40],[-35,-15],[-57,43],[-94,27],[-26,33],[-25,-52],[-73,-73],[-62,-47],[-919,777]],[[18237,39383],[8,102],[38,228]],[[18283,39713],[74,-9],[130,9],[134,72],[174,129],[72,17],[97,72],[224,78],[168,25],[68,4]],[[19424,40110],[72,-24],[79,-51],[172,-65],[0,87],[164,-6],[18,82],[103,-1],[188,175],[75,-37],[81,-23],[196,-5],[118,466],[-7,36]],[[20683,40744],[50,-12],[74,-40],[125,-108],[65,-73],[140,-122],[159,-105],[68,-68],[156,-123],[24,-35],[98,-56],[18,-23],[145,-104],[56,-30],[51,-9],[75,-35],[32,-58],[-6,-93],[-21,-119],[8,-106],[34,-96],[-7,-132]],[[19619,41042],[-28,68],[1,44],[30,7],[-3,-119]],[[19700,41027],[-32,54],[-11,57],[2,85],[33,19],[23,-97],[-2,-99],[-13,-19]],[[20465,42199],[104,-58],[67,-55],[38,-141],[51,-18],[94,-135],[29,-57],[19,-132],[-35,-70],[-60,-75],[-21,-90],[-21,-221],[-29,-112],[-41,-18],[-37,-50],[-105,-35],[-28,-33],[-69,-31],[-78,-72],[-125,21],[-47,1],[-108,27],[-140,51],[-76,19],[-46,113],[-35,61],[-30,160],[-21,71],[-87,177],[22,47],[22,92],[6,113],[-7,65],[36,66],[71,71],[118,54],[45,-10],[70,-38],[34,-43],[85,12],[54,25],[29,68],[30,21],[17,43],[48,36],[130,57],[27,23]],[[42183,37956],[32,-14],[-13,-71],[30,-56],[33,-26],[1,-66],[-43,3],[-23,82],[-34,55],[-11,75],[28,18]],[[46588,39213],[-22,-65],[-72,-86],[-52,-12],[-33,-52],[6,-39],[40,-35],[57,-6],[76,-53],[-44,-43],[1,-59],[69,-77],[-49,-39]],[[46565,38647],[-70,8],[-26,21],[-111,27],[-36,-28],[-64,-20],[-214,40],[-67,59],[-44,-27],[-16,-49],[47,-42],[6,-37],[-30,-32],[19,-70],[-2,-43],[-49,-78],[-105,-56],[-50,-38],[-26,-110],[-32,-29],[-93,-52],[-24,11],[-53,-28],[-121,13],[-40,-9],[-95,24],[-45,-31],[-33,-112],[3,-116],[-12,-40],[-35,-24],[-67,-12],[-182,-89],[-79,6],[-45,-23],[-34,6],[-31,56],[-47,5],[-102,140],[-123,-116],[-76,-32],[-35,9],[-33,56],[-70,44],[-36,3],[-45,-23],[-92,-126],[-46,-26],[-46,50],[-3,51],[-29,25],[-40,-59],[-61,-33],[-55,17],[-70,-85],[-134,-23],[-17,-29]],[[43549,37571],[-32,-80],[-78,-49],[-20,-45],[-92,-102],[-100,-16],[-37,-84],[-43,-6],[-53,-77],[-23,30],[-53,-70],[-61,1],[-16,36],[-54,34],[-8,31]],[[42879,37174],[13,122],[-22,148],[-23,62],[-58,93],[-77,61],[38,105],[-6,64],[-18,39],[-49,48],[-28,-19],[-34,92],[104,84]],[[42719,38073],[70,-23],[30,3],[25,-53],[62,-33],[22,15],[59,-13],[28,-102],[103,-40],[57,6],[41,40],[17,170],[54,62],[105,36],[122,71],[29,47],[49,14],[8,122],[50,76]],[[43650,38471],[35,-2],[50,26],[40,54],[29,-4],[30,100],[46,53],[65,21],[66,-3],[57,17],[159,1],[52,-8],[126,25],[66,-60],[82,-41],[21,47],[22,91],[35,48],[78,175],[3,96],[51,100],[45,21],[114,5],[29,35],[9,83],[27,70],[-9,83],[44,82],[15,65],[-47,115],[-59,7],[-48,37],[101,39],[-20,23],[2,54],[20,49],[37,2],[54,33],[43,-25],[81,46],[15,39],[35,3],[26,41],[48,3],[75,92],[19,48],[0,54]],[[45419,40311],[51,-14],[23,-50],[56,-28],[37,-73],[-10,-53],[31,-14],[87,57],[-28,-85],[17,-49],[-8,-44],[98,-33],[89,-8],[108,35],[58,-58],[45,-22],[24,-36],[-10,-42],[5,-112],[34,-139],[109,-22],[111,-87],[24,18],[26,-47],[9,-87],[-37,-23],[22,-39],[66,29],[33,-61],[99,-11]],[[25168,21759],[61,-37],[51,23],[53,-17],[50,3],[55,-35],[51,-5]],[[25489,21691],[10,-18],[-25,-90],[-158,-7],[-30,-45],[-57,-3],[-10,-119],[21,-96],[-9,-54],[-23,-17],[-80,-10],[-17,-53],[-32,-28],[-8,-63],[-64,-67],[-36,-58],[-39,-32],[-28,-71],[-31,-40],[4,-70],[-50,-29]],[[24827,20721],[-104,80],[-183,76],[-224,60],[-22,27],[8,56],[-41,70],[-116,119],[-103,79],[-48,73]],[[23994,21361],[142,64],[36,95],[12,88],[73,64],[-14,84],[32,108],[29,18],[-2,51],[108,-11],[67,55],[96,-5],[36,38]],[[24609,22010],[42,-28],[40,-3],[59,-47],[11,-30],[39,-14],[8,-51],[-39,-24],[50,-69],[6,-51],[43,-24],[33,38],[64,14],[61,-24],[63,46],[79,16]],[[23421,23159],[-23,-31],[-102,23],[-31,-12],[-35,-93],[-59,19],[-69,-28],[-59,3],[-59,-29],[-106,-1],[-33,-26],[-66,-20]],[[22779,22964],[-68,14],[-75,49],[10,42],[-23,70],[-47,76],[-18,47],[-8,117],[-54,2],[-75,-33],[-44,46],[-78,-36]],[[22299,23358],[-53,74],[37,31],[-4,31],[-65,93],[-53,44]],[[22161,23631],[58,179],[51,17],[82,2],[74,93],[62,34],[47,49],[54,34],[120,21],[119,84]],[[22828,24144],[23,-54],[42,-54]],[[22893,24036],[42,-69],[68,-12],[103,-108],[22,-84],[-18,-28],[33,-32],[13,-83],[76,-18],[0,-25],[75,-42],[-6,-38],[23,-144],[73,-132],[24,-62]],[[22028,18379],[125,-65],[53,-38],[45,6],[42,-20],[113,-104],[64,-19],[62,6],[83,-52],[88,-29],[18,-32],[-2,-62],[-41,-42],[-17,-91],[-67,20],[-21,-21],[110,-89],[-45,-66],[-37,28],[-50,0],[-42,19],[-31,45],[-27,-21],[-59,21],[-24,-20],[-7,-53],[-69,9],[13,52],[-27,53],[-45,3],[-80,148],[-43,-8],[-64,29],[-21,51],[-59,37],[-58,19],[-71,50],[-38,13],[-6,54],[28,56],[33,20],[92,13],[-2,55],[35,41],[49,-16]],[[22161,23631],[-47,43],[-162,127],[-22,30],[-169,126],[-344,183],[-118,53],[0,56],[-43,39],[-6,34],[-42,30],[-172,94],[-241,166],[-175,135],[-21,26],[-91,58],[-134,101],[-89,96],[-65,110]],[[20220,25138],[26,17],[35,64],[79,33],[3,36],[53,5],[90,34],[18,29],[120,131],[-35,71],[49,30],[90,77],[24,51],[62,15],[49,55],[-21,62],[2,84],[55,49],[1,108],[20,53],[74,68],[51,70],[11,55],[39,74],[-25,142],[7,47],[-14,43]],[[21083,26641],[23,-27],[58,-28],[78,-15],[45,6]],[[21287,26577],[33,-91],[43,-34],[12,-49],[42,-79],[46,-55],[64,-35],[35,-63],[-9,-69],[21,-50],[52,-54],[30,-183],[23,-29],[86,-35],[82,-104],[1,-35],[39,-47],[55,-41],[26,-55],[-15,-72],[7,-51],[-24,-39],[12,-38],[-31,-95],[47,-76],[37,24],[49,-61],[-29,-58],[37,-4],[61,30],[44,-9],[93,-81],[40,-50],[66,-47],[57,-11],[28,-133],[-55,-51],[-16,-76],[123,-37],[136,-2],[52,-28]],[[22687,24504],[-9,-95],[52,-10],[49,-132],[38,-74],[11,-49]],[[72294,40082],[68,-63],[30,-112],[39,-3],[43,-54],[-75,-43],[-62,31],[-33,47],[-18,62],[50,26],[-76,97],[34,12]],[[70456,41636],[-4,-137],[-34,-46],[-73,61],[-30,77],[4,44],[-31,20],[4,14],[34,-23],[23,3],[20,-13],[8,22],[34,7],[58,31],[-13,-60]],[[70388,41752],[40,-59],[-14,-19],[-37,-11],[-10,-15],[-17,3],[-21,-2],[-20,13],[-11,26],[-16,15],[-6,35],[-15,5],[2,15],[26,-7],[9,4],[3,6],[-4,25],[28,45],[27,-11],[36,-68]],[[70489,41969],[1,-34],[4,-11],[-79,-47],[-43,6],[-1,37],[44,-12],[10,-1],[6,9],[0,25],[19,6],[25,32],[14,-10]],[[70408,42048],[63,-26],[103,-78],[-54,-23],[-27,9],[-4,48],[-14,2],[-27,-31],[-20,-6],[-1,-31],[-12,-1],[-10,8],[-30,6],[-10,8],[-51,-31],[-77,-12],[17,63],[54,76],[-2,22],[-33,8],[-6,23],[49,22],[19,0],[73,-56]],[[70165,42066],[5,-33],[-40,-21],[-16,21],[-13,-1],[-16,-50],[38,-27],[67,-6],[7,-40],[-17,-42],[-59,9],[-43,71],[-51,18],[-57,-62],[-27,59],[50,35],[-28,54],[74,17],[93,49],[33,-51]],[[70318,42107],[-49,-21],[-5,-4],[-2,-14],[13,-15],[30,-25],[-56,-47],[-11,-49],[-41,-19],[-3,35],[-21,18],[-87,18],[17,47],[34,-24],[34,23],[-4,63],[53,57],[93,-9],[5,-34]],[[70182,42116],[-36,19],[19,47],[35,-33],[-18,-33]],[[70534,42053],[-103,21],[-107,92],[72,50],[32,48],[53,-18],[60,-49],[-5,-67],[50,-46],[-52,-31]],[[72490,42320],[88,-116],[-99,45],[-54,-5],[7,63],[58,13]],[[70246,42328],[-5,-142],[-42,-25],[-28,25],[-42,-10],[16,-45],[-67,-17],[-45,-39],[-27,71],[10,55],[-18,80],[-31,39],[54,18],[63,3],[51,-14],[24,22],[18,34],[60,-14],[9,-41]],[[70155,42351],[-25,-22],[-54,18],[-47,1],[-51,-22],[-27,21],[68,35],[56,8],[87,-12],[-7,-27]],[[70354,42410],[56,-14],[76,-35],[8,-45],[-56,-13],[-64,38],[-20,69]],[[70463,42289],[49,4],[71,-36],[105,-21],[23,-57],[-123,-62],[-42,26],[-3,65],[-62,48],[-49,17],[-37,-50],[-70,-48],[-52,11],[-9,23],[-7,134],[-19,43],[32,26],[45,0],[52,-73],[96,-50]],[[70597,42301],[-38,26],[-39,76],[39,56],[54,-75],[8,-51],[-24,-32]],[[72636,42780],[61,-83],[-17,-17],[-60,94],[-31,-86],[11,-54],[78,-146],[44,-16],[-28,-48],[-103,150],[-13,112],[7,82],[51,12]],[[71478,43027],[56,-78],[-36,-18],[-48,75],[28,21]],[[70807,43198],[39,-1],[-2,-68],[58,-58],[-10,-43],[24,-73],[51,6],[26,56],[62,-72],[16,-99],[31,-38],[39,-10],[-8,-62],[18,-33],[-98,-114],[-32,-55],[-113,-104],[-25,10],[-131,-31],[-70,-29],[-39,-3],[-75,92],[-31,-7],[-15,-39],[-76,14],[-162,7],[-80,-39],[-151,9],[-120,-33],[-47,-4],[-17,-27],[68,-20],[60,-84],[-12,-113],[21,-70],[-41,-1],[-6,-28],[21,-46],[-58,-5],[7,-70],[32,-31],[30,4],[48,52],[22,-43],[71,-55],[70,2],[106,-13],[-15,-45],[3,-28],[-34,5],[-9,-12],[4,-5],[18,-9],[5,-32],[16,-16],[-11,-34],[29,-20],[-5,-37],[27,-87],[80,-87],[94,-33],[1,-51],[26,-61],[38,-54],[58,-50],[93,-32],[163,-40],[110,0],[57,-69],[-8,-44],[-36,-43],[30,-54],[34,-27],[27,-56],[29,-25],[85,-118],[48,-44],[93,-23],[38,-58],[106,-64],[50,-49],[106,-64],[105,-40],[146,-91],[96,-29],[10,-69],[94,17],[41,-118],[-28,-42],[-70,-9],[35,-34],[59,32],[26,-25],[2,-41],[-51,-40],[17,-27],[46,19],[7,-63],[32,1],[57,58],[12,-39],[54,-11],[17,-37],[60,19],[17,-44],[117,8],[86,-39],[71,-88],[122,-79],[45,-61],[34,-9],[127,-90],[46,-59],[77,-59],[51,-64],[3,-91],[-62,-27],[64,-25],[23,11],[69,-129],[72,-28],[42,-171],[53,-13],[56,64],[115,-10],[110,-18],[66,-73],[57,-19]],[[73886,38681],[-23,-42],[-36,-21],[-76,-6],[-106,53],[-45,10],[-116,-57],[-81,-1],[-69,-20],[-43,55],[-35,197],[-35,69],[-81,10],[-101,-15],[-128,-2],[-110,-35],[-80,17],[-69,55],[-13,75],[31,243],[-36,105],[-55,16],[-21,-74],[-64,-42],[-85,66],[-62,93],[-77,47],[-51,-16],[-35,-58],[-66,16],[-25,68],[-71,-21],[-30,-68],[-41,-196],[-20,-21],[-55,13],[-76,51],[-69,-3],[-177,159],[-51,21],[-37,-5],[-13,-38],[5,-68],[30,-43],[0,-36],[-148,-106],[-104,-10],[-235,54],[-48,19],[-61,127],[-167,169],[-40,26],[-66,10],[-132,94],[-85,78],[15,60],[108,63],[28,69],[31,195],[0,90],[-26,52],[-153,140],[-44,50],[-15,60],[0,61],[-20,59],[-45,6],[-61,-89],[-1,-65],[-64,-1],[-78,70],[-109,25],[14,143],[0,90],[-37,16],[-28,-18],[-11,-45],[-33,-53],[-36,-92],[-75,-72],[-71,13],[-35,37],[-118,37],[-66,-42],[-39,-55],[0,-72],[-15,-147],[-40,-37],[-59,-14],[-37,9],[-21,31],[-76,64],[-59,122],[-26,25],[-69,24],[-44,35],[-34,-10],[-40,-95],[-31,-38],[-41,-11],[-39,-35],[-23,-111],[31,-53],[16,-70],[-20,-125],[-56,-159],[-70,-63],[-41,-22],[-76,6],[-200,-149],[-93,-36],[-106,125],[-24,64],[-28,27],[-36,-70],[-56,-2],[-147,12],[-87,-23],[-49,20],[25,118],[-28,62],[-80,27],[25,79],[60,109],[-14,66],[9,119],[-166,88],[-35,60],[-197,47],[-194,-46],[-125,135],[-102,-16],[-371,-18],[-84,-62],[-61,-19],[-37,8],[-31,34],[0,41],[25,54],[-33,111],[-84,40],[-85,157],[-128,-15],[-28,-40],[-84,43],[-6,92],[-41,40],[-57,-17],[-32,17],[-14,59],[-2,73],[-125,92],[-28,-16],[-125,6],[-57,15],[-36,34],[-64,-15],[-73,5]],[[65254,41286],[-28,97],[13,132],[48,139],[-3,90],[72,47],[36,41],[14,63],[-26,72],[-14,126],[40,36],[118,4]],[[65524,42133],[43,-5],[29,52],[63,-7],[18,42],[2,391],[-39,46],[32,44],[31,12],[50,80],[42,51],[47,103],[82,117],[52,113],[27,27],[47,99],[1,48],[-59,53],[40,38],[37,-1],[131,-50],[36,-45],[43,-2],[109,-80],[42,-4],[2,-52],[44,-30],[201,8],[143,30],[60,-6],[46,18],[13,42],[57,23],[14,39],[69,20],[117,60],[65,46],[40,14],[209,45],[113,56],[147,102],[226,82],[217,-10],[174,-28],[52,0],[104,35],[95,47],[99,14],[65,-14],[81,-53],[39,-4],[93,16],[72,-57],[73,-108],[57,-42],[51,-16],[36,-54],[131,-10],[43,-15],[51,-41],[59,57],[65,5],[33,-37],[48,-103],[90,-94],[54,-124],[47,-21],[26,-44],[21,-98],[18,-40],[64,-35],[24,-28],[36,20],[113,-26],[46,12],[25,49],[1,60],[28,10],[82,82],[129,41],[64,-29],[100,59],[20,44],[63,-1],[22,27]],[[128167,31291],[53,-18],[-24,-56],[-38,41],[9,33]],[[127033,31418],[4,-30],[-67,-56],[-51,38],[33,36],[81,12]],[[128199,31422],[42,-38],[-11,-36],[-48,-1],[-10,51],[27,24]],[[127943,31426],[52,-24],[-38,-31],[-70,17],[-8,26],[64,12]],[[127336,31458],[30,-31],[-64,-19],[-23,-29],[-37,31],[58,40],[36,8]],[[127707,31510],[20,-60],[-9,-36],[-54,58],[43,38]],[[128188,31544],[42,-62],[-6,-43],[-64,-13],[-20,43],[4,75],[44,0]],[[128218,31717],[24,-20],[-10,-63],[-20,-32],[-33,39],[17,71],[22,5]],[[122814,32379],[81,-11],[136,-63],[53,-53],[12,-100],[-26,-25],[-9,-56],[10,-55],[-38,0],[-25,-68],[13,-32],[114,87],[-21,69],[59,51],[23,-4],[16,-76],[-23,-45],[1,-83],[-82,-167],[-91,-14],[-100,-28],[-85,34],[-21,35],[-62,46],[20,58],[-47,4],[-9,61],[-89,108],[18,97],[-26,69],[37,38],[5,34],[115,88],[41,1]],[[125440,32790],[93,28],[199,173],[0,173]],[[125732,33164],[27,4],[165,-68],[89,-120],[45,-43],[6,-34],[42,-71],[37,13],[71,-42],[42,-42],[85,-35],[27,-27],[62,-19],[67,-70],[-17,-80],[44,-9],[31,-30],[19,-51],[46,-16],[20,-48],[-11,-50],[15,-42],[112,-95],[51,-19],[20,-36],[6,-87],[37,-31],[53,-2],[56,43],[90,6],[62,38],[57,-12],[44,-27],[19,-81],[46,-18],[63,-50],[42,32],[53,9],[72,-29],[-19,-57],[-64,-23],[-13,-44],[-125,-96],[-98,-30],[-23,-27],[-106,-40],[-85,-4],[-155,-42],[-43,-47],[-129,21],[-156,51],[-20,66],[-35,27],[-114,20],[-140,-22],[-33,10],[-98,-44],[-23,-58],[-101,16],[-47,20],[-57,71],[-50,41],[-35,54],[-30,73],[49,10],[7,95],[16,89],[-34,75],[-42,33],[-41,106],[4,94],[-39,43],[3,37],[-35,83],[3,69],[-39,66],[-40,107],[-42,28],[-58,-6]],[[74634,7563],[21,-28],[-16,-39],[-37,35],[32,32]],[[74071,7875],[35,-42],[-25,-24],[-30,36],[20,30]],[[74780,8390],[9,-64],[57,0],[53,29],[45,-23],[-19,-63],[-46,4],[-36,-34],[-17,-62],[-31,12],[-37,44],[20,27],[-26,41],[28,89]],[[73050,8069],[35,-13],[22,-44],[109,-16],[46,40],[40,-37],[19,-46],[53,32],[23,47],[49,36],[166,22],[-44,68],[14,55],[-59,42],[-9,46],[-70,0],[-101,48],[-11,-52],[-36,7],[-19,33],[-35,2],[-33,37],[-71,3],[14,71],[-25,68],[-29,25]],[[73098,8543],[9,27],[71,35],[31,64],[65,25],[39,45],[52,23],[58,-2],[75,-26],[95,16],[119,-35],[48,5],[76,-36],[44,7],[55,-24],[-36,-110],[6,-83],[26,-61],[39,-45],[74,-118],[26,-73],[13,-76],[-26,-60],[39,-19],[-50,-50],[-41,12],[-32,-48],[30,-37],[-29,-32],[5,-51],[25,-9],[42,-57],[-15,-121],[16,-31],[55,-30],[77,5],[60,47],[72,22],[15,24],[-64,49],[16,40],[58,-30],[48,49],[2,68],[68,13],[-15,-51],[35,-24],[13,-41],[-18,-33],[19,-36],[-27,-46],[-39,-11],[-4,-109],[34,-92],[-61,-23],[49,-58],[-53,-9],[-24,-50],[-36,-24],[-40,62],[-31,21],[-5,-72],[-60,19],[-55,-6],[-21,21],[-71,17],[-56,-32],[-61,8],[-100,-12],[-35,71],[-25,15],[-54,72],[-65,46],[-81,-28],[-19,-36],[18,-27],[-35,-42],[-60,-21],[-48,52],[-41,-2],[-20,31],[-56,-18],[-43,17],[-23,-20],[-45,54],[-38,-27],[-20,-45],[-62,-49],[-17,-30],[-55,4],[-6,-44],[70,-7],[29,-74],[31,40],[65,-10],[45,17],[162,-10],[25,-17],[80,24],[106,5],[44,-10],[33,-67],[73,-7],[6,-54],[32,-41],[-58,-44],[-104,-38],[-23,19],[-79,-11],[-56,24],[-25,-28],[-81,17],[-37,58],[-55,-11],[-110,87],[-20,-27],[-41,24],[-78,-6],[-23,-28],[-57,-9],[-50,11],[-49,-26],[-37,2],[-33,-37],[-48,-14],[-27,-33],[-137,-26],[-81,-51],[-38,-47],[-35,5],[-91,-26]],[[72325,6821],[-9,37],[5,108],[20,62],[26,17],[29,71],[-20,62],[43,40],[-14,26],[28,123],[71,108],[-1,104],[-51,32],[3,77],[-43,64],[3,94],[-48,110],[68,68],[1,80],[-38,77],[0,55],[69,52],[45,69],[11,39],[-47,92],[-62,34],[-63,59],[-21,36],[-22,84],[-38,31],[-51,69]],[[72219,8801],[60,73],[52,-17],[45,26],[57,-57],[57,-13],[83,5],[33,-21],[46,11],[23,-27],[43,1],[51,-44],[50,1],[58,-39],[34,-81],[29,-22],[39,-84],[8,-113],[-12,-58],[11,-28],[-18,-66],[-2,-61],[-25,-51],[-43,-41],[-12,-72],[33,-28],[-49,-74],[53,7],[18,79],[29,-9],[60,37],[20,34]],[[74142,9244],[66,-6],[73,-76],[32,-97],[-1,-41],[-25,-77],[-59,-45],[-39,-55],[-100,-24],[-36,5],[-82,43],[-37,55],[-1,163],[38,81],[129,86],[42,-12]],[[71829,8474],[10,-111],[-39,-21],[-30,-55],[-81,-34],[-39,17],[-52,-23],[-115,14],[-62,61],[-122,39],[-22,51],[-108,39],[-50,54],[-55,25],[-74,56],[-64,117],[-158,84],[-106,120],[-31,51],[-125,12],[-44,-16],[-71,25],[-112,82],[-38,48],[-71,33],[-43,61]],[[70127,9203],[28,44],[37,19],[131,-17],[122,90],[73,26],[27,-3],[70,45],[62,-12],[21,-56],[31,-19],[70,8],[70,35],[117,-45],[47,1],[67,23],[33,-38],[76,-43],[74,-24],[19,-25],[8,-107],[-4,-89],[39,-27],[-8,-39],[14,-62],[46,-38],[22,-47],[67,-16],[36,-35],[17,-96],[31,-59],[73,-57],[17,44],[44,-22],[-17,-50],[60,-29],[82,-9]],[[38171,36999],[-13,53],[61,-25],[-48,-28]],[[29605,37685],[7,-63],[-55,-2],[-21,26],[69,39]],[[29724,37791],[-86,-101],[-56,-1],[-5,34],[54,45],[35,-5],[58,28]],[[29909,37808],[91,-40],[34,-47],[-45,-38],[-40,-1],[-55,71],[7,14],[-7,25],[15,16]],[[29829,37822],[52,-4],[18,-54],[-58,-23],[-12,81]],[[29524,37921],[87,-26],[-10,-31],[-76,-67],[-34,-8],[-13,53],[34,23],[12,56]],[[29850,37918],[54,-15],[63,11],[27,-12],[22,-95],[-24,-22],[-72,32],[-59,10],[-50,33],[39,58]],[[29382,37933],[10,-22],[56,17],[50,-31],[-19,-47],[-51,13],[-65,-12],[-22,-23],[-85,-8],[10,41],[79,32],[37,40]],[[29698,38156],[38,-60],[7,-87],[-85,-36],[-19,18],[18,69],[-14,31],[26,49],[29,16]],[[29813,38252],[22,-37],[2,-74],[-58,-55],[-49,61],[56,105],[27,0]],[[29639,38246],[86,-9],[8,-38],[-53,-22],[-35,-33],[-44,3],[1,67],[37,32]],[[38273,38506],[45,-34],[47,35],[35,-31],[1,-55],[-57,-92],[-37,32],[-2,47],[-31,8],[-17,43],[16,47]],[[28445,38573],[39,-11],[5,-60],[-51,4],[-33,23],[40,44]],[[28905,38634],[-2,-42],[-58,-40],[29,82],[31,0]],[[38599,38670],[69,-31],[83,-18],[49,-44],[-98,-93],[-20,45],[3,43],[-71,-57],[-33,49],[-7,92],[25,14]],[[30123,38673],[48,-31],[98,-5],[45,-18],[-20,-32],[15,-44],[-26,-81],[-58,-13],[11,72],[-52,20],[-16,56],[-53,10],[8,66]],[[38215,38912],[-3,-30],[-60,-12],[1,41],[32,35],[30,-34]],[[29277,38082],[22,47],[33,12],[20,111],[37,43],[9,39],[-24,35],[-53,38],[-46,89],[-36,15],[-7,39],[-71,-1],[-7,-33]],[[29154,38516],[-20,22],[-45,-3],[-35,36],[31,62],[76,38],[-70,88],[-85,-9],[-6,-29],[-63,-12],[-35,-45],[-57,-46],[-47,31],[-67,0],[-10,-89],[-42,-3],[-50,30],[-124,-4],[-48,22],[-68,51],[16,92],[-50,45],[-7,30],[24,54],[61,63],[1,29],[116,21],[85,36],[76,3],[-34,113],[81,42],[60,-27],[51,15],[-3,46],[82,19],[76,-41],[102,-38],[112,-26],[86,21],[53,85],[14,65],[57,20],[53,-21],[-30,-98],[11,-78],[-8,-42],[36,-42],[22,-53],[91,-34],[27,-33],[10,-71],[44,-65],[16,-98],[-25,-85],[-44,-58],[24,-44],[16,-88],[36,-20],[-14,-100],[-81,-11],[-29,-22],[-23,-58],[-3,-153],[-56,-74],[-116,13],[-6,22],[-97,14],[-25,58]],[[4418,51197],[-55,43],[-106,11],[-74,-35],[-31,35],[-67,7]],[[4085,51258],[-50,59],[47,47],[22,45],[-3,78],[54,58],[6,39],[-56,110],[1,138],[-41,91],[0,108],[29,68],[-21,23],[13,45]],[[4086,52167],[138,-51],[37,-4],[98,30],[108,57],[33,-32],[11,-42],[49,-34],[107,-16],[99,19],[61,20],[89,-1],[89,12],[83,27],[186,82],[159,33],[81,37],[82,20],[82,-2],[46,-72],[51,-17],[55,9]],[[53461,8545],[-49,15],[-27,35],[-46,-3],[-10,-28],[-61,35],[-70,-22],[-32,-39],[-27,24],[-41,-13],[-63,14],[-5,51],[-161,11],[-39,-17],[-34,42],[-41,-32],[-22,31],[-77,-8],[-24,11],[-172,-15],[-19,23]],[[52441,8660],[13,56],[-25,26],[20,78],[-25,59],[2,73],[15,69],[-16,22],[18,81],[89,-50],[65,-12],[47,45],[30,48],[40,3],[10,97],[-78,54],[-39,-27],[-47,25],[-67,9],[-38,27],[-91,15],[-37,55],[11,61],[-61,48],[-21,69],[-35,45],[1,37]],[[52222,9673],[59,-47],[4,50],[127,-10],[107,29],[115,-3],[16,69],[56,-24],[124,2],[79,11],[66,30],[46,4],[144,59],[108,22],[26,27]],[[53299,9892],[107,-33],[59,-27],[31,-30],[101,72],[22,1],[108,76],[17,-51],[73,-101],[14,-42],[-33,-51],[-13,-99],[-30,-148],[0,-137],[15,-27],[-21,-94],[-67,-47],[-25,3],[-174,-57],[2,-24],[57,-29],[-7,-50],[30,-78],[-35,-26],[0,-88],[11,-57],[-42,-83],[-38,-120]],[[52924,9484],[-36,-5],[-36,-87],[-43,15],[-39,-12],[17,-40],[-12,-42],[44,-39],[27,-49],[118,138],[-20,27],[20,63],[-40,31]],[[50084,13343],[65,-32],[89,1],[77,-27],[29,-41],[49,5],[80,-27],[75,27],[35,-31],[55,46],[34,11],[69,-33],[35,17],[25,-39],[57,13],[12,-27],[62,-8],[52,-45],[60,-12]],[[51044,13141],[6,-76],[-15,-34],[55,-40],[47,-8],[56,-65]],[[51193,12918],[-32,-75],[2,-78],[36,-57],[10,-45],[-29,-21],[-16,-82],[20,-37],[-37,-102],[-58,-65],[-18,-42],[11,-32],[-72,-17],[-110,-118],[-18,-32],[-64,-36],[-43,18],[-57,-62],[-42,13],[-14,-54],[-77,-121],[66,-2],[30,-25],[-34,-52],[48,-80]],[[50695,11714],[-28,-41],[-65,34],[-47,50],[-105,7],[-42,19],[-67,57],[-42,7],[-83,66],[-35,3],[-27,33],[-130,11],[-27,49],[-71,75]],[[49926,12084],[79,19],[20,108],[8,115],[-17,19],[-3,88],[-53,112],[-24,88],[8,147],[-51,40],[-41,64],[-84,56],[-19,-10],[-68,21],[-66,-3],[-15,52],[20,70],[7,77]],[[49627,13147],[30,9],[40,-24],[18,32],[101,18],[67,22],[15,59],[64,53],[-4,50],[50,-8],[18,-39],[58,24]],[[83946,38308],[-11,-43],[32,-86],[-23,-65],[41,-33],[-33,-38],[-6,-71],[14,-46],[60,-45],[149,49],[89,-14],[28,-30],[46,-6],[89,-55],[86,-26],[41,31],[29,-35],[36,13],[49,-67],[65,-12],[-13,-29],[29,-51],[38,11],[41,-38],[47,-4],[66,-95],[107,-93],[24,-108],[61,-57],[24,-83],[-33,-76],[59,-60]],[[85177,37046],[18,-113],[-31,-32],[-24,31],[-82,7],[-52,25],[-43,-8],[-63,23],[-54,-19],[-36,39],[-26,-16],[-53,21],[-32,-23],[-132,22],[-37,-25],[-62,37],[-72,26],[-45,-12],[-42,-45],[-30,28],[-26,-27],[-64,-30],[-69,-6],[-71,-52],[-40,-3],[-39,38],[-25,-13],[-85,9],[-56,-34],[-33,19],[-70,-30],[-64,1],[-2,33],[-86,51]],[[83549,36968],[7,35],[-10,112],[35,46],[3,91],[11,33],[-5,126],[-25,154],[-27,333],[-3,104],[-77,13],[-25,67],[1,53],[18,52],[-1,56],[-33,33]],[[83418,38276],[22,53],[66,41],[29,-38],[8,-52],[70,22],[59,-20],[27,24],[47,-7],[36,-32],[44,-6],[120,47]],[[37470,14542],[-22,-61],[15,-70],[22,-33],[7,-61],[33,-31],[11,-53],[85,-40]],[[37621,14193],[20,-37]],[[37641,14156],[-38,-58],[1,-55],[-71,-26],[-122,-14],[-6,-42],[-49,-24],[-42,23],[-100,-14],[-141,35],[-83,-36],[-77,-2],[48,-76],[-41,-74],[18,-53],[-76,-61],[0,-47],[-28,-16]],[[36834,13616],[-56,30],[-39,-24],[-42,-59],[-52,-6],[-120,34],[-63,7],[-41,28],[-52,-5],[-66,52],[-48,-7],[-34,33],[-27,54],[-53,40],[-47,-10],[-80,-75],[-50,-14],[-74,46],[-9,-52],[-75,-23],[-27,19],[-74,1],[-44,37],[-14,60],[-36,-13],[-64,-90],[-45,-3],[-26,-35]],[[35476,13641],[-81,33],[-98,4],[-11,45],[-39,32],[-4,64],[-61,80],[7,147],[-13,82],[9,66],[-18,69],[-25,29],[21,30],[-45,52],[-16,57],[8,65],[20,43],[-2,50],[-33,38],[73,21],[47,-3],[45,74],[-2,27],[-61,79],[-10,106],[-13,42]],[[35174,14973],[47,71],[84,72],[44,-61],[0,-66],[48,-42],[62,3],[39,50],[53,23],[74,-19],[44,-32],[20,-46],[177,1]],[[35866,14927],[46,14],[167,-8]],[[36079,14933],[-11,-31],[44,-94],[5,-96],[18,-31],[86,5],[154,-25],[48,-31],[38,24],[35,-29],[81,7],[2,33],[51,77],[56,35],[5,43]],[[36691,14820],[77,94],[57,113],[-4,69],[27,13],[22,-83],[-22,-58],[74,-57]],[[36259,14447],[-43,-30],[-1,-80],[-25,-19],[-48,29],[-17,-72],[86,-58],[63,-105],[-2,-93],[85,-14],[26,-73],[35,-23],[55,9],[-4,110],[-25,36],[-23,90],[18,80],[-25,89],[-33,39],[-77,-25],[-14,89],[-31,21]],[[51193,12918],[90,-41],[24,-125],[36,-5],[26,-35],[46,-9],[27,-68],[32,-21],[69,-9],[126,8],[147,-16],[41,-54],[118,-92],[23,15],[45,-27],[100,10],[-4,-67],[38,-1],[27,69],[108,-18],[53,98],[30,15],[23,64],[57,41],[23,-14],[110,32],[10,-65],[68,-3],[31,-32],[40,-1],[74,-43]],[[52831,12524],[23,-31],[-6,-71],[-27,-52],[-46,-22],[-73,-168],[-73,-43],[-16,-79],[22,-87],[-3,-51],[-32,-49],[-22,-64],[51,-81],[-23,-77]],[[52606,11649],[-38,-47]],[[52568,11602],[-71,10],[-34,-25],[-34,20],[-36,-33],[-127,2],[-41,-26],[3,-46],[-58,-40],[-107,21],[-86,-24],[-49,16],[-53,-13],[-73,1],[-18,-35],[-45,-34]],[[51739,11396],[-102,-24],[-65,44],[-59,19],[-131,104],[-41,23]],[[51341,11562],[-51,33],[-74,30],[-45,34],[-7,30],[-120,69],[-47,-48],[-111,-26],[-31,28],[-128,17],[-32,-15]],[[90265,38608],[60,-12],[43,-45],[62,-11],[35,-40],[-6,-33],[46,-18],[-27,-118],[35,-28],[9,-75],[-7,-61],[38,-26],[48,-9],[53,-72],[32,-13],[-6,-52],[-42,-37],[45,-40]],[[90683,37918],[-38,-29],[-17,-48],[-57,1],[-127,-44]],[[90444,37798],[-30,43],[-80,19],[-47,-67],[-67,-23],[-81,-5],[-4,-117],[46,6],[55,-37],[14,-126],[78,23],[31,-46],[37,-14]],[[90396,37454],[-16,-66],[7,-35]],[[90387,37353],[-35,-53],[-19,-55],[-57,-33],[-11,-35],[-47,-20],[-27,-37],[-47,3],[-142,-23],[-56,-33],[-42,-1],[0,38],[-63,72],[-66,-9],[-26,-46],[-46,-26],[-7,-29],[-121,-44],[-32,16],[-55,-35],[-67,-100],[-105,-43],[-49,-1],[-74,-27],[-8,-39],[-44,-31],[-71,4],[-48,54],[-39,-7],[-68,33],[-81,-23],[-22,-28],[-76,-6],[-68,16],[-11,28],[-51,17],[-31,-10],[-36,26],[-30,-13],[-49,17],[-43,-34],[-23,58],[0,38],[62,60],[31,69],[-24,69],[2,50],[-31,11],[-63,-12],[-73,13],[-50,22]],[[88248,37214],[-29,46],[-3,41],[99,53],[39,-20],[69,10],[77,95],[19,78],[27,54],[-35,34],[-33,96],[40,174],[-2,61],[-34,54],[0,62],[34,90]],[[88516,38142],[46,-87],[21,-15],[71,31],[40,-32],[72,47],[47,-14],[163,-5],[113,25],[62,-41],[20,47],[-35,37],[76,15],[55,38],[178,70],[44,35],[78,39],[59,10],[78,-10],[63,21],[121,96],[18,50],[66,52],[80,1],[46,37],[97,-8],[70,27]],[[90387,37353],[114,-58],[24,-57],[59,-13],[58,-40],[45,13],[20,-25],[-11,-83],[32,-44],[35,-10],[29,-60],[-8,-71],[29,-36]],[[90813,36869],[-90,-16],[23,-36],[-75,-12],[-53,27],[-132,-45],[-73,30],[-33,-32],[-35,20],[-11,-77],[-96,14],[-45,-21],[11,-58],[-107,-13],[-69,-32],[-90,30],[-20,-16],[-86,-5],[-53,12],[-81,-25],[-84,2],[-60,-25],[-6,-29],[-41,-17],[-37,28],[-46,-8],[-53,12],[-80,-13],[-14,-37],[-52,-3],[-64,-21],[-37,6],[-21,-34],[-47,26],[-77,-15],[-40,-54],[-92,-6],[-56,27],[-55,-20],[-14,-42],[-60,-16],[-128,36],[-54,-24],[-35,10],[-85,-52],[-139,0],[-44,-28],[-41,43],[-57,4],[-39,26],[-90,19],[-163,-52],[-53,33]],[[87734,36390],[16,15],[-6,103],[43,11],[11,80],[41,46],[58,39],[54,110],[-66,35],[-9,118],[68,21],[22,44],[-15,40],[-52,36],[-5,51],[14,86]],[[87908,37225],[99,2],[68,30],[61,-77],[74,4],[38,30]],[[90683,37918],[58,-69]],[[90741,37849],[10,-111],[50,68],[-8,18]],[[90793,37824],[61,10],[11,67],[-15,52],[30,57],[57,12],[28,52],[26,2],[82,83],[-5,62],[59,90],[9,64]],[[91136,38375],[100,42],[61,0],[56,27],[-12,-55],[41,-155],[106,-106],[13,-44]],[[91501,38084],[-26,-47],[-62,-3],[-34,-64],[-63,-58],[-46,-88],[-2,-96],[22,-22],[-4,-45],[-49,-41],[-43,22],[-18,-75],[-39,23],[-13,-61],[-34,-18],[-31,-47],[-8,-52],[38,-65],[10,-42],[-31,-34],[-62,-10],[-35,-31],[-5,-47],[-99,-53],[8,-71],[20,-33],[-3,-74],[36,-61],[-90,35],[-25,-57]],[[90396,37454],[33,23],[80,18],[-88,224],[23,79]],[[87908,37225],[-75,24],[-66,55],[14,57],[-19,23],[-176,48],[-17,-7],[-121,2],[-60,38],[-112,119],[-19,32],[-101,-10],[-49,9],[-67,62],[-18,54],[16,62]],[[87038,37793],[53,46],[18,64],[-9,48],[-57,43],[-29,47],[-53,38],[-83,42],[-64,20],[-40,36],[-43,-7],[-98,76],[-20,65],[6,30]],[[86619,38341],[80,-4],[67,-64],[47,-5],[63,59],[-64,45],[-32,56],[52,8],[34,-43],[60,20],[82,-7],[30,44],[32,-143],[221,-15],[47,1],[27,-22],[48,34],[75,-45],[38,24],[22,-50],[49,38],[55,2],[64,-37],[169,-17],[105,9],[67,45],[96,-11],[145,-63],[65,-14],[62,-54],[22,35],[69,-25]],[[82677,18830],[-40,8],[33,78],[30,-43],[-23,-43]],[[83318,18015],[-276,-11],[-7,-166],[-20,-55]],[[83015,17783],[0,60],[-21,61],[-54,51],[-2,60],[-58,-8],[-84,52],[-72,129],[-28,20],[-54,78],[-9,76],[-86,51],[1,49],[28,25],[26,88],[3,77],[57,2],[-35,81],[7,27],[58,59],[84,-24],[34,47],[-69,59],[-43,11],[-11,39],[70,107],[80,64],[31,-8],[-14,-65],[14,-31],[83,-44],[23,64],[39,59],[34,13],[57,-33],[8,-56],[-7,-113],[18,-6],[32,-111],[56,-6],[45,34],[102,-116],[-10,-35],[27,-35],[13,-63],[-52,-39],[-39,0],[40,-81],[-6,-60],[7,-103],[-47,-50],[-8,-43],[20,-55],[15,-126]],[[82896,21303],[285,-161],[60,-50],[94,-93],[-6,-37],[36,-26],[71,-5],[75,-45],[-10,-72]],[[83501,20814],[8,-33],[-50,-16],[-54,-99],[-21,-86],[-36,-55],[-40,-90],[-33,-22],[12,-44],[-11,-69],[3,-91],[28,-121],[37,-56],[38,-9],[32,-49],[47,-17],[14,-86],[-63,-62],[-1,-29],[-61,-20],[-34,-55],[-56,14],[-9,-70],[-70,7],[-50,-34],[-31,33],[-104,14],[-68,19],[-41,-6],[-77,20],[-138,74],[-39,47],[-95,13],[-73,-12],[-27,-19],[-76,23],[-77,-58],[-32,-2],[-67,37],[3,25],[-43,55],[-2,26],[-100,22],[-46,28],[-78,23],[-125,51],[-84,80],[-20,38],[-31,-1],[5,68],[-24,6],[-39,78],[-50,-1],[-8,163],[5,152]],[[81549,20618],[62,-1],[20,25],[50,4],[72,28],[81,1],[26,-20],[129,26],[42,34],[34,-22],[55,12],[43,35],[80,27],[49,30],[41,53],[-19,18],[30,71],[54,19],[31,62],[44,8],[75,84],[31,75]],[[82579,21187],[5,30],[128,25],[106,63],[78,-2]],[[58653,9234],[-27,16],[-19,109],[-60,66],[-67,24],[-50,38],[-26,-3],[-74,44],[-61,56],[-100,33],[-4,-49],[-51,-19],[-41,44],[-3,-76],[-128,-1],[-21,-33],[-74,20],[-28,37],[-64,-71],[-38,45],[-41,75],[-53,38],[-68,0],[-47,80],[-2,59],[-85,-15]],[[57421,9751],[-61,37]],[[57360,9788],[41,38],[72,36],[7,54],[33,9],[48,50],[33,12],[49,59],[40,74],[19,72],[-3,85],[42,42],[64,4],[98,-41],[4,-27],[62,17],[48,-4],[37,52],[147,-7],[62,18],[50,-3],[24,58],[31,33],[38,-27],[113,5],[23,40],[169,3],[53,-48],[-14,-31],[45,-73],[-1,-59],[20,-52],[-11,-70],[6,-62],[53,-90],[19,-143],[33,-70],[41,-18],[104,38],[113,-26],[39,-29]],[[76418,20793],[47,30],[73,-15],[72,12],[19,-15],[83,55],[115,-57],[98,6],[18,-23],[54,58],[62,-18],[75,20],[30,52],[31,13],[7,43],[-11,71],[23,101],[-35,57],[-13,58],[96,-13],[46,30],[3,96],[-21,38],[-35,8],[-3,40],[27,42],[-26,58],[18,45],[-30,17]],[[77241,21602],[-7,42],[17,79],[72,-16],[62,29],[15,51],[43,25],[70,-26],[38,4],[57,-34],[81,-2],[41,-15],[7,-65],[50,-33],[46,18],[43,58],[65,4],[57,29],[49,-4],[70,57],[29,-1]],[[78146,21802],[18,-34],[-21,-94],[-3,-116],[71,-47],[17,-73],[-10,-37],[-65,-84],[-43,-84],[-24,-16],[0,-67],[75,-66],[43,-68],[35,-5],[15,-39],[-43,-29],[-34,-70],[26,-54],[-4,-105],[48,-144],[102,-55],[29,-81],[29,-27],[-61,-68],[-69,-55],[-28,-46],[-5,-99],[-40,-90],[2,-87],[-14,-57],[4,-81],[-56,-19],[-61,18],[-84,-48],[-36,-47],[-16,-59],[12,-54],[-38,-64],[49,-55],[-36,-18],[11,-68],[-9,-39],[26,-66],[-35,-57],[-17,-60],[37,-24],[-40,-155],[-3,-66]],[[77900,18943],[-73,24],[-47,38],[-70,2],[-27,-24],[-46,12],[-30,57],[-34,30],[-52,-30],[-96,97],[-72,-46],[-10,-28],[-64,-12],[-102,-166],[-78,-2],[-49,15],[-34,-32],[-55,31],[-36,-53]],[[76925,18856],[-100,33],[-48,-11],[-73,68],[-17,48],[-42,19],[-49,-4]],[[76596,19009],[-53,105],[0,38],[50,48],[66,98],[13,76],[-14,52],[33,78],[4,56],[64,42],[55,80],[-6,26],[-46,23],[10,32],[47,45],[31,80],[-6,32],[27,50],[49,12],[-4,46],[-133,85],[-41,51],[-33,2],[-49,42],[-56,-80],[-72,2],[-97,-81],[4,-81],[-20,-49]],[[76419,19919],[-55,0],[-64,-50],[-13,53],[-36,15],[-95,-60],[-62,62],[-13,47]],[[87734,36390],[-55,66],[-73,-66],[-60,-17],[-50,12],[-57,-13],[-70,10],[-41,-27],[-58,23],[-147,18],[-115,83],[-41,12],[-36,76],[-68,69],[-100,19],[-54,52],[-39,81],[-48,67],[-51,44],[-40,14]],[[86531,36913],[29,18],[12,56],[-39,20],[-25,45],[30,94],[6,90],[-92,28]],[[86452,37264],[26,58],[-27,28],[-75,40],[59,78],[20,52],[27,21],[27,78],[-12,43],[9,48],[-15,46],[-1,69],[14,31],[-45,23],[20,73]],[[86479,37952],[65,0],[25,-24],[74,-25],[7,-51],[27,-22],[79,35],[12,-57],[90,-12],[66,26],[47,0],[67,-29]],[[141284,14105],[-1301,-1112],[-1136,-970]],[[138847,12023],[21,1279],[24,1397],[-877,50],[39,91],[147,158],[19,51],[6,138],[-72,38],[-26,37],[-6,116],[8,49],[30,38],[107,11],[-439,1526],[-2,894],[-67,652],[-187,624]],[[137572,19172],[1399,-383],[151,-28]],[[139122,18761],[258,-47],[1645,-239],[725,-117]],[[141750,18358],[1,-1633],[0,-1663],[-41,4],[-40,-22],[-43,-93],[53,-33],[-47,-20],[-50,6],[-3,-64],[54,18],[-1,-42],[-61,-65],[41,-6],[-26,-57],[-62,66],[-28,-10],[6,-62],[47,-15],[-36,-42],[22,-47],[45,9],[9,-75],[-59,0],[-29,-43],[0,-34],[30,-73],[-25,-39],[-42,-26],[-12,-34],[22,-29],[-51,-64],[-31,20],[-52,-44],[-50,-13],[-7,-28]],[[48741,12083],[-80,-28],[-24,-61]],[[48637,11994],[8,-99]],[[48645,11895],[1,-6]],[[48646,11889],[19,-64],[-20,-75],[-25,-35],[32,-25],[-81,-73],[5,-118],[-11,-36],[31,-41],[47,-27],[27,7]],[[48670,11402],[5,-103],[29,-102]],[[48704,11197],[-47,-35]],[[48657,11162],[-60,32],[-222,-27],[13,-30]],[[48388,11137],[40,-39],[-41,-98],[-31,-29]],[[48356,10971],[-43,25],[-147,-2],[-125,50],[-11,-57],[-73,14],[-71,-62],[-30,-80],[-57,22],[-29,34],[-20,66],[-41,26],[-50,81],[-54,49],[-41,-1]],[[47564,11136],[-126,80],[-77,17],[48,43],[56,4],[59,62],[19,78]],[[47543,11420],[28,72],[48,71],[61,6],[75,-15],[30,-86],[40,17],[87,6],[34,21],[39,-15],[20,-113],[22,-58],[79,-27],[36,4],[84,-20],[-17,51],[-80,52],[-33,57],[53,54],[-3,129],[-31,23],[47,102],[8,79],[-92,-24],[-30,35],[-12,50],[17,55],[52,2],[11,60],[35,22],[-39,96],[12,47]],[[48124,12173],[106,-14],[36,-45],[58,-9],[5,53],[33,22],[-37,38],[-11,44],[45,21],[61,65],[33,68],[48,-16],[-19,-50],[43,-20],[8,-51],[53,1],[24,-25],[-16,-63],[-30,-43],[-11,-57],[68,3],[109,101],[28,46],[49,-12],[26,-28],[-60,-35],[-32,-50],[0,-34]],[[43005,11810],[-48,4],[-4,50],[-51,-11],[-61,51],[-4,39],[-57,22],[-3,26],[-84,13],[-40,63],[30,29],[-97,36],[-63,90],[-63,-30],[-43,32],[-85,30],[-77,2],[-5,35],[-90,99]],[[42160,12390],[16,5],[78,85],[8,27],[138,11],[16,48],[-5,44],[30,44],[4,40],[-33,71],[49,33],[-12,57],[-27,44],[-60,31]],[[42362,12930],[1,98],[16,45],[-34,61],[19,50],[65,68],[68,48],[49,105],[20,12],[2,95],[19,57],[-14,48],[21,38]],[[42594,13655],[-1,-54],[61,-79],[34,-5],[98,-41],[99,-31],[57,-4],[106,59],[77,28],[24,40],[46,19],[72,-4],[20,55],[31,28],[-6,-155],[78,-93],[32,-26]],[[43422,13392],[-64,-62],[-13,-92]],[[43345,13238],[-9,-78],[23,-50],[-21,-77],[5,-34],[-39,-46],[-49,-6],[-9,-29],[-56,6],[-2,-63],[-25,-62],[24,-42],[-28,-35],[-40,24],[-49,-62],[-58,0],[51,-118],[-27,-78],[-79,-18],[43,-77],[29,36],[46,24],[31,-31],[113,5],[31,-32],[32,1],[15,70],[35,11],[28,-34],[-3,-64],[-79,-95],[6,-22],[61,-30],[9,-45],[84,8],[88,-66],[41,-42],[59,20],[-19,-71],[14,-21]],[[62176,8871],[-28,16],[-41,-43],[-99,-55],[-43,-6],[-27,-35],[1,-38],[-25,-32],[-88,-24],[-111,38],[-85,-14],[-46,23],[-22,34],[-31,-40],[-36,-13],[-23,-42],[9,-40],[-42,-98],[-47,-6],[0,-63]],[[61392,8433],[-90,25],[-21,60],[-79,63],[-36,-14],[-106,28],[-50,259],[-70,-7],[-28,-28],[-41,45],[-21,56],[-88,47],[-81,58],[-30,-34],[-22,-71],[-32,27],[-67,-9],[-61,41],[-36,74],[-51,42],[-44,12],[-40,-42],[-73,-36],[-66,21],[-37,-43],[-30,-2],[-49,37],[-41,-11],[-68,11],[-3,65]],[[59931,9107],[32,25],[-71,27],[-6,77],[-35,46],[11,68],[48,17],[132,-11],[89,-122],[-19,-49],[37,-14],[65,64],[74,32],[54,11],[10,-63],[79,42],[78,-15],[30,-38],[63,-14],[53,11],[56,-36],[68,-14],[48,-29],[97,-17],[115,-36],[20,-23],[162,-9],[49,23],[113,23],[32,-8],[136,8],[59,19],[22,29],[117,70],[93,112],[110,77],[139,68],[81,9],[65,-40],[90,-30],[90,-15],[91,-53],[89,-27],[51,3],[56,-53],[98,-24],[80,-52],[37,-3],[92,-44]],[[63011,9129],[-64,-46]],[[78338,17250],[40,-40],[-53,-25],[-13,37],[26,28]],[[76877,18163],[10,38],[33,6],[81,60],[31,1],[46,-50],[60,-28],[67,44],[37,-8],[25,37],[123,43],[41,33],[47,2],[82,-42],[79,39],[60,-8],[26,21],[75,-17],[74,14],[22,33],[102,-24],[48,23]],[[78046,18380],[60,-85],[50,-24],[19,-37],[82,-19],[13,-61],[-20,-25],[39,-134],[47,-72],[17,-71],[-30,-43],[77,-29],[-18,-51],[16,-69],[-5,-47],[12,-69],[-8,-66],[35,-14],[11,-110],[-111,-6],[-101,71],[-44,52],[-47,112],[-70,75],[-95,14],[-32,-18],[-35,-59],[-41,-18],[-55,5],[-113,-12],[-98,-85],[-60,5],[-69,-50],[-57,-26],[-87,8]],[[69943,44495],[68,-33],[28,-45],[-24,-26],[-81,-2],[-78,-32],[-67,7],[-46,50],[52,67],[63,46],[45,8],[40,-40]],[[69558,44700],[84,3],[140,-37],[64,8],[122,3],[17,-15],[-6,-63],[-33,-32],[-67,5],[-55,-27],[-56,18],[-42,-33],[-43,18],[-86,17],[-25,88],[-39,-16],[-81,21],[0,57],[51,2],[55,-17]],[[69886,44802],[57,-17],[31,-58],[-16,-24],[-106,0],[-96,-8],[-100,20],[-55,-5],[-18,27],[116,30],[97,9],[90,26]],[[69194,44861],[46,4],[80,-48],[61,-7],[109,44],[46,-20],[23,-53],[-103,-51],[-126,10],[-43,33],[-83,43],[-10,45]],[[69825,44970],[0,-75],[77,-21],[2,-37],[-84,-30],[-69,-8],[-82,-26],[-105,8],[-25,56],[-41,17],[84,73],[78,27],[66,-12],[63,29],[36,-1]],[[69453,44874],[-77,-55],[-21,40],[-46,30],[44,33],[49,-10],[20,-36],[66,85],[19,-46],[-54,-41]],[[69244,44878],[8,77],[130,77],[62,17],[48,-28],[-7,-42],[-53,-67],[-54,11],[-13,16],[-17,-17],[-24,-4],[-18,-32],[-62,-8]],[[69288,45011],[-45,-56],[-6,-46],[-65,29],[101,125],[15,-52]],[[69342,45057],[-45,-34],[-26,49],[15,35],[56,-50]],[[69687,45201],[14,-29],[-26,-104],[-48,-26],[-82,-91],[-20,12],[-17,69],[-34,31],[-92,-2],[-15,17],[15,26],[-9,9],[6,29],[100,-4],[-3,54],[58,-33],[65,33],[88,9]],[[69360,45198],[37,-10],[-27,-51],[0,-23],[9,-9],[-16,-25],[-29,-11],[-38,41],[35,108],[29,-20]],[[69401,45229],[45,-1],[21,-25],[6,-64],[-87,17],[15,30],[-11,19],[-32,-4],[-29,22],[-24,-80],[-29,8],[-32,-119],[-60,-5],[-28,-53],[14,-38],[-22,-38],[-54,11],[-66,-10],[-16,-24],[-67,-4],[-25,17],[-46,-12],[63,106],[-3,41],[57,46],[53,3],[16,36],[82,76],[58,2],[81,32],[120,11]],[[69524,45175],[-54,70],[55,19],[102,18],[62,-34],[-12,-22],[-95,-20],[-58,-31]],[[69289,45277],[-19,-30],[-86,-49],[-32,32],[51,40],[86,7]],[[69398,45327],[56,-18],[56,1],[10,-30],[-40,-23],[-57,9],[-53,-15],[-61,16],[17,42],[72,18]],[[68965,45301],[40,-4],[-23,-87],[-31,-13],[-16,0],[4,-21],[-7,-23],[-21,14],[-50,-1],[-8,48],[33,9],[22,46],[-23,90],[46,-2],[34,-56]],[[69577,45368],[-53,-44],[-31,27],[71,30],[13,-13]],[[69182,45372],[59,-31],[-100,-74],[-23,-75],[-45,-65],[-67,20],[-33,-34],[-25,32],[8,23],[-15,13],[45,23],[23,98],[-42,13],[46,48],[75,-4],[49,40],[45,-27]],[[69608,45416],[42,-2],[17,-52],[-50,-9],[-56,43],[47,20]],[[68710,45751],[-51,-75],[-34,9],[-24,65],[109,1]],[[69172,45905],[-55,-45],[-35,-46],[-54,-2],[-30,82],[121,8],[36,19],[30,68],[34,-35],[-47,-49]],[[68926,45912],[11,-29],[-41,-54],[-34,43],[13,13],[12,24],[16,49],[14,6],[23,42],[24,-16],[-38,-78]],[[69145,46106],[51,-26],[131,-38],[55,-72],[-22,-72],[-124,-1],[-9,69],[-28,35],[-21,-9],[-26,-67],[-40,-19],[-115,-8],[-47,34],[43,86],[152,88]],[[69274,46322],[30,-11],[21,-155],[-12,-39],[-34,-10],[-114,22],[-8,28],[-4,146],[17,14],[104,5]],[[65524,42133],[-100,50],[-35,43],[-132,43],[-88,-45],[-35,63],[-48,49],[-107,10],[-85,-51],[-48,-13],[-107,134],[-63,116],[-24,104],[40,3],[82,-27],[37,31],[37,64],[24,66],[-3,32],[58,67],[33,54],[64,22],[-15,24],[2,59],[21,24],[62,2],[45,29],[76,1],[32,23],[44,104],[114,154],[54,1],[47,-31],[21,32],[86,179],[17,66],[25,41],[-1,43],[28,17],[-6,66],[8,93],[-30,57],[57,113],[86,43],[44,66],[84,68],[7,34],[80,47],[12,90],[57,50],[126,18],[149,133],[120,64],[17,87],[46,13],[27,38],[-5,49],[46,26],[48,57],[58,6],[10,93],[55,41],[48,18],[113,22],[34,17],[18,105],[-43,92],[-30,25],[61,156],[-7,55],[82,-4],[54,34],[59,65],[9,102],[-20,82],[14,75],[-45,79],[-16,55],[-40,83],[6,25],[-68,67]],[[67007,46221],[71,12],[29,-38],[104,56],[49,15],[57,-9],[83,23],[81,-12],[53,25],[96,-26],[17,-19],[70,23],[68,-5],[42,29],[88,25],[57,-33],[46,12],[33,-47],[9,-70],[47,-6],[49,-54],[98,13],[47,22],[67,-84],[33,33],[78,-27],[37,-62],[101,219],[25,39],[4,60],[44,24]],[[68690,46359],[93,-73],[5,-55]],[[68788,46231],[56,-35],[53,9],[15,-47],[62,-46],[-10,-63]],[[68964,46049],[-20,-14],[-37,-72],[-38,4],[-34,-6],[-16,17],[-4,-17],[30,-8],[33,5],[22,-1],[-9,-24],[-14,-43],[-24,-13],[22,-24],[3,-26],[30,0],[30,44],[53,-34],[-55,-88],[-125,-30],[-8,-25],[-58,-1],[-34,92],[-69,-12],[-41,45],[-142,-5],[118,-57],[57,-97],[-46,-53],[-83,28],[-74,-32],[28,-34],[44,50],[85,-26],[84,74],[33,15],[42,-99],[1,-62],[50,63],[33,12],[74,-1],[108,-55],[66,28],[61,-39],[47,-61],[-25,-44],[-87,-50],[-56,7],[-53,-51],[-67,57],[-23,-36],[20,-83],[-65,-26],[31,-81],[56,-3],[41,-27],[-4,-76],[-43,-63],[-2,-33],[-50,-88],[45,-19],[113,19],[10,22],[68,8],[56,-18],[32,-91],[42,12],[35,-39],[141,-64],[42,12],[5,-54],[86,-25],[35,19],[22,-85],[10,-14],[114,-32],[65,23],[36,-30],[-60,-71],[-30,-20],[-111,-9],[48,-61],[140,-20],[75,-22],[40,5],[106,-39],[58,-56],[61,-24],[44,5],[15,-95],[-6,-188],[15,-63],[59,-102],[77,-57],[83,-102],[73,-67],[48,-58],[64,-98],[62,-75],[67,-63],[62,-36]],[[69139,46780],[171,-16],[107,-50],[103,-31],[126,-63],[18,-45],[-28,-40],[-126,2],[-56,-12],[-37,62],[-18,-7],[-78,58],[-55,-26],[-37,39],[-102,27],[1,59],[-80,16],[2,48],[89,-21]],[[69686,46862],[103,-52],[-12,-57],[-73,-17],[-73,17],[-69,42],[-70,19],[-76,3],[-69,49],[15,25],[78,-33],[61,43],[185,-39]],[[70287,46865],[104,-133],[19,-98],[52,-110],[-11,-50],[-32,-13],[-54,13],[-53,66],[-31,7],[-51,44],[-39,16],[-83,65],[-22,53],[3,78],[19,29],[95,42],[36,30],[48,-39]],[[69287,46840],[-75,16],[-15,53],[96,-51],[-6,-18]],[[23126,30081],[-97,-36],[-61,-76],[-72,-55],[-112,-54],[-25,2],[-28,50],[-86,71],[-53,-6],[-41,-31],[-23,-51],[-49,-8],[-85,-77],[-101,-39],[-71,-61],[-3,-36],[-51,-47],[-81,-11],[-48,12],[-97,-18],[29,-104],[-25,-64],[-23,0],[-24,-70],[-41,-54],[-63,37],[-48,0],[-77,-56],[-38,-55],[-52,-2],[-31,22],[-37,-30],[-30,29],[-19,60],[-61,78],[-45,-11],[-26,38],[-109,37],[-48,-33],[-30,29],[-47,1],[-33,32],[-33,-3],[-36,27],[-51,-37],[-62,4],[-100,-94],[-69,-24],[-14,-26],[-45,-9],[-172,16],[-52,-16],[-39,-39]],[[20391,29293],[-46,40],[-83,99],[-76,62],[-174,170],[-25,42],[-61,42],[-109,151],[-27,26]],[[19790,29925],[34,28],[114,43],[53,-21],[26,75],[69,120],[52,72],[38,16],[28,45],[34,-1],[71,48],[23,31],[58,33],[67,78],[56,33],[3,23],[72,119],[88,81],[-18,65],[-40,15],[-25,63],[80,89],[-3,59],[-64,126],[-18,57],[61,89],[21,72],[36,19],[127,-8],[61,57],[60,-3],[191,259],[27,17]],[[21172,31724],[62,21],[20,-34],[38,31],[73,-8],[63,-29],[12,-62],[-43,-49],[-38,-69],[23,-57],[59,0],[-29,-66],[-1,-54],[-21,-13],[-103,1],[-51,-11],[-5,-38],[-44,-34],[-9,-40],[-44,-37],[-1,-32],[45,-74],[58,-44],[133,-57],[247,-61],[32,-21],[118,2],[17,-37],[47,-39],[80,-12],[89,-121],[48,20],[68,3],[42,-59],[74,-20],[84,-3],[126,66],[35,-28],[-6,-42],[54,-74],[-35,-125],[-7,-56],[13,-31],[74,-19],[67,3],[101,22],[208,9],[62,-19],[4,-83],[24,1],[-5,-134],[25,-15],[71,10],[0,-25]],[[83783,38708],[-61,-7],[-106,-58],[-48,0],[-101,-59],[-52,20],[-104,-53],[-59,-101],[-90,-51],[-33,-51],[-2,-62]],[[83127,38286],[-86,2],[-51,64],[-51,0],[-60,116],[-36,35],[-85,52],[-35,6],[-11,-46],[-32,-15],[-21,-42],[-29,3],[-29,-36],[-55,-7],[-26,-27],[-74,-24],[-81,-9],[-81,-39],[-23,-33],[-54,-21],[-33,9],[-47,-37],[-38,11],[-69,-42],[-40,0],[-23,-30],[-89,-7],[-53,23],[-62,-6],[-14,-75],[-172,-48],[-44,23],[-188,-5],[-47,35],[-120,-19],[19,-44],[-8,-43],[43,-46],[-35,-37],[-83,-10],[-27,-25],[-44,35],[-102,1],[-75,18],[-92,-30],[-24,-78],[-50,-4],[-31,-75],[17,-68],[-21,-26],[-23,-92],[-33,-28]],[[80599,37545],[-39,15],[-73,1],[-93,55],[-56,-5],[-47,13],[-34,-34],[-126,56],[-25,-22],[-98,-36],[-50,9],[-62,-21],[-80,20],[-78,34],[-29,-8],[-40,27],[-33,-27]],[[79636,37622],[90,159],[39,122],[64,21],[64,90],[52,15],[41,30],[82,16],[49,64],[-3,98],[59,393],[-30,7],[-24,51],[103,53],[4,41],[45,54],[95,39],[18,55],[-39,141],[39,51],[17,53],[52,25],[44,47],[24,-1],[36,64],[2,50],[48,-5],[38,29],[-2,38]],[[80643,39422],[23,16],[58,-45],[122,-60],[38,-7],[124,36],[41,44],[67,-8],[22,30],[51,-45],[96,42],[60,1],[25,50],[39,23],[31,75],[27,15],[57,-12],[28,-38],[-22,-43],[24,-68],[-29,-37],[-71,-33],[-57,11],[44,-68],[0,-46],[-43,-64],[39,-81],[43,-33],[17,-39],[174,-172],[53,-16],[95,-66],[47,4],[88,-28],[33,24],[61,-3],[20,-20],[49,33],[93,22],[39,-51],[40,82],[106,-29],[67,-5],[62,38],[99,-6],[14,36],[38,-18],[38,22],[80,-38],[52,30],[53,6],[58,31],[23,-7],[3,-69],[46,-36],[17,-96],[95,-47],[128,71],[41,7],[67,54],[83,3],[25,15],[31,-39],[67,-3],[74,-22],[17,-42],[40,33],[70,-28]],[[99330,23695],[-132,78],[-906,291],[-541,124],[-668,144],[-147,76],[-250,87],[-171,76],[-299,78],[-294,112],[-28,21],[26,99],[-8,123],[-54,222],[41,16]],[[95899,25242],[57,-48],[139,-58],[102,5],[-2,98],[38,66],[82,1],[37,55],[83,70],[80,-22],[63,-2],[56,22],[77,2],[52,41],[54,4],[42,-14],[82,-3],[59,20],[59,4],[43,20],[161,-3],[92,26],[38,-13],[108,-11],[86,4],[23,27],[51,-16],[42,34],[128,-15],[72,12],[46,-6],[89,-40],[57,-45],[61,-16],[74,-56],[28,-63],[66,7],[63,-58],[76,17],[81,0],[107,-63],[34,-49],[25,6],[68,-40],[95,-89],[64,-72],[3,-76],[30,-56],[-71,-33],[-57,72],[-25,8],[-116,-12],[0,-41],[28,-117],[-3,-52],[38,0],[56,23],[-14,-78],[22,-89],[51,6],[86,-36],[60,31],[7,75],[67,47],[48,-37],[9,-29],[128,-19],[102,-32],[37,-56],[-42,-72],[-21,-123],[6,-55],[1,-248],[-18,-80],[20,-74],[-22,-42],[-17,-91]],[[99229,23095],[92,-57],[10,-131],[-37,-11],[-13,-73],[-49,26],[-114,34],[-56,49],[-30,73],[66,78],[49,-6],[50,32],[32,-14]],[[99330,23695],[-62,-85],[-89,-52],[-54,9],[-31,22],[-80,17],[-61,-14],[-50,-51],[-90,-4],[-64,-21],[-157,-108],[-48,-69],[-33,-2],[-46,-40],[-9,-42],[-34,2],[-127,-34],[-57,-32],[-34,20],[-79,-18],[-111,-46],[-77,-45],[-132,-100],[-48,10],[-68,-16],[-37,-34],[-63,20],[-14,39],[-34,12],[-75,59],[-47,-3],[-66,45],[-136,56],[-97,-13],[-11,38],[-63,13],[-42,40],[-42,5],[-91,53],[-28,29],[-55,20],[-59,54],[-30,-5],[-41,43],[-70,9],[-41,70],[-79,17],[-92,34],[-48,72],[-101,74],[-109,-17],[-52,40],[-51,95],[8,54],[-15,78],[-30,48],[-45,26],[-36,51],[-57,20],[-54,42],[-48,16],[-24,51],[-63,66],[-24,64],[-5,81],[-43,40],[-47,80],[36,77],[-32,33],[-6,82],[12,70],[-15,47],[8,55],[23,40],[5,92],[-16,34],[34,68],[74,75],[56,21],[54,47],[20,46],[57,-10],[10,-57],[47,-56]],[[85285,18356],[-8,18],[71,100],[-12,-80],[-51,-38]],[[86123,18853],[-43,-75],[-61,-35],[33,-45],[9,-55],[54,-39],[57,92],[117,140],[78,32],[106,-82],[4,-79],[41,42],[75,-69],[-4,-24],[60,-37],[39,-43],[9,-36],[35,-34],[73,8],[63,-82],[68,-1],[19,-24],[-23,-76],[-61,-53],[-10,-41],[-63,-84],[-43,-15],[-88,-117],[-51,-3],[-82,-44],[-72,-16],[-125,-75],[-20,-4],[-39,60],[-30,82],[-72,10],[-27,-39],[-45,-17],[-21,-36],[-57,-39],[-86,-7],[-70,-51],[-73,-98],[-15,-118],[59,0],[30,44],[26,6],[50,-35],[4,-138],[-36,-52],[-44,-33],[-36,-76],[-84,-91]],[[85751,17251],[-38,46],[-28,117],[-17,181],[-209,131]],[[85459,17726],[21,78],[23,24],[21,118],[30,33],[-20,26],[-12,90],[-35,50],[-68,29],[-2,73],[-46,-10],[-75,36]],[[85296,18273],[60,112],[6,42],[77,99],[46,-6],[24,-34],[49,2],[69,38],[58,74],[-19,56],[-40,53],[-28,3],[-46,-68],[-28,-60],[-37,9],[2,48],[24,47],[-15,59],[-45,12],[106,161],[45,30],[0,30]],[[85604,18980],[133,10]],[[85737,18990],[118,-7],[75,-19],[147,-72],[46,-39]],[[85309,15503],[23,-49],[-6,-44],[-48,35],[-42,52],[73,6]],[[84755,17299],[78,-20],[23,11],[41,-84],[-7,-58],[-58,-71],[-143,-18],[-37,27],[-61,-8],[19,42],[62,27],[35,66],[32,13],[-7,52],[23,21]],[[84798,17696],[-43,-80],[3,-48],[-25,-73],[-50,4],[-45,45],[-4,56],[38,54],[108,43],[18,-1]],[[85751,17251],[-71,-104],[-25,-78],[-55,-22],[-60,6],[-35,21],[37,89],[-27,34],[5,38],[-42,12],[-18,-62],[-57,-86],[-34,37],[7,49],[33,99],[-33,30],[-49,-65],[-78,-147],[-67,-45],[-45,19],[-29,59],[-46,65],[8,70],[-32,43],[-36,106],[-35,58],[-18,98]],[[84949,17575],[97,42],[51,64],[52,-30],[74,29],[21,29],[73,7],[101,-3],[41,13]],[[83344,17726],[16,-24],[-90,-65],[-35,38],[109,51]],[[83415,17783],[34,-2],[15,-37],[-31,-25],[-18,64]],[[83318,18015],[7,-172],[-46,-64],[-53,-5],[-55,30],[-56,-31],[-100,10]],[[84156,18848],[92,-15],[25,-15],[13,-57],[55,-74],[86,-57],[114,-56],[195,8],[36,99],[25,2],[116,-76],[141,13],[58,29]],[[85112,18649],[-28,-44],[-73,-37],[-51,-59],[7,-22],[68,14],[68,-1],[50,-46],[20,-85],[-13,-55],[5,-82],[-13,-74],[-66,-47],[2,56],[-59,-10],[-22,-50],[3,-61],[28,-35],[-37,-103],[-61,72],[-29,-13],[-46,-77],[-82,11],[2,51],[-24,47],[37,30],[43,232],[-56,43],[31,108],[-22,-3],[-135,-68],[2,-53],[56,-73],[-47,-104],[-36,-5],[8,-42],[-28,-54],[-57,-12],[-124,29],[-29,48],[-19,96],[-26,65],[24,17],[87,15],[-19,24],[-109,-33],[-19,-53],[36,-59],[-20,-63],[-33,-29],[-120,-25],[-145,6],[-30,34],[-8,46],[-2,139],[27,97],[53,54],[71,134],[-29,66],[-4,70],[35,29],[-12,96],[14,47]],[[86525,19958],[100,-3],[2,-99],[-16,-61],[-91,0],[-96,21],[-37,24],[-4,32],[90,73],[52,13]],[[85737,18990],[59,66],[22,72],[41,20],[30,71],[35,174],[6,80],[49,140],[44,100],[6,114],[-31,128],[21,357],[20,186],[-5,50],[-236,12]],[[85798,20560],[-2,58],[60,146],[-1,64],[40,31],[-2,41],[83,104],[3,34],[46,22],[73,59],[13,34],[77,37],[37,34],[73,29],[21,29],[75,50],[47,-16],[69,23],[13,-70],[-35,-60],[-66,-18],[2,-55],[44,-3],[37,-40],[-5,-43],[90,-11],[24,-52],[35,-1],[51,-32],[-4,-37],[22,-59],[27,-20],[18,-57],[26,-8],[65,-122],[42,-135],[-35,8],[-30,-43],[-2,-68],[-16,-64],[34,-35],[54,34],[17,-128],[-16,-65],[2,-55],[-17,-78],[17,-131],[19,-28],[-7,-120],[-87,40],[-34,54],[-12,169],[-26,65],[-85,21],[45,45],[-5,43],[-75,37],[-58,-61],[-1,-86],[23,-29],[-29,-76],[-71,10],[-3,59],[24,42],[-67,23],[-31,-35],[-66,44],[-13,-65],[18,-12],[23,-90],[-98,-44],[-43,-34],[29,-88],[18,-163],[-30,-111],[-89,-36],[-22,-53],[-25,-114],[0,-86],[42,5],[9,-61],[23,-41],[-26,-119],[3,-57],[-21,-59],[-33,-27]],[[41213,12643],[48,-38],[78,-34],[49,-75],[23,5],[134,-24],[53,-37],[8,-60],[45,-87],[92,-35]],[[41743,12258],[72,-44],[8,-118],[-73,-159],[-2,-108]],[[41748,11829],[-28,-50],[-47,-5],[-38,-48],[-66,0],[-36,28],[-37,-37],[-25,-66],[112,-66],[88,-44],[19,14],[76,-83],[38,25],[7,39],[46,33],[14,39],[50,-35],[9,41],[38,37],[61,-18],[35,112]],[[42064,11745],[44,-15],[22,-39],[3,-55],[39,-43],[73,-143],[-25,-43],[11,-28]],[[42231,11379],[-29,-13],[-119,34],[-64,-29],[9,-62],[24,-32],[-12,-100],[-97,-83],[-48,4],[-36,-30],[-56,-11],[-85,31],[-15,-41],[-49,-4],[-24,38],[-1,48],[20,48],[-52,5],[-78,-27],[-45,53],[-46,30],[-52,6],[-28,25]],[[41348,11269],[-26,41],[16,44],[-3,68],[-17,42],[1,56],[-32,1],[-45,35],[17,69],[34,42],[-13,36],[-70,28],[-38,-10],[-31,24],[-65,-13],[-12,34],[-76,20]],[[40988,11786],[-55,24],[-33,-13],[-44,53],[-24,-6],[-95,51],[-38,41],[-53,22],[-27,54]],[[40619,12012],[-15,22],[33,100],[-11,82],[13,52],[-27,71],[38,50],[-11,18],[62,74],[-20,39],[20,74],[-20,22],[-114,44]],[[40567,12660],[54,29],[19,-24],[45,34],[38,3],[57,-39],[87,6],[26,22],[67,-13],[31,18],[81,-41],[25,45],[36,12],[55,-27],[25,-42]],[[38410,12053],[-25,-58],[-42,-56],[34,-112],[58,-96],[-34,-81],[1,-62],[-124,-61],[-23,-62],[6,-32],[-24,-41],[10,-46],[-2,-93]],[[38245,11253],[-47,8],[-44,27],[-27,-17],[-100,0],[-98,18],[-91,0],[-134,17],[-189,44],[-66,20],[-267,54],[-223,15],[-60,9],[-318,32],[-144,5],[-139,-13]],[[36298,11472],[4,72],[-37,-2],[6,60],[38,1],[114,124],[90,-17],[23,25],[50,7],[32,39],[39,6],[36,56],[95,2],[52,30],[27,89],[-18,58],[-30,19],[59,77],[10,46],[-23,23],[-9,99],[-45,63],[25,63],[-89,71],[16,72],[4,82],[32,21],[16,112],[55,61],[37,-8],[18,-37],[39,-26],[97,-22],[26,39],[7,86],[-53,75],[15,38],[78,42],[-43,45],[-4,105],[-22,32],[-23,84],[-28,41],[-57,40],[-30,77],[-8,63],[-28,49],[-57,62]],[[37641,14156],[35,-44],[78,-64],[3,-55],[-18,-18],[2,-69],[-28,-54],[105,-33]],[[37818,13819],[-47,-4],[-58,-57],[77,-47],[-44,-50],[2,-46],[36,9],[94,-93],[29,-13],[10,-71]],[[44297,10755],[4,-87],[24,-26],[-24,-63],[14,-33]],[[44315,10546],[-75,34],[-128,29],[-257,32],[-295,17],[-119,13],[-62,-3],[-80,-23],[-90,-62],[-29,-44],[-14,-106],[28,-16],[47,18],[20,-48],[-48,-12],[-86,3],[-139,44],[-158,41],[-79,10],[-67,23],[-151,21],[-27,-23],[-47,11],[-5,42],[36,44],[-38,30],[28,47]],[[42480,10668],[14,43],[-51,30],[-92,81],[-24,61],[-31,33],[12,58],[35,25],[-12,56],[19,26],[-10,45],[-44,89],[-5,40],[-37,50],[-23,74]],[[42064,11745],[-18,43],[-33,-21],[-102,6],[-40,-22],[-49,3],[-24,50],[-50,25]],[[41743,12258],[25,39],[6,49],[40,5],[34,44],[55,2],[30,27],[81,-4],[40,-42],[50,-4],[56,16]],[[42362,12930],[-51,-21],[-17,-51],[-43,55],[9,85],[-31,60],[-125,51],[-37,-40],[-32,29],[41,46],[-38,49],[-49,-30],[-81,35],[-31,-10],[-108,41],[-39,28],[-61,6],[-32,31],[4,41],[-51,18],[12,76],[2,120],[-37,-9],[-45,15],[-24,-32],[-69,0],[-6,48],[-131,-10]],[[41292,13561],[-37,43],[-80,47],[-26,0],[-19,50],[30,23],[0,42],[-26,42],[26,24],[-31,70],[-59,23],[1,45],[23,69],[-12,51],[-61,6]],[[41021,14096],[22,42],[2,44],[69,60],[21,64],[81,34],[21,34],[32,-4],[42,36],[62,7],[34,-48],[-1,-108],[59,3],[24,37],[36,-3],[11,44],[38,37],[50,21],[20,32],[41,4]],[[41685,14432],[14,-43],[9,-98],[-9,-98],[52,-172],[-13,-49],[19,-102]],[[41757,13870],[-31,-18],[-15,-96],[-86,-28],[-1,-19],[51,-68],[-19,-54],[63,-44],[17,87],[45,50],[77,16]],[[41858,13696],[7,-39],[43,-36],[56,-6],[65,49],[87,-43],[3,-81],[39,-35],[62,-17],[60,6],[55,-21],[67,25],[75,50],[38,52],[2,35],[60,61],[17,-41]],[[9144,45290],[50,1],[101,-29],[14,42],[-26,46],[25,59],[54,-15],[44,-53],[30,-90],[63,-12],[35,-50],[92,-22],[51,60],[56,40],[75,-110],[-19,-78],[14,-87],[30,-70],[48,-64],[83,-68],[64,73],[129,55],[23,-13],[78,-3],[75,-108],[56,-23],[132,-25],[13,-65],[19,-22],[102,-52],[51,-17],[68,1],[30,18]],[[10804,44609],[21,-164],[0,-97],[72,-41],[56,-76],[2,-46],[25,-25]],[[10980,44160],[-16,-13],[-2,-68],[-19,-76],[-38,-330],[-94,-48],[-76,-56],[-38,-14],[-61,19]],[[10636,43574],[-80,112],[-49,143],[-15,19],[-142,47],[-54,26],[-86,116],[-102,24],[-74,51],[-79,-31],[-63,40],[-87,39],[-33,48],[-79,59],[-50,6],[-86,47]],[[9557,44320],[-36,17],[-22,91],[-130,1],[-29,26],[-22,67],[-144,111],[-135,42],[46,214],[3,36],[-39,43],[-52,9]],[[27530,19633],[-47,-15],[-11,-45],[-45,-12],[29,-72],[-22,-56],[-49,59],[-58,49],[-61,-1],[-32,24],[42,48],[-1,32],[33,33]],[[27308,19677],[25,83],[49,28],[42,105],[86,14],[34,-26],[48,3],[111,-81],[39,-64],[-21,-40],[-44,-16],[-52,46],[-88,-25],[-44,-30],[37,-41]],[[17125,33416],[3,-35],[38,-77],[34,-157],[-39,-20],[-66,24],[4,48],[-29,30],[-42,10],[-2,33],[-45,25],[-14,32]],[[16967,33329],[-16,40],[-54,68],[-45,184],[66,30],[37,-42],[31,8],[51,-24],[53,-76],[35,-101]],[[90741,37849],[52,-25]],[[92173,39495],[34,-19],[18,-45],[-18,-76],[-55,-47],[-20,-68],[0,-65],[-15,-30],[-125,89],[-3,30],[32,71],[35,3],[69,64],[2,52],[46,41]],[[10804,44609],[-3,68],[89,-16]],[[10890,44661],[36,2],[39,-26],[65,9],[10,-38],[62,-30],[37,7],[53,-36],[54,19],[29,35],[41,-25],[14,-47],[105,-38],[30,-46],[173,-99],[43,-57],[42,-16],[68,-97],[73,-26],[68,-49],[26,-53],[43,-10],[78,-70],[19,-65]],[[12098,43905],[-50,-6],[-51,-78],[27,-85],[34,-14],[-13,-42],[129,-65],[24,-39],[62,-9],[33,-26],[22,-46],[52,-24],[62,-102],[1,-95],[30,-53],[-16,-67],[-36,-39],[21,-46],[204,68],[21,50],[27,18],[45,-7],[30,-52],[-4,-66],[-17,-46],[-48,-38],[-56,10],[-12,-54],[-112,-33],[-50,-45],[-98,87],[-40,-72],[-72,-9]],[[12247,42880],[-68,19],[-69,55],[-102,-35],[-21,-47],[-51,43],[-44,-19],[-45,23],[-6,-43]],[[11841,42876],[-72,-46],[-41,33],[-14,47],[24,37],[34,-7]],[[11772,42940],[-15,58],[-39,25],[-11,109],[-21,43],[-58,20],[-41,69],[-1,34],[-40,61],[-39,17],[4,42],[-88,77],[-21,72],[-44,-23],[-15,-32],[-57,21],[-15,38],[-43,35],[95,9],[-51,36],[43,33],[17,75],[-66,53],[-76,6],[-98,67],[40,52],[-3,60],[-60,61],[-28,45],[-11,51],[-50,6]],[[11460,44237],[-24,-1],[-88,-83],[-21,-80],[-10,-177],[-15,-35],[28,-33],[-4,-57],[49,-59],[17,-81],[27,-40],[14,-70],[98,-110],[23,23],[47,-1],[60,-60],[6,-80],[62,10],[133,-109],[85,-24],[26,29],[72,-9],[66,31],[48,7],[95,54],[5,39],[-29,39],[-35,78],[-144,110],[-56,66],[2,34],[-52,88],[-10,61],[-60,88],[-52,47],[5,33],[-71,32],[-54,63],[-26,64],[-71,58],[-72,-5],[-30,40],[-44,20]],[[11953,43006],[-31,-52],[51,-43],[31,20],[-20,83],[-31,-8]],[[128590,22111],[-13,-64],[-72,-138],[-100,-90],[-150,0],[-122,16],[-114,-3],[-135,5],[-36,-18],[50,-50],[5,-68],[50,-55],[4,-52],[33,-27],[-39,-45],[-114,-22],[-132,8],[-49,-16],[-8,82],[-101,-19],[-38,33],[-44,-22],[-72,-1],[-34,73],[-72,6],[-43,24],[-88,8],[-5,-72],[-45,-37],[-61,70],[-133,100],[-93,17],[-50,-15],[-65,-49],[-75,11]],[[126629,21701],[-27,94],[15,157],[-9,121],[9,162],[11,73],[27,45],[59,63],[91,43],[88,-4],[39,-26],[107,114]],[[127039,22543],[152,-5],[384,-46],[244,-14],[41,-10],[120,0],[353,-33],[97,-50],[23,-45],[8,-99],[16,-69],[113,-61]],[[11386,47564],[-88,-19],[-23,-49],[-63,27],[-66,-21],[-21,-50],[33,-53],[51,-36],[-27,-40],[-55,-21],[22,-94],[48,-1],[22,-46],[5,-80],[24,-60],[-39,-33],[-68,2],[-73,-18],[-15,-74],[25,-29],[4,-79],[-39,-23],[10,-96],[-29,-60],[23,-22],[48,39],[50,8],[16,-49],[55,18],[21,61],[51,14],[62,-3],[0,42],[136,-7],[-48,70],[1,54],[30,22],[14,78],[-108,11],[11,78],[-51,0],[-3,52],[28,7],[4,56],[-66,18],[-4,34],[91,-18],[5,64],[-20,43],[10,35],[58,51],[-67,36],[-10,22],[16,67]],[[11377,47492],[54,5],[107,-44],[19,-45],[52,-62],[24,1],[98,-50],[66,-20],[95,-57],[69,-18],[147,-19]],[[12108,47183],[5,-92],[-23,-73],[-41,-38],[-19,-41],[0,-57],[46,-48],[-24,-71],[21,-24],[12,-73],[-7,-76],[-45,-81],[-17,-55],[11,-121],[11,-40],[-15,-40],[7,-63],[-18,-28],[-91,-14],[-36,-28],[-44,-4],[-54,-45],[-31,-47],[-105,-54],[-21,-73],[-48,-29],[-16,-44],[-48,-42],[-15,-69]],[[11503,45713],[-55,6],[-20,-42],[18,-33],[3,-70],[-20,-84],[-47,-148],[-9,-126],[-35,-38],[-65,62],[-44,-15],[-98,-13],[-21,85],[-47,48]],[[11063,45345],[52,3],[21,40],[-16,46],[-64,84],[-5,63],[43,20],[-10,36],[45,88],[-14,33],[-105,-44],[-79,-57],[-28,61],[-50,59],[-72,17],[-66,-19],[-14,-36],[-42,-11],[-27,23]],[[10632,45751],[19,18],[-9,63],[19,50],[-13,22],[120,98],[-20,32],[-7,64],[12,76],[-28,93],[18,52],[8,152],[17,47],[14,106],[19,70],[-30,24],[0,69],[-30,54]],[[10741,46841],[101,-5],[10,15],[-2,110],[-33,72],[-42,8],[-3,132],[-29,-1]],[[10743,47172],[25,183],[-9,26],[28,69],[49,89],[139,93],[20,60],[38,-9],[9,53],[63,113],[51,3],[47,67],[44,10]],[[11247,47929],[72,-43],[23,-103],[19,-161],[25,-58]],[[48529,13548],[58,-35],[66,-96],[43,-11],[23,-45],[34,17],[17,-34],[-89,-83],[-3,-43],[-37,-16],[-38,-72],[-7,-72],[-21,-23]],[[48575,13035],[-28,-46],[30,-108],[-37,-73],[-102,-36],[-92,37],[-82,42],[22,37],[-68,75],[-61,-9],[-44,-57],[-14,-87],[-47,-82],[-29,-30],[-3,-39],[-79,-24],[-20,-61],[97,-93],[-41,-29],[-67,-23]],[[47910,12429],[-61,38],[-54,-17],[-65,47],[-1,70],[-68,36]],[[47661,12603],[55,55],[-13,42],[-32,5],[21,80],[24,-3],[26,61],[-41,21],[46,91],[-14,75],[-85,34],[-31,34]],[[47617,13098],[61,59],[97,133],[18,70],[28,56],[46,38],[64,107],[3,32],[-65,58],[47,26],[-34,75],[39,30],[36,-38],[58,20]],[[48015,13764],[18,-8],[71,58],[133,-26],[22,-28],[-17,-49],[3,-77],[84,-34],[31,-61],[51,19],[93,-26],[25,16]],[[19790,29925],[-24,52]],[[19766,29977],[7,110],[29,52],[39,33],[36,54],[75,72],[48,12],[37,67],[-3,33],[27,52],[46,47],[-33,52],[18,40],[66,69],[10,57],[63,-8],[86,33],[61,85],[35,26],[61,15],[39,31],[-64,61],[-47,13],[-106,66],[-44,61],[-113,1],[-22,-26],[-89,-7],[32,103],[-76,23],[-97,46],[-4,73],[-45,28],[-22,100],[-111,127],[-15,102],[32,86],[66,76],[20,60],[-5,71],[45,45],[13,36],[-11,55],[-81,33],[-22,-10],[-18,-63],[-36,-32],[-92,-34],[-46,21],[-51,-10],[14,-54],[-26,-57],[14,-49],[0,-68],[20,-51],[-49,-8],[-82,-37],[-64,13],[-32,-15],[-49,18],[-89,-34],[-54,52],[-59,87],[-84,19]],[[18964,31830],[1,47],[-26,65],[4,33],[-49,71],[99,7],[39,91],[-7,54],[45,30],[-22,83],[-26,5]],[[19022,32316],[19,58],[-15,53],[18,33],[45,-9],[16,-31],[57,-41],[51,-8],[75,-51],[130,-10],[51,11],[18,-29],[70,66],[71,5],[32,-17],[42,33],[61,-1],[-41,54],[0,56],[-17,39],[40,14],[26,76],[30,54],[39,22],[27,-21],[34,42],[30,8],[40,61]],[[19971,32783],[88,-20],[77,-37],[30,-36],[107,-4],[35,30],[38,6],[61,-18],[53,6],[54,-29],[23,-66],[31,-40],[74,5],[4,-102],[-75,-128],[88,-27],[45,-23],[71,-62],[55,16],[77,5],[61,-33],[46,-9]],[[21014,32217],[-31,-34],[12,-49],[-16,-76],[10,-23],[-11,-67],[22,-39],[-12,-56],[37,-70],[51,33],[44,-35],[27,58],[27,-64],[-2,-71]],[[126629,21701],[-78,-56],[-101,40],[-13,-12],[-130,34],[-17,-12],[-65,80],[-43,15],[-99,-4],[-39,-12],[-48,15],[-88,-6],[-145,10],[-55,15],[-29,38],[-105,-17],[-141,36],[-45,38],[-45,-4],[-19,-34],[-69,-42],[-95,-9],[-66,40],[-113,-4],[-197,20],[-137,32],[-31,-3],[-59,52],[-74,50],[-104,10],[-25,-37],[-65,-28],[-114,71],[-716,22],[-9,14],[-49,319]],[[123401,22372],[282,450],[118,173],[80,102]],[[123881,23097],[244,-65],[293,-85],[67,-2],[24,16],[99,-18],[71,2],[80,-48],[112,-83],[73,-79],[98,-7],[59,58],[5,30],[68,12],[124,59],[90,63],[76,-10],[94,28],[134,3],[53,50],[95,17],[69,-9],[64,79],[11,107],[173,20],[78,33],[56,-11],[50,24],[61,88],[110,40]],[[126512,23409],[78,-41],[32,-52],[84,-181],[93,-151],[126,-238],[43,-19],[71,-55],[0,-129]],[[72325,6821],[-49,17],[-37,-17],[-100,43],[-65,55],[-54,83],[9,79],[-7,52],[-26,26],[45,51],[64,15],[13,52],[49,64],[3,35],[-30,63],[45,61],[-21,37],[-12,115],[-74,17],[-35,38],[-20,-54],[33,-62],[0,-55],[46,-32],[-38,-33],[-70,-19],[-53,13],[-64,-91]],[[71877,7374],[-60,62],[-74,-7],[-54,9],[-99,-32],[-72,5],[-86,-15],[-34,46],[-6,118]],[[71392,7560],[20,-40],[37,-15],[106,21],[51,42],[10,-45],[79,44],[29,47],[14,61],[-49,104],[-66,-1],[-5,63],[-59,52],[-64,-3],[-21,-60],[-47,25],[4,29],[-26,69],[-115,60],[-61,101],[-18,-36],[-47,11],[-22,82],[-39,45],[-131,-4],[-164,-44],[-55,60],[-70,37],[-43,9],[-85,49],[-38,46],[-47,18],[-107,86],[-44,-6],[-33,68],[-130,129],[-32,71],[-68,31],[-27,60],[-68,59],[-53,4],[38,98],[38,151],[143,65]],[[71829,8474],[55,16],[8,65],[130,35],[28,23],[-4,73],[68,26],[105,89]],[[70073,9348],[38,-36],[-26,-37],[-39,18],[-6,51],[33,4]],[[76416,32792],[-27,-47],[-57,-14],[-58,-43],[33,-82],[-5,-105],[40,-14]],[[76342,32487],[-25,-31],[-67,-9],[-19,-29],[-45,59],[-79,-112],[-101,-17],[-56,-33],[-20,-59],[21,-63],[49,-26],[38,-56],[65,-17],[48,48],[33,-39],[21,24],[51,3],[23,-59],[57,-49],[16,-81],[60,-68],[-16,-42],[-10,-94],[29,-38],[-36,-27],[-21,-68],[1,-42],[-54,-40],[16,-38],[-25,-31],[3,-44],[-44,-19],[-32,-80],[23,-86],[-21,-102],[-48,-81],[2,-37],[29,-57],[29,-23],[50,-127],[-71,-18],[-39,28],[-56,-44],[-40,-59]],[[76081,30704],[-76,67],[-52,28],[-36,54],[-63,29],[-41,-29],[-55,31],[-31,-42],[3,-52],[-44,14],[-56,-35],[-89,27],[-9,38],[-87,68],[-37,-24],[-82,101],[-12,83],[50,72],[55,-11],[58,6],[50,57],[-49,10],[-18,-21],[-57,-11],[-11,37],[94,68],[62,81],[56,91],[0,72],[70,-2],[17,65],[6,103],[95,-33],[23,77],[-4,48],[-58,18],[-4,85],[-21,9],[-30,115],[17,64],[-66,65],[10,80],[-15,66],[-6,83],[31,77],[-5,50],[25,30],[6,75],[-31,47]],[[75664,32635],[109,27],[52,27],[23,46],[5,63],[175,102],[17,89],[-32,66],[-43,12],[28,46],[61,7],[1,27],[50,16],[49,73],[16,60],[39,2],[2,-59],[66,-70],[-11,-54],[32,-4],[34,-137],[37,-59],[-12,-17],[48,-69],[6,-37]],[[76581,37082],[60,-37],[-60,-17],[0,54]],[[77439,37765],[44,-65],[82,-37],[56,-41],[11,-87],[-20,-112],[-1,-73]],[[77611,37350],[-2,-138],[-29,-34],[-22,-69],[-54,-31],[8,-90],[-14,-112],[-39,-2],[-43,-31],[-50,-92],[46,-45],[-46,-65],[-55,-7],[-40,-23],[-29,-78],[5,-50],[-57,-37],[16,-93],[-22,-63],[33,-36],[42,-1],[34,-79],[21,-94],[-18,-72],[-66,-25],[-3,-29],[-50,-1],[-23,-27],[3,-82],[-38,-64],[-99,-13],[-2,-40],[-32,-11],[-13,-39],[-45,3],[-32,-38],[-23,-97],[11,-71],[-39,-58],[-14,-127],[23,-148],[-36,-94],[-42,-26],[-69,-97],[42,-95],[32,-12],[26,-109],[-30,-71],[-31,-27],[26,-55],[-6,-28],[-43,-24],[14,-44],[59,-64],[-26,-40],[31,-22],[-2,-38],[-48,-54],[-3,-59],[38,-92],[-22,-47],[13,-97],[44,-13],[13,-41],[-30,-144],[59,-71],[11,-41],[45,-42],[67,-109],[34,-13],[20,-78],[-17,-57],[53,-28],[-8,-75],[49,-61],[-3,-55],[-35,-23],[17,-126],[-25,-11],[44,-126],[5,-56],[33,-71],[-24,-59]],[[77129,32646],[-30,117],[-38,55],[-69,-2],[-56,-42],[-61,34],[-45,-3],[-72,31],[-12,49],[-80,-15],[-29,42],[56,45],[-53,39],[11,41],[36,-8],[40,31],[108,14],[59,54],[-18,56],[-89,-51],[-87,-6],[-79,11],[8,42],[66,42],[89,77],[-4,26],[-59,6],[-91,-43],[-16,-31],[-45,-15],[-16,-91],[-19,-19]],[[76534,33132],[-66,27],[-50,148],[17,44],[-60,73],[-8,107],[-40,133],[-17,7],[-12,74],[-23,28],[12,68],[-9,81],[-20,43],[32,119],[-39,115],[37,51],[-3,34],[34,85],[14,111],[51,69],[31,138],[34,37],[-9,80],[-45,68],[36,43],[-27,57],[-69,-1],[-78,-43],[-102,-21],[-54,24],[-59,59],[-31,7],[-63,70],[-34,108],[-33,17],[-78,132],[11,33],[49,-22],[32,9],[92,-28],[21,58],[-34,19],[11,42],[41,-39],[60,-14],[74,-42],[53,-64],[10,-59],[-13,-43],[42,-36],[51,-14],[18,-54],[-7,-33],[32,-27],[47,19],[75,-32],[60,59],[47,97],[30,32],[49,117],[9,65],[-14,97],[-19,46],[13,61],[-6,70],[-28,70],[-28,16],[-28,50],[-51,35],[-12,33],[-55,34],[-103,105],[-24,71],[35,44],[82,32],[64,-25],[15,-41],[63,-5],[41,12],[61,-23],[33,19],[24,50],[-24,43],[-2,67],[-28,85],[-48,1],[-79,142],[3,45],[125,137],[-3,80],[-36,55],[18,71],[51,29],[7,37],[154,-15],[53,20],[102,11],[81,61],[59,34],[3,51],[-23,53],[-21,205],[-32,52],[-27,84],[13,70],[64,67],[5,56],[62,18],[-5,31],[54,48],[46,-10],[100,7],[41,12]],[[24585,24407],[155,-37],[48,-33],[167,-173],[75,15],[123,62],[58,-84]],[[25211,24157],[-79,-52],[5,-73],[-22,-65],[-43,-41],[-12,-49],[-42,-38],[-20,-46],[7,-158],[52,-58],[33,-13],[-20,-59],[13,-39],[-26,-95],[23,-113],[60,-99],[-7,-29],[-77,-117],[-7,-23],[-81,-22],[-26,-71],[2,-122],[45,-11],[5,-54],[58,-13],[-14,-89],[10,-22],[-51,-64],[-12,-55]],[[24985,22467],[-36,-19],[-31,34],[-43,11],[-84,-32],[-34,16],[-48,-28],[-71,19],[-35,-12]],[[24603,22456],[-107,-5],[-71,64],[-17,49],[-70,47],[-40,-7],[-37,-52],[-56,10],[-26,-21],[-46,51],[-92,-7],[5,39],[-78,44],[-52,79],[8,36],[-69,20],[-32,64],[-32,4],[-20,36],[-116,55],[-11,46],[-53,74],[-54,41],[-60,2],[-42,32]],[[23435,23157],[15,20],[56,5],[61,69],[238,78],[-3,83],[45,177],[43,77],[46,38],[52,15],[32,54],[-43,76],[5,40],[47,70],[-4,69]],[[24025,24028],[116,-23],[38,-35],[79,-99],[19,-98],[36,3],[31,49],[67,48],[19,37],[6,86],[26,29],[81,12],[43,46],[-18,56],[37,86],[-22,24],[22,113],[-20,45]],[[81727,6914],[0,-53],[20,-52],[-21,-44],[-36,-15],[-29,49],[14,41],[34,19],[18,55]],[[83201,8013],[-62,-95],[-30,-23],[36,-54],[-25,-55],[6,-65],[-60,-37],[5,-41],[-17,-133],[-36,-26],[-32,-86],[-33,-17],[43,-53],[23,-67],[37,-25],[35,16],[60,-14],[16,-40],[-16,-90],[21,-33]],[[83172,7075],[-88,-22],[-17,-15],[-119,-46],[-125,11],[-80,-29],[-26,-45],[-84,-26],[-8,-22],[-135,-55],[-67,19],[-65,2],[-32,44],[-49,28],[-74,26],[-53,-14],[-16,-124],[-41,-49],[-25,-3],[-43,41],[16,59],[38,80],[-30,52],[-89,35],[-53,63],[-60,16],[-78,-37],[-115,14],[-59,20],[-71,-1],[-108,17],[-36,18]],[[81380,7132],[2,141],[-58,51],[6,52],[83,83],[18,51],[69,0],[85,55],[38,45],[75,13],[4,68]],[[81702,7691],[16,37],[47,8],[1,45],[37,33],[66,-1],[17,46],[-45,31],[-4,39],[39,5],[89,-67],[-13,59],[4,110],[15,75],[22,24],[79,4],[5,-78],[72,7],[46,-49],[59,13],[81,44],[88,-10],[54,-18],[46,9],[42,-33],[95,34],[39,58],[32,-39],[53,-15],[74,13],[55,-3],[31,17],[93,115],[40,-15],[52,40],[26,-20],[49,34],[55,0],[-19,-97],[-30,-46],[9,-59],[-18,-28]],[[77120,24530],[-39,-15],[33,-80],[65,-4],[21,-31],[19,-76],[37,-41],[56,-104]],[[77312,24179],[4,-48],[-27,-31],[-37,-4],[-44,-86],[-65,-19],[-8,-55],[-36,-63],[-36,-99],[-67,-76],[5,-51],[-47,-60],[-90,23],[-9,-26],[-64,-35],[-17,-48],[30,-28],[22,-54],[5,-126],[31,-66],[50,-24],[-22,-42],[-44,-32],[-27,24],[-27,-43],[-25,17],[-56,-44],[-26,23],[-74,2],[-58,59],[-19,61],[-66,35],[-7,52],[-45,37],[-28,55],[-43,14]],[[76345,23421],[-72,64],[1,73],[-114,96],[0,172],[-11,118],[-35,56],[-24,86],[-1,84],[20,40],[-49,38],[11,104],[16,7],[-26,215]],[[76061,24574],[14,31],[81,-7],[-12,39],[19,28],[-31,59],[10,48],[63,52],[102,26],[16,22],[-2,66],[24,22],[41,-23],[56,6],[53,-11],[29,-23],[5,-48],[26,-26],[33,30],[47,8],[29,30],[111,-22],[13,-42],[58,-54],[32,7],[125,-32],[30,-51],[-11,-51],[35,-23],[20,-56],[39,-16],[4,-33]],[[116369,23998],[-41,26],[5,82],[46,-23],[-10,-85]],[[116371,24175],[-53,23],[17,53],[36,-76]],[[116015,24433],[46,-20],[57,-51],[12,-72],[58,-34],[52,-76],[10,-58],[-14,-37],[-66,-16],[-39,55],[-27,15],[-9,91],[19,33],[-137,69],[-29,49],[14,35],[53,17]],[[115393,25400],[69,-12],[18,-18],[127,-43],[84,-52],[-6,-42],[-78,44],[-124,15],[-59,32],[-31,76]],[[114575,25807],[43,-6],[75,15],[83,5],[75,-43],[-205,14],[-71,15]],[[114241,26687],[-61,0],[12,48],[70,16],[6,-38],[-27,-26]],[[115495,26909],[85,-19],[4,-35],[-38,-32],[-109,-27],[-31,72],[33,1],[9,48],[47,-8]],[[119181,25717],[-178,-149],[-219,-201],[-108,-90],[-164,-176],[-35,-20],[-55,-56],[-113,-144],[-67,-51],[-112,-127],[-134,-141],[-123,-153],[-62,-89],[-41,-39],[-100,-148],[-132,-184],[-68,-108],[-274,-303],[-129,-121],[-141,-160],[-200,-197],[-91,-116],[-82,-78]],[[116553,22866],[-42,48],[-35,74],[-6,51],[-33,38],[-1,95],[-60,103],[-27,68],[-18,77],[-21,22],[-28,78],[-21,147],[70,31],[47,-33],[194,-2],[68,-22],[83,8],[47,-9],[29,32],[-22,64],[3,46],[32,70],[47,9],[55,81],[-54,11],[-30,-14],[-19,67],[-26,34],[-39,112],[19,53],[-40,17],[-71,-43],[-40,15],[-80,87],[15,36],[-32,158],[-29,30],[-3,52],[20,35],[64,53],[29,93],[-83,33],[-18,28],[17,70],[-68,-22],[-56,21],[-57,-49],[-71,-13],[20,-94],[-14,-79],[-41,-12],[-57,32],[-69,22],[-76,72],[-17,53],[-86,122],[-69,54],[-3,32],[129,0],[30,40],[-3,38],[-38,57],[-67,-6],[-43,15],[-12,29],[-58,16],[-63,36],[-5,58],[52,13],[-33,64],[-54,39],[-131,122],[-64,77],[-89,50],[-76,59],[-15,26],[-91,25],[-95,65],[-32,0],[-15,39],[13,44],[-86,-6],[-32,35],[-37,-7],[-44,22],[-27,-15],[-43,20],[-82,8],[-90,-8],[-24,-17],[-94,6],[-74,-47],[-41,3],[-42,-29],[-46,-4],[-54,-25],[-35,83],[16,57],[-49,29],[-79,-45],[-22,74],[-35,-17],[-18,41],[-46,16],[14,36],[52,-12],[32,33],[-27,55],[28,29],[-91,51],[17,32],[135,43],[1,71],[-29,33],[-52,-20],[-67,-6],[-13,74],[38,8],[13,36],[47,0],[62,42],[25,-63],[31,4],[-5,49],[55,25],[-4,-51],[42,-18],[32,53],[-59,33],[21,37],[63,-29],[41,23],[62,-17],[68,31],[-32,37],[-82,26],[-41,-37],[-29,26],[94,81],[123,6],[47,28],[99,1],[78,-24],[43,10],[108,-12],[57,8],[23,-17],[81,-6],[25,-28],[93,-40],[75,14],[32,-62],[48,2],[32,-95],[34,66],[78,19],[-64,43],[32,24],[60,17],[38,-17],[68,7],[33,-33],[56,14],[87,-23],[20,-38],[85,-55],[47,-8],[19,-40],[47,-43],[12,-42],[81,-70],[128,-60],[41,9],[74,68],[62,-8],[3,35],[107,76],[189,186],[108,113],[53,81],[106,112],[95,127],[25,45],[81,99]],[[117217,27292],[477,-417],[534,-431],[43,-44],[170,-113],[189,-96],[299,-256],[147,-91],[105,-127]],[[86714,8302],[55,-24],[4,-46],[-52,-51],[-136,-33],[-79,-54],[-88,-10],[-87,49],[-118,-96],[-42,-89],[-51,-59],[-35,-116],[-53,-52],[-51,-21],[-70,9],[-11,42],[-36,35],[4,48],[29,46],[13,101],[110,74],[75,25],[22,106],[74,77],[59,4],[79,-44],[49,42],[94,8],[127,0],[23,-9],[70,39],[22,-1]],[[86915,8940],[2,-42],[30,-17],[30,48],[68,-11],[69,-59],[78,14],[19,-22],[82,-36],[-7,-33],[-56,-61],[-26,-10],[-6,-98],[14,-107],[-31,-46],[-9,-43],[-57,-23],[-108,7],[-34,-10],[-39,29],[-119,7],[-37,-21],[-116,3],[-62,-39],[-93,3],[-46,-32],[-34,44],[-77,-5],[-67,-41],[-29,37],[16,36],[-10,70],[65,138],[40,56],[144,103],[30,-1],[60,34],[55,62],[68,44],[35,-29],[99,24],[12,29],[47,-2]],[[85197,7617],[-17,31],[10,147],[36,110],[4,90],[68,112],[-32,57],[26,91],[-8,178]],[[85284,8433],[72,29],[56,45],[72,6],[58,-16],[26,67],[45,83],[68,60],[73,5],[51,20],[64,-11],[66,53],[5,66],[39,64],[2,38],[33,54],[-2,45],[-53,46],[-59,-3],[-49,14],[-32,-38],[-32,10],[-37,-26],[-75,-17],[-30,-29],[-7,-52],[-29,-38],[-64,29],[-107,-2],[-3,33],[87,72],[7,52],[71,89],[-20,46],[13,91],[39,-4],[59,45],[51,-4],[25,46],[85,60],[58,-41],[19,-36],[77,-48],[58,-21],[116,-84],[-4,-126],[-22,-91],[47,-41],[31,-124],[24,-51],[64,-38],[4,-116],[-113,-95],[-57,-15],[-29,11],[-80,65],[-47,-1],[-12,-48],[-24,-12],[-30,-64],[-43,-56],[36,-60],[9,-55],[-17,-91],[-47,-20],[-58,16],[-77,38],[-10,29],[-86,22],[-43,-34],[-12,-59],[33,-107],[29,-34],[68,-46],[50,-65],[20,-108],[-41,-85],[-180,-73],[-63,24],[-63,-20],[-19,-46],[-149,10],[-40,-13],[-32,-35]],[[39761,13030],[134,-25],[25,5],[75,-74],[78,6],[65,-38],[55,-14],[58,45],[54,-7],[3,-49],[24,-64],[90,-68]],[[40422,12747],[21,-64],[-56,-56],[17,-25],[-30,-54],[-86,-21],[-55,-67],[39,-41],[12,-62],[-37,-39],[-17,-42],[6,-76],[-26,-45],[-129,-19],[-16,-33],[-87,-62],[-26,-44],[-29,3],[-77,-31],[-55,-9],[12,-87],[36,-11],[-6,-47],[-30,-64],[-72,-28],[88,-93],[8,-37],[47,-70],[-7,-77],[13,-47],[-20,-42],[11,-43],[-27,-51],[2,-82],[14,-31],[-43,-58],[24,-82],[-73,-51],[25,-67],[-5,-150],[24,-69],[-22,-30],[-45,-116]],[[39745,10527],[-30,-26],[-109,1],[-65,13],[-28,44],[1,52],[-76,57],[-77,25],[-198,42],[-93,-5],[-24,97],[-43,54],[-180,128],[-15,26],[-98,28],[-72,35],[-55,8],[-61,36],[-64,16],[-27,-13],[-29,66],[-86,34],[-71,8]],[[5266,48536],[30,120],[52,117],[107,97],[50,72],[-22,58],[7,84],[-13,58],[84,-1]],[[8937,47855],[-21,-53],[41,-75],[-79,-120],[-124,-105],[-50,-24],[-48,-58]],[[62705,7990],[19,-49],[3,-67],[18,-57]],[[62745,7817],[-59,-32],[-16,-31],[-124,-87],[-24,-34],[-73,-58]],[[62449,7575],[-45,46],[-55,105]],[[83946,38308],[36,37],[60,-44],[49,3],[55,59],[65,-32],[53,3],[26,-49],[126,-34],[74,-36],[106,8],[45,-32],[47,24],[79,-5],[66,-40],[53,13],[68,-4],[63,-35],[13,-49],[65,15],[88,-38],[152,-100],[33,-57],[64,-22],[78,-65],[53,6],[15,-28],[64,10],[22,-29],[48,1],[73,33],[98,9],[78,-22],[14,-88],[-18,-101],[49,-32],[29,13],[16,60],[66,-3],[41,11],[40,51],[-4,31],[23,71],[38,21],[52,70],[35,-30],[94,39],[43,31]],[[86452,37264],[-105,-82],[-3,-46],[-60,18],[-30,-40],[54,-58],[76,-36],[10,-55]],[[86394,36965],[-99,-23],[-31,21],[-35,-34],[-96,20],[-96,-15],[-26,19],[-68,-5],[-24,-16],[-74,21],[-112,11],[-38,-22],[-35,20],[-56,-2],[-48,-36],[-102,10],[-113,-16],[-49,74],[-34,24],[-68,10],[-13,20]],[[85825,38262],[37,-19],[41,10],[32,-33],[-12,-40],[27,-20],[-21,-46],[-40,53],[17,26],[-19,47],[-66,4],[4,18]],[[85559,38307],[14,-40],[37,7],[61,-28],[-4,-65],[-47,-1],[-108,101],[47,26]],[[83418,38276],[-59,-9],[-84,-50],[-59,19],[-37,-5],[-52,55]],[[83783,38708],[43,-58],[40,15],[-3,-55],[17,-47],[78,26],[29,35],[70,-25],[95,4],[65,82],[43,-55],[30,-13],[7,-42],[36,-9],[61,62],[62,-69],[67,6],[25,38],[-12,50],[39,34],[72,-102],[37,-31],[159,-67],[34,2],[30,-32],[111,-22],[57,-26],[1,36],[107,-25],[45,-46],[56,-112],[103,-59],[-8,-45],[90,41],[66,-58],[32,52],[63,-68],[6,-72],[67,-10],[44,-42],[32,-5],[4,-45],[45,20],[7,59],[59,11],[56,68],[71,27],[29,79],[47,31],[0,59],[60,61],[-61,19],[-21,65],[146,31],[34,-21],[4,-56],[34,3],[32,-37],[47,-6],[36,26],[62,-74],[87,-13],[14,48],[48,-10]],[[76822,18062],[-55,-45],[-34,-63],[-51,-7],[-55,-30],[-114,-159],[-12,-74],[-45,-41],[-7,-58],[-106,-102],[-83,-2],[-76,20],[-28,37],[-45,15],[-17,46],[12,26],[-17,69],[-40,2],[-45,-45],[-21,23],[-21,67],[18,27],[-39,29],[-63,-20],[24,54],[29,18],[-37,70]],[[75894,17919],[33,111],[-42,66],[-48,27],[-7,63],[-45,60],[-47,88],[-3,41],[-111,-20],[-21,-35],[-65,16],[-58,-70],[-60,37],[-76,-140],[-32,-33],[30,-32],[-94,-72],[11,-21],[-40,-48],[-49,37],[-95,-57],[-22,53],[29,56],[45,10],[58,118],[-19,24],[19,45],[-37,24],[-5,39],[-51,60],[31,73],[67,54],[-20,62]],[[75170,18555],[26,97],[-59,19],[47,36],[54,-27],[55,19],[61,-20],[8,56],[79,-46],[73,-11],[-4,59],[23,35]],[[75533,18772],[88,6],[74,-36],[58,28],[31,44],[78,-55],[77,-24],[20,29],[95,1],[100,-46],[85,1],[47,-23],[37,-58],[71,-14],[114,64],[29,48],[57,49],[-20,36],[43,98],[-38,38],[17,51]],[[76925,18856],[5,-58],[42,-32],[54,7],[80,-65],[-8,-38],[-70,2],[-38,-29],[19,-78],[-67,-86],[-6,-65],[-61,-43],[-29,-73],[-49,-80],[24,-58]],[[54392,12257],[-81,-21],[-66,-30],[-65,6],[-2,-50],[40,-32],[39,-80],[47,-13],[-18,-68],[9,-93],[61,-9],[-3,-67],[25,-69]],[[54378,11731],[-85,-36],[-33,6],[-80,-19],[-77,-81],[-56,-20],[-78,0],[-93,-18]],[[53876,11563],[-53,88],[0,93],[25,38],[-15,38],[-7,75],[-46,-21],[-63,14],[-64,-29],[-36,-2],[-57,-51],[-45,32],[-26,-4]],[[53489,11834],[59,15],[66,46],[-3,58],[14,45],[-47,30],[67,103],[46,11],[58,67],[63,11],[91,40],[7,50],[-21,42],[-59,-2],[-22,22],[14,102],[63,-6],[15,67],[47,-3],[58,37],[-8,39],[46,59],[-19,39],[-55,47],[-30,-8],[-51,56],[26,38],[-75,31],[-62,-16],[-34,19],[-70,-3],[-17,19],[-95,35],[-61,3],[-14,31],[24,54],[89,-1],[65,31],[-5,85],[15,59],[39,17],[15,48],[-15,29]],[[53713,13280],[16,1],[31,-31],[55,-45],[143,-25],[62,72],[-53,57],[112,58],[44,-45],[15,-68],[25,-25],[69,35],[32,-108],[-35,-39],[-47,-11],[19,-87],[19,-22],[34,-97],[106,-82],[-21,-41],[29,-34],[-13,-53],[-33,-1],[-18,-34],[-32,-159],[16,-40],[61,-18],[36,-34],[37,-83],[-30,-64]],[[54523,16944],[73,-11],[-6,-76],[36,-15],[6,-81],[-56,-135],[-22,-35],[-40,-22],[-95,-10],[-110,35],[-74,-46],[-58,7],[-49,85],[44,176],[69,12],[2,58],[43,10],[66,58],[55,-20],[75,35],[41,-25]],[[49926,12084],[-107,-56],[-67,21],[-22,-21]],[[49730,12028],[-65,21],[-13,29],[-50,5],[-83,-22],[-25,-42],[-44,-11],[-123,38],[-71,-48],[-122,-29],[-93,25],[-24,-22],[-51,0],[-36,30],[-46,-12],[-21,36],[-48,-15]],[[48815,12011],[-20,6],[-54,66]],[[48124,12173],[-50,23],[5,41],[-90,-11],[-42,45],[-75,-20],[-13,43],[51,96],[0,39]],[[48575,13035],[60,-25],[32,-67]],[[48667,12943],[22,-65],[47,-6],[29,35],[62,11],[36,39],[56,20],[4,-50],[42,-12],[35,73],[69,-27],[136,22],[21,-12],[122,6],[25,-10],[53,17],[61,-7],[62,46],[-35,30],[56,39],[25,45],[32,10]],[[47790,10208],[81,49],[-5,70]],[[47866,10327],[56,37],[70,-28],[10,-45],[61,22],[25,-13],[68,6],[27,16],[34,-30],[18,37],[34,-32],[53,-17],[54,12],[10,38]],[[48386,10330],[35,-5],[56,-39],[10,-38],[55,-19],[4,46],[65,-21]],[[48611,10254],[-8,-43],[3,-136],[-40,-96],[3,-79],[-12,-93],[1,-77],[-24,-37],[3,-40],[-23,-71],[75,-135],[3,-56],[24,-55],[8,-75],[-9,-89],[38,-30],[39,51],[65,-87],[5,-52],[-15,-37]],[[48747,9017],[-150,16],[-100,-2],[-38,15],[-67,-16],[-23,45],[-32,-12],[-162,61],[-127,74],[-23,-13],[-52,36],[-103,9],[-241,80],[-52,31],[-51,7],[-11,31],[-43,20],[-126,35],[-64,64],[-46,76]],[[57783,33817],[-16,-201],[-57,-177],[-110,-125],[-95,-126],[-38,-98],[-25,-90],[32,-56],[56,-59],[135,-367],[124,-160],[270,-128],[258,-82],[119,-134],[14,-62],[-26,-154],[87,-379],[-7,-170],[7,-256],[34,-361],[-45,-107],[-75,-108]],[[58425,30417],[-169,-105],[-83,-137],[-186,-45]],[[57987,30130],[-87,3],[-127,21],[-64,-2],[-101,-21],[-115,-44],[-206,-35],[-36,6],[-66,53],[-46,-16],[-102,-93],[-36,2],[-47,41]],[[56954,30045],[-28,177],[-147,78],[-15,55],[-214,113],[-67,132],[-432,647],[-41,102],[4,122],[34,96],[69,95],[39,82],[4,77],[-17,104],[-134,154],[-125,118],[-35,21],[-130,148],[-47,21],[-83,12],[-55,51],[-35,78],[-7,132],[45,97],[134,152],[170,240],[64,114],[54,112],[113,189],[24,76],[17,104]],[[56113,33744],[21,26],[11,72],[31,24],[21,58],[54,27],[4,70]],[[56255,34021],[127,123],[109,130],[70,71],[131,47],[108,6],[148,-74],[141,-52],[132,-103],[55,-31],[84,-30],[177,-27],[100,-32],[40,-67],[63,-73],[43,-92]],[[100214,40899],[35,-61],[-28,-56],[-50,5],[1,33],[42,79]],[[100781,38010],[38,-58],[2,-69],[39,-23],[-11,-49]],[[100849,37811],[-45,18],[-51,-28],[-56,8],[-29,40],[-66,16],[-40,-24],[-52,31],[-10,38]],[[100500,37910],[11,40],[35,13],[19,95],[-40,44],[-40,13],[-30,37],[-46,-14],[-27,20],[-51,-8],[-37,27],[-39,-43],[-52,84],[-93,23],[0,112],[64,81],[-2,62],[-50,74],[-45,-7],[-19,42],[14,31],[47,-3],[22,84],[-20,43],[-49,31],[-73,-40],[-68,-19],[-29,-44],[-83,91],[6,76],[57,59],[28,54],[14,87],[-89,168],[20,70],[-10,26],[77,137],[46,98],[59,52],[22,67],[43,70],[0,102],[97,111],[33,99],[23,101],[-3,63],[-30,83],[6,57],[-49,17],[71,92],[40,-8],[20,75],[-16,93],[9,87],[62,-20],[32,22],[-6,97],[-37,23],[-28,46],[33,27],[8,90],[129,102],[0,38],[76,82],[19,55],[97,156],[17,65],[43,73],[51,56],[98,39]],[[100887,41666],[75,1],[42,-102],[3,-47],[-71,-91],[0,-33],[-48,-56],[14,-35],[-51,-150],[-40,-34],[-5,-76],[-43,-199],[33,-66],[-4,-61],[16,-69],[38,-36],[-6,-32],[21,-55],[-26,-37],[-3,-130],[11,-40],[-26,-80],[-27,-14],[5,-44],[-34,-75],[-100,-30],[30,-67],[-23,-41],[-36,-19],[-12,-42],[58,-110],[-29,-35],[-39,-124],[-35,20],[-21,-39],[13,-83],[-17,-68],[46,-12],[-8,-61],[-60,-12],[-11,-33],[37,-58],[12,-78],[-18,-92],[-43,-86],[19,-47],[-68,-55],[33,-87],[-38,-32],[22,-118],[27,-22],[-62,-132],[-10,-64],[33,-164],[184,-245],[90,-68],[46,9]],[[100550,29520],[34,-41],[-32,-43],[-43,-15],[-82,16],[-3,-32],[-66,-29],[7,89],[86,50],[99,5]],[[102760,30223],[43,-49],[-10,-91],[-32,-29],[-68,-29],[-37,-1],[-71,65],[28,68],[57,48],[90,18]],[[99819,30581],[-4,-112],[-56,11],[11,91],[49,10]],[[99706,30987],[21,-42],[43,31],[-4,-68],[60,-38],[-14,-38],[-61,-43],[-43,0],[-62,-27],[-37,-47],[-47,44],[-63,9],[-39,60],[11,24],[94,32],[38,46],[45,28],[34,-11],[24,40]],[[100573,31097],[38,-36],[59,32],[55,-59],[34,-8],[14,52],[78,-24],[57,-44],[22,17],[68,-77],[41,9],[16,-117],[58,-15],[45,-30],[12,-37],[131,-14],[28,44],[144,-71],[70,-84],[67,-32],[37,-67],[40,-15],[43,-48],[88,-69],[43,-66],[51,4],[-12,-46],[53,-15],[45,34],[20,42],[32,-17],[87,-91],[48,-66],[11,-73],[-37,-150],[-141,-57],[-28,-40],[-40,-25],[-40,20],[-34,-12],[-78,5],[-46,-30],[-49,21],[-27,37],[-57,31],[-233,48],[-50,5],[-106,-48],[-55,14],[-62,-23],[-80,15],[-52,22],[-83,5],[-36,-25],[-20,25],[-77,-11],[-38,-40],[-38,0],[-32,-59],[-66,-28],[-66,37],[-50,-11],[-41,-50],[-44,16],[-61,-7],[-107,32],[-71,-2],[-69,73],[-150,76],[-52,51],[-25,5],[-41,128],[50,175],[-3,70],[-25,25],[54,136],[-14,52],[73,109],[-7,63],[65,-39],[72,-6],[37,-32],[45,6],[27,40],[-11,60],[64,28],[76,63],[7,31],[48,15],[14,36],[120,38],[67,69]],[[99821,31154],[114,-18],[-39,-44],[-68,34],[-43,-23],[-22,43],[58,8]],[[100315,31582],[22,-31],[103,-69],[38,8],[94,-44],[165,-16],[7,-98],[-27,-81],[-37,2],[-18,-33],[-37,25],[-62,3],[-90,69],[-77,17],[-71,28],[-92,-8],[-48,-56],[-87,-7],[-11,31],[-53,21],[-5,44],[44,72],[74,29],[21,30],[1,69],[89,-5],[26,26],[31,-26]],[[99907,31681],[28,-93],[29,-36],[-12,-79],[-40,-27],[-60,71],[4,116],[-36,67],[41,19],[46,-38]],[[102837,31909],[107,-33],[10,-37],[-51,-6],[-65,-63],[-51,6],[6,33],[-57,63],[32,39],[69,-2]],[[102732,32046],[56,-29],[-30,-33],[-42,11],[16,51]],[[102664,32356],[64,-39],[-12,-34],[48,-30],[8,-31],[56,-38],[38,-8],[60,13],[35,-37],[10,-61],[-64,-58],[-65,5],[-45,-13],[-54,36],[-44,85],[25,72],[-29,26],[-67,22],[-1,70],[37,20]],[[101970,32677],[35,-55],[-9,-20],[-73,35],[14,37],[33,3]],[[99592,33264],[-64,30],[21,43],[43,-73]],[[103505,33353],[43,-51],[-33,-33],[-30,56],[20,28]],[[99607,33364],[-2,-88],[-58,87],[29,21],[31,-20]],[[99347,33432],[81,-46],[-15,-32],[-60,-4],[20,-62],[36,-45],[76,-22],[40,-38],[-14,-75],[-24,-2],[14,-84],[30,-52],[71,-80],[23,-46],[-69,-32],[-56,-7],[-51,60],[-97,46],[-45,-16],[-15,-31],[-52,-1],[-88,42],[-34,52],[-7,138],[72,51],[6,51],[42,2],[8,76],[24,49],[-34,7],[2,51],[44,50],[72,0]],[[99636,33403],[91,-13],[27,25],[68,-41],[54,-71],[-13,-55],[-40,17],[-102,-32],[-54,22],[-23,41],[-29,109],[21,-2]],[[103216,33467],[53,-55],[-24,-25],[-43,61],[14,19]],[[102947,33573],[92,-46],[-26,-49],[-60,71],[-6,24]],[[102836,33661],[78,-49],[-9,-35],[-85,53],[-32,7],[-47,-41],[-29,21],[93,59],[31,-15]],[[99480,33801],[7,-93],[-49,64],[42,29]],[[100889,34321],[11,-47],[31,-51],[0,-51],[-57,-31],[-2,94],[17,86]],[[100213,34401],[45,-36],[90,-8],[38,-58],[32,-97],[51,-28],[23,-43],[-3,-52],[41,-27],[52,-5],[39,-46],[3,-40],[66,-23],[39,-34],[-7,-42],[-39,-36],[-5,-57],[-119,-124],[-81,-119],[-34,-9],[-12,-67],[4,-69],[46,-38],[92,15],[41,-65],[-14,-116],[62,-86],[63,-1],[75,63],[43,-6],[38,20],[70,-20],[30,32],[76,11],[82,-64],[36,-7],[69,-49],[42,-11],[18,-98],[72,-68],[-2,-36],[-65,25],[9,-42],[33,-13],[-75,-113],[-38,6],[-76,-59],[-18,-37],[-34,4],[-111,-17],[-86,-35],[-62,-5],[-7,70],[-38,-16],[-111,51],[1,54],[-43,-8],[-32,42],[-8,63],[29,34],[-36,101],[-69,28],[-59,-70],[-55,-19],[-66,-5],[-84,-53],[-138,-47],[-18,-30],[-60,-42],[-36,32],[-9,82],[-38,59],[-17,107],[37,140],[20,12],[54,95],[6,94],[-29,12],[-41,-17],[-83,36],[-4,34],[-43,7],[-28,-18],[-52,82],[-43,-12],[-50,39],[-1,41],[-80,116],[-71,46],[-5,67],[-41,45],[-12,79],[15,68],[70,24],[39,72],[21,70],[-10,71],[-45,66],[102,27],[49,57],[122,-131],[26,-119],[73,-70],[49,-4],[68,93],[-13,70],[22,16],[9,67],[24,-5],[65,49],[1,31],[34,47]],[[100283,34410],[48,-4],[-2,-39],[-51,9],[5,34]],[[99336,34582],[57,-78],[68,-37],[36,35],[40,-30],[-28,-29],[-98,0],[-39,-75],[5,-83],[30,14],[28,-69],[47,-61],[-13,-29],[10,-53],[-69,-17],[8,-85],[33,-80],[-39,-27],[-20,-60],[-34,-41],[-37,12],[-14,-41],[-48,-43],[-24,12],[-136,-52],[-126,68],[16,40],[-35,34],[13,44],[79,-12],[12,48],[-86,65],[0,44],[-22,90],[4,56],[37,39],[22,92],[-20,16],[32,75],[-12,19],[-64,14],[23,74],[42,16],[30,40],[62,7],[28,-12],[96,30],[41,-11],[65,41]],[[98783,34637],[71,-32],[23,-63],[-170,-96],[-24,17],[31,65],[13,68],[28,-1],[28,42]],[[99012,34800],[52,-22],[-51,-59],[-28,-104],[-54,-54],[-48,-12],[-15,103],[48,23],[71,114],[25,11]],[[99423,35140],[16,-43],[-15,-26],[-24,-105],[-50,-5],[-57,-39],[-68,54],[49,56],[61,88],[88,20]],[[99882,35315],[34,-96],[-38,-28],[-1,-83],[-40,-22],[-2,53],[19,114],[28,62]],[[99940,35790],[19,-44],[-6,-46],[17,-85],[26,-22],[37,11],[-20,-86],[29,-37],[-28,-27],[-9,-59],[24,-30],[7,-103],[-43,7],[-66,83],[32,36],[-37,53],[-52,-35],[-24,5],[23,140],[-6,38],[11,89],[29,49],[3,89],[34,-26]],[[100751,35339],[41,42],[61,6],[14,43],[95,23],[6,-69],[51,6],[94,84],[-63,70],[-21,108],[8,94],[-12,114]],[[101025,35860],[62,-7],[47,-79],[33,-14],[29,43],[102,-10],[53,51],[7,92],[77,3]],[[101435,35939],[11,-220],[-66,-11],[-49,-70],[22,-53],[-2,-56],[-21,-57],[7,-105],[13,-54],[27,-24],[26,-101],[68,-95],[40,-79],[21,-88],[38,-81],[20,-155],[17,-63],[14,-104],[29,-69],[35,-46],[9,-40],[32,-34],[35,-104],[42,-100],[26,-100],[47,-30],[0,-34],[46,-66],[35,-111],[34,-61],[75,-88],[71,-115],[35,-69],[76,-105],[5,-46],[37,-92],[34,-31],[-1,-34],[53,-67],[62,-53],[121,-80],[65,-74],[6,-42],[67,-56],[54,-28],[46,-64],[56,-54],[114,-73],[34,-8],[65,-58],[-38,-22],[-43,6],[-98,62],[-62,13],[-55,-14],[-8,-23],[-119,79],[-17,-46],[-54,-6],[-51,42],[-89,35],[-46,34],[-14,44],[50,34],[37,2],[36,33],[-60,75],[-66,58],[-21,-8],[-49,30],[-46,7],[-63,34],[-105,39],[-44,5],[-99,44],[-63,16],[-40,36],[-53,25],[-49,41],[-71,92],[-2,90],[-22,55],[-42,53],[-63,128],[-3,48],[-22,34],[-25,87],[-42,30],[-57,64],[-3,91],[-67,114],[-8,67],[-38,30],[-13,46],[-43,6],[-99,85],[-47,-8],[-54,36],[-93,29],[-29,38],[-46,16],[-53,39],[-35,43],[-49,25],[8,71],[-29,16],[-52,69],[-6,41],[80,229],[7,91],[32,29],[-10,36],[5,133],[-12,60],[17,60]],[[99880,36575],[61,-76],[18,-44],[-6,-70],[-58,-105],[-83,-25],[-62,31],[-77,78],[-21,61],[8,25],[86,85],[91,35],[43,5]],[[106062,35118],[40,-68],[-10,-59],[-67,85],[37,42]],[[106703,35271],[72,-54],[8,-60],[-75,26],[-74,-21],[-64,65],[-11,111],[29,28],[31,-9],[84,-86]],[[105727,35485],[74,-32],[53,-43],[143,-81],[100,-131],[81,-43],[39,-63],[100,-46],[21,-22],[106,-69],[83,-160],[6,-63],[-34,5],[-21,-38],[-63,-14],[-49,45],[-5,44],[-37,31],[14,33],[-82,77],[-49,8],[31,48],[-19,46],[-36,37],[-90,48],[-19,26],[-75,16],[-59,-7],[15,39],[-18,27],[-1,70],[-59,88],[-46,28],[-55,55],[-101,27],[-28,-4],[-27,42],[23,26],[84,-50]],[[104574,35990],[75,-38],[-23,-21],[-52,59]],[[104176,37189],[54,-40],[58,-82],[48,-98],[-4,-22],[-96,61],[-49,81],[-26,62],[15,38]],[[101025,35860],[22,70],[43,71],[43,43],[-69,88],[-12,42],[68,73],[-49,78],[-15,66],[26,73],[-20,70],[18,38],[-50,76],[-47,50],[-2,100],[-18,33],[21,70],[28,39],[35,-19],[32,25],[-8,58],[9,58],[60,52],[-10,80],[28,17],[-34,63],[-32,18],[-1,54],[-53,48],[-2,42]],[[101036,37436],[49,11],[57,-24],[8,-51],[76,-16],[30,41],[62,2],[137,-19],[154,40],[54,61],[89,-42],[100,-2],[28,-24],[0,-62],[57,-5],[48,-26],[52,-49],[56,-7],[52,20],[29,-17],[65,21],[88,14],[80,-46],[44,-54],[48,-10],[12,-53],[46,12],[96,2],[5,-23],[59,-33],[21,-54],[44,-31],[73,-10],[53,5],[10,-22],[109,8],[63,-28],[77,-19],[54,-32],[4,-80],[36,-41],[94,-67],[54,-18],[47,18],[54,55],[81,15],[-8,80],[63,78],[2,36],[35,33],[87,-26]],[[103770,36997],[-33,-48],[37,-45],[22,-58],[3,-52],[-19,-38],[14,-85],[-32,-88],[-32,-51],[9,-44],[29,-36],[85,-28],[25,17],[151,-54],[50,7],[46,-13],[74,-50],[55,-20],[53,-40],[36,-45],[11,-81],[56,-96],[-66,40],[-38,49],[-22,68],[-52,-3],[-228,74],[-75,3],[-105,46],[-66,-6],[-73,24],[-20,20],[-144,34],[-121,-6],[-77,73],[-56,10],[-46,35],[-8,38],[-35,40],[-6,37],[-135,42],[-59,-34],[-52,3],[-79,41],[-72,-23],[-54,18],[-71,-26],[-55,11],[-42,-13],[-128,53],[-63,2],[-73,58],[-50,7],[-30,39],[4,28],[-103,31],[-59,-32],[-64,25],[-36,-2],[-31,52],[-45,-27],[-75,31],[-80,-23],[-141,33],[-37,-44],[-54,1],[-68,-42],[-49,-79],[35,-97],[-32,-52],[11,-41],[-80,-58],[8,-56],[-29,-60],[4,-63],[43,-39],[40,-6],[43,-37],[-3,-59],[32,-124],[-17,-95],[9,-29]],[[103674,37219],[47,-2],[-2,-37],[-44,-4],[-1,43]],[[100781,38010],[-39,41],[-9,144]],[[100733,38195],[46,-87],[85,-49],[-7,-37],[61,-56],[80,-1],[55,-37],[143,29],[83,69],[32,5],[20,73],[45,11],[88,73],[5,130],[-24,156],[35,38],[-11,89],[25,1],[36,43],[29,85],[47,52],[13,83],[114,54],[45,39],[90,0],[21,22],[63,11],[61,-19],[61,23],[48,-26],[67,17],[29,38],[16,62],[43,28],[18,100],[-8,46],[-56,105],[-104,34],[-108,-16],[-22,-30],[-41,16],[-12,56],[22,75],[80,17],[57,74],[31,86],[70,99],[65,61],[84,13],[13,27],[64,57],[69,17],[135,47],[19,22],[88,42],[44,52],[32,79],[39,13],[101,71],[128,52],[32,25],[82,-4],[40,-57],[58,16],[54,40],[-1,36],[57,31],[118,-3],[84,43],[49,-11],[84,35],[43,-26],[121,-30],[4,-77],[22,-45],[-29,-23],[-40,36],[-38,-6],[-3,-92],[-27,1],[-22,-42],[21,-113],[25,-55],[54,-80],[74,-62],[60,1],[-3,-49],[-26,-16],[-13,-48],[17,-57],[-3,-48],[-25,-73],[-56,-24],[-35,-59],[6,-48],[29,-38],[-56,-69],[-35,-116],[7,-45],[-4,-98],[11,-17],[-2,-100],[-20,-73],[25,-101],[-41,15],[-71,-38],[-37,-3],[-45,-34],[-72,-7],[-110,-106],[-69,-43],[-39,-65],[-52,-24],[-56,10],[-39,-34],[-92,-39],[-46,-53],[-51,-11],[-45,8],[-33,-36],[-41,1],[-22,-31],[-88,8],[-67,-5],[-54,-46],[-41,-14],[-21,-37],[-53,-51],[6,-43],[51,-27],[5,-51],[41,0],[-4,-39],[-91,14],[-43,44],[-58,24],[-30,-81],[-105,-28],[-23,-58],[34,-36],[11,-45],[65,-65],[14,-29],[67,11],[109,-141],[49,-98],[40,-40],[41,23],[34,-45],[51,-18],[72,17],[76,-31],[64,-8],[114,-81],[16,-22],[145,-28],[149,-96],[158,-11],[77,-23],[17,-23],[78,19],[34,-66],[-33,-75]],[[101036,37436],[-11,64],[-20,31],[3,65],[-46,47],[-3,77],[-50,86],[-60,5]],[[100981,42211],[36,-22],[-14,-43],[-46,44],[24,21]],[[100822,42419],[56,-15],[56,5],[32,-66],[-30,-15],[-84,35],[-30,56]],[[100887,41666],[77,114],[52,48],[7,48],[151,187],[2,28],[78,41],[73,78],[40,19],[35,48],[58,44],[2,40],[92,73],[8,68],[45,-34],[26,-90],[103,51],[103,15],[47,-12],[-10,-81],[-65,-84],[-36,-71],[-49,-64],[-46,-40],[-63,-74],[-32,-17],[-13,-44],[-35,-29],[-21,-56],[17,-41],[-4,-61],[-70,-40],[-29,-58],[-97,-25],[-111,-87],[-13,-62],[15,-128],[-35,-60],[16,-88],[49,-50],[29,15],[41,-39],[39,-1],[67,32],[58,-7],[48,-42],[16,-63],[99,-33],[54,-86],[39,-102],[0,-42],[-41,-29],[-54,-67],[26,-69],[1,-50],[-39,-20],[50,-69],[96,-22],[7,-70],[-21,-71],[16,-48],[-37,-131],[3,-68],[-45,-138],[41,-36],[4,-31],[-40,-35],[-50,-5],[-23,-87],[20,-107],[51,-58],[-34,-20],[-66,-3],[-22,-61],[11,-24],[-39,-57],[-31,-8],[-21,-58],[-79,-46],[-16,-40],[-1,-66],[-35,-72],[3,-71],[-90,-2],[-83,10],[-51,-14],[-46,-44],[-47,-94],[-109,-76],[-21,-42],[-73,-22],[-79,-63],[-108,-20],[-56,-26],[-22,-82],[-60,-59],[7,-134],[25,-5],[-17,-82],[60,-30],[28,-86],[43,-18],[53,17]],[[100993,42744],[5,-62],[140,-17],[-19,-54],[12,-40],[-19,-35],[-67,-40],[-69,9],[3,66],[-52,73],[66,100]],[[63164,26101],[-22,14],[-128,23],[-25,-38],[-121,-24],[-38,5],[-48,30],[-22,-39],[28,-32],[-18,-48],[-76,-52],[-99,-2],[-13,34],[-50,4],[-16,-30],[-42,11],[-5,39],[-56,80],[-55,14],[-45,56],[-40,-10],[-60,16],[-75,45],[-143,52],[-85,10],[-31,18],[-65,-49],[-18,18],[31,93],[9,67],[-28,23],[-71,-8],[-70,26],[-73,68],[-94,164],[-309,556]],[[61191,27235],[74,56],[77,-15],[253,65],[197,-71],[153,-47],[95,-43],[20,8],[92,-26]],[[62152,27162],[-39,-45],[-30,-9],[18,-50],[-12,-78],[44,-80],[52,13],[69,-67],[2,-47],[45,-66],[42,34],[106,-31],[89,-37],[78,-11],[57,-43],[34,-2],[59,-89],[70,-13],[28,-59],[59,-36],[52,-8],[17,44],[71,73],[67,82],[161,-36],[85,58],[74,-35],[-8,-41]],[[63442,26583],[-31,-140],[-43,-104],[-50,-56]],[[64079,27325],[62,0],[52,-16],[115,-59],[31,-92],[-2,-182],[-92,-11],[-78,24],[-26,-9],[-36,-69],[-64,-20],[-82,-63],[-121,-2],[-15,-73],[-44,-65],[-41,-26],[-40,0],[-22,-27],[-50,-15],[-92,3],[-92,-40]],[[62152,27162],[220,82],[110,15],[9,38],[87,27],[101,69],[60,-42],[47,36],[54,140]],[[61191,27235],[-15,26]],[[62076,27965],[182,-112],[117,-46],[98,-16],[87,49],[43,-6],[96,13]],[[11841,42876],[254,-50],[43,4],[32,-65],[26,-83],[-99,-41],[-38,-93],[-102,-37],[-116,-70],[-144,-39],[17,-87],[-53,-9],[-103,-47],[-51,-39],[-75,-17],[5,-32],[-135,-347],[-11,-60]],[[11291,41764],[-47,41],[-27,51],[-33,-47],[-39,38],[-27,-9],[-52,32],[6,53],[-18,30],[13,43],[-45,69],[-117,-29],[-45,29],[-103,-11],[-174,41],[-99,66],[-96,18],[-42,42],[-59,38],[-54,15],[-7,38],[-92,4],[-37,52],[-51,34],[26,39],[-12,72],[-43,-5],[12,67],[-18,73],[-34,35]],[[9977,42683],[-5,172],[16,56],[95,-32],[28,45],[-19,51],[23,82],[-32,72],[47,35],[37,-12],[73,12],[25,26],[-2,51],[53,54],[125,1],[36,45]],[[10477,43341],[49,22],[45,0],[86,-72],[30,8],[84,64],[220,-2],[68,-68],[21,-38],[15,-166],[159,84],[253,37],[87,-62],[91,-147],[87,-61]],[[47264,12391],[13,-22],[51,33],[65,-49],[-6,-21],[-67,-11],[-56,-33],[-25,-34]],[[47239,12254],[-6,67],[31,70]],[[25664,33308],[93,-31],[77,16],[72,-44],[-32,-79],[-39,-26],[-66,15],[-86,-14],[-75,2],[-112,-31],[-42,15],[-60,-1],[0,53],[93,27],[98,20],[62,73],[17,5]],[[25934,33423],[-4,-51],[-26,-33],[-145,-46],[-87,27],[98,88],[49,-1],[85,26],[30,-10]],[[25744,34168],[77,-14],[104,8],[61,19],[74,-35],[131,39],[34,-58],[50,-39],[90,14],[51,-15],[48,-46],[12,-39],[-15,-46],[-151,-182],[-66,-43],[-67,-17],[-124,38],[-148,-55],[-65,18],[-53,175],[-9,60],[-37,40],[-99,-19],[-18,8],[21,68],[-7,41],[-37,11],[-40,52],[30,55],[39,19],[114,-57]],[[25558,34561],[110,4],[29,-46],[-25,-46],[0,-17],[8,-6],[45,6],[60,-38],[70,11],[54,-32],[52,4],[65,-36],[-22,-88],[-46,-48],[-33,-9],[-155,-3],[-107,34],[-60,59],[-90,41],[-69,69],[-59,20],[-56,39],[58,30],[51,68],[37,10],[83,-26]],[[26367,34661],[136,-18],[71,0],[54,-64],[114,-45],[57,12],[50,-52],[102,-87],[83,-130],[-24,-22],[-120,4],[-140,-28],[-90,-36],[-113,-71],[-70,-24],[-81,38],[-135,-5],[-37,65],[-34,16],[-135,-42],[-54,47],[39,92],[34,102],[131,187],[59,65],[56,12],[47,-16]],[[26064,34461],[-39,-87],[-44,30],[-67,0],[-54,30],[-81,-9],[-54,35],[-49,-4],[20,46],[2,22],[-26,41],[194,37],[126,81],[96,25],[110,17],[15,-37],[-149,-227]],[[26324,34809],[36,-15],[0,-46],[-108,-34],[-58,25],[-8,48],[64,17],[74,5]],[[26204,35036],[-39,-4],[-36,-39],[-55,33],[38,25],[17,35],[36,7],[31,-26],[8,-31]],[[26404,35122],[37,-41],[-26,-38],[-78,-41],[-88,-26],[-77,13],[1,42],[27,-1],[18,11],[-15,28],[97,51],[104,2]],[[26081,35211],[71,-65],[20,-42],[-47,-5],[-27,27],[6,34],[-23,51]],[[26675,35212],[-64,17],[-26,94],[72,-20],[55,-64],[-37,-27]],[[26589,35273],[21,-50],[-31,-14],[-42,21],[-77,80],[48,37],[67,-37],[14,-37]],[[26423,36682],[-89,55],[-39,36],[-3,45],[61,-21],[46,-37],[34,-51],[-10,-27]],[[25974,32994],[10,-40],[-18,-61],[-191,-80],[-63,-34],[-37,44],[-690,148],[-89,-37],[-135,12],[-113,-2],[-26,-24],[-97,-146],[-136,-190],[-139,-145],[-66,-61],[-114,-91],[-107,-110],[-50,-64],[25,-62],[-35,-2],[-115,-65],[5,-59],[-55,-6],[-22,-26],[-58,-16],[-51,-29],[-9,-44],[-68,-27]],[[23530,31777],[-24,-8],[-77,85],[-92,7],[-87,-16],[-11,23]],[[23239,31868],[23,224],[15,268],[26,154],[47,100],[107,99],[39,68],[3,289],[18,85],[67,56],[2,50],[-13,166],[8,45],[66,166],[11,226],[50,-27],[40,49],[-11,25],[1,1799]],[[23738,35710],[86,26],[114,12],[99,29],[139,86],[77,76],[103,135],[131,122],[136,110],[73,33],[272,77],[89,49],[195,218],[171,141],[98,53],[128,54],[63,167]],[[25712,37098],[108,-18],[70,-28],[52,-47],[89,-61],[86,-89],[68,-40],[73,-31],[64,-70],[101,-83],[46,-108],[34,-38],[114,-25],[85,-41],[113,-94],[85,-148],[44,-102],[29,-108],[5,-108],[23,-162],[39,-147],[50,-99],[32,-80],[-25,-39],[-83,9],[-98,-7],[-133,-34],[-79,1],[-196,51],[-117,-73],[46,-12],[13,-33],[-42,-59],[-60,-31],[-64,-12],[-21,-19],[-98,33],[-110,93],[-17,-47],[56,-19],[-5,-47],[26,-55],[-49,-33],[-3,-53],[81,-44],[14,-38],[-22,-39],[-101,-57],[-20,-28],[-68,-45],[-89,-79],[-61,-27],[-203,-40],[-129,24],[-47,-25],[-47,-64],[-61,-24],[15,-41],[40,-12],[4,-55],[48,-1],[65,-66],[111,-61],[-9,-53],[-31,-66],[88,-90],[-31,-92],[29,-9],[94,22],[26,-15],[15,-132],[40,-115],[43,-30],[76,-19],[25,-69],[-17,-92],[-41,-61],[-88,-30],[-49,0],[-56,-53],[-35,0],[-69,-97],[-26,-24],[-240,-54],[-18,-27],[73,-39],[47,4],[59,-18],[126,25],[145,8],[69,-30],[76,-3],[36,-47],[-46,-32],[70,-31]],[[23239,31868],[-117,34],[-54,-13],[-55,12],[-40,39],[4,33],[-85,103],[-59,-11],[-126,7],[-24,19],[2,48],[33,40],[-88,74],[-42,20],[-43,-5],[-55,105],[-16,50],[-98,-1],[-64,-12],[-19,-31],[-39,0],[-50,-44],[-49,-12],[-48,20],[3,61],[-68,57],[-85,20],[-18,-44],[-50,-25],[-169,101],[-44,-25],[-124,60],[-75,-6],[-40,-30],[-35,-64],[-38,30],[-59,-16]],[[21305,32462],[-40,72],[-58,-26],[-44,-59],[-42,-1],[-46,-41],[-29,35],[13,37],[-25,64],[-41,17],[-29,42],[-104,60],[-15,31],[22,62],[-27,64],[26,45],[9,128],[22,20],[-7,82],[41,109],[-2,47],[105,120],[26,58],[40,19],[72,84],[67,111],[6,88],[12,22],[-12,115],[-35,65],[-22,74],[9,93]],[[21197,34099],[106,-14],[74,-23],[57,23],[152,161],[39,65],[49,57],[153,118],[62,16],[102,3],[46,19],[28,54],[16,111],[47,105],[94,42],[85,2],[147,-26],[208,-16],[49,8],[72,32],[79,61],[131,160],[31,92],[34,261],[58,119],[71,83],[84,59],[86,26],[103,7],[278,6]],[[41021,14096],[-107,-4],[-42,18],[3,80],[-81,19],[-123,40],[-78,-120],[-35,16],[-46,-21],[-30,20],[-20,131],[-44,66],[-33,-3],[-38,-53],[-97,-56],[3,-55],[-20,-52],[-49,-35],[-27,-50]],[[40157,14037],[-45,-55],[-11,-43],[-52,-15],[-60,15],[-57,99],[-92,43],[-112,105],[-76,16],[-74,29]],[[39578,14231],[24,36],[55,3],[87,88],[32,99],[-34,81],[-41,36],[-17,55],[5,68],[17,26],[-17,50],[20,64],[79,98],[-21,39],[41,93],[-25,26],[11,100],[-6,88]],[[39788,15281],[78,-16],[44,-35],[125,-61],[85,-63],[207,-70],[69,-1],[83,41],[33,3],[71,63],[27,0],[23,52],[39,18],[-25,100],[-39,51],[28,17],[41,-48],[135,-40],[93,2],[105,-20],[21,-44],[37,-15],[9,50],[59,-1],[34,-152],[-9,-30],[14,-57],[36,-83],[23,-8],[34,-62],[137,-166],[140,-107],[79,-42],[48,-11],[13,-114]],[[129056,24955],[104,-216],[106,-89],[10,-203],[10,-42],[70,-15],[0,-105],[15,-114],[125,-52],[0,-162],[170,-125],[80,15],[120,-36],[-53,-243],[-57,-153],[-10,-98],[28,-120],[36,-94],[54,-83],[87,-106],[52,-104]],[[130003,22810],[-275,8],[-1150,5],[0,199],[-64,61],[-235,255],[-283,271],[-74,92],[-220,341],[-162,271],[-140,206]],[[127400,24519],[146,80],[8,126],[-10,109],[-32,43],[-5,97],[-46,91],[-25,21],[-1,46],[-78,41],[-30,31],[8,42],[-28,59],[66,110],[-20,102],[14,49],[-22,33],[-13,71],[-49,49],[-28,60],[-1,36],[26,69],[46,40],[-48,32],[16,30],[-31,27]],[[127263,26013],[53,5],[38,-25],[20,-68],[48,-7],[-26,-123],[36,-166],[51,-48],[41,-9],[72,-74],[51,-11],[31,-30],[-9,-37],[30,-50],[-3,-148],[47,-99],[96,-121],[69,-18],[86,18],[76,-44],[21,-32],[89,13],[35,31],[51,-1],[54,-37],[11,-30],[73,0],[63,-33],[21,15],[50,-18],[30,-35],[70,-7],[69,22],[27,-10],[34,41],[39,0],[34,-37],[55,-12],[12,35],[50,28],[75,62],[23,2]],[[140681,27414],[-86,-178],[-9,-113],[13,-53],[-28,-53],[12,-48],[17,-288],[17,-38]],[[140617,26643],[-36,-90],[15,-44],[-37,-58],[-84,44],[-59,5],[-56,-37],[-50,-12],[-42,15],[-51,-7],[-29,58],[-50,15],[-79,-61],[-41,-20],[-154,18],[-85,-111],[11,-627],[-22,-404],[33,-82],[-13,-38],[-65,-44],[-51,-1],[-22,-53],[59,-50],[-14,-39],[-3,-71],[-36,-54],[12,-44],[-22,-80],[-34,-30],[79,-90],[45,0],[2,-63],[45,-22],[28,-37],[-65,-85],[37,-56],[15,-114],[-65,-119],[31,-21],[33,10],[11,-55],[30,-11],[-15,-61],[17,-37],[-8,-62],[11,-57],[26,-54],[-25,-21],[41,-60],[-20,-51],[-31,-20],[-2,-44],[-65,-38],[28,-38],[-11,-81],[74,-38],[-12,-54]],[[139846,23362],[-57,-22],[-35,19],[-58,-29],[-56,25],[-210,58],[-123,29],[-135,17],[-28,36],[-61,0]],[[139083,23495],[-52,41],[-61,21],[-30,-18],[-37,38],[-32,71],[-76,-72],[-25,35],[3,39],[-45,37],[-41,-43],[-71,-21],[-73,79],[34,58],[-28,14],[-70,-35],[-65,-13],[-32,25],[-41,-14]],[[138341,23737],[-97,120],[-54,-18],[-69,42],[-64,-28],[7,64],[-59,-7],[-141,52],[-40,36],[-9,46],[-31,9],[-30,-61],[-49,40],[-39,-21],[-68,21],[-42,-62],[-43,-22],[-45,32],[-46,-16],[-31,56],[72,47],[19,30],[-20,34],[-37,2],[-59,-41],[-50,-72],[-51,-15],[-45,31],[-75,28],[-3,80],[-29,20],[-44,-45],[9,-42],[-35,-7],[-18,60],[63,73],[-34,56],[-46,-1]],[[137008,24258],[-37,47],[-18,48],[34,31],[59,15],[-12,51],[81,130],[0,71],[51,93],[-50,76],[-13,148],[-23,41],[24,54],[-24,43],[-23,84],[68,27],[12,60],[23,23],[-42,45],[-14,78],[-20,212],[-19,138],[-8,124],[-11,55],[-28,280],[-66,530],[-12,139],[-19,143],[-5,178],[-27,210],[56,16],[322,64],[145,38],[73,9],[233,54],[159,31],[11,8],[131,-19],[599,-70],[16,28],[-17,55],[18,62],[45,50],[-12,23]],[[138668,27781],[88,10],[92,-2],[67,34],[10,61],[86,35],[12,-56],[131,-68],[-16,-39],[114,-34],[58,-88],[60,-22],[19,36],[47,14],[53,-79],[30,6],[62,-34],[28,-42],[93,-9],[14,-46],[76,23],[35,74],[-48,57],[-12,38],[92,10],[84,-46],[90,-18],[57,-39],[56,9],[21,-30],[50,-15],[32,43],[49,-1],[47,-60],[164,-21],[37,47],[54,-49],[23,-40],[33,16],[25,-42]],[[135517,22767],[8,-58],[76,-173],[62,-158],[376,81],[180,27],[129,-8],[134,-114],[179,-132],[42,-80]],[[136703,22152],[-35,-16],[-211,-44],[-373,-96],[-350,-98],[-104,-38],[-357,-153],[-183,-46]],[[135090,21661],[-401,-199],[17,-365],[18,-95],[-299,-44],[-70,156],[-25,113],[4,73],[45,88],[5,74],[57,131],[98,139],[136,166],[67,63],[-141,78],[-125,35],[-125,-9]],[[134351,22065],[15,69],[32,74],[59,61],[44,161],[40,69],[50,119],[83,74],[74,109],[-7,42],[-54,36],[29,124],[-68,3],[-47,16],[-69,2],[-150,-18],[-24,8],[18,162],[12,35]],[[134388,23211],[95,11],[220,-22],[74,-30],[60,-44],[84,-40],[63,204],[58,-21],[113,-57],[93,-35],[35,-28],[-11,-62],[5,-64],[-16,-54],[75,-129],[73,-12],[66,-27],[42,-34]],[[56365,8228],[51,-18],[43,14],[35,-31],[30,28],[58,-31],[78,12],[42,-39],[-2,-76],[-140,-35],[-73,4],[-104,-26],[-114,42],[-23,28],[35,75],[51,18],[33,35]],[[58018,7884],[-11,40],[-56,-16],[-26,68],[10,32],[-9,64],[-57,18],[-55,-45],[-40,3],[-13,-54],[-65,-13],[-4,27],[-65,-25],[35,85],[-41,49],[-42,-45],[-35,13],[-45,-22],[-70,11],[7,44],[-33,17],[2,67],[-117,62],[-42,-23],[-52,56],[-50,-15],[-82,-1],[-102,55],[-45,10],[-20,85],[-58,17],[-68,-2],[-79,-31],[-57,-37],[-48,100],[-43,61],[-91,90],[-79,47]],[[56372,8676],[28,52],[22,83],[-20,118],[42,24],[21,42],[46,4],[60,70],[-6,55],[42,33],[-9,71],[-45,113],[14,48],[-55,99],[44,88]],[[56556,9576],[74,45],[13,52],[45,-36],[60,-8],[59,-43],[83,7],[57,81],[14,-26],[61,-28],[42,4],[76,46],[26,37],[82,3],[51,17],[48,-23],[25,38],[49,9]],[[61392,8433],[16,-28],[-39,-96],[7,-86],[-33,-61]],[[61343,8162],[-96,55],[-104,36],[-80,14],[-77,70],[-149,43],[-65,11],[-135,-5],[-149,-28],[-48,-3],[-127,30],[-20,46],[-87,91],[-6,23],[-50,31],[-33,45],[7,40],[-114,117],[-46,99],[-63,83],[-46,173],[76,-26]],[[76730,17451],[-37,-55],[-57,-45],[-31,-3],[-19,-59],[-64,-24],[14,-47],[31,-23],[-48,-52],[-51,-2],[-37,-48],[-50,-40],[-92,-7],[-77,15],[-29,-13],[-78,-2],[-98,26],[-43,36],[-36,5],[-21,70],[60,39],[-30,63],[-102,11],[-15,39],[-57,-16],[-19,-28],[0,-62],[-40,-39],[-55,31],[-29,33],[10,111],[-26,64],[-25,-8],[-73,67],[23,21],[-21,71]],[[75508,17580],[-17,43],[-56,40],[-1,59],[107,23],[-49,91],[55,35],[19,46],[37,-5],[98,-43],[31,18],[152,20],[10,12]],[[48015,13764],[26,14],[77,93],[62,123],[-25,70],[1,38],[48,33],[4,77],[22,35],[-28,64],[89,84],[4,43],[-53,16],[34,42],[45,3],[68,119],[68,51],[63,1],[89,53],[79,-3],[78,61],[151,-5],[50,15],[58,-3],[108,-27],[62,13]],[[49195,14774],[-20,-174],[-121,-102],[-52,-12],[-13,-82],[18,-12],[-18,-103],[12,-55],[-1,-73],[-30,-74]],[[48970,14087],[-91,9],[-40,-8],[-1,-76],[-38,-16],[-42,-119],[18,-44],[-58,-20],[21,-38],[-7,-49],[37,-6],[-27,-57],[-41,22],[-52,-31],[-94,-36],[-26,-70]],[[47681,16829],[-24,-54],[32,-48],[11,-65],[-53,-51],[1,-35],[-84,-87],[-32,-13],[-13,68],[-46,50],[58,31],[29,-1],[95,49],[-45,22],[9,53],[37,64],[25,17]],[[46963,16954],[-19,-87],[-43,66],[62,21]],[[52606,11649],[77,-4],[96,51],[47,4],[51,30],[129,28],[49,-6],[70,-41],[76,20],[46,-6],[121,47],[52,-3]],[[53420,11769],[-27,-52],[0,-62],[35,-58],[-32,-157],[39,-23],[94,-14],[51,5],[-23,-69],[-49,-27],[8,-33],[-8,-87],[-23,-93],[18,-38],[12,-93],[84,-92],[21,-74],[3,-89],[58,-84],[25,-106],[29,-29],[-3,-56],[27,-64]],[[53759,10374],[-38,8],[-23,31],[-42,0]],[[53656,10413],[-77,-29],[-68,39],[-43,9],[-39,40],[-93,36],[-51,34],[-145,-1],[-66,65],[-36,50],[-12,49],[-108,115],[0,25],[-53,62],[-85,6],[-50,15],[-31,50]],[[52699,10978],[0,83],[69,97],[51,19],[4,80],[53,47],[-30,34],[-8,43],[-103,35],[-78,-29],[-45,-35],[-23,47],[15,26],[-37,57],[-20,54],[28,37],[-7,29]],[[117772,22159],[35,-1],[-4,-75],[93,-81],[28,3],[14,-51],[50,-46],[62,-27],[95,-20],[22,-38],[-8,-61],[-58,-61],[-76,13],[-47,-5],[-58,50],[-38,75],[-87,18],[-4,49],[-54,31],[-11,64],[-46,20],[48,187],[44,-44]],[[120981,22399],[-56,-3],[-40,36],[-14,53],[11,43],[86,-55],[13,-74]],[[121377,22567],[68,-34],[48,-52],[12,-44],[-199,-20],[37,38],[9,71],[25,41]],[[122318,22725],[56,-3],[54,-40],[-67,-9],[-69,-27],[-21,83],[47,-4]],[[120484,22793],[17,-29],[136,-147],[48,-34],[47,-91],[-94,27],[-75,10],[-58,31],[-34,-5],[-35,23],[-36,70],[1,51],[-28,12],[8,62],[103,20]],[[120272,23107],[58,-34],[-23,-52],[-107,-20],[-20,90],[92,16]],[[119830,23383],[37,-42],[9,-140],[69,-149],[17,-88],[-28,-21],[-75,109],[-10,61],[-25,48],[0,53],[-44,114],[-9,52],[15,33],[44,-30]],[[118992,24370],[36,-7],[16,-33],[-28,-66],[-35,25],[-8,56],[19,25]],[[119476,25555],[28,-3],[23,-72],[28,-36],[-2,-41],[-50,-6],[-47,78],[-1,52],[21,28]],[[123401,22372],[-139,-194],[-70,-79],[-174,-169],[-102,-124],[-61,-96]],[[122855,21710],[-69,5],[-60,-18],[-89,61],[-39,0],[-42,27],[-42,69],[-50,-3],[-74,30],[10,37],[-21,92],[-29,65],[-27,-10],[-151,20],[-56,45],[15,91],[40,33],[96,28],[20,22],[48,-4],[18,47],[-78,-1],[-58,63],[16,77],[-35,87],[64,22],[15,33],[114,39],[14,-9],[115,83],[135,-28],[83,-36],[75,8],[5,-53],[28,-27],[71,2],[94,-33],[78,12],[-3,41],[59,17],[-42,33],[-63,-8],[-63,-22],[-15,75],[-67,19],[-29,-54],[-51,32],[-95,2],[-78,17],[-62,42],[-46,16],[-57,-16],[-35,-57],[-96,62],[-62,-11],[-38,10],[-31,-44],[-53,-44],[-63,-17],[-60,-149],[-57,-11],[-41,8],[-52,-36],[-76,-90],[-65,-16],[-46,53],[24,36],[-92,37],[-14,27],[24,90],[-65,64],[-4,47],[-45,46],[-69,8],[-22,-19],[-87,36],[-95,51],[-51,50],[-18,-48],[101,-72],[-35,-11],[3,-48],[27,-36],[-38,-58],[-76,-2],[-115,92],[-22,-44],[46,-32],[54,-83],[43,-43],[-10,-22],[40,-45],[-54,-79],[-46,-12],[-37,17],[4,56],[-51,83],[-64,59],[-47,-3],[-127,63],[-43,50],[-48,92],[-46,65],[-55,6],[-31,-29],[-59,33],[89,58],[43,15],[103,105],[36,22],[-55,61],[-12,45],[6,68],[-39,13],[-83,73],[-66,-6],[-33,-57],[43,-30],[11,-40],[-87,-39],[-32,-37],[-59,-22],[-32,38],[0,48],[-29,33],[-111,-79],[-89,-125],[-61,-24],[-31,18],[-35,53],[-64,159],[15,93],[-30,120],[-3,47],[-57,57],[-15,44],[-65,38],[-60,71],[-15,76],[15,44],[-21,133],[-54,-30],[-93,-120],[-8,-119],[20,-28],[39,-111],[32,-49],[12,-54],[-16,-39],[-96,102],[-41,78],[-56,81],[-57,-10],[-19,-31],[-74,-44],[-34,4],[11,113],[34,54],[6,46],[-61,99],[-7,48],[-53,54],[-65,121],[-63,60],[-10,31],[39,20],[5,68],[58,-2],[70,46],[60,107],[-38,98],[-8,66],[-41,103],[22,1],[-27,165],[-5,83],[11,44],[36,39],[68,20],[1,72],[112,56],[52,-19],[49,13],[-2,40],[20,64],[-18,46],[18,44],[81,-20],[88,122],[-14,60],[-3,80],[26,46],[34,0],[30,-38],[23,-70],[39,-10],[1,46],[-47,60],[25,30],[-30,46],[-14,75],[-41,7],[-10,-32],[-64,-49],[-74,-31],[3,-47],[-102,19],[-36,-36],[-43,2],[-39,-33],[-27,-53],[-92,-119],[-27,-18],[-17,-55],[-60,-8],[15,-87],[-15,-42],[36,-42],[-8,-47],[24,-91],[-58,-55],[18,-55],[3,-84],[27,-89],[-19,-14],[18,-104],[-13,-114],[-75,-116],[-69,-8],[-93,-26],[-9,-17],[-70,0],[-56,-38],[54,-116],[67,-97],[38,-42],[12,-42],[-25,-46],[-20,-80],[-99,-36],[-145,-103],[-28,21],[30,64],[-8,34],[-45,74],[-41,-7],[-59,43],[-41,74],[-33,38],[-113,14],[73,-72],[102,-60],[51,-47],[54,5],[35,-88],[-64,-57],[48,-69],[-26,-19],[-32,-70],[-51,-60],[-63,-44],[-71,-30],[-12,-54],[-41,-84],[5,-49],[43,-48],[14,-100],[72,-31],[47,-45],[25,-106],[-10,-19],[-65,-7],[-46,-42],[-49,11],[-3,-103],[-143,-170],[-27,-48],[-49,-43],[-16,-39],[-40,-28],[-66,0],[-73,15],[-44,31],[-93,-8],[-88,-95],[-92,-36],[-54,-100],[-48,-28],[-175,21],[-57,-12],[-63,14],[-84,34],[-48,1],[-79,-32],[-79,-87],[1,-45],[-49,-8],[-44,14],[-78,-5],[-48,36],[-39,52],[22,24],[10,64],[-27,35],[-5,43],[-53,41],[-15,143],[-37,51],[-36,-9],[-27,53],[15,53],[46,-23],[0,-31],[59,-14],[-78,189]],[[119181,25717],[107,-30],[120,14],[73,30],[276,143],[159,66],[485,213],[182,92],[122,-39]],[[120705,26206],[63,-163],[36,-153],[88,-298],[183,-303],[94,-152],[-135,-178],[-71,-136],[-58,-91],[-41,-126],[84,-167],[100,-38],[159,-72],[153,-83],[86,-38],[229,-51],[117,-51],[341,-119]],[[122133,23987],[346,-119],[433,-165],[345,-95],[135,-47],[225,-89],[142,-76],[292,-81],[-170,-218]],[[17659,38166],[-34,20],[19,37],[57,-2],[55,-45],[-97,-10]],[[17659,38166],[44,-45],[38,31],[417,529]],[[18158,38681],[1130,-648],[78,-58],[111,-41],[-35,-241],[-38,-45],[36,-41],[171,-107],[-1,20]],[[19610,37520],[11,-34],[-19,-43],[-88,-77],[-41,-24],[-15,-73],[79,-78],[57,-8],[6,-31],[-36,-58],[0,-120],[-41,-27],[23,-61],[18,-127],[89,15],[109,-47],[61,2],[13,52],[37,4],[42,51],[88,-32],[73,-38],[70,-5],[47,-24],[22,93]],[[20215,36830],[51,-98],[72,-93],[77,-2],[87,-32],[44,-34],[-30,-97],[-39,-79],[63,-77],[7,-77],[-312,-9],[-47,-137],[39,-75],[43,-26],[-37,-104],[-28,-184],[15,-40],[-22,-128],[-90,-50],[-17,-22],[-15,-108],[-44,-108],[20,-225],[11,-31]],[[20063,34994],[-69,12],[-40,36],[-60,-85],[-58,5],[-127,172],[-12,-46],[-37,-36],[-10,-92],[-43,-4],[-27,-63],[-60,126],[-29,5],[-58,51],[-28,87],[-11,72],[-28,17],[-56,101],[-26,4],[-39,-39],[-13,-82],[-39,-13],[-11,-43],[-49,-42],[-12,-46],[-47,-32],[-3,-43],[-29,-25],[33,-92],[-8,-116],[-82,-115],[5,-49],[-47,9],[-15,-31],[30,-50],[-21,-44],[-55,-62],[4,-95],[-8,-65],[-45,-52],[-21,-100],[-158,27],[-63,4],[-20,46]],[[18571,34206],[-50,74],[-58,51],[-83,35],[-96,6],[-96,-30],[-24,-39],[-104,-23],[-50,22],[-44,-22]],[[17966,34280],[-18,106],[7,31],[-28,38],[-29,4],[-51,40],[-14,91],[-75,81],[-43,18],[19,113],[-19,102],[-28,41],[23,26],[-25,133],[-31,35],[6,83],[36,22],[17,43],[61,48],[21,-31],[62,-30],[57,-3],[-5,46],[67,54],[-11,88],[18,83],[-54,44],[-56,-19],[-41,-37],[-28,68],[-33,23],[-1,50],[18,44],[3,67],[46,2],[53,47],[46,-10],[43,97],[-19,35],[8,85],[-12,59],[-69,74],[-57,29],[-86,-22],[-24,-46],[-72,15],[-30,-17],[-56,8],[-37,24],[-21,-46],[2,-48],[-33,-43],[-7,-47],[-103,47],[-59,50],[-30,54],[-80,102],[-52,37],[-40,58],[-70,33],[-30,35],[19,46],[-12,25],[-108,77],[-5,40],[-47,78],[-53,-10],[-92,63]],[[16704,36713],[39,4],[54,78],[99,51],[45,-4],[56,65],[34,81],[94,93],[43,-44],[72,-39],[98,-126],[128,-113],[117,-133],[68,-41],[56,26],[130,-99],[38,-1],[74,66],[7,55],[-2,238],[-6,31],[-42,54],[-17,58],[-34,59],[-47,50],[-67,-54],[-117,85],[-34,11],[-217,194],[-33,62],[-47,23],[-32,44],[-35,104],[-28,42],[189,135],[66,105],[-113,61],[-89,32],[70,83],[38,-25],[98,-39],[38,-31],[27,22],[-28,35],[37,34],[64,30],[12,-26],[51,48],[-14,33],[15,36]],[[59590,24250],[-78,17],[-57,36],[-75,81],[-75,51],[-22,49],[46,39],[-40,31],[-101,-37],[-104,-50],[-91,28],[-66,10]],[[58927,24505],[134,348],[50,185],[37,91],[70,-22],[176,485],[-186,290],[129,134],[51,200],[30,49],[-24,61],[11,72],[133,97],[55,53],[2,35],[-43,53],[-11,261],[-42,365],[-67,293],[-62,324],[-74,121],[-112,83],[-167,66],[-85,92],[-25,199],[13,179],[21,116],[-10,80],[-52,129],[-56,68],[-79,43],[-124,133],[-36,67],[-15,109],[-54,118],[-29,114],[-18,150],[-6,180],[-31,71],[39,74],[20,92],[4,133],[-26,74],[-43,47]],[[57783,33817],[45,35],[6,52],[-18,60],[12,23],[63,-8],[93,-62],[180,-19],[53,-33],[58,8],[25,25],[-4,170],[48,62],[93,36],[56,-19],[64,-113],[52,-218],[71,-122],[27,-61],[26,-145],[34,-106],[84,-224],[36,-130],[14,-94],[32,-78],[69,-52],[85,-41],[136,-153],[56,-24],[74,6],[225,62],[193,40],[164,-2],[151,-46],[189,-31]],[[59153,39903],[-24,-43],[-58,-7],[-41,-43],[11,-37],[61,-25],[20,-50],[32,3],[10,-44],[-1,-77],[-38,-35],[0,-44],[-29,-53],[64,-105],[4,-56],[-27,-22],[-8,-51],[75,-112],[-129,-29],[-53,-44],[-107,-35],[-107,-68],[-47,-2],[-73,70],[-56,-53],[-153,49],[-74,-52],[1,-61],[-46,-96],[-18,-7],[-130,-2],[-32,-35],[11,-91],[45,-17],[24,-35],[-12,-113],[-85,-99],[-2,-30],[-35,-35],[-3,-90],[122,-121],[48,-35],[-40,-53],[-12,-38],[-66,-53],[-44,-50],[68,-81],[1,-42],[-66,-92],[-45,0],[-51,-23],[-24,-75],[22,-54]],[[58036,37510],[-68,-47],[-39,-55],[-20,-90],[-25,-4],[-47,-47],[-12,-78],[-50,-1],[-30,-50],[-46,-39],[-43,-8],[-47,-52],[-33,-4],[-27,-53],[-51,-35],[-25,-95],[-10,-72],[-71,-45],[-148,-64],[-35,-73],[-37,-7],[-42,-68],[-104,-80],[-5,-42],[-56,-38],[-116,-106],[-62,-33],[-95,-4],[-55,25],[-100,20],[-104,-17],[-82,-45],[-77,-58]],[[56274,36145],[-46,13],[-274,55],[-46,-15],[-50,-47],[-79,20],[-31,42],[9,53],[-17,28],[-50,15],[-53,77],[-23,5],[-66,-28],[-74,-1],[-64,-37],[-67,-84],[-24,-75],[26,-73],[-13,-60],[-54,-20],[-79,20],[-199,13],[-122,75],[-77,25],[-45,-13],[-75,-59],[-54,-6],[-109,68],[-77,3],[-118,-73],[-33,-56],[64,-87],[-25,-34],[-66,-42],[-39,14],[-97,157],[-22,5],[-65,-37],[-12,-33],[-65,8],[-46,-78],[-1,-52],[26,-46],[-47,-25],[-81,32],[-156,43],[-78,-51],[-78,-24],[-136,-16],[-94,16],[-77,23],[-71,-50],[-51,-16],[-52,7],[-84,-54],[-56,-10],[-65,-33],[-81,4],[-32,42],[-20,68],[-44,38],[10,90],[-19,49],[-115,51],[-129,82],[-36,8],[-37,-21],[-53,-58],[-37,-13],[-221,-22],[-43,6],[-44,37],[-20,69],[-26,35],[-54,21],[-53,0],[-73,20],[-64,5],[-100,25],[-152,68],[-50,82],[-42,140],[31,80],[78,54],[35,101],[36,61],[11,51],[49,87],[-1,88],[-53,135],[-6,43],[19,32],[49,17],[26,28],[-4,41],[-41,37],[-83,25],[-35,50],[27,51],[64,80],[-2,101],[39,102],[48,23],[11,41],[-29,57],[-38,43],[-80,60],[-71,39],[-30,92],[-36,36],[-56,30],[-3,70],[-43,135],[-54,20],[-65,-39],[-55,-8],[-45,18],[-50,50],[-17,52]],[[50907,38436],[62,6],[-2,78],[96,-3],[-1,43],[47,54],[55,14],[26,25],[54,2],[86,68],[58,-43],[29,-39],[66,-35],[97,6],[42,41],[27,-13],[19,-56],[45,-18],[23,22],[42,-7],[19,-45],[124,61],[50,74],[-14,58],[33,32],[16,76],[47,-13],[33,53],[45,6],[24,94],[42,-8],[43,19],[98,15],[8,30],[55,-28],[93,2],[47,10],[123,-6],[131,7],[-4,55],[18,34],[-38,45],[42,28],[49,79],[-22,104],[50,34],[-14,41],[4,52],[24,13],[1,60],[73,31],[48,72],[19,48],[-1,49],[26,40],[-63,86],[-24,95],[26,45],[45,23],[101,11],[27,27],[62,18],[125,110],[71,-15],[68,41],[37,-9],[179,78],[6,49],[57,21],[65,64],[47,13],[44,-25],[30,14],[58,-20],[200,-5],[73,-22],[92,12],[45,-48],[53,-1],[35,22],[91,21],[45,-32],[77,20],[62,-24],[55,-52],[52,24],[52,-25],[13,49],[49,20],[56,81],[31,6],[64,-17],[56,-50],[75,7],[82,-18],[16,48],[67,-27],[71,-13],[57,-31],[47,-53],[-66,-95],[0,-41],[-47,-17],[28,-61],[-38,-9],[-65,-41],[-64,-18],[-35,-50],[0,-85],[96,-5],[38,-12],[59,32],[19,28],[41,-10],[53,34],[43,-9],[25,44],[75,-31],[16,-58],[56,-87],[49,14],[65,-45],[95,14],[63,39],[55,-40],[55,18],[119,-54],[66,14],[22,-35],[67,-21],[26,-38],[14,-72],[88,-18],[40,-62],[50,-40],[81,4],[37,53],[68,12],[37,34],[46,-13],[68,27],[38,-8],[33,-35],[72,-3],[4,-47],[25,-17],[14,-82],[88,-34],[-16,-57],[20,-42],[93,4],[40,36],[61,27],[41,74],[35,-4],[63,21],[156,83],[55,13],[37,41],[46,77],[-2,59],[-47,34],[107,73],[83,3],[24,34],[60,18],[29,29],[41,-9],[35,21],[20,47],[34,30],[61,23],[66,-19],[39,22],[117,6],[96,43],[55,3],[27,-34],[48,22],[64,10],[75,-76],[91,-64],[33,-40]],[[63011,9129],[43,-37],[41,-6],[51,-40],[27,-41],[157,-90],[63,-70],[44,-76],[72,-68],[33,-79],[39,-30],[47,-4],[125,-75],[39,-62],[2,-73],[-69,-103],[-52,-41],[-116,-55],[-8,-31],[-46,-43],[-20,-57],[-90,-39],[-133,47],[-54,-13],[-36,-27],[2,-89],[-92,-32]],[[63080,7895],[-14,44],[6,54],[-43,53],[-42,-10],[-46,-40],[-65,-17],[6,54],[-17,68],[15,40],[-40,37]],[[48657,11162],[-13,-49],[-78,13]],[[48566,11126],[-44,-13],[-26,24],[-71,12],[-37,-12]],[[48670,11402],[111,-1],[21,-29],[50,-14],[5,-32],[53,-29],[109,-13],[8,16],[95,-30],[74,-49],[104,-43],[124,-27],[-28,84],[52,6],[21,43],[47,-11],[7,-91],[92,-11],[57,55],[55,-35]],[[49727,11191],[19,-80],[-2,-42],[48,-88],[66,-64],[13,-33]],[[49871,10884],[-21,-115],[14,-54],[-31,-65],[-1,-61]],[[49832,10589],[-62,-3],[-73,-21],[-78,-87],[-59,-16],[-45,12],[-27,-30],[-61,-6],[4,-60],[-44,7],[-19,41],[-43,11],[-43,-20],[-89,39],[-47,64],[-55,-19]],[[49091,10501],[12,87],[26,94],[-19,43],[-7,162],[-89,22],[-36,-2],[23,93],[-135,57],[-23,-2]],[[48843,11055],[19,34],[-37,70],[-49,5],[-72,33]],[[37244,16284],[109,-115],[105,-42],[56,3],[52,27],[75,13],[116,46],[126,9],[115,-39],[73,-69],[113,-144],[87,-174],[54,-56],[85,-133],[200,-92],[119,-29],[126,0],[70,-89]],[[38925,15400],[-66,-23],[-123,-126],[-10,-61],[22,-45],[-18,-20],[-4,-70],[-34,-45],[-31,-91],[-62,-71],[6,-30],[-32,-71]],[[38573,14747],[-52,-8],[-30,41],[-33,-22],[-42,-55],[-53,17],[-29,-56],[-44,-12],[-13,-37],[-188,-46],[52,-56],[3,-28],[-73,10],[-50,36],[-69,4],[-68,-22],[-63,-44],[-5,-81],[-35,-19],[-23,-62],[-45,-58],[-44,-13],[-48,-43]],[[26456,37077],[27,-44],[51,-35],[-15,-36],[-68,3],[-3,56],[-26,50],[-36,24],[-20,47],[27,22],[35,-67],[28,-20]],[[26699,37411],[84,-48],[-16,-35],[-75,13],[7,70]],[[26217,37591],[-17,-81],[-79,-134],[-85,-6],[61,159],[55,57],[65,5]],[[26907,37737],[-15,-54],[-25,-24],[8,-71],[-39,-7],[-87,72],[-3,59],[60,-10],[101,35]],[[26635,37750],[73,-22],[-19,-68],[-54,90]],[[26275,37922],[44,-30],[-30,-93],[-39,17],[-4,49],[29,57]],[[26668,38038],[39,-59],[75,-27],[13,-49],[62,-71],[-4,-23],[-75,-10],[-15,37],[-115,192],[20,10]],[[27437,37998],[34,-17],[40,-80],[-23,-64],[-54,-31],[-7,76],[-28,1],[-52,47],[25,19],[30,47],[35,2]],[[25875,38216],[132,-93],[58,1],[68,-38],[30,-48],[86,-94],[5,-43],[-22,-68],[-119,109],[-35,66],[-75,32],[-40,-1],[-75,55],[-13,122]],[[26933,38204],[37,-4],[56,-30],[37,-50],[42,-33],[46,-79],[30,-31],[-8,-57],[14,-74],[-16,-58],[-30,9],[-2,56],[-59,16],[-51,51],[-76,36],[-69,75],[-52,76],[1,46],[34,50],[66,1]],[[25776,38247],[43,-16],[51,-43],[-6,-56],[14,-46],[92,-71],[97,-44],[113,-149],[12,-59],[-27,-83],[-87,-148],[-58,-112],[-79,-3],[-61,40],[-35,0],[3,69],[-16,30],[-88,104],[-50,91],[-6,150],[-22,44],[21,33],[14,104],[38,41],[18,95],[19,29]],[[27146,38236],[44,-25],[80,-9],[122,-101],[8,-97],[-33,-57],[-47,-3],[-42,56],[-42,20],[-60,60],[-33,59],[-21,69],[24,28]],[[26931,38267],[46,-42],[-31,-16],[-39,35],[24,23]],[[25959,38345],[71,-11],[46,-26],[35,-190],[-104,15],[-84,57],[-63,82],[54,28],[45,45]],[[26236,38159],[-72,-20],[-27,41],[-28,80],[11,87],[49,-31],[66,-121],[1,-36]],[[25897,38423],[37,-16],[31,-42],[-61,-59],[-22,22],[15,95]],[[25982,38461],[56,-8],[32,-30],[15,-83],[-45,3],[-22,35],[-55,16],[-34,55],[53,12]],[[25766,39024],[47,-56],[-32,-46],[6,-58],[26,-71],[30,-42],[57,-20],[40,-71],[3,-33],[44,-58],[-28,-24],[-52,19],[-79,-4],[-29,46],[-59,12],[-35,-20],[-32,39],[-41,4],[-11,58],[-23,2],[-27,63],[29,37],[-34,29],[52,67],[3,47],[69,48],[3,25],[73,7]],[[25813,39115],[64,-83],[-39,-24],[-39,30],[-17,46],[31,31]],[[9286,46075],[83,-50],[74,13],[60,-18],[56,-139],[73,-17],[79,46],[106,-7],[52,20],[16,-42],[110,-67],[80,16],[41,-84],[129,-31],[53,33],[28,51],[-16,18],[-30,118],[69,-44],[76,-35],[3,-43],[62,-10],[32,-32],[46,35],[64,-55]],[[11063,45345],[-66,-77],[8,-56],[-63,-95],[-30,-21],[-22,-155],[14,-30],[-25,-79],[-33,-52],[-7,-74],[51,-45]],[[56676,24898],[10,-35],[-65,-79],[-55,-22],[-21,78],[28,15],[15,33],[70,41],[18,-31]],[[56954,30045],[-24,-42],[-2,-76],[43,-81],[4,-59],[-32,-77],[3,-78],[51,-120],[85,-81],[118,-165],[67,-60],[63,-102],[12,-95],[16,-36],[101,-148],[84,-94],[35,-65],[16,-229],[-13,-243],[4,-77],[29,-88],[39,-54],[105,-101],[44,-117],[-12,-94]],[[57790,27663],[-154,-290],[-96,-216],[-75,-126],[-113,-234],[-50,-89],[-67,-146],[-18,-116],[1,-138],[19,-53],[104,-162],[64,-134],[20,-112],[6,-122],[-25,-153],[-3,-135],[-19,-37],[-8,-96],[-49,-7],[-61,-102]],[[57266,25195],[-107,18],[-64,-5],[-88,-20],[-114,-37],[-68,-32],[-43,-69],[-23,-75],[-110,-37],[-64,-44],[-21,-36],[-48,14],[-55,59],[10,50],[-25,66],[-26,-60],[50,-133],[-136,200],[-131,145],[-128,123],[-46,55],[-3,50],[-52,68],[-53,31]],[[55921,25526],[31,146],[-213,701],[-54,269],[33,139],[143,216],[201,343],[31,160],[-57,199],[-38,99],[-30,112],[9,103],[65,134],[133,144],[24,55],[-6,72],[-33,60],[-15,71],[5,65],[38,56],[57,43],[61,85],[8,151],[-14,102],[-25,49],[-58,36],[-88,12],[-87,33],[-14,75],[25,48],[4,81],[-130,79],[-191,140],[-217,84],[-140,204],[-154,2],[-8,145],[-200,212],[-28,270],[-42,247],[-61,138],[-60,90],[-177,189],[-235,153],[-65,82],[-154,72],[-120,29],[-108,12],[-401,-65],[-141,-87],[-96,-103],[-82,-39],[-234,-33],[-266,-54]],[[52747,31152],[-44,471],[-43,567],[67,211],[150,321],[35,91],[-4,64],[-76,152],[-10,0]],[[52822,33029],[72,10],[4,32],[-34,83],[30,24],[8,128],[82,31],[19,57],[74,-5],[121,-96],[35,-71],[31,-89],[46,-77],[124,49],[21,-33],[74,17],[20,-11],[53,33],[13,32],[69,71],[56,-15],[32,10]],[[53772,33209],[40,-44],[67,-35],[90,14],[133,-11],[39,47],[51,-20],[17,23],[53,15],[62,-6],[22,16],[1,49],[125,2],[72,99],[71,-19],[-1,102],[-10,43],[48,48],[86,-3],[44,-37],[148,25],[28,48],[67,45],[51,19],[106,68],[59,-5],[85,35],[42,3],[50,65],[66,-15],[45,56],[52,-69],[38,-32],[76,45],[35,-13],[61,11],[-6,65],[50,60],[63,27],[19,-71],[68,6],[38,-14],[30,-35],[33,-72],[27,0]],[[25489,21691],[62,9]],[[25551,21700],[72,-121],[85,-27],[62,-44],[108,-17],[70,-32],[73,-11],[32,-65]],[[26053,21383],[-60,-61],[-61,-106],[-16,-170],[-33,-32],[-6,-55],[-40,-93],[121,-55],[28,-42],[62,-48],[57,-64],[56,19],[54,-2],[50,31],[40,68],[64,58],[54,6],[94,-32],[32,-57],[-30,-64],[-36,-26],[-33,-52],[52,-8],[84,8],[65,-48],[28,-41],[46,-35],[-6,-39],[33,-26],[19,-162],[-67,-40],[-19,-49],[92,22],[92,-39],[90,-56],[-1,-66]],[[26958,20027],[-59,-14],[-43,-41],[-32,-4],[-30,-67],[-96,-68],[-43,-9],[-23,-30],[-59,-5],[-64,-67],[-43,7],[-31,-55],[4,-31],[-68,-101]],[[26371,19542],[-29,1],[-86,58],[-43,72],[-69,37],[-82,27],[-84,11],[-53,-33],[-49,32],[-11,45],[24,25],[-31,65],[-77,64],[-69,12],[-69,-47],[-40,32],[-37,61],[32,36],[-28,66],[-50,33],[-34,62],[4,28],[-87,52],[-37,71],[-139,118],[-80,51],[-62,64],[-86,39],[-19,31],[-153,66]],[[42320,29909],[122,-13],[-35,-41],[-66,1],[-67,-29],[-44,-4],[-62,18],[-31,31],[56,21],[47,-15],[28,24],[52,7]],[[42790,30439],[68,-47],[62,-7],[41,-46],[0,-25],[92,-90],[-78,-121],[-35,-7],[-28,-39],[-50,-20],[-73,-2],[-51,-40],[-70,-13],[-80,33],[-11,89],[35,20],[-33,79],[18,17],[-25,63],[-29,-24],[-31,32],[41,32],[27,50],[41,-41],[65,18],[41,-17],[48,59],[15,47]],[[43556,31233],[54,-18],[-64,-104],[-11,45],[21,77]],[[43594,31302],[62,-46],[1,-37],[-45,3],[-34,48],[16,32]],[[43911,31571],[17,-17],[9,-92],[-48,-24],[-34,-63],[-80,22],[33,54],[-2,61],[64,25],[41,34]],[[44642,32225],[93,-62],[72,-16],[44,13],[94,58],[62,-17],[61,1],[20,-84],[62,5],[35,-33],[41,10],[41,80],[57,11],[56,-41],[72,-7],[-16,-57],[11,-78],[33,-108],[-16,-63],[11,-67],[28,-30],[-1,-59],[-67,-29],[-64,-43],[-139,-71],[-24,-69],[-121,-32],[-162,-73],[-147,-82],[-93,-75],[-30,-41],[-79,2],[-62,14],[-92,37],[-79,49],[-67,70],[25,23],[56,8],[35,67],[44,125],[17,104],[37,148],[19,144],[-13,100],[32,47],[0,50],[35,-5],[48,95],[31,-19]],[[46400,30974],[-35,101],[-76,108],[-54,57],[-66,37],[-90,-14],[-11,45],[-55,27],[17,40],[-48,62],[-81,63],[41,55],[7,31],[62,152],[-8,22],[-235,100],[-63,13],[-74,-10],[3,26],[-50,110],[-26,19],[-61,-3],[-24,35],[4,98],[-47,44],[-65,3],[3,115],[-21,96],[21,23],[68,26],[-4,41]],[[45432,32496],[53,30],[27,33],[70,25],[-26,45],[18,35],[53,7],[32,28],[52,-18],[27,42],[41,-20],[83,26],[1,65],[39,9],[78,58],[0,93]],[[45980,32954],[122,-1],[137,-18],[127,-5],[124,-52],[124,-70],[163,-145],[89,-59],[43,-16],[149,-26],[198,-3],[21,4],[35,-95],[36,-176],[87,-325],[-24,-42],[53,-26],[56,-88],[80,-21],[35,-110],[-36,-98],[-9,-67],[-24,-23],[-17,-86],[-69,27],[-116,-4],[-87,-31],[-109,-81],[-145,-137],[-56,-16],[-100,3],[-108,-53],[-74,-7],[-87,-35],[-86,-48],[-112,-50]],[[45425,11394],[22,-23],[-3,-85],[30,-34],[-2,-39],[-47,-18],[-44,-37],[13,-51],[-3,-74],[34,-26],[38,-68],[111,-29],[45,42]],[[45619,10952],[-34,-140],[-6,-64],[18,-25],[-24,-116],[93,-29],[15,-184],[-20,-161],[-28,-22]],[[45633,10211],[-407,106],[-226,44],[-137,32],[-219,36],[-98,11],[-101,-50],[-66,13],[-82,62],[18,81]],[[52222,9673],[-37,141],[-43,-28],[-41,18],[-47,-2],[-58,30],[-17,48],[-47,81],[-36,22],[-65,75],[-85,38],[-17,57],[6,37]],[[51735,10190],[134,140],[120,94],[72,89],[71,43],[12,44],[68,94],[87,-15],[19,-127],[29,-18],[26,-89],[50,-16],[-5,63],[19,53],[69,-1],[42,18],[42,62],[-1,73],[27,63],[41,48],[18,96],[24,74]],[[53656,10413],[-13,-23],[-66,-36],[-46,2],[-44,52],[-56,24],[-63,-52],[-57,2],[-35,23],[-33,-32],[58,-63],[-5,-42],[12,-70],[31,-16],[-4,-72],[24,-37],[-8,-62],[-35,-40],[5,-55],[-22,-24]],[[52358,10400],[-55,-32],[-21,-40],[-62,-10],[5,-84],[89,-22],[-8,-27],[59,-14],[58,-84],[103,-9],[31,35],[27,77],[-51,1],[-76,56],[-27,61],[-47,31],[-25,61]],[[140617,26643],[4,-20],[94,-10],[79,16],[55,44],[69,-1],[89,-37],[203,-50],[174,-105],[176,-77],[191,-122]],[[141751,26281],[0,-271],[0,-1653],[0,-1563],[-1,-55]],[[141750,22739],[-51,51],[-51,-27],[-15,31],[-79,-10],[-11,-31],[-46,15],[6,-71],[-49,25],[-52,-15],[-67,25],[-94,-23],[-141,0],[-87,43],[-17,-27],[-48,36],[-27,40],[-48,-14],[-112,30],[-85,-28],[-35,-51],[-76,-20],[-20,-22],[-66,23],[-15,27],[-125,52],[-51,-17],[-18,37],[-68,-6],[9,-44],[-66,14],[-94,47],[-41,-23],[-53,36],[-12,43],[52,96],[-44,29],[8,81],[-60,34],[54,39],[-43,34],[28,25],[-45,33],[33,45],[-44,54],[-38,7]],[[46276,13164],[34,20],[71,5],[138,43],[150,71],[47,55],[27,7],[120,-39],[24,-62],[44,-32],[27,-54],[118,-40],[63,-31],[9,-27]],[[47148,13080],[-60,-42],[25,-31],[-20,-56],[-25,-18],[-31,-93],[-17,-116],[42,-5],[54,-49],[13,-118],[38,-17],[61,8],[24,23],[35,-31]],[[47287,12535],[-11,-121],[-12,-23]],[[47239,12254],[-185,-5],[-68,-9]],[[46986,12240],[-38,46],[-23,-11],[-132,40],[-34,75],[-49,27],[-52,-12],[-38,37],[15,33],[44,-3],[7,31],[89,28],[10,88],[-50,-6],[-10,-52],[-90,-6],[-107,17],[-74,-44],[-29,-39],[-51,6],[-130,-96],[-75,-74],[-91,-62],[-92,-35]],[[45986,12228],[-29,44]],[[22893,24036],[71,-15],[46,40],[49,20],[12,41],[100,15],[100,-37],[89,-58],[93,30],[40,-52],[54,-26],[92,3],[8,-21],[107,-21],[89,31],[74,-12],[108,54]],[[23435,23157],[-14,2]],[[34504,44397],[59,-15],[-5,-47],[59,-42],[-22,-37],[31,-46],[-34,-55],[-70,46],[25,60],[-23,55],[-48,19],[-16,65],[44,-3]],[[34257,44812],[50,-24],[-26,-40],[-69,46],[45,18]],[[35115,45130],[17,-46],[-50,-7],[-11,28],[44,25]],[[32929,45215],[42,-39],[11,-66],[56,28],[10,-97],[-38,-47],[34,-52],[66,-28],[17,38],[80,-23],[17,54],[122,6],[36,-63],[-3,-48],[-62,-1],[-33,-44],[3,-51],[42,-58],[-45,-13],[18,-66],[-59,7],[-24,21],[-69,11],[-1,-75],[-89,-23],[-17,-42],[61,7],[46,-42],[-15,-26],[-69,-21],[-31,-44],[-40,47],[-50,24],[-29,49],[12,56],[-15,39],[28,82],[17,132],[23,42],[-26,50],[25,23],[-56,38],[-40,11],[44,59],[-3,83],[-18,46],[22,16]],[[33806,45292],[20,-52],[-20,-48],[16,-35],[-44,-54],[-21,136],[49,53]],[[34958,45305],[-11,-43],[8,-65],[-38,-19],[7,98],[34,29]],[[32938,45332],[51,-1],[25,-40],[-44,-40],[-32,23],[0,58]],[[32791,45395],[38,-31],[-9,-35],[-60,-17],[-6,69],[37,14]],[[35146,45508],[40,-15],[22,-45],[-25,-17],[-82,15],[45,62]],[[35078,45509],[0,-63],[-48,12],[48,51]],[[34129,45520],[34,-75],[-30,-37],[-28,52],[24,60]],[[34832,45524],[-17,-51],[98,-29],[-10,-47],[-113,1],[-18,-51],[-34,66],[69,106],[25,5]],[[35359,45690],[44,-28],[-39,-42],[-26,58],[21,12]],[[34584,45747],[70,-44],[19,-45],[42,-19],[26,-48],[16,-63],[-46,-110],[31,-72],[-26,-77],[-57,46],[3,47],[-32,7],[-40,-50],[-34,48],[-48,36],[-21,52],[16,97],[-3,67],[-33,98],[37,33],[80,-3]],[[35254,45819],[17,-70],[-63,34],[46,36]],[[35144,45978],[5,-73],[-30,7],[25,66]],[[34741,46248],[51,-17],[17,-43],[-49,-55],[18,-44],[-5,-64],[-19,-19],[17,-108],[-11,-55],[-41,9],[1,42],[-49,7],[29,-87],[2,-47],[-25,-16],[-68,36],[-50,60],[62,98],[-39,40],[34,141],[58,49],[20,65],[47,8]],[[34561,46278],[-27,-56],[11,-58],[51,-48],[-64,-149],[-70,29],[-33,-15],[-31,51],[-9,49],[44,37],[47,6],[10,63],[-15,33],[44,44],[42,14]],[[34921,46352],[-6,-119],[-26,-116],[-55,-1],[40,52],[13,80],[-12,65],[46,39]],[[121720,12654],[39,18],[56,-27],[-1,-35],[-44,-38],[-130,27],[46,78],[34,-23]],[[121751,13102],[13,-38],[-73,-38],[-10,43],[70,33]],[[122276,13348],[-51,-12],[-67,-39],[-90,-91],[-29,-10],[-62,57],[16,27],[44,-32],[56,23],[52,66],[68,10],[-2,33],[59,-10],[6,-22]],[[121846,13682],[31,-26],[-57,-62],[-65,-20],[-4,42],[32,30],[-8,28],[71,8]],[[121749,13789],[3,-45],[46,-13],[4,-48],[-32,-5],[-27,-18],[-54,3],[-49,-16],[8,58],[47,75],[54,9]],[[121698,13859],[-24,-38],[-41,25],[36,39],[29,-26]],[[121800,13874],[-55,-68],[-59,21],[34,55],[-1,44],[22,42],[47,-47],[12,-47]],[[122563,14155],[18,-46],[48,-59],[-43,-21],[-36,28],[-48,81],[61,17]],[[121999,14070],[-29,30],[13,50],[45,17],[5,-64],[-34,-33]],[[122438,14164],[46,-22],[35,-55],[-68,-76],[-9,-129],[6,-45],[-75,-45],[-8,-47],[-50,-49],[-31,-96],[-35,-22],[-61,8],[-38,66],[-56,5],[38,99],[-25,53],[55,19],[64,91],[20,44],[11,87],[33,139],[70,44],[57,-23],[21,-46]],[[122427,14267],[-16,-11],[-74,30],[46,47],[48,-30],[-4,-36]],[[121988,14427],[3,-39],[-38,-50],[-46,2],[-42,23],[19,47],[29,32],[55,15],[20,-30]],[[122725,14542],[64,-57],[-44,-57],[-65,-142],[-33,43],[-76,-5],[-14,124],[68,8],[68,85],[32,1]],[[121973,14568],[-6,-71],[-35,-49],[-18,-1],[-35,-36],[-16,-40],[-53,23],[-53,-2],[43,102],[11,58],[70,-24],[92,40]],[[122110,14494],[-44,-15],[-50,-46],[-28,-2],[-29,40],[18,27],[5,57],[54,34],[48,12],[22,45],[27,4],[23,-44],[-46,-112]],[[122410,14526],[20,41],[43,-42],[0,-26],[58,-104],[-75,-83],[-58,36],[-63,-50],[-57,-17],[-46,20],[-8,117],[-28,61],[-48,11],[4,74],[133,102],[26,3],[56,-41],[58,-59],[-15,-43]],[[122567,14753],[-35,44],[0,51],[28,23],[39,-60],[-32,-58]],[[122473,14702],[-55,34],[12,50],[0,78],[36,54],[33,18],[6,-76],[-7,-107],[-25,-51]],[[122030,14794],[-6,-34],[35,-56],[-36,-89],[-146,-82],[-67,21],[-35,-116],[-32,-7],[-18,69],[-70,23],[-30,104],[38,6],[13,51],[25,14],[71,116],[-8,33],[4,50],[12,11],[36,74],[33,-53],[103,-38],[59,-36],[19,-61]],[[121248,14990],[-33,16],[7,66],[51,-29],[-25,-53]],[[121178,14980],[-4,-53],[-46,37],[-27,-13],[-14,89],[47,63],[31,-54],[13,-69]],[[121850,15026],[-67,22],[22,31],[28,-17],[17,-36]],[[122741,15093],[-24,-51],[-59,-81],[-55,8],[-2,54],[106,115],[34,-45]],[[122853,15185],[53,-8],[36,-36],[31,-82],[-20,-89],[-68,-96],[-83,-192],[9,-43],[-34,-79],[-112,53],[-21,33],[16,68],[-2,59],[-18,14],[-3,84],[90,131],[49,35],[22,145],[55,3]],[[121143,15191],[51,-80],[-38,0],[-36,59],[23,21]],[[121569,15212],[25,-5],[38,-70],[30,-16],[46,8],[34,-36],[50,-84],[25,-7],[-40,-96],[-12,-5],[-5,-16],[-4,-39],[11,-33],[-69,-112],[-21,-7],[-34,-47],[-40,17],[-47,-12],[-55,64],[-29,59],[-44,39],[-26,6],[-50,-16],[-46,30],[30,76],[-42,68],[5,48],[52,55],[43,8],[31,54],[46,31],[38,-3],[60,41]],[[122870,15461],[-21,-62],[-51,21],[60,66],[12,-25]],[[120547,15572],[38,-19],[33,-92],[38,-33],[79,-27],[128,-23],[72,-89],[8,-32],[53,-5],[69,-96],[34,4],[29,-44],[-38,-54],[-12,-88],[22,-39],[43,-23],[113,-94],[84,-22],[81,18],[46,-42],[32,-63],[56,-62],[62,-11],[34,-121],[43,-17],[33,-87],[-70,-23],[-24,-62],[44,-16],[-13,-88],[61,-16],[16,17],[70,-7],[-24,-84],[-64,-18],[-5,-65],[-23,-69],[-40,-25],[-41,6],[-14,-33],[-49,5],[-27,56],[-29,-43],[14,-39],[65,-44],[-136,-88],[-58,-78],[6,-54],[-36,-3],[-46,-56],[-20,-78],[59,-25],[-44,-28],[-85,-88],[-16,-38],[-104,-25],[-99,-43],[-163,-82],[-35,-41],[10,-40],[-89,33],[-65,146],[-67,78],[-32,21],[-83,-13],[-33,40],[-48,26],[-44,146],[-16,30],[95,255],[14,155],[8,5],[27,486],[27,105],[29,49],[27,-19],[33,-93],[48,-28],[53,31],[39,-12],[8,-35],[52,31],[40,-94],[30,59],[-85,96],[3,42],[39,63],[-40,10],[-40,-48],[-70,-43],[-69,-13],[-1,32],[-68,116],[0,102],[39,71],[20,164],[-29,174],[-70,199],[-21,98],[79,11]],[[122912,15647],[-6,-68],[-49,9],[22,43],[33,16]],[[121042,15696],[15,-18],[-4,-41],[-47,7],[-18,38],[54,14]],[[120640,16078],[24,-23],[-13,-48],[14,-39],[32,-6],[80,17],[-9,31],[58,27],[41,4],[22,-35],[-8,-93],[54,-56],[39,12],[32,45],[21,-35],[-86,-70],[-49,-125],[36,-45],[77,-21],[13,-54],[49,10],[63,-46],[2,-37],[84,-125],[88,-3],[44,-52],[26,-3],[11,-55],[99,-10],[40,-26],[-91,-58],[-70,-68],[-27,7],[-42,-48],[-82,37],[-33,77],[-28,19],[-9,20],[-22,-5],[-59,-20],[-45,76],[-97,84],[-42,102],[-40,39],[-44,-30],[-67,-1],[-48,41],[16,67],[54,31],[42,47],[-41,66],[-44,-32],[-26,4],[-56,-51],[-57,59],[-36,65],[2,51],[26,82],[-2,92],[52,78],[32,30]],[[121928,16299],[142,-29],[63,26],[61,-24],[-1,-56],[19,-46],[82,-48],[105,-99],[58,-39],[43,-46],[-3,-50],[60,-40],[29,-61],[-40,-69],[-25,-73],[-72,-55],[-87,-31],[6,-28],[56,16],[98,46],[21,-33],[-4,-40],[-31,-40],[22,-51],[-40,-125],[-28,-51],[-42,-130],[-65,-30],[-10,-44],[-83,-65],[-68,-5],[-71,-42],[-30,-45],[-32,9],[-64,55],[-45,10],[-24,-18],[-73,20],[-15,45],[13,16],[-18,32],[-34,21],[-23,-32],[-59,97],[-79,-6],[-42,77],[-25,22],[-40,-12],[-52,28],[-75,7],[-27,67],[-67,37],[-20,57],[-55,-40],[-10,35],[-42,14],[-39,67],[-10,40],[-89,82],[13,27],[-1,37],[-44,28],[-8,82],[22,45],[40,36],[-35,55],[99,75],[45,11],[51,-32],[20,-38],[100,83],[112,-20],[65,33],[8,30],[73,88],[13,63],[55,-7],[63,45],[36,50],[53,40],[56,-16],[45,-38]],[[122129,16319],[-49,-28],[-21,13],[31,54],[39,-39]],[[122180,16430],[-50,-50],[-32,10],[-49,-93],[-65,7],[17,43],[27,28],[27,52],[58,56],[59,11],[8,-64]],[[122643,16517],[-5,-53],[-31,-32],[-21,41],[57,44]],[[122487,16592],[0,-46],[53,-49],[15,-41],[-72,-47],[-117,28],[-2,-62],[54,-52],[51,-28],[-26,-24],[14,-72],[-25,-43],[-65,8],[-56,55],[-44,21],[-19,44],[-48,35],[-62,-3],[-29,38],[74,73],[-6,69],[15,47],[54,42],[79,13],[23,34],[58,-7],[81,-33]],[[122584,16716],[51,-47],[-98,-12],[-4,21],[51,38]],[[122520,16735],[-42,-27],[-20,37],[24,27],[38,-37]],[[120782,16891],[124,-33],[36,-34],[5,-68],[-31,-53],[32,-24],[-35,-38],[-57,12],[-46,-34],[-47,16],[-15,39],[34,217]],[[122670,16946],[-21,-55],[-65,-21],[8,60],[31,36],[47,-20]],[[122290,16960],[43,-31],[65,-30],[34,35],[28,-11],[-1,-61],[18,-81],[-37,-66],[-68,-24],[-51,27],[-16,30],[-9,38],[11,23],[-48,15],[-22,60],[-40,20],[1,31],[55,34],[37,-9]],[[121875,17503],[67,-35],[102,7],[44,-45],[41,-4],[53,27],[28,-37],[86,6],[17,-44],[56,6],[13,-46],[78,-15],[48,-57],[19,-78],[-21,-33],[-59,-11],[-26,-89],[11,-49],[-52,-86],[-43,12],[-13,38],[-156,8],[-24,39],[-48,-5],[-24,-30],[-68,77],[-15,45],[-32,25],[-19,41],[6,31],[-84,17],[-6,34],[-30,37],[-6,130],[-9,46],[51,11],[15,27]],[[121183,17495],[61,-37],[-21,-72],[-39,-42],[-53,-9],[-67,-43],[-39,-62],[-94,52],[33,47],[79,23],[67,141],[73,2]],[[121587,17600],[-9,-43],[25,-53],[57,-9],[42,97],[26,4],[0,-76],[21,-29],[51,-4],[13,-67],[4,-130],[34,-39],[6,-37],[81,-18],[-3,-32],[15,-35],[38,-30],[18,-51],[47,-62],[31,-10],[15,29],[38,6],[55,-74],[-2,-33],[43,-23],[22,-60],[41,-11],[-3,-26],[7,-41],[20,-28],[51,-34],[-179,-131],[-34,-38],[-58,-31],[-56,-54],[-9,-32],[-59,-79],[-68,2],[-23,27],[-52,16],[-69,-45],[-33,-53],[-59,-41],[-55,10],[-20,-74],[-37,-41],[-51,-78],[-48,-21],[-84,8],[-33,14],[-29,-11],[-53,-50],[-101,57],[-61,-1],[48,76],[52,152],[-53,23],[-15,36],[-44,8],[-11,31],[15,57],[37,7],[80,46],[11,96],[65,18],[34,-7],[-6,88],[25,53],[45,51],[-79,63],[-101,-92],[-38,35],[45,52],[-40,21],[-51,-4],[-11,44],[-132,-24],[-72,44],[-80,93],[82,145],[51,-2],[55,-38],[46,3],[54,-67],[30,-2],[17,-40],[46,-36],[80,38],[-26,57],[9,40],[184,145],[52,134],[-13,23],[54,56],[22,73],[-10,38],[30,31]],[[121730,17723],[-45,-42],[-15,46],[60,-4]],[[121016,17582],[-62,-22],[10,52],[-22,68],[12,59],[53,12],[36,-54],[11,-73],[-38,-42]],[[122235,17779],[-39,38],[25,48],[30,-52],[-16,-34]],[[121689,17928],[-8,-14],[-1,-25],[-34,-45],[-54,7],[52,64],[45,13]],[[121730,17723],[-44,40],[37,30],[0,51],[-27,24],[-10,47],[28,41],[94,-22],[15,-28],[88,12],[24,41],[80,14],[154,-80],[20,-170],[32,35],[34,-29],[19,-54],[54,-16],[-13,-79],[-65,-6],[69,-102],[-96,5],[-29,33],[-68,-65],[-40,-7],[-28,38],[-33,13],[-92,-14],[-17,17],[-52,15],[-54,-32],[-24,45],[-54,4],[38,117],[-56,51],[16,31]],[[122055,18053],[30,-26],[-43,-34],[-41,47],[54,13]],[[121990,18157],[36,-3],[-32,-73],[-43,-43],[-44,4],[48,99],[35,16]],[[121969,18249],[21,-5],[40,-70],[-68,1],[-47,-85],[-26,-66],[-44,-36],[-41,7],[-63,48],[-18,33],[14,45],[57,27],[98,96],[77,5]],[[17424,24184],[-32,-21],[-70,20],[6,47],[68,-22],[28,-24]],[[16878,25277],[28,-18],[22,-104],[51,-47],[-65,-17],[-36,47],[-22,87],[22,52]],[[15901,25559],[59,-18],[-4,-49],[-36,-4],[-33,44],[14,27]],[[15808,26223],[9,-51],[-50,17],[41,34]],[[16062,26422],[24,5],[64,-93],[18,-41],[44,-53],[57,-32],[49,-72],[58,-23],[81,-66],[13,-37],[70,-65],[8,-29],[61,-77],[53,-25],[23,-93],[80,-23],[-24,-58],[65,-127],[-34,-129],[3,-43],[43,-20],[-6,-52],[-84,-24],[-28,6],[-102,-21],[-28,17],[-45,-43],[48,-28],[39,-65],[-56,-17],[19,-53],[43,-57],[12,-40],[55,-41],[11,-72],[37,-9],[73,-93],[29,-70],[-17,-47],[-42,-6],[-57,19],[-21,39],[-40,29],[-10,48],[-113,66],[-9,73],[-28,52],[-45,16],[-53,-9],[-34,57],[10,67],[40,-56],[59,-7],[-98,142],[-14,41],[31,47],[-10,80],[-59,39],[-2,52],[-55,67],[-46,16],[-61,-40],[-37,28],[43,37],[-38,83],[-53,-44],[-60,144],[-79,74],[13,55],[-31,20],[35,38],[29,70],[-35,87],[18,33],[-3,72],[-37,73],[0,80],[-24,37],[21,62],[47,19],[92,10]],[[15344,27330],[102,-77],[25,-53],[110,-119],[73,-34],[68,-77],[96,-79],[51,-14],[40,-38],[8,-40],[60,-102],[10,-56],[30,-28],[29,-83],[-17,-79],[-61,3],[-32,-27],[-119,-65],[-29,-33],[29,-77],[-133,-4],[-67,25],[-27,-34],[-47,75],[-32,10],[-33,-48],[15,-52],[-71,-14],[-61,46],[40,24],[12,60],[-59,44],[-36,74],[45,96],[32,2],[-36,149],[40,33],[-19,64],[-22,8],[-42,95],[10,86],[-21,40],[-55,46],[-5,34],[38,22],[-13,32],[16,75],[5,74],[53,16]],[[14491,27798],[30,-5],[53,-57],[-24,-58],[-81,62],[22,58]],[[14107,28845],[137,-14],[52,-45],[43,-55],[73,-31],[46,-71],[-8,-38],[18,-62],[5,-74],[45,-73],[28,-95],[58,-100],[83,-62],[13,-104],[48,-5],[42,-27],[103,-135],[22,-106],[21,-21],[-2,-75],[-49,12],[-18,35],[5,66],[-37,14],[-53,-25],[-40,-1],[-45,86],[-76,9],[-42,-21],[-47,46],[-62,19],[-12,54],[-100,70],[-92,25],[-73,-12],[-18,-26],[-43,30],[-6,83],[35,16],[-80,93],[-66,10],[-37,39],[-9,55],[-30,30],[-30,91],[31,32],[95,-30],[-8,43],[-49,113],[-12,109],[54,17],[-24,52],[38,39],[73,20]],[[14020,28930],[24,-41],[-62,-4],[-15,32],[53,13]],[[14074,29046],[36,-20],[37,-50],[-58,-7],[-32,55],[17,22]],[[13218,29267],[36,-79],[-55,-15],[-15,29],[6,60],[28,5]],[[13082,29614],[90,-46],[16,-88],[-40,-25],[-93,9],[56,94],[-29,56]],[[11969,32460],[41,-28],[-16,-100],[63,47],[16,-26],[9,-76],[30,-77],[-4,-94],[-54,90],[-31,-36],[63,-102],[11,-122],[25,-64],[72,-22],[82,-50],[2,-75],[27,-92],[72,-63],[31,-73],[-40,-17],[5,-53],[84,-20],[34,-62],[-19,-154],[46,34],[46,-86],[-9,-41],[22,-51],[8,-63],[148,-109],[20,-54],[42,-49],[-17,-46],[-4,-64],[-53,18],[-62,64],[-24,-5],[90,-125],[56,-47],[56,-30],[14,-54],[50,15],[17,-32],[-15,-40],[18,-30],[-43,-62],[8,-30],[42,-6],[31,-83],[39,-15],[90,29],[51,-72],[8,-69],[24,-25],[-34,-33],[1,-50],[45,-3],[24,-72],[-29,-24],[5,-56],[-16,-56],[-69,10],[-1,52],[-35,39],[-6,61],[-73,179],[-32,39],[-29,-29],[65,-70],[35,-66],[-18,-26],[16,-45],[10,-143],[61,-97],[-48,-15],[-20,-61],[-46,38],[-90,18],[-133,-7],[-43,-72],[-44,-15],[-107,19],[-67,42],[-43,11],[-46,33],[-88,43],[-170,122],[-244,148],[-49,108],[-111,93],[36,45],[-1,53],[-95,157],[-6,59],[-116,145],[-61,90],[-31,76],[-100,138],[-56,94],[-99,115],[-52,86],[15,35],[-20,55],[-96,102],[-23,91],[58,51],[42,109],[24,24],[13,102],[30,10],[34,158],[-6,158],[11,92],[31,15],[35,51],[111,49],[64,-49],[102,12],[70,-4],[84,55],[130,24],[53,34],[46,50]],[[24890,37676],[-46,67],[16,129],[46,68],[43,-15],[18,-181],[-19,-43],[-58,-25]],[[24870,37931],[-32,87],[98,-15],[12,-41],[-78,-31]],[[23837,38578],[28,37],[71,-24],[49,-70],[100,-31],[160,-64],[105,-89],[34,-60],[47,-47],[60,-41],[105,-52],[110,-75],[50,-42],[24,-88],[5,-51],[-20,-84],[-2,-111],[-75,-106],[-94,5],[-42,45],[-36,67],[-53,53],[-76,93],[-124,42],[-65,29],[-70,9],[-250,-19],[-167,11],[-163,-9],[-109,-33],[-58,-31],[-69,-9],[-55,8],[-142,50],[-216,115],[-50,43],[-54,78],[-7,97],[73,99],[25,54],[35,3],[62,-26],[49,8],[35,41],[35,14],[59,45],[83,25],[39,33],[60,68],[60,7],[44,-32],[45,-7],[65,13],[108,50],[107,35],[37,-1],[28,-75]],[[23172,38998],[38,-27],[11,-35],[200,-198],[-36,-69],[18,-68],[-52,-6],[-40,-28],[-29,-44],[-44,-35],[-66,-17],[-72,-52],[-33,12],[-34,100],[-15,91],[-70,160],[4,74],[59,134],[130,-3],[31,11]],[[23904,39094],[191,-44],[127,-40],[244,-103],[59,-13],[102,-84],[125,-155],[77,-73],[51,-62],[25,-51],[86,-114],[97,-107],[17,-34],[-18,-40],[-2,-78],[-27,-26],[-67,-29],[-66,-12],[-91,15],[-57,63],[-213,136],[-91,38],[-110,125],[-107,71],[-115,36],[-59,27],[-58,11],[-37,41],[-33,87],[-28,-32],[-44,15],[-62,49],[-36,0],[-153,-49],[-119,-55],[-53,6],[-7,36],[72,21],[27,25],[24,64],[14,102],[59,102],[94,84],[90,44],[72,3]],[[22428,39908],[95,-105],[113,-109],[46,-63],[76,-61],[85,-53],[58,-57],[110,-93],[15,-31],[-2,-113],[-65,-125],[-11,-92],[-33,-59],[5,-22],[-40,-114],[38,-102],[51,-89],[20,-104],[29,-79],[-31,-43],[-73,28],[-32,-1],[-37,-34],[-27,-56],[-85,-27],[-82,45],[-105,117],[-110,77],[-51,49],[-128,318],[2,42],[32,113],[6,85],[-11,60],[-36,112],[-74,120],[-14,48],[66,148],[-1,131],[-53,105],[14,42],[50,-8],[126,21],[64,-21]],[[94052,45626],[37,-57],[-15,-45],[-31,-10],[-60,16],[41,39],[28,57]],[[93848,45830],[38,-36],[-25,-32],[-50,16],[3,46],[34,6]],[[94622,46537],[-27,-75],[-37,39],[64,36]],[[93826,47375],[113,-20],[56,-21],[139,-168],[23,-70],[27,4],[47,-81],[12,-44],[-89,-107],[65,5],[61,-67],[80,-138],[130,-48],[0,-76],[-13,-16],[8,-66],[23,-17],[6,-55],[-40,-48],[-18,-82],[-110,-52],[-47,-6],[-36,30],[-28,79],[-112,98],[-15,-81],[-55,15],[-3,75],[-71,-9],[-21,111],[-32,51],[14,110],[19,84],[49,61],[-5,19],[-72,40],[-21,70],[-118,50],[-50,55],[-26,7],[-62,107],[2,99],[18,48],[71,50],[81,4]],[[94193,47485],[33,-38],[-63,-14],[30,52]],[[94293,47558],[-11,-52],[-44,9],[16,38],[39,5]],[[82554,11361],[12,-49],[-87,-5],[22,41],[53,13]],[[82621,11815],[34,-12],[28,-41],[-1,-74],[-46,-86],[-64,-30],[-63,-48],[-85,-5],[-26,27],[-2,101],[27,25],[-2,60],[18,38],[139,42],[43,3]],[[80363,11902],[33,-3],[29,-44],[29,8],[43,-27],[0,-32],[111,-37],[9,-27],[-36,-57],[-102,-37],[-76,-46],[-86,69],[35,43],[4,37],[-17,68],[24,85]],[[82445,12038],[56,-45],[-19,-35],[-112,-18],[-15,37],[90,61]],[[79546,12045],[57,-2],[73,-36],[118,-7],[55,-37],[263,9],[127,-50],[56,-11],[-38,-83],[-50,3],[-97,-22],[-87,25],[-60,1],[-84,58],[-86,-12],[-84,16],[-71,39],[-64,-17],[-74,34],[-31,52],[10,23],[67,17]],[[78746,12642],[66,-12],[21,-19],[67,7],[2,-30],[-50,-33],[-59,42],[-54,-4],[7,49]],[[78963,12877],[82,-61],[46,-76],[132,-53],[45,-37],[68,-28],[37,6],[69,47],[-12,-111],[-60,-108],[-108,8],[-92,-16],[-52,35],[-62,6],[51,-67],[-26,-15],[-103,56],[-32,34],[28,63],[-83,83],[60,87],[-25,136],[37,11]],[[78385,13041],[35,-28],[-16,-27],[-51,5],[32,50]],[[79454,13589],[51,-51],[4,-77],[16,-43],[-63,-98],[-6,134],[-29,26],[-8,44],[35,65]],[[77862,13916],[25,-53],[-40,-11],[15,64]],[[78367,13989],[13,-65],[-38,-47],[-2,98],[27,14]],[[78360,14225],[24,-135],[-12,-69],[-44,13],[6,174],[26,17]],[[78339,15751],[-8,-45],[-32,-66],[17,-103],[-9,-30],[24,-48],[-20,-33],[-67,14],[-19,72],[29,79],[14,89],[25,42],[46,29]],[[78540,16837],[39,-75],[-18,-60],[44,-84],[45,-26],[-13,-28],[24,-73],[-5,-81],[7,-60],[25,-47],[49,-186],[30,-202],[-51,-65],[17,-20],[-37,-213],[-51,-128],[-9,-118],[41,-179],[-3,-153],[-51,-28],[15,-37],[-17,-55],[-47,-53],[-3,-40],[-36,-19],[26,-53],[-10,-21],[14,-83],[-37,-105],[-34,14],[-18,126],[-42,93],[0,47],[36,41],[9,43],[-10,87],[19,102],[-9,34],[19,54],[-38,41],[-71,8],[7,161],[-8,58],[-52,42],[6,54],[50,13],[32,155],[28,71],[-33,55],[-15,50],[9,36],[-16,48],[14,78],[-11,30],[5,79],[-16,53],[5,128],[17,97],[2,143],[18,76],[6,90],[46,69],[57,16]],[[78526,16928],[-16,-51],[-34,19],[16,34],[34,-2]],[[35373,16747],[17,2],[26,-17],[-43,15]],[[95250,29007],[85,-4],[81,-57],[72,-85],[1,-62],[-36,-34],[7,-29],[-71,-178],[-10,-81],[17,-115],[59,-144],[57,-92],[61,-142],[4,-46],[54,-111],[1,-38],[62,-105],[41,-89],[3,-69],[-47,-93],[-27,-22],[-100,56],[-82,64],[-74,140],[-21,107],[6,62],[-9,57],[-39,71],[-47,52],[-24,62],[-54,82],[-57,61],[-23,44],[0,52],[24,61],[-20,117],[-40,90],[-37,60],[6,102],[43,112],[26,20],[29,62],[53,75],[26,-13]],[[96921,29585],[91,-63],[-22,-41],[-86,-16],[-58,24],[-62,8],[-87,-30],[-31,50],[48,17],[109,14],[47,35],[51,2]],[[93677,29666],[24,-69],[42,-42],[52,41],[21,-8],[23,71],[95,-16],[-23,-42],[26,-77],[80,43],[77,65],[31,-50],[107,-23],[59,-34],[39,-2],[37,-27],[59,23],[90,-16],[163,34],[58,29],[108,5],[120,-16],[9,17],[86,7],[67,-13],[30,38],[65,-8],[20,13],[122,-15],[16,7],[308,-20],[97,-22],[120,-8],[99,15],[51,-10],[63,16],[35,-34],[46,-9],[135,8],[69,-36],[49,-6],[70,54],[58,-2],[-64,-65],[-17,-35],[-94,-39],[-48,-6],[-88,-70],[-49,6],[-73,33],[-140,-61],[-67,-17],[-154,41],[-121,-30],[-69,-26],[-47,-33],[-86,-33],[-105,-11],[-93,-60],[-54,14],[-70,67],[-111,57],[-78,-21],[-51,-37],[-46,-9],[-10,-38],[-50,25],[-27,-27],[-210,1],[-63,-8],[-203,10],[-80,-2],[-19,-21],[-104,-25],[-33,-17],[-55,-1],[-49,47],[-27,-15],[-148,-24],[-41,23],[51,38],[-23,37],[18,49],[-16,47],[-36,9],[-87,59],[-82,8],[-29,-79],[-39,-5],[-38,41],[-14,143],[118,167],[118,12]],[[94097,29730],[32,-73],[-49,-6],[-63,32],[20,31],[60,16]],[[97918,47713],[70,-22],[47,-82],[50,-47],[18,-64],[33,-68],[-50,-33],[-38,-48],[-61,49],[-54,10],[-97,130],[-28,81],[-3,101],[53,37],[60,-44]],[[97416,48364],[75,-76],[-1,-94],[16,-44],[54,-57],[155,-106],[25,-53],[-20,-71],[-94,-78],[62,-140],[-40,-32],[-56,84],[5,61],[-46,92],[20,151],[-30,29],[-30,-10],[-42,70],[6,36],[-51,89],[-26,14],[17,62],[1,73]],[[97805,49978],[97,-22],[36,-45],[64,28],[27,-71],[42,-27],[2,-37],[63,-15],[6,-67],[46,-31],[5,-88],[-54,-49],[-6,-123],[52,-109],[58,-63],[42,-65],[40,-104],[-57,-31],[-38,1],[-63,-31],[1,-50],[27,-59],[-43,-47],[-91,-54],[-25,-47],[-68,-71],[24,-77],[-4,-47],[27,-15],[-22,-72],[9,-24],[-19,-103],[-32,-84],[-91,-72],[-63,-4],[-141,30],[-48,-32],[-27,31],[-19,86],[7,51],[56,97],[81,31],[63,101],[32,67],[53,143],[35,49],[60,55],[6,70],[-31,51],[73,83],[-19,29],[-82,-116],[-49,-8],[-33,49],[-92,16],[-19,48],[14,63],[-26,17],[3,46],[-86,39],[30,78],[-9,51],[38,24],[-10,63],[10,35],[53,70],[-6,50],[60,38],[-15,82],[-24,21],[11,97],[59,70]],[[98793,50607],[86,-27],[-26,-48],[-48,1],[-44,42],[32,32]],[[99004,50576],[-58,1],[-12,46],[20,53],[38,44],[41,-27],[11,-48],[-13,-49],[-27,-20]],[[127360,29245],[38,-23],[39,11],[4,-69],[24,-8],[-5,-53],[-31,-30],[-33,26],[-2,60],[-48,60],[14,26]],[[127210,29301],[35,-29],[18,-108],[-22,-26],[-31,95],[0,68]],[[129493,29489],[75,-58],[28,-49],[-135,20],[-64,38],[-19,-15],[-98,26],[4,29],[109,-12],[100,21]],[[125761,29635],[37,-61],[-55,-42],[-38,23],[23,79],[33,1]],[[125685,29713],[8,-22],[-64,-22],[1,46],[55,-2]],[[124721,30233],[60,-30],[74,0],[82,-19],[64,10],[232,-49],[39,23],[52,-13],[55,10],[12,-25],[85,5],[41,-23],[100,26],[61,-3],[79,-38],[77,-22],[-2,-42],[61,11],[27,-16],[45,64],[109,14],[29,-19],[94,0],[22,-32],[37,-8],[26,25],[44,-26],[32,24],[176,-36],[44,27],[157,-13],[41,14],[51,-17],[75,-4],[63,23],[83,-66],[153,-30],[31,-28],[48,-2],[59,-52],[56,-9],[79,-33],[127,-10],[113,47],[142,-7],[201,-45],[85,-24],[127,13],[76,-14],[96,3],[102,-11],[99,-37],[78,-13],[67,17],[23,-19],[193,-91],[50,-6],[56,-29],[-11,-34],[-66,-10],[-14,-43],[-42,-10],[-20,-32],[-121,25],[-27,22],[-87,-15],[-39,-28],[-112,35],[-47,-15],[10,-45],[-16,-30],[-97,4],[-21,-32],[-40,-10],[-37,-49],[-47,-9],[-30,35],[-133,-8],[-74,-18],[-109,4],[69,-75],[-80,-2],[-43,43],[-87,-15],[-17,-28],[-47,32],[-24,-19],[-51,15],[-167,7],[-30,44],[-127,8],[-66,-10],[-23,-42],[-49,-2],[-33,-33],[-19,-47],[-48,67],[-31,-46],[-47,85],[-63,46],[-23,-47],[-39,6],[-98,64],[-83,0],[-57,32],[-75,-21],[-30,10],[-51,49],[-30,2],[-44,37],[-23,-14],[-122,22],[-23,47],[-97,51],[-48,67],[-38,35],[-34,-14],[40,-60],[-49,2],[-38,75],[-49,43],[-36,4],[-66,-57],[-92,76],[-59,-14],[8,57],[-72,26],[-45,-32],[-92,82],[-38,20],[-62,-39],[-51,-15],[-52,65],[-47,8],[-77,-35],[-18,33],[-41,12],[-57,-21],[-51,63],[-40,8],[-12,-37],[-56,-13],[5,42],[-37,11],[-26,-49],[-104,-2],[-2,66],[-22,21],[4,46],[-25,18],[-47,-12],[-2,78],[33,43],[65,1]],[[123624,30662],[44,-41],[38,11],[27,-50],[73,41],[24,-18],[90,28],[6,-47],[-32,-13],[45,-48],[31,70],[42,7],[12,-32],[-24,-31],[37,-58],[32,82],[-13,45],[94,11],[18,-26],[76,-24],[16,-35],[-83,-45],[-61,9],[-54,-33],[-44,-10],[-53,37],[-64,-20],[-100,44],[-28,-23],[-47,-4],[-54,41],[-64,22],[-30,-26],[-41,22],[32,53],[34,14],[21,47]],[[20391,29293],[21,-16],[21,-99],[37,-58],[-4,-31],[46,-56],[117,-47],[31,-34],[8,-89],[118,-115],[-6,-38],[34,-73],[57,-43],[6,-98],[46,-22],[50,-52],[29,-87],[-54,38],[-47,-58],[-41,-4],[-25,-25],[-4,-57],[-48,-77],[-32,-11],[-11,-48],[7,-54],[-37,-57],[-39,-34],[-5,-45],[-75,-69],[-56,16],[-37,-17],[-46,12],[-36,-28],[-38,13],[-19,43],[-57,-2],[-23,-88],[-139,31],[19,-52],[-18,-122],[28,-34],[-5,-109]],[[20164,27497],[-87,58],[-137,73],[-112,74],[-37,39],[-82,39],[-279,186],[-105,89]],[[19325,28055],[-10,85]],[[19315,28140],[271,190],[-6,52],[78,-17],[45,29],[22,48],[-19,122],[42,52],[66,-10],[40,52],[-55,95],[2,44],[-40,63],[-80,-16],[-343,13],[-54,-19],[-96,-102]],[[19188,28736],[-105,179],[-3,90],[-42,25],[-30,43],[-75,76],[-48,34],[6,46],[58,55],[8,48],[39,59],[-62,93],[-16,91],[-35,28],[-5,50],[-36,50],[9,64],[0,189]],[[18851,29956],[62,-28],[53,-54],[79,78],[14,-88],[40,-32],[60,-1],[35,43],[75,47],[128,-16],[65,13],[17,33],[85,-22],[120,22],[29,47],[53,-21]],[[46712,26204],[99,-99],[-4,-31],[-48,-49],[-40,-21],[-38,11],[-24,39],[-35,-12],[-23,49],[68,26],[45,87]],[[46538,26775],[45,-61],[-32,-27],[22,-93],[-13,-60],[-117,-36],[-68,28],[-23,33],[42,35],[28,97],[49,33],[21,52],[46,-1]],[[45980,32954],[27,72],[-20,31],[-97,-39],[-44,18],[-30,39],[18,48],[-14,47],[-65,88],[-40,-5],[-24,-52],[-86,14],[10,82],[39,44],[103,68],[26,54],[39,24],[-6,68],[25,45],[97,65],[60,56],[29,46],[52,9]],[[46079,33776],[36,-7],[50,64],[40,21],[31,81],[34,7],[36,38],[17,60],[-11,31],[35,58],[80,-6],[26,-31],[40,4],[29,-87],[69,-3],[62,-34],[51,40],[52,14],[90,-2],[117,-80],[73,22],[78,-38],[56,128],[83,53],[67,-9],[14,-54],[-44,-27],[-20,-41],[17,-38],[46,-13],[-4,-53],[45,-13],[44,32],[5,32],[35,22],[4,132],[-33,80],[76,46],[35,54],[62,49],[41,17],[174,-41],[104,-88]],[[47921,34196],[14,-44],[83,-82],[33,-58],[39,-117],[-11,-27],[2,-127],[25,-74],[30,-53],[-5,-65],[21,-167],[38,8],[90,-16],[62,-36],[52,31],[64,-8],[39,11],[51,41],[119,27],[27,36],[96,71],[20,130],[67,68],[-16,50],[101,101],[67,-10],[79,-62],[77,-11],[142,-60],[101,2],[103,12],[15,12]],[[49546,33779],[21,-26],[72,-2],[43,-29],[54,-9],[92,7],[67,-36]],[[49895,33684],[40,-49],[20,-70],[54,-85],[81,2],[-1,-70],[-54,-35],[-5,-25],[-75,-98],[0,-16],[57,-84],[3,-93],[-37,-71],[15,-138],[-69,-154],[18,-33],[1,-69],[-39,-45],[-35,-8],[-49,58],[-44,-3],[-24,-37],[37,-67],[7,-47],[-44,-31],[-97,-36],[-31,-67],[25,-26],[67,-3],[6,-54],[-7,-95],[168,-25],[41,-29],[41,-52],[125,-186],[-11,-121],[-77,-127],[8,-59],[64,-50],[-9,-85],[43,-74],[95,10],[34,-6],[7,-115],[28,-27],[92,-45],[50,-46]],[[50414,31098],[-119,-14],[-1,-50],[-22,-50],[-128,-118],[-72,-46],[-114,-14],[-81,-56],[-121,12],[-58,-54],[-29,-72],[-4,-81],[-26,-45],[-2,-128],[-66,0],[-69,-21],[-22,66],[-24,10],[-75,-16],[-57,-71],[-65,22],[-19,49],[-34,3],[-50,-63],[-33,-64],[-118,-18],[-42,-23],[-32,-66],[-94,-58],[-12,-139],[27,-29],[57,11],[32,-32],[24,-77],[50,-23],[81,32],[30,84],[31,39],[36,10],[36,-24],[53,-65],[8,-98],[31,-55],[-12,-44],[5,-63],[-27,-75],[-57,-53],[-26,-65],[-11,-131],[59,-61],[7,-37],[-17,-66],[-33,-67],[33,-22],[85,4],[109,-108],[19,-80],[78,6],[16,-12],[-21,-93],[-71,-42],[-9,-43],[28,-149]],[[49476,28565],[14,-75],[24,-64],[-19,-54],[-27,-22],[-2,-58],[-69,-62],[-27,-60],[54,-100],[28,-19],[34,-69],[32,-127],[30,-77],[20,-118],[22,-78],[8,-80],[-1,-114],[27,-99],[5,-85],[57,-173],[-2,-93],[-42,-59],[-5,-32],[30,-43],[48,-19],[48,4],[38,-49],[-7,-65],[-37,-39],[-34,-74],[-105,-55],[-33,-30],[-57,-13],[-78,-34],[-77,-10],[-66,-30],[-39,-102],[-72,-50],[-27,-50],[-122,-34],[-38,6],[-81,-16],[-27,-33],[-128,-44],[-41,-36],[-78,-1],[-137,-114],[-64,-147]],[[48453,25769],[-32,-49],[-65,-24],[-94,-66],[-70,-26],[-71,33],[4,53],[-45,55],[-4,36],[72,-26],[6,35],[-11,166],[-14,78],[-41,100],[-60,70],[-85,42],[-34,3],[-71,-20],[-6,-19],[-74,-7],[-117,-56],[-161,-84],[-67,-47],[-140,-113],[-139,-143],[-80,67],[-48,17],[-24,29],[-29,121],[-73,99],[83,115],[36,118],[7,52],[-11,94],[-16,34],[-118,61],[29,30],[19,106],[-36,46],[-24,113],[-74,44],[-59,11],[-36,-13],[-26,56],[72,48],[29,40],[20,61],[2,77],[20,73],[-11,48],[-29,35],[-11,138],[-50,56],[-28,10],[-16,51],[9,36],[-14,115],[-16,61],[7,70],[-21,84],[-77,138],[-82,90],[22,86],[-15,90],[60,77],[21,94],[9,91],[-2,121],[-18,53],[14,51],[-25,43],[-27,111],[-45,82],[-55,75],[-67,42],[-90,25],[-70,39],[-56,49],[-99,59],[-59,23],[-72,94],[70,29],[-47,45],[15,101],[100,-3],[-17,39],[54,1],[81,72],[50,82],[51,46],[50,117],[27,260],[-20,185],[27,98],[62,111],[-22,82],[46,44],[8,107],[-19,62]],[[48356,10971],[112,-15],[17,-59],[61,-11],[83,-89],[-33,-46],[-15,-54],[-27,-34],[8,-61],[-34,-84],[-142,-188]],[[47866,10327],[-32,-7],[-82,87],[-47,7],[0,79],[-71,334],[-1,66],[-24,89],[-14,104],[-31,50]],[[63036,7457],[-16,-38],[-48,-43],[-17,19],[81,62]],[[63306,7504],[51,-9],[31,-35],[16,-61],[38,-64],[75,-76],[23,-69],[-55,-44],[-19,-47],[-50,-67],[-61,22],[-65,40],[-75,27],[-39,50],[-75,28],[-33,49],[-75,12],[14,36],[-26,34],[88,121],[77,53],[83,-16],[77,16]],[[62999,7533],[47,-9],[10,-30],[-64,-58],[-43,-3],[-30,37],[57,11],[23,52]],[[63080,7895],[-49,-14],[-46,-49],[-145,-23],[-95,8]],[[81413,22243],[-33,-82],[77,-18],[30,46],[43,-6],[7,-45],[-19,-44],[-68,12],[-27,-26],[42,-104],[-76,42],[-75,-20],[25,80],[-9,35],[-41,2],[-6,55],[62,-17],[27,29],[12,61],[29,0]],[[81237,22261],[26,-60],[-26,-9],[-46,35],[46,34]],[[81549,20618],[19,53],[-6,77],[35,66],[44,150],[49,135],[22,169],[-16,45],[-7,96],[23,88],[-1,34],[33,80],[-12,94],[60,-39],[58,16],[35,47],[26,183],[64,58],[26,63],[-5,75],[-25,52],[-3,68],[10,74],[-58,17],[-10,34],[-47,11],[-29,29],[-32,-13],[-70,48],[-74,32],[-80,2],[-63,22],[-23,-43],[-26,6],[-49,49],[-43,26],[-132,-16],[-85,60],[-29,75],[-47,55],[-17,98],[-41,78],[-61,16],[-23,-17],[-24,-68],[-69,-6],[4,32],[55,65],[-46,16],[37,88],[-58,81],[-75,8],[-68,-21],[-73,11],[-26,77],[-61,74],[-112,101]],[[80423,23329],[173,140],[190,90],[92,53]],[[80878,23612],[22,-28],[92,-70],[78,-15],[67,6],[21,55],[-25,26],[56,72],[50,47],[67,43],[52,18],[61,-27],[17,-53],[-16,-159],[9,-55],[89,-57],[54,-9],[82,-38],[94,-73],[45,-73],[66,-64],[105,-70],[16,-129],[42,-100],[46,-25],[83,0],[86,-111],[8,-63],[-61,-23],[3,-44],[62,-51],[68,-16],[124,-137],[11,-22],[18,-147],[27,-159],[-7,-97],[-75,-90],[-11,-136],[-33,-12],[5,-66],[64,-23],[52,-63],[88,-289],[-20,-43],[19,-55]],[[80878,23612],[-29,134],[-20,44],[-54,32],[-24,48],[-79,51],[-46,71],[-34,8],[-26,53],[-4,54],[-40,10],[-54,47],[36,61],[40,28],[33,77],[-100,80],[39,71],[-14,42],[83,117],[8,151],[28,-13],[50,71],[108,64],[22,85],[78,9],[81,-4],[35,-60],[47,-122],[37,-64],[58,-63],[87,-56],[155,-49],[79,14]],[[81458,24603],[107,-195],[85,-121]],[[81650,24287],[65,-89],[7,-69],[21,-42],[-1,-97],[83,-144],[62,-187],[23,-39],[75,-78],[-13,-60],[33,-117],[69,-5],[65,26],[71,-47],[-2,-46],[50,-61],[78,39],[69,-3],[52,35],[15,36],[65,57],[127,-20],[99,-76],[-28,-58],[23,-57],[140,-99],[70,-29],[15,-35],[79,-110],[25,-76],[-10,-150],[-40,-179],[7,-125],[18,-96],[34,-63],[47,-46],[21,-82]],[[83164,22095],[51,-165],[11,-61],[-12,-242],[-1,-267],[-20,-28],[-74,-14],[-10,-18],[-213,3]],[[80423,23329],[-66,105],[-62,41],[-69,17],[-108,68],[-43,69],[-108,96],[-102,102],[-21,36],[-36,15],[1,61],[-79,90],[-23,115],[-26,183],[31,55],[40,19],[27,36],[-6,51],[37,30],[44,78],[53,57],[59,17],[-1,123],[68,109],[128,43],[6,48],[34,74],[53,24],[17,47],[-1,105],[16,23],[-15,87],[-26,42],[26,23],[7,122],[-40,28],[-6,44],[25,33],[67,-18],[6,67],[21,45],[-40,45],[-15,50],[64,3],[-8,62],[26,78],[-38,54],[-36,106],[-51,12],[-45,126],[-26,-60],[-33,37],[-77,-9],[-10,30]],[[80062,26273],[96,37],[54,91],[98,13],[35,26],[128,-38],[100,-77],[55,-8],[16,-42],[81,-86],[61,13],[5,27],[51,64],[121,21],[46,37],[71,-2],[43,-85],[25,-82],[53,-127],[-8,-28],[-56,-55],[-25,-44],[64,-101],[25,-15]],[[81201,25812],[38,-113],[-22,-50],[-5,-85],[63,-61],[21,-86],[64,-25],[22,-118],[62,-53],[17,-31],[-20,-167],[-17,-89],[4,-81]],[[81428,24853],[-11,-171],[41,-79]],[[85378,22867],[42,-28],[-64,-32],[-27,42],[49,18]],[[81650,24287],[28,36],[58,125],[71,42],[139,-79],[59,-41],[65,15],[71,0],[28,-25],[-40,-97],[34,-44],[95,-40],[78,-21],[69,25],[47,-2],[15,-25],[-9,-73],[30,-76],[-7,-32],[20,-57],[45,-59],[73,41],[117,36],[82,-36],[72,25],[200,-48],[74,-33],[62,-63],[83,-41],[42,-73],[-39,-66],[32,-46],[16,-67],[70,-61],[74,2],[66,-32],[59,16],[22,-84],[76,-67],[32,18],[27,46],[50,14],[65,-15],[110,-66],[23,-26],[14,-114],[91,-78],[10,-101],[91,-21],[41,35],[178,-9],[45,30],[-18,30],[27,32],[84,11],[29,48]],[[84626,23096],[33,-3],[90,-129],[-6,-66],[55,-43],[109,-23],[84,26],[71,-7],[90,17],[80,-18],[-16,-100],[-99,-34],[-12,-35]],[[85105,22681],[-134,31],[-129,-5],[-51,21],[-48,82],[-79,0],[-39,-31],[-51,-69],[1,-84],[-36,-134]],[[84539,22492],[-60,-8],[-152,28],[-67,-30],[14,-45],[-78,13],[-58,60],[-46,-11],[-75,17],[-90,-20],[-61,6],[-128,-117],[-6,-77],[-90,-38],[-179,-91],[-24,-40],[-76,3],[-61,-29],[-56,8],[-82,-26]],[[81201,25812],[73,-17],[95,-72],[87,-14],[52,-20],[24,45],[83,67],[50,14],[53,38],[45,68],[22,62],[57,-2],[108,60],[50,-7],[64,37],[51,-13],[96,-8]],[[82211,26050],[26,-5],[63,-58],[50,14],[66,-24],[46,-33],[13,-29],[63,-5],[85,-48],[19,-31],[50,-7],[50,23],[39,-24],[155,-60],[88,43],[44,4],[132,57],[100,-6],[69,34],[55,-41]],[[83424,25854],[-33,-40],[-697,-743],[-42,-66],[-116,-55],[-46,0],[-35,-22],[-53,51],[-38,-34],[-145,53],[-49,30],[18,58],[-88,107],[-49,23],[-67,-19],[-63,19],[-84,-89],[-32,-47],[-98,-70],[-57,0],[-47,-51],[-175,-106]],[[86328,22581],[79,-54],[65,-29],[34,-38],[55,-16],[88,15],[41,31],[43,-11],[40,13],[81,-7],[103,-51],[20,-44],[71,-86],[9,-66],[-21,-44],[-10,-78],[-51,-66],[-57,-28],[-16,-58],[-83,-90],[-46,-24],[-31,-56],[-9,-47],[-50,-51],[-80,-13],[-54,29],[-69,8],[-138,87],[-48,54],[-50,4],[-38,111],[-80,92],[-58,147],[25,24],[-29,67],[39,49],[68,-11],[14,61],[61,48],[7,53],[46,80],[29,-5]],[[84539,22492],[0,-33],[91,-45],[50,-62],[63,-101],[62,-27],[60,44],[82,28],[8,-44],[42,-4],[22,24],[60,163],[63,23],[46,51]],[[85188,22509],[24,-17],[22,-90],[-52,-70],[5,-82],[48,-100],[-10,-60],[53,-84],[48,8],[59,82],[42,-50],[61,7],[7,-36],[71,13],[80,-14],[88,65],[19,39],[-79,50],[-22,39],[-57,-3],[-22,50],[-46,52],[16,30],[44,-13],[92,-6],[65,21],[47,-35],[31,-71],[38,-36],[12,-53],[32,-53],[24,-144],[27,-57],[-22,-40],[8,-49],[36,-25],[-2,-42],[-57,-82],[-10,-93],[47,-157],[-17,-48],[23,-33],[-57,-134],[-100,-16],[-28,-36],[-19,-60],[-47,19],[-27,42],[-129,67],[-48,63],[-35,21],[-24,43],[-43,15],[-12,36],[-68,74],[-66,12],[-43,-38],[22,-74],[60,-26],[25,-31],[14,-62],[137,-108],[30,20],[32,-70],[-12,-132],[-50,-69],[-90,28],[-27,34],[2,48],[-39,19],[-53,-43],[41,-67],[-56,-11],[-24,82],[1,88],[-74,57],[-79,90],[-92,40],[-63,-17],[-2,-49],[-95,-31],[-39,-52],[-53,-27],[-79,8],[-65,40],[-76,-7],[-51,17],[-78,-71],[-43,-5],[-36,-28],[-64,4],[-5,-33],[-100,-2],[-75,-37],[-97,-20],[-94,38],[-53,-13],[-35,-49],[-34,-22],[-62,-67],[-60,-18],[-52,12],[-25,-21],[-46,21]],[[84185,24026],[62,-53],[-36,-48],[48,-40],[-54,-27],[-84,23],[-50,-13],[-33,31],[52,104],[34,23],[61,0]],[[84543,24304],[75,-68],[4,-36],[-44,-35],[-6,-39],[-61,-21],[-81,129],[1,52],[-24,22],[17,72],[-1,63],[41,5],[22,-93],[57,-51]],[[83424,25854],[7,-52],[32,-71],[51,-44],[70,-27],[35,1],[106,-26],[13,-19],[-27,-155],[61,-48],[61,-62],[33,-53],[32,-19],[64,18],[40,-32],[71,6],[21,-40],[56,-30],[-11,-94],[-38,-59],[-9,-44],[20,-37],[-20,-56],[47,-57]],[[84139,24854],[-33,-49],[-34,-149],[38,-83],[32,-29],[37,22],[43,-6],[10,-35],[41,-32],[53,19],[11,-34],[48,-54],[-10,-57],[-36,-107],[-36,20],[0,36],[-62,104],[-56,-20],[12,88],[-34,37],[-29,-30],[-89,66],[-19,-53],[-48,-55],[-17,31],[-43,-2],[-5,-31],[35,-55],[56,-62],[28,1],[47,-55],[24,-54],[-60,-123],[-8,-99],[-13,-43],[-77,-44],[-109,7],[-39,-8],[-10,-32],[0,-111],[100,-115],[55,-33],[-1,-30],[61,-40],[106,-46],[11,-47],[65,-65],[1,-26],[115,-59],[61,43],[34,4],[25,-38],[58,-5],[38,19],[32,-14],[22,-100],[61,-88],[-5,-37]],[[102513,23745],[-43,-23],[29,-49],[50,-31],[39,-46],[16,-48],[-5,-48],[-76,-21],[-31,-92],[-116,-61],[-105,-10],[-31,24],[-71,-17],[-26,-71],[-74,-18],[-98,-54],[28,73],[58,28],[21,56],[76,122],[52,17],[53,85],[84,68],[25,-4],[62,52],[-33,35],[-65,-14],[-55,-27],[21,-57],[-73,-7],[-80,-25],[-89,-56],[-44,-18],[-28,-70],[-52,3]],[[101932,23441],[-64,47],[-53,14],[-33,31],[-18,59],[34,56],[32,18],[46,-27],[97,58],[98,1],[37,25],[168,7],[2,50],[69,87],[45,-5],[20,28],[98,-85],[3,-60]],[[67266,32010],[28,-23],[66,-20],[43,13],[65,-26],[16,-56],[76,-56],[4,-32],[46,-1],[72,-54],[97,-16],[58,-35]],[[67837,31704],[-35,-137],[-34,-54],[-77,-49],[-12,-29],[-110,-87],[-159,-79],[-92,7],[-134,-25],[-17,29],[34,46],[-2,60],[-73,14],[-36,35]],[[67090,31435],[-42,41],[27,79],[-57,158],[-102,57],[-23,35],[47,76],[-15,34],[71,13],[30,-13],[35,50],[7,46],[25,20],[60,-32],[17,-28],[52,9],[44,30]],[[813,53211],[70,45],[23,45],[112,81],[62,10]],[[31846,17627],[-38,53],[-30,11],[-15,105],[-45,56],[-46,22],[-60,-11],[-51,-41],[-14,-33],[8,-56]],[[31555,17733],[-42,-9],[-66,143],[-37,17],[-4,67],[-71,13],[-18,29],[85,67],[25,56],[25,14]],[[31452,18130],[38,20],[34,53],[57,17],[18,-58],[42,36],[27,-15],[8,-61],[42,31],[8,-53],[84,-104],[20,-40],[-9,-52],[-36,-51],[13,-90],[28,-45],[30,-17],[28,-50],[-38,-24]],[[38628,13113],[53,-19],[14,72],[-40,69],[48,21]],[[61356,23816],[-81,70],[-12,75],[-39,-22],[-82,30],[-49,32],[-10,49],[-70,-1],[-71,30],[-74,16],[-177,-14]],[[63981,20380],[-19,-43],[-93,-80],[-52,-1],[22,54],[98,64],[44,6]],[[63749,20458],[-31,29],[55,41],[15,-17],[-39,-53]],[[65675,23110],[-21,-92],[-43,23],[64,69]],[[65735,23745],[-20,73],[52,-25],[-32,-48]],[[65950,24569],[65,-19],[13,-74],[-12,-39],[9,-61],[-45,-134],[0,-92],[-37,-112],[-8,-87],[8,-52],[-17,-63],[-11,-120],[-38,-1],[-7,-63],[-70,-19],[-31,129],[9,33],[-35,109],[-30,32],[-64,12],[63,162],[37,170],[27,36],[114,90],[23,41],[4,52],[33,70]],[[65486,25050],[22,-28],[44,-6],[-28,-51],[-7,-46],[18,-37],[-6,-61],[-20,-23],[-8,-114],[-28,-70],[-19,-89],[30,-72],[88,-82],[56,-74],[24,-85],[0,-96],[-68,-22],[-66,-53],[8,-87],[23,-36],[34,-7],[47,-75],[-41,-39],[-7,-64],[31,-59],[-13,-35],[-2,-88],[20,-27],[-10,-70],[16,-42],[32,-22],[47,12],[-7,-52],[-64,-127],[-46,-15],[-50,-40],[-15,-60],[12,-36],[72,-66],[-11,-48],[40,-29],[-12,-45],[20,-47],[-1,-51],[-62,-8],[-11,32],[-44,5],[-88,-112],[-40,6],[-71,-35],[-16,-27],[1,-75],[-94,-44],[-49,-80],[-47,-45],[-80,16],[-45,-68],[-18,-95],[-21,5],[28,79],[-38,-1],[-49,60],[-40,-17],[-44,86],[46,37],[-20,47],[29,36],[13,70],[46,99],[-18,57],[-27,14],[8,89],[-4,70],[51,66],[-28,122],[-61,103],[-88,109],[4,28],[-29,47],[-7,50],[-25,28],[20,90],[-23,51],[18,33],[-2,50],[57,55],[25,42],[28,113],[3,48],[-20,41],[5,82],[-8,41],[93,132],[32,106],[29,49],[45,119],[4,45],[28,106],[28,28],[48,-10],[14,27],[69,28],[12,21],[182,140],[23,35],[73,38]],[[65226,25612],[35,-21],[-40,-51],[-21,60],[26,12]],[[65081,25750],[27,-41],[-44,-15],[-40,24],[14,27],[43,5]],[[65143,25763],[88,-27],[-24,-125],[-44,25],[13,54],[-64,23],[-15,32],[46,18]],[[65148,26056],[60,-41],[32,-51],[23,1],[49,-51],[-47,-24],[-118,48],[-15,61],[16,57]],[[65654,27216],[26,-53],[-1,-90],[-19,-34],[-75,-40],[2,19],[-5,46],[23,50],[27,11],[-1,89],[23,2]],[[64222,27696],[24,4],[44,48],[46,-7],[27,133],[74,-12],[51,9],[57,-26],[89,91],[31,-25],[39,22],[87,-33],[145,26],[206,-8],[40,41],[202,-7],[29,-59],[113,-39],[109,-4],[80,-15],[144,-36],[227,-45],[118,-34],[144,-62],[60,-16]],[[66408,27642],[-39,-117],[0,-57],[-60,-121],[-12,-67],[25,-61],[-45,-46],[-13,-34],[-97,-30],[-5,103],[-24,96],[-69,22],[-94,4],[-19,-49],[-43,-39],[-48,18],[-66,-6],[-27,21],[-48,-51],[-62,11],[-39,-21],[2,-77],[-28,-27],[-22,-54],[10,-48],[-20,-26],[7,-51],[81,54],[42,53],[6,33],[83,103],[7,-54],[41,4],[58,-64],[61,-9],[-93,-140],[-32,-78],[-29,-207],[-5,-144],[25,-106],[15,-20],[-38,-179],[13,-57],[-60,-52],[-56,-95],[-33,-77],[-90,-101],[-49,-76],[-103,-16],[-51,5],[-23,53],[-24,172],[-71,38],[-33,44],[-50,33],[0,68],[-34,129],[-78,92],[-37,-14],[74,-82],[12,-42],[-14,-118],[-78,-87],[-5,-92],[54,-33],[-20,-53],[-47,-19],[-27,-54],[37,-40],[49,-7],[25,-16],[21,11],[71,-11],[-8,-62],[31,-17],[20,-64],[56,-19],[28,-34],[55,-15],[9,-36],[57,-15],[41,-28],[56,-16],[19,-49],[-195,-8],[-97,-107],[-63,26],[-83,49],[-79,-1],[-59,-35],[-33,19],[-28,-29],[39,-63],[33,53],[46,25],[101,-16],[90,-43],[-1,-31],[35,-100],[15,-72],[-31,-76],[-73,-21],[-11,-21],[-99,-29],[-44,-22],[-40,2]],[[64954,24829],[-14,74],[-36,-23],[-92,11],[-32,38],[-92,49],[-34,46],[-49,-12],[-30,-73],[-54,-24],[-50,58],[1,64],[49,35],[14,41],[-9,47],[-43,80],[-243,-56],[-59,-6],[-19,-44],[-117,13],[-60,-37],[-60,59],[-13,49],[-42,42],[-10,77],[-47,19],[3,59],[-27,1],[-15,60],[-77,-23],[-41,67],[-58,-2],[-44,20],[-28,-27],[-96,21],[-75,-22],[-21,27]],[[28384,37160],[28,-6],[-4,-61],[-37,18],[13,49]],[[28304,37327],[13,-45],[44,-12],[27,-37],[-72,-48],[-36,-11],[-16,86],[40,67]],[[27957,37437],[43,-54],[-44,-17],[1,71]],[[28676,37572],[22,-56],[-42,-18],[-10,42],[30,32]],[[28599,37585],[2,-54],[-44,3],[-28,31],[70,20]],[[28353,37681],[22,-11],[52,-71],[41,-34],[27,18],[58,-53],[23,-51],[5,-110],[-73,0],[-3,47],[-38,46],[-12,58],[-38,4],[-41,42],[-34,110],[11,5]],[[28500,37945],[46,-14],[-58,-87],[17,-79],[30,-47],[33,-4],[45,-72],[-62,9],[-60,-24],[-20,-31],[-36,16],[-68,88],[-23,-18],[-65,51],[-1,54],[-54,67],[65,47],[58,-18],[104,34],[49,28]],[[27847,38328],[-10,-74],[-30,5],[40,69]],[[27541,38338],[43,-14],[0,-35],[-38,-7],[-5,56]],[[28258,38365],[16,-40],[-40,-20],[-52,6],[-1,34],[44,41],[33,-21]],[[28211,38459],[90,-39],[-11,-18],[-81,-1],[-29,-30],[-27,14],[0,64],[58,10]],[[28061,38450],[22,-58],[53,-7],[39,-50],[3,-66],[39,-34],[-14,-68],[49,26],[22,-17],[66,29],[77,-22],[15,-23],[51,-5],[26,-26],[-13,-58],[-53,-26],[6,-38],[-139,-73],[-59,-47],[-50,27],[-22,106],[-29,92],[-91,73],[-56,13],[-29,102],[12,49],[-52,58],[64,49],[63,-6]],[[27884,38481],[51,-43],[-4,-59],[-21,-61],[-71,49],[-6,100],[51,14]],[[27546,38579],[79,-53],[-34,-21],[-45,74]],[[28250,38663],[10,-33],[-39,-61],[-52,16],[4,50],[77,28]],[[27300,38694],[35,-20],[2,-40],[52,-52],[52,31],[26,-34],[35,-3],[69,-67],[23,-61],[-15,-66],[-50,-26],[-22,-58],[-87,75],[-45,11],[-51,43],[-37,11],[-109,74],[3,128],[63,-2],[-2,56],[58,0]],[[27397,38684],[40,-44],[-43,-46],[-32,26],[-24,60],[59,4]],[[27004,38743],[40,-10],[31,-68],[-8,-91],[12,-59],[-17,-30],[-41,31],[-81,149],[46,26],[18,52]],[[28212,38796],[38,-46],[2,-54],[-43,-41],[-20,26],[1,88],[22,27]],[[27227,38804],[14,20],[89,-70],[-44,-31],[-92,-22],[-16,88],[49,15]],[[28044,39215],[108,-82],[-8,-69],[25,-41],[-21,-94],[-21,-21],[-18,-109],[14,-42],[-31,-70],[-49,7],[-92,-20],[-12,-120],[-54,-17],[-93,116],[-8,-67],[40,-46],[-26,-19],[-75,32],[-52,84],[-34,-26],[-57,-10],[-68,13],[-17,32],[-76,60],[-13,90],[-53,90],[45,5],[51,-36],[46,9],[-22,42],[17,59],[-27,18],[-13,61],[67,-19],[146,6],[27,75],[-1,58],[49,39],[115,-85],[15,-45],[-7,-66],[44,6],[63,65],[-57,27],[5,80],[81,43],[47,-13]],[[27817,38881],[-14,-38],[80,-110],[35,6],[52,-27],[51,14],[-5,85],[-48,-7],[-81,23],[-70,54]],[[54125,10519],[42,-105]],[[54167,10414],[-6,-58],[-28,-23],[-43,-70],[8,-69],[-5,-138],[26,-42],[34,2],[35,-41],[-63,-36],[-22,6],[-102,-41],[-66,9],[-86,-36],[-33,-27],[4,122],[39,73],[2,66],[19,21],[1,130],[-53,145]],[[53828,10407],[57,21],[52,36],[4,30],[45,16],[12,37],[127,-28]],[[84949,17575],[-12,39],[-41,25],[2,55],[21,58],[70,52],[22,37],[46,5],[59,-19],[26,13],[43,64],[-34,85],[-62,10],[65,126],[26,32],[3,74],[16,31],[55,18],[42,-7]],[[36691,14820],[-39,4],[-7,45],[32,48]],[[36677,14917],[26,164],[-7,45],[-27,7],[-5,82],[-18,34],[37,31],[85,0],[-1,43],[22,64],[48,39],[17,112]],[[22779,22964],[-24,-5],[-63,-65],[-45,10],[-58,-37],[11,-30],[-40,-27],[-51,-5],[-25,-85],[-70,-8],[-57,51]],[[22357,22763],[-10,37],[30,49],[37,-16],[48,61],[-5,55],[-27,63],[-63,86],[-57,58],[22,129],[-33,73]],[[73050,8069],[-13,71],[5,51],[42,72],[-71,64],[0,83],[34,28],[50,73],[1,32]],[[10741,46841],[-22,-46],[-55,4],[6,-90],[-75,4],[-24,27],[4,92],[41,66],[-47,36],[-7,46],[96,13],[-4,100],[51,62],[38,17]],[[93330,40349],[2,-49],[-48,-68],[-6,-55],[11,-51],[-54,-104],[4,-65],[-15,-44],[-43,6],[-31,-47],[-40,-10],[-96,7],[-44,22],[23,61],[152,41],[31,54],[9,48],[34,43],[68,145],[43,66]],[[92751,39860],[-38,82],[0,79],[-38,10],[-48,-17],[-55,26],[-19,35],[28,51],[104,106],[6,89],[84,65],[42,-8],[62,60],[2,43],[26,18]],[[92907,40499],[0,-45],[44,-50],[45,-27],[74,-24],[31,-37],[52,-31],[29,-67],[-28,-125],[-64,-32],[-36,-53],[-90,-14],[-99,-4],[-46,-30],[-27,-89],[-41,-11]],[[69345,35427],[-257,8],[-119,-4],[-2,12]],[[68967,35443],[-2,126],[41,98],[67,30],[23,31],[58,182],[55,25],[2,77],[112,20]],[[69323,36032],[-12,-61],[-41,-86],[61,-3],[37,-56],[9,-51],[-38,-52],[-81,1],[3,-55],[-27,-29],[-10,-58],[82,-18],[-26,-96],[42,11],[45,-24],[-22,-28]],[[33622,15941],[55,73],[75,46],[95,114],[19,86],[-28,59],[45,76],[46,51],[57,41]],[[33986,16487],[-5,-69],[14,-42],[-35,-74],[80,-56],[11,-121],[78,-42],[-17,-111],[-53,-28],[-36,-50],[-10,-45],[-42,-17],[-50,8],[-2,43],[32,55],[-38,26],[-45,-22],[-47,27],[-37,-45],[-37,-20],[-125,37]],[[41757,13870],[47,-106],[54,-68]],[[62449,7575],[-42,-51],[19,-80],[-11,-50],[-76,-47],[36,-32],[-67,-69],[-34,19],[12,48],[-25,18],[-81,-31]],[[36079,14933],[120,-1],[36,11],[28,131]],[[36263,15074],[90,5],[-45,-160],[49,2],[17,26],[71,13],[6,32]],[[36451,14992],[45,-33],[119,-59],[38,32],[24,-15]],[[19424,40110],[48,69],[-59,98],[-19,65],[-24,134],[-47,86],[-9,52],[-89,160],[-34,41],[-120,189],[-225,282],[-40,93],[-117,159],[-58,115],[-19,125],[-109,262],[-29,143],[10,80],[73,228],[43,88],[18,88],[18,15]],[[18636,42682],[-5,-85],[50,-98],[110,-92],[207,-196],[146,-95],[128,-57],[51,-77],[62,-52],[56,-139],[-5,-50],[21,-113],[12,-115],[15,-63],[31,-65],[22,-90],[30,-38],[-24,-119],[4,-53],[22,-61],[70,-125],[88,-80],[76,-28],[71,2],[55,-14],[49,-52],[83,-55],[116,-40],[85,-1],[76,18],[62,39],[93,34],[92,5],[98,17]],[[86531,36913],[-4,22],[-82,66],[-51,-36]],[[8076,38887],[39,-1],[19,-36],[-70,-3],[12,40]],[[8242,39158],[-66,-83],[-17,-44],[-61,-60],[83,9],[22,-37],[-97,-37],[-81,26],[-82,6],[-21,33],[60,31],[63,141],[-16,68],[-61,2],[-77,17],[6,46],[-55,19],[27,38],[-12,81],[45,34],[-63,39],[-56,13],[-96,-34]],[[7687,39466],[-37,57],[-59,145],[-25,30],[22,80],[34,21],[4,38],[42,65],[53,43]],[[7721,39945],[58,-11],[5,-102],[53,-39],[60,-96],[43,-30],[54,-81],[3,-57],[36,-15],[44,-65],[11,-43],[37,-59],[60,-43],[24,-43],[3,-56],[30,-47]],[[36051,15783],[50,-70],[72,-54],[75,-35],[78,11],[45,38],[19,-22]],[[36390,15651],[16,-32],[-19,-41],[-68,-5],[35,-58],[-16,-58],[-37,-34]],[[36301,15423],[-83,-48],[-87,-2]],[[36131,15373],[-59,-2],[19,53],[-1,52],[-108,62],[-8,93],[17,21],[-14,127]],[[35977,15779],[74,4]],[[36390,15651],[70,-26],[107,-69]],[[36567,15556],[-11,-83],[-41,-5],[-39,-44]],[[36476,15424],[-81,16],[-13,-38],[-59,-47],[-22,68]],[[36263,15074],[-14,40],[-74,95],[10,61],[-20,19]],[[36165,15289],[-9,61],[-25,23]],[[36476,15424],[26,-15],[26,-69],[-21,-93],[-37,-74],[22,-16],[2,-74],[-51,-22],[8,-69]],[[36567,15556],[55,-37],[80,-16],[-2,66],[69,24],[85,1]],[[36051,15783],[41,22]],[[36092,15805],[35,-34],[90,1],[35,-21],[74,-8],[91,-40],[53,1],[94,61],[41,13],[107,-8],[133,25]],[[26504,30400],[24,-13],[82,4],[19,-37],[-11,-73],[12,-77],[69,-16],[-9,-51],[-64,-87],[-123,-2],[-5,-30],[57,-34],[-31,-47],[-36,1],[-45,55],[-81,27],[-29,-46],[-99,10],[6,84],[33,16],[1,46],[28,69],[-37,66],[41,76],[50,-27],[106,85],[42,1]],[[140681,27414],[55,5],[21,-22],[51,11],[111,-73],[38,-68],[-95,-55],[20,-62],[-28,-48],[-54,-61],[7,-39],[-24,-28],[43,-40],[78,-25],[71,29],[46,-13],[53,6],[24,50],[3,50],[61,-33],[241,-30],[109,-22],[121,49],[118,7],[0,-721]],[[85105,22681],[3,-30],[-51,-14],[-29,-52],[-56,24],[-72,15],[-66,0],[2,-53],[31,-21],[132,37],[45,-22],[46,-58],[98,2]],[[87892,2563],[9,104],[49,28],[49,-11],[59,49],[42,8],[89,46],[78,-18],[34,40],[44,3]],[[88345,2812],[13,-51],[-52,-34],[58,-53],[-35,-28],[-59,-14],[37,-123],[-72,29],[-59,-43],[57,-42],[-28,-131],[-50,-25],[-74,20],[-28,80],[-30,49],[24,71],[-67,-10],[-34,42],[-54,14]],[[9122,50017],[43,-84],[37,-3],[78,36],[39,-44],[100,62],[42,-46],[-19,-67]],[[6258,52213],[191,-67],[101,-65],[39,-77],[-35,-66],[107,-44]],[[24505,24568],[-25,5],[-55,-27],[-79,-22],[-67,-1],[-5,49],[-24,44],[-97,19],[-52,23],[-67,-9],[-44,50],[-25,101],[-47,28],[-46,-8]],[[23872,24820],[56,82],[58,12],[57,57],[-23,101],[13,97],[60,0],[12,76],[75,71],[64,-88],[89,-16],[28,-41],[-9,-52],[59,-51],[34,-85],[30,-8],[-24,-58],[68,-24],[-14,-325]],[[50847,10759],[2,34]],[[50849,10793],[-48,35],[19,58],[58,72],[31,-9],[86,12],[-18,-57],[-6,-89],[-36,-14],[7,-41],[-43,-17],[-52,16]],[[46884,11471],[6,-92],[22,-44],[-3,-62],[-83,-15],[-15,17],[37,152],[36,44]],[[75170,18555],[-54,60]],[[75116,18615],[-16,63],[26,36],[5,71],[60,54],[-20,38],[23,64],[39,5],[86,49],[87,120]],[[75406,19115],[74,-34],[80,18],[42,-63],[-12,-33],[16,-57],[-21,-62],[-55,-63],[-49,13],[-1,-50],[53,-12]],[[54301,9946],[96,-47],[3,-101],[-20,-21],[100,-34],[6,-54],[-39,-58],[-11,-56],[-58,-72],[-76,14],[-3,35],[-41,27],[-63,65],[17,123],[-89,106],[69,-8],[20,51],[89,30]],[[92095,40057],[-63,18],[-4,-42],[-123,-64],[-43,5],[-90,37],[-8,55]],[[91764,40066],[97,-9],[32,19],[58,163],[-11,39],[-99,87],[-19,31],[17,45],[37,15]],[[91876,40456],[71,-58],[45,-3],[61,38],[98,-5],[56,-30],[-2,-87],[-14,-29],[32,-67],[-89,-37],[-32,-36],[-7,-85]],[[91640,40620],[42,-20],[54,1],[20,-47],[-29,-38],[-27,62],[-76,-12],[16,54]],[[91512,40669],[39,-25],[2,-42],[-57,-36],[-44,16],[3,65],[57,22]],[[64913,7655],[-14,239]],[[64899,7894],[48,-29],[37,16],[58,-7],[24,-23],[59,-4],[53,-62],[7,-48],[-35,-40],[-61,-21],[-67,-1],[-25,-19],[-84,-1]],[[11386,47564],[17,-34],[-26,-38]],[[31627,18726],[-3,112],[11,68],[31,47],[-47,7],[-13,33],[35,43],[47,33],[31,51],[44,13]],[[31763,19133],[-25,-37],[13,-35],[87,16],[14,-27],[-48,-30],[18,-58],[-33,-39],[-14,-46],[29,-62],[-8,-51],[-61,-39],[-51,-16],[-57,17]],[[53765,11410],[30,-33],[-21,-52],[-102,-1],[-14,-30],[-47,11],[-3,40],[26,63],[58,-8],[65,40],[8,-30]],[[16769,33028],[70,-24],[0,-51],[73,-14],[6,-95],[113,-73]],[[17031,32771],[11,-18]],[[17042,32753],[-11,-59],[-31,-37],[43,-35],[44,-113],[13,-56],[-80,-119],[-3,-38]],[[17017,32296],[-52,-109],[-84,-43],[-42,3],[-63,-92],[-62,-71],[-26,-16],[-12,-54],[-39,-33],[22,-72],[-81,-44],[-17,-27],[-78,-40]],[[16483,31698],[14,57],[52,32],[-62,98],[36,66],[85,-19],[30,37],[-6,57],[-31,31],[-50,-38],[-19,30],[34,81],[-25,50],[-52,-10],[-26,22],[5,42],[-34,39],[17,21],[-9,104],[-14,41],[-11,92],[-50,103],[-105,114]],[[16262,32748],[20,34],[72,1],[49,14],[28,48],[90,57],[15,25],[60,38],[96,25],[77,38]],[[16595,33925],[77,-18],[36,-45],[-18,-54],[-56,9],[-100,-6],[-38,21],[34,56],[53,4],[12,33]],[[13053,40095],[148,-11],[9,-90],[71,-92],[-59,-11],[8,-61],[65,-118],[52,-80],[10,-46],[-68,-6],[-52,-19],[-100,174],[-93,12],[-10,62],[-49,46],[-9,194],[34,39],[43,7]],[[25168,21759],[14,66],[-5,145],[-9,74],[-49,89],[-36,41],[-16,47],[-35,162],[-47,84]],[[24985,22467],[34,2],[179,84],[27,-10],[64,14],[52,-17],[48,-32],[24,10],[80,-22],[15,-30],[-43,-66],[35,-24],[123,0],[44,43],[29,88],[27,23],[82,16],[25,17],[61,4],[-44,-202],[-33,-78],[-51,-57],[-45,-27],[12,-49],[-24,-33],[24,-55],[-1,-54],[-53,-71],[-46,-22],[-22,-85],[-25,-27],[3,-52],[-22,-45]],[[25564,21710],[-13,-10]],[[57987,30130],[-62,-242],[-7,-111],[42,-154],[13,-166],[-2,-176],[-22,-194],[14,-75],[36,-81],[147,-226],[149,-219],[33,-68],[200,-18],[100,-15],[82,-36],[48,-8],[91,-33],[-68,-170],[-44,-40],[-124,-93],[-13,-263],[3,-72],[-96,17],[-65,1],[-103,-23],[-549,-2]],[[30100,25564],[-4,57],[-89,-17],[-21,-27],[1,-51],[-48,-33],[-118,58]],[[29821,25551],[-81,46],[-59,52]],[[77724,25883],[-94,-15],[-34,-63],[74,-54],[29,-44],[24,-115]],[[77723,25592],[-68,-52],[-91,19],[-38,-12],[-6,-37],[-41,-13],[-36,-45],[-172,179]],[[77271,25631],[4,79],[-38,18],[-59,58],[20,49],[-34,44]],[[77164,25879],[24,2],[46,59],[39,10],[33,45],[141,47],[60,45],[123,-3],[54,-20],[-4,-53],[53,-87],[-9,-41]],[[76416,32792],[23,-16],[0,-64],[37,-59],[43,-107],[22,-12],[77,-1],[25,85],[16,113],[-18,65],[-48,43],[-12,33],[10,71],[-23,65],[24,70],[-58,54]],[[77129,32646],[7,-65],[-49,-46]],[[77087,32535],[-61,-64],[-83,-34],[-56,-12],[-32,12],[-57,-25],[12,-75],[-87,4],[-90,66],[-43,-34],[-96,-28],[-19,193],[-40,45],[-48,-12],[-39,-51],[-6,-33]],[[34325,28679],[43,-34],[39,-111],[-1,-67]],[[75845,22302],[17,95],[-18,73],[30,38],[19,66]],[[75893,22574],[87,68]],[[75980,22642],[90,-124],[-12,-27],[31,-46],[-5,-93],[27,-29],[2,-60]],[[15854,33200],[-94,92],[-38,55],[-5,53],[-74,146]],[[15643,33546],[32,27],[58,13],[48,-16],[-14,-35],[61,-6],[13,-50],[58,-94],[-4,-109],[-25,7],[-34,-50],[18,-33]],[[55290,10878],[0,-34],[-63,-115],[-74,-34],[-21,-23],[-70,101],[-21,12],[2,55],[44,34],[50,-7]],[[55137,10867],[99,-18],[54,29]],[[17384,34766],[46,-3],[42,-58],[-22,-23],[1,-54],[-97,-60],[9,-50],[-93,-30],[-62,41],[-39,79],[41,58],[-50,30],[1,28],[46,32],[24,-17],[78,7],[15,34],[60,-14]],[[45187,13088],[-19,40],[-63,-1],[-4,137],[28,13],[30,77]],[[45159,13354],[88,-24],[61,-28]],[[19610,37520],[26,57],[34,19],[134,-85],[50,-13],[190,-16],[67,3],[29,-62],[67,0],[-1,-44],[62,-59],[-48,-180],[39,-26],[11,-38]],[[20270,37076],[-37,-109],[26,-72],[-59,-18],[15,-47]],[[12594,45062],[-19,-32],[-3,-79],[-33,-82],[27,-4],[23,-63],[-44,-5],[-30,-28],[-93,-59],[-15,58],[-69,81],[22,73],[-16,29],[52,56],[-2,26],[64,-2],[45,24],[51,-8],[40,15]],[[44289,35286],[-39,-31],[40,-52],[-33,-30]],[[44257,35173],[-66,82],[-20,40],[58,9],[60,-18]],[[44235,35176],[-69,-118],[-101,90],[-120,135],[41,34],[5,59]],[[43991,35376],[83,-13],[86,-64],[75,-123]],[[44249,35439],[-4,-37],[30,-75],[-8,-25]],[[44267,35302],[-36,10],[-61,-9],[-73,67],[-97,28]],[[44000,35398],[23,69],[37,27],[189,-55]],[[28349,24549],[89,-18],[198,53],[130,-47],[-96,-178],[-23,-116],[-25,-3],[-26,-46],[25,-62]],[[28621,24132],[31,-46],[-8,-54],[8,-61],[-19,-45]],[[28633,23926],[-90,-36],[-101,16],[33,91],[-111,-11],[-70,15],[-35,-24],[-114,12],[-47,72],[32,44],[3,51],[-29,15],[21,60],[-3,53],[37,16],[1,158],[-60,57],[-2,63]],[[28098,24578],[3,31],[52,29],[61,-20],[33,-33],[69,-15],[33,-21]],[[56169,10501],[-16,-53],[15,-55],[9,-114],[-43,23],[-31,-60],[-49,25],[-67,8],[13,59],[-11,27],[-47,13],[13,57],[35,51]],[[55990,10482],[21,-4],[87,36],[71,-13]],[[632,54349],[94,-77],[38,-76],[123,-55],[-10,69],[46,22],[26,39],[-43,40],[43,22],[74,-47],[14,-58],[48,-51],[27,-77],[-7,-75],[-70,74],[-27,-22],[13,-53],[-22,-69],[-31,-34],[-84,23],[-57,2],[-59,86],[-28,119],[-112,98],[-16,53],[20,47]],[[47694,11939],[37,-26],[63,5],[-12,-69],[43,-65],[7,-65],[-53,-6],[1,-53],[-18,-25],[-56,-7],[-33,30],[-37,134],[19,62],[-21,73],[60,12]],[[68505,33549],[35,-23],[82,-23],[28,-38]],[[68650,33465],[-44,-21],[-5,-38],[-78,-73],[-42,-15],[11,-37],[-37,-58],[-67,-6],[-24,-18],[-24,-79],[-25,-21],[-51,8],[-28,62],[-41,-7],[-1,44],[-27,34],[26,47],[13,94],[-141,91],[-8,45],[-54,-5],[-30,23],[-37,136],[-23,38],[2,78],[15,67],[49,123],[100,33],[68,45],[39,69],[27,121],[78,39],[51,61],[40,22],[68,-28],[54,-56],[16,-91],[55,6],[32,20],[64,-24],[33,-100],[-31,-43],[-46,-29],[16,-31],[1,-65],[-13,-42],[-53,-47],[-10,-149],[22,-80],[-84,-44],[-1,-15]],[[17822,33557],[45,-45],[-29,-64],[30,-25],[-41,-219],[13,-146],[57,-124],[-33,-37]],[[17864,32897],[-69,-1],[-39,60],[-84,60],[-8,29],[-56,1],[-57,-33],[-44,31],[24,90],[-1,55],[17,55],[-44,45],[-11,62],[38,38],[-12,80],[25,58]],[[17543,33527],[35,16],[40,49],[125,-14],[27,15],[52,-36]],[[47661,12603],[-72,22],[-30,-40],[-47,-2],[-40,-53],[-99,-19],[-24,22],[-62,2]],[[47148,13080],[125,-54],[56,-4],[99,33],[45,-4],[14,-29],[67,54],[63,22]],[[34525,16040],[33,-88],[-15,-7],[-18,-75],[9,-45],[34,-48],[-13,-99],[57,-27],[33,-35],[-44,-77],[-47,-29],[-5,-55],[-72,0],[-26,-65],[-75,-2],[-35,29],[-65,20],[1,40],[39,38],[3,32],[-131,-33],[-63,20],[-33,-31],[-30,26],[31,80],[-5,91],[39,11],[71,105],[68,29],[24,26],[28,68],[-2,88]],[[34316,16027],[23,-14],[79,-7],[39,26],[68,8]],[[11652,40903],[-44,27],[-40,47],[-1,38]],[[11567,41015],[74,-17],[49,-69],[-38,-26]],[[42719,38073],[53,55],[64,16],[74,66],[54,74],[54,124],[23,142]],[[43041,38550],[134,4],[125,-3],[109,15],[-6,34],[37,23],[119,-5],[9,-98],[81,-17],[1,-32]],[[17031,32771],[89,47],[2,25],[81,5],[39,42],[37,-2],[34,26],[31,65],[100,18],[42,-25],[-10,-45],[-40,-27],[-9,-60],[30,-53],[-41,-22],[-59,21],[-34,30],[-134,-39],[-96,-38],[-51,14]],[[112157,32857],[14,-86],[-5,-46],[-34,-14],[72,-118],[27,-141],[19,-17],[10,-97],[-71,-36],[-163,9],[-51,18],[-78,3],[-61,46],[-79,-8]],[[111757,32370],[-5,43],[63,30],[-9,46],[-46,7],[-21,35],[-57,34],[-1,86],[-40,96],[52,0],[107,37],[31,-2],[110,54],[85,22],[57,-5],[65,22],[9,-18]],[[9557,44320],[-25,-28],[-57,-10],[-63,-29],[20,-46],[-15,-42],[44,-98],[56,-78],[0,-105],[27,-115],[-9,-30],[-76,-4],[-18,-64]],[[36680,13221],[30,-23],[73,-24],[34,-35],[1,-77],[-23,-69],[-65,-4],[-79,-44],[-99,52],[45,19],[68,9],[-30,67],[2,69],[43,60]],[[19315,28140],[-54,477],[-46,61],[-27,58]],[[54392,12257],[0,-33],[31,-61],[122,6],[26,45],[75,39],[27,-18],[39,12],[48,-40],[64,-108],[99,-54],[42,-91],[-3,-72],[-37,-50],[-22,-57]],[[54903,11775],[-43,-10],[-74,8],[-103,23],[-87,-38],[-69,40],[-87,-48],[-62,-19]],[[48843,11055],[-43,-18],[-44,-71],[-46,19],[-49,56],[-44,-12],[-51,97]],[[36165,15289],[-161,-7],[-25,58],[-154,13]],[[35825,15353],[-58,7],[-68,64],[-20,-45],[-79,33],[-40,53],[2,32],[82,41],[39,44],[-5,33],[71,2],[2,69],[54,28],[34,0],[138,65]],[[35866,14927],[-13,59],[42,51],[-5,63],[-40,104],[18,23],[-43,126]],[[29109,38214],[30,-21],[44,-14],[-50,-47],[-130,46],[12,17],[72,28],[22,-9]],[[29277,38082],[-51,-14],[-26,37],[-37,10],[8,39],[37,19],[-23,14],[-40,60],[-61,9],[-38,27],[-4,62],[28,28],[32,-29],[40,37],[-80,2],[-55,52],[-37,11],[2,68],[36,-10],[59,14],[87,-2]],[[69675,46420],[15,-15],[130,-60],[9,-37],[-13,-78],[12,-51],[-21,-37],[-14,-82],[2,-52],[-15,-159],[-16,-64],[-60,8],[-40,59],[-11,57],[-75,27],[-58,65],[-81,56],[-15,56],[-55,72],[-15,51],[12,86],[93,110],[46,-12],[108,16],[62,-16]],[[40988,11786],[-64,-3],[-31,-35],[5,-43],[-34,-18],[27,-52],[-19,-107],[-30,-45],[-24,13],[-83,-2],[-55,-14],[-37,-48],[-28,-1],[-23,96],[-4,70],[-27,18],[-6,52],[-28,44],[10,61],[-43,29],[24,36],[0,66],[-16,44],[64,3],[27,62],[26,0]],[[12808,46220],[21,-72],[48,-7],[-33,-46],[13,-65],[-17,-34],[-85,8],[-53,-13],[21,-44],[-21,-25],[-37,20],[-18,38],[44,35],[-26,75],[12,45],[79,-26],[37,45],[-32,36],[47,30]],[[43422,13392],[85,-29],[97,16]],[[43604,13379],[-25,-43],[-21,-70],[-42,-21],[-37,-46],[-57,33],[-77,6]],[[99844,36917],[41,-6],[51,-64],[12,-38],[-58,-47],[-66,1],[-51,54],[10,67],[61,33]],[[99605,38157],[41,-11],[118,-78],[28,-33],[-7,-91],[15,-36],[-15,-40],[-49,-55],[-56,-2],[-44,-20],[-72,13],[-28,28],[-40,102],[9,87],[20,53],[50,38],[30,45]],[[99566,38305],[43,-36],[7,-32],[-53,-30],[-27,65],[30,33]],[[96700,39703],[77,-30],[14,-37],[-50,-34],[-2,-98],[-36,20],[-31,63],[-58,61],[31,46],[55,9]],[[99811,37252],[41,-3],[9,-34],[-64,-38],[-14,46],[28,29]],[[99847,37806],[129,-38],[38,-101],[-20,-104],[7,-29],[-27,-61],[-58,-81],[-49,-21],[-91,14],[-48,56],[-18,110],[51,87],[25,64],[-4,72],[65,32]],[[100751,35339],[-1,84],[53,90],[16,91],[-31,77],[-63,12],[-3,38],[35,42],[-30,68],[13,41],[0,84],[36,82],[-4,37],[26,65],[3,70],[24,29],[32,92],[0,35],[-40,95],[-36,34],[-48,-24],[-53,15],[-60,-17],[-26,41],[-84,9],[-11,47],[14,67],[-83,17],[-43,41],[-2,48],[-33,95],[-26,185],[-69,56],[-39,67],[31,63],[-23,125],[36,62],[-3,73],[34,89],[-12,149],[84,80],[92,34],[-5,48],[48,35]],[[91905,39887],[33,-12],[-10,-63],[70,-64],[9,-31],[81,20],[11,-25],[-67,-109],[-2,-31],[-46,-40],[-5,-98],[-84,-36],[-39,54],[-58,38],[-84,25],[-34,-34],[-40,26],[-12,92],[12,56],[104,92],[30,12],[26,-28],[40,29],[8,101],[57,26]],[[114614,16998],[0,-129],[-42,-31],[-41,88],[11,43],[72,29]],[[115006,17372],[32,-19],[-12,-39],[-48,26],[28,32]],[[114815,17437],[44,-7],[23,-42],[72,19],[-12,-51],[50,-72],[-52,-68],[-33,-14],[-18,60],[-2,92],[-23,29],[-57,-1],[8,55]],[[116295,17598],[16,-57],[-45,-17],[-32,13],[-66,-14],[-5,49],[21,25],[111,1]],[[116452,17449],[49,75],[23,-6],[-59,-183],[10,-67],[29,-65],[14,-89],[-50,-40],[-21,28],[25,34],[-16,28],[-48,-63],[-36,9],[-32,68],[-35,19],[-12,54],[0,88],[29,21],[6,70],[44,46],[65,116],[39,7],[-24,-150]],[[114995,17627],[51,-34],[18,-44],[39,-23],[62,42],[3,-49],[-45,-25],[-19,-43],[-55,-23],[-46,17],[-21,97],[-43,58],[56,27]],[[116331,17682],[-21,27],[23,47],[35,-2],[-37,-72]],[[114075,18298],[-4,-92],[-32,-93],[-74,-26],[-42,-34],[-38,53],[28,114],[65,86],[22,-8],[50,26],[25,-26]],[[114087,18765],[-3,-61],[-36,18],[39,43]],[[47271,10409],[34,-1],[108,-63]],[[51796,24016],[-57,16],[-58,33],[-20,37],[66,113],[36,95],[28,140],[9,103],[-4,144],[-25,184],[-34,157],[-6,60],[26,126],[12,127],[29,67],[1,85],[17,59],[-8,69],[-22,46],[-5,50],[-63,112],[-59,76],[-28,52],[-42,118],[-77,74],[16,36],[-43,28],[-96,-71],[-29,-33],[-25,-60],[34,-56],[54,-14],[-23,-71],[-85,-14],[-82,-36],[-58,-41],[-56,-57],[-40,-10],[-82,-50],[-34,-53],[-23,71],[-41,64],[-63,47],[-32,49],[-128,85],[-93,22],[-38,45],[-57,-41],[-36,-8],[-64,35]],[[50388,26026],[55,100],[8,193],[-10,82],[10,183],[11,80],[43,182],[-71,24],[-102,63],[-130,27],[-6,75],[-34,44],[-30,123],[2,132],[15,175],[-3,238],[-58,0],[4,82],[26,35],[95,1],[35,11],[1,88],[119,-5],[-43,100],[82,39],[42,-56]],[[50449,28042],[79,-65],[95,-39],[120,10],[68,-6],[59,15],[128,-40],[131,45],[-2,161],[15,67],[70,134],[118,51],[73,62],[63,95],[102,197],[143,307],[23,68],[65,247],[14,312],[-48,621],[-37,65]],[[51728,30349],[121,-103],[52,-3],[28,-66],[50,-21],[22,-43],[8,-69],[-22,-55],[55,-61],[21,-76],[128,-51],[24,0],[25,-140],[-29,-103],[30,-130],[85,-156],[126,-124],[80,-43],[49,-48],[52,-117],[-29,-86],[-58,-10],[-53,-73],[-75,-133],[-37,-144],[-58,-151],[-20,-167],[6,-105],[16,-56],[33,-27],[72,-9],[60,-160],[0,-49],[47,-140],[-11,-79],[-36,-137],[-90,-170],[-32,-295],[-25,-117],[-40,-103],[4,-60],[-43,-95],[21,-155],[37,-75],[115,-125],[80,-133],[6,-130],[-24,-248],[-161,-400],[-80,-280],[-110,-300],[-106,-226],[-60,-85],[-186,-401]],[[55921,25526],[-72,20],[-142,77],[-13,33],[-78,53],[-6,49],[-27,50],[-46,-1],[-40,-137],[-50,-72],[-60,-22],[-80,-114],[-49,-87],[17,-64],[49,-45],[102,-38],[58,7],[-128,-131],[-169,-148],[-139,-77]],[[55048,24879],[-102,320],[-94,394],[115,341],[71,341],[-273,162],[-151,103],[-139,86],[-248,124],[-91,80],[-207,135],[-93,112],[-20,91],[-12,173],[-34,303],[-76,44],[2,110],[-19,92],[-64,-1],[0,196],[-108,1],[0,225],[-54,13],[-69,46],[-38,52],[-114,216],[3,388],[-48,285],[-38,41],[11,37],[-29,98],[-54,33],[-7,47],[-92,64],[-29,91],[-158,202],[-159,165],[-52,145],[-5,93],[24,83],[103,157],[41,138],[22,129],[-2,149],[-14,169]],[[19971,32783],[-47,74],[-65,46],[-82,44],[-23,56],[-33,0],[-4,54],[-33,30],[-126,70],[-86,127],[-79,65],[-36,-6],[-46,30],[-96,-12],[-43,64],[-87,38],[-75,135],[-47,39],[-118,49],[-49,66],[-75,-24],[-56,26],[-14,65],[-30,27],[-60,127],[5,55],[-43,75],[54,40],[-6,63]],[[20063,34994],[61,-41],[11,-50],[28,-31],[9,-49],[30,-41],[69,-48],[12,-51],[48,-69],[35,15],[50,-50],[76,14],[3,-34],[46,-1],[28,-21],[73,-19],[22,-49],[44,-51],[-3,-46],[63,0],[20,-66],[-43,-42],[5,-24],[88,-41],[38,-3],[49,-48],[75,12],[64,-89],[41,1],[29,38],[63,-11]],[[21305,32462],[-46,-55],[5,-29],[-22,-61],[-48,-33],[-60,-19],[-40,4],[-12,-39],[-68,-13]],[[44909,32998],[43,-31],[85,-11],[17,-32],[3,-68],[7,-29],[-34,-10],[-19,34],[-44,17],[-11,34],[-53,3],[-50,31],[56,62]],[[45236,33072],[-20,-37],[-76,-69],[-63,-5],[-97,15],[-3,37],[52,17],[54,-13],[20,43],[34,-17],[14,-4],[6,4],[79,29]],[[44868,33019],[-21,-33],[-34,47],[46,49],[21,-17],[-12,-46]],[[44881,33087],[54,-15],[41,-35],[-1,-49],[-22,-7],[-66,46],[-6,60]],[[45130,33123],[73,-8],[20,-40],[-54,-1],[-7,-7],[-11,-24],[-49,23],[-18,-43],[-46,12],[-55,-10],[-6,17],[-37,32],[25,33],[136,3],[29,13]],[[44727,33124],[73,-23],[30,-31],[-54,-49],[-47,13],[-178,-15],[-35,39],[80,8],[47,56],[84,2]],[[45163,33171],[20,-41],[-57,-3],[-73,-18],[-88,6],[-125,-33],[-32,17],[67,48],[74,-10],[50,35],[57,-19],[83,33],[24,-15]],[[44485,33213],[63,-31],[76,-57],[-29,-56],[-75,-8],[-12,44],[-56,30],[-36,46],[69,32]],[[43879,33245],[45,-12],[65,-80],[62,-39],[153,-39],[39,0],[77,24],[90,-55],[83,-73],[52,-26],[116,31],[15,19],[79,3],[35,-29],[37,-2],[7,-49],[62,-32],[42,-1],[15,-30],[58,-44],[128,-47],[16,-37],[54,-33],[35,17],[52,-14],[24,-61],[-15,-39],[24,-34],[28,8],[21,25],[26,-9],[-26,-67],[27,-41],[-56,-19],[-21,-26],[1,-193],[-78,-49],[-36,-76],[-56,34],[-52,11],[-31,72],[-54,-6],[-38,42],[-2,70],[-25,30],[-21,83],[-30,32],[-40,-14],[-38,44],[-68,11],[-42,26],[-115,17],[-92,22],[-54,40],[-72,-53],[20,-19],[19,-77],[-66,-107],[-101,20],[-50,25],[-83,-1],[-64,36],[-76,70],[-88,107],[-36,72],[-23,113],[18,173],[-5,154],[12,88],[17,14]],[[44267,33269],[35,-14],[54,-52],[-140,6],[0,51],[51,9]],[[44501,33341],[72,-48],[32,-54],[-43,-17],[-138,84],[14,27],[63,8]],[[44595,33352],[29,8],[28,-38],[49,-23],[76,-5],[6,-23],[24,5],[19,-15],[79,12],[-8,-73],[-19,-37],[-88,-52],[-53,25],[-93,5],[-80,74],[27,9],[29,-20],[17,41],[-27,-2],[-24,43],[-64,57],[41,24],[32,-15]],[[44228,33387],[67,-23],[56,-40],[143,-76],[-34,-20],[-102,-19],[-46,46],[-56,33],[-40,-16],[-27,59],[39,56]],[[44029,33462],[25,-23],[-81,-38],[15,43],[41,18]],[[43498,34721],[99,-28],[36,12],[49,-15],[20,-22],[-51,-20],[-14,-19],[-31,4],[-28,-13],[-63,-9],[-26,-43],[-45,-35],[-81,-29],[0,-58],[52,-63],[5,-83],[-28,10],[-107,183],[-14,80],[16,112],[58,-13],[40,35],[113,14]],[[43496,34805],[103,-39],[41,-42],[-43,-21],[-78,38],[-106,2],[-42,28],[52,59],[73,-25]],[[43601,34775],[-55,18],[-51,42],[3,66],[32,-19],[71,-107]],[[43493,34888],[-5,-58],[-32,6],[-49,51],[-11,66],[59,42],[6,-42],[32,-65]],[[43655,34994],[27,-73],[-17,-70],[0,-59],[-15,-46],[-41,28],[-109,168],[-11,96],[44,74],[73,71],[17,-67],[-6,-42],[38,-80]],[[43694,35536],[92,-47],[57,-57],[-64,3],[-123,53],[-2,31],[40,17]],[[45432,32496],[-48,35],[36,28],[-1,23],[-32,27],[-44,-37],[-29,26],[15,42],[-24,66],[-63,16],[-41,-17],[-35,29],[-19,45],[-82,31],[8,33],[-13,19],[-6,93],[79,5],[43,14],[42,58],[21,2],[15,36],[-26,6],[-10,28],[-33,24],[-22,50],[-48,26],[-14,-29],[-45,-18],[-62,19],[-51,-34],[-38,51],[8,81],[-53,-3],[-20,10],[-49,-5],[-11,24],[-61,22],[-62,5],[-25,38],[-42,-3],[-18,29],[-44,-30],[-143,-18],[-77,68],[-26,63],[-22,19],[-58,3],[-43,-20],[-54,5],[-27,-19],[-63,7],[-29,-17],[-81,-7],[-102,36],[4,53],[-79,65],[-48,-9],[5,-44],[-60,-15],[-63,16],[-69,102],[-25,61],[-15,95],[13,163],[-57,228],[1,44],[85,-32],[74,13],[-112,48],[-28,118],[-50,56],[2,47],[94,47],[41,69],[63,12],[26,13],[32,-5],[15,20],[66,16],[-50,75],[4,113],[19,83],[-20,68],[-19,165],[-52,57],[-2,49],[25,122],[5,76],[37,8],[112,-48],[72,-7],[142,-47]],[[44235,35176],[22,-3]],[[44289,35286],[-22,16]],[[44249,35439],[-20,107],[22,45],[-38,66],[1,94],[-26,44],[2,240],[38,87],[61,69]],[[44289,36191],[150,4],[128,-31],[68,-79],[-25,-24],[16,-40],[-16,-115],[59,-68],[14,-88],[-34,-67],[3,-90],[61,-87],[-42,-125],[9,-40],[-30,-47],[76,-1],[17,25],[82,37],[98,86],[-22,42],[30,15],[39,-12],[26,-52],[69,44],[-6,53],[58,5],[31,49],[26,-16],[56,19],[37,31],[34,-12],[55,10],[75,46],[29,-35],[33,-6],[63,39],[56,-17],[54,19],[120,-16]],[[45786,35647],[-31,-54],[15,-98],[-24,-44],[-66,-18],[21,-62],[19,-147],[79,-80],[5,-32],[61,-73],[27,-11],[-8,-72],[21,-29],[65,-37],[28,-43],[12,-84],[-1,-115],[23,-51],[-3,-54],[42,-35],[12,-41],[-47,-68],[-58,-42],[0,-33],[46,-46],[-8,-37],[-42,-2],[-30,-40],[-1,-107],[18,-46],[127,-54],[-2,-75],[17,-80],[-41,-29],[17,-32]],[[48970,14087],[-10,-54],[110,-184],[-1,-64],[-30,-47],[44,-25],[20,-51],[47,3],[42,-158],[8,-95],[-45,-34],[-76,-35],[-52,-38],[-131,-1],[14,-82],[-55,2],[-61,-90],[9,-36],[-68,-46],[-45,19],[-23,-128]],[[46818,9719],[-79,56],[-116,65],[-227,104],[-198,80]],[[46198,10024],[76,-11],[46,21],[3,81],[49,59],[9,87],[57,25],[29,55],[69,40],[4,39],[57,78],[-2,47],[19,105],[-61,80],[57,45],[16,30]],[[46626,10805],[74,-12],[82,13],[148,-31],[44,40],[35,-26],[-5,-101],[19,-78]],[[47023,10610],[-27,3],[-89,-28],[-24,-31],[-17,-79],[2,-93],[49,-69],[-8,-54]],[[41213,12643],[13,32],[-13,68],[17,67],[-25,46],[17,192],[39,40],[19,133],[-2,78],[-17,45],[-1,80],[38,87],[-6,50]],[[87659,2869],[33,-53],[17,-98],[34,-7],[29,33],[51,-33],[-11,-60],[-61,1],[-66,-43],[-45,-62],[-46,-44],[-45,0],[12,66],[-83,-3],[-1,-71],[49,-26],[28,-66],[-19,-36],[24,-63],[-64,-53],[44,-26],[-16,-64],[-23,-15],[-56,14],[-11,77],[-39,22],[-62,-2],[-33,-38],[-21,-67],[-37,11],[-36,73],[12,95],[-26,35],[60,101],[88,42],[59,74],[56,107],[31,117],[55,13],[119,49]],[[88345,2812],[23,43],[30,3],[57,47],[39,-6],[56,22],[20,54],[29,28],[14,60],[26,38],[-56,45],[-61,-2],[-51,15],[-58,46],[-52,-35],[-81,37],[-50,-25],[-48,-6],[-44,-83],[-36,3],[-31,30],[-17,54],[24,81],[-31,160],[21,21],[-5,64],[53,59],[97,1],[51,34],[47,73],[18,129],[-25,100],[-57,70],[99,46],[21,69],[6,110],[-40,177],[9,58],[59,34],[20,42],[66,40],[40,81],[44,14],[34,30],[86,37],[23,84],[-6,54],[28,23],[38,-22],[40,8],[64,66],[68,0],[74,69],[6,57],[117,47],[19,66],[53,33],[33,40],[37,84],[44,32],[157,-16],[76,-72],[80,-117]],[[89642,5146],[-2,-36],[89,-63],[131,-60],[36,-62],[35,-26]],[[89931,4899],[18,-70],[-31,-21],[-48,51],[-45,24],[-30,38],[-73,12],[-15,-38],[68,-83],[12,-60],[32,-24],[13,-67],[-33,-26],[-28,26],[-54,14],[-28,-46],[-100,-73],[32,-65],[-11,-62],[-99,-58],[7,-51],[74,-91],[35,-86],[-11,-57],[-49,-36],[-14,-37],[27,-39],[24,-71],[32,-51],[-28,-68],[19,-101],[-3,-104],[-18,-28],[-9,-67],[19,-81],[-7,-50],[47,-39],[49,9],[38,-38],[52,-30],[12,-45],[-21,-48],[26,-54],[39,-10],[55,-47],[46,-67],[37,-24],[-29,-44],[9,-31],[41,-28],[-28,-45],[65,-72],[-23,-26]],[[90024,2714],[-43,-1],[-109,25],[-96,-19],[-117,-58],[-16,-40],[-49,-40],[7,-31],[-29,-40],[-35,-11],[-90,-57],[-44,-83],[-47,-12],[-84,10],[-84,-33],[-19,-41],[-84,-1],[-121,-67],[-36,-46],[-133,-33],[-71,-40],[-100,24],[-49,-22],[-142,-37],[-71,40],[-69,14],[-99,-21],[-46,-45],[-36,53],[-75,29],[-19,36],[-72,18],[-49,-8],[-135,-82],[-58,-15],[-36,36],[20,57],[44,47],[76,138],[-37,80],[-1,79],[113,21],[9,25]],[[62541,35252],[84,40],[63,102],[69,79],[64,-39],[61,19],[0,24],[80,28],[4,83],[34,68],[-7,59],[45,56],[19,44],[42,-12],[95,0],[57,15],[134,4],[114,36],[114,-24],[69,4],[34,36],[103,-28],[106,4],[23,16],[49,-16],[80,56],[-19,59],[74,34]],[[64132,35999],[119,33],[114,22],[63,-22],[0,-119],[20,-98],[84,-75],[124,-76],[64,-70],[52,-32],[-4,-75],[-43,-54],[-88,-89],[-35,-64],[29,-119],[25,-18],[125,-130],[125,-173],[102,-77],[110,-63],[140,-132],[157,-101],[55,-27],[201,-32],[-50,-240],[-86,-163],[22,-59],[106,-25],[-9,-54],[-31,-47],[87,-18],[27,-152],[28,-116],[118,-197],[52,-102],[120,-199],[105,-85],[63,-43],[71,-27],[-72,-150],[21,-54],[33,-12]],[[66276,32665],[13,-4],[-101,-131],[-27,-97],[-55,-114],[-69,-68]],[[66037,32251],[-192,-45],[-70,-50],[-55,-105],[-73,-49],[-119,10],[-57,-19],[-63,-134],[-48,-80],[-116,0],[-49,-28],[-82,-86],[-54,-5],[-38,45],[0,74],[-47,103],[-84,-77],[-45,-14],[-52,15],[-92,-4],[-84,37],[-48,6],[-46,-13],[-59,-38],[-90,0],[-110,35],[-50,39],[-104,-49],[-32,-42]],[[69082,32601],[-5,-14],[7,-8],[9,1],[7,5],[12,-15],[-9,-14],[11,-48],[-38,17],[2,15],[-5,17],[-23,14],[15,20],[17,10]],[[68607,32715],[12,-17],[-26,-40],[16,-20],[13,-90],[-29,-17],[-13,174],[27,10]],[[69235,32745],[54,-58],[-34,-13],[-44,30],[24,41]],[[68618,32770],[30,-58],[-28,-15],[-14,21],[-26,-10],[1,35],[37,27]],[[68651,32814],[33,-36],[-6,-35],[22,-97],[-26,-75],[-26,-16],[-30,69],[37,95],[-24,40],[20,55]],[[69126,32865],[78,-89],[-10,-41],[-61,51],[-20,59],[-33,20],[-41,-15],[-23,59],[23,30],[87,-74]],[[69223,32973],[79,-10],[40,-56],[4,-32],[125,-49],[-25,-61],[-57,-9],[-38,15],[-70,70],[-26,55],[-42,24],[10,53]],[[69198,32960],[9,-37],[48,-34],[34,-78],[-31,-7],[-67,82],[-68,64],[10,39],[65,-29]],[[68962,32995],[35,-40],[27,-100],[20,-16],[46,7],[34,-97],[-38,-48],[-41,-12],[-11,49],[-56,137],[-34,26],[-1,94],[19,0]],[[69186,33113],[16,-20],[51,-4],[101,-83],[86,26],[89,-5],[62,-20],[53,18],[25,-91],[-16,-50],[-46,-37],[-40,15],[-95,-13],[-118,41],[-9,20],[-44,57],[-113,10],[-49,16],[24,48],[1,5],[-5,12],[-17,8],[6,14],[-5,6],[-12,-2],[-2,14],[22,11],[35,4]],[[69014,33115],[81,-64],[19,-100],[-47,-17],[-63,74],[-61,54],[17,77],[54,-24]],[[68901,33135],[31,8],[4,-38],[-12,-34],[-30,-12],[-11,22],[10,23],[-22,9],[-3,22],[33,0]],[[68755,33059],[25,-93],[2,-60],[63,-70],[32,-81],[32,-35],[7,-52],[43,-62],[20,-53],[-53,-53],[-54,-11],[-45,-55],[-49,33],[-40,82],[-13,68],[18,26],[70,22],[26,30],[-22,75],[-64,35],[73,-103],[-17,-21],[-66,9],[-22,-18],[-26,112],[-26,22],[-3,53],[29,29],[-25,60],[-6,83],[22,90],[30,77],[30,-51],[9,-88]],[[69167,33183],[40,-59],[-78,-20],[-3,-14],[6,-8],[11,1],[-2,-18],[22,-22],[-7,-5],[-30,-11],[-4,-6],[-50,70],[-55,27],[82,81],[10,42],[58,-58]],[[69290,33251],[62,-19],[30,17],[24,-43],[-9,-50],[-53,-14],[-70,5],[-47,21],[1,29],[40,51],[22,3]],[[68783,33332],[37,-17],[89,-86],[40,-87],[-24,5],[-37,-6],[-4,28],[-54,29],[-16,20],[-19,1],[-13,7],[25,15],[6,14],[-3,11],[-10,0],[-31,3],[-2,68],[16,-5]],[[68891,33296],[-12,-2],[2,-12],[12,-9],[11,-1],[12,45],[3,27],[19,-11],[7,0],[40,13],[53,-27],[63,-60],[-20,-75],[-37,-24],[-59,5],[-54,50],[-89,110],[-6,30],[31,-43],[24,-16]],[[69280,33355],[33,-47],[44,-5],[-16,-62],[-36,6],[-30,45],[-13,-42],[-23,-15],[-57,108],[16,15],[82,-3]],[[68762,33338],[5,-67],[11,-20],[27,15],[6,-14],[-8,-13],[-21,-5],[-4,-8],[19,-11],[31,-20],[14,-53],[25,-9],[2,-21],[22,-9],[-12,-16],[2,-18],[17,-14],[26,10],[37,-43],[-21,-26],[-24,-64],[5,-70],[47,13],[67,-200],[71,-16],[6,-87],[-10,14],[-15,-6],[-9,8],[6,9],[-3,7],[-20,-12],[-12,-22],[21,-12],[4,-18],[-30,-19],[-26,36],[-18,62],[-40,42],[-29,76],[-49,52],[-39,111],[-33,19],[-19,42],[25,45],[-49,59],[-13,96],[-41,82],[-21,105],[36,33],[34,-43]],[[69308,33398],[34,20],[171,-44],[9,-12],[-36,-89],[-97,-2],[-18,34],[-58,52],[-70,13],[41,62],[24,-34]],[[69256,33455],[19,-13],[-33,-57],[-21,49],[35,21]],[[68917,33446],[21,-44],[47,-36],[49,20],[39,-42],[111,-15],[50,-99],[-41,-47],[-24,46],[-95,57],[-36,40],[-187,91],[-22,30],[65,36],[23,-37]],[[69102,33484],[-25,-18],[27,-39],[41,-12],[6,-39],[-34,-34],[-49,8],[-30,72],[-27,23],[30,21],[11,-16],[24,44],[26,-10]],[[68712,33515],[52,-8],[57,-29],[-5,-33],[33,-29],[43,-20],[65,-54],[-10,-7],[-8,0],[-16,11],[-8,-3],[0,-21],[-12,-48],[-15,4],[-7,16],[19,2],[1,7],[-33,11],[-16,27],[-15,16],[-22,-24],[-52,20],[-118,143],[67,19]],[[69233,33585],[10,-29],[91,-24],[-21,-54],[-62,-2],[-55,-26],[28,-30],[-12,-36],[-43,-34],[-17,63],[-25,7],[-27,42],[4,23],[-30,11],[-15,-25],[-34,-2],[-53,-15],[-43,47],[83,44],[91,1],[51,16],[15,26],[64,-3]],[[68880,33497],[-38,24],[66,20],[32,27],[19,29],[33,22],[49,14],[12,-42],[-144,-86],[-29,-8]],[[69320,33677],[-16,-93],[-50,-24],[-27,49],[-102,-34],[-10,48],[140,55],[65,-1]],[[69481,33739],[39,5],[60,-35],[-15,-149],[-15,-45],[-75,-64],[-55,2],[-55,-19],[-30,27],[9,73],[-27,23],[14,58],[-7,64],[82,-11],[53,79],[22,-8]],[[69428,33712],[-26,-42],[-90,21],[30,31],[77,27],[9,-37]],[[69466,33956],[46,-35],[-9,-47],[63,4],[21,-32],[-39,-39],[-51,-7],[-160,-59],[-42,-30],[-182,-85],[-1,-67],[-56,10],[12,41],[-7,53],[56,35],[62,58],[58,24],[60,71],[99,54],[70,51]],[[69679,34029],[25,-60],[-24,-80],[-50,-52],[-39,47],[-87,-5],[9,45],[-42,36],[125,91],[44,9],[39,-31]],[[69383,34245],[51,-77],[-15,-77],[-79,-141],[-36,-35],[-43,-76],[-45,-43],[-84,-33],[-3,62],[51,58],[34,144],[90,114],[51,99],[28,5]],[[69339,34246],[-35,-89],[-40,0],[40,86],[35,3]],[[69275,34315],[15,-58],[-54,-132],[-64,-118],[-10,-49],[-53,19],[13,32],[-24,34],[12,53],[31,50],[49,-21],[18,41],[-7,42],[-21,28],[46,71],[49,8]],[[69345,35427],[-16,-48],[26,-37],[10,-71],[-89,-28],[-84,-43],[-58,36],[0,13],[-24,6],[17,14],[-12,22],[-3,26],[-22,-20],[-24,28],[-74,16],[-11,51],[-72,50]],[[68909,35442],[58,1]],[[67266,32010],[17,76],[31,26],[59,19],[8,42],[45,53],[97,50],[106,120],[-45,59],[-64,60],[-108,120],[25,64],[-102,43],[-156,21],[-125,0],[-83,11],[-84,33],[-93,-11],[-52,-33],[-63,-97],[-52,-130],[-83,10],[-117,96],[-68,32],[-83,-9]],[[64132,35999],[-46,208],[-54,122],[-54,25],[-30,40],[6,87],[37,91],[22,99],[-1,69],[-52,73],[-293,280],[-103,67],[42,65],[10,87],[-34,41],[-68,26],[-62,4],[-66,56],[-19,35],[-162,205],[-35,53],[-84,66],[-47,52],[-13,116],[11,86],[62,103],[73,145],[33,134],[16,233],[2,103],[-26,204],[-43,130],[-75,122],[-10,45],[59,55],[32,56],[-3,28]],[[63157,39410],[105,18],[85,23],[86,43],[17,-9],[100,16],[64,-12],[44,-25],[76,-9],[53,-27],[83,9],[44,-19],[59,13],[10,24],[-4,115],[-39,79],[33,77],[71,18],[63,59],[45,-40],[15,36],[71,78],[-20,50],[5,46],[63,52],[87,54],[20,32],[150,50],[2,49],[56,81],[115,-10]],[[64716,40281],[239,-119],[80,-14],[85,-29],[23,-32],[-31,-142],[61,-119],[-4,-98],[-30,-97],[-10,-89],[-47,-37],[-3,-28],[58,-135],[3,-59],[-56,-92],[42,-84],[10,-92],[-44,-74],[-77,-5],[-74,-19],[-53,-33],[14,-100],[-23,-48],[21,-45],[-11,-60],[-64,-63],[11,-99],[-20,-55],[73,-154],[-23,-22],[-61,-17],[-36,-113],[-64,-74],[8,-32],[69,-38],[91,-11],[81,-65],[56,-67],[102,-20],[14,-32],[-6,-61],[17,-19],[241,-40],[25,-18],[27,-119],[60,-94],[64,-56],[55,-105],[-4,-29],[-76,-65],[-9,-104],[45,-111],[-3,-135],[105,-48],[70,-52],[92,-108],[54,-38],[127,-24],[72,-34],[17,-42],[57,-81],[35,-92],[14,-59],[2,-144],[-13,-213],[3,-117],[-49,-254],[1,-48],[51,-11],[151,1],[114,-4],[189,-16],[236,-6],[71,43],[10,47],[-7,162],[244,288],[127,169],[112,186],[80,117],[68,142],[8,97],[-23,170],[-29,81],[53,121],[-38,125],[50,117],[83,58],[44,-3],[49,-106],[101,-256],[129,-170],[103,-113],[108,-157],[60,-66],[31,-65],[10,-126],[-68,-281],[-21,-28],[-22,-142],[16,-70],[52,-53],[78,-33],[206,-130],[75,-72],[117,50],[74,-68],[67,-15]],[[68908,35442],[57,-42],[26,-59],[75,-17],[25,-28],[16,7],[19,-34],[-16,-1],[-2,-12],[10,-13],[74,-44],[100,35],[30,-26],[-69,-58],[-27,-66],[-1,-43],[-86,-247],[-7,-72],[-58,-20],[-22,-49],[1,-71],[26,-91],[45,-70],[39,-26],[-17,-40],[18,-128],[30,-26],[0,-54],[-54,6],[-53,-64],[8,-52],[15,-39],[-27,-24],[86,-41],[-6,-51],[-47,-65],[4,-43],[-27,-58],[-54,-77],[-59,-23],[-23,-16],[-19,-30],[-32,-26],[-118,-32],[-71,25],[-84,-22],[-128,34]],[[68650,33465],[28,-45],[21,-131],[5,-113],[-30,-83],[-12,-53],[-28,-219],[-85,-54],[-15,-311],[-140,-67],[-102,-81],[-59,-86],[-18,-44],[-76,-74],[-67,-136],[-145,-195],[-56,-33],[-34,-36]],[[70890,37761],[30,-30],[-8,-54],[-52,-1],[-20,48],[50,37]],[[70866,38357],[14,-82],[-28,-2],[-25,93],[39,-9]],[[70711,38732],[61,-73],[0,-37],[38,-106],[-28,-8],[-38,51],[-18,44],[-28,30],[-13,64],[-34,49],[40,9],[20,-23]],[[73886,38681],[12,-25],[-30,-51],[26,-58],[-71,-121],[-88,-110],[-90,-43],[-6,-51],[-54,-48],[-69,24],[-120,-120],[-1,-45],[-73,-63],[-130,-10],[-104,58],[-51,17],[-52,61],[-46,29],[-42,-4],[-40,-32],[-92,-5],[-86,-105],[-79,9],[-65,-19],[-57,24],[-108,23],[-42,32],[-29,-9],[-84,44],[-28,-28],[-37,10],[-16,-54],[-58,-20],[-58,-37],[-87,13],[-29,20],[-5,87],[-59,28],[-337,55],[-255,68],[-47,5],[-151,43],[-37,32],[9,29],[-22,84],[-80,10],[-40,27],[-14,46],[9,44],[-51,39],[16,65],[-27,50],[-9,76],[-104,65],[-79,81],[-71,25],[-33,-21],[-8,-53],[46,-54],[49,-28],[31,-86],[35,-3],[32,-86],[23,-13],[16,-64],[23,-17],[-8,-69],[32,-44],[-6,-48],[30,-37],[30,-70],[42,-38],[35,-84],[-7,-21],[28,-69],[-28,-48],[36,-55],[-5,-59],[-59,-17],[-118,-6],[-39,64],[-104,37],[-35,105],[-77,-19],[-51,-31],[1,-37],[-63,3],[-82,-25],[-54,-27],[-63,-49],[-56,-28],[-57,-48],[-52,-95],[-40,-37],[-31,-57],[-7,-88],[15,-85],[-10,-50],[-81,-21],[-46,-43],[-4,-64],[-27,-29],[4,-42],[-41,-41],[-11,-58],[-40,-45],[-7,-44],[-74,-65],[-7,-106],[32,-55],[-31,-66],[-59,-39],[-54,59],[-27,-16],[28,-84],[-41,-97],[0,-89],[-29,-48],[-60,6],[30,-107],[-48,-34],[37,-62],[-43,-43],[32,-26],[5,-49],[-74,-49]],[[68909,35442],[-1,0]],[[64716,40281],[95,102],[15,72],[-29,76],[57,63],[58,85],[90,44],[38,-35],[44,26],[4,51],[33,26],[30,127],[34,60],[-15,21],[33,87],[22,119],[29,81]],[[15747,43564],[-30,16],[-13,124],[-24,93],[27,3],[10,-71],[26,-85],[4,-80]],[[16357,43549],[-48,-173],[-36,-202],[17,-283],[38,-97],[13,-65],[32,-45],[23,-72],[74,-134],[18,-5]],[[16488,42473],[-104,7],[-365,-9],[-8,-52],[-232,-8],[-123,-266],[-67,-10],[-89,-63],[6,-103],[-5,-74],[-48,-60],[-45,-38],[103,-41],[28,-23],[-54,-113],[-27,-31],[-89,2],[-4,151],[-67,-68],[-120,31],[-69,-42],[-37,2],[-61,-46],[-27,-72],[-64,-52],[4,-204],[7,-85],[-13,-31],[-51,-22]],[[14867,41153],[-49,104],[-20,95],[-15,19],[16,53],[-27,64],[81,36],[-10,58],[32,149],[-42,46],[31,21],[25,53],[-57,-2],[-37,31],[-48,-30],[-28,27],[-85,-61],[-52,-6],[-25,-86],[-76,-45],[-29,-107],[-84,24],[41,104],[-9,148],[-13,67],[-67,5]],[[14320,41920],[26,54],[4,45],[60,32],[83,23],[38,95],[44,31],[10,29],[57,12],[24,141],[131,-4],[253,2],[200,70],[-60,150],[-33,40],[34,74],[32,112],[79,144],[63,100],[68,211],[53,94],[38,45],[19,67],[49,61],[-16,243],[-18,124],[-16,63],[-29,201]],[[15513,44179],[122,-97],[25,-151],[-15,-72],[-1,-76],[33,-88],[15,-105],[19,-38],[73,-8],[-15,94],[-31,122],[3,155],[24,61],[36,45],[89,58],[60,8],[91,-24],[10,-84],[34,-115],[53,-61],[60,-37],[25,-85],[134,-132]],[[16488,42473],[-5,-133],[-83,-149],[-19,-85],[-46,-140],[3,-174],[-10,-174],[4,-111],[-29,-87],[-40,-11],[-33,-45],[0,-100],[-12,-66],[57,-71],[178,-29],[-4,-143],[-33,-73],[-70,-80],[4,-31],[70,-4],[80,-39],[43,16],[90,-35],[1,-49],[-28,-70],[35,-47],[-33,-76],[41,-99],[-15,-44],[31,-50],[4,-119],[-33,-76],[-77,-31],[-199,13],[-21,53]],[[16339,40114],[5,78],[-39,47],[-56,18],[-170,101],[-43,48],[-29,9],[-23,47],[-88,35],[-33,47],[7,40],[-60,29],[-18,65],[-41,23],[-55,102],[-97,101],[-35,10],[-50,-14],[-27,-68],[-66,-117],[-50,-74],[-149,-50],[-44,79],[-81,211],[-42,9],[-50,-91],[-65,-86],[-51,-82],[-56,46],[-36,70],[-20,1],[-119,75],[-19,45],[-99,44],[-5,27],[-44,59],[-47,38],[8,56],[-29,81],[38,46],[63,27],[92,-3],[70,-60],[102,-5],[49,-31],[30,6]],[[15478,44283],[23,-45],[-69,-22],[5,33],[41,34]],[[15324,44546],[22,-77],[-3,-156],[-24,-82],[-36,-42],[32,-41],[41,-19],[93,52],[64,-2]],[[14320,41920],[-21,-29],[-57,42],[-61,-3],[1,-59],[21,-27],[2,-56],[-48,-1],[-110,104],[-23,2]],[[14024,41893],[-60,104],[14,53],[-40,42],[-47,-1],[-31,101],[-121,-11],[-43,22]],[[13696,42203],[-73,-7],[-115,104],[-14,31]],[[13494,42331],[32,32],[40,75],[-5,37],[180,74],[25,29],[58,14],[66,-18],[45,21],[31,65],[-7,79],[13,45],[89,2],[23,22],[-8,44],[-96,27],[-98,47],[-3,80],[23,88],[4,92],[-51,-67],[14,-50],[-38,-1],[-259,208],[93,124],[10,134],[27,34]],[[24609,22010],[-90,109],[-54,38],[-36,5],[-66,45],[7,66],[-18,62],[44,30],[81,-27],[34,36],[41,10],[51,72]],[[25211,24157],[21,-40],[67,3],[131,-8],[159,-22],[60,-62],[116,-15],[25,13],[109,2],[24,32],[60,34],[120,3],[45,-21],[0,-108],[16,-27],[36,-131],[67,16],[4,145]],[[26271,23971],[51,-12],[59,6],[166,121],[115,-86],[196,-118],[83,0],[30,-62],[-7,-61],[12,-57],[-84,-50],[22,-45],[42,-33],[19,-53],[-62,12],[-27,-47],[37,-40],[5,-60],[31,-12],[-7,-43],[-67,-17],[-47,-72],[24,-46],[-31,-61],[-40,-30],[21,-74],[-33,-94],[-2,-78],[-26,-45],[-34,-22],[-41,14],[-67,-72],[-53,-30],[40,-76],[-62,-47],[-12,-24],[-58,0],[-34,-129],[3,-63],[-36,-63],[-53,-128],[-26,-45],[-27,33],[-64,-4],[-37,15],[-50,-71],[-81,93],[-49,-37],[-44,-143],[-3,-45],[-234,-167],[-165,-93]],[[50414,31098],[73,10]],[[50487,31108],[162,-213],[69,-48],[151,-38],[273,19],[51,-21],[194,-169],[152,-90],[123,-119],[18,-52],[48,-28]],[[50449,28042],[27,45],[-3,154],[-11,67],[-57,13],[-40,100],[2,34],[-193,11],[-85,26],[-41,49],[-90,15],[-65,67],[5,82],[-32,6],[-43,52],[-69,2],[-28,-25],[-250,-175]],[[52831,12524],[30,34],[43,6],[16,27],[62,47],[42,-1],[-6,65],[10,61],[-45,32],[33,52],[-15,41],[-1,74],[-23,95],[4,72],[-62,31],[-39,48]],[[52880,13208],[143,73],[85,6],[67,-13],[67,21],[78,-5],[49,28],[42,-23],[46,20],[75,-38],[74,13],[25,24],[41,-4],[41,-30]],[[53489,11834],[-30,-5],[-39,-60]],[[27530,19633],[39,-42],[157,14],[113,18],[32,35],[40,-55],[114,-51],[170,3],[73,98],[24,95],[64,11],[76,-68],[99,14],[28,59],[99,-87],[85,62]],[[28743,19739],[38,-32],[33,18],[71,-13],[75,24],[23,-38],[12,-85],[56,-52],[-8,-55],[22,-24],[71,36],[37,4],[58,-35],[6,-38]],[[29237,19449],[-12,-56],[14,-22],[-8,-118],[89,-22],[31,24],[98,-27],[10,-62],[23,-47]],[[29482,19119],[-146,-159]],[[29336,18960],[-131,-75],[-43,-46],[-109,-56],[-25,-29],[-79,3],[-18,-44],[27,-61],[-48,-155],[-47,-276],[-94,-143]],[[28769,18078],[-47,39],[-5,48],[-52,28],[-43,61],[-46,40],[-36,67],[-41,35],[-24,77],[-95,127],[-56,51],[-94,15],[-91,25],[-45,31],[-143,129],[-13,102],[-65,55],[-89,28],[-39,-30],[-25,35],[27,38],[16,85],[-32,62],[-51,27],[-44,46],[-77,26],[-49,52],[-28,-17],[-31,23],[-79,28],[-19,21],[-52,-15],[-37,38],[-69,114],[-57,37],[-7,99],[-35,-18],[-41,-63],[1,-111],[-65,-31],[-58,55],[-6,30],[-60,30],[-118,19],[-108,-57],[-28,-52],[-24,-1]],[[26589,19506],[-96,38],[-122,-2]],[[26958,20027],[38,6],[20,-73],[74,11],[65,-27],[-5,-64],[50,-2],[81,-86],[-2,-72],[29,-43]],[[32159,15652],[28,3],[20,-54],[-47,-52],[-64,13],[-28,30],[13,31],[78,29]],[[32167,15834],[43,-26],[-29,-65],[-14,91]],[[31893,15728],[-14,19],[83,93],[58,16],[-21,-56],[-106,-72]],[[32323,16338],[31,-20],[14,-59],[-47,-68],[-49,-13],[-55,28],[-11,36],[12,54],[29,32],[76,10]],[[32402,16576],[47,-42],[-22,-28],[-20,-75],[-64,-19],[-18,37],[-2,84],[51,2],[28,41]],[[31452,18130],[-20,36],[-108,85],[-43,20],[-169,33],[15,65],[35,18],[50,86],[56,-49],[53,-10],[-2,57],[-45,96],[3,62],[34,40],[36,-1],[76,58],[93,28]],[[31516,18754],[6,-30],[56,10],[49,-8]],[[31627,18726],[13,-83],[26,-35],[111,-11],[22,-48],[78,23],[35,47],[159,5],[16,-107],[100,5],[-8,-113],[-49,-26],[-76,19],[24,-85],[134,0],[37,59],[20,-43],[42,-45],[43,-3],[58,-75],[7,-27],[-26,-43],[-2,-142],[23,-36],[-17,-63],[6,-41],[-35,-18],[15,-63],[61,76],[87,9],[65,-27],[-25,-97],[98,-14],[52,-21],[0,-151],[8,-23],[77,-35],[-5,-67],[47,-44],[-2,-37],[44,-9],[12,49],[45,-38],[56,-21],[35,7],[13,53],[60,14],[1,-52],[28,-33],[57,9],[61,106],[35,23]],[[33293,17454],[38,-45],[-27,-91],[-13,-113],[-20,-103],[-34,-47],[-19,-52],[3,-59],[21,-55],[-19,-87],[-12,-94],[-39,-61],[-64,-134],[-59,-41],[-23,-59],[-41,-13],[3,76],[-9,70],[-31,31],[-54,-3],[-36,35],[-59,10],[-65,-13],[-96,28],[-30,56],[-30,24],[-18,57],[3,69],[30,97],[-86,93],[-21,42],[22,71],[-20,14],[-62,-10],[-14,-69],[-78,61],[-151,78],[-62,48],[-76,33],[-25,50],[-40,32],[-66,120],[-15,66],[-53,61]],[[31516,18754],[-91,53],[-15,63],[-80,46],[-9,-48],[-72,-11],[-37,-45],[-27,9],[-179,-30],[-50,-36],[-64,-123]],[[30892,18632],[-27,-47],[-59,-46],[-123,-18],[-66,-47],[-108,-28],[-8,39],[-40,38],[-43,-26],[-47,60],[-21,58],[-102,43],[-75,91],[-31,6]],[[30142,18755],[-7,42],[-31,6],[0,47],[-47,-25],[-49,55],[-62,-3],[-35,-16],[-26,-58],[-36,-36],[-117,-11],[-75,65],[-93,-13],[-25,22],[-49,4],[-14,36],[-56,70],[-84,20]],[[29482,19119],[83,-86],[91,-14],[21,24],[74,-10],[63,9],[29,58],[76,-1],[21,43],[32,0],[86,47],[47,-18],[-1,92],[55,25],[62,54],[30,-2],[93,58],[47,-27],[-64,-47],[12,-27],[64,41],[72,15],[17,26],[-14,59],[26,18],[73,107],[99,13],[80,-44],[35,-84],[38,-5],[45,42],[32,-4],[31,59],[-1,90],[16,12],[-12,72],[44,27],[97,168],[75,151],[-10,46],[21,75]],[[31167,20181],[50,72],[-17,63],[56,26],[54,102],[9,78],[74,26]],[[31393,20548],[42,-8],[-15,-60],[21,-14],[91,-6],[62,55],[57,9],[62,52],[25,79],[80,51],[6,35],[42,8],[35,70],[48,36],[117,30],[28,-6],[66,49],[61,10],[29,-17],[44,46],[14,-39],[75,-11],[40,-72],[157,6],[55,-10],[55,13],[21,99],[48,19],[-6,-66],[41,-24],[46,28],[14,45],[60,-15],[60,-129],[75,-14],[51,42],[52,-97],[90,-28],[8,-60],[-73,-81],[14,-27],[-7,-63],[30,-8],[41,-57],[38,12]],[[33293,20430],[4,-99],[-9,-52],[-32,-86],[24,-25],[0,-63],[-73,3],[-94,60],[-34,-1],[-31,-46],[-51,34],[-67,-13],[-52,-25],[-21,-121],[-37,6],[-42,-35],[16,-39],[-54,-66],[1,-80],[-38,-25],[-62,23],[-33,-48],[-4,-39],[-118,20],[-58,-39],[-87,11],[-14,-30],[-55,-29],[-64,14],[-33,-30],[-49,49],[-110,-103],[37,-149],[-30,-12],[-56,13],[-77,-17],[-50,28],[-54,-71],[-14,-65],[123,-17],[-3,-56],[-61,-46],[-68,-31]],[[33293,20430],[34,30],[15,62],[79,-44],[0,-67],[-21,-43],[11,-28],[65,-17]],[[33476,20323],[20,-63],[-33,-70],[-27,-140],[-5,-93],[6,-135],[29,-127],[67,-97],[20,-53],[-8,-61],[-75,-63],[-26,-97],[-20,-141],[-7,-115],[6,-153],[10,-93],[-3,-129],[7,-217],[-25,-44],[-47,-39],[-40,-57],[-19,-66],[-5,-187],[15,-238],[4,-155],[-21,-40],[-11,-121],[5,-75]],[[29237,19449],[107,205],[38,110],[44,85],[179,20],[12,52],[55,110],[-13,25],[23,43],[-85,114],[41,49],[-65,35],[-12,30],[26,39],[67,40],[27,79],[74,39],[1,20],[91,57],[-1,128],[58,7],[101,-29],[49,-47],[53,-23],[121,6],[18,61],[38,-16],[62,30],[42,52],[34,7],[66,-35],[76,60],[38,11]],[[30602,20813],[73,9],[24,-74],[33,-26],[27,-83],[-28,-25],[38,-46],[5,-171],[30,3],[80,-30],[58,-78],[37,-13],[10,-38],[100,-15],[78,-45]],[[46565,38647],[115,-51],[131,-12],[37,-32],[11,-66],[-3,-70],[-43,-66],[18,-31],[40,-5],[38,-92],[100,-63],[-30,-36],[-51,-31],[-77,-13],[-30,17],[-72,-38],[-16,-90],[58,-160],[120,-85],[17,-24],[17,-89],[-46,-101],[12,-51],[-27,-11],[-19,-72],[13,-76],[37,-55],[50,28],[35,-19],[-31,-41],[10,-74],[-42,-28],[-77,-14],[-55,-39],[24,-87],[-1,-45],[-50,4],[-31,-60],[-59,-39],[0,-41],[74,-45],[72,-3],[1,-43],[-36,-19],[-21,-69],[-31,-21],[-36,15],[-44,-13],[-32,-73],[11,-61],[-47,-47],[0,-47],[30,-132],[-42,-60],[18,-80],[-59,-50],[-32,31],[-55,-24],[-43,23],[-61,-7],[-26,-25],[-48,-100],[-100,-38],[-110,12],[-35,-10],[-50,-42],[-43,-58],[-6,-59],[-48,-56],[-79,-11],[-24,-30]],[[44289,36191],[-67,26],[-126,13],[-123,-1],[-65,-10],[-44,44],[-87,9],[-53,31],[26,79],[41,30],[44,-13],[-3,70],[85,-15],[73,29],[55,46],[55,6],[-11,95],[-22,52],[-58,71],[-44,26],[-48,58],[-30,-12],[-50,66],[-43,-13],[1,67],[44,88],[28,112],[56,74],[53,42],[24,59],[-36,64],[-37,21],[-19,39],[-47,-32],[-47,26],[-51,-1],[-70,40],[-28,50],[-45,2],[-42,39],[-29,3]],[[10000,48790],[39,-14],[-4,-96],[-61,-25],[-59,42],[36,71],[49,22]],[[9975,49154],[-28,-59],[16,-52],[-6,-54],[10,-95],[13,-22],[-27,-47],[-121,-20],[-60,-19],[-79,-74],[52,-23],[-21,-129],[108,42],[43,32],[48,12],[116,-34],[80,-53],[36,-98],[97,0],[33,12],[58,-17],[50,14],[59,-30],[74,-84],[103,-3],[79,-32],[39,-40],[38,6],[83,-25],[-14,-63],[41,-29],[29,-142],[43,2],[26,-35],[67,-44],[72,-11],[15,17],[100,-28]],[[134351,22065],[-12,-62],[-44,-74],[-82,-28],[-153,11],[-142,-5],[-137,28],[-114,-6],[-148,-28],[-109,11],[-175,108],[-235,57],[-112,10],[-169,0],[-202,-8],[-218,-26],[-121,-8],[-89,-25],[-72,16],[-81,59],[-73,-8],[-161,-34],[-121,-50],[-69,-39]],[[131512,21964],[54,171],[27,109],[32,90],[131,142],[82,56],[90,52],[82,14],[95,-4],[204,47],[36,57],[0,189],[10,59]],[[132355,22946],[81,49],[95,38],[127,19],[232,5],[185,-19],[123,33],[136,47],[108,130]],[[133442,23248],[91,-3],[183,-30],[40,95],[68,-6],[138,38],[98,58],[89,6],[98,-6],[135,9]],[[134382,23409],[-5,-96],[11,-102]],[[35476,13641],[2,-20],[-86,-72],[-124,-40],[-61,-78],[-19,-58],[-1,-52],[-118,-124],[23,-63],[-28,-39],[12,-59],[-6,-66],[14,-24]],[[35084,12946],[-52,-53],[-27,17],[-38,-23],[-70,34],[-17,-17],[-77,-11],[-16,54],[-108,14],[-22,38],[-41,4],[1,68],[-99,66],[-87,30],[-65,4],[-75,30],[-140,76],[-29,55],[-73,77],[-55,27],[-157,39],[-134,5],[-136,-23],[-73,-67]],[[33494,13390],[11,63],[-59,109],[8,38],[47,47],[6,46],[31,96],[66,-9],[65,103],[-5,49],[20,44],[-2,92],[-30,15],[1,74],[56,58],[24,42],[80,96],[-12,55],[34,21],[-26,42],[27,25],[25,59],[27,12],[7,57],[39,47],[4,32],[61,63],[66,13],[51,-21],[9,-28],[45,-12],[36,26],[14,67],[41,73],[-16,56],[21,44],[-6,53],[55,13],[31,34],[3,37],[36,38]],[[34385,15159],[126,-3],[25,-58],[78,39],[90,-13],[30,-40],[79,-29],[26,-41],[61,-5],[60,25],[25,-12],[79,12],[27,-11]],[[35091,15023],[32,-41],[51,-9]],[[21287,26577],[34,21],[63,-15],[30,29],[83,9],[120,-108],[120,-36]],[[21737,26477],[14,-82],[62,-54],[67,-20],[49,-64],[9,-128],[47,-16],[47,-47],[57,-17],[36,-55],[50,5],[47,-38],[28,-129],[10,-92],[27,-89],[33,-38],[82,-4],[114,-102],[98,36],[56,11],[60,35],[41,-27],[99,-8],[99,-80],[58,-90]],[[23027,25384],[8,-156],[15,-24],[-15,-141],[52,-23],[-49,-78],[25,-67]],[[23063,24895],[-34,-76],[6,-41],[37,-42],[-34,-53],[-45,15],[-82,2],[5,-25],[-28,-60],[-54,-34],[-95,10],[-19,-10],[-33,-77]],[[88868,8990],[50,-10],[54,17],[81,-10],[61,-107],[-20,-29],[-78,-22],[-59,-31],[-129,-17],[-84,19],[-106,-48],[-53,-48],[-41,-65],[-26,-88],[-92,-111],[-26,-88],[-57,-47],[-68,-8],[10,54],[-23,27],[-72,-4],[-108,-115],[-70,-44],[-42,-46],[32,-53],[55,-59],[20,-83],[-13,-41],[-46,-29],[-66,-62],[-55,2],[-60,51],[-17,114],[-46,8],[-131,-60],[-6,-47],[-64,-87],[-97,-34],[-119,74],[-30,81],[-97,33],[-67,-70],[-44,18],[-55,-5],[-79,10],[-44,-24],[-10,73],[-27,33],[27,27],[54,-4],[53,53],[53,36],[42,54],[26,2],[48,58],[30,62],[72,92],[130,45],[12,27],[49,23],[96,3],[24,31],[61,29],[41,38],[-52,68],[-79,63],[-79,17],[-43,-24],[-49,2],[-28,56],[55,57],[73,34],[33,-9],[54,-55],[89,16],[46,59],[48,23],[133,24],[69,-15],[9,-34],[-51,-22],[20,-32],[-33,-27],[-38,-97],[-40,-16],[-62,-145],[63,12],[50,-40],[61,-14],[58,19],[41,33],[41,74],[-26,52],[-46,-1],[-2,83],[82,4],[11,-46],[-18,-58],[95,73],[19,41],[-19,30],[-8,79],[-63,27],[-1,69],[35,-19],[43,29],[42,-1],[35,-24],[-8,-54],[41,-49],[96,5],[15,45],[-21,47],[33,26],[91,39],[49,62],[89,53],[80,-29],[65,-67],[42,-7],[6,-34]],[[16177,35259],[-13,40],[53,40],[57,4],[57,45],[18,71],[54,49],[-67,145],[28,46],[-12,30],[22,123],[66,67],[6,23],[-24,76],[-34,58],[-10,49],[8,58],[-39,69],[1,40],[-34,44],[72,121],[4,44],[-28,19],[-73,125]],[[16289,36645],[59,21],[85,-60],[88,16],[82,53],[54,58],[47,-20]],[[17966,34280],[-15,-26],[-48,-13]],[[17903,34241],[-102,0],[-41,16],[-12,-44],[-60,-19],[-133,73],[-48,13],[-29,40],[-61,-16],[5,-41],[-71,-24],[-114,0],[-21,26],[-1,97],[-51,6],[-7,58],[-45,43],[-74,-12],[-25,13]],[[28296,34109],[113,-27],[-39,-85],[-72,12],[-2,100]],[[28277,34204],[43,-34],[20,17],[76,0],[-2,-59],[-129,-2],[-48,39],[40,39]],[[28215,34269],[-35,-69],[-41,13],[-6,37],[40,34],[42,-15]],[[29189,34279],[-13,-13],[76,-61],[53,5],[50,-31],[6,-66],[56,-86],[43,-82],[73,-46],[10,-36],[-23,-77],[-85,-27],[-92,-121],[-21,-63],[-36,-48],[-25,-70],[-12,-153],[-39,-5],[-55,25],[-15,37],[-45,19],[-24,66],[-39,54],[-114,-62],[-5,-89],[-39,-84],[19,-37],[-72,-54],[-74,91],[6,95],[-18,44],[-50,211],[-56,28],[-160,151],[25,49],[23,157],[24,20],[7,78],[50,-2],[55,26],[29,89],[30,18],[22,-105],[-45,-26],[-28,-67],[60,-77],[39,20],[-26,62],[40,77],[23,-45],[63,3],[27,-25],[84,38],[54,63],[-14,70],[29,48],[149,14]],[[28414,34307],[9,-62],[-48,21],[39,41]],[[29147,34480],[35,-18],[28,-74],[-20,-37],[-64,5],[-32,-27],[-106,1],[-43,46],[-44,19],[-4,56],[43,19],[72,-29],[135,39]],[[30044,34892],[-58,33],[-45,113],[48,-34],[55,-112]],[[30299,35240],[40,-47],[-33,-28],[-31,35],[24,40]],[[29340,35449],[26,-35],[-20,-36],[-45,-9],[-25,45],[64,35]],[[29489,35388],[39,-21],[85,-77],[52,-32],[46,-56],[46,-91],[-52,-22],[-81,20],[108,-100],[0,64],[28,24],[42,3],[37,-46],[17,-49],[46,-61],[54,-26],[9,-85],[21,-45],[42,-45],[64,0],[30,-34],[59,-3],[57,40],[-28,28],[-9,100],[41,67],[61,-66],[61,-110],[39,-23],[24,-71],[30,-38],[141,-123],[74,-39],[41,-6],[33,20],[20,-97],[-128,42],[-57,42],[-63,6],[-49,-35],[9,-71],[28,-29],[51,-15],[-37,-40],[-43,36],[-65,-2],[-51,42],[-49,-30],[-113,102],[-73,38],[2,54],[-65,-7],[-48,33],[-1,66],[-55,4],[-34,45],[-76,44],[-54,-5],[-104,-35],[-58,-44],[-112,-49],[-74,22],[-87,-64],[-19,-30],[-51,-21],[-49,43],[10,40],[-23,25],[-88,0],[-67,-13],[-56,40],[-16,30],[20,42],[-11,88],[43,18],[33,55],[54,-7],[34,78],[71,21],[17,75],[1,171],[-23,29],[-3,126],[54,5],[55,-18],[57,48],[-19,35],[1,52],[104,-82]],[[29286,35521],[-34,-47],[-26,38],[60,9]],[[30097,35510],[-4,-39],[-50,13],[-70,-9],[1,48],[49,-14],[74,1]],[[29168,35680],[-100,98],[32,30],[67,-91],[1,-37]],[[28946,35871],[53,-31],[56,-57],[43,-61],[56,-42],[20,-55],[38,-24],[-2,-42],[-45,-66],[42,-39],[-32,-33],[-114,110],[-24,50],[-26,14],[-61,77],[-22,-6],[-45,71],[84,2],[-51,96],[30,36]],[[28715,35799],[17,-12],[-3,-75],[-38,8],[-25,74],[-25,-11],[-41,50],[16,39],[41,-12],[58,-61]],[[28816,35891],[31,9],[55,-94],[-1,-61],[-97,133],[12,13]],[[28407,36016],[30,-78],[-6,-28],[-43,-40],[-30,33],[-46,4],[52,58],[-11,23],[54,28]],[[29312,36128],[97,-103],[108,-136],[41,-33],[80,-127],[60,-59],[41,-62],[73,-70],[50,-13],[19,-32],[-42,-71],[-40,17],[-79,62],[-24,33],[-87,79],[-56,22],[-127,116],[-22,38],[-88,110],[-28,55],[-35,30],[31,27],[-70,57],[-34,65],[20,27],[56,-54],[55,-34],[1,56]],[[28766,36374],[64,-20],[18,-43],[37,-35],[-98,-9],[-17,42],[-64,45],[-10,69],[70,-49]],[[28665,36463],[26,-47],[-17,-39],[-51,-12],[42,98]],[[28716,36580],[196,-126],[65,-18],[20,-41],[-35,-80],[-65,-13],[-35,35],[-8,39],[-69,3],[-50,82],[31,32],[-60,59],[10,28]],[[29286,36754],[19,-21],[84,-5],[-64,-55],[-38,37],[-1,44]],[[64899,7894],[-6,63],[-21,55],[-83,94],[11,48]],[[64800,8154],[95,27],[21,-35],[49,26],[119,-20],[39,52],[92,-37],[36,10],[27,-33],[66,-23],[27,76],[137,19],[35,34],[101,35],[51,50],[35,10]],[[65730,8345],[-37,-65],[-21,-7],[-51,-92],[10,-40],[42,-78],[-14,-60],[-37,-65],[-50,-62],[-64,-24],[-5,-46],[-49,-46],[-148,-55],[-22,-26],[-49,-8],[9,-62],[21,-18],[24,-91],[-59,-15],[-9,-41],[9,-67],[-13,-52],[-64,-32],[-37,29],[-28,-53],[33,-67],[-25,-6],[-57,-128],[-55,-74],[-16,-48],[26,-32],[3,-45]],[[64997,6869],[-57,-13],[-33,-35],[-68,-1],[-16,47],[47,60],[-148,-40],[47,-58],[-59,-70],[-35,52],[-77,29],[-32,35],[-50,86],[-45,27],[-77,-19],[-83,40],[-29,26],[-32,-22],[-44,16],[-49,90],[12,40],[-26,71],[39,52],[5,39],[44,29],[50,-30],[-7,-53],[42,-19],[5,-37],[51,4],[27,-35],[87,11],[43,78],[61,38],[63,10],[78,-64],[45,35],[45,-85],[40,-6],[7,54],[42,41],[-50,44],[36,153],[1,82],[16,84]],[[65730,8345],[111,-12],[53,-26],[43,-39]],[[65937,8268],[-11,-27],[12,-59],[-65,-90],[-3,-88],[-15,-36],[3,-71],[-12,-196],[5,-92],[21,-21],[-12,-56],[42,-66],[26,22],[78,-44],[22,-81],[33,-22],[-2,-73],[-61,-46],[-26,-52],[-10,-98],[-75,-47],[0,-37],[36,-76]],[[65923,6912],[-47,-32],[57,-105],[-35,-86],[13,-34],[-65,-63],[-31,100],[44,49],[-88,13],[-31,-52],[-46,42],[-91,11],[-60,39],[-31,-55],[-52,25],[-20,-34],[-90,35],[-49,-1],[-28,-28],[-53,-8],[-35,58],[-38,106],[-40,-23],[-66,9],[-44,-9]],[[66901,8667],[72,-78],[-51,-8],[-49,38],[28,48]],[[65937,8268],[69,96],[-28,46],[33,28],[32,59],[32,26],[20,55],[31,24],[7,183],[75,91]],[[66208,8876],[37,-33],[80,5],[59,-29],[83,-19],[67,-40],[66,2],[93,-25],[24,-17],[106,-135],[66,-34],[30,-68],[-7,-93],[-37,-59],[3,-90],[-47,-30],[-107,-113],[13,-84],[-25,-60],[5,-46],[24,-29],[-27,-52],[-107,-105],[-9,-72],[-68,-99],[-41,-40],[-22,-67],[-67,-96],[-12,-63],[-22,-40],[-110,-87],[-34,-91],[-2,-109],[16,-4],[97,49],[21,-14],[-13,-76],[56,-4],[26,-20],[80,21],[-14,-41],[-31,-5],[-25,-65],[-127,-55],[-30,37],[-10,57],[-49,-101],[-76,-33],[-113,5],[39,66],[41,160],[38,33],[-19,28],[-48,-5],[-36,-28],[-39,46],[-43,-36],[-38,-61]],[[64800,8154],[-16,75],[43,44],[31,93],[52,-9],[88,42],[15,33],[-18,52],[26,18],[64,-12],[72,71],[75,7],[33,50],[19,66],[30,9],[101,115],[101,70],[152,72],[99,36],[60,2],[57,-22],[55,3],[72,-15],[35,-23],[58,4],[104,-59]],[[56372,8676],[-129,60],[-129,24],[-110,4],[-69,-6],[-121,-29],[-106,17],[-55,-12],[-14,-25],[-56,-4],[-112,-40],[-96,-45],[-30,-26],[-33,-64]],[[55312,8530],[-66,51],[-10,36],[24,29],[-28,31],[-46,0],[-35,77],[13,65],[29,70],[-20,42],[-9,82],[-25,91],[1,65],[41,64],[26,76],[-7,76],[-53,17],[-18,66],[27,63],[80,73],[-27,51],[32,9],[18,54]],[[55259,9718],[52,-7],[49,16],[59,64],[87,-28],[66,-67],[22,-51],[41,25],[17,53],[106,3],[28,-24],[70,38],[42,-11],[15,28],[113,85],[64,108],[-13,42],[125,-32],[59,22],[2,-53],[20,-38],[145,6],[72,-91],[6,-64],[32,-27],[21,-96],[-3,-43]],[[77120,24530],[31,66],[-42,100],[3,39],[-20,91],[-73,44],[-64,74],[0,66],[35,43],[-20,76]],[[76970,25129],[34,46],[31,146],[32,26],[14,123],[23,41],[45,6],[17,39],[54,13],[0,50],[51,12]],[[77723,25592],[73,-26],[29,-100],[-7,-142],[-26,-50],[11,-57],[31,-21],[75,-5],[44,-31],[107,-31],[50,-29],[82,-18],[-2,-69],[21,-18],[8,-72],[89,-60],[-43,-26],[-20,-35],[24,-37],[-26,-36],[19,-89],[-21,-84],[14,-74],[7,-137],[-46,-44],[6,-140],[-36,-31],[38,-93],[30,-13],[-3,-64],[51,-71],[7,-109],[-6,-80],[-18,-28],[1,-73]],[[78286,23599],[-211,43],[-59,-5]],[[78016,23637],[-61,10],[-228,180],[-72,-6],[-34,42],[-15,110],[-29,41],[-10,89],[-26,28],[-65,-14],[-42,5],[-58,46],[-64,11]],[[77164,25879],[-15,51],[9,32],[-69,57],[-59,27],[-11,46],[-54,87],[-49,5],[-38,38],[-11,55],[26,76],[-30,19],[-28,64],[-134,16],[-50,40],[-30,72]],[[76621,26564],[83,23],[52,34],[34,-17],[66,36],[27,-2],[89,29],[28,24],[64,12],[93,-11],[58,33],[54,-15],[61,95],[85,-25],[32,-46],[-28,-49],[44,-52],[80,-54],[35,-89],[34,-14],[50,-63],[20,-3],[46,-71],[42,-34],[78,-104],[13,-52],[-12,-86],[53,-44]],[[77902,26019],[-25,-59],[-74,-55],[-79,-22]],[[80062,26273],[-19,29],[66,27],[13,32],[43,-1],[1,44],[43,45],[39,-3],[51,42],[12,69],[42,-4],[36,67],[-30,61],[-86,36],[-61,-4],[-2,95],[-44,-9],[-55,-36],[-29,0],[-47,37],[-78,-4],[-20,25],[-124,-4],[-25,56],[-97,-2],[-6,-37],[-81,23],[-70,97],[-47,-2],[-59,-22],[-31,24],[-70,-10],[-11,-47],[-58,5],[-50,-23],[-77,-2],[-45,-20],[-48,-55]],[[79038,26802],[-23,34],[-41,110],[12,75],[-57,44],[-28,62],[-22,84],[-93,230],[-24,41],[-72,81],[0,99],[-36,57],[-28,5],[34,77],[-9,78],[-56,47],[-12,51],[-31,48],[-42,15],[-33,61],[-7,50],[45,48],[10,74],[34,13],[23,78],[-2,49],[39,69],[-16,57],[-7,90],[19,26],[-33,66],[41,60]],[[78623,28781],[67,-88],[108,-122],[25,-43],[89,-87],[189,-125],[27,-32],[99,-57],[77,-22],[44,-28],[106,1],[43,42],[115,23]],[[79612,28243],[117,-5],[173,-27],[75,-17],[101,-38],[50,-53],[76,-44],[58,28],[76,-10],[84,-30],[23,-37],[83,-89],[32,-71],[40,-35],[59,-76],[75,12],[75,33],[31,-18],[179,-36],[61,-35],[276,-69],[104,16]],[[81460,27642],[57,-46],[93,-34],[34,-72],[136,-62],[44,-62],[80,-2],[79,23],[60,-30],[69,-146],[41,8],[53,-18],[31,35],[32,-21],[105,-175],[128,-122],[-4,-46],[35,-37],[-1,-34],[-38,-66],[-60,-56],[-10,-95],[-40,-70],[-60,-39],[6,-127],[-44,-33],[-34,12],[-35,-19],[-54,-71],[9,-85],[48,-29],[-9,-73]],[[76621,26564],[-39,115],[-21,21],[4,107],[14,73],[-15,70],[-44,30],[-38,-41],[-64,-20],[-28,-33]],[[76390,26886],[-45,41],[-67,34],[-64,84],[-74,49],[-15,69],[47,89],[15,85],[-14,26],[-81,59],[-19,42],[8,49],[48,67],[23,65],[-91,170],[-7,58],[-45,-19],[-29,39],[-110,103],[24,49],[-21,86],[9,33],[78,29],[52,76]],[[76012,28269],[52,4],[47,35],[63,66],[7,36],[43,39],[57,28],[25,79],[68,39],[39,-10],[39,53],[11,67],[-10,41],[29,46],[51,5],[58,45],[25,44]],[[76616,28886],[-7,-30],[49,-60],[52,-30],[25,7],[36,63],[30,-12],[46,33],[-3,38],[60,48],[14,74],[71,37],[57,5],[74,-27],[52,-39],[106,17],[43,-20]],[[77321,28990],[44,-20],[5,-55],[82,-40],[32,-3],[84,-38],[75,-6],[107,23],[100,3],[198,-108],[30,16],[14,86],[39,62],[3,61],[52,149],[28,154],[61,0],[31,-55],[85,-73],[75,-82],[41,-79],[0,-47],[59,-89],[57,-68]],[[79038,26802],[-71,-50],[-104,10],[-87,-24],[7,-61],[-58,-77],[-48,-30],[-15,-59],[-55,-43],[-51,-14],[-37,-29],[-29,-62],[-77,-65],[-134,-56],[-48,-32],[-92,-44],[-28,2],[-103,-119],[-90,-15],[-16,-15]],[[51739,11396],[54,-39],[12,-63],[64,-16],[15,-33],[-23,-38],[-1,-60],[-18,-32],[-61,21],[-37,-22],[-25,-89],[2,-43],[-27,-42],[-6,-143],[-67,-98],[-29,-88],[-59,-63],[-13,-50],[-4,-124],[74,-70]],[[51590,10304],[-59,-1],[-37,-39],[-64,4],[-29,67],[-46,22],[6,32],[-62,23],[-118,-41],[-46,-4],[-70,-67],[-97,8],[-65,-12],[-63,13],[-122,72],[-60,-6]],[[50658,10375],[8,84],[19,89],[76,69],[48,13],[12,38],[-12,43],[38,48]],[[50849,10793],[-36,-25],[-56,-13],[4,68],[-52,8],[-25,56],[33,16],[24,69],[-5,26],[44,71],[33,14],[29,68]],[[50842,11151],[82,-27],[49,48],[55,21],[80,86],[46,69],[82,43],[41,77],[55,50],[9,44]],[[47564,11136],[-93,-61],[-48,-76],[-48,-49],[-92,-73],[-52,-25],[-47,-47],[-58,-32],[-60,-103],[-43,-60]],[[46626,10805],[-63,69],[-3,49],[-41,47],[-21,79],[-61,-25],[-76,21],[10,36],[-46,78]],[[46325,11159],[24,168],[40,74],[-23,21],[-13,57],[29,87],[36,72]],[[46418,11638],[143,-14],[81,21],[40,-8],[40,16],[153,-33],[43,60],[40,12],[41,-38],[73,54],[93,37],[25,36],[-16,33],[26,35]],[[47200,11849],[158,-46],[-8,-35],[83,-65],[5,-77],[28,-87],[77,-119]],[[49871,10884],[17,14],[99,20],[88,37],[44,-16],[60,4],[22,49],[43,-7],[120,60],[51,2],[9,73],[23,24],[92,5],[65,33],[17,23],[91,34],[31,-19],[76,5],[31,-30],[-8,-44]],[[50658,10375],[-67,9],[-197,-25],[-63,2],[-18,-19],[-59,9],[-41,-34],[-48,9]],[[50165,10326],[-16,53],[28,55],[-21,56],[-38,26],[-29,-29],[-82,-23],[-70,43],[-6,48],[-99,34]],[[61809,34838],[-69,-77],[-55,15],[-80,-6],[-67,28],[-52,-5],[-36,-31],[-55,2],[-32,23],[24,68],[-41,84],[24,112],[-40,64],[-17,96],[-41,77],[4,83],[-16,76],[18,54],[-59,48],[-46,-3],[-37,46],[-50,18],[-57,-23],[-63,61],[-2,107],[49,67],[14,70],[-36,32],[84,73],[-3,46],[16,58],[95,34],[26,106],[34,24],[5,61],[49,60],[102,53],[48,-1],[18,-42],[73,35],[57,-30],[27,22],[53,8],[38,-45],[11,-51],[24,-6],[25,63],[66,42],[25,37],[135,104],[13,117],[0,69],[-120,120],[-36,97],[-48,78],[-53,48],[-31,47],[-22,62],[-67,108],[-25,130],[-8,83],[-33,144],[-31,67],[-65,76],[-51,31],[-75,17],[-80,-60],[-40,-43],[-50,-28],[-63,30],[-23,25],[-65,-12],[-12,-26],[-83,-46],[-51,8],[-48,-13],[-41,-43],[-60,-36],[-51,3],[-17,35],[-56,-35],[-37,3],[-35,-83],[-44,-21],[-61,-91],[-34,8],[-24,-40],[-104,-24],[-69,16],[-15,-33],[20,-59],[-12,-61],[-36,-74],[-128,38],[-81,-30],[-86,-62],[9,-75],[-33,-56],[-63,-22],[-50,52],[-48,16],[-35,44],[-50,6],[-80,29],[-33,-22],[-59,13],[-75,-31],[-51,9],[-10,-28],[-87,22],[-51,33],[-14,85],[-31,65],[-64,-10],[-28,50],[65,55],[-9,77],[-57,63],[-87,34],[-9,66],[-43,16],[-32,-13],[-34,20],[-52,-25],[-67,-65],[-80,5],[-47,-68],[-21,-5],[-61,55],[-35,2],[-25,-29],[-68,8],[-46,-21],[-44,11],[-89,-48],[-17,60],[-114,17]],[[59153,39903],[54,20],[-1,29],[48,73],[35,14],[61,-8],[92,23],[24,47],[49,12],[42,33],[131,22],[23,28],[17,61],[41,8],[28,-37],[149,-85],[30,-32],[36,-4],[44,-32],[35,-2],[21,-34],[70,-49],[74,-14],[68,40],[13,57]],[[60337,40073],[45,-61],[94,-41],[36,-73],[0,-45],[-22,-44],[44,-23],[58,-68],[50,20],[35,-16],[13,-55],[32,-14],[34,-71],[-29,-104],[35,-45],[94,-30],[1,-32],[59,-54],[99,-112],[130,-80],[21,78],[68,59],[48,-5],[55,-34],[68,-66],[44,11],[74,37],[49,-33],[-3,-82],[34,-18],[20,-78],[27,-21],[92,-16],[46,22],[72,-22],[69,17],[39,26],[72,-43],[28,10],[69,-10],[50,-90],[-13,-65],[46,-19],[91,-12],[61,-35],[49,-11],[87,19],[18,49],[52,-18],[96,7],[73,34],[22,88],[47,18],[53,73],[22,52],[-8,52],[-28,41],[5,56],[36,16],[20,75],[31,32],[85,35],[86,47],[39,9]],[[40567,12660],[-44,-20],[-50,84],[-38,28]],[[40435,12752],[30,24],[67,107],[19,95],[62,67],[24,3],[58,88],[-24,42],[14,56],[-63,9],[16,47],[-60,62],[-14,67],[-49,18],[3,52],[28,84],[-47,69],[-7,56],[36,50],[-15,28],[-64,42],[-74,18],[-68,94],[-37,9],[-43,45],[-31,9],[-39,44]],[[74017,25848],[130,-97],[79,-19],[-39,-42],[3,-49],[-24,-36],[-50,-33],[30,-128],[-13,-50]],[[74133,25394],[-66,60],[-108,-3],[-76,-17],[-87,13],[-29,-56],[22,-67],[-6,-80],[-24,-20],[-101,-38],[-23,-28],[-16,-62],[46,-79],[-14,-55],[21,-125],[18,-62],[-34,-46],[-16,-50],[27,-121],[17,-21],[-11,-120],[106,-137],[7,-44],[28,-36],[14,-56],[58,-11],[64,-115]],[[73950,24018],[-27,-43],[-10,-59],[-86,65],[-48,-16],[-16,-54],[-34,-3],[-31,81],[-34,24],[-62,120],[-6,45],[-42,38],[4,99],[-35,87],[-67,117],[-2,45],[21,63],[-26,13],[6,78],[36,26],[-81,254],[31,47],[-34,106],[1,32],[-67,74],[-59,40],[-39,99],[10,77],[32,-13],[46,15],[61,-30],[46,25],[7,42],[58,117],[0,32],[-40,46],[3,57],[64,106],[-2,34],[30,75]],[[73558,25979],[47,-32],[72,15],[82,41],[40,-39],[63,14],[53,-14],[41,-88],[61,-28]],[[92472,5479],[48,-56],[60,-17],[-1,-91],[31,-56],[25,-8],[40,-60],[-8,-41],[4,-96],[29,-91],[-52,-61],[-24,1],[-96,-73],[-83,-99],[-29,-64],[-30,-125],[3,-112],[-24,-47],[-128,-125],[-62,-7],[-68,-34],[-157,-147],[-64,-110],[-49,-46]],[[91837,3914],[4,28],[-36,32],[1,73],[25,73],[23,126],[24,55],[-2,36],[-50,16],[-34,44],[22,63],[-38,62],[-80,8],[-56,-71],[-78,-56],[-140,24],[-64,39],[-23,106]],[[91335,4572],[27,10],[130,-15],[27,82],[81,21],[19,-24],[50,-7],[-2,89],[-35,19],[-15,45],[-44,30],[93,79],[30,0],[51,59],[29,59],[-2,86],[-48,28],[9,39],[43,42],[35,5],[27,47],[-26,58],[45,31]],[[54508,8283],[42,-15],[1,-77],[-18,-18],[-81,37],[-1,36],[57,37]],[[53759,10374],[15,28],[54,5]],[[54167,10414],[44,-8],[44,-60],[123,-31],[40,-30],[93,-23],[33,-35],[56,16],[46,-90],[46,-18],[27,-47],[29,1],[10,-76],[46,-78],[33,-31],[50,-8],[44,-42],[63,4],[89,-41],[41,18],[32,-21],[82,-9]],[[55238,9805],[-24,-35],[45,-52]],[[55312,8530],[-37,-23],[-29,-69],[-79,-44],[-16,40],[-44,-16],[18,-45],[-93,-17],[-64,42],[-28,70],[-56,-2],[-32,-92],[-55,-6],[-27,52],[-35,2],[-12,-50],[-56,-41],[-127,-9],[-50,-28],[-65,-61],[-62,-11],[-32,41],[-95,47],[-97,22],[-18,23],[-63,18],[-18,-13],[-113,33],[-13,-26],[-104,34],[-89,-17],[-70,54],[-87,24],[-61,-5],[-23,73],[-19,15]],[[60337,40073],[15,60],[40,24],[-6,33],[32,51],[-50,51],[33,141],[138,76],[44,8],[35,29],[25,56],[57,42],[19,139],[-9,72],[20,15],[4,54],[-25,34],[-15,70],[28,35],[2,45],[-19,39],[-35,19],[23,55],[69,35],[14,86],[47,36],[123,-71],[80,97],[20,49],[40,11],[72,-3],[82,62],[-22,44],[-68,49],[-5,92],[55,43],[21,53],[-4,37],[39,17],[-15,38],[-35,5],[-34,38],[-94,-54],[-61,-9],[-31,58],[-5,42],[45,22],[-30,58],[62,113],[0,33],[-67,59],[-76,1],[-84,-24],[-44,32],[31,108],[-10,34],[145,34],[5,68],[38,42],[-9,41],[42,43],[44,-55],[90,29],[45,31],[100,-14],[43,-14],[64,73],[79,22],[11,34],[-50,42],[-9,51],[14,80],[51,61],[74,-65],[59,53],[43,2],[9,38],[49,43],[24,50],[151,8],[-10,56],[54,91],[46,10],[16,37],[41,28],[41,-2],[81,20],[47,-38],[20,29],[47,18],[72,76],[-21,31],[34,44],[-93,31],[-13,59],[-56,59],[-26,46],[-33,14],[-13,41],[-103,-23],[-29,-59],[-82,10],[-4,40],[-47,19],[0,55],[32,5],[60,84],[-38,94],[6,37],[-51,18],[17,62],[117,86],[16,39],[-11,62],[45,49],[-38,47],[-48,-9],[-45,24],[-48,48],[69,38],[62,64],[9,39],[32,7],[4,89],[-16,31],[48,63],[81,20],[33,48],[55,40],[92,11],[10,97],[81,105],[20,64],[63,-47],[9,-44],[45,-27],[27,-114],[109,24],[84,-10],[74,63],[20,46],[32,-2],[18,35],[81,6],[58,-24],[37,31],[57,94],[-9,102],[11,79],[31,12],[25,81],[54,0],[32,25],[-3,65],[-59,37],[-37,1],[-39,48],[-8,80],[40,10],[8,51],[-24,29],[19,97],[25,16],[-21,73],[29,37],[14,64],[-2,77],[45,72],[16,62],[47,45],[-3,44],[24,55],[34,-22],[31,15],[52,-128],[54,35],[25,54],[24,11]],[[63632,46421],[51,-36],[49,-69],[37,33],[35,69],[88,32],[60,-1],[21,50],[98,2],[20,22],[-6,61],[41,13],[40,-19],[58,-4],[18,-47],[85,-7],[41,19],[44,58],[82,47],[70,23],[22,23],[30,97],[-58,83],[-20,58],[11,76],[-63,56],[-6,45],[-66,123],[39,117],[10,85],[49,24],[15,55],[-26,47],[-54,40],[2,99],[-44,18],[13,113],[41,20],[-20,38],[10,41],[-11,58],[39,85],[58,29],[1,119],[28,54],[0,73],[13,34],[-19,78],[5,116],[48,17],[42,-60],[44,-16],[63,1],[22,-32],[39,14],[86,51],[42,57],[73,-19],[51,29],[66,-33],[62,3],[-18,-65],[73,-38],[65,-17],[51,16],[30,-43],[14,-61],[117,-19],[41,55],[38,-30],[56,45],[38,-18],[18,-41],[55,-34],[0,-82],[89,-82],[3,-112],[71,-167],[38,-40],[2,-52],[141,-191],[3,-43],[32,-43],[-2,-57],[36,-59],[71,10],[71,-72],[36,-18],[82,0],[20,-87],[119,0],[133,33],[86,-13],[83,1],[44,-29],[24,-51],[-1,-48],[72,-57]],[[67032,47074],[-3,-51],[27,-69],[-43,-98],[-34,-17],[-22,-43],[18,-20],[-26,-55],[-37,-141],[-31,3],[-52,-39],[-6,-23],[42,-59],[-12,-69],[43,-43],[62,-33],[-5,-37],[54,-59]],[[102344,8999],[57,-200],[-95,-29],[-164,1],[-80,15],[-126,37],[-17,27],[50,108],[-8,43],[114,-32],[75,4],[110,43],[84,-17]],[[104361,9075],[74,-1],[98,-18],[118,13],[99,-69],[98,-30],[15,-38],[-7,-46],[-48,-60],[-38,6],[-75,42],[-78,70],[-49,0],[-34,-70],[-103,24],[-75,27],[-16,19],[-109,63],[21,42],[109,26]],[[103807,9129],[92,-42],[-24,-38],[-62,19],[-6,61]],[[104019,9147],[38,-17],[52,10],[-2,-34],[39,-56],[-46,-33],[-24,102],[-57,28]],[[100741,9166],[156,-70],[24,-53],[-13,-41],[-66,-37],[-37,17],[-93,-37],[-68,-42],[-104,1],[2,34],[-95,31],[13,32],[73,35],[54,66],[46,16],[27,31],[81,17]],[[101028,9328],[66,1],[23,-15],[75,-6],[16,-18],[87,-1],[85,-42],[69,7],[50,-56],[72,-3],[95,19],[119,-25],[83,11],[51,24],[72,-6],[71,-44],[-17,-62],[-98,-45],[-50,-44],[-5,-50],[-53,-41],[-22,-101],[-126,6],[-64,27],[-73,8],[-2,36],[-41,47],[-121,21],[-64,-13],[-69,11],[-28,20],[-112,27],[-76,48],[-28,63],[-3,99],[-62,43],[-4,39],[84,15]],[[107612,9342],[-30,-97],[-26,-2],[-80,-50],[-51,-72],[-32,-77],[-84,-66],[-47,26],[49,58],[29,92],[36,58],[85,66],[64,17],[48,61],[39,-14]],[[99159,9618],[53,1],[46,-85],[-6,-83],[22,-57],[28,-12],[-3,-54],[-175,-9],[-75,17],[1,68],[-37,140],[76,70],[70,4]],[[94699,9767],[30,-59],[49,-36],[5,-57],[-79,-137],[-18,33],[-1,82],[-14,44],[7,130],[21,0]],[[106357,10169],[49,-56],[40,-11],[18,-32],[-6,-47],[44,-19],[15,-46],[-26,-63],[-54,-72],[-60,23],[-30,73],[20,82],[-13,44],[26,40],[-44,61],[21,23]],[[106852,10351],[44,-16],[119,-15],[139,-59],[32,6],[97,-14],[84,-79],[-13,-52],[16,-107],[64,-50],[-48,-109],[-40,-19],[-54,-84],[-14,-64],[-31,-30],[-46,-135],[-119,-36],[-139,44],[-28,41],[-41,18],[-42,43],[-62,126],[-34,10],[-85,114],[-25,9],[-7,53],[-46,21],[-20,41],[38,83],[-16,65],[23,78],[75,67],[106,38],[73,12]],[[108058,10458],[67,-28],[-11,-75],[-28,-13],[-66,71],[-66,-12],[9,55],[38,-12],[57,14]],[[107848,10640],[28,-33],[44,-123],[-79,9],[-27,50],[-5,63],[39,34]],[[95284,10758],[12,-42],[-63,-16],[-3,30],[54,28]],[[97442,11088],[32,-22],[-16,-65],[26,-69],[67,-24],[21,-27],[59,-6],[36,-60],[39,-6],[24,-68],[120,28],[176,-19],[-21,-55],[39,-24],[31,-46],[6,-49],[28,-57],[-50,-62],[-28,-4],[-41,42],[-126,-22],[-99,-1],[-35,13],[-73,-19],[-70,-42],[-43,-45],[-31,8],[-82,-25],[-59,-30],[-30,-46],[-99,-26],[-39,-28],[-38,-91],[-48,-22],[-20,-79],[-50,-75],[16,-37],[-42,-96],[-48,-74],[-35,-10],[-62,79],[-66,59],[-57,8],[-47,-26],[-62,7],[-38,30],[-69,33],[-70,-3],[-51,-21],[-28,17],[-112,-12],[-72,-24],[-166,17],[-20,40],[-101,62],[-78,-12],[-57,20],[-76,2],[-103,-24],[-130,-52],[-17,-26],[-89,19],[-28,-11],[-72,-76],[-108,-37],[-37,-37],[-15,-41],[-38,-4],[-126,-56],[-53,-66],[-30,28],[10,54],[34,30],[47,72],[13,54],[8,121],[-23,23],[-6,50],[-30,60],[176,148],[23,5],[16,59],[-57,52],[15,42],[97,30],[17,27],[49,18],[-11,33],[70,138],[-1,38],[41,56],[74,20],[40,-4],[42,-71],[48,18],[32,-61],[29,-17],[36,16],[67,-42],[152,-19],[93,-43],[32,13],[87,-21],[37,42],[55,25],[66,61],[63,-13],[53,9],[154,-20],[31,42],[103,49],[57,90],[40,7],[26,41],[38,-34],[63,11],[55,54],[39,80],[90,1],[60,18],[54,37],[44,-11],[117,14],[88,44],[28,1]],[[100447,11030],[12,-56],[33,3],[8,-45],[-61,-50],[-11,112],[-39,83],[19,37],[39,-84]],[[106840,11182],[50,-78],[31,-12],[50,23],[21,-33],[-27,-45],[-41,14],[-34,-17],[-20,31],[-71,29],[14,72],[27,16]],[[99500,11236],[2,-62],[-47,14],[9,42],[36,6]],[[99792,11283],[48,-7],[21,-38],[55,-2],[21,-32],[75,-21],[41,43],[42,-33],[-13,-47],[19,-31],[-22,-87],[-36,-45],[-94,-39],[-27,10],[-78,-25],[-2,-63],[-57,-74],[-59,-18],[-84,18],[-51,66],[12,65],[43,44],[92,30],[-35,52],[-14,129],[31,90],[72,15]],[[103391,11739],[39,-27],[-11,-52],[-37,-6],[-12,38],[21,47]],[[103564,12676],[102,-57],[22,-52],[39,9],[80,-21],[26,-20],[-1,-63],[-39,-38],[-95,-27],[72,-83],[-58,-71],[-27,-71],[-85,11],[-73,51],[-66,71],[-39,13],[-22,35],[-49,-8],[-57,63],[24,82],[48,51],[37,12],[105,103],[56,10]],[[105192,13026],[59,-12],[24,-36],[-16,-47],[-51,-32],[-37,7],[-34,58],[22,53],[33,9]],[[106422,13815],[14,-36],[-14,-58],[-55,-50],[-84,14],[8,77],[38,46],[28,-15],[65,22]],[[107871,15144],[39,-8],[34,-62],[-63,2],[-40,52],[30,16]],[[107979,20580],[-32,2],[-10,49],[53,4],[-11,-55]],[[107122,20852],[54,-15],[-38,-46],[-16,61]],[[107670,20885],[9,-58],[32,-73],[-69,-72],[-88,20],[-15,22],[-57,17],[-45,-38],[-24,27],[12,35],[102,0],[24,-13],[69,22],[42,61],[8,50]],[[107466,20895],[41,-35],[-8,-65],[-64,20],[9,58],[22,22]],[[104084,23651],[35,19],[43,-24],[16,-85],[-20,-36],[-67,-27],[-52,5],[-24,92],[-2,49],[46,33],[25,-26]],[[103085,24083],[92,-19],[39,17],[77,-46],[47,-41],[34,7],[55,-80],[23,-72],[-41,-50],[-61,-11],[-13,-34],[-91,0],[-46,-14],[-88,18],[-57,-25],[-18,-28],[-75,-15],[-55,21],[52,47],[-10,100],[35,54],[-28,109],[99,70],[30,-8]],[[103469,24143],[68,-8],[99,-74],[5,-28],[64,-3],[75,-47],[20,117],[16,43],[67,-12],[45,-47],[-13,-58],[25,-82],[0,-104],[13,-39],[-19,-62],[-72,54],[-31,49],[-75,39],[-61,10],[-11,-33],[45,-25],[-7,-60],[-37,-65],[-41,21],[-46,102],[-54,57],[-32,72],[-57,6],[-67,59],[4,46],[30,60],[47,12]],[[101932,23441],[-16,-28],[-121,-41],[-45,-48],[-12,-49],[-33,-11],[-46,-49],[-158,28],[-14,46],[-48,82],[-18,62],[22,21],[-10,87],[63,25],[66,64],[10,40],[62,38],[111,88],[16,34],[46,-9],[30,16],[78,-2],[17,25],[47,-16],[106,8],[22,-21],[87,12],[34,17],[3,48],[55,72],[38,22],[12,42],[125,92],[117,16],[72,-51],[43,16],[47,-14],[26,-66],[-19,-45],[-63,-51],[-15,-35],[24,-62],[76,-34],[10,-34],[-12,-81],[-49,-11],[-84,14],[-28,27],[-93,20]],[[108182,25742],[-20,-58],[6,-73],[-12,-30],[-3,-113],[15,-28],[-7,-87],[7,-71],[-28,-39],[-10,-59],[7,-72],[-34,-51],[-20,43],[-62,10],[-43,34],[-74,-3],[-287,60],[-44,-14],[5,-98],[-44,-74],[18,-38],[-19,-83],[-47,-32],[-2,-56],[-31,-63],[-49,-46],[2,-50]],[[107406,24651],[-57,17],[-54,1],[-26,27],[-54,-4],[-104,-28],[-57,18],[-48,37],[-127,-24],[-50,0],[-133,34],[-63,-14],[-113,38],[-69,-15],[-70,35],[-52,-29],[-35,-47],[50,-52],[79,-117],[35,-26],[30,-51],[26,-103],[-4,-55],[-43,-66],[-77,-7],[-104,43],[-48,6],[-17,27],[-64,35],[-151,60],[-50,-2],[-100,24],[-60,-23],[-85,21],[-62,-11],[-176,41],[-83,37],[-34,-1],[-84,66],[-59,26],[-48,-9],[-41,42],[-33,-2],[-72,35],[-74,-35],[-83,12],[-128,-20],[-90,-25],[-34,22],[-47,-6],[-63,58],[71,98],[85,59],[15,65],[-15,79],[1,60],[-51,17],[-49,36],[-151,22],[-82,-26],[-49,-89]],[[104275,24962],[-41,44],[-166,587],[-53,-4],[-19,39],[-7,109],[-22,54],[10,58],[48,39],[-3,66],[-24,61],[-8,66],[16,81],[-6,47]],[[104000,26209],[102,-40],[59,-12],[94,1],[169,43],[77,5],[127,33],[134,69],[44,46],[54,32],[63,2],[42,-46],[13,-110],[4,-112],[-26,-61],[58,-76],[2,-57],[82,-39],[66,-56],[28,34],[53,33],[69,-33],[40,3],[-59,69],[51,39],[46,-76],[56,82],[36,10],[201,115],[18,17],[91,36],[32,25],[71,100],[14,44],[-29,34],[39,45],[72,10],[53,-15],[53,27],[63,-14],[46,9],[88,-34],[41,24],[29,-36],[13,81],[54,-39],[14,-48],[115,-30],[106,21],[29,-58],[61,-25],[65,12],[51,-30],[70,0],[72,-47],[88,-41],[90,-20],[9,-70],[38,-59],[40,-20],[127,57],[61,-1],[11,-56],[60,1],[23,-91],[85,-46],[39,-8],[31,-31],[127,-50],[33,17],[32,-56],[75,-28],[80,3],[86,30],[31,-5]],[[115453,16115],[4,-77],[-50,-48],[-64,-2],[1,63],[28,12],[29,-30],[52,82]],[[115650,16433],[18,-54],[-41,-34],[-21,29],[-3,68],[23,44],[30,-4],[-6,-49]],[[115638,16611],[40,-10],[35,-93],[-37,7],[-42,38],[4,58]],[[115861,16622],[29,-69],[-51,-10],[-16,41],[38,38]],[[115761,16677],[44,-5],[26,-35],[-19,-28],[-51,68]],[[116433,16933],[13,-25],[2,-84],[-25,-15],[-24,57],[8,45],[26,22]],[[116197,17290],[4,-82],[38,-15],[55,43],[7,-39],[-19,-53],[2,-63],[22,-18],[6,-55],[86,-16],[12,-38],[-20,-35],[-2,-76],[23,-42],[76,-29],[19,-53],[15,-146],[-54,-54],[-31,-187],[-14,-47],[-69,-9],[-83,-34],[-40,20],[29,164],[-48,11],[9,-107],[-69,-70],[-10,35],[19,50],[-26,58],[-56,-16],[-19,19],[19,145],[17,48],[42,28],[-6,88],[-36,27],[-25,70],[36,87],[-10,69],[-91,66],[21,67],[-61,60],[3,95],[-32,82],[88,-19],[24,-36],[40,-2],[15,60],[62,50],[37,11],[-5,-112]],[[117564,18389],[22,7],[53,-43],[38,-50],[-3,-92],[-33,-7],[-33,-44],[-32,-146],[-5,-83],[-15,-14],[-6,-89],[-45,-121],[-33,-146],[-11,-75],[-56,-108],[-55,-84],[-56,-13],[-82,-55],[-99,-111],[-14,-38],[-56,-69],[-23,-46],[-46,-46],[-30,-109],[-19,-129],[-13,-20],[56,-100],[-35,-81],[-47,-13],[-54,-59],[-48,-92],[4,-22],[-47,-61],[-33,2],[-90,-85],[70,145],[10,75],[38,22],[11,37],[-51,53],[44,83],[-2,52],[40,17],[38,65],[-11,26],[53,71],[38,11],[-24,51],[25,33],[27,170],[-16,37],[65,80],[133,43],[7,87],[34,39],[-17,36],[45,120],[23,88],[26,35],[2,84],[20,30],[11,104],[65,141],[0,76],[43,45],[19,102],[34,76],[17,76],[40,42],[89,-10]],[[111026,9416],[35,-54],[50,-13],[63,-41],[20,-55],[-60,-70],[5,-41],[118,79],[17,39],[41,32],[122,-6],[5,-45],[-81,-90],[-108,-45],[-44,-34],[-30,-1],[-89,-70],[-45,11],[-114,-82],[-62,-32],[-53,29],[-121,-2],[-113,-49],[-17,-59],[29,-6],[18,-72],[-61,-42],[-60,-16],[-100,-51],[-54,-73],[-121,-6],[-44,31],[38,43],[47,19],[49,111],[66,76],[27,9],[106,97],[62,30],[74,-9],[43,20],[20,59],[-38,76],[-1,91],[65,57],[7,-37],[37,-12],[68,13],[20,-33],[56,7],[12,39],[-49,14],[-2,40],[49,76],[53,43],[45,5]],[[111571,9504],[20,-9],[-16,-63],[-52,-27],[18,70],[30,29]],[[111815,9535],[-24,-70],[-34,12],[34,79],[24,-21]],[[111189,9629],[33,-20],[-3,-48],[33,-16],[-31,-47],[-47,54],[15,77]],[[111207,10545],[19,-30],[-53,-101],[-41,12],[4,33],[71,86]],[[111225,10836],[83,-14],[-22,-32],[-9,-89],[-38,-59],[-97,-39],[-51,11],[17,33],[-28,36],[-51,-20],[6,-27],[-31,-41],[46,-43],[-113,-24],[-20,-22],[-46,8],[-39,-20],[-21,48],[16,71],[-19,47],[24,30],[56,5],[113,31],[59,43],[29,-13],[25,38],[105,19],[6,23]],[[110872,11204],[38,-37],[-37,-53],[-54,35],[24,15],[29,40]],[[111356,11218],[32,-24],[13,-65],[-59,5],[-27,36],[41,48]],[[110480,11286],[83,-57],[101,-27],[121,-12],[35,53],[43,0],[-21,-77],[-58,-30],[85,-65],[-30,-10],[-64,29],[-11,27],[-61,-65],[-46,-23],[-60,-8],[-57,36],[-97,15],[-33,27],[17,33],[5,121],[48,33]],[[111422,11576],[23,-67],[-145,-124],[-10,-37],[-42,-10],[-79,-55],[-60,-89],[-68,36],[2,24],[54,13],[-3,57],[-80,-56],[-59,10],[-19,-21],[-107,45],[6,103],[30,71],[27,22],[74,22],[78,-7],[70,15],[82,-6],[140,44],[86,10]],[[111931,11626],[7,-84],[-37,28],[30,56]],[[111717,11902],[20,-50],[42,-43],[-27,-77],[-38,-53],[-62,-1],[-73,73],[45,1],[-6,40],[53,-5],[0,82],[46,33]],[[112148,12174],[-51,-22],[34,78],[17,-56]],[[112443,12239],[-32,-42],[-46,2],[-44,48],[42,22],[19,63],[39,21],[18,-29],[-9,-61],[13,-24]],[[112943,12497],[16,-64],[-12,-56],[-57,-55],[33,-21],[100,20],[-18,48],[32,28],[77,21],[5,-59],[48,-69],[11,-39],[50,-57],[-16,-31],[-79,-12],[-16,-20],[-99,-6],[-34,22],[-49,-21],[-19,-59],[-32,0],[-16,-49],[26,-42],[-6,-84],[42,-23],[24,-70],[-22,-52],[53,-48],[38,-16],[-10,-64],[-60,3],[10,-51],[-13,-75],[32,-1],[121,26],[-8,-33],[-67,-49],[-19,-46],[-47,-200],[-18,-100],[-26,-10],[3,-50],[-35,-88],[-20,-14],[6,-53],[-36,-84],[-62,13],[-5,-32],[-41,-15],[-21,-67],[-25,-26],[-17,-59],[-33,-56],[-52,4],[-26,-25],[-62,-8],[-73,9],[-21,-40],[22,-35],[-14,-73],[-20,-27],[-48,-14],[5,-71],[-88,-11],[-44,-44],[-6,-35],[-73,-12],[-85,-88],[-12,-57],[62,-27],[-54,-50],[-61,10],[-37,-105],[75,27],[-39,-61],[-39,-9],[37,-78],[-4,-39],[-51,-15],[-26,-45],[-44,-39],[-24,7],[-24,54],[65,130],[-6,62],[-42,22],[-21,38],[-47,-65],[8,-50],[-32,-18],[-32,-73],[-43,-46],[-113,1],[-49,27],[-105,-10],[-36,-19],[-113,27],[0,89],[56,154],[-5,51],[-45,40],[2,44],[-61,-25],[-20,52],[15,60],[57,74],[33,7],[28,-37],[50,-3],[21,30],[1,81],[-43,31],[-42,4],[-19,28],[55,31],[6,34],[47,24],[-5,41],[-53,-15],[-27,76],[-35,3],[-3,57],[47,72],[42,-12],[12,-31],[71,-48],[24,-39],[114,-8],[72,21],[-67,62],[-73,-15],[-34,86],[-55,20],[50,84],[35,180],[78,102],[46,96],[12,102],[41,80],[114,82],[67,39],[74,22],[16,-52],[42,-6],[33,46],[-16,32],[28,45],[64,17],[17,23],[-36,52],[8,31],[46,40],[-14,21],[59,44],[46,-26],[106,0],[-65,88],[15,50],[57,58],[57,133],[60,33],[41,-30],[67,17],[3,105],[-21,4],[-15,65],[18,88],[49,41],[32,-23],[48,0],[22,47],[36,24],[102,-5],[65,29],[50,-1]],[[113778,12524],[26,-25],[17,-63],[49,-63],[11,-39],[46,-21],[10,-32],[-13,-64],[42,-23],[-38,-99],[-73,-31],[-44,25],[-25,46],[-60,6],[-24,69],[0,72],[-13,21],[-91,36],[-168,21],[-21,-17],[-89,5],[-38,-24],[-123,-1],[-34,55],[16,66],[63,46],[48,16],[58,-11],[112,15],[58,-8],[160,32],[138,-10]],[[112309,12553],[15,-74],[-22,-51],[-38,-4],[-8,48],[14,74],[39,7]],[[113929,12807],[-42,-106],[-87,-72],[-73,-11],[-7,50],[28,50],[100,62],[20,43],[50,45],[78,49],[30,-11],[-82,-69],[-15,-30]],[[112435,13305],[53,-7],[22,-32],[-30,-57],[-58,-79],[-20,-10],[-69,25],[34,63],[6,68],[62,29]],[[112578,13487],[-29,-67],[-54,11],[23,38],[60,18]],[[112709,13943],[86,-28],[54,-5],[0,-57],[-94,-97],[-53,50],[-45,-43],[-16,-52],[20,-49],[77,-17],[-9,-37],[-62,-49],[-18,15],[-52,-48],[-46,-19],[-33,117],[14,75],[47,57],[83,76],[-14,54],[61,57]],[[74017,25848],[5,91],[15,21],[-28,62],[2,81],[-36,43],[24,100],[-1,86],[12,22],[-37,103],[36,76],[46,-3],[66,150],[47,14],[78,96],[50,35],[40,3],[39,-32],[55,-8],[13,29],[53,7],[55,-30],[56,-97],[41,-42],[67,-1],[50,15],[87,-1],[21,-66],[137,-49],[85,-9],[39,-66],[61,-46],[39,4],[178,98],[16,31],[75,5],[54,-10],[80,43],[94,-61]],[[75731,26542],[-56,-189],[5,-49],[-17,-93],[23,-63],[-55,-88],[18,-74],[37,-19],[24,-79],[-34,-148],[61,-123],[29,-89],[38,-11],[37,-41],[40,-97],[-1,-48],[-29,-8],[-48,25],[-27,-28],[-190,-37],[-33,-38],[-31,-66],[-123,-62],[-53,28],[-61,-4],[-26,36],[-64,-39],[-46,-43],[-62,7],[0,-59],[51,-59],[93,-53],[34,-60]],[[75265,24871],[8,-86],[16,-27],[-17,-42],[33,-52],[-15,-20]],[[75290,24644],[-23,50],[-64,10],[-32,42],[-102,41],[-72,16],[-88,71],[-38,11],[-28,34],[-18,64],[11,33],[-13,68],[-28,52],[-72,62],[-13,71],[5,56],[-84,106],[-8,68],[-108,-63],[-38,-43],[-88,-39],[-50,62],[-60,17],[-44,-41],[-52,-24],[-50,26]],[[129696,29405],[25,-9],[45,-55],[-53,-59],[-20,22],[3,101]],[[133028,30131],[-5,-65],[19,-73],[-41,-54],[-4,-37],[40,-50],[-23,-143],[-22,-8],[-5,-59],[11,-60],[-50,-45],[0,-36],[-41,-87],[-7,-110],[20,-62],[6,-105],[41,-46],[90,-35],[174,-55],[6,-26],[72,-63],[-28,-69],[41,-63],[46,5],[77,-56],[9,-67],[24,-52],[-12,-40],[98,-89],[13,-83],[49,-15],[14,-34],[66,2],[33,18],[21,-67],[30,-12],[34,20],[38,-56],[69,-7],[129,-90],[42,-8],[-7,-40],[164,-22],[22,-12],[68,28],[70,-50],[2,-38],[138,-199],[147,-197],[30,-32],[-9,-52],[18,-59],[-23,-27],[5,-39],[-264,-457],[-45,-84],[152,-90],[296,-151],[1064,-585],[-6,-56],[13,-39],[74,-29],[13,-103],[-17,-50],[-54,-1],[24,-52],[-12,-81],[-94,-138],[-57,-10],[-64,-68],[-28,-71],[-48,-43],[-17,-61],[-5,-108],[-63,-24],[12,-77],[23,-52],[0,-51],[26,-12],[-16,-64],[15,-29],[40,0],[46,-32],[32,51],[41,5],[52,-19],[29,-48],[-3,-40],[-42,-9],[0,75],[-51,-29],[28,-127]],[[135821,24651],[-35,-88],[-52,-94],[-132,36],[-121,-59],[-110,-63],[-142,-31],[-91,36],[-192,228]],[[134946,24616],[-192,197],[-130,-10],[-127,-65],[-259,-92],[-200,20],[-87,21],[-193,-16],[-82,37],[-46,90],[-25,90],[-56,149],[-37,69],[-162,-11],[-183,-31],[-117,-75],[-16,-18],[-14,-95],[-18,-39],[-49,-26],[-38,9],[-18,36],[-53,31],[-106,0],[-30,56],[-105,9]],[[132603,24952],[-52,23],[-17,35],[29,23],[0,58],[-38,46],[9,95],[-110,67],[-65,23],[-218,34],[-178,-12],[-279,8],[-211,15],[-148,4]],[[131325,25371],[-69,76],[-43,73],[-39,5],[-33,41],[-141,-19],[-57,7],[-33,35],[-83,-18],[-22,32],[-38,-1],[8,48],[-64,103],[-72,33],[-46,55]],[[130593,25841],[8,72],[-58,37],[-3,48],[-26,42],[16,80],[-27,11],[-63,80],[-141,24],[-49,61],[-7,90],[16,61],[-70,52],[114,149],[-61,55],[-20,51],[14,92],[-12,48],[22,23],[-49,113],[-46,63],[-46,-2],[-89,42],[-8,27],[-111,56],[-54,64],[-28,-10],[-49,23],[5,29],[-83,70],[-36,-8],[-48,32],[-12,35],[-37,10],[-27,69],[-12,70],[-88,-23],[-56,24],[-31,-26],[-33,18],[-59,83],[-96,30],[-10,77],[32,10],[55,59],[-71,26],[17,71],[-6,46],[-51,99],[-74,53],[-55,76],[-44,12],[-63,55],[-9,55],[-48,33]],[[128826,28378],[83,11],[6,-70],[43,8],[76,53],[105,-13],[51,89],[53,37],[28,43],[78,-18],[72,12],[45,34],[75,16],[9,26],[49,22],[157,-40],[45,35],[109,16],[94,58],[20,34],[79,21],[30,55],[-49,15],[-11,43],[-68,78],[16,42],[41,-9],[-15,77],[-31,21],[-3,44],[-28,28],[-83,17],[-27,84],[-31,38],[-26,-8],[-21,52],[-102,92],[18,143],[23,45],[68,56],[42,13],[40,-14],[43,41],[119,53],[117,-15],[16,50],[94,48],[102,74],[39,-13],[36,47],[89,38],[118,64],[4,13],[220,149],[7,24],[168,62],[24,20],[130,56],[90,30],[146,98],[73,32],[132,34],[58,3],[2,53],[64,-1],[25,-15],[80,40],[122,25],[32,-8],[129,0],[58,-16],[70,36],[56,-100],[12,-60],[37,-25],[10,-49],[66,-4],[66,-91],[65,-57],[107,-73],[97,-47],[106,-32],[113,-17]],[[134382,23409],[132,0],[22,47],[113,15],[136,153],[59,43],[-12,254],[5,188],[28,169],[62,149],[-19,124],[38,65]],[[135821,24651],[73,24],[14,-31],[5,-134],[18,-27],[41,15],[7,91],[63,-44],[-2,-100],[-28,-61],[25,-24],[65,-14],[62,14],[22,-68],[115,48],[59,52],[13,-122],[48,48],[26,-89],[85,-11],[34,64],[32,16],[28,-31],[-16,-60],[17,-34],[103,31],[28,37],[-58,47],[39,47],[48,-29],[112,-9],[32,-54],[64,11]],[[136995,24254],[-9,-48],[-120,-290],[-27,-30],[-46,-103],[-85,-93],[-87,-68],[-19,-93],[-83,38],[-80,12],[19,-66],[-21,-56],[10,-94],[-10,-34],[-47,-36],[-113,0],[-117,51],[-72,2],[-90,-21],[-80,-62],[-135,-54],[-62,21],[-28,-120],[-2,-84],[13,-81],[30,-97],[-217,-81]],[[73596,26851],[-36,33],[1,60],[40,29],[18,-56],[-23,-66]],[[76390,26886],[-60,-68],[-77,-30],[14,-31],[-34,-45],[2,-63],[-49,-10],[-23,-31],[-48,-17],[-60,-66]],[[76055,26525],[-26,-11],[-204,23],[-20,29],[-74,-24]],[[73558,25979],[24,39],[-1,75],[-70,85],[-37,28],[-55,-17],[-79,20],[-54,-31],[-64,-19],[-6,43],[16,135],[-45,35],[-7,67],[21,99],[37,-4],[16,43],[-19,72],[15,37],[-3,59],[30,48],[74,88],[11,57],[22,14],[56,-74],[16,-41],[31,-16],[48,-64],[78,45],[24,-5],[63,28],[55,64],[73,7],[3,31],[46,-2],[55,45],[33,48],[3,37],[60,21],[11,40],[-5,116],[24,79],[108,44],[76,16],[23,20],[101,30],[8,49],[-22,31],[-2,92],[23,89],[-27,117],[-34,84],[1,57],[32,16]],[[74345,27956],[26,30],[105,-31],[91,20],[-4,36],[61,22],[28,49],[58,16],[22,36],[76,61],[17,44],[33,-29],[80,53],[9,24],[62,12],[18,-21],[76,45],[57,0],[38,20],[72,-22],[21,48],[74,52],[19,57],[50,15],[66,-25],[38,13],[274,-15],[70,11],[20,-24],[1,-67],[41,-56],[-3,-21],[71,-40]],[[68018,28781],[17,-72],[-48,10],[-5,54],[36,8]],[[74345,27956],[-16,38],[5,61],[68,120],[-21,125],[34,48],[29,79],[71,41],[2,91],[34,42],[-16,71],[45,155],[0,27],[41,48],[-32,50],[124,81],[28,6],[86,58],[45,-24],[87,-5],[27,86],[-19,67],[55,54],[-6,85],[40,46],[-24,104],[-39,44]],[[74993,29554],[-2,85],[27,35],[39,11],[41,48],[76,15],[33,58],[54,-16],[43,17],[26,-77],[76,-50],[24,0],[73,-49],[108,-53],[32,1],[90,-40],[35,18],[123,-62],[76,-28],[67,18],[72,-19],[17,29],[76,44],[86,29],[45,4],[65,33],[59,7],[31,-40],[35,4],[38,54],[61,18]],[[76619,29648],[-38,-87],[-3,-45],[28,-89],[25,-41],[-36,-33],[17,-56],[-27,-121],[32,-33],[-21,-74],[12,-21],[8,-162]],[[76081,30704],[11,-20],[-43,-60],[-62,-155],[15,-59],[93,-71],[43,-84],[56,-41],[-20,-56],[3,-68],[69,0],[29,-51],[14,-62],[45,-37],[0,-71],[40,-28],[17,-58],[36,-7],[55,-84],[52,-26],[70,14],[15,-32]],[[74993,29554],[-40,-14],[-32,46],[-27,6],[10,97],[-25,87],[-18,111],[-48,48],[-4,91],[20,53],[47,13],[14,45],[-24,59],[41,8],[25,37],[7,76],[-48,124],[-13,77],[-57,194],[14,88],[-15,37],[8,60],[21,34],[77,62],[32,42],[-35,166],[-57,78],[35,77],[74,207],[6,55],[59,-19],[63,49],[18,53],[73,44],[41,49],[54,32],[84,139],[5,56],[37,142],[53,43],[29,101],[39,46],[18,135],[29,34],[26,71],[55,42]],[[13853,39005],[50,-76],[53,-51],[9,-66],[67,-18],[3,-75],[36,-72],[50,-42],[5,-41],[-39,-73],[45,-63],[72,-23],[4,-25],[45,-52],[32,-3],[34,29],[84,16],[74,-60],[27,-62],[94,-93],[120,-38],[28,9],[126,-127]],[[14872,37999],[15,-33],[-8,-91],[10,-44],[-36,-26],[-29,-69],[30,-87],[-13,-41],[68,-42],[100,18],[33,-39],[47,11],[14,-98],[28,-59],[-14,-82],[63,-41],[58,-75],[16,-76],[-45,-70],[29,-26],[-98,-63],[-67,-80],[-145,-26],[-30,21],[-39,-36],[-50,6]],[[14809,36851],[-43,35],[-79,34],[-129,-23],[-31,-64],[-27,-8],[-60,50],[-55,4],[-51,70],[-15,52],[12,29],[-49,77],[-35,22],[-58,-54],[-66,-20],[-66,-45],[-53,2],[-89,36],[-52,56],[-138,-50],[-122,-102],[-73,-9],[-24,-78],[-98,-108],[-50,-145],[-48,-91],[-52,-75],[-160,8],[-52,-14],[-73,-80],[-77,-58],[-23,-64]],[[12873,36238],[-82,-108],[-46,44],[30,79],[-10,109],[-30,74],[-59,6],[-61,41],[37,23],[-3,31],[44,50],[18,135],[-15,122],[-22,74],[-47,96],[-57,-24],[2,51],[35,49],[11,93],[-37,126],[-70,87],[-47,-28],[-33,8],[-12,51],[64,61],[-31,62],[19,39],[-17,64],[12,31],[-7,76],[-25,30],[-53,120],[-31,28],[-31,81],[-60,-5],[-12,33],[-46,37],[35,32],[-13,93],[-17,46],[-9,79],[-29,96],[-110,296],[-32,173],[-51,155],[-115,231],[16,32],[-77,160],[0,63]],[[11799,39540],[66,-57],[9,24],[63,43],[43,-7],[56,31],[18,44],[31,24],[47,-2],[41,-34],[16,-58],[66,-2],[41,-37],[29,-56],[46,6],[30,-72],[-3,-79],[33,-32],[2,-34],[64,-46],[210,-100],[-66,-166],[89,-1],[78,-46],[20,14],[62,-21],[38,-32],[11,-60],[24,-43],[80,-15],[43,29],[19,83],[27,53],[105,-152],[62,-42],[53,-56],[88,16],[32,-50],[33,-2],[68,-59],[2,-26],[71,2],[-11,133],[15,99],[-62,60],[11,67],[48,63],[98,34],[49,-5],[59,32]],[[77928,6861],[28,-26],[2,-64],[-97,-49],[-56,47],[55,80],[41,25],[27,-13]],[[78535,8724],[-4,-75],[-37,-41],[12,-65],[-19,-28],[2,-78],[64,-37],[1,-31],[45,-18],[33,-94],[33,-41],[23,-130],[2,-76],[-34,-27],[-6,-47],[-39,-30],[-22,-57],[22,-89],[28,-32],[-13,-91],[-18,-23],[-76,-22],[-32,-24],[-40,-67],[32,-62],[39,-31],[30,-53],[2,-77],[16,-32],[10,-163],[25,-48]],[[78614,7035],[-88,-10],[-161,25],[-143,-40],[-22,27],[-38,-5],[-65,-42],[-41,-6],[-81,-67],[-42,35],[-63,-31],[-34,23],[-48,-7],[-69,23]],[[77719,6960],[36,37],[-22,56],[56,56],[93,20],[-22,95],[60,9],[57,67],[7,38],[39,20],[18,76],[-66,85],[-16,-24],[-75,76],[22,59],[-26,25],[15,90],[42,37],[50,9],[12,49],[42,30],[34,-42],[54,10],[-2,69],[-25,72],[58,39],[29,78],[21,15],[8,81],[27,24],[-10,69],[-81,-6],[-72,16],[-45,-48],[-77,-33],[-69,92],[-3,100],[18,111],[-8,56],[20,85],[-12,46],[8,59]],[[77914,8763],[142,-6],[71,-42],[54,28],[30,-4],[62,23],[15,26],[3,69],[46,33],[45,-26],[30,-82],[43,-67],[80,9]],[[76357,7112],[43,-13],[-6,-76],[-27,-12],[-58,23],[2,38],[46,40]],[[75952,7144],[39,-76],[-46,-21],[-63,44],[70,53]],[[75786,7636],[3,-92],[-38,-8],[-33,25],[3,47],[65,28]],[[75890,7719],[83,-44],[9,-33],[-19,-88],[46,-100],[52,41],[55,17],[-12,53],[38,49],[6,54],[62,2],[73,16],[131,-31],[-19,-31],[6,-54],[-133,-44],[-30,-38],[-12,-64],[-56,-7],[-38,38],[-29,-59],[-43,-55],[24,-32],[79,-23],[14,-33],[-19,-33],[-7,-87],[-55,-34],[-25,-39],[-56,5],[-13,67],[-37,48],[-63,-26],[-50,-46],[-28,25],[0,68],[-31,39],[14,55],[39,24],[-10,71],[57,29],[19,128],[-35,84],[-38,30],[5,55],[46,3]],[[75342,8288],[31,-29],[11,-138],[54,0],[57,-44],[56,30],[31,-41],[67,24],[45,1],[-8,-98],[-32,17],[-27,-69],[32,-45],[-4,-65],[18,-19],[-24,-71],[-65,-14],[-49,19],[16,48],[-41,43],[-41,-8],[-4,-52],[-127,-94],[41,-32],[22,-82],[-61,13],[-59,-63],[-14,-36],[33,-17],[5,-49],[34,-10],[-32,-61],[22,-78],[-48,-12],[-56,63],[-40,25],[-52,-11],[-30,13],[26,94],[51,13],[16,133],[-79,72],[-12,42],[25,41],[-24,30],[26,53],[72,65],[34,3],[7,70],[21,55],[-34,38],[75,55],[-42,38],[-36,74],[104,12],[9,54]],[[76577,8445],[61,-1],[-36,-70],[-82,37],[0,35],[57,-1]],[[77423,8576],[4,-51],[-66,29],[62,22]],[[77719,6960],[-46,17],[-8,26],[-62,47],[-72,80],[-58,13],[-26,-12],[-90,-7],[-201,-75],[-67,-1],[-23,-16],[-58,4],[-87,-26],[-77,17],[-59,-39],[-27,-42],[17,-49],[-33,-20],[-67,28],[-16,58],[-4,101],[-52,-2],[-19,25],[-73,5],[-21,42],[-29,-4],[-53,73],[-14,85],[10,91],[-16,29],[10,77],[36,55],[-15,66],[-3,117],[-23,18],[22,90],[65,48],[22,52],[33,-1],[73,50],[36,83],[-14,28],[20,38],[-63,79],[-1,68],[67,6],[-16,-92],[120,-25],[174,79],[58,-58],[30,4],[45,75],[-45,27],[-10,32],[61,29],[-19,28],[32,54],[43,-13],[13,-34],[70,16],[70,-5],[-16,-54],[6,-50],[29,-48],[40,12],[65,63],[-29,44],[2,104],[72,23],[33,-50],[35,36],[30,67],[34,36],[54,100],[47,-14],[74,27],[65,61],[94,7]],[[78535,8724],[114,65],[36,-50],[66,-41],[86,12],[44,63],[-44,53],[31,18],[83,-41],[85,-67],[12,-42],[55,-24],[3,-44],[36,-21],[79,11],[3,-33],[53,-40],[47,2],[42,39],[62,-30],[80,22],[141,-61],[86,27],[72,-25],[102,0],[34,-44]],[[79943,8473],[-23,-95],[-41,-22],[-5,-39],[-45,-78],[-6,-45],[39,-32],[-26,-32],[-62,-22],[-41,20],[-40,-70],[-50,-14],[-3,-108],[71,-82],[-43,-31],[26,-57],[36,-35],[7,-109],[21,-69],[-20,-13],[-14,-82],[-23,-29],[-82,-43],[-2,-35],[37,-59],[-3,-40],[-63,-124],[-48,-149]],[[79540,6979],[-8,-19],[-84,4],[-11,-105],[-63,-53],[-59,-12],[-64,26],[-70,11],[-39,35],[-105,3],[-71,41],[-40,43],[-38,74],[-32,17],[-53,-9],[-159,17],[-30,-17]],[[120770,31515],[26,-32],[4,-45]],[[120800,31438],[-56,-44],[-31,14],[57,107]],[[120746,31541],[-54,-44],[-84,-98],[-62,-54],[-65,-79],[-40,-35]],[[120441,31231],[-83,131],[-30,148],[65,65],[-164,152],[-27,181],[-145,-101],[-101,-135],[-14,-46],[-99,63],[-13,49],[14,40],[-74,53],[79,53],[-3,20],[75,42],[60,65],[62,-70],[101,93],[-101,4],[-22,10],[-43,75],[-33,1],[-3,-70],[-56,63],[-54,-11],[-13,38],[-50,-12],[29,-57],[42,11],[-12,-91],[6,-33],[-198,-8],[12,33],[0,84],[-16,45],[16,61],[-7,122],[-9,29],[-172,35],[-80,23],[-78,3],[-212,70],[-102,4],[-393,56]],[[118595,32519],[-56,12],[-1,74],[11,162],[32,118],[71,83]],[[118652,32968],[153,12],[37,20],[-9,52],[123,-42],[63,-10],[32,9],[76,-9],[149,-29],[32,-12],[40,28],[13,51],[55,26],[14,-30],[118,0],[7,-39],[57,-24],[45,38],[93,19],[7,30],[50,18],[70,-42],[56,19],[42,-25],[44,49],[46,-30],[26,11],[38,-39],[6,-67],[50,-64],[73,-54],[42,-44],[107,-33],[89,-93],[65,-43],[30,-43],[-34,-34],[-49,31],[-30,-26],[-64,16],[-44,-9],[-46,13],[18,-61],[-46,-63],[3,-56],[-62,-3],[-34,-84],[47,-76],[36,-21],[28,-56],[60,-37],[25,-41],[0,-135],[35,-55],[44,-37],[19,-40],[1,-52],[167,-169],[81,-42]],[[120800,31438],[65,-128],[67,-84],[9,-68],[86,-71],[-112,-81],[-36,-56],[-42,-98],[-13,-87],[-33,-50],[-7,-49],[41,-114],[-33,-72],[-32,-109],[-76,-83],[-66,-50],[-72,-125],[-83,-15],[-58,-26],[17,-34],[25,-151],[12,-198]],[[120459,29689],[-148,-1],[-128,-9],[7,-172],[-8,-119],[5,-154],[44,-305]],[[120231,28929],[-197,-34],[-224,-23],[-33,98],[0,124],[-92,269],[-18,202],[4,67],[18,85],[60,143],[19,75],[13,111],[-20,195],[-36,-11],[-125,-1],[-28,8],[-140,10],[-234,2],[-97,19],[36,146],[6,197],[-20,229],[10,148]],[[119133,30988],[71,-9],[108,-36],[61,-38],[51,-51],[49,-71],[82,-60],[92,-95],[144,-126],[117,89],[23,34],[172,130],[38,47],[156,-62],[63,95],[3,83],[55,74],[85,96],[-62,143]],[[120746,31541],[24,-26]],[[134712,12503],[125,-86],[40,-68],[-84,-8],[-82,34],[-28,47],[9,64],[20,17]],[[138847,12023],[-707,-604],[-1903,410],[-1677,361]],[[134560,12190],[32,59],[109,-24],[156,-16],[213,5],[32,21],[38,63],[-5,71],[-160,79],[-84,29],[-84,55],[-92,83],[-79,53],[-25,34],[-68,55],[-140,80],[-61,55],[-73,123],[-34,81],[14,45],[44,56],[147,79],[73,-35],[46,13],[30,50],[-28,72],[16,40],[-34,45],[-83,61],[-51,71],[-24,71],[11,41],[35,34],[78,-10],[70,35],[-19,184],[17,77],[68,53],[-3,54],[-31,4],[-54,62],[-16,49],[-61,23]],[[75406,19115],[-5,73],[-29,11],[29,62],[9,77],[37,28],[38,83],[48,49],[16,51],[-14,69],[-23,33],[24,28]],[[75536,19679],[31,-29],[104,1],[36,-41],[60,1],[22,46],[31,7],[50,-46],[43,-11],[-4,-33],[60,-20],[30,-34],[11,-63],[160,47],[65,29],[17,-26],[67,-19],[44,52],[53,8],[-16,35],[13,87],[-34,59],[37,82],[15,72],[-12,36]],[[116192,31642],[43,-76],[-8,-112],[-148,-246],[-121,-213],[-72,-108],[-30,-61],[-98,-577],[-56,-182],[-78,-175],[-24,-91],[-61,-154]],[[115539,29647],[-12,54],[-91,85],[-77,110],[-14,110],[-63,135],[-62,55],[-72,47],[8,29],[-120,100],[-37,42],[-50,-16],[16,133],[-12,59],[-55,61],[-44,19],[-26,35],[-91,58],[-106,-33],[-103,38],[-208,13],[13,61],[48,153],[-73,42],[-59,10],[-200,136],[-3,53],[26,27],[-8,123],[61,4],[106,43],[-8,178],[-138,329]],[[114085,31940],[205,-7],[70,9],[141,-4],[70,4],[249,-25],[147,-6],[60,7],[156,-41],[220,-3],[106,-20],[17,-71],[40,-32],[525,-61],[101,-48]],[[52822,33029],[-17,-5],[-88,55],[-28,38],[-45,13],[-28,-15],[-22,-65],[-49,-53],[-49,-21],[-14,-34],[13,-47],[-55,-31],[-19,-32],[-84,-33],[-77,5],[-71,37],[-80,-29],[-9,-144],[-89,0],[-12,-59],[-101,-80],[-25,-48],[-57,-39],[-140,7],[-93,-11],[-46,-69],[-92,-25],[-13,-36],[-90,-25],[-59,-31],[-28,2],[-66,-93],[-16,-100],[22,-79],[-14,-52],[-74,-35],[-84,-90],[-35,-115],[30,-86],[1,-46],[-51,-71],[-104,-43],[-66,30],[-75,-1],[-76,-35],[-58,-96],[-118,-55],[-16,-29],[2,-56],[30,-94]],[[49895,33684],[84,30],[34,35],[18,59],[97,119],[48,9],[45,43],[-23,28],[54,42],[37,65],[59,10],[24,45],[60,59],[96,-8],[88,12],[50,35],[15,134],[19,50],[0,97],[54,85],[70,28],[103,2],[53,-14],[49,7],[116,116],[44,-59],[76,24],[20,19],[94,153],[52,-39],[69,37],[57,-27],[63,-59],[50,-30],[90,1],[49,-36],[46,-14],[50,-42],[14,-52],[28,-43],[89,13],[74,98],[70,26],[58,-7],[59,-78],[49,-18],[64,38],[39,0],[84,-93],[89,-47],[94,-35],[35,-37],[0,-77],[59,12],[132,52],[32,22],[71,82],[60,39],[76,31],[69,4],[88,34],[130,101],[60,22],[-24,-84],[-8,-75],[3,-191],[7,-49],[-10,-99],[-12,-24],[28,-88],[94,-56],[31,-39],[11,-60],[-25,-71],[0,-41],[61,-107],[-13,-133],[6,-26],[79,-71],[-11,-94],[24,-81],[-26,-105],[22,-30],[7,-54]],[[42674,37013],[9,-96],[-48,40],[3,34],[36,22]],[[44000,35398],[-167,80],[-185,132],[-45,95],[-56,49],[-33,82],[-11,143],[-59,118],[-71,80],[-120,91],[-99,60],[-156,56],[-25,-9],[-88,29],[-46,59],[46,47],[49,92],[4,152],[-20,61],[-42,51],[-45,32],[-11,97],[59,179]],[[21083,26641],[-47,54],[-79,28],[1,59],[-54,17],[-90,76],[-53,80],[-50,32],[-17,35],[-83,106],[-103,115],[-58,-3],[-28,-40],[-90,-17],[-20,31],[-95,-19],[-32,-23],[-15,-56],[-40,-5],[-15,57],[24,188],[23,23],[14,79],[-12,39]],[[23126,30081],[35,-36],[-21,-61],[-46,-58],[18,-65],[-36,-86],[-50,-87],[-49,-39],[-32,-63],[-4,-40],[13,-94],[22,-56],[-31,-58],[-1,-64]],[[22944,29274],[1,-56],[19,-97],[27,-93],[42,-30],[-2,-90],[66,-72],[60,-43],[89,-111],[63,-57],[114,-9],[29,-45],[20,-102],[-49,-40],[-22,-50],[-58,-63],[-97,-35],[-125,21],[-132,4],[-40,9],[-33,-90],[-41,-66],[-40,-8],[-62,-215],[-35,-56],[-58,-57],[-22,-56],[-44,-42],[-151,-24],[-25,48],[0,64],[-71,-15],[-46,-25],[-109,-106],[-28,2],[-92,-43],[-165,-3],[-22,-52],[94,-196],[11,-65],[-48,-38],[-145,-143],[6,-52],[25,-49],[-19,-30],[-88,-37],[-19,-23],[62,-98],[13,-120],[-30,-37],[15,-72],[-12,-27],[-10,-100]],[[21760,26484],[-23,-7]],[[135479,8516],[-36,-46],[-92,41],[-16,45],[23,67],[59,-64],[62,-43]],[[135555,8740],[34,-28],[-31,-58],[-50,-47],[-78,10],[-42,65],[57,32],[65,12],[45,14]],[[135246,8727],[40,10],[35,-27],[9,-42],[-15,-105],[8,-55],[-25,-63],[-44,-28],[-78,-9],[-64,35],[21,95],[-11,68],[16,83],[-3,34],[53,29],[58,-25]],[[135205,8788],[50,13],[26,-40],[-49,-24],[-27,51]],[[135579,8752],[-53,-12],[-5,38],[51,36],[7,-62]],[[135574,8909],[-24,-37],[13,-44],[-44,-50],[4,-37],[-19,-14],[-68,-14],[-54,-21],[-29,70],[31,10],[38,45],[40,9],[13,21],[11,38],[10,10],[78,14]],[[135220,8793],[-62,17],[-38,36],[0,145],[7,14],[110,-107],[13,-90],[-30,-15]],[[135028,9181],[62,-76],[22,-80],[-11,-158],[7,-41],[79,-73],[-30,-9],[-19,-14],[-6,-12],[-11,-110],[9,-75],[-19,-77],[-20,-27],[-56,-1],[-73,18],[-109,-21],[-65,-2],[-175,35],[-37,21],[-175,7],[-149,36],[-46,62],[46,46],[10,44],[160,136],[60,36],[67,63],[25,57],[22,152],[98,-3],[120,20],[63,40],[75,14],[63,32],[13,-40]],[[134578,11701],[222,-14],[104,-23],[136,-71],[65,-52],[65,-69],[30,-49],[56,-140],[77,-119],[111,-59],[151,-25],[61,6],[59,-20],[108,-11],[33,-21],[-21,-45],[-97,-87],[-25,-43],[-25,-78],[0,-112],[-88,-121],[-44,-115],[0,-57],[29,-163],[-17,-66],[-38,-36],[-160,-49],[-63,-43],[-54,-74],[0,-74],[32,-109],[-1,-75],[-41,-117],[28,-73],[46,-30],[-31,-49],[-132,26],[-105,-37],[-48,-71],[4,-32],[-24,-66],[-29,-22],[-48,1],[-132,-46],[-103,24],[-65,-1],[-67,-90],[-21,-97],[-117,-144],[-146,-89],[-100,-89],[-110,-42],[4,-37],[-29,-55],[-140,-113],[-130,-62],[-193,-60],[-117,-17],[-117,18],[-4,88],[-108,23],[-19,20],[-70,-17],[-259,-8],[-50,10],[-98,-10],[-545,12],[-64,32],[-41,-39],[-193,-30],[-179,-37],[-123,-51],[-128,-79],[-38,49],[1,57],[18,96],[36,100],[10,114],[44,157],[18,102],[69,205],[45,89],[24,24],[79,146],[27,18],[11,50],[67,66],[84,37],[-45,50],[-8,35],[19,85],[75,149],[23,77],[69,109],[31,92],[29,26],[23,65],[65,120],[62,79],[95,87],[36,8],[17,91],[35,70],[109,161],[48,61],[79,81],[34,20],[141,148],[158,119],[139,88],[263,113],[190,66],[192,42],[202,30],[226,25],[186,49],[118,5],[32,9]],[[141284,14105],[67,-1],[5,-42],[-39,-19],[-7,-34],[18,-111],[-55,1],[21,-45],[1,-96],[88,-29],[31,-52],[8,-44],[-40,-9],[-6,-49],[-26,-38],[47,-25],[15,-35],[53,23],[33,-45],[-43,-66],[-25,-10],[46,-57],[85,-41],[0,-53],[63,-56],[4,38],[42,17],[22,-35],[52,-1],[7,41],[60,0],[0,-1541],[-1,-2078],[0,-1647],[0,-1902],[-59,7],[-69,34],[-179,52],[-61,6],[-87,96],[-110,89],[-50,52],[-92,136],[-116,125],[-92,85],[-48,56],[-60,36],[-75,67],[-145,146],[-55,73],[-56,117],[-156,214],[-81,233],[-129,87],[-58,50],[-40,54],[-121,103],[-47,50],[-60,107],[-74,23],[-85,66],[-132,120],[-98,115],[-6,57],[-100,25],[-77,36],[-120,101],[-59,37],[-173,125],[-191,177],[-65,90],[-40,80],[-14,109],[-41,36],[-46,-16],[-136,-5],[-131,26],[-67,-5],[-122,9],[-186,-1],[-38,-15],[-217,-41],[-79,-27],[-80,-14],[-13,-46],[-141,-66],[-80,-44],[-38,13],[-122,-61],[-234,-32],[-125,-8],[-74,29],[-45,55],[-71,9],[-83,84],[-1,24],[-56,72],[-16,73],[-61,3],[-122,-43],[-104,-28],[-133,-51],[-75,-3],[3,-54],[-117,-65],[-74,-55],[-91,-38],[-18,-21],[56,-77],[-57,-21],[-11,-11],[-18,-51],[-47,-16],[-31,-39],[-41,-5],[-47,51],[-22,80],[-59,59],[-79,107],[-67,188],[29,79],[59,38],[44,10],[89,-5],[40,16],[29,47],[-15,58],[-60,65],[10,45],[49,128],[-3,59],[-39,85],[25,58],[56,44],[80,31],[151,89],[24,27],[22,79],[-30,137],[-2,69],[14,52],[89,126],[25,67],[7,106],[44,97],[110,84],[6,90],[-10,63],[-34,53],[-32,21],[-107,43],[-129,0],[-96,-20],[-61,34],[-39,95],[-26,108],[-46,127],[-5,40],[-63,132],[-93,109],[-45,35],[-131,41],[-128,109],[-108,38],[-68,43],[-73,19],[-72,60]],[[33097,22045],[14,-151],[-111,-18],[-5,38],[-115,-10],[-85,-16],[-4,-69],[-88,7],[-56,-12],[-1,63],[-191,100],[-55,23],[-69,-1],[0,98],[-112,-12],[-1,-81],[-27,-8],[-109,3],[5,136],[-96,-8],[-21,-32],[-66,6],[-3,-105],[-163,11],[-106,-98],[-125,-9],[-32,28]],[[31475,21928],[-52,42],[-44,-17],[-29,-37],[-130,-45],[-112,-73],[0,52],[-62,-4],[-6,-35],[-58,12],[-8,33],[28,99],[-39,50],[5,28],[-38,31]],[[30930,22064],[48,67],[-11,71],[50,41],[39,105],[23,26],[54,-20],[16,53],[-49,32],[26,78],[42,0],[46,89],[2,60],[-24,31],[47,48],[45,-27],[15,68],[29,37],[81,46],[75,4],[19,-43],[54,4],[33,54],[35,19],[49,95],[2,35],[-32,35],[6,94],[64,21],[11,105],[33,87],[45,26],[28,-22],[32,-82],[-4,-86],[45,-49],[56,52],[88,15],[72,-32],[-19,-105],[21,-26],[90,0],[44,20],[38,-61],[64,-4],[40,-20],[-43,-78],[33,-64],[32,-17],[46,52],[26,-35],[52,-28],[-35,-80],[76,-42],[39,40],[38,-59],[-65,-12],[7,-34],[59,-33],[9,-42],[48,-74],[-55,-70],[-25,-66],[42,-42],[13,50],[54,-20],[63,12],[2,-43],[-41,-16],[20,-79],[27,-14],[65,51],[-1,-53],[18,-26],[66,-13],[-42,-69],[33,-43],[65,27],[54,-48],[19,8]],[[131131,18833],[-43,32],[-61,10],[-28,-30],[-46,-9],[-63,71],[-8,26],[-79,55],[-30,0],[-19,-61],[-39,-25],[-23,47],[-52,8],[-94,75],[-76,86],[-36,91],[-69,54],[-47,1],[-30,-36],[-81,48],[-81,79],[-56,7],[-34,-48],[-89,1],[-61,71],[-72,21],[-37,23],[-23,-43],[-50,2],[-105,111],[22,33],[-16,32],[-54,-17],[-54,4],[-62,-45],[-63,15],[-25,-22],[-38,51],[-93,61],[-30,39],[19,78],[-76,-20],[-42,-41],[-48,-11],[-25,-29],[-49,-10],[-55,-31],[-113,59],[-25,35],[7,48],[-42,-4],[-49,25],[-32,-37],[-53,11],[-45,43],[-74,49],[-56,-19],[-70,39],[-38,4],[-138,76],[-90,36],[-17,22],[-54,4],[-42,26],[-12,38],[-143,89],[-75,26],[-42,-15],[-102,108],[-175,101],[-94,26],[-39,24],[-50,-48],[-29,19],[-166,17],[-13,28],[-58,-4],[-55,32],[-101,36],[-50,6],[-26,30],[-68,4],[-55,70],[-71,36],[-34,-2],[-68,35],[-75,68],[-79,38],[-15,26],[-73,32],[-33,68],[-75,47],[-59,14],[-189,10],[-148,-4],[-127,-15],[-110,-24],[-55,25],[-118,25],[-206,29],[-75,38],[-201,50],[-196,27],[-183,2],[-83,-10],[-54,-18],[-38,9],[-111,-8],[-169,-51],[-86,-17],[-57,39],[-158,92],[-80,53],[-46,-1],[-74,70],[-9,33],[-91,4],[-23,42],[-158,95],[-59,19],[-100,76],[7,39],[-64,79],[-80,48],[-48,1]],[[128590,22111],[288,-37],[456,41],[470,336],[245,-9]],[[130049,22442],[270,-27],[90,-415],[399,-13],[113,6],[591,-29]],[[131512,21964],[-32,-840],[-11,-128],[-114,-156],[-41,-86],[-54,-75],[-55,-38],[-32,-100],[28,-119]],[[92095,40057],[48,-5],[23,-39],[1,-68],[16,-82],[35,-70],[-28,-84],[102,-70],[55,-94],[72,94],[39,-38],[47,-89],[118,-2]],[[92623,39510],[-28,-143],[-27,-103],[-31,-76],[-36,-146],[-36,-58],[-95,-107],[-47,-73],[-79,-60],[-25,-41],[-74,-62]],[[92145,38641],[-97,112],[-9,61],[-25,13],[-29,66],[-58,81],[-41,-27],[-80,8],[-84,-61],[-38,6],[-67,54]],[[91617,38954],[23,92],[-27,71],[-9,73],[23,19],[6,77],[41,59],[8,58],[-82,12],[-87,102],[69,35],[-23,78],[-43,17],[-93,1],[-48,21],[-110,-4],[-63,49],[-60,18],[-55,68]],[[91087,39800],[48,63],[69,9],[9,38],[56,20],[48,-63],[97,-16],[50,46],[58,4],[6,31],[48,16],[55,39],[34,58],[99,21]],[[90265,38608],[29,51],[-11,20],[36,58],[-2,36],[75,130],[1,66],[42,63],[-35,48],[21,25],[110,60],[64,13],[32,35],[40,-23],[82,-5],[28,10],[76,-17],[27,23],[57,-9],[8,68],[28,16],[62,-19],[6,-31],[37,-40],[28,-5],[43,36],[40,77],[42,46],[1,60],[-67,45],[-123,12],[-53,37],[-58,74],[13,73],[33,22],[9,55],[75,83],[26,-1]],[[91617,38954],[-23,-15],[-83,-1],[-71,-32],[-166,3],[-69,-22],[-48,-34],[-52,39],[-57,-34],[-7,-45],[37,-84],[-23,-16],[17,-69],[48,-28],[-9,-155],[25,-86]],[[92145,38641],[-49,-47],[8,-71],[-28,-30],[-72,-6],[-123,-34],[-77,-32],[-34,-30],[1,-47],[-51,-35],[-7,-72],[-23,-12],[-129,16],[-38,-114],[-22,-43]],[[91732,40893],[21,-67],[-38,-18],[-51,21],[-57,51],[36,27],[35,53],[31,17],[23,-84]],[[92751,39860],[-15,-48],[-68,-51],[-4,-83],[-31,-38],[5,-105],[-15,-25]],[[91876,40456],[27,31],[100,36],[29,55],[76,58],[18,36],[72,49],[15,60],[25,26],[36,-32],[45,9],[-22,47],[32,17],[-16,76],[45,17],[17,35],[44,18],[89,-63],[-42,-114],[4,-16],[76,-30],[26,16],[48,-41],[48,19],[40,-7],[45,-37],[45,23],[46,-13],[15,47],[36,-10],[51,27],[21,-53],[-34,-26],[5,-60],[-45,-33],[-23,-39],[1,-52],[36,-33]],[[92844,41304],[99,-141],[58,-9],[8,-57],[-40,-43],[-45,4],[-42,-39],[11,-74],[-50,44],[-6,87],[-54,103],[-1,33],[62,92]],[[92731,41427],[-34,-106],[0,-41],[-67,-61],[-13,-40],[-39,4],[22,85],[28,29],[72,124],[31,6]],[[53876,11563],[-62,-64],[-15,-52],[61,-47],[73,-23],[179,-36],[36,-44],[64,-30],[86,-101],[50,-14],[15,-31],[58,-45]],[[54421,11076],[-20,1],[-30,-64],[2,-44],[-75,-67],[-32,-43],[28,-71],[-46,-101],[-65,-63],[-23,-62],[-35,-43]],[[86749,23941],[50,-88],[28,-95],[-15,-23],[-76,2],[-75,31],[-29,-13],[-5,-83],[-84,27],[-124,96],[-20,31],[64,23],[35,32],[162,29],[63,34],[26,-3]],[[86590,24120],[-87,-74],[-24,28],[111,46]],[[84719,25520],[47,5],[16,-75],[-73,1],[-23,39],[33,30]],[[84366,25635],[1,-45],[-74,3],[20,40],[53,2]],[[84443,25677],[-23,-31],[77,-84],[-47,-30],[-42,28],[-29,51],[64,66]],[[84190,25731],[41,-22],[42,0],[20,-25],[-77,-17],[-26,64]],[[81460,27642],[19,96],[17,16],[20,153],[21,26],[-23,38],[41,39],[19,91],[38,24],[-18,204],[50,35],[14,29],[73,54],[46,20]],[[81777,28467],[24,-54],[173,-65],[190,3],[31,15],[30,-31],[46,4],[69,-49],[8,-38],[83,-110],[46,-18],[21,-51],[51,-55],[92,-18],[30,-80],[18,-86],[44,-30],[65,-123],[-3,-31],[95,-88],[20,-57],[49,-49],[92,-171],[32,-38],[8,-46],[48,-112],[11,-76],[47,-65],[37,-81],[55,-34],[7,-37],[-83,-18],[-12,-67],[11,-74],[59,-22],[95,-79],[10,-39],[69,-87],[166,0],[32,-24],[28,-58],[79,-31],[26,-67],[-23,-42],[2,-48],[64,-48],[28,-40],[31,42],[74,31],[44,-40],[43,11],[41,-18],[89,-93],[-39,-81],[-4,-35],[-80,-104],[-10,-38],[-38,0],[-43,-38],[23,-65],[51,-52],[92,-36],[22,-38],[72,-43],[41,-57],[30,-81],[67,-51],[84,46],[45,13],[33,-46],[33,-4],[0,-57],[44,18],[87,-79],[-52,-32],[-101,2],[-24,-14],[-8,-54],[22,-109],[-21,-13],[24,-80],[-37,12],[-44,68],[-73,-27],[-62,33],[-1,39],[-50,-12],[-16,19],[-58,-33],[-21,-82],[-18,-20]],[[83377,30178],[-80,18],[-46,-20],[-9,-37],[-42,-22],[-35,-55],[-39,-14],[-71,-73],[-46,16],[-150,-80],[-65,68],[-43,-3],[12,-88],[41,18],[12,-33],[-71,6],[-31,47],[-36,-63],[-39,-40],[-51,-14],[-17,-41],[6,-55],[-112,-218],[-9,-72],[-65,-117],[-77,-58],[-20,-47],[-68,-24],[-36,-57],[-74,-36],[-72,-4],[-92,17],[-128,-9],[-47,71],[-16,49],[-88,39],[-43,35],[-42,80],[-56,-26],[7,51],[-49,-17],[-2,38],[53,62],[-21,64],[-58,38],[-64,-25],[-67,24],[-41,-21],[-41,22],[-20,42],[-27,2],[-53,60],[-48,-2],[-50,-77],[-21,13],[-14,-89],[-24,-42],[13,-75],[69,11],[33,-33],[28,34],[41,-9],[-58,-77],[10,-70],[-19,-55],[-48,-34],[57,-30],[55,-68],[-29,-56],[11,-90],[60,73],[43,1],[11,168],[-8,47],[36,26],[77,-16],[9,-77],[31,-32],[-19,-34],[39,-40],[59,-98],[38,1],[27,-50],[41,-4],[16,-73],[67,-50],[55,-9],[17,-138],[24,-30],[-14,-76],[13,-49]],[[79612,28243],[-2,113],[-28,193],[-8,92],[42,204],[212,296],[24,61],[26,13],[-39,69],[-46,18],[-39,99],[-53,20],[-26,40],[4,43],[-40,121],[-36,51],[-17,65],[73,228],[76,181],[246,4]],[[79981,30154],[139,-2],[40,18],[165,123],[161,24],[110,-7],[4,54],[77,-28],[2,61],[69,115],[143,118],[55,13],[237,-5],[26,52],[49,14],[83,55],[91,98],[103,0],[27,88],[86,9],[37,-29],[11,-46],[92,-26],[69,-61],[59,35],[77,26],[79,54],[72,80],[147,5],[47,18],[71,75],[90,11],[78,21],[59,57],[26,-23],[115,-8],[14,38],[55,-8],[100,23],[26,38],[53,15],[41,-9],[0,-140],[36,-16],[17,-44],[68,-21],[19,38]],[[26271,23971],[1,38],[30,46],[-25,92],[63,37],[34,84],[43,-17],[87,132],[5,104],[27,37],[2,60],[-35,40],[11,47]],[[26514,24671],[88,-70],[32,-52],[69,-19],[-22,79],[30,40],[27,-26],[103,-21],[72,28],[47,-3],[81,65],[60,21],[9,-32],[52,-4],[67,26],[28,-60],[86,28],[14,-38],[63,-43],[29,-88],[37,-44],[125,-37],[93,-2],[47,-17],[14,157],[195,9],[22,27],[71,-51],[45,34]],[[28633,23926],[14,-100],[-18,-28],[37,-57],[36,-7],[88,47],[80,53],[59,11],[59,93],[55,-22],[92,-79],[28,-67],[-10,-64],[-52,-83],[-10,-41],[-35,-46],[-151,-66],[-18,-43],[-37,-8],[-13,-52],[39,-68],[-29,-22]],[[28847,23277],[-43,-17],[-79,28],[-49,-36],[-51,0],[-44,53],[-98,-74],[-60,-24],[-3,-45],[-79,-82],[-1,-60],[-51,-12],[-43,-51],[-70,-37],[-29,-33],[-128,-44],[-54,11],[-44,-37],[-83,4],[-62,-8],[-99,-37],[-73,87],[-96,-16],[-37,-55],[-108,-33],[-4,-122],[-48,-33],[-22,-49],[-124,-88],[-44,-50],[-44,-9],[-91,-111],[-63,-45],[-140,-8],[-3,-102],[7,-213],[-47,-3],[-132,-43],[-19,-40],[-61,-13],[-17,-35],[6,-73],[27,-54],[-17,-133]],[[26527,21535],[-56,-109],[-16,-73],[-50,24],[-89,-5],[-17,-46],[-52,10],[-49,-27],[-44,48],[-70,8],[-31,18]],[[29821,25551],[-35,-40],[-187,-138],[-27,32],[-97,25],[-160,-12],[-41,26],[-54,-22],[-51,-63],[15,-66],[20,-20],[18,-100],[57,-101],[64,-31],[87,-2],[25,-78],[-47,-77],[-50,-15],[-37,-108],[4,-68],[17,-33],[4,-65],[-71,-111],[-18,28],[-40,-60],[-75,-23],[-18,-57],[-51,-7],[-5,-225],[-125,-39],[-84,11],[-139,-7],[-99,27]],[[28349,24549],[-14,72],[10,50],[64,79],[-13,128],[18,31],[-71,32],[59,108],[18,191],[28,182],[38,128],[-5,41]],[[28164,29828],[-804,-217],[-354,-89],[-34,14],[-28,-30],[-286,-76],[-59,10],[-23,-16],[-37,23],[-57,-16],[-84,-61],[-130,-68],[-55,-64],[-32,-173],[117,-78],[39,-43],[-18,-134],[-49,-24],[-19,-45],[-35,-19],[-21,-46],[9,-64],[43,-71],[55,-40],[-5,-31],[-60,-62],[-89,-33],[-117,7],[-7,-20]],[[25243,31016],[42,34],[40,5],[14,-66],[51,31],[-1,35],[30,34],[5,70],[-10,256],[37,5],[229,3]],[[25680,31423],[-2,-119],[144,-2],[126,-100],[70,-69],[168,-7],[77,20],[50,25],[23,-76],[59,0],[18,-45],[0,-121],[780,154],[676,77],[48,25],[119,-125],[111,-212],[73,-124],[81,-92],[175,-238],[93,-40],[41,-31],[45,-117],[63,-61],[80,-53]],[[20220,25138],[-94,137],[-76,84],[14,51],[-32,63],[-82,89],[2,39],[-30,90],[-195,224],[-37,50],[-180,442],[-65,112],[-12,55],[-83,81],[-173,109],[-177,84],[-116,77],[-85,105],[-17,42],[-120,159],[-71,80],[-58,49],[-18,47]],[[18515,27407],[336,246],[47,45],[72,17],[63,47],[143,82],[2,72],[50,20],[90,93],[7,26]],[[84156,18848],[11,76],[25,47],[63,2],[52,38],[59,17],[-3,126],[-20,16],[7,50],[2,186],[-25,68],[-35,9],[-3,44]],[[84289,19527],[19,35],[44,-4],[58,32],[24,37],[40,11],[225,-103],[99,-31],[93,-76],[98,-115],[229,343],[-67,51],[-31,65],[6,47],[-25,42],[-62,11],[-74,-12],[-22,56],[-30,25],[77,97],[214,155],[-46,77],[-29,15],[-2,202]],[[85127,20487],[23,-16],[87,85],[98,-21],[106,-77],[-7,-33],[18,-61],[-36,-39],[-6,-76],[19,-78],[38,-37],[6,-38],[-25,-33],[29,-94],[-49,-156],[28,-133],[86,-50],[-21,-35],[13,-175],[-9,-24],[-76,41],[-45,-19],[-52,-134],[-45,-37],[-17,-36],[-71,-59],[-75,-37],[-75,-115],[23,-48],[-32,-64],[-64,-98],[1,-115],[32,-15],[78,26],[5,-37]],[[85604,18980],[-76,24],[103,107],[24,50],[0,58],[-41,24],[-81,-70],[-42,16],[53,91],[41,11],[49,56],[51,16],[8,127],[23,67],[29,2],[-1,75],[-27,53],[-52,43],[39,93],[66,11],[19,112],[35,66],[-50,128],[13,52],[-14,93],[-38,53],[10,53],[30,39],[23,130]],[[85397,20851],[68,-43],[2,-96],[-119,-7],[-51,75],[46,67],[54,4]],[[84114,20216],[-33,40],[49,60],[30,-22],[-46,-78]],[[84252,20227],[-55,-40],[1,54],[53,76],[64,62],[35,-28],[-42,-66],[-56,-58]],[[84263,20475],[35,-7],[-16,-70],[-52,13],[33,64]],[[84289,19527],[-67,128],[5,34],[-41,73],[-24,69],[110,179],[9,45],[53,86],[22,-20],[81,-10],[77,35],[36,-20],[47,1],[51,20],[7,46],[44,-3],[89,39],[63,50],[43,11],[29,46],[60,30],[33,40],[-7,43],[93,5],[25,33]],[[84248,20501],[-20,-9],[-36,-77],[-42,22],[77,62],[21,2]],[[84201,20557],[-22,-47],[-37,4],[8,44],[51,-1]],[[56255,34021],[-24,38],[15,54],[-99,87],[-17,42],[-53,39],[61,35],[25,105],[68,60],[53,20],[14,51],[56,47],[81,8],[38,32],[51,13],[69,94],[29,17],[4,64],[87,32],[21,57],[-64,19],[6,42],[58,17],[7,67],[52,66],[0,44],[-60,26],[-5,48],[33,38],[-6,46],[39,88],[-67,68],[-25,46],[16,109],[-13,50],[30,54],[-39,66],[-92,58],[-86,31],[-79,50],[-104,134],[-59,37],[-2,25]],[[28209,25555],[-38,30],[-42,-3],[-41,126],[-190,11],[-58,-23],[-65,-58],[-240,76],[-30,-35],[-83,-26],[-45,-90],[-20,-15],[-16,-72],[-67,-25],[-61,-5],[-72,-80],[-35,-57],[-50,-32],[13,-31],[-42,-79],[17,-62],[-26,-148],[-21,-43],[-101,-40],[-77,14],[-31,77],[-63,-28],[-21,-31],[-34,-1],[-58,37]],[[26612,24942],[-48,85],[34,47],[-21,52],[-69,27],[-63,64],[-4,77],[-62,-6],[25,59],[-12,27],[-58,46],[-59,-8],[-31,44],[-55,24],[-29,67],[-9,80],[-56,-14],[-64,141],[-47,82],[-22,63],[-37,14],[-47,60],[20,71],[42,82],[-239,84],[-48,90],[-207,225]],[[25446,26525],[117,70],[101,117],[5,85],[71,200],[0,69],[-100,168],[-31,-15],[-74,52],[-75,71],[-10,65],[-23,38],[-64,-67],[-10,-87],[-56,-29],[-68,-13],[-47,74],[-43,-20],[-39,23],[-4,100],[-74,47],[-56,-29],[-90,62],[-56,20],[-29,67],[-42,57],[-30,19],[-32,-26],[-33,48],[1,81],[-32,92]],[[24623,27864],[66,-13],[35,19],[-13,43],[31,28],[37,0],[41,-60],[60,-7],[15,-37],[60,2],[36,-43],[64,-9],[19,41],[59,46],[108,52],[5,130],[-35,65],[-46,22],[9,89],[-13,43],[20,136],[66,76],[48,2]],[[24585,24407],[13,67],[-20,69],[-73,25]],[[23872,24820],[-37,-48],[-15,-56],[-173,-9],[-115,-66],[-53,-13],[-71,31],[-42,1],[-81,59],[-40,62],[-36,1],[-52,27],[-94,86]],[[23027,25384],[104,35],[24,28],[75,15],[63,41],[42,41],[78,25],[37,-8],[25,32],[126,45],[30,52],[67,17],[35,-18],[27,30],[42,-30],[98,67],[74,0],[51,-20],[15,29],[39,-19],[64,16],[34,49],[40,14],[10,150],[122,-27],[-35,158],[140,16],[99,30],[110,56],[53,-4],[124,14],[80,18],[2,195],[60,1],[26,38],[45,-26],[48,17],[47,47],[162,9],[28,-21],[108,29]],[[26612,24942],[-52,-33],[-25,-65],[-43,-9],[-11,-33],[11,-88],[22,-43]],[[21760,26484],[35,-14],[41,40],[50,70],[29,21],[123,49],[174,52],[39,21],[34,156],[42,70],[66,21],[48,-58],[88,-69],[38,-1],[49,26],[51,-16],[54,14],[16,-21],[-8,-73],[51,-42],[100,-6],[33,-25],[118,-23],[57,34],[39,61],[21,-9],[122,8],[78,-9],[55,29],[25,32],[25,71],[49,88],[79,4],[35,19],[60,64],[79,-2],[50,17],[19,54],[46,40],[112,54],[-8,92],[68,98],[89,94],[2,23],[93,90],[-35,72],[-43,4],[-32,87],[14,77],[45,10],[56,88],[63,-34],[36,11],[43,-38],[139,-19],[65,-35],[46,13]],[[125718,25626],[-60,-80],[-29,39],[89,41]],[[125635,25937],[32,-32],[-34,-44],[-94,-30],[-29,-44],[-67,31],[-5,34],[43,23],[26,45],[30,13],[98,4]],[[125506,26015],[9,-30],[-156,-74],[-25,18],[45,40],[127,46]],[[122709,26748],[84,-20],[40,-61],[-79,-52],[-61,20],[-48,34],[16,70],[48,9]],[[122133,23987],[280,431],[-3,144],[-69,59],[-142,1233],[-102,842],[-78,676]],[[122019,27372],[68,5],[66,-55],[1,-37],[29,-56],[6,-130],[27,-125],[-12,-63],[5,-60],[-15,-81],[14,-140],[-5,-72],[10,-46],[-15,-45],[25,-42],[15,-73],[-24,-28],[4,-89],[15,-73],[70,-97],[0,-37],[-44,-41],[45,-44],[8,-63],[-16,-32],[36,-35],[90,-19],[66,-40],[79,22],[2,145],[63,-32],[28,116],[52,-10],[1,57],[17,63],[51,-59],[6,-89],[-18,-35],[23,-53],[-51,-19],[-5,-27],[56,-65],[10,-42],[-104,-33],[-19,-33],[14,-92],[-23,-39],[35,-41],[-26,-20],[2,-68],[-18,-68],[91,-50],[77,-61],[3,-86],[-45,-23],[7,-45],[55,-82],[-25,-57],[55,-1],[28,-27],[62,0],[56,68],[82,-34],[-23,-116],[45,-40],[12,-33],[67,-69],[48,-26],[66,-12],[81,35],[65,-17],[55,-34],[33,-90],[42,-27],[61,3],[60,32],[164,-34],[109,18],[140,-28],[82,-7],[53,-28],[178,47],[106,48],[97,-35],[61,13],[98,53],[20,35],[76,68],[15,36],[55,39],[25,107],[-36,15],[46,71],[44,16],[1,68],[39,64],[136,102],[134,18],[55,27],[51,69],[85,24],[60,73],[-18,44],[-92,27],[11,33],[74,48],[51,-37],[68,29],[66,43],[29,81],[91,31],[40,46],[32,-6],[45,49],[51,4],[30,39],[34,81],[10,106],[-29,67],[-46,-34],[-16,78],[55,24],[32,33],[53,108],[14,65],[-23,42],[59,69],[29,16],[112,133]],[[126377,26638],[25,-75],[71,-16],[38,-66],[106,8],[23,30],[116,9],[-18,-46],[50,-27],[17,-58],[35,-22],[61,19],[102,-53],[40,-59],[99,-83],[16,-103],[88,21],[-21,-61],[38,-43]],[[127400,24519],[-139,-81],[-354,-159],[-564,-267],[-91,-49],[-35,-66],[38,-65],[37,-85],[49,-37],[33,-98],[-2,-56],[14,-46],[51,-63],[75,-38]],[[4954,47386],[-17,-14],[-119,-5],[-108,-13],[-88,25],[-59,40],[-130,112],[-182,183],[-32,26],[-67,102],[-208,327],[-151,188],[-36,51],[-141,155],[8,6]],[[81380,7132],[-84,-3],[-35,-25],[-30,-90],[14,-88],[-10,-84],[-82,-87],[-86,-18],[-46,11],[-54,52],[-39,16],[-51,-16],[-89,7],[-76,-16],[-48,29],[-136,-41]],[[80528,6779],[-75,74],[20,62],[57,40],[-29,89],[-27,38],[6,35],[-68,61],[-18,46],[13,74],[33,65],[40,40],[38,2],[20,41],[-36,21],[-30,-11],[-31,50],[44,99],[2,65],[19,61],[1,61],[34,34],[-6,40],[75,83],[55,72],[-1,37],[-57,51],[-8,26],[54,53],[-21,60]],[[80632,8248],[55,9],[79,-75],[84,-24],[75,16],[61,-36],[61,-21],[54,-135],[57,-76],[79,-52],[42,-2],[30,-28],[63,-18],[16,-44],[39,18],[58,55],[53,21],[95,-83],[69,-82]],[[42954,43407],[15,-64],[-34,5],[-15,44],[34,15]],[[43100,43593],[67,-15],[22,-51],[65,-33],[94,-23],[16,14],[97,7],[10,-62],[-96,-53],[-42,20],[-59,-7],[-78,-43],[-38,0],[-31,26],[32,50],[14,52],[-50,33],[-79,-36],[-13,72],[9,42],[60,7]],[[41775,43908],[2,89],[42,-3],[-44,-86]],[[42700,45043],[63,-20],[-8,-212],[-29,-64],[15,-20],[-14,-76],[-39,-30],[-51,-90],[-87,-24],[-96,64],[-38,47],[-6,46],[167,139],[26,49],[-4,114],[21,51],[80,26]],[[39367,45077],[54,-28],[12,-66],[-27,-32],[-94,-23],[-46,13],[-3,96],[56,35],[48,5]],[[42617,45187],[32,-4],[51,-48],[7,-55],[-24,-29],[-32,34],[-38,75],[4,27]],[[40164,46902],[9,-87],[-32,-1],[-17,41],[40,47]],[[40343,47057],[66,-44],[-12,-52],[-102,-29],[-67,-27],[40,81],[20,-8],[31,76],[24,3]],[[40192,47160],[62,-14],[35,-59],[-12,-39],[-82,13],[-33,84],[30,15]],[[40030,47640],[48,-8],[33,-26],[20,-48],[-1,-56],[-63,9],[5,83],[-42,46]],[[39710,47946],[70,-40],[-31,-61],[-50,34],[11,67]],[[39596,48733],[18,-30],[-21,-36],[7,-38],[-33,-34],[-23,39],[5,37],[47,62]],[[40702,48962],[22,-40],[44,-16],[-39,-39],[-14,-50],[20,-43],[-6,-89],[15,-49],[39,-33],[22,-47],[37,-38],[61,-27],[44,-1],[-20,-66],[116,-116],[47,-33],[4,-56],[81,-38],[63,-59],[26,-7],[-63,-111],[37,-48],[-11,-67],[-73,-8],[69,-82],[24,40],[32,-13],[-36,-94],[4,-63],[-31,-108],[-64,-33],[-44,-63],[-62,-13],[-8,-36],[-40,-28],[-35,-73],[2,-149],[-29,-41],[-62,24],[-45,-15],[-112,10],[-89,-22],[-19,-36],[-78,-19],[-49,9],[-15,70],[-141,46],[-14,41],[52,56],[15,97],[35,31],[77,20],[8,32],[41,2],[64,57],[50,-17],[44,-56],[143,-137],[3,59],[-32,29],[-18,64],[-72,39],[-59,79],[-78,2],[-40,17],[-45,-12],[-24,33],[-46,6],[-43,31],[-77,-17],[-21,40],[-70,3],[-55,97],[-39,14],[-45,54],[38,25],[-34,52],[-64,59],[-36,85],[21,90],[-35,55],[-59,0],[32,48],[57,8],[67,34],[23,62],[34,33],[78,-5],[49,39],[48,115],[46,11],[93,90],[36,8],[85,87],[41,79],[40,50],[20,65],[42,16]],[[40046,50713],[1,-47],[-40,-85],[-26,-106],[-28,-64],[-38,-38],[-112,38],[-3,43],[51,14],[71,66],[29,76],[41,41],[7,46],[47,16]],[[135090,21661],[18,-443],[0,-92],[13,-213],[-10,-69],[-38,-69],[0,-46],[57,-88],[16,-50],[3,-124],[22,-82],[11,-206]],[[79943,8473],[16,18],[-34,54],[42,15],[82,-18],[-16,-85],[33,-53],[64,1],[41,-71],[154,5],[64,-18],[64,-33],[94,-4],[67,-45],[18,9]],[[80528,6779],[-33,-35],[-71,-24],[-121,-66],[-28,-35],[-66,-25],[-64,-3],[-88,16],[-23,26],[-45,-9],[-48,17],[-110,65],[-37,49],[-85,60],[-21,68],[-31,38],[-26,64],[-35,16],[-56,-22]],[[51735,10190],[-41,10]],[[51694,10200],[-28,42],[-38,9],[-38,53]],[[49727,11191],[18,48],[-63,113],[5,41],[-48,124],[44,104],[18,17],[16,84],[-12,22],[9,77],[36,50],[-40,19],[-16,32],[10,44],[31,32],[-5,30]],[[8242,39158],[77,-14],[68,-26],[41,9],[45,-48],[33,-11],[76,0],[36,-37],[50,-91],[16,-56],[105,-122],[43,-13],[47,10],[65,-86],[32,-103],[41,-62],[17,-61],[-85,-114],[-49,-85],[-6,-34]],[[8894,38214],[-50,18],[-87,-18],[-40,102],[14,49],[-49,-3],[-71,-35],[-57,46],[-76,3],[-47,48],[-61,-8],[-115,-48],[-11,205],[-18,34],[-73,-27],[-39,7],[-63,42],[-47,53]],[[8004,38682],[36,68],[81,31],[-46,23],[-89,-13],[11,49],[-86,42],[-38,9],[-3,56],[15,36],[-30,35],[-62,-1],[-42,38],[-70,24],[-25,-40],[-34,38]],[[7622,39077],[1,152],[-18,44],[55,75],[-24,74],[51,44]],[[7182,38080],[28,-30],[19,-60],[-38,-7],[-53,50],[44,47]],[[8004,38682],[-70,14],[19,-45],[-48,-45],[-89,-19],[-47,25],[2,-95],[36,-48],[-4,-54],[-22,-29],[82,-44],[-17,-43],[-39,-27],[-13,-50]],[[7794,38222],[-73,58],[-27,2],[-7,51],[-81,56],[-103,14],[-57,-3],[-63,14],[-6,69],[-37,149],[-87,206]],[[7253,38838],[90,45],[104,-5],[54,17],[26,34],[60,-64],[28,50],[-55,71],[4,45],[58,46]],[[10744,33460],[31,-18],[28,-64],[-10,-59],[-40,14],[-47,48],[-1,34],[39,45]],[[10518,34570],[58,1],[90,-132],[44,-36],[33,-115],[44,-36],[27,-76],[-38,-68],[-37,-13],[44,-55],[-29,-51],[-6,-70],[17,-85],[-9,-50],[-63,-44],[-6,-38],[71,-73],[3,-32],[-49,-65],[-53,128],[-76,-40],[-38,22],[-36,-16],[-26,-36],[28,-112],[-35,10],[-61,72],[-111,55],[-74,18],[-66,35],[-62,-1],[-22,25],[56,30],[36,2],[28,-26],[61,6],[3,55],[28,44],[-1,56],[66,41],[6,160],[-16,91],[29,32],[4,87],[36,25],[41,68],[23,-12],[71,40],[3,68],[-31,19],[-18,65],[13,27]],[[9782,34912],[-23,80],[52,36],[24,-23],[-11,-59],[-42,-34]],[[10150,35065],[22,-6],[12,-59],[-35,-4],[-22,44],[23,25]],[[10229,35067],[7,-113],[-52,14],[7,39],[-13,32],[51,28]],[[8857,35172],[28,-124],[-31,-18],[-39,32],[-66,23],[-56,70],[13,14],[151,3]],[[10161,35222],[46,-22],[55,-89],[8,-53],[-72,23],[-26,33],[-64,29],[5,39],[44,-17],[4,57]],[[10071,35199],[23,-85],[-16,-43],[-70,114],[21,79],[42,-65]],[[10822,35270],[28,-82],[-32,4],[4,78]],[[10758,35207],[-11,-55],[-29,10],[-22,94],[50,-7],[12,-42]],[[10387,35392],[16,-36],[37,-2],[37,24],[-1,-70],[29,-54],[38,-40],[29,-79],[75,-61],[-5,-49],[46,-50],[-20,-77],[15,-72],[43,-62],[-8,-66],[46,-18],[3,-27],[115,-71],[82,-110],[1,-42],[-22,-70],[0,-55],[-42,-3],[-35,-50],[11,-58],[42,-43],[-30,-33],[-40,119],[-100,144],[7,30],[-99,124],[-12,34],[-103,122],[-17,40],[8,42],[-61,89],[-74,68],[-4,35],[-42,35],[7,50],[-45,113],[-39,76],[-63,16],[-86,67],[62,3],[38,39],[67,26],[46,-19],[48,21]],[[11086,35954],[22,-24],[118,6],[69,-24],[13,15],[80,0],[37,-51],[60,25],[61,-10],[38,32],[45,-18],[35,13],[63,-55],[32,-42],[35,-17],[38,-68],[-21,-94],[-48,-12],[-43,36],[-67,-9],[-55,20],[-27,-38],[-65,-40],[-19,18],[-115,11],[-44,-15],[-55,18],[-60,-25],[-33,28],[-83,7],[-55,28],[-29,-10],[-74,23],[-21,-19],[-66,34],[-32,102],[32,46],[91,84],[81,5],[62,20]],[[8894,38214],[7,-22],[-28,-66],[0,-99],[46,-37],[7,-53],[-65,-102],[-10,-65],[20,-32],[-9,-38],[20,-35],[-14,-30],[15,-42],[-14,-50],[5,-120],[16,-28],[-67,-92],[-56,-20],[-73,-117],[-49,13],[2,-62],[-38,19],[-17,33],[-76,14],[-75,-32],[-39,84],[-41,-42],[-56,-18],[-29,12],[-54,63],[1,44],[32,12],[-3,72],[-40,53],[-59,116],[21,31],[-6,45],[-51,103],[16,35],[-41,73],[-8,42],[-29,32],[7,34],[-72,53],[-18,71],[-77,57],[-59,32],[-2,40],[-40,27]],[[7253,38838],[-77,122],[-75,135],[-60,70],[-47,76],[-90,76],[19,46],[-53,61],[-85,41],[-66,59],[-36,97],[-46,48],[-46,80],[-132,117],[-35,23],[-55,4],[-27,-56],[-45,73],[43,17],[94,12],[32,-11],[48,17],[21,27],[147,-105],[1,53],[70,-47],[65,36],[36,-15],[66,40],[44,-5],[31,34],[20,59],[57,23],[60,62],[48,26],[18,69],[-52,67],[13,38],[45,16],[76,-61],[-4,-41],[57,-32],[47,13],[36,46],[32,-59],[5,-49],[23,-37],[54,-7],[40,29],[51,-22],[22,-75],[41,-15],[37,-68]],[[69282,47209],[-73,-41],[-34,26],[-38,-17],[-45,3],[61,77],[100,31],[34,-31],[-5,-48]],[[70230,47524],[49,-13],[3,-65],[-59,3],[-52,42],[4,43],[55,-10]],[[70054,47524],[74,11],[82,-84],[-27,-14],[-97,34],[-148,25],[41,38],[75,-10]],[[69938,47522],[-37,-19],[-42,19],[5,39],[61,-9],[13,-30]],[[70054,47524],[-95,15],[24,33],[13,-9],[5,10],[10,-5],[5,1],[1,7],[8,41],[35,-30],[42,-8],[26,-42],[-74,-13]],[[69938,47522],[-15,44],[-32,15],[18,42],[96,13],[16,-17],[-16,-19],[10,-27],[-15,3],[-25,-1],[-37,-53]],[[70035,47816],[74,-28],[29,-48],[113,-85],[64,-40],[28,-49],[-39,-39],[-40,16],[-78,5],[-84,48],[-37,4],[-32,45],[-1,68],[-30,6],[-46,59],[31,40],[48,-2]],[[69379,48314],[29,9],[47,-49],[22,-97],[70,-49],[62,-117],[78,-32],[66,-39],[107,1],[23,-30],[-12,-50],[-79,9],[-114,-21],[-56,-2],[-36,24],[-65,83],[-69,34],[-64,10],[-90,-43],[-112,48],[-6,25],[24,71],[-31,85],[-39,59],[65,78],[109,73],[71,-80]],[[69476,48543],[-43,14],[-14,41],[55,74],[66,17],[42,-12],[-40,-72],[-66,-62]],[[69805,48696],[27,-11],[67,-72],[68,-86],[124,-106],[-31,-86],[-50,-73],[-5,-84],[-74,-20],[-75,-39],[-43,3],[-115,67],[-73,72],[-25,173],[-16,45],[85,133],[39,47],[97,37]],[[70132,48760],[417,0],[64,-100],[8,-27],[-25,-142],[27,-59],[-65,-78],[-28,9],[-44,-27],[-64,-18],[-153,130],[-38,15],[-101,64],[-109,86],[-66,79],[-81,68],[258,0]],[[63632,46421],[-45,37],[-34,54],[-46,116],[-23,24],[12,86],[-4,51],[-26,75],[-44,5],[-30,58],[-12,100],[17,21],[-31,48],[1,103],[36,54],[-28,76],[21,22],[-11,60],[46,71],[-14,26],[45,69],[33,82],[16,142],[-29,31],[-82,26],[-48,107],[42,67],[115,-12],[70,82],[28,81],[-1,73],[44,160],[44,97],[-7,107],[28,31],[-10,65],[25,70],[41,56],[78,-11],[14,63],[64,14],[42,103],[90,-21],[18,-58],[52,15],[32,31],[-14,82],[111,65],[45,35],[-32,85],[1,72],[26,147],[19,21],[89,-4],[18,-61],[47,-57],[146,11],[22,-23],[59,-10],[37,-36],[51,-24],[-1,-90],[33,-32],[94,-46],[33,16],[36,104],[67,69],[52,-19],[21,28],[46,1],[16,116],[21,53],[30,-33],[93,-8],[40,12],[83,-23],[44,-42],[56,-6],[40,40],[69,-5],[28,42],[63,16],[46,-7],[62,-35],[20,-54],[57,0],[8,-44],[36,-42],[57,-30],[6,-109],[72,17],[51,26],[9,42],[48,58],[30,-30],[60,9],[18,49],[12,109],[39,35],[47,12],[2,55],[101,-112],[50,13],[18,-59],[-8,-42],[42,-32],[70,3],[16,38],[45,9],[90,-61],[23,31],[74,36],[22,45],[-1,49],[34,27],[57,-47],[40,-55],[5,-54],[37,-12],[27,37],[31,1],[16,-44],[44,-34],[116,43],[119,94],[87,-40],[49,-1],[31,-57],[27,17],[53,-7],[55,9],[-9,-74],[45,-7],[31,71],[37,20],[129,-43],[70,-5],[106,61],[51,5],[24,-43],[103,-14],[39,60],[97,64],[78,-70],[48,-59],[15,-58],[100,-39],[63,-44],[90,-12],[5,-41],[41,-49],[32,2],[90,-84],[-3,-54],[39,-33],[11,-44],[78,-58],[50,-14],[77,5],[66,-32],[25,37],[29,-14],[50,34],[60,1],[36,-27],[-38,-38],[-107,-52],[-44,-57],[-29,-66],[-43,-3],[-80,21],[-211,98],[-9,21],[-57,-4],[-11,-32],[66,-40],[17,-92],[37,-2],[117,-35],[17,-40],[-27,-72],[-52,-51],[-31,-60],[-68,49],[-102,25],[-41,-12],[-13,-60],[34,3],[27,39],[72,-20],[57,-48],[39,-5],[45,-57],[29,-99],[-26,-58],[15,-33],[110,-48],[80,34],[35,5],[95,-44],[55,-83],[87,-36],[44,-1],[131,17],[51,-19],[67,-46],[54,-58],[35,-13],[-24,-58],[-96,-15],[-47,-65],[-72,-32],[-17,-39],[-63,29],[-66,-20],[-30,4],[5,52],[-30,12],[-39,-44],[-69,10],[-77,-55],[-33,28],[-41,-28],[-38,23],[-43,-34],[-15,-30],[4,-21],[19,-12],[-8,-59],[-28,-47],[-88,-34],[-21,-36],[-42,5],[18,-66],[49,-4],[34,18],[29,-26],[37,19],[39,-11]],[[69277,47164],[-41,-33],[-49,-17],[-404,-53],[-100,-5],[-63,17],[-141,61],[-106,28],[-318,36],[-221,67],[-202,43],[-55,0],[-160,-37],[-185,-58],[-99,25],[-73,7],[-85,-45],[57,-70],[0,-56]],[[30141,25529],[-6,-46],[54,-17],[-34,-170],[48,8],[12,-36],[-7,-63],[-44,-17],[-17,-38],[62,-116],[-37,-29],[12,-50],[-1,-81],[-25,-74],[13,-48],[36,-25],[5,-55],[-31,-55],[37,-35],[-42,-115],[15,-79],[-18,-33],[32,-78],[-38,-43],[-87,16],[-97,-60],[-105,46],[-38,-65],[-54,-25],[1,-29],[-30,-126],[-57,-83],[-6,-88],[-22,-97],[2,-97]],[[29674,23626],[-28,-32],[-27,-74],[-11,-65],[-25,-19],[-79,-124],[4,-48],[-65,-92],[-37,-28]],[[29406,23144],[-55,31],[-118,29],[-10,52],[-115,32],[-20,-33],[-49,-9],[-81,-37],[-95,50],[-16,18]],[[32513,27605],[33,-2],[86,46],[53,46],[38,-62],[6,-84],[-23,-91],[-27,-43],[-33,-120],[-10,-81],[16,-179],[75,-150],[75,-77],[97,-55],[38,-10],[150,-14],[101,26],[44,-35],[18,-80],[12,-227],[-20,-97],[8,-113],[-14,-76],[104,-168],[60,-40],[90,-82],[65,-21],[82,21],[73,-4],[35,49],[48,0],[31,-57],[31,10],[162,-62],[26,-83],[33,-168],[0,-34],[-28,-59],[-4,-80],[27,-59],[63,-175],[27,-117],[-33,-90],[-62,-48],[-91,-24],[-257,-204],[-60,-82],[-8,-34],[-101,-150],[-27,1],[-132,-319],[-44,-141],[-43,-229],[12,-173],[18,-61],[52,-106],[57,22],[47,-21],[138,-98],[96,-128],[13,-80],[-18,-64],[-89,-197],[-125,-188],[-64,-198],[-53,-251],[14,-95],[-12,-53],[-36,-16],[-37,39],[-17,53]],[[33299,22063],[-32,58],[-84,17],[-28,-42],[-58,-51]],[[30930,22064],[-45,3],[-27,-22],[-18,-60],[-62,-37],[-69,18],[-78,-21],[-22,-45],[-51,-1]],[[30558,21899],[-46,-16],[-79,-66],[-39,1],[-64,-74],[-55,10],[-59,-12],[-70,-62],[-28,3],[-68,47],[-27,-2]],[[30023,21728],[-1,61],[28,104],[42,65],[29,11],[3,111],[50,52],[5,33],[53,5],[32,28],[-20,92],[17,30],[47,22],[23,58],[48,39],[131,62],[51,177],[-93,26],[-41,-16],[-39,-44],[-40,15],[-28,63],[66,94],[-58,60],[26,70],[33,16],[-3,75],[16,89],[-27,63],[-36,47],[-30,10],[-139,97],[-93,58],[4,126],[-105,35],[-21,50],[-88,33],[-72,-8],[-61,-22],[-58,11]],[[29406,23144],[7,-64],[-151,-149],[10,-159],[-22,-47],[-85,-58],[-59,3],[-50,-34],[-37,-51],[-53,3],[-32,-24],[6,-47],[-79,-37],[-42,12],[-42,-18],[-25,-109],[-35,-47],[-74,-46],[37,-65],[-19,-54],[41,-90],[-9,-31],[28,-91],[-23,-59],[-34,-16],[-40,10],[-58,-61],[-3,-66],[-73,-2],[-100,-25],[20,-85],[-29,-93],[7,-34],[-20,-53],[1,-73],[-187,-161]],[[28182,21223],[-153,-73],[-32,-38],[-109,-28],[-56,-39],[-55,10],[-42,31],[-55,-15],[-30,-35],[-45,-16],[-59,71],[-82,72],[-55,77],[-14,46],[-161,21],[8,52],[-24,222],[-32,95],[-112,167],[-82,-44],[-87,-56],[-83,-74],[-57,-68],[-191,-7],[-47,-59]],[[28182,21223],[29,-45],[73,-66],[44,-14],[67,-146],[7,-37],[62,-18],[14,-50],[41,-69],[52,-44],[51,-19],[76,11]],[[28698,20726],[26,-106],[0,-48],[-31,-70],[-68,-37],[-18,-30],[-26,-161],[57,-101],[5,-99],[-11,-18],[74,-115],[1,-33],[34,-29],[71,-8],[-12,-66],[-57,-66]],[[30023,21728],[-55,-34],[-244,-9],[-29,42],[-81,12],[22,62],[-16,28],[-54,-44],[-120,-66],[-99,-37],[-34,-24],[-77,-83],[-73,-10],[-15,-48],[-35,1],[-30,38],[-42,-15],[-6,-37],[-33,-15],[-39,-54],[-46,-6],[-40,-28],[-16,-84],[-93,-78],[-5,-30],[-44,-98],[8,-53],[-22,-22],[16,-126],[-12,-33],[-43,-5],[-6,-41],[38,-105]],[[50114,9866],[79,-12],[48,19],[25,-31],[14,-74],[70,-30],[19,-74],[-21,-67],[55,-39],[-42,-84],[3,-109],[18,-43],[-40,-24],[64,-31],[37,-41],[-7,-75],[49,-12],[35,-29],[61,7]],[[50581,9117],[-7,-59],[-67,-21],[25,-56],[-32,-92],[24,-55],[-8,-40]],[[50516,8794],[-16,-22],[-65,11],[-31,43],[-53,-26],[-40,22],[-36,-36],[-75,52],[-28,-54],[-41,13],[3,46],[-57,26],[-78,-37],[-105,-20],[-35,-42],[-42,17],[-17,-25],[-102,10],[-4,49],[-52,31],[-58,-2],[-9,95],[-51,12],[-21,-82],[-45,-16],[-86,-11],[-34,17],[-94,2],[-9,17],[-87,28],[-13,25],[-91,12],[-54,38]],[[48990,8987],[-31,101],[11,80],[25,65],[-6,29],[40,23],[97,178],[127,-63],[25,15],[103,-10],[89,42],[15,69],[-6,34],[30,35],[44,-14],[-8,-99],[75,10],[41,-14],[0,76],[30,45],[-17,50],[7,109],[41,28],[9,47],[-16,56],[41,36],[96,-2],[30,-55],[42,10],[15,34],[60,-60],[65,-13],[50,37]],[[13853,39005],[-81,37],[-113,118],[-34,6],[-50,120],[3,39]],[[13578,39325],[124,29],[43,71],[84,5],[91,33],[20,27],[74,-8],[49,81],[61,5],[94,51],[60,66],[54,37],[54,66],[60,12],[32,48],[-8,31],[34,47],[68,7],[147,135],[143,115],[36,88],[148,77],[56,-57],[17,-42],[1,-92],[21,-69],[63,-129],[-17,-73],[22,-23],[13,-97],[52,41],[92,0],[43,-58],[32,-18]],[[15441,39731],[0,-70],[36,-53],[41,-17],[74,-119],[103,-27],[46,-67],[-15,-97],[11,-64],[43,-92],[71,-48],[23,-61],[36,-24],[-96,-26],[-36,-21],[-36,-58],[-6,-84],[25,-42],[34,19],[0,-101],[28,-55],[48,-27],[-34,-42],[-44,-22],[25,-58],[-14,-40],[-35,-16],[-11,-38],[23,-38],[-11,-44],[28,-37],[5,-52],[-27,-56],[11,-70],[-58,-31],[17,-58],[42,-52],[82,-64],[43,-52]],[[15913,37827],[-131,36],[-50,33],[-140,50],[-123,84],[-97,51],[-20,-6],[-90,30],[-48,92],[-145,30],[-102,60],[-45,-35],[-51,-12],[-30,-40],[32,-94],[-1,-107]],[[16339,40114],[-24,-14],[-71,23],[-20,-41],[37,-29],[86,-33],[44,-43]],[[16391,39977],[-56,-25],[-25,-28],[-74,25],[-55,-5],[-43,-33],[-91,-10],[-66,-35],[-98,12],[-101,4],[-58,-27],[-68,16],[-81,-5],[-84,-22],[-31,-34],[-19,-79]],[[13578,39325],[-16,68],[10,86],[-35,71],[-52,45],[6,28],[-47,96],[-93,167],[-5,77],[29,16],[85,-28],[52,-37],[12,224],[47,41],[-14,22],[74,48],[-51,44],[-14,51],[-82,79],[63,18],[56,-10],[62,37],[17,29],[-11,55],[-51,41],[2,96],[25,39],[48,8],[57,105],[76,40],[51,45],[62,-36],[35,-1],[5,79],[43,48],[-3,65],[17,96],[-9,61],[-35,69],[-17,63],[29,17],[-4,42],[39,44],[-14,42],[-36,30],[-6,67],[-25,36],[12,53],[27,28],[-8,69],[7,54],[26,41]],[[13595,40118],[-19,-41],[-4,-58],[24,-39],[46,-3],[7,43],[-54,98]],[[16336,33992],[-7,-58],[16,-86],[40,-47],[88,-10],[101,2],[-32,-111],[43,-122],[50,-8],[19,-54],[-3,-53],[-60,-48],[-71,-24],[69,-31],[46,15],[54,-34],[-1,-63]],[[16688,33260],[36,-23],[-7,-53],[9,-67],[43,-89]],[[16262,32748],[-33,56],[-73,95],[-123,125],[-64,52],[-115,124]],[[15643,33546],[-42,74],[-112,126],[-138,131],[-40,26],[-64,78]],[[10636,43574],[-23,-54],[-69,-43],[-43,18],[-72,-26],[48,-128]],[[9977,42683],[-172,116]],[[57408,13239],[-12,-85],[44,-5],[-69,-116],[-5,-46],[-54,-26],[12,-57],[-12,-68],[-83,-18],[-12,-49],[18,-25],[44,12],[23,-23],[-36,-54],[40,-17],[48,-72],[-61,-125]],[[57293,12465],[-40,-34],[-47,-72],[-42,-166],[-37,-62],[-35,-11],[-72,-56],[-26,2],[-5,72],[-107,30],[-232,10]],[[56650,12178],[10,50],[-33,39],[-23,53],[3,77],[-70,-11],[40,133],[39,102],[34,21],[8,57],[-12,69],[91,73],[3,85],[20,14],[23,66],[70,42],[6,38],[51,34],[-6,50],[23,41]],[[56927,13211],[71,-4],[109,14],[94,1],[52,14],[106,-4],[49,7]],[[32470,12892],[60,-36],[-28,-32],[-108,11],[-9,38],[85,19]],[[33287,13038],[2,-24],[-131,-52],[-3,33],[132,43]],[[31541,13758],[45,-9],[5,-54],[-51,-9],[1,72]],[[31595,14411],[1,-41],[-39,-39],[-8,-74],[22,-40],[7,-58],[-53,-110],[-43,-24],[-75,-15],[-2,-31],[-48,-39],[-45,0],[-6,45],[57,47],[14,66],[-64,67],[24,52],[-55,32],[-44,-59],[-57,-44],[-27,-55],[-31,38],[22,55],[43,53],[69,41],[25,39],[67,41],[89,-15],[17,46],[57,-11],[83,33]],[[33494,13390],[-32,24],[-111,-6],[-124,-25],[-64,-25],[-133,37],[-71,9],[-108,-3],[-46,-24],[-121,5],[-79,-34],[-93,-11],[-78,-55],[-9,13],[-121,29],[-60,-10],[-76,72],[-46,20],[-52,-21],[-40,40],[-153,65],[-94,21],[-99,-8],[-19,-56],[-80,-76],[-73,93],[-19,122],[-68,88],[38,12],[36,-30],[89,-10],[49,83],[82,60],[74,65],[-11,87],[45,27],[106,20],[7,-58],[32,-15],[20,-100],[20,-29],[-43,-54],[9,-24],[51,-23],[53,-82],[34,-3],[2,-101],[16,-40],[38,-26],[51,-1],[94,113],[10,87],[27,26],[-15,89],[51,25],[150,136],[23,70],[52,29],[66,104],[-2,49],[27,49],[-28,34],[-3,52],[19,71],[55,117],[114,80],[-13,-91],[46,-61],[116,-26],[28,31],[53,-3],[62,19],[78,86],[34,55],[43,111],[14,105],[-22,143],[30,107],[29,40],[5,59],[-42,24],[12,63],[-14,88]],[[33322,15313],[93,1],[48,18],[30,46],[108,-90],[17,-78],[39,-4],[-2,106],[40,-11],[105,7],[15,-47],[47,-55],[123,0],[96,60],[34,82],[55,-1],[32,-64],[34,7],[36,-29],[41,23],[84,-1],[3,-56],[-15,-68]],[[42480,10668],[-36,-20],[-29,15],[-60,-18],[-56,35],[-88,23],[-67,-4],[-47,-19],[-42,-66],[53,-38],[-34,-28],[-50,34],[21,47],[-44,38],[-140,19],[-172,-29],[-77,-27],[-36,-31],[-18,-121],[31,-50],[-26,-86],[-74,-54],[-83,-23],[-24,-25],[-201,23],[-40,-12],[-68,3]],[[41073,10254],[-52,68],[0,156],[-29,50],[50,48],[-39,74],[43,4],[27,40],[31,-14],[35,70],[0,54],[-21,70],[14,38],[-18,159],[-60,36],[5,139],[49,24],[67,70],[84,1],[19,-50],[39,4],[31,-26]],[[69134,11232],[-16,-71],[-44,50],[60,21]],[[74285,13402],[33,-23],[-8,-48],[-65,-32],[-23,23],[15,47],[48,33]],[[74533,13462],[-51,-52],[-13,25],[64,27]],[[70628,18171],[76,-109],[-12,-66],[-37,9],[-29,49],[-21,106],[23,11]],[[70512,18355],[1,104],[25,6],[-26,-110]],[[69788,18591],[15,67],[-19,34],[42,37],[43,-60],[-81,-78]],[[75536,19679],[-40,49],[-29,119],[12,20],[-26,81],[-5,111],[-28,44],[51,83],[56,32],[-4,32],[30,100],[66,71],[19,60],[61,102],[43,48],[23,98]],[[130003,22810],[33,-94],[13,-274]],[[80599,37545],[52,-69],[53,-42],[69,-12],[27,-29],[23,-68],[46,-23],[78,-59],[60,-8],[39,-37],[28,32],[66,-16],[38,-59],[-8,-56],[-37,-36],[-6,-48],[33,-20],[20,-55],[-41,-46]],[[81139,36894],[-59,36],[-87,32],[-117,-28],[-42,-77],[-62,0],[-22,-17],[-81,15],[-75,-82],[3,-67],[-29,-13],[-92,1],[-35,-34],[-42,21],[-52,-32],[-41,20],[-90,70],[-33,47],[-48,-16],[-107,-56],[-76,-8],[-62,-49],[-61,3],[-48,-17],[-132,150],[-77,1],[-58,33],[-9,53],[-54,-31],[-72,-10],[-128,63],[-50,64],[-61,47],[-62,-4],[-69,37],[-47,-18],[-72,19],[-54,-10],[-59,-30],[-71,4],[-61,22],[-66,-12],[-142,-64],[-48,-72],[-49,-20],[-60,38],[-66,-43],[-46,-6],[-67,-31],[-119,-82],[-68,-83],[-16,-65],[-49,-59],[-29,2],[-56,-45],[7,-35],[-36,-44],[-12,-39],[-85,-153],[-132,-113],[-26,-70],[-44,-50],[-38,-96],[30,-27],[-3,-85],[-59,-46],[-24,-56],[18,-125],[-39,-98],[12,-79],[-25,-105],[-73,-61],[-15,-31],[-57,13],[-27,-11],[-18,-51],[7,-91],[18,-23],[3,-59],[-24,-79],[-47,-60],[-32,-14],[1,-146],[-12,-42],[19,-43],[-14,-79],[16,-59],[57,-40],[13,-215],[34,-88],[22,-1],[15,-62],[45,-76],[-9,-64],[-60,-85],[10,-78],[-18,-61],[18,-65],[13,-144],[17,-73],[-12,-39],[87,-201],[46,-39],[24,-101],[97,-113],[100,-80],[40,-123],[58,-46],[40,22],[69,-99],[4,-38],[106,-85],[30,-93],[38,-24],[32,-52],[85,38],[42,1],[66,80],[123,11],[55,-49],[16,-81],[84,-90],[71,11],[70,-25],[27,-60],[46,-57],[-8,-35],[34,-55],[49,-50],[3,-26],[64,-50],[11,-25]],[[78807,31809],[-157,-69],[-57,-5],[-28,-20],[-114,-33],[-60,6],[-56,-13],[-89,-36],[-155,-78],[-21,-4]],[[78070,31557],[0,106],[-47,54],[-104,13],[-80,-60],[-34,53],[-51,7],[-35,24],[-11,68],[19,40],[-38,61],[1,25],[-50,35],[-58,-30],[-54,52],[-23,-20],[-35,35],[-57,-5],[-50,91],[-58,-11],[-63,36],[16,58],[-16,42],[-50,31],[27,51],[19,118],[-78,57],[-48,14],[-25,33]],[[77611,37350],[68,-33],[44,8],[122,72],[50,2],[45,37],[3,30],[89,51],[45,1],[35,32],[81,-24],[81,-6],[25,-23],[70,8],[30,-68],[110,5],[35,-26],[130,-4],[13,-92],[46,-38],[18,35],[37,12],[67,-44],[53,13],[38,-39],[33,59],[41,36],[33,-5],[15,59],[125,111],[92,-25],[56,4],[89,53],[97,-8],[49,47],[24,-9],[36,41]],[[15478,35109],[-21,75],[52,82],[-100,82],[-14,44],[-38,11],[-45,58],[-24,7],[-43,66],[-7,37],[67,40],[36,47],[55,121],[17,92],[-18,103],[45,87],[18,68],[-12,67],[-36,18],[-8,41],[-78,23],[-60,-15],[-51,46],[-55,6],[-62,33],[-62,0],[-82,-40],[-59,36],[-70,16],[-44,-26],[-62,7],[-6,54],[-63,-28],[-36,23],[-9,60],[72,73],[-103,76],[20,49],[75,13],[12,55],[51,-20],[94,15],[16,77],[-31,63]],[[15913,37827],[45,-2],[23,-61],[32,-29],[25,23],[62,-28],[11,-128],[-15,-67],[-68,-33],[-40,-63],[-50,-54],[-26,-120],[-4,-54],[22,-37],[84,-6],[64,-35],[17,-42],[-66,-47],[16,-57],[64,-39],[-14,-50],[70,-95],[-4,-43],[59,-73],[69,-42]],[[14647,34822],[-69,86],[43,104],[-6,91],[18,43],[-24,67],[-79,92],[-119,73],[-26,36],[-90,91],[-113,78],[-429,215],[-201,64],[-45,-5],[-33,70],[16,43],[-58,14],[11,53],[-58,41],[10,21],[-77,35],[-69,1],[-53,-29],[-92,-20],[-9,-61],[-64,43],[-70,-21],[-90,81],[2,110]],[[63826,28976],[-33,33],[-45,18],[32,41],[-1,38],[39,74],[36,183],[-15,53],[14,23],[-26,66],[15,70],[-57,50],[-67,-47],[-17,44],[29,32],[-1,86],[37,32],[19,48],[-68,19],[-21,37],[-37,5],[1,93],[22,41],[-19,120],[-30,4],[-22,39],[-38,22],[3,75],[-31,34],[48,52],[-44,93],[29,35],[-59,61],[-2,73],[53,47],[76,4],[49,17],[27,37],[35,96],[31,13],[26,42],[19,81],[55,28],[10,100],[29,57]],[[66037,32251],[49,-174],[-1,-59],[-33,-51],[-49,-40],[-33,-63],[-125,-130],[-17,-40],[22,-177],[-55,-62],[-49,-85],[-27,-126],[0,-159],[60,-182],[3,-85],[24,-171],[71,-239],[93,-28],[87,-40],[229,-79],[77,-17],[23,-31]],[[66386,30213],[-45,-22],[-8,-29],[-45,-31],[-117,-48],[-58,0],[-107,-38],[-123,-78],[-162,-56],[-71,-16],[-13,-64],[-90,-37],[-1,-47],[-47,-37],[-43,-90],[9,-52],[33,-14],[170,83],[109,28],[80,40],[43,-20],[56,9],[115,-11],[13,-100],[-21,-83],[-35,-39],[-46,-80],[67,-32],[45,-146],[4,-60],[-11,-67],[5,-149],[12,-98],[-2,-66],[-109,-65],[-94,-21],[-67,-49],[-23,-32],[15,-33],[69,8],[16,-34],[106,-26],[98,8],[85,42],[34,32],[27,-27],[42,-116],[-91,-34],[-135,-83],[-136,-45],[13,-20],[64,11],[149,74],[76,56],[117,-2],[30,-21],[-14,-51],[-32,-36],[-123,-73],[21,-28],[35,35],[160,72],[57,93],[28,-86],[-21,-220],[-28,-134],[-10,-94],[-53,-222]],[[54421,11076],[37,39],[73,12],[52,-77],[92,-21],[53,4],[128,63],[70,2],[33,-77],[35,-8]],[[54994,11013],[55,-8],[45,-103],[43,-35]],[[55290,10878],[75,-100],[49,-13],[111,29],[89,-46],[87,-124],[46,-2]],[[55747,10622],[-48,-25],[-46,-74],[-47,-49],[6,-45],[-20,-44],[10,-31],[-16,-101],[-65,-55],[-65,-76],[-50,-39],[-74,-84],[-53,-33],[13,-118],[-54,-43]],[[49195,14774],[194,-44],[21,-71],[28,-148],[29,-89],[47,-91],[62,-149],[92,-148],[47,-42],[121,-31],[97,-59],[61,-19]],[[49994,13883],[17,-59],[-4,-86],[-15,-65],[41,-37],[6,-62],[-13,-41],[51,-59],[28,-54],[-33,-26],[12,-51]],[[119133,30988],[-147,36],[-132,47],[-142,40],[-174,41],[-133,37],[-78,12],[-206,72]],[[118121,31273],[28,57],[53,166],[20,36],[118,159],[47,95],[108,147],[24,49],[17,116],[147,64],[0,78],[-59,167],[-29,112]],[[139122,18761],[21,203],[-3,128],[-108,49],[-31,-32],[-66,4],[-34,16],[33,42],[39,11],[52,47],[40,58],[115,84],[139,27],[71,27],[53,33],[5,53],[-13,41],[3,79],[-24,38],[-21,72],[-3,71],[16,38],[-37,99],[-1,174],[-43,127],[-7,62],[-29,47],[-119,35],[-180,102],[-173,190],[-197,196],[-51,66],[-33,105],[16,122],[38,157],[30,184],[29,113],[-13,306],[5,103],[-38,114],[26,31],[-24,49],[30,90],[64,33],[42,63],[89,42],[125,9],[-65,57],[-63,-9],[-54,41],[25,64],[78,92],[84,-36],[38,50],[-9,80],[51,33],[79,30],[4,66],[-42,57],[59,33],[25,86],[-80,137],[51,31],[-59,39],[6,34],[-28,77],[28,64]],[[141750,22739],[1,-880],[0,-1411],[0,-1118],[-1,-972]],[[44767,12092],[-20,44]],[[44747,12136],[-30,38],[12,64],[-64,98],[-4,42],[-34,68],[-6,45],[41,66],[-27,55],[1,48],[-34,73],[8,71],[34,74],[-1,115],[45,55],[123,58],[32,34],[-2,59],[65,89],[-1,48],[38,54]],[[44943,13390],[82,-5],[134,-31]],[[24168,36202],[-37,-6],[-56,23],[9,45],[203,86],[122,64],[26,-6],[7,-51],[-119,-51],[-76,-66],[-79,-38]],[[24502,36400],[-39,-13],[-22,36],[26,32],[101,60],[24,-62],[-90,-53]],[[24439,36427],[-19,45],[78,57],[17,-43],[-56,-32],[-20,-27]],[[24829,37188],[-19,6],[-43,119],[-72,122],[21,60],[53,-4],[48,-114],[38,-60],[15,-50],[-41,-79]],[[24946,37422],[-48,39],[51,58],[15,-60],[-18,-37]],[[25305,37051],[-62,-9],[-122,-65],[-57,87],[-27,86],[1,82],[22,80],[11,201],[50,71],[79,38],[99,2],[41,-18],[111,-97],[59,-106],[32,-99],[-4,-151],[-49,-84],[-184,-18]],[[20270,37076],[101,37],[52,3],[71,-18],[2,-117],[35,-146],[-16,-29],[1,-125],[63,38],[16,84],[63,14],[48,-16],[53,-50],[135,-70],[13,32],[64,48],[53,12],[24,43],[17,82],[-25,64],[-33,38],[58,11],[110,1],[3,-171],[26,-26],[61,34],[18,56],[-2,140],[165,94],[12,70],[261,51],[174,29],[683,47],[237,29],[338,34],[631,72],[149,21],[212,21],[36,20],[37,93],[24,30],[64,32]],[[24304,37688],[32,-14],[157,-195],[85,-68],[117,-109],[31,-43],[22,-60],[53,-77],[35,-35],[39,-12],[61,-69],[47,-102],[2,-45],[-139,-59],[-132,-74],[-83,-64],[-160,-68],[-48,-36],[-80,-85],[-162,-80],[-57,-9],[-148,-70],[40,-102],[109,-56],[25,3],[257,154],[40,12],[120,58],[58,41],[28,38],[133,98],[93,42],[108,27],[67,4],[73,46],[65,80],[32,65],[21,80],[34,30],[52,16],[95,57],[79,-4],[58,24],[32,31],[37,72],[80,-32]],[[43735,12082],[30,41],[-42,34],[-11,52],[5,122],[-29,30],[12,43],[-20,37],[28,19],[60,2],[15,22],[22,92],[32,62],[51,35],[59,23],[41,154],[21,45],[69,33],[4,55],[32,17],[21,64],[-26,54],[108,153],[-30,51]],[[44187,13322],[86,0],[148,49],[120,66],[82,64],[42,47],[59,36],[28,-51],[80,-99],[43,-30],[68,-14]],[[44747,12136],[-79,-28],[-46,56],[-36,1],[-70,80],[13,56],[-58,59],[-27,-63],[-77,-64],[-85,33],[-166,-74],[-106,-7],[-24,-15],[-116,-24],[-71,-37],[-3,-23]],[[67090,31435],[-41,-37],[35,-38],[-20,-59],[-28,-35],[-8,-67],[6,-118],[11,-54],[-11,-33],[-40,-28],[-110,-29],[-74,-36],[-125,-48],[-71,-9],[-117,-57],[-112,-81],[-36,-41],[-15,-57],[-7,-107],[32,-18],[20,-44],[28,-212],[-21,-14]],[[31674,16740],[52,-53],[-41,-11],[-30,-65],[-47,14],[-103,-1],[28,57],[23,-15],[80,27],[38,47]],[[31450,17174],[35,1],[-10,-77],[-59,5],[5,64],[29,7]],[[31466,17322],[32,-49],[-65,-17],[-3,44],[36,22]],[[31555,17733],[14,-65],[19,-16],[-58,-105],[-11,-78],[9,-54],[-26,-11],[-99,48],[-82,-53],[-33,-36],[56,-52],[23,-50],[34,-21],[11,-35],[-73,-34],[25,-52],[7,-73],[62,-14],[-10,-57],[-46,18],[-45,-6],[-33,-56],[-48,-26],[38,-49],[156,-52],[-64,-34],[-15,-46],[-60,8]],[[31306,16732],[0,63],[-165,28],[-29,65],[-33,13],[-46,84],[34,106],[-3,49],[-52,2],[-6,28],[-148,152],[-104,82],[-66,18],[-84,54]],[[30604,17476],[3,116],[-25,61],[-38,41],[19,83],[28,27],[10,78],[22,48],[123,29],[0,52],[48,49],[72,12],[95,-6],[38,78],[-64,126],[-44,6],[-15,121],[39,108],[50,17],[15,90],[-45,28],[-43,-8]],[[28769,18078],[102,-135],[89,-102],[9,-85],[53,-54],[1,-38],[29,-41],[101,-36],[44,-39],[-5,-36],[71,-53],[1,-36],[79,-34],[-16,-51],[30,-34],[95,-10],[40,-44],[16,-53],[51,-30],[52,-61],[21,-45],[-54,-62],[5,-102],[-79,-19],[84,-140],[50,-12],[68,-64],[-43,-19],[-17,-39],[22,-36],[1,-79],[20,-22],[39,-107],[-3,-66]],[[29725,16294],[-50,-5],[-151,3],[-29,-18],[-87,55],[61,72],[1,32],[-34,84],[-79,90],[-129,103],[-86,94],[-53,45],[-24,58],[-73,66],[0,44],[-148,113],[-223,112],[35,33],[24,53],[-25,73],[-40,52],[-80,76],[-54,36],[-133,61],[4,40],[-75,68],[-129,70],[-83,31],[-28,37],[-10,54],[-121,93],[-44,78],[-74,38],[-10,96],[-37,27],[-43,5],[-29,50],[47,43],[0,43],[-63,79],[-142,69],[-82,-5],[-40,49],[6,34],[51,25],[34,41],[19,58],[-20,74],[-57,71],[-94,46],[-45,9],[-68,84],[-21,58],[-71,49],[-66,15],[-22,40],[-42,14],[-14,-37],[-45,-18],[-25,18],[-21,57],[29,20],[1,64],[-32,53],[-86,63],[-63,-5],[-60,-89],[-53,11],[-3,40],[21,42],[-53,78]],[[16572,31553],[-14,-54],[39,-9],[-10,-67],[-64,58],[14,64],[35,8]],[[18515,27407],[-40,78],[-62,84],[-301,321],[-39,146],[-3,85],[-25,61],[-66,79],[-79,126],[-1,96],[73,69],[61,80],[18,48],[25,109],[-3,78],[-33,155],[11,24],[-16,105],[-29,78],[-82,143],[-59,72],[-77,79],[-51,83],[-50,107],[-77,114],[-68,82],[-56,112],[-66,79],[-72,60],[-22,51],[-4,150],[-51,103],[13,83],[-82,48],[-109,146],[68,56],[-77,54],[18,28],[60,12],[-48,184],[-51,66],[-42,23],[-61,-6],[-86,39],[-77,79],[-17,34],[-41,17],[-22,-34],[-53,-26],[-66,21],[16,46],[-7,52],[47,6],[16,-55],[33,34],[3,43],[-42,16],[20,95],[-28,-10],[-55,20],[-21,48],[-27,-15],[-20,65],[-50,65]],[[17017,32296],[48,-98],[-7,-20],[9,-121],[14,-41],[59,-40],[7,-42],[56,-14],[68,43],[13,-70],[-6,-43],[49,-46],[39,-2],[113,39],[44,26],[61,-19],[49,-70],[-15,-28],[16,-86],[58,-29],[24,14],[85,-85],[29,-59],[-11,-65],[37,-69],[-24,-37],[-3,-84],[43,-21],[44,6],[27,-59],[68,24],[52,-72]],[[18063,31128],[26,-26],[65,-100],[12,-60],[-44,-38],[119,-78],[24,-27],[-6,-82],[-17,-38],[73,-65],[61,-20],[17,-125],[58,-74],[56,-54],[-18,-75],[10,-55],[34,-31],[105,-62],[6,-67],[94,-49],[40,1],[73,-47]],[[2248,53266],[178,-94],[75,-14],[78,-49],[105,-52],[20,-68],[-10,-66],[58,-89],[63,-67],[107,-80],[85,-76],[125,-93],[53,-31],[51,-74],[39,-35],[81,-18]],[[3356,52360],[-34,-7],[-112,49],[-21,-35],[-17,-72],[22,-41],[-40,-46],[43,-120],[-6,-70],[-52,-29],[-42,-84],[46,-34],[69,-87],[40,-6],[56,-46],[69,0],[18,-27],[58,-27],[55,9],[38,-29],[84,12],[5,-53],[32,-54],[-19,-83],[-32,-44],[68,-131],[110,-71],[43,-70],[58,-17],[79,22],[56,-1],[55,90]],[[3356,52360],[55,-20],[68,-9],[63,-36],[78,-23],[58,-3],[87,13],[82,-10],[152,-80],[87,-25]],[[76345,23421],[-14,-61],[-66,-23],[-19,-49],[14,-23],[-28,-56],[24,-46],[-93,-250],[11,-21],[-28,-77],[-44,4],[-122,-177]],[[75893,22574],[-10,44],[-72,-44],[-12,26],[-56,1],[19,-99],[65,2],[-64,-58],[-34,-10],[-12,137],[-25,113],[-67,96],[-62,128],[-69,222],[-37,75],[-42,116],[-65,74],[-23,41],[-7,114],[25,117],[71,29],[43,97],[42,14],[15,119],[-28,79],[-94,108]],[[75394,24115],[31,29],[26,62],[-48,41],[-25,92],[14,64],[-19,23],[-6,92],[-47,71],[-62,33],[32,22]],[[75265,24871],[26,44],[68,-33],[29,-33],[55,-17],[36,-48],[41,-5],[14,49],[29,20],[92,16],[43,-51],[56,-6],[40,16],[34,-16],[8,-35],[90,-93],[10,-105],[92,-20],[33,20]],[[82238,37018],[24,-17],[24,-60],[-31,-14],[-58,41],[7,40],[34,10]],[[83549,36968],[-19,-36],[-34,6],[-66,-36],[-98,3],[-62,-30],[-36,1],[-53,-29],[-80,2],[-38,-26],[-73,-23],[-56,10],[-127,-34],[-34,4],[-104,-48],[-60,-6],[-26,-30],[-68,80],[-39,17],[-51,59],[-73,122],[-72,62],[-106,5],[-22,32],[-77,22],[-72,4],[-152,-7],[-137,47],[-34,-81],[19,-92],[-77,-56],[-61,15],[-105,-59],[-58,60],[-38,-36],[-33,19],[-83,-8],[-31,-15],[-74,8]],[[75394,24115],[-66,80],[-127,37],[-77,54],[-59,-11],[-75,63],[-39,-4],[-72,31],[-85,-41],[4,-53],[-53,-8],[-54,-30],[-39,-66],[-39,3],[-73,-26],[-87,19],[-102,-20],[-76,-73],[-102,40],[-41,6],[-77,-44],[-54,2],[-51,-56]],[[51694,10200],[-44,-73],[-1,-98],[-31,-12],[-18,-58]],[[51600,9959],[-16,56],[-54,-13],[-96,-4],[10,-32],[-39,-43],[-1,-37],[-42,-33],[-58,-12],[-54,-33],[-15,-32],[71,-11],[-20,-47],[11,-68],[-31,-25],[-50,28],[-57,-17],[-18,-34],[-77,-22],[-26,-70],[-49,-6],[-73,-41],[29,-21],[-49,-38],[5,-65],[-19,-23],[-123,-1],[2,-55],[-33,-55],[8,-91],[-109,18],[-46,-15]],[[50114,9866],[0,42],[45,58],[36,89],[0,60],[61,17],[-42,43],[4,54],[-26,74],[-27,23]],[[77321,28990],[23,67],[-18,20],[-10,77],[18,59],[-1,55],[28,11],[38,-31],[63,62],[-37,89],[-99,112],[26,27],[-5,39],[199,57],[15,27],[-30,66],[8,48],[-57,64],[14,24],[-23,50],[10,50],[-24,81],[-24,23],[2,70],[29,35],[-16,45],[7,106],[-14,36],[-100,-12],[-23,21],[23,45],[21,81],[46,45],[26,0],[45,80],[93,99],[67,-23],[58,-2],[15,32],[47,33],[25,73],[53,-10],[38,50],[-26,41],[52,29],[-1,48],[-34,57],[-55,47],[-4,30],[-53,35],[-76,72],[-82,38],[84,72],[19,67],[30,29],[50,-20],[75,1],[53,93],[72,37],[89,10]],[[78807,31809],[2,-81],[35,-48],[-5,-94],[-23,-46],[-39,-22],[-15,-87],[14,-96],[81,-45],[81,-96],[44,-26],[27,-69],[-2,-128],[60,-46],[23,-44],[7,-56],[56,-15],[33,63],[73,51],[32,9],[31,-27],[45,79],[67,-23],[15,46],[92,14],[65,-15],[-12,-46],[19,-98],[67,-34],[81,1]],[[79761,30830],[0,-225],[35,-175],[40,-109],[49,-35],[96,-132]],[[30604,17476],[-98,18],[-63,54],[11,22],[-43,51],[-9,31],[13,73],[38,14],[35,99],[-13,59],[-40,36],[43,52],[-66,43],[-29,56],[-48,12],[15,52],[-15,48],[-40,4],[-55,62],[-30,13],[-63,74],[-8,55],[-100,88],[32,55],[9,71],[-39,73],[6,29],[59,48],[36,-13]],[[55747,10622],[22,-59],[100,-18],[35,-48],[49,5],[37,-20]],[[56169,10501],[53,-29],[51,-91],[24,-20],[87,48],[53,-25],[65,16],[82,65],[30,47],[63,-14],[26,20],[87,0],[90,59],[9,30],[50,27],[34,0],[146,-49],[97,22],[64,-27]],[[57280,10580],[-30,-37],[-28,1],[-20,-51],[12,-45],[67,-47],[18,-88],[-37,-23],[60,-64],[-28,-64],[46,-90],[-7,-45],[25,-26],[10,-70],[-47,-105],[39,-38]],[[58927,24505],[-62,32],[-110,83],[-27,74],[22,35],[-67,3],[-19,-36],[-19,-87],[-145,-20],[-98,-32],[-188,-115],[-127,-95],[-121,-61],[-107,-35],[-199,-23],[-126,-3],[-165,13],[-141,72],[49,68],[43,80],[47,142],[19,100],[-7,185],[-40,162],[-44,114],[-29,34]],[[102240,42975],[-1,-86],[-17,-80],[34,-26],[-29,-51],[-54,-10],[-67,38],[-44,109],[19,60],[43,75],[-5,45],[35,55],[36,20],[37,-82],[13,-67]],[[103507,43766],[55,-100],[9,-48],[50,-10],[16,-65],[78,-70],[37,-73],[45,10],[15,-131],[1,-107],[-15,-52],[-75,-65],[5,-38],[-48,-38],[-27,-114],[39,-66],[-73,-166],[-25,-94],[9,-41],[-97,-138],[-28,-83],[-29,-39],[14,-65],[-18,-33],[-68,-5],[-91,-116],[-52,-31],[-50,10],[-56,-25],[-75,22],[-154,-16],[-156,-60],[-68,-11],[-75,4],[-19,-17],[-3,-69],[-44,-9],[29,74],[18,82],[-45,106],[-26,-17],[-52,37],[3,27],[-26,69],[7,62],[-14,65],[14,35],[-10,132],[13,104],[-43,14],[-40,81],[-78,5],[19,39],[49,51],[69,38],[31,54],[102,119],[8,57],[36,73],[-16,47],[91,142],[91,54],[-10,20],[148,102],[58,27],[12,50],[41,73],[45,26],[40,47],[70,-33],[86,-14],[25,-16],[82,97],[-9,29],[52,86],[36,6],[33,-31],[34,-70]],[[90555,28839],[40,-31],[-12,-49],[-49,-33],[-32,26],[12,72],[41,15]],[[90374,29054],[69,-22],[32,7],[12,-51],[-6,-117],[-47,-24],[-74,48],[-30,44],[-47,13],[20,69],[71,33]],[[90249,29765],[-9,-30],[41,-23],[33,-65],[-68,18],[-27,67],[30,33]],[[90984,30132],[18,-49],[53,22],[71,-27],[62,6],[24,22],[116,-4],[89,-14],[109,-40],[24,9],[111,-54],[93,13],[16,-35],[61,14],[94,-34],[91,4],[86,-73],[56,12],[50,-13],[16,22],[144,-17],[-10,-33],[77,-5],[-7,-38],[83,5],[-39,-65],[14,-36],[47,2],[52,-39],[56,47],[84,-21],[25,25],[-5,84],[20,52],[-4,63],[65,23],[40,-27],[0,-56],[71,47],[60,-27],[67,-79],[-20,-17],[-45,-168],[88,-22],[49,103],[-20,40],[61,81],[92,-12],[64,-19],[14,-21],[-7,-90],[-80,-57],[10,-39],[82,59],[52,-8],[24,-52],[-29,-90],[1,-68],[37,-124],[-28,-23],[-70,4],[-64,20],[-106,8],[-37,27],[-56,-28],[-99,-5],[-28,29],[-128,-8],[-46,-52],[-59,-17],[-34,30],[-73,14],[-100,-20],[-39,-44],[20,-20],[4,-53],[-38,-50],[-43,36],[-43,-28],[-28,28],[-162,21],[-88,-3],[-89,113],[-153,-35],[-118,-43],[-33,-39],[-191,-81],[-23,-55],[-130,-31],[-63,-28],[-147,-45],[-92,-17],[-91,-33],[-96,28],[78,60],[54,-47],[64,38],[-109,41],[-66,-50],[-47,-86],[-42,18],[-65,-23],[-103,6],[-37,-34],[-38,45],[16,67],[-11,82],[-34,52],[-12,49],[-72,54],[-61,121],[17,33],[13,127],[-3,48],[11,111],[39,57],[8,69],[25,47],[-30,94],[52,89],[68,55],[57,-14],[141,3],[119,27],[25,63],[61,16]],[[129056,24955],[21,52],[30,20],[-5,46],[40,41],[48,19],[42,-2],[28,-28],[30,24],[77,20],[123,-1],[31,-10],[60,28],[61,-10],[51,26],[12,47],[46,9],[-6,44],[67,57],[23,-40],[146,43],[16,49],[-40,55],[-69,37],[178,66],[123,83],[36,52],[100,38],[217,108],[51,13]],[[131325,25371],[-50,-59],[-63,-55],[-243,-165],[-89,-88],[-116,-88],[-156,-172],[82,-62],[90,-95],[91,-216],[13,-101],[65,-101],[233,-136],[136,-155],[117,-82],[222,1],[62,-27],[64,-62],[64,-142],[95,-67],[78,-24],[135,54],[14,-62],[0,-214],[23,-90],[43,-97],[81,-93],[39,-27]],[[132603,24952],[11,-77],[-49,-82],[-11,-57],[14,-84],[-20,-64],[17,-78],[28,-52],[-2,-171],[33,-65],[-8,-52],[97,-37],[15,-22],[-6,-60],[43,-57],[73,-54],[88,-38],[96,-99],[46,-29],[58,0],[106,-25],[26,-39],[67,-232],[49,-101],[26,-31],[42,-98]],[[38075,13840],[-73,36],[-46,-1],[-24,-91],[-47,-9],[-67,44]],[[38573,14747],[-8,-60],[52,-42],[6,-53],[46,-37],[6,-59],[-14,-114],[14,-48],[-5,-66],[55,-47],[36,-57],[-19,-31],[-13,-85],[68,-89],[-35,-55],[13,-84],[-21,-27],[23,-45]],[[45619,10952],[33,63],[34,15],[17,45],[41,8],[14,45],[118,80],[65,1],[44,-13],[18,-30],[47,16],[56,-11],[-16,-101],[33,-46],[52,5],[12,-49],[55,15],[-9,63],[53,41],[39,60]],[[46198,10024],[-104,45],[-180,65],[-147,45],[-134,32]],[[109086,28269],[53,-3],[145,-34],[-54,-18],[-104,29],[-40,26]],[[108566,28355],[84,-14],[13,-37],[-18,-49],[-41,-3],[-47,32],[-17,40],[26,31]],[[109053,28575],[-20,-46],[-122,-22],[-25,32],[76,30],[91,6]],[[108758,28504],[-13,58],[59,27],[17,-17],[-63,-68]],[[109573,28984],[25,-18],[63,-2],[-5,-37],[-123,31],[40,26]],[[109258,29047],[9,-49],[-43,5],[-13,49],[47,-5]],[[106750,29633],[27,-48],[0,-77],[-32,-10],[-62,124],[67,11]],[[106684,29642],[-46,37],[32,26],[14,-63]],[[108656,29907],[18,27],[70,9],[110,31],[53,50],[87,-31],[14,-27],[-51,-109],[-49,-26],[85,-99],[19,10],[59,-29],[60,-48],[7,-67],[59,-78],[-19,-83],[-25,-36],[-37,21],[-15,-42],[22,-29],[-46,-61],[-37,14],[-117,-88],[12,-55],[34,-25],[86,-36],[99,11],[57,-28],[-8,-56],[-57,-42],[-38,5],[-24,46],[-37,-34],[74,-73],[111,4],[-31,-51],[-112,-14],[-47,-40],[-50,17],[15,58],[-19,51],[-112,56],[-39,-6],[-51,-33],[-41,-65],[-63,-16],[-28,-87],[-30,-31],[-86,-1],[-77,-28],[-44,-1],[-55,25],[-163,-14],[-55,29],[7,51],[-85,48],[-21,-24],[-39,33],[-76,-1],[-58,-22],[-20,36],[-82,22],[-50,-32],[-55,22],[-3,52],[-40,-10],[-66,27],[-14,24],[-79,12],[-78,30],[-135,106],[-92,45],[-69,58],[-42,3],[-51,29],[-24,65],[76,89],[70,23],[56,2],[63,34],[112,18],[63,26],[79,55],[34,58],[67,2],[62,29],[25,-7],[80,24],[40,41],[62,42],[63,4],[84,52],[123,-17],[48,45],[37,8],[106,-26],[118,10],[50,-22],[135,-13],[39,36],[-8,38]],[[107562,30104],[-23,60],[49,-13],[-26,-47]],[[108564,30629],[-60,-16],[-30,24],[70,45],[107,28],[4,-39],[-67,-16],[-24,-26]],[[106189,31565],[-44,14],[4,65],[42,14],[51,-57],[-53,-36]],[[105860,31664],[60,-10],[11,-59],[-50,-3],[-21,72]],[[105860,31664],[-83,-35],[-38,55],[67,9],[54,-29]],[[107067,31697],[-48,-88],[-76,-58],[-40,19],[-28,55],[77,57],[115,15]],[[107496,31704],[21,-25],[70,3],[64,-18],[108,-9],[-33,-69],[-69,-26],[-25,-58],[-27,11],[11,77],[-126,-118],[-103,-54],[-42,5],[-27,-30],[-29,10],[24,50],[109,64],[-145,-9],[-76,29],[-120,-52],[-37,11],[-21,71],[39,51],[56,28],[40,0],[100,34],[54,-3],[28,21],[42,-4],[46,42],[68,-32]],[[107134,31686],[-45,21],[46,42],[31,-31],[-32,-32]],[[111414,32045],[16,-5],[7,-80],[-48,3],[25,82]],[[111176,31904],[-18,90],[43,91],[2,57],[32,21],[131,9],[12,-65],[-56,-36],[30,-95],[-56,-57],[-42,-19],[-78,4]],[[110998,31529],[-78,47],[-59,-8],[-62,29],[-85,-26],[-42,-60],[-81,13],[-57,-3],[-78,-25],[-32,8],[-20,41],[-48,37],[-109,42],[-72,-3],[-44,-17],[-26,-47]],[[110105,31557],[-20,16],[27,59],[-129,103],[10,29],[-58,38],[41,52],[77,-7],[4,54],[-53,40],[13,45],[-35,18],[-27,68],[-36,48],[-36,12],[-58,49],[-25,43],[3,62],[37,16],[112,6],[64,33],[46,-2],[62,43],[155,-2],[21,43],[46,28],[42,3],[19,35],[80,-27],[18,32],[63,-5],[35,20],[91,-9],[-20,-64],[12,-44],[41,-50],[146,75],[33,-21],[112,43],[30,-48],[24,-4],[28,-69],[-2,-36],[69,-23],[-35,-36],[-15,-77],[64,-20],[-35,-102],[2,-73],[-22,-69],[6,-36],[-47,-84],[-32,-148],[5,-57],[-60,-28]],[[109464,32794],[71,15],[-21,-82],[-62,-18],[-43,81],[55,4]],[[110138,32848],[-45,-43],[-36,43],[17,41],[64,-41]],[[110267,32941],[-15,-92],[-26,-53],[-23,7],[-29,68],[47,34],[0,42],[46,-6]],[[110343,32907],[19,-45],[45,31],[50,12],[64,-17],[66,28],[17,-45],[69,13],[22,-34],[-24,-41],[-143,-7],[-10,-31],[-38,-9],[45,-57],[55,8],[-2,-40],[-72,18],[-17,-62],[-75,-36],[-53,-13],[-49,25],[-53,-43],[-89,5],[-26,-30],[-41,20],[-71,-42],[-59,-2],[-48,-32],[-45,1],[-56,-23],[-161,-22],[-20,12],[-80,-20],[-80,-8],[-53,67],[-86,-36],[-90,24],[-32,-4],[-55,-36],[-25,6],[6,60],[66,-12],[65,46],[-61,10],[27,79],[-28,64],[15,69],[50,-29],[28,7],[-19,67],[45,24],[54,-21],[-71,-71],[18,-40],[47,10],[95,-35],[36,-1],[47,89],[13,56],[75,-49],[16,-49],[42,34],[21,-9],[60,61],[46,-16],[5,-56],[69,7],[22,44],[106,-22],[-28,-55],[93,28],[37,33],[66,-26],[74,49],[70,7],[-6,112]],[[108237,32957],[12,52],[41,19],[25,-38],[-78,-33]],[[108563,33041],[2,-28],[-63,-29],[8,53],[53,4]],[[108808,33269],[-107,-52],[0,48],[68,37],[39,-33]],[[109846,33512],[21,-24],[-71,-26],[-95,-16],[-66,-65],[-60,-24],[-35,12],[33,46],[26,-7],[68,38],[27,29],[152,37]],[[107505,34062],[59,-2],[29,-37],[-20,-65],[-30,-24],[4,-84],[-51,-82],[-57,-27],[-34,66],[-27,26],[-24,88],[35,85],[63,22],[19,34],[34,0]],[[109744,34039],[33,3],[109,-49],[9,-21],[87,-62],[-46,-61],[-21,-48],[4,-35],[-45,-59],[-62,-21],[-29,-26],[-75,-14],[-97,-33],[-23,32],[52,18],[23,51],[63,75],[-38,8],[-12,46],[-109,-6],[16,-37],[-11,-41],[-45,-21],[-17,-41],[-104,15],[-22,78],[-89,-11],[-35,48],[64,49],[-47,39],[61,44],[63,-40],[-3,-36],[45,-48],[83,39],[27,30],[-14,51],[115,53],[76,-11],[14,42]],[[108478,34301],[40,-1],[-25,-56],[-91,51],[-5,49],[81,-43]],[[109885,34376],[30,-4],[-28,-77],[-35,33],[33,48]],[[109348,34388],[72,-11],[-6,-74],[-73,-3],[-30,56],[37,32]],[[110468,34401],[80,-12],[-2,-36],[-87,1],[9,47]],[[108530,34434],[30,-43],[-33,-55],[-28,0],[-68,45],[14,77],[73,15],[12,-39]],[[108648,34785],[30,0],[10,-45],[-49,-3],[9,48]],[[108540,34827],[0,-63],[-61,6],[-17,29],[78,28]],[[108646,34813],[-19,-23],[-50,3],[-4,48],[64,9],[9,-37]],[[109818,35003],[-56,-7],[-9,-32],[27,-58],[73,-33],[55,-64],[19,-44],[46,-45],[33,-76],[45,-44],[27,-93],[41,-48],[-6,-50],[72,18],[46,-14],[49,-46],[94,53],[65,-20],[15,-52],[143,-19],[27,32],[40,0],[3,-43],[31,-35],[12,-55],[33,-30],[-59,-58],[28,-20],[-61,-54],[-95,-29],[-22,-50],[-81,6],[-116,-58],[-27,23],[-33,-37],[-204,16],[-22,26],[-63,134],[20,38],[-37,87],[-29,39],[47,47],[-17,85],[-35,26],[-70,-37],[-182,-36],[-92,-29],[26,-27],[-29,-73],[-31,-14],[7,-38],[49,26],[29,-14],[-17,-62],[-61,-88],[-5,-50],[-28,-16],[-39,24],[31,35],[16,69],[-28,52],[-10,114],[6,47],[-22,68],[-53,-12],[-22,46],[8,51],[35,86],[-50,32],[-84,-47],[-72,-1],[-34,-45],[-40,-26],[-30,69],[-37,2],[-61,-34],[-65,29],[-51,-15],[-6,31],[-56,4],[-61,-26],[-31,57],[-67,39],[-6,21],[-84,1],[-128,37],[13,42],[82,-7],[129,-44],[71,9],[70,-10],[42,53],[64,-6],[23,-96],[59,18],[47,74],[58,16],[16,51],[-38,30],[-83,-14],[-26,-18],[-41,33],[133,29],[-8,55],[13,60],[-75,11],[17,-41],[39,-37],[-53,-51],[-125,33],[-31,34],[-57,20],[-6,-28],[51,-34],[-6,-95],[-54,35],[-71,9],[2,52],[-66,40],[-11,98],[54,42],[57,10],[99,-26],[39,-76],[66,57],[-18,63],[-43,22],[3,30],[54,-9],[45,29],[33,-67],[-20,-31],[39,-29],[28,35],[37,-1],[13,63],[40,-29],[79,32],[23,38],[48,-23],[5,42],[63,15],[46,-4],[47,-41],[48,32],[4,97],[55,-41],[42,14],[16,-31],[50,6],[47,-38],[72,39],[145,47],[43,23],[44,2],[-4,-75],[41,7],[30,-23],[99,16],[-28,43],[-97,4],[-3,32],[103,48],[124,11],[41,-29],[23,18],[136,-18],[215,-92],[11,19],[89,-76],[38,51],[43,-5],[42,31],[41,-3],[46,46],[20,-46],[-3,-50],[-22,-31],[91,-32],[43,18],[55,-34],[69,9],[68,-22],[48,-63],[34,5],[41,-45],[5,-57],[55,-27],[45,13],[36,-39],[42,34],[35,-46],[48,-11],[97,-95],[13,-82],[-63,-38],[8,-71],[45,-71],[64,-38],[28,-32],[-12,-33],[-69,-6],[-39,-73],[-57,-29],[-13,-48],[-34,-8],[-57,20],[-9,-30],[33,-76],[-52,-22],[-49,39],[-52,14],[-40,60],[-46,27],[-73,23],[-90,1],[-128,42],[-68,-43],[-16,-43],[-41,-1],[-65,-29],[-36,35],[-48,5],[3,-59],[-27,-18],[-45,38],[-38,-5],[-56,22],[-25,73],[-31,22],[-18,48],[-45,-5],[-22,39],[9,33],[-61,104],[-51,47],[-74,-39],[-34,15],[-99,-2],[-33,65],[19,40],[0,65],[-20,68],[-30,42],[-55,-1],[-86,42],[-32,38],[-24,60],[-8,61],[-51,4],[4,68],[-105,-25],[-99,-11],[-48,9],[-31,-23],[46,-44],[59,10],[22,-39]],[[108181,35358],[6,-48],[75,-4],[-10,-34],[-54,7],[-21,-28],[102,-37],[24,-52],[-23,-84],[-35,-32],[-71,19],[-11,76],[-45,10],[10,64],[30,31],[3,37],[-66,79],[44,36],[42,-40]],[[110708,35343],[-38,-2],[10,60],[39,36],[87,-15],[-1,-27],[-97,-52]],[[110542,35462],[47,10],[18,-35],[-23,-31],[-69,15],[27,41]],[[111151,36584],[14,-74],[-41,-6],[-57,40],[-45,58],[53,53],[48,-31],[28,-40]],[[111482,36920],[-73,30],[-37,59],[46,20],[57,-69],[7,-40]],[[111611,37158],[-124,42],[14,42],[108,-45],[2,-39]],[[49994,13883],[34,-15],[138,14],[48,-30],[159,-24],[68,7],[82,38],[189,105],[-7,53],[84,66],[50,-37],[54,8],[113,-32],[205,-198],[192,-169]],[[51403,13669],[-22,-54],[-65,-1],[-10,-38],[14,-47],[-10,-62],[-26,-28],[-55,-11],[-49,22],[-26,-77],[14,-116],[-46,-34],[24,-31],[-17,-30],[-58,5],[-27,-26]],[[18078,41812],[-44,-8],[-120,126],[-70,96],[-28,76],[31,4],[117,-84],[103,-115],[11,-95]],[[17343,42503],[29,-9],[57,-66],[41,-88],[-13,-19],[-77,45],[-59,53],[-11,43],[33,41]],[[17622,42671],[58,-57],[39,-161],[43,-62],[-5,-84],[25,-82],[0,-38],[-132,70],[-38,47],[-29,64],[-40,134],[-10,90],[42,73],[47,6]],[[18283,39713],[27,108],[-30,42],[-54,-9],[-83,-43],[-112,-82],[-28,-35],[-83,-70],[-42,-51],[-30,-60],[-9,-66],[-29,-67],[-81,-18],[-69,11],[-121,-3],[-38,24],[-91,124],[-31,-28],[-20,-86],[-60,-76],[-35,-28],[-44,13],[-41,43],[-101,68],[-194,142],[-46,55],[-61,14],[-2,44],[-143,135],[-95,29],[-80,83],[-66,51]],[[16357,43549],[32,-83],[-7,-48],[22,-59],[30,-184],[28,-47],[14,-68],[57,-46],[15,-92],[34,-96],[39,-38],[66,-113],[34,-44],[46,-34],[86,-92],[108,-75],[89,-85],[62,-46],[254,-100],[108,-15],[114,-80],[115,-24],[44,-22],[61,-52],[86,-106],[133,-142],[76,26],[-7,83],[-29,71],[-104,114],[-150,108],[-50,151],[9,76],[-49,90],[-17,128],[11,58],[77,65],[72,19],[74,2],[187,30],[151,-3],[129,-36],[199,-6],[30,-52]],[[18237,39383],[-79,-702]],[[85867,125],[32,-29],[15,-66],[-37,-30],[-65,46],[-39,80],[72,14],[22,-15]],[[86133,290],[-5,-67],[-50,-7],[-30,51],[16,28],[69,-5]],[[86238,320],[27,-35],[-31,-20],[-43,43],[47,12]],[[85241,667],[10,-40],[49,-46],[-47,-14],[-100,78],[16,17],[72,5]],[[85564,756],[35,-29],[-69,-25],[-31,44],[65,10]],[[87579,1660],[45,-3],[-52,-90],[-85,-60],[-25,-59],[-26,34],[51,82],[34,86],[58,10]],[[87431,1853],[80,-77],[17,-50],[-60,-32],[-10,-41],[12,-82],[-79,-46],[-23,-59],[64,-4],[14,-51],[-47,-48],[-53,-9],[0,-35],[78,-12],[40,13],[45,-39],[38,1],[30,-54],[-1,-97],[-43,-18],[-23,-74],[-37,9],[-41,-30],[-40,26],[-80,-7],[-111,-66],[-31,-58],[-126,-35],[-50,-61],[25,-76],[-47,-72],[-5,-62],[-92,-21],[-50,-29],[-97,66],[-77,-14],[-71,-43],[-40,-81],[-62,7],[-135,-15],[-33,-27],[-30,28],[-52,-6],[-109,-67],[-12,-72],[-117,-67],[-72,33],[-79,-9],[-20,-72],[-46,6],[-47,46],[-13,102],[30,67],[-17,119],[-19,44],[-49,57],[20,66],[83,-19],[-9,44],[39,12],[36,37],[94,5],[74,35],[30,-2],[47,31],[30,-28],[82,10],[39,32],[83,10],[31,-8],[74,23],[89,104],[99,73],[63,86],[39,-26],[61,7],[50,39],[43,74],[9,66],[37,7],[46,-18],[28,-28],[20,14],[28,-10],[43,-5],[45,4],[59,37],[56,7],[3,47],[-114,-10],[-66,-75],[-31,0],[-74,33],[-23,42],[62,47],[51,94],[45,49],[71,10],[24,27],[96,28],[39,46],[32,-4],[63,35],[18,61],[-21,54],[30,31]],[[82054,1302],[0,-26],[-76,-61],[-69,-15],[-41,-26],[-61,6],[-88,32],[51,60],[75,44],[125,-19],[68,20],[16,-15]],[[83036,1844],[51,-28],[83,3],[29,-37],[5,-46],[-43,-71],[10,-39],[-9,-107],[-66,-45],[-47,-8],[-60,-38],[-79,-88],[-47,-15],[-67,-74],[-60,-3],[-55,-21],[-66,38],[-66,23],[-75,-5],[-66,-22],[-32,39],[-100,35],[-69,46],[71,40],[63,50],[111,46],[32,32],[81,48],[55,12],[70,58],[35,151],[92,53],[77,22],[61,-12],[81,-37]],[[43041,38550],[-5,80],[-28,86],[-138,250],[-62,140],[11,37],[63,6],[64,-35],[52,15],[10,34],[-26,82],[13,39],[63,104],[9,68],[71,78],[78,110],[23,79],[-1,62],[-18,134],[1,152],[18,87],[41,101],[119,122],[104,88],[79,45],[138,64],[100,65],[61,59],[35,57],[23,123],[32,15],[26,104],[36,52],[-40,28],[121,133],[32,48],[-8,78],[27,59],[-62,144],[43,72],[36,7],[139,2],[127,22],[67,77],[60,18],[183,23],[101,-4],[67,16],[49,120],[59,111],[58,30],[-43,-92],[25,-58],[-55,-144],[-136,-16],[-50,-22],[2,-52],[19,-30],[-59,-60],[-28,-49],[23,-25],[-6,-40],[33,-130],[64,-23],[32,-78],[-21,-47],[22,-42],[43,20],[37,-6],[32,23],[82,-24],[34,7],[70,-38],[6,-57],[-21,-62],[-32,-52],[6,-109],[-27,-19],[-2,-62],[20,-69],[-28,-51],[13,-62],[82,-24],[15,-47],[46,-45],[44,-62],[63,-46],[22,-33]],[[55821,13222],[132,8],[97,-22],[109,21],[236,-8],[39,16],[91,-6],[101,11],[168,-3],[133,-28]],[[56650,12178],[-206,14],[-21,-14],[-141,6],[-37,-28],[-128,15],[-106,-19],[-54,0],[-19,52],[-30,15],[-63,-56],[-106,-20],[-84,19],[-94,32]],[[46588,39213],[29,14],[81,-13],[22,-25],[64,-17],[61,-103],[-23,-57],[16,-47],[40,-14],[55,12],[16,-36],[3,-65],[49,-39],[19,-67],[30,-4],[23,-38],[-27,-25],[14,-68],[-19,-47],[68,-4],[21,26],[43,-9],[76,18],[-1,-47],[57,-25],[51,38],[58,-5],[37,-83],[-12,-50],[74,-26],[10,-52],[43,-68],[49,-9],[15,-39],[37,-2],[34,-49],[95,-22],[73,-4],[26,-29],[136,-2],[13,32],[59,-9],[44,31],[-8,25],[42,47],[26,-22],[11,-55],[45,7],[47,-37],[34,15],[-4,47],[57,71],[57,4],[64,-26],[30,35],[-14,30],[33,41],[28,-20],[10,-44],[44,-19]],[[48649,38284],[-59,-40],[19,-32],[74,-60],[-13,-46],[-44,-20],[-27,-112],[35,-94],[70,-96],[49,-14],[110,39],[82,-75],[33,-14],[105,32],[96,10],[67,33],[89,-28],[102,-18]],[[49437,37749],[-41,-89],[-102,-98],[19,-64],[-12,-68],[1,-115],[-28,-79],[4,-56],[-18,-36],[-67,-85],[-55,-90],[-44,-114],[-8,-96],[19,-100],[64,-67],[20,-64],[-16,-83],[-67,-80],[-34,-167],[-41,-90],[-58,-5],[-46,-42],[2,-91],[-36,-107],[-12,-94],[-77,-98],[-112,-8],[-133,-44],[-59,-52],[1,-51],[19,-54],[-18,-91],[-97,-126],[-14,-98],[18,-119],[56,-68],[36,-117],[-104,-17],[-46,3],[-99,39],[-57,35],[-27,-2],[-36,-186],[-63,-65],[-14,-43],[-140,-67],[4,-46],[26,-42],[-42,-111],[1,-71],[17,-74]],[[137008,24258],[-13,-4]],[[133028,30131],[24,-4],[317,-169],[122,-54],[129,-50],[401,-118],[402,-81],[81,-23],[101,-55],[106,-115],[67,-47],[87,-120],[28,-15],[45,-80],[36,-31],[192,-114],[40,-12],[31,30],[57,19],[205,-54],[89,-17],[93,-68],[55,-26],[162,-62],[73,-19],[24,-29],[77,-54],[101,-47],[181,-124],[85,-39],[115,-38],[150,-42],[63,-37],[198,-101],[163,-118],[110,-71],[139,-75],[120,-43],[68,-13],[144,-97],[50,-42],[156,-83],[103,-34],[45,-25],[62,7],[185,-1],[302,42],[56,-1]],[[134761,30257],[41,-50],[7,-57],[-91,21],[-28,41],[23,82],[48,-37]],[[22944,29274],[17,9],[99,-32],[39,-23]],[[49437,37749],[20,1],[124,-40],[16,-36],[44,-35],[10,-55],[101,-87],[116,-157],[82,-64],[50,-11],[66,20],[37,-21],[67,-138],[13,-69],[-32,-109],[-45,-79],[-12,-75],[-27,-66],[30,-97],[-1,-54],[-44,-37],[-71,9],[-40,-28],[13,-54],[44,-53],[-14,-48],[77,-65],[21,-124],[33,-31],[-24,-27],[-18,-92],[13,-104],[27,-72],[6,-54],[-112,-36],[-20,-39],[-24,-115],[-42,-37],[-28,33],[-71,22],[-41,63],[-54,12],[-74,-54],[20,-33],[13,-98],[44,-139],[-9,-230],[-32,-95],[1,-43],[-22,-26],[-52,-11],[-40,-29],[-12,-154],[-23,-5],[-6,-63],[22,-91],[-15,-73],[-54,-87],[-84,-62],[-28,-33],[-21,-119],[3,-112],[21,-110],[37,-69],[63,-88],[59,-66],[8,-31]],[[23994,21361],[-102,79],[-63,34],[-118,127],[-162,128],[-111,81],[-274,220],[-188,142],[-131,87],[-293,227],[-108,95],[-63,81],[6,49],[-30,52]],[[47200,11849],[-3,78],[-16,27],[-78,58],[-41,51],[-37,5],[7,53],[-25,55],[-33,22],[12,42]],[[100360,24909],[9,-28],[89,-82],[31,-57],[54,-33],[13,-69],[59,-40],[4,-46],[-48,-16],[-76,7],[-49,66],[-151,34],[-34,-5],[-103,28],[-43,56],[-18,49],[79,30],[41,28],[9,45],[53,20],[55,-16],[26,29]],[[101122,25243],[-3,-34],[-40,-31],[-22,25],[-56,-4],[14,44],[107,0]],[[100941,25245],[34,-18],[83,-133],[3,-82],[-26,-37],[12,-40],[-21,-29],[-44,25],[-73,3],[-79,-32],[-54,-8],[-96,26],[-114,99],[43,42],[92,47],[82,84],[73,40],[22,-10],[63,23]],[[101437,25975],[-2,-41],[-36,-39],[-73,8],[38,45],[73,27]],[[101446,26014],[83,-45],[58,11],[61,-4],[41,-60],[-101,-99],[-19,-71],[-29,-40],[-127,-99],[-65,-8],[-57,21],[-35,-17],[-73,24],[90,91],[9,87],[52,51],[81,36],[37,49],[-6,73]],[[104275,24962],[-30,-25],[-142,-43],[-48,-37],[-21,-35],[-128,-98],[-94,-120],[-64,-67],[-5,-61],[87,-67],[-68,-67],[-166,-5],[-20,17],[-65,7],[-62,-41],[-110,-30],[-53,-32],[-65,-4],[-22,17],[-103,-13],[-77,30],[-93,66],[-31,109],[-45,35],[-38,76],[-41,21],[-20,38],[-47,40],[0,22],[-65,157],[-37,26],[5,61],[-31,68],[-64,30],[-3,38],[-84,-17],[-22,-20],[-53,-4],[-60,32],[-6,-29],[-47,-49],[-32,78],[-32,30],[30,35],[-31,55],[37,82],[39,-16],[31,26],[20,50],[-13,47],[7,100],[-16,35],[-35,12],[-69,-7],[-120,-106],[-8,-29],[-58,-58],[-30,-12],[-22,-45],[-4,-74],[-33,-79],[-14,-163],[-28,-102],[16,-26],[-3,-71],[-35,-134],[-61,-39],[-5,-36],[-42,-36],[-74,20],[-25,-29],[-35,-98],[-8,-66],[-67,-90],[-12,-74],[11,-78],[38,-56],[-44,-17],[-30,-34],[-5,-65],[-32,-3],[-14,69],[-41,53],[-35,114],[28,90],[35,61],[25,107],[20,51],[38,47],[3,92],[-32,56],[-9,53],[-38,78],[-90,73],[-1,42],[-33,46],[-15,73],[4,86],[-28,52],[-73,42],[97,28],[23,22],[56,-26],[88,52],[57,43],[-6,50],[103,24],[29,76],[42,35],[67,-23],[125,25],[163,15],[-71,75],[8,53],[-23,15],[110,65],[-25,96],[-49,-39],[-58,-14],[-26,48],[31,37],[95,7],[87,99],[-35,73],[109,70],[-10,58],[77,-3],[69,11],[90,29],[87,-48],[79,21],[34,-11],[163,15],[62,-32],[69,1],[51,23],[61,52],[57,2],[37,-17],[53,9],[56,40],[89,0],[45,-40],[61,-15],[136,10],[43,-11],[55,10],[47,31],[42,4],[60,-52],[50,-16],[63,3],[90,29]],[[104537,30935],[5,-31],[-39,-27],[-15,45],[49,13]],[[113195,20256],[64,-71],[1,-88],[-57,-95],[-35,91],[11,100],[-29,37],[45,26]],[[112804,21156],[67,-45],[26,-50],[52,-53],[34,-76],[38,-37],[2,-111],[-71,5],[-18,25],[8,50],[-52,92],[-24,67],[6,45],[-52,30],[-16,58]],[[111840,22275],[44,-25],[72,-80],[132,-63],[42,-81],[36,-25],[-40,-48],[-40,13],[-35,84],[-38,-4],[-49,52],[-116,14],[-76,121],[18,58],[50,-16]],[[111673,22476],[-20,-129],[-51,54],[-27,85],[-16,96],[77,-33],[39,-43],[-2,-30]],[[112184,22683],[44,-10],[-1,-59],[26,-133],[28,-27],[23,-62],[-24,-38],[32,-53],[-59,-38],[-48,42],[-10,40],[-38,33],[-23,75],[-78,151],[128,79]],[[110725,22938],[38,-19],[10,-47],[-117,-38],[-11,18],[35,65],[45,21]],[[110364,22994],[11,-60],[-70,26],[59,34]],[[110284,24659],[-22,-3],[-59,40],[3,53],[43,27],[57,-32],[20,-46],[-42,-39]],[[108182,25742],[52,-4],[76,34],[56,-5],[40,-69],[116,17],[86,59],[87,35],[55,-3],[68,13],[111,-7],[26,-40],[71,-3],[17,-28],[74,-47],[18,-36],[62,-28],[16,-92],[45,11],[69,-60],[42,-91],[104,6],[75,-18],[35,-42],[34,-7],[74,-81],[25,-112],[20,-43],[-5,-52],[54,-80],[-2,-83],[28,-74],[-29,-92],[10,-82],[32,-62],[1,-47],[41,-37],[19,-51],[34,-15],[77,28],[23,-19],[90,8],[214,-19],[56,-114],[44,-41],[17,-40],[-85,-4],[-27,-64],[47,-45],[10,-62],[44,-48],[69,-39],[63,-111],[-4,-99],[-51,-71],[-40,-8],[-58,-66],[-33,-137],[27,-89],[-7,-48],[13,-126],[-19,-33],[1,-52],[-18,-72],[60,-53],[33,-51],[-12,-28],[-46,-5],[-30,22],[-12,57],[-108,0],[-50,74],[-40,-31],[-23,36],[-40,10],[-53,-12],[-50,18],[-48,54],[-86,5],[-75,32],[-39,-2],[-32,26],[3,63],[-95,81],[-41,66],[-104,33],[-90,12],[-60,-3],[-32,20],[-4,48],[-79,98],[-63,38],[-34,40],[-134,39],[-56,-7],[-79,45],[-97,66],[-117,33],[-46,34],[-82,11],[-56,33],[-63,13],[-144,52],[-44,61],[-55,39],[-109,29],[-150,29],[-32,38],[-49,93],[-57,49],[13,58],[-16,103],[-29,54],[-102,69],[-71,8],[-48,-17],[-93,16]],[[33416,16291],[30,-95],[-46,-41],[-8,70],[-41,30],[65,36]],[[34377,16308],[-37,-39],[-45,17],[-8,56],[66,1],[24,-35]],[[33986,16487],[29,-21],[66,3],[36,-33],[13,-40],[39,-20],[36,-61],[-27,-92],[6,-42],[-23,-32],[72,-90],[83,-32]],[[34525,16040],[28,39],[52,39],[5,79],[37,23],[113,-30],[42,3],[64,-50],[44,21],[42,51],[25,-24],[81,-27],[38,-122],[32,-28]],[[35128,16014],[-14,-22],[-67,7],[-35,-38],[-50,-17],[-56,-93],[42,-57],[-8,-56],[34,-21],[95,-114],[-22,-110],[-26,-60],[3,-49],[32,-80],[-18,-55],[32,-53],[18,-77],[-14,-36],[17,-60]],[[33322,15313],[17,39],[3,67],[33,94],[31,50],[9,73],[53,92],[21,13],[9,122],[35,26],[79,32],[10,20]],[[12921,45729],[-24,-62],[-76,-59],[-57,-60],[-61,-10],[-75,-67],[-205,-81],[-43,-28],[-3,-46],[-75,-79],[8,-70],[-26,-26],[-4,-42],[-61,-26],[-71,-12],[-92,1],[26,37],[52,35],[11,30],[59,63],[19,48],[-16,151],[-36,47],[66,92],[5,33],[39,9],[-4,67],[-183,4],[40,46],[37,164],[-72,10],[-99,-71],[-26,20],[-111,2],[-5,-63],[-69,-60],[-160,0],[-22,-27],[-70,-1],[-34,15]],[[12108,47183],[45,-3],[29,-47],[111,-52],[25,-28],[71,-34],[64,-18],[57,-40],[79,-71],[99,-67],[71,-15],[90,-44],[190,-142],[82,-37],[66,-43],[-1,-37],[64,-70]],[[13005,45822],[-19,-24]],[[55048,24879],[-181,-110],[-71,-29],[-167,-98],[-201,-98],[-96,-109],[-105,-38],[-102,-57],[-37,-45],[-50,5],[-113,53],[-197,133],[-44,43],[-32,68],[-56,32],[-135,54],[-66,34],[-88,16],[-135,-6],[-138,-38],[-106,-51],[-447,-292],[-151,-112],[-110,-90],[-107,-108],[-54,-38],[-43,-14],[-115,8],[-105,24]],[[22027,39197],[30,48],[4,71],[20,9],[50,-43],[39,-96],[-3,-57],[-41,-159],[-6,-105],[81,-192],[23,-88],[39,-58],[75,-83],[79,-52],[143,-114],[45,-73],[86,-99],[73,-109],[60,-50],[151,-79],[56,-52],[62,-39],[108,-8],[84,-28],[73,-3],[94,18],[55,29],[83,14],[81,-2],[72,-15],[97,-46],[53,-15],[63,-1],[94,18],[97,7],[84,-16],[73,-41]],[[93689,42165],[-16,-43],[-128,-40],[-12,-52],[-47,-1],[-15,71],[54,41],[-5,60],[114,-42],[55,6]],[[93596,42847],[14,-78],[-17,-37],[-41,-13],[-66,59],[43,53],[67,16]],[[93673,42977],[43,5],[12,36],[113,-45],[24,-52],[-32,-61],[-75,-52],[-82,22],[-55,36],[-55,93],[49,66],[34,-2],[24,-46]],[[92987,44123],[-40,43],[51,9],[-11,-52]],[[93729,44399],[33,-15],[64,-74],[-5,-91],[-62,-55],[-67,-18],[-41,-101],[-12,-54],[33,-45],[58,-17],[30,-45],[-60,-55],[-43,4],[-65,53],[-13,90],[-37,118],[-5,74],[35,114],[14,78],[53,41],[90,-2]],[[78016,23637],[20,-89],[-51,-35],[-29,-62],[-61,-36],[-58,-6],[-80,49],[-42,-57],[-43,-16],[-19,-70],[-43,-71],[-92,16],[-53,-33],[7,-39],[-23,-120],[-32,-15],[-1,-41],[-37,-16],[-20,32],[-72,-12],[-78,-34],[-42,-43],[10,-49],[-31,-91],[-48,-43],[-12,-33],[-109,8],[-109,-17],[-39,33],[-65,-24],[-21,-86],[-20,-19],[-1,-53],[-38,-52],[-18,-56],[57,-154],[-33,-29],[-7,-103]],[[76683,22171],[-17,-13],[-116,44],[-52,-29],[-77,-14],[6,-55],[-85,16],[-99,-17]],[[54903,11775],[49,15],[-29,-213],[23,-241],[-72,20],[14,-59],[55,-60],[66,-33],[37,-53],[8,-111],[-60,-27]],[[19022,32316],[-45,-25],[-36,12],[-61,-19],[-34,-38],[-65,-11],[-81,-34],[-40,1],[-52,43],[49,78],[-80,215],[-66,-6],[-69,25],[-16,66],[-25,31],[-37,3],[-25,36],[-99,50],[-26,36],[-59,-12],[-55,-47],[-15,46],[-48,39],[-54,62],[-67,-11],[-52,41]],[[17822,33557],[48,77],[73,12],[45,62],[-34,74],[-75,21],[27,99],[-23,25],[3,48],[31,47],[1,66],[25,20],[-15,87],[-25,46]],[[84575,8189],[0,-55],[-41,12],[-1,40],[42,3]],[[84329,8288],[155,-67],[-28,-29],[-11,-66],[-65,-61],[-59,11],[-63,34],[-46,64],[-1,91],[35,23],[83,0]],[[84759,8337],[22,-58],[-54,-14],[-11,46],[43,26]],[[83201,8013],[42,-53],[81,17],[31,-16],[26,29],[39,-18],[11,-44],[52,35],[61,-24],[67,-42],[61,-19],[71,-75],[42,-65],[63,-27],[15,-39],[92,-40],[90,-12],[51,-19],[70,42],[31,34],[62,-2],[31,21],[122,15],[192,15],[41,-17],[35,80],[96,124],[3,54],[-67,36],[-55,75],[38,67],[142,36],[33,-8],[84,120],[52,11],[-8,39],[44,60],[39,-9],[13,38],[44,7],[63,-28],[83,22]],[[85197,7617],[-75,-9],[-35,-50],[-63,11],[-34,-33],[-91,-13],[-55,-112],[-91,-48],[-101,-20],[-76,-46],[-30,12],[-64,-28],[-121,-9],[-20,-25],[-92,37],[-105,0],[-65,-19],[-23,-25],[-54,6],[-89,34],[-128,-26],[-44,57],[-109,14],[-155,-26],[-54,-34],[-11,-41],[-69,-28],[-66,-87],[-105,-34]],[[84151,8556],[8,-30],[-31,-46],[-42,16],[65,60]],[[82278,8726],[70,-15],[51,-89],[-12,-59],[-45,-34],[-108,10],[-47,39],[-3,48],[28,59],[66,41]],[[12508,43741],[-98,93],[-43,-46],[-91,-25],[-21,-29],[-45,-3],[-50,39],[-9,107],[-53,28]],[[5082,42184],[40,-32],[28,-63],[-36,-57],[-49,-19],[-34,-34],[-79,32],[-34,52],[5,93],[44,31],[68,6],[47,-9]],[[5030,42342],[42,-9],[-31,-55],[-48,0],[-82,81],[-4,23],[81,15],[42,-55]],[[3830,42954],[-37,-48],[-36,-1],[-54,46],[73,9],[54,-6]],[[4554,43198],[70,-28],[-20,-39],[-62,21],[12,46]],[[2833,43541],[75,-42],[-7,-19],[-126,4],[7,36],[51,21]],[[2246,44088],[-1,-25],[-70,-5],[-23,31],[94,-1]],[[2431,44786],[9,-46],[44,-30],[33,22],[116,5],[34,-37],[67,-22],[40,-87],[-40,-41],[-69,11],[15,-89],[69,-12],[12,52],[60,-66],[72,-14],[54,-23],[20,-68],[57,-18],[34,-64],[56,-27],[114,11],[138,-61],[23,-97],[40,-35],[55,39],[5,-61],[-42,-34],[-69,27],[-30,-59],[-1,-92],[66,-35],[11,48],[78,-12],[42,-24],[48,3],[20,54],[76,-67],[31,-46],[52,-3],[0,-38],[41,-70],[53,-39],[31,1],[42,-35],[96,-16],[65,-50],[-10,-35],[42,-51],[28,-4],[-3,-54],[56,-52],[12,-62],[63,-5],[-15,105],[78,-5],[122,-101],[13,-36],[-18,-39],[31,-22],[35,-63],[-31,-39],[46,-33],[21,-80],[-55,-61],[-65,-16],[-54,-37],[-108,14],[-61,54],[-41,-5],[-21,-34],[-70,14],[-71,68],[38,31],[6,51],[-69,-7],[18,62],[-30,56],[-147,29],[-70,37],[-34,-4],[-37,76],[-49,20],[-38,54],[-55,6],[-29,70],[-99,26],[-36,65],[-93,44],[-2,27],[-68,24],[-45,30],[-139,26],[-33,-24],[-42,25],[-46,-12],[-29,-43],[-39,5],[-77,56],[-1,30],[-99,14],[10,53],[-84,57],[-53,-2],[-19,-45],[-29,22],[-7,47],[-118,-14],[14,77],[-33,58],[-68,35],[15,52],[-48,42],[-20,42],[-65,20],[39,37],[-42,21],[-53,-39],[-35,81],[45,55],[29,64],[7,51],[45,20],[87,-24],[82,7],[12,47],[-74,24],[-13,103],[13,55],[40,39],[10,51],[65,14]],[[77900,18943],[-50,-98],[22,-92],[52,-96],[38,-32],[54,-128],[30,-117]],[[48649,38284],[37,-21],[24,46],[-36,76],[43,30],[89,23],[19,-12],[66,78],[41,27],[6,81],[41,64],[42,8],[39,-16],[205,11],[14,13],[98,7],[106,44],[116,-4],[20,14],[79,-6],[83,32],[98,13],[106,69],[41,-24],[23,-50],[64,16],[47,-40],[104,-40],[94,-12],[101,-78],[87,-24],[95,19],[40,32],[22,43],[75,-5],[52,-46],[28,-55],[10,-119],[39,-42]],[[57280,10580],[161,-30],[50,-40],[86,48],[48,41],[48,-42],[110,-51],[99,28],[55,57],[17,40],[76,48],[80,8],[59,-21],[57,-36],[81,-4],[20,63],[63,19],[45,77],[94,49],[90,96],[23,5],[60,-59],[29,-45],[51,-118],[49,-92],[103,-37],[130,-4],[59,23],[36,-32],[85,61],[33,-7],[41,-55],[107,-95],[50,5],[58,-39],[67,15],[72,-6],[60,-50],[34,3],[52,-53],[97,-53],[37,-71],[1,-98],[-10,-39],[8,-61],[-68,-43],[-58,-53],[1,-60]],[[17125,33416],[35,78],[42,62],[103,52],[22,33],[90,12],[35,-6],[0,-57],[64,-3],[27,-60]],[[18964,31830],[25,-104],[67,-89],[31,-1],[45,-79],[34,-26],[36,-60],[-33,-61],[-3,-44],[-37,-4],[-95,65],[-73,0],[-57,103],[-61,21],[-42,71],[-68,53],[-29,7],[-78,47],[-62,-7],[-49,10],[-80,-10],[69,-107],[9,-105],[-13,-81],[-83,-110],[-81,-55],[-62,-29],[-24,11],[-78,-21],[-109,-97]],[[16688,33260],[64,9],[108,-15],[107,75]],[[76683,22171],[92,-45],[32,-63],[-46,-68],[9,-39],[89,-32],[-33,-114],[-13,-92],[12,-22],[60,-9],[18,-49],[44,22],[84,7],[10,-13],[97,23],[1,-65],[37,-15],[65,5]],[[111850,30444],[29,-44],[-94,4],[-3,37],[68,3]],[[110998,31529],[50,-95],[10,-58],[-27,-63],[-50,-5],[-14,-67],[-22,-27],[-84,-198],[-44,-25],[-60,31],[-47,70],[-98,28],[-205,109],[-27,38],[-74,56],[-43,21],[-59,-20],[-50,51],[-23,77],[18,74],[-44,31]],[[111651,31979],[-27,-87],[-26,20],[24,63],[29,4]],[[112157,32857],[30,15],[9,40],[51,-1],[70,32],[84,12],[61,40],[106,13],[27,-48],[-14,-58],[29,-8],[87,36],[14,28],[139,36],[124,-12],[67,6],[71,33],[115,27],[93,8],[155,30],[108,81],[69,26],[26,49],[57,48],[6,73],[109,74],[106,119],[117,48]],[[114073,33604],[62,-105],[176,-195],[115,-37],[-36,-66],[-66,-25],[-162,-115],[-51,-15],[-16,-103],[16,-81],[79,11],[159,-174],[211,-154],[-110,-66],[-19,-78],[49,-36],[-87,-179],[-472,-191],[-93,-5],[-12,-29]],[[113816,31961],[-155,29],[-37,1],[26,-74],[-256,-196],[80,-96],[48,-19],[41,-58],[51,-108],[74,-128],[-17,-75],[-5,-93],[-48,-60],[-84,-58],[-32,-34],[-36,-95],[10,-57],[52,-86],[88,-10],[-42,-155],[-144,-74],[-143,39],[-58,59],[-26,89],[-47,-89],[-99,-142],[-38,-73]],[[113019,30398],[-57,-43],[-247,88],[-289,152],[-43,-62],[-90,-30],[-53,65],[-80,44],[-65,70],[4,27],[59,18],[6,44],[-32,61],[-60,12],[-24,73],[0,55],[-42,16],[-26,-65],[-43,-28],[-10,-55],[-38,-6],[67,-100],[7,-63],[-65,-94],[-71,-37],[-135,-36],[-36,-42],[-80,-28],[-41,25],[7,43],[-38,78],[-77,74],[-93,-2],[-122,63],[-52,-32],[-45,11],[-63,-14],[-148,-15],[-61,32],[-77,7],[-46,40],[4,35],[50,19],[40,70],[97,49],[37,106],[8,65],[60,59],[-7,48],[29,39],[27,71],[29,30],[88,51],[35,-22],[81,-6],[47,10],[32,27],[83,25],[95,221],[31,32],[-4,58],[60,97],[8,45],[-17,43],[36,62],[-1,55],[53,116],[51,13],[6,68],[-30,29],[23,66],[-14,45]],[[115539,29647],[-30,-76],[-37,-169],[-12,-177],[5,-198],[36,-269],[65,-212],[111,-212]],[[115677,28334],[-169,-58],[-83,-48],[-98,-41],[-187,-107],[-118,-10],[-41,-25],[-31,17],[-55,61],[-108,166],[-91,86],[-94,53],[-35,45],[-115,-2],[-32,40],[-33,6],[-66,54],[-110,77],[-85,79],[16,49],[41,0],[63,45],[57,60],[-58,24],[-109,-35],[-51,44],[-44,68],[-26,-6],[-97,70],[44,58],[-4,90],[-75,1],[-81,115],[-22,73],[80,49],[-86,110],[30,40],[80,38],[-1,44],[39,23],[70,80],[29,-22],[29,32],[31,64],[53,12],[-45,47],[-50,12],[-18,90],[-40,-31],[-25,-71],[-106,-38],[-119,-15],[-30,101],[2,45],[-25,19],[-27,65],[0,34],[63,134],[59,52],[93,45],[-55,32],[-36,-7],[-101,-73],[-51,-14],[-63,12],[-55,-25],[-10,-27],[-69,-57],[-62,23],[-60,100],[-36,3],[-99,-31],[-39,18],[-55,78],[-56,24]],[[113816,31961],[127,-7],[142,-14]],[[48637,11994],[55,-47],[-19,-45],[-28,-7]],[[48646,11889],[41,15],[34,-28],[44,15],[-16,125],[66,-5]],[[38925,15400],[28,-36],[80,-35],[48,30],[83,-31],[91,32],[44,47],[87,29],[25,-2],[54,59],[97,-11],[13,-72],[85,55],[14,41],[39,-11],[-33,-77],[-1,-39],[46,-70],[63,-28]],[[39578,14231],[-23,-24],[27,-43],[-19,-23],[14,-59],[-19,-55],[9,-32],[-34,-41],[-95,-40],[94,-46],[-18,-68],[15,-31],[-10,-50],[17,-65],[-14,-57],[-36,-20],[-27,-55],[-39,-30],[-20,21],[-54,5],[-93,-39]],[[36298,11472],[-173,23],[-220,22],[-187,31],[-65,3],[-22,-17],[-160,33],[-73,58],[-18,34],[-67,27],[-139,36],[-65,-33],[-24,123],[-78,77],[18,31],[-25,59],[45,51],[-20,69],[38,44],[-15,40],[41,33],[5,63],[133,-15],[42,20],[0,58],[-27,61],[108,141],[70,28],[59,65],[11,29],[47,33],[-2,85],[-12,27],[12,105],[-98,73],[-77,14],[-30,-8],[-50,26],[-55,9],[-82,-34],[-7,-40],[-52,-10]],[[50388,26026],[-74,-6],[-220,-106],[-231,-150],[-250,-125],[-198,-75],[-197,-43],[-79,4],[-55,39],[-62,18],[-218,165],[-92,44],[-52,14],[-66,2],[-106,-38],[-35,0]],[[49091,10501],[-2,-91],[-14,-40],[-61,64],[-38,25],[-83,21],[-52,-42],[-17,-82],[16,-37],[-13,-53],[-30,-2],[-24,50],[-114,18],[-43,-18],[-5,-60]],[[75607,4033],[-13,-33],[-37,-12],[-65,42],[-50,5],[-23,24],[-81,8],[-25,-42],[-73,-10],[-39,-36],[-3,-60],[-41,-28],[-39,3],[-34,65],[-67,48],[-46,8],[-24,-32],[-56,26],[-29,50],[-45,-15],[-38,15],[-90,8],[-41,-9],[-41,23],[-58,-20],[-46,-48],[-33,56],[-34,-3],[-57,39]],[[74379,4105],[-4,68],[16,60],[43,88],[105,48],[59,-94],[56,-41],[93,36],[42,-18],[82,39],[78,158],[40,-2],[74,26],[23,56],[43,27],[79,88],[-17,40],[-47,30],[7,51],[-56,71],[-1,245],[12,41],[46,69],[-15,29]],[[75137,5220],[78,30]],[[75215,5250],[16,-124],[47,-89],[60,-142],[28,-30],[-17,-39],[65,-62],[50,-6],[56,-50],[4,-57],[-26,-54],[-39,-32],[-45,-60],[13,-142],[-42,-65],[-1,-34],[137,-1],[60,-41],[-86,-115],[0,-37],[103,-3],[9,-34]],[[74379,4105],[-31,-3],[-91,56],[-39,-2],[-54,38],[-80,32],[-70,56],[-53,92],[-12,43],[-32,20],[-27,61],[-44,32],[-125,114],[-6,66],[45,100],[64,92],[78,83],[132,81],[58,21],[63,2],[37,16],[54,-8],[38,40],[122,81],[59,24],[67,4],[78,-51],[53,40],[107,33],[83,36],[83,-46],[201,-38]],[[75215,5250],[40,-3],[45,33],[103,18],[115,-54],[54,-7],[60,18],[63,51],[89,31],[98,2],[75,-70],[92,-47],[136,-22],[95,12],[36,-36],[64,-8],[41,17],[83,94],[95,68]],[[76599,5347],[35,-89],[68,-28],[41,-37],[-47,-130],[30,-71],[61,-90],[-52,-99],[-62,1],[-49,-65],[6,-34],[-104,-110],[-5,-31],[35,-80],[-29,-175],[-33,-9],[-69,9],[-135,-31],[-57,20],[-64,-67],[8,-79],[67,-62],[-37,-68],[-11,-114],[6,-49],[-13,-109],[-176,38]],[[76013,3788],[47,39],[-45,48],[10,37],[-24,30],[-54,14],[-35,-51],[-75,-20],[31,66],[-36,46],[-23,-37],[-42,-12],[-45,54],[-44,-21],[-40,9],[-31,43]],[[77671,2259],[-3,-45],[-86,-16],[-11,36],[100,25]],[[76599,5347],[82,56],[113,153],[45,-20],[12,-56],[51,-84],[88,-87],[23,-55],[42,-45],[66,-35],[46,-103],[109,-129],[121,-50],[52,9],[76,41],[51,6],[44,-52],[46,-23],[40,-122],[15,-98],[-2,-84],[27,-95],[49,-95],[51,14],[91,-5],[37,-74],[29,-28],[81,52],[18,26],[111,38],[56,7],[99,29],[72,37],[46,-31],[50,-105],[33,-91],[56,-20],[51,17],[59,-30],[48,-52],[14,-43],[46,-10],[23,-39],[16,-91],[62,-68],[14,-93],[93,-174],[55,-83],[53,-16],[42,-47],[95,-10],[138,-86],[97,-93],[21,-56],[50,-65],[25,-75],[-9,-97],[-22,-58],[7,-27],[-74,-96],[-128,-54],[-50,-39],[-47,-104],[-75,-58],[-46,-15],[-55,-49],[-46,-18],[-93,3],[-50,-62],[-34,-15],[-68,5],[-57,36],[-63,8],[-62,-8],[-80,-50],[-63,-23],[-20,-36],[-19,-89],[-57,-35],[-49,16],[-147,122],[-78,46],[-59,22],[-84,-17],[-45,9],[-49,-15],[-63,33],[-77,5],[-60,-28],[-44,2],[-38,45],[-54,28],[-30,-21],[-64,39],[-69,101],[-77,58],[-53,20],[-44,59],[-76,77],[-31,17],[-79,1],[4,50],[36,20],[-13,60],[-57,80],[-15,52],[-75,75],[-73,50],[20,64],[-36,20],[-33,-24],[-81,24],[0,75],[-71,-25],[-33,28],[8,46],[-34,40],[-43,6],[-44,-26],[-101,43],[-56,-23],[-9,40],[-39,44],[-97,73],[-77,25],[-57,72],[-57,47]],[[70745,7699],[39,-14],[53,-59],[4,-55],[33,-56],[-7,-34],[-36,-37],[-48,18],[52,73],[-42,18],[-69,-43],[23,63],[36,46],[-66,39],[28,41]],[[70012,8128],[11,-74],[22,-23],[2,-64],[58,-60],[35,14],[25,-39],[-95,-47],[-44,63],[-58,47],[-1,72],[-38,57],[42,54],[41,0]],[[69780,8225],[45,-20],[20,-38],[-18,-31],[24,-32],[12,-117],[-39,26],[-60,-27],[-34,42],[19,21],[3,58],[21,45],[7,73]],[[67617,8315],[26,-33],[-37,-27],[-26,17],[-39,-26],[-91,-25],[-112,26],[37,30],[133,-18],[40,38],[69,18]],[[67913,8448],[-5,-53],[-66,-75],[-30,8],[-56,-45],[-60,7],[40,74],[30,-27],[70,20],[12,45],[65,46]],[[71877,7374],[-29,-61],[-24,10],[-88,-38],[-15,-33],[4,-60],[-75,-17],[-32,-64],[-85,-39],[-36,-83],[-67,-44],[-9,-24],[-81,-16],[-98,-62],[-58,22],[-49,38],[-6,37],[-34,25],[-61,-18],[-69,-39],[-100,7],[-46,-55],[-22,-65],[-87,-42],[-60,22],[-52,-62],[-69,-13],[-36,-68],[-69,23],[-27,32],[-47,-16],[-12,41],[-52,64],[-66,-23],[-61,-81],[-69,-1],[-60,50],[-84,-13],[-50,4],[-41,-16],[-29,-45],[-72,-17],[-20,-30],[-99,-44],[-29,-30],[-111,-66],[-95,-16],[-38,-38],[-52,-22],[-128,-16],[-149,-80],[-90,2],[-67,-22],[-43,44],[-50,-42],[-70,41],[-40,-14],[-70,17],[-84,44],[-70,24],[-109,-3],[-32,-15],[-26,-57],[-47,-51],[-52,-34],[1,-45],[-63,-20],[-46,2],[-130,-47],[-53,11]],[[67892,6127],[11,60],[36,54],[11,72],[23,3],[-16,93],[21,45],[6,90],[-9,79],[54,19],[11,44],[-17,93],[-63,81],[35,79],[36,44],[-36,63],[-40,32],[-48,7],[-14,35],[24,28],[54,9],[48,46],[22,56],[6,98],[-23,71],[-43,58],[-93,24],[-43,60],[-76,86],[-91,40],[-91,58],[-67,65],[-94,65],[-41,46],[24,44]],[[67409,7974],[102,-1],[40,44],[49,-12],[33,59],[118,32],[30,-56],[62,136],[49,58],[81,32],[0,35],[80,52],[-6,33],[36,24],[10,57],[54,12],[61,-29],[38,44],[63,-39],[81,-96],[37,-6],[41,32],[29,-4],[45,-56],[33,2],[136,-50],[29,-25],[48,-6],[42,-33],[72,-20],[84,-44],[66,104],[26,58],[32,33],[114,-13],[180,18],[54,22],[55,-22],[13,-63],[-15,-44],[-3,-90],[18,-97],[66,-10],[-8,53],[-26,17],[-19,100],[10,60],[55,-5],[90,-31],[31,-72],[-7,-57],[-23,-49],[4,-112],[25,-41],[57,-55],[131,-35],[30,24],[98,11],[-31,-79],[32,-19],[50,15],[24,-30],[-28,-56],[23,-42],[-33,-49],[60,-68],[-11,-18],[28,-133],[57,-31],[53,-10],[68,52],[43,-30],[78,72],[69,-14],[25,-40],[-40,-33],[41,-43],[49,33],[48,6],[48,-20],[43,-39],[35,10],[52,94],[56,-4],[51,81],[39,41],[66,40],[28,-4],[60,34],[60,-15],[26,18],[69,2],[48,-19],[66,5]],[[69494,9201],[80,-25],[63,-9],[154,20],[42,-17],[42,-39],[19,-47],[-30,-33],[-62,-24],[-41,-47],[-62,-34],[-54,-55],[-15,-89],[-55,-43],[-49,-172],[-58,-74],[-14,-39],[-59,-62],[-89,59],[-89,50],[19,76],[52,50],[46,140],[-36,38],[-54,12],[28,95],[-27,64],[19,81],[96,70],[65,20],[69,34]],[[69021,9249],[17,-30],[-101,-40],[-5,-30],[-46,0],[-13,46],[56,-1],[24,47],[68,8]],[[67114,7964],[-1,-45],[-24,-34],[-33,34],[58,45]],[[67892,6127],[-77,-28],[-34,52],[-58,14],[-46,30],[-51,69],[-97,20],[-22,-25],[-56,-16],[-45,9],[-119,62],[-32,-11],[-79,44],[-62,-10],[-59,55],[-90,69],[-10,65],[-30,60],[35,19],[-10,45],[52,45],[-26,29],[-56,13],[28,64],[47,-27],[-45,106],[102,35],[10,74],[46,45],[54,-24],[34,43],[-10,71],[-46,69],[-58,9],[21,39],[-56,57],[17,35],[43,15],[-25,57],[-12,91],[-45,1],[2,51],[32,57],[1,39],[39,52],[17,74],[89,35],[49,68],[-2,43],[-41,90],[37,2],[5,-47],[31,-27],[125,40]],[[40435,12752],[-13,-5]],[[57791,12205],[112,-14],[39,-23],[-62,-48],[-103,56],[14,29]],[[58287,12318],[51,-94],[-168,-27],[-11,58],[44,31],[84,32]],[[60303,12453],[87,-16],[30,-50],[-20,-27],[-113,-11],[-25,45],[-45,25],[-108,-2],[-19,-35],[-86,-11],[-17,53],[75,15],[48,-17],[52,42],[141,-11]],[[64395,12539],[-12,-57],[-13,-191],[-12,-35],[-44,-28],[-133,-14],[-132,64],[-113,43],[-48,60],[37,28],[29,53],[49,1],[12,63],[44,-37],[-10,-43],[26,-43],[103,-4],[24,-44],[93,36],[-9,63],[88,50],[21,35]],[[63747,12688],[46,-1],[-16,-47],[-48,12],[18,36]],[[58375,12694],[19,-27],[59,-22],[110,9],[108,-15],[14,-14],[34,-102],[-55,-8],[-106,25],[-79,-4],[-129,59],[-27,44],[7,34],[45,21]],[[59553,12696],[109,-97],[12,-75],[53,-72],[7,-63],[34,-60],[-56,-36],[-70,8],[-159,64],[-53,52],[-62,111],[-13,48],[13,34],[55,58],[35,19],[95,9]],[[63647,12736],[38,-57],[-67,-8],[-12,64],[41,1]],[[63565,12744],[-19,-74],[-46,7],[-47,83],[112,-16]],[[63285,12927],[-36,-148],[-79,64],[34,50],[58,38],[23,-4]],[[63042,12949],[-10,-38],[39,-52],[-90,7],[-55,27],[3,53],[113,3]],[[59082,12868],[-66,15],[18,79],[24,29],[39,-30],[-15,-93]],[[63415,13070],[200,-112],[95,-82],[-48,-14],[-84,26],[-28,-28],[-51,8],[-45,34],[-28,46],[-59,9],[-22,48],[21,48],[49,17]],[[64041,13085],[17,-32],[-24,-53],[-31,2],[38,83]],[[65466,13108],[50,-31],[-18,-26],[-55,-12],[-28,39],[51,30]],[[57408,13239],[131,17],[123,-16],[155,14],[70,-9],[182,44],[142,25],[45,1],[163,-30],[102,-43],[66,-40],[222,-101],[39,-35],[56,-116],[-33,-16],[-63,9],[-104,-75],[-85,-19],[-94,11],[-40,-9],[-41,-41],[-29,-54],[-52,-8],[-24,44],[-46,26],[-18,-40],[80,-43],[-16,-42],[-63,46],[-44,-14],[-93,-101],[-20,-51],[64,-54],[3,-69],[-107,-5],[-126,5],[-61,27],[-139,18],[-110,22],[-132,5],[-58,-53],[-61,12],[-99,-16]],[[62426,13432],[160,-23],[72,7],[157,-7],[133,-39],[253,-111],[75,-66],[39,-4],[28,-61],[34,-25],[-15,-44],[-55,-35],[-13,-38],[-90,68],[-66,-13],[-4,24],[-64,33],[-53,-8],[-43,29],[-64,8],[3,-32],[-51,-23],[-7,48],[-29,1],[1,53],[-99,-15],[14,-36],[-61,-5],[-33,22],[-15,-56],[71,-17],[41,-40],[45,-14],[18,-59],[40,-41],[-70,-21],[-59,11],[-79,-13],[-48,68],[16,42],[-79,27],[-11,-59],[13,-84],[-27,-24],[-78,35],[-34,128],[56,19],[-14,43],[-68,-41],[-78,42],[-55,-13],[-20,55],[28,104],[41,22],[60,-11],[42,77],[-14,57],[-38,21],[31,35],[63,-1]],[[59793,17592],[15,-61],[105,15],[-4,-80],[-51,-54],[-37,-6],[-17,54],[-73,30],[1,71],[61,31]],[[59801,17920],[65,-57],[0,-38],[-36,-4],[-48,65],[19,34]],[[60394,19113],[11,-66],[-25,-72],[-45,22],[12,57],[-15,35],[36,44],[26,-20]],[[124798,32343],[26,-82],[-47,10],[21,72]],[[125440,32790],[-77,-93],[0,-25],[-51,-72],[-75,-80],[-54,36],[-31,50],[-76,70],[-55,29],[-54,85],[-47,14],[-34,51],[-40,5],[-89,36],[-13,70],[-27,11],[-21,-44],[35,-73],[61,-70],[44,44],[32,-52],[-9,-44],[25,-40],[42,-22],[10,-34],[-16,-73],[-30,45],[-41,9],[-30,40],[9,50],[-63,36],[1,35],[-113,71],[-107,94],[-52,92],[-25,7],[-18,66],[19,35],[-16,43],[-50,38],[-3,35],[-31,54],[11,29],[61,28],[28,-3],[18,-44],[54,-56],[51,32],[90,-10],[62,-53],[20,27],[45,0],[84,-37],[88,21],[41,-20],[71,-2],[17,-87],[128,98],[48,-22],[57,-59],[42,-114],[37,35],[77,-1],[28,-65],[35,-25],[36,17],[20,40],[42,1],[54,74],[17,41]],[[61908,7622],[-41,51],[-13,41],[-75,85],[-78,69],[-86,58],[-29,43],[-74,70],[-55,29],[-63,68],[-51,26]],[[74801,17856],[40,5],[63,-44],[16,-41],[-10,-35],[9,-78],[-40,-52],[-105,-30],[-48,72],[-43,23],[16,54],[35,10],[5,-53],[49,31],[-44,101],[25,42],[32,-5]],[[74658,17881],[12,-46],[-55,-11],[19,54],[24,3]],[[75508,17580],[-25,-70],[-92,-18],[-40,-56],[66,-27],[18,-48],[-85,-5],[-60,31],[-48,67],[-21,50],[55,72],[-12,82],[-89,133],[-22,44],[-45,30],[-22,55],[-34,38],[-14,73],[6,165],[-20,62],[28,32],[23,63],[38,206],[3,56]],[[118121,31273],[-127,30],[-136,12],[-46,14],[-182,38],[-200,49],[-241,33],[-194,41],[-67,24],[-257,40],[-133,27],[-82,24],[-192,11],[-72,26]],[[114073,33604],[116,43],[43,69],[-6,74],[24,29],[79,61],[126,58],[52,67],[95,51],[158,28],[37,19],[4,49],[34,9],[64,-14],[97,-3],[72,14],[57,57],[61,-12],[83,61],[65,3],[225,-48],[70,16],[172,-10],[59,5],[120,-17],[23,11],[87,-27],[49,-3],[32,24],[36,-48],[108,-45],[24,15],[40,-46],[185,-88],[100,-41],[56,-33],[77,1],[63,-15],[95,42],[42,-42],[-25,-72],[72,-20],[68,-68],[28,-88],[45,32],[50,13],[37,-13],[69,7],[0,-36],[45,-55],[83,-25],[13,27],[54,4],[45,-32],[-3,-43],[64,-57],[144,-50],[66,-60],[8,-27],[69,-74],[55,-33],[97,-122],[88,-52],[73,-33],[49,-47],[88,11],[106,-13],[98,0],[69,-24]],[[69054,46364],[64,-11],[19,-61],[-20,-62],[-6,-95],[-34,-29],[-27,12],[18,93],[-19,55],[-58,54],[-83,26],[8,80],[138,-62]],[[68788,46231],[3,60],[-60,63],[-27,77],[9,23],[59,7],[83,-5],[25,-21],[13,-73],[26,-33],[63,-13],[60,-52],[3,-81],[-16,-123],[-65,-11]],[[68988,46890],[52,-6],[-23,-48],[-29,54]],[[68957,46893],[21,-3],[33,-51],[-111,35],[57,19]],[[68532,46901],[93,-2],[-6,-26],[43,-45],[64,-18],[84,18],[102,-9],[90,-47],[21,-32],[94,-29],[-7,-66],[103,-10],[35,-38],[76,13],[40,-53],[-82,-75],[-11,-70],[-40,2],[-79,60],[-113,33],[-105,17],[-95,43],[-70,22],[-99,-22],[-85,10],[-106,30],[-91,139],[56,103],[53,48],[35,4]],[[69069,46941],[106,-59],[12,-43],[-77,-21],[-35,50],[-45,34],[-97,5],[-159,-11],[-74,-26],[-33,59],[31,13],[77,-1],[110,16],[83,26],[101,-42]],[[69449,46877],[-119,43],[22,57],[27,11],[64,-26],[18,-27],[-12,-58]],[[69254,47059],[16,-10],[26,10],[29,-10],[49,8],[-55,-100],[-39,-24],[-72,36],[-75,23],[-40,25],[16,54],[67,-24],[78,12]],[[69289,47156],[28,2],[48,-54],[8,-35],[-40,-15],[-32,13],[-27,50],[15,39]],[[69277,47164],[-5,-48],[24,-50],[-32,-12],[-31,39],[-56,-43],[-67,24],[-22,-55],[-89,42],[-47,9],[-195,-54],[-185,-22],[-130,43],[-53,9],[-86,32],[-53,4],[-98,-26],[-112,5],[-69,-21],[-150,-114],[-53,6],[0,-33],[44,-6],[64,15],[115,66],[100,-1],[85,34],[126,-5],[84,-27],[62,-7],[21,-27],[-10,-42],[-53,-58],[-37,-83],[3,-53],[34,-34],[43,-98],[27,0],[72,-47],[87,-22],[106,4],[-33,-36],[-24,-52],[6,-61]],[[70063,47259],[61,-40],[13,-33],[-23,-63],[-55,-63],[-39,-19],[-61,55],[-6,53],[20,39],[43,32],[11,98],[36,-59]],[[70156,47430],[106,2],[18,-33],[-16,-41],[-54,34],[-133,43],[3,23],[76,-28]],[[69864,47503],[45,-20],[95,-22],[76,-49],[185,-68],[50,-68],[-36,-1],[-70,-50],[-39,-11],[-41,36],[-41,-1],[-29,66],[-46,47],[7,33],[-21,8],[-36,-5],[-147,94],[48,11]],[[69603,47517],[10,-21],[45,-3],[55,12],[35,-22],[66,5],[148,-92],[39,3],[15,-16],[-11,-30],[18,-28],[-9,-103],[-43,-32],[-21,-34],[6,-61],[21,-65],[-60,-3],[-95,-40],[-72,19],[-130,16],[-49,14],[-90,51],[-108,89],[-33,37],[-24,54],[-50,47],[0,90],[-24,19],[17,46],[37,27],[28,-27],[49,30],[33,-27],[86,55],[111,-10]],[[76055,26525],[-42,-54],[17,-25],[37,-159],[9,-121],[-24,-29],[20,-85],[25,-32],[30,-112],[66,-25],[40,53],[117,-9],[48,-88],[-38,-21],[50,-180],[58,-1],[50,93],[29,-54],[17,-92],[47,23],[22,42],[43,8],[14,-70],[89,-2],[30,-65],[46,-23],[50,29],[15,-30],[-18,-89],[41,-92],[-54,-70],[-8,-70],[89,-46]],[[64769,24262],[-36,63],[48,54],[27,-15],[-39,-102]],[[64873,24498],[-23,16],[19,90],[39,4],[-11,-94],[-24,-16]],[[64954,24829],[-71,-122],[-11,-48],[-45,-69],[-47,-34],[-25,-96],[4,-49],[-33,-22],[-19,-48],[3,-68],[20,-77],[-64,-120],[-8,-107],[14,-57],[-55,-78],[-25,-55],[-37,-12],[-98,-2],[-151,-24],[-134,-37],[-102,-77],[-38,-76],[-68,-50],[-105,-55],[-79,-75],[-157,-28],[-72,-30],[-82,-53],[-47,-4],[-246,-106],[-77,-38],[-18,7],[-73,-29],[-137,-76],[-110,-50]],[[62761,22964],[-28,47],[16,46],[-15,47],[-37,13],[-46,112],[-70,136],[-16,53],[-41,32],[-59,98],[-39,91],[-61,176]],[[62761,22964],[-191,-73],[-128,-56],[-77,-42],[-52,-14],[-270,-122],[-55,-34],[-125,-40],[-196,-85],[-102,-50],[-191,-118],[-144,-68],[-314,-168],[-72,-50],[-105,-57],[-77,-30],[-110,-10],[-72,15],[-51,40],[33,37],[-4,193],[-9,72],[27,16],[8,111],[-30,206],[-55,241],[5,84],[-26,178],[27,212],[35,93],[-8,123],[-15,76],[-57,130],[-80,121],[-49,47],[-118,40]],[[35128,16014],[59,-26],[34,4],[97,-44],[71,0],[49,37],[28,0],[42,72],[55,-47],[104,-22],[84,31],[90,68],[67,-66],[45,29],[92,-75],[10,-106],[37,-64]],[[30269,16765],[47,-35],[23,-102],[-11,-24],[-97,51],[-27,-1],[-35,79],[-35,53],[-25,8],[-3,50],[49,2],[42,-46],[72,-35]],[[31306,16732],[-30,-23],[-46,1],[-94,103],[-37,-24],[-37,75],[-57,21],[-34,-37],[-41,65],[-66,-27],[-27,57],[22,23],[-65,34],[-70,17],[-70,-18],[-30,77],[-42,-28],[-67,50],[-8,55],[-86,13],[-35,56],[-100,40],[-61,45],[-138,55],[-56,91],[-62,54],[-96,123],[-78,28],[-83,3],[-72,28],[-114,18],[-84,-30],[-102,-95],[-12,-27],[48,-33],[56,-151],[147,-157],[112,-157],[22,-87],[-28,-7],[-4,-45],[43,-48],[17,-47],[54,-54],[9,-36],[38,-39],[45,-102],[-31,-56],[-11,-52],[36,-29],[57,-80],[-12,-72],[-201,-9]],[[24036,30798],[-26,35],[-23,80],[24,43],[-45,102],[-34,111],[-42,35],[-15,67],[-68,52],[-50,-4],[-33,49],[-39,17],[-49,112],[6,35],[-28,33],[-31,70],[-63,80],[10,62]],[[25974,32994],[64,13],[44,-38],[29,-54],[5,-104],[91,-13],[94,-32],[28,-78],[-5,-63],[56,-66]],[[26380,32559],[-18,-22],[-24,-109],[8,-45],[-18,-39],[-6,-68],[-36,-11],[-26,-85],[-183,-111],[-52,-59],[-18,-42],[-37,-33],[-28,-113],[13,-212],[-1,-80],[-105,-106],[-169,-1]],[[26380,32559],[58,-3],[35,-45],[119,-101],[81,-52],[15,-44],[39,14],[77,-13],[55,-28],[78,-100],[114,-2],[43,-17],[9,-56],[106,18],[158,59],[44,27],[134,-34],[43,4],[200,-34],[168,-84],[72,-12],[66,-37],[14,-24],[118,2],[23,44],[76,16],[139,-5],[49,-31],[67,-17],[154,16],[82,77],[40,-62],[44,-90],[23,-76],[22,-118],[8,-104],[-16,-67],[-34,2],[-9,-61],[35,-128],[65,-129],[54,-81],[0,-30],[51,-66],[-3,-95],[-15,-79],[22,-50],[2,-73],[-25,-26],[-36,-164],[5,-100],[38,-113],[4,-69],[51,-175],[86,-148]],[[11799,39540],[32,56],[-53,127],[-83,125],[-78,88],[-16,35]],[[11601,39971],[57,-24],[44,21],[90,14],[-11,34],[11,50],[71,-2],[94,-44],[22,4],[75,-36],[127,34],[-11,31],[51,44],[85,9],[16,79],[-78,46],[12,69],[43,28],[26,85],[32,24],[40,152],[59,62],[10,79],[-27,101],[31,0]],[[12470,40831],[50,-1],[82,-120],[81,-67],[37,-2],[64,79],[63,36],[100,85],[87,102],[41,33],[54,119],[21,73],[17,107],[74,-23],[67,34],[40,41],[9,68],[-25,25],[21,77],[27,30],[24,68],[47,21],[76,-11],[44,26],[117,19],[4,40],[-33,112],[-6,78],[14,178],[29,145]],[[10706,40797],[49,-23],[-41,-82],[57,-25],[88,21],[65,75],[35,-40],[-17,-49],[62,-15],[60,-48],[-23,-30],[-41,10],[-65,-30],[-39,17],[-40,42],[-68,-30],[-49,0],[-80,50],[-43,-8],[-51,45],[-7,59],[45,104],[80,5],[23,-48]],[[11291,41764],[62,-52],[28,-5],[59,-45],[52,9],[90,-10],[38,-26],[22,-102],[-11,-65],[-24,-59],[21,-56],[46,35],[70,-76],[50,-79],[56,-28],[35,-43],[28,-107],[33,-46],[205,21],[70,40],[24,-41],[-17,-78],[1,-77],[-30,-48],[-13,-62],[24,-53],[49,-4],[52,102],[86,57],[42,13],[31,-48]],[[11601,39971],[-13,105],[-34,98],[-62,50],[-47,68],[-12,55],[-41,51],[22,21],[65,-37],[24,-60],[56,-39],[27,83],[-5,43],[49,39],[31,-5],[4,63],[62,9],[38,85],[22,6],[-6,60],[-28,36],[-11,60],[-44,37],[-51,-20],[-24,25],[-20,81],[49,18]],[[11567,41015],[-50,25],[-28,52],[-48,-19],[-64,36],[-28,-47],[61,-55],[47,-20],[-31,-102],[-66,41],[-51,19],[-39,37],[-58,110],[-99,125],[-45,64],[-64,65],[-74,30],[-3,39],[-55,84],[-36,30],[-126,151],[-135,117],[-77,30],[-91,-14],[-73,43],[-44,61],[-45,30],[-67,-6],[-32,-36],[-64,32],[-46,-14],[-11,46],[-40,52],[-38,20],[-61,68],[-112,60],[-77,85],[-94,74]],[[12247,42880],[13,-103],[36,-117],[-9,-49],[94,4],[105,58],[89,-15],[21,-41],[108,5],[70,-66],[119,-16],[41,-58],[-4,-34],[17,-103],[96,-138],[92,-41],[61,5],[138,44],[84,44],[39,74],[37,-2]],[[41073,10254],[-145,19],[-460,80],[-129,45],[-60,-3],[-65,19],[-73,40],[-289,65],[-107,8]],[[43604,13379],[96,-53],[100,-8],[147,-33],[103,4],[137,33]],[[118993,27197],[-89,-66],[-8,31],[58,54],[39,-19]],[[119019,27359],[30,-16],[14,-56],[-10,-28],[-70,60],[36,40]],[[119219,27198],[-33,3],[-61,61],[-24,45],[18,54],[39,2],[36,-27],[38,-93],[-13,-45]],[[118446,27384],[31,-33],[-51,-22],[-20,42],[40,13]],[[118137,27585],[86,-75],[30,-95],[-13,-65],[-90,69],[-8,40],[-60,72],[29,47],[26,7]],[[118594,27654],[14,-19],[83,-50],[37,-39],[63,-23],[75,-6],[34,-59],[22,-75],[-75,-74],[-97,32],[-25,47],[-112,52],[-46,109],[-65,75],[27,40],[65,-10]],[[119041,28192],[-58,-15],[-1,52],[59,-37]],[[119443,28156],[-18,-19],[-75,15],[-121,-62],[-11,36],[63,25],[66,54],[94,48],[30,-21],[-28,-76]],[[119433,28356],[47,-18],[-45,-57],[-25,-2],[-79,-53],[-53,-49],[-32,-7],[-41,30],[10,29],[60,14],[61,63],[26,73],[71,-23]],[[119786,28428],[-44,-43],[-14,41],[58,2]],[[119591,28304],[-65,11],[13,51],[101,84],[62,26],[29,-117],[-12,-29],[-128,-26]],[[119861,28512],[-28,37],[9,34],[67,15],[42,-35],[-49,-46],[-41,-5]],[[119811,28493],[-94,32],[8,70],[16,25],[81,-40],[-11,-87]],[[117217,27292],[13,41],[45,49],[50,26],[57,55],[36,3],[70,70],[80,2],[53,20],[72,-2],[85,61],[75,-17],[16,-20],[117,-35],[91,-52],[82,-105],[41,-24],[76,-72],[12,-27],[-4,-80],[64,-6],[5,33],[55,70],[11,34],[58,9],[31,-101],[-3,-78],[53,25],[-18,110],[22,27],[37,-10],[22,-82],[19,-18],[53,-112],[28,1],[54,92],[53,-27],[29,16],[21,-43],[46,1],[108,90],[45,11],[37,-12],[85,-89],[56,-4],[17,107],[-12,67],[18,36],[84,-3],[61,-28],[124,-18],[17,53],[-8,47],[-85,15],[-50,33],[-47,95],[16,48],[33,15],[124,3],[124,29],[44,24],[27,42],[53,17],[154,-35],[77,6],[36,-8],[11,45],[-105,-8],[-114,29],[-21,30],[-47,21],[-7,36],[-36,54],[7,39],[48,31],[181,14],[31,21],[23,64],[16,110],[14,27],[-34,65],[-31,5],[17,-110],[-31,-142],[-30,-25],[-65,17],[-63,2],[-50,58],[-48,-30],[-57,-16],[-72,30],[-92,89],[-14,51],[17,20],[88,33],[11,15],[146,53],[60,105],[15,67],[79,16],[3,24],[76,79],[-21,69],[-42,-43],[-39,7],[-58,-25],[-76,44],[-37,-19],[-43,-98],[-31,-28],[-111,-35],[-25,-34],[-59,-26],[-89,32],[-43,-42],[-46,-84],[-59,8],[-41,-19],[-51,-61],[-68,-35],[-22,40],[-48,12],[-57,-30],[-23,47],[-83,-57],[-87,-27],[-46,30],[-262,5],[-56,62],[-123,-4],[-106,-19],[-76,-1],[-73,41],[-21,30],[-41,-28],[-64,-7],[-59,-37],[-21,50],[-91,17],[-114,-12],[-95,-63],[-19,-25],[-70,-25],[-92,8],[-89,-20],[-52,-30],[-59,-78],[-71,-51],[-50,-20],[-70,47],[-103,-7],[-61,32],[-47,64],[-93,32],[-103,-7],[-137,-46],[-75,-43],[-54,-84],[-32,-8],[-52,19],[-139,21],[-47,31],[-38,60],[7,50],[-45,112],[-49,52],[-55,10],[-109,-6]],[[120231,28929],[16,-54],[-1,-57],[37,-210],[48,-407],[1,-106],[16,-165],[16,-88],[8,-96],[29,-175],[-9,-263],[15,-210],[24,-92],[24,-44],[15,-67],[73,-147],[27,-69],[15,-81],[37,-123],[28,-68],[50,-148],[5,-53]],[[121354,27237],[33,-36],[7,-60],[-28,-57],[-52,90],[1,61],[39,2]],[[121627,27888],[-28,9],[10,49],[50,39],[27,-28],[-44,-29],[-15,-40]],[[121938,27812],[-2,-35],[44,-68],[6,-45],[-76,-52],[39,-16],[1,-45],[-38,-32],[-94,34],[54,63],[-54,-6],[-13,33],[-51,5],[-33,119],[177,-10],[16,99],[-39,7],[32,50],[32,-33],[-1,-68]],[[121647,28169],[-2,92],[54,-4],[-52,-88]],[[122456,28775],[-27,20],[-21,66],[42,29],[18,-43],[-12,-72]],[[121446,28808],[-19,-5],[-47,-105],[-26,-23],[26,-40],[-38,-40],[6,-31],[-36,-80],[-65,-77],[-43,105],[-3,91],[-70,42],[20,69],[69,89],[17,60],[46,81],[41,25],[49,-3],[47,-22],[8,-114],[18,-22]],[[120459,29689],[30,-152],[-9,-59],[22,-51],[2,-58],[43,11],[-1,-67],[37,-136],[4,-94],[57,-21],[-39,-63],[7,-63],[-66,-83],[1,-37],[-53,-42],[0,-68],[32,-79],[0,-96],[19,-113],[35,21],[41,-4],[-5,-71],[17,-74],[-36,-82],[6,-39],[55,-20],[-15,-37],[14,-120],[19,-52],[34,-35],[6,-103],[52,-43],[37,-60],[-7,-50],[39,-66],[47,-8],[43,-54],[28,41],[27,-17],[-6,-63],[49,-44],[-13,-31],[56,-36],[25,-56],[69,-70],[-2,-60],[40,-8],[-2,-58],[28,-34],[-20,-31],[45,-66],[3,-58],[32,-52],[41,-36],[-22,-22],[38,-49],[100,-252],[-14,-50],[47,-28],[5,-49],[31,-14],[46,-79],[-17,-84],[36,-57],[125,11],[-6,32],[45,53],[27,55],[11,73],[-58,140],[19,58],[-43,66],[11,46],[-23,41],[16,33],[-7,49],[-60,53],[-16,87],[4,54],[-33,27],[9,136],[33,79],[44,55],[76,76],[78,-6],[31,-23],[28,55],[-65,-10],[8,33],[-22,61],[126,-40],[-4,-38],[88,-42]],[[120896,29772],[15,-13],[-26,-96],[-99,-99],[33,-24],[16,-48],[-42,-121],[-27,-112],[-23,6],[-48,-108],[-31,-3],[-27,89],[-43,13],[31,40],[10,73],[-10,50],[4,74],[79,78],[28,69],[61,94],[-1,52],[100,-14]],[[46418,11638],[-54,43],[-88,88],[-30,43],[-62,59],[-13,95],[2,73],[-101,90],[-86,99]],[[89931,4899],[37,-7],[25,-48],[79,-72],[-64,-50],[-5,-24],[51,-42],[21,50],[95,-31],[40,-55],[54,6],[62,-79],[71,18],[91,-10],[47,-15],[114,-9],[109,-89],[-1,-30],[108,-35],[55,-45],[63,-2],[40,51],[31,-4],[94,94],[48,-10],[47,19],[50,83],[42,9]],[[91837,3914],[-67,-90],[-37,-75],[-35,-27],[-38,-104],[-85,-43],[-75,-62],[-47,-23],[-33,4],[-53,-89],[-159,-99],[-66,-79],[-83,-8],[-70,-74],[-21,-102],[-55,-101],[-94,-95],[-36,-14],[-73,-58],[-109,-69],[-35,-14],[-143,-9],[-399,31]],[[89642,5146],[89,-14],[28,-51],[49,-3],[68,87],[6,31],[134,80],[107,-86],[28,-10],[45,-94],[-5,-30],[40,-55],[4,-68],[-27,-54],[-5,-44],[58,1],[14,29],[46,-7],[49,33],[75,12],[0,57],[26,16],[-9,42],[-42,35],[5,36],[52,14],[15,57],[31,40],[-16,47],[10,57],[30,-12],[35,27],[8,39],[71,27],[37,-6],[5,62],[69,48],[-22,51],[-3,57],[31,75],[13,110],[37,53],[-8,51],[86,-1],[75,-33],[26,33],[38,12],[31,-17],[35,43],[134,35],[72,81],[60,9],[70,71],[31,79],[18,81],[56,9],[44,-26],[193,131]],[[82698,32259],[17,0],[23,-1]],[[79761,30830],[70,-13],[53,14],[105,4],[53,40],[59,-46],[51,-20],[65,-4],[63,-61],[59,14],[40,-15],[66,36],[63,86],[11,61],[65,54],[12,58],[63,74],[8,62],[31,37],[-1,73],[44,34],[-13,80],[61,75],[-4,34],[71,30],[27,59],[85,66],[5,37],[35,33],[0,53],[40,57],[63,61],[28,51],[129,92],[39,-1],[24,79],[-11,18],[72,52],[74,33],[49,71],[-6,35],[29,26],[39,120],[37,1],[30,40],[65,7],[49,38],[40,-4],[31,24],[84,3],[38,70],[-27,31],[47,26],[29,36],[51,27],[63,16],[28,-34],[19,-145],[-36,-86],[-7,-78],[35,-42],[92,-14],[47,-51],[-5,-24],[68,-12],[14,-19],[74,-38],[62,5],[39,29],[38,-12],[53,23],[12,-24],[51,-13]],[[82786,33725],[5,-58],[-37,10],[32,48]],[[82727,34053],[50,1],[23,-32],[63,-16],[27,-37],[37,-20],[-12,-35],[21,-59],[-18,-62],[13,-65],[-38,-53],[-63,-38],[-40,87],[-31,53],[-37,9],[35,-62],[-13,-32],[-44,6],[-40,-37],[-17,36],[-60,17],[-22,31],[-45,19],[-67,-6],[-47,-33],[-19,54],[-61,-95],[-20,-3],[-45,-119],[-62,6],[-31,-45],[-37,-7],[5,61],[-22,33],[61,111],[27,12],[31,80],[34,51],[45,-19],[66,84],[76,-4],[-24,51],[9,37],[49,18],[45,-76],[45,-5],[45,26],[78,71],[30,6]],[[83021,34330],[65,-9],[23,-41],[64,-39],[66,-62],[36,41],[62,42],[24,-25],[0,-49],[22,-92],[-45,-77],[-29,-17],[-64,34],[-46,-2],[-25,-23],[-63,-7],[-23,23],[-50,-1],[-23,-35],[-124,-15],[-25,40],[-43,1],[-33,42],[-8,60],[-23,0],[-3,65],[59,76],[64,39],[71,-59],[-6,-24],[134,7],[-58,45],[-48,-5],[-23,30],[18,31],[54,6]],[[83466,34488],[30,-49],[30,-86],[-21,-29],[49,-41],[22,-38],[41,-24],[24,-48],[14,-78],[-58,-60],[-41,-15],[-43,52],[-41,16],[-10,-37],[40,-65],[-45,-20],[-50,70],[-30,22],[21,49],[-26,87],[-2,43],[30,27],[11,62],[-15,71],[31,5],[20,80],[19,6]],[[83455,34595],[16,-40],[-33,-38],[-41,14],[-80,-52],[-43,12],[40,57],[78,18],[63,29]],[[83824,34695],[-23,-72],[3,-42],[85,-33],[37,-54],[-25,-33],[-46,-2],[-17,-25],[-41,51],[-60,-11],[-20,53],[2,47],[-58,-41],[-25,55],[115,92],[73,15]],[[83929,34705],[55,-74],[46,21],[35,-19],[15,-59],[57,41],[32,-28],[56,-15],[51,-38],[18,-36],[57,-7],[14,-64],[-35,-26],[-15,-87],[46,-59],[2,-61],[-42,28],[-36,55],[0,35],[-46,61],[7,66],[-41,-12],[-66,63],[-141,32],[-100,85],[-15,76],[46,22]],[[82051,34964],[47,-7],[28,-70],[-1,-80],[-16,-52],[-39,-47],[-62,-13],[-11,-19],[-72,18],[-44,39],[-42,60],[-3,62],[52,52],[71,52],[92,5]],[[79281,38564],[-38,-27],[-61,6],[37,46],[40,3],[22,-28]],[[78929,38796],[68,-52],[13,-25],[57,-5],[-27,-55],[-39,64],[-58,12],[-14,61]],[[78244,38709],[-4,-58],[-35,-45],[-38,12],[-24,60],[19,112],[54,45],[33,-22],[8,-49],[-13,-55]],[[77439,37765],[74,31],[51,6],[162,114],[44,88],[-13,187],[-16,13],[19,70],[-4,58],[37,52],[-16,65],[88,36],[21,55],[58,-15],[59,13],[82,-31],[-1,-80],[-20,-30],[4,-73],[-16,-110],[-20,-22],[-3,-85],[43,-32],[55,-14],[21,88],[27,-8],[-4,-106],[32,-79],[37,-39],[59,2],[98,-35],[79,-13],[67,49],[120,-3],[53,-46],[12,-70],[62,-19],[34,7],[17,38],[-50,11],[0,27],[45,58],[22,-1],[24,55],[-24,79],[37,83],[3,46],[35,92],[50,47],[-11,45],[88,64],[97,20],[-38,52],[45,37],[31,-40],[32,12],[41,-30],[23,60],[63,74],[82,64],[73,-5],[2,64],[-42,15],[16,69],[-37,92],[-37,15],[40,96],[-4,58],[26,6],[92,80],[1,71],[-28,3],[-24,55],[29,108],[-36,19],[10,61],[31,40],[-31,18],[-12,83],[74,-19],[21,-22],[133,31],[67,111],[35,-44],[-47,-29],[6,-80],[46,33],[37,-3],[9,70],[34,32],[74,-25],[22,6],[110,-56],[91,-16],[3,-30],[71,-31],[53,53],[63,-10],[171,-102],[67,-54],[-2,-23]],[[51600,9959],[17,-52],[-64,-2],[-6,-107],[39,-44],[30,-66],[-21,-32],[6,-73],[45,-52],[31,7],[53,-90],[37,-27],[11,-38],[95,-28],[-9,-73],[-26,-30],[-70,-25],[-120,-6],[-55,-28],[-21,24],[-39,-9],[-35,-54],[-16,-51],[30,-96],[17,-12],[3,-82],[-19,-26],[24,-39],[34,-16],[9,-72],[31,-28],[47,3]],[[51658,8735],[-18,-23],[6,-72],[-50,-68],[-47,23],[30,63],[-58,81],[-51,-10],[-19,-39],[19,-62],[-56,1],[-15,-22],[26,-52],[46,-21],[-11,-49],[-34,-39],[-75,24],[-22,50],[-56,3],[-51,38],[-13,58],[-35,16],[-31,-32],[-36,26],[-76,-29],[5,47],[-53,32],[-65,-27],[-4,-47],[-65,-11],[-103,87],[-50,-45],[-39,36],[-14,48],[27,28],[-15,48],[-74,38],[-48,-63],[-17,23]],[[51403,13669],[56,-39],[63,-19],[65,4],[105,-31],[65,-40],[67,-23],[95,0],[83,20],[119,50],[62,43],[71,5],[39,-32],[20,-72],[63,-76],[10,-50],[80,-115],[51,-52],[54,-25],[108,-2],[63,-24],[63,15],[75,2]],[[30602,20813],[23,100],[51,48],[12,82],[33,38],[117,-74],[86,-3],[49,20],[11,59],[-15,36],[-4,67],[-52,26],[-98,-8],[-45,33],[-35,-1],[28,99],[-20,108],[3,78],[23,72],[-29,100],[-52,13],[-91,73],[-29,57],[-10,63]],[[31475,21928],[-7,-66],[-34,-77],[-71,-20],[0,-114],[-65,5],[-34,-18],[0,-70],[74,-19],[55,-1],[4,-87],[17,-19],[-21,-120],[14,-27],[71,-28],[49,-1],[-5,-64],[32,-29],[18,-74],[28,-11],[-39,-69],[-38,-16],[-48,63],[-30,3],[-92,-77],[12,-30],[-25,-36],[-61,-30],[33,-30],[1,-144],[28,-43],[44,-7],[17,-29],[-9,-95]],[[33299,22063],[2,-66],[25,-87],[-23,-123],[-4,-250],[9,-72],[26,-83],[89,-79],[-19,-93],[39,-11],[81,-97],[31,22],[34,-24],[-30,-80],[-12,-151],[19,-120],[-41,-47],[-23,-80],[20,-94],[79,-75],[-56,-136],[-69,6]],[[52441,8660],[-25,28],[-82,21],[-48,43],[-108,16],[-42,-89],[-51,30],[-21,-19],[-46,16],[-67,44],[-21,48],[-70,-16],[-77,6],[-69,55],[-51,-5],[-18,-42],[28,-15],[-15,-46]],[[78286,23599],[17,-48],[63,-33],[-6,-59],[14,-113],[-28,-40],[-78,-78],[-37,-58],[-65,-142],[-38,-42],[-46,-113],[-31,-155],[53,-114],[-8,-42],[-28,-29],[54,-74],[-15,-45],[6,-105],[-78,-138],[29,-9],[21,-67],[77,-39],[29,-106],[-18,-86],[-27,-62]],[[89274,16348],[-2,55],[33,80],[16,1],[153,-98],[76,-204],[18,-16],[31,-119],[-26,-33],[-88,-35],[-21,54],[35,53],[0,38],[-31,37],[-82,7],[-84,32],[-51,93],[23,55]],[[89139,16727],[34,-14],[-9,-53],[-57,-1],[-47,70],[79,-2]],[[89078,16823],[-57,-18],[18,56],[39,-38]],[[89063,16996],[95,-15],[78,-30],[82,-71],[10,-53],[-105,-25],[-59,-3],[-59,21],[-67,67],[-23,38],[7,46],[41,25]],[[88840,17543],[77,-69],[59,-6],[10,-36],[-56,-38],[-110,39],[1,76],[19,34]],[[88945,17563],[-30,-56],[-31,44],[40,39],[21,-27]],[[88449,17776],[73,-14],[14,-32],[91,-42],[38,-64],[83,-77],[19,-37],[-13,-63],[8,-62],[-92,23],[-30,76],[-49,74],[-108,87],[-62,109],[28,22]],[[88173,18003],[75,-54],[-25,-41],[-79,19],[-68,42],[39,31],[58,3]],[[87744,18243],[125,-106],[-5,-34],[-121,46],[-52,92],[53,2]],[[90408,18237],[-26,-45],[-39,53],[20,24],[45,-32]],[[88037,18510],[48,-4],[101,-59],[53,-60],[11,-44],[-34,-139],[10,-95],[-69,-17],[-61,-30],[-39,13],[-101,98],[-23,4],[-16,76],[-27,52],[-1,60],[-25,80],[40,63],[133,2]],[[126377,26638],[-11,30],[27,50],[62,-8],[90,75],[139,14],[81,73],[23,-18],[156,76],[28,3],[59,49],[54,82],[36,75],[18,8],[65,166],[6,97],[-15,28],[33,56],[22,84],[0,45],[59,37],[69,116],[13,72],[-6,100],[-19,104],[33,58],[44,11],[28,50],[45,25],[35,45],[98,47],[110,-16],[77,12],[100,47],[24,-67],[37,-29],[53,32],[84,31],[-21,-57],[21,-54],[54,-55],[114,20],[114,-37],[116,97],[91,-62],[18,-42],[45,15],[-20,57],[66,20],[51,67],[25,-32],[39,17],[9,72],[-30,54]],[[48990,8987],[-82,-2],[-29,18],[-132,14]],[[136703,22152],[67,13],[308,78],[153,54],[98,18],[205,84],[163,119],[644,1219]]],"transform":{"scale":[0.00032439600806707475,0.00031120375719884445],"translate":[95.01647770000005,-11.007615099999953]},"objects":{"IDN":{"type":"GeometryCollection","geometries":[{"arcs":[[0,1,2,3,4]],"type":"Polygon","properties":{"name":"Aceh Barat","shapeGroup":"IDN","gid":"IDN-2-0"},"id":"IDN-2-0"},{"arcs":[[5,6,7,8]],"type":"Polygon","properties":{"name":"Aceh Barat Daya","shapeGroup":"IDN","gid":"IDN-2-1"},"id":"IDN-2-1"},{"arcs":[[[9]],[[10,11,12,13,14]],[[15]],[[16]]],"type":"MultiPolygon","properties":{"name":"Aceh Besar","shapeGroup":"IDN","gid":"IDN-2-2"},"id":"IDN-2-2"},{"arcs":[[[17]],[[-3,18,-12,19]]],"type":"MultiPolygon","properties":{"name":"Aceh Jaya","shapeGroup":"IDN","gid":"IDN-2-3"},"id":"IDN-2-3"},{"arcs":[[-6,20,21,22,23,24]],"type":"Polygon","properties":{"name":"Aceh Selatan","shapeGroup":"IDN","gid":"IDN-2-4"},"id":"IDN-2-4"},{"arcs":[[[25]],[[26]],[[27]],[[-24,28,29,30,31]]],"type":"MultiPolygon","properties":{"name":"Aceh Singkil","shapeGroup":"IDN","gid":"IDN-2-5"},"id":"IDN-2-5"},{"arcs":[[32,33,34,35,36]],"type":"Polygon","properties":{"name":"Aceh Tamiang","shapeGroup":"IDN","gid":"IDN-2-6"},"id":"IDN-2-6"},{"arcs":[[-5,37,38,39,40,41,42]],"type":"Polygon","properties":{"name":"Aceh Tengah","shapeGroup":"IDN","gid":"IDN-2-7"},"id":"IDN-2-7"},{"arcs":[[-22,43,44,45,46,47]],"type":"Polygon","properties":{"name":"Aceh Tenggara","shapeGroup":"IDN","gid":"IDN-2-8"},"id":"IDN-2-8"},{"arcs":[[-35,48,-41,49,50,51,52]],"type":"Polygon","properties":{"name":"Aceh Timur","shapeGroup":"IDN","gid":"IDN-2-9"},"id":"IDN-2-9"},{"arcs":[[-51,53,54,55,56,57]],"type":"Polygon","properties":{"name":"Aceh Utara","shapeGroup":"IDN","gid":"IDN-2-10"},"id":"IDN-2-10"},{"arcs":[[58,59,60,61,62,63],[64]],"type":"Polygon","properties":{"name":"Agam","shapeGroup":"IDN","gid":"IDN-2-11"},"id":"IDN-2-11"},{"arcs":[[[65]],[[66]],[[67]],[[68]],[[69]],[[70]],[[71]],[[72]]],"type":"MultiPolygon","properties":{"name":"Alor","shapeGroup":"IDN","gid":"IDN-2-12"},"id":"IDN-2-12"},{"arcs":[[73,74,75,76,77],[78]],"type":"Polygon","properties":{"name":"Asahan","shapeGroup":"IDN","gid":"IDN-2-13"},"id":"IDN-2-13"},{"arcs":[[79,80,81,82,83]],"type":"Polygon","properties":{"name":"Asmat","shapeGroup":"IDN","gid":"IDN-2-14"},"id":"IDN-2-14"},{"arcs":[[84,85,86,87,88,89]],"type":"Polygon","properties":{"name":"Badung","shapeGroup":"IDN","gid":"IDN-2-15"},"id":"IDN-2-15"},{"arcs":[[90,91,92,93,94]],"type":"Polygon","properties":{"name":"Balangan","shapeGroup":"IDN","gid":"IDN-2-16"},"id":"IDN-2-16"},{"arcs":[[95,96,97,98,99,100,101,102]],"type":"Polygon","properties":{"name":"Bandung","shapeGroup":"IDN","gid":"IDN-2-17"},"id":"IDN-2-17"},{"arcs":[[-99,103,104,105,106,-102,107,108]],"type":"Polygon","properties":{"name":"Bandung Barat","shapeGroup":"IDN","gid":"IDN-2-18"},"id":"IDN-2-18"},{"arcs":[[[109,110,111]],[[112]]],"type":"MultiPolygon","properties":{"name":"Banggai","shapeGroup":"IDN","gid":"IDN-2-19"},"id":"IDN-2-19"},{"arcs":[[[113]],[[114]]],"type":"MultiPolygon","properties":{"name":"Banggai Kepulauan","shapeGroup":"IDN","gid":"IDN-2-20"},"id":"IDN-2-20"},{"arcs":[[[115]],[[116]],[[117]],[[118]],[[119]],[[120]],[[121]],[[122]],[[123]],[[124]],[[125]],[[126]],[[127]],[[128]]],"type":"MultiPolygon","properties":{"name":"Banggai Laut","shapeGroup":"IDN","gid":"IDN-2-21"},"id":"IDN-2-21"},{"arcs":[[129,130,131,132,133]],"type":"Polygon","properties":{"name":"Bangka","shapeGroup":"IDN","gid":"IDN-2-22"},"id":"IDN-2-22"},{"arcs":[[-133,134]],"type":"Polygon","properties":{"name":"Bangka Barat","shapeGroup":"IDN","gid":"IDN-2-23"},"id":"IDN-2-23"},{"arcs":[[[135]],[[136]],[[137]],[[138,139]]],"type":"MultiPolygon","properties":{"name":"Bangka Selatan","shapeGroup":"IDN","gid":"IDN-2-24"},"id":"IDN-2-24"},{"arcs":[[[140]],[[-131,141,142,-140,143]]],"type":"MultiPolygon","properties":{"name":"Bangka Tengah","shapeGroup":"IDN","gid":"IDN-2-25"},"id":"IDN-2-25"},{"arcs":[[144,145]],"type":"Polygon","properties":{"name":"Bangkalan","shapeGroup":"IDN","gid":"IDN-2-26"},"id":"IDN-2-26"},{"arcs":[[-90,146,147,148,149]],"type":"Polygon","properties":{"name":"Bangli","shapeGroup":"IDN","gid":"IDN-2-27"},"id":"IDN-2-27"},{"arcs":[[150,151,152,153,154,155,156,157,158,159,160]],"type":"Polygon","properties":{"name":"Banjar","shapeGroup":"IDN","gid":"IDN-2-28"},"id":"IDN-2-28"},{"arcs":[[161,162,163,164,165,166]],"type":"Polygon","properties":{"name":"Banjarnegara","shapeGroup":"IDN","gid":"IDN-2-29"},"id":"IDN-2-29"},{"arcs":[[167,168,169,170,171]],"type":"Polygon","properties":{"name":"Bantaeng","shapeGroup":"IDN","gid":"IDN-2-30"},"id":"IDN-2-30"},{"arcs":[[172,173,174,175,176,177]],"type":"Polygon","properties":{"name":"Bantul","shapeGroup":"IDN","gid":"IDN-2-31"},"id":"IDN-2-31"},{"arcs":[[[178]],[[179]],[[180]],[[181,182,183,184,185,186,187,188,189]]],"type":"MultiPolygon","properties":{"name":"Banyu Asin","shapeGroup":"IDN","gid":"IDN-2-32"},"id":"IDN-2-32"},{"arcs":[[-164,190,191,192,193,194,195]],"type":"Polygon","properties":{"name":"Banyumas","shapeGroup":"IDN","gid":"IDN-2-33"},"id":"IDN-2-33"},{"arcs":[[196,197,198,199]],"type":"Polygon","properties":{"name":"Banyuwangi","shapeGroup":"IDN","gid":"IDN-2-34"},"id":"IDN-2-34"},{"arcs":[[-157,200,201,202,203,204,-159,205]],"type":"Polygon","properties":{"name":"Barito Kuala","shapeGroup":"IDN","gid":"IDN-2-35"},"id":"IDN-2-35"},{"arcs":[[-203,206,207,208,209,210]],"type":"Polygon","properties":{"name":"Barito Selatan","shapeGroup":"IDN","gid":"IDN-2-36"},"id":"IDN-2-36"},{"arcs":[[-210,211,212]],"type":"Polygon","properties":{"name":"Barito Timur","shapeGroup":"IDN","gid":"IDN-2-37"},"id":"IDN-2-37"},{"arcs":[[-208,213,214,215,216,217,218]],"type":"Polygon","properties":{"name":"Barito Utara","shapeGroup":"IDN","gid":"IDN-2-38"},"id":"IDN-2-38"},{"arcs":[[219,220,221,222,223,224]],"type":"Polygon","properties":{"name":"Barru","shapeGroup":"IDN","gid":"IDN-2-39"},"id":"IDN-2-39"},{"arcs":[[-167,225,226,227,228,229]],"type":"Polygon","properties":{"name":"Batang","shapeGroup":"IDN","gid":"IDN-2-40"},"id":"IDN-2-40"},{"arcs":[[230,231,232,233,234]],"type":"Polygon","properties":{"name":"Batang Hari","shapeGroup":"IDN","gid":"IDN-2-41"},"id":"IDN-2-41"},{"arcs":[[[235,236]],[[-77,237,238,239]]],"type":"MultiPolygon","properties":{"name":"Batu Bara","shapeGroup":"IDN","gid":"IDN-2-42"},"id":"IDN-2-42"},{"arcs":[[240,241,242,243,244,245]],"type":"Polygon","properties":{"name":"Bekasi","shapeGroup":"IDN","gid":"IDN-2-43"},"id":"IDN-2-43"},{"arcs":[[[246]],[[247]],[[248]],[[249]],[[250]],[[251]],[[252]],[[253,254]]],"type":"MultiPolygon","properties":{"name":"Belitung","shapeGroup":"IDN","gid":"IDN-2-44"},"id":"IDN-2-44"},{"arcs":[[[255]],[[256]],[[-254,257]]],"type":"MultiPolygon","properties":{"name":"Belitung Timur","shapeGroup":"IDN","gid":"IDN-2-45"},"id":"IDN-2-45"},{"arcs":[[258,259,260]],"type":"Polygon","properties":{"name":"Belu","shapeGroup":"IDN","gid":"IDN-2-46"},"id":"IDN-2-46"},{"arcs":[[-40,261,-54,-50]],"type":"Polygon","properties":{"name":"Bener Meriah","shapeGroup":"IDN","gid":"IDN-2-47"},"id":"IDN-2-47"},{"arcs":[[[262]],[[263,264,265,266,267]],[[268]],[[269]],[[270]]],"type":"MultiPolygon","properties":{"name":"Bengkalis","shapeGroup":"IDN","gid":"IDN-2-48"},"id":"IDN-2-48"},{"arcs":[[[271]],[[272,273,274,275,276,277,278]]],"type":"MultiPolygon","properties":{"name":"Bengkayang","shapeGroup":"IDN","gid":"IDN-2-49"},"id":"IDN-2-49"},{"arcs":[[279,280,281,282,283]],"type":"Polygon","properties":{"name":"Bengkulu Selatan","shapeGroup":"IDN","gid":"IDN-2-50"},"id":"IDN-2-50"},{"arcs":[[284,285,286,287,288,289]],"type":"Polygon","properties":{"name":"Bengkulu Tengah","shapeGroup":"IDN","gid":"IDN-2-51"},"id":"IDN-2-51"},{"arcs":[[[290]],[[-288,291,292,293,294,295]]],"type":"MultiPolygon","properties":{"name":"Bengkulu Utara","shapeGroup":"IDN","gid":"IDN-2-52"},"id":"IDN-2-52"},{"arcs":[[[296]],[[297]],[[298]],[[299]],[[300]],[[301]],[[302]],[[303]],[[304]],[[305]],[[306]],[[307]],[[308]],[[309]],[[310]],[[311]],[[312]],[[313,314,315,316]]],"type":"MultiPolygon","properties":{"name":"Berau","shapeGroup":"IDN","gid":"IDN-2-53"},"id":"IDN-2-53"},{"arcs":[[[317]],[[318]],[[319]],[[320]],[[321]],[[322]],[[323]],[[324]],[[325]],[[326,327]]],"type":"MultiPolygon","properties":{"name":"Biak Numfor","shapeGroup":"IDN","gid":"IDN-2-54"},"id":"IDN-2-54"},{"arcs":[[[328]],[[329]],[[330]],[[331,332,333,334]],[[335]],[[336,337]]],"type":"MultiPolygon","properties":{"name":"Bima","shapeGroup":"IDN","gid":"IDN-2-55"},"id":"IDN-2-55"},{"arcs":[[[338]],[[339]],[[340]],[[341]],[[342]],[[343]],[[344]],[[345]],[[346]],[[347]],[[348]],[[349]],[[350]],[[351]],[[352]],[[353]],[[354]],[[355,356]]],"type":"MultiPolygon","properties":{"name":"Bintan","shapeGroup":"IDN","gid":"IDN-2-56"},"id":"IDN-2-56"},{"arcs":[[-39,357,358,359,-55,-262]],"type":"Polygon","properties":{"name":"Bireuen","shapeGroup":"IDN","gid":"IDN-2-57"},"id":"IDN-2-57"},{"arcs":[[360,361,362,363],[364]],"type":"Polygon","properties":{"name":"Blitar","shapeGroup":"IDN","gid":"IDN-2-58"},"id":"IDN-2-58"},{"arcs":[[365,366,367,368,369,370]],"type":"Polygon","properties":{"name":"Blora","shapeGroup":"IDN","gid":"IDN-2-59"},"id":"IDN-2-59"},{"arcs":[[371,372,373,374]],"type":"Polygon","properties":{"name":"Boalemo","shapeGroup":"IDN","gid":"IDN-2-60"},"id":"IDN-2-60"},{"arcs":[[-242,375,376,377,378,379,380,381,382,383],[384]],"type":"Polygon","properties":{"name":"Bogor","shapeGroup":"IDN","gid":"IDN-2-61"},"id":"IDN-2-61"},{"arcs":[[-368,385,386,387,388,389,390]],"type":"Polygon","properties":{"name":"Bojonegoro","shapeGroup":"IDN","gid":"IDN-2-62"},"id":"IDN-2-62"},{"arcs":[[391,392,393,394,395,396,397]],"type":"Polygon","properties":{"name":"Bolaang Mongondow","shapeGroup":"IDN","gid":"IDN-2-63"},"id":"IDN-2-63"},{"arcs":[[-396,398,399,400,401]],"type":"Polygon","properties":{"name":"Bolaang Mongondow Selatan","shapeGroup":"IDN","gid":"IDN-2-64"},"id":"IDN-2-64"},{"arcs":[[-393,402,403,404,405,406,-399,-395,407]],"type":"Polygon","properties":{"name":"Bolaang Mongondow Timur","shapeGroup":"IDN","gid":"IDN-2-65"},"id":"IDN-2-65"},{"arcs":[[-397,-402,408,409,410]],"type":"Polygon","properties":{"name":"Bolaang Mongondow Utara","shapeGroup":"IDN","gid":"IDN-2-66"},"id":"IDN-2-66"},{"arcs":[[[411]],[[412,413]],[[414,415,416,417]]],"type":"MultiPolygon","properties":{"name":"Bombana","shapeGroup":"IDN","gid":"IDN-2-67"},"id":"IDN-2-67"},{"arcs":[[-199,418,419,420]],"type":"Polygon","properties":{"name":"Bondowoso","shapeGroup":"IDN","gid":"IDN-2-68"},"id":"IDN-2-68"},{"arcs":[[-223,421,422,423,424,425,426,427]],"type":"Polygon","properties":{"name":"Bone","shapeGroup":"IDN","gid":"IDN-2-69"},"id":"IDN-2-69"},{"arcs":[[-401,428,429,430,431,-409]],"type":"Polygon","properties":{"name":"Bone Bolango","shapeGroup":"IDN","gid":"IDN-2-70"},"id":"IDN-2-70"},{"arcs":[[432,433,434,435,436]],"type":"Polygon","properties":{"name":"Boven Digoel","shapeGroup":"IDN","gid":"IDN-2-71"},"id":"IDN-2-71"},{"arcs":[[437,438,439,440,441,442,443,444,445,446,447,448]],"type":"Polygon","properties":{"name":"Boyolali","shapeGroup":"IDN","gid":"IDN-2-72"},"id":"IDN-2-72"},{"arcs":[[-193,449,450,451,452,453,454]],"type":"Polygon","properties":{"name":"Brebes","shapeGroup":"IDN","gid":"IDN-2-73"},"id":"IDN-2-73"},{"arcs":[[-89,455,456,457,458,-147]],"type":"Polygon","properties":{"name":"Buleleng","shapeGroup":"IDN","gid":"IDN-2-74"},"id":"IDN-2-74"},{"arcs":[[[459]],[[-168,460,461]]],"type":"MultiPolygon","properties":{"name":"Bulukumba","shapeGroup":"IDN","gid":"IDN-2-75"},"id":"IDN-2-75"},{"arcs":[[[462]],[[463]],[[464]],[[465]],[[466]],[[467]],[[468]],[[469]],[[470]],[[471]],[[472]],[[473]],[[474]],[[475]],[[476]],[[477]],[[478]],[[479]],[[480]],[[481]],[[482]],[[483]],[[484]],[[485]],[[-317,486,487,488,489,490]],[[491]],[[492]],[[493]],[[494]]],"type":"MultiPolygon","properties":{"name":"Bulungan","shapeGroup":"IDN","gid":"IDN-2-76"},"id":"IDN-2-76"},{"arcs":[[495,496,497,498]],"type":"Polygon","properties":{"name":"Bungo","shapeGroup":"IDN","gid":"IDN-2-77"},"id":"IDN-2-77"},{"arcs":[[499,500,501,502,503]],"type":"Polygon","properties":{"name":"Buol","shapeGroup":"IDN","gid":"IDN-2-78"},"id":"IDN-2-78"},{"arcs":[[504,505]],"type":"Polygon","properties":{"name":"Buru","shapeGroup":"IDN","gid":"IDN-2-79"},"id":"IDN-2-79"},{"arcs":[[[506]],[[-505,507]]],"type":"MultiPolygon","properties":{"name":"Buru Selatan","shapeGroup":"IDN","gid":"IDN-2-80"},"id":"IDN-2-80"},{"arcs":[[[508]],[[509,510,511,512,513,514]]],"type":"MultiPolygon","properties":{"name":"Buton","shapeGroup":"IDN","gid":"IDN-2-81"},"id":"IDN-2-81"},{"arcs":[[[515]],[[516]],[[517]],[[-511,518,519]]],"type":"MultiPolygon","properties":{"name":"Buton Selatan","shapeGroup":"IDN","gid":"IDN-2-82"},"id":"IDN-2-82"},{"arcs":[[[520]],[[521]],[[-413,522]],[[523,524]]],"type":"MultiPolygon","properties":{"name":"Buton Tengah","shapeGroup":"IDN","gid":"IDN-2-83"},"id":"IDN-2-83"},{"arcs":[[[525]],[[-515,526,527]]],"type":"MultiPolygon","properties":{"name":"Buton Utara","shapeGroup":"IDN","gid":"IDN-2-84"},"id":"IDN-2-84"},{"arcs":[[528,529,530,531,532,533,534,535,536]],"type":"Polygon","properties":{"name":"Ciamis","shapeGroup":"IDN","gid":"IDN-2-85"},"id":"IDN-2-85"},{"arcs":[[-98,537,538,539,-378,540,541,-104]],"type":"Polygon","properties":{"name":"Cianjur","shapeGroup":"IDN","gid":"IDN-2-86"},"id":"IDN-2-86"},{"arcs":[[-192,542,543,544,-532,545,-530,546,-450]],"type":"Polygon","properties":{"name":"Cilacap","shapeGroup":"IDN","gid":"IDN-2-87"},"id":"IDN-2-87"},{"arcs":[[-452,547,548,549,550,551,552]],"type":"Polygon","properties":{"name":"Cirebon","shapeGroup":"IDN","gid":"IDN-2-88"},"id":"IDN-2-88"},{"arcs":[[-47,553,554,555,556,557]],"type":"Polygon","properties":{"name":"Dairi","shapeGroup":"IDN","gid":"IDN-2-89"},"id":"IDN-2-89"},{"arcs":[[[558,559]],[[560,561]],[[-404,562]],[[563]]],"type":"MultiPolygon","properties":{"name":"Danau","shapeGroup":"IDN","gid":"IDN-2-90"},"id":"IDN-2-90"},{"arcs":[[-555,564,565,566,567,568,569],[570],[571]],"type":"Polygon","properties":{"name":"Danau Toba","shapeGroup":"IDN","gid":"IDN-2-91"},"id":"IDN-2-91"},{"arcs":[[572,573,574]],"type":"Polygon","properties":{"name":"Deiyai","shapeGroup":"IDN","gid":"IDN-2-92"},"id":"IDN-2-92"},{"arcs":[[575,576,577,578,579,580,581,582,583]],"type":"Polygon","properties":{"name":"Deli Serdang","shapeGroup":"IDN","gid":"IDN-2-93"},"id":"IDN-2-93"},{"arcs":[[584,585,586,587,588,589]],"type":"Polygon","properties":{"name":"Demak","shapeGroup":"IDN","gid":"IDN-2-94"},"id":"IDN-2-94"},{"arcs":[[-498,590,591,592,593,594,595]],"type":"Polygon","properties":{"name":"Dharmasraya","shapeGroup":"IDN","gid":"IDN-2-95"},"id":"IDN-2-95"},{"arcs":[[-574,596,597,598,599]],"type":"Polygon","properties":{"name":"Dogiyai","shapeGroup":"IDN","gid":"IDN-2-96"},"id":"IDN-2-96"},{"arcs":[[[-334,600,601,602,-337,603]],[[604]]],"type":"MultiPolygon","properties":{"name":"Dompu","shapeGroup":"IDN","gid":"IDN-2-97"},"id":"IDN-2-97"},{"arcs":[[[605,606,607,608]],[[609]],[[610,611,612,613]]],"type":"MultiPolygon","properties":{"name":"Donggala","shapeGroup":"IDN","gid":"IDN-2-98"},"id":"IDN-2-98"},{"arcs":[[614,615,616,617,618,619]],"type":"Polygon","properties":{"name":"Empat Lawang","shapeGroup":"IDN","gid":"IDN-2-99"},"id":"IDN-2-99"},{"arcs":[[[620]],[[621,622,623,624]]],"type":"MultiPolygon","properties":{"name":"Ende","shapeGroup":"IDN","gid":"IDN-2-100"},"id":"IDN-2-100"},{"arcs":[[625,626,627,628]],"type":"Polygon","properties":{"name":"Enrekang","shapeGroup":"IDN","gid":"IDN-2-101"},"id":"IDN-2-101"},{"arcs":[[[629]],[[630]],[[631]],[[632]],[[633]],[[634]],[[635]],[[636,637,638]]],"type":"MultiPolygon","properties":{"name":"Fakfak","shapeGroup":"IDN","gid":"IDN-2-102"},"id":"IDN-2-102"},{"arcs":[[[639]],[[640]],[[641,642]]],"type":"MultiPolygon","properties":{"name":"Flores Timur","shapeGroup":"IDN","gid":"IDN-2-103"},"id":"IDN-2-103"},{"arcs":[[-97,643,644,645,-538]],"type":"Polygon","properties":{"name":"Garut","shapeGroup":"IDN","gid":"IDN-2-104"},"id":"IDN-2-104"},{"arcs":[[-9,646,-42,-49,-34,647,-44,-21]],"type":"Polygon","properties":{"name":"Gayo Lues","shapeGroup":"IDN","gid":"IDN-2-105"},"id":"IDN-2-105"},{"arcs":[[-85,-150,648,649,650]],"type":"Polygon","properties":{"name":"Gianyar","shapeGroup":"IDN","gid":"IDN-2-106"},"id":"IDN-2-106"},{"arcs":[[-372,651,-431,652,653]],"type":"Polygon","properties":{"name":"Gorontalo","shapeGroup":"IDN","gid":"IDN-2-107"},"id":"IDN-2-107"},{"arcs":[[[654]],[[655]],[[-375,656,-500,657,-410,-432,-652]]],"type":"MultiPolygon","properties":{"name":"Gorontalo Utara","shapeGroup":"IDN","gid":"IDN-2-108"},"id":"IDN-2-108"},{"arcs":[[-171,658,659,660,661,-426,662]],"type":"Polygon","properties":{"name":"Gowa","shapeGroup":"IDN","gid":"IDN-2-109"},"id":"IDN-2-109"},{"arcs":[[[663,664,665,666,667]],[[668]]],"type":"MultiPolygon","properties":{"name":"Gresik","shapeGroup":"IDN","gid":"IDN-2-110"},"id":"IDN-2-110"},{"arcs":[[-370,669,670,671,-449,672,-586,673,674]],"type":"Polygon","properties":{"name":"Grobogan","shapeGroup":"IDN","gid":"IDN-2-111"},"id":"IDN-2-111"},{"arcs":[[-174,675,676,677,678,679]],"type":"Polygon","properties":{"name":"Gunung Kidul","shapeGroup":"IDN","gid":"IDN-2-112"},"id":"IDN-2-112"},{"arcs":[[680,681,682,683,684,685]],"type":"Polygon","properties":{"name":"Gunung Mas","shapeGroup":"IDN","gid":"IDN-2-113"},"id":"IDN-2-113"},{"arcs":[[[686]],[[687,688,689,690]]],"type":"MultiPolygon","properties":{"name":"Halmahera Barat","shapeGroup":"IDN","gid":"IDN-2-114"},"id":"IDN-2-114"},{"arcs":[[[691]],[[692]],[[693]],[[694]],[[695]],[[696]],[[697]],[[698]],[[699]],[[700]],[[701]],[[702]],[[703]],[[704]],[[705]],[[706]],[[707]],[[708]],[[709]],[[710]],[[711]],[[712]],[[713]],[[714]],[[715]],[[716]],[[717]],[[718]],[[719]],[[720]],[[721,722,723]],[[724]]],"type":"MultiPolygon","properties":{"name":"Halmahera Selatan","shapeGroup":"IDN","gid":"IDN-2-115"},"id":"IDN-2-115"},{"arcs":[[[725]],[[726]],[[727]],[[728]],[[729]],[[-723,730,731,732]]],"type":"MultiPolygon","properties":{"name":"Halmahera Tengah","shapeGroup":"IDN","gid":"IDN-2-116"},"id":"IDN-2-116"},{"arcs":[[[733]],[[-688,734,735,-732,736]]],"type":"MultiPolygon","properties":{"name":"Halmahera Timur","shapeGroup":"IDN","gid":"IDN-2-117"},"id":"IDN-2-117"},{"arcs":[[[737]],[[738]],[[-691,739,-735]],[[740]]],"type":"MultiPolygon","properties":{"name":"Halmahera Utara","shapeGroup":"IDN","gid":"IDN-2-118"},"id":"IDN-2-118"},{"arcs":[[-161,741,742,743,744]],"type":"Polygon","properties":{"name":"Hulu Sungai Selatan","shapeGroup":"IDN","gid":"IDN-2-119"},"id":"IDN-2-119"},{"arcs":[[-92,745,-744,746]],"type":"Polygon","properties":{"name":"Hulu Sungai Tengah","shapeGroup":"IDN","gid":"IDN-2-120"},"id":"IDN-2-120"},{"arcs":[[-93,-747,-743,747,-204,-211,-213,748]],"type":"Polygon","properties":{"name":"Hulu Sungai Utara","shapeGroup":"IDN","gid":"IDN-2-121"},"id":"IDN-2-121"},{"arcs":[[-569,749,750,751,752]],"type":"Polygon","properties":{"name":"Humbang Hasundutan","shapeGroup":"IDN","gid":"IDN-2-122"},"id":"IDN-2-122"},{"arcs":[[753,754]],"type":"Polygon","properties":{"name":"Hutan","shapeGroup":"IDN","gid":"IDN-2-123"},"id":"IDN-2-123"},{"arcs":[[[755]],[[756]],[[757]],[[758]],[[759]],[[760]],[[761]],[[762]],[[763]],[[764]],[[765]],[[766]],[[767]],[[768,769,770,771,772]]],"type":"MultiPolygon","properties":{"name":"Indragiri Hilir","shapeGroup":"IDN","gid":"IDN-2-124"},"id":"IDN-2-124"},{"arcs":[[-771,773,774,775]],"type":"Polygon","properties":{"name":"Indragiri Hulu","shapeGroup":"IDN","gid":"IDN-2-125"},"id":"IDN-2-125"},{"arcs":[[-550,776,777,778,779]],"type":"Polygon","properties":{"name":"Indramayu","shapeGroup":"IDN","gid":"IDN-2-126"},"id":"IDN-2-126"},{"arcs":[[780,781,782,783]],"type":"Polygon","properties":{"name":"Intan Jaya","shapeGroup":"IDN","gid":"IDN-2-127"},"id":"IDN-2-127"},{"arcs":[[784,785,786,787,788,789,790]],"type":"Polygon","properties":{"name":"Jayapura","shapeGroup":"IDN","gid":"IDN-2-128"},"id":"IDN-2-128"},{"arcs":[[791,792,793,794,795]],"type":"Polygon","properties":{"name":"Jayawijaya","shapeGroup":"IDN","gid":"IDN-2-129"},"id":"IDN-2-129"},{"arcs":[[[796]],[[-198,797,798,799,-419]]],"type":"MultiPolygon","properties":{"name":"Jember","shapeGroup":"IDN","gid":"IDN-2-130"},"id":"IDN-2-130"},{"arcs":[[-457,800,801]],"type":"Polygon","properties":{"name":"Jembrana","shapeGroup":"IDN","gid":"IDN-2-131"},"id":"IDN-2-131"},{"arcs":[[-170,802,803,-659]],"type":"Polygon","properties":{"name":"Jeneponto","shapeGroup":"IDN","gid":"IDN-2-132"},"id":"IDN-2-132"},{"arcs":[[[-590,804,805,806]],[[807]],[[808]]],"type":"MultiPolygon","properties":{"name":"Jepara","shapeGroup":"IDN","gid":"IDN-2-133"},"id":"IDN-2-133"},{"arcs":[[-388,809,810,811,812,813]],"type":"Polygon","properties":{"name":"Jombang","shapeGroup":"IDN","gid":"IDN-2-134"},"id":"IDN-2-134"},{"arcs":[[[814]],[[815]],[[816]],[[817]],[[818]],[[819]],[[820]],[[821]],[[822]],[[-598,823,824,-637,825,826,827]]],"type":"MultiPolygon","properties":{"name":"Kaimana","shapeGroup":"IDN","gid":"IDN-2-135"},"id":"IDN-2-135"},{"arcs":[[[828]],[[829,830,831,832,833,834,835,836]]],"type":"MultiPolygon","properties":{"name":"Kampar","shapeGroup":"IDN","gid":"IDN-2-136"},"id":"IDN-2-136"},{"arcs":[[-202,837,838,-681,839,-214,-207]],"type":"Polygon","properties":{"name":"Kapuas","shapeGroup":"IDN","gid":"IDN-2-137"},"id":"IDN-2-137"},{"arcs":[[840,841,842,843]],"type":"Polygon","properties":{"name":"Kapuas Hulu","shapeGroup":"IDN","gid":"IDN-2-138"},"id":"IDN-2-138"},{"arcs":[[-148,-459,844,845]],"type":"Polygon","properties":{"name":"Karang Asem","shapeGroup":"IDN","gid":"IDN-2-139"},"id":"IDN-2-139"},{"arcs":[[[-444,846,847]],[[-442,848,849,850,851,852,853]]],"type":"MultiPolygon","properties":{"name":"Karanganyar","shapeGroup":"IDN","gid":"IDN-2-140"},"id":"IDN-2-140"},{"arcs":[[-241,854,855,856,-376]],"type":"Polygon","properties":{"name":"Karawang","shapeGroup":"IDN","gid":"IDN-2-141"},"id":"IDN-2-141"},{"arcs":[[[857]],[[858]],[[859]],[[860]],[[861]],[[862]],[[863]],[[864]],[[865]],[[866]],[[867]],[[868]],[[869]],[[870]],[[871]],[[872]],[[873]],[[874]],[[875]]],"type":"MultiPolygon","properties":{"name":"Karimun","shapeGroup":"IDN","gid":"IDN-2-142"},"id":"IDN-2-142"},{"arcs":[[-46,876,-580,877,-565,-554]],"type":"Polygon","properties":{"name":"Karo","shapeGroup":"IDN","gid":"IDN-2-143"},"id":"IDN-2-143"},{"arcs":[[[878]],[[-684,879,880,881,882,883,884,885]]],"type":"MultiPolygon","properties":{"name":"Katingan","shapeGroup":"IDN","gid":"IDN-2-144"},"id":"IDN-2-144"},{"arcs":[[-281,886,887,888,889,890]],"type":"Polygon","properties":{"name":"Kaur","shapeGroup":"IDN","gid":"IDN-2-145"},"id":"IDN-2-145"},{"arcs":[[[891]],[[892]],[[893]],[[894]],[[895]],[[896]],[[897,898,899]]],"type":"MultiPolygon","properties":{"name":"Kayong Utara","shapeGroup":"IDN","gid":"IDN-2-146"},"id":"IDN-2-146"},{"arcs":[[-163,900,901,902,-543,-191]],"type":"Polygon","properties":{"name":"Kebumen","shapeGroup":"IDN","gid":"IDN-2-147"},"id":"IDN-2-147"},{"arcs":[[-363,903,904,-813,905],[906]],"type":"Polygon","properties":{"name":"Kediri","shapeGroup":"IDN","gid":"IDN-2-148"},"id":"IDN-2-148"},{"arcs":[[-786,907,908,909]],"type":"Polygon","properties":{"name":"Keerom","shapeGroup":"IDN","gid":"IDN-2-149"},"id":"IDN-2-149"},{"arcs":[[-229,910,911,912,-755,913,914,915]],"type":"Polygon","properties":{"name":"Kendal","shapeGroup":"IDN","gid":"IDN-2-150"},"id":"IDN-2-150"},{"arcs":[[-290,916,-619,917]],"type":"Polygon","properties":{"name":"Kepahiang","shapeGroup":"IDN","gid":"IDN-2-151"},"id":"IDN-2-151"},{"arcs":[[[918]],[[919]],[[920]],[[921]],[[922]],[[923]],[[924]],[[925]],[[926]],[[927]],[[928]],[[929]],[[930]],[[931]],[[932]],[[933]],[[934]],[[935]],[[936]]],"type":"MultiPolygon","properties":{"name":"Kepulauan Anambas","shapeGroup":"IDN","gid":"IDN-2-152"},"id":"IDN-2-152"},{"arcs":[[[937]],[[938]],[[939]],[[940]],[[941]],[[942]],[[943]],[[944]],[[945]],[[946]],[[947]],[[948]],[[949]],[[950]],[[951]],[[952]],[[953]],[[954]],[[955]],[[956]],[[957]],[[958]],[[959]],[[960]],[[961]],[[962]],[[963]],[[964]],[[965]],[[966]],[[967]],[[968]],[[969]],[[970]],[[971]],[[972]],[[973]],[[974]],[[975]],[[976]],[[977]],[[978]],[[979]],[[980]],[[981]],[[982]],[[983]],[[984]],[[985]],[[986]],[[987]],[[988]]],"type":"MultiPolygon","properties":{"name":"Kepulauan Aru","shapeGroup":"IDN","gid":"IDN-2-153"},"id":"IDN-2-153"},{"arcs":[[[989]],[[990]],[[991]],[[992]],[[993]],[[994]],[[995]],[[996]],[[997]],[[998]],[[999]],[[1000]],[[1001]]],"type":"MultiPolygon","properties":{"name":"Kepulauan Mentawai","shapeGroup":"IDN","gid":"IDN-2-154"},"id":"IDN-2-154"},{"arcs":[[[1002]],[[1003]],[[1004]],[[1005]],[[1006]],[[1007]]],"type":"MultiPolygon","properties":{"name":"Kepulauan Meranti","shapeGroup":"IDN","gid":"IDN-2-155"},"id":"IDN-2-155"},{"arcs":[[[1008]],[[1009]],[[1010]],[[1011]],[[1012]],[[1013]]],"type":"MultiPolygon","properties":{"name":"Kepulauan Sangihe","shapeGroup":"IDN","gid":"IDN-2-156"},"id":"IDN-2-156"},{"arcs":[[[1014]],[[1015]],[[1016]],[[1017]],[[1018]],[[1019]],[[1020]],[[1021]],[[1022]],[[1023]],[[1024]],[[1025]],[[1026]],[[1027]],[[1028]]],"type":"MultiPolygon","properties":{"name":"Kepulauan Selayar","shapeGroup":"IDN","gid":"IDN-2-157"},"id":"IDN-2-157"},{"arcs":[[1029]],"type":"Polygon","properties":{"name":"Kepulauan Seribu","shapeGroup":"IDN","gid":"IDN-2-158"},"id":"IDN-2-158"},{"arcs":[[[1030]],[[1031]],[[1032]],[[1033]]],"type":"MultiPolygon","properties":{"name":"Kepulauan Sula","shapeGroup":"IDN","gid":"IDN-2-159"},"id":"IDN-2-159"},{"arcs":[[[1034]],[[1035]],[[1036]],[[1037]],[[1038]]],"type":"MultiPolygon","properties":{"name":"Kepulauan Talaud","shapeGroup":"IDN","gid":"IDN-2-160"},"id":"IDN-2-160"},{"arcs":[[[1039]],[[1040]],[[1041]],[[1042]],[[1043]],[[1044]],[[1045]]],"type":"MultiPolygon","properties":{"name":"Kepulauan Yapen","shapeGroup":"IDN","gid":"IDN-2-161"},"id":"IDN-2-161"},{"arcs":[[-497,1046,1047,1048,1049,1050,1051,-591]],"type":"Polygon","properties":{"name":"Kerinci","shapeGroup":"IDN","gid":"IDN-2-162"},"id":"IDN-2-162"},{"arcs":[[[1052]],[[1053]],[[-900,1054,1055,1056,1057,1058,1059,1060,1061]]],"type":"MultiPolygon","properties":{"name":"Ketapang","shapeGroup":"IDN","gid":"IDN-2-163"},"id":"IDN-2-163"},{"arcs":[[-446,1062,-677,1063]],"type":"Polygon","properties":{"name":"Klaten","shapeGroup":"IDN","gid":"IDN-2-164"},"id":"IDN-2-164"},{"arcs":[[[1064]],[[1065]],[[1066]],[[-149,-846,1067,-649]]],"type":"MultiPolygon","properties":{"name":"Klungkung","shapeGroup":"IDN","gid":"IDN-2-165"},"id":"IDN-2-165"},{"arcs":[[[1068]],[[1069]],[[-417,1070,1071,1072]]],"type":"MultiPolygon","properties":{"name":"Kolaka","shapeGroup":"IDN","gid":"IDN-2-166"},"id":"IDN-2-166"},{"arcs":[[-418,-1073,1073,1074,1075,1076]],"type":"Polygon","properties":{"name":"Kolaka Timur","shapeGroup":"IDN","gid":"IDN-2-167"},"id":"IDN-2-167"},{"arcs":[[-1072,1077,1078,1079,1080,-1074]],"type":"Polygon","properties":{"name":"Kolaka Utara","shapeGroup":"IDN","gid":"IDN-2-168"},"id":"IDN-2-168"},{"arcs":[[[1081]],[[-1076,1082,1083,1084,1085]],[[-1080,1086,1087,1088]]],"type":"MultiPolygon","properties":{"name":"Konawe","shapeGroup":"IDN","gid":"IDN-2-169"},"id":"IDN-2-169"},{"arcs":[[1089]],"type":"Polygon","properties":{"name":"Konawe Kepulauan","shapeGroup":"IDN","gid":"IDN-2-170"},"id":"IDN-2-170"},{"arcs":[[-415,-1077,-1086,1090,1091]],"type":"Polygon","properties":{"name":"Konawe Selatan","shapeGroup":"IDN","gid":"IDN-2-171"},"id":"IDN-2-171"},{"arcs":[[[1092]],[[1093]],[[-1075,-1081,-1089,1094,1095,-1083]]],"type":"MultiPolygon","properties":{"name":"Konawe Utara","shapeGroup":"IDN","gid":"IDN-2-172"},"id":"IDN-2-172"},{"arcs":[[1096,1097]],"type":"Polygon","properties":{"name":"Kota Ambon","shapeGroup":"IDN","gid":"IDN-2-173"},"id":"IDN-2-173"},{"arcs":[[1098,1099,1100]],"type":"Polygon","properties":{"name":"Kota Balikpapan","shapeGroup":"IDN","gid":"IDN-2-174"},"id":"IDN-2-174"},{"arcs":[[-14,1101]],"type":"Polygon","properties":{"name":"Kota Banda Aceh","shapeGroup":"IDN","gid":"IDN-2-175"},"id":"IDN-2-175"},{"arcs":[[1102,1103,1104]],"type":"Polygon","properties":{"name":"Kota Bandar Lampung","shapeGroup":"IDN","gid":"IDN-2-176"},"id":"IDN-2-176"},{"arcs":[[-101,1105,-108]],"type":"Polygon","properties":{"name":"Kota Bandung","shapeGroup":"IDN","gid":"IDN-2-177"},"id":"IDN-2-177"},{"arcs":[[-531,-546]],"type":"Polygon","properties":{"name":"Kota Banjar","shapeGroup":"IDN","gid":"IDN-2-178"},"id":"IDN-2-178"},{"arcs":[[-154,1106]],"type":"Polygon","properties":{"name":"Kota Banjar Baru","shapeGroup":"IDN","gid":"IDN-2-179"},"id":"IDN-2-179"},{"arcs":[[-158,-206]],"type":"Polygon","properties":{"name":"Kota Banjarmasin","shapeGroup":"IDN","gid":"IDN-2-180"},"id":"IDN-2-180"},{"arcs":[[[1107]],[[1108]],[[1109]],[[1110]],[[1111]],[[1112]],[[1113]],[[1114]],[[1115]],[[1116]],[[1117]],[[-91,1118,1119,1120,-151,-745,-746]]],"type":"MultiPolygon","properties":{"name":"Kota Baru","shapeGroup":"IDN","gid":"IDN-2-181"},"id":"IDN-2-181"},{"arcs":[[[1121]],[[1122]],[[1123]],[[1124]],[[1125]],[[1126]],[[1127]],[[1128]],[[1129]],[[1130]],[[1131]],[[1132]],[[1133]],[[1134]],[[1135]],[[1136]],[[1137]],[[1138]],[[1139]],[[1140]],[[1141],[1142]]],"type":"MultiPolygon","properties":{"name":"Kota Batam","shapeGroup":"IDN","gid":"IDN-2-182"},"id":"IDN-2-182"},{"arcs":[[1143,1144,1145]],"type":"Polygon","properties":{"name":"Kota Batu","shapeGroup":"IDN","gid":"IDN-2-183"},"id":"IDN-2-183"},{"arcs":[[-512,-520,1146]],"type":"Polygon","properties":{"name":"Kota Baubau","shapeGroup":"IDN","gid":"IDN-2-184"},"id":"IDN-2-184"},{"arcs":[[-243,-384,1147,1148]],"type":"Polygon","properties":{"name":"Kota Bekasi","shapeGroup":"IDN","gid":"IDN-2-185"},"id":"IDN-2-185"},{"arcs":[[-286,1149,1150]],"type":"Polygon","properties":{"name":"Kota Bengkulu","shapeGroup":"IDN","gid":"IDN-2-186"},"id":"IDN-2-186"},{"arcs":[[-332,1151]],"type":"Polygon","properties":{"name":"Kota Bima","shapeGroup":"IDN","gid":"IDN-2-187"},"id":"IDN-2-187"},{"arcs":[[-582,1152]],"type":"Polygon","properties":{"name":"Kota Binjai","shapeGroup":"IDN","gid":"IDN-2-188"},"id":"IDN-2-188"},{"arcs":[[[1153]],[[1154,1155]]],"type":"MultiPolygon","properties":{"name":"Kota Bitung","shapeGroup":"IDN","gid":"IDN-2-189"},"id":"IDN-2-189"},{"arcs":[[-365]],"type":"Polygon","properties":{"name":"Kota Blitar","shapeGroup":"IDN","gid":"IDN-2-190"},"id":"IDN-2-190"},{"arcs":[[-385]],"type":"Polygon","properties":{"name":"Kota Bogor","shapeGroup":"IDN","gid":"IDN-2-191"},"id":"IDN-2-191"},{"arcs":[[1156,1157,1158]],"type":"Polygon","properties":{"name":"Kota Bontang","shapeGroup":"IDN","gid":"IDN-2-192"},"id":"IDN-2-192"},{"arcs":[[-65]],"type":"Polygon","properties":{"name":"Kota Bukittinggi","shapeGroup":"IDN","gid":"IDN-2-193"},"id":"IDN-2-193"},{"arcs":[[1159,1160]],"type":"Polygon","properties":{"name":"Kota Cilegon","shapeGroup":"IDN","gid":"IDN-2-194"},"id":"IDN-2-194"},{"arcs":[[-100,-109,-1106]],"type":"Polygon","properties":{"name":"Kota Cimahi","shapeGroup":"IDN","gid":"IDN-2-195"},"id":"IDN-2-195"},{"arcs":[[-552,1161]],"type":"Polygon","properties":{"name":"Kota Cirebon","shapeGroup":"IDN","gid":"IDN-2-196"},"id":"IDN-2-196"},{"arcs":[[-86,-651,1162]],"type":"Polygon","properties":{"name":"Kota Denpasar","shapeGroup":"IDN","gid":"IDN-2-197"},"id":"IDN-2-197"},{"arcs":[[-383,1163,1164,1165,-1148]],"type":"Polygon","properties":{"name":"Kota Depok","shapeGroup":"IDN","gid":"IDN-2-198"},"id":"IDN-2-198"},{"arcs":[[-267,1166,1167]],"type":"Polygon","properties":{"name":"Kota Dumai","shapeGroup":"IDN","gid":"IDN-2-199"},"id":"IDN-2-199"},{"arcs":[[-430,1168,-653]],"type":"Polygon","properties":{"name":"Kota Gorontalo","shapeGroup":"IDN","gid":"IDN-2-200"},"id":"IDN-2-200"},{"arcs":[[[1169]],[[1170,1171,1172]]],"type":"MultiPolygon","properties":{"name":"Kota Gunungsitoli","shapeGroup":"IDN","gid":"IDN-2-201"},"id":"IDN-2-201"},{"arcs":[[1173,1174,1175,1176,1177]],"type":"Polygon","properties":{"name":"Kota Jakarta Barat","shapeGroup":"IDN","gid":"IDN-2-202"},"id":"IDN-2-202"},{"arcs":[[-1175,1178,1179,1180]],"type":"Polygon","properties":{"name":"Kota Jakarta Pusat","shapeGroup":"IDN","gid":"IDN-2-203"},"id":"IDN-2-203"},{"arcs":[[-1165,1181,1182,-1176,-1181,1183]],"type":"Polygon","properties":{"name":"Kota Jakarta Selatan","shapeGroup":"IDN","gid":"IDN-2-204"},"id":"IDN-2-204"},{"arcs":[[-244,-1149,-1166,-1184,-1180,1184]],"type":"Polygon","properties":{"name":"Kota Jakarta Timur","shapeGroup":"IDN","gid":"IDN-2-205"},"id":"IDN-2-205"},{"arcs":[[-245,-1185,-1179,-1174,1185,1186]],"type":"Polygon","properties":{"name":"Kota Jakarta Utara","shapeGroup":"IDN","gid":"IDN-2-206"},"id":"IDN-2-206"},{"arcs":[[1187]],"type":"Polygon","properties":{"name":"Kota Jambi","shapeGroup":"IDN","gid":"IDN-2-207"},"id":"IDN-2-207"},{"arcs":[[-785,1188,-908]],"type":"Polygon","properties":{"name":"Kota Jayapura","shapeGroup":"IDN","gid":"IDN-2-208"},"id":"IDN-2-208"},{"arcs":[[-907]],"type":"Polygon","properties":{"name":"Kota Kediri","shapeGroup":"IDN","gid":"IDN-2-209"},"id":"IDN-2-209"},{"arcs":[[-1085,1189,-1091]],"type":"Polygon","properties":{"name":"Kota Kendari","shapeGroup":"IDN","gid":"IDN-2-210"},"id":"IDN-2-210"},{"arcs":[[-394,-408]],"type":"Polygon","properties":{"name":"Kota Kotamobagu","shapeGroup":"IDN","gid":"IDN-2-211"},"id":"IDN-2-211"},{"arcs":[[1190,1191]],"type":"Polygon","properties":{"name":"Kota Kupang","shapeGroup":"IDN","gid":"IDN-2-212"},"id":"IDN-2-212"},{"arcs":[[-36,-53,1192]],"type":"Polygon","properties":{"name":"Kota Langsa","shapeGroup":"IDN","gid":"IDN-2-213"},"id":"IDN-2-213"},{"arcs":[[-57,1193]],"type":"Polygon","properties":{"name":"Kota Lhokseumawe","shapeGroup":"IDN","gid":"IDN-2-214"},"id":"IDN-2-214"},{"arcs":[[1194,1195]],"type":"Polygon","properties":{"name":"Kota Lubuklinggau","shapeGroup":"IDN","gid":"IDN-2-215"},"id":"IDN-2-215"},{"arcs":[[1196,1197]],"type":"Polygon","properties":{"name":"Kota Madiun","shapeGroup":"IDN","gid":"IDN-2-216"},"id":"IDN-2-216"},{"arcs":[[1198]],"type":"Polygon","properties":{"name":"Kota Magelang","shapeGroup":"IDN","gid":"IDN-2-217"},"id":"IDN-2-217"},{"arcs":[[-661,1199,1200,1201]],"type":"Polygon","properties":{"name":"Kota Makassar","shapeGroup":"IDN","gid":"IDN-2-218"},"id":"IDN-2-218"},{"arcs":[[1202]],"type":"Polygon","properties":{"name":"Kota Malang","shapeGroup":"IDN","gid":"IDN-2-219"},"id":"IDN-2-219"},{"arcs":[[[1203,1204,1205]],[[1206]],[[1207]]],"type":"MultiPolygon","properties":{"name":"Kota Manado","shapeGroup":"IDN","gid":"IDN-2-220"},"id":"IDN-2-220"},{"arcs":[[1208,1209]],"type":"Polygon","properties":{"name":"Kota Mataram","shapeGroup":"IDN","gid":"IDN-2-221"},"id":"IDN-2-221"},{"arcs":[[-576,1210]],"type":"Polygon","properties":{"name":"Kota Medan","shapeGroup":"IDN","gid":"IDN-2-222"},"id":"IDN-2-222"},{"arcs":[[1211,1212]],"type":"Polygon","properties":{"name":"Kota Metro","shapeGroup":"IDN","gid":"IDN-2-223"},"id":"IDN-2-223"},{"arcs":[[1213]],"type":"Polygon","properties":{"name":"Kota Mojokerto","shapeGroup":"IDN","gid":"IDN-2-224"},"id":"IDN-2-224"},{"arcs":[[1214,1215,1216,1217,1218,1219]],"type":"Polygon","properties":{"name":"Kota Padang","shapeGroup":"IDN","gid":"IDN-2-225"},"id":"IDN-2-225"},{"arcs":[[1220]],"type":"Polygon","properties":{"name":"Kota Padang Panjang","shapeGroup":"IDN","gid":"IDN-2-226"},"id":"IDN-2-226"},{"arcs":[[1221]],"type":"Polygon","properties":{"name":"Kota Padangsidimpuan","shapeGroup":"IDN","gid":"IDN-2-227"},"id":"IDN-2-227"},{"arcs":[[-280,1222,1223,1224,-887]],"type":"Polygon","properties":{"name":"Kota Pagar Alam","shapeGroup":"IDN","gid":"IDN-2-228"},"id":"IDN-2-228"},{"arcs":[[-683,1225,-880]],"type":"Polygon","properties":{"name":"Kota Palangka Raya","shapeGroup":"IDN","gid":"IDN-2-229"},"id":"IDN-2-229"},{"arcs":[[-185,1226,1227]],"type":"Polygon","properties":{"name":"Kota Palembang","shapeGroup":"IDN","gid":"IDN-2-230"},"id":"IDN-2-230"},{"arcs":[[1228,1229,1230,1231]],"type":"Polygon","properties":{"name":"Kota Palopo","shapeGroup":"IDN","gid":"IDN-2-231"},"id":"IDN-2-231"},{"arcs":[[-606,1232,-613,1233,1234]],"type":"Polygon","properties":{"name":"Kota Palu","shapeGroup":"IDN","gid":"IDN-2-232"},"id":"IDN-2-232"},{"arcs":[[-130,1235,-142]],"type":"Polygon","properties":{"name":"Kota Pangkal Pinang","shapeGroup":"IDN","gid":"IDN-2-233"},"id":"IDN-2-233"},{"arcs":[[-220,1236,1237,1238]],"type":"Polygon","properties":{"name":"Kota Parepare","shapeGroup":"IDN","gid":"IDN-2-234"},"id":"IDN-2-234"},{"arcs":[[1239,1240]],"type":"Polygon","properties":{"name":"Kota Pariaman","shapeGroup":"IDN","gid":"IDN-2-235"},"id":"IDN-2-235"},{"arcs":[[1241,1242]],"type":"Polygon","properties":{"name":"Kota Pasuruan","shapeGroup":"IDN","gid":"IDN-2-236"},"id":"IDN-2-236"},{"arcs":[[1243]],"type":"Polygon","properties":{"name":"Kota Payakumbuh","shapeGroup":"IDN","gid":"IDN-2-237"},"id":"IDN-2-237"},{"arcs":[[-227,1244,1245]],"type":"Polygon","properties":{"name":"Kota Pekalongan","shapeGroup":"IDN","gid":"IDN-2-238"},"id":"IDN-2-238"},{"arcs":[[-832,1246,1247]],"type":"Polygon","properties":{"name":"Kota Pekanbaru","shapeGroup":"IDN","gid":"IDN-2-239"},"id":"IDN-2-239"},{"arcs":[[1248]],"type":"Polygon","properties":{"name":"Kota Pematang Siantar","shapeGroup":"IDN","gid":"IDN-2-240"},"id":"IDN-2-240"},{"arcs":[[[1249,1250]],[[1251,1252]],[[1253,1254,1255]]],"type":"MultiPolygon","properties":{"name":"Kota Pontianak","shapeGroup":"IDN","gid":"IDN-2-241"},"id":"IDN-2-241"},{"arcs":[[1256,1257,1258,1259]],"type":"Polygon","properties":{"name":"Kota Prabumulih","shapeGroup":"IDN","gid":"IDN-2-242"},"id":"IDN-2-242"},{"arcs":[[1260,1261]],"type":"Polygon","properties":{"name":"Kota Probolinggo","shapeGroup":"IDN","gid":"IDN-2-243"},"id":"IDN-2-243"},{"arcs":[[1262]],"type":"Polygon","properties":{"name":"Kota Sabang","shapeGroup":"IDN","gid":"IDN-2-244"},"id":"IDN-2-244"},{"arcs":[[1263]],"type":"Polygon","properties":{"name":"Kota Salatiga","shapeGroup":"IDN","gid":"IDN-2-245"},"id":"IDN-2-245"},{"arcs":[[1264,1265]],"type":"Polygon","properties":{"name":"Kota Samarinda","shapeGroup":"IDN","gid":"IDN-2-246"},"id":"IDN-2-246"},{"arcs":[[1266,1267,1268]],"type":"Polygon","properties":{"name":"Kota Sawah Lunto","shapeGroup":"IDN","gid":"IDN-2-247"},"id":"IDN-2-247"},{"arcs":[[-588,1269,-912,1270]],"type":"Polygon","properties":{"name":"Kota Semarang","shapeGroup":"IDN","gid":"IDN-2-248"},"id":"IDN-2-248"},{"arcs":[[1271,1272]],"type":"Polygon","properties":{"name":"Kota Serang","shapeGroup":"IDN","gid":"IDN-2-249"},"id":"IDN-2-249"},{"arcs":[[1273,1274]],"type":"Polygon","properties":{"name":"Kota Sibolga","shapeGroup":"IDN","gid":"IDN-2-250"},"id":"IDN-2-250"},{"arcs":[[-277,1275,1276]],"type":"Polygon","properties":{"name":"Kota Singkawang","shapeGroup":"IDN","gid":"IDN-2-251"},"id":"IDN-2-251"},{"arcs":[[-1216,1277]],"type":"Polygon","properties":{"name":"Kota Solok","shapeGroup":"IDN","gid":"IDN-2-252"},"id":"IDN-2-252"},{"arcs":[[1278,1279]],"type":"Polygon","properties":{"name":"Kota Sorong","shapeGroup":"IDN","gid":"IDN-2-253"},"id":"IDN-2-253"},{"arcs":[[-23,-48,-558,1280,-29]],"type":"Polygon","properties":{"name":"Kota Subulussalam","shapeGroup":"IDN","gid":"IDN-2-254"},"id":"IDN-2-254"},{"arcs":[[1281]],"type":"Polygon","properties":{"name":"Kota Sukabumi","shapeGroup":"IDN","gid":"IDN-2-255"},"id":"IDN-2-255"},{"arcs":[[-1050,1282]],"type":"Polygon","properties":{"name":"Kota Sungai Penuh","shapeGroup":"IDN","gid":"IDN-2-256"},"id":"IDN-2-256"},{"arcs":[[-664,1283,1284]],"type":"Polygon","properties":{"name":"Kota Surabaya","shapeGroup":"IDN","gid":"IDN-2-257"},"id":"IDN-2-257"},{"arcs":[[-443,-854,1285,-847]],"type":"Polygon","properties":{"name":"Kota Surakarta","shapeGroup":"IDN","gid":"IDN-2-258"},"id":"IDN-2-258"},{"arcs":[[-1177,-1183,1286,1287]],"type":"Polygon","properties":{"name":"Kota Tangerang","shapeGroup":"IDN","gid":"IDN-2-259"},"id":"IDN-2-259"},{"arcs":[[-382,1288,-1287,-1182,-1164]],"type":"Polygon","properties":{"name":"Kota Tangerang Selatan","shapeGroup":"IDN","gid":"IDN-2-260"},"id":"IDN-2-260"},{"arcs":[[-79]],"type":"Polygon","properties":{"name":"Kota Tanjung Balai","shapeGroup":"IDN","gid":"IDN-2-261"},"id":"IDN-2-261"},{"arcs":[[[1289]],[[-356,1290]]],"type":"MultiPolygon","properties":{"name":"Kota Tanjung Pinang","shapeGroup":"IDN","gid":"IDN-2-262"},"id":"IDN-2-262"},{"arcs":[[1291]],"type":"Polygon","properties":{"name":"Kota Tarakan","shapeGroup":"IDN","gid":"IDN-2-263"},"id":"IDN-2-263"},{"arcs":[[-535,1292]],"type":"Polygon","properties":{"name":"Kota Tasikmalaya","shapeGroup":"IDN","gid":"IDN-2-264"},"id":"IDN-2-264"},{"arcs":[[1293]],"type":"Polygon","properties":{"name":"Kota Tebing Tinggi","shapeGroup":"IDN","gid":"IDN-2-265"},"id":"IDN-2-265"},{"arcs":[[-454,1294,1295]],"type":"Polygon","properties":{"name":"Kota Tegal","shapeGroup":"IDN","gid":"IDN-2-266"},"id":"IDN-2-266"},{"arcs":[[[1296]],[[1297]],[[1298]],[[1299]]],"type":"MultiPolygon","properties":{"name":"Kota Ternate","shapeGroup":"IDN","gid":"IDN-2-267"},"id":"IDN-2-267"},{"arcs":[[[1300]],[[1301]],[[-689,-737,-731,-722,1302]]],"type":"MultiPolygon","properties":{"name":"Kota Tidore Kepulauan","shapeGroup":"IDN","gid":"IDN-2-268"},"id":"IDN-2-268"},{"arcs":[[1303]],"type":"Polygon","properties":{"name":"Kota Tomohon","shapeGroup":"IDN","gid":"IDN-2-269"},"id":"IDN-2-269"},{"arcs":[[[1304]],[[1305]],[[1306]],[[1307]],[[1308]],[[1309]],[[1310]],[[1311]],[[1312]]],"type":"MultiPolygon","properties":{"name":"Kota Tual","shapeGroup":"IDN","gid":"IDN-2-270"},"id":"IDN-2-270"},{"arcs":[[-178,1313]],"type":"Polygon","properties":{"name":"Kota Yogyakarta","shapeGroup":"IDN","gid":"IDN-2-271"},"id":"IDN-2-271"},{"arcs":[[1314,1315,1316,1317]],"type":"Polygon","properties":{"name":"Kotawaringin Barat","shapeGroup":"IDN","gid":"IDN-2-272"},"id":"IDN-2-272"},{"arcs":[[-883,1318,1319]],"type":"Polygon","properties":{"name":"Kotawaringin Timur","shapeGroup":"IDN","gid":"IDN-2-273"},"id":"IDN-2-273"},{"arcs":[[-595,1320,-834,1321,-775,1322]],"type":"Polygon","properties":{"name":"Kuantan Singingi","shapeGroup":"IDN","gid":"IDN-2-274"},"id":"IDN-2-274"},{"arcs":[[[1323]],[[1324]],[[1325]],[[1326]],[[1327]],[[1328]],[[1329]],[[1330]],[[1331]],[[1332]],[[1333]],[[1334]],[[1335]],[[1336]],[[1337]],[[1338]],[[1339]],[[1340]],[[1341]],[[1342]],[[-899,1343,-1252,1344,-1250,1345,-1254,1346,1347,1348,-1055]]],"type":"MultiPolygon","properties":{"name":"Kubu Raya","shapeGroup":"IDN","gid":"IDN-2-275"},"id":"IDN-2-275"},{"arcs":[[-585,-807,1349,-674]],"type":"Polygon","properties":{"name":"Kudus","shapeGroup":"IDN","gid":"IDN-2-276"},"id":"IDN-2-276"},{"arcs":[[-176,1350,1351,1352,1353]],"type":"Polygon","properties":{"name":"Kulon Progo","shapeGroup":"IDN","gid":"IDN-2-277"},"id":"IDN-2-277"},{"arcs":[[-451,-547,-529,1354,-548]],"type":"Polygon","properties":{"name":"Kuningan","shapeGroup":"IDN","gid":"IDN-2-278"},"id":"IDN-2-278"},{"arcs":[[[1355]],[[-1192,1356,1357,1358,1359]]],"type":"MultiPolygon","properties":{"name":"Kupang","shapeGroup":"IDN","gid":"IDN-2-279"},"id":"IDN-2-279"},{"arcs":[[-217,1360,1361,1362,1363]],"type":"Polygon","properties":{"name":"Kutai Barat","shapeGroup":"IDN","gid":"IDN-2-280"},"id":"IDN-2-280"},{"arcs":[[[1364]],[[1365]],[[1366]],[[1367]],[[1368]],[[1369]],[[1370]],[[1371]],[[1372]],[[1373]],[[1374]],[[1375]],[[1376]],[[1377]],[[1378]],[[1379]],[[1380]],[[1381]],[[1382]],[[1383]],[[1384]],[[1385]],[[1386]],[[1387]],[[1388]],[[1389]],[[1390]],[[1391]],[[1392]],[[1393]],[[1394]],[[1395]],[[1396]],[[1397]],[[-1157,1398,1399]],[[-1099,1400,-1362,1401,1402,1403,1404,-1266,1405]]],"type":"MultiPolygon","properties":{"name":"Kutai Kartanegara","shapeGroup":"IDN","gid":"IDN-2-281"},"id":"IDN-2-281"},{"arcs":[[[1406]],[[1407]],[[1408]],[[-315,1409,-1158,-1400,1410,-1404,1411]]],"type":"MultiPolygon","properties":{"name":"Kutai Timur","shapeGroup":"IDN","gid":"IDN-2-282"},"id":"IDN-2-282"},{"arcs":[[[1412]],[[1413,1414,1415,1416,1417]]],"type":"MultiPolygon","properties":{"name":"Labuhan Batu","shapeGroup":"IDN","gid":"IDN-2-283"},"id":"IDN-2-283"},{"arcs":[[-1415,1418,1419]],"type":"Polygon","properties":{"name":"Labuhan Batu Selatan","shapeGroup":"IDN","gid":"IDN-2-284"},"id":"IDN-2-284"},{"arcs":[[[1420]],[[-74,1421,-1417,1422,1423,1424,1425]]],"type":"MultiPolygon","properties":{"name":"Labuhan Batu Utara","shapeGroup":"IDN","gid":"IDN-2-285"},"id":"IDN-2-285"},{"arcs":[[[-284,1426,-617,-1223]],[[-616,1427,1428,-1224]]],"type":"MultiPolygon","properties":{"name":"Lahat","shapeGroup":"IDN","gid":"IDN-2-286"},"id":"IDN-2-286"},{"arcs":[[-1060,1429,1430,-1317,1431]],"type":"Polygon","properties":{"name":"Lamandau","shapeGroup":"IDN","gid":"IDN-2-287"},"id":"IDN-2-287"},{"arcs":[[-387,1432,1433,-667,1434,-810]],"type":"Polygon","properties":{"name":"Lamongan","shapeGroup":"IDN","gid":"IDN-2-288"},"id":"IDN-2-288"},{"arcs":[[-559,1435,1436,1437,1438,1439,1440,1441,-890,1442]],"type":"Polygon","properties":{"name":"Lampung Barat","shapeGroup":"IDN","gid":"IDN-2-289"},"id":"IDN-2-289"},{"arcs":[[[1443]],[[1444]],[[1445]],[[1446]],[[1447]],[[-1105,1448,1449,1450,1451]]],"type":"MultiPolygon","properties":{"name":"Lampung Selatan","shapeGroup":"IDN","gid":"IDN-2-290"},"id":"IDN-2-290"},{"arcs":[[-1212,-1450,1452,1453,1454,-1439,1455,1456,1457,1458]],"type":"Polygon","properties":{"name":"Lampung Tengah","shapeGroup":"IDN","gid":"IDN-2-291"},"id":"IDN-2-291"},{"arcs":[[-1213,-1459,1459,1460,-1451]],"type":"Polygon","properties":{"name":"Lampung Timur","shapeGroup":"IDN","gid":"IDN-2-292"},"id":"IDN-2-292"},{"arcs":[[-1438,1461,1462,-1456]],"type":"Polygon","properties":{"name":"Lampung Utara","shapeGroup":"IDN","gid":"IDN-2-293"},"id":"IDN-2-293"},{"arcs":[[-274,1463,-1348,1464]],"type":"Polygon","properties":{"name":"Landak","shapeGroup":"IDN","gid":"IDN-2-294"},"id":"IDN-2-294"},{"arcs":[[[1465]],[[-33,1466,-583,-1153,-581,-877,-45,-648]]],"type":"MultiPolygon","properties":{"name":"Langkat","shapeGroup":"IDN","gid":"IDN-2-295"},"id":"IDN-2-295"},{"arcs":[[-795,1467,1468,1469,1470,1471]],"type":"Polygon","properties":{"name":"Lanny Jaya","shapeGroup":"IDN","gid":"IDN-2-296"},"id":"IDN-2-296"},{"arcs":[[-380,1472,1473,1474,1475,1476]],"type":"Polygon","properties":{"name":"Lebak","shapeGroup":"IDN","gid":"IDN-2-297"},"id":"IDN-2-297"},{"arcs":[[-295,1477,1478,1479,1480]],"type":"Polygon","properties":{"name":"Lebong","shapeGroup":"IDN","gid":"IDN-2-298"},"id":"IDN-2-298"},{"arcs":[[1481]],"type":"Polygon","properties":{"name":"Lembata","shapeGroup":"IDN","gid":"IDN-2-299"},"id":"IDN-2-299"},{"arcs":[[-64,1482,1483,-836,1484,1485],[-1244]],"type":"Polygon","properties":{"name":"Lima Puluh Kota","shapeGroup":"IDN","gid":"IDN-2-300"},"id":"IDN-2-300"},{"arcs":[[[1486]],[[1487]],[[1488]],[[1489]],[[1490]],[[1491]],[[1492]],[[1493]],[[1494]],[[1495]],[[1496]],[[1497]],[[1498]],[[1499]],[[1500]],[[1501]],[[1502]],[[1503]],[[1504]],[[1505]],[[1506]],[[1507]]],"type":"MultiPolygon","properties":{"name":"Lingga","shapeGroup":"IDN","gid":"IDN-2-301"},"id":"IDN-2-301"},{"arcs":[[-1210,1508,1509,1510,1511]],"type":"Polygon","properties":{"name":"Lombok Barat","shapeGroup":"IDN","gid":"IDN-2-302"},"id":"IDN-2-302"},{"arcs":[[-1511,1512,1513,1514]],"type":"Polygon","properties":{"name":"Lombok Tengah","shapeGroup":"IDN","gid":"IDN-2-303"},"id":"IDN-2-303"},{"arcs":[[[1515]],[[-1514,1516,1517]]],"type":"MultiPolygon","properties":{"name":"Lombok Timur","shapeGroup":"IDN","gid":"IDN-2-304"},"id":"IDN-2-304"},{"arcs":[[-1510,1518,-1517,-1513]],"type":"Polygon","properties":{"name":"Lombok Utara","shapeGroup":"IDN","gid":"IDN-2-305"},"id":"IDN-2-305"},{"arcs":[[-799,1519,1520,1521]],"type":"Polygon","properties":{"name":"Lumajang","shapeGroup":"IDN","gid":"IDN-2-306"},"id":"IDN-2-306"},{"arcs":[[[-626,1522,1523,-1230,1524,1525,1526]],[[-1232,1527,1528,1529]]],"type":"MultiPolygon","properties":{"name":"Luwu","shapeGroup":"IDN","gid":"IDN-2-307"},"id":"IDN-2-307"},{"arcs":[[-1079,1530,1531,1532,1533,1534,-1087]],"type":"Polygon","properties":{"name":"Luwu Timur","shapeGroup":"IDN","gid":"IDN-2-308"},"id":"IDN-2-308"},{"arcs":[[-1529,1535,1536,1537,1538,1539,-1532,1540]],"type":"Polygon","properties":{"name":"Luwu Utara","shapeGroup":"IDN","gid":"IDN-2-309"},"id":"IDN-2-309"},{"arcs":[[-390,1541,1542,1543,-1198,1544,1545]],"type":"Polygon","properties":{"name":"Madiun","shapeGroup":"IDN","gid":"IDN-2-310"},"id":"IDN-2-310"},{"arcs":[[-447,1546,-1353,1547,1548,1549,1550],[-1199]],"type":"Polygon","properties":{"name":"Magelang","shapeGroup":"IDN","gid":"IDN-2-311"},"id":"IDN-2-311"},{"arcs":[[-851,1551,-1545,-1197,-1544,1552,1553]],"type":"Polygon","properties":{"name":"Magetan","shapeGroup":"IDN","gid":"IDN-2-312"},"id":"IDN-2-312"},{"arcs":[[-216,1554,-841,1555,1556,-1402,-1361]],"type":"Polygon","properties":{"name":"Mahakam Hulu","shapeGroup":"IDN","gid":"IDN-2-313"},"id":"IDN-2-313"},{"arcs":[[-537,1557,1558,-777,-549,-1355]],"type":"Polygon","properties":{"name":"Majalengka","shapeGroup":"IDN","gid":"IDN-2-314"},"id":"IDN-2-314"},{"arcs":[[1559,1560,1561,1562]],"type":"Polygon","properties":{"name":"Majene","shapeGroup":"IDN","gid":"IDN-2-315"},"id":"IDN-2-315"},{"arcs":[[-259,1563,1564,1565]],"type":"Polygon","properties":{"name":"Malaka","shapeGroup":"IDN","gid":"IDN-2-316"},"id":"IDN-2-316"},{"arcs":[[[1566]],[[-364,-906,-812,1567,-1145,1568,1569,-1521,1570],[-1203]]],"type":"MultiPolygon","properties":{"name":"Malang","shapeGroup":"IDN","gid":"IDN-2-317"},"id":"IDN-2-317"},{"arcs":[[-316,-1412,-1403,-1557,1571,1572,1573,-487]],"type":"Polygon","properties":{"name":"Malinau","shapeGroup":"IDN","gid":"IDN-2-318"},"id":"IDN-2-318"},{"arcs":[[[1574]],[[1575]],[[1576]],[[1577]],[[1578]],[[1579]],[[1580]],[[1581]],[[1582]],[[1583]],[[1584]],[[1585]],[[1586]],[[1587]],[[1588]],[[1589]],[[1590]],[[1591]],[[1592]],[[1593]],[[1594]],[[1595]],[[1596]],[[1597]]],"type":"MultiPolygon","properties":{"name":"Maluku Barat Daya","shapeGroup":"IDN","gid":"IDN-2-319"},"id":"IDN-2-319"},{"arcs":[[[1598]],[[1599]],[[1600]],[[1601]],[[1602]],[[1603]],[[1604]],[[-1098,1605]],[[1606,1607,1608,1609]]],"type":"MultiPolygon","properties":{"name":"Maluku Tengah","shapeGroup":"IDN","gid":"IDN-2-320"},"id":"IDN-2-320"},{"arcs":[[[1610]],[[1611]],[[1612]],[[1613]],[[1614]],[[1615]],[[1616]],[[1617]]],"type":"MultiPolygon","properties":{"name":"Maluku Tenggara","shapeGroup":"IDN","gid":"IDN-2-321"},"id":"IDN-2-321"},{"arcs":[[[1618]],[[1619]],[[1620]],[[1621]],[[1622]],[[1623]],[[1624]],[[1625]],[[1626]],[[1627]],[[1628]],[[1629]],[[1630]],[[1631]],[[1632]],[[1633]],[[1634]],[[1635]],[[1636]],[[1637]],[[1638]]],"type":"MultiPolygon","properties":{"name":"Maluku Tenggara Barat","shapeGroup":"IDN","gid":"IDN-2-322"},"id":"IDN-2-322"},{"arcs":[[-1560,1639,1640,1641,1642]],"type":"Polygon","properties":{"name":"Mamasa","shapeGroup":"IDN","gid":"IDN-2-323"},"id":"IDN-2-323"},{"arcs":[[[1643]],[[1644,1645,1646,1647,1648,1649,1650]]],"type":"MultiPolygon","properties":{"name":"Mamberamo Raya","shapeGroup":"IDN","gid":"IDN-2-324"},"id":"IDN-2-324"},{"arcs":[[-796,-1472,1651,-1646,1652,1653]],"type":"Polygon","properties":{"name":"Mamberamo Tengah","shapeGroup":"IDN","gid":"IDN-2-325"},"id":"IDN-2-325"},{"arcs":[[[1654]],[[-1537,1655,1656,-1640,-1563,1657,1658]],[[1659]]],"type":"MultiPolygon","properties":{"name":"Mamuju","shapeGroup":"IDN","gid":"IDN-2-326"},"id":"IDN-2-326"},{"arcs":[[-1538,-1659,1660,1661,1662]],"type":"Polygon","properties":{"name":"Mamuju Tengah","shapeGroup":"IDN","gid":"IDN-2-327"},"id":"IDN-2-327"},{"arcs":[[-608,1663,-1662,1664]],"type":"Polygon","properties":{"name":"Mamuju Utara","shapeGroup":"IDN","gid":"IDN-2-328"},"id":"IDN-2-328"},{"arcs":[[1665,1666,1667,1668,1669]],"type":"Polygon","properties":{"name":"Mandailing Natal","shapeGroup":"IDN","gid":"IDN-2-329"},"id":"IDN-2-329"},{"arcs":[[[1670]],[[1671,1672,1673,1674]]],"type":"MultiPolygon","properties":{"name":"Manggarai","shapeGroup":"IDN","gid":"IDN-2-330"},"id":"IDN-2-330"},{"arcs":[[[1675]],[[1676]],[[1677]],[[1678]],[[1679]],[[1680]],[[1681]],[[-1674,1682]]],"type":"MultiPolygon","properties":{"name":"Manggarai Barat","shapeGroup":"IDN","gid":"IDN-2-331"},"id":"IDN-2-331"},{"arcs":[[-1672,1683,1684,1685]],"type":"Polygon","properties":{"name":"Manggarai Timur","shapeGroup":"IDN","gid":"IDN-2-332"},"id":"IDN-2-332"},{"arcs":[[[1686,1687]],[[1688,1689,1690,1691]]],"type":"MultiPolygon","properties":{"name":"Manokwari","shapeGroup":"IDN","gid":"IDN-2-333"},"id":"IDN-2-333"},{"arcs":[[-1688,1692,1693,1694,1695,-1689,1696]],"type":"Polygon","properties":{"name":"Manokwari Selatan","shapeGroup":"IDN","gid":"IDN-2-334"},"id":"IDN-2-334"},{"arcs":[[[1697]],[[-81,-434,1698,1699]]],"type":"MultiPolygon","properties":{"name":"Mappi","shapeGroup":"IDN","gid":"IDN-2-335"},"id":"IDN-2-335"},{"arcs":[[-427,-662,-1202,1700,1701]],"type":"Polygon","properties":{"name":"Maros","shapeGroup":"IDN","gid":"IDN-2-336"},"id":"IDN-2-336"},{"arcs":[[1702,1703,1704]],"type":"Polygon","properties":{"name":"Maybrat","shapeGroup":"IDN","gid":"IDN-2-337"},"id":"IDN-2-337"},{"arcs":[[-885,1705,-1430,-1059,1706]],"type":"Polygon","properties":{"name":"Melawi","shapeGroup":"IDN","gid":"IDN-2-338"},"id":"IDN-2-338"},{"arcs":[[[1707]],[[-275,-1465,-1347,-1256,1708]]],"type":"MultiPolygon","properties":{"name":"Mempawah","shapeGroup":"IDN","gid":"IDN-2-339"},"id":"IDN-2-339"},{"arcs":[[-294,1709,-1047,-496,1710,1711,1712,-1478]],"type":"Polygon","properties":{"name":"Merangin","shapeGroup":"IDN","gid":"IDN-2-340"},"id":"IDN-2-340"},{"arcs":[[[1713]],[[1714]],[[1715]],[[1716]],[[1717]],[[1718]],[[1719]],[[1720]],[[1721]],[[-433,1722,-1699]]],"type":"MultiPolygon","properties":{"name":"Merauke","shapeGroup":"IDN","gid":"IDN-2-341"},"id":"IDN-2-341"},{"arcs":[[1723,1724,1725]],"type":"Polygon","properties":{"name":"Mesuji","shapeGroup":"IDN","gid":"IDN-2-342"},"id":"IDN-2-342"},{"arcs":[[-83,1726,-824,-597,-573,1727,1728,1729]],"type":"Polygon","properties":{"name":"Mimika","shapeGroup":"IDN","gid":"IDN-2-343"},"id":"IDN-2-343"},{"arcs":[[-1204,1730,1731,1732,1733,1734],[-564],[-1304]],"type":"Polygon","properties":{"name":"Minahasa","shapeGroup":"IDN","gid":"IDN-2-344"},"id":"IDN-2-344"},{"arcs":[[-392,1735,-1734,1736,-405,-563,-403]],"type":"Polygon","properties":{"name":"Minahasa Selatan","shapeGroup":"IDN","gid":"IDN-2-345"},"id":"IDN-2-345"},{"arcs":[[-406,-1737,-1733,1737]],"type":"Polygon","properties":{"name":"Minahasa Tenggara","shapeGroup":"IDN","gid":"IDN-2-346"},"id":"IDN-2-346"},{"arcs":[[[1738]],[[-1155,1739,-1731,-1206,1740]],[[1741]],[[1742]]],"type":"MultiPolygon","properties":{"name":"Minahasa Utara","shapeGroup":"IDN","gid":"IDN-2-347"},"id":"IDN-2-347"},{"arcs":[[-666,1743,1744,-1146,-1568,-811,-1435],[-1214]],"type":"Polygon","properties":{"name":"Mojokerto","shapeGroup":"IDN","gid":"IDN-2-348"},"id":"IDN-2-348"},{"arcs":[[[1745]],[[1746]],[[1747]],[[1748]],[[1749]],[[1750]],[[-1088,-1535,1751,1752,-1095]]],"type":"MultiPolygon","properties":{"name":"Morowali","shapeGroup":"IDN","gid":"IDN-2-349"},"id":"IDN-2-349"},{"arcs":[[-110,1753,-1752,-1534,1754,1755]],"type":"Polygon","properties":{"name":"Morowali Utara","shapeGroup":"IDN","gid":"IDN-2-350"},"id":"IDN-2-350"},{"arcs":[[[-888,-1225,-1429,1756,1757,-1259,1758,1759,1760]],[[-186,-1228,1761,-1257,1762]]],"type":"MultiPolygon","properties":{"name":"Muara Enim","shapeGroup":"IDN","gid":"IDN-2-351"},"id":"IDN-2-351"},{"arcs":[[-189,1763,-235,1764,1765],[-1188]],"type":"Polygon","properties":{"name":"Muaro Jambi","shapeGroup":"IDN","gid":"IDN-2-352"},"id":"IDN-2-352"},{"arcs":[[-293,1766,1767,-1048,-1710]],"type":"Polygon","properties":{"name":"Mukomuko","shapeGroup":"IDN","gid":"IDN-2-353"},"id":"IDN-2-353"},{"arcs":[[[-524,1768,1769,1770]],[[-514,1771,-527]],[[1772]]],"type":"MultiPolygon","properties":{"name":"Muna","shapeGroup":"IDN","gid":"IDN-2-354"},"id":"IDN-2-354"},{"arcs":[[[1773]],[[1774]],[[1775]],[[-1770,1776]],[[1777]],[[1778]]],"type":"MultiPolygon","properties":{"name":"Muna Barat","shapeGroup":"IDN","gid":"IDN-2-355"},"id":"IDN-2-355"},{"arcs":[[-215,-840,-686,1779,-842,-1555]],"type":"Polygon","properties":{"name":"Murung Raya","shapeGroup":"IDN","gid":"IDN-2-356"},"id":"IDN-2-356"},{"arcs":[[-188,1780,1781,1782,1783,-231,-1764]],"type":"Polygon","properties":{"name":"Musi Banyuasin","shapeGroup":"IDN","gid":"IDN-2-357"},"id":"IDN-2-357"},{"arcs":[[-615,1784,-1196,1785,-1480,1786,-1782,1787,-1757,-1428]],"type":"Polygon","properties":{"name":"Musi Rawas","shapeGroup":"IDN","gid":"IDN-2-358"},"id":"IDN-2-358"},{"arcs":[[-1479,-1713,1788,-1783,-1787]],"type":"Polygon","properties":{"name":"Musi Rawas Utara","shapeGroup":"IDN","gid":"IDN-2-359"},"id":"IDN-2-359"},{"arcs":[[[1789]],[[1790]],[[1791]],[[1792]],[[-599,-828,1793,1794,1795,-783,1796]]],"type":"MultiPolygon","properties":{"name":"Nabire","shapeGroup":"IDN","gid":"IDN-2-360"},"id":"IDN-2-360"},{"arcs":[[-1,-43,-647,-8,1797]],"type":"Polygon","properties":{"name":"Nagan Raya","shapeGroup":"IDN","gid":"IDN-2-361"},"id":"IDN-2-361"},{"arcs":[[-624,1798,1799,1800]],"type":"Polygon","properties":{"name":"Nagekeo","shapeGroup":"IDN","gid":"IDN-2-362"},"id":"IDN-2-362"},{"arcs":[[[1801]],[[1802]],[[1803]],[[1804]],[[1805]],[[1806]],[[1807]],[[1808]],[[1809]],[[1810]],[[1811]],[[1812]],[[1813]],[[1814]]],"type":"MultiPolygon","properties":{"name":"Natuna","shapeGroup":"IDN","gid":"IDN-2-363"},"id":"IDN-2-363"},{"arcs":[[-84,-1730,-1468,-794,1815]],"type":"Polygon","properties":{"name":"Nduga","shapeGroup":"IDN","gid":"IDN-2-364"},"id":"IDN-2-364"},{"arcs":[[-1685,1816,-1800,1817]],"type":"Polygon","properties":{"name":"Ngada","shapeGroup":"IDN","gid":"IDN-2-365"},"id":"IDN-2-365"},{"arcs":[[-389,-814,-905,1818,1819,-1542]],"type":"Polygon","properties":{"name":"Nganjuk","shapeGroup":"IDN","gid":"IDN-2-366"},"id":"IDN-2-366"},{"arcs":[[-369,-391,-1546,-1552,-850,1820,-670]],"type":"Polygon","properties":{"name":"Ngawi","shapeGroup":"IDN","gid":"IDN-2-367"},"id":"IDN-2-367"},{"arcs":[[-1171,1821,1822,1823,1824],[-1170]],"type":"Polygon","properties":{"name":"Nias","shapeGroup":"IDN","gid":"IDN-2-368"},"id":"IDN-2-368"},{"arcs":[[[1825]],[[-1824,1826,1827,1828]]],"type":"MultiPolygon","properties":{"name":"Nias Barat","shapeGroup":"IDN","gid":"IDN-2-369"},"id":"IDN-2-369"},{"arcs":[[[1829]],[[1830]],[[1831]],[[1832]],[[1833]],[[1834]],[[1835]],[[1836]],[[1837]],[[1838]],[[1839]],[[1840]],[[-1823,1841,-1827]]],"type":"MultiPolygon","properties":{"name":"Nias Selatan","shapeGroup":"IDN","gid":"IDN-2-370"},"id":"IDN-2-370"},{"arcs":[[-1172,-1825,-1829,1842]],"type":"Polygon","properties":{"name":"Nias Utara","shapeGroup":"IDN","gid":"IDN-2-371"},"id":"IDN-2-371"},{"arcs":[[[1843]],[[1844]],[[1845]],[[1846]],[[1847]],[[1848]],[[1849]],[[1850]],[[1851]],[[1852]],[[1853]],[[-1573,1854,1855]]],"type":"MultiPolygon","properties":{"name":"Nunukan","shapeGroup":"IDN","gid":"IDN-2-372"},"id":"IDN-2-372"},{"arcs":[[-184,1856,1857,1858,-1759,-1258,-1762,-1227]],"type":"Polygon","properties":{"name":"Ogan Ilir","shapeGroup":"IDN","gid":"IDN-2-373"},"id":"IDN-2-373"},{"arcs":[[-183,1859,1860,-1726,1861,1862,1863,-1857]],"type":"Polygon","properties":{"name":"Ogan Komering Ilir","shapeGroup":"IDN","gid":"IDN-2-374"},"id":"IDN-2-374"},{"arcs":[[-1760,-1859,1864,1865]],"type":"Polygon","properties":{"name":"Ogan Komering Ulu","shapeGroup":"IDN","gid":"IDN-2-375"},"id":"IDN-2-375"},{"arcs":[[-560,-1443,-889,-1761,-1866,1866,1867,-1436]],"type":"Polygon","properties":{"name":"Ogan Komering Ulu Selatan","shapeGroup":"IDN","gid":"IDN-2-376"},"id":"IDN-2-376"},{"arcs":[[-1858,-1864,1868,-1867,-1865]],"type":"Polygon","properties":{"name":"Ogan Komering Ulu Timur","shapeGroup":"IDN","gid":"IDN-2-377"},"id":"IDN-2-377"},{"arcs":[[1869,1870,1871,1872]],"type":"Polygon","properties":{"name":"Pacitan","shapeGroup":"IDN","gid":"IDN-2-378"},"id":"IDN-2-378"},{"arcs":[[-1666,1873,1874,1875,1876]],"type":"Polygon","properties":{"name":"Padang Lawas","shapeGroup":"IDN","gid":"IDN-2-379"},"id":"IDN-2-379"},{"arcs":[[-1416,-1420,1877,1878,-1875,1879,-1423],[1880]],"type":"Polygon","properties":{"name":"Padang Lawas Utara","shapeGroup":"IDN","gid":"IDN-2-380"},"id":"IDN-2-380"},{"arcs":[[-60,1881,1882,-1220,1883,-1241,1884]],"type":"Polygon","properties":{"name":"Padang Pariaman","shapeGroup":"IDN","gid":"IDN-2-381"},"id":"IDN-2-381"},{"arcs":[[-30,-1281,-557,1885,-752,1886]],"type":"Polygon","properties":{"name":"Pakpak Bharat","shapeGroup":"IDN","gid":"IDN-2-382"},"id":"IDN-2-382"},{"arcs":[[1887,1888,1889,1890]],"type":"Polygon","properties":{"name":"Pamekasan","shapeGroup":"IDN","gid":"IDN-2-383"},"id":"IDN-2-383"},{"arcs":[[[1891]],[[1892]],[[1893]],[[1894]],[[-1475,1895,1896]]],"type":"MultiPolygon","properties":{"name":"Pandeglang","shapeGroup":"IDN","gid":"IDN-2-384"},"id":"IDN-2-384"},{"arcs":[[-533,-545,1897,1898]],"type":"Polygon","properties":{"name":"Pangandaran","shapeGroup":"IDN","gid":"IDN-2-385"},"id":"IDN-2-385"},{"arcs":[[[1899]],[[1900]],[[1901]],[[1902]],[[1903]],[[1904]],[[-224,-428,-1702,1905]]],"type":"MultiPolygon","properties":{"name":"Pangkajene Dan Kepulauan","shapeGroup":"IDN","gid":"IDN-2-386"},"id":"IDN-2-386"},{"arcs":[[-575,-600,-1797,-782,1906,-1728]],"type":"Polygon","properties":{"name":"Paniai","shapeGroup":"IDN","gid":"IDN-2-387"},"id":"IDN-2-387"},{"arcs":[[-502,1907,1908,1909,1910,-1234,-612,1911]],"type":"Polygon","properties":{"name":"Parigi Moutong","shapeGroup":"IDN","gid":"IDN-2-388"},"id":"IDN-2-388"},{"arcs":[[-63,1912,-1667,-1877,1913,-1483]],"type":"Polygon","properties":{"name":"Pasaman","shapeGroup":"IDN","gid":"IDN-2-389"},"id":"IDN-2-389"},{"arcs":[[-62,1914,-1668,-1913]],"type":"Polygon","properties":{"name":"Pasaman Barat","shapeGroup":"IDN","gid":"IDN-2-390"},"id":"IDN-2-390"},{"arcs":[[-95,1915,-218,-1364,1916,1917,-1119]],"type":"Polygon","properties":{"name":"Paser","shapeGroup":"IDN","gid":"IDN-2-391"},"id":"IDN-2-391"},{"arcs":[[-1144,-1745,1918,1919,-1242,1920,1921,-1569]],"type":"Polygon","properties":{"name":"Pasuruan","shapeGroup":"IDN","gid":"IDN-2-392"},"id":"IDN-2-392"},{"arcs":[[-371,-675,-1350,-806,1922,1923]],"type":"Polygon","properties":{"name":"Pati","shapeGroup":"IDN","gid":"IDN-2-393"},"id":"IDN-2-393"},{"arcs":[[-1690,-1696,1924,1925]],"type":"Polygon","properties":{"name":"Pegunungan Arfak","shapeGroup":"IDN","gid":"IDN-2-394"},"id":"IDN-2-394"},{"arcs":[[-436,1926,-787,-910,1927]],"type":"Polygon","properties":{"name":"Pegunungan Bintang","shapeGroup":"IDN","gid":"IDN-2-395"},"id":"IDN-2-395"},{"arcs":[[-166,1928,1929,1930,-1245,-226]],"type":"Polygon","properties":{"name":"Pekalongan","shapeGroup":"IDN","gid":"IDN-2-396"},"id":"IDN-2-396"},{"arcs":[[[1931]],[[1932]],[[1933]],[[1934]],[[1935]],[[1936]],[[-772,-776,-1322,-833,-1248,1937,1938]]],"type":"MultiPolygon","properties":{"name":"Pelalawan","shapeGroup":"IDN","gid":"IDN-2-397"},"id":"IDN-2-397"},{"arcs":[[-195,1939,1940,-1930,1941]],"type":"Polygon","properties":{"name":"Pemalang","shapeGroup":"IDN","gid":"IDN-2-398"},"id":"IDN-2-398"},{"arcs":[[-1101,1942,-1917,-1363,-1401]],"type":"Polygon","properties":{"name":"Penajam Paser Utara","shapeGroup":"IDN","gid":"IDN-2-399"},"id":"IDN-2-399"},{"arcs":[[-187,-1763,-1260,-1758,-1788,-1781]],"type":"Polygon","properties":{"name":"Penukal Abab Lematang Ilir","shapeGroup":"IDN","gid":"IDN-2-400"},"id":"IDN-2-400"},{"arcs":[[[1943]],[[1944]],[[1945]],[[-1104,1946,1947,1948,-1453,-1449]]],"type":"MultiPolygon","properties":{"name":"Pesawaran","shapeGroup":"IDN","gid":"IDN-2-401"},"id":"IDN-2-401"},{"arcs":[[-1441,1949,1950]],"type":"Polygon","properties":{"name":"Pesisir Barat","shapeGroup":"IDN","gid":"IDN-2-402"},"id":"IDN-2-402"},{"arcs":[[[1951]],[[-1049,-1768,1952,-1218,1953,1954,-1051,-1283]]],"type":"MultiPolygon","properties":{"name":"Pesisir Selatan","shapeGroup":"IDN","gid":"IDN-2-403"},"id":"IDN-2-403"},{"arcs":[[-4,-20,-11,1955,1956,-358,-38]],"type":"Polygon","properties":{"name":"Pidie","shapeGroup":"IDN","gid":"IDN-2-404"},"id":"IDN-2-404"},{"arcs":[[-359,-1957,1957]],"type":"Polygon","properties":{"name":"Pidie Jaya","shapeGroup":"IDN","gid":"IDN-2-405"},"id":"IDN-2-405"},{"arcs":[[-628,1958,-1238,1959,1960,-1642,1961]],"type":"Polygon","properties":{"name":"Pinrang","shapeGroup":"IDN","gid":"IDN-2-406"},"id":"IDN-2-406"},{"arcs":[[[1962]],[[-374,1963,-1908,-501,-657]]],"type":"MultiPolygon","properties":{"name":"Pohuwato","shapeGroup":"IDN","gid":"IDN-2-407"},"id":"IDN-2-407"},{"arcs":[[-1561,-1643,-1961,1964]],"type":"Polygon","properties":{"name":"Polewali Mandar","shapeGroup":"IDN","gid":"IDN-2-408"},"id":"IDN-2-408"},{"arcs":[[-1543,-1820,1965,1966,-1870,1967,-1553]],"type":"Polygon","properties":{"name":"Ponorogo","shapeGroup":"IDN","gid":"IDN-2-409"},"id":"IDN-2-409"},{"arcs":[[-1533,-1540,1968,-1910,1969,1970,-1755]],"type":"Polygon","properties":{"name":"Poso","shapeGroup":"IDN","gid":"IDN-2-410"},"id":"IDN-2-410"},{"arcs":[[-1454,-1949,1971]],"type":"Polygon","properties":{"name":"Pringsewu","shapeGroup":"IDN","gid":"IDN-2-411"},"id":"IDN-2-411"},{"arcs":[[-420,-800,-1522,-1570,-1922,1972,-1261,1973,1974]],"type":"Polygon","properties":{"name":"Probolinggo","shapeGroup":"IDN","gid":"IDN-2-412"},"id":"IDN-2-412"},{"arcs":[[-682,-839,1975,-881,-1226]],"type":"Polygon","properties":{"name":"Pulang Pisau","shapeGroup":"IDN","gid":"IDN-2-413"},"id":"IDN-2-413"},{"arcs":[[[1976]],[[1977]]],"type":"MultiPolygon","properties":{"name":"Pulau Morotai","shapeGroup":"IDN","gid":"IDN-2-414"},"id":"IDN-2-414"},{"arcs":[[[1978]],[[1979]],[[1980]],[[1981]]],"type":"MultiPolygon","properties":{"name":"Pulau Taliabu","shapeGroup":"IDN","gid":"IDN-2-415"},"id":"IDN-2-415"},{"arcs":[[-781,1982,-1649,1983,-1469,-1729,-1907]],"type":"Polygon","properties":{"name":"Puncak","shapeGroup":"IDN","gid":"IDN-2-416"},"id":"IDN-2-416"},{"arcs":[[-1470,-1984,-1648,1984]],"type":"Polygon","properties":{"name":"Puncak Jaya","shapeGroup":"IDN","gid":"IDN-2-417"},"id":"IDN-2-417"},{"arcs":[[-165,-196,-1942,-1929]],"type":"Polygon","properties":{"name":"Purbalingga","shapeGroup":"IDN","gid":"IDN-2-418"},"id":"IDN-2-418"},{"arcs":[[-106,1985,-541,-377,-857,1986]],"type":"Polygon","properties":{"name":"Purwakarta","shapeGroup":"IDN","gid":"IDN-2-419"},"id":"IDN-2-419"},{"arcs":[[-902,1987,-1548,-1352,1988]],"type":"Polygon","properties":{"name":"Purworejo","shapeGroup":"IDN","gid":"IDN-2-420"},"id":"IDN-2-420"},{"arcs":[[[1989]],[[1990]],[[1991]],[[1992]],[[1993]],[[1994]],[[1995]],[[1996]],[[1997]],[[1998]],[[1999]],[[2000]],[[2001]],[[2002]],[[2003]],[[2004]],[[2005]],[[2006]],[[2007]],[[2008,2009]],[[2010]],[[2011]],[[2012]],[[2013]],[[2014]],[[2015]],[[2016]],[[2017]],[[2018]],[[2019]],[[2020]],[[2021]],[[2022]],[[2023]],[[2024]],[[2025]],[[2026]],[[2027]],[[2028]],[[2029]],[[2030]],[[2031]],[[2032]],[[2033]],[[2034]]],"type":"MultiPolygon","properties":{"name":"Raja Ampat","shapeGroup":"IDN","gid":"IDN-2-421"},"id":"IDN-2-421"},{"arcs":[[-289,-296,-1481,-1786,-1195,-1785,-620,-917]],"type":"Polygon","properties":{"name":"Rejang Lebong","shapeGroup":"IDN","gid":"IDN-2-422"},"id":"IDN-2-422"},{"arcs":[[-366,-1924,2035,2036]],"type":"Polygon","properties":{"name":"Rembang","shapeGroup":"IDN","gid":"IDN-2-423"},"id":"IDN-2-423"},{"arcs":[[[2037]],[[2038]],[[2039]],[[-266,2040,-1878,-1419,-1414,2041,-1167]]],"type":"MultiPolygon","properties":{"name":"Rokan Hilir","shapeGroup":"IDN","gid":"IDN-2-424"},"id":"IDN-2-424"},{"arcs":[[-265,2042,-830,-837,-1484,-1914,-1876,-1879,-2041],[-829]],"type":"Polygon","properties":{"name":"Rokan Hulu","shapeGroup":"IDN","gid":"IDN-2-425"},"id":"IDN-2-425"},{"arcs":[[[2043]],[[2044]],[[2045]],[[2046]],[[2047]],[[2048]],[[2049]]],"type":"MultiPolygon","properties":{"name":"Rote Ndao","shapeGroup":"IDN","gid":"IDN-2-426"},"id":"IDN-2-426"},{"arcs":[[[2050]],[[2051]]],"type":"MultiPolygon","properties":{"name":"Sabu Raijua","shapeGroup":"IDN","gid":"IDN-2-427"},"id":"IDN-2-427"},{"arcs":[[-278,-1277,2052]],"type":"Polygon","properties":{"name":"Sambas","shapeGroup":"IDN","gid":"IDN-2-428"},"id":"IDN-2-428"},{"arcs":[[[-556,-570,-753,-1886]],[[-571]]],"type":"MultiPolygon","properties":{"name":"Samosir","shapeGroup":"IDN","gid":"IDN-2-429"},"id":"IDN-2-429"},{"arcs":[[-145,2053,-1890,2054]],"type":"Polygon","properties":{"name":"Sampang","shapeGroup":"IDN","gid":"IDN-2-430"},"id":"IDN-2-430"},{"arcs":[[-273,2055,2056,2057,-1056,-1349,-1464]],"type":"Polygon","properties":{"name":"Sanggau","shapeGroup":"IDN","gid":"IDN-2-431"},"id":"IDN-2-431"},{"arcs":[[[-790,2058,-1653,-1645,2059]],[[2060]]],"type":"MultiPolygon","properties":{"name":"Sarmi","shapeGroup":"IDN","gid":"IDN-2-432"},"id":"IDN-2-432"},{"arcs":[[-232,-1784,-1789,-1712,2061]],"type":"Polygon","properties":{"name":"Sarolangun","shapeGroup":"IDN","gid":"IDN-2-433"},"id":"IDN-2-433"},{"arcs":[[-1057,-2058,2062]],"type":"Polygon","properties":{"name":"Sekadau","shapeGroup":"IDN","gid":"IDN-2-434"},"id":"IDN-2-434"},{"arcs":[[-283,2063,-1150,-285,-918,-618,-1427]],"type":"Polygon","properties":{"name":"Seluma","shapeGroup":"IDN","gid":"IDN-2-435"},"id":"IDN-2-435"},{"arcs":[[-448,-1551,2064,-914,-754,-913,-1270,-587,-673],[-1264]],"type":"Polygon","properties":{"name":"Semarang","shapeGroup":"IDN","gid":"IDN-2-436"},"id":"IDN-2-436"},{"arcs":[[[2065]],[[2066]],[[2067]],[[2068]],[[2069]],[[-1609,2070]],[[2071]]],"type":"MultiPolygon","properties":{"name":"Seram Bagian Barat","shapeGroup":"IDN","gid":"IDN-2-437"},"id":"IDN-2-437"},{"arcs":[[[2072]],[[2073]],[[2074]],[[2075]],[[2076]],[[2077]],[[2078]],[[2079]],[[-1607,2080]]],"type":"MultiPolygon","properties":{"name":"Seram Bagian Timur","shapeGroup":"IDN","gid":"IDN-2-438"},"id":"IDN-2-438"},{"arcs":[[[2081]],[[2082]],[[-1161,2083,-1272,2084,2085,-1476,-1897,2086]]],"type":"MultiPolygon","properties":{"name":"Serang","shapeGroup":"IDN","gid":"IDN-2-439"},"id":"IDN-2-439"},{"arcs":[[-236,2087,-578,2088,-239,2089],[-1294]],"type":"Polygon","properties":{"name":"Serdang Bedagai","shapeGroup":"IDN","gid":"IDN-2-440"},"id":"IDN-2-440"},{"arcs":[[-884,-1320,2090,-1318,-1431,-1706]],"type":"Polygon","properties":{"name":"Seruyan","shapeGroup":"IDN","gid":"IDN-2-441"},"id":"IDN-2-441"},{"arcs":[[-264,2091,-1938,-1247,-831,-2043]],"type":"Polygon","properties":{"name":"Siak","shapeGroup":"IDN","gid":"IDN-2-442"},"id":"IDN-2-442"},{"arcs":[[[2092]],[[2093]],[[2094]],[[2095]],[[2096]]],"type":"MultiPolygon","properties":{"name":"Siau Tagulandang Biaro","shapeGroup":"IDN","gid":"IDN-2-443"},"id":"IDN-2-443"},{"arcs":[[-221,-1239,-1959,-627,-1527,2097,2098]],"type":"Polygon","properties":{"name":"Sidenreng Rappang","shapeGroup":"IDN","gid":"IDN-2-444"},"id":"IDN-2-444"},{"arcs":[[-665,-1285,2099,-1919,-1744]],"type":"Polygon","properties":{"name":"Sidoarjo","shapeGroup":"IDN","gid":"IDN-2-445"},"id":"IDN-2-445"},{"arcs":[[-607,-1235,-1911,-1969,-1539,-1663,-1664]],"type":"Polygon","properties":{"name":"Sigi","shapeGroup":"IDN","gid":"IDN-2-446"},"id":"IDN-2-446"},{"arcs":[[-594,2100,-1267,2101,-1485,-835,-1321]],"type":"Polygon","properties":{"name":"Sijunjung","shapeGroup":"IDN","gid":"IDN-2-447"},"id":"IDN-2-447"},{"arcs":[[[2102]],[[2103]],[[2104]],[[-622,2105,-642,2106]],[[2107]],[[2108]]],"type":"MultiPolygon","properties":{"name":"Sikka","shapeGroup":"IDN","gid":"IDN-2-448"},"id":"IDN-2-448"},{"arcs":[[-76,2109,-566,-878,-579,-2088,-237,-2090,-238],[-1249]],"type":"Polygon","properties":{"name":"Simalungun","shapeGroup":"IDN","gid":"IDN-2-449"},"id":"IDN-2-449"},{"arcs":[[[2110]],[[2111]],[[2112]],[[2113]],[[2114]],[[2115]],[[2116]]],"type":"MultiPolygon","properties":{"name":"Simeulue","shapeGroup":"IDN","gid":"IDN-2-450"},"id":"IDN-2-450"},{"arcs":[[-172,-663,-425,2117,-461]],"type":"Polygon","properties":{"name":"Sinjai","shapeGroup":"IDN","gid":"IDN-2-451"},"id":"IDN-2-451"},{"arcs":[[-685,-886,-1707,-1058,-2063,-2057,2118,-843,-1780]],"type":"Polygon","properties":{"name":"Sintang","shapeGroup":"IDN","gid":"IDN-2-452"},"id":"IDN-2-452"},{"arcs":[[-200,-421,-1975,2119]],"type":"Polygon","properties":{"name":"Situbondo","shapeGroup":"IDN","gid":"IDN-2-453"},"id":"IDN-2-453"},{"arcs":[[-173,-1314,-177,-1354,-1547,-1064,-676]],"type":"Polygon","properties":{"name":"Sleman","shapeGroup":"IDN","gid":"IDN-2-454"},"id":"IDN-2-454"},{"arcs":[[-561,2120,-1268,-2101,-593,2121,-1954,-1217,-1278,-1215,-1883,2122]],"type":"Polygon","properties":{"name":"Solok","shapeGroup":"IDN","gid":"IDN-2-455"},"id":"IDN-2-455"},{"arcs":[[-592,-1052,-1955,-2122]],"type":"Polygon","properties":{"name":"Solok Selatan","shapeGroup":"IDN","gid":"IDN-2-456"},"id":"IDN-2-456"},{"arcs":[[-222,-2099,2123,-422]],"type":"Polygon","properties":{"name":"Soppeng","shapeGroup":"IDN","gid":"IDN-2-457"},"id":"IDN-2-457"},{"arcs":[[[2124]],[[-2009,2125]],[[2126]],[[-1279,2127,2128,2129,2130]]],"type":"MultiPolygon","properties":{"name":"Sorong","shapeGroup":"IDN","gid":"IDN-2-458"},"id":"IDN-2-458"},{"arcs":[[-1704,2131,2132,-2130,2133]],"type":"Polygon","properties":{"name":"Sorong Selatan","shapeGroup":"IDN","gid":"IDN-2-459"},"id":"IDN-2-459"},{"arcs":[[[-439,2134]],[[-441,2135,-671,-1821,-849]]],"type":"MultiPolygon","properties":{"name":"Sragen","shapeGroup":"IDN","gid":"IDN-2-460"},"id":"IDN-2-460"},{"arcs":[[-103,-107,-1987,-856,2136,-779,2137]],"type":"Polygon","properties":{"name":"Subang","shapeGroup":"IDN","gid":"IDN-2-461"},"id":"IDN-2-461"},{"arcs":[[-379,-540,2138,-1473],[-1282]],"type":"Polygon","properties":{"name":"Sukabumi","shapeGroup":"IDN","gid":"IDN-2-462"},"id":"IDN-2-462"},{"arcs":[[-1061,-1432,-1316,2139]],"type":"Polygon","properties":{"name":"Sukamara","shapeGroup":"IDN","gid":"IDN-2-463"},"id":"IDN-2-463"},{"arcs":[[-445,-848,-1286,-853,2140,-678,-1063]],"type":"Polygon","properties":{"name":"Sukoharjo","shapeGroup":"IDN","gid":"IDN-2-464"},"id":"IDN-2-464"},{"arcs":[[2141,2142,2143,2144]],"type":"Polygon","properties":{"name":"Sumba Barat","shapeGroup":"IDN","gid":"IDN-2-465"},"id":"IDN-2-465"},{"arcs":[[-2143,2145]],"type":"Polygon","properties":{"name":"Sumba Barat Daya","shapeGroup":"IDN","gid":"IDN-2-466"},"id":"IDN-2-466"},{"arcs":[[-2145,2146,2147,2148]],"type":"Polygon","properties":{"name":"Sumba Tengah","shapeGroup":"IDN","gid":"IDN-2-467"},"id":"IDN-2-467"},{"arcs":[[[2149]],[[-2148,2150]]],"type":"MultiPolygon","properties":{"name":"Sumba Timur","shapeGroup":"IDN","gid":"IDN-2-468"},"id":"IDN-2-468"},{"arcs":[[[2151]],[[2152]],[[2153]],[[2154]],[[2155]],[[-602,2156,2157,2158]],[[2159]],[[2160]]],"type":"MultiPolygon","properties":{"name":"Sumbawa","shapeGroup":"IDN","gid":"IDN-2-469"},"id":"IDN-2-469"},{"arcs":[[[2161]],[[-2158,2162]]],"type":"MultiPolygon","properties":{"name":"Sumbawa Barat","shapeGroup":"IDN","gid":"IDN-2-470"},"id":"IDN-2-470"},{"arcs":[[-96,-2138,-778,-1559,2163,-644]],"type":"Polygon","properties":{"name":"Sumedang","shapeGroup":"IDN","gid":"IDN-2-471"},"id":"IDN-2-471"},{"arcs":[[[2164]],[[2165]],[[2166]],[[2167]],[[2168]],[[2169]],[[2170]],[[2171]],[[2172]],[[2173]],[[2174]],[[2175]],[[2176]],[[2177]],[[2178]],[[-1888,2179]],[[2180]],[[2181]],[[2182]],[[2183]]],"type":"MultiPolygon","properties":{"name":"Sumenep","shapeGroup":"IDN","gid":"IDN-2-472"},"id":"IDN-2-472"},{"arcs":[[[2184]],[[-327,2185]]],"type":"MultiPolygon","properties":{"name":"Supiori","shapeGroup":"IDN","gid":"IDN-2-473"},"id":"IDN-2-473"},{"arcs":[[-94,-749,-212,-209,-219,-1916]],"type":"Polygon","properties":{"name":"Tabalong","shapeGroup":"IDN","gid":"IDN-2-474"},"id":"IDN-2-474"},{"arcs":[[-88,2186,-801,-456]],"type":"Polygon","properties":{"name":"Tabanan","shapeGroup":"IDN","gid":"IDN-2-475"},"id":"IDN-2-475"},{"arcs":[[[2187]],[[2188]],[[-660,-804,2189,-1200]]],"type":"MultiPolygon","properties":{"name":"Takalar","shapeGroup":"IDN","gid":"IDN-2-476"},"id":"IDN-2-476"},{"arcs":[[-1691,-1926,2190,-1705,-2134,-2129,2191]],"type":"Polygon","properties":{"name":"Tambrauw","shapeGroup":"IDN","gid":"IDN-2-477"},"id":"IDN-2-477"},{"arcs":[[[2192]],[[-490,2193]],[[2194]],[[2195]],[[2196]],[[2197]],[[2198]],[[2199]],[[2200]],[[-488,-1574,-1856,2201]],[[2202]],[[2203]],[[2204]],[[2205]]],"type":"MultiPolygon","properties":{"name":"Tana Tidung","shapeGroup":"IDN","gid":"IDN-2-478"},"id":"IDN-2-478"},{"arcs":[[-629,-1962,-1641,-1657,2206,-1523]],"type":"Polygon","properties":{"name":"Tana Toraja","shapeGroup":"IDN","gid":"IDN-2-479"},"id":"IDN-2-479"},{"arcs":[[[2207]],[[2208]],[[-152,-1121,2209,2210]]],"type":"MultiPolygon","properties":{"name":"Tanah Bumbu","shapeGroup":"IDN","gid":"IDN-2-480"},"id":"IDN-2-480"},{"arcs":[[-59,-1486,-2102,-1269,-2121,-562,-2123,-1882],[-1221]],"type":"Polygon","properties":{"name":"Tanah Datar","shapeGroup":"IDN","gid":"IDN-2-481"},"id":"IDN-2-481"},{"arcs":[[-153,-2211,2211,-155,-1107]],"type":"Polygon","properties":{"name":"Tanah Laut","shapeGroup":"IDN","gid":"IDN-2-482"},"id":"IDN-2-482"},{"arcs":[[-381,-1477,-2086,2212,-1186,-1178,-1288,-1289]],"type":"Polygon","properties":{"name":"Tangerang","shapeGroup":"IDN","gid":"IDN-2-483"},"id":"IDN-2-483"},{"arcs":[[[2213]],[[-1440,-1455,-1972,-1948,2214,-1950]]],"type":"MultiPolygon","properties":{"name":"Tanggamus","shapeGroup":"IDN","gid":"IDN-2-484"},"id":"IDN-2-484"},{"arcs":[[-234,2215,-769,2216,2217,-1765]],"type":"Polygon","properties":{"name":"Tanjung Jabung Barat","shapeGroup":"IDN","gid":"IDN-2-485"},"id":"IDN-2-485"},{"arcs":[[-190,-1766,-2218,2218]],"type":"Polygon","properties":{"name":"Tanjung Jabung Timur","shapeGroup":"IDN","gid":"IDN-2-486"},"id":"IDN-2-486"},{"arcs":[[[-1881]],[[-1424,-1880,-1874,-1670,2219,2220,2221],[-1222]]],"type":"MultiPolygon","properties":{"name":"Tapanuli Selatan","shapeGroup":"IDN","gid":"IDN-2-487"},"id":"IDN-2-487"},{"arcs":[[[2222]],[[-31,-1887,-751,2223,-2221,2224,-1275,2225]]],"type":"MultiPolygon","properties":{"name":"Tapanuli Tengah","shapeGroup":"IDN","gid":"IDN-2-488"},"id":"IDN-2-488"},{"arcs":[[[-568,2226,-1425,-2222,-2224,-750]],[[-572]]],"type":"MultiPolygon","properties":{"name":"Tapanuli Utara","shapeGroup":"IDN","gid":"IDN-2-489"},"id":"IDN-2-489"},{"arcs":[[-160,-205,-748,-742]],"type":"Polygon","properties":{"name":"Tapin","shapeGroup":"IDN","gid":"IDN-2-490"},"id":"IDN-2-490"},{"arcs":[[-534,-1899,2227,-645,-2164,-1558,-536,-1293]],"type":"Polygon","properties":{"name":"Tasikmalaya","shapeGroup":"IDN","gid":"IDN-2-491"},"id":"IDN-2-491"},{"arcs":[[-233,-2062,-1711,-499,-596,-1323,-774,-770,-2216]],"type":"Polygon","properties":{"name":"Tebo","shapeGroup":"IDN","gid":"IDN-2-492"},"id":"IDN-2-492"},{"arcs":[[-194,-455,-1296,2228,-1940]],"type":"Polygon","properties":{"name":"Tegal","shapeGroup":"IDN","gid":"IDN-2-493"},"id":"IDN-2-493"},{"arcs":[[[2229]],[[2230]],[[2231]],[[2232]],[[2233]],[[2234]],[[2235]],[[2236]],[[2237]],[[2238]],[[2239]],[[2240]],[[2241]],[[-639,2242,-2132,-1703,-2191,-1925,-1695,2243,-826]]],"type":"MultiPolygon","properties":{"name":"Teluk Bintuni","shapeGroup":"IDN","gid":"IDN-2-494"},"id":"IDN-2-494"},{"arcs":[[[2244]],[[2245]],[[2246]],[[2247]],[[2248]],[[2249]],[[-827,-2244,-1694,2250,-1794]],[[2251]]],"type":"MultiPolygon","properties":{"name":"Teluk Wondama","shapeGroup":"IDN","gid":"IDN-2-495"},"id":"IDN-2-495"},{"arcs":[[-915,-2065,-1550,2252]],"type":"Polygon","properties":{"name":"Temanggung","shapeGroup":"IDN","gid":"IDN-2-496"},"id":"IDN-2-496"},{"arcs":[[-1359,2253,-1565,2254]],"type":"Polygon","properties":{"name":"Timor Tengah Selatan","shapeGroup":"IDN","gid":"IDN-2-497"},"id":"IDN-2-497"},{"arcs":[[-260,-1566,-2254,-1358,2255]],"type":"Polygon","properties":{"name":"Timor Tengah Utara","shapeGroup":"IDN","gid":"IDN-2-498"},"id":"IDN-2-498"},{"arcs":[[-75,-1426,-2227,-567,-2110]],"type":"Polygon","properties":{"name":"Toba Samosir","shapeGroup":"IDN","gid":"IDN-2-499"},"id":"IDN-2-499"},{"arcs":[[[2256,-111,-1756,-1971,2257]],[[2258]],[[2259]],[[2260]],[[2261]],[[2262]],[[2263]],[[2264]],[[2265]]],"type":"MultiPolygon","properties":{"name":"Tojo Una-Una","shapeGroup":"IDN","gid":"IDN-2-500"},"id":"IDN-2-500"},{"arcs":[[[2266]],[[2267]],[[2268]],[[-503,-1912,-611,2269]]],"type":"MultiPolygon","properties":{"name":"Toli-Toli","shapeGroup":"IDN","gid":"IDN-2-501"},"id":"IDN-2-501"},{"arcs":[[-1471,-1985,-1647,-1652]],"type":"Polygon","properties":{"name":"Tolikara","shapeGroup":"IDN","gid":"IDN-2-502"},"id":"IDN-2-502"},{"arcs":[[-1231,-1524,-2207,-1656,-1536,-1528]],"type":"Polygon","properties":{"name":"Toraja Utara","shapeGroup":"IDN","gid":"IDN-2-503"},"id":"IDN-2-503"},{"arcs":[[-1871,-1967,2270,2271]],"type":"Polygon","properties":{"name":"Trenggalek","shapeGroup":"IDN","gid":"IDN-2-504"},"id":"IDN-2-504"},{"arcs":[[-367,-2037,2272,-1433,-386]],"type":"Polygon","properties":{"name":"Tuban","shapeGroup":"IDN","gid":"IDN-2-505"},"id":"IDN-2-505"},{"arcs":[[-1457,-1463,2273,-1862,-1725,2274]],"type":"Polygon","properties":{"name":"Tulang Bawang Barat","shapeGroup":"IDN","gid":"IDN-2-506"},"id":"IDN-2-506"},{"arcs":[[-1458,-2275,-1724,-1861,2275,-1460]],"type":"Polygon","properties":{"name":"Tulangbawang","shapeGroup":"IDN","gid":"IDN-2-507"},"id":"IDN-2-507"},{"arcs":[[-362,2276,-2271,-1966,-1819,-904]],"type":"Polygon","properties":{"name":"Tulungagung","shapeGroup":"IDN","gid":"IDN-2-508"},"id":"IDN-2-508"},{"arcs":[[-105,-542,-1986]],"type":"Polygon","properties":{"name":"Waduk Cirata","shapeGroup":"IDN","gid":"IDN-2-509"},"id":"IDN-2-509"},{"arcs":[[-438,-672,-2136,-440,-2135]],"type":"Polygon","properties":{"name":"Wadung Kedungombo","shapeGroup":"IDN","gid":"IDN-2-510"},"id":"IDN-2-510"},{"arcs":[[-423,-2124,-2098,-1526,2277]],"type":"Polygon","properties":{"name":"Wajo","shapeGroup":"IDN","gid":"IDN-2-511"},"id":"IDN-2-511"},{"arcs":[[[2278]],[[2279]],[[2280]],[[2281]],[[2282]],[[2283]],[[2284]],[[2285]],[[2286]],[[2287]],[[2288]]],"type":"MultiPolygon","properties":{"name":"Wakatobi","shapeGroup":"IDN","gid":"IDN-2-512"},"id":"IDN-2-512"},{"arcs":[[-784,-1796,2289,-1650,-1983]],"type":"Polygon","properties":{"name":"Waropen","shapeGroup":"IDN","gid":"IDN-2-513"},"id":"IDN-2-513"},{"arcs":[[-1437,-1868,-1869,-1863,-2274,-1462]],"type":"Polygon","properties":{"name":"Way Kanan","shapeGroup":"IDN","gid":"IDN-2-514"},"id":"IDN-2-514"},{"arcs":[[-679,-2141,-852,-1554,-1968,-1873,2290]],"type":"Polygon","properties":{"name":"Wonogiri","shapeGroup":"IDN","gid":"IDN-2-515"},"id":"IDN-2-515"},{"arcs":[[-162,-230,-916,-2253,-1549,-1988,-901]],"type":"Polygon","properties":{"name":"Wonosobo","shapeGroup":"IDN","gid":"IDN-2-516"},"id":"IDN-2-516"},{"arcs":[[-80,-1816,-793,2291,-788,-1927,-435]],"type":"Polygon","properties":{"name":"Yahukimo","shapeGroup":"IDN","gid":"IDN-2-517"},"id":"IDN-2-517"},{"arcs":[[-789,-2292,-792,-1654,-2059]],"type":"Polygon","properties":{"name":"Yalimo","shapeGroup":"IDN","gid":"IDN-2-518"},"id":"IDN-2-518"}]}}}