{"type":"Topology","arcs":[[[21527,42837],[40,-10],[55,-74],[29,-83],[-13,-43],[14,-52],[53,-73],[37,-85],[-25,-50],[29,-78],[-32,-150],[-67,-26],[-10,-43],[44,-32],[-1,-47],[65,-39],[-19,-46]],[[21726,41906],[-10,-32],[-84,-41],[-23,-28],[-98,-30],[-9,-53],[-82,-86],[-67,-40],[-12,-76],[26,-61],[-39,-18]],[[21328,41441],[-71,25],[-12,37],[-59,-10],[14,-46],[-13,-51],[-111,23],[-53,-35],[-24,85],[-94,23],[23,80],[-41,8],[-224,-31],[-36,15],[-77,-19],[-149,35]],[[20401,41580],[-68,65],[20,33],[75,23],[51,63],[58,-3],[30,25],[17,66],[-53,6],[-40,-62],[-75,3],[-44,68],[-33,-25],[-39,-91],[-198,73],[-17,84],[-59,35],[25,67],[-10,81],[6,81],[-10,65],[-26,25],[21,91],[35,77],[71,44],[42,83],[1,86],[-65,63],[-7,84],[22,42],[86,68]],[[20217,42900],[31,27],[-64,35],[-8,43],[21,44],[90,60],[-5,-78],[39,0],[136,-151],[66,-27],[31,37],[39,-24],[26,33],[2,47],[48,27],[30,79],[57,55],[35,99],[158,0],[16,-46],[105,5],[1,-46],[117,-14],[-2,-33],[-55,-54],[-42,-116],[80,-78],[64,-2],[27,48],[141,-55],[126,22]],[[19818,38639],[49,29],[111,4],[76,21],[76,49],[48,53],[32,-2],[-7,88],[45,11],[28,112],[-21,108],[15,50],[83,59],[-9,63],[-92,-8],[0,36],[-73,52],[23,47],[-6,41],[-114,-7],[-13,58],[11,109],[37,57]],[[20117,39669],[68,-15],[109,-43],[52,-42],[55,46],[-6,59],[-43,40],[-3,62],[55,-21],[22,-46],[46,15],[114,15],[64,-40],[15,-83],[30,5],[49,-64],[58,-18],[8,-25],[62,-14],[96,31],[36,-66],[60,3],[12,-113],[90,-30],[43,-28],[58,32],[11,56],[-19,35],[-110,27],[-18,93],[25,33],[93,5],[22,-27],[66,-17],[39,38],[70,38],[-12,106],[79,27],[130,-12],[8,64],[24,52],[52,27],[24,35],[-5,45],[41,111]],[[21787,40065],[32,29],[44,2],[18,-62],[58,-31],[47,2],[11,-35],[55,21],[-38,49],[38,102],[-73,13],[-7,-44],[-46,-53],[-10,77],[31,56],[85,39],[56,3],[29,-128],[47,-39],[-3,-59],[19,-24],[78,15],[-6,-115],[-38,-73],[24,-83],[33,49],[111,34],[10,-29],[56,-21],[51,18],[37,-17],[20,40],[64,-7],[45,37],[81,9],[12,-76],[-17,-42],[-86,-68],[-39,-15],[-25,-42],[1,-52],[-28,-28],[-55,19],[-38,-66],[31,-20],[13,-127],[67,-62],[26,20],[88,21],[38,-32],[62,-94],[-5,-122],[51,4],[56,-32]],[[22898,39026],[17,-52],[-32,-82],[9,-39],[-33,-90],[24,-47],[-13,-37],[-44,-9],[-83,-66],[-16,-34],[-80,-19],[-32,7],[-53,-34],[-53,14],[-74,-44],[-81,14],[-180,-26],[-62,-45]],[[22112,38437],[-111,-66],[-32,-49],[-51,-43],[-56,-1],[-46,-43],[-59,-81],[-44,19],[-46,-20],[-47,61],[-46,-6],[-25,-46],[-47,-17],[-72,-64],[-9,-96],[-34,-16],[-117,54],[-55,-25]],[[21215,37998],[9,46],[-50,79],[47,73],[8,62],[-27,23],[-68,9],[-54,-22],[5,97],[-14,28],[-88,-5],[-141,-42],[-56,-52],[-149,-89],[-151,-13],[-10,-72],[-99,-35],[-111,90],[-49,19],[-29,-60],[-51,40],[1,45],[-72,-7],[-33,45],[-74,21],[-53,115],[-31,6],[-35,56],[-83,99],[61,85]],[[24008,37559],[92,-28],[-23,-58],[-45,-42],[-34,-54],[16,-66],[36,-16],[-8,-56],[-112,-8],[-116,-20],[-55,-42],[-27,-74],[47,-23],[33,81],[68,22],[123,-51],[-62,-54],[-2,-77],[116,17],[11,-75],[-141,-64],[19,-75],[148,-67],[11,-93],[-80,36],[-3,-52],[19,-132],[32,-80],[65,-60],[-25,-42],[31,-45],[1,-59],[40,-5],[-14,-105],[-57,-9],[2,-40],[-74,-52],[15,-66],[-37,-11],[-49,-73],[-12,-49],[-58,-86],[40,-50],[-45,-92],[-36,9],[-56,-51],[-15,-87],[32,-12]],[[23819,35423],[-32,-76],[22,-23],[-26,-50],[-148,24],[-14,-50],[-80,-71],[-158,-9],[-46,-10],[-32,41],[-43,-3],[-74,-56],[-59,-4],[-1,-69],[23,-93],[28,-10],[-10,-76],[-62,25],[-38,-29],[-73,24],[-15,-14],[-129,-2],[-83,7],[-47,-66],[-87,42],[-100,5],[-36,-16],[-33,26],[-45,-4],[-53,66],[-111,32],[-54,-49],[-69,-24],[-46,10]],[[22088,34921],[4,43],[-40,137],[20,57],[-110,31],[13,-46],[-36,-41],[-44,16]],[[21895,35118],[3,83],[44,-3],[53,104],[81,80],[-4,40],[72,8],[25,154],[53,10],[-46,85],[51,27],[55,2],[38,39],[17,51],[-25,82],[-38,-1],[-7,60],[-53,6],[-34,42],[-46,11],[-50,-18],[-93,-62],[-7,99],[34,47],[1,45],[-96,74],[-57,170],[-67,-37],[-48,-4],[-25,101],[2,216],[58,66],[-56,31],[-16,85],[-31,43],[74,73],[0,88],[-21,36]],[[21736,37051],[32,41],[43,-13],[26,26],[159,-17],[59,-82],[80,-15],[60,6],[31,50],[34,5],[30,41],[39,-12],[42,32],[-42,66],[-75,70],[62,33],[18,88],[-49,48],[-58,83],[0,100],[21,49],[48,24],[26,-19],[71,14],[79,-33],[30,70],[118,49]],[[22620,37755],[29,-117],[33,8],[68,-63],[53,-23],[34,17],[-14,54],[104,22],[34,60],[98,-7],[82,-26],[17,-72],[71,-26],[68,21],[50,63],[-35,24],[-1,40],[-43,37],[-8,37],[114,59],[26,35],[47,-3],[54,-38],[15,36],[57,18],[9,42],[81,28],[27,-19],[33,52],[72,8],[46,-96],[-7,-47],[40,-17],[-28,-49],[19,-76],[66,9],[-8,-112],[39,-1],[-16,-65],[62,-9]],[[21895,35118],[-79,-32],[-9,32],[-81,20],[15,-54],[-66,-12],[-50,-28],[-75,11],[-21,-70],[-4,-72],[-227,-141],[-47,-5],[-49,-39],[-84,-42],[-85,-9],[-5,-28],[-86,-20],[-95,29],[-120,51],[-12,-51],[-99,-15],[-20,-43],[-72,-17],[-1,44],[-75,-12],[-52,49],[-100,-2],[5,-65],[-84,19],[-8,59],[-69,54],[-36,-105],[-50,2],[-12,90],[-27,51],[1,47],[-67,38],[2,38],[-44,75],[10,51],[73,34],[101,-5],[17,-17],[118,-42],[48,2],[39,29],[-36,45],[-42,2],[3,59],[-30,192],[-54,104],[-79,86],[-101,34],[-105,-17],[-127,13],[-45,-11],[-96,6],[21,-55],[-62,-49],[-72,5],[-37,-57],[-101,47],[-85,28],[-128,-25]],[[19137,35424],[-5,47],[53,88],[117,22],[102,9],[9,51],[-47,15],[-15,106],[60,14],[61,100]],[[19472,35876],[61,18],[54,112],[57,20],[54,0],[156,71],[28,62],[38,-13],[93,-2],[77,25],[6,107],[-102,15],[9,121],[16,75],[-22,16],[-83,0],[-92,110],[-25,-4],[-13,75]],[[19784,36684],[48,-6],[8,-51],[58,1],[32,-24],[59,25],[-2,58],[62,21],[44,128],[80,69],[88,1],[151,-82],[60,37],[73,-1],[196,42],[100,71],[30,-44],[-10,-31],[4,-116],[42,-3],[25,39],[91,64],[131,5],[72,-7],[139,78],[57,12],[56,49],[45,19],[76,7],[125,-6],[12,12]],[[22112,38437],[46,-5],[-9,-54],[79,2],[31,-29],[40,23],[87,-17],[33,-103],[-23,-64],[12,-64],[46,-14],[7,-49],[44,-32],[-23,-40],[105,-82],[27,31],[45,-41],[-44,-71],[5,-73]],[[19784,36684],[0,53],[-23,73],[16,24],[-99,100],[17,46],[-19,70],[-59,80],[-8,153],[-60,67],[15,53],[-96,13],[-9,22]],[[19459,37438],[25,11],[69,76],[45,-5],[33,-82],[63,-16],[49,28],[40,86],[70,1],[151,95],[62,-12],[79,62],[79,3],[44,32],[8,45],[67,99],[73,-26],[43,15],[48,65],[89,-16],[72,61],[19,69],[34,64],[115,72],[40,-32],[-19,-43],[47,-24],[58,61],[42,-34],[-45,-69],[0,-89],[40,-12],[35,48],[-15,47],[78,38],[65,-14],[53,-44]],[[19459,37438],[-70,30],[-62,-7],[-49,-49]],[[19278,37412],[8,53],[-21,51],[-77,50],[2,78],[-90,46],[-32,33],[30,32],[-17,66],[-36,41],[20,62],[-35,69],[-29,183],[-70,-32],[-62,27],[-31,-44],[-63,56],[-39,-38],[-43,31],[-29,-32],[-60,-6],[-42,-70],[-199,-28],[15,-64],[-75,-19],[-71,36],[-130,-72],[-34,36],[-71,22],[-18,50],[21,64],[-90,120],[-55,17],[-25,49],[19,110],[-70,29],[1,26],[79,26],[-26,74],[21,102],[116,-3],[8,37],[-60,20],[24,45],[42,-11],[27,43]],[[18011,38777],[73,-38],[36,8],[49,44],[32,5],[4,139],[54,-24],[65,16],[27,-86],[53,1],[43,-40],[21,37],[-13,64],[60,-29],[50,-85],[53,-50],[87,-14],[71,65],[7,101],[-21,64],[38,61],[71,11],[61,57],[42,60],[-18,60],[3,85],[30,83],[-13,35],[48,72],[18,49],[66,45]],[[19108,39573],[66,34],[44,41],[9,49],[48,63],[25,4],[5,115],[-31,49],[23,55],[63,82]],[[19360,40065],[128,-51],[-7,-74],[60,-19],[97,-94],[-29,-49],[20,-32],[-17,-123],[20,-59],[-21,-52],[11,-35],[-43,-63],[-94,-105],[-15,-83],[-38,14],[-15,62],[-35,-7],[-15,-112],[93,-29],[-14,-99],[-65,-45],[16,-40],[66,-10],[-24,-37],[48,-33],[47,-67],[-2,-37],[54,-24],[20,-73],[87,16],[1,-36],[124,-30]],[[26633,39396],[22,-25],[-16,-63],[63,-8]],[[26702,39300],[-18,-84],[32,-6],[4,-57],[-35,-49],[-55,4],[-84,-141],[-52,-42],[46,-19],[47,-74],[42,29],[85,-67],[-53,-38],[-62,-84]],[[26599,38672],[-35,49],[-116,42],[8,41],[-85,3],[-25,68],[-36,-12],[-10,-54],[-66,-13],[-48,-53],[-16,-46],[-52,0],[-44,34],[-40,80],[-39,14],[-68,-46],[-79,-23],[50,-85],[3,-41],[-47,-14],[21,-70],[-92,29],[-33,33],[-47,-19],[-7,58],[-59,2],[-95,-91],[-97,-23],[30,-55],[-33,-17],[31,-45],[-113,-74],[38,-57],[-12,-168]],[[25386,38119],[-52,18],[-74,-36],[-92,15],[-20,-43],[-43,-3],[-73,74],[-34,-40],[-42,-5],[-13,37],[47,45],[-56,32],[-14,66],[-215,14],[-57,69]],[[24648,38362],[35,36],[6,43],[-35,21],[-28,57],[-29,17],[-4,72],[22,16],[-15,60],[-68,105],[-106,19],[-143,-108],[-35,23],[-75,-18],[-39,30],[-69,0],[6,70],[35,59]],[[24106,38864],[113,63],[162,160],[123,21],[128,91],[157,97],[53,51],[45,89],[16,59],[89,17],[43,58],[41,106],[58,-16],[57,109],[116,111],[68,24]],[[25375,39904],[46,1],[66,32],[-21,-81],[134,-48],[93,4],[22,42],[167,-25],[57,20],[67,-34],[5,-65],[-28,-39],[-75,-62],[10,-53],[60,12],[33,-24],[7,-62],[36,-46],[47,18],[33,-67],[-31,-99],[22,-111],[22,-22],[108,-6],[-5,56],[125,42],[72,-7],[17,52],[32,13],[11,49],[85,-29],[41,31]],[[22898,39026],[47,41],[37,-67],[54,-5],[35,20],[56,-19],[48,26],[21,-40],[86,-1],[86,-49],[119,20],[53,-8],[13,-61],[54,-6],[53,19],[50,44],[7,55]],[[23717,38995],[16,45],[66,-37],[10,62],[63,-19],[12,-64],[55,10],[41,-21],[10,-79],[54,-65],[62,37]],[[24648,38362],[-69,-41],[23,-60],[52,-39],[1,-49],[-29,-37],[-153,-102],[7,-29],[-63,-63],[-14,-58],[17,-73],[-61,18],[-60,-2],[-109,-22],[-18,-84],[-49,-39],[-32,-59],[-32,-4],[-51,-60]],[[26225,40764],[16,-63],[-71,-34],[20,-44],[-68,4],[-54,23],[-30,37],[-39,0],[-73,51],[3,56],[-61,47],[-36,-4],[-16,-102],[-39,-48],[-60,71],[-52,37],[-22,-21],[-70,41],[-26,-29],[-52,-6],[-12,-47],[-39,-63],[5,-34],[-64,-136],[-13,-48],[-52,-26],[-83,-12],[-70,17]],[[25167,40431],[-19,57],[31,92],[-13,51],[-54,38],[1,53],[42,87],[-31,81],[-51,19],[-73,0],[-101,37],[6,69],[44,17],[11,63],[34,8],[24,91],[39,22],[2,97],[46,2],[16,107],[-80,45],[8,40],[68,0],[38,34],[-34,40],[-72,24],[27,60],[-56,56]],[[25020,41721],[24,30],[67,-25],[6,-52],[36,-13],[49,83],[-25,100],[-3,85],[33,33],[-39,72],[40,29],[-30,80],[16,49],[-74,53],[2,49],[34,16],[28,59],[25,97],[37,22],[52,-22],[27,-63],[39,-19],[60,79],[21,88],[49,55],[88,63],[36,42],[40,93],[-21,42],[-42,25],[-16,41],[-101,134],[5,38],[93,-23],[125,-1],[76,-13],[23,55],[89,37],[89,94],[73,33]],[[26051,43266],[65,-12],[35,-45],[56,48],[60,4],[39,94],[56,13],[108,-20],[-78,-74],[53,-62],[-4,-51],[43,-20]],[[26484,43141],[-24,-29],[-3,-61],[31,-53],[103,2],[39,-34],[72,4],[99,-62],[-38,-43],[-81,24],[-70,-27],[-27,-35],[57,-33],[-64,-47],[0,-25],[-178,-118],[-26,44],[-49,-16],[-15,-36],[20,-83],[-46,7],[-32,-51],[116,-123],[-11,-61],[109,-28],[-21,-61],[-19,-111],[-54,-200],[19,-47],[118,-128],[56,-20],[-8,-32],[50,-33],[56,-69],[39,-5],[-29,-75],[54,-33],[-14,-29],[35,-82],[37,-26],[56,-7],[-28,-56],[-33,-5],[-33,-82],[-42,-15],[-149,-123],[-68,-24],[-43,45],[-25,-38],[-18,-90],[-93,22],[-13,-101],[-64,-43],[-7,-25]],[[16626,38472],[-29,60],[-36,22],[-53,-18],[-81,13],[-154,-2],[-3,-43],[-101,12],[-28,-15],[-137,57],[-69,54],[-65,3],[-23,-60],[-61,-37],[-44,-127],[-49,4],[-17,-65],[42,-37],[-78,-46],[-4,-93]],[[15636,38154],[-74,8],[-24,-57],[-62,-3],[-27,-37],[-43,23],[9,79],[-24,20],[6,77],[-42,40],[-2,58],[42,3],[2,69],[-56,20],[15,84],[59,23],[2,45],[-43,89],[-33,25],[1,48],[-126,19]],[[15216,38787],[-15,115],[-21,63],[50,35],[75,-21],[-7,51],[-39,18],[-3,54],[130,19],[10,38],[-66,18],[-76,-11],[-2,41],[-62,6],[-77,29],[-6,98],[-50,60],[-73,17],[48,39],[-4,33],[38,60],[1,82],[33,82],[40,15],[70,-40],[10,41],[65,18],[16,48],[-8,54],[44,23],[35,68],[40,-12],[1,-57],[83,23],[54,-2],[17,-58],[79,-35],[63,-73],[76,-14],[40,40],[-57,25],[33,99],[-22,56],[40,112],[73,1],[141,-15],[12,84],[36,36],[50,-10],[50,23],[-1,75]],[[16180,40238],[86,22],[53,-80],[67,0],[43,-34],[24,35],[9,66],[59,-10],[11,-84],[-14,-57],[-66,-38],[53,-163],[-7,-35],[41,-49],[46,-21],[92,20],[13,-29],[58,-4],[84,46],[161,-33],[53,34],[28,-16],[9,-51],[46,16],[30,40]],[[17159,39813],[42,10],[29,-35],[-44,-92],[7,-27],[110,9],[10,49],[42,-9],[23,-74],[-53,-1],[-51,-44],[25,-37],[7,-184],[83,25],[22,-10],[8,-91],[-81,-35],[-53,8],[-33,-81],[10,-33],[-43,-62],[-43,42],[-42,-7],[-27,-91]],[[17107,39043],[-42,-13],[-37,-84],[106,27],[34,-34],[-16,-43],[-101,-15],[-75,25],[-6,-91],[30,-47],[34,-7],[66,-88],[-16,-92],[-47,4],[-17,40],[-42,24],[12,60],[-54,91],[0,96],[-51,44],[-33,56],[0,35],[-68,2],[4,59],[40,37],[-62,101],[-30,-4],[-34,-54],[-6,-93],[6,-85],[38,8],[8,-112],[-45,-111],[56,-15],[-2,-52],[47,-1],[20,-36],[-20,-116],[-33,-37],[-122,10],[-23,-60]],[[28283,41570],[-80,16],[85,90],[-8,75],[-97,11],[-60,67],[37,55],[-64,58],[-47,-8],[-29,48],[-38,3],[-54,77],[24,11],[18,274],[23,119],[-137,143],[-46,61],[-80,26],[36,37],[-11,55],[65,16],[60,161]],[[27880,42965],[35,-27],[17,58],[29,4],[14,96],[38,-6],[65,-45],[-18,79],[27,35],[-24,33],[63,53],[68,119],[-35,87],[26,28],[4,56],[48,53],[145,4],[46,-69],[74,-34],[51,20],[44,-93],[76,-41],[22,12],[-2,70],[-46,71],[43,28],[60,-25],[31,113]],[[28781,43644],[61,15],[56,-24],[-14,-39],[79,-11],[-1,-30],[-58,-29],[91,-88],[-60,-43],[-4,-57],[35,-11],[57,42],[64,-22],[51,-61],[71,25],[12,-28],[73,-33],[24,-35],[95,29],[40,-34],[80,-16],[37,-37],[3,-92],[19,-52],[-32,-49],[10,-41],[57,-25],[21,-70],[59,-5],[86,28],[42,-15],[87,-60],[76,-22]],[[29998,42754],[26,-41],[43,29],[59,-29],[98,-14],[-31,-95],[36,-29],[46,61],[33,-117],[-33,-48],[-1,-46],[48,-16],[50,26],[50,-51],[-8,-112]],[[30414,42272],[13,-31]],[[30427,42241],[-60,-9],[-99,49],[-81,5],[-25,-24],[-130,-31],[-117,24],[-2,-56],[-106,-13],[-57,-40],[-63,2],[-28,42],[-122,-43],[12,-50],[-323,-88],[-25,37],[-70,-22],[-169,-89],[-194,-64],[-72,-34],[-90,-74],[-242,-106],[-81,-58],[0,-29]],[[26702,39300],[67,2],[52,19],[167,20],[73,-65],[36,-50],[-68,-54],[-16,-50],[11,-47],[36,-6],[3,-47],[37,-29],[55,8],[16,41],[82,-29],[37,-49],[138,96],[18,51],[49,11],[40,-71],[145,-121],[47,5],[29,-24],[139,43]],[[27895,38954],[30,-107],[86,-35],[27,-44],[-11,-65],[63,-21],[65,-50],[-1,-98],[-36,5],[-27,-78],[-48,-58],[-35,-115],[-3,-65],[71,-39],[51,-8],[33,-35],[62,-29],[41,8],[16,-45],[56,-3],[38,-26],[48,17],[43,-34],[41,-1],[51,-145],[78,-30],[99,-21],[66,18],[25,-26],[97,39],[16,26],[73,9],[63,-16],[32,-120],[-7,-61],[76,-19]],[[29174,37682],[-46,-47],[-40,6]],[[29088,37641],[-75,-81],[-8,-122],[-67,-63],[-99,34],[-13,-44],[-89,11],[-48,-41],[-41,-63]],[[28648,37272],[-60,7],[-62,-54],[-7,-58],[-59,0],[-17,128],[-26,23],[-112,5],[6,-59],[-30,-19],[-49,39],[-49,-17],[0,-50],[-68,-48],[-69,26],[-4,52],[-48,13],[-38,-55]],[[27956,37205],[-55,8],[-53,205],[-43,30],[1,41],[-73,-8],[-30,-26],[-9,-58],[-29,-45],[-100,-8],[-41,27],[-43,81],[5,41],[-65,59],[59,109],[-31,17],[6,59],[-23,21],[41,61],[-53,37],[-91,13],[-4,96],[-32,26],[21,102],[-81,3],[-16,-37],[-122,-45],[-68,0],[11,105],[-39,20],[-77,-51],[-60,11],[-51,41],[-74,12],[-100,80],[5,67],[-53,48],[4,72],[55,-15],[33,20],[13,79],[-28,44],[-3,78],[-64,47]],[[27709,36671],[-41,-24],[12,-70],[-28,-37],[15,-42],[-6,-79],[-63,-5],[7,-51],[30,-34],[-10,-79],[-44,-31],[-33,24],[4,53],[-32,76],[-56,18],[-46,-32],[-26,-97],[-26,-13],[-43,-143],[-13,-79],[-42,-48],[5,-44],[-25,-46],[7,-52],[34,-43],[-11,-91]],[[27278,35702],[-9,-74],[-51,-107],[-45,-32],[-49,38],[-54,-8],[-28,-63],[-11,-76],[-35,-52],[25,-67],[6,-62],[-27,-31],[22,-85],[-13,-30],[37,-40],[-18,-113],[17,-44],[-20,-62],[-47,-38],[1,-37],[-33,-99],[-60,-99]],[[26886,34521],[-83,-27],[-53,13],[-25,40],[-44,4],[-5,42],[-47,19],[-40,49],[-151,29],[-12,-67],[-83,4],[-31,79],[46,69],[-16,55],[-42,35],[-40,118],[-60,30],[-38,81],[-61,11],[-68,100],[-95,0],[-58,33],[-98,-69],[-57,8],[-116,-128],[-81,5],[-70,-52],[-47,48],[-96,-3],[-25,-69]],[[25290,34978],[-127,16],[-66,35],[-74,83],[-127,50],[-103,-52],[-58,-8],[-29,-49],[-60,2],[-88,-33],[-85,2]],[[24473,35024],[6,49],[-72,69]],[[24407,35142],[69,23],[-4,60],[64,10],[83,105],[-11,75],[67,-15],[48,-29],[34,26],[-36,82],[50,15],[19,40],[5,91],[145,20],[78,86],[-49,51],[44,27],[96,125],[-48,44],[44,63],[77,-11],[62,134],[0,78],[29,35],[46,-15],[43,36],[130,54],[41,-1],[31,33],[-11,98],[-19,49],[57,71],[56,22],[27,57],[-10,78],[-28,42],[36,99]],[[25672,36900],[112,19],[49,-15],[27,-40],[107,-51],[82,14],[13,37],[86,54],[54,-38],[-18,-74],[76,5],[30,20],[77,-74],[-11,-80],[67,4],[29,74],[103,-4],[52,-83],[103,-33],[142,2],[116,-56],[62,39],[-54,82],[1,37],[88,33],[17,40],[76,30],[15,34],[-1,111],[40,56],[48,-37],[65,-9],[1,-35],[37,-41],[-4,-32],[76,-11],[-24,-65],[18,-50],[131,-10],[28,24],[83,-39],[38,-67]],[[14200,35190],[-156,34],[-85,54],[-157,27],[-13,49],[-58,-3],[7,44],[-19,40],[-74,2],[-1,84],[-29,123],[18,33],[14,163],[20,44],[-26,60],[-48,49],[-97,39],[-6,85],[-18,52]],[[13472,36169],[151,35]],[[13623,36204],[83,9],[56,-62],[97,12],[46,23],[85,-7],[54,38],[77,23],[100,45],[123,-39],[106,39],[61,12],[193,-1],[121,20],[112,6],[71,18],[91,5],[57,31],[80,20],[70,-4],[69,23]],[[15375,36415],[12,-25],[128,-49],[58,-91],[93,20],[-12,-38],[-67,8],[-1,-88],[-34,-90],[-103,-6],[5,-62],[-32,-35],[-12,-76],[-54,-4],[-42,-36],[-24,-62],[46,-7],[24,-69],[-30,-54],[-49,-23],[21,-69],[-38,-65],[-95,-7],[-25,-27],[19,-82],[107,-21],[8,-74],[70,-40],[39,54],[154,47],[99,-14],[-3,-36],[58,-75],[74,-26],[-74,-147],[-11,-52],[51,-92],[104,-37],[111,-9],[59,-40],[-44,-47],[35,-50],[-8,-49],[35,-21]],[[16027,34649],[-64,10],[-93,-46],[-51,35],[-122,17],[-181,-20],[-66,18],[-109,4],[-3,47],[-103,-21],[-47,25],[-54,-2]],[[15134,34716],[-42,27],[-126,53],[-49,48],[-36,106],[-70,119],[-86,19],[-80,55],[-150,51],[-15,26],[-87,13],[-74,-56],[-119,13]],[[26484,43141],[53,78],[108,-11],[-6,78],[-95,18],[-2,68],[50,5],[60,-25],[49,45],[66,19],[-26,44],[21,45],[60,-12],[-46,-65],[162,-33],[-12,-65],[88,32]],[[27014,43362],[132,-14],[0,53],[-65,36],[-57,11],[-4,59],[72,30],[68,-11],[37,22],[41,-37],[29,26],[22,70],[-13,34],[80,15],[70,-65],[-88,-96],[17,-50],[-5,-75],[-97,-88],[50,-68],[-7,-38],[-58,-37],[-34,-46],[13,-79],[49,-1],[131,70],[108,38],[-3,-57],[102,-32],[42,4],[41,56],[106,-3],[28,-73],[59,-51]],[[28283,41570],[86,-144],[82,35]],[[28451,41461],[-30,-109],[-29,-53],[-36,-21],[-137,9],[-73,-70],[-51,-28],[4,-50],[-47,-43],[-75,-4],[-51,40],[-76,9],[-216,-91],[-34,1]],[[27600,41051],[-47,-45],[-54,-14]],[[27499,40992],[-125,-5],[-53,40],[-17,-53],[-61,-83],[-36,12],[-45,-30],[45,-54],[-36,-55],[-78,72],[-11,51],[28,41],[58,-5],[-26,71],[-119,12],[-28,-17],[-35,45],[53,17],[53,62],[-15,32],[-140,-61],[-34,-31],[-125,-65],[-49,-43],[-48,5],[-68,53],[-37,-40],[56,-61],[-40,-37],[-96,-50],[-77,-25],[-30,9],[-61,-41],[-77,6]],[[25020,41721],[-48,19],[-52,79],[-57,-32],[-40,-57],[-79,10],[-24,-27],[-41,26],[-33,87],[-32,-1],[-80,66],[-6,-48],[-30,-30],[29,-53],[-203,1],[-30,40],[-54,-13],[-10,-31],[-66,-1],[-4,-37],[39,-54],[-27,-50],[8,-41],[-36,-78],[20,-26],[-26,-70],[-7,-102],[-171,-33],[-2,-41],[63,-38],[-142,-18],[-80,9],[-95,-60],[-57,7],[-23,-48]],[[23624,41076],[-50,3],[-21,46],[-89,22],[16,37],[-56,58],[3,96],[33,75],[69,5],[21,47],[64,-10],[66,34],[-3,77],[34,38],[-44,39],[33,40],[36,-5],[29,-61],[45,12],[40,71],[-38,128],[-51,-10],[-66,43],[-102,-54],[-27,15],[-41,-35],[-59,12],[-23,-69],[-45,-21],[-41,27],[-39,-22],[-31,117]],[[23287,41831],[-10,59]],[[23277,41890],[2,26],[60,134],[19,79],[39,20],[63,104],[-15,55],[59,28],[26,-16],[85,-3],[73,-37],[66,29],[-1,49],[30,52],[47,-17],[65,16],[66,52],[-1,60],[37,59],[-6,78],[-27,69],[30,121],[52,83],[8,52],[-23,112],[-3,160],[-12,34],[27,111],[-20,118],[-19,40]],[[24004,43558],[-34,63],[-33,19],[-22,59],[6,87],[63,-15],[23,-49],[48,23],[-81,59],[-89,29],[2,111],[31,25]],[[23918,43969],[39,32],[58,-6],[41,-24],[-24,-84],[37,-17],[36,-51],[38,62],[42,-33],[3,-39],[60,-2],[66,68],[18,-53],[-76,-50],[-14,-52],[17,-36],[-63,-10],[-2,-37],[-47,-43],[-12,-52],[18,-61],[127,-23],[79,-66],[155,214],[85,-62],[158,-55],[22,35],[55,-16],[105,18],[39,-29],[104,-36],[54,15],[38,61],[5,82],[-23,63],[22,35],[-34,55],[55,27],[34,-24],[63,3],[38,49],[134,10],[-12,31],[55,68],[-13,22],[36,57],[84,-13],[37,41],[27,-10]],[[25682,44033],[67,-26],[22,36],[50,23],[4,31],[59,9],[2,55],[53,-14],[69,6],[52,48],[81,-78],[10,-52],[-26,-27],[27,-39],[1,-65],[-23,-55],[82,-20],[32,-60],[43,-39],[44,15],[15,-66],[45,-90],[-27,-35],[-48,-6],[-90,-51],[45,-53],[-12,-40],[-47,-18],[-11,-52],[17,-30],[-96,-25],[-71,-49]],[[16626,38472],[40,-61],[26,-5],[107,-124],[15,-116],[63,-23],[41,-37],[9,-42],[56,-66],[43,-100],[13,-73],[31,-65],[43,3],[73,-32],[51,13],[35,-24],[-10,-40],[80,-28],[28,-31],[-22,-61],[-71,19],[-22,-39],[-151,-10],[-78,-39],[-22,-35],[60,-22],[-29,-56]],[[17035,37378],[-127,-26],[-9,-81],[58,-39],[10,-40],[-91,-49],[-41,-65],[-72,41],[-100,-25],[-10,-77],[-47,5],[-50,-23],[-65,68],[-75,-68],[-136,-52],[-32,27],[-99,-48],[-63,-19],[-24,27],[-42,-36],[-19,52],[-70,44],[-21,-5]],[[15910,36989],[-38,39],[-9,45],[49,43],[19,56],[-44,84],[8,63],[88,11],[-6,112],[43,-21],[90,26],[82,61],[22,85],[-109,17],[-21,-14],[-87,-4],[-33,68],[-47,-3],[-7,-52],[-77,-13],[-20,91],[-26,62],[3,87],[-66,3],[25,73],[-23,18],[-88,5],[11,52],[-40,33],[1,52],[35,54],[-9,32]],[[15216,38787],[-9,-117],[-110,15],[-38,28],[-134,14],[-52,-12],[-108,20],[-57,-9]],[[14708,38726],[-28,18],[-3,62],[-80,34],[-94,2],[-47,-49],[-119,11],[-32,-20],[-80,39],[-29,91],[37,41],[-41,70],[-65,-18]],[[14127,39007],[-82,105],[-61,6],[-45,-33],[-43,6],[-36,51],[-62,-1],[-42,34],[-40,-28],[-28,54],[22,128],[31,2],[26,44],[4,93],[53,17],[32,75],[98,13],[23,40],[90,52],[49,-12],[19,44],[46,13],[22,44]],[[14203,39754],[62,-22],[105,55],[39,41],[36,75],[43,43],[11,61],[-1,89],[27,20],[3,54],[35,37],[-1,73]],[[14562,40280],[37,7],[25,72],[61,-3],[51,41],[16,-74],[60,17],[-5,83],[88,-22],[18,30],[150,8],[62,-7],[37,68],[54,12],[27,-61],[86,34],[54,-17],[23,-45],[-1,-50],[45,9],[37,121],[40,38],[62,25],[36,52],[60,21]],[[15685,40639],[59,-17],[157,-120],[-6,-91],[55,-15],[-1,-35],[73,13],[76,-10],[49,-41],[21,-57]],[[16168,40266],[12,-28]],[[19472,35876],[-23,67],[-73,51],[-21,57],[-57,34],[-138,-31],[-105,24],[-69,-34],[-41,17],[-37,-49],[-111,-4],[7,79],[-55,1],[-66,90],[-25,56],[10,65],[43,93],[-63,10],[-18,66],[42,37],[-24,51],[27,87],[-11,49],[62,43],[37,72],[-43,55],[-148,22],[-42,30]],[[18530,36914],[1,72],[21,59],[-6,51],[55,49],[80,27],[100,67],[100,24],[55,-5],[141,12],[118,52],[83,90]],[[21726,41906],[124,-102],[39,-16],[56,-61],[-79,-115],[33,-51],[96,-82],[106,58],[12,66],[59,33],[16,66],[53,64],[114,-80],[55,-8],[33,-42],[51,-103],[80,-53],[32,-68],[64,-24],[116,21],[51,-79],[17,-59],[46,-2],[10,57],[103,12],[49,36],[-6,47],[69,58],[5,109],[51,7],[67,75],[0,47],[39,114]],[[23624,41076],[19,-73],[45,-40],[24,-102],[-158,-96],[-128,-119],[54,-36],[28,35],[36,-49],[23,-62],[40,-41],[91,-27],[25,-26],[60,26],[58,-42],[-60,-92],[153,-110],[-16,-109],[41,-45],[59,-8],[48,-41],[-49,-61],[-56,28],[-8,-73],[14,-40],[-15,-75],[28,-8],[26,-60],[-54,-41],[-35,-91],[-53,-35],[-73,-11],[-8,-50],[-77,-8],[15,-161],[60,-21],[40,-41],[-60,-54],[45,-43],[-40,-89],[-76,-5],[-6,-77],[33,-8]],[[21787,40065],[-53,73],[-65,21],[26,69],[6,91],[25,39],[35,-12],[29,74],[-25,46],[-45,20],[38,39],[-5,50],[36,47],[-12,37],[-58,43],[46,38],[13,66],[-24,96],[-64,63],[-40,4],[-33,33],[-47,-38],[-21,-104],[-44,0],[-12,36],[-86,49],[43,178],[-37,16],[-33,92],[53,-8],[19,114],[-62,13],[-55,-7],[-50,47],[43,51]],[[14075,42041],[33,61],[41,3],[20,44],[-19,100],[91,33],[-14,61],[72,83],[-8,34],[-82,4],[19,51],[-9,79],[50,29],[-8,96],[23,2],[19,-73],[65,-135],[39,-43],[14,-50],[62,-31],[90,14],[45,77],[76,32],[-20,60],[6,45],[58,0],[-16,97],[-92,-6],[-140,15],[-59,38],[-42,0],[-6,95],[-61,108],[-5,111],[17,51],[63,-4],[11,-68],[72,6],[27,-27],[-1,-69],[78,-10],[-9,-40],[147,-9],[66,-36],[65,67],[36,-18],[62,22],[-7,170],[9,35],[97,38],[9,51],[-30,37],[41,59],[44,-38]],[[15114,43292],[251,19],[84,-10],[2,-40]],[[15451,43261],[-68,-44],[9,-57],[31,-45],[-55,-124],[-20,76],[-77,-68],[-12,-58],[107,-48],[32,41],[99,-21],[113,35],[-16,-69],[-157,-73],[-67,-46],[-27,4],[-36,83],[-91,26],[18,82],[-105,-27],[57,-86],[52,-25],[-11,-37],[-64,-3],[-54,-75],[7,-68],[62,-58],[93,-7],[80,-28],[100,-9],[28,-18],[190,-39],[68,11],[95,47]],[[15832,42533],[57,-40],[36,-75],[55,-31],[-40,-40],[-11,-48],[33,-26],[-8,-68],[20,-51],[-9,-87],[-22,-40],[-41,-14],[-92,-89],[-64,-84],[-70,-107],[-57,-54],[2,-39],[-140,-58],[-28,51],[-40,4],[-53,-50],[-66,6],[-40,-20],[-117,-6],[-157,52],[-43,63],[-52,-3],[-64,-72],[-6,72],[-41,26],[-51,-3],[-18,-54],[-67,-14],[-47,-97],[25,-68],[-45,-39],[-104,-146]],[[14467,41284],[-33,64],[59,57],[-69,88],[-48,-19],[-82,17],[-92,-12],[-38,17],[5,41],[57,48],[7,130],[55,89],[98,100],[-36,38],[-49,-13],[9,61],[-66,13],[-28,-23],[-46,13],[-57,50],[-38,-2]],[[23277,41890],[-78,-8],[-28,39],[-40,9],[-25,58],[102,-5],[4,44],[-25,75],[12,35],[-75,84],[-60,126],[-40,4],[-15,-44],[-38,5],[-18,-39],[-61,-2],[-68,-39],[-45,32],[-3,76],[-17,55],[38,40],[32,64],[-15,204],[37,35],[-39,133],[-56,20],[-91,59],[-54,15],[-28,94],[-58,49],[37,170],[-19,78]],[[22543,43356],[112,20],[75,47],[41,-56],[47,55],[46,-38],[70,31],[125,162]],[[23059,43577],[60,57],[24,51],[66,38],[35,-6],[38,-46],[42,-5],[-12,92],[-35,4],[-12,45],[34,41],[52,-7],[-5,-43],[31,-43],[68,-26],[-71,-88],[16,-32],[-23,-62],[52,-27],[35,35],[10,53],[51,8],[64,-30],[-21,-51],[60,-59],[63,-16],[28,16],[14,70],[54,-80],[97,28],[43,-13],[52,29],[35,48]],[[20401,41580],[-59,-43],[-52,5],[-7,-72],[-43,3],[-17,-36],[-66,-21],[-99,35],[-83,-52],[-40,7],[-72,74],[16,67],[-25,37],[3,54],[-94,6],[-13,-47],[-57,-80],[68,-172],[-21,-85],[-89,-38],[23,-31],[-49,-68],[17,-80],[-82,-46],[1,-59],[53,-27],[59,-58],[-9,-215],[18,-59]],[[19682,40579],[-81,-12],[-112,15]],[[19489,40582],[-80,0],[-10,94],[-41,35],[19,87],[23,38],[-16,49],[11,138],[-68,20],[-88,1],[-72,-23],[-111,12],[-38,-53],[-77,-39],[-18,41],[-47,34],[-57,65],[-60,9],[-17,64]],[[18742,41154],[49,-12],[35,137],[60,24],[-59,78],[-100,106],[-24,84],[-30,37],[-17,78],[32,23],[-20,90],[17,68],[-20,13]],[[18665,41880],[22,63],[-79,154],[68,40],[60,-19],[56,11],[40,-29],[-8,-114],[98,-64],[69,31],[69,66],[17,65],[39,-6],[24,67],[5,73],[-9,135],[-48,95],[-8,48],[-30,29],[-59,5],[-43,34],[-19,66],[-25,14],[-98,-48],[-42,21],[-90,-4],[4,42],[-98,118],[65,48],[137,-2],[68,25],[48,54],[-75,36],[23,53],[-113,105],[-12,41],[6,93],[27,54],[41,0],[146,52],[33,51],[201,-46],[81,26],[29,47],[64,-2],[26,61],[60,6],[50,-15],[89,22],[89,-84]],[[19663,43398],[31,-42],[-5,-56],[44,-31],[-7,-83],[52,-85],[22,-74],[53,19],[48,41],[100,-47],[-10,-41],[41,-87],[127,10],[58,-22]],[[18530,36914],[-27,-66],[-57,-58],[-58,43],[-69,-32],[-60,80],[20,36],[-70,61],[-61,81],[-119,-3],[-50,18],[-60,0],[-116,-69],[-16,-45],[18,-50],[-100,-13],[-94,-49],[-18,-23],[-91,-30],[-112,-10],[-92,94]],[[17298,36879],[-5,66],[29,1],[31,69],[-48,73],[-46,7],[-94,54],[-34,35],[-65,29],[-31,165]],[[17107,39043],[92,-44],[44,12],[43,-17],[59,8],[47,-22],[50,31],[172,-9],[18,17],[107,-33],[18,-54],[47,-1],[62,-30],[83,-6],[62,-118]],[[14562,40280],[-27,77],[-37,6],[12,106],[-22,67],[19,92],[59,113],[47,31],[19,71],[45,62],[-45,60],[-66,-3],[3,38],[-48,27],[-31,71],[-17,111],[-36,37],[30,38]],[[15832,42533],[53,-9],[65,21],[67,-82],[99,32],[45,62],[134,77],[95,12]],[[16390,42646],[114,-85],[7,-29],[-30,-117],[34,3],[18,-130],[47,-18],[22,-60],[57,-11],[-9,-63],[30,-16]],[[16680,42120],[3,-39],[-36,-52],[14,-30],[-19,-110],[-91,-54],[-69,-2],[-36,34],[6,67],[-52,24],[-11,-40],[-64,-72],[-2,-44],[-42,-14],[4,-131],[59,-88],[69,8],[34,-32],[-1,-95],[-16,-73],[-68,-21],[-65,-192],[76,-12],[23,-59],[49,-16],[40,12],[-3,-86],[-108,-23],[2,-61],[-40,-91],[-52,-6],[-5,-35],[-76,-27],[-35,57],[4,59],[-36,37],[-60,-36],[-14,-44],[-144,3],[8,39],[-86,33],[-38,41],[-54,-115],[-53,-46],[-18,-115],[8,-34]],[[15375,36415],[113,20],[47,-13],[142,36],[95,10],[44,42],[4,88],[27,62],[-5,61],[-39,73],[8,77],[-32,98],[108,-9],[23,29]],[[17298,36879],[-56,-111],[-46,-58],[-136,-21],[-81,-54],[-77,-6],[-27,-29],[26,-35],[125,-27],[34,34],[119,31],[8,-56],[-22,-35],[-55,-9],[7,-87],[23,-68],[-87,-30],[1,-93],[93,5],[-4,60],[38,86],[77,-4],[18,-43],[56,-60],[-53,-12],[-3,-53],[-40,-18],[15,-72],[-55,-14],[-28,-29],[45,-243],[-30,6],[-118,-79],[11,-155],[39,-94],[-51,-11],[9,-52],[47,-5],[51,33],[42,-33],[6,-89],[-22,-22],[-63,41],[-54,-1],[-83,-66],[-20,-30],[30,-114],[5,-72]],[[17012,35085],[-32,3],[-94,-48],[-127,2],[-21,-13],[-3,-141],[92,-2],[36,-37],[-8,-52],[10,-77],[-38,-98]],[[16827,34622],[-49,42],[-113,-10],[-61,23],[-55,-29],[-65,-9],[-68,16],[-91,-11],[-32,18],[-107,-8],[-21,-18],[-120,-2],[-18,15]],[[18092,44234],[-30,31],[-2,55],[-47,88],[-37,47],[4,48],[-27,70],[11,127],[-33,35],[24,58],[-71,53],[10,54],[96,31],[-10,83],[16,75],[81,99]],[[18077,45188],[66,87],[74,-3],[21,74],[70,12],[87,-25],[41,4],[63,46],[-4,48],[74,4],[52,64],[2,42],[44,53],[1,63]],[[18668,45657],[64,44],[27,71],[27,27],[93,19],[121,75],[22,51],[91,62],[81,4],[49,82]],[[19243,46092],[68,-60],[-1,-65],[53,18],[53,-49],[36,-116],[51,-47],[39,0],[50,91],[39,19],[149,41],[90,11],[49,-33],[38,-65],[47,-20],[117,-137],[50,-17],[20,-33],[84,-21],[44,52],[-3,53],[65,79],[50,6],[12,-63],[-56,-7],[-11,-41],[-48,-40],[20,-43],[41,-2],[10,-121],[-105,-15],[-114,-75],[-9,-40],[39,-16],[56,15],[7,-92]],[[20273,45259],[-22,-10],[-6,-111],[-50,-11],[-43,52],[-64,50],[-52,-2],[-111,92],[-52,-41],[13,-32],[-5,-119],[58,-43],[-38,-24],[-169,2],[-21,15],[-30,-148],[-34,20],[-50,-41],[5,-31],[47,-20],[51,-52],[-14,-35],[-100,28],[-39,-40],[65,-64],[-32,-35],[-25,-74],[29,-52],[77,-39],[-40,-32],[-134,-40],[-101,-6],[-5,-73],[-81,-65],[31,-78],[-96,-28],[11,-39],[-209,-20],[1,-61],[61,-40],[78,33],[2,-41],[80,-11],[88,-52]],[[19347,43941],[76,-212],[-11,-41],[-57,-8],[-75,43],[-106,77],[-111,114],[-143,-11],[-13,-44],[-51,1],[1,43],[-78,60],[-108,19],[-151,-34],[-108,38],[-42,37],[-48,-5],[-97,82],[-72,21],[-30,100],[-31,13]],[[19243,46092],[48,42],[76,12],[63,-21],[149,88],[97,100],[22,73],[104,61]],[[19802,46447],[35,-22],[41,15],[66,-9],[16,33],[-19,71],[95,14],[67,-5],[69,22],[29,44],[103,32],[59,68],[96,64],[48,-20],[73,33],[26,65],[78,33],[71,-13],[34,36],[-10,81],[24,28],[105,18],[25,82],[23,25],[83,-6],[62,33],[51,61],[122,-30],[57,-28],[27,20],[3,122],[58,39],[-44,41],[17,68],[91,-21],[72,22],[-39,62],[105,22]],[[21621,47547],[28,2],[71,-40],[21,70],[63,43],[100,14],[46,-7],[44,-105],[93,13],[53,-81],[75,-25],[65,-6],[51,-35]],[[22331,47390],[-19,-61],[-53,-49],[26,-35],[-6,-73],[-60,-13],[-50,24],[-8,-61],[-70,-37],[-26,-67],[-45,-18],[-26,-37],[-50,-7],[-33,-56],[-77,-26],[-46,68],[-74,-103],[-107,-35],[51,-68],[-7,-24],[52,-92],[78,-8],[8,-55],[-25,-70],[-52,-64],[12,-53]],[[21724,46370],[-52,-40],[-127,11],[-67,40],[-66,-5],[-19,-36],[-63,17],[-62,-48],[-54,-3],[-56,32],[-1,-84],[-33,-89],[-51,22],[-30,-17],[-77,-1],[-42,-63],[-38,14],[-25,-44],[-60,37],[9,39],[-42,20],[-84,-79],[-23,-90],[-59,-49],[-5,-92],[67,-30],[-25,-64],[33,-68],[-35,-35],[-67,18],[-49,-97],[-61,-50],[-20,-37],[28,-132]],[[20468,45367],[-80,-30],[-15,-82],[-58,-20],[-42,24]],[[22331,47390],[63,-37],[82,7],[37,44],[77,-23],[35,65],[83,16],[56,-18],[65,-68]],[[22829,47376],[88,3],[63,-93],[54,-53],[83,23],[95,-37],[43,-39],[69,-11],[-29,-76],[40,-81],[-50,-39],[34,-47],[0,-55],[75,-35],[-4,-27],[64,-51],[8,-39],[-38,-60],[48,-35],[51,25],[73,-29]],[[23596,46620],[-21,-66],[-78,-27],[18,-67],[-27,-35],[86,-21],[21,-89],[-61,-3],[-44,-65],[-67,-40],[-13,-98],[-65,54],[-44,-48],[59,-19],[7,-35],[-40,-28],[-3,-99],[-87,-2],[-38,-36],[57,-37],[5,-35],[68,-64],[-45,-19],[-82,-87],[13,-26],[-16,-83],[-34,-84]],[[23165,45461],[-110,-94]],[[23055,45367],[-49,-5],[-18,44],[-114,75],[-39,5],[14,52],[-30,78],[116,105],[-57,56],[13,20],[71,2],[12,43],[-43,21],[-36,143],[39,11],[-54,107],[8,42],[48,27],[-7,53],[-72,15],[-23,-44],[-53,-15],[1,-52],[-129,-68],[-9,-54],[24,-38],[-18,-31],[-101,16],[-45,-30]],[[22504,45945],[-4,97],[-93,43],[-34,-57],[-37,-7],[-16,69],[-51,21],[-41,88],[-68,-19],[-57,9],[2,45],[-60,38],[17,85],[-137,8],[-60,31],[-97,-2],[-44,-24]],[[14708,38726],[21,-56],[-29,-69],[27,-47],[-25,-155],[-1,-138],[-37,-48],[-9,-72],[-64,-63],[-4,-67],[-28,-37],[-74,-47],[-39,-40],[-70,-20],[-102,14],[-31,17],[-60,-23],[43,-137],[4,-115],[11,-32],[-15,-117],[-74,-47]],[[14152,37427],[-31,69],[-48,-8],[-29,25],[-66,3],[-16,-57],[-39,-40],[-53,-16],[-43,-36],[-60,39],[-51,-14],[-37,51],[-56,12],[-44,-14],[-76,-92],[-51,35],[-14,62],[21,38],[-49,71],[-48,20],[-10,38]],[[13352,37613],[9,73],[26,53],[13,92],[78,129],[0,57],[56,13],[30,103],[-35,130],[-24,25],[-71,-13],[-39,-45],[-41,25],[-86,130],[63,36],[-33,55],[-14,64],[-46,30],[-11,47]],[[13227,38617],[80,42],[3,23],[65,51],[91,-15],[73,-48],[98,8],[50,30],[22,73],[136,30],[100,88],[31,46],[100,-17],[65,42],[-14,37]],[[25386,38119],[49,6],[90,-57],[-47,-34],[19,-52],[117,-88],[64,26],[168,-15],[58,36],[38,54],[101,-19],[40,-157],[-26,-19],[-68,6],[-24,-50],[4,-60],[-48,1],[-14,-46],[30,-43],[-41,-80],[-103,-9],[-21,38],[-42,-8],[-25,33],[-57,-21],[-30,-35],[-81,13],[-43,-26],[-16,-53],[-39,14],[-77,-59],[75,-26],[90,4],[13,-54],[-19,-57],[36,-11],[12,-92],[46,-14],[45,-101],[-43,-32],[-7,-42],[30,-75],[32,-15]],[[24407,35142],[-17,43],[10,52],[-30,92],[-65,33],[-38,-12],[-64,21],[-31,-37],[-171,24],[-71,19],[-58,56],[-53,-10]],[[19137,35424],[-56,-33],[-9,60],[-40,-28],[17,-52],[-52,-26],[-227,-192],[-86,34],[-40,-52],[-82,11],[-26,-46],[-3,-53]],[[18533,35047],[-62,-6],[-10,41],[-52,2],[-45,-36],[-35,12],[-71,-16],[-92,19],[-73,-21],[-50,3],[-101,-19],[-51,38],[-67,6],[-46,42],[-80,4],[-57,-11],[-53,-72],[-120,16],[-41,25],[-57,-5],[-108,-40],[-11,-30],[-91,-50],[-84,28],[-6,41],[-58,23],[0,44]],[[26633,39396],[-28,61],[59,45],[17,71],[-53,67],[30,83],[-13,39],[25,48],[137,64],[4,55],[61,42],[48,92],[-11,48],[46,101],[90,-28],[135,-77],[52,-53],[75,2],[104,18],[7,60],[-36,153],[52,2],[-20,68],[5,51],[-34,49],[15,52],[-80,34],[28,70],[-67,0],[-10,100],[13,42],[54,23],[21,54],[65,48],[-37,39],[69,23],[43,50]],[[27600,41051],[-6,-47],[67,-97],[53,-57],[31,-77],[122,13],[1,-58],[26,-49],[44,-3],[23,-39],[-27,-27],[41,-44],[62,-6],[34,-46],[73,-3],[12,-52],[-89,-22],[-76,-6],[-14,-32],[91,-175],[43,-20],[15,-85],[-38,-39],[23,-41],[-10,-46],[65,-195],[74,-23],[-11,-126],[3,-67],[37,-150],[61,-72],[-7,-47],[40,-63],[-6,-48],[-50,-77],[-15,-92],[-72,-82],[-39,-4]],[[28181,38947],[-144,166],[-74,41],[26,35],[-90,9],[-3,-76],[21,-111],[-22,-57]],[[22504,45945],[29,-69],[-67,4],[3,-78],[63,-35],[12,-48],[-90,-36],[-39,-94],[-60,-30],[-33,-49],[-74,-25],[-50,2],[-2,-54],[-26,-22],[-5,-57],[-70,-57],[-35,-12],[-67,-96],[-55,-14],[-59,10],[-51,-47],[30,-44],[-107,-38]],[[21751,45056],[-32,1],[-103,-106],[-82,6],[-34,-48],[-58,15],[-37,-18],[-90,1],[-45,-24],[-66,18],[-56,54],[9,61],[-48,-5],[-36,-32],[-87,11],[-24,-24],[-78,-13],[-9,58],[14,61],[-22,45],[-94,14],[-59,97],[-20,-8],[-88,35],[-24,28],[-66,2],[-10,45],[-38,37]],[[25167,40431],[-14,-80],[-30,-14],[-53,-113],[21,-110],[163,1],[167,-31],[28,-45],[-17,-78],[-57,-57]],[[13623,36204],[-19,61],[47,45],[-1,26],[-84,-10],[-10,41],[98,13],[-1,48],[-38,57],[1,45],[48,55],[-21,28],[32,45],[135,15],[21,61],[108,14],[23,71],[-44,-3],[-36,61],[19,89],[44,9],[64,-22],[27,45],[-12,78],[23,29],[93,22],[-11,42],[-52,24],[-16,36],[30,85],[-15,32],[33,62],[43,19]],[[30427,42241],[66,-54],[71,-40],[-127,-116],[-60,-4],[-91,-83],[-37,1],[-24,-57],[-104,-39],[11,-44],[-26,-34],[-79,5],[14,-65],[-112,-16],[-1,-82],[-68,-34],[-59,7],[-37,-21],[-74,-146],[-95,8],[-82,-52],[-54,-91],[1,-42],[-42,-77],[63,-43],[14,-63],[67,-25],[57,-120],[69,1],[28,23],[66,-50],[88,11],[17,-43],[56,14],[72,-52],[31,43],[124,-55],[-21,-54],[42,-59],[30,-4],[37,-70],[-24,-43],[-12,-97]],[[30222,40479],[-61,-30],[-5,-37],[-70,-14],[-134,1],[-73,15],[-22,52],[-74,48],[-99,-21],[-85,37],[-33,-59],[-94,-51],[-52,-8],[-32,-31],[-108,20],[-78,54],[-17,49],[-44,10],[-11,54],[-77,93],[-75,-48],[-40,-2],[-20,-47]],[[28918,40564],[-22,-2],[-62,59],[-52,13],[-12,88],[21,44],[-107,83],[15,136],[49,61],[-57,50],[1,49],[-40,62],[27,48],[-48,7],[27,58],[17,93],[-18,71],[-62,-31],[-144,8]],[[13472,36169],[-106,-21],[-30,-55],[-60,-51],[-69,-5],[-36,-31],[-18,-57],[-192,-24],[-113,67]],[[12848,35992],[17,75],[-109,33],[-16,34],[47,22],[93,89],[15,96],[-33,10],[-48,-22],[-13,85],[-8,191],[-89,18],[-17,22],[10,88],[-40,47],[27,174],[82,29],[39,-43],[16,-50],[120,-27],[48,88],[131,80],[-21,75],[-58,35],[-70,-5],[-1,67],[-47,-12],[9,-38],[-66,-10],[-33,33],[-39,-78],[-38,29],[-11,85],[-48,-8],[16,98],[-90,23],[2,60],[48,21]],[[12673,37406],[38,-3],[94,-60],[55,-17],[12,40],[119,79],[49,109],[43,52],[47,28],[35,-15],[73,7],[114,-13]],[[30414,42272],[84,41],[61,-50],[53,-11],[41,37],[15,65],[-25,95],[48,50],[131,-73],[73,11]],[[30895,42437],[37,-67],[85,27],[63,49],[73,21],[46,29],[78,-59],[-5,-71],[64,-26],[100,16],[-10,-102],[72,-4],[9,-114],[-112,-28],[-72,43],[0,-97],[45,-32],[-28,-56],[7,-116],[-42,-99],[24,-33],[61,3],[38,-59],[-10,-68],[9,-63],[-29,-57],[-3,-77],[-48,-29],[24,-141],[-32,-17],[-3,-54],[-122,41],[-14,-69],[97,-79],[50,-24],[73,-71],[11,-72],[42,-56],[26,-77]],[[31499,40749],[-51,-57],[-38,-8],[-23,-39],[-126,2],[-10,-25],[-58,-5],[-20,-41],[34,-46],[-70,-79],[-94,-31],[-81,10],[-6,-90],[-59,-17],[-57,5]],[[30840,40328],[-47,56],[-42,6],[-134,-21],[-43,23],[-45,-18],[-78,16],[-38,-12],[-82,39],[-51,-33],[-70,57],[12,38]],[[19360,40065],[42,102],[11,55],[52,97],[18,74],[-6,116],[12,73]],[[19682,40579],[131,-18],[14,-53],[39,-34],[17,-93],[63,-31],[-11,-34],[88,-57],[54,45],[35,-33],[84,-16],[17,26],[102,-45],[-14,-45],[25,-36],[53,-13],[19,-34],[-41,-83],[-49,4],[-71,-28],[-25,-104],[-82,-67],[-39,-16],[-2,-104],[28,-41]],[[19108,39573],[-116,79],[-61,14],[-93,-44],[-45,18],[26,44],[-59,22],[-26,-60],[-56,-5],[-139,-57],[-55,60],[-144,-25],[-16,26],[-69,9],[18,74],[-66,23],[-68,52],[-29,-37],[-129,66],[-52,-22],[23,-43],[-20,-81],[-48,19],[-58,51],[-28,53],[-13,150],[-13,58],[-53,43],[3,80]],[[17722,40140],[-21,142],[-47,23],[18,70],[-56,32],[-1,71],[-58,35],[-3,49],[-67,47],[37,53],[-28,88],[-98,43],[10,46],[-16,94],[-56,8],[-49,-15],[-30,87],[41,40],[60,89],[-47,46],[-8,121],[12,37]],[[17315,41346],[69,26],[62,-27],[29,49],[61,33],[76,-5],[132,-99],[20,47],[64,-24],[22,28],[97,-68],[19,-79],[81,4],[54,29],[-28,39],[10,39],[86,67],[11,49],[51,-1],[83,20],[31,34],[21,-86],[-32,-39],[-30,-92],[101,-75],[74,25],[30,-18],[47,-92],[79,-1],[61,32],[46,-7]],[[27956,37205],[-10,-21],[-82,-35],[-26,-142],[36,-93],[-15,-48],[10,-67],[-34,-38],[-26,-72],[-100,-18]],[[17159,39813],[58,39],[68,-42],[67,21],[-29,104],[-7,92],[-39,81],[2,37],[92,-11],[55,10],[49,-24],[121,11],[56,-6],[70,15]],[[19663,43398],[98,33],[82,57],[9,157],[58,11],[-25,79],[-66,54],[-28,2],[-28,52],[16,43],[-35,19],[-55,64],[-97,199],[-96,-71],[-18,-98],[-41,-17],[-17,-45],[-73,4]],[[21751,45056],[-29,-86],[-75,-41],[-26,-81],[64,-4],[-1,63],[82,-43],[53,17],[1,-55],[70,-61],[23,25],[56,-37],[26,-118],[45,-22],[-33,-38],[39,-28],[58,64],[57,-29],[-53,-47]],[[22108,44535],[-24,-7],[-37,-67],[1,-68],[22,-33],[-95,-96],[-60,12],[-27,-56],[-6,-63],[-78,-94],[58,-23],[17,-44],[-50,-61],[80,-31],[0,-35],[37,-41],[-17,-46],[45,-48],[44,-11],[-22,-62],[70,-52],[57,-1],[-5,-36],[-41,-29],[43,-39]],[[22120,43504],[-95,16],[-53,-64],[-90,-36],[-9,-82],[26,-52],[-28,-88],[-39,-20],[-43,-54],[-163,-125],[-32,-50],[-74,-55],[7,-57]],[[23055,45367],[24,-40],[-8,-53],[-56,-10],[-30,-64],[47,-26],[-8,-83],[-45,14],[0,37],[-54,25],[10,-75],[-45,0],[-52,-90],[-62,-29],[30,-67],[65,-25],[44,-85],[-1,-69],[-36,-66],[-133,-34],[-46,8],[-74,-29],[-61,-68],[-126,23],[-20,-26],[-73,1],[-42,19],[-102,17],[-39,-29],[-54,-8]],[[18533,35047],[12,-37],[-53,-41],[62,-78],[-17,-55],[-88,-55],[-24,-82],[-137,-93],[-86,-70],[-6,-24],[76,-112]],[[18272,34400],[-6,-82],[-34,0],[-24,-44],[-18,-86],[-138,31],[-65,-39],[-82,20],[-28,-52],[-3,-49],[-42,-40],[-10,-55],[-88,-18],[-6,-32],[-57,-34]],[[17671,33920],[-218,-10],[-27,42],[-184,-7],[-104,85],[0,55],[-46,50],[28,18],[85,-17],[-6,126],[-42,24],[32,59],[-31,68],[-34,23],[-48,148],[-18,33],[-100,-51],[-54,37],[-77,19]],[[28181,38947],[11,-73],[71,-30],[50,-62],[-15,-106],[110,-39],[43,-43],[113,-1],[21,-18],[89,16],[31,31],[43,-13],[-3,-45],[40,-87],[30,29],[54,13],[25,31],[-50,92],[-42,15],[-52,66],[15,34],[64,-3],[30,63],[-43,83],[65,55],[74,3],[-30,-71],[70,-14],[33,27],[124,-6],[54,17],[43,72],[36,31],[141,12],[62,-20],[-20,59],[-42,-4],[-59,106],[75,-7],[38,-34],[65,3],[3,84],[47,21],[-4,95],[41,7],[59,-31],[-9,81],[37,84]],[[29719,39470],[119,-32],[-25,-48],[81,-26],[24,29],[67,22],[20,-27],[0,-61],[66,-3],[55,-65],[52,-13],[19,-35],[-19,-87],[-31,-12],[-59,-106],[-11,-143],[29,-55],[-39,-24],[-37,-66]],[[30030,38718],[-100,26],[-103,-108],[-149,8],[-67,-42],[-12,-38],[49,-90],[6,-100],[-59,-24],[-123,-143],[-53,-17],[-78,-1],[-57,-16],[-17,-96],[36,-75],[-7,-32],[29,-55],[-90,-90],[43,-143],[-37,-54],[-52,69]],[[29189,37697],[-15,-15]],[[28918,40564],[34,-28],[-38,-42],[22,-44],[48,-6],[33,-82],[-12,-66],[64,-33],[7,-41],[37,-46],[-28,-71],[-59,-17],[-3,-52],[-75,-1],[-27,-114],[4,-41],[-69,-27],[14,-69],[58,-1],[14,-59],[-9,-48],[47,-44],[42,28],[15,69],[83,-19],[56,77],[47,30],[33,-38],[101,-11],[25,-81],[34,-10],[105,22],[45,37],[35,-5],[39,-63],[35,-24],[-4,-71],[47,-36],[1,-67]],[[17472,58151],[-117,7],[-36,-18],[-73,4],[-13,82],[-58,28],[-12,70],[49,51],[-28,66],[-33,28],[-43,122],[-52,99],[-131,186],[-43,73],[6,40],[-61,100],[-95,261],[49,41],[-25,60]],[[16756,59451],[89,-13],[18,29],[84,-4],[145,-133],[97,-22],[90,-55],[48,-71],[141,-133],[52,83]],[[17520,59132],[47,-92],[69,-100],[58,-49],[97,-197],[-8,-35],[50,-85]],[[17833,58574],[25,-65],[37,-44],[-114,-68],[-84,-8]],[[17697,58389],[-49,12],[-26,-23],[-67,-8],[29,-54],[1,-82],[-73,-7],[13,-37],[-53,-39]],[[19038,56827],[-14,122],[-90,58],[-38,-14],[-4,76],[-37,78],[-56,24],[-83,-49],[-60,44],[-41,88],[-97,-51]],[[18518,57203],[-83,79]],[[18435,57282],[-27,46],[-39,21],[-56,-6],[-126,82],[8,42],[-31,75],[13,59],[40,93],[-74,24],[21,55],[-18,76],[47,46],[50,25]],[[18243,57920],[96,17],[83,55],[100,-47],[62,23],[65,4],[49,-31],[49,12],[-28,53],[13,37],[49,15],[62,80],[-19,28],[-82,29],[-12,66]],[[18730,58261],[98,31],[46,-45],[2,-32],[128,-87]],[[19004,58128],[26,-62],[-22,-82],[33,-44],[-32,-36],[1,-53],[61,-52],[-46,-52],[-3,-44],[32,-21],[44,16],[26,-62],[42,-12],[18,-45],[-40,-37],[82,-45],[84,-25],[8,-29],[81,1],[48,-43],[-13,-50],[69,-22],[25,-99]],[[19528,57230],[-25,-39],[-37,4],[-6,-65],[-104,-75],[-101,21],[-67,-59],[-8,-80],[-142,-110]],[[19528,57230],[42,52],[75,38],[79,105],[79,50],[44,-24],[100,-86],[4,-73],[-67,-44],[55,-92],[-11,-36],[43,-23],[55,6],[28,-70],[5,-98],[110,-42],[93,0],[72,42],[8,33],[87,-16],[94,-99]],[[20523,56853],[106,-133],[-18,-63],[55,-26],[30,-64],[-3,-41],[-94,-69],[67,-89],[45,-11],[51,18],[22,-67],[-20,-58],[-68,-17],[-111,-64],[-34,-5],[-63,-57],[-80,0],[-20,-38],[-110,-11],[-41,-37],[10,-31]],[[20247,55990],[17,-41]],[[20264,55949],[-68,25],[-89,135],[-48,-80],[-83,-26],[-20,43],[36,37],[-22,33],[-89,-77],[-42,61],[-59,4],[-46,39],[-45,-28],[-101,26],[-3,25],[-96,38],[-34,27]],[[19455,56231],[-37,61],[-128,48],[-30,47]],[[19260,56387],[86,55],[21,99],[-19,67],[4,70],[-77,59],[-76,75],[-103,-2],[-58,17]],[[22602,59980],[52,-49],[32,-56],[88,-85],[73,-10],[-40,-143],[-42,-62],[-20,-75],[-7,-110],[-41,-22],[-23,-45],[11,-67],[62,-35],[-29,-54],[22,-26],[27,-91],[34,-17],[64,12],[33,-96],[62,-45],[15,-36],[-73,-92],[-63,-25],[-39,-40],[-62,-19],[-31,-47],[21,-85],[70,13],[26,-37],[74,-53],[-7,-82],[-34,-40],[109,-47],[28,-64],[0,-63],[58,-63],[26,-72],[59,-29]],[[23137,58023],[1,-76],[75,-90],[59,-27],[6,-75],[45,-41],[-22,-39],[-84,-25],[-147,-6],[-56,55],[-73,49],[-13,54],[-30,19],[12,54],[-41,5],[-69,-26],[-36,5],[-279,78],[-68,4],[-92,-22],[-97,-35],[-79,90],[-54,43],[-64,5],[-80,70],[-81,-20],[-45,13]],[[21825,58085],[-38,31],[-7,74],[-78,15],[-18,25],[-59,-36],[-105,44],[-39,37],[28,43],[-86,66],[-81,39],[-73,-9],[-65,-42],[-131,4],[-6,28],[-61,19],[-64,49],[-49,66],[-1,49],[-74,85],[-21,84],[8,39],[-54,75],[23,64],[-19,46],[-46,39],[-49,70],[-46,24]],[[20614,59113],[5,90],[33,14],[130,7],[44,-14],[38,68]],[[20864,59278],[67,-57],[84,-25],[19,85],[139,-21],[50,-35],[53,53],[55,10],[27,119],[-13,49],[73,21],[106,-11],[61,167],[154,7],[64,-22],[20,27],[91,6],[37,46],[65,-12],[44,-41],[67,0],[16,50],[-87,73],[13,63],[39,86],[99,-14],[113,40],[97,-8],[38,-18],[147,64]],[[20614,59113],[-75,-22],[-64,-2],[-80,-102],[10,-74],[-9,-72],[15,-49],[93,-86],[20,-95],[-81,-92],[-84,-30],[-19,-63],[23,-62],[-31,-21],[-61,16],[-94,-31],[-34,-68],[-72,6],[-147,-34],[-61,48],[-33,-2]],[[19830,58278],[16,27],[-28,107],[-99,80],[-37,132],[4,53],[-38,66],[11,126],[-18,101],[15,20],[-69,93],[-130,71],[-5,58],[-35,84],[-15,72],[-44,40],[-134,1],[-47,-21],[-51,12],[4,50],[-66,89],[-14,64],[-98,149],[-3,95],[-72,50],[-10,43]],[[18867,59940],[-1,71],[16,46],[91,-3],[-3,103],[40,108],[71,17],[30,45],[-39,40],[-8,151],[31,38],[-9,40],[25,63],[48,72]],[[19159,60731],[75,6],[89,40],[97,-35],[71,-64],[27,8],[144,-99],[59,-65],[32,-98],[-12,-31],[54,-74],[54,-10],[59,-57],[76,5],[34,74],[57,-16],[31,-46],[66,50],[46,-63],[100,-76],[84,-39],[77,-99],[122,-34],[3,-33],[99,-140],[-35,-26],[56,-62],[-42,-34],[-27,-56],[31,-67],[49,-46],[52,-1],[61,-27],[-43,-83],[23,-46],[-3,-56],[39,-53]],[[16687,60759],[13,53],[-27,58],[-146,145]],[[16527,61015],[40,39],[38,102],[76,101],[28,69],[-65,67],[11,85],[40,57],[-3,50],[-84,134],[-113,69],[-57,65],[-15,55]],[[16423,61908],[44,87],[56,11],[72,-11],[71,-34],[72,-75],[26,2],[154,77],[140,121],[25,85],[74,13],[52,30],[104,12]],[[17313,62226],[80,11],[38,46],[43,123],[37,38],[138,81],[77,76],[167,-16],[58,38],[82,8],[29,24],[74,-7],[38,-78],[59,-27],[150,45],[72,-5]],[[18455,62583],[0,-114],[-26,-79],[4,-52],[38,-72],[3,-45],[35,-38],[15,-115],[-36,-75],[-95,-16],[-3,-77],[-43,-29],[-28,-57],[-96,-29],[-60,30],[-141,-98],[-72,-23],[-86,5],[-38,110],[-98,-25],[-71,-51],[-4,-54],[61,-140],[47,-60],[2,-58],[81,-84],[113,34],[166,-58],[33,-86],[48,-7],[-3,-69],[42,15],[67,-25],[63,-1],[-19,-55],[30,-19],[53,53],[90,-19],[31,-37],[69,4],[25,-29],[73,12],[21,-27],[-63,-104],[25,-36]],[[18708,60883],[-89,-57],[-27,-43],[-53,-30],[2,-74],[-31,-36],[-1,-48],[27,-54],[-29,-19],[-5,-129],[7,-64],[-26,-47],[-51,-46],[-84,21],[-53,-42],[-105,32],[-75,68],[-72,19],[-112,10],[-48,44],[-40,-8],[-30,32],[-54,6],[-11,36],[-87,41],[-50,70],[-132,32],[-23,66],[-48,28],[-5,31],[-78,6],[-37,-51],[-78,-54],[-20,-79],[16,-81],[40,-26],[-5,-95],[-87,-17],[-40,23],[-2,39],[-81,46],[-84,-16],[-66,63],[14,65],[-8,47],[-97,125],[-45,1],[-58,41]],[[19004,58128],[63,-53],[136,-73],[57,6],[23,-44],[63,5],[61,58],[64,11],[62,-13],[64,32],[59,8],[67,64],[10,58],[49,80],[48,11]],[[21825,58085],[-10,-54],[-66,3],[-74,-76],[-49,10],[-42,-39],[-29,23],[-58,-4],[-27,-35],[-94,-59],[-81,4],[-51,-21],[-47,-65],[-75,14],[-36,38],[-98,-54],[-27,10],[-107,-123],[-23,-67],[-29,-3],[-44,-52],[34,-52],[22,-82]],[[20814,57401],[-76,-86],[-74,39],[-50,-54],[76,-82],[44,16],[23,-32],[-30,-39],[-6,-61],[-51,21],[-41,-10],[-21,-53],[32,-57],[-112,-115],[-5,-35]],[[17833,58574],[54,-36],[72,-7],[85,-69],[123,-48],[28,63],[-37,59],[-4,49],[24,57],[-11,76],[17,63],[49,33],[47,-11],[83,38],[52,-29]],[[18415,58812],[2,-95],[21,-66],[56,8],[54,-55],[-11,-33],[34,-67],[5,-80],[64,-3],[101,-23],[6,-56],[-37,-20],[20,-61]],[[18243,57920],[-41,39],[-64,-32],[-23,23],[53,59],[-71,65],[-47,-52],[-75,63],[-48,-22],[-47,88],[-40,-10],[-44,45],[-79,127],[-20,76]],[[16756,59451],[-68,140],[39,34],[-139,90],[-64,31],[-89,16],[-44,29],[-87,87],[-51,-3],[-39,56],[-92,42],[-110,-26],[-43,37]],[[15969,59984],[47,29]],[[16016,60013],[119,123],[2,73],[-82,48],[14,94],[111,65],[130,23],[232,250],[61,45],[84,25]],[[18708,60883],[77,22],[-2,-66],[38,-16],[18,-47],[59,21],[-2,-51],[228,62],[48,-48],[-13,-29]],[[18867,59940],[-90,8],[-85,-39],[-87,-4],[-102,41],[-69,-84],[-70,10],[-56,33],[-36,-41],[13,-71],[24,-30],[30,-131],[-41,-91],[7,-50],[-81,3]],[[18224,59494],[-75,46],[-81,-10],[-97,-60],[-7,-48],[-107,-35],[-19,-57],[-67,-25],[-67,7],[-63,-48],[-37,38],[-68,-34],[-28,-50],[12,-86]],[[18455,62583],[65,107],[5,35]],[[18525,62725],[50,33],[55,-90],[-28,-100],[11,-42],[55,-43],[11,-40],[40,-22],[53,7],[29,-80],[57,-112],[96,-47],[79,-58],[79,24],[85,-62],[61,32],[72,-16],[21,-57],[9,-86],[50,26],[17,-37],[100,-47],[-7,-37],[49,-36],[23,27]],[[19592,61862],[65,-56],[36,3],[35,-75],[75,7],[5,73],[45,58],[100,7],[22,-42],[41,-10],[63,58],[76,2],[54,58],[54,23],[36,44],[80,11],[64,35],[26,63],[102,-34],[101,-105],[66,-53],[-38,-34],[-24,-62],[81,-45],[56,-14],[78,-56],[12,-62],[30,-35],[40,0],[40,-44],[-32,-151],[36,-33],[122,-207],[87,-12],[40,11],[-3,57],[21,31],[50,-8],[12,45],[44,42],[49,-47],[43,66],[74,16],[29,-31],[89,27],[25,46],[127,43],[-17,59],[123,60],[58,-3],[13,-101],[-31,-112],[16,-81],[39,-35],[-123,-91],[-76,-17],[5,-115],[-44,-50],[68,-76],[155,127]],[[22012,61037],[58,-42],[49,-4],[35,-55],[-22,-73],[60,-26],[26,-46],[88,-18],[-46,-55],[-8,-42],[-56,-46],[-16,-49],[8,-141],[-54,-75],[94,-8],[121,17],[120,-79],[-14,-107],[-30,-33],[32,-29],[15,-53],[111,-38],[19,-55]],[[18415,58812],[-30,104],[26,81],[-73,42],[-11,62],[-31,56],[-80,42],[-34,95],[15,125],[27,75]],[[20799,68088],[-138,-103],[-342,-275],[-237,-151],[-334,-235],[-126,-84],[-202,-80],[-166,-48],[-66,-11],[-30,-64],[-124,-53],[-10,-91],[-60,-123],[-66,24],[-131,21],[-85,-12],[-98,-50],[-125,-28],[28,-67],[-22,-55],[-8,-94],[-74,-54],[-29,-40],[-30,-104],[-201,-2],[-137,54],[-84,43],[-49,-1],[-70,-64]],[[17783,66341],[-24,-52],[-90,-32],[-60,2],[-53,-25],[-75,5],[-94,-103],[-131,-43],[-64,-63],[-127,36],[-93,96],[-69,-14],[-74,-118],[-64,-49],[8,-42],[-110,-18],[-118,-44],[-32,-50],[-64,-9],[-121,-73],[-106,3],[-79,50],[-176,1],[-26,12],[-95,-24],[-33,29],[-78,-16],[-141,13],[-42,21],[-73,-15],[-73,77],[-62,26],[-76,75],[-9,39],[-152,36],[-37,-22]],[[15070,66050],[-35,41],[-147,2],[-120,-40],[-20,-29],[-187,101],[-109,-18],[-27,35],[-189,11],[-96,-9],[-37,25],[-172,39],[-41,44],[8,56],[-60,39],[-89,10],[-104,26]],[[13645,66383],[-53,-37],[-96,3],[-77,34],[-19,-29],[-114,-11],[-39,25],[-82,12],[-60,-34],[-36,-40],[-1,-61],[-97,-25],[-108,-57],[-15,-72],[-67,13],[-63,65],[-83,7],[-129,38],[-71,-95],[-36,-70],[45,-52],[-35,-135],[-85,-36],[-36,-81],[16,-50],[-43,-44],[-39,-96],[-46,-27],[-59,14],[-80,-98],[5,-127],[89,6],[95,-8],[68,13],[42,43],[76,-101],[72,-113],[60,-40],[1,-123]],[[12545,64994],[-12,-34],[-81,-32],[-35,-73],[-39,-22],[-1,-58],[-48,6],[-18,-94],[9,-38],[46,-36],[173,-32],[139,34],[88,4],[60,23],[56,-44],[79,34],[113,-66],[30,-62],[-29,-71],[32,-30]],[[13107,64403],[-47,-139],[-56,-56],[-74,-17],[-56,-61],[-58,7],[-27,-22],[-108,-1],[-70,-49],[-50,-92],[4,-38],[-74,-26],[-43,-46],[52,-31],[20,-119],[-24,-37],[38,-46],[50,-17],[14,-64],[56,-24],[61,20],[101,-46],[58,-49],[-1,-75],[68,-78],[-19,-150],[38,-43],[-60,-85],[7,-19]],[[12907,63000],[-47,-77],[-43,-38],[-99,-47],[-91,-15],[-53,-24],[-35,-70],[46,-93],[99,-10],[20,-33],[80,-34],[87,-74],[14,-67],[45,-30],[-27,-53],[52,-6],[116,-59],[113,-35],[37,-42],[37,-93]],[[13258,62100],[6,-53],[-55,-47],[32,-31],[45,7],[89,-28],[56,-31],[7,-136],[55,-55],[35,-68]],[[13528,61658],[-75,-11],[-61,-33],[-55,-9],[-68,48],[-23,58],[-91,84],[-124,69],[-96,35],[-101,-1],[-32,16],[-99,97],[-65,-8],[-35,20],[-45,82],[-52,30],[-160,33],[-68,38],[-58,-30],[-17,-54],[-62,14],[-19,80],[-40,44],[-78,42],[-208,78],[-51,35],[-48,69],[-23,72],[-91,537],[0,107],[34,108],[35,176],[-12,158],[-38,88],[-23,87],[-3,214],[-8,128],[11,154],[-97,223],[-21,132],[-11,234],[-24,279],[-129,172],[10,106],[-44,36],[-12,85],[93,325],[42,44],[119,33],[122,21],[50,-7],[74,-48],[43,18],[28,120],[7,118],[21,38],[91,78],[20,73],[39,53],[48,16],[119,-16],[129,68],[85,22],[116,2],[31,33],[-7,52],[104,89],[22,106],[31,67],[19,86],[67,39],[11,38],[-30,53],[10,84],[34,56],[-19,67],[-289,125],[-89,58],[-99,1],[-76,52],[-68,9],[-62,-45],[-82,15],[-31,118],[-40,76],[-7,175],[74,105],[96,74],[3,81],[-57,52],[-161,33],[-473,29],[-115,44],[-111,108],[-50,29],[-146,31],[-49,23],[-211,178],[-48,103],[-6,43],[39,131],[-25,43],[-100,46],[-126,-17],[-113,-3],[-109,-38],[-56,-2],[-76,55],[-56,14],[-74,-13],[-66,-66],[-294,5],[-86,32],[-153,96],[-22,76],[35,63],[57,65],[-15,87],[-70,58],[2,152],[-14,213],[17,60],[47,54],[48,21],[176,4],[34,22],[72,87],[39,20],[112,21],[61,127],[119,26],[19,23],[3,158],[27,26],[143,7],[27,19],[16,68],[43,58],[138,59],[47,71],[17,75],[-31,169],[10,55],[37,19],[255,5],[112,9],[286,89],[111,7],[196,-24],[192,-11],[40,-11],[60,-52],[91,-7],[67,63],[140,12],[187,-48],[59,42],[4,81],[-49,76],[-374,71],[-101,28],[43,35],[41,-24],[61,13],[150,-46],[23,40],[119,9],[136,-113],[33,-52],[51,-28],[42,9],[72,-22],[85,35],[82,-6],[37,23],[10,58],[31,63],[52,38],[148,-43],[73,41],[68,16],[15,44],[59,44],[93,33],[55,38],[42,53],[84,-46],[131,-10],[48,-79],[52,-12],[23,190],[-16,35],[166,34],[56,40],[51,7],[42,-122],[47,-34],[62,43],[118,-12],[27,-83],[90,-104],[49,-79],[37,-9],[29,62],[167,98],[95,-39],[52,-40],[105,34],[81,68],[62,83],[50,39],[85,34],[30,-12],[116,20],[26,-9],[0,-115],[21,-59],[46,-42],[54,18],[43,-12],[12,-56],[-39,-53],[30,-71],[55,-15],[26,-118],[30,-47],[86,-44],[221,-72],[126,-156],[159,-256],[130,-83],[85,-20],[160,-99],[159,-43],[62,4],[111,-28],[103,-87],[103,-112],[55,-7],[121,-94],[81,3],[77,32],[52,-6],[112,-96],[60,-27],[39,-91],[-37,-44],[52,-25],[53,-69],[136,-44],[39,-47],[82,-17],[78,46],[59,-64],[70,-53],[62,-136],[163,-72],[15,-65],[-84,-26],[-33,-63],[-68,-70],[135,-150],[18,-64],[39,-43],[99,-32],[80,-75],[86,-37],[184,-22],[82,23],[46,31],[85,-3],[52,-63],[44,-7],[-2,-62],[37,-23],[88,-6],[7,-32],[132,-9],[64,-28],[26,47],[67,-3],[26,-53],[34,-13],[33,-65],[44,-2],[34,-49],[-23,-72],[64,-40],[18,-48],[-10,-61],[49,-27],[-24,-36],[-80,-9],[-57,26],[-54,50],[-82,-6],[-54,-30],[132,-136],[69,-8],[67,-28],[145,64],[219,-45],[79,42],[32,-35],[124,7],[3,94],[28,19],[44,-49],[73,-12],[44,37],[52,-24]],[[15026,64697],[-19,36],[2,65],[-69,46]],[[14940,64844],[-3,37],[58,0],[-7,53],[122,56],[147,108],[63,-46],[55,-3],[42,-52],[96,-7],[47,35],[17,41],[58,-49],[64,-3],[49,54]],[[15748,65068],[75,-2],[86,-45],[41,16],[39,-43]],[[15989,64994],[-35,-67],[-48,-31],[-47,-72],[-30,-183],[-76,-34],[-84,0],[-15,-103],[-65,-72],[-32,-69],[7,-82],[43,-57],[37,-105],[103,-124],[-26,-64],[95,-89],[-20,-79],[13,-68],[-19,-64],[68,-66],[-44,-57],[-15,-49],[14,-46],[-51,-39],[-39,-63],[37,-112],[-19,-96]],[[15741,63103],[-77,-71],[-117,-33]],[[15547,62999],[-75,28],[-126,109],[-34,50],[-63,43],[-36,45],[-58,37],[-140,51],[18,55]],[[15033,63417],[62,86],[-88,1],[7,49],[-57,21],[-12,41],[49,65],[-17,34],[9,66],[-62,115],[64,44],[-51,39],[-73,102]],[[14864,64080],[82,89],[81,10],[41,57],[65,17],[66,117],[-18,65],[27,109],[-69,97],[-62,2],[-51,54]],[[12545,64994],[80,4],[99,34],[111,-57],[64,6],[57,128],[95,24],[50,31],[168,16],[48,97],[-8,32],[39,46],[79,1]],[[13427,65356],[89,3],[59,34],[89,-90],[-23,-107],[13,-110],[98,15],[-27,-61],[24,-37],[7,-68],[45,26],[47,-28],[-53,-57],[147,-15],[79,-58],[36,20]],[[14057,64823],[44,-35]],[[14101,64788],[-16,-78]],[[14085,64710],[-188,-56],[-47,-60],[-61,-47],[-17,-48],[-48,-4],[-63,-90],[26,-11],[-3,-82],[-124,-112]],[[13560,64200],[-32,10],[-44,64],[-73,27],[-83,0],[-59,101],[-44,35],[-74,-39],[-44,5]],[[15033,63417],[-36,20],[-33,70],[-30,-50],[-70,-59],[3,-49],[46,-45],[-30,-25],[-108,3],[-26,-51]],[[14749,63231],[-140,46],[-79,2],[-61,-36],[-103,-15],[-85,-33],[-19,44],[-75,12],[-59,55],[-56,21],[-40,-44],[-66,12],[-54,-35]],[[13912,63260],[-112,17]],[[13800,63277],[-4,37],[-68,18],[-19,122],[16,79],[45,80],[6,74],[-31,50]],[[13745,63737],[68,-45]],[[13813,63692],[74,-18],[31,33],[53,-17],[75,34],[113,-20],[-6,-35],[95,1],[-1,-36],[98,10],[84,-41],[33,6],[63,63],[-2,32],[64,10],[39,34],[-4,117],[38,-6],[66,35],[43,-11],[10,94],[38,47]],[[14817,64024],[47,56]],[[13813,63692],[37,63],[35,17],[100,94],[88,101],[50,5]],[[14123,63972],[4,-26],[92,36],[36,-37],[49,24],[45,-31],[46,49],[66,-32],[90,50],[31,-39],[59,12],[26,31],[44,-17],[106,32]],[[14749,63231],[36,-78],[-52,-45],[62,-110],[62,-64],[39,-1],[17,-50],[50,-12],[-12,-81],[26,-20],[14,-97],[-73,-76]],[[14918,62597],[-21,-7],[-84,-97],[-48,-8],[-35,-58],[-10,-69],[79,-76],[-30,-40],[-78,-4],[16,-67],[-69,-43],[-79,-10],[-88,-154]],[[14471,61964],[-31,1],[-9,61],[-85,10],[15,38],[-103,67],[-83,93],[-174,3],[-76,-72],[-45,25],[0,-80],[56,-42],[-40,-45],[-51,5],[6,113],[-72,27]],[[13779,62168],[-26,97],[55,10],[86,43],[-37,126],[-135,19],[-49,30],[50,35],[45,2],[5,44],[109,-6],[83,-26],[39,20],[17,114],[-63,52],[30,53],[-43,60],[14,70],[61,18],[-39,86],[12,60],[-105,32],[-23,40],[62,49],[-15,64]],[[12907,63000],[54,45],[45,13],[56,86],[34,76],[-41,112],[58,38],[118,-5],[67,52],[117,14],[91,-31],[24,-42],[102,-67],[49,-91],[85,17],[34,60]],[[13779,62168],[5,-66],[-78,-17],[-31,48],[-144,-15],[-6,-34],[-62,-48],[-77,9],[-58,-23],[-70,78]],[[14471,61964],[46,-69],[33,-9],[48,92],[94,-93],[231,-161],[27,-58],[45,-4],[23,-52],[-62,-61],[-79,-38]],[[14877,61511],[-96,37],[-32,-31],[-48,34],[40,64],[-80,80],[-55,-64],[-75,14],[-28,-42],[-76,23],[11,-105],[97,3],[50,-35],[22,-40],[-46,-119],[-81,5],[3,-68],[48,-28],[-11,-40],[67,-60],[-62,-58],[-50,-22],[-46,-99]],[[14429,60960],[-82,-1],[-46,17],[-16,-47],[-179,3],[-61,23],[-39,53],[16,50],[-61,27],[-15,83],[-29,44],[33,74],[68,49],[17,34],[-65,25],[-25,47],[12,91],[54,127],[42,69],[1,58],[-100,-28],[-56,-50],[15,-63],[-20,-35],[-77,-26],[-58,9],[-71,-34],[-54,42],[-56,15],[-49,42]],[[19592,61862],[109,53],[-38,87],[-34,45],[-34,100],[15,61],[91,53],[-2,90],[44,-16],[104,19],[19,51],[-5,138],[15,89],[75,26],[83,-61],[55,-24],[42,10],[-32,62],[-8,55],[-49,58],[-34,70],[44,60],[17,56],[61,12],[68,33],[-13,42],[-65,13],[-27,33],[27,88],[-79,18],[-29,35],[-63,159],[-91,-7],[-66,-46],[-57,40],[-60,-19],[-57,36],[-53,54],[-39,80],[-17,70],[15,30],[-66,48],[-6,40],[-46,18],[-80,73],[-36,11],[-67,-34],[-86,84],[-70,-15],[-65,41],[-57,-23],[-56,4],[-38,43],[-48,14],[29,45],[-47,51],[-64,-16],[-55,32],[-86,12],[-45,28],[-100,-30],[-50,67],[-69,38],[-63,56],[-71,-29],[-38,-56],[-64,-12],[-13,34],[-70,11],[-33,47],[31,23],[-36,47],[65,84],[-29,88],[11,45],[56,52],[66,10],[-8,93],[31,37],[63,-1],[93,18],[47,31],[-47,175],[47,117],[-25,55],[18,61],[38,16],[10,136],[39,62],[-215,129],[-65,82],[-49,13],[-9,60],[23,28],[-37,87],[-9,134],[19,63],[-60,2],[-14,46],[-106,-44],[-46,37],[26,40],[13,73],[-51,60],[-2,50],[-69,135]],[[20799,68088],[67,-54],[27,14],[56,-39],[31,59],[111,-86],[-15,90],[-73,47],[76,131],[53,25],[119,8],[67,-85],[72,6],[57,-31],[41,31],[-10,62],[32,83],[42,26],[45,102],[103,-51],[37,55],[-10,100],[13,26],[141,-3],[102,35],[79,118],[90,-26],[95,-4],[27,-21],[127,105],[109,39],[58,70],[72,5],[59,29],[108,3],[76,-33],[127,15],[165,41],[44,31],[94,-85],[52,-22],[77,-2],[116,-23],[59,12],[76,67],[37,67],[-17,116],[55,74],[57,19],[312,9],[36,-170],[40,-53],[208,-30],[89,-52],[228,-63],[100,-37],[28,-32],[153,-21],[161,-33],[84,81],[99,48],[93,0],[84,-90],[43,-118],[65,-58],[32,-91],[46,-30],[243,-77],[116,-81],[43,-126],[37,-194],[-66,-28],[-36,-47],[5,-125],[-27,-104],[-67,-134],[-24,-141],[-29,-57],[-68,-88],[-12,-71],[17,-172],[-32,-178],[-104,-229],[-34,-58],[-49,-45],[-24,-48],[-13,-90],[9,-168],[-57,-36],[-216,-55],[-95,24],[-85,-6],[-77,-66],[-10,-33],[-96,-46],[37,-90],[-47,-18],[-27,-65],[111,-55],[5,-82],[-40,-28],[-130,-16],[-154,4],[-21,20],[-155,4],[-155,-37],[41,-68],[2,-66],[67,-16],[-12,-55],[18,-58],[-6,-73],[71,-120],[-17,-103],[-42,-49],[-60,-28],[-56,11],[-35,-72],[0,-105],[-72,-80],[-62,-22],[-40,-87],[51,-65],[-37,-33],[-47,30],[-200,37],[-68,-8],[-57,28],[-107,0],[-41,49],[-59,-9],[-17,-78],[-67,-37],[-61,5],[-86,33],[-47,36],[-176,-64],[-77,-123],[35,-35],[60,-96],[28,-110],[125,-224],[102,-29],[-53,-32],[-48,-105],[72,-65],[82,3],[-4,-53],[36,-95],[-90,23],[-97,-7],[-65,-30],[-87,23],[-70,4],[-4,-114],[55,-113],[2,-64],[-22,-61],[4,-97],[36,-58],[8,-64],[32,-14],[46,-101],[60,6],[95,-60],[76,-36],[64,-11],[176,5],[56,13],[174,-58],[117,22],[167,-42],[19,-34],[-21,-106],[-89,-146],[-51,-109],[-7,-45],[33,-60],[-24,-62],[-89,-21],[91,-110],[69,-11],[105,-113],[54,-92],[26,-21],[155,-213],[64,-12],[51,-94],[-104,-139],[-24,-13],[-111,-154],[-99,-76],[-47,-103],[-51,-13],[-53,23],[-11,84],[-118,46],[-41,2],[-55,-101],[-39,-38],[-56,0],[-20,-57],[-100,-64],[-102,-4],[-34,-25],[33,-80],[-47,-55],[-23,-70],[-117,15],[-99,-31],[-45,-76],[-32,-14],[-37,63],[-125,64],[-61,57],[-35,56],[-69,-5],[-43,102],[-66,217],[39,38],[-4,69],[-65,87],[14,75],[-99,-61],[-131,-17],[-50,-105],[-39,-30],[-70,45],[-113,-17],[-78,-64],[-58,4],[-78,-52],[-20,-71],[-59,-13]],[[15026,64697],[-51,-19],[-49,31],[-65,4],[-52,-65],[-42,-7],[-55,-41],[-3,-37],[-50,-13],[-36,-44],[-87,0]],[[14536,64506],[-51,21],[-61,55],[-142,-23],[4,-50],[-39,-47],[-56,28],[-51,52],[45,24],[32,61],[-11,42],[-56,36],[-65,5]],[[14101,64788],[117,-21],[-49,53],[32,59],[40,-17],[23,54],[78,-4],[77,34],[83,-37],[35,60],[30,-49],[82,-20],[94,-58],[115,12],[82,-10]],[[16423,61908],[-111,4],[-26,-17],[-91,-6],[-25,-33]],[[16170,61856],[-40,21],[-17,83],[-152,74],[-50,48],[-187,-32],[-111,104],[-4,86],[-21,45],[-89,40]],[[15499,62325],[6,44],[-44,78],[-8,84],[-61,16],[51,49],[17,73],[57,88],[24,77],[6,165]],[[15741,63103],[82,-29],[49,-55],[19,-67],[77,-84],[28,-71],[109,-52],[97,-7],[72,-89],[149,-92],[93,-68],[118,-7],[43,-36],[49,22],[78,-23],[25,-33],[49,-7],[165,47],[37,43],[17,74],[65,-19],[44,-40],[45,-94],[73,-33],[30,-81],[-41,-76]],[[14123,63972],[73,44],[29,-21],[61,22],[58,94],[29,72],[42,21],[-2,39],[63,145],[67,57],[-7,61]],[[15499,62325],[-87,10],[-18,35],[-99,25],[-62,33],[-68,79],[-130,37],[-13,19],[-104,34]],[[14057,64823],[-54,56],[-55,82],[4,45],[51,13],[-28,45],[-10,69],[31,76],[-41,47],[72,21],[60,-32],[47,-59],[35,3],[53,68],[77,24],[66,50],[64,29],[22,39],[-30,35],[-9,71],[30,41],[63,33],[62,-51],[92,-2],[57,-63],[84,-38],[63,-56],[77,-47],[62,-13],[79,53],[27,36],[51,-29],[29,14],[64,-24],[76,-2],[-6,32],[64,12],[64,37]],[[15450,65438],[17,-137],[31,-68],[62,-55],[133,-6],[55,-104]],[[16170,61856],[9,-152],[-83,-47],[-85,-7],[-64,-45],[-56,43],[-107,-19],[-31,-32],[-26,-68],[-5,-106],[-36,-36],[-57,1],[-25,25],[-108,-15],[-24,-31],[-52,9],[-112,-57]],[[15308,61319],[-30,-3],[-120,42],[-47,-5],[-79,32],[-46,46],[-109,80]],[[13745,63737],[0,27],[-104,78],[17,80],[-107,122],[-23,72],[32,84]],[[13645,66383],[8,-257],[-12,-57],[13,-128],[-19,-90],[-41,-68],[2,-74],[20,-80],[-79,-56],[-110,-217]],[[15308,61319],[14,-47],[57,-20],[50,-55],[-26,-36],[-66,-7],[-65,21],[-135,-46],[-61,-47],[-57,-97],[-57,-28],[-29,-79]],[[14933,60878],[-193,85],[-39,-87],[-116,-26],[-46,59],[-26,-17],[-83,32],[-1,36]],[[15070,66050],[-22,-42],[95,-8],[27,-79],[87,-26],[57,-47],[31,-2],[74,-94],[-35,-27],[-13,-67],[30,-39],[-38,-89],[78,-46],[9,-46]],[[16527,61015],[-70,-70],[-55,-29],[-71,3],[-74,-137],[-57,-42],[-80,-28],[-119,-16],[-103,-50],[-45,-49],[-18,-99],[-56,-24],[1,53],[-49,17],[13,51],[-126,-35],[-79,11],[-101,38],[-48,-23]],[[15390,60586],[-57,27],[-20,55],[-68,6],[-75,55],[-64,12],[-4,61],[-85,-18],[-39,22],[-45,72]],[[18525,62725],[-64,-12],[-32,27],[-39,143],[-69,1],[-66,59],[-45,96],[-30,101],[-86,-39],[-31,101],[-46,-4],[-88,78],[-11,44],[-86,30],[-2,44],[-33,43],[-54,-69],[-90,40],[-5,60],[-56,73],[-113,-9],[7,-80],[-94,-18],[-49,-44],[-44,3],[-38,55],[50,27],[30,56],[-16,74],[60,15],[56,52],[-33,49],[2,173],[-53,31],[-71,15],[-29,62],[-78,31],[-3,91],[-48,102],[-89,56],[-106,30],[-5,104],[-40,56],[-88,-14],[-27,-40],[-121,42],[-126,-15],[-65,24],[29,67],[-190,112],[2,33],[-38,76],[-50,25],[-46,76],[32,66],[6,78],[-84,31],[-72,-32],[-61,-7]],[[9904,32166],[24,31],[43,5],[25,35],[15,76],[5,106],[47,48]],[[10063,32467],[91,8],[20,-85],[32,-22],[-73,-136],[-57,-18],[-134,-21],[-38,-27]],[[6092,33115],[-31,-16],[0,-49],[-86,-16],[-55,19],[-64,-29],[-59,19]],[[5797,33043],[16,53],[89,34],[183,0],[7,-15]],[[7538,33736],[-26,66],[-56,9],[-24,97],[-9,83],[-77,89],[-66,30],[-18,30],[-69,11],[16,48],[-19,60],[22,24],[-9,51],[24,45],[1,51],[77,-3],[34,53],[75,27],[20,153],[-30,2],[-6,115],[-40,17],[-139,-5],[-13,36],[-53,2],[-46,54],[46,141],[81,24],[40,70],[-8,78],[48,37],[100,-4],[-8,35],[-61,35],[4,95]],[[7349,35392],[54,-13],[51,25],[-17,61],[-43,35],[51,77],[-79,14],[6,74],[139,89],[-6,38],[45,10],[-7,52],[20,35],[-32,82],[52,23],[25,67],[49,71],[30,17],[96,-12],[26,25],[133,-31],[14,32],[-34,71],[34,67],[40,14],[33,86],[162,-48],[85,0],[24,45],[59,-54]],[[8359,36344],[38,-95],[103,-8],[112,-152],[-27,-83],[120,-31]],[[8705,35975],[60,-126],[21,-92],[8,-142],[31,-174],[-15,-25],[32,-102],[31,-39],[9,-73],[-66,-97],[-40,-184],[-39,-107],[-48,-73],[-83,-80],[-78,-108],[1,-57],[-29,-119],[-8,-166],[-63,-27],[-100,-72],[-62,-21],[-24,-41],[-34,14],[-55,-35],[-143,-34],[-42,-46],[-162,-68],[-18,-31],[-77,-62],[-102,-7],[-72,-45]],[[8359,36344],[72,3],[60,18],[84,89],[-113,48],[39,31],[4,43],[-51,40],[-39,5],[-68,75],[-79,-20],[-30,22],[-147,16],[-27,52],[-37,-44],[-107,0],[1,131],[-34,18],[18,106]],[[7905,36977],[4,50],[86,70],[54,-87],[39,-3],[-23,162],[67,37],[7,58],[-106,-22],[29,98],[52,43],[51,-27],[-6,-45],[139,-7],[42,-80],[-1,-66],[74,-17],[76,61],[89,39],[-39,82],[94,65],[-39,66],[-57,42],[-99,42],[-67,-26],[-8,135],[-74,67],[63,34],[21,-41],[51,-2],[36,107],[-51,18],[-62,-39],[-45,37],[-41,-55],[-28,4],[4,197],[-44,66],[11,68],[-9,57],[42,127],[-29,62],[66,101],[-9,152],[-78,24],[-47,-43],[-28,51],[-64,23],[-31,73],[20,167],[38,13],[52,50],[83,20],[19,79],[-55,12],[-66,-21],[-20,51],[-55,-5],[-13,-82],[-55,-14],[13,80],[-16,49],[44,128],[-45,120],[182,23],[27,89],[-9,68],[49,54],[20,51]],[[8230,39667],[71,10],[9,-120],[35,-33],[98,36],[148,-43],[39,-65],[53,42],[75,19],[38,51],[48,-51],[29,-60],[-23,-51],[-56,-53],[6,-56],[-52,-54],[-69,-35],[-21,-75],[-49,-23],[19,-123],[-32,-47],[38,-122],[-47,-10],[-5,-85],[57,3],[16,27],[54,13],[81,-42],[0,-40],[56,-30],[18,-81],[57,34],[5,30],[-36,42],[21,39],[41,13]],[[8952,38727],[45,-48],[108,-46],[134,-18],[36,65],[-24,94],[48,17],[43,78],[57,-8],[31,-68],[67,-12],[61,-29],[-28,-47],[64,-17],[33,57],[115,-11],[92,-51],[46,12],[62,-121],[64,-91],[36,-26]],[[10042,38457],[5,-66],[-49,-31],[-42,-51],[-21,-54],[-68,-9],[-58,22],[-61,-68],[-58,-9],[-59,39],[-38,-34],[-37,10],[-31,-47],[18,-97],[-81,-4],[-46,-42],[-58,-22],[-6,-41],[30,-29],[-23,-136],[56,-92],[-35,-65],[-39,-28],[-18,-46]],[[9323,37557],[-80,-79],[-97,-45],[30,-65],[3,-68],[-38,-54],[-98,-23],[-21,-156],[-55,-49],[24,-21],[91,-29]],[[9082,36968],[13,-44],[-59,-10],[-34,-48],[-17,-72],[9,-54],[35,-27],[-32,-122],[-64,-89],[-32,1],[-28,-95],[-2,-54],[-30,-61],[-97,-46],[-32,-50],[16,-74],[-23,-148]],[[8974,35638],[-36,3],[-25,36],[-51,226],[4,89],[29,62],[59,41],[91,13],[41,-30],[20,-78],[-10,-63],[-36,-57],[-34,-92],[-13,-109],[-39,-41]],[[12848,35992],[-220,-73],[-51,-40],[-160,-84]],[[12417,35795],[-23,46],[-33,7],[-54,78],[-42,-8],[-30,68],[-110,-54],[-62,44],[12,33],[-72,4],[-36,42],[-82,-13],[-24,27],[-64,178],[-101,37],[-132,-71],[-47,12]],[[11517,36225],[25,35],[7,55],[-58,2],[-26,-32],[-55,21],[13,46],[39,12],[23,74],[-28,41],[7,103],[-20,51],[34,56],[82,63],[-3,132],[46,-5]],[[11603,36879],[139,-10],[-25,87],[54,60],[85,-31],[45,-34],[-20,-49],[-78,-4],[-24,-85],[31,-33],[148,12],[-13,53],[10,53],[53,25],[37,97],[-71,8],[-11,56],[19,59],[-27,38],[6,144],[56,74],[111,3]],[[12128,37402],[65,-36],[27,-51],[70,-19],[50,12],[63,81],[56,-9],[74,43],[84,32],[56,-49]],[[7349,35392],[14,64],[-73,32],[-52,71],[-63,28],[-39,49],[-50,-8],[-26,60],[-8,98],[-53,24],[-24,61],[58,10],[44,44],[-41,59],[-56,-11],[-46,23],[-12,57]],[[6922,36053],[145,67],[-11,57],[107,54],[-18,49],[10,88],[-32,49],[-34,12],[19,113],[-104,62],[59,47],[2,38],[-54,34]],[[7011,36723],[13,67],[87,23],[34,22],[73,83],[60,-7],[81,23],[59,-13],[-5,85],[49,45],[47,-41],[82,33],[67,-84],[106,2],[-7,57],[102,18],[-9,-77],[55,18]],[[11517,36225],[-48,-30],[-10,-63],[25,-23],[-28,-80],[-99,19],[-18,-39],[6,-57],[-27,-51],[-67,-7],[-77,40],[-30,-29],[2,-79],[-59,-19],[-56,36]],[[11031,35843],[-35,28],[-35,68],[-37,7],[-51,-40],[8,-56],[46,-71],[-7,-49],[-44,-43],[-39,-9],[-54,23],[-122,110],[-75,-12],[-66,24],[7,74],[54,39],[-197,-38],[-6,38],[45,29],[72,-6],[1,89],[40,18],[-13,42],[-84,-10],[-74,70],[-22,49],[-66,2],[-31,-21],[-61,65],[-14,56],[-37,13],[-2,56],[-31,86],[134,33],[-26,50],[-68,-42],[-40,109],[-35,-36],[-23,-62],[-98,-57],[-83,46]],[[9862,36515],[45,80],[6,66],[-23,8]],[[9890,36669],[35,25],[57,9],[60,49],[54,-3],[54,-29],[58,25],[-11,46],[27,36],[57,-39],[-2,-61],[59,-35],[47,25],[135,130],[-29,122],[52,72],[-13,73],[56,67],[-9,105],[15,26],[92,42],[18,33],[22,100],[130,86],[26,34]],[[10880,37607],[70,55],[13,41],[-33,96],[16,123],[44,28],[85,4],[66,21]],[[11141,37975],[23,-51],[39,-27],[14,119],[76,-58],[11,-57],[-88,-47],[-3,-55],[17,-74],[26,1],[24,-60],[-57,-44],[-38,13],[-14,-51],[45,-5],[-28,-164],[102,-13],[-29,-104],[36,-28],[16,-84],[-19,-71],[52,-38],[-14,-30],[45,-47],[11,-48],[42,-28],[139,-10],[34,-35]],[[10972,38616],[-58,26],[-45,82],[-26,10],[-15,82],[-69,-6],[-33,40],[-3,72],[-43,38],[-39,-46],[-109,-59],[-42,12],[-30,41],[-43,-54]],[[10417,38854],[-89,15],[24,81],[-5,32],[31,103],[38,46]],[[10416,39131],[68,-19],[28,-36],[68,48],[-25,31],[14,62],[37,22],[-10,60],[-26,42],[99,28],[13,31],[-44,63],[17,53],[-16,53],[39,41],[37,-9],[37,95],[-24,53],[42,34],[60,82],[4,63],[-40,24],[-26,44],[-40,15],[-4,61],[-67,110],[24,114],[46,38],[50,84],[44,3],[48,75],[14,55],[-32,45],[61,15],[1,-39],[51,-88],[44,33],[-23,42],[50,32],[23,-35],[95,69],[55,-8]],[[11208,40617],[-57,-121],[26,-53],[-4,-42]],[[11173,40401],[-20,-54],[32,-59],[52,41],[44,-12],[25,-42],[41,-21],[61,-103],[67,-29],[-20,-150],[55,-55],[57,49],[38,53],[105,-5],[90,-68],[-24,-36],[0,-77],[-25,-30],[-3,-74],[44,-36],[-29,-46],[-24,-105]],[[11739,39542],[10,-65],[-41,-79],[-39,-19],[-64,-83],[-25,-70],[-63,-76],[-108,-34],[-38,32],[-137,-78],[-41,-34],[17,-40],[-86,-47],[14,-43],[57,-23],[-6,-81],[-71,-23],[5,-71],[-30,-39],[-71,-2],[-50,-51]],[[10416,39131],[-32,45],[-47,-84],[-42,-42],[-51,-3],[-30,52],[-21,74],[3,56],[-110,-15],[-50,31],[-58,-22],[-28,18],[19,65],[-94,3],[-24,69],[-44,38],[103,33],[36,26],[44,82],[-3,50],[-30,56]],[[9957,39663],[37,-11],[24,102],[-50,49],[1,51],[72,47],[-49,73],[34,86],[-78,166],[-5,53],[29,72],[-40,60],[-4,36],[30,110],[-3,67],[47,36],[-14,52],[70,61],[14,91],[22,17]],[[10094,40881],[75,10],[37,39],[37,112],[30,32],[0,71],[69,89],[52,143],[29,26],[26,104],[-132,54],[-16,113]],[[10301,41674],[56,31],[-59,67],[58,67],[-21,72],[69,74]],[[10404,41985],[19,-41],[63,0],[94,70],[27,-90],[-2,-87],[-46,-61],[57,-18],[35,-43],[90,-42],[46,11],[44,47],[44,-26],[-44,-72],[-52,2],[-5,-61],[-24,-19],[-62,16],[-13,-66],[-49,-41],[-53,-99],[-20,-85],[88,-106],[104,-69],[62,-7],[51,-24],[-49,-97],[15,-42],[81,-69],[64,41],[34,-1],[34,57],[43,26],[17,47],[1,77],[75,-6],[0,-58],[58,-37],[37,-51],[-7,-125],[23,-56],[-3,-121],[-73,-42]],[[10094,40881],[-30,51],[-64,-6],[-63,110],[-93,-32],[-30,38],[-42,8],[-19,-32],[-111,-48],[-31,31],[-39,-62],[36,-34],[12,-88],[-36,3],[-79,-33],[-9,-65],[-47,-40],[-95,19],[-42,-23],[-51,-1]],[[9261,40677],[-14,71],[-96,44],[-38,-20],[-91,-8],[-28,138],[-102,18],[-17,30],[-54,6],[-31,58],[-62,-17],[-31,92],[23,61],[-66,-23],[-20,-39],[-60,28],[-6,53],[-57,6],[-26,-46],[77,-16],[23,-94],[-84,-82],[-59,19],[5,-63],[-60,34],[-51,-3],[-39,49],[-34,-36],[10,-51],[60,-49],[-24,-36],[-90,7],[-22,28],[-45,-9],[-25,36],[-54,3],[-25,-36],[64,-72],[-33,-27],[34,-74],[52,-30],[6,-40],[-107,-17],[-118,-34],[-21,-51],[-62,-6],[-46,19],[-81,-36],[-36,5],[-75,56],[-20,39],[16,106],[-43,20],[-19,73],[-41,11],[-76,-40],[-69,-24],[-30,79],[-107,7],[-107,-8],[9,88],[-63,-6],[-43,-66],[3,-99],[-66,-35],[-21,53],[-66,10],[-19,32],[-68,4],[-37,32]],[[6758,40799],[-64,40],[89,120],[-24,48],[29,78],[28,14],[-14,59],[-124,10],[56,69],[61,-9],[82,38],[-101,56],[-26,64],[3,102],[-17,74],[42,40],[112,26],[30,60],[-27,80],[-104,11],[29,89],[-33,25],[49,132],[-4,43],[-119,1],[-74,-14],[15,79],[54,5],[42,27],[5,69],[-39,20],[-14,39]],[[6700,42294],[52,77],[75,32],[24,-63],[33,-14],[85,39],[63,49],[80,35],[105,12],[31,-20],[69,14],[31,-30],[41,16],[61,-44],[36,-45],[118,49],[64,0],[84,34],[61,-19],[-3,-93],[76,-16],[47,20],[-13,61],[19,54],[118,-24],[-15,-38],[33,-46],[128,62],[1,58],[102,42],[25,24],[70,-21],[16,-52],[-17,-52],[78,-50],[65,5],[23,-44],[52,-15],[66,26],[30,29],[41,-28],[55,3],[87,-32],[55,33]],[[8952,42322],[29,-11],[-25,-59],[-61,-19],[-29,35],[-46,0],[-61,-47],[44,-70],[51,-29],[81,9],[55,24],[61,-123],[75,17],[58,-35],[-25,-77],[43,-54],[18,-73],[49,-4],[49,30],[-21,76],[96,134],[94,-82],[152,-38],[74,8],[1,-97],[28,-66],[56,-71],[179,-8],[30,16],[84,2],[70,-35],[50,-59],[90,58]],[[7011,36723],[-27,-67],[-69,-24],[-3,125],[-37,-2],[-61,-36],[-76,52],[-30,-67],[-34,45],[-97,12],[-12,-63],[-36,-19],[19,-51],[56,4],[82,-28],[31,-70],[-16,-41],[-52,-7],[-84,14],[-34,45],[-48,-29],[-28,-68],[-111,-53],[-23,24],[28,47],[64,33],[5,36],[-39,23],[-58,87],[-18,48],[-52,20],[-43,49],[2,62],[-85,61],[-21,58],[15,58],[44,19],[-61,57],[-63,4]],[[6039,37081],[90,62],[70,-6],[44,-75],[43,3],[10,65],[44,6],[20,102],[68,9],[1,44],[-62,98],[-43,9],[-28,-79],[-60,33],[4,71],[53,50],[-13,55],[35,91],[111,98],[11,47],[-37,29],[-56,103],[-2,104],[-55,62],[71,20],[17,67],[33,13],[56,-83],[94,-22],[64,35],[-21,61],[37,24],[17,79],[32,12],[38,87],[-18,64],[47,29],[-4,63],[-41,11],[5,134],[106,55],[27,51],[-37,56],[-58,-3],[-18,65]],[[6734,38880],[22,28],[56,-32],[39,22],[29,-40],[117,-32],[90,-6],[21,18],[119,29],[129,-68],[67,18],[-8,41],[46,28],[40,-27],[105,-29],[10,63],[-30,20],[-35,-32],[-83,28],[-42,49],[-17,59],[65,146],[-32,47],[24,51],[-59,71],[-71,2],[0,75],[27,87],[-30,57],[-41,25],[-70,1],[10,40]],[[7232,39619],[62,35],[106,13],[56,-18],[143,-19],[51,-29],[81,-13],[23,-30],[-38,-66],[5,-49],[93,-15],[62,45],[30,40],[31,86],[102,54],[67,22],[6,30],[54,28]],[[8166,39733],[28,-49],[36,-17]],[[9323,37557],[54,-59],[-2,-45],[46,-4],[8,-62],[42,-89],[46,-8],[45,30],[73,-29],[39,11],[-10,58],[-41,37],[51,42],[8,53],[35,10],[-12,91],[84,-1],[35,41],[43,-26],[78,12],[28,-43],[47,4],[-4,-70],[42,9],[57,50],[-2,-88],[102,32],[26,73],[79,22],[51,84],[23,107],[54,42],[52,8],[8,-46],[89,21],[70,-10],[66,-96],[91,1],[4,-63],[52,-49]],[[9890,36669],[-43,-12],[-77,59],[-82,-14],[-46,67],[-52,14],[-60,-18],[-136,5],[-90,-65],[-69,12],[-77,105],[-92,30],[50,86],[-34,30]],[[12417,35795],[-59,-33],[-48,-5],[-43,-37],[-82,0],[-67,-34],[48,-40],[22,-84],[-26,-21],[33,-50],[95,-74],[17,-103],[-27,-53],[-88,-28],[-35,16],[-89,-35],[41,-53],[35,-4],[23,-112],[35,-101],[23,-36],[167,59],[107,4]],[[12499,34971],[-23,-144],[-55,-3],[-59,-29],[-72,8],[-94,-64],[-50,-56],[-77,28],[-145,-17],[-33,-21]],[[11891,34673],[-7,71],[-37,107],[-53,18],[-84,-17],[-43,28],[-72,-26],[-51,8],[-127,42],[-61,70]],[[11356,34974],[-22,47],[22,63],[71,97],[8,67],[-26,40],[29,43],[-1,70],[-48,38],[-67,-21],[-52,-1],[-18,41],[13,47],[-32,63],[-37,14],[-20,51],[-62,19],[-10,60],[-48,-19],[-25,150]],[[7538,33736],[-98,-31],[-17,-43],[-190,-55],[-40,12],[-32,-41],[33,-34],[-77,-21],[-46,-69],[-51,-28],[-87,-9],[-51,-21],[-115,-24],[-81,-45],[-161,-62]],[[6525,33265],[33,54],[-37,117],[-42,8],[18,56],[-28,36],[58,29],[33,70],[-57,51],[-119,-66],[-34,31],[15,108],[31,53],[-48,106],[-58,25],[-48,67],[-73,43],[-82,82],[-66,-7],[-176,50],[-42,-36],[-83,41]],[[5720,34183],[-65,102],[2,30],[45,42],[100,2],[41,14],[35,70],[74,31],[-27,71],[-101,-57],[-19,48],[-9,87],[49,48],[47,-24],[73,30],[-5,57],[-35,19],[-12,78],[-42,-3],[-38,-46],[-41,56],[-77,-21],[0,85],[-47,-4],[-12,55],[88,-5],[12,47],[79,-10],[13,18],[-68,156],[-72,78],[-44,21],[-32,54]],[[5632,35312],[17,113],[-13,58],[66,14],[128,-21],[19,69],[54,-3],[34,-40],[45,-2],[78,-31],[86,23],[32,35],[10,75],[-19,38],[10,46],[78,-1],[55,72],[-11,39],[-96,-49],[-53,38],[52,39],[0,52],[122,37],[17,44],[167,86],[-5,62],[106,22],[23,-22],[-14,-65],[27,-37],[62,7],[8,34],[-48,101],[70,59],[47,-38],[-1,-47],[34,-50],[76,1],[27,-17]],[[7377,33487],[-38,-6],[-29,32],[48,62],[58,12],[9,-50],[-48,-50]],[[7281,33382],[-38,42],[59,18],[-21,-60]],[[12128,37402],[12,41],[85,-2],[26,47],[-43,63],[-86,1],[46,107],[-57,67],[70,39],[-1,62],[34,61],[-61,61],[41,105],[0,50],[53,-10],[36,65],[6,83],[49,75],[-38,34],[88,71],[-50,11],[6,87],[-8,65]],[[12336,38585],[1,72],[78,41],[35,36],[91,-73],[40,21],[-45,72],[-22,99],[-49,36],[-11,108],[56,-1],[6,53],[-23,30],[37,56],[-25,34],[32,97]],[[12537,39266],[65,-10],[-6,-29],[40,-59],[125,-2],[16,-40],[48,-30],[7,-90],[-32,-48],[5,-65],[40,-9],[21,-41],[60,-14],[14,47],[39,48],[91,-33],[48,-53],[35,-88],[-12,-56],[59,-37],[27,-40]],[[5632,35312],[-35,-8],[-16,-42],[-81,-8],[-24,-71],[-57,-11],[-25,66],[-89,39],[-12,-33],[-53,-28],[-71,13],[-27,-25],[-47,58],[16,53],[-33,17],[-64,-22],[-32,-40],[-72,2],[-45,24],[-98,-25],[-52,-26],[-2,-93],[-140,-25],[-21,-49],[5,-48],[-76,-48],[-29,94],[51,27],[-15,85],[-37,0],[-35,54],[-51,-10],[-91,-46],[-51,0],[-25,60],[50,24],[-5,34]],[[4243,35304],[-8,46],[-54,57],[-65,-5],[-30,69]],[[4086,35471],[-18,44],[-79,96],[60,19],[68,1],[-18,43],[35,70],[64,41],[26,68],[12,112],[47,-11],[24,-99],[37,-3],[44,34],[1,136],[77,6],[27,83],[28,-13],[46,37],[60,12],[5,73],[96,-6],[90,-41],[81,20],[8,36],[83,5],[57,-15],[-7,-70],[-38,-4],[-3,-46],[78,19],[70,72],[-44,29],[19,111],[58,20],[-47,94],[18,45],[32,13],[-1,99],[-20,68],[-61,-19],[-54,36],[-63,122],[-50,60],[61,-1],[66,44],[-24,45],[-69,15],[-23,24],[63,121],[-69,-5],[18,66],[42,1],[-8,51],[84,-42],[14,49],[97,20],[-23,56],[-87,-34],[-19,40],[23,40],[56,2],[16,-24],[67,23],[-116,81],[32,80]],[[5135,37520],[75,1],[87,-45],[-32,-65],[-2,-91],[33,5],[70,-76],[72,-167],[81,-67],[24,46],[87,52],[-16,72],[14,42],[51,35],[22,39],[57,10],[31,-105],[50,-46],[92,-15],[108,-64]],[[6758,40799],[-56,-83],[-55,-60],[-53,-9],[-60,31],[-161,-55],[-80,-16],[-82,-154],[-16,-135],[7,-79],[25,-27],[-21,-76],[20,-32],[48,-9],[-89,-64],[-16,-25],[76,-109],[25,19],[-10,52],[28,18],[59,-6],[19,72],[-44,40],[23,78],[66,-17],[56,-47],[12,38],[-90,58],[93,15],[52,42],[72,-12],[65,16],[36,-58],[-94,-88],[23,-58],[-28,-34],[123,-20],[104,23],[54,-27],[36,-97],[61,56],[8,-59],[-8,-84],[74,-11],[-15,-56],[-7,-138],[27,-10],[82,68],[33,-19],[3,-51],[49,19]],[[6734,38880],[-194,-53],[-10,63],[-36,36],[-74,-22],[-6,41],[-38,24],[-67,-18],[-135,-72],[-132,4],[-12,-27],[-59,13],[-31,-20],[-99,2],[-4,-43],[-69,-30],[-55,-6],[-40,52],[9,32],[-82,-6],[-48,-46],[-35,7],[-116,-67],[-113,-90],[-16,-35],[-67,-12],[12,-50],[-63,-2],[-37,-38],[-29,-140],[-77,6],[-60,26],[-25,-17],[-72,30]],[[4854,38422],[83,79],[39,95],[10,63],[-106,-33],[-48,-30],[-48,-55],[-20,-64],[5,-80],[-20,-54],[-60,-32],[-50,-3],[-58,43],[-53,-9],[-101,93],[-31,-66],[-38,-19],[-52,6],[-58,-21],[-98,-75],[-148,-28],[-77,16],[-97,-29],[-104,-71],[-91,11],[-136,-62],[-50,-43],[-68,-27],[-36,-90],[-39,-53],[2,-39],[-70,11],[-41,25],[-128,17],[-66,26],[-54,44],[-60,6],[-78,-39],[-57,9],[-97,69],[-66,26],[-65,4],[-79,33],[-91,-15],[-164,30],[-83,58],[-58,26],[-62,53],[-170,109],[-131,65],[-299,192],[-131,64],[-47,46],[-125,96],[-42,16],[-162,176],[16,55],[88,0],[69,73],[-71,-2],[-13,55],[50,21],[-40,71],[-59,-4],[-42,29],[-83,105],[28,56],[-40,18],[-43,66],[-45,142],[-33,59],[-1,121],[42,89],[40,48],[18,63],[-24,61],[45,5],[20,62],[67,-33],[17,47],[79,35],[49,146],[54,3],[59,28],[37,49],[70,-15],[40,10],[-15,48],[48,61],[-57,3],[-81,-41],[-95,-3],[-104,-62],[-87,5],[-45,-56],[-4,-43],[-52,-81],[-40,-24],[-75,-77],[-114,13],[-48,-36],[-34,-86],[-70,-130],[-95,-100],[-36,-20],[-72,-1],[-126,36],[-29,21],[-14,80],[56,55],[117,10],[62,69],[-6,81],[-49,-69],[-81,-11],[-128,131],[50,95],[1,173],[14,54],[100,62],[58,67],[83,-21],[33,28],[8,70],[20,33],[54,31],[51,-52],[72,64],[30,-25],[84,34],[32,-29],[12,-58],[75,-49],[41,-44],[77,3],[3,90],[110,19],[228,0],[12,274],[30,502],[76,34],[45,3],[29,-83],[5,-73],[26,-82],[38,-5],[32,60],[11,60],[41,50],[68,40],[45,-69],[37,-104],[66,-10],[48,38],[130,77],[210,-87],[256,107],[116,-27],[83,3],[88,21],[84,-28],[58,3],[176,54],[296,-288],[634,0],[91,68],[91,220],[63,24],[61,3],[101,40],[67,11],[122,49],[110,18],[29,-9],[83,51],[142,41],[219,76],[44,-24],[-29,-99],[-43,-32],[42,-113],[7,-67],[-27,-64],[158,-66],[156,-22],[194,13],[65,24],[33,31],[55,5],[69,34],[-58,39],[-14,45],[90,60],[65,65],[81,38],[38,-33],[85,1],[35,26],[57,77],[83,28],[7,37],[-50,39],[-144,-6],[-80,32],[18,190],[-32,41],[-11,120],[18,40],[61,62],[108,54],[48,63]],[[6284,42473],[34,-43],[164,-52]],[[6482,42378],[218,-84]],[[5079,38292],[-95,-60],[-34,-60],[20,-45],[-35,-38],[-67,-8],[-71,-30],[-43,-36],[-8,-61],[-35,-21],[23,-70],[-16,-32],[3,-79],[-100,40],[-14,78],[-37,14],[-53,-36]],[[4517,37848],[23,20],[35,87],[52,85],[31,78],[84,132],[60,27],[32,35],[20,66]],[[4854,38378],[119,-64],[50,3],[56,-25]],[[4816,38445],[-12,34],[12,61],[37,47],[62,-10],[-99,-132]],[[508,39658],[-42,22],[-12,50],[38,39],[28,-19],[8,-66],[-20,-26]],[[826,39228],[-39,-3],[-7,46],[55,14],[-9,-57]],[[11459,33306],[9,84],[-20,30],[3,120],[77,45],[27,87],[6,77],[51,14],[51,-33],[-17,-68],[58,29],[47,-22],[40,69],[83,1],[49,14],[78,-8],[80,-41],[17,-68],[84,-13],[119,-48]],[[12301,33575],[52,-51],[23,-60],[0,-89],[30,-19]],[[12406,33356],[-11,-75],[1,-94],[19,-63],[-61,-45],[-70,18],[-54,-87],[-45,19],[-44,-20],[41,-44],[10,-122],[-87,-52],[-22,8],[-103,-89],[-102,26],[-76,-36],[-63,39],[-23,99],[-40,36],[-126,61],[-74,10],[-30,-32],[-29,54],[8,33],[-35,76]],[[11390,33076],[-16,82],[72,10],[-14,88],[27,50]],[[8166,39733],[-28,140],[121,96],[83,-61],[24,-31],[-15,-59],[94,8],[31,72],[85,10],[39,38],[67,26],[28,-31],[47,55],[28,-45],[41,-17],[47,12],[24,43],[9,78],[-20,32],[-50,-24],[14,118],[17,33],[59,33],[-43,98],[40,47],[-35,93],[45,0],[-4,45],[75,26],[101,-17],[31,63],[72,13],[51,-33],[17,83]],[[9957,39663],[-35,0],[-10,86],[-38,-2],[-65,-34],[-93,8],[-1,64],[-55,-13],[-23,45],[-45,-35],[1,-107],[-42,-6],[-36,38],[-16,-147],[-54,-21],[-56,10],[13,-62],[-46,-32],[7,-28],[-50,-47],[46,-52],[-79,-52],[-29,-89],[-51,-11],[-54,18],[-27,-68],[34,-68],[21,-75],[-54,-25],[-60,-72],[2,-49],[89,-25],[-25,-31],[-56,-18],[-46,-47],[-27,50],[-45,-39]],[[11356,34974],[-47,-2],[-61,-35],[-27,14],[-91,-14],[-33,-47],[-52,41],[-70,3],[-41,-30],[-59,1],[-29,21],[-65,-1],[-21,-21],[-63,7],[-52,-33],[-36,54],[-52,-4],[4,65],[-16,55],[-41,26],[-35,-96],[36,-54],[-30,-61],[-50,35],[1,76],[-49,32],[-26,-39],[-90,-21],[25,-64],[-38,-30],[7,-33],[-33,-85],[-119,33],[-61,-75],[-53,-4],[-4,43],[-60,8],[-12,81],[-49,-18],[-62,39],[-42,-83],[-38,23],[-58,-32]],[[9664,34749],[-46,22],[43,114],[3,67],[-54,28],[-55,60],[-13,75],[62,85],[80,26],[66,47],[24,-22],[59,6],[45,59],[-61,55],[-57,-27],[-97,12],[-17,-13],[-129,6],[-86,-57],[-64,-5],[-44,48],[8,85],[53,66],[-1,107],[36,56],[67,46],[73,100],[21,90],[-31,36],[-58,-7],[-1,-60],[-50,-32],[-82,-116],[-22,21],[-31,152],[8,141],[19,189],[77,260],[50,90],[61,57],[111,-1],[110,-72],[121,-28]],[[9833,35264],[-47,-3],[-3,51],[55,-19],[-5,-29]],[[5797,33043],[-65,-5],[-42,-27],[-130,66],[-91,23],[-102,68],[-182,51],[-80,55],[-177,81],[-92,60],[-65,67],[-79,29],[-218,164],[-59,60]],[[4415,33735],[91,49],[50,9],[22,-33],[54,22],[46,45],[40,-37],[50,-5],[31,89],[89,-42],[1,129],[39,13],[-4,69],[55,42],[24,104],[103,-29],[54,57],[-54,64],[-2,55],[57,12],[-12,64],[75,-24],[39,4],[75,-23],[8,-108],[56,-50],[33,44],[51,0],[46,-44],[-12,-43],[5,-95],[32,-15],[42,67],[28,7],[42,-41],[48,41],[3,51]],[[6525,33265],[-18,-31],[-78,-15],[-36,-57],[-126,-3],[-25,-46],[-58,-13],[-92,15]],[[4415,33735],[-145,125],[-61,65],[-73,59],[-97,105],[-156,184]],[[3883,34273],[45,35],[28,88],[-32,31],[-49,4],[4,93],[-47,24],[-31,62],[86,157],[77,17],[25,-18],[44,47],[-18,42],[-91,1],[-41,137],[48,30],[-77,115],[40,21],[14,-53],[58,34],[57,4],[-26,76],[121,46],[69,79],[56,-41]],[[3273,37101],[87,7],[-31,-55],[2,-65],[52,-118],[-42,-26],[38,-82],[12,-77],[29,-49],[44,1],[43,-47],[1,-164],[31,-28],[42,24],[110,-1],[-39,-79],[-39,-24],[-1,-101],[22,-28],[14,-74],[26,-14],[35,-70],[46,4],[14,-47],[-31,-47],[24,-76],[-22,-27],[-16,-98],[-75,-21],[-26,-24],[-100,-9]],[[3523,35686],[-117,-4],[-42,24],[-31,-31],[-25,-60],[-27,5],[-29,55],[-48,-16],[-18,54],[-54,-17],[0,-58],[-40,10],[-5,133],[52,26],[48,-12],[33,84],[100,72],[-6,93],[-59,8],[-11,-45],[-70,-10],[12,-77],[-60,0],[-18,43],[-86,11],[-80,-52],[-18,-75],[-65,21],[-37,-15],[3,-92],[-87,-9],[-60,89],[-33,-19],[-71,-126]],[[2574,35696],[-46,27],[-153,136],[-205,220],[-166,196],[-38,56],[-76,76],[-123,152],[-101,136],[10,23],[-44,126],[39,54],[5,70],[42,88],[73,94],[147,88],[-10,-60],[-62,-61],[61,-85],[80,44],[36,-33],[146,60],[11,-47],[-62,-100],[7,-30],[-40,-77],[26,-47],[68,-64],[82,-21],[91,26],[42,41],[42,9],[41,43],[6,39],[56,-22],[109,-2],[58,37],[93,15],[4,36],[60,50],[8,123],[69,-66],[19,-98],[119,-23],[86,34],[21,71],[70,14],[-2,57]],[[2398,37242],[69,-26],[-7,-46],[-39,-13],[-46,-71],[-41,30],[11,57],[53,69]],[[3127,37188],[47,-64],[-38,-57],[-92,51],[-2,36],[85,34]],[[2221,37234],[59,7],[26,-32],[-32,-41],[-52,36],[-1,30]],[[2555,37301],[-64,5],[29,44],[35,-49]],[[11390,33076],[-35,-17],[-5,-50],[-36,-67],[-79,-30],[27,-62]],[[11262,32850],[-49,-29],[-145,-27],[-83,-42],[-40,-8],[-31,30],[-65,24],[-32,-31],[-98,36],[-174,-14],[-17,72],[18,50],[-58,21],[-25,101],[-50,46],[-88,48],[-22,-52],[-67,32],[-71,3],[-63,-35],[-40,26]],[[10062,33101],[-50,79],[-17,88],[9,26],[-76,203],[-39,33],[-41,79],[-63,197],[1,68]],[[9786,33874],[64,1],[20,-44],[45,-15],[39,26],[25,-46],[54,2],[78,70],[40,8],[34,-36],[93,49],[145,-14],[-10,-97],[64,-29],[62,-81],[29,-10],[19,-72],[70,-38],[-2,-55],[90,6],[38,-37],[28,-57],[111,-28],[17,-73],[97,-1],[5,99],[28,53]],[[11069,33455],[37,-56],[107,-78],[22,9],[128,-37],[96,13]],[[11891,34673],[-64,-28],[-126,-17],[-48,-27],[-93,-3],[-64,-22],[-19,55],[-111,14],[-41,-107],[28,-131],[-12,-36],[-89,27],[-80,-35],[17,-64],[-17,-41],[-69,-11],[-55,-39],[-54,-14],[4,-90],[-26,-58],[-65,-9],[24,-85],[-48,-2],[-60,-39],[-3,-49],[26,-20],[-9,-77],[69,-49],[-61,-88],[91,-22],[22,-58],[51,21],[57,-69],[3,-45]],[[9786,33874],[-9,24],[-74,43],[-59,11],[6,-61],[-26,-9],[-74,66],[8,118],[-14,92],[20,122],[-35,13],[-18,63],[20,143],[96,106],[-30,48],[67,96]],[[4086,35471],[-41,-73],[-45,-8],[-30,23],[-4,88],[-23,29],[6,99],[-45,21],[-96,-34],[-27,-32],[-113,-30],[-34,19],[4,-95],[-60,-6],[-47,18],[-16,64],[13,44],[-5,88]],[[3273,37101],[-8,57],[41,60],[37,1],[32,-96],[42,-3],[71,-84],[93,148],[79,-17],[48,45],[57,97],[37,16],[-1,40],[49,29],[60,-4],[30,26],[59,10],[102,-32],[182,19],[49,69],[1,37],[114,177],[-10,62],[13,62],[67,28]],[[5079,38292],[32,11],[61,-31],[54,-82],[39,-7],[50,-43],[35,-66],[-43,-20],[13,-85],[-72,-53],[19,-89],[44,-53],[-64,-28],[1,-94],[-28,-37],[-60,-15],[-25,-80]],[[3937,37418],[-89,-22],[-23,44],[20,32],[94,42],[44,-28],[-1,-35],[-45,-33]],[[3723,37406],[47,-8],[29,-48],[-62,-33],[-38,41],[24,48]],[[12499,34971],[80,70],[49,-6],[48,23],[142,-6],[45,-11],[58,22],[49,-77],[73,50],[34,-33],[38,3],[42,50],[46,4],[6,-41],[42,-7],[-17,-105],[-47,-39],[-81,-11],[-99,-37],[-80,19],[-54,-32],[-43,22],[-39,-28],[-96,17],[-49,-14],[-15,-77],[-71,-4],[-83,-54],[-33,-4],[-30,-227],[-122,-83],[-72,18],[-57,-5],[9,-60],[-35,-48],[5,-119],[-57,24],[-36,-41],[-82,6],[14,-37],[-25,-31],[-50,29],[-69,4],[-97,-46],[2,48],[-56,4],[37,-82],[63,2],[77,-47],[33,27],[58,-22],[14,-51],[61,-32],[60,0],[10,-53],[38,-47],[80,-67]],[[12217,33729],[47,-27],[59,-8],[-22,-119]],[[3883,34273],[-445,554],[-149,180],[-80,75],[-144,161],[-29,-2],[-124,110],[-126,134],[-82,64],[-82,85],[-48,62]],[[10063,32467],[71,107],[5,116],[21,47],[-5,45],[-73,221],[-20,98]],[[11262,32850],[32,-13],[21,-60],[87,-28],[2,-95],[-21,-69],[8,-45],[-58,-67],[-57,-124],[-54,-36],[37,-42],[18,-70],[6,-85],[24,-80],[-27,-13],[-9,-82],[20,-85],[-117,-27],[-140,30],[-35,-26],[-3,-101],[-54,-34],[-20,-35]],[[10922,31663],[-63,9],[-30,-15]],[[10829,31657],[-44,43],[7,51],[40,15],[22,45],[-101,37],[-85,-2],[22,-52],[-70,-49],[-72,-5],[-30,16],[-4,137],[37,30],[31,-12],[96,122],[71,14],[-4,61],[-77,12],[-56,-32],[14,69],[-17,47],[-51,-61],[-77,-4],[-20,-78],[-120,0],[-34,-48],[-62,51],[-49,-56],[38,-54],[62,-31],[2,-51]],[[10298,31872],[-91,26],[-96,8],[-26,-44],[-47,0],[-36,-58],[-11,-64],[-58,-19],[0,-55],[-117,22],[-20,-15]],[[9796,31673],[37,199],[-12,72],[28,45],[6,71],[40,32],[9,74]],[[10417,38854],[12,-75],[-60,-5],[40,-95],[-49,-39],[-22,-43],[-37,-1],[-3,53],[-68,8],[-67,-134],[-53,-32],[-56,10],[-12,-44]],[[11739,39542],[44,-28],[33,27],[77,9],[28,-88],[36,15],[67,79],[39,-56],[95,28],[86,-121],[27,-65],[33,-37],[-1,-37],[96,10],[19,76],[32,19]],[[12450,39373],[46,-51],[7,-44],[34,-12]],[[12336,38585],[-116,38],[-22,48],[-68,57],[-95,-89],[-96,-25],[-55,60],[-57,34],[-35,-80],[-52,-67],[-45,-79],[-54,-47],[-92,9],[-40,-22],[-44,33],[-62,-13],[-38,32],[-40,1],[32,-77],[-69,-75]],[[11288,38323],[-18,40],[-63,-15],[-61,-55],[-43,0],[-50,37],[-109,-36],[-17,100],[52,18],[-27,58],[-46,41],[7,47],[64,27],[-5,31]],[[4854,38378],[0,44]],[[11141,37975],[77,147],[-40,82],[7,31],[103,88]],[[10829,31657],[6,-58],[-45,-46],[1,-37],[-37,-25],[-40,51],[-57,28],[-42,-15],[-41,35],[-87,8],[2,-68],[-59,39],[-59,79],[-38,-11],[-28,41],[26,64],[-33,130]],[[25570,19570],[-41,-54],[-71,-22],[-42,68],[-72,10],[-77,-34],[-35,-50],[-80,-73],[-114,26],[-49,26],[40,92],[9,98],[-52,13],[-50,-24],[-30,-46],[-56,33],[-54,-28],[-142,4],[-137,18],[-23,-48],[-78,35],[-35,40],[-70,21],[-99,-17],[-12,44],[-51,4],[-15,29],[-53,-6],[-36,44],[-55,25],[-29,-54],[-106,37],[-44,-6],[-78,-43],[-93,8],[-54,26],[-89,-39],[-28,-73]],[[23469,19654],[-40,207],[22,81],[-131,13],[-31,-32],[-66,27],[-27,136],[-42,-83],[-53,-11],[-178,26],[-56,-8],[-59,-46]],[[22808,19964],[-42,-7],[-15,139],[1,152],[15,114],[50,125],[-3,110],[16,189],[-15,161],[5,185],[36,139],[31,256],[14,70],[44,76],[148,136],[42,84],[26,166],[-27,108]],[[23134,22167],[17,59],[-33,74],[5,62],[71,44],[111,44],[59,38],[105,-14],[139,-4],[94,-46],[33,14]],[[23735,22438],[47,-18],[8,-98],[130,92],[122,62],[56,-7],[86,77],[119,83],[75,-22],[74,40],[49,-32],[13,-126],[29,-130],[-35,-83],[15,-94],[0,-73],[-47,28],[-12,-78],[66,3],[30,-118],[-48,-36],[13,-121],[26,-37],[82,-4],[3,-36],[48,-29],[49,23],[89,-51],[-8,-42],[61,-49],[-13,-44],[79,-41],[44,7],[8,37],[-51,47],[16,80],[53,40],[38,66],[107,-24],[59,-27],[25,53],[37,12],[19,42],[-44,68],[2,31],[-72,44],[43,77],[48,14],[16,34],[-119,146],[19,53],[50,6],[67,-29],[34,12],[52,-36],[66,-8],[30,-57],[87,3],[-24,-63],[59,4],[1,-53],[36,-61],[2,-52],[28,-29],[78,32],[29,52],[93,-24],[80,-5],[30,46],[40,-12],[90,17],[73,-91],[22,31],[111,-40],[-50,-60],[29,-156],[31,-64],[84,46],[40,-7],[26,-50],[-51,-23],[-43,-71],[14,-97]],[[26403,21438],[-122,-76],[-120,-100],[-90,-107],[-71,-131],[-46,-137],[1,-67],[-57,-180],[-47,-72],[-100,-128],[-58,-101],[-7,-51],[-38,-85],[-12,-69],[12,-85],[-11,-88],[-23,-38],[-44,-136],[-10,-72],[10,-145]],[[27326,24402],[163,12],[46,-55],[-5,-53],[-43,-66],[-14,-64],[9,-41],[42,-54],[10,-40],[54,-78],[23,-10],[19,-70],[59,-57],[6,-43],[-54,-81],[-3,-49],[-27,-50],[-36,-12],[20,-85],[-21,-10],[60,-77],[-37,-4],[-49,63],[-34,-21],[39,-68],[67,-80],[14,-86],[164,60],[12,60],[42,-34],[49,20],[34,-21],[28,55],[37,7],[-11,55],[-37,35],[79,33],[11,36],[38,23],[44,-10],[6,-58],[-15,-44],[-43,-6],[-34,-53],[47,-84],[120,95],[21,81],[42,52],[62,-26],[-19,-128],[59,-44],[-15,-81],[-12,-136],[68,-11],[1,-84],[78,-98],[64,-45],[37,10],[50,-26],[50,-53],[59,22],[40,-12],[15,-67],[-29,-28]],[[28776,22718],[-122,10],[-193,-26],[-145,-60],[-134,-94],[-95,-152],[-35,-102],[-8,-80],[-26,-78],[-92,-177],[-14,-62],[8,-65],[-144,-135],[-166,-200],[-6,-86],[33,-65],[-20,-41],[-119,-75],[-52,3]],[[27446,21233],[-51,56],[-48,104],[-78,-18],[23,90],[38,68],[33,93],[46,86],[-1,182],[-29,109],[-5,66],[-25,30],[-19,132],[-39,75],[-90,262],[-87,112],[-41,84],[-130,180],[-36,64],[-55,46],[-92,49],[-82,80],[-125,96],[-54,28],[-147,21],[-57,-7],[-30,37],[-88,14],[-149,-16],[-90,9],[-104,67],[-44,17],[-36,50],[25,63],[-2,121],[-41,134],[-39,52],[-71,-31]],[[25626,23838],[-60,30],[-19,62],[-89,25],[38,104],[60,70],[19,68]],[[25575,24197],[82,-5],[8,57],[39,-14],[64,16],[100,135],[26,-6],[3,-58],[48,4],[39,-41],[57,20],[84,-130],[26,-103],[13,-97],[34,-36],[56,-13],[26,-93],[46,34],[11,58],[50,-48],[64,-34],[9,-59],[71,-33],[158,-31],[89,59],[-39,45],[-68,42],[20,43],[2,62],[47,12],[-5,124],[-32,1],[-81,55],[-24,-33],[-63,28],[-31,-64],[-74,56],[-182,61],[28,59],[37,43],[-46,101],[60,50],[13,-56],[42,-69],[55,-18],[15,47],[40,3],[28,43],[5,62],[21,44],[113,53],[24,34],[75,-43],[75,-23],[55,-61],[-38,-29],[25,-41],[75,34],[90,-10],[45,-23],[165,-40],[20,-28],[56,59]],[[30945,24858],[-87,-64],[-130,-112],[-272,-279],[-40,-52],[-39,-104],[-3,-56],[-28,-25],[2,-44],[-48,-15],[-7,-62],[54,-83],[66,-23],[32,-38],[42,17],[48,-10],[-7,-106],[-28,-119],[-1,-45],[-55,-12],[-14,24]],[[30430,23650],[-90,23],[-58,-24],[-14,-41],[68,-132],[72,-182],[43,-12]],[[30451,23282],[-1,-32],[-82,-46],[-157,-60],[-93,-57],[-159,-79],[-311,-180],[-126,-26],[-113,-44],[-100,-61],[-147,-74],[-29,16]],[[29133,22639],[38,41],[-12,149],[-27,104],[14,47],[40,-1],[44,-52],[45,31],[44,71],[56,57],[73,50],[23,56],[5,140],[-49,121],[-95,112],[-22,63],[-6,78],[-53,41],[-28,73],[12,125],[-36,74],[81,13],[-15,86],[15,78],[-27,155],[22,36],[-70,148],[-20,14],[-42,93],[-47,33],[-25,88],[-3,86],[-57,26],[19,149],[-89,87],[-23,102],[13,56],[-57,10],[-42,54],[-73,25],[-56,85]],[[28703,25443],[7,116],[48,72],[-45,48],[19,47],[48,49],[42,85],[38,51],[2,56],[21,45],[59,31],[30,45],[111,10],[50,41],[13,36],[55,47],[50,-2],[89,61],[-27,63],[-50,53]],[[29263,26397],[52,39],[40,62],[98,35],[190,78],[82,52]],[[29725,26663],[44,-65],[25,-71],[38,-46],[-60,-121],[38,-71],[-94,-32],[-22,-53],[-82,-27],[-80,-68],[-52,-61],[32,-30],[154,-1],[28,48],[39,15],[64,-41],[51,-81],[-3,-92],[-45,-81],[24,-28],[82,16],[54,35],[81,4],[74,-93],[50,-3],[68,57],[57,-30],[52,-6],[102,-80],[47,3],[21,-26],[-7,-70],[-25,-51],[41,-52],[104,34],[-23,-71],[49,-42],[70,11],[25,22],[2,61],[124,-8],[99,26],[1,-28],[94,-108],[-31,-56],[-47,-40],[-31,-73],[21,-53],[-7,-60],[-41,-22],[-7,-125],[22,-71]],[[30448,23324],[-33,-6],[-34,79],[26,34],[-67,156],[91,-35]],[[30431,23552],[50,61],[55,18],[20,-42],[-87,-128],[-21,-137]],[[29725,26663],[62,43],[-1,50],[50,31],[76,-30],[26,48],[44,-30],[79,-10],[7,-31],[68,15],[29,-74],[42,-4],[97,-68],[55,16],[7,57],[-27,57],[58,58],[42,-47],[68,19],[15,83],[-24,27],[3,114],[52,-40],[16,34],[-35,53],[-83,30],[-9,49],[57,48],[9,119],[65,11],[56,84],[-19,29],[-84,8],[32,51],[35,23],[17,45],[-50,89],[35,29],[43,70],[68,79]],[[30706,27798],[97,122],[16,-51],[90,-26],[13,-144],[53,-13],[-38,-69],[-2,-45],[45,-2],[96,-53],[-24,-110],[-8,-91],[7,-57],[44,-18],[48,-49],[71,147],[72,13],[9,29],[69,12],[70,42],[37,54],[-13,40],[20,46],[-24,69],[49,47],[42,-14],[156,-97],[-13,-32],[38,-54],[65,-11],[94,9],[33,47],[43,8],[54,-20],[42,18],[20,37]],[[32077,27582],[8,-121],[29,-55],[24,75],[114,-42],[38,-76],[87,57],[22,-84],[97,-54],[12,-118],[-53,-1],[-6,-55],[-52,22],[-9,-49],[-38,12],[-38,80],[-75,70],[-57,-96],[-41,-28],[23,-54],[-13,-64],[57,23],[40,-28],[-110,-50],[-22,-92],[-71,-18],[-93,-128],[-32,-77],[20,-75],[93,-33],[42,-33],[71,-21],[40,-72],[6,-61],[27,-14],[12,-61],[120,2],[16,61],[50,-4],[20,79],[-14,102],[166,90],[26,42],[-18,49],[49,53],[47,29],[83,-11],[25,-31],[-4,-46],[20,-76],[-37,-44],[-44,-111],[58,1],[49,45],[53,-22],[32,12],[44,-31]],[[32970,26450],[-69,-59],[-26,-62],[-47,-33],[-29,-44],[16,-43],[-68,-109],[-65,-48],[-19,-74],[-78,-48],[-58,-105],[-110,-88],[14,-26],[-54,-51],[-84,-41],[-24,-30],[-130,-43],[-172,-83],[-31,-22],[-36,-61],[-360,-175],[-255,-131],[-138,-82],[-202,-134]],[[25570,19570],[34,-214],[37,-120],[5,-115],[17,-99],[28,-88],[70,-95],[49,-198],[56,-70],[11,-52],[-33,-178],[-17,-290],[-7,-65],[-50,-140],[-31,-175],[-8,-107],[18,-197],[24,-112],[72,-180],[44,-124],[44,-94],[49,-133],[21,-90],[-34,-150],[-8,-145],[24,-106],[50,-114]],[[26035,16119],[-56,-223],[-36,36],[-104,10],[-65,38],[-72,11],[-20,-43],[-51,3],[10,132],[-93,-25]],[[25548,16058],[10,92],[-48,5],[1,44],[-40,56],[-9,56],[-62,7],[-26,48],[29,51],[-54,46],[-136,-14],[-32,14],[-40,141],[44,21],[16,89],[-36,-4],[-97,-73],[-14,36],[-108,28],[-16,60],[-53,80],[3,81],[-107,51],[-22,-79],[9,-30],[-12,-100],[-76,20],[-27,99],[-56,11],[-16,69],[-75,-16],[-157,-5],[-15,-32],[-71,3],[32,55],[7,57],[-9,92],[-46,83],[5,36]],[[24244,17236],[30,107],[4,68],[-26,49],[-33,209],[9,76],[-22,40],[-10,73],[-56,108],[-50,31],[-13,55],[-60,104],[-13,45],[50,23],[-3,32],[-43,31],[-78,17],[-35,103],[-54,74],[-28,67],[-46,0],[-69,63],[-30,149],[22,24],[-5,63],[-35,109],[-37,66],[-5,75],[-40,109],[-62,63],[-47,186],[10,199]],[[25548,16058],[-47,21],[-39,-14],[101,-99],[-65,7],[-23,-65],[-72,-21],[3,-79],[-66,-32],[6,-46],[39,-26],[-60,-90],[-32,18],[-43,-46],[-22,13],[-63,-62],[-110,1],[-44,-52],[-56,49],[-17,-54],[-52,-34],[133,-89],[-84,-79],[-26,48],[-36,-2],[-96,51],[28,49],[-34,60],[-78,-20],[-25,-35],[-42,21],[-34,-49],[-43,5],[-51,68],[-13,78],[-123,24],[-98,9],[-127,-53],[67,-41],[35,3],[-31,-116],[29,-126],[-78,0],[-79,-51],[5,-89],[-111,-25],[-53,14]],[[23921,15102],[-6,40],[-97,-8],[-26,-89],[-45,-17],[-51,-87],[10,-68]],[[23706,14873],[-46,-41],[-105,40],[-76,-24],[-34,57],[-114,46],[-45,44],[-73,-31],[-67,10],[-70,-113],[-4,117],[-104,0],[-67,14],[-51,-53],[-68,-18],[-94,25],[-18,-123],[-92,32],[-67,-104],[58,-130],[-46,0],[-73,-191],[13,-65],[-32,-85]],[[22431,14280],[-1,-5],[-1,-5],[-51,-45],[-27,-55],[15,-75],[-60,-41],[-19,56],[-44,11],[-20,-41],[16,-50],[-42,-25],[-35,7],[4,-106],[-134,-9]],[[22032,13897],[-63,-4],[-128,90],[-40,7],[-56,92],[-80,-7],[1,-36],[-60,4],[-12,46],[55,19],[19,40],[-18,77]],[[21650,14225],[19,22],[26,119],[-1,84],[46,21],[88,-22],[2,44],[26,64],[23,-8],[40,92],[71,-78],[21,25],[63,-39],[40,27],[-75,76],[56,42],[-10,43],[76,-12],[-17,148],[37,37],[80,27],[-13,40],[33,35],[-11,83],[58,26],[7,50],[65,11],[-12,50],[11,63],[-25,19],[6,50],[38,68],[-22,23],[-83,10],[-17,-48],[-43,51],[-67,39],[-8,38],[-65,-28],[-15,45],[-82,-32],[13,68],[-91,54],[35,84],[-19,145],[10,102],[65,168],[-38,36],[-79,-9],[-67,13],[-135,-22],[-48,31],[-41,-13],[-42,-60]],[[21579,16127],[-21,53],[31,38],[0,50],[-72,17],[-10,60],[-105,-4],[-59,8],[-30,33],[-4,56],[45,-18],[44,9],[8,61],[-53,55],[72,103]],[[21425,16648],[37,-9],[97,13],[87,-17],[70,41],[-36,126],[43,19],[25,78],[36,0],[42,56],[42,10],[84,83],[34,-33],[87,88],[93,36]],[[22166,17139],[5,-96],[39,-31],[36,48],[81,73],[81,-17],[-25,-49],[57,-10],[-22,-113],[43,1],[102,-28],[-24,-27],[1,-47],[116,10],[54,33],[47,-43],[45,-92],[37,3],[1,86],[33,29],[129,19],[50,24],[116,-2],[31,-28],[73,12],[14,45],[76,-29],[9,-22],[108,-22],[43,-70],[46,0],[61,28],[145,-119],[-56,-39],[76,-87],[146,2],[35,-80],[167,84],[65,5],[17,51],[-34,66],[35,82],[-30,41],[-10,81],[42,124],[-95,11],[54,97],[-51,25],[-1,104],[110,-36]],[[33371,26826],[-65,66],[-55,39],[-33,97],[16,13],[-6,83],[71,-12],[52,56],[-8,82],[86,47],[-112,79],[-89,25],[-43,60],[35,43],[-23,80],[-57,23],[8,96],[41,43],[-61,51],[3,30],[99,35],[-6,100],[-97,12],[-43,-43],[-47,24],[3,81],[44,63],[8,120],[-42,69],[38,60],[62,35],[28,35],[119,49],[68,69],[28,-1],[136,-69],[22,80],[26,37],[115,20],[-4,61],[-52,52],[-42,70]],[[33594,28786],[14,41],[-34,61],[-24,-1],[-20,94],[102,56]],[[33632,29037],[60,-140],[-6,-35],[46,-58],[16,-49],[-12,-37],[15,-50],[45,-30],[12,-48],[81,-5],[69,-47],[52,18],[94,0],[87,-48],[38,-76],[56,-15],[82,18],[4,29],[60,24],[44,-14],[79,43],[63,-33],[82,41],[35,-21],[69,24],[25,48],[-21,122],[61,-30],[51,76],[51,18],[42,54],[-30,57]],[[34982,28873],[31,150],[90,-47],[13,63],[69,70],[94,24],[53,34],[0,-102],[40,2],[34,83],[90,-6],[11,44],[-32,32],[-54,-19],[-36,48],[14,49],[111,11],[9,82],[89,-31],[-19,-82],[136,-88]],[[35725,29190],[-199,-295],[-138,-141],[-57,-83],[-55,-103],[-14,-62],[-131,-124],[-75,-99],[-33,-86],[-108,-107],[-66,-81],[-11,-61],[-205,-184],[-155,-158],[-76,-86],[-45,-79],[-11,-70],[-122,-90],[-96,-48],[-184,-104],[-138,-55],[-34,-32],[-118,-49],[-168,-88],[-115,-79]],[[22808,19964],[-20,-190],[20,-96],[-14,-63],[-93,-40],[-2,-132],[-58,-6],[-14,-62],[-106,-32],[-13,44],[-57,16],[-70,-47],[-42,10],[3,56],[-39,-2],[-72,-89],[-13,47],[42,72],[24,75],[6,76],[-14,80],[-51,4],[-20,-23],[13,-49],[-141,-8],[-27,-94],[-9,-72],[-42,8],[-84,52],[-12,26],[23,65],[37,1],[39,62],[-82,24],[-131,20],[-25,-26],[6,-69],[-44,-21],[-40,-56],[-16,-93],[-31,-30],[-81,26],[-50,-5],[-46,-28]],[[21462,19395],[-41,49],[-47,8],[-27,28],[-98,45],[-56,59],[-4,58],[-51,3],[2,58],[44,3],[22,89],[-59,50],[-46,5],[-16,-32],[-48,84],[-56,26],[-70,11],[-26,-97],[-73,-9],[-51,24],[-54,-87],[-41,44],[-51,13],[-38,50],[-3,48],[-150,148],[-47,-25],[-10,-35],[-41,-6],[-9,-52],[-66,15],[-119,82],[-47,-5],[-45,-30],[-67,29],[-94,6],[-49,-15],[-44,12],[-30,-108],[-67,-1],[-59,-107],[-47,-1],[-14,27],[-79,8],[-67,33],[-33,-38],[-53,-13]],[[19337,19849],[25,87],[-13,60],[-37,58],[-44,7],[42,72],[16,81],[-70,9],[-12,89],[-88,-19],[-13,44],[-54,49],[12,59],[-33,42],[-2,80],[-46,31],[-22,45],[-45,35],[-7,57],[52,-15],[66,0],[5,60],[-12,121],[8,125],[90,28],[27,28],[75,-65],[19,80],[-52,47],[-54,28],[18,43],[-17,29],[-63,9],[-1,62],[34,64],[3,106],[-86,15]],[[19058,21500],[19,56],[94,134],[144,73],[81,23],[147,15],[72,-22],[154,-8],[49,-25],[111,21],[85,-34],[91,-15]],[[20105,21718],[171,-33],[39,11],[72,-67],[94,-22],[71,30],[179,-50],[56,20],[66,5],[24,39],[45,9],[88,-46],[96,-5],[62,-36],[33,86],[49,7],[52,-127],[81,-39],[55,16],[-2,34],[84,0],[69,150]],[[21589,21700],[67,26],[32,32],[34,161]],[[21722,21919],[-15,49],[36,22],[103,-13],[53,56],[63,16],[77,50],[98,1],[96,-19],[111,-40],[44,14],[78,82],[71,-12],[108,-121],[113,-45],[78,6],[71,54],[62,97],[-10,152],[53,17],[21,-35],[14,-80],[61,-29],[26,26]],[[23735,22438],[71,64],[10,119],[-4,87],[-35,61]],[[23777,22769],[16,178],[37,49],[-26,79],[13,64],[66,64],[11,36],[145,41],[201,9],[52,63],[100,51],[86,3],[80,28],[56,47],[104,-3],[65,63]],[[24783,23541],[92,10],[63,65],[53,22],[76,-92],[111,19],[25,-23],[38,-92],[71,-45],[41,5],[65,64],[40,78],[54,45],[67,79],[8,62],[39,100]],[[27446,21233],[-93,-22],[-115,-1],[-26,24],[-9,101],[-35,113],[-55,119],[-42,23],[-91,18],[-128,-7],[-113,-23],[-88,-29],[-187,-78],[-61,-33]],[[32077,27582],[-50,60],[-11,39],[-45,30],[76,71],[79,130],[-37,23],[-43,-18],[-41,31],[-45,215],[85,36],[58,121],[22,17],[97,142],[38,-32],[47,15],[63,-64],[44,17],[-6,49],[100,-21],[29,77],[173,42],[84,62],[-2,45],[-111,176],[35,7],[-4,56],[-73,9],[-29,22],[-12,57],[46,-6],[24,49]],[[32668,29039],[47,-34],[100,4],[13,-43],[60,-72],[42,28],[-29,95],[56,2],[6,59],[-26,26],[-13,79],[45,-8],[65,-43],[7,-55],[45,9],[49,54],[46,-4],[7,61],[48,41],[-22,65],[54,51],[55,-68],[26,-90],[59,-74],[45,-105],[1,-33],[45,-23],[42,-136],[53,-39]],[[33371,26826],[-217,-163],[-27,-62],[-64,-90],[-93,-61]],[[21425,16648],[-23,63],[21,43],[-24,75],[-68,3],[-8,41],[-65,35],[-7,-81],[-113,21],[-42,-98],[-38,21],[-14,99],[17,32],[61,21],[-10,73],[11,55],[-37,6],[-23,-52],[-84,-73],[-47,33],[-6,47],[-170,-21],[6,-66],[21,-12],[15,-68],[-54,-47],[-62,-22],[-10,-55],[-88,-16],[-34,-27],[2,-104],[-39,36],[-58,-22],[3,59],[-45,-4],[-75,-36],[3,-76],[-44,36],[-30,-31],[-72,-24],[-19,55],[-43,0],[18,-87],[-104,-9],[-7,-61],[-57,-4]],[[19983,16406],[-11,47],[26,40],[12,73],[-26,100],[-91,32],[38,72],[-115,3],[-45,31],[-69,-44],[-28,75],[-69,-35],[-53,-8],[-23,130],[-31,3],[-71,-93],[-38,12],[15,94],[-57,-3],[20,-80],[-55,-17],[-31,-38],[45,-19],[35,-46],[-17,-35],[37,-68],[-10,-41],[-93,-9],[-61,24],[-76,-53],[-54,72],[-33,2],[-18,-88],[-41,23],[-25,102],[6,44],[-32,14],[80,94],[24,103],[52,10],[-12,66],[-101,74],[11,58],[-41,36],[-58,24],[-38,38],[15,59],[73,11],[-8,65],[-47,13]],[[18894,17373],[-7,63],[-45,40],[-21,-16],[-62,21],[16,66],[56,-3],[89,42],[133,-6]],[[19053,17580],[-21,-191],[30,-20],[-1,-72],[98,-14],[47,-21],[66,9],[28,-104],[44,-17],[36,42],[50,-13],[104,8],[62,51],[16,-49],[54,47],[21,-5],[43,-87],[44,-13],[-21,-75],[40,-20],[-43,-71],[13,-37],[91,3],[14,-41],[47,34],[-24,98],[45,17],[4,60],[-22,19],[-73,-7],[-29,18],[22,61],[-123,37],[25,73],[26,-1],[48,44],[50,75],[-12,35],[-81,-31],[-10,45],[62,12],[28,85],[159,-2],[80,-32],[22,50],[-44,132],[20,78],[-43,57],[-54,-30],[-24,13],[-2,76],[-36,26],[-67,20],[-35,-29],[-8,-52],[32,-80],[24,-2],[31,-135],[-68,-27],[-15,58],[-46,32],[8,93],[-172,16],[3,130],[-77,-40],[-106,0],[-95,55],[-44,-17],[-13,-69],[-30,-33],[8,-73],[-12,-83],[-32,-29],[-43,0],[-56,71],[-98,-19]],[[19018,17719],[-46,16],[-67,-10],[-30,14],[-28,76],[52,34],[-13,45],[-95,32],[-44,76],[10,92],[64,55],[62,-33],[5,108],[32,1],[31,78],[-144,13],[-57,-32],[-35,10],[-43,81],[-96,44],[-47,122],[-37,40],[22,184],[58,144],[-38,105],[115,14],[14,107],[25,76],[-13,66],[31,2],[9,173],[-50,-7],[-168,20],[-14,31]],[[18483,19496],[59,80],[-26,115],[53,60],[137,-80],[35,-66],[80,5],[80,-15],[35,-27],[73,39],[97,-1],[-10,-56],[82,-12],[7,52],[59,15],[34,94],[5,60],[43,33],[11,57]],[[21462,19395],[-55,-43],[-41,-129],[37,-40],[-12,-71],[-53,1],[-66,-117],[61,-84],[-22,-49],[63,-10],[30,-52],[58,-24],[-15,-91],[-21,-50],[-65,1],[-41,-110],[-50,-36],[-17,-59],[-129,4],[-6,47],[-45,44],[-35,-29],[69,-74],[-5,-25],[42,-56],[333,-302],[162,-85],[162,-73],[64,12],[46,-9],[10,-48],[147,-20],[-34,-170],[51,-22],[-18,-76],[16,-45],[44,-27],[26,-54],[-39,-75],[12,-33],[-21,-106],[72,-31],[-11,-40]],[[27326,24402],[12,106],[-20,37],[33,83],[84,-9],[12,65],[-21,74]],[[27426,24758],[55,9],[54,-40],[63,-21],[89,18],[38,42],[39,-1],[89,47],[128,21],[38,52],[-20,28],[2,92],[39,52],[61,-13],[105,-4],[47,41],[48,89],[41,41],[42,-56],[76,-32],[65,16],[39,31],[129,175],[10,98]],[[29133,22639],[-60,37],[-297,42]],[[40100,40446],[-65,103],[-96,19],[-39,92],[-105,40],[-124,83],[-45,57],[-80,16],[-39,-16],[-59,35],[-30,-8],[-55,28]],[[39363,40895],[50,74],[106,180],[84,126]],[[39603,41275],[243,-5],[6,-32],[216,-75],[-23,-76],[-39,-41],[26,-34],[43,0],[21,40],[54,-26],[22,-50],[105,44],[133,-72],[64,43],[-2,88],[15,23]],[[40487,41102],[6,38],[85,7],[8,40],[58,-29],[23,-36],[91,-55],[24,-70],[54,-53],[62,-26],[146,-13]],[[41044,40905],[30,-66],[46,-29],[-18,-35],[69,-33],[-14,-52],[16,-103],[-60,-37],[-12,70],[-32,-9],[4,-104],[19,-41],[-27,-31],[-49,3],[6,72],[-67,-41],[-9,39],[-111,26],[-11,-40],[77,-74],[-27,-50],[-64,-9],[-85,25]],[[40725,40386],[-59,26],[-48,48],[-70,37],[-84,29],[-43,-52],[-38,53],[-63,34],[-42,-42],[-67,-96],[-51,-25],[-60,48]],[[38895,38464],[-4,-55],[-87,-9],[-16,-110],[8,-56],[56,-20],[-43,-68],[-7,-100],[-45,33],[-61,-46],[58,-61],[-7,-57],[-26,-38],[12,-169],[-17,-95],[-81,-73],[-36,-52],[-53,-37],[-22,-39]],[[38524,37412],[-51,36],[-43,-47],[21,-22],[-69,-60],[-58,-22],[-18,-50]],[[38306,37247],[-83,42],[-62,63],[18,42],[-66,61],[51,24],[21,55],[-57,37],[-45,102],[12,60],[-18,30],[-69,46],[-113,-49],[-51,5],[-54,-37],[-49,25],[-45,79],[21,38],[39,-6],[-31,108],[11,46],[-77,53],[-37,46],[-58,-4],[-27,-53],[-87,16],[-112,-56]],[[37338,38020],[-5,48],[57,88],[84,0],[24,46],[-21,50]],[[37477,38252],[55,69],[32,-45],[64,11],[13,39],[54,-7],[47,22],[126,-25],[25,-28],[116,-42],[24,-33],[65,53],[11,48],[-46,28],[-12,100],[-46,23],[-41,134],[40,90],[100,129],[48,21]],[[38152,38839],[56,-53],[62,0],[82,39],[118,-5],[25,-35],[-9,-41],[102,-49],[52,6],[48,-31],[-8,-41],[55,-57],[40,-64],[48,8],[12,-50],[60,-2]],[[34706,37935],[71,-24],[26,-39],[74,17],[36,45],[55,-22],[63,37],[30,36],[84,-44],[59,-78],[48,48],[31,-38],[-7,-42],[73,-39],[30,42],[125,-3],[67,31],[14,49],[64,92],[71,-26],[27,-66],[36,-20],[-12,-77],[55,-30],[2,73],[74,-44],[17,25],[-29,48],[35,28],[49,-52],[78,61],[29,54],[53,-36],[45,24]],[[36179,37965],[58,-2],[56,-73],[36,-3],[23,-41],[-33,-129],[39,-41],[-20,-69],[11,-62],[33,-15],[15,-73]],[[36397,37457],[-28,-78],[31,-48],[-27,-86]],[[36373,37245],[-147,-48],[-90,-44],[-11,27],[-64,-39],[-21,-35],[-59,-5],[-5,59],[-91,-36],[-49,10],[-25,29],[-105,-5],[-19,-64],[-177,-2],[-63,35],[-191,-28],[-81,-2],[-67,-34],[6,-43],[-64,-11],[-45,-34],[-2,-30],[-68,-19],[-48,12],[-103,-24],[-75,-4],[-50,25],[-42,61],[-113,-5],[-89,69],[-36,47],[3,110],[-67,16],[-74,48],[-31,37],[-118,26]],[[34092,37344],[5,115],[35,42],[58,16],[70,100],[149,-5],[102,70],[38,2],[37,57],[-14,110],[74,70],[60,14]],[[34089,39973],[94,86],[5,51],[-30,35],[-110,68],[76,152]],[[34124,40365],[31,-10],[30,43],[-7,45],[28,60],[52,20],[56,77],[42,11],[17,46],[-9,59],[99,-32],[65,-81],[72,-10],[26,-36],[52,-2],[60,-37],[34,31],[37,77],[13,97],[50,-25],[77,-15],[90,62],[58,-43],[-11,-60],[32,-49],[85,16],[13,73],[77,-13],[4,77],[33,19],[-1,44]],[[35329,40809],[103,-11],[32,57],[70,13],[129,-26],[45,-33],[-2,-45],[100,7],[53,-29],[34,17],[82,-30],[11,-22],[73,18],[26,-37],[-18,-54],[29,-15],[20,-74],[-33,-19],[29,-57],[-6,-94],[-59,4],[-31,-69],[53,-17],[23,-93],[55,-36]],[[36147,40164],[-62,-54],[-26,-51],[-1,-54],[42,-24],[7,-68],[-26,-85],[3,-51],[-30,-10],[-74,27]],[[35980,39794],[-70,-57],[-69,25],[2,50],[-48,2],[-41,-28],[-50,121],[-28,11],[-21,68],[-39,-6],[-165,120],[-46,18],[-58,-51],[-28,-52],[-159,87],[-40,-8],[-53,-59],[-143,-51],[-6,-81],[-61,10]],[[34857,39913],[-51,-20],[0,-33],[-47,-16],[20,-120],[-4,-79],[-20,-27],[-58,23],[-28,-62],[-55,-36],[2,-105],[17,-68],[-37,-71],[-90,-30],[-16,-27],[-114,32],[-48,29],[-47,-50],[-43,4]],[[34238,39257],[-44,52],[-14,52],[-48,4],[-31,-54],[-51,16],[-34,35],[27,124],[-21,49],[32,67],[59,77],[28,136],[-6,75],[-46,83]],[[37338,38020],[-27,-19],[-100,3],[-55,80],[-91,14],[-37,49],[-66,54],[-70,-5],[-89,-55],[-41,-59],[-45,7],[-60,-55],[-69,48],[-43,-67],[-17,-67],[4,-95],[-43,-70],[-15,-120],[-41,-17],[-42,-86],[43,-44],[-37,-59]],[[36179,37965],[-45,122],[5,261],[-29,43],[-1,98]],[[36109,38489],[89,40],[29,55],[0,62],[87,33],[24,56],[15,116],[-28,42],[48,76],[88,74],[73,9],[27,61],[103,-36],[48,7],[23,-94],[31,-25],[78,-4],[20,-53],[48,-15],[121,-11],[98,-30],[67,7],[46,-124],[51,-14],[89,1],[48,-37],[87,33],[42,-58],[-19,-66],[71,-64],[4,-67],[-62,-5],[-26,-73],[-69,-29],[-45,-49],[62,-55]],[[38306,37247],[-16,-54],[85,-80],[34,5],[28,-100],[-10,-46],[-52,-57],[28,-53],[6,-55],[-50,-83],[-34,-33],[50,-67],[73,-71],[-69,-126],[17,-45],[-51,-70],[-59,-122],[-84,-64],[-21,-90],[-45,19],[-143,13],[-67,-4],[-50,26],[-10,44],[49,66],[-19,36],[38,61],[57,-17],[35,17],[-61,80],[-96,-61],[-25,-36],[-51,-28],[-109,-16]],[[37684,36236],[1,20],[-59,72],[-29,-21],[-86,-16],[-80,38],[-31,-10],[-54,51],[-62,20],[-62,45],[-100,48],[-102,-3],[-3,-71],[-83,1],[-105,-107],[-72,-159],[-21,-29]],[[36736,36115],[-35,24],[-9,77],[-150,72],[-48,-17],[-42,70],[-119,34],[-51,-17],[24,80],[-13,40],[48,48],[-1,27],[48,106],[2,98],[75,45],[19,55],[-60,6],[15,57],[-41,18],[19,71],[-18,82],[-38,74],[31,27],[-19,53]],[[38051,41494],[16,-79],[-6,-41],[-76,-16],[-43,27],[-31,-30],[-111,-24],[-13,-25],[-101,-31],[-19,-63],[92,-76],[-34,-99],[-33,-49],[104,4],[33,-11],[64,-69],[85,30],[15,-32],[53,-29],[40,-60],[36,-20],[28,-57],[55,-6]],[[38205,40738],[-63,-6],[-13,-28],[13,-95],[-57,-121],[-55,-49],[-66,39],[-12,83],[-29,12],[-54,73],[-37,24],[-61,-26],[-64,66],[-97,18],[-24,-24]],[[37586,40704],[45,73],[-56,14],[-71,-57],[-71,-207],[-73,-74],[-80,-28],[-124,-80],[14,-42],[67,-12],[3,-70],[-17,-36],[-63,-45],[-1,-77],[39,-32],[-98,-21],[-42,46],[-50,4],[-55,72],[-62,-44],[-93,30],[-54,32],[-7,-52]],[[36737,40098],[-25,31],[-81,26],[-50,-103],[-24,13],[-101,-19],[-49,14],[-57,54],[0,40]],[[36350,40154],[0,117],[-28,111],[23,44],[-28,53],[-30,117],[62,70],[-29,42],[-14,70],[92,-20],[76,-84],[98,20],[100,109],[53,104],[1,44],[-49,34],[-90,100],[-28,107],[-23,44],[4,101],[57,25],[91,-11],[126,-42],[36,37],[66,27],[63,53],[-5,65]],[[36974,41491],[46,49],[25,83],[98,28],[3,-46],[45,10],[73,-58],[54,18],[67,80],[155,-54],[94,15],[48,-38],[15,-55],[83,9],[12,-27],[59,-1],[4,37],[76,-39],[54,9],[66,-17]],[[36945,41548],[-18,27],[-96,35],[-98,12],[-116,-23],[-52,58],[-96,-58],[-46,11],[-16,74],[7,61]],[[36414,41745],[86,65],[105,50],[-41,79],[158,20],[66,63],[59,-1]],[[36847,42021],[99,-58],[8,-85],[-20,-62],[46,-142],[-35,-126]],[[35329,40809],[-29,-3],[-36,75],[1,64],[44,64],[-45,78],[40,35],[17,55],[-61,28],[-51,90],[-119,45],[1,44],[-62,35],[25,42],[70,7],[26,54]],[[35150,41522],[51,110],[9,101],[53,-6],[57,92],[61,-27],[124,-17],[17,88],[27,60],[60,38],[39,1],[37,56],[82,20],[8,30],[77,17],[28,-31],[-12,-98],[77,-30],[37,12],[-5,-95],[44,-68],[11,-51],[47,14],[93,-5],[48,86],[89,31],[92,-40],[-20,-51],[33,-14]],[[36945,41548],[29,-57]],[[36350,40154],[-48,-47],[-83,-19],[-21,52],[-51,24]],[[38895,38464],[58,6],[66,34],[86,-50],[60,18],[44,-14],[27,-39],[50,49],[101,-23],[74,11],[45,-107],[-104,5],[-81,-73],[66,-45],[-65,-86],[2,-75],[-26,-47],[-12,-76],[82,-40],[53,-88],[67,-15],[63,11],[34,-30]],[[39585,37790],[55,-45],[80,-37],[40,-42],[-5,-138],[38,-51],[45,-8],[72,19],[107,-14],[19,-56],[41,-15],[-1,-48],[33,-60],[-7,-45],[-108,-22],[40,-112],[89,-15],[72,-36],[5,-77],[-26,-105],[122,-69],[0,-102],[-75,19],[-66,1],[-43,-111],[-97,-14],[-70,18]],[[39945,36625],[-87,10],[-26,41],[-47,-3],[-6,61],[-119,49],[-25,37],[-57,-6],[-59,18],[-53,90],[-90,-45],[-42,3],[-30,-40],[-106,73],[-49,19],[-28,49],[-111,140],[-49,34],[-96,22],[-39,50],[-121,21],[-96,26],[-85,138]],[[36847,42021],[-6,51],[39,23],[46,-10],[111,12],[92,35]],[[37129,42132],[44,-19],[114,35],[69,-62],[47,61],[60,35],[-6,74],[71,2],[22,-29],[77,-16],[62,35],[-2,62],[-24,65],[5,42],[-30,53],[65,16],[54,83],[-2,68],[71,154],[70,-47],[89,-19],[26,34],[119,-20],[57,-93]],[[38187,42646],[-44,-18],[6,-43],[-77,16],[-77,-30],[25,-104],[-94,-49],[-55,-93],[-29,2],[-43,-113],[134,-65],[34,-46],[122,-76],[-27,-74],[-46,-45],[13,-48],[32,-23],[-17,-159],[46,-42],[8,-95],[-47,-47]],[[39363,40895],[-126,43],[-25,44],[-40,-20],[-42,12],[-57,-43],[38,-44],[-76,-67],[0,-30],[-55,-106],[-44,-4],[-29,25],[-103,15],[-99,-32],[-31,4],[-39,-101]],[[38635,40591],[-53,-11],[-93,34],[-42,-12],[-48,30],[-69,-31],[-38,2],[-17,62],[-70,73]],[[38187,42646],[50,-49],[91,-16],[16,33],[49,9],[13,34],[51,14]],[[38457,42671],[44,19],[28,-66],[91,-37],[40,-73],[20,-70],[-33,-80],[16,-71],[57,-29],[29,-38],[108,18],[3,49],[67,-63],[95,2],[58,-27],[-33,-39],[-6,-62],[24,-55],[-40,-76],[15,-47],[40,-39],[73,5],[42,-62],[55,-37],[36,-50],[79,-25]],[[39365,41718],[9,-77],[28,-22],[7,-62],[61,-46],[12,-44],[-41,-12],[-8,-167],[73,5],[97,-18]],[[35980,39794],[64,-73],[49,-19],[14,-43],[-50,-93],[-25,-23],[-52,-117],[39,-90],[6,-50],[-20,-54]],[[36005,39232],[-19,-50],[-66,-59],[-57,9],[-124,-45],[-47,15],[-76,58],[-60,-5],[-120,-29],[-140,16],[-55,58],[-109,62],[-85,-8],[-47,86],[0,77],[15,29],[-31,38],[55,71],[-1,65],[-38,133],[-76,97],[-67,63]],[[42474,42868],[-6,-59],[-62,-130],[-71,-68]],[[42335,42611],[-39,-43],[-68,-14],[-7,59],[-71,21],[-35,43],[-28,-25],[-5,-57],[-59,2],[-50,36],[-150,65],[30,48],[-84,16],[-61,39],[-38,-57],[-36,-11]],[[41634,42733],[-60,76],[-4,56],[-30,24],[-13,51],[25,51],[-20,67],[38,37],[-20,125],[74,41],[43,98],[-2,78],[-38,259],[-25,59],[-39,6]],[[41563,43761],[48,80],[-30,70],[123,3],[19,82]],[[41723,43996],[20,3],[63,-71],[187,-36],[167,-48],[155,-77]],[[42315,43767],[30,-83],[-105,51],[-36,-162],[3,-126],[44,-55],[153,-85],[84,-98],[7,-30],[107,-105],[29,-42],[8,-64],[-15,-36],[-119,-60],[-31,-4]],[[41634,42733],[-34,-34],[-74,21],[-50,-74],[45,-69],[29,-110],[1,-65],[-52,-78],[36,-56],[-18,-38],[18,-38],[-159,-58],[-3,-63],[32,-30]],[[41405,42041],[-38,-9],[-159,223],[-71,16],[-69,-41],[-64,4],[-103,65],[-33,-2],[-52,34],[-43,2],[-89,30],[-44,-40]],[[40640,42323],[22,110],[31,49],[27,79],[3,129],[29,53],[-41,16],[62,92],[88,36],[21,80],[-20,51],[13,173],[-17,79],[51,62]],[[40909,43332],[91,93],[48,-9],[54,44],[69,-36],[15,107],[22,37],[17,111],[31,47],[85,-28],[47,53],[136,-71],[36,-7],[3,88]],[[34124,40365],[1,36],[-54,6],[-35,49],[-14,55],[-72,28],[-51,101],[36,55],[-59,44],[-25,67],[-41,15],[-62,-70],[-49,14],[26,46],[-8,83],[102,136],[72,37],[143,32],[-6,88],[-134,89],[-110,108],[-102,161],[9,115],[-15,83],[61,54],[17,57],[-11,117],[9,77],[31,65]],[[33783,42113],[21,-11],[130,36],[63,68],[86,142]],[[34083,42348],[57,-18],[49,-39],[28,-84],[27,-17],[37,-85],[-1,-70],[44,-54],[95,86],[55,-17],[-14,75],[103,19],[81,-29],[24,62],[51,5],[56,-104],[5,-77]],[[34780,42001],[-59,-21],[-2,-71],[47,-8],[33,-38],[-10,-48],[22,-36],[55,-22],[45,8],[27,-52],[59,-21],[-11,-65],[80,17],[16,-50],[68,-72]],[[40100,40446],[55,-165],[-34,-55],[-18,-105]],[[40103,40121],[-8,-15],[-116,-23],[-13,39],[-45,8],[-134,-34],[-125,-49],[-133,-79],[-102,14],[-78,-8],[-13,-28]],[[39336,39946],[-39,44],[-9,44],[-54,22],[-54,80],[-341,17],[-73,32],[23,60],[-62,129],[2,64],[-39,3],[-9,71],[-43,20],[-3,59]],[[40487,41102],[-37,46],[-60,35],[16,64],[77,37],[-10,64],[46,10],[93,-37],[73,121],[-57,21],[-23,45],[4,69],[-23,37],[-80,-46],[-56,26],[3,89],[-57,11],[-25,56],[35,86],[-81,-19],[-40,68],[60,129],[8,107]],[[40353,42121],[-28,113],[82,104],[63,3],[96,-60],[66,11],[8,31]],[[41405,42041],[44,19],[160,26],[84,-41],[55,31],[20,-37],[-9,-84],[8,-213],[33,-131],[-10,-156],[109,-5],[25,-12]],[[41924,41438],[-8,-91],[71,-14],[55,-72],[-15,-60],[-105,12],[-28,20],[-103,-4],[60,-77],[-56,-14],[-27,-39],[2,-45],[-67,0],[-91,66],[-14,-71],[34,-8],[-32,-71],[42,-30],[-52,-56],[-82,1],[21,-54],[-41,-36],[-106,56],[-71,17],[-14,-29],[-75,18],[36,63],[-107,-10],[-84,36],[-23,-41]],[[39336,39946],[-55,-43],[-120,-138],[21,-49],[-23,-23],[-11,-116],[-111,-47],[-115,-23],[-47,4],[-8,48],[-38,6],[-52,39],[-79,5],[27,64],[-26,54],[22,58],[-11,32],[-62,20],[-100,-13],[-3,24],[-73,12],[-57,-53],[47,-102],[-27,-71],[-177,-78],[-68,40],[-62,9]],[[38128,39605],[-14,46],[-82,15],[-9,138],[-42,3],[-12,63],[-36,76],[-46,43],[3,49],[-97,-54],[-20,-42],[-41,23],[-76,-44],[-20,-48],[-85,59],[-1,29],[-62,2],[-9,61],[65,286],[-86,72],[13,77],[59,88],[56,157]],[[39365,41718],[32,63],[-2,63],[48,7],[4,141],[33,79],[39,42],[50,-1],[17,57],[61,32],[38,66]],[[39685,42267],[97,-79],[49,-16],[166,69],[18,60],[81,1],[30,-49],[6,-73],[61,11],[38,-43],[47,40],[75,-67]],[[34706,37935],[5,39],[43,28],[22,119],[20,24],[61,3],[39,31],[28,154],[-40,85],[-83,10],[-115,-42],[-21,42],[-38,-18],[-73,11],[-82,109],[-22,-65],[-2,-57],[-43,-16],[-8,57],[-42,103],[15,84],[-94,100],[-46,-6],[-66,66],[-4,78]],[[34160,38874],[48,67],[-13,106],[29,121],[-8,38],[22,51]],[[36005,39232],[61,-22],[-52,-60],[-6,-58],[31,-41],[80,-37],[-55,-97],[-10,-44],[-56,1],[-18,-69],[18,-97],[-55,-12],[25,-68],[50,-24],[29,-62],[56,-10],[6,-43]],[[38128,39605],[-39,-59],[3,-54]],[[38092,39492],[-16,-15],[-64,35],[-29,37],[-124,14],[-86,-45],[-94,24],[-146,73],[-121,133],[-67,12],[10,76],[-84,-25],[-72,-36],[-83,28],[-19,-14],[-84,16],[-64,-6],[-22,20],[-124,29],[-52,38],[-17,55],[-48,0],[-21,33],[44,99],[28,25]],[[34089,39973],[-136,-24],[-18,-68],[13,-73],[-246,52],[-32,-6],[-68,40],[-21,52],[-37,12],[9,53],[-80,80],[38,52],[-6,118],[-37,42],[-3,41],[-33,42],[-50,30],[-35,56],[-120,23],[-41,20],[-24,67],[-45,6],[-26,51],[4,45],[-57,79],[-6,138],[-61,31],[-73,9],[-39,47],[-9,51],[-53,-5],[-37,43],[-81,-7],[-48,10]],[[32631,41080],[55,60],[18,72],[45,104],[-3,71],[54,83],[-12,65],[-44,50],[59,54],[67,24],[19,60],[-28,73],[-67,20],[4,59],[-42,44],[24,58],[1,50],[225,66]],[[33006,42093],[97,-7],[124,-31],[177,6],[74,-25],[69,13],[99,45],[137,19]],[[38092,39492],[38,-47],[14,-81],[-41,-21],[12,-82],[-22,-64],[-60,-53],[-16,-42],[19,-168],[48,5],[68,-100]],[[42335,42611],[16,-18],[131,-39],[5,-27],[-27,-94],[45,-19],[-21,-118],[18,-44],[-40,-34],[-9,-40]],[[42453,42178],[-84,-28],[-51,20],[-54,-1],[-2,-159],[41,-55],[-64,-86],[21,-118],[-76,-111],[-13,-75],[-63,-41],[-35,13],[-11,-57],[-80,-59],[-58,17]],[[35073,43547],[35,59],[103,76],[82,8],[37,23],[102,30],[65,63],[49,106],[72,44],[18,44]],[[35636,44000],[73,-67],[-19,-49],[61,-1],[79,-26],[-41,-54],[69,-31],[58,30],[39,0]],[[35955,43802],[-55,-81],[12,-38],[-12,-71],[7,-69],[23,-50],[43,-7],[3,-98]],[[35976,43388],[-55,0],[-44,25],[-83,-59],[-87,7]],[[35707,43361],[-55,77],[-77,46],[-119,15],[-50,-8],[-100,40],[-114,-36],[-72,-33],[-47,85]],[[40909,43332],[-96,10],[-27,61],[-144,21],[-41,15],[-29,-26],[-70,30],[-35,-14],[-100,15],[-105,0],[-29,-13],[-41,36],[-142,11],[-203,24],[-15,-21]],[[39832,43481],[-13,74],[91,110],[-77,-1],[-34,58],[-27,1],[-23,69],[159,-11],[10,27]],[[39918,43808],[106,41],[-27,35],[52,46],[-5,42],[87,38],[66,47],[-77,93],[-10,84]],[[40110,44234],[121,15],[146,89],[68,-66],[80,6],[95,52],[68,0],[55,102]],[[40743,44432],[1,-60],[-39,-33],[5,-79],[144,-16],[33,37],[83,-13],[49,17]],[[41019,44285],[-24,-138],[32,-45],[32,12],[69,-23],[36,53],[99,53],[39,-3],[104,-57],[6,-25],[115,-32],[54,5],[118,-92],[24,3]],[[40743,44432],[-63,22],[11,86],[-38,40],[5,63],[-32,66],[39,97],[-25,48],[-38,16],[-24,45],[18,163],[58,80],[-22,52],[3,47],[-51,18],[-39,111],[50,0],[21,28],[67,-17],[16,36]],[[40699,45433],[95,12],[10,-17],[106,-30],[50,9],[41,33],[88,23],[34,44],[146,1],[131,-39],[5,36],[42,49],[91,-20],[105,4],[136,45],[103,77],[-17,69],[25,58],[78,1],[28,98]],[[41996,45886],[45,28],[73,-44],[69,2],[87,-28],[88,-11],[33,-25],[-42,-59],[-16,-116],[-50,-78],[7,-87],[29,-15]],[[42319,45453],[-36,-39],[20,-41],[10,-84]],[[42313,45289],[-32,-119],[19,-82],[-46,-18],[-13,-41],[-103,-24],[-19,28],[-55,-5],[-48,-42],[-24,-105],[-39,-36],[-184,-33],[-27,-50],[-110,42],[-34,-29],[-25,39],[-132,-13],[-63,33],[-100,-23],[-126,47],[-41,27],[-42,-24],[44,-122],[-19,-48],[4,-73],[24,-63],[-49,-70],[-36,-16],[-28,-143],[10,-41]],[[40110,44234],[-24,57],[69,158],[-12,59],[21,51],[-30,19],[-2,83],[-89,97]],[[40043,44758],[52,77],[79,54],[37,71],[-41,46],[23,94],[-45,165],[-75,24],[-38,-22],[-183,11],[-20,84],[-31,3],[-38,49],[-48,-29],[-41,57],[30,49],[-32,19],[21,58],[64,37]],[[39757,45605],[80,31],[22,72],[116,136],[62,-54],[105,42],[41,-31],[210,-5],[71,-26],[64,-8],[143,-35],[127,-43]],[[40798,45684],[-66,-23],[11,-45],[-25,-55],[-36,36],[-20,-56],[48,-62],[-11,-46]],[[41996,45886],[-20,70],[35,62],[-24,30],[1,99],[-39,56],[4,32],[-41,42],[3,94],[-36,-4],[-58,58],[-24,60]],[[41797,46485],[54,19],[85,8],[-3,29],[60,23],[-2,47],[73,-19],[49,-47],[43,1],[45,39],[5,69],[34,36],[120,-77],[32,75],[79,22],[52,-72],[15,-68],[74,-50],[56,-11],[1,-50],[34,-24],[39,24],[19,48],[63,40],[8,30],[61,26],[-5,41],[28,37],[-34,92],[25,29],[0,61]],[[42907,46863],[77,-70],[71,22],[37,50],[74,-3],[35,-22],[-115,-91],[30,-52],[42,-5],[50,-48]],[[43208,46644],[57,-51],[-73,-90],[18,-34],[79,4],[32,-62],[-60,-31],[-74,-80],[-5,-35],[-103,-66],[-69,-21],[-13,-52],[-40,-6],[-97,-111],[-49,-23],[-32,15],[-82,-89],[-37,45],[-27,-12],[-24,-108],[3,-58],[-101,16],[-152,-110],[-4,-58],[-31,-75],[11,-57],[-16,-42]],[[34780,42001],[58,5],[94,57],[48,120],[51,-9],[43,29],[16,-74],[47,-14],[62,-51],[102,20],[42,41],[-10,56],[61,75],[-8,44],[23,93],[77,0],[15,56],[38,20],[74,-6],[6,48],[50,2],[27,158],[0,65],[-63,16],[-16,80],[-41,3],[-15,43],[-34,12],[14,56],[50,51],[48,-7],[24,43],[-1,93],[35,0],[5,67],[-62,98],[-6,38],[58,0],[15,32]],[[35976,43388],[97,7],[40,-22],[-37,-44],[42,-49],[14,-62],[41,0],[24,36],[39,0],[127,67],[10,-57],[73,-14],[60,31],[30,99],[143,-3]],[[36679,43377],[83,10],[0,-94],[48,39],[79,-8],[136,-91],[37,2],[24,-61]],[[37086,43174],[-30,-28],[12,-134],[-29,-36],[-76,-3],[-9,-99],[-41,-43],[-8,-83],[-28,-3],[-28,-99],[48,15],[48,-44],[17,-44],[-18,-59],[2,-55],[-40,-21],[-8,-64],[60,-134],[-10,-63],[81,-23],[39,13],[61,-35]],[[39685,42267],[22,69],[-10,54],[-95,64],[-48,95],[-2,93],[-121,-19],[5,50],[70,9],[-11,37],[30,68],[0,86],[-20,45],[-80,41],[-2,152],[35,31]],[[39458,43142],[59,12],[40,-69],[58,-28],[46,23],[11,38],[86,20],[7,123],[-19,66],[51,83],[44,50],[-9,21]],[[34083,42348],[57,137],[68,114],[79,109],[191,196],[40,58],[122,147],[85,125],[71,53],[129,66],[47,33],[83,175]],[[35055,43561],[18,-14]],[[37086,43174],[77,31],[186,95],[57,-22],[7,-34],[49,-9],[-25,109],[34,28],[83,-37],[14,25],[98,75],[-44,91],[127,5]],[[37749,43531],[10,-36],[169,-18],[-21,-123],[5,-78],[-68,4],[25,-48],[61,11],[8,-73],[57,29],[34,-23]],[[38029,43176],[26,-59],[-14,-52],[-55,-30],[42,-54],[58,42],[20,-18],[28,-113],[114,-35],[42,24],[51,-49],[15,-57],[101,-104]],[[40798,45684],[-42,26],[-25,103],[-49,32],[31,61],[33,11],[24,115],[-42,-1],[1,64],[-43,66],[-15,58],[10,42],[-38,22],[-1,80],[43,9],[-11,56],[24,48],[-26,34],[21,44],[-13,54],[15,60],[-28,32],[29,76],[-7,87]],[[40689,46863],[16,-48],[25,-169],[99,-81],[53,-28],[53,24],[129,0],[42,-21],[-1,-75],[102,-15],[60,-47],[37,32],[-6,58],[29,53],[42,26],[85,8],[83,43],[108,-23],[67,-29],[11,-30],[81,-36],[-7,-20]],[[35757,47981],[-49,-52],[-28,-66],[-59,-15],[-3,-49],[-41,-11],[14,-98],[79,-94],[-15,-110],[-29,-55],[12,-75],[-50,-31],[-6,-49],[-69,-22],[-37,-45],[-37,31],[-72,10],[-22,-46],[-141,-56],[-50,-115],[-46,-8]],[[35108,47025],[-52,41],[-67,-56],[-14,64]],[[34975,47074],[-18,90],[-164,30],[-16,76],[-44,88],[-42,-5],[-78,-49],[-38,63],[24,23],[36,99],[-15,38],[15,48],[-51,58],[-42,3],[-70,-42],[-17,-44],[-81,49],[-19,88],[-99,-33],[-52,31],[-9,95],[-27,40],[31,99],[-30,68],[11,60],[-35,0],[-64,39],[56,81],[-19,22],[-123,-44],[-35,59],[27,71],[74,96],[-18,51],[-33,25],[-29,58],[-99,33],[-9,63]],[[33873,48601],[60,60],[-38,62],[-115,-45],[-55,36],[51,55]],[[33776,48769],[54,28],[38,74],[-70,7],[-12,76],[32,25],[106,34],[203,-26],[57,10],[40,92],[53,19],[29,76],[45,-23],[41,-62],[123,-38],[6,-64],[49,32],[49,-10],[39,-54],[7,-67],[42,-39],[114,-24],[54,5],[41,-20],[69,9],[104,-39],[199,-19],[92,-28],[28,8],[70,-118],[79,-156],[-31,-124],[17,-31],[-13,-101],[-24,-65],[-42,-29],[-8,-69],[126,-46],[119,-57],[56,26]],[[37743,45797],[-70,-115],[-33,0],[-81,-153],[26,-37],[-5,-55]],[[37580,45437],[-83,15],[-75,-11],[-15,-39],[-55,26],[-45,-43],[-53,52],[-65,-7],[-96,41],[-19,-28],[-66,-1],[-78,52],[-46,-18],[-56,4],[11,119],[-18,16],[-105,21],[-12,-27],[-144,6],[-174,-79],[-55,24]],[[36331,45560],[-138,55],[-27,-31],[-102,38],[-8,70],[32,39],[-28,122],[-84,59],[14,67],[-94,121]],[[35896,46100],[-8,57],[91,136],[41,13],[127,1],[34,27],[79,-20],[27,49],[33,4],[53,-40],[102,-23],[80,44],[73,-7],[-11,-70],[147,30],[-22,67],[-71,31],[34,54],[67,-56],[55,-1]],[[36827,46396],[22,15],[105,-24],[65,10],[24,-27]],[[37043,46370],[-9,-44],[55,-19],[12,-67],[41,-2],[77,70],[14,50],[84,90],[0,35],[68,4],[11,-21],[82,1],[154,-110],[36,-13],[41,20],[27,-24]],[[37736,46340],[29,-64],[-41,-54],[-3,-63],[58,-61],[-9,-96],[59,-53],[-52,-43],[-33,-49],[-1,-60]],[[36331,45560],[-13,-104],[23,-31],[93,-42],[33,-48],[-37,-57],[129,-89],[25,-93],[-1,-96],[46,-112],[1,-48],[38,-84],[78,-59],[-18,-59]],[[36728,44638],[-33,24],[-100,29],[-86,2],[11,55],[-31,23],[-55,-2],[7,57],[-94,75],[-52,-34],[-56,23],[-17,72],[-55,0],[-47,-39],[-64,21],[-77,8],[-102,-27]],[[35877,44925],[-81,-18],[-49,41],[-82,5],[-44,65],[-90,4],[13,-101],[-64,-10],[-33,22]],[[35447,44933],[-9,31],[-56,45],[43,79],[-74,63],[-84,49],[-43,-17],[4,103],[-48,-13],[-45,40],[-86,1]],[[35049,45314],[11,85],[-13,97],[-48,11],[-3,55],[-91,120],[40,8],[100,-28],[137,28],[58,-14],[28,22],[-17,44],[75,22],[82,-7],[77,15],[20,89],[79,46],[38,104]],[[35622,46011],[16,24],[73,-7],[69,19],[113,12],[3,41]],[[37749,43531],[37,21],[18,67],[33,27],[0,44],[-54,21],[-16,77],[48,31],[38,-41],[70,5],[0,-46],[34,-28],[91,-28],[23,35],[65,-5],[50,64]],[[38186,43775],[45,-21],[27,-63],[31,51],[35,-54],[-26,-72],[5,-52],[-47,-23],[33,-173],[-17,-85],[35,-32],[-23,-77]],[[38284,43174],[-91,39],[-59,2],[-18,-29],[-87,-10]],[[35955,43802],[54,2],[37,73],[33,18],[33,-38],[56,41],[69,-6],[46,49],[50,-99],[56,22],[51,-13],[88,53],[23,33],[60,-13]],[[36611,43924],[-13,-56],[77,-43],[-72,-13],[-23,-46],[34,-17],[-30,-86],[53,-81],[-33,-16],[6,-93],[56,22],[42,-89],[-29,-29]],[[40043,44758],[-49,-33],[-26,51],[-47,6],[-34,39],[-97,-123],[-37,-11],[-22,55],[-111,-34],[-28,-88],[-66,-3],[-8,59],[-41,-3],[-68,24],[-41,42],[-6,50],[-78,76],[-19,55],[-38,0]],[[39227,44920],[-21,11]],[[39206,44931],[31,16],[4,131],[-26,68],[-46,19],[-24,59],[-110,46],[44,50],[25,68],[66,19],[13,33],[-28,49],[25,41],[-15,55],[8,71],[51,5]],[[39224,45661],[77,58]],[[39301,45719],[71,-49],[48,5],[26,-31],[-27,-33],[36,-44],[35,6],[38,75],[117,-32],[37,16],[75,-27]],[[35108,47025],[1,-79],[36,-43],[-15,-53],[53,-67],[38,-81],[43,-34],[21,-58],[71,19],[55,43],[125,-114],[25,-94],[46,-78],[104,-79],[-2,-73],[69,-18],[118,-116]],[[35622,46011],[-180,105],[-40,69],[-56,11],[18,55],[-66,10],[-41,42],[-40,-13],[-84,60],[-75,-4],[-5,68],[-108,14],[-58,-15],[-90,7],[4,-145],[-40,7],[-47,56],[-31,-31],[-61,-4],[-111,65],[-1,30],[-54,37]],[[34456,46435],[4,25],[-118,26],[-119,12],[-54,42],[-44,80],[-55,14],[-18,-31],[-77,8],[-94,29],[9,133],[52,43],[32,-34],[43,3],[19,48],[57,-16],[91,38],[12,22]],[[34196,46877],[1,26],[77,116],[-10,72],[155,-5],[32,-34],[75,0],[151,-59],[54,39],[116,11],[42,-12],[86,43]],[[37580,45437],[13,-43],[-25,-55],[-42,-29],[18,-122],[-23,-37],[7,-49],[48,-49],[-41,-90],[-1,-50],[-52,-17],[-54,-107],[-14,-85],[-32,-5],[-12,-54],[56,-69],[-53,-64]],[[37373,44512],[-83,3],[-61,-57],[-71,-6],[-20,-49],[-173,30],[-74,0],[-35,19],[-86,150],[-42,36]],[[35049,45314],[-46,20],[-34,79],[-47,16],[-76,50],[-90,-30],[-38,3],[-122,90],[-71,34],[-63,-4],[-12,63],[-66,51],[-44,66],[-54,51],[-90,7]],[[34196,45810],[-14,76],[-53,32],[21,42],[-53,36],[48,127],[104,-16],[40,36],[39,4],[6,47],[95,-2],[24,30],[18,116],[-20,37],[5,60]],[[36827,46396],[30,56],[-24,54],[-61,5],[8,38],[-54,9],[-36,79],[-71,59],[-12,66],[104,1],[18,64],[-25,20],[123,105],[30,105],[-12,41]],[[36845,47098],[44,-25],[33,27],[96,-3],[35,-22],[20,-69],[-27,-18],[-2,-77],[74,-118],[-78,-47],[25,-92],[-67,-66],[40,-50],[7,-51],[-38,-49],[40,-25],[-4,-43]],[[34629,44051],[-100,29],[-136,14],[-62,-34],[-96,27],[-62,1],[22,-172],[-40,-24],[-7,-48],[-98,-7],[-79,50],[-120,17],[-52,52]],[[33799,43956],[-128,103],[-9,32],[-61,-10],[-42,51]],[[33559,44132],[64,21],[108,120],[81,125],[3,39],[60,24],[44,76]],[[33919,44537],[31,-4],[138,103],[89,47],[81,82],[-18,89],[53,59],[68,10],[89,-7],[58,-43],[11,-74],[38,-19],[133,-6]],[[34690,44774],[42,-93],[-28,-94],[1,-81],[22,-93],[82,-134],[-17,-83],[-66,24],[-33,-27],[-2,-89],[-36,2],[-26,-55]],[[39224,45661],[-20,9],[-53,92],[-60,35],[13,32],[-29,46],[23,48],[-19,38],[-62,7],[-58,63],[-53,11],[15,68],[-172,-2],[-48,30],[-85,-103],[-44,26],[-65,12],[-13,-39],[-53,5],[5,59],[29,38],[-63,32],[-31,43],[3,66],[-23,64],[-49,-32],[-65,4],[-52,-20],[-50,-60],[-110,9],[-54,38],[24,173],[-12,94],[-52,6],[-49,-29],[-13,61]],[[37879,46585],[15,49],[-41,18],[-3,45],[50,105],[45,-47],[58,107],[-41,32],[28,113]],[[37990,47007],[68,14],[16,-94],[72,60],[76,37],[60,46],[2,46],[42,23],[65,-5],[47,25],[87,-21],[13,-20],[98,-46],[41,-3],[36,-45],[80,11],[12,-50],[72,-1],[47,51],[86,-3],[32,16],[78,-7],[25,-30],[89,-26],[50,-43],[76,-17],[90,-61],[96,-9],[61,-100],[120,-37],[27,-41],[124,-34],[7,-27],[104,-22]],[[39989,46594],[-59,-35],[-34,-64],[-3,-44],[-104,-4],[-33,-27],[-16,-52],[-46,21],[-62,-24],[-44,-58],[-56,-10],[-31,-61],[2,-108],[-15,-30],[-125,-16],[-95,-60],[-17,-40],[37,-28],[85,-3],[28,-25],[45,25],[81,-1],[10,-35],[-49,-58],[-80,17],[-75,-80],[-32,-75]],[[39989,46594],[47,71],[138,-45],[59,43],[71,11],[1,61],[76,4],[7,65],[91,7],[86,29],[64,54],[60,-31]],[[35636,44000],[39,41],[35,81],[-2,69],[50,80],[-15,49],[-51,68],[29,116],[68,75],[35,-2],[3,61],[24,150],[30,25],[-4,112]],[[37373,44512],[-22,-64],[40,-86],[118,3],[-6,-44],[48,-37],[60,-10],[22,97],[70,-25],[41,74],[48,21]],[[37792,44441],[23,22],[82,24],[52,-11],[54,-52],[-5,-29],[104,-56],[-31,-145],[22,-33],[52,13],[68,-55],[54,-12],[78,-52],[27,-40],[57,69],[66,-101],[-4,-41]],[[38491,43942],[-47,0],[-61,-30],[-220,49],[11,-57],[-42,-10],[25,-64]],[[38157,43830],[-172,10],[-8,33],[-60,27],[-88,16],[5,91],[-95,2],[-26,-43],[-37,-2],[-20,-69],[-85,143],[-61,26],[-46,71],[-58,-2],[-54,22],[-188,41],[-90,37],[5,-45],[-66,-6],[-12,-67],[-145,2],[-32,27],[-51,-9],[-139,16],[-11,-55],[6,-108],[-18,-64]],[[35055,43561],[15,31],[-41,44],[-83,37],[-6,-25],[-178,68],[27,51],[-25,205],[-90,20],[8,54],[-53,5]],[[34690,44774],[85,24],[13,146],[65,24],[84,-35],[18,-69],[46,-11],[23,40],[47,-8],[43,-45],[87,-28],[32,36],[59,17],[-6,86],[86,7],[75,-25]],[[37736,46340],[63,54],[-39,41],[-28,87],[5,36],[48,8],[44,53],[50,-34]],[[39206,44931],[-40,53],[-80,-15],[-75,100],[-80,-46],[-18,41],[-71,12],[28,74],[-23,67],[1,117],[-233,2],[-62,15],[-63,41],[-48,52],[-112,-10],[-63,59],[-122,30],[-61,50],[-42,69],[-112,51],[-103,14],[-58,39],[-26,51]],[[39227,44920],[-69,-28],[-105,-116],[-59,-8],[1,-37]],[[38995,44731],[-37,-23],[-48,42],[-105,14],[-40,25],[-20,125],[-63,29],[19,84],[-42,30],[-47,3],[-6,-37],[63,-25],[-13,-31],[-67,1],[-45,-26],[-104,-21],[-51,8],[13,-97],[-26,-51],[1,-126],[-13,-30],[-65,42],[-57,87],[-76,-25],[-45,26],[-72,-12],[-26,-56],[23,-39],[-11,-73],[-78,0],[-23,27],[-51,-8],[-19,-44],[-48,-28],[-24,-81]],[[33799,43956],[-35,-61],[-33,16],[-17,-128],[-42,-94],[-5,-43],[27,-55],[-43,-115],[30,-54],[19,-70],[6,-126],[-9,-43],[-40,-19],[-24,-90],[-71,-65],[-17,-99],[-86,-88],[25,-68],[93,-38],[33,-75],[-11,-57],[-32,-13],[-10,-58],[-61,-67],[0,-69],[42,-54],[-35,-110],[12,-24],[-96,-52],[-70,6],[-64,-19],[-241,14]],[[33044,42138],[21,45],[-16,85],[37,30],[-40,64],[-40,21],[34,64],[-51,64],[-21,76],[-57,-11],[-90,99],[-53,21]],[[32768,42696],[19,64],[-11,52],[-48,71],[-36,94],[14,26],[-2,98],[-40,19],[12,111],[-52,12],[8,77],[36,153],[30,-5],[-3,98],[-20,16],[14,95],[77,17],[51,103],[42,-9],[31,32],[37,-17],[23,48],[44,34],[36,-1],[57,69]],[[33087,43953],[95,6],[62,34],[27,-8],[84,81],[59,15],[50,62],[88,23],[7,-34]],[[33006,42093],[38,45]],[[39918,43808],[-19,28],[-128,16],[-36,82],[27,49],[-54,86],[34,35],[-28,62],[-78,61],[-29,54],[-21,79],[-67,-4],[-37,-68],[-44,-39],[-7,-39]],[[39431,44210],[-26,-6],[-75,41],[-74,118],[-60,32],[-55,-66],[-16,57],[-68,-26],[8,53],[-95,77],[-5,137],[41,80],[-11,24]],[[39458,43142],[-68,41],[-65,3],[-21,119],[-97,2],[-22,15],[59,119],[3,64],[-100,27]],[[39147,43532],[-12,87],[16,52],[39,46],[-38,46],[-38,115],[-119,-43],[-84,-20]],[[38911,43815],[6,27],[62,36],[51,64],[-1,37],[88,38],[23,45],[38,-4],[58,63],[74,15],[30,-35],[36,72],[57,-10],[-2,47]],[[36845,47098],[-50,49],[55,50],[-58,148],[12,21]],[[36804,47366],[82,-5],[60,-25],[44,44],[43,1],[70,73],[96,-24],[94,37],[4,36],[48,6],[50,56],[49,6],[88,39],[36,39],[41,-49],[79,-22],[89,-55],[30,-58],[1,-44],[-25,-184],[1,-60],[18,-49],[80,-56],[69,-14],[39,-51]],[[35757,47981],[24,-43],[50,57],[82,-29],[21,-55],[208,-56],[37,-48],[-23,-57],[68,-10],[10,-40],[105,-15],[-51,-32],[0,-35],[61,-27],[65,18],[51,37],[169,-6],[3,-92],[-31,-51],[36,-45],[8,-49],[31,-28],[49,11],[74,-20]],[[38186,43775],[-29,55]],[[38491,43942],[33,-59],[47,6],[99,-26],[3,-33],[82,-96],[48,6],[108,75]],[[39147,43532],[-92,-64],[-16,-79],[-63,6],[-102,-76],[13,-107],[-65,-51],[-29,73],[-86,58],[-58,13],[-14,-26],[6,-68],[-42,-37],[-69,7],[-18,-28],[-80,-15],[-148,36]],[[42313,45289],[4,-14],[107,-28],[26,12],[56,-30],[-50,-45],[49,-43],[-27,-36],[7,-45],[78,-52],[51,-80],[141,-61],[52,-31],[-17,-28],[7,-70],[-23,-8],[6,-109],[-36,-28],[26,-41],[-15,-30],[90,-95],[4,-77]],[[42849,44350],[-143,32],[-104,104],[-64,-4],[-55,-69],[-66,-10],[-14,-89],[-63,-2],[-18,-45],[-37,-27],[-47,35],[-52,-142],[30,-42],[11,-77],[106,-86],[44,-78],[-5,-37],[-57,-46]],[[19374,51275],[-45,-34],[-9,-62],[17,-113],[92,-63],[16,21],[70,-53]],[[19515,50971],[-61,-32],[-34,-38],[10,-41],[-48,-46]],[[19382,50814],[-83,39],[-34,-17],[-82,23],[-63,-16],[8,50],[-81,14],[-6,69],[-41,111],[-47,20],[-57,-43],[-46,16],[-67,-69],[28,-27],[-23,-50],[-63,18],[-54,-68]],[[18671,50884],[-111,39],[-33,-77],[-29,41],[-121,56],[-27,-14],[-56,28],[-15,78],[-34,11],[30,76],[-16,35],[26,58]],[[18285,51215],[56,-40],[65,-12],[21,44],[-59,60],[21,86],[-28,130],[117,-75],[23,43],[45,-29],[52,31],[30,58],[123,-8]],[[18751,51503],[47,30],[101,-20],[98,63],[15,23],[130,-69],[54,4]],[[19196,51534],[58,-59]],[[19254,51475],[-17,-42],[37,-71],[82,-38],[18,-49]],[[20264,55949],[10,-59],[-21,-108],[-91,-74],[-24,-62],[-54,-59],[-51,-97],[-49,-51],[-50,3],[-26,-33],[5,-45],[-41,-102],[-50,9],[-81,-54],[-23,-36],[-81,-1],[-31,-56],[-10,-69],[-66,-56],[-38,-88]],[[19492,54911],[-44,-11],[-82,83],[-70,-16],[-45,71]],[[19251,55038],[-35,57],[8,30],[-79,101],[0,57],[37,40],[-35,42]],[[19147,55365],[4,89],[58,-30],[26,53],[-72,50],[36,62],[79,15],[43,-43],[29,53],[-68,24],[21,93],[57,51],[45,0],[-39,83],[-3,41],[37,88],[-27,49],[-1,94],[83,94]],[[19515,50971],[200,-45],[36,-51],[68,-7],[8,-29],[77,-51],[40,27],[51,-19],[66,30],[24,84]],[[20085,50910],[48,-49],[16,-62],[32,-57],[-25,-32],[-57,2],[-38,-81],[40,-17],[-63,-112]],[[20038,50502],[39,-49],[-26,-50],[45,-7],[37,-82],[-18,-86],[58,-10],[-36,-78]],[[20137,50140],[-116,9],[12,-50],[-12,-50],[-53,-38],[-47,46],[-39,-25],[0,-66],[-44,13],[-118,-24]],[[19720,49955],[-22,57],[-62,47],[-30,-44],[-104,56],[-27,68],[-74,61],[-62,-7],[-30,36],[49,32],[-5,65],[-29,73],[15,28],[-43,68],[18,50],[-8,104],[21,46],[76,54],[22,33],[-43,32]],[[19260,56387],[-17,-24],[-62,10],[-23,-38],[-79,23],[29,-126],[-82,-73],[-88,46],[-30,-36],[-40,10],[-34,-58],[-30,22]],[[18804,56143],[-7,61],[40,9],[17,74],[-70,32],[56,146],[-79,88],[-42,9],[-37,48],[-44,19],[-19,38]],[[18619,56667],[54,100],[-28,25],[-16,67]],[[18629,56859],[27,-5],[41,68],[-29,29],[-12,66],[-57,24],[-70,80],[-11,82]],[[19720,49955],[2,-31],[-81,-45],[-32,-32]],[[19609,49847],[-42,7],[-56,-29],[-54,36],[-64,-49],[-58,-6],[-73,20],[-31,-17],[-137,84],[-25,-54],[6,-40],[87,-36],[24,-67],[-57,-27],[-32,39],[-54,6],[-42,-20],[-24,-62],[-26,-135]],[[18951,49497],[-76,47],[-57,-50],[-39,60],[48,62],[-56,32],[16,137],[36,68],[-8,72],[44,-14],[16,59],[-11,101],[30,52],[-44,10],[-1,73],[19,211],[29,48],[26,156],[-99,92],[-28,11],[-61,82],[-54,33]],[[18681,50839],[-10,45]],[[18285,51215],[-78,99],[-105,36],[-47,-18],[-103,17],[-17,-18],[-143,-8],[1,74],[-90,40],[-12,-66],[15,-45],[-64,0],[-8,69],[-49,11],[-23,-94],[-50,30],[-48,-10]],[[17464,51332],[-6,7]],[[17458,51339],[11,62],[45,0],[9,42],[-68,10],[14,41],[65,-11],[26,42],[20,109],[-9,42],[66,8],[13,53],[59,-10],[6,-105],[36,0],[20,106],[39,6],[37,38],[-41,51],[7,54],[-105,18],[11,39]],[[17719,51934],[41,94],[43,32],[125,17],[60,17],[100,-39],[37,49],[2,64],[67,18],[62,69],[33,-53],[82,-21],[-48,-103],[48,-18],[27,58],[125,-40],[84,107],[-60,41],[59,42],[69,-37],[47,37],[63,94]],[[18785,52362],[37,-85],[69,-22]],[[18891,52255],[-10,-49],[20,-71],[-24,-32],[33,-58],[-25,-40],[40,-36]],[[18925,51969],[-27,-85]],[[18898,51884],[-40,15],[-24,-44],[43,-38],[-82,-23],[-45,10],[-45,-100],[-54,-7],[12,-76],[38,-13],[54,-60],[-4,-45]],[[17458,51339],[-81,15],[-5,50],[-58,23],[-13,-61],[-50,1],[-49,-28],[-37,47],[-65,5],[-55,-60],[-24,-84],[-139,-16],[-16,54],[8,60],[-69,26],[-66,-22],[-102,-10],[-16,-98]],[[16621,51241],[-13,-17],[-97,21],[-64,42],[-45,-24],[-39,11],[-14,44],[40,26],[0,47],[-114,36],[8,38],[-106,36],[-39,40]],[[16138,51541],[-13,45],[-70,20],[-24,136],[-131,27],[-1,54],[-42,58],[-15,194],[-25,56],[-42,39],[35,72],[1,50],[-50,58],[0,89],[-49,62],[6,27]],[[15718,52528],[62,6],[9,42],[38,39]],[[15827,52615],[44,-9],[37,33],[72,22],[82,-52],[24,-71],[32,0],[38,-60],[73,-22],[80,5],[40,-16],[17,46],[46,19],[70,-34],[57,64],[-11,34],[54,43],[57,109],[38,14],[79,-55],[44,-10],[-2,83],[-23,76],[34,44],[61,-50],[72,5],[-1,-57],[66,-37],[11,44],[38,14],[72,-28],[11,23],[115,15],[23,-23],[1,-82],[56,-38]],[[17334,52664],[-32,-85],[68,-32],[-18,-72],[123,-32],[-11,-110],[21,-34],[-13,-68],[91,13],[156,-136],[-9,-40],[-46,-60],[8,-37],[47,-37]],[[17912,53906],[-21,63],[-50,16],[-32,-40],[-38,31],[-32,-25],[-91,-16],[-52,66],[4,58],[-48,0],[-66,24],[-15,-31],[22,-46],[-43,-25],[-32,25],[-15,64],[-36,10],[-4,49],[-101,74],[19,57],[-23,35],[-48,15],[30,80],[1,45],[41,44],[34,146],[-8,52]],[[17308,54677],[82,58],[-36,38],[-60,-2],[-32,23],[-8,124],[53,-5],[-30,143],[21,72],[109,171],[-45,6],[-52,44],[18,21],[68,-36],[76,-19],[29,11],[76,-21],[44,43],[89,-1],[-12,44],[37,28],[-40,50],[34,48],[46,-3],[18,-43],[-13,-40],[68,-148]],[[17848,55283],[-94,-157],[44,-56],[-25,-18],[14,-59],[107,-45],[-7,-44],[-39,-57],[107,-25],[28,55],[65,-20],[42,-99],[53,44],[-24,28],[58,38],[54,-24],[226,34],[-3,-55],[-49,-50]],[[18405,54773],[-45,30],[-43,-67],[23,-28],[-13,-64],[61,-32],[-39,-41],[-32,-65],[24,-97],[-58,-42],[96,-35],[-20,-63],[-41,23],[-68,-19],[-30,-49],[-77,-51],[-83,5],[-56,-61],[25,-32],[-43,-47],[-53,-134],[-21,2]],[[18785,52362],[-48,16],[-30,-29],[-91,4],[-27,17],[34,80],[-15,71],[-56,-16],[-40,58],[-47,37],[-10,130],[-40,47],[-123,49],[-56,-30],[-115,33],[-55,-4],[-63,93],[-60,-50],[-70,36]],[[17873,52904],[20,92],[54,76],[-32,29],[-14,74],[-27,37],[16,43],[57,-19],[66,-53],[37,-4],[19,43],[-31,71],[16,35],[61,-72],[32,113],[132,-58],[34,13]],[[18313,53324],[69,-43],[84,27],[36,40],[57,-17],[-7,-52],[20,-55],[46,-37],[66,-13],[46,-34],[40,44],[52,21],[89,-34],[9,-27],[140,-38],[126,-6],[120,-19]],[[19306,53081],[-15,-59],[28,-58],[-32,-53],[63,-37],[18,-79],[28,-35],[38,-108],[-21,-65],[7,-48],[77,-43],[-10,-94],[-64,18],[-12,-52],[32,-21]],[[19443,52347],[-74,1],[-35,-43],[-36,53],[-41,-8],[-71,40],[-58,-10],[-45,-93],[-99,19],[-30,-44],[-39,-12]],[[18915,52250],[-24,5]],[[19492,54911],[-40,-50],[-46,-13],[27,-105],[-53,-68],[10,-38],[-77,-124],[-45,-6],[-5,-44],[36,-34],[-13,-40],[46,-47],[-12,-24]],[[19320,54318],[-47,-118],[-47,-17],[8,-83],[-55,-14],[91,-75],[-40,-27],[-26,-65],[78,-85]],[[19282,53834],[-31,-35],[-120,-69],[-54,26],[-30,-16],[-94,26],[-109,62],[-57,-29],[-45,52],[-42,-7],[-71,54],[-21,-10],[-51,-97],[-71,-2]],[[18486,53789],[-36,28],[-78,-8],[-130,33],[-34,-45],[-55,27],[-50,-38],[-107,-19],[-14,58],[-54,14],[-16,67]],[[18405,54773],[65,-34],[104,36],[13,46],[50,-7],[58,-48],[57,10],[28,85],[47,-10],[145,103],[73,-25],[24,19],[103,-17],[35,7],[44,100]],[[17848,55283],[79,-8],[22,-49],[70,15],[63,52]],[[18082,55293],[25,-40],[62,-26],[64,69],[-16,109]],[[18217,55405],[5,7]],[[18222,55412],[75,43],[23,46],[109,22],[59,-14],[46,54],[44,-4],[39,51],[-1,39],[61,8],[18,-53],[66,-47],[153,-45],[-44,-66],[50,-18],[57,24],[150,-105],[20,18]],[[18486,53789],[-67,-127],[7,-57],[-96,-11],[-87,-40],[-3,-67],[-35,-56],[27,-63],[81,-44]],[[17873,52904],[-34,-62],[-40,-25],[-88,48],[-49,-24],[-64,42],[-105,6]],[[17493,52889],[36,72],[-27,25],[-21,120],[10,25],[-42,49],[-47,-4],[-72,27],[6,48],[-86,126],[45,65],[-67,51],[61,55],[-7,75],[-34,39],[-56,15],[-59,-59],[-107,42],[-16,71],[-55,-4],[-52,-41],[-16,35],[-51,24],[38,79],[-114,39],[-59,4],[56,92],[6,59]],[[16763,54018],[-22,90],[8,62],[-33,34],[22,69],[-38,34],[24,43],[4,63]],[[16728,54413],[80,-1],[68,44],[81,-5],[37,57],[34,19],[7,59],[28,11]],[[17063,54597],[67,-27],[38,41],[59,4],[81,62]],[[19282,53834],[-19,-70],[54,-50],[-35,-51],[23,-84],[-34,-4],[9,-81],[63,-14],[-17,-90]],[[19326,53390],[-29,-70],[23,-44],[-35,-61],[30,-102],[-9,-32]],[[17464,51332],[-16,-54],[46,-10],[-9,-45],[124,-40],[28,-73],[-46,-67],[8,-109],[-21,-90],[-76,-45],[13,-60]],[[17515,50739],[-45,-19],[94,-87],[58,-21],[-51,-53],[-7,-60],[51,-23],[-31,-87],[-47,-35],[-63,24],[3,55],[-71,44],[-68,-46],[-83,19],[-25,-25],[-2,-57],[-42,-82],[13,-32],[50,-19],[-40,-147],[72,-26],[-17,-78],[67,-62]],[[17331,49922],[-54,-28],[-39,-56],[-63,52],[-46,11],[-19,63],[-75,23],[-4,-30]],[[17031,49957],[-56,0],[-27,-31],[-167,41],[35,122],[-40,24],[-65,1],[-10,35]],[[16701,50149],[32,42],[53,-35],[18,77],[-35,75],[26,83],[85,-2],[1,53],[51,50],[-37,28],[-66,-93],[-20,82],[-97,16],[16,46],[66,41],[48,-3],[11,58],[60,47],[84,-6],[-12,-56],[41,-11],[21,37],[-38,38],[-10,61],[-44,5],[10,56],[-39,6],[-54,56],[29,68],[-86,43],[-30,60],[-94,58],[-3,47],[-58,36],[-9,29]],[[16763,54018],[-49,40],[-28,-7],[-23,-54],[-47,9],[-1,-51],[-88,21],[2,-45],[-32,-39],[-70,28],[-40,-6],[-64,-44],[-13,-47],[-51,-5],[14,-66],[-67,-61],[-89,0],[-69,-20],[-30,-34],[-26,-72],[-3,-73],[-37,3],[-27,43],[-94,6],[-28,84],[-56,-12],[-20,24],[-74,13],[-59,-9],[2,-54],[-65,-11],[-9,-54],[28,-40],[0,-47],[-173,-29],[-35,20],[-69,-38],[34,-62]],[[15307,53329],[-5,-52],[-83,1]],[[15219,53278],[-24,44],[15,67],[-33,68],[66,26],[16,55],[-78,47],[-16,42],[45,50],[96,10],[36,46],[-46,74],[15,48],[-30,37],[47,34],[13,88]],[[15341,54014],[27,60],[-52,35],[59,69],[22,90],[95,100],[37,-4],[40,118],[100,60],[17,41],[118,-70],[108,-20],[26,-55],[116,26],[6,46],[88,-1],[26,-37],[42,-5],[18,127],[43,7]],[[16277,54601],[49,1],[50,31],[68,-20],[74,4],[13,-101],[43,-56],[85,-15],[69,-32]],[[19374,51275],[116,22],[45,25],[-23,103],[55,41]],[[19567,51466],[132,11],[37,59]],[[19736,51536],[17,-35],[46,-3],[17,-65],[52,-12],[21,-32],[43,6],[17,-63],[77,-23],[13,-74],[46,-60],[-32,-45],[-38,-16],[74,-74],[-34,-81],[30,-49]],[[15219,53278],[-15,-47],[-60,10],[-49,80],[-53,-58],[-83,-10],[-10,-40],[-96,17],[-4,42],[-50,91],[-65,0],[-46,-35],[-80,22],[-28,49],[27,45],[-45,47],[-4,52],[-82,54],[-48,-3],[-59,47],[-65,-15],[-70,-84],[-104,-18],[-43,38],[-61,-10],[-69,12],[-10,-90],[-119,-13],[18,68],[-64,77],[-25,75],[-64,10],[1,83],[15,20],[88,-23],[35,101],[45,51],[-22,38],[-77,51],[21,224],[33,85],[32,146],[-32,31],[-43,-30],[-68,7],[-33,-36],[-123,11],[-7,100],[23,65],[53,43],[66,18],[46,70],[-37,74],[-73,14],[37,85]],[[13673,54919],[27,4],[92,-46],[28,-26],[88,-21],[48,59],[69,43],[36,52]],[[14061,54984],[57,-22],[112,29],[55,43],[43,-46],[61,-33],[48,-1],[112,-42],[41,-92],[37,-15],[47,-73],[69,-2],[51,40],[60,-6],[27,78],[53,-36],[3,-56],[-42,-35],[39,-46],[-20,-47],[19,-40],[49,7],[36,-68],[30,102],[50,40]],[[15098,54663],[48,-16],[-7,-80],[31,-23],[40,-82],[-21,-45],[-50,-6],[-23,-44],[20,-36],[-17,-37],[-64,-28],[30,-47],[0,-46],[57,-18],[47,-38],[-8,-67],[32,-66],[128,30]],[[15827,52615],[-14,81],[-50,20],[-82,3],[-17,59],[-44,41],[-86,15],[5,111],[-32,77],[5,64],[55,1],[9,90],[-30,24],[32,59],[-50,44],[-57,-40],[-13,-50],[-57,22],[20,46],[4,69],[-40,20],[-35,-35],[-43,-7]],[[17493,52889],[-49,-47],[-73,-12],[-11,-35],[23,-50],[-7,-48],[-42,-33]],[[18681,50839],[-46,-27],[-57,-8],[-19,-36],[-2,-100],[-68,-12],[-43,-51],[-60,15],[-62,-95],[-64,3],[-12,-65],[35,-113],[-59,-28],[-74,4],[-49,-29],[-43,-61],[-41,-5],[-19,36],[21,67],[-33,78],[-59,-21],[-13,30],[-76,-8],[-7,37],[83,-6],[-38,57],[-62,26],[15,39],[91,-12],[-16,70],[-35,45],[-161,-9],[-40,-28],[-56,25],[3,41],[-100,41]],[[18222,55412],[-11,36],[36,35],[-1,49],[-58,47],[-46,68],[-31,4],[-68,-59],[7,80],[144,25],[79,57],[43,47],[58,13],[67,56],[14,45],[-66,32],[-10,30],[57,27],[2,38]],[[18438,56042],[80,9],[95,-31],[51,52],[18,-33],[52,-27],[71,-109],[64,61],[-39,35],[-42,79],[16,65]],[[18082,55293],[135,112]],[[18619,56667],[-65,-52],[-87,54],[-78,140],[-15,49],[69,18],[27,42],[106,-51],[53,-8]],[[12330,20479],[-40,66],[-190,67],[32,82],[-49,13],[-45,-22],[-35,143],[-23,47],[-22,87],[-94,274],[-30,12]],[[11834,21248],[137,-10],[18,30],[103,-5],[69,13],[59,135],[55,-58],[-6,-53],[136,-26],[22,-78],[38,-36],[7,-147],[64,-53],[55,-7],[20,36],[106,24],[76,58]],[[12793,21071],[103,3],[4,43],[106,-47],[16,39],[51,-30],[27,-88],[-6,-63],[-23,-58],[53,-40],[11,-70]],[[13135,20760],[-57,-53],[3,-26]],[[13081,20681],[-103,-59],[-77,-62],[-133,-37],[-62,-34],[68,-118],[-41,-96],[12,-56],[37,-39],[-32,-34],[-32,14],[-18,51],[-115,22],[-16,97],[-55,50],[-65,26],[-19,73],[-52,15],[-48,-15]],[[13081,20681],[51,-101],[-15,-46],[31,-101],[83,-33],[-10,-89],[39,-87],[-16,-24],[-69,8],[-55,-28],[-29,-77],[94,-44],[33,-92],[-24,-53],[-46,-44],[7,-55],[-26,-43],[14,-77],[33,-70],[-56,-71],[-6,-82],[-25,-42],[-45,-26],[-81,-20],[-38,36],[-44,-39],[17,-45],[-82,4],[-50,-20],[-33,-35]],[[12733,19285],[-104,44],[13,93],[-54,121],[-76,29],[-19,75],[-67,54],[-37,8],[-21,69],[40,30],[7,94],[-52,219],[-59,197],[-43,80],[-67,-21],[-73,41],[-53,77],[96,-18],[27,18],[40,-30],[99,14]],[[53517,16146],[34,-109],[-27,-228],[8,-35],[44,-16],[-9,-46],[-33,-41],[7,-56],[-79,8],[-29,-26],[-52,42],[-27,-52],[24,-36],[81,-20],[30,-56],[88,-84],[-2,-54],[-52,-129],[11,-91],[-14,-31],[9,-106],[-31,-77],[-122,-78],[-104,90],[-27,-84],[11,-46],[59,-44],[5,-28],[-63,-45],[-2,83],[-43,-8],[-28,-42],[-1,-112],[-31,-33],[57,-24],[51,8],[37,-26],[5,-66],[53,-126],[-43,-69],[75,-84],[-9,-152],[-18,-176],[41,-137],[-18,-67],[-78,-95],[40,-25],[-39,-38],[-35,-86],[-107,33],[-77,-16],[18,-54],[76,-103],[17,-83],[-52,-9],[-18,-15],[-35,-14],[-37,26],[-94,9],[-36,-50],[-75,18],[-41,70],[-4,219],[17,61],[-12,43],[16,55],[-31,54],[32,142],[-16,59],[37,89],[54,71],[-11,167],[-18,14],[-21,105],[29,83],[94,96],[38,14],[-9,44],[22,109],[-20,42],[5,83],[25,45],[-39,30],[11,97],[65,174],[-21,82],[47,16],[-43,62],[21,88],[58,35],[-68,60],[20,60],[-20,14],[28,109],[2,46],[41,9],[-18,71],[54,-9],[19,168],[35,-3],[17,49],[59,16],[-37,65],[36,24],[78,11],[54,53],[81,19]],[[53078,13136],[11,-8],[18,7],[28,-3],[40,-8],[27,-86],[-52,-41],[29,-46],[-2,-68],[-36,-17],[-14,-67],[-56,10],[-1,-36],[-44,-47],[22,-31],[-52,-36],[-2,-54],[-59,-21],[-36,16],[-6,47],[62,216],[3,30],[-11,26],[13,44],[-42,4],[-19,30],[18,68],[30,-25],[58,96],[38,22],[35,-22]],[[52798,14767],[54,-33],[-1,-247],[-66,-94],[-3,-60],[-46,-7],[-40,131],[36,47],[26,163],[-17,26],[57,74]],[[52875,12989],[45,-32],[22,2],[2,-49],[11,-19],[-10,-45],[-64,7],[-26,23],[1,81],[19,32]],[[53578,15677],[44,-86],[-82,-42],[38,128]],[[53487,16387],[37,-101],[-65,26],[-34,-14],[-32,33],[23,34],[71,22]],[[53359,13401],[-26,-28],[-23,-102],[-29,10],[31,127],[47,-7]],[[52830,14379],[4,-122],[-37,48],[33,74]],[[52774,13733],[-3,-91],[-48,37],[51,54]],[[55331,13050],[-54,16],[36,43],[18,-59]],[[56199,15879],[-2,-53],[-51,1],[28,54],[25,-2]],[[53289,14853],[42,-24],[-13,-55],[-46,44],[17,35]],[[52802,12983],[28,-73],[-6,-90],[63,27],[44,-12],[-4,-58],[-43,-116],[14,-70],[35,-21],[36,-83],[-35,-18],[-6,-82],[-41,-25],[-46,-61],[35,-126],[34,80],[52,18],[35,-50],[-20,-61],[17,-65],[-23,-77],[-11,-112],[-34,-161],[-21,-62],[-93,49],[-40,-37],[44,-31],[-44,-77],[-41,4],[21,-67],[51,-21],[9,92],[55,60],[63,-35],[-9,-130],[-25,-40],[-14,-95],[-23,-49],[8,-36],[-33,-68],[-26,36],[-62,0],[-52,46],[-9,89],[-48,35],[-32,78],[14,65],[-45,78],[19,52],[-25,62],[-74,6],[-3,104],[15,17],[-38,154],[-37,-21],[-24,49],[25,57],[3,57],[36,67],[78,4],[14,-88],[54,-37],[5,322],[20,45],[6,80],[-12,24],[9,73],[46,176],[25,12],[36,86],[50,51]],[[52419,9809],[88,-90],[-8,-40],[11,-75],[56,-61],[-9,-65],[15,-98],[17,-30],[0,-67],[-35,-49],[-61,-42],[-29,-63],[9,-46],[51,-40],[-47,-56],[-33,-86],[-67,-18],[-44,20],[-35,44],[-66,30],[-61,-42],[-51,18],[63,107],[22,73],[-38,101],[-42,44],[-11,70],[7,136],[-16,48],[67,3],[47,77],[61,52],[16,60],[39,20],[36,56],[48,9]],[[52672,11268],[25,-46],[62,-59],[17,-90],[-47,-91],[60,-23],[-2,-35],[-55,-31],[-142,-24],[-37,50],[23,39],[-11,37],[80,18],[3,83],[-30,38],[21,91],[33,43]],[[53389,12487],[28,29],[57,-54],[-4,-45],[64,-124],[36,-106],[-15,-41],[-45,7],[-43,98],[-66,42],[-33,78],[-56,9],[-7,48],[84,59]],[[53632,12882],[16,-48],[-13,-48],[17,-124],[-43,-43],[-74,120],[34,114],[30,63],[33,-34]],[[51765,11455],[117,-23],[10,-115],[-51,-24],[-78,9],[-15,47],[17,106]],[[53514,12754],[16,-40],[-4,-61],[34,-42],[9,-51],[-41,1],[-60,50],[6,47],[-15,73],[55,23]],[[53436,12673],[30,-13],[-14,-129],[-18,-8],[-57,56],[-5,66],[64,28]],[[53371,12772],[68,-23],[11,-61],[-37,-8],[-36,24],[-6,68]],[[53622,13034],[49,-69],[-38,-22],[-42,15],[31,76]],[[53528,12028],[62,19],[18,-23],[-46,-50],[-34,54]],[[52459,11481],[52,-48],[-29,-58],[-28,10],[5,96]],[[55272,1097],[52,-11],[33,-68],[10,-88],[-9,-50],[8,-110],[31,-18],[53,-152],[20,-117],[-42,-41],[-44,-100],[10,-70],[-18,-20],[7,-57],[31,-14],[-54,-92],[-42,56],[-39,-14],[1,-55],[-28,-76],[-49,7],[19,126],[-13,35],[-56,4],[16,51],[-40,32],[7,35],[-38,94],[-30,7],[11,76],[-49,77],[-49,27],[-5,63],[-69,-16],[-17,60],[11,85],[-26,31],[0,46],[45,64],[-8,91],[19,25],[115,3],[156,68],[9,37],[51,0],[10,-31]],[[54319,2962],[7,-85],[27,-38],[41,1],[55,-53],[26,-100],[-26,-48],[-39,58],[-36,22],[-62,-9],[-44,-47],[-66,32],[-3,85],[-46,-13],[-29,63],[27,57],[16,76],[33,19],[30,-21],[31,43],[58,-42]],[[54988,1621],[19,-96],[72,-62],[-64,-157],[-39,-14],[-61,-46],[-21,-59],[-45,-36],[-40,58],[13,43],[-21,52],[29,49],[-12,96],[160,55],[10,117]],[[54577,3492],[51,-39],[-18,-78],[-54,-30],[-23,-57],[45,-58],[8,-37],[55,-76],[-7,-59],[-89,-49],[-2,-75],[-42,43],[-1,68],[48,-16],[41,38],[-6,73],[-71,-50],[-17,52],[-51,94],[-7,116],[82,61],[-1,51],[59,28]],[[52980,5907],[83,-92],[27,-120],[-4,-55],[-59,-47],[-69,20],[-80,-10],[-30,69],[13,153],[86,-8],[33,90]],[[53729,3780],[31,-19],[-36,-155],[61,-91],[110,-64],[-9,-47],[-82,14],[-89,53],[-73,112],[-2,79],[17,74],[72,44]],[[54633,3003],[29,-7],[40,-66],[3,-135],[-17,-19],[-140,127],[85,100]],[[54702,3233],[19,-33],[-36,-35],[-18,61],[35,7]],[[53955,3566],[36,-55],[-23,-46],[-40,62],[27,39]],[[59451,49687],[-9,44],[43,44],[48,77],[63,59],[46,13],[81,79],[28,54],[61,64],[0,45],[54,63]],[[59866,50229],[69,-12],[13,61],[47,112],[66,85],[49,100],[10,60],[-36,136],[80,-13],[69,-51],[83,26],[92,107],[89,83],[-45,79],[71,55],[35,50]],[[60558,51107],[39,-163],[-23,-58],[42,-48],[-9,-26],[51,-54],[4,-46],[-28,-56],[10,-58],[-58,-76],[-32,-5],[-21,-53],[73,-70],[29,-61],[27,3],[104,-53],[43,-75],[83,26],[53,-18],[19,25],[100,48],[46,-8],[36,-50],[80,-42],[-24,-66],[122,-95],[83,-111],[41,-6],[17,-44],[-8,-100],[-23,-33],[34,-65],[-14,-136]],[[61454,49533],[-141,-97],[-44,11],[-38,38],[-80,16],[-37,-20],[-142,-2],[-59,-13],[-21,27],[-159,-21],[-86,-154],[-53,-38]],[[60594,49280],[-42,64],[24,37],[-43,56],[-21,67],[16,32],[-18,75],[3,51],[30,110],[-46,110],[-72,114],[-48,5],[-290,-54],[-152,-62],[-69,-49],[-90,-34],[-48,-36],[-71,-28],[-44,-51],[-75,12],[-87,-12]],[[56481,51111],[3,28],[62,45],[10,50],[73,74],[24,74],[40,-31],[38,5],[38,60],[198,94],[75,15],[153,71],[34,25]],[[57229,51621],[26,-20]],[[57255,51601],[16,-52],[-23,-24],[-13,-71],[16,-72],[37,-67],[169,-8],[71,-13],[35,-58],[-4,-92],[26,-20],[32,-118],[-10,-26],[22,-105],[-88,-31],[-50,2],[6,-54],[51,-61],[-3,-60],[43,-64],[64,-16],[-31,-62],[-52,-37],[19,-30]],[[57588,50462],[-92,-24],[-107,-64],[-81,24],[-56,43],[-98,11],[-47,58],[-34,-1],[-69,45],[-124,-31],[-75,34],[-16,-62],[-84,-133],[-47,-24]],[[56658,50338],[-39,78],[-52,50],[-93,38],[-41,38],[16,42],[-16,49],[12,41],[-56,91],[20,112],[60,59],[-43,62],[55,113]],[[56658,50338],[88,-117],[14,-60],[31,-45],[85,-53]],[[56876,50063],[-2,-35],[-43,-29],[-45,2],[-117,-43],[-104,-23],[-34,-33],[-121,-36],[-108,-84],[-25,9]],[[56277,49791],[5,42],[-41,19],[-73,-36],[-46,97],[-59,22],[-42,40],[-60,22],[-25,47],[-89,-7],[-73,-39],[-34,41],[-19,118],[25,49],[-36,27],[-79,2],[-50,40],[-33,-21]],[[55548,50254],[-56,10],[-10,50],[-56,57],[-47,71],[-37,13],[42,104],[-30,32],[-3,85],[-53,41],[14,49],[-24,57],[13,45],[-57,26],[-17,32],[-80,-2],[-18,36],[-69,17],[-50,61],[-67,22],[-52,-36],[-69,8],[-35,-78],[-102,-26],[-192,55],[-39,-22]],[[54454,50961],[-52,22],[-69,6],[-18,47],[-41,-8],[-68,77],[-61,22],[-85,-27],[-48,55],[-61,-9]],[[53951,51146],[-3,145],[-90,66],[59,35],[49,57],[95,68],[10,69],[32,83],[-9,56],[63,32],[6,73],[181,47],[118,62],[76,-58],[80,-1],[94,-23],[136,5],[122,53],[70,13],[122,-37],[106,81],[59,-2],[45,-37],[88,-44]],[[55460,51889],[45,-47],[15,-43],[84,-124],[83,-38],[72,-49],[46,-4],[33,-43],[-10,-86],[110,-106],[158,-15],[27,48],[118,-45],[61,-48],[-18,-41],[28,-65],[133,-76],[36,4]],[[61454,49533],[150,-95],[6,41],[194,-20],[64,-35]],[[61868,49424],[-13,-81],[37,-4],[-2,-90],[38,-71],[-61,-113],[50,-124],[57,-27],[9,-70],[56,-67],[35,-74],[45,-4],[23,-54],[105,-103],[6,-56],[49,-39],[49,-73],[25,2],[40,-61],[-31,-45],[-20,-64],[-87,32],[-7,-28],[-72,7],[-106,87],[-35,1],[-66,47],[-71,-2],[-70,16],[-81,45],[0,42],[56,41],[-11,75],[-68,26],[-2,45],[-58,45],[-45,67],[-77,45],[-35,-10],[-161,31],[-38,-7],[-84,21],[-75,-104],[-68,-37],[-43,-45],[-61,41],[-150,0],[-12,-20],[-149,-15],[-85,23],[-74,-48],[-90,16],[-97,-71],[-59,2],[-92,-41],[-79,-56],[-38,-10],[-68,-53],[-25,-45],[-81,-85],[-65,-137],[-92,-67],[-49,-18],[-57,-57],[-99,-12],[-69,28],[-37,-77],[-46,-62],[-2,-99],[-48,-63],[-23,-2]],[[59314,47718],[-24,22],[1,61],[-45,125],[-51,-2],[-46,36],[14,71],[31,68],[-24,42],[-5,65],[44,23],[27,119],[-61,46],[-15,90],[-30,10]],[[59130,48494],[103,49],[88,4],[14,17],[113,30],[55,4],[108,31],[26,-65],[55,-6],[18,65],[123,60],[14,47],[51,34],[46,57],[-30,67],[-59,79],[-44,-8],[-42,32],[-48,-16],[-24,-68],[-37,78],[-38,-36],[-34,3],[22,77],[36,20],[11,195]],[[59657,49244],[10,-8],[159,41],[37,-21],[86,11],[121,125],[114,34],[64,-42],[51,-8],[125,-80],[130,-36],[40,20]],[[58142,47999],[38,38],[39,-23],[52,23],[22,-31],[133,120],[84,56],[48,16]],[[58558,48198],[3,-23]],[[58561,48175],[35,-38],[-14,-35],[26,-36],[-44,-53],[21,-44],[-25,-137],[-26,-27],[2,-105],[28,-36],[74,-20],[59,-43],[80,8],[-29,-135],[82,-67]],[[58830,47407],[-61,-36],[-52,-55],[-4,-35],[-156,-71],[-36,8],[-87,-60],[-86,13],[-3,46],[-46,15],[-38,-33]],[[58261,47199],[2,30],[-48,54],[29,130],[-64,95],[2,56],[-42,46],[85,55],[58,0],[12,58],[-15,37],[-58,5],[-49,98],[-31,136]],[[55526,49106],[-37,15],[-80,-16],[-43,-62],[-69,-17],[-8,-39],[-49,-42],[-22,-64],[21,-73],[-48,-83],[-89,44],[-46,-37],[-37,27],[-118,-42],[-103,87],[-35,5],[-5,59],[-31,83],[-54,1],[49,102],[68,28],[20,43],[-60,46],[-8,59],[-37,37],[-35,73],[-45,57]],[[54625,49397],[120,38],[35,41],[117,59],[26,29],[56,-50],[35,14],[-70,68],[66,7],[52,67],[60,25],[0,120],[37,23],[174,15]],[[55333,49853],[96,-32],[-20,-53],[22,-78],[-36,-62],[19,-88],[-3,-144],[45,-8],[16,-39],[101,20],[3,-86],[73,-86],[-37,-64],[-86,-27]],[[54104,48770],[-35,39],[-83,-12],[-72,60],[-93,-57],[-54,2],[-45,-83],[-4,-65],[-106,5],[-58,-21],[-49,-70],[-83,-11],[-19,-80],[140,-81],[-75,-30],[-14,-41],[-118,15],[-93,-75],[-124,16],[-26,53],[-52,-1],[-48,67]],[[52993,48400],[55,9],[-7,48],[58,45],[4,48],[-26,61],[38,27],[21,53],[-32,46],[-32,2],[-24,83],[45,68],[-8,66],[-58,13],[0,69],[-60,7],[-23,-58],[-118,11],[-67,97],[-51,20],[-27,63],[13,38],[-39,52],[-53,34],[16,34],[-38,62],[-47,43],[-62,-32],[-32,11],[-20,67],[10,71],[-59,80],[3,66],[-127,48]],[[52246,49752],[20,41],[-2,94]],[[52264,49887],[37,1],[70,80],[69,-4],[43,-41],[39,6],[91,127],[117,49],[145,149]],[[52875,50254],[59,-50],[50,3],[61,-21],[98,1],[75,-49],[91,-32],[3,-95],[32,-62],[29,-1],[46,-47],[70,-2],[116,17],[51,-28],[82,33],[98,-2],[47,57],[49,-29],[50,-74],[-27,-99],[-50,-64],[50,-52],[-59,-81],[68,-67],[27,-96],[77,-19]],[[54068,49395],[34,-35],[34,4],[65,-49],[-32,-54],[-46,-24],[53,-85],[17,-60],[-23,-37],[55,-17],[38,-44],[47,-18],[17,-121],[-121,-43],[-48,-41],[-54,-1]],[[57229,51621],[0,95],[-38,121],[29,139],[-44,72],[-89,23],[-25,57],[-53,2],[-69,87],[-88,28],[-14,36],[-62,-14],[-38,12],[-42,49],[-45,13],[-38,44],[-58,29],[-143,6],[-43,88],[45,76],[-54,49],[-175,91],[-95,12],[-90,-25]],[[56000,52711],[21,85],[26,43],[96,82],[117,123],[132,-5],[27,24],[20,71],[28,9],[102,74],[65,-17],[150,-1],[74,46],[23,39],[1,53],[84,55],[56,88],[115,-74],[78,-65],[52,-72],[79,-79],[6,-109],[85,27],[62,1],[58,-21],[35,-38],[106,-2],[118,-71],[5,42],[47,2],[112,-21],[45,-58],[79,-5],[120,-24],[96,8],[2,-89],[21,-25]],[[58343,52807],[-12,-103],[-22,-34],[33,-57],[7,-75],[118,16],[49,-70],[-13,-103],[15,-98],[58,-18],[11,-81],[39,-22],[1,-52],[37,-29],[-63,-70],[-35,-19],[-26,-71],[26,-177],[48,-112],[52,-25],[-3,-56]],[[58663,51551],[-65,-84],[-37,-9],[-38,-45],[11,-67],[-42,-30],[46,-47],[1,-96],[77,-22],[14,-80],[24,-26]],[[58654,51045],[-48,8],[-36,-51],[-51,-1],[-21,-30],[12,-51],[-35,-69],[-62,-27],[17,-48],[-68,-23],[-22,-48],[-54,-32],[-53,-4]],[[58233,50669],[-63,4],[-39,33],[-11,61],[-105,39],[-46,120],[3,67],[20,56],[-9,111],[-24,67],[-45,46],[75,103],[-14,49],[11,56],[-36,53],[-55,14],[-31,-25],[-99,-28],[-63,39],[-17,75],[-35,42],[-58,-35],[-47,3],[-45,-27],[-76,64],[-69,1],[-34,-31],[-66,-25]],[[60558,51107],[0,28],[55,53]],[[60613,51188],[76,6],[17,-56],[46,-61],[54,47],[14,62],[52,75],[74,17],[46,-19],[118,93],[187,15],[113,-57],[66,-19],[45,-43],[42,-77],[86,-10],[107,6],[84,40],[52,-89],[100,-59],[64,-20],[64,19],[39,49],[79,15],[118,-51],[64,-95],[47,-14],[65,6],[61,-50],[91,0],[108,-73],[95,-39],[29,-48],[-67,4],[-25,-47],[-76,-65],[44,-75],[-67,-52],[6,-78],[104,12],[16,-60],[65,-31],[-29,-54],[23,-71],[-38,-25],[15,-156],[16,-39],[-49,-37],[-74,35],[-42,62],[-126,-37],[-36,-52],[-122,-99],[-29,-55],[-33,0],[-54,-40],[-74,-108],[-89,27],[-51,-48],[-63,-89],[-11,-49],[-84,-4],[-73,-103],[-25,0]],[[58233,50669],[-30,-63],[28,-28],[7,-59],[-57,-44],[-37,5],[-66,-38],[-164,-51],[-47,41],[-55,-3],[-176,21],[-16,-10]],[[57620,50440],[-32,22]],[[58343,52807],[69,21],[113,-49],[110,-25],[104,15],[54,89],[2,116],[81,-22],[42,14],[3,103],[-23,65],[15,36],[44,-9],[40,23],[-4,64],[48,22],[52,-26],[53,26],[69,59],[22,48],[64,2],[115,120],[32,-41],[65,44],[37,-7],[70,93],[139,-29],[41,3],[65,70],[52,9],[47,67],[54,42],[39,5],[49,-38],[64,-92],[54,-28],[38,-89],[39,-60],[6,-75],[123,-146],[27,-13],[89,20],[22,33],[84,39],[19,39],[57,-11],[31,-79],[-54,-89],[-28,-86],[-37,-22],[-163,-18],[-84,-51],[-32,-71],[-44,-49],[-137,-45],[66,-41],[75,-153],[-1,-48],[-61,-42],[-14,-54],[55,-67],[130,86],[37,75],[80,77],[80,45],[31,37],[181,7],[42,13],[88,67],[55,18],[-102,-206],[24,-59],[68,-22],[28,-56],[14,-111],[90,-161],[72,-81],[13,-35],[-22,-79],[-80,-76],[-78,-7],[-132,-60],[47,-88],[-18,-48],[-100,-93],[-35,-16],[-55,-58],[-88,-16],[-46,-55]],[[60624,51517],[-35,-33],[-57,6],[-45,31],[-41,92],[-85,-14],[-69,-41],[-19,-59],[-53,4],[-69,-23],[-142,18],[-52,22],[-124,-108],[-67,-45],[37,-36],[-29,-53],[-70,-21],[-15,-57],[-108,-51],[90,-82],[-9,-21],[-83,-53],[-30,35],[-150,82],[-109,14],[-73,48],[-73,-9],[-46,22],[-81,-18],[-59,64],[36,71],[15,65],[-14,81],[-38,16],[-43,-21],[-43,57],[-112,34],[-42,41],[-54,-24]],[[54454,50961],[-1,-122],[39,-197],[37,-18],[53,-92],[101,-29],[36,-69],[29,-162],[35,-30],[159,-14],[54,-123],[-61,-31],[-39,-53],[17,-61],[-53,-76],[3,-102],[-27,-24],[-56,9],[-20,56],[-73,-10],[-43,-35],[-16,-41],[-48,-50],[44,-68],[5,-103],[-37,-64]],[[54592,49452],[-106,-19],[-82,53],[-104,-24],[-82,22],[-80,-33],[-70,-56]],[[52875,50254],[41,82],[-20,67],[-68,70],[-70,30],[52,135],[80,38],[116,78],[37,39],[51,-63],[43,8],[95,69],[41,65],[88,46],[83,-54],[80,92],[-18,63],[94,21],[62,-4],[78,60],[106,-24],[89,14],[16,60]],[[52993,48400],[-81,42],[-66,-59],[-48,-7],[-184,-79],[-39,-113],[18,-63],[28,-30],[58,-18],[26,-70]],[[52705,48003],[-11,-88],[-129,-60],[-68,-7],[-105,18],[-126,-14],[-100,-82],[-76,16]],[[52090,47786],[-25,6],[-108,-26],[2,-35],[-59,-17],[-47,23],[-128,-50],[-70,4],[-130,-12]],[[51525,47679],[-4,102],[18,97],[-39,89],[-35,8],[0,55],[-78,15],[-38,60],[-22,66],[28,55],[-20,80],[67,51],[22,108],[-62,69],[124,5],[62,48],[-39,59],[-86,53],[-52,105],[28,43],[-16,58],[-36,44],[9,36],[-42,31],[-16,50]],[[51298,49066],[23,43],[66,22],[58,-15],[38,38],[7,64],[51,54],[83,27],[55,-25],[34,96],[-20,31],[57,57],[87,0],[47,25],[96,16],[88,-3],[51,28],[18,101],[2,89],[107,38]],[[59866,50229],[-326,22],[-471,-46],[-39,-38],[-38,2],[-13,-47],[-84,-58]],[[58895,50064],[-11,68],[-31,81],[11,50],[72,82],[47,96],[22,153],[-18,142],[15,192],[-17,26],[-68,36],[-57,-37],[-73,20],[-53,80],[-80,-8]],[[60624,51517],[93,-71],[9,-41],[-144,-111],[-78,-48],[97,-38],[12,-20]],[[51298,49066],[-66,-42],[-82,33],[-84,1],[-93,14],[-27,-45],[-32,10],[-63,-24],[-69,19],[-71,-7],[-33,64],[-88,1],[-70,-14],[-47,57],[-29,69],[-38,7],[-40,73],[-8,46],[36,39],[-49,82],[20,61],[109,73],[52,157],[-26,79],[-52,29],[-30,-17],[-41,70],[69,27],[123,-29],[48,-52],[82,-42],[78,-3],[97,11],[77,-49],[24,-62],[-25,-73],[55,-22],[101,24],[130,98],[120,8],[42,14],[109,84],[189,113],[89,34],[95,6],[46,-136],[34,-35],[149,41],[15,33],[74,19],[66,-23]],[[55526,49106],[102,-6],[58,9],[52,-30],[61,13],[90,75],[100,42],[64,-4],[-9,-62],[19,-22]],[[56063,49121],[-41,-5],[-74,-43],[7,-27],[-159,-147],[-55,-97],[-131,-68],[-94,-95],[-49,-62],[-71,-64],[-72,-101],[-127,-111],[-6,-33],[35,-38],[31,-104],[-84,-34],[-63,-48],[-106,-57],[-45,-58]],[[54959,47929],[-48,-56],[-111,-16],[-86,-28],[-116,-7],[-88,-26],[-46,1],[-44,36],[-123,14]],[[54297,47847],[80,81],[-51,73],[-54,142],[-47,60],[-44,-10],[-59,60],[-125,20],[-9,52],[61,44],[56,0],[85,50],[-90,84],[-70,-30],[-47,1],[0,118],[50,49],[84,46],[-13,83]],[[54592,49452],[33,-55]],[[48404,46151],[84,-209],[44,-42],[114,2],[158,-59],[44,4],[51,-136],[20,32],[95,59]],[[49014,45802],[91,-77],[68,-21],[36,-30],[85,10],[4,-45],[44,0],[-17,-122],[-70,-77],[-41,-127]],[[49214,45313],[-132,-2],[-21,111],[-133,29],[-50,-8],[-112,14],[-51,-17],[-41,-78],[-44,6],[-10,54],[-85,44],[-59,-4],[-22,-34],[-104,-46],[4,49],[-108,49],[-16,-45],[-39,-24],[-60,-66],[-15,20],[33,63],[1,52],[-62,91],[-60,44],[-43,-37],[-62,-25],[-38,40],[-99,11]],[[47786,45604],[-76,-52],[-12,-33],[-81,-25],[-159,-24],[-202,18]],[[47256,45488],[118,94],[35,65],[-47,35],[16,74]],[[47378,45756],[23,108],[43,-1],[28,43],[42,4],[40,65],[82,-17],[70,33],[102,19]],[[47808,46010],[88,37],[99,18],[92,-12],[31,19],[286,79]],[[49777,46910],[-5,-104],[20,-57],[93,-25],[49,-40],[41,62],[-22,59],[19,31],[97,12],[8,-17],[150,76],[63,8],[109,34],[10,-37]],[[50409,46912],[-12,-86],[-48,-29],[10,-72],[-20,-31],[27,-88],[-85,-131],[23,-18],[-35,-52],[-4,-50],[-112,-22],[-29,-71],[3,-212],[-17,-86],[-35,-28],[-58,-9],[-36,72],[-94,10],[-60,-36],[-42,52],[-75,-20],[-55,6]],[[49655,46011],[32,40],[-51,38],[41,54],[-25,21],[11,115],[41,47],[-6,61],[17,64],[-75,-4],[22,117],[35,4],[-32,90],[59,76],[-39,53],[6,59],[86,64]],[[47378,45756],[-87,-34],[-41,4],[-76,-35],[-132,-90],[-94,-90],[-201,-163],[-48,-23]],[[46699,45325],[32,63],[5,60],[-60,-15],[-81,33],[94,71],[-79,14],[-1,90],[-46,78],[-6,64],[-65,93],[-40,78],[-60,16]],[[46392,45970],[-31,29],[62,90],[-45,10],[15,95],[44,28],[10,57],[83,84],[3,53],[97,32],[13,108]],[[46643,46556],[45,39]],[[46688,46595],[97,-123],[-4,-75],[-29,-85],[-35,-18],[-27,-93],[-22,-6],[21,-173],[34,-55],[93,-25],[-20,80],[38,18],[28,50],[172,45],[27,-44],[57,-24],[-18,-42],[124,7],[56,13],[46,54],[-47,87],[9,71],[-76,92],[43,34],[74,32],[42,-25],[75,22],[64,-65],[42,24],[58,-30],[13,38],[57,36],[-8,57],[34,46],[33,-3],[9,-102],[30,-47],[35,-6],[39,79],[44,0]],[[47896,46439],[2,-49],[80,-8],[53,-80],[-8,-61],[25,-18],[-64,-65],[-67,0],[-59,-56],[-48,2],[-2,-94]],[[57406,48171],[-26,-88],[6,-114],[-60,-26],[-89,-97],[25,-50],[120,-5],[90,23],[167,125],[12,-66],[-44,-57]],[[57607,47816],[-93,-40],[-35,-41],[-40,-80],[-65,-64],[-31,-78]],[[57343,47513],[-10,-36],[-121,-57]],[[57212,47420],[-20,-35],[-108,-82],[-141,-27],[-56,21]],[[56887,47297],[-117,115],[-71,162],[-22,68],[-74,48],[-128,134]],[[56475,47824],[-3,28],[134,82],[35,84],[60,25],[66,68],[22,34],[11,28],[22,14],[66,78]],[[56888,48265],[74,97],[99,113],[58,41],[32,-33],[107,46],[25,-15],[-17,-53],[22,-61],[-8,-49],[-38,-65],[29,-40],[101,-27],[34,-48]],[[52355,42916],[55,-1],[21,-39],[74,32],[62,-24]],[[52567,42884],[-17,-54],[-78,-96],[0,-91],[-47,-47],[-2,-102],[10,-109],[-46,-21],[0,-121],[29,-57],[-23,-82],[-4,-104],[37,-38],[5,-40],[-32,-29],[4,-129],[-34,-87],[-28,0],[-16,-70],[-95,-163],[-23,-7]],[[52207,41437],[-260,-2]],[[51947,41435],[-191,-6],[111,267],[19,62],[-36,73],[1,41],[-44,33],[-13,70],[20,24],[-37,57]],[[51777,42056],[25,43],[0,77],[49,228],[47,118],[44,64],[-61,45],[-1,43],[27,52],[-25,87],[-55,25],[-11,57],[22,46],[-6,54],[128,-17],[84,-50],[64,-18],[19,-49],[62,16],[55,-8],[45,42],[52,-27],[14,32]],[[59451,49687],[-58,-20],[48,-124],[-3,-44],[48,-27],[-30,-40],[22,-58],[57,-12],[-7,-50],[89,-70],[40,2]],[[59130,48494],[-100,-17],[-34,51],[-85,47],[-95,-52]],[[58816,48523],[-37,48],[54,104],[49,63],[-58,21],[-29,-70],[-61,41],[51,29],[-6,52],[-73,-2],[-88,65],[-106,8],[-75,-7],[-29,41],[-67,-7],[-119,64],[41,18],[-27,42],[33,82],[58,42],[29,167],[60,61],[-21,92],[-51,37],[-105,-29]],[[58239,49485],[107,98],[196,142],[83,84],[113,98],[31,84]],[[58769,49991],[104,35],[22,38]],[[52567,42884],[91,-21],[33,-83],[65,9],[15,-46],[-30,-30],[-5,-53],[-48,-112],[23,-76],[8,-95],[23,-63],[-1,-71],[75,-65],[45,12],[28,42],[55,-48],[35,7],[-34,-121]],[[52945,42070],[-75,-161],[-35,-113],[-51,-120],[-71,-26],[-12,-31],[-59,6],[-28,-188],[-51,-20],[-80,3],[-7,-51],[-38,-118],[-35,-3]],[[52403,41248],[-65,-46],[-37,-45],[-66,66],[-5,49],[-30,26],[7,139]],[[49057,47435],[-75,-101],[-13,-72],[-45,-110],[-40,-27],[5,-78]],[[48889,47047],[-50,-51],[-23,-64],[-58,-7],[57,-60]],[[48815,46865],[-41,-34],[-71,6],[-25,-41],[-89,-44],[-74,15],[-57,44],[-60,20],[-43,52],[-10,-115],[-151,-7],[-3,-65],[-83,-95],[3,93],[-147,-9]],[[47964,46685],[-26,63],[-46,7],[-6,116],[-56,88],[-8,56],[-34,59],[20,57],[48,62],[64,119],[11,227],[21,131]],[[47952,47670],[256,-194],[151,-22],[40,-41],[66,14],[44,-29],[88,17],[132,-3],[328,23]],[[58239,49485],[-94,-27],[-128,-10],[-141,-22],[-71,-28],[-60,-39],[-110,-7],[-99,-20],[-52,-65],[-117,-99],[7,-23],[-90,-49],[-36,-32],[-35,-85],[-99,-30],[-25,-30],[-3,-63],[-48,-16],[2,-65],[-46,-20],[-22,-48],[-42,-35],[-53,-85],[-40,-22],[-28,-70],[-32,-20]],[[56777,48475],[-59,46],[-1,124],[-19,101],[-102,-33],[-52,-4],[-11,50],[-61,15],[-20,25],[-81,-42],[-30,-34],[-45,8],[-43,49],[-59,27],[-46,48],[13,39],[62,-40],[41,33],[2,96],[-58,74],[2,80],[-29,15]],[[56181,49152],[-19,109],[-65,45],[-19,78]],[[56078,49384],[38,55],[60,9],[-19,-53],[74,-46],[170,-42],[77,24],[38,34],[70,-73],[101,15],[56,44],[104,30],[25,28],[115,25],[95,77],[79,15],[47,-15],[124,79],[46,-2],[59,34],[26,54]],[[57463,49676],[149,55],[123,34],[111,16],[28,29],[398,137],[172,54],[146,-69],[179,59]],[[52251,46728],[-18,-157],[17,-32],[172,-69],[73,11],[61,-19],[-59,-43],[-44,-122],[35,-18],[-24,-44],[-99,-60],[-123,-20],[-12,-19],[-65,-228]],[[52165,45908],[-62,-19],[-57,-66],[-42,-15],[-52,-51]],[[51952,45757],[-5,1],[-12,2],[-2,-3],[-52,-20],[-9,-7],[-50,-6],[-66,20],[-46,-10],[-23,30]],[[51687,45764],[-33,167],[-72,71],[-45,-17],[-40,41],[-125,46],[-74,-8],[-90,73],[-5,44]],[[51203,46181],[61,50],[72,12],[60,-11],[88,146],[38,14],[91,137],[76,53],[77,-20],[86,87],[54,6],[51,-19],[69,59],[111,-32],[7,36],[107,29]],[[55116,45490],[-49,-68],[-134,-66],[40,-133],[-61,-58],[-64,-12],[-42,-46],[-14,-58],[-83,-52],[-84,-73],[-3,-60]],[[54622,44864],[-50,-42],[-44,-65],[-36,-25],[-120,-34],[-80,-87],[-36,-60],[-54,-14],[-36,-39]],[[54166,44498],[-53,-35],[-20,38],[-43,-37],[-27,38],[-72,-2],[-67,31],[-24,59],[-36,31],[41,71],[-45,79],[-53,6],[-28,54],[25,69]],[[53764,44900],[54,9],[32,30],[82,-10],[62,145],[-14,119],[-124,155],[-31,122],[-21,20],[-8,67],[-37,64],[-50,40],[-50,-5],[26,90],[-16,16],[-103,19],[-5,5],[-29,37],[-81,43],[-116,36],[-28,21],[5,4],[3,9],[46,52],[-29,67],[-129,18],[-71,-16],[-104,1]],[[53028,46058],[38,31],[-6,55],[21,78],[29,22],[19,56],[67,-44],[77,71],[58,26],[-1,58],[-61,27],[-1,71],[84,27],[59,42],[163,7],[73,35],[88,60],[2,55],[-84,-46],[-46,50],[-107,-28],[-29,38],[59,46],[23,53],[100,19],[31,-30],[108,40],[67,47],[53,-27],[-32,-38],[105,-23],[-14,45],[27,44],[109,24]],[[54107,46949],[37,10],[153,-11],[42,-49],[199,40],[52,21],[86,-6],[43,-32],[72,-6],[18,43],[113,31],[112,-4],[39,-40],[-34,-64],[48,-101],[19,-13],[44,-91],[21,-127],[-23,-36],[27,-34],[51,2],[39,41],[40,-47],[61,-15],[-6,-38],[27,-105],[-29,-103],[-72,-154],[-26,-153],[-74,-202],[-20,-78],[4,-105],[-54,-33]],[[56063,49121],[29,24],[89,7]],[[56777,48475],[-19,-70],[30,-33],[-47,-26],[-38,-113],[-74,26],[-9,-40],[-69,12],[-44,-68],[-108,17],[-65,-40],[-64,-20],[-57,54],[-92,-52],[-30,-98],[-81,-9],[11,-41],[-24,-32],[-48,4],[-46,-23],[-7,-48],[-51,2],[-58,69],[-34,-50],[-31,3],[-55,-54],[4,-52],[-36,-16],[-30,29],[-64,-66],[-95,-51],[-75,-54],[-69,-70],[-34,33],[-36,-64],[-68,7],[-41,-85]],[[55123,47456],[-19,106],[50,49],[-2,64],[-41,34],[-33,-16],[-22,157],[-97,79]],[[47896,46439],[-44,91],[32,105],[70,15],[10,35]],[[48815,46865],[21,-21],[-9,-61],[-92,-20],[56,-156],[57,0],[-32,-75],[35,-63],[-45,-42],[-46,19],[-61,-89],[22,-53],[-51,-6],[-36,23],[-86,-70],[0,-37],[-37,-29],[-81,-9],[-26,-25]],[[49777,46910],[1,44],[-96,10],[40,84],[-83,-6],[-34,-37],[-50,7],[-47,85],[-63,46],[15,-188],[-24,-66],[-70,-33],[-94,33],[-33,31],[-86,-13],[-18,-78],[-85,98],[-27,-54],[-47,2],[-17,74],[37,45],[-2,44],[-63,37],[-42,-28]],[[49057,47435],[89,11],[124,-21],[76,92],[87,-24],[109,7],[122,-6],[25,10],[100,-66],[89,-13],[92,50],[63,82],[150,-104],[31,-4],[211,35],[71,39],[119,-39],[54,17]],[[50669,47501],[29,-137],[34,-57],[21,-109],[-23,-60],[26,-27],[-12,-73],[7,-61],[33,-32],[54,-95],[5,-83]],[[50843,46767],[-9,-14]],[[50834,46753],[-26,-69],[-95,50],[-51,-81],[-177,6],[-21,61],[1,164],[-56,28]],[[52251,46728],[-25,72],[38,13]],[[52264,46813],[40,-55],[133,28],[112,-22],[131,41],[53,7],[39,-26],[45,39],[108,-33],[34,72],[55,0],[42,29],[37,-14],[11,57],[32,26],[45,-1],[47,29],[38,-5],[66,56],[99,-9],[40,-35],[141,-9],[71,-45],[36,4],[82,51]],[[53801,46998],[25,26],[95,37],[62,138],[94,8],[40,26]],[[54117,47233],[27,-45],[2,-52],[-24,-48],[-49,-4],[30,-72],[4,-63]],[[53028,46058],[-77,-58],[6,-54],[-33,-37],[-46,12],[-51,-14],[67,-113],[-19,-61],[-4,-14],[0,-1]],[[52871,45718],[-34,-22],[6,-66],[-45,-5],[-56,21],[-26,-69],[-35,-5],[-104,-76],[-44,-9],[-46,22],[60,110],[16,89],[23,35],[-41,60],[0,37],[-68,-12],[-24,-22],[-30,40],[18,72],[-80,15],[-48,-7],[-79,-73],[-18,-1],[-43,7],[4,18],[-12,31]],[[52355,42916],[20,72],[-88,156],[-73,-14],[12,145],[-62,20]],[[52164,43295],[139,46],[39,121],[91,-6],[35,-14]],[[52468,43442],[134,31],[38,-20],[44,35],[63,-21],[115,10],[65,62],[25,-83],[34,-40],[41,-3],[57,-33],[26,-43],[96,36],[34,26],[95,-21],[25,37],[133,22],[48,-25],[-51,-56],[93,-91],[23,-60],[213,-2],[77,-39],[22,15],[77,-35]],[[53995,43144],[22,-21],[-26,-47],[5,-66],[-43,-47],[0,-33],[-41,-54]],[[53912,42876],[-40,-37],[-6,-95],[-90,-24],[-83,15],[-33,-167],[-19,-54],[35,-80],[-43,-65],[4,-86],[-25,-36],[47,-33],[-21,-26],[-56,8]],[[53582,42196],[24,-32],[-43,-39],[1,-59],[-37,-54],[27,-51],[-23,-34],[-12,-76],[15,-42],[-50,-21]],[[53484,41788],[-77,18],[-43,-33],[-53,-1],[-51,42],[-37,-42]],[[53223,41772],[-68,10],[-35,-41],[-76,75],[-37,72],[-62,182]],[[51203,46181],[-136,-83],[-104,-11],[-140,-39],[-39,6]],[[50784,46054],[-25,49],[80,55],[14,61],[-13,62],[21,53],[54,15],[-3,129],[-70,135],[-8,140]],[[50843,46767],[27,33],[46,6],[69,-22],[12,67],[91,24],[75,58],[66,-46],[79,25],[33,-15],[64,-83],[5,-63],[59,-38],[31,9],[-11,77],[20,71],[-32,36],[-57,-26],[-66,126],[24,46],[59,46],[8,51],[42,-11],[14,-38],[39,-20],[34,32],[127,47],[49,-42],[71,-119],[8,-56],[54,4],[10,99],[43,6],[98,-49],[51,-42]],[[52085,46960],[-16,-26],[44,-67],[139,-36],[12,-18]],[[49014,45802],[41,7],[101,77],[49,-23],[51,21],[54,65],[37,19],[54,-25],[65,14],[74,34],[115,20]],[[50784,46054],[-84,-37],[-85,-13],[-82,23],[13,-62],[-31,-49],[22,-56],[-81,31],[-45,-23],[-12,-135],[-16,-49],[-48,-27],[-45,51],[-58,-90],[-36,-240],[1,-54]],[[50197,45324],[-37,-80],[-53,-43],[-68,31],[-151,-42]],[[49888,45190],[-21,-10],[-123,-201],[-43,2],[-68,-58],[-76,37],[1,58],[-20,30],[49,152],[-107,23],[-69,-44],[-116,-13],[-2,49],[-36,5],[-61,-62],[-43,-1]],[[49153,45157],[27,83],[29,23],[5,50]],[[58558,48198],[-17,44],[9,48],[-47,87],[-122,38],[-113,-4],[-204,-138],[-63,-28],[-94,-5],[-75,48],[-85,-25],[-47,64],[-18,71],[-59,23],[-107,-101],[-110,-149]],[[56888,48265],[-43,156],[-68,54]],[[58816,48523],[-69,-93],[21,-45],[-6,-85],[-17,-45],[-81,-11],[-103,-69]],[[52705,48003],[19,33],[117,-30],[120,16],[145,-46],[77,-14],[95,-55],[2,-48],[171,-81],[48,-32],[90,12]],[[53589,47758],[36,-134],[-39,-55],[38,-62],[17,-134],[-6,-36],[53,-146],[50,-25],[41,-65],[22,-103]],[[52085,46960],[59,85],[40,30],[15,44],[-60,5],[-16,100],[-26,13],[-23,-94],[-54,22],[13,104],[-21,96],[26,42],[-23,81],[4,59],[30,73],[-8,56],[49,110]],[[50669,47501],[49,1],[162,94],[64,57],[47,85],[94,9],[122,-67],[68,-70],[149,-24],[91,48],[10,45]],[[54117,47233],[62,22],[25,58],[59,27],[67,-9],[80,16],[38,26],[104,8],[53,-16],[61,-42],[8,-29],[180,-45],[95,64],[-98,121],[119,-30],[128,32]],[[55098,47436],[62,-70],[53,-7],[130,-67],[150,42],[96,61]],[[55589,47395],[25,-47],[46,1],[51,-44],[-21,-47],[20,-66],[104,-84],[-23,-30],[1,-55],[-28,-30],[62,-49],[33,-52],[-40,-148],[18,-59],[51,-51],[-25,-42],[-3,-65],[43,-118],[64,-3]],[[55967,46406],[-7,-33],[-62,-3],[-60,-28],[-11,-42],[-70,-115],[-38,-10],[-37,-124],[-49,-40],[-28,-67],[14,-26],[-44,-151],[11,-26],[-54,-71],[-15,-95]],[[55517,45575],[-7,-67],[28,-32],[29,-82],[-49,-49],[-94,-42],[-72,-99],[-67,41],[-59,-38],[-11,-49],[-60,-24],[-24,72],[40,150],[-28,115],[-27,19]],[[51687,45764],[-60,-34],[-38,-45],[-85,6],[-87,-37],[-39,16],[-94,4],[-28,-36],[-95,-27],[-57,30],[-52,7],[-30,63],[14,97],[-121,50],[-63,-75],[-25,10],[-41,-47],[-61,-29],[-22,-136],[-2,-113],[-110,-115],[-46,20],[-79,62],[41,11],[17,48],[-28,50],[16,86],[-76,-3],[-58,15],[-8,-56],[-32,-68],[-71,-40],[3,-41],[-39,-47],[-1,-53],[-33,-13]],[[54166,44498],[56,-45],[30,-63],[24,-9],[16,-67],[57,-39],[39,4],[47,-30],[14,-74],[32,-73],[-57,-85],[10,-45],[37,-38],[-42,-34]],[[54429,43900],[-109,-75],[-35,-73],[-74,-119],[-5,-88],[-32,-116],[-27,-9],[-57,-105],[-62,5],[-42,-73],[9,-103]],[[52468,43442],[-38,61],[122,15],[86,-34],[89,131],[35,24],[146,58],[70,-11],[50,43],[-66,28],[-5,85],[48,38],[-17,112],[-51,7],[-44,70],[-6,39],[-79,16],[-57,69],[-78,28],[-66,-24],[-19,126],[-57,-18],[9,62],[73,53]],[[52613,44420],[75,58],[35,106]],[[52723,44584],[13,-16],[61,56],[52,-15],[66,24],[28,67],[53,64],[-22,53],[74,57],[21,90],[35,22],[105,20],[75,31],[22,76],[57,-3],[29,-27],[40,12],[4,66],[59,-65],[113,-50]],[[53608,45046],[78,-1],[49,-31],[42,-56],[-13,-56],[0,-2],[0,0]],[[46688,46595],[35,83],[-38,57],[20,101],[0,112],[33,84],[-42,45],[35,27],[-5,94],[-31,48]],[[46695,47246],[12,79],[58,-30],[147,-3],[95,27],[93,-13],[48,7],[169,54],[92,37],[-10,93],[23,55],[43,49],[82,8],[81,-20],[46,6],[73,60],[20,47],[118,13],[67,-45]],[[56887,47297],[-6,-65],[-101,20],[-54,-22],[-47,-66],[-65,-9],[-29,-73],[-97,-53],[11,-79],[-27,-105],[-52,-32],[-1,-29],[-160,-108]],[[56259,46676],[-35,97],[-10,131],[-92,-123],[-61,-52],[-53,-69],[-24,-68],[7,-102],[-24,-84]],[[55589,47395],[52,152],[125,36],[107,2],[103,18],[78,37],[159,4],[49,38],[108,39],[51,79],[54,24]],[[30430,23650],[1,-98]],[[30448,23324],[3,-42]],[[25145,10012],[-6,-380]],[[25139,9632],[-36,6],[-10,88],[-53,91]],[[25040,9817],[14,150],[-25,53]],[[25029,10020],[45,37],[63,-20],[8,-25]],[[25114,12312],[-34,-179],[-34,-104]],[[25046,12029],[-24,42],[-40,4],[-37,47],[-90,-29],[-26,59]],[[24829,12152],[53,18],[18,37],[-101,104],[57,93],[68,38],[24,-33],[-38,-33],[24,-86],[43,9],[55,38],[29,48],[53,-73]],[[25040,9817],[-84,-15],[4,36],[-69,56]],[[24891,9894],[-10,91],[96,-33],[-29,101]],[[24948,10053],[68,-4],[13,-29]],[[25042,12016],[-22,-100]],[[25020,11916],[-92,-30],[-73,29],[43,48],[-19,65],[163,-12]],[[24674,12478],[23,-20],[-22,-94],[25,-84],[46,-14],[-2,-44],[-28,-26],[-66,-13],[-13,99],[20,10],[-27,91],[12,65],[32,30]],[[25212,12569],[-51,-113]],[[25161,12456],[-60,8],[2,56],[22,74],[87,-25]],[[24806,12495],[15,-56],[27,-30],[-79,-32],[-53,33],[90,85]],[[24646,12155],[38,-10],[17,-38],[-9,-50],[-91,20],[1,30],[44,48]],[[15853,11848],[17,-106],[-41,1],[26,46],[-2,59]],[[15845,11688],[-15,22]],[[15830,11710],[31,8]],[[15861,11718],[-16,-30]],[[53152,38864],[14,-50],[-6,-105],[33,-80],[15,-73],[-7,-71],[24,-65],[-8,-52],[-45,-73],[4,-65],[-38,-54],[39,-31],[36,-82],[14,-64],[33,-22]],[[53260,37977],[-28,-103],[39,-93],[-13,-35],[25,-93],[31,-18],[-19,-62]],[[53295,37573],[-6,-116],[-25,-51]],[[53264,37406],[-55,16],[-13,51],[-47,10],[-69,87],[-61,8],[-28,-57],[13,-40],[-5,-81],[-26,-5],[-13,-89],[-73,109],[-59,72],[-30,14],[-8,75],[-67,-1],[-44,30],[-9,47],[-88,116],[-2,48],[-32,49],[-35,-2],[-47,41],[-59,-3],[-43,-37]],[[52364,37864],[-43,9],[-4,117],[-38,54],[22,83],[-26,21],[-68,110],[-50,50],[-43,3],[-7,94],[21,25],[-10,71],[27,106],[-32,73],[-42,37],[33,49],[-33,55],[19,88],[-26,60],[13,75],[84,2],[-15,64]],[[52146,39110],[68,-26],[20,57],[56,87],[-29,108],[3,50],[67,1],[163,-42],[26,56],[102,-14],[41,-27],[38,15]],[[52701,39375],[51,-78],[3,-64]],[[52755,39233],[-6,-69],[25,-157],[24,-65],[31,19],[9,110],[56,-25],[117,-18],[40,39],[46,-43],[33,-139],[22,-21]],[[53223,41772],[-6,-93],[-44,-93],[6,-88],[-25,-31],[6,-70],[47,12],[32,-34],[-28,-144],[-28,-46],[-14,-93],[-33,-38],[5,-36],[-30,-81],[-16,-83],[-35,-11],[-31,-55],[-21,-145],[27,-75],[-33,-89],[-45,-25],[-141,11],[-80,-34],[-58,3]],[[52678,40434],[-48,102],[48,67],[-76,69],[-3,56],[22,78],[-13,82],[-66,59],[-52,-18],[-49,-58],[-14,55],[-4,111],[10,107],[-30,104]],[[53264,37406],[15,-71],[-4,-103],[21,-23],[-12,-61],[23,-90],[33,-18],[-5,-51],[-49,0],[-10,46],[-73,-77],[-32,-12],[-32,-77],[-78,31],[24,-135],[-14,-52],[21,-43],[-7,-80],[18,-56],[7,-94],[-16,-43],[27,-124]],[[53121,36273],[-171,111],[-26,49],[-49,15],[-59,51],[-34,-44],[-15,-89],[15,-132],[-28,-26],[6,-63],[-49,12],[-36,-67],[-62,7],[-15,133],[-79,190],[69,44],[-13,208],[-24,86],[-16,170],[-23,56],[-22,105],[6,35],[-26,142],[11,40],[-18,79],[-39,46],[34,80],[-27,109],[2,80],[-20,116],[-49,48]],[[53260,37977],[32,33],[50,-81],[75,-22],[41,42],[61,-52],[38,13],[1,93],[41,14],[42,-40]],[[53641,37977],[41,-61],[-24,-89],[-25,-29],[37,-59],[-25,-24],[46,-63],[-16,-21],[68,-53],[16,-68],[-67,-85],[-13,-48]],[[53679,37377],[-58,15],[-30,-26],[7,-41],[-38,-81],[-34,-41],[-52,32],[-2,112],[-89,153],[-60,67],[-28,6]],[[53679,37377],[34,-44],[25,-71],[-15,-59],[69,-41],[67,-62],[-9,-121],[17,-27],[-10,-64],[19,-40],[-10,-48],[27,-20],[-8,-90],[-30,-17],[-44,17],[-52,-45],[31,-33],[13,-51],[-14,-48],[-71,6],[-24,56],[-75,-6],[-32,25],[-40,-22],[9,-86],[-18,-54],[41,-33],[-11,-46],[-106,2],[15,-29],[-31,-96],[19,-67],[1,-77],[-46,0],[-46,98],[-85,-15],[-22,-133],[-58,123],[-48,34],[-15,78],[-25,2]],[[53521,39281],[-4,-62],[54,10],[70,-7],[79,15],[41,43],[77,7],[48,-24],[7,50],[64,75],[48,-5],[21,-112],[53,-29],[58,40],[50,-57],[36,-4]],[[54223,39221],[23,-27],[-24,-71],[28,-43],[-16,-28],[38,-75],[-28,-191],[19,-44],[-54,-17],[-1,-47],[-53,-136],[-67,-58],[-94,-6],[-85,57],[-1,41],[-70,39]],[[53838,38615],[-40,79],[-6,60],[12,64],[-33,74],[16,83],[-13,33],[-53,34],[-124,-12],[-103,12],[-80,102],[6,44],[35,20],[35,57],[31,16]],[[53985,40201],[65,93],[64,46],[16,31],[49,-3],[-10,94],[28,22],[-23,71],[1,47],[48,64]],[[54223,40666],[20,-40],[50,2],[-8,-106],[-20,-51],[8,-141],[27,-39],[-26,-61],[44,-155],[48,-35],[-29,-104],[19,-105],[-24,-52],[-13,-116],[-27,-13],[-15,-116],[2,-62]],[[54279,39472],[-122,-16],[-45,12],[-66,76],[-17,73],[-13,297],[4,168],[-35,119]],[[52755,39233],[63,4],[11,35],[71,-13],[85,-34],[105,67],[-38,56],[-9,65],[14,71],[-89,63],[-22,40],[3,110],[48,61],[74,11],[107,0],[78,-39],[48,15],[72,-79],[103,-43]],[[53479,39623],[53,-53],[-43,-61],[46,-156],[-14,-72]],[[53838,38615],[-31,-36],[-89,7],[-9,-108]],[[53709,38478],[-129,83],[-48,1],[-23,71],[-62,40],[-59,9],[-61,53],[-2,89],[-83,91],[-90,-51]],[[53484,41788],[24,-58],[7,-93],[32,-47],[-66,-135],[1,-43],[33,-52],[-12,-88],[-35,-28],[-2,-53],[-103,-87],[18,-32],[2,-2]],[[53383,41070],[29,-49],[4,-94],[14,-21],[-3,-102],[-17,-48],[-3,-98],[-18,-117],[54,-71],[-20,-78],[23,-90],[38,-68],[-5,-163]],[[53479,40071],[11,-77],[-10,-198],[20,-103],[20,-28],[-41,-42]],[[52701,39375],[-27,124],[3,162],[-39,21],[11,62],[27,21],[6,71],[30,55],[-16,38],[-49,25],[-24,45],[66,113],[-45,46],[-35,97],[27,36],[-33,59],[51,28],[24,56]],[[52146,39110],[-25,39],[10,49],[-38,46],[27,62],[-51,48],[-19,97],[-30,37],[-29,110],[-6,123],[-19,54],[-1,67],[-45,43],[6,76],[-37,33],[39,116],[-8,38],[-55,38]],[[51865,40186],[-15,99],[2,98],[50,30],[-25,62],[34,43],[51,-9],[38,135],[-41,32],[2,91],[36,31],[-12,93],[-20,45],[31,166],[4,81],[-7,121],[-40,77],[-6,54]],[[55625,41911],[27,-22],[74,10],[46,-57],[55,-4],[36,-60],[40,-27],[38,-62],[5,-140],[92,-85],[6,-55],[-24,-105],[24,-62],[11,-83],[93,-45],[31,-40]],[[56179,41074],[-40,-133],[-86,-155],[-23,-95],[-51,-5],[-35,-206],[-65,-40],[-20,11],[-21,92],[-20,34],[-53,-12],[-71,36],[-46,53],[-131,20],[-47,58],[-87,0],[-73,-49],[-88,-23],[-43,20],[-1,46],[-74,87],[-49,29]],[[55055,40842],[21,108],[29,75],[14,113],[58,60],[21,42],[40,25],[44,66],[42,23],[-25,62],[32,110]],[[55331,41526],[12,-116],[24,-13],[50,64],[-31,28],[-4,59],[26,90],[-13,33],[54,137],[62,38],[5,35],[61,71],[48,-41]],[[54429,43900],[21,-57],[39,-2],[19,-78],[108,7],[31,-42],[44,-20],[23,-51],[65,36],[0,45],[54,109],[39,46],[6,60],[45,62],[90,66],[18,65],[37,13],[53,86],[79,60]],[[55200,44305],[66,-42],[64,-77],[106,-53]],[[55436,44133],[-7,-31],[-48,-45],[-21,-54],[18,-39],[73,-42],[-14,-37],[-41,0],[-60,-51],[-92,-53],[-75,-89],[-22,-11],[-43,-81],[58,-119],[-3,-76],[-18,-52],[-18,-193],[-37,-77],[-96,-77],[7,-62],[34,-31],[1,-90],[-24,-45],[-89,-54]],[[54919,42724],[-84,21],[-143,92],[-64,-76],[-108,45],[-122,4],[-62,-36],[-81,-4],[-24,-18],[6,-79],[-60,-47],[-23,-41],[-9,-70],[-60,-33],[-4,-38],[-97,-25],[-28,48],[-59,9]],[[53897,42476],[-30,34],[-128,2]],[[53739,42512],[32,56],[34,105],[85,13],[24,17],[47,114],[-49,59]],[[57075,44233],[-17,-30],[-68,-53],[5,-77],[-50,-76],[-48,-116],[-28,-156],[63,-61],[208,-98]],[[57140,43566],[48,-49],[-1,-61],[-131,-18],[-124,-7],[-53,-23],[-124,-124],[-54,-37],[-158,-31],[-59,-19],[-164,-8],[-59,-32],[-90,-70],[-106,-34],[-78,-6],[-1,59],[-41,11]],[[55945,43117],[-19,90],[-2,87],[-45,56],[-14,93],[25,50],[86,71],[41,59]],[[56017,43623],[43,72],[45,40],[79,21],[63,48],[58,99],[96,136],[6,117],[30,30],[55,130],[138,248],[24,66]],[[56654,44630],[85,58],[91,112],[67,-37],[-51,-115],[-21,-87],[15,-34],[-14,-51],[15,-74],[47,-8],[38,-60],[43,-27],[58,-6],[51,-29],[-3,-39]],[[55311,41588],[-43,5],[-9,128],[-54,-32],[-14,36],[21,71],[-39,-4],[-23,36],[-104,-21],[-66,67],[27,68],[15,149],[-12,56],[12,77],[-11,55],[23,48]],[[55034,42327],[49,30],[-5,43],[29,69],[-2,90]],[[55105,42559],[62,-5],[66,-27],[62,-6],[61,-42],[-10,-60],[-40,-28],[-56,12],[-12,29],[-70,-13],[12,-84],[-11,-49],[66,-11],[3,-47],[67,-35],[-9,-162],[24,-59],[-14,-61]],[[55306,41911],[-33,-116],[42,-162],[-4,-45]],[[55055,40842],[-40,-17],[-67,24],[-82,-15],[-32,17],[-61,-11],[-15,-70],[-44,-39],[-76,47],[-6,-38],[-64,-18],[-22,-34],[-94,50],[-25,42],[-11,81],[-39,13],[-14,83],[-46,58]],[[54317,41015],[-37,27],[-4,61],[53,140],[13,82],[153,136],[26,37],[19,191],[-18,57],[-47,12],[-181,-4],[-48,22],[-25,40],[23,80],[51,58],[48,112],[-43,21],[-4,109]],[[54296,42196],[16,86],[39,17],[27,44],[132,-98],[67,-17],[101,-8],[58,12],[120,58],[123,35]],[[54979,42325],[55,2]],[[55311,41588],[20,-62]],[[55887,42327],[-67,41],[10,-90],[-24,-84],[-17,-113],[-31,-5],[-68,42],[-14,-62]],[[55676,42056],[-125,54],[-51,33],[-89,30]],[[55411,42173],[11,164],[29,57],[-54,25],[-10,55],[79,44]],[[55466,42518],[103,-38],[97,-51],[45,39],[100,33],[33,42],[29,64]],[[55873,42607],[26,-112],[-36,-28],[-23,-77],[47,-63]],[[55466,42518],[-19,60],[20,100],[4,121],[-28,34],[-49,7],[20,49],[-31,61],[26,63]],[[55409,43013],[16,4],[50,-111],[51,141],[35,-34],[49,-5],[-10,-45],[57,-13],[8,64],[-59,45],[47,42],[34,-29],[55,22],[-6,-73],[22,-36],[-56,-44],[23,-39],[49,20],[43,57],[30,-16],[-15,-48],[-52,-86],[13,-61],[-49,-90],[13,-19],[-36,-126],[125,18],[27,56]],[[55629,42859],[-20,-7],[-10,-111],[-27,-49],[-16,-77],[72,-58],[61,77],[52,16],[-5,39],[21,86],[-122,-24],[-6,108]],[[55436,44133],[97,-16],[71,-54],[6,-44],[-45,-114],[25,-66],[61,-28],[17,-37],[-10,-63],[-47,-78],[89,-5],[103,-41],[65,3],[149,33]],[[55945,43117],[-25,-119],[25,-71],[-12,-204],[5,-79],[52,-120],[29,-191]],[[56019,42333],[-132,-6]],[[55409,43013],[-75,27],[40,63],[-12,32],[33,73],[162,101],[22,36],[-45,29],[-60,-14],[-26,-60],[-110,-124],[-53,-96],[-50,-52],[-15,-79],[-55,-96],[6,-59],[-28,-27],[-15,-65],[13,-65],[-36,-78]],[[54979,42325],[-19,131],[-36,85],[-27,106],[22,77]],[[55411,42173],[-19,-26],[-54,-8],[-6,-79],[23,-29],[3,-70],[-52,-50]],[[58261,47199],[5,-40],[-41,-66],[-91,-25],[-38,-47],[18,-79],[-32,-49],[-68,-42],[17,-59],[-80,-98],[-22,-61],[47,-15],[43,-69],[-13,-46],[77,-66],[-23,-89]],[[58060,46348],[-42,-11],[-87,6],[-63,-31],[-81,-58],[-84,12],[-100,81],[-25,46],[-5,58],[17,47]],[[57590,46498],[-29,85],[23,62],[1,53],[-30,58],[14,33],[-7,77],[-38,113],[2,60],[-80,8],[-21,24],[-90,31],[-28,74],[26,94],[48,0],[29,46],[-47,58],[-31,64],[42,9],[-31,66]],[[57607,47816],[60,-14],[61,-60],[77,17],[36,30],[105,34],[50,34],[15,39],[81,53],[50,50]],[[58060,46348],[-16,-25],[14,-79],[-21,-69],[13,-59],[-24,-37],[58,-47],[-45,-59],[-13,-68],[15,-76],[-6,-71],[55,-26],[52,14],[41,-49],[-47,-49],[-11,-62],[-74,-92],[-22,-7],[-47,-76],[-95,-29],[-74,-81]],[[57813,45301],[-49,-23],[-41,42],[-53,16],[-5,69],[-148,28],[-38,35],[-68,27],[-30,75],[-92,-7],[-2,55],[-34,26],[-89,6],[-102,-12]],[[57062,45638],[10,55],[48,106],[-8,108],[31,79],[-75,93],[-36,-26],[-33,24],[-56,-42],[-72,63]],[[56871,46098],[25,32],[-76,87],[-2,66],[36,11],[47,55],[70,45],[41,-6],[37,38],[4,65],[45,24],[45,66],[32,104]],[[57175,46685],[123,-1],[55,-55],[85,-59],[31,-49],[41,-19],[80,-4]],[[57212,47420],[2,-41],[33,-21],[-2,-98],[-58,-2],[-15,-46],[-86,-49],[19,-37],[72,-34],[11,-48],[31,-23],[-8,-73],[-69,-122],[17,-120],[16,-21]],[[56871,46098],[-48,-16],[-48,19],[-77,5],[32,65],[-73,103],[-25,-11],[-62,-145],[3,-28],[-98,15],[-49,-34]],[[56426,46071],[19,72],[-78,35],[28,72],[-17,143],[-35,21],[19,46],[-70,73],[-17,69],[-44,44],[28,30]],[[56654,44630],[-25,48],[-109,-89],[-39,-104],[-65,-33],[-111,-36],[-121,-19],[-128,2],[-27,115]],[[56029,44514],[12,86],[34,43],[-7,60],[20,78],[-8,68],[169,123],[-14,50]],[[56235,45022],[41,6],[21,110],[52,50],[95,22],[88,35],[74,-3],[5,-30],[70,-1],[36,-34],[47,-2],[22,-29],[-38,-131],[50,-9],[17,-50],[67,45],[53,65],[59,-32],[59,23],[115,-52]],[[57168,45005],[2,-68],[71,97],[32,12],[94,-26],[55,-42],[47,-61],[14,-60],[-18,-194],[48,-45],[25,-49]],[[57538,44569],[30,-34],[-99,-9],[-68,-59],[-2,-45],[-39,-72],[-52,-32],[-90,-1],[-54,-28],[-67,-9],[-22,-47]],[[56029,44514],[-91,-17],[-30,-57],[-72,16],[-18,53],[-66,18],[-59,52],[-32,-32],[-96,-5],[-8,-22],[-81,-6]],[[55476,44514],[11,49],[-58,102],[-52,113]],[[55377,44778],[41,99],[161,146],[-18,45],[28,108],[-14,81],[-26,19],[62,101],[12,62],[41,40],[-42,87]],[[55622,45566],[100,29],[80,-19],[59,24],[75,-1],[23,35],[117,-8],[101,15],[52,-35]],[[56229,45606],[-11,-30],[30,-96],[-8,-31],[-54,-29],[-75,-15],[-64,-107],[48,-43],[-3,-29],[58,-68],[57,-5],[23,-55],[-23,-39],[28,-37]],[[56426,46071],[-85,-24],[23,-71],[80,-89],[1,-91],[-28,-82],[-73,-114],[-49,-12],[-66,18]],[[55622,45566],[-105,9]],[[57062,45638],[-7,-30],[-56,-69],[-40,-83],[-98,-130],[48,-23],[46,-100],[-1,-48],[98,-11],[74,-51],[42,-88]],[[57813,45301],[-4,-51],[36,-75],[7,-69],[38,-49],[0,-89],[-16,-39],[-101,-56],[-8,-32],[-111,-89],[-26,-54],[-13,-79],[-77,-50]],[[55377,44778],[-53,65],[-132,6],[-91,-21],[-110,43],[-85,-66],[-40,6],[-15,42],[-62,-31],[-74,-4],[-59,44],[-34,2]],[[55476,44514],[-69,15],[-91,-24],[-30,18],[-79,-60],[-81,-10],[-24,-67],[84,-3],[14,-78]],[[50787,41177],[6,-155],[-10,-172],[11,-98],[65,-90],[11,-244],[-21,-70],[-8,-106],[-19,-17],[-3,-121]],[[50819,40104],[-38,-13],[-56,58],[24,55],[-84,66],[-91,-5],[-86,27],[-36,-26],[-82,13]],[[50370,40279],[-13,51]],[[50357,40330],[-12,101],[9,85],[-19,91],[-38,16],[-1,57],[-47,195],[-26,79],[-40,52],[17,62]],[[50200,41068],[122,-53],[82,-1],[22,24],[93,46],[24,157],[65,57],[5,-52],[26,-31],[76,-40],[72,2]],[[50370,40279],[-22,-73],[12,-32],[-61,-56],[-56,0],[-14,-36],[-80,-63],[-58,-115],[-79,-62],[5,-122],[-37,-31],[11,-74],[-13,-96],[25,-31],[39,-99],[22,-28]],[[50064,39361],[-65,-46],[-26,-73],[-82,-110],[-73,-6]],[[49818,39126],[-17,28],[15,66],[-41,9],[37,98],[-46,9],[-14,32],[-2,124],[-70,66],[15,50],[-35,25],[-30,60],[-47,12],[15,52],[-65,101],[-40,82],[5,81],[91,7],[10,74],[-114,7],[-13,50],[37,87],[122,-5]],[[49631,40241],[42,12],[80,-41],[28,27],[51,-13],[0,54],[61,-13],[56,-32],[58,45],[74,-5],[7,-34],[70,-13],[73,15],[41,36],[47,12],[38,39]],[[49631,40241],[16,44],[-10,53],[13,49],[44,75],[-32,58],[-20,80],[29,57],[73,-1],[-25,54],[37,77],[85,37],[40,-28],[85,-11],[-10,66],[36,52],[12,51],[-42,78],[-6,66],[79,18],[93,-45],[72,-3]],[[50787,41177],[-5,95],[-24,129],[86,-42],[129,-30],[52,-78],[10,-63],[59,-21]],[[51094,41167],[22,-59],[76,-41],[62,-62],[62,80],[60,-21],[82,41],[3,-87],[-9,-106],[43,-39],[3,-54]],[[51498,40819],[6,-137],[83,-32],[42,-120],[15,-74],[5,-157],[29,-83]],[[51678,40216],[-61,-10],[-45,-46],[-50,-21],[-60,-84],[-110,-16],[-44,76],[-39,40],[-15,56],[-64,0],[-29,-89],[-2,-48],[26,-52],[-9,-30],[24,-66],[30,-240],[-3,-67],[-70,-43],[14,-62],[-87,6],[-28,-26]],[[51056,39494],[-54,8],[18,63],[-74,33],[-49,100],[-7,51],[-52,29],[-20,76],[3,47],[-28,32],[26,171]],[[51094,41167],[24,30],[11,106],[27,108],[32,56],[-51,158],[80,65],[47,-11],[-18,65],[46,15],[103,-34],[63,3]],[[51458,41728],[-23,-145],[18,-24],[-8,-75],[74,-30],[14,-52],[74,-37],[24,-69],[66,-12],[11,-64],[-16,-33],[-72,-47],[18,-60],[-9,-60],[-83,-87],[-19,-48],[7,-62],[-36,-4]],[[51865,40186],[-30,4],[-8,-75],[-37,-62],[-45,6],[8,58],[-25,56],[-50,43]],[[51458,41728],[39,-8],[67,24],[33,102],[58,-16],[10,44],[-35,147],[20,70],[49,-14],[64,-43],[14,22]],[[51056,39494],[-108,-80],[-1,-57],[-36,-46],[-121,-104],[-7,-78],[33,-21],[0,-60],[30,-40],[-3,-52],[34,-58],[4,-56],[34,-169]],[[50915,38673],[-55,25],[-36,74],[13,46],[-23,97],[-31,28],[-11,86],[-22,72],[-34,43],[27,84],[-79,70],[-21,53],[-75,-23],[-59,106],[-96,-5],[-19,41],[-45,-19],[-177,-25],[-28,-68],[-33,26],[-47,-23]],[[50915,38673],[-35,-39],[-59,10],[-5,-76],[-58,-55],[-22,-58],[-158,-25],[-52,-27],[-59,-52],[-14,55],[-79,21],[-55,47],[16,90],[-42,3],[10,56],[-52,100],[7,77],[-39,21],[14,110],[-39,37],[-55,82],[-12,41],[-79,17],[-23,42],[-37,-91],[21,-40],[-44,-90],[18,-96],[30,-92],[-7,-41],[29,-45],[-34,-46],[-56,33],[-48,75],[2,39],[-51,93],[0,226],[-30,51]],[[47609,43672],[18,174],[-35,6],[-18,56],[31,47],[16,72],[-72,37],[-2,55],[-27,35],[32,65],[-3,83],[41,79],[134,-50]],[[47724,44331],[66,-11],[87,5],[154,-35],[123,-43],[43,13],[69,-12],[57,-71],[23,39],[46,-6],[108,124],[36,11],[38,45],[35,5],[19,47],[44,50]],[[48672,44492],[23,-53],[25,-115],[-35,-72],[-39,10],[-2,-134],[22,-34],[70,4],[91,-47],[16,-116],[48,-38]],[[48891,43897],[59,2],[36,-21],[91,-97],[-20,-100],[14,-61]],[[49071,43620],[-84,-26],[-75,17],[-86,-26],[-93,18],[-25,42],[-36,7],[-45,-38],[-110,-19],[-90,9],[-10,49],[-94,-35],[-60,10],[-195,-12],[-119,-60],[-67,28],[-90,15],[-87,69],[-96,4]],[[51952,45757],[-99,-113],[-118,-102],[-76,-50],[-20,-51],[8,-66],[45,-16],[35,23],[60,-39],[-98,-75],[3,-44],[-60,-92],[-5,-68],[30,-93],[-20,-84],[19,-58]],[[51656,44829],[-59,-74],[-76,-21],[-65,42],[-72,-6],[-17,-29],[-90,22],[-43,64],[-115,-54],[-24,-38],[-57,-25],[-75,18],[-47,-54],[-105,71],[-12,60],[-31,1]],[[50768,44806],[110,26],[11,64],[25,28],[-98,53],[33,61],[-1,46],[-39,45],[-48,27],[-20,-53],[-58,-15],[-89,37],[-60,-20],[-43,20],[-112,-7],[-72,-34],[-32,9],[-125,-36],[-164,54],[-33,-16],[-60,41],[-5,54]],[[51656,44829],[2,-15],[-2,-21],[11,-7]],[[51667,44786],[-10,-62],[-44,-5],[4,-42],[-36,-25],[-44,-89],[20,-26],[-52,-110],[23,-47],[-22,-47],[24,-24],[20,-142],[-9,-49],[28,-89],[-11,-47],[-124,43],[-103,-64],[-14,-45],[-43,-60],[29,-79],[-3,-35],[58,-66],[-1,-29]],[[51357,43647],[-51,2],[-49,-39],[-27,18],[-100,12],[-129,-22],[-46,9],[-140,-29],[-56,24],[-21,-56],[-75,28],[-23,-54],[-63,-3],[-46,-47],[-47,25],[1,35],[-51,27],[28,50],[-75,-9],[-40,-40],[-122,-46],[-74,0],[10,37],[-98,19],[-30,30]],[[50033,43618],[-48,81],[1,73],[31,33],[62,16],[20,88],[95,28],[55,-7],[55,41],[87,-15],[32,43],[-3,56],[-65,53],[22,23],[34,115]],[[50411,44246],[7,65],[30,99],[105,15],[104,49],[55,55],[53,28],[-21,29],[29,59],[-44,24],[-11,43],[59,38],[-9,56]],[[50411,44246],[-42,-19],[-84,45],[17,31],[-54,31],[-58,-20],[-8,-47],[78,-12],[-90,-91],[-54,-12],[-65,-58],[-46,38],[92,63],[-64,37],[60,66],[-27,15],[-125,9],[-11,-25],[-76,21],[-51,-30],[-51,-8],[-194,18],[-42,-42],[-73,-33],[20,-46],[54,-32],[-67,-53],[-47,-125],[-64,44],[-73,-22],[-31,-35],[-113,19],[-61,35],[-170,-111]],[[48672,44492],[-4,31],[38,61],[90,28],[75,3],[11,29],[107,105],[9,39],[83,99],[28,71]],[[49109,44958],[22,27],[-92,56],[54,67],[60,49]],[[50033,43618],[-180,13],[-127,74],[-61,-24],[-58,13],[-93,-18],[-210,5],[-12,-13],[-126,-20],[-95,-28]],[[47786,45604],[46,-72],[-11,-70],[40,-96],[10,-143],[-83,-10],[-40,-101],[27,-26],[102,1]],[[47877,45087],[22,-6],[25,-73],[-20,-42],[34,-45],[18,-88],[-33,-97],[-12,-74],[-31,-48],[16,-106],[-23,-39],[-149,-138]],[[47609,43672],[-192,42],[-52,30],[-118,-1],[-92,48],[-41,42],[-46,1],[-53,36],[-59,9],[-37,53]],[[46919,43932],[45,84],[47,46],[-16,122],[19,54],[71,-48],[19,16],[37,103],[-22,33],[39,44],[78,-9],[9,75],[-44,29],[-12,52],[-85,29],[-52,-15],[-48,48]],[[47004,44595],[35,57],[-29,37],[-124,83],[-21,66],[-35,18],[-15,52],[17,54],[72,84],[-7,86],[121,85],[30,44],[-37,31],[35,35],[45,-6],[46,59],[61,31],[58,77]],[[46919,43932],[-144,4],[-47,-46],[-93,23],[20,44],[-40,80],[-7,74],[18,103],[46,126]],[[46672,44340],[60,35],[-19,115],[42,43],[186,39],[14,39],[49,-16]],[[52164,43295],[-86,39],[-28,50],[-65,-9],[-127,38],[-105,54],[31,20],[-67,42]],[[51717,43529],[87,119],[11,78],[-29,43],[-44,7],[-23,96],[7,61],[-42,61],[-15,50],[26,34],[99,20],[48,30],[44,86],[0,31],[54,37],[61,19],[74,-12],[103,8],[98,44],[76,-10],[133,18],[97,73],[31,-2]],[[51717,43529],[-47,-20],[-78,39],[-26,65],[-128,39],[-81,-5]],[[51667,44786],[88,69],[56,30],[73,6],[81,36],[66,1],[28,19],[35,16],[33,14],[104,-37],[-10,-51],[15,-54],[67,-12],[34,-44],[36,-88],[128,-36],[7,-89],[57,-50],[89,38],[26,43],[43,-11],[0,-2]],[[47877,45087],[91,119],[121,-11],[104,36],[19,-33],[-98,-134],[45,-8],[113,15],[101,83],[61,96],[82,-7],[-12,-69],[115,-37],[25,-37],[45,-1],[139,-106],[25,-34],[81,-47],[68,44],[57,19],[50,-17]],[[29560,35591],[-120,-60],[-61,7],[-29,23],[-74,-3],[-53,-47],[-25,39],[-61,-6],[-19,-30],[55,-93],[-32,-67],[-69,-27],[-31,-61],[76,-67],[-15,-58]],[[29102,35141],[-50,-65],[0,-47],[-53,-9],[3,-52],[-30,-32],[1,-214],[15,-28],[-93,-104],[-23,-58],[-66,-2]],[[28806,34530],[-50,42],[-82,12],[0,47],[-28,30],[29,57],[-54,7],[-54,-33],[15,103],[36,44],[0,91],[-182,15],[-49,46],[-59,-19],[2,-57],[-107,11],[-20,51],[-96,2],[-28,-55],[-46,31]],[[28033,34955],[-69,29],[-46,72],[27,54],[48,41],[7,109],[-9,142]],[[27991,35402],[69,16],[38,34],[1,70],[58,-16],[95,49],[37,-22],[51,15],[-18,50],[-9,95],[30,33],[139,-13],[-22,110],[34,28],[106,55],[2,61],[37,42],[13,71],[-26,62],[73,-12]],[[28699,36130],[90,-48],[7,-65],[105,-16],[115,-74],[145,-23],[37,-32],[110,-215],[115,29],[30,-13],[107,-82]],[[29965,28382],[-38,-37],[-72,4],[-157,-78]],[[29698,28271],[-46,50],[-9,39],[32,66],[-33,24],[-127,-32],[-76,-42],[-64,14],[-26,-16],[-72,48]],[[29277,28422],[3,35],[-40,95],[-63,31],[-95,-6],[-45,-56],[-91,50],[-1,49],[-31,27],[-45,-19],[-20,52],[-56,52],[14,57],[-164,74],[10,58],[-29,89],[114,27],[4,76],[-46,-9],[4,63],[-26,31],[-2,159],[20,125],[-61,21],[-50,-55],[-104,8],[-23,37],[-67,34]],[[28387,29527],[-12,51],[23,28],[-19,55]],[[28379,29661],[61,-17],[95,-8],[126,-85],[52,-17],[57,7],[19,72],[47,54],[21,-19],[93,-22],[11,-48],[139,59],[8,36],[-79,8],[-51,49],[26,130],[70,24],[73,0],[49,30],[69,-47],[64,-2],[26,45],[5,60],[-25,27],[-2,70],[38,42],[24,68],[63,-52],[5,74],[-35,32],[19,63],[76,-1],[21,-47],[31,-10],[66,34],[50,2],[64,-29],[15,-63],[67,21]],[[29837,30201],[73,4],[24,29],[46,-15],[21,-85],[-11,-30],[48,-88],[110,14],[29,-40],[-37,-111],[-55,0],[3,-42],[82,-37],[-26,-98],[-36,-60],[9,-163],[38,-29],[12,-60],[-23,-59],[61,-40]],[[30205,29291],[26,-91],[-31,-43],[61,-93],[37,-261],[-56,4],[-92,-49],[-28,-94],[15,-51],[-42,-135],[-116,-40],[-14,-56]],[[29088,37641],[27,-51],[-30,-45],[45,-50],[19,-57],[56,4],[41,-99],[45,-79],[-13,-95],[53,-25],[18,-51],[105,-4],[53,-142],[56,-81],[-2,-96],[-43,-66],[-83,-10],[-73,-70],[-91,0],[-56,41],[-115,8],[16,-40],[101,-164],[37,0],[137,-128],[94,-177],[56,-74],[71,-122],[34,-36],[20,-105],[111,-95],[7,-67],[39,-87]],[[29823,35578],[-76,-27],[-61,-6],[-91,24],[-35,22]],[[28699,36130],[29,35],[-12,48],[48,74],[-27,56],[-4,87],[54,117],[9,161],[-48,102],[30,18],[6,79],[-110,174],[7,49],[-33,35],[0,107]],[[29189,37697],[-2,-78],[49,-110],[61,12],[56,-56],[60,4],[70,85],[115,0],[69,12],[50,-17],[41,-67],[67,-15],[125,-4],[-3,75],[111,-2],[48,-60],[-4,-87]],[[30102,37389],[22,-28],[-13,-71],[-29,-34],[-8,-68],[52,-33],[32,-86],[-57,-76],[-2,-60],[-32,-44],[193,-26],[65,37],[-10,-85],[44,7],[69,-17],[45,64],[59,5],[51,-55],[43,6],[43,-51],[-49,-48],[60,-35],[32,-52],[69,-51]],[[30781,36588],[-28,-41],[-14,-58],[-74,-98],[-73,6],[-66,-28],[-11,-75],[-89,-80],[-5,-184],[-38,-116],[-2,-132],[56,-183],[113,-132],[147,-70],[16,-44],[-83,-47]],[[30630,35306],[-149,12],[-114,50],[-68,0],[0,56],[-90,78],[-11,42],[-233,74],[-142,-40]],[[29502,33647],[99,144],[91,91],[63,107]],[[29755,33989],[26,-47],[147,-90],[59,-50],[131,-34],[25,-100],[51,-72],[55,-14],[6,36],[122,-35],[9,-53],[77,-69],[54,-25]],[[30517,33436],[-19,-119],[12,-70],[-8,-75],[23,-70],[-5,-71],[48,-89],[6,-87],[-27,-49],[-37,-22],[8,-45],[-40,-50],[54,-74],[68,-30],[16,-136],[68,11],[-4,-44],[25,-30],[-42,-55],[1,-60],[-35,-99],[61,-61],[13,-73],[-50,-36],[-2,-56],[20,-89],[-16,-55],[-49,-44],[25,-168],[2,-95],[98,-32],[75,-13],[56,-39],[90,-3],[83,-52],[69,-7],[20,25],[58,4],[100,-15]],[[31282,31363],[30,-23],[-3,-86],[-20,-95],[23,-137],[-27,-51],[-113,-4],[-58,-93],[-73,-36]],[[31041,30838],[-29,74],[0,61],[55,77],[-66,26],[-48,-6],[-31,31],[-68,7],[-49,36],[-71,6],[-62,-15],[-54,-35],[-44,-65],[-62,-58],[-89,126],[-6,37],[-56,109],[-16,63],[-67,62],[-57,-42],[-43,2],[-113,74],[-34,-5],[-125,93],[-20,-34],[-73,-38],[-11,60]],[[29802,31484],[54,111],[52,23],[78,-3],[25,68],[47,32],[-2,94],[27,78],[58,95],[-69,64],[-74,7],[-60,184],[6,108],[-39,56],[-24,64],[6,35],[-43,94],[-33,26],[-7,115],[-45,148],[37,78],[-64,69],[-26,66],[-75,21],[-26,76],[-32,47],[28,67],[-35,34],[-34,91],[5,69],[-30,36],[-5,110]],[[27991,35402],[-34,26],[-58,2],[-69,39],[-96,-18],[-66,38],[-56,-35],[-101,94],[-2,46],[-55,93],[-33,-8],[-143,23]],[[29698,28271],[-1,-43],[-28,-28],[0,-64],[-69,17],[-48,42],[-10,-77],[25,-4],[64,-54],[53,-23],[-16,-66],[-99,-4],[-9,-68],[-31,1],[-71,-66],[-11,-46],[-177,-167],[-37,-156],[-187,-14],[5,-56],[-96,-35],[-48,1],[-56,-67],[-85,-33],[-5,-54],[-45,-124],[39,-63],[-24,-66],[-6,-87],[-59,-101],[-16,-50],[11,-59],[-4,-80],[-48,-55],[-22,-58],[8,-45],[-24,-64],[-72,30],[-30,-69],[18,-30],[-30,-50],[2,-45]],[[28459,26191],[-151,13],[-131,-1],[-134,83],[-70,13],[-133,-85],[-52,-72],[-89,8],[-43,63],[-17,51],[-20,164],[-23,36],[-26,167],[-22,90],[8,28],[-48,89],[12,100],[53,61]],[[27573,26999],[92,87],[56,-14],[58,30],[39,56],[32,15],[-9,49],[-47,41],[-27,73],[20,66],[-15,54],[-41,44],[-44,-6],[-71,18],[-43,39],[-49,-5],[-50,33],[123,106],[59,127],[45,37],[18,88],[106,39],[157,-31],[62,11]],[[28044,27956],[58,-43],[67,0],[44,-100],[63,-62],[16,-42],[36,-7],[25,-37],[90,-11],[71,-37],[16,56],[-61,6],[-30,42],[40,104],[76,-8],[0,64],[-25,24],[32,58],[-30,79],[50,20],[1,38],[38,30],[72,8],[55,-39],[53,0],[15,-76],[34,-15],[16,83],[-65,35],[-5,50],[23,44],[-25,71],[24,13],[56,86],[47,-13],[34,31],[25,-35],[-5,-49],[78,-37],[-7,-67],[39,-3],[83,46],[66,-44],[16,46],[-44,27],[34,98],[37,32]],[[26637,31634],[27,21],[25,88],[29,40],[85,29],[42,35],[8,36],[42,10],[51,-73],[51,-7],[31,34],[20,88],[-17,65],[43,41],[60,17],[37,-22],[58,35],[21,39],[-21,104],[49,-25],[38,98],[51,-7],[81,101],[47,31],[28,-13],[47,30]],[[27570,32429],[42,25],[52,-28],[56,-61],[57,-4],[165,-98],[51,62],[104,32],[49,52],[38,96],[-20,42],[76,36],[52,89],[81,-2],[67,-42],[58,48]],[[28498,32676],[3,-59],[38,-26],[125,-6],[29,12],[44,-62],[49,51],[88,9],[74,-8],[161,-77],[90,0],[12,-40],[-8,-106],[65,-79],[-9,-66],[70,-71],[-64,-45],[-10,-53],[34,-19],[22,-45],[-25,-67],[23,-53],[37,2],[24,-100]],[[29370,31768],[-83,-31],[-51,16],[-47,-16],[-17,-41],[-97,-22],[-74,30],[-61,39],[-60,83],[-66,-9],[-71,-51],[-106,-24],[-61,-29],[-57,22],[-42,-98],[9,-85],[-36,-75],[-63,-3],[-144,-67],[24,-98],[50,-21],[6,-74],[35,-21],[117,-102],[3,-34],[-57,-43],[38,-43]],[[28459,30971],[-103,-2],[-63,-70],[-32,-9],[-124,17],[-66,-47],[-46,-15],[-29,55],[-27,0],[-61,-41],[-8,-40],[45,-124],[-32,-60],[-60,-10],[-57,11],[-40,35],[-65,142],[-101,-1],[-75,59],[-42,69],[-48,145],[2,99],[-110,45],[-62,-87],[-47,-13],[-33,-40],[-80,-36],[-66,-70],[-10,-57],[54,12],[62,44],[81,-19],[12,-35],[-57,-22],[-21,-48],[-41,46],[-83,-37],[-28,-34],[-6,-90],[28,-91],[-35,6],[-79,-21]],[[26906,30637],[-9,22],[-103,74],[-67,22],[-25,39],[-67,47],[10,87],[-57,41],[-90,-2],[-51,-83],[-112,2],[-6,53],[73,-14],[62,42],[32,69],[48,28],[-16,58],[-62,23],[-36,-23],[-90,38],[8,54],[80,48],[57,-45],[68,-21],[41,14],[25,86],[26,34],[-25,53],[29,146],[-24,58],[12,47]],[[28044,27956],[21,25],[4,85],[-48,2],[-49,-51],[0,75],[16,72],[24,40],[-35,95],[68,117],[5,54],[-30,104],[36,100],[-10,77],[11,54],[-107,-10],[21,48],[67,17],[21,31],[-41,54],[-7,103],[22,72],[-5,217],[39,75],[172,30],[68,-54],[65,-36],[64,75],[-49,100]],[[31004,38338],[11,103],[61,52],[-63,82],[-17,64],[37,72],[-10,70],[50,29],[69,-1],[31,54],[24,83],[56,68],[79,10]],[[31332,39024],[16,-57],[109,-29],[20,-46],[14,-90],[38,-52],[-15,-70],[40,-45],[66,24],[26,63],[106,15],[77,-71],[30,-71],[71,1],[81,91],[-3,50],[126,-6],[29,19],[46,-15],[14,-61],[66,10],[-35,80],[-37,33],[30,182],[50,-4],[40,-54],[32,-8],[43,38],[54,23]],[[32466,38974],[42,-1],[85,-70],[39,-56],[58,1],[41,135],[4,86],[53,18],[72,-31],[199,-10],[-14,-35],[43,-55],[29,-71]],[[33117,38885],[8,-97],[-50,-36],[-57,-69],[-7,-69],[39,-4],[55,-64],[-39,-74],[-37,-36],[-13,-67],[63,-94],[73,-64],[14,-39],[44,-17],[1,-34],[66,-56],[38,-11],[14,-88],[-5,-110],[-40,-24],[10,-62],[96,-50],[16,-44],[-36,-88],[-42,60],[-202,115],[-55,-45],[-48,-13],[-12,-39],[-56,24],[-94,7]],[[32861,37697],[-45,-30],[-63,-4],[-13,87],[27,0],[14,88],[-36,26],[-68,-22],[-22,48],[-112,31],[-79,6],[-35,39],[-100,1],[-55,-32],[-23,-81],[-70,-26],[5,-71],[-22,-49]],[[32164,37708],[-116,-24],[-89,-63],[-59,53],[-42,-2],[-56,30],[-43,60],[-125,113],[-72,-9],[-122,62],[-19,45],[-99,98],[-57,3],[-83,-52],[-111,47],[-72,4],[-28,31],[43,119],[-10,115]],[[31499,40749],[50,8],[60,-43],[31,-50],[58,-50],[70,-28],[67,-47],[65,16],[113,8],[53,-18],[143,35],[38,47],[96,27],[46,93],[11,68],[133,84],[3,63],[25,54],[70,64]],[[34160,38874],[-44,44],[-109,-16],[-46,-42],[-115,46],[-29,49],[-108,72],[-87,28],[-30,-57],[-58,38],[-53,-32],[-6,-39],[-111,45],[-98,-23],[-47,-84],[-58,18],[-44,-36]],[[32466,38974],[-78,32],[-24,57],[34,31],[16,82],[-32,40],[10,69],[41,130],[23,5],[50,-46],[85,-41],[25,20],[41,-31],[22,32],[-50,37],[13,59],[82,-12],[14,27],[-28,80],[-56,37],[-13,41],[54,10],[3,58],[-105,-10],[-45,12],[-72,-8],[-7,72],[82,31],[-123,51],[-1,-43],[-46,-13],[-21,38],[33,98],[-19,34],[10,81],[-13,85],[5,70],[-104,-45],[-71,22],[-112,66],[-25,66],[-39,39],[-62,10],[-33,53],[-34,-33],[-15,-74],[-142,28],[-72,46],[-61,19],[-23,-76],[34,-35],[-45,-61],[78,-111],[66,-32],[105,-17],[43,-30],[54,7],[39,-32],[28,-91],[39,-13],[7,-74],[-48,-22],[-62,7],[-83,-38],[-14,-65],[-141,-66],[-56,-42],[-43,45],[-26,-7],[-59,62],[-35,-49],[-69,-34],[-44,15],[-31,-54],[-63,7],[-33,23],[-56,-8]],[[31168,39595],[-21,59],[-63,36],[-67,67],[6,36],[-20,144],[61,115],[-21,67],[-61,88],[-58,65],[-85,12],[1,44]],[[28379,29661],[43,56],[-18,43]],[[28404,29760],[72,82],[15,142],[29,1],[15,-80],[23,-17],[64,17],[-9,210],[-90,27],[-20,46],[46,47],[-6,72],[28,39],[12,110],[-15,67],[43,18],[79,-8],[20,34],[-85,3],[-48,34],[3,107],[-180,23],[-32,35],[-7,147],[98,55]],[[29370,31768],[67,-13],[5,-125],[48,-54],[19,-89]],[[29509,31487],[-29,-54],[-29,-125],[-20,-48],[24,-28],[-6,-56],[27,-36],[85,-49],[135,-56],[-7,-45],[49,-95],[50,7],[105,-17],[17,-20],[-6,-70],[-23,-24],[-19,-93],[20,-81],[10,-107],[-36,-97],[25,-106],[-44,-86]],[[28404,29760],[-136,36],[-69,-25],[-75,-6],[-34,-83],[-50,1],[-62,-45],[-22,55],[-37,9],[5,-88],[-37,-6],[-36,40],[-87,-11],[8,-78],[-160,-11],[-65,-15],[11,61],[-26,68],[8,59],[-26,29],[-122,9],[-13,37],[-86,12],[-40,25]],[[27253,29833],[38,38],[-64,41],[-57,107],[102,37],[70,3],[45,40],[8,50],[-33,92],[-78,31],[-28,69],[-92,-6],[-40,19],[-18,52],[-80,43],[-129,2],[-8,53],[17,133]],[[28806,34530],[-10,-62],[-33,-15],[23,-64],[0,-67],[46,-16],[22,-41],[54,-37],[49,-108],[-39,-6],[-49,-84],[-7,-119],[57,-19],[-13,-60],[25,-38]],[[28931,33794],[24,-83],[-17,-53],[-53,-59],[-96,-27],[-56,-85],[-37,0],[-61,-71]],[[28635,33416],[-62,-53],[-109,17],[-21,33],[55,46],[-9,84],[10,44],[45,41],[-49,38],[26,26],[1,50],[-49,27],[-10,88],[-40,0],[-29,-45],[-130,16],[-6,43],[-57,-26],[-9,-32],[-115,38],[-1,-47],[-71,20],[4,89],[-66,-11],[-17,16]],[[27926,33918],[32,58],[61,-11],[37,15],[21,163],[-40,64],[3,50],[-81,-7],[9,97],[-5,70],[52,76],[15,157],[-35,69],[10,156],[-41,5],[-7,42],[61,-12],[15,45]],[[31332,39024],[64,54],[5,125],[-7,71],[-25,48],[-150,32],[-49,30],[9,71],[-11,140]],[[27573,26999],[-1,45],[-157,-79],[-84,-5],[-13,24],[-16,129],[41,23],[-18,44],[-87,12],[-2,-104],[-43,-49],[-76,-8],[-60,21],[-3,111],[110,58],[-39,83],[-47,56],[0,35],[-47,105],[-21,105],[-47,32],[9,36],[-32,45],[-64,44],[-31,83],[-77,89],[-148,97],[-46,70],[-59,29],[-72,-4],[-103,-46],[-44,-32]],[[26296,28048],[-53,10],[-44,-17]],[[26199,28041],[-38,73],[-49,151],[-62,77]],[[26050,28342],[-58,72],[30,41],[47,-2],[38,61],[53,12],[59,36],[5,31],[-49,108],[-119,130],[-14,37],[8,111],[59,98],[-14,41],[58,43],[34,87],[-23,55],[9,40],[44,51],[77,42],[11,36],[-20,51],[25,61],[66,17],[57,46],[54,140],[79,35],[52,72],[60,55],[29,3],[24,-51],[3,-57],[40,-97],[30,-17],[100,52],[32,-6],[6,-67],[25,-31],[120,10],[34,47],[132,98]],[[29102,35141],[101,-26],[30,69],[87,-35],[102,-3],[50,-13],[55,-38],[19,52],[37,-13],[27,-49],[-17,-54],[18,-59],[-4,-78],[52,-38],[73,-5],[48,-44],[150,-51],[82,-59],[-5,-48],[21,-42],[48,-13],[53,47],[78,4]],[[30207,34645],[-22,-10],[-62,-123],[-103,-86],[-108,-48],[-88,-91],[-17,-31],[-8,-138],[-38,-69],[-6,-60]],[[29502,33647],[-38,-37],[-48,-16],[-117,72],[-69,95],[-68,-3],[-19,19],[-52,-45],[-59,1],[-101,61]],[[30630,35306],[96,7],[261,-23],[15,20],[93,47],[54,-53],[134,-5],[217,-81],[132,56],[238,46]],[[31870,35320],[15,-63],[-124,-215],[16,-134]],[[31777,34908],[-31,-16],[-50,98],[-45,50],[-82,-33],[-32,-39],[11,-44],[-92,18],[-28,25],[-85,-70],[-92,-22],[18,-73],[13,-184],[-12,-100],[-43,-3],[-65,45],[-31,-17],[-103,-18],[-71,-33],[-45,21],[-59,-34],[-86,22],[-17,-110],[-34,13],[1,56],[-55,-3],[-41,-37],[-7,-55],[-148,60],[-54,-54],[-41,11],[-5,58],[-40,28],[-8,104],[-22,28],[65,85],[-76,77],[-78,-117]],[[27570,32429],[-27,114],[-52,28],[20,91],[54,23],[33,48],[-11,80],[-109,51],[15,60],[-77,20],[-58,-20],[-148,92],[-18,58],[36,98],[104,61],[29,39],[39,-38],[77,-17],[14,56],[68,58],[-50,36],[12,30],[60,26],[21,43],[-65,64],[-4,89],[-40,-9],[28,103],[63,38],[84,-31],[145,7],[57,27],[57,120],[-1,44]],[[28635,33416],[94,-85],[-8,-69],[-63,-52],[9,-77],[-14,-45],[21,-30],[52,-3],[-9,-110],[-30,-10],[8,-108],[-26,-78],[-96,15],[21,-53],[-96,-35]],[[31004,38338],[-18,71],[-54,4],[-61,-16],[-136,-3],[-65,18],[-19,37],[-84,17],[-48,-19],[-41,-52],[-78,-16],[-75,-51],[-78,5]],[[30247,38333],[-46,22],[-49,49],[14,106],[-18,59],[-118,149]],[[29802,31484],[-50,17],[-28,56],[-63,61],[-22,-5],[-96,-133],[-34,7]],[[30102,37389],[47,34],[67,92],[56,-7],[18,150],[-142,23],[-25,148],[-26,27],[16,127],[-11,62],[6,73],[27,52],[81,91],[31,72]],[[32164,37708],[22,-60],[-40,-29],[-25,-150],[31,-89],[1,-64],[-32,-40],[-11,-49],[18,-37],[-4,-65],[40,-17],[-7,-139],[-46,-41],[-10,-70],[-64,-80],[14,-52],[-52,-31],[28,-51],[8,-54],[-51,-85],[-133,-15],[-48,-40],[-12,-56]],[[31791,36394],[-84,46],[-21,50],[-45,21],[-46,-35],[-58,-2],[-48,-54],[-83,-33],[-17,-53],[-51,-25],[21,-112],[-60,26],[-27,91],[-58,-17],[-51,43],[-28,58],[51,153],[-32,56],[-7,69],[-59,37],[-44,5],[-34,-86],[-85,-26],[-17,68],[-75,-30],[-52,-56]],[[32861,37697],[6,-33],[-37,-65],[-42,-36],[20,-30],[-14,-116],[62,-32],[75,-81],[57,-31],[21,35],[80,20],[67,66],[46,-27],[-16,-88],[-24,-56],[17,-39],[69,-40],[52,-54],[20,-50],[111,-40],[83,1],[58,-127],[62,-32],[17,-46]],[[33651,36796],[-57,-76],[-55,-38],[-97,11],[-118,-51],[-57,-67],[-29,-91],[-105,-137],[93,-81],[-36,-25],[-97,1],[-10,-78],[32,-37],[-29,-102],[48,-47],[-9,-28],[74,-14],[27,-36],[-62,-92],[27,-45],[-23,-55]],[[33168,35708],[-91,5],[12,-89],[-98,34],[-33,-82],[18,-76],[-60,-110],[-53,-3],[-26,-45],[46,-47],[91,-37]],[[32974,35258],[-44,-80],[-46,30],[0,73],[-71,-35],[-87,-88],[-12,-58],[7,-54],[-25,-34],[-26,-119],[18,-97],[43,-19],[24,-63],[45,-67],[-4,-81],[-84,-6],[-165,76],[-32,-4]],[[32515,34632],[-120,10],[-38,-43],[-94,-42],[-41,4],[-40,50],[3,41],[-31,40],[-86,14],[-46,-16],[-42,46],[-1,75],[-63,7],[-89,82],[-50,8]],[[31870,35320],[118,4],[43,44],[170,14],[123,-64],[89,-11],[132,43],[49,-7],[-3,55],[-92,26],[0,54],[-41,38],[-23,91],[-31,8],[-33,57],[31,38],[-88,28],[77,90],[-4,47],[-74,46],[-68,-26],[-26,35],[-49,13],[-51,97],[-68,-15],[-116,-6],[-12,18],[47,86],[-35,49],[27,60],[-12,48],[-100,59],[-59,55]],[[34092,37344],[-61,-17],[4,-28],[79,-40],[62,-50],[-3,-73],[-55,-69],[-29,-81],[-154,-32],[-30,8],[-40,-47],[-78,9],[-68,-46],[-21,-75],[-47,-7]],[[32515,34632],[-8,-70],[-24,-32],[8,-70],[30,-14],[-11,-65],[-54,18],[-61,-60],[10,-64],[-24,-53],[-38,-156],[-62,-10],[-59,-62],[-30,-10],[-105,17],[-66,25],[-65,63],[-66,28],[-80,13],[-87,0],[-49,-33],[-85,34],[-59,-12],[-65,-41],[-53,41],[-158,-1],[-104,-20],[19,-113],[-28,-35]],[[31141,33950],[-49,-55],[29,-64],[-39,-73],[-48,-45],[-63,-107],[-72,-40],[-78,-60],[3,-63],[-15,-62],[-38,-26],[-96,-24],[-30,87],[-128,18]],[[26637,31634],[-37,34],[-139,48],[-32,-34],[-37,0],[-71,32],[-20,34],[21,55],[41,14],[-66,128],[79,24],[80,41],[82,14],[35,-13],[67,89],[161,44],[-31,120],[-35,45],[37,90],[8,187],[27,130],[-14,55],[20,31],[-79,24],[-57,-9],[-17,-26],[-69,-34],[-41,5],[-40,71],[7,43],[73,63],[116,30],[5,57],[-32,31],[-36,189],[27,66]],[[26670,33312],[-12,62],[-2,102],[-25,88],[-156,3],[-57,104],[-2,49],[-31,41],[46,51],[7,49],[-32,107],[51,179],[38,-3],[74,29],[25,47],[45,-10],[65,42],[68,25],[76,65],[35,82],[38,51],[-35,46]],[[23014,53526],[118,106],[6,74]],[[23138,53706],[66,71],[41,177],[49,32],[34,79],[59,-1]],[[23387,54064],[92,-8],[67,-58],[65,-11],[14,-31],[88,-14],[24,-24],[59,1],[55,73],[75,52],[45,58],[51,27],[41,-47],[77,-31],[115,-98],[98,-98],[35,-2],[45,58],[13,64],[85,-21],[101,41],[72,-21],[69,-45],[14,-116],[53,-46],[44,-13],[29,-59],[89,47],[115,-53],[17,11]],[[25134,53700],[-31,-64],[33,-47],[95,-45],[-47,-52],[-29,-77],[-48,-5],[9,-87],[56,-29],[89,-25],[43,-85],[-104,-107],[39,-79],[32,-17],[66,11],[52,-18],[-25,-134],[35,-38]],[[25399,52802],[-72,-22],[-66,-42],[-29,-81],[-51,9],[-14,33],[-85,-38],[-61,33],[6,36],[-190,21],[-47,66],[-80,40],[-48,-58],[-82,-1],[-29,23],[-222,-6],[-58,-10],[-59,20],[-63,64],[-239,192],[-60,89],[66,95],[-72,8],[-164,44],[-72,35],[-70,-37],[-27,40],[-84,-32],[-59,51],[-12,73],[-82,-19],[-106,77],[-154,21]],[[20814,57401],[-6,-31],[67,-87],[74,22],[49,43],[90,12],[29,-19],[79,-108],[-6,-34],[-79,-20],[-11,-26],[35,-117],[70,-72],[1,-48],[51,-33],[68,-82],[11,-52],[-49,-126],[-63,-49],[-49,-3],[7,-65]],[[21182,56506],[-5,-86],[-22,-48],[-55,-53],[1,-56],[-82,-7],[101,-99],[65,35],[16,-20],[82,2],[135,-17],[100,-58],[70,2],[81,-52],[-29,-42],[-124,-51],[-52,-39],[-22,-57],[21,-45],[57,-44],[54,-10],[41,16],[139,-88],[46,-61],[-6,-29],[-51,-27],[-85,-87],[17,-46],[41,-10],[-11,-55],[116,-56]],[[21821,55318],[-62,-128],[-72,-45],[2,-48],[-45,-11],[9,-62],[-62,-59]],[[21591,54965],[-35,17],[-80,-13],[-91,103],[-15,37],[-67,39],[0,79],[-72,66],[-19,70],[-88,166],[-65,64],[12,27]],[[21071,55620],[-162,59],[-84,10],[-90,48],[-92,62],[-88,29],[-68,108],[-66,35],[-25,33],[-149,-14]],[[23387,54064],[52,7],[3,54],[41,52],[14,71],[47,31],[-9,53],[35,46],[-28,37],[15,86],[26,34],[-36,112],[-31,42],[-63,32],[26,55],[87,22],[17,27],[70,22],[37,-20],[30,82],[73,7],[0,81]],[[23793,54997],[100,-43],[31,-56],[83,-19],[12,54],[32,20],[63,-81],[70,39],[46,-16],[18,39],[76,63]],[[24324,54997],[22,-52],[43,-37],[2,-136],[17,-46],[84,-19],[109,-49],[84,9],[24,-22],[62,-2],[48,-87],[-11,-65],[84,-112],[44,-32],[18,-60],[81,-8],[77,95],[122,-7]],[[25234,54367],[19,-36],[105,-37],[68,-144],[33,-120],[26,-46],[44,0],[76,-32],[25,-39]],[[25630,53913],[-87,-32],[-80,-56],[-110,-19],[-29,-25],[-54,57],[-50,-15],[-90,-94],[4,-29]],[[25630,53913],[54,6],[50,-37],[-3,-27],[91,-77],[160,-47]],[[25982,53731],[-3,-70],[70,-43],[-7,-69],[53,-94],[48,-54],[-30,-41],[-8,-102],[-21,-25],[15,-61],[-25,-24],[-50,25],[-9,-94],[32,-50],[-90,-66],[-104,47],[-85,-80],[-34,-100],[-4,-130],[-19,-58],[-38,12],[-50,-99]],[[25623,52555],[-52,82],[-6,100],[-60,131],[-106,-66]],[[23137,58023],[91,164],[44,31],[71,20],[-18,73],[17,24],[1,83],[110,33],[62,33],[43,-34],[50,-9],[12,-46],[51,-42],[-3,-84],[98,-26],[44,-38],[-35,-50],[64,-50],[-8,-40],[-44,-27],[99,-60],[32,3],[37,-46],[21,-156],[40,-50],[102,-46],[83,-16],[6,-53]],[[24207,57614],[-61,-39],[-47,-67],[-96,-32],[-31,-29],[39,-71],[-23,-45],[-42,16],[-61,-31],[33,-45],[-22,-87],[6,-51],[-32,-25],[-81,-125],[16,-36],[126,-125],[-31,-62]],[[23900,56760],[-145,33],[-93,45],[-48,-21],[-32,56],[-97,34],[-41,56],[-69,1]],[[23375,56964],[-42,92],[-36,30],[-106,-18],[-44,58],[-63,-17],[-50,11],[-50,-67],[28,-73],[-27,-90],[10,-62],[-15,-35],[-77,-30],[-89,-7],[-40,-27],[-52,46],[-63,-37],[-82,-17],[-10,-42],[-143,-2],[23,-40],[-6,-97],[-28,-20],[-75,-115],[-6,-96],[-106,-6],[4,118],[29,34],[-83,79],[-72,-22],[-24,-47],[-2,-61],[21,-48],[-29,-62],[-5,-79],[-40,-7],[-23,37],[-72,38],[-45,72],[-31,19],[-82,-18],[20,97],[-41,43],[-61,-2],[-27,-58],[-66,-22],[-88,25],[13,38],[-16,53],[-83,33],[-102,-24],[-4,-53],[-77,-16],[-58,36]],[[23138,53706],[-104,27],[-134,49],[-22,-5],[-126,89],[-80,-1],[-112,101],[-72,31],[-82,67],[-88,98],[-41,76],[3,83],[-13,63],[-29,26],[-130,49],[-31,29],[-69,4],[-119,63]],[[21889,54555],[-19,13],[-28,85],[-10,74],[-105,92],[12,50],[-47,10],[-101,86]],[[21821,55318],[71,47],[66,-42],[40,43],[58,-13],[44,-42],[-10,-73],[36,-28],[90,6],[31,-37],[55,47],[65,-16],[63,41],[-27,35],[39,54],[1,50],[39,11],[11,69],[46,58],[87,41],[34,36],[42,-8],[62,-46],[36,33],[73,-10],[43,41],[89,7],[50,42],[31,-25]],[[23086,55639],[28,-42],[-7,-50],[-34,-53],[31,-49],[182,44],[79,35],[32,31],[73,13]],[[23470,55568],[56,-22],[-7,-35],[88,-70],[-10,-115],[38,-15],[90,-67],[-10,-109],[61,-35],[17,-103]],[[21889,54555],[-47,-17],[-50,-55],[-44,-17],[-31,-42],[-98,9],[-35,-59],[-11,-74],[-48,2],[-61,-29],[3,-46],[-90,-38],[-48,-74],[-73,-10],[-20,-31],[19,-99],[-57,27]],[[21198,54002],[-53,87],[-20,-28],[-53,12],[62,102],[-12,67],[-50,36],[-44,85],[-32,6],[-29,-43],[-66,15],[-94,-78],[-35,5]],[[20772,54268],[-51,34],[24,38],[-87,37],[1,63],[23,50],[-86,165],[-37,48],[-18,69],[71,63],[-34,52],[61,75],[-29,38],[36,69],[52,36],[-36,49],[53,82],[82,22],[69,74],[33,68],[62,72],[18,74],[92,74]],[[23900,56760],[43,-3],[26,-115],[105,-73],[-3,-42],[-33,-68],[-68,-19],[-27,-66],[-66,16],[-39,-20],[-1,-53],[-37,-26],[-4,-64],[-76,-51],[-55,-86],[-1,-125],[-36,-24],[-78,25],[-35,-17],[10,-44],[-9,-96],[-41,-126],[18,-115],[-23,0]],[[23086,55639],[-8,37],[-44,30],[-32,52],[30,71],[5,54],[-84,9],[-1,84],[-41,21],[62,65],[14,65],[-41,66],[60,36],[21,44],[-22,80],[59,122],[51,63],[-9,58],[10,84],[30,61],[59,42],[86,-4],[17,41],[40,2],[20,39],[7,103]],[[24324,54997],[27,103],[84,-23],[53,-41],[85,21],[53,36],[234,-44],[95,17],[101,30],[7,60],[27,27],[-39,40],[-42,4],[-30,46],[10,37],[-33,72],[34,22],[1,67],[41,76],[43,32],[-45,140],[61,14],[52,-10],[44,-36],[56,13],[71,52],[50,-19],[48,20],[22,43]],[[25434,55796],[81,-6],[34,-53],[59,-25],[17,-97],[38,-32],[48,1],[-26,-187],[-46,-87],[4,-112],[-31,-87],[15,-94],[45,-28],[124,-112],[-4,-73],[-106,-12],[-49,27],[-64,-16],[-85,21],[-10,-108],[-26,-56],[76,-49],[-4,-70],[-116,-65],[-71,11],[-28,55],[-76,16],[-16,-46],[-38,-18],[-89,31],[15,-73],[67,-22],[62,-63]],[[25434,55796],[19,43],[4,73],[21,7],[64,86],[-15,19],[14,75],[-36,10],[-24,47],[24,30],[-51,133],[56,117],[40,22],[-21,98],[-37,66],[-65,58],[19,61],[70,40],[71,-11],[96,5],[-38,105],[32,45]],[[25677,56925],[28,-29],[89,24],[15,48],[40,-4],[44,-107],[37,-30],[45,25],[24,-44],[0,-56],[-35,-27],[-1,-43],[-75,-11],[-11,-45],[58,-57],[-16,-38],[-8,-90],[58,-20],[40,-37],[63,12],[69,-12],[15,-50],[50,-55],[41,17],[45,-24],[68,-1],[104,-63],[69,-7],[91,-92],[52,34],[88,18],[113,-68],[67,-67],[39,7],[56,-39],[36,-50],[77,-60],[-2,-20],[103,-76],[66,2],[21,-28],[74,4],[14,-36],[81,-42],[65,3],[85,-53],[14,-121],[-57,-21],[-63,7],[-71,-23],[-36,35],[7,53],[-36,15],[-56,-68],[-27,-79],[13,-77],[-70,-29],[0,-34],[-85,-30],[-56,-77],[-39,-17],[-7,-51],[-43,-68],[-40,2],[-98,-102],[-55,-3],[-57,19],[-57,-26],[-56,-104],[7,-33],[-44,-106],[-97,-65],[-30,-65],[-63,16],[-123,-18],[-46,-105],[-38,1],[35,-181],[69,-55],[10,-50],[-33,-41],[5,-41],[-63,-81],[-64,-14],[19,-54],[-36,-53],[-89,-46],[-26,-43],[34,-42],[-129,-32]],[[24207,57614],[-10,-27],[31,-117],[97,27],[73,-6],[6,-41],[96,-137],[102,-39],[139,65],[19,34],[55,-27],[79,24],[35,60],[51,-48],[84,-34],[74,3],[54,-16],[30,-116],[46,-9],[42,-77],[46,5],[124,-21],[46,-60],[54,-17],[97,-115]],[[25623,52555],[-40,-67],[14,-188],[13,-18]],[[25610,52282],[-71,-85],[31,-40],[-15,-51],[-97,-105],[-76,1],[-52,20],[-37,79],[-8,60],[-73,19],[-29,35],[48,39],[-11,37],[-53,8],[-24,-63],[-68,-42],[-23,28],[54,42],[22,113],[-32,23],[-65,9],[-26,-35],[-45,11],[-50,-40],[-76,-20],[-82,17],[-34,27],[-51,-16]],[[24667,52353],[-106,-11],[18,68],[-61,47],[-49,-69],[-75,7],[-45,-19],[-52,16],[-58,-9]],[[24239,52383],[-6,77],[12,46],[-43,77],[-37,-11],[-40,88],[-35,-40],[-93,17],[-12,-20],[-104,62],[-30,36],[-71,44],[-82,-34],[-23,33],[0,56],[-37,37],[18,122],[-61,40],[-25,-15],[-59,44],[-107,53],[-76,-115]],[[23328,52980],[-41,55],[-56,-53],[-48,22],[-71,94],[-22,74],[-60,70],[-51,27],[-78,-6],[-65,54],[-10,32]],[[22826,53349],[-100,67],[22,32],[73,48],[20,-29],[60,1],[40,75],[40,-29],[33,12]],[[15830,11710],[-123,147],[-26,5],[-54,92],[-112,124],[-36,-15],[-91,127],[-100,156],[-76,103],[-34,22],[-51,-44],[-83,200]],[[15044,12627],[64,31],[12,47],[51,16],[10,33],[-47,55],[-16,-44],[-52,102],[64,2],[75,64],[110,37],[-5,65],[70,33],[58,-16],[99,69],[48,-11]],[[15585,13110],[39,12],[113,-14],[46,-54],[73,-123],[-10,-28],[95,-115],[87,-4],[39,-15],[28,-87],[42,-37],[36,29],[71,-95],[100,39],[70,-10],[6,-98],[63,-71],[-6,-44],[58,-64],[55,-39],[123,-21]],[[16713,12271],[-28,-21],[22,-43],[2,-50],[-35,-47],[-5,-62],[-56,-4],[-178,32],[-42,-48],[20,-40],[-57,-40]],[[16356,11948],[-57,-8],[8,-38],[-125,39],[-19,-58],[-36,-38],[-85,-50],[-68,-60],[-13,-54],[-42,-35],[-13,47],[-45,25]],[[19447,5480],[-166,38],[-261,124],[-108,31],[-62,49],[-8,-84],[48,-18],[-2,-33],[-156,32],[-51,-43],[-23,-49],[-40,4],[-29,35],[-46,12],[-47,-45],[-18,-48],[-43,28],[-34,-11],[-62,25],[-33,-6],[-3,59],[-82,22],[-8,44]],[[18213,5646],[60,18],[37,57],[-7,47],[-63,32],[-17,63],[31,9],[44,118],[-44,12],[-31,88],[5,27],[-121,18],[-40,18],[-34,-20],[0,-52],[-110,-2],[-55,11],[19,37],[55,23],[10,108]],[[17952,6258],[38,39],[48,19],[55,-6],[52,84],[69,11],[16,39],[72,14],[52,-19],[16,-43],[79,35],[52,-76],[55,29],[89,-10],[55,9],[53,-25],[86,-64],[32,12],[0,58],[63,47]],[[18934,6411],[99,-55],[-13,-77],[24,-7],[69,27],[32,85],[88,37],[59,-25],[41,28],[77,-50],[35,2],[37,-38],[-8,-31],[60,-104],[-28,-63],[-15,-126],[119,-59]],[[19610,5955],[-17,-90],[16,-37],[-36,-44],[4,-112],[-47,-67],[-74,-63],[-9,-62]],[[18213,5646],[-143,-72],[-36,-2],[-20,75],[-29,6],[-49,-46],[-86,0]],[[17850,5607],[-249,597],[-52,168],[-28,131],[-43,281],[-20,250],[-19,147]],[[17439,7181],[23,141],[26,6],[-12,94],[83,-36],[46,18],[42,-67],[2,-45]],[[17649,7292],[16,-51],[-32,-50],[29,-73],[5,-86],[-11,-73],[58,-25],[-23,-326],[52,27],[37,-14],[69,20],[1,-43],[29,-19],[0,-71],[65,-11],[-1,-55],[-26,-61],[35,-123]],[[17439,7181],[-35,217],[-50,184],[-25,31],[-53,197],[-42,177],[-40,115]],[[17194,8102],[100,40],[26,26],[85,-11],[31,-64],[82,22],[-3,50],[44,9],[18,51],[87,34],[-3,22],[49,51],[78,44],[115,-2],[73,-22],[65,-3],[47,47],[58,-53],[38,-16],[88,16],[72,-39],[116,33],[19,-19],[84,17],[27,21],[57,-6],[92,-34],[53,-39]],[[18792,8277],[38,-47],[40,15],[67,-26],[49,3],[126,76]],[[19112,8298],[21,-33],[-30,-41],[-73,-19],[59,-46],[28,19],[73,-69],[-15,-24],[-125,17],[-55,-40],[-48,-3],[-104,43],[-31,-32],[-99,-168],[-4,-49],[-86,37],[-16,-66],[-79,-5],[121,-86],[-29,-21],[-87,51],[-40,-60],[-3,-46],[-41,0],[-69,-28],[5,-86],[-92,-58],[-51,6],[-40,-18],[-1,-136]],[[18201,7337],[-106,-30],[4,-40],[-44,-14],[-79,14],[-22,52],[-87,-10],[-34,10],[-67,-57],[-117,30]],[[19447,5480],[-24,-41],[-57,-20],[-47,-58],[5,-29],[52,-51],[47,-74],[57,-127],[73,-60]],[[19553,5020],[15,-85],[-63,-83],[-6,-51],[-68,-34]],[[19431,4767],[-157,94],[-43,47],[-122,38],[-40,-9],[-51,-72],[36,-88],[-47,-8],[-47,43],[-19,-35],[-56,-10],[-26,-24],[-77,116],[-32,-14],[-71,30],[-9,39],[-50,29],[-90,16],[27,-57],[-10,-31],[-102,-47],[-43,20],[-87,-60],[-35,6]],[[18280,4790],[-26,32],[-79,135],[-77,68],[-37,0],[-40,54],[-60,253],[-111,275]],[[15044,12627],[-198,541],[-69,164],[-56,72],[-71,158],[-105,285],[-140,346]],[[14405,14193],[45,-22],[27,57],[114,47],[36,-16],[64,26],[17,-52],[-35,-56],[24,-58],[101,3],[-10,-65],[7,-60],[48,-5],[74,75],[18,-37],[69,-7],[36,-21],[-24,-52],[10,-53],[60,19],[41,-6],[27,-122],[53,-22],[83,113],[53,-30],[31,-71],[-52,14],[-45,-51],[23,-84],[51,-2],[0,-48],[65,-16],[13,-81],[68,31],[-5,34],[59,34],[37,-2]],[[15588,13607],[22,-72],[-70,-50],[-55,15],[-2,-106],[28,-48],[93,-47],[-25,-60],[44,-99],[-38,-30]],[[18934,6411],[32,13],[-3,46],[-46,45],[-25,-45],[-100,75],[-34,59],[-6,87],[9,61],[30,58],[52,47],[-54,57],[-30,95],[-61,29],[-67,94],[-50,52],[-110,62],[-26,-31],[-161,95],[-45,-10],[-38,37]],[[19112,8298],[14,53],[76,61]],[[19202,8412],[71,26],[105,85],[128,-14],[-17,-82],[78,-123],[2,-70],[51,-9]],[[19620,8225],[12,-31],[-34,-65],[-7,-121],[-17,-41]],[[19574,7967],[-49,20],[-92,-58],[16,-52],[49,-40],[67,-97],[-18,-30],[20,-72],[25,-21],[-85,-97],[-37,-68],[-12,-67],[54,-54],[-10,-71],[32,-58],[-52,-21],[-3,-138],[-39,-15],[3,-69],[-25,-61],[-30,-29],[-22,-111],[66,11],[79,-79],[83,-14],[55,49],[38,14],[37,-61],[63,-64],[1,-33],[43,-41],[35,19]],[[19866,6559],[20,-48],[-20,-69],[-31,-53],[-45,11],[-37,-45],[-22,-54]],[[19731,6301],[-7,-135],[-116,-143],[2,-68]],[[16356,11948],[47,-29],[-13,-60],[134,-147],[108,-9],[10,-88],[-15,-95],[24,-50],[104,-61],[0,-34],[92,-82],[112,-53],[50,46],[29,-24],[7,-72],[67,-21],[42,-52]],[[17154,11117],[7,-55],[-35,-16],[-66,-62],[6,-64],[-21,-40],[54,-34],[-7,-53],[-46,-11],[-51,-39],[-51,-69],[-68,7],[-50,-22],[-34,26],[-34,-40],[-69,-15],[-73,-76],[-17,-105],[-55,-9],[-76,-102]],[[16468,10338],[-56,114],[-116,353],[-66,171],[-76,139],[-75,41],[-24,-15],[-36,61],[-114,345],[-60,141]],[[17194,8102],[-53,181],[-36,143],[-119,333],[-71,141],[-87,202],[-79,200]],[[16749,9302],[139,27],[70,25],[36,55]],[[16994,9409],[59,-6],[58,-43],[47,23],[35,-31],[62,87],[29,20],[8,64],[29,10],[53,-27],[0,-51],[94,15],[78,-25],[73,-2],[12,42],[55,4],[42,-33],[126,5],[20,-41],[-34,-69],[-45,-23],[24,-50],[-74,-104],[25,-40],[-35,-46],[38,-87],[3,-49],[126,-140],[71,-22],[29,-49],[112,-31],[46,-86],[39,-37],[71,6],[56,-53],[59,23],[106,-28],[-27,-55],[44,-10],[73,9],[22,26],[47,-27]],[[18650,8478],[-14,-78],[68,-30],[88,-93]],[[16994,9409],[-48,28],[-14,33],[7,94],[-29,72],[24,47],[50,-18],[84,20],[-2,50],[63,67],[45,-12],[18,47],[150,-57],[49,-3],[30,70],[148,-23],[-32,108],[17,67],[74,-10],[-24,48],[-59,21],[-16,58],[-70,-12],[22,62],[68,2],[11,51],[62,60],[101,48],[12,127],[-23,41],[27,52],[68,-19]],[[17807,10528],[32,-34],[28,44],[87,8],[33,-28],[156,17],[64,-27],[159,108]],[[18366,10616],[64,-59],[-11,-52],[-32,-11],[-44,-52],[23,-59],[29,18],[66,-72],[11,-62],[-24,-47],[36,-41],[13,-52],[-97,18],[-47,-35],[-27,-90],[-37,-46],[-28,-74],[80,-63],[34,-4],[70,-46],[87,1],[27,-24],[70,-22],[59,-79],[-17,-31],[50,-37],[61,0],[20,-68],[-48,-152],[-43,-82],[32,-19],[6,-82],[-44,-14],[-102,6],[23,-90],[30,-8],[-10,-112],[16,-20],[-25,-91],[-6,-124],[-22,-56],[18,-67],[51,-63],[-28,-75]],[[19431,4767],[-14,-62],[-46,6],[25,-71],[27,-19],[42,-139],[64,-67],[1,-35],[50,-64]],[[19580,4316],[30,-79],[-38,-86],[-54,-31],[-35,38],[-33,-38],[40,-120],[-45,-7],[-19,-61],[-56,-75],[4,-66],[-12,-66],[-60,2],[-37,-50],[-61,-48]],[[19204,3629],[-171,142],[-103,93],[-21,76],[-164,201],[-396,540],[-69,109]],[[17154,11117],[47,16],[75,113],[47,12],[40,36]],[[17363,11294],[53,-107],[44,3],[93,-70],[27,33],[60,-26],[101,-78],[87,-79],[134,-47],[-1,-35],[62,12],[5,-58],[-58,-154],[-145,-75],[-18,-85]],[[16749,9302],[-82,210],[-17,28],[-56,291],[-89,393],[-37,114]],[[16713,12271],[92,-16],[116,19],[93,68],[76,22]],[[17090,12364],[1,-283],[18,-19],[71,43],[75,6],[42,-34],[4,-70],[73,-110],[21,-53],[111,-28],[130,-133],[73,-36],[32,1]],[[17741,11648],[32,-20]],[[17773,11628],[24,-61],[-28,-20],[-89,-6],[-20,-69],[-76,-36],[-16,24],[-66,-57],[-15,38],[-43,29],[-98,-67],[37,-87],[-20,-22]],[[8443,10557],[-14,-149],[-54,-84],[-59,-27],[-35,14],[-69,153],[102,-2],[44,22],[85,73]],[[8017,13099],[-20,16],[-14,115],[-3,116],[31,14],[43,-29],[9,-90],[-23,-98],[-23,-44]],[[7786,12109],[51,-45],[27,33],[32,-84],[-21,-16],[-51,23],[-55,3],[-49,82],[66,4]],[[11773,7813],[-48,43],[-6,67],[42,74],[52,13],[-24,-68],[-16,-129]],[[11550,7647],[-44,11],[16,74],[50,-20],[-22,-65]],[[44436,48929],[-61,20],[-33,-21],[-104,7],[-51,-44],[-171,-25],[-54,20],[-77,-9],[-68,11],[-80,-44]],[[43737,48844],[-92,36],[-51,59],[-30,135],[-65,52],[-59,88],[-123,-37],[-39,0]],[[43278,49177],[-73,-9],[-31,21],[-4,118],[-105,96],[-57,-49],[-40,-5],[-34,65]],[[42934,49414],[11,63],[52,46],[23,61],[-16,29],[23,90],[44,15],[6,68],[34,35],[-26,47],[32,61],[-9,43],[-38,6],[-84,49],[-38,94],[55,108],[74,-44],[48,5],[17,47],[63,-2],[23,-41],[79,46],[53,5],[71,42],[55,1],[56,-24],[80,71],[75,28],[46,61],[39,8],[70,-29],[39,64],[6,50],[44,2],[90,43],[45,1],[63,-71],[41,11],[140,-13],[67,-53],[50,-58],[51,-27],[25,-57],[-10,-140],[54,-20],[43,-73],[-1,-127],[-58,-53],[-4,-91],[21,-93],[-36,-91],[2,-75],[-86,-87],[-2,-68],[-45,-66],[-38,-21],[17,-69],[30,-27],[-13,-70],[1,-97],[48,-98]],[[43737,48844],[-7,-118],[-61,-31],[-26,-81],[10,-48],[73,-34],[29,-38],[-7,-67],[27,-41],[47,-16]],[[43822,48370],[24,-57],[-79,-68],[-57,-19],[-19,-51],[-62,-33]],[[43629,48142],[-94,39],[-51,0],[-93,43],[-35,28],[-56,5]],[[43300,48257],[-7,28],[45,74],[72,49],[-24,62],[-33,13],[-6,83],[-52,41],[55,50],[-21,65],[56,53],[17,46],[65,18],[-13,75],[-112,30],[-5,127],[8,45],[-67,61]],[[43300,48257],[-99,-26],[-40,36],[-75,-1],[-51,-53],[-134,57],[-21,68],[-53,116],[-100,27]],[[42727,48481],[26,59],[1,86],[45,91],[31,27],[-54,81],[19,101],[60,46],[-75,151],[39,38],[-2,66],[62,131],[55,56]],[[44436,48929],[78,-86],[31,21],[52,-56],[19,-63],[70,-24],[-50,-122],[-56,-38],[-82,10],[-73,-37],[-1,-63],[-34,-92],[-41,-8],[-31,-72]],[[44318,48299],[-41,-26],[-31,16],[-13,50],[-59,36],[-54,-43],[-44,13],[-43,48],[-59,15],[-152,-38]],[[44204,41077],[11,-42],[40,-49],[-12,-45],[36,-22],[-27,-73],[38,-35],[-31,-62],[18,-57],[-16,-34],[-52,-11],[-55,-66],[-67,-48],[-67,22],[-69,-14],[-4,-101],[11,-72],[-37,-36],[12,-54],[-42,-119],[24,-100],[-31,-48],[12,-34],[63,8],[-1,-46],[-26,-40],[59,-8],[53,20],[36,-53],[10,-70],[51,-25],[43,-69],[128,-92],[66,-21],[-8,-59],[-42,14],[-34,-123],[24,-31],[-58,-119],[35,-30],[-110,-45],[49,-110],[72,-37]],[[44306,39041],[-87,-10],[21,-125],[-44,-37],[11,-73],[-21,-58],[-41,-41],[28,-66],[-16,-43],[10,-54],[-19,-64],[-33,-36],[-12,-109],[4,-73],[25,-41],[-27,-36],[-75,16],[-23,57],[-93,22],[-130,69],[-70,-21],[-31,41],[-71,23],[-41,-38]],[[43571,38344],[-9,96],[25,71],[54,28],[33,41],[10,62],[24,29],[64,7],[27,74],[-17,28],[-108,5],[-12,46],[48,139],[-35,43],[-86,-37]],[[43589,38976],[-28,0],[-105,61],[15,38],[-29,88],[-47,58],[38,73],[-31,47],[57,70],[-34,66],[47,128],[56,45],[-64,110],[-80,15],[-29,-21],[-70,-8],[1,52],[37,1],[62,36],[-18,33],[-60,-7],[-50,69],[-70,-1],[-32,-22],[-41,35],[-91,18],[-42,75],[22,67],[44,55],[38,7],[91,-21],[5,38],[-75,37],[5,67]],[[43111,40285],[53,-19],[46,21],[-13,66],[73,39],[147,-8],[44,39],[48,-30],[60,18],[18,-43],[54,120],[71,-73],[1,89],[-24,69],[39,44],[-48,37],[18,41],[44,-8],[16,34],[51,-3],[6,43],[-24,42],[70,41],[9,84],[74,-19],[34,-77],[63,-27],[46,55],[-36,41],[42,106],[39,37],[72,33]],[[43641,43678],[-9,25],[50,103],[-47,65],[23,63],[-46,-5],[-96,-37],[-82,31],[-74,-8],[-78,41],[-13,-41],[-121,14]],[[43148,43929],[-25,92],[-58,24],[25,135],[37,57],[129,18],[16,115],[270,251],[43,10],[64,-10]],[[43649,44621],[45,-32],[64,0],[-12,-56],[127,-104],[152,-44],[38,6],[11,-52],[120,-15],[37,67],[50,7],[47,-18],[7,65],[42,-18],[46,10],[11,-70],[36,-1],[17,-78],[-22,-15],[1,-68],[22,-123],[35,-17],[64,-87],[48,8],[19,-40],[65,-29],[78,12],[8,-71],[-73,-62],[17,-86],[-28,-49],[-52,-51],[-20,30],[-73,-1],[-73,82],[-88,-103],[-101,21],[-80,62],[-71,11],[-42,-17],[-112,6],[-78,-66],[-35,28],[-133,49],[-57,4],[-21,-39],[-44,1]],[[42474,42868],[33,-64],[78,-94],[36,-75],[-11,-180],[75,-55],[18,21]],[[42703,42421],[63,-53],[111,-23],[98,5],[46,-47],[35,-109],[-8,-90],[-32,-67],[-1,-48],[57,-79],[49,-7],[149,71],[71,-2],[33,-51],[148,-173],[63,-24],[106,-10],[87,-51],[74,-30],[80,-4],[147,20],[56,-14],[111,-104],[35,-101],[1,-113],[-30,-29],[-60,-103],[12,-108]],[[43111,40285],[-67,-28],[-47,-55],[-38,46],[-71,5],[-25,-72],[-45,-1],[-54,91],[24,67],[-36,17],[-13,72],[-39,49],[-57,-11],[-31,-89]],[[42612,40376],[-67,49],[-18,39],[-68,-10],[-86,119],[-16,61],[47,12],[3,90],[-28,31],[27,36],[11,78],[-20,33],[66,66],[2,51],[27,45],[-28,37],[22,41],[-15,34],[79,75],[13,40],[52,-15],[41,14],[20,115],[60,1],[-18,168],[-114,61],[-12,45],[30,45],[17,89],[-9,130],[-52,63],[1,46],[-57,60],[-68,0],[-1,53]],[[43275,37420],[81,-16],[45,17],[31,51],[45,110],[-10,23]],[[43467,37605],[62,-8],[23,-169]],[[43552,37428],[-75,-141],[-164,44],[-14,69],[-24,20]],[[42849,44350],[15,-65],[42,-29],[-7,-51],[31,-71],[-16,-25],[46,-37],[-30,-96],[31,-39],[-44,-81],[95,-15],[-13,34],[43,42],[68,-54],[38,66]],[[43641,43678],[-2,-33],[38,-58],[-2,-56],[-42,-41],[19,-126],[-17,-77],[-32,-27],[-28,-110],[-24,-56],[-44,-27],[-38,23],[-85,-77],[50,-58],[-31,-50],[-83,46],[-62,10],[-14,78],[-36,15],[-37,65],[-119,-23],[-29,-40],[-42,6],[4,-58],[29,-16],[-3,-51],[30,-54],[-10,-37],[-43,-9],[-66,-69],[-12,-75],[-32,7],[-54,-80],[-13,-76],[-108,-123]],[[43552,37428],[63,-115],[44,3],[16,104],[105,-38],[62,36],[28,34],[-6,67],[40,50],[77,-41],[69,-80],[-9,-33],[73,-143],[113,-128],[-8,-38],[65,-36],[18,-43],[88,-75],[85,16],[-34,-104],[17,-24],[-16,-53],[57,-73],[47,52],[211,-86],[40,-98],[70,6],[51,29],[45,-24],[27,-58]],[[44990,36535],[-11,-46],[52,-53],[-77,-61],[-19,-54],[26,-104],[44,-47],[12,-63],[2,-117],[-24,-48],[-76,-21],[-27,-59],[35,-58],[7,-87],[-28,-118],[35,-65],[76,-68],[50,-115],[33,-50],[-124,-92],[-61,27],[-3,-50],[-74,-18],[-20,25],[-61,9],[-34,48],[-130,43],[-45,-21],[-42,-52],[-4,-64],[62,-16],[53,-44],[4,-41],[-118,3],[-27,43],[1,52],[-70,19],[-27,-56],[-115,-15],[-149,44],[-84,6],[-66,-9],[-45,-44],[-63,-24],[6,-46],[-90,-9],[-52,27],[9,75],[55,41],[25,67],[-64,13],[-60,-4],[-35,-23],[-117,-10],[-32,147],[-53,9],[-24,-48],[6,-83],[-61,-65],[-47,-95],[-37,-16],[-63,12],[-22,63],[-45,68],[-38,4],[-1,-106],[-38,-78],[-52,-50],[-187,-30],[-153,41],[-121,90],[19,222],[127,211],[118,390]],[[42831,35891],[-3,44],[33,88],[109,83],[125,144],[40,71],[9,49],[-66,158],[-78,41],[-177,24]],[[42823,36593],[41,78],[5,80],[28,70],[-2,38],[-39,92],[7,42],[93,72],[15,34],[-33,60],[18,72],[94,28],[35,43],[91,28],[35,25],[-17,39],[23,39],[58,-13]],[[42907,46863],[-1,40],[83,145],[53,48],[4,141],[32,47],[16,97],[-22,96],[4,35],[-29,52],[13,66],[-80,78],[21,53],[-55,70],[19,88],[-41,9],[-71,104],[-38,-15],[-48,18],[-46,96],[-9,47],[-53,53],[44,57],[24,193]],[[43629,48142],[-39,-45],[6,-53],[-14,-76],[-47,-43],[59,-19],[4,-49],[46,-4],[34,-81],[32,-26],[19,-93]],[[43729,47653],[30,-52],[-109,-44],[-23,-43],[8,-82],[-26,-103],[3,-67],[-55,-88],[22,-90]],[[43579,47084],[-38,-18],[-45,-70],[-17,-82],[-71,-160]],[[43408,46754],[-41,2],[-54,-42],[-44,16],[-61,-86]],[[43729,47653],[63,-32],[136,63],[72,-22],[60,110],[58,83],[22,-35],[-15,-47],[213,-4],[-9,94],[50,23],[25,38],[43,1],[93,-61],[37,0]],[[44577,47864],[101,75],[64,-48],[14,-52],[-26,-41],[60,-38],[49,8],[67,39],[46,-49],[0,-38],[85,-15],[4,-53],[34,-43],[17,-75]],[[45092,47534],[-22,-67],[-37,-61],[-11,-119],[-22,-1],[-37,-81],[-23,-80],[15,-73],[65,-51],[43,4],[-6,-77],[57,-112]],[[45114,46816],[-65,-3],[-50,42],[-96,-51],[-90,41],[-50,-27],[-39,-58],[7,-51],[-70,-89],[-57,-4],[-23,-86],[-58,-45],[-108,-21],[-54,52],[-61,-94],[26,-50],[-7,-65]],[[44319,46307],[-24,96],[-90,-12],[-32,57],[-7,94],[-75,27],[-46,44],[-15,85],[-65,0],[0,-39],[-61,7],[-14,64],[-62,-6],[-19,69],[-66,16],[-32,64],[-93,11],[-39,200]],[[43408,46754],[47,-92],[78,74],[112,-37],[73,-6],[89,-189],[-18,-60],[-73,-15],[-73,13],[-22,-64],[-47,5],[-12,-41],[-81,-37],[-45,-55],[1,-142],[-160,-78],[-57,4],[-37,-39],[-120,-61],[-17,-89],[-22,-34],[6,-55],[43,-7],[-46,-112],[-48,-24],[-52,-126],[-7,-59],[-52,-52],[32,-38],[4,-57],[25,-53],[-29,-53],[39,-41],[-9,-37],[63,-11],[17,-43],[75,61],[50,-34],[61,60],[64,-6],[-5,-64],[106,-66],[124,-91],[-1,-46],[69,-27],[-1,-31],[108,-18],[5,-49],[-24,-64],[8,-47]],[[42831,35891],[-39,4],[-127,-112],[-139,-153],[-70,-13],[-33,-61],[-72,-74],[-15,-46],[-114,-60],[-57,19],[-39,-56],[-137,-57],[-69,-3],[-222,-55],[-117,-41]],[[41581,35183],[-2,48],[-51,45],[26,147],[-35,53],[-25,-1],[-7,83]],[[41487,35558],[-13,50],[33,118],[-20,100],[56,14],[55,132],[-40,1],[-14,103],[-37,15],[37,100],[-1,66],[39,38],[131,-20],[16,23],[99,11],[130,-1],[61,59],[37,155],[28,40],[-68,37],[32,150],[36,81],[-43,32],[-63,-9],[-65,25],[6,73],[32,89],[-25,69],[13,46],[48,45],[45,100],[55,-43],[50,-1],[55,-29],[73,23],[47,48],[67,31],[74,5]],[[42453,37334],[-24,-41],[38,-53],[-45,-49],[6,-35],[58,-44],[99,-21],[2,-68],[-22,-27],[21,-222],[30,-40],[54,-30],[55,-73],[98,-38]],[[42453,37334],[-99,88],[19,98]],[[42373,37520],[14,25],[66,1],[36,55],[46,3],[7,37],[-14,95],[30,28],[25,95],[7,79],[84,-2],[19,-74],[-25,-21],[11,-70],[37,-47],[70,-4],[124,23],[51,-17],[110,-5],[40,-35],[96,20],[72,-28],[147,1],[25,-34]],[[43451,37645],[16,-40]],[[44306,39041],[35,6],[21,-54],[62,-5],[18,76],[61,-48],[141,9],[28,-43],[44,-25],[66,43],[30,-39],[-93,-55],[-39,-50],[8,-35],[-65,-74],[-65,-34],[-21,-57],[27,-31],[15,-129],[-30,-21],[-22,-106],[84,-10],[-7,-58],[31,-11],[-17,-61],[27,-46],[83,-6],[44,-72],[-12,-62],[-86,-88],[-20,-50],[28,-102],[72,-55],[-47,-75],[-30,-13],[31,-94],[3,-140],[47,-21],[42,-158],[27,-17],[-8,-72],[21,-36],[-58,-54],[42,-43],[-17,-145],[30,-8],[57,-65],[-61,-29],[82,-63],[6,-59],[66,-77],[3,-44]],[[43451,37645],[24,82],[-10,102],[6,52],[-66,70],[47,37],[11,72],[32,23],[-3,45],[78,71],[-12,72],[13,73]],[[42612,40376],[-14,-45],[-35,-24],[4,-66],[-17,-40],[-54,-34],[22,-84],[-14,-46],[87,-85],[-11,-62],[-35,-27],[-57,-110],[-35,44],[-54,-27],[-37,5],[-26,40],[-65,-16],[-21,27],[-59,16],[-22,27],[-53,-5],[-36,73],[-63,-27],[-45,27],[-28,-35],[-46,16],[-122,-45],[-42,39],[-33,-1]],[[41701,39911],[-55,25],[-26,-40],[-67,26],[-40,-6],[-20,56],[-69,62],[12,39],[-37,46],[-74,20],[-16,31],[-136,13],[-69,66],[-91,-28],[-55,16],[-96,4],[-80,69],[-57,76]],[[43589,38976],[-52,-36],[-63,-125],[-39,-28],[-63,-9],[-98,5],[-38,49],[-141,26],[-42,-28],[-44,-173],[-105,-71],[-104,-3],[-8,-66],[-21,-20],[27,-52],[-85,-59],[-89,4],[-85,-46],[-84,-17],[-30,12],[-80,-15],[-28,37],[-76,-27],[-29,37],[-82,22],[-9,40],[-52,66]],[[42069,38499],[19,41],[46,7],[4,60],[39,57],[-33,65],[-120,49],[-4,39],[-53,39],[-35,87],[13,95],[-41,2],[-74,45],[-71,77],[-20,45],[-129,92],[-113,132]],[[41497,39431],[25,48],[32,-11],[17,73],[-28,79],[16,32],[5,85],[49,14],[-8,34],[96,126]],[[42069,38499],[-33,-35],[-114,-20],[21,-51],[-19,-104],[-43,-23],[-19,-49],[-107,64],[-93,27]],[[41662,38308],[-97,-41],[-116,27],[-143,67],[-84,-21],[-59,-46],[-15,-31],[-87,-33],[-64,1],[-108,-44],[-80,-84],[-90,1],[-44,13],[-27,-61],[49,-96],[23,-107],[-22,-23]],[[40698,37830],[-85,-21],[-47,-60],[10,-63],[-34,-41],[-36,47],[-80,-1],[12,-75],[-63,-27],[-73,61],[-62,30],[-51,53],[-143,92],[-123,46],[-45,50],[-53,8],[-26,41],[-102,27]],[[39697,37997],[16,64],[80,28],[49,58],[53,24],[8,68],[-34,68],[40,64],[48,163],[-12,60],[37,103],[-45,24],[-17,40],[42,111],[27,-5],[12,77],[67,29],[-22,48],[8,115],[-12,26],[24,121],[41,43],[57,16],[27,37],[16,143],[-63,-14],[1,71],[78,-8],[39,80],[48,-10],[-47,117],[26,199],[26,33]],[[40315,39990],[37,-25],[82,9],[32,-13],[103,15],[34,-30],[65,-19],[132,-89],[193,-48],[88,-94],[132,-95],[40,-13],[93,-72],[70,-29],[81,-56]],[[40103,40121],[106,-40],[22,-45],[63,-15],[21,-31]],[[39697,37997],[-38,-85],[-74,-122]],[[46392,45970],[-52,8],[26,37],[-46,100],[-127,-2],[14,-68],[-56,-38],[-28,-43],[14,-104],[-21,-42],[30,-31],[58,29],[-7,-85],[-88,-56],[-26,-33],[16,-109],[-97,-16],[3,80],[-52,9],[-126,-24],[-54,37],[1,52],[-48,25],[-22,-49],[-92,-43],[-73,68],[-88,59],[-60,6],[27,62],[-83,76],[-81,7],[-78,32],[-38,106],[24,46],[-13,76],[-33,63],[-36,24],[57,79],[-2,36],[-74,34],[-23,59],[13,69],[-22,20],[-105,5],[-73,50],[-43,-1],[-2,58],[-86,4],[-31,-90],[-51,-72],[34,-52],[110,-24],[23,-38],[-10,-55],[47,-46],[96,-37],[38,-45],[-63,-17],[-95,-2],[-71,-15],[-57,94],[-48,22],[-61,-3],[-25,-29],[-18,-100],[-67,20],[-30,36],[12,87],[-57,41],[-77,-10]],[[45114,46816],[51,-6],[76,-46],[26,21],[76,-13],[24,-28],[139,-20],[44,24],[66,4],[72,-71],[96,12],[43,47],[51,-11],[46,-37],[59,18],[33,-42],[18,-80],[67,7],[76,-79],[9,50],[48,4],[69,39],[43,-32],[144,102],[144,-14],[69,14],[-14,-48],[-47,7],[-17,-37],[18,-45]],[[41487,35558],[-95,-4],[-47,9],[-46,46],[-75,0],[-79,32],[-54,106],[-44,122],[34,62],[-33,28],[-14,53],[-7,2]],[[41027,36014],[-28,107],[-35,69],[-105,107],[-30,115],[53,50],[40,98],[-17,46],[5,63],[105,-10],[11,32],[-25,44],[-57,37],[28,39],[-80,90],[37,77],[124,39],[33,66],[-91,-4],[-81,-38],[-56,56],[-98,24],[36,48],[-16,35],[-52,6],[-24,30],[5,67],[63,80],[-47,113],[29,31],[-24,78],[21,44],[54,48],[-19,50],[-35,-4],[-21,61],[-32,22]],[[41662,38308],[-32,-62],[50,-50],[-8,-42],[71,0],[64,-51],[57,18],[38,-92],[105,-23],[6,-53],[75,21],[52,-58],[-5,-61],[49,-71],[-4,-33],[107,-147],[3,-38],[83,-46]],[[16016,60013],[-39,4],[-21,103],[-68,-14],[-25,28],[-160,30],[-75,-20],[-73,98],[-81,10],[-78,51]],[[15396,60303],[80,10],[13,141],[-109,42],[36,55],[-26,35]],[[15969,59984],[-34,-18],[-34,-89],[-48,-3],[40,-92],[-49,-73],[-11,-51],[48,-55],[2,-81],[42,-73],[-11,-190],[-64,-7],[-3,-83],[-87,-88],[-45,-115]],[[15715,58966],[-16,-40],[-92,-18],[-44,-77]],[[15563,58831],[-42,46],[-102,63],[-80,26],[16,59],[-47,44],[-128,-23],[-52,101],[-58,47],[-67,25],[-59,-19],[-41,24],[32,46],[-57,26],[-21,36],[-67,-8],[-80,52],[-86,23],[-11,48],[-99,65],[-63,120],[28,3],[155,66],[-77,4],[-48,32],[45,90],[-53,93]],[[14501,59920],[28,30],[104,-31],[25,-29],[58,-13],[61,16],[61,50],[32,-9],[83,41],[76,11],[18,-25],[66,34],[29,68],[55,-30],[55,-1],[39,39],[-5,45],[48,39],[36,66],[-13,37],[39,45]],[[17063,54597],[45,68],[8,44],[-100,-31],[-44,33],[2,31],[-167,92],[19,96],[53,-8],[33,48],[-56,93],[67,76],[46,90],[34,-16],[43,30],[30,77],[-72,30],[-14,74],[-37,77],[63,99],[45,-12],[34,31],[84,37],[38,-20],[21,66],[45,25],[-45,52],[-143,28],[-62,-21],[-45,17],[-39,49],[-60,-21],[-65,23],[-12,55],[52,7],[13,34],[82,101],[-10,30],[44,39],[25,51],[-34,17],[29,49],[18,81]],[[17031,56318],[48,-13],[28,35],[36,-41],[30,43],[78,0],[43,15],[41,47],[26,-50],[45,19],[141,-47],[25,-99],[36,-85],[45,41],[75,-58],[55,-24],[38,27],[47,68],[44,5],[-8,72],[23,36],[-4,74],[25,15],[61,-24],[97,41],[68,82],[38,27]],[[18212,56524],[33,13],[38,-101],[51,-34],[57,47],[29,-42],[66,79],[60,-12],[-29,-59],[-56,-55],[6,-32],[60,-43],[-24,-102],[-58,-70],[-7,-71]],[[16789,54850],[-11,-54],[-84,41],[35,31],[60,-18]],[[14582,57778],[-60,27],[-53,-2],[-100,-62],[-68,3],[-117,-16],[-55,-57],[-90,-2]],[[14039,57669],[-19,57],[-104,-18],[-22,30],[-59,2],[14,-52],[-20,-56],[-86,-13],[-22,15],[-4,78],[-82,24],[3,119],[30,70],[-19,36],[34,54],[-25,53],[35,68],[-19,19],[54,136],[64,30],[28,88],[27,18],[74,-18],[-8,58],[25,27],[-31,78],[-50,23]],[[13857,58595],[40,78],[102,54],[64,-17],[47,54],[94,-13],[45,24],[54,-37],[7,-38],[49,-19],[69,14],[47,-23],[79,-8],[54,-55],[47,60],[52,-13],[75,20],[45,-37],[24,32],[75,-20],[51,-31],[39,3],[65,54],[8,-48],[88,-41],[54,25],[62,-46]],[[15293,58567],[-91,-54],[-21,-86],[-36,33],[-40,-14],[-5,-57],[-62,-104],[-59,-125],[-29,19],[-78,-111],[-6,-58],[-39,-55],[-26,-78],[-34,-10],[-99,-68],[-86,-21]],[[15715,58966],[49,-23],[75,19],[81,-28],[-4,-63],[56,-16]],[[15972,58855],[6,-45],[-33,-77],[-45,-13],[-45,-49],[-40,10],[11,-123],[-66,39],[-76,21],[-33,-32],[54,-83],[-34,-11],[-29,-80],[32,-20],[-9,-49],[51,-3],[33,35],[49,-28],[-53,-159],[-78,-22],[5,-68],[77,-33],[-63,-78],[-150,18],[-18,-29],[-81,-3],[-49,-55],[-110,-73],[7,-65],[-100,11],[-36,71],[-75,-49],[-102,11],[-55,-44],[-44,2]],[[14873,57782],[-73,18],[-22,-32],[-51,9],[-18,-71],[-52,39],[-75,33]],[[15293,58567],[86,90],[55,84],[129,90]],[[16611,58077],[23,-48],[-58,-29],[-7,71],[-69,8],[40,-76],[-17,-24],[-83,-30],[-52,-56]],[[16388,57893],[-19,-78],[-156,1],[-42,74],[48,44],[-9,58],[-73,1],[5,72],[27,114],[158,26],[7,39],[55,55]],[[16389,58299],[50,2],[25,-28],[69,14],[89,-58],[-64,-52],[-27,-54],[66,-10],[14,-36]],[[17031,56318],[-7,67]],[[17024,56385],[51,1],[17,121],[31,39],[47,19],[3,36],[140,60],[185,1],[48,19],[-88,87],[51,84],[-44,42],[-46,0],[4,47],[37,18],[-4,44],[56,36],[-23,61],[51,37]],[[17540,57137],[93,-15],[35,-54],[68,-27],[61,-99],[8,-89],[54,-33],[51,0],[65,33]],[[17975,56853],[-6,-71],[30,-56],[60,-42],[21,-42],[52,-21],[71,-59],[9,-38]],[[16277,54601],[32,38],[50,23],[-1,47],[-30,89],[13,38],[-72,60],[-52,1],[-8,-37],[-68,-22],[-58,102],[28,59],[69,73],[-3,37],[-39,29],[-64,-12],[1,82],[-29,38],[35,51],[-46,95],[-39,-19],[-64,23]],[[15932,55396],[-41,78],[5,58],[73,49],[38,-12],[83,47],[103,10],[64,86],[-101,20],[-50,52],[-9,61],[60,24],[-5,84],[-36,55],[19,42],[-48,50],[48,21],[14,56],[-43,12],[50,66],[-60,82],[67,113],[-10,14]],[[16153,56464],[5,33],[108,16],[20,30],[87,34],[22,39],[44,16],[-3,57],[60,11],[33,-58],[59,11],[34,-68],[-44,-19],[63,-80],[55,-21],[-5,-47],[62,1],[11,27],[141,64],[16,-60],[103,-65]],[[15098,54663],[-4,25],[62,28],[-6,51],[-61,11],[-12,126],[11,75],[45,18],[63,-45],[36,51],[50,-20],[11,72],[-41,38],[-14,46],[16,55],[-1,94],[22,25],[65,-3],[96,51],[6,64],[38,40],[13,64]],[[15493,55529],[50,1],[69,-34],[79,23],[30,-23],[63,-97],[98,-18],[50,15]],[[13857,58595],[-57,23],[-6,39],[61,15],[7,72],[-66,57],[-22,53],[-42,9],[-44,165],[-71,43],[4,106],[93,28],[31,26],[-22,37],[14,62],[33,26],[-5,50],[106,119],[35,-7],[88,99],[90,-6],[6,45],[46,-7],[83,38],[86,21],[19,92],[39,41],[60,32],[6,46],[72,1]],[[14709,56210],[38,-11],[16,-63],[-27,-42],[12,-32],[57,-40],[7,-48],[-30,-26],[-149,42],[-59,-26],[-29,-38],[-124,51],[-44,-31],[-69,39]],[[14308,55985],[-23,18],[-125,-16],[5,93],[-42,32],[-4,42],[60,48],[-54,20],[-38,38],[-69,28],[50,87],[-91,49],[-87,84],[-20,56],[-61,39],[-63,22],[-127,10]],[[13619,56635],[-42,14],[-18,57],[-9,108],[11,15]],[[13561,56829],[106,45],[17,28],[99,55],[44,5],[57,60],[46,-38],[39,35],[230,-41],[28,-48],[49,-16],[12,-42],[58,-4],[44,-56],[110,-15]],[[14500,56797],[-11,-81],[19,-51],[87,-14],[-20,-248],[71,-63],[28,1],[-1,-110],[36,-21]],[[16153,56464],[-41,-15],[-74,16],[-135,-69],[-77,38],[-85,-10],[15,47],[-83,6],[-61,-41],[-42,-3]],[[15570,56433],[-8,73],[-57,23],[-10,62],[18,35],[-20,43],[12,158],[40,143],[-40,28],[-9,85],[53,34],[19,54],[-63,43],[-49,182]],[[15456,57396],[117,-22],[120,-1],[63,-20],[172,17],[47,-20],[168,39],[184,69],[55,-43],[46,-5],[84,37],[114,-8],[34,29],[84,-18]],[[16744,57450],[82,-3],[34,-34],[106,3],[100,-24],[69,-2],[190,51],[101,34],[29,-33],[71,-29]],[[17526,57413],[1,-92],[17,-58],[-4,-126]],[[14061,54984],[-6,40],[27,64],[-45,45],[14,75],[-58,56],[20,44],[-76,10],[-38,38],[56,85],[90,-10],[80,51],[-48,38],[18,145],[63,65],[-58,53],[78,28],[51,37],[-150,40],[27,26],[125,-57],[77,128]],[[14709,56210],[58,37],[55,-3],[51,62],[54,-20],[48,26],[-23,51],[41,62],[49,-4],[25,-34],[27,-133],[75,4],[97,26],[56,-23]],[[15322,56261],[-74,-116],[92,-87],[18,-107],[56,-2],[-30,-107],[6,-45],[48,-23],[68,-164],[-13,-81]],[[15972,58855],[84,23],[80,-17],[64,-162],[64,-51],[13,-47],[51,-51],[42,-7],[47,-43],[46,-116],[-84,-52],[10,-33]],[[16388,57893],[140,-40],[67,-71],[94,-138],[7,-60],[25,-34],[23,-100]],[[15456,57396],[-104,28],[-25,79],[-94,24],[-50,-23],[-92,103],[-68,15],[-31,47]],[[14992,57669],[-32,46],[-99,25],[12,42]],[[13673,54919],[-163,9]],[[13510,54928],[-54,119],[82,14],[-31,58],[-50,-10],[-129,146],[32,102],[-16,54],[-81,26],[44,185],[-77,6],[-74,-26],[-56,36],[47,63],[33,-23],[13,100],[37,55],[-27,94],[17,45],[82,-16],[-1,50],[-199,43],[102,59],[42,3],[37,46],[2,41],[62,1],[-5,74],[55,31],[10,70],[-27,10],[-25,70],[119,21],[-6,44],[131,48],[-30,41],[50,27]],[[14500,56797],[-3,47],[43,111],[38,50],[7,75],[-12,51],[22,34],[95,27],[72,-19],[137,159],[32,121],[-55,51],[-67,20],[20,51],[42,-48],[26,65],[72,17],[23,60]],[[15570,56433],[29,-74],[-36,-46],[-88,-40],[-52,4],[-54,43],[-47,-59]],[[17472,58151],[47,-77],[40,-28],[43,-59],[-28,-30]],[[17574,57957],[-65,-32],[-74,63],[-76,-1],[-40,-90],[-49,-29],[22,-53],[-2,-66],[-73,-5],[-73,38],[-12,38],[-66,25],[-29,110],[-78,6],[-127,67],[-86,1],[-20,40],[-115,8]],[[18435,57282],[-78,-22],[-48,-41],[-37,0],[-110,-55],[-30,-36],[-15,-61],[-81,-31],[24,-43],[-20,-85],[-65,-55]],[[17526,57413],[26,-38],[73,-22],[50,13],[136,-8],[136,17],[17,36],[-116,107],[-64,95],[-21,105],[-85,57],[-65,135],[-39,47]],[[13561,56829],[5,47],[-74,43],[-23,-20],[-101,55],[-96,-38],[-87,43]],[[13185,56959],[39,55],[11,53],[96,18],[-18,39],[10,46],[68,39],[55,-4],[12,82],[111,75],[62,-16],[16,28],[64,34],[-13,36],[15,55],[60,59],[48,-46],[160,38],[54,48],[4,71]],[[13510,54928],[-215,12]],[[13295,54940],[-194,9],[-394,33],[-141,-2],[-243,6],[-22,63],[38,135],[43,35],[86,121],[11,124],[-60,11]],[[12419,55475],[57,49],[-22,155],[-67,134],[-103,107],[66,40],[109,100],[-57,28],[-22,70],[78,-22],[-1,67],[63,70],[123,54],[48,-34],[40,63],[-37,12],[61,58],[-14,52],[49,16],[22,57],[44,-1],[31,40],[65,40],[56,67],[28,73],[62,-3],[29,34],[-30,77],[88,23],[0,58]],[[17587,13973],[38,78],[6,42],[-44,60],[15,127],[-31,5],[-4,57],[76,20],[42,59],[46,1],[35,-49],[39,-6],[51,-66],[17,-53],[36,36],[-3,48],[51,40],[13,39],[117,16],[12,58],[40,71],[-10,42],[77,123],[-35,33],[34,47]],[[18205,14801],[45,2],[46,112],[61,-35],[129,-11],[45,-18],[9,-36],[86,-27],[26,-68],[0,-65],[53,-39],[17,-73],[34,2],[9,-106],[72,-115],[99,-4],[84,-92],[33,-6],[38,36],[18,-69],[64,-3]],[[19173,14186],[9,-14],[-25,-93],[6,-54],[50,-27],[1,-62],[18,-93],[47,-80],[-34,-35],[39,-123],[-19,-38],[51,-55],[41,49],[25,-9],[77,18],[55,31],[-11,-65],[75,-16],[38,-173],[59,-5],[41,-87],[-23,-109]],[[19693,13146],[-43,-21],[-66,34],[-48,-13],[-181,5],[9,-118],[-123,-40]],[[19241,12993],[-13,-53],[-40,-3],[-16,38],[-98,-4],[-77,25],[-21,41],[6,48],[-42,20],[9,148],[-43,-36],[-64,5],[47,53],[43,131],[8,59],[-73,20],[-68,-28],[-23,-71],[-69,-26],[-63,12],[-38,-39],[-14,-62],[-49,-33],[-38,10],[-28,-115],[-54,42],[-3,51],[-26,33],[-41,-11],[-41,39],[4,53],[-70,15],[-55,-66],[-86,16],[-14,-60],[-36,30],[-11,70],[24,79],[-71,32],[-114,79],[-64,28],[1,58],[-25,10],[-60,104],[-70,45],[-32,127],[-46,66]],[[17090,12364],[32,16],[58,83],[50,19],[22,60],[-24,50],[-15,107],[-57,90],[-26,99],[-69,59],[-38,85],[-67,-29],[-62,12],[-16,88],[-34,39],[0,47],[-82,47],[-109,134],[36,80],[42,25],[60,5],[-28,90],[4,41],[55,77],[54,41],[13,31]],[[16889,13760],[58,20],[10,-51],[35,3],[70,-61],[78,-4],[35,42],[32,80],[54,-11],[35,131],[41,33],[88,-58],[29,22],[60,-43],[39,3],[-11,52],[45,55]],[[19241,12993],[47,-36],[-2,-44],[-54,-45],[-40,0],[-51,-39],[-43,-10],[-23,-68],[-34,-12],[-56,95],[-11,-75],[-35,-67],[-55,-41],[-51,37],[-37,-1],[-61,48],[-18,84],[-57,-31],[-20,-65],[32,-25],[56,-5],[19,-75],[-25,-66],[86,-39],[31,-67],[-46,-37],[-43,44],[-52,-43],[-43,4],[-36,29],[-6,40],[-61,-43],[15,-51],[-38,-14],[-33,34],[-64,9],[-65,-42],[-10,30],[-66,29],[-40,-5],[-20,-53],[-79,16],[-51,-16],[-50,-88],[35,-57],[-40,-74],[-6,-81],[-46,35],[-92,-29],[2,-89],[-47,-9],[-18,-63],[-82,36],[-20,-137],[26,-46],[-34,-34],[12,-93]],[[21579,16127],[8,-60],[-2,-139],[19,-29],[-16,-50],[-31,-14],[-14,-58],[-93,-33],[-37,-68],[48,2],[16,-63],[-39,4],[6,-153],[-83,53],[-76,-21],[-29,-51],[-70,6],[-7,44],[-49,9],[-10,-44],[-58,-12],[-41,-31]],[[21021,15419],[-57,21],[-37,-37],[-72,4],[-31,-43],[-79,42],[37,153],[-60,30],[-18,30],[-82,24],[-85,-22],[-32,-40],[-32,34],[-54,14],[7,55],[-48,33],[-14,-42],[-40,25],[6,38],[-32,93],[-25,-47],[-79,-8],[-11,41],[-59,-4],[-37,55],[-72,29],[-57,-15],[-41,24],[-36,58],[-50,8]],[[19831,15972],[13,76],[-18,28],[-5,75],[-37,40],[-5,48],[45,113],[40,28],[72,1],[47,25]],[[19980,23990],[18,-89],[-8,-48],[32,-77],[0,-10],[-9,-24],[-69,2],[0,-66],[-18,-74],[90,-23],[-8,-72],[-104,-37],[35,-59],[62,26],[-13,-68],[19,-84],[-60,-8],[-34,-38],[-12,-110],[-74,-17],[-32,-65],[-90,-7],[-60,25],[-14,-44],[-119,-12],[52,-53],[55,-101]],[[19619,22857],[-45,-11],[-51,34],[-157,44],[-15,62],[-40,40],[-66,9],[-121,84],[-96,-39],[-16,35],[10,70],[-24,32],[-60,-14],[11,-83],[-15,-30],[-125,-46],[-64,17],[-74,-141],[-135,-41],[-50,26],[-33,-36],[-164,-90],[-48,-36],[-94,-46],[-53,3],[-73,-61],[-68,-37],[-78,-22],[-130,-94],[-24,-36],[-80,-45],[-50,-47],[-37,-12]],[[17554,22346],[54,83],[-18,47],[4,66],[-56,26],[-43,-4],[7,77],[-24,21],[47,48],[-21,75],[9,43],[51,-12],[-1,81],[108,-4],[44,23],[71,7],[-12,154],[9,27],[-25,92],[-14,116],[-18,34],[-9,81],[71,140],[48,8]],[[17836,23575],[94,30],[30,65],[64,-8],[75,42],[90,0],[-1,-56],[23,-45],[59,-16],[-17,90],[36,84],[60,-7],[37,20],[65,-40],[0,90],[36,53],[59,-3],[34,31],[25,55],[55,-11],[32,55],[96,1],[6,-152],[85,6],[80,-50],[26,54],[-29,67],[60,-6],[74,28],[-17,55],[-35,13],[13,62],[38,-4],[53,61],[49,-48],[10,-52],[38,-3],[33,29],[74,-5],[12,55],[39,8],[27,-36],[32,43],[111,-40],[119,19],[49,-6],[21,-53],[69,-37],[40,3],[51,-28],[64,2]],[[15990,14681],[-34,36],[-18,72],[-6,188],[-55,35],[-66,-7],[-13,-41],[-62,80],[-66,11],[-26,123],[-104,37],[-91,7],[-49,-31],[-10,-54],[-30,-36],[-53,6],[-69,-15],[-93,69],[-24,49]],[[15121,15210],[-51,55],[-53,159],[-28,50],[-50,-13],[-76,142],[25,42],[46,-9],[31,26],[11,54],[40,69],[8,66],[-31,34]],[[14993,15885],[-6,26],[71,76],[70,14],[57,-44],[91,60],[20,118],[32,37],[74,-58],[38,13],[56,63],[53,-44],[48,27],[-6,54],[55,44],[21,71],[-6,39],[-49,22],[-6,40],[102,29],[61,39],[76,79],[21,-54],[69,-34],[58,49],[37,50],[37,10],[40,-61],[28,46],[135,13],[59,57],[38,-10],[62,13],[38,54],[119,-16]],[[16586,16707],[34,-11],[97,14],[21,50],[45,52],[39,-18],[42,47],[47,6],[7,62]],[[16918,16909],[35,9],[15,-44],[50,-6],[39,-35],[38,-123],[35,-51],[41,-144],[48,-37],[101,-5],[4,-78],[29,-2],[65,-72],[44,-4],[-15,-96],[52,-41],[66,15],[42,-39]],[[17607,16156],[21,-75]],[[17628,16081],[-2,-38],[-50,-41],[-43,56],[-44,-37],[-18,-40],[-116,7],[-13,-94],[-148,6],[-44,-81],[-2,-67],[-108,-35],[-4,-50],[-72,19],[-32,-19],[-16,-59],[17,-162],[-5,-75],[-52,31],[-66,4],[-104,-15],[-85,22],[-131,-33],[-56,7],[0,-84],[-63,-21],[-56,11],[-51,-77],[18,-74],[31,-25],[-38,-39],[-17,-61],[33,-66],[-6,-90],[-44,21],[-28,-14],[-131,-5],[-91,-149],[-1,-33]],[[18894,17373],[-128,-106],[-21,-70],[-24,-20],[-72,14],[-28,-49],[52,-38],[1,-37],[-56,-34],[-19,-76],[-71,17],[-59,-11],[1,-27],[-68,-29],[78,-128],[17,-13],[5,-85],[-13,-48],[-59,10],[-23,30],[-58,-63],[-19,-62],[-7,-130],[-57,76],[-63,-15],[-38,20],[-86,-23],[13,-60],[-66,-36],[-66,-94],[-123,-38],[1,-47],[-109,-43],[-74,30],[-48,-32]],[[16918,16909],[-6,48],[32,57],[47,3],[9,92],[-59,14],[10,76],[-4,66],[14,46],[-11,76],[-29,-17],[-22,54],[18,48],[60,60],[1,144],[39,57],[111,26],[-45,144],[25,16],[74,-6],[-12,104],[12,48],[-10,53],[-31,46],[74,47],[7,27],[64,0],[29,-35],[45,12],[48,-13],[36,-85],[118,2],[35,27],[74,6],[94,65],[70,7],[0,119],[41,2],[62,33],[55,46],[-54,67]],[[17939,18491],[63,5],[72,65],[15,35],[55,38],[21,60],[-3,88],[59,46],[29,54],[-5,66],[35,41],[39,77],[38,22],[71,-10],[7,35],[-52,32],[0,53],[-35,64],[-42,7],[-28,56],[-9,61],[82,-29],[34,32],[5,70],[-62,18],[-34,92],[64,-5],[1,34],[66,5],[-12,-69],[17,-40],[53,2]],[[19018,17719],[-12,-94],[47,-45]],[[14866,19697],[-2,87],[74,15],[-14,53],[102,16],[-37,-66],[9,-41],[106,-8],[134,22],[21,23],[101,58],[-2,35],[62,11],[9,-223],[56,-42],[109,34]],[[15594,19671],[71,-3],[23,-41],[77,8],[86,-47],[12,-115],[53,-1],[58,-50],[89,85],[72,-15],[45,-29],[23,-62]],[[16203,19401],[-38,-42],[27,-90],[69,12],[22,-23],[-12,-56],[-113,-53],[-33,-79],[47,-52],[78,-43],[-6,-42],[-39,-49],[31,-27],[85,48]],[[16321,18905],[9,-49],[-38,-34],[-9,-41],[69,-28],[59,15],[27,-64],[-10,-144],[26,-73],[-40,-53],[-9,-73],[-49,21],[-40,-10],[-85,-99],[-59,43],[-38,-70],[-73,9],[-13,-51],[25,-29],[-38,-153],[-3,-68],[22,-55],[-50,1],[-15,-50],[-50,-39],[-93,2]],[[15846,17813],[-35,56],[-37,13],[-7,87],[-39,-7],[-9,-55],[-106,75],[-79,42],[-45,8],[-46,42],[18,46],[45,7],[6,51],[-39,17],[-41,-10],[7,115],[-58,67],[-95,-3],[-15,37],[59,33],[-67,94],[-74,4],[-47,-17],[-4,97],[-87,43],[-9,-37],[-85,31],[-48,43],[-56,12],[-52,-12]],[[14801,18692],[-41,56],[1,82],[34,95],[-13,52],[63,26],[9,166],[-11,162],[72,18],[-7,69],[-31,3],[-36,141],[16,31],[9,104]],[[14405,14193],[-98,240],[-36,165],[-16,105],[-82,411]],[[14173,15114],[187,83],[45,3],[98,-59],[46,6],[43,41],[49,-1],[28,-32],[50,10],[28,37],[36,-22],[105,-17],[55,54],[48,-70],[59,-29],[71,92]],[[15990,14681],[-56,-38],[-44,-57],[13,-112],[50,16],[80,-41],[-15,-61],[62,-5],[84,35],[-10,-50],[-39,-24],[-38,-69],[-1,-53],[36,-26],[-19,-72],[-51,-30],[23,-27],[75,11]],[[16140,14078],[-52,-81],[-13,-87],[25,-19],[40,-158],[-60,-40],[-58,-65],[-27,4],[-28,59],[-75,-85],[-62,-9],[-63,-37],[-17,-52],[-57,28],[15,62],[-78,72],[-42,-63]],[[19058,21500],[-140,-151],[-33,-21],[-43,-63],[-20,-83],[-97,-83],[-28,-51],[-45,-32],[-11,-33],[3,-129],[-47,-35]],[[18597,20819],[-83,25],[-39,28],[-20,51],[-124,10],[-20,29],[30,37],[-5,54],[-83,47],[-117,18],[-26,57],[-56,20],[-64,-14],[-42,38],[-62,-4],[-85,53],[-9,113],[-57,31],[67,66],[14,62],[-64,33],[13,54],[-70,33],[-74,14],[-8,-99],[-38,14],[14,61],[-59,9],[-20,-22],[-51,22]],[[17459,21659],[1,58],[36,-8],[55,20],[-13,52],[-43,39],[-10,66],[32,1],[-20,178],[-91,2],[1,37],[71,-4],[76,-26],[11,33],[-137,42],[-76,60],[11,76]],[[17363,22285],[88,-37],[36,77],[67,21]],[[19619,22857],[104,-34],[43,-28],[44,8],[84,-41],[57,28],[93,8],[81,-18],[35,-40],[79,-40],[40,-2]],[[20279,22698],[1,-55],[-21,-61],[-34,27],[-47,-25],[-21,-58],[-70,12],[-29,-42],[16,-87],[0,-62],[-25,-67],[7,-101],[35,-101],[-26,-101],[42,-67],[-10,-70],[20,-22],[-12,-100]],[[21650,14225],[-118,29],[-17,-11],[-81,23],[-24,50],[-50,28],[-47,64],[-92,26],[-62,-66],[-26,-7],[-50,61],[-39,-17],[-15,-39],[-51,22],[19,60],[-9,62],[-69,-36],[-122,1]],[[20797,14475],[-10,23],[17,124],[-10,28],[28,90],[3,59],[65,168],[53,30],[-16,84],[22,32],[64,24],[0,55],[-19,83],[28,66],[-1,78]],[[17363,22285],[-152,44],[-62,-8],[-168,70],[7,115],[-114,102],[-117,-10],[-54,38],[-93,30],[-37,40],[-76,18],[-121,69],[-125,25],[-174,118],[-63,13],[14,71],[-36,29],[-73,-1],[-41,-54],[-55,8],[-56,57],[-46,23],[22,112],[-9,49],[13,71],[-62,51],[-13,99],[-21,1],[-14,79],[97,-9],[19,32],[-2,91],[-96,24],[-43,27],[-86,-11]],[[15526,23698],[-21,110],[35,123],[-129,18],[-1,110],[19,94]],[[15429,24153],[107,57],[79,-31],[27,38],[52,14],[47,-47],[7,-53],[52,21],[29,33],[87,-5],[-1,101],[85,-8],[3,-79],[55,-9],[19,-35],[72,31],[-20,32],[7,138],[-53,25],[72,58],[-15,101],[-44,-1],[-2,46],[-46,65],[-2,62],[68,52],[-5,126],[-57,37],[-19,39],[-41,23]],[[15992,24984],[16,92],[-61,18],[-14,78],[81,21],[-1,72],[43,131],[98,-56],[23,-98],[36,-10],[63,32],[70,-35],[27,-66],[63,-21],[23,117],[37,2],[37,-30],[19,-50],[64,46],[-2,-124],[37,-18],[44,-52],[87,30],[62,3],[33,30],[103,3],[23,-46]],[[17003,25053],[-15,-56],[66,-45],[-15,-84],[86,-37],[84,-74],[18,-38],[41,-25],[50,4],[49,-80],[63,28],[130,19],[46,34],[27,-21],[-12,-89],[7,-51],[45,-42],[5,-59],[92,60],[1,-167],[17,-52],[-6,-63],[-75,-10],[1,-98],[39,-20],[38,36],[48,-41],[8,-59],[-59,-3],[6,-73],[45,-3],[24,-63],[-84,-4],[-4,25],[-118,25],[-35,-49],[-8,-46],[52,-42],[-15,-79],[137,-11],[10,-54],[-42,-58],[86,-13]],[[13135,20760],[135,-7],[76,-87],[23,8],[74,-55],[6,-107],[25,-31],[71,24],[26,-43],[76,18],[42,38],[71,-38],[18,-26],[58,17],[57,-77],[53,55],[81,21],[16,26],[80,-3],[25,13]],[[14148,20506],[43,11],[94,-31],[20,-96],[57,0],[6,-42],[36,-63],[81,-29],[-5,-50],[15,-88],[-77,-89],[8,-47],[-58,-57],[-46,-85],[31,-16],[34,-54],[48,-47],[26,-92],[100,17],[2,33],[177,7],[72,28],[54,-19]],[[14801,18692],[-52,-95],[-1,-117],[57,-64],[-30,-13],[8,-61],[-22,-98],[-72,5],[-25,60],[13,41],[-31,115],[-104,-57],[-54,2],[-27,-82],[4,-47],[48,-12],[-14,-51],[51,-95],[31,-13],[9,-55],[-25,-42],[74,-63],[-35,-27],[-72,-5],[-34,-77],[41,-20],[24,-46],[-47,-71],[-48,-22],[-60,0],[-25,-20],[-76,47],[-79,-3],[-39,15],[-78,67],[-29,-78],[25,-131],[-7,-56],[-47,46],[-28,-9],[-52,40],[-33,-35],[-53,-19],[37,-49],[6,-62],[-14,-48],[44,-85],[-10,-42],[47,-14],[-25,-89],[3,-38]],[[13975,17119],[-77,-85],[-52,-17],[-56,-39]],[[13790,16978],[-25,46],[-46,13],[-75,87],[-31,87],[-1,51],[-66,339],[-34,26],[-86,277],[-19,135],[-25,105],[-20,15],[-15,78],[-47,122],[2,32],[-82,-9],[-14,74],[-44,112],[-23,30],[10,72],[-6,83],[-70,149],[-43,19],[-51,-41],[-69,54],[-26,3],[-44,61],[-100,49],[64,21],[1,74],[-29,19],[-27,105],[-16,19]],[[16586,16707],[-39,145],[-9,100],[-66,138],[-9,106],[-49,20],[4,41],[43,49],[-10,89],[-167,0],[-36,-63],[-120,-21],[-68,31],[-38,-7],[-12,-39],[-57,-5],[-150,93],[-106,9],[-29,-10],[-115,44],[55,79],[75,60],[53,2],[-69,71],[55,25],[63,5],[44,-16],[-2,104],[19,56]],[[16321,18905],[9,92],[25,37],[60,-56],[60,31],[18,56],[-39,72],[-32,89],[52,57],[63,-38],[-4,-43],[69,14],[28,30],[154,59],[55,-22],[118,48],[61,-44],[-28,-39],[15,-35],[101,5],[79,-54],[70,-2],[12,-64],[-80,24],[-30,-48],[19,-57],[35,-2],[70,-81],[-5,-52],[-29,-67],[96,-122],[39,107],[61,-17],[98,13],[33,-15],[13,-47],[70,-6],[31,-35],[6,-50],[82,-21],[-16,-89],[179,-42]],[[14148,20506],[-2,16],[91,122],[-4,28],[56,44],[-33,102],[92,67],[4,77],[78,23],[25,31],[91,-17],[67,7],[8,62],[102,-16],[33,57],[73,3],[-15,-92],[54,-22],[35,11],[19,107],[76,-29],[61,4],[69,-27],[-1,75],[74,-5],[30,-78],[48,9],[12,92]],[[15291,21157],[37,5],[89,-40],[-1,-62],[52,-5],[8,54],[106,-31],[28,36],[87,27],[7,45],[41,2],[31,-128],[113,-2],[-12,-74],[-34,-61],[-7,-123],[-99,-18],[-20,-24],[-8,-65],[34,-12],[14,-41],[7,-108],[-11,-126],[-51,33],[-51,-2],[28,-87],[-19,-46],[3,-65],[-78,-2],[-23,-67],[30,-27],[3,-64],[47,-18],[16,-44],[-31,-22],[-71,0],[1,-59],[27,-26],[8,-49],[37,-85],[-37,-47],[2,-58]],[[19574,27625],[105,50],[26,37],[36,-59],[48,-1],[12,-69],[66,-7],[16,-45],[-35,-30],[3,-60],[-56,-43],[-10,-33],[98,-21],[62,17],[1,-58],[61,-52],[58,14],[44,38],[16,60],[65,-38]],[[20190,27325],[103,-24],[3,-20]],[[20296,27281],[-58,-76],[27,-56],[-32,-66],[20,-64],[40,-24],[-9,-57],[8,-103],[-65,-19],[-46,-53],[16,-45],[115,-39],[48,-61],[36,3],[17,-57],[-20,-55],[-52,-4],[-7,-99],[-68,13],[16,-68],[-54,-32],[-29,-84],[-61,-9],[-46,-105],[40,-7],[68,-43],[16,-33],[-49,-52],[-97,-22],[-11,-22],[-84,-37],[-10,-80],[11,-59],[-23,-121]],[[19953,25645],[-139,-1],[-1,31],[-61,11],[-20,-27],[-86,19],[-51,69],[-100,12],[-86,-39],[-78,31],[-47,79],[4,43],[-39,11],[-60,-59],[-72,24],[-37,-5],[-92,65],[-31,-18],[-1,-90],[-44,-31],[-44,-68],[-42,21],[19,42],[-199,40],[-141,-11],[-3,46],[-76,0],[-37,-63],[-40,14],[-14,86]],[[18335,25877],[4,60],[55,100],[3,89],[43,-15],[80,48],[26,65],[-49,57],[-61,15],[7,97]],[[18443,26393],[55,1],[18,-51],[61,-20],[12,35],[98,35],[59,-12],[70,105],[13,126],[-4,101],[74,11],[-5,105],[40,35],[-32,31],[-66,14],[45,91],[23,72],[80,4],[14,-47],[57,-10],[19,50],[36,-25],[17,-49],[111,1],[16,35],[-45,65],[95,29],[38,109],[45,68],[61,-9],[-24,82],[32,2],[37,74],[28,151],[53,23]],[[19693,13146],[53,-67],[111,-1],[67,20],[40,-86],[52,-14]],[[20016,12998],[24,-26],[-18,-53],[37,-29],[62,-14],[59,25],[37,-18],[65,3],[23,19],[70,-23],[75,-6],[135,-39],[28,-46]],[[20613,12791],[3,-44],[57,-47],[-45,-94],[-65,-46],[-64,-104],[-49,-124],[3,-34]],[[20453,12298],[-66,-1],[-131,-36],[-56,15],[-50,-21],[-86,25],[-18,-101],[-48,2],[-5,-106],[11,-16],[-55,-158],[-40,-24],[-66,33],[-57,5],[-21,-34],[-42,-12],[-89,93],[-14,-21],[-79,30],[-32,-44],[-81,-3],[-113,-25],[-50,-25],[-38,-91],[-49,15],[-51,66],[25,34],[-65,28],[-59,45],[-64,-28],[-33,-61],[-33,38],[-96,4],[-25,-41],[-16,-98],[-59,-61],[-38,-101],[-13,-64],[46,-65],[-29,-65]],[[18668,11429],[-45,54],[-141,22],[-272,-7],[-38,-8],[-117,29],[-7,29],[-64,-16],[-66,-72],[-51,15],[-19,29],[13,101],[-88,23]],[[17003,25053],[61,71],[42,10],[90,-60],[43,36],[99,16],[89,-15],[13,-62],[89,-2],[-9,32],[66,16],[19,-93],[63,3],[25,58],[38,27],[-6,51],[-99,14],[24,140],[-86,-5],[-6,86],[42,8],[-8,93],[43,13],[-12,46],[-45,15],[-18,124],[181,22],[29,95]],[[17770,25792],[120,60],[4,104],[81,4],[0,103],[78,10],[18,-55],[2,-85],[38,10],[26,47],[11,66],[50,0],[8,-63],[53,-30],[17,-68],[59,-18]],[[19953,25645],[108,-35],[25,-60],[56,76],[45,-56],[80,21],[14,-61],[63,-24],[77,-2],[62,-37]],[[20483,25467],[-3,-78],[-78,20],[-80,-27],[-1,-61],[-80,24],[-2,-59],[-84,27],[-50,-32],[1,-35],[49,-32],[-26,-30],[-1,-57],[-83,-18],[-15,32],[-52,5],[11,-60],[-15,-71],[-34,-64],[45,-28],[-160,-133],[24,-65],[-45,-6],[-23,-67],[35,-56],[49,-14],[53,-42],[29,-2],[55,-22],[34,-102],[33,-66],[13,-60],[-45,-41],[1,-52],[-32,-37],[0,-60]],[[20006,24098],[-26,-108]],[[15291,21157],[-7,119],[37,-28],[46,9],[8,80],[-27,4],[-2,104],[132,-14],[26,90],[34,-12],[74,11],[-25,-139],[47,-10],[61,116],[-26,81],[3,56]],[[15672,21624],[45,-33],[40,4],[58,-76],[38,-23],[174,7],[79,-19],[14,22],[67,-25],[36,6],[73,-36],[74,10],[-3,78],[64,0],[81,-30]],[[16512,21509],[66,-27],[110,-79],[78,-21],[56,43],[14,-52],[31,6],[64,-34],[13,-103],[-45,-35],[-39,15],[-53,-61],[63,-65],[-93,4],[-51,30],[-10,36],[-53,19],[10,63],[-50,53],[-20,-74],[-35,-8],[2,-99],[30,-6],[0,-86],[27,-66],[-67,-28],[0,-80],[-17,-113],[-90,-13],[-17,-49],[27,-83],[79,-19],[13,-87],[81,-12],[-2,-116],[-22,-45],[-5,-110],[33,-120],[17,3],[28,-136],[49,-38],[4,-67]],[[16738,19849],[-40,9],[-57,-22],[-39,-55],[16,-78],[-43,-95],[-74,14],[-18,-33],[-44,-8],[-56,-57],[-10,-54],[-42,-25],[-39,-52],[-89,8]],[[14173,15114],[-52,202],[-46,226],[-41,67],[3,140],[-37,360],[-40,229],[-35,60],[-35,235],[-46,199],[-54,146]],[[13975,17119],[72,-81],[35,-102],[41,17],[86,4],[99,-17],[53,-33],[35,-72],[65,6],[77,-50],[42,-8],[31,-111],[2,-63],[42,-46],[75,-43],[81,-148],[-7,-98],[73,-141],[-4,-82],[99,-164],[21,-2]],[[17459,21659],[-52,8],[-8,39],[-56,-1],[-7,44],[-54,4],[-20,-26],[-81,-44],[-22,-44],[-61,-18],[-33,31],[-91,15],[30,137],[26,71],[-11,42],[-61,-19],[-65,13],[-61,-9],[-40,-52],[4,-272],[-70,-5],[-33,23],[-4,46],[-53,68],[-108,31],[-171,-52],[15,-39],[67,-10],[36,14],[8,-59],[34,-13],[-5,-73]],[[15672,21624],[-36,18],[17,82],[-34,20],[19,53],[-11,33],[11,64],[-26,23],[-24,99],[25,14],[5,55],[-32,66],[-125,12],[-9,31],[-63,-32],[-104,11],[33,122],[-22,69],[-30,24],[-49,-6],[-36,66],[9,60],[-71,34],[-155,33],[20,82],[-103,4],[-37,15],[-51,-19],[-29,35],[0,116],[84,40],[10,77],[-114,-7],[-17,57],[-45,3],[-6,118],[32,71],[124,6],[10,65],[36,-25],[46,-114],[33,-1],[31,39],[44,11],[17,49],[-18,82],[26,38],[127,37],[58,-28],[24,74],[-7,100],[58,82],[157,2],[9,105],[43,9]],[[16889,13760],[-59,39],[-31,-55],[-26,-2],[-52,103],[15,56],[-22,44],[59,132],[-48,38],[-16,42],[4,64],[30,6],[38,77],[-91,55],[-48,-7],[-62,38],[-26,-29],[0,-54],[19,-41],[-41,-71],[4,-64],[64,-39],[2,-71],[-103,-19],[-59,75],[-74,-28],[-33,-32],[-65,58],[-54,21],[-74,-18]],[[17628,16081],[82,-52],[54,-2],[-63,-77],[36,-32],[-15,-44],[23,-27],[-38,-65],[-16,-80],[-24,-54],[-77,-9],[13,-84],[-9,-54],[16,-37],[2,-84],[51,-50],[-17,-72],[50,-4],[69,-30],[55,-50],[9,-42],[41,-11],[-17,-108],[70,-25],[36,-38],[34,20],[171,-22],[-20,-60],[11,-80],[50,-7]],[[16738,19849],[60,38],[108,-23],[60,30],[94,22],[22,62],[43,27],[48,-15],[16,38],[78,24],[53,-39],[56,-111],[83,2],[-15,75],[101,26],[-10,32],[85,-3],[50,13],[-79,82],[-13,47],[26,87],[22,32],[95,-4],[57,35],[102,22],[22,-12],[125,99],[15,23],[77,43],[43,69],[124,21],[72,83],[52,15],[116,3],[68,52],[3,75]],[[20797,14475],[-34,-38]],[[20763,14437],[-106,121],[-77,29],[-38,40],[43,37],[13,71],[-41,72],[11,90],[-46,64],[58,97],[-12,174],[-86,10],[-44,-17],[-32,37],[-72,10],[-47,-37],[-61,28],[-49,72],[-56,-52],[-20,35],[-70,-7],[-6,-62],[-33,-83],[-59,-13],[-63,-98],[31,-20],[23,-87],[-60,6],[-18,-100],[-53,-49],[-91,-30]],[[19702,14775],[6,127],[-39,-8],[-3,88],[9,55],[-45,9],[-30,57],[-52,44],[-81,-19],[-30,94]],[[19437,15222],[-22,88],[-10,121],[44,-24],[30,16],[16,100],[167,0],[10,28],[57,17],[15,37],[-6,79],[12,92],[32,42],[-29,41],[51,43],[27,70]],[[19437,15222],[-74,-2],[-27,20],[-77,-72],[-2,-38],[-82,-31],[-22,-43],[18,-42],[9,-143],[56,-35],[-2,-62],[60,2],[-9,-51],[58,-42],[13,-63],[-13,-42],[-36,9],[-22,-67],[0,-69],[37,-26],[14,-52],[-34,-39],[18,-61],[-62,-27],[-44,7],[-41,-67]],[[12793,21071],[-46,20],[63,46],[4,73],[69,94],[64,3],[31,19],[13,48]],[[12991,21374],[50,5],[-12,-50],[19,-36],[66,21],[39,-33],[69,41],[12,32],[46,-16],[43,45],[-4,70],[29,83],[-62,2],[-2,27],[66,44],[19,-78],[42,18],[-43,115],[94,118],[32,76],[-1,37],[31,56],[9,58],[-60,24],[-53,-14],[-56,-38],[-41,58],[72,74],[66,47],[65,-20],[53,-35],[17,59],[-13,70],[14,93],[33,17],[-10,82],[-52,56],[-133,25],[-3,55],[-65,-12],[-24,43],[-38,-15],[-55,-51],[-19,32],[44,29],[-31,116],[-23,31],[41,111],[-9,122],[-36,-5],[-59,58],[-13,69],[-26,40],[-1,57],[66,-37],[55,59],[115,-63],[22,20],[17,102],[55,9],[26,38],[68,15],[-16,114],[27,18],[45,-81],[115,16],[-3,-97],[34,-5],[-13,-72],[70,-10],[105,62],[-2,42],[110,12],[8,25],[-73,53],[24,62],[53,27],[4,95]],[[14030,23591],[84,2],[91,77],[154,28],[10,25],[149,-2],[-17,37],[-8,166],[79,57],[33,-5],[7,65],[-31,3],[-56,45],[25,37],[35,-26],[67,-3],[39,40],[96,-17],[99,20],[2,-61],[94,-67],[6,-46],[66,-21],[25,-53],[101,-3],[29,56],[54,-9],[37,43],[-2,177],[131,-3]],[[20763,14437],[-47,-146],[-35,-51],[28,-35],[-57,-37],[10,-36],[-27,-64],[-50,-10],[9,-45],[-60,16],[-17,-46],[-60,-2],[5,49],[-34,7],[-138,-40],[-3,-22]],[[20287,13975],[-8,17],[50,98],[-58,23],[-58,-25],[-11,60],[40,51],[48,35],[-102,16],[-54,-75],[-45,-14],[-63,43],[6,122],[-57,30],[-19,-25],[-48,54],[34,22],[-55,86],[-75,-53],[-24,41],[-39,-8],[-24,98],[-23,204]],[[20287,13975],[19,-64],[-34,-38],[-1,-50],[-25,-62],[19,-120],[50,-37],[-57,-55],[46,-9],[62,30],[-26,-188],[-20,-104],[-76,-70],[-27,-64],[-81,-66],[-54,8],[-50,-26],[-16,-62]],[[18614,32032],[33,46],[103,-5],[33,101],[65,45],[106,30],[27,79],[35,20],[35,86],[65,-4],[50,-26],[16,-38],[101,-51],[95,0],[40,26],[-22,44],[4,46],[82,-2],[152,-67],[12,66],[69,8],[34,33],[-43,80],[91,-2],[-9,52],[-66,16],[9,119],[155,25],[11,50],[106,4],[-71,121],[41,-12],[59,58],[127,19],[-67,51],[29,51],[95,-25],[14,47],[41,38],[54,7]],[[20325,33168],[43,-12],[-8,-40],[-40,-45],[42,-18],[15,-50],[-7,-78],[40,-24],[-13,-92],[-41,-99],[48,-6]],[[20404,32704],[-18,-83],[55,19],[36,-45],[-69,-74],[-16,-90],[-51,17],[-48,-27],[-56,-123],[6,-51],[-23,-90],[36,-19],[25,-106],[34,-39],[122,-39],[-47,-136],[15,-39],[60,-11],[6,-58],[-27,-95],[-68,-90],[-30,-59],[-97,-28],[-52,44],[-8,38],[-58,70],[-93,-23],[-37,-31],[-86,14],[-106,40],[-46,-61],[40,-52],[-42,-76],[-29,-18],[-1,-53],[-33,-66],[-81,-49],[-4,-59]],[[19613,31156],[-78,-43],[-16,52],[-60,52],[-20,128],[-54,27],[-69,-1],[-114,-82],[-47,20],[-26,49],[-53,34],[-45,-18],[-48,36],[-9,-51],[-35,-5],[-155,-75],[0,-25],[-137,21],[-29,-81],[-108,14],[-13,-68],[-45,7],[-15,-82],[-104,0],[-13,-55],[-47,2],[-35,37]],[[18238,31049],[20,75],[-89,24],[45,61],[-3,48],[54,55],[6,169],[-81,5],[78,113],[21,68],[76,-9],[113,20],[7,73],[-27,11],[2,101],[79,-14],[53,39],[33,62],[-11,82]],[[12067,29913],[-103,61],[-10,44],[-82,22],[-32,55],[67,48],[-16,53],[-67,21],[-26,49],[-65,19],[5,70],[-18,35]],[[11720,30390],[30,23],[63,-25],[105,39],[1,26],[144,52],[9,59],[64,59],[25,69],[38,62],[54,21],[17,-22],[56,14],[-11,-65],[35,-33],[6,-55],[51,-21],[88,8],[84,-9],[111,-29],[56,-49],[53,10],[48,70],[52,130],[47,21],[72,0],[49,16],[70,82],[88,-26],[31,75],[65,6],[16,31],[-16,51],[2,81],[-51,7],[-6,30],[-130,52],[-6,53],[-54,15],[4,65],[68,-13],[14,66],[42,-46],[22,43],[61,-4],[39,-43],[43,36],[136,-14],[43,31],[24,-51],[110,22],[57,-19],[34,-31],[215,-18]],[[13988,31242],[18,-52],[-56,-7],[-14,-29],[-3,-115],[28,-52],[-117,25],[-11,-114],[-18,-60],[48,-10],[45,53],[43,-38],[77,-23],[60,20],[7,-63],[-15,-37],[29,-27],[1,-58],[45,-20],[78,62],[41,-32],[-39,-37],[1,-90],[78,54],[60,-58],[77,20],[61,-16],[107,-6],[72,-60],[82,5],[14,-32],[46,-17],[91,12],[47,-39],[107,12],[32,-9],[26,-74],[54,-52],[97,-64],[63,-12],[18,-33],[90,16],[-52,-151],[37,26],[11,-58],[-24,-42],[50,-20],[39,31],[58,17],[81,-10],[65,19]],[[15723,29997],[25,-21],[-7,-61],[64,-6],[39,-22],[-35,-107],[54,-9],[-5,-41],[-53,-76],[-89,-58],[-26,1],[-40,-84],[-35,6],[-51,-49],[49,-65],[45,-3],[12,-66],[-13,-41],[79,2],[4,-52],[-65,-46],[-20,17],[-81,-31],[-55,-2],[-34,27],[60,84],[-94,4],[26,-64],[-1,-54],[-62,11],[-59,29],[-35,-42],[-10,-103],[93,0],[35,-22],[-11,-78],[-59,-27],[-54,2],[-32,28],[-13,96],[5,50],[-22,42],[-55,-20],[-35,116],[-61,-43],[15,-65],[-19,-31],[44,-44],[-5,-32],[-54,-18],[-28,55],[-146,20],[-54,21],[1,31],[45,31],[28,105],[-67,-9],[-39,-49],[-125,29],[-48,-1],[-82,36],[-44,-90],[-12,-114],[78,-17],[-8,-65],[25,-22],[-16,-66],[-30,19],[-47,-38],[-38,45],[-46,9],[-76,-35],[-35,47],[-20,-58],[39,-12],[-15,-48],[43,-33],[43,-60],[63,-48],[3,-74],[50,1],[2,-46],[94,-9],[43,-64],[63,-63],[39,-16],[85,-111],[61,-34],[46,-44],[41,-71],[36,-11],[35,134],[-3,70],[87,3],[86,-39],[48,27],[34,71],[75,85],[33,-37],[37,14],[57,-38],[26,138],[63,-53],[33,-54],[5,-59],[40,-18],[87,-71],[50,18],[22,38],[41,-13],[-10,-55],[24,-38],[52,-11]],[[15956,28282],[3,-23],[-86,-12],[-10,-56],[15,-35],[-55,-13],[-39,-40],[-55,-22],[-64,-56],[-28,-86],[-43,-46],[-54,31],[-104,37],[-22,-87],[-46,-15]],[[15368,27859],[-114,-23],[-46,82],[-53,26],[-24,-52],[-97,-30],[-52,15],[-20,-77],[-43,-11],[-28,-78],[0,-53],[-73,-33],[-19,23],[-73,17],[-21,-73],[-49,-15],[-40,-34],[-54,0],[-52,-19],[-18,-50],[-78,-8],[-16,-43],[-66,7]],[[14332,27430],[-84,42],[31,73],[-59,52],[-48,-25],[-53,1],[-42,77],[26,117],[-56,61],[-80,-40],[-13,-35],[27,-35],[-59,-22],[-66,42],[-69,13],[-57,61],[-8,36],[50,43],[-16,64],[-47,57],[15,73],[-87,4],[-67,43],[-8,33],[73,35],[-73,63],[4,77],[-57,-5],[-56,69],[-55,-18],[-29,159],[24,52],[-98,32],[-56,-9],[-31,32],[-36,118],[-51,42],[-44,75],[-59,55],[3,39],[-97,92],[-9,25],[54,109],[-6,43],[28,45],[55,-4],[18,45],[44,48],[7,52],[78,10],[26,46],[-118,27],[-80,-40],[-87,32],[-120,9],[-36,24],[-125,32],[-13,35],[-45,25],[-13,41],[17,57],[-33,36],[-28,76],[-94,-32],[-55,-8],[-35,58],[-65,26],[-25,-39],[-34,-2],[-29,39],[-65,42],[-69,-17]],[[18443,26393],[-51,41],[-93,12],[30,115],[-27,62],[-111,7],[-39,25],[-23,53],[-61,16],[-44,-36],[-97,-4],[-131,25],[-29,-7],[-63,54],[-38,86],[-108,-36],[-50,40],[-11,55],[-56,60],[11,101],[28,40],[15,73],[-40,44],[51,40],[24,66],[1,85],[-72,28],[9,91],[-87,-10],[-93,34],[43,93],[29,13],[69,-34],[-32,148],[-3,86],[42,47],[5,44]],[[17441,27950],[6,41],[68,-18],[88,-6],[34,-45],[37,110],[157,95],[45,-38],[120,69],[62,-20],[52,65],[54,23],[64,-52],[38,-9],[55,104],[111,25],[-22,111]],[[18410,28405],[40,59],[62,1],[21,45],[70,14],[147,84],[48,3],[190,-21]],[[18988,28590],[27,-143],[83,15],[22,-17],[2,-86],[-29,-83],[5,-28],[238,44],[54,2],[-9,-54],[-40,2],[-8,-81],[95,3],[31,-54],[122,-32],[-9,-108],[64,-43],[-41,-64],[-65,-50],[10,-40],[74,-20],[17,-37],[-64,-40],[7,-51]],[[15992,24984],[-102,-48],[-62,-60],[-27,-47],[-111,-1],[7,29],[-97,32],[-40,-127],[5,-66],[-83,18],[5,57],[-17,49],[-60,-7],[-6,-33],[-91,-8],[-9,-54],[44,-52],[-19,-58],[-56,9],[-2,79],[-95,0],[-24,38],[55,40],[18,92],[-49,1],[-72,26],[-36,-65],[-163,10],[-41,11],[-2,-62],[-134,8],[-20,-40],[-55,-33],[-71,7],[-5,-49],[-93,-5],[-80,49],[71,112],[21,75],[61,-2],[52,48],[29,129],[69,47],[-21,56],[20,45],[59,22],[-4,61],[18,57],[-28,57],[-93,-66],[-87,124],[41,10],[55,46],[-54,52],[4,45],[-44,8],[-42,-26],[-15,55],[19,44],[-47,23]],[[14488,25746],[-36,115],[-48,48],[14,72],[-71,-2],[-45,52],[-170,101],[-57,-15],[-62,63],[-14,95],[-51,26],[-13,-51],[-50,-21],[-37,38],[57,61],[-4,56],[42,53],[33,135],[-7,60],[98,68]],[[14067,26700],[116,-12],[29,-32],[116,-38],[48,0],[34,-104],[49,-33],[54,19],[56,-19],[0,-29],[161,-41],[19,-34],[66,76],[35,-24],[23,56],[65,-5],[44,78],[-20,58],[-36,-2],[-15,-48],[-68,7],[-25,-58],[-40,-11],[-41,37],[8,45],[81,114],[51,39],[13,53],[82,17],[9,31],[61,43],[-37,40],[-59,-13],[-53,10],[-5,56],[49,127],[-10,35],[-59,9],[-49,-49],[-81,-23],[-27,45],[20,50],[58,66],[-19,15],[-94,-50],[-90,53],[-136,-14],[-25,-24],[-93,-2],[-79,78],[10,55],[76,-20],[13,36],[-20,67]],[[15368,27859],[-32,-48],[-1,-110],[10,-42],[-39,-53],[46,-47],[115,-52],[63,-98],[25,-74],[-9,-76],[69,-3],[-3,-106],[24,-27],[-21,-55],[78,-56],[56,31],[91,-94],[37,25],[-8,44],[16,89],[44,92],[25,13],[94,-1],[7,46],[-31,23],[32,73],[47,66],[73,-20],[31,34],[35,-3],[25,54],[-10,68],[-34,9],[37,98],[76,14],[22,-67],[53,-66],[56,-8],[58,-38],[76,-2],[46,-106],[35,-39],[6,-99],[34,-32],[-8,-69],[19,-85],[26,-55],[-37,-71],[40,-93],[64,12],[18,-53],[-17,-25],[52,-53],[-42,-111],[-45,-52],[-31,21],[-73,-16],[-31,13],[-12,61],[-81,22],[-38,-16],[-27,-66],[-2,-117],[28,-22],[-14,-66],[28,-67],[39,-42],[93,-32],[44,45],[61,-78],[33,55],[75,-30],[-19,-63],[-14,-116],[53,29],[61,-1],[87,31],[106,-58],[14,-79],[-5,-51],[86,-40],[107,37],[69,70],[60,4],[36,-32],[7,-44],[79,-2],[50,-25],[5,-62],[104,-32]],[[12406,33356],[61,16],[71,-25],[103,0],[168,70],[40,-31],[50,26],[131,-29],[134,10],[54,-31],[51,22],[103,-39],[75,-70],[60,-8],[33,28],[135,10],[44,22],[56,-8],[103,-60],[32,-40],[60,-17],[-22,-41],[14,-49],[-23,-98],[128,-14],[60,-51],[99,-8],[47,-18],[20,-54]],[[14293,32869],[-6,-93],[-36,-45],[0,-85],[-73,-2],[28,-81],[25,-11],[-28,-70],[59,-3],[15,-62],[65,-60],[-6,-56],[34,-27],[34,-157],[-21,-73],[28,-20],[140,-17]],[[14551,32007],[-2,-55],[-55,-8],[6,-65],[43,-5],[2,-77],[-18,-65],[-28,-3],[-25,58],[-93,0],[6,119],[-91,40],[-56,-85],[-51,-13],[-6,-47],[-86,18],[-19,-54],[0,-77],[-18,-52],[51,-4],[16,-69],[-59,-10],[26,-55],[-27,-35],[-54,-121],[9,-42],[-34,-58]],[[11720,30390],[-115,81],[-7,50],[-88,122],[-35,30]],[[11475,30673],[-12,123],[-84,2],[-39,58],[-2,98],[-54,41],[1,51],[37,21],[-25,101],[40,59],[22,98],[-57,6],[-44,77],[-89,10],[-2,33],[-64,11],[-82,49],[-37,-33],[-28,34],[18,53],[-4,51],[-48,47]],[[15956,28282],[31,-11],[42,-74],[56,-31],[41,4],[14,96],[37,0],[88,-36],[47,12],[94,-58],[11,41],[51,-6],[149,-53],[101,-7],[8,-60],[28,-30],[77,30],[6,-31],[68,-12],[47,-61],[57,0],[48,28],[113,-11],[103,-1],[38,-16],[81,2],[49,-47]],[[11834,21248],[-45,36],[17,61],[-76,194],[-33,34],[-48,100],[-145,75],[-23,-5],[-45,119],[2,55],[-18,64],[-53,45],[17,35],[-19,118],[-35,156],[-27,53],[-47,200],[-43,151],[-38,14],[42,72],[-48,9],[-18,97],[-55,120],[-44,123],[33,38],[53,-53]],[[11138,23159],[55,-52],[89,0],[42,-29],[62,-16],[77,64],[55,8],[31,-21],[87,67],[63,22],[9,50],[49,-21],[52,26],[61,114],[118,-56],[50,7],[0,134],[60,3],[82,-31],[43,5]],[[12223,23433],[22,-87],[-43,-66],[7,-34],[-46,-65],[48,-41],[-10,-47],[55,-79],[34,4],[6,-62],[-108,-108],[3,-26],[59,-44],[-60,-71],[31,-78],[29,-3],[70,49],[8,-61],[-45,-59],[32,-52],[43,-22],[2,-42],[53,-57],[10,-81],[-81,-32],[2,-55],[-51,23],[-70,-29],[-18,-60],[42,-24],[78,-20],[14,25],[87,-3],[109,-27],[17,-26],[-10,-91],[100,-8],[24,38],[53,-110],[-55,-62],[-20,-66],[68,-39],[25,-105],[-11,-51],[-119,-79],[6,-72],[68,23],[22,48],[57,14],[10,-38],[111,-5],[-8,-79],[38,-32],[80,15]],[[12223,23433],[26,47],[-22,40],[-61,25],[-6,45],[35,53],[-47,62],[-59,-5],[-24,46],[-40,-29],[-3,78],[-49,42],[68,79],[-3,39],[-41,29],[-1,53],[96,17],[5,43],[-64,76],[48,72],[99,-5],[-23,112],[25,37],[-67,19],[8,57],[-40,17],[-90,91],[-16,-23],[-63,44],[-35,-4],[-10,47],[59,32],[86,-42],[43,-6],[-8,61]],[[12049,24682],[44,2],[73,-26],[47,-34],[80,-102],[33,-18],[29,-66],[54,-13],[93,-96],[-26,-84],[111,-20],[1,-100],[63,-67],[54,-22],[93,16],[29,-52],[29,-13],[62,35],[34,-16],[124,-14],[16,44],[52,26],[34,-57],[90,-33],[56,-59],[66,58],[44,-15],[-5,-69],[101,23],[21,37],[53,-24],[7,-66],[80,39],[45,-60],[7,-33],[85,-12],[70,-36],[35,-83],[113,-40],[-16,-41]],[[25010,30411],[-97,22],[-59,-47],[-158,-20],[-40,-23],[-30,-61],[-14,-74],[-51,-7],[-64,50],[-10,53],[-60,-16],[-3,-57],[-93,-48],[-63,85],[-60,0],[-91,66],[-5,23],[-85,5],[-33,-19],[-20,58],[-107,50],[-39,-4],[28,-75],[-22,-43],[-7,-78],[-45,-38],[-15,-61],[21,-48],[-64,-14],[-43,22],[-62,78],[-76,28],[-5,36],[-85,7],[-25,34],[-72,-13],[-55,52],[-60,-28]],[[23241,30306],[-23,30],[51,40],[-32,89],[13,75],[-55,38],[-60,6],[-53,-30],[-70,3],[10,95],[-14,82],[-27,66]],[[22981,30800],[20,23],[47,-16],[5,-41],[42,-21],[99,27],[-15,85],[35,45],[154,-5],[29,38],[51,-5],[59,60],[90,59],[34,65],[-82,26],[-40,26],[-3,73],[35,48],[12,53],[-23,63],[-46,32],[-28,84],[-56,17],[9,31],[-96,86],[-64,0],[-11,31],[23,45],[-53,37],[11,92],[-29,11],[-54,61],[-6,41],[-64,-17],[-62,11],[-87,-12],[0,54],[-39,66]],[[22878,32073],[61,51],[7,34],[-31,127],[173,118],[37,-18],[74,-2],[27,18],[11,53],[44,3],[28,-29],[47,73],[156,-44],[37,-23],[37,9],[19,56],[37,-2],[23,68],[53,65],[48,32],[22,85]],[[23788,32747],[146,15],[63,-13],[77,171],[39,52],[68,-52],[60,8],[70,37],[48,56],[42,14]],[[24401,33035],[122,-5],[4,-18],[98,-7],[21,-43],[65,-13],[25,-33],[67,-31],[-5,67],[43,39],[84,1],[20,108],[59,-33],[29,-79],[102,-15],[63,16],[116,-42]],[[25314,32947],[27,-89],[-26,-158],[-13,-24],[54,-57],[-2,-67],[-22,-126],[44,-75],[-4,-75],[30,-54],[-12,-44],[-40,-36],[-10,-78],[103,-138],[6,-43],[-131,-71],[-48,-89],[2,-22],[97,-37],[42,-52],[28,-139],[-88,-141],[-82,-41],[-89,39],[-1,41],[-47,74],[-74,-9],[-72,-67],[-19,-68],[10,-52],[59,-110],[2,-25],[-50,-70],[-34,-21],[-48,-90],[8,-88],[29,-72],[56,-74],[11,-288]],[[18614,32032],[-64,13],[2,70],[-105,25],[6,29],[-102,36],[20,76],[40,50],[-30,28],[2,44],[-44,51],[39,117],[125,12],[14,97],[-14,51],[33,66],[-48,-1],[19,58],[-45,10],[20,57],[-45,23],[-9,118],[54,18],[-2,80],[25,73],[-56,26],[2,60],[36,81],[-144,117],[93,47],[28,-12],[70,17],[8,77],[-22,98],[24,68],[-21,51],[5,96],[15,67],[-36,139],[25,19]],[[18532,34184],[19,-10],[137,14],[141,27],[74,-8],[108,20],[-4,52],[42,40],[43,-6],[78,-62],[27,19],[51,-15],[105,43],[38,-79],[-38,-50],[-2,-110],[18,-39],[8,-106],[-58,-5],[4,-85],[48,-33],[-19,-83],[-62,-2],[1,-30],[58,-7],[-38,-111],[-24,-145],[85,-21],[86,-8],[14,13],[111,-7],[37,-16],[50,22],[89,-29],[140,3],[73,14],[32,69],[57,-46],[77,-31],[47,13],[4,-63],[38,-44],[45,-2],[45,-28],[8,-84]],[[18410,28405],[-110,30],[15,42],[-34,94],[-41,6],[-14,55],[-40,57],[-65,2],[-18,30],[9,83],[-10,64],[-96,11],[-12,-61],[-50,9],[-20,56],[-48,13],[-15,47],[15,58],[-49,16],[-32,88],[-9,121],[-55,-8],[-75,95],[-62,-80],[-44,13],[13,74],[59,49],[-20,80],[28,50],[1,54],[-50,43],[-63,24],[-94,-15],[-28,-37],[-64,3],[-37,86]],[[17295,29657],[9,96],[47,-12],[14,58],[50,-10],[32,25],[12,53],[12,156],[27,-1],[25,76],[56,-24],[8,38],[44,-3],[26,82],[3,78],[37,-13],[100,24],[21,169],[3,129],[74,25],[-6,101],[-57,7],[3,56],[55,-7],[18,40],[-17,93],[55,2],[1,69]],[[17947,30964],[114,-28],[74,6],[32,-78],[45,25],[36,-65],[52,-1],[67,-38],[51,9],[-2,-50],[64,-121],[52,30],[10,-65],[45,25],[14,56],[76,-2],[27,-70],[-16,-65],[124,-18],[24,-58],[-4,-37],[-62,-31],[-9,-110],[-54,4],[1,-94],[18,-49],[31,-13],[-9,-51],[39,-27],[66,23],[-10,-63],[-49,-84],[-4,-48],[23,-123],[147,38],[35,-85],[64,2],[-4,-72],[49,-25],[30,23],[59,3],[42,-61],[40,17],[70,-56],[57,14]],[[19402,29551],[-20,-53],[9,-108],[27,1],[-8,-83],[-54,-34],[-4,-54],[-49,-55],[-36,20],[-60,-29],[-44,42],[-30,-39],[6,-91],[-45,2],[-4,-63],[26,-36],[-38,-46],[-24,-69],[-85,-57],[-53,40],[-24,-61],[13,-76],[120,8],[14,-83],[-51,-37]],[[20404,32704],[30,39],[44,-2],[33,-29],[84,-15],[64,-50],[76,63],[22,44],[44,-47],[20,53],[41,17],[59,68],[56,-45],[-4,-63],[87,8],[35,21],[48,77],[52,13],[2,33],[37,57],[133,-1],[127,-16],[51,43],[56,-2],[10,31],[93,-12],[49,28]],[[21753,33017],[-30,-87],[-31,-29],[3,-74],[25,-87],[34,-40],[131,-46],[41,-39],[114,-36],[47,15],[42,-14],[58,39],[61,-21],[57,-94],[3,-39],[87,-81],[136,12],[60,-106],[29,-20],[22,-57],[43,-47],[-9,-65],[56,-11],[11,-29],[135,12]],[[22981,30800],[-79,-3],[-49,49],[-101,2],[-47,-30],[-31,44],[-178,55],[-34,20],[-40,-13],[-127,23],[-70,-67],[-38,54],[-102,16],[-67,32],[-26,38],[-4,63],[-103,9],[-56,70]],[[21829,31162],[-66,-13],[-7,-53],[-64,-27],[-19,32],[37,58],[-14,41],[-113,-63],[-126,30],[-23,-31],[-61,-13],[-53,9],[-54,72],[-75,-36],[-40,5],[-99,-15],[-31,-45],[-95,-39],[-41,-63],[-13,-60],[-46,-55],[37,-81],[-11,-56],[75,-41],[81,32],[42,-23],[26,-55],[44,-16],[31,-43],[69,42],[33,0],[19,-66],[56,-54],[105,44],[104,-28],[36,-87],[-24,-130],[-80,-25],[-72,-146],[-40,-10],[-60,-48],[-90,72],[-27,-75],[-57,-13],[5,41],[-66,79],[-33,-30],[-58,40],[-26,41],[-31,-32],[-61,2],[-40,-23],[1,-62],[-24,-36],[33,-30],[-38,-41],[-43,58],[-25,-30],[-106,-46],[-115,24],[7,44],[89,55],[-2,44],[22,48],[-34,24],[-42,-15],[-30,29],[-116,23],[-13,95],[9,48],[-61,72],[-64,31],[-68,3],[-33,38],[-89,24],[-84,7]],[[19987,30614],[-51,113],[-48,33],[-31,-27],[-43,33],[17,48],[-7,52],[14,78],[-70,-12],[-28,31],[44,69],[-37,36],[-111,63],[-23,25]],[[19402,29551],[74,88],[35,9],[13,111],[77,-14],[65,36],[8,57],[82,-5],[27,-32],[187,120],[-31,42],[33,78],[43,-7],[11,44],[35,26],[-9,68],[-42,8],[8,68],[-11,85],[-32,10],[59,77],[-31,35],[7,119],[-23,40]],[[21829,31162],[-35,-150],[97,-24],[1,-61],[45,-18],[16,-58],[-15,-64],[-33,-47],[0,-49],[-49,-24],[-14,-31],[-66,-2],[-34,-63],[38,-20],[51,-119],[0,-77],[-31,-31],[6,-129],[23,-41],[-3,-71],[-25,-18],[-52,11],[-45,-56],[-60,9],[-79,-91],[-18,-100],[38,-52]],[[21585,29786],[-30,-123],[1,-89],[-73,-27],[-50,38],[-59,-2],[-36,22],[-54,-35],[-25,73],[-40,19],[-34,53],[-56,18],[-79,76],[-79,-55],[-111,-37],[2,-43],[84,-16],[-71,-74],[-50,-137],[10,-78],[-33,-53],[24,-44],[-6,-65],[-30,-4],[-29,44],[-32,-11],[-14,-66],[8,-47],[-77,25],[-9,-79],[15,-21],[6,-90],[108,2],[-10,-78],[89,7],[-29,-97],[89,-6],[38,-96],[56,-21],[41,-40]],[[21040,28629],[-4,-47],[-75,17],[-151,-53],[-31,-92],[-79,-175],[-80,-11],[-36,-33],[-7,-78],[29,-51],[9,-76],[-34,-86]],[[20581,27944],[-41,4],[-118,-65],[-37,63],[-93,-15],[-24,-105],[36,-28],[-4,-40],[-53,22],[-13,-40],[32,-50],[-54,-25],[-69,13],[-5,-31],[63,-23],[-13,-71],[-60,-55],[13,-59],[56,-20],[36,-54],[-43,-40]],[[15134,34716],[-96,-26],[-42,-44],[-34,-106],[50,-50],[-41,-49],[-48,-28],[25,-57],[-32,-61],[-80,-26],[-55,-32],[-19,-46],[-73,-11],[-55,80],[-31,-22],[9,-47],[-76,-62],[-75,-34],[-14,-90],[-62,-119],[15,-28],[57,3],[64,-100],[-10,-48],[29,-29],[-37,-38],[3,-83],[45,-2],[32,-34],[44,-81],[-6,-61],[31,-20],[10,-50],[-53,-41],[57,-75],[6,-87],[-81,-58],[3,-48],[-55,-81],[-61,1],[-20,-27],[-76,-27],[-89,-3]],[[12217,33729],[11,78],[60,-4],[164,38],[-20,38],[1,61],[52,59],[59,21],[36,57],[45,1],[23,-40],[39,0],[26,42],[-50,62],[134,101],[92,29],[109,-6],[18,41],[69,19],[66,-24],[64,20],[6,-32],[84,-2],[-3,45],[167,26],[12,-61],[116,6],[13,120],[-34,44],[-7,105],[64,86],[-23,24],[0,66],[49,5],[112,-62],[77,28],[65,-37],[52,15],[50,-8],[23,47],[4,114],[115,37],[18,73],[-8,138],[33,91]],[[14488,25746],[-54,-66],[4,-59],[-51,-42],[13,-60],[-8,-58],[-51,-50],[-59,-79],[-52,12],[-65,41],[-99,23],[17,-100],[0,-99],[-13,-29],[-73,-1],[-39,31],[-32,-12],[-74,112],[-68,-76],[-95,14],[-17,-39],[-69,-40],[-95,20],[-28,-6],[-55,30],[-126,18],[-120,28],[-25,-9],[-52,-78],[-15,-61],[54,-1],[0,-49],[31,-52],[-66,-22],[-15,-31],[18,-89],[51,-44],[-37,-53],[33,-39],[-18,-61],[-60,-9],[-6,-68],[-54,-3],[-79,24],[-61,-52],[-60,-27],[-41,13],[-31,-46],[-99,4],[-31,-28],[-117,89],[-84,10],[-81,53],[-40,-2],[-32,82],[-41,20],[-43,69],[-52,11],[-27,-48],[-67,-54]],[[12032,24708],[-35,50],[-24,-17],[-85,63],[-2,55],[-42,97],[18,49],[-9,118],[-39,38],[-37,9],[89,88],[37,6],[5,101],[-24,53],[45,70],[52,33],[1,68],[-54,32],[27,40],[-20,77],[-50,3],[14,79],[-24,38],[-77,59],[-46,2],[-44,31],[-45,-31],[-59,53],[48,101],[-11,54],[41,17],[-43,83],[30,43],[-42,25],[-15,44]],[[11612,26339],[-38,73],[48,48],[43,18],[89,77],[-22,39],[65,68],[6,36]],[[11803,26698],[101,47],[116,-26],[15,-30],[54,-6],[46,33],[96,-11],[34,50],[15,76],[-39,83],[61,-9],[28,48],[-63,79],[42,33],[19,-54],[93,47],[68,-59],[69,-23],[48,-34],[44,16],[47,-35],[51,-7],[43,23],[97,-56],[42,11],[78,-36],[42,6],[43,-35],[97,-36],[114,66],[52,-61],[31,7],[89,-22],[61,-40],[63,27],[89,-4],[49,31],[24,-33],[81,-22],[49,20],[26,-26],[53,59],[45,-24],[7,-38],[44,-33]],[[12049,24682],[-17,26]],[[17947,30964],[45,49]],[[17992,31013],[16,-13],[179,-5],[21,56],[30,-2]],[[11803,26698],[-19,30],[-80,40],[15,48],[-49,67],[67,62],[15,32],[66,20],[-18,39],[-72,12],[-53,31],[-38,-24],[-114,91],[8,71],[-59,24],[-1,53],[-53,-21],[-15,71],[-57,18],[-49,-8],[-4,49],[48,80],[-35,30],[-13,71],[-43,-6],[-12,128],[22,31],[2,63],[-50,25],[-86,103],[-36,11],[-12,43],[19,58],[44,46],[11,36],[70,58],[-9,92],[-21,35],[-56,-26],[11,132],[30,91],[28,27],[13,105],[34,-10],[53,48],[26,85],[-19,37],[59,36],[9,86],[82,8],[69,46],[31,70],[-48,96],[-7,101],[13,66]],[[11520,29305],[24,107],[69,36],[83,0],[11,40],[48,8],[56,70],[60,12],[1,60],[-41,44],[4,34],[91,57],[79,18],[47,-10],[51,14],[-36,118]],[[26670,33312],[-122,25],[-108,-27],[-88,9],[-31,-35],[-43,-10],[-70,12],[-36,23],[-32,-105],[11,-53],[-50,-116],[-33,-4],[-21,-72],[-54,0],[-41,-45],[-115,51],[-31,30],[-77,-8],[-84,12],[-61,45],[-47,-24],[-39,-74],[-63,17],[-54,39]],[[25381,33002],[13,57],[46,55],[14,53],[-27,80],[24,113],[-43,60],[14,126],[-11,61],[37,47],[185,3],[16,45],[36,14],[-10,109],[-30,26],[-18,97],[-32,28],[21,80],[22,20],[-45,73],[-6,55],[-79,67],[-33,-23],[-35,33],[-43,-4],[-64,57],[-41,2],[-37,-30],[-40,28],[-84,-17],[-48,60],[18,86],[-41,22],[-27,150],[105,72],[68,35],[-5,34],[93,102],[12,39],[-16,61]],[[22088,34921],[-10,-48],[30,-81],[4,-102],[-51,-27],[-169,-34],[-72,-47],[-126,-47],[-2,-20]],[[21692,34515],[-201,3],[-29,26],[-84,33],[-67,-10],[12,-54],[-25,-69],[-27,-117],[39,-71],[54,-48],[-1,-57],[96,-82],[-17,-84],[27,-13],[14,-58],[-15,-124],[-21,-44],[23,-33],[-4,-90],[47,-22],[35,-90],[115,-22],[39,-22],[36,-50],[59,-128],[-12,-79],[30,-34],[6,-59],[-25,-89],[-43,-11]],[[18532,34184],[-38,12],[-12,64],[-26,2],[1,74],[-53,85],[-85,-2],[-47,-19]],[[11138,23159],[-21,105],[-38,6],[-14,44],[57,10],[16,42],[-40,43],[-13,117],[-33,60],[-14,118],[23,88],[-43,32],[-7,129],[-25,65],[28,160],[-22,109],[-55,19],[-1,69],[42,-27],[24,93],[-34,101],[-41,164],[-22,26],[1,61],[-50,105],[-65,71],[70,7],[17,40],[-18,84],[-33,70],[-63,7],[-20,39],[40,23],[-5,97],[18,30],[-29,99],[-51,48],[-38,64],[53,34],[5,44],[-61,61],[-19,53],[14,26],[-34,58],[-3,60],[37,23],[-24,105],[-48,124],[-63,201],[-44,41],[-2,57],[-39,25],[-5,64],[80,44]],[[10526,26597],[107,-17],[41,87],[93,107],[50,17],[49,-32],[91,36],[48,2],[19,-29],[-14,-57],[31,-25],[91,3],[33,-47],[-40,-78],[39,-41],[35,-102],[-10,-56],[76,-6],[63,38],[24,-121],[29,35],[67,-1],[25,-33],[63,75],[34,-42],[42,29]],[[21692,34515],[20,2],[81,-87],[33,-2],[42,-98],[160,-31],[18,-20],[58,13],[86,-54],[53,-52],[40,-87],[71,-91],[67,0],[37,-108],[39,-5],[56,-37],[2,-37],[79,-15],[14,-22],[77,-37],[-9,-85],[18,-51],[83,-93],[-8,-21],[75,-53],[47,29],[82,-41],[-1,-69],[112,-17],[-1,-68],[67,-30],[-4,-64],[62,-30],[51,-1],[48,-42],[71,-4],[17,-28],[68,-34],[32,-53],[77,-23],[14,-58],[45,-20],[1,-44],[39,-52],[44,-12],[33,-36]],[[14551,32007],[78,81],[35,-4],[3,66],[24,16],[104,-69],[24,62],[71,1],[65,31],[8,23],[-39,118],[46,58],[68,12],[5,93],[82,1],[1,37],[81,70],[33,115],[82,-2],[77,55],[65,-2],[30,-38],[46,-3],[7,-119],[33,-1],[82,40],[22,29],[62,-52],[40,56],[38,15],[-8,70],[31,46],[48,9],[67,-26],[53,16],[22,38],[50,-13],[30,21],[-9,78],[25,21],[78,-21],[32,-61],[47,-7],[118,-43],[40,0],[46,76],[69,-55],[10,-55],[75,-56],[28,5]],[[16676,32739],[-2,-39],[-30,-66],[-3,-86],[17,-65],[-7,-50],[-56,-10],[-115,64],[-67,-22],[-1,-24],[-73,-6],[-28,-111],[-4,-61],[41,-58],[-29,-61],[-80,10],[-15,-35],[-56,-18],[23,-55],[-44,-109],[17,-85],[-21,-38],[-55,7],[-28,-150],[-18,-54],[-82,-8],[11,-96],[28,-23],[-30,-56],[24,-53],[55,-12],[23,-107],[59,-37],[-1,-46],[-30,-23],[-14,-143],[11,-83],[-34,-4],[19,-68],[-38,-21],[0,-71],[18,-27],[-6,-187],[-50,1],[-41,-44],[21,-83],[110,-18],[8,-96],[-25,-62],[3,-70],[-23,-81],[-33,8],[-21,-88],[19,-13],[-19,-103]],[[16004,29903],[-81,-5],[-106,50],[-10,36],[-57,57],[-27,-44]],[[17992,31013],[1,33],[-71,46],[-15,79],[-184,7],[-38,-37],[-48,51],[-32,-76],[-118,-57],[-90,9],[-57,-23],[-67,-3],[-53,-31],[-97,32],[-63,-16],[-40,67],[-2,64],[-37,10],[-45,82],[-61,7],[-31,48],[-55,27],[4,38],[64,8],[41,45],[-11,84],[81,12],[0,82],[88,9],[9,64],[44,72],[39,121],[-15,26],[70,35],[37,74],[24,77],[-74,-6],[-73,63],[5,40],[-99,56],[-23,-43],[-49,-26],[-34,-69],[-6,-43],[-61,-1],[4,41],[-63,26],[-53,-37],[-48,15],[-4,39],[39,67],[-5,46],[25,44],[-25,85],[33,74],[-33,92],[18,56],[104,25],[42,48],[47,12],[-1,114],[-15,83],[-47,11]],[[16868,32891],[-28,58],[12,50],[-8,64],[27,54],[-55,48],[55,63],[81,7],[0,57],[52,50],[3,27],[86,115],[-75,35],[25,84],[38,12],[28,63],[79,59],[10,78],[78,-43],[55,-7],[29,-51],[42,-13],[47,-64],[142,-20],[46,67],[33,-1],[32,131],[-31,106]],[[26050,28342],[-45,-40],[-96,-9],[-29,-52],[-46,11],[-20,37],[-111,-43],[-48,55],[-82,47],[-29,60],[-44,48],[-174,42],[-33,30],[-48,79]],[[25245,28607],[67,16],[29,51],[5,186],[-21,88],[7,111],[-19,49],[-75,7],[-43,-24],[-22,58],[-6,105],[28,44],[93,63]],[[25288,29361],[57,35],[4,27],[-43,66],[-5,54],[53,136],[36,32],[-10,88],[16,38],[18,119],[-58,94],[-2,43],[-73,79],[-71,19],[-108,86],[-25,76],[-50,26],[-17,32]],[[25314,32947],[3,22],[64,33]],[[16868,32891],[-43,-47],[-73,4],[-5,-44],[-46,-16],[-25,-49]],[[10526,26597],[-58,-2],[-41,19],[-34,61],[21,29],[-51,156],[-46,81],[43,64],[-22,90],[-81,90],[-8,113],[58,-9],[19,-40],[43,26],[-29,64],[-69,91],[-62,19],[-18,47],[31,17],[-8,45],[-30,15],[-4,89],[-25,64],[35,96],[-2,64],[46,15],[-109,238],[-39,53],[-15,88],[18,57],[-1,162],[12,36],[79,-26],[35,8],[35,72],[48,-71],[41,27],[6,47],[-14,76],[-56,-33],[-59,18],[-32,107],[42,28],[63,-4],[-26,103],[20,41],[50,-18],[86,39],[30,46]],[[10448,28995],[36,44],[4,82],[-12,47],[9,63],[37,30],[53,11],[28,-18],[113,13],[49,-10],[38,38],[45,-67],[67,-78],[35,6],[36,43],[81,-6],[-14,55],[85,56],[56,-3],[57,17],[64,-17],[87,18],[30,-24],[88,10]],[[24401,33035],[57,86],[0,77],[53,72],[-40,106],[89,-13],[61,85],[11,58],[60,33],[36,87],[-3,38],[-48,51],[-50,103],[-31,90],[-66,-6],[-32,43],[-53,-30],[9,66],[-43,43],[-16,58],[9,40],[51,-16],[62,74],[-15,51],[33,91],[9,86],[-36,45],[-24,68],[-46,56],[-93,172],[-70,18],[19,61],[57,97],[61,77],[61,22]],[[16004,29903],[68,-2],[27,-35],[43,2],[31,-27],[143,8],[9,70],[81,20],[99,-63],[97,19],[62,24],[14,-29],[-39,-109],[33,-68],[59,-20],[51,15],[81,82],[36,7],[13,-111],[98,-26],[32,12],[14,54],[95,-39],[43,10],[101,-40]],[[10448,28995],[-61,12],[9,62],[-27,70],[-44,0]],[[10325,29139],[-10,82],[32,148],[-25,49],[-73,31],[0,36],[-65,87],[-110,63],[-81,-54],[-39,36],[-36,4]],[[9918,29621],[0,93],[65,2],[40,26]],[[10023,29742],[73,-4],[66,-58],[89,-1],[-14,39],[9,99],[124,128],[27,67],[-48,38],[-6,53],[55,50],[32,-43],[40,-3],[23,-35],[44,-8],[48,36],[57,3],[-4,41],[70,29],[64,75],[19,45],[-21,82],[116,30],[20,44],[60,-14],[-23,72],[27,97],[72,-35],[79,44],[57,-33],[71,49],[92,4],[43,30],[91,10]],[[10023,29742],[-78,39],[-85,106],[4,99],[-33,97],[-1,125],[-39,60],[-24,84],[3,57],[24,52],[-29,55],[-21,94],[11,63],[-53,93],[9,103],[-24,51],[-46,34],[-6,60],[53,31],[7,54],[-13,72],[-30,47],[45,48],[81,60],[-13,144],[-26,58],[57,145]],[[10132,29002],[-41,-1],[-45,-157],[-65,-97],[-22,17],[-26,112],[44,98],[11,117]],[[9988,29091],[94,38],[38,-22],[-13,-55],[25,-50]],[[10325,29139],[-53,-90],[-83,-74],[-57,27]],[[9988,29091],[21,127],[-19,70],[-51,43],[-29,57],[29,16],[5,63],[-45,61],[19,93]],[[34681,33564],[-26,-30],[-7,-60]],[[34648,33474],[-82,31],[-73,-21],[-179,-113],[-160,-44],[-24,22],[-77,13],[-110,-2],[-77,-52],[-75,-11],[-39,21],[-137,-49],[-53,-66],[6,-36],[-15,-104],[-32,-43],[-11,-54],[-44,-82],[31,-36],[-4,-44],[-91,-108],[-89,-55],[-89,-18]],[[33224,32623],[-24,29],[17,73],[-16,73],[57,63],[39,117],[62,76],[18,72],[-41,9],[1,56],[-46,5],[-16,107],[-23,36],[-95,36],[9,62],[89,71],[-12,33],[10,70],[38,52],[-25,39],[-109,-25],[-84,24],[-58,-5],[-43,33],[-40,2],[-43,51],[18,85]],[[32907,33867],[73,-31],[10,47],[38,-3],[74,36],[107,82],[31,44],[89,2],[71,-30],[64,9],[67,47],[71,32],[38,-91],[97,-44],[63,143],[48,48]],[[33848,34158],[193,-102],[19,-78],[-8,-54],[123,-83],[49,16],[93,-29],[73,-7],[-1,-53],[29,-89],[73,2],[39,-30],[32,-67],[30,-22],[89,2]],[[38556,31620],[-11,-57],[28,-53],[58,16],[37,-65],[118,33]],[[38786,31494],[78,-36],[48,2],[20,37],[54,2],[38,-58],[60,-29],[36,-82],[51,-22],[9,-46]],[[39180,31262],[-185,-60],[-120,-66],[-198,-72],[-202,-60],[-258,-56],[-281,-91],[-269,-106],[-376,-201],[-158,-74],[-184,-108],[-118,-82],[-230,-180]],[[36601,30106],[-33,37],[-48,90],[87,87],[15,279]],[[36622,30599],[21,43],[-7,42],[83,91],[104,95],[50,21],[49,-7],[43,37],[1,32],[70,33],[112,129],[119,-22],[120,16],[46,-29],[12,91],[-66,26],[-57,43],[35,69],[85,-61],[10,64],[-7,65],[33,11],[63,-19],[43,57],[-30,41],[15,57],[121,13],[15,63],[-21,59],[25,62],[78,-15],[81,22],[44,34],[28,-37],[66,18],[87,76],[47,-33],[28,-75],[-58,-54],[22,-29],[42,40],[48,-30],[71,15],[75,-33],[38,19],[43,-17],[107,-2]],[[34681,33564],[106,59],[71,17],[91,47],[19,53],[148,192],[108,14],[79,-54],[60,2],[67,38],[86,31],[32,126],[35,15],[51,-14],[41,50]],[[35675,34140],[42,-48],[78,-39],[40,27],[-25,52],[35,13],[123,-17],[90,-55],[59,80],[-41,132],[-63,65],[43,44],[90,50],[42,-21],[53,1],[24,47],[-15,37],[-8,136],[-26,65],[18,69],[41,38],[79,-32],[38,35],[103,-8],[69,16],[60,98],[45,44],[20,80],[-53,79],[-87,15]],[[36549,35143],[9,26],[79,45],[6,93]],[[36643,35307],[37,28],[86,3],[31,-113],[61,-121],[24,-25],[-7,-65],[33,-8],[36,-129],[-19,-35],[-59,-49],[-63,21],[15,-66],[64,-31],[4,-45],[50,-29],[29,-57],[-31,-82],[-41,-11],[-69,-63],[-9,-42],[57,-2],[27,-28],[55,-12],[64,-41],[49,-59],[31,-94]],[[37098,34152],[-116,-16],[-34,17],[-32,-37],[-43,38],[-69,-15],[-17,-65],[-36,-44],[-24,-125],[-81,22],[-34,-11],[-25,-54],[71,-42],[105,-82],[30,-49],[-41,-47],[-3,-134],[103,-57],[-1,-58],[22,-26],[-18,-82],[18,-31],[-52,-39],[-54,-75],[-77,-28],[-37,-66],[-4,-73],[-62,-44],[-7,38],[23,60],[-47,53],[-40,-29],[-43,-68],[47,-101],[-16,-57]],[[36504,32825],[-78,-10],[-34,-71],[-43,-11],[-66,26],[-58,-14],[-22,-25],[-83,23],[-115,-1],[-79,-116],[-21,-7]],[[35905,32619],[-56,76],[-67,49]],[[35782,32744],[-35,50],[-94,37],[-49,-14],[-159,31],[-68,59],[-74,89],[-78,25],[-51,42],[-118,66],[-66,-5],[-117,51],[-32,44],[8,107],[-20,35],[-72,51],[-109,62]],[[35675,34140],[-7,62],[-41,22],[13,43],[71,22],[24,45],[-13,47],[-106,101],[-55,13],[-56,-20],[-72,-86],[-66,-40],[-61,7],[-7,140],[-28,61],[-86,-44],[-36,6],[0,59],[-45,27],[-43,0],[-61,-39],[-68,-25],[-46,3],[10,128],[-2,145],[136,56],[18,56],[41,2],[22,70],[29,-17],[33,77],[59,17],[30,60],[-55,73],[-22,-8],[-55,44],[22,81],[25,27],[52,-18],[47,16],[42,41],[105,-12],[25,23],[28,83],[59,-12]],[[35535,35476],[39,-66],[49,20],[23,-48],[39,-31],[14,-127],[81,9],[-16,32],[15,55],[157,-38],[77,15],[15,24],[73,-22],[38,55],[43,-23],[44,21],[58,-25],[20,-154],[33,-42],[78,35],[42,-26],[92,3]],[[30706,27798],[-45,26],[-25,56],[26,87],[59,11],[7,72],[-51,15],[-29,-25],[-32,43],[-79,21],[-95,-104],[-107,23],[-20,60],[-54,51],[-11,81],[-52,-43],[-20,-48],[-34,6],[-88,101],[26,38],[-117,113]],[[30205,29291],[71,26],[-10,66],[57,-1],[13,25],[62,9],[14,53],[64,-21],[37,37],[42,-3],[86,-52],[6,75],[59,-42],[-8,-58],[57,26],[64,-5],[59,53],[68,7],[146,-49],[4,-64],[41,-22],[4,63],[34,30],[90,5],[97,-71],[10,45],[59,-30],[113,11],[35,69],[30,8]],[[31609,29481],[48,-46]],[[31657,29435],[154,-69],[66,-5],[7,-46],[55,-44],[1,-39],[44,-42],[2,-55],[69,-31],[27,87],[73,68],[49,-27],[10,91],[51,-32],[25,41],[69,21],[76,43],[34,-30],[-26,-31],[-91,-12],[-33,-53],[-28,2],[-6,-78],[53,-18],[-10,-142],[35,-92],[75,-8],[-6,120],[46,29],[20,50],[-14,32],[31,105],[48,17],[89,-48],[12,-118],[37,-5],[-33,-77]],[[31041,30838],[1,-73],[-63,-45],[18,-127],[-32,-68],[-63,-34],[47,-48],[-29,-79],[49,7],[21,-86],[71,-5],[14,-49],[79,-31],[-24,-58],[67,-95],[36,-15],[25,-45],[42,-10],[-11,-58],[15,-71],[61,-22],[30,-50],[65,34],[28,-32],[81,-9],[30,-38],[-40,-42],[-13,-82],[-30,-64],[55,13],[38,-75]],[[32974,35258],[79,72],[23,45],[15,81],[33,40],[207,-54],[83,-44],[23,-30],[47,-138],[156,-152]],[[33640,35078],[34,-63],[67,-30],[56,-122],[31,-87],[-7,-27],[-73,-27],[4,-27],[63,-35],[4,-96],[-24,-92],[90,-153],[-5,-53],[-32,-108]],[[32907,33867],[-68,-56],[-43,67],[-106,23],[-73,-33],[-10,-38],[-49,-57],[71,-72],[61,42],[64,-29],[9,-46],[-20,-66],[72,-79],[-7,-33],[-135,-46],[-43,14],[-58,-70],[-61,36],[-45,74],[-1,47],[-46,28],[-67,-58],[-76,-48],[-40,-8],[-33,-46],[-59,30],[-30,-35],[-141,-9],[-85,-17],[-4,40],[-35,70],[-83,-21],[-30,43],[-53,6],[-66,-71],[-42,-22],[-79,-75],[-61,-72],[-11,-37],[-47,-44],[-24,-113],[-75,1]],[[31278,33087],[-24,111],[-10,113],[-2,149],[23,44],[10,91],[-25,76],[9,117],[-70,130],[-48,32]],[[38786,31494],[-69,96],[21,43],[-14,54],[-30,27],[13,37],[7,117],[-165,82],[-21,61],[-36,7],[-39,88],[2,67],[-44,98],[27,47],[59,-23],[69,-57],[107,-25],[68,47],[72,-32],[114,8]],[[38927,32236],[42,13],[62,-39],[90,34],[18,-39],[81,8],[16,28],[81,-69],[45,-14],[38,17],[50,-18],[68,24],[70,-37],[78,40],[132,-24],[54,-32],[24,-44],[45,-4]],[[39921,32080],[4,-32],[-80,-43],[-1,-25],[-158,-65],[-177,-142],[-67,-118],[-55,-78],[-69,-77],[-39,-84],[8,-78],[-36,-43],[-71,-33]],[[34590,30362],[-28,-5],[-41,37],[-83,-3],[-51,14],[-25,81],[-228,11],[-114,-28],[-71,34]],[[33949,30503],[-11,80],[-38,25],[-51,-18],[-49,6],[-41,34],[-25,50],[-63,17],[-97,-9],[-11,-79],[-50,-60],[-86,76],[-55,-15],[-56,-52],[-25,34],[17,61],[-37,105],[-39,29],[26,55],[-6,88],[-66,18],[-94,47],[-35,36],[-1,45],[73,113],[-69,59],[-74,24]],[[32986,31272],[16,77],[53,59],[35,12],[23,70],[38,33],[5,52],[58,39],[73,-33],[91,53],[71,-24],[50,111],[122,75],[-10,75],[-32,-10],[-110,73],[-2,116],[-33,147],[4,48],[-115,45]],[[33323,32290],[29,80]],[[33352,32370],[31,14],[33,-31],[57,44],[52,-29],[78,-21],[26,52],[33,-8],[9,73],[-17,114],[42,56],[37,23],[33,66],[31,16],[84,-1],[49,25],[33,-19],[49,12],[51,-33],[43,-3],[86,58],[62,-8],[41,17],[31,-27],[59,-9],[70,49],[23,-33],[70,-8],[75,42],[40,84],[8,80],[36,34],[51,14],[89,-61],[55,-158],[-4,-108],[30,-69],[81,-45],[-17,-48],[49,-49],[33,-61],[-16,-29],[5,-64],[58,-37],[55,27]],[[35176,32311],[15,-61],[-74,-51],[8,-29],[123,-40],[15,-81],[-16,-30],[3,-72],[81,-127]],[[35331,31820],[5,-40],[-61,-31],[12,-48],[-126,0],[-58,14],[-56,55],[11,52],[-44,33],[-18,-48],[14,-70],[-21,-74],[-24,-11],[-28,-112],[29,-45],[-114,-55],[-63,-47],[-19,-54],[26,-25],[49,25],[39,-52],[96,-27],[26,9],[77,-45],[-25,-83],[5,-121],[-78,-43],[-89,16],[-133,83],[-29,68],[-64,-65],[-200,-44],[37,-59],[-61,-35],[1,-65],[117,-10],[10,-36],[-48,-45],[-46,-121],[123,-144],[-42,-39],[29,-119]],[[36622,30599],[-19,16],[-101,158],[-88,42],[-23,59],[-98,40],[-47,-14],[-55,52],[-26,67],[-78,47],[9,58]],[[36096,31124],[76,18],[75,-12],[253,80],[85,-68],[123,16],[45,-14],[164,49],[62,39],[29,37],[45,-19],[41,-49],[38,-6],[71,88],[-29,71],[-52,2],[12,69],[-54,29],[-35,83],[9,43],[38,15],[25,75],[-59,64],[-66,-22],[27,84],[-37,18],[-84,-52],[-1,-29],[-88,-19],[-57,-52],[-66,19],[-27,131],[54,84],[20,-31],[44,39],[146,11],[23,117]],[[36946,32032],[5,-20],[126,13],[27,-51],[29,39],[55,-20],[31,72],[49,7],[56,-15],[32,30],[128,-7],[90,-20],[29,64],[95,50],[38,50],[30,90],[37,22],[58,-11],[91,71],[46,-62],[41,-18],[81,-68],[38,-14],[67,-88],[-15,-52],[84,-129],[101,-66],[39,-115],[37,10],[27,-41],[-34,-65],[60,-24],[32,-44]],[[39945,36625],[-21,-88],[6,-82],[79,1],[82,24],[22,-19],[12,-75],[37,-3],[18,-43],[35,8],[131,-28],[104,-7],[79,-87],[51,-13],[10,-69],[26,-54],[-62,-115],[-17,-78],[48,-52],[22,-48],[138,-12]],[[40745,35785],[66,-65],[100,-56],[-35,-108],[-30,-11],[-72,54],[-19,-31],[-14,-92],[-54,-67],[-72,29],[0,-54],[33,-29],[-49,-55],[-68,35],[-19,-56],[46,-8],[-27,-93],[66,-44],[-37,-54],[-47,23],[-65,-45],[-64,50],[-74,105],[-37,-18],[33,-74],[-33,-26],[-31,55],[-114,23],[-43,-21],[-82,18],[-143,-27],[-79,-69],[-24,-73],[-89,-40],[-29,9],[-60,-132],[-49,-88],[-111,-123],[-86,-48],[-34,-57],[-142,-74]],[[39157,34448],[-7,46],[-127,83],[-29,48],[-66,-56],[-75,-93],[-22,-70],[-43,-22],[-53,18],[-58,-36],[-39,15],[-26,75],[-31,18],[32,53],[1,38],[70,127],[47,39],[-74,121],[-62,46],[-195,99],[19,62],[63,36],[70,131],[-14,87],[21,46],[-94,36],[-48,106],[-91,-7],[-75,48],[-74,12],[-50,63],[-95,37],[-61,6],[4,85],[-16,93],[-32,44],[9,114],[-85,55],[-33,38],[-53,-20],[-25,53],[-69,14],[-16,46],[29,54]],[[29263,26397],[-119,-76],[-32,56],[-68,-29],[-30,-79],[-68,-57],[-92,30],[-31,-28],[-157,-32],[-24,48],[-70,-19],[-25,14],[-36,-38],[-52,4]],[[41581,35183],[-123,-77],[-43,-44],[-136,49],[-19,-19],[30,-59],[-115,11],[-197,-17],[-68,-24],[-101,-59],[-25,-3],[-111,-94],[-164,-127],[-71,-75],[-129,-158],[-103,-184]],[[40206,34303],[-89,-4],[-60,-17],[-70,-119],[-93,3],[-59,-32],[-42,-94],[15,-106],[-38,-4],[-81,40],[-30,-7],[-78,145],[-40,8],[-61,-55],[-106,52],[-7,180],[-108,-37],[-63,18],[-18,28]],[[39178,34302],[4,52],[-34,50],[9,44]],[[40745,35785],[-2,113],[49,30],[44,-6],[50,37],[1,68],[31,9],[44,-29],[65,6],[0,1]],[[33640,35078],[32,58],[98,-9],[74,-32],[100,7],[50,-13],[37,58],[-27,227],[10,41],[-53,28],[10,53],[33,30],[57,1],[43,72],[51,-65],[53,36],[57,4],[54,31],[83,-23],[79,-59],[67,29],[56,5],[84,-16],[23,80],[71,109],[0,58],[38,72],[18,65],[46,72],[-17,42],[52,48],[-9,75],[-68,30],[-132,-12],[-14,-35],[-44,-7]],[[34652,36138],[8,104],[-15,44],[27,75],[101,39],[87,58],[45,-2],[73,57],[123,39],[40,-126],[11,-114],[26,-81],[35,-20],[-47,-80],[-9,-78],[54,-10],[-14,-42],[0,-78],[-56,-18],[69,-64],[22,-66],[-27,-79],[5,-33],[79,-52],[17,-58],[44,-22],[43,17],[88,4],[50,-30],[4,-46]],[[33632,29037],[39,36],[38,-53],[41,-13],[26,-57],[76,10],[33,80],[43,-12],[40,-55],[77,74],[-48,57],[0,35],[38,28],[56,-43],[45,3],[-35,93],[23,114],[-43,9],[-43,38],[29,70],[-32,43],[30,85],[30,16],[23,78],[-14,48],[32,96],[-27,68],[-61,15],[-91,41],[-6,52],[55,96],[19,60],[-38,34],[35,72],[-71,47],[-21,51],[2,54],[-17,85],[34,11]],[[34590,30362],[23,-9],[11,-177],[104,-3],[23,41],[5,59],[32,25],[84,-21],[20,-107],[-13,-26],[43,-39],[26,-52],[-37,-128],[12,-52],[98,-15],[-53,-69],[26,-83],[-7,-87],[-64,-129],[36,-139],[-10,-50],[-61,-62],[23,-41],[-24,-67],[15,-36],[-25,-58],[18,-61],[-23,-42],[110,-61]],[[37098,34152],[124,-114],[83,-32],[101,124],[111,-68],[37,10],[45,56],[58,2],[42,45],[83,-58],[12,-41]],[[37794,34076],[-87,-30],[-3,-59],[41,-75],[46,-17],[16,-86],[-30,-87],[80,-8],[80,-47],[64,-73],[97,-30],[108,0],[5,-69],[-49,-99],[60,-42],[68,-3],[45,-44],[88,-24],[26,-33],[-22,-42],[12,-36],[-5,-84],[-35,-5],[-28,37],[-87,-44],[-103,-21],[8,-45]],[[38189,33010],[-53,-80],[-46,19],[-72,-1],[-50,-16],[-37,29],[-54,-29],[-10,-43],[-52,5],[-41,-20],[-19,-73],[-46,-28],[-52,-64],[-13,-39],[-51,-22],[-76,-10],[-23,-57],[-167,55],[-116,-119],[-42,35],[-68,24],[-8,-57],[-52,21],[-69,4],[-86,21],[-30,24],[-88,6],[-84,70],[-38,83],[-75,61],[-67,16]],[[35905,32619],[92,-75],[111,-10],[281,-182],[101,-9],[81,-38],[80,-21],[143,3],[47,-39],[110,42],[66,6],[13,-98],[-27,-12],[-23,-60],[12,-43],[-46,-51]],[[36096,31124],[-73,41],[38,64],[-47,122],[-84,18],[-13,71],[-37,48],[-62,44],[-25,60],[45,54],[16,105],[-3,52],[19,58],[-14,34],[-79,16],[-49,43],[-55,-6],[-61,67],[-40,19],[-50,-18],[-13,-58],[-33,-44],[-9,-56],[-103,-69],[-33,31]],[[35176,32311],[12,19],[93,16],[130,51],[90,-21],[61,39],[16,134],[45,64],[52,35],[70,-11],[41,58],[-4,49]],[[38189,33010],[36,-20],[35,-74],[30,-17],[50,-92],[93,-86],[107,68],[38,42],[58,-1],[64,62],[74,35],[12,-82],[141,-39],[17,-43],[45,-12]],[[38989,32751],[-22,-59],[-44,-49],[53,-50],[4,-52],[-24,-38],[0,-67],[26,-70],[-18,-73],[-37,-57]],[[37794,34076],[80,-1],[9,-63],[30,-37],[54,9],[45,-34],[43,12],[57,-23],[98,28],[28,92],[30,-17],[65,36],[17,-15],[99,9],[13,35],[84,26],[-10,-94],[-37,-27],[-59,-103],[42,-116],[89,-14],[13,78],[99,54],[45,-24],[99,-18],[60,-40],[55,0],[61,-49]],[[39003,33780],[-2,-176],[-15,-89],[66,-25],[36,-72],[55,-29],[83,28],[127,-48],[37,37],[31,-11],[71,37],[69,-21],[45,8],[57,-21],[62,-143]],[[39725,33255],[-34,-56],[-54,17],[-86,-62],[-4,-47],[20,-68],[-17,-29],[-51,14],[-13,-30],[-59,-17],[-27,20],[-34,-42],[-4,-47],[-58,-16],[-51,-41],[-21,-44],[-46,-31],[-89,37],[-23,-56],[-40,-18],[-45,12]],[[31282,31363],[40,56],[33,6],[-17,63],[55,11],[74,109],[45,-5],[29,157]],[[31541,31760],[32,4],[85,-35],[69,-10],[7,43],[38,30],[79,0],[96,-20],[167,66],[80,-11],[37,-56],[83,6],[44,50],[48,26],[30,60],[1,67],[95,53],[33,54],[93,31],[36,-4],[12,53],[42,18],[58,65],[24,73],[57,38],[81,82],[19,-33],[-12,-58],[161,-59],[25,-60],[103,-35],[11,43],[50,11],[-2,38]],[[32986,31272],[-94,31],[-20,-93],[-74,-24],[47,-127],[-7,-60],[29,-100],[22,-15],[10,-132],[-19,-48],[-68,-85],[-62,-40],[-28,-111],[-87,-57],[-64,-11],[-77,22],[-20,-60],[12,-56],[-40,-109],[-36,-6],[-50,-94],[-37,1],[-6,-89],[-37,14],[-40,99],[21,27],[-51,56],[-30,-19],[-96,139],[-86,-23],[-22,-89],[-58,-34],[-20,-55],[2,-65],[-112,5],[-14,-50],[11,-56],[32,-34],[-12,-64],[22,-29],[0,-62],[-84,-48],[-60,-119],[25,-60],[-51,-107]],[[33352,32370],[-94,62],[-6,23],[-74,64],[6,95],[40,9]],[[39725,33255],[76,4],[108,-51],[6,-34],[85,24],[9,-59],[88,-22]],[[40097,33117],[51,-17],[19,56],[40,34],[69,9],[51,-26],[99,2],[73,22],[31,-22],[23,-102],[-81,-49],[91,-11],[-236,-181],[-219,-163],[-87,-100],[-63,-122],[-1,-107],[-22,-34],[109,-13],[16,-23],[4,-102],[-93,-69],[-50,-19]],[[39178,34302],[-39,-10],[6,-58],[-34,-72],[-56,-21],[-46,12],[-37,-60],[41,-75],[34,-18],[-8,-56],[26,-22],[-31,-149],[-31,7]],[[36643,35307],[-9,129],[55,56],[-24,64],[49,98],[36,-14],[66,36],[16,35],[76,-35],[68,36],[24,42],[1,64],[36,73],[-7,57],[-57,40],[-67,18],[-74,-5],[-98,96],[2,18]],[[36601,30106],[-151,-129],[-48,-89],[-95,-58],[-138,-95],[-241,-226],[-123,-158],[-80,-161]],[[34652,36138],[-49,-74],[-29,-18],[-56,6],[-76,51],[-54,-1],[-66,25],[-49,-24],[-10,-90],[-22,-57],[-49,4],[-58,33],[-47,-69],[-57,-41],[-42,83],[-136,9],[-38,-50],[-97,-74],[-44,-53],[-31,-3],[-86,-78],[-84,-118],[-52,1],[-23,40],[-94,31],[-29,75],[-79,-54],[-27,16]],[[40206,34303],[-52,-152],[-1,-86],[19,-73],[63,-134],[87,-148],[21,-84],[107,-226],[21,-88],[-30,-86],[-157,23],[-12,13],[-121,-72],[-54,-73]],[[40426,33200],[-140,-2],[16,32],[124,-30]],[[31278,33087],[-14,-107],[52,-12],[49,-125],[-28,-99],[-31,-25],[-18,-166],[-34,-65],[-11,-54],[26,-63],[72,-93],[-27,-63],[56,11],[74,-7],[57,58],[19,-47],[-47,-41],[-2,-49],[48,5],[-1,62],[59,-41],[29,0],[-5,-94],[-64,58],[-19,-63],[28,-31],[50,13],[26,-41],[0,-83],[-29,-92],[-77,-56],[25,-17]],[[16701,50149],[-77,-34],[-70,-62],[-130,-72],[-75,-59],[-63,-77],[-62,-106],[16,-27],[-49,-88],[-16,-81],[-42,2],[-24,50],[14,43],[-60,7],[-37,-32],[-180,15],[-31,-37],[-85,-22],[-45,-51],[-94,-45],[-52,34],[-42,57],[-53,43],[-130,37],[-53,114],[54,15],[-5,108],[-53,5],[-45,-18],[5,76],[-30,83],[-39,8],[-36,70],[1,110],[-45,1],[-35,68],[-22,94],[-40,-2],[-59,93],[33,51],[-11,62],[34,54],[-84,58],[-33,78],[-96,14]],[[14755,50786],[2,35],[40,31],[2,64],[110,31],[51,44],[52,17],[34,109],[-16,49],[-60,84],[62,32],[19,-67],[111,27],[11,89],[23,64],[42,11],[55,-24],[27,-57],[83,-71],[2,-44],[111,-93],[79,9],[-3,46],[64,5],[30,-59],[101,4],[21,70],[114,20],[5,72],[89,-5],[-49,66],[24,40],[27,129],[104,5],[16,22]],[[8009,50225],[59,-94],[60,-23],[62,36],[27,38],[84,15],[98,-61],[46,-62],[99,-59],[21,-30],[-25,-37],[24,-79],[2,-74],[-81,-74],[-52,-29],[3,-34],[48,-27],[65,2],[97,-42],[60,-45],[13,-41],[54,37],[53,60],[51,22],[93,-37],[-43,-137],[-88,-157],[4,-45]],[[8843,49248],[-70,-37],[-13,-84],[-75,-20],[-17,-33],[-59,-32],[-38,33],[-27,134],[-85,66],[50,48],[-37,25],[-56,4],[-77,52],[-107,-108],[-73,-46],[-77,23],[-52,-62],[-8,-71],[-44,-44],[-95,-14],[-51,-88],[27,-98],[-16,-132],[20,-37],[-77,-97],[-10,-76],[68,-5],[53,-41],[152,-59],[2,-67],[23,-22],[61,20],[4,-65],[23,-36],[69,-23],[165,-32],[23,-28],[-18,-66],[-75,-132],[12,-124],[-21,-78],[76,-53],[61,-63],[-4,-59],[-30,-30],[25,-45],[-35,-53],[-62,-11],[17,-102],[54,-71],[-40,-27],[-63,-103],[100,-123],[27,-54],[-154,-241],[62,-53],[57,-79],[-19,-100],[-1,-122]],[[8388,46407],[-104,-7],[-89,-57],[-80,-14],[-57,-44],[-54,6],[-22,96],[-90,78],[-44,-31],[-11,-47],[-129,15],[-42,67],[-69,36],[-64,-14],[-102,83],[-31,148],[-78,61],[-67,-37],[-58,-10],[-22,-44],[-41,-30],[-39,34],[-17,63],[-53,-1],[-74,-58],[-173,-112],[-78,97],[-71,-13],[-74,-35],[-71,-76],[3,-60],[-64,-120],[-46,-70],[-29,-7],[-104,46],[-13,-54],[-51,-43],[-59,-2],[-49,-41],[-94,-40],[-23,-58],[109,-8],[100,-120],[24,-67],[-56,-64],[-80,-15],[-97,-63],[53,-78],[-14,-65],[-37,30],[-2,51],[-142,170],[-97,23],[-173,27],[-19,-11],[-69,66],[12,94],[-73,3],[-47,-32],[-202,6],[-92,-48],[-63,-13],[-137,11],[-45,46],[-94,-124],[-78,13],[-67,-5],[-73,33],[-38,-24],[-51,-78],[-23,43],[-75,37],[-81,5]],[[4228,45955],[57,148],[13,71],[-25,103],[48,187],[-19,120],[17,134],[-23,168],[-121,84],[-134,33],[-262,-46],[-84,-7],[-153,24],[-79,30],[-132,120],[-465,217],[-55,145],[30,159],[32,327],[158,410],[121,95],[134,149],[119,83],[51,53],[168,137],[68,81],[86,147],[88,75],[110,78],[100,237],[110,297],[48,77],[111,109],[64,83],[152,84],[162,178],[144,20],[145,40],[103,-26],[75,-37],[23,-45],[167,-165],[2,-119],[13,-103],[162,-253],[241,-37],[75,9],[348,158],[178,89],[118,51],[384,88],[204,2],[116,6],[289,4],[466,189],[33,9]],[[17031,49957],[23,-42],[-65,-141],[-22,3],[-48,-96],[-73,-40],[-20,-27],[-26,-113],[-80,-80],[38,-71],[-23,-146],[-24,-80],[67,16],[36,-60],[-68,-4],[-75,-50],[-51,4],[-54,-95],[28,-43],[-37,-24],[-44,29],[-34,-26],[-41,36],[-37,-57],[-43,51],[-74,5],[-32,-83],[-70,6],[-58,-14],[-11,-66],[-68,5],[-32,-60],[-73,-20],[-17,84],[-89,5],[-47,-34],[-4,-36],[-65,-60],[-96,28],[-80,-44],[-12,-67],[-26,-49],[-65,-49],[-40,3],[-25,-48],[-2,-82]],[[15372,48325],[-32,-71],[-61,10],[-138,0],[-65,18],[-51,62],[-44,5],[-35,35],[15,64],[-34,21],[-81,-1],[38,58],[40,17],[63,77],[57,38],[9,39],[-67,20],[-45,47],[5,76],[-96,21],[-58,-19],[-19,-48],[-61,-24],[-135,-2],[-16,-25],[-88,-14],[-42,-45],[-27,57],[26,24],[-11,64],[-62,16],[61,79],[-34,91],[-117,-2],[-9,77],[-102,45],[-61,0],[-15,86],[98,72],[-45,41],[-28,53],[-47,-35],[-12,58],[22,27],[-20,55],[-44,37]],[[14004,49529],[108,20],[38,32],[8,65],[-54,2],[30,111],[43,1],[121,82],[-44,88],[-37,-11],[-27,52],[-57,3],[-5,80],[98,23],[36,-6],[61,34],[-17,65],[-86,42],[-43,76],[68,43],[33,124],[-43,46],[3,64],[28,29],[59,-6],[82,73],[53,110],[54,12],[65,-23],[129,32],[47,-6]],[[15718,52528],[-57,68],[-17,72],[-47,-19],[-36,-42],[-9,-58],[-44,-12],[-14,-55],[-84,6],[11,51],[43,20],[-5,52],[-78,40],[-53,-16],[37,-58],[-39,-86],[-41,33],[-72,-10],[13,-104],[-62,-62],[-62,22],[-38,-51],[-54,64],[-101,1],[-125,-59],[-33,6],[6,66],[33,36],[-18,103],[-71,-20],[-12,-31],[-171,-42],[-44,89],[-79,23],[-110,-30],[-42,-26],[-41,-53],[-4,-49],[64,-58],[2,-47],[-66,-22],[-63,72],[-102,-41],[-122,-2],[-9,-53],[-69,-3],[-49,37],[-76,-20],[-40,17],[-117,-18],[-68,28],[-42,126],[-82,-24],[-59,-64],[-65,-34],[-99,-79],[-82,24],[-95,-3],[-52,-36],[-23,-39]],[[12884,52158],[-53,43],[-155,-43],[22,63],[99,102],[21,67],[-37,57],[-2,97],[-57,-18],[-40,13],[13,61],[-46,80],[-49,22]],[[12600,52702],[63,60],[81,39],[5,131],[23,17],[80,7],[17,50],[-32,67],[-13,125],[-74,48],[60,16],[93,-18],[52,11],[82,69],[-31,55],[-106,-45],[-78,7],[-120,-26],[-80,55],[-117,40],[-138,15],[-112,-3],[-40,15],[-29,68],[-37,38],[0,45],[121,75],[4,89],[-100,102],[0,86],[-68,-23],[-77,13],[6,103],[24,16],[85,-1],[28,59],[80,48],[95,-2],[68,39],[173,48],[88,-4],[-6,63],[-40,43],[41,19],[65,-9],[95,-38],[26,69],[69,74],[51,13],[126,124],[23,88],[-24,71],[89,13],[30,23],[72,108],[2,43]],[[15372,48325],[54,-45],[-1,-53],[48,-14],[11,-57],[-61,14],[-192,-12],[-64,-14],[4,-65],[78,-50],[-34,-42],[-84,-22],[-1,-79],[-82,-29],[0,-68],[-97,-3],[-38,11],[-193,21],[2,-119],[-81,-11]],[[14641,47688],[15,121],[-62,51],[-75,0],[-19,31],[-127,-2],[-54,-127],[9,-52],[-57,-111],[-66,-9],[-2,-62],[17,-57],[-48,-22],[-21,-44],[-111,1],[-23,-79],[-46,-63],[125,-22],[-4,-62],[-61,-88],[-42,-106],[-119,-66],[-37,38],[35,43],[-53,69],[-112,-158],[-129,-154],[-35,-25],[-47,36],[-31,-38],[-115,6],[-49,-48],[-33,-60],[-45,34],[-55,-20]],[[13164,46643],[-113,29],[-28,-28],[-74,-29],[-35,-38],[-89,36],[-21,47],[-52,-23],[10,-70],[-74,14],[-62,-33],[-26,33],[-89,-4],[-33,24],[-30,-28],[-131,10],[-52,16]],[[12265,46599],[-30,36],[-6,51],[-107,87],[-28,1],[-84,86],[-72,-4],[-2,31],[-57,87],[16,33],[-49,101],[-42,6],[29,72],[-49,75],[47,99],[-36,133],[-49,-2],[-3,77],[-53,10],[-40,46],[-124,-11],[-39,53],[-56,11],[-60,-30],[-46,33],[-75,-9],[-34,-33],[-74,-2],[-53,-27],[-74,40],[-16,-23],[-92,-1],[-64,12],[-47,32],[-27,106],[-50,5],[-70,36],[-18,51],[82,63],[11,77],[74,75],[-34,86],[-52,66],[27,37],[2,59],[-20,89],[-52,86],[47,39],[20,103]],[[10736,48647],[97,-41],[11,63],[62,51],[55,-52],[-9,-45],[44,-71],[82,-81],[24,-51],[78,6],[-20,86],[54,74],[139,96],[117,56],[-20,64],[68,35],[-45,47],[1,92],[36,26],[6,79],[31,37],[102,-24],[44,21],[25,58],[-2,59],[52,54],[54,-17],[52,-77],[108,42],[84,-81],[62,21],[60,73],[30,7]],[[12218,49254],[50,-47],[24,-61],[35,-22],[105,39],[49,-16],[122,68],[79,-69],[33,-63],[53,-7],[65,-37],[27,-47],[-18,-29],[28,-42],[59,29],[49,2],[4,122],[-29,12],[28,61],[71,48],[40,87],[0,93],[40,19],[27,42],[53,14],[-9,34],[53,23],[22,50],[61,8],[64,36],[17,-27],[70,12],[47,-30],[59,15],[9,-46],[65,21],[28,-26],[45,7],[110,93],[32,-32],[-41,-38],[47,-66],[113,45]],[[6284,42473],[-68,68],[-68,167],[-98,193],[-93,126],[-60,199],[-62,334],[-295,308],[-32,129],[-154,154],[15,56],[13,242],[-23,18],[14,344],[-59,88],[-83,5],[-172,-74],[-156,-3],[-149,-21],[-60,15],[-194,81],[-38,99],[-63,88],[-103,82],[-163,266],[-31,339],[126,179]],[[8388,46407],[53,-72],[36,6],[84,-31],[13,-65],[90,-58],[35,-59],[81,-50],[115,15],[69,66],[73,-45],[76,32],[34,56],[4,56],[85,34],[54,-4],[34,-48],[96,-34],[95,36],[80,-122],[118,-99],[-15,-31],[28,-160],[-33,-80],[20,-19],[-8,-82],[-144,-54],[2,-68],[28,-32],[60,-22],[69,-60],[20,9],[113,-98],[51,-25],[63,-68],[61,24]],[[10028,45255],[30,-50],[-30,-61],[-51,14],[-59,-22],[-12,-27]],[[9906,45109],[-46,18],[-20,-62],[-44,-18],[-6,-47],[67,-33],[-13,-46],[-59,-77],[-76,-46],[54,-71],[19,-74],[-43,-19],[-52,26],[-99,-4],[-95,-19],[-80,-98],[28,-70],[-108,-60],[-105,-122],[-14,9],[-97,-52],[-72,13],[-47,28],[-51,-47],[-1,-72],[-33,-38],[-51,10],[-48,47],[-44,12],[-59,-26],[-135,69],[-121,-24],[-32,97],[-70,39],[-50,-13],[-71,-74],[-147,-192],[-25,-45],[63,-56],[-33,-88],[-99,-52],[28,-29],[-45,-59],[-67,-42],[-25,-140],[-28,-51],[-46,-25],[7,-32],[-31,-43],[16,-61],[-77,39],[-59,-14],[-21,-88],[-31,-21],[-71,-85],[-46,62],[-53,45],[-97,-15],[-69,-98],[-57,-26],[-6,65],[-41,17],[-73,-23],[-144,-74],[-45,5],[-98,-84],[13,-38],[-32,-49],[-56,-16],[49,-53],[3,-42],[-56,-68],[-67,-21],[-40,-41],[15,-120],[-59,-69],[-53,-40],[-47,-120]],[[12600,52702],[-18,-111],[12,-63],[-110,-71],[-33,100],[-6,62],[-99,-26],[-73,-47],[-53,25],[-22,42],[-94,89],[3,80],[-59,26],[-65,-105],[-25,45],[-160,-19],[-70,45],[-45,-23],[-74,-75],[-25,30],[-78,-33],[-72,41],[-71,-45],[-59,-3],[-85,44],[-91,-11],[-55,-39],[-26,-44],[-38,2],[-21,-74],[-48,5],[-65,-30],[-66,-108],[18,-73],[-99,-84],[1,-55],[-94,-66],[-64,-10],[-89,-33],[-90,-87],[-99,66],[-50,-26],[-235,113],[-72,11],[-57,44],[-40,-40],[-117,154],[-41,38],[-55,93]],[[9626,52456],[179,105],[460,191],[126,296],[172,197],[426,795],[115,398],[133,488],[431,173],[451,116],[44,57],[256,203]],[[8843,49248],[26,-14],[-36,-72],[-60,-12],[-7,-93],[65,-6],[48,76],[56,38],[74,-56],[14,88],[35,37],[51,0],[64,44],[26,58],[41,11],[71,-16],[126,82],[21,-29],[73,1],[44,-84],[102,-68],[10,77],[43,70],[46,-39],[23,-82],[82,-72],[26,30],[-10,65],[133,39],[32,-58],[-6,-51],[-47,-29],[11,-131],[112,26],[-50,-80],[76,18],[16,-84],[80,76],[19,-102],[85,-49],[54,40],[64,23],[168,-5],[53,-43],[14,-164],[25,-61]],[[12265,46599],[-59,-55],[-8,-54],[-54,-63],[-8,-168],[-13,-55],[-37,-65],[31,-70],[-40,-103],[52,-87],[-14,-69],[-83,1],[-67,37],[-32,-25],[-51,-93],[-98,35],[7,114],[-53,49],[-112,-75],[-116,-30],[14,-93],[-81,45],[-54,7],[-77,105],[-53,0],[-7,77],[-56,-14],[-25,-49],[-53,-44],[39,-99],[-62,-49],[-29,-49],[-89,22],[-53,51],[-93,28],[-64,-53],[19,-50],[-118,24],[-29,-29],[-128,-45],[-19,-105],[-39,-38],[-68,4],[-56,-43],[-35,-79],[-53,1],[-46,-21],[-151,-6],[-16,-66]],[[12218,49254],[16,34],[-22,62],[21,38],[-31,109],[-17,96],[13,58],[-26,44],[2,79],[23,47],[43,-39],[119,-1],[110,52],[75,-37],[-44,-72],[30,-41],[63,-37],[51,9],[84,75],[26,53],[57,33],[142,27],[52,28],[15,92],[-35,77],[0,35],[54,53],[-7,53],[20,138],[26,35],[42,8],[40,51],[-5,90],[24,133],[25,36],[80,23],[18,48],[-6,58],[-94,64],[-76,10],[-74,-11],[-52,61],[-31,131],[-75,-7],[-41,54],[-58,16],[-110,-15],[-47,31],[-36,73],[4,53],[33,36],[44,5],[-16,70],[13,123],[-12,75],[32,32],[71,110],[-55,145],[-1,45],[37,24],[204,76],[-54,62],[-60,0],[42,94]],[[8009,50225],[63,381],[165,228],[276,224],[160,194],[56,187],[101,309],[43,155],[120,152],[105,116],[163,69],[365,216]],[[14203,39754],[-14,68],[13,46],[-54,57],[-57,5],[-53,86],[-51,33],[-49,-51],[-42,7],[-89,-49],[-64,-8],[-63,30],[3,112],[31,64],[-20,38],[19,47],[-5,53],[8,135],[-36,22],[34,66],[-43,49],[-61,29],[-39,70],[-62,-11],[-37,-32],[-107,-1]],[[13365,40619],[-37,66],[-88,7],[-51,56],[-34,-8]],[[13155,40740],[-6,47],[-42,36],[-9,36],[37,53],[43,14],[88,-63],[24,34],[-50,55],[80,87],[57,-20],[81,59],[20,53],[-70,53],[-59,26],[-31,55],[62,76],[82,21],[19,37]],[[13481,41399],[67,-33],[40,137],[41,32],[29,94],[-19,30],[6,62],[-31,77],[16,58],[76,60],[12,57],[-12,60],[105,32],[39,-28],[105,-4],[120,8]],[[15114,43292],[-6,47],[25,84],[-44,19],[-121,23],[-25,40],[-69,0],[-29,-18],[-79,23],[-130,-51],[-26,80],[-41,10],[-30,-37],[-56,74],[11,47],[-42,16],[-44,-18],[-69,-74],[-88,18],[-41,124],[-62,13],[4,-58],[-37,-23],[-24,68],[-38,-16],[-19,-45],[-78,5],[-97,-94],[-48,16],[-57,-38],[-33,50],[9,52],[-85,12],[-4,51],[-33,8],[-82,-93],[-50,25],[-45,59],[-59,-50],[-16,-65],[-35,10],[-33,-45],[-112,-98],[-27,11],[-24,-85],[-28,-4]],[[13097,43365],[-56,10],[-37,-50],[-60,28],[-15,125],[-36,35],[-119,15],[-95,55],[21,52],[57,14],[7,47],[41,89],[-55,-17],[-64,23],[-40,-20],[-50,84],[13,72],[93,-3],[17,37],[-108,35],[-22,48],[18,79],[49,43],[24,63],[-16,23],[-78,-17],[2,49],[46,109],[43,-24],[64,37],[9,25],[-47,54],[16,45],[-39,55],[84,28],[26,105],[-50,88],[-37,9],[46,92],[211,55],[-12,64],[35,19],[-17,58],[-77,20],[75,111],[58,-25],[168,118],[25,-17],[67,39],[-38,64],[62,49],[69,28]],[[13375,45490],[52,-60],[48,-30],[39,18],[143,-46],[24,-45],[-15,-63],[103,46],[-37,39],[29,28],[108,-25],[79,25],[108,11],[41,-6],[101,-81],[98,-33],[75,18],[84,-14],[31,25],[67,-17],[20,-28],[89,-3],[30,-35],[35,25],[51,-34],[-6,-31],[-59,-51],[43,-50],[51,-25],[30,-43],[10,-58],[42,-34],[-11,-45],[48,-15],[61,17],[25,46],[95,-37],[50,-40],[82,-15],[14,40],[125,156]],[[15378,45020],[104,-14],[36,-37],[29,21],[13,55],[49,-62],[41,-18],[41,-52]],[[15691,44913],[-88,-77],[29,-78],[-4,-76],[-111,-161],[-50,-45],[29,-75],[-24,-61],[-68,-51],[-51,-84],[-39,31],[-53,-35],[15,-52],[33,-7],[87,-79],[37,-87],[56,-16],[102,-80],[49,-17],[34,-79],[-11,-31],[12,-91],[-22,-118],[-55,-28],[-28,-58],[72,-73],[30,-56],[-6,-57]],[[15666,43272],[-197,-27],[-18,16]],[[15378,45020],[35,45],[10,67],[32,44],[-60,19],[-33,38],[-103,-2],[5,65],[-36,37],[5,98],[61,16],[58,-6],[22,30],[23,105],[45,8],[14,41],[-58,88],[-42,14],[-1,43],[44,48],[24,71],[-71,38],[-64,-27],[-26,-84],[-41,-51],[-55,68],[-70,7],[0,127],[-63,45],[4,42],[-37,103],[-56,19],[-9,78],[39,18],[15,60],[-26,88],[39,26],[-32,73],[16,30],[59,26],[27,56],[-15,43]],[[15057,46674],[77,127],[105,34],[2,27],[68,53],[95,-14],[45,-134],[82,-46],[101,-1],[34,28],[108,-29],[52,-42],[56,54],[49,-31],[-4,-64],[93,-16],[57,7],[20,51],[128,-45],[37,49],[82,1],[23,48],[-4,54],[21,36],[-26,45],[52,16],[4,-46],[77,-48],[42,19],[170,-31],[6,-27],[56,-25],[24,45],[74,-24],[16,27],[58,17],[63,-8],[21,34],[67,32],[73,-16],[29,-32]],[[17190,46799],[43,-69]],[[17233,46730],[-81,-67],[33,-41],[-59,-226],[37,-87],[-71,-104],[-24,-59],[-159,30],[2,-70],[-83,-5],[-23,-60],[42,-8],[9,-69],[-24,-111],[77,-13],[56,13],[27,35],[52,-39],[15,-44],[-19,-61],[54,-31],[-85,-102],[-14,-43],[48,-16],[57,16],[59,-69],[36,56],[42,-2],[17,52],[58,-8],[72,28],[-7,-85],[21,-40],[-19,-73],[3,-52],[-66,-4],[7,-118],[115,-91],[57,-7],[43,-28]],[[17538,45127],[-34,-24],[-78,16],[-43,-27],[-40,24],[-37,81],[-29,8],[-26,-53],[-37,-16],[-11,-89],[-112,29],[-26,54],[-76,-9],[-28,32],[16,94],[-87,21],[-18,32],[-55,-40],[-65,-1],[4,-68],[-25,-47],[-90,-4],[8,75],[-33,54],[-42,-41],[-56,-3],[-30,-37],[8,-73],[-53,-14],[-11,43],[-76,15],[-26,-68],[1,-89],[-31,-13],[-112,23],[-73,-42],[-64,-80],[-19,-76],[-58,19],[-31,58],[-37,-30],[-66,42],[-48,52],[-73,-4],[-28,-38]],[[17538,45127],[27,-84],[64,-83]],[[17629,44960],[-33,-84],[-61,-23],[-30,-63],[37,-57],[-49,-25],[0,-92],[-24,-57],[6,-58],[-39,-80],[-92,-27],[-49,-36],[-52,19],[-21,-128],[-41,-63],[-7,-47],[-32,-51],[47,-37],[-17,-45],[-46,19],[-38,-36],[-84,49],[-20,-49],[-86,-33],[18,-89],[-26,-33],[-86,-55],[-68,85],[-79,-49],[-23,-49],[-36,4],[-120,-22],[15,31],[-92,43],[2,-80],[-36,-65],[-91,-74],[30,-59],[-49,-40],[67,-29],[3,-26],[-36,-67],[-101,-100],[-155,-80]],[[16035,43202],[-21,50],[-54,14],[-68,-11],[-135,4],[-91,13]],[[17331,49922],[39,40],[51,-36],[21,-77],[-36,-86],[-31,-12],[29,-145],[-33,-67],[21,-42],[-27,-69],[-84,-6],[31,-164],[-2,-38],[52,-28],[15,-87],[-40,-120],[11,-48],[-61,-125],[-45,-68],[-18,-56],[-35,2],[-17,-72],[-53,-75],[-6,-31],[83,-53],[-9,-73],[56,-1],[12,-76],[-13,-48],[61,-16],[68,60],[29,61],[49,8],[27,-120],[-10,-99]],[[17466,48155],[-35,-117],[-38,-69],[-7,-121],[-40,-69],[1,-45],[44,-52],[-10,-108],[-17,-50],[40,-39],[-152,-23],[-34,-94],[36,-14],[47,-71],[-47,-23],[-31,40],[-11,-113],[26,-67],[-63,-196],[15,-125]],[[15057,46674],[-53,28],[16,62],[-79,55],[16,56],[-41,21],[-71,-28],[-20,28],[42,128],[-29,6],[-1,90],[-100,35],[-46,50],[-55,-31],[-19,24],[-2,92],[76,20],[12,44],[-51,30],[-89,-29],[-13,103],[-38,104],[85,23],[2,49],[42,54]],[[16390,42646],[31,55],[40,195],[-74,2],[-57,20],[-70,61],[-58,35],[-76,66],[-22,71],[-69,51]],[[17629,44960],[104,62],[71,11],[95,111],[-16,38],[38,25],[156,-19]],[[18092,44234],[-38,-43],[-76,-4],[-53,21],[-22,-33],[-91,-18],[-18,-48],[-73,20],[-46,-19],[-31,21],[-86,-33],[-36,-104],[-11,-85],[-46,-114],[-74,-21],[2,-116],[-43,-67],[-36,-181],[64,-102],[90,-96],[32,-70],[43,-29],[34,59],[48,12],[32,-20],[95,-7],[53,-57],[13,-73],[33,-29],[41,24],[192,-147],[-5,-98],[-35,-30],[-107,43],[-37,-1],[-101,-92]],[[17799,42697],[3,113],[-56,30],[-41,-13],[-74,79],[-53,-5],[-58,-69],[-50,-8],[0,-60],[-53,6],[-27,39],[-56,4],[-2,-85],[-47,-86],[-16,-112],[8,-70],[-38,-44],[12,-96],[-79,72],[-81,92],[-24,7],[-75,-49],[-8,-124],[36,-110],[-59,3],[-42,-44],[-70,11],[-81,-4],[-24,-46],[-64,-8]],[[13164,46643],[-4,-77],[34,-80],[2,-121],[-63,-46],[-49,-61],[41,-61],[82,-21],[116,94],[80,-58],[-60,-46],[-9,-44],[15,-54],[-16,-38],[-58,15],[-56,-37],[-30,9],[-58,-70],[25,-11],[1,-70],[-92,-101],[-51,-87],[-32,15],[-50,-44],[-19,81],[-45,-42],[7,-55],[36,-29],[-90,-111],[51,-14],[-23,-40],[34,-28],[-65,-108]],[[12818,45303],[-67,-86],[-42,0],[-50,-43]],[[12659,45174],[-24,7],[-78,75],[-71,-34],[-11,-35],[-59,-8],[-2,-64],[-39,-24],[17,-57],[-55,-69],[14,-101],[-15,-30]],[[12336,44834],[-9,-25],[-81,-56],[-12,-59],[-64,-103],[9,-17],[-56,-153],[-60,-68],[-51,-98],[-15,-87],[-33,-52],[-54,-1],[-22,-52],[-63,-33],[-21,-36],[-77,-66],[-25,-39],[22,-67],[-22,-12],[-23,-117],[-61,-44],[-44,-51],[-112,-89],[6,-19]],[[11468,43490],[-89,-67],[-83,1],[-68,-56],[-44,-88],[-58,-45],[-1,-49],[-31,-29],[36,-40],[-40,-123],[-80,-79],[-41,5],[-9,-46],[-60,-65],[-18,-87],[-65,-15],[-121,-70]],[[10696,42637],[39,56],[-5,87],[-38,59],[-88,5],[-13,31],[-53,-2],[-57,68],[-36,4],[-43,80],[8,47],[42,52],[35,98],[130,76],[50,66],[2,105],[-110,65],[-53,54],[-33,-43],[19,-87],[-56,-35],[-49,27],[-5,102],[-94,-5],[-17,56],[55,65],[9,57],[-69,2],[-11,61]],[[10255,43788],[84,9],[31,24],[10,74],[-47,102],[-81,59],[38,38],[35,-3],[47,-57],[28,50],[74,53],[60,111],[-24,21],[83,51],[-19,55],[-54,10],[-10,29],[-4,124],[-48,51],[-110,52],[-16,48],[-88,35],[-41,104],[-57,29],[-1,94],[-39,37],[-50,11],[-77,44],[-26,45],[-47,21]],[[13097,43365],[30,-5],[99,-73],[-6,-48],[-99,-48],[-93,8],[-60,-39],[2,-62],[-27,-53],[-51,-33],[-2,-33],[-91,-119]],[[12799,42860],[-163,-45],[-34,23],[-25,69],[-35,49],[-94,-91],[-59,65],[-75,-6],[-88,19],[-4,-24],[-96,-229],[-27,-84],[-27,-23],[-59,9],[-133,144],[-2,44],[42,9],[-24,82],[-47,14],[-35,37],[-45,4],[-69,-18],[-29,49],[-73,57],[-4,41],[-118,98],[35,132],[-48,53],[5,152]],[[12336,44834],[43,-11],[49,-71],[85,51],[52,75],[-29,53],[38,48],[53,-3],[33,25],[79,27],[5,39],[-56,49],[-29,58]],[[12818,45303],[23,-13],[107,22],[98,48],[-8,64],[69,-2],[10,41],[51,72],[115,98],[96,-41],[-4,-102]],[[19609,49847],[63,-46],[-6,-74],[23,-42],[-34,-21],[13,-40],[68,-12],[18,-130],[-68,-98],[32,-35],[52,-9],[-42,-52],[21,-110],[77,-15],[34,-39],[10,-57],[71,-38],[-31,-87],[36,-62],[75,-35],[66,-7],[98,-92],[68,-37],[40,26],[50,1],[-6,-56],[-47,-33],[38,-30],[-6,-36],[70,-61]],[[20392,48520],[6,-77],[67,-34],[-40,-59],[-85,-1],[-38,-109],[-114,-31],[-59,-62],[26,-53],[37,32],[41,-7],[-1,-56],[73,-60],[125,-15],[30,62],[70,-115],[41,0],[0,61],[54,-20],[-24,-69],[-47,8],[-49,-30],[-107,-28],[-135,-86],[-209,-64],[-59,-34],[-10,-34],[-61,-19],[-11,-57],[47,-56],[-23,-79],[77,-39],[-34,-54]],[[19980,47335],[-68,-47],[-87,-34],[-76,11]],[[19749,47265],[8,102],[-18,30],[30,66],[-57,13],[-81,-50],[-75,92],[-116,-88],[11,67],[-118,41],[-43,28],[-65,83],[-60,-31]],[[19165,47618],[-31,66],[-98,94],[10,45],[-30,126],[3,64],[-24,51],[-51,61],[36,26],[8,51],[-69,48],[3,44]],[[18922,48294],[19,80],[65,-56],[57,-2],[143,38],[-18,50],[-91,58],[18,41],[49,-6],[100,49],[56,145],[114,29],[12,62],[-145,-14],[-74,38],[-64,63],[-67,-28],[-76,39],[-6,52],[-102,29],[-80,74],[-34,3],[38,72],[-59,0],[-35,44],[40,55],[60,-27],[28,-83],[55,-20],[2,-30],[84,-38],[44,0],[62,63],[-63,50],[23,50],[59,25],[-33,64],[-101,25],[-5,-82],[-57,39],[-60,76],[-19,78],[102,3],[-12,95]],[[11173,40401],[76,-17],[65,72],[81,24],[62,133],[43,66],[65,13],[48,55],[47,13],[115,-45],[110,28],[90,-35],[31,11],[49,-22],[66,14],[55,-25],[55,5],[18,40],[112,71],[63,-18],[50,8],[67,-25],[102,29],[68,-29],[54,52],[48,1],[12,64],[58,-10],[21,-87],[76,-52],[46,-107],[100,64],[29,48]],[[13365,40619],[-52,-18],[-12,-33],[-79,-65],[-170,-100],[-196,-79],[-20,-37],[-37,-128],[31,-47],[-12,-107],[-25,-87],[-102,-26],[-26,-83],[-58,-46],[-44,-185],[2,-59],[-25,-48],[-40,-24],[-50,-74]],[[13481,41399],[-46,23],[-4,112],[-133,107],[22,87],[6,87],[-71,48],[-18,76],[30,24],[-10,48],[-76,-27],[-30,45],[-52,-16],[-46,-107],[-66,29],[86,164],[55,-12],[11,94],[-120,121],[61,25],[-2,63],[-131,-13],[-21,63],[-54,29],[44,35],[-6,34],[-47,36],[-69,20],[0,49],[-27,49],[9,73],[45,81],[-22,14]],[[10404,41985],[-6,28],[44,88],[38,39],[83,150],[2,60],[117,121],[4,154],[10,12]],[[10255,43788],[-47,26],[-58,-20],[-56,28],[-81,69],[-104,-168],[5,-57],[-66,-67],[-28,-85],[-62,-49],[-12,-65],[-35,-79],[-63,-14],[-52,-94],[-114,-141],[-165,-50],[2,-94],[-46,-25],[35,-123],[-17,-26],[12,-100],[-30,-31],[-151,5],[-28,48],[-60,-31],[-100,-141],[-29,-70],[-3,-54],[50,-58]],[[17466,48155],[32,-53],[131,-21],[88,96],[9,70],[51,17],[23,-99],[45,-32],[64,84],[62,11],[58,32],[27,102],[126,6],[70,-26],[-51,-62],[4,-70],[26,-37],[62,0],[12,39],[65,10],[115,-19],[117,37],[-18,-43],[23,-60],[37,-8],[16,96],[-35,41],[9,68],[43,23],[18,84],[28,55],[80,-58],[-18,-104],[77,-57],[60,17]],[[19165,47618],[-61,-37],[-79,-22],[-61,-34],[-59,-15],[-43,36],[20,52],[-7,138],[-90,77],[-87,42],[-76,14],[-54,-23],[-14,-58],[-69,-75],[12,-56],[-50,-37],[-90,-42],[-81,-61],[-100,-99],[-32,-15],[-107,-10],[-30,16],[-52,-43],[-46,-58],[-64,-114],[10,-30]],[[17855,47164],[-92,-156],[-43,-119],[19,-34],[63,28],[37,-16],[6,-50],[37,-57],[-30,-58],[-28,-4],[-24,-73],[-108,-127],[-110,54],[-2,62],[-40,41],[-65,-2],[-91,-29],[-9,53],[-36,-2],[-106,55]],[[24295,10404],[-61,-77],[-9,-47],[-70,-83],[-81,-38],[-95,-74],[-40,-3],[-47,-65],[-127,-113],[-19,18],[-53,-19],[-61,5],[-72,-51],[-93,-5],[-26,-61],[-67,-21],[-54,18]],[[23320,9788],[-16,73],[-72,67],[39,99],[54,40],[-1,118]],[[23324,10185],[52,61],[48,7],[31,48],[-14,108],[27,29],[-17,96],[50,-5],[43,99],[8,109],[32,48],[14,153],[19,22]],[[23617,10960],[68,-26],[123,44],[140,-26],[-4,74],[82,16],[75,1],[48,-48],[6,-105],[29,13],[64,-8],[59,-92],[50,-5],[22,-29],[12,-110],[-18,-22],[38,-51],[-18,-55],[-49,-71],[-33,-9],[-16,-47]],[[22052,6724],[-6,53],[-55,30],[7,43],[-90,37],[-19,41],[-54,53],[-47,14],[-39,35],[-28,-91],[-34,26],[28,96],[28,33],[-108,34],[-53,0],[-76,-33],[-41,74]],[[21465,7169],[-5,53],[59,-20],[48,22],[-44,51],[-32,-4],[-38,-38],[-28,77],[61,70],[53,-14],[53,19],[92,-39],[-16,-29],[43,-29],[11,54],[-25,37],[129,-17],[13,137],[114,64],[38,-14],[58,32],[89,24],[8,101],[-71,99],[49,19],[13,95],[39,62],[-64,27],[-41,-17],[-50,14],[24,53],[-41,44],[36,83],[-38,52],[5,57],[-77,46],[7,36]],[[21937,8376],[14,34],[43,19],[24,53],[97,79],[-28,21],[25,63],[37,-3],[77,-46]],[[22226,8596],[11,-54],[-30,-20],[41,-73],[-8,-88],[31,-56],[-142,5],[-8,-48],[72,-24],[-37,-69],[48,-39],[40,-5],[38,162],[63,-20],[39,21],[18,67],[100,-43],[16,-90],[81,-56],[-15,-63],[14,-56],[43,-18],[35,63],[50,-33],[79,11],[-1,69],[93,43],[27,-37],[-14,-63],[92,-103],[52,66],[50,-4],[5,-54],[41,-35],[95,15],[30,-77],[-51,15],[-50,-49],[11,-35],[-33,-31],[2,-57],[21,-20],[120,-54],[13,-87],[-24,-20]],[[23284,7552],[-67,-67],[-92,-2],[-29,-38],[2,-48],[-46,3],[-21,-47],[24,-104],[0,-44],[34,-22],[-33,-85],[-57,1],[-71,-71],[-86,108],[-52,3],[-53,-59],[64,3],[10,-54],[62,-79],[-30,-96],[19,-62],[78,12],[33,-21],[-41,-62],[-156,-41],[-92,70],[-70,-34],[10,-62],[-65,-55],[6,-57],[-85,40],[-19,37],[-143,79],[-61,1],[-35,58],[-100,21],[-70,-54]],[[24295,10404],[90,59],[50,18]],[[24435,10481],[44,-56],[61,-32],[-59,-90],[-20,-94],[-47,-64],[41,-36],[18,-68],[-65,-23],[6,-45]],[[24414,9973],[1,-68],[-35,-4],[-24,-36],[42,-63],[-34,-20],[-24,-46],[-57,-19],[-19,20],[-113,57],[-43,-4],[-90,82],[-73,29],[-27,-25],[-29,-84],[9,-41],[34,-13],[16,-101],[89,-34],[62,-13],[-52,-60],[26,-76],[-45,-24],[-69,-9],[5,-62],[26,-52],[-2,-62],[50,-7],[22,-27],[-13,-52],[11,-92],[27,-17],[57,10],[23,-63],[45,-17],[47,-63],[57,-29],[-30,-38],[62,-14],[-19,-104],[-39,-38],[39,-48],[-28,-78],[93,-13],[0,-46],[66,-35]],[[24458,8474],[3,-33],[-54,-32],[-230,21],[-50,-9],[-21,-39],[-88,-30],[-79,-57],[-57,-77],[23,-40],[-73,-62],[-10,-73],[-24,-30]],[[23798,8013],[-42,12],[-12,35],[-82,6],[-28,82],[47,7],[14,42],[-80,3],[3,41],[-61,1],[32,85],[-22,32],[0,50],[27,63],[33,21],[-9,95],[20,38],[-49,64],[31,54],[46,-2],[57,47],[-47,22],[-41,-7],[-40,31],[37,98],[75,28],[11,48],[-100,102],[-38,70],[-57,-22],[-66,29],[-15,76],[-47,20],[-51,-5],[-40,113],[-21,-9],[-13,-85],[-90,-5],[-30,-30],[-43,8],[-79,82]],[[23028,9353],[-14,67],[30,126],[-32,34],[7,56],[-144,-6],[39,32],[79,17],[172,67],[19,37],[136,5]],[[23755,14276],[69,28],[30,62],[75,-111],[18,-69],[54,-9],[127,-82],[22,-53],[-76,-32],[-5,-65],[63,-41],[61,67],[83,35],[24,32],[10,73],[-22,95],[43,51],[-25,22],[-17,58],[5,84],[32,12],[-1,50],[35,2],[51,-40],[55,14],[45,-28]],[[24511,14431],[60,-38],[112,-41],[-2,-73],[22,-28],[84,26],[49,-20],[1,-43],[75,-36],[-17,-129],[-117,-49],[-77,0],[-32,-87],[26,-50],[53,-42],[46,20],[69,-29],[-14,-93],[64,-45]],[[24913,13674],[21,-28],[-21,-127],[-24,-87],[-40,19],[-25,-53],[-91,-73],[0,-42],[-40,-47]],[[24693,13236],[-52,14],[-36,44],[-26,-48],[-74,35],[-54,10],[-65,-53],[-17,53],[-41,-6],[-55,29],[-16,68],[-26,-11],[-61,77],[-161,35],[-42,-26],[-68,18],[-61,-1],[-26,-23],[-19,-83],[30,-8],[17,-45],[-16,-66],[-59,-28],[81,-39],[76,-7],[-63,-108],[-44,-10],[4,-86],[-43,-48],[35,-39],[-41,-32],[-4,-40],[121,-91],[-3,-78],[-17,-32],[-47,-13],[-9,-33],[-74,17],[-22,-48],[-50,-41],[-47,41],[-37,-35],[-75,-8],[-9,32],[21,50],[-27,35],[-44,-24],[-26,-77],[-64,22],[-12,44],[-46,5],[-6,-39]],[[23293,12539],[-14,28],[-59,9],[-82,-104],[-67,27],[-17,-14],[-118,-35],[-48,9],[-73,-25],[-26,7],[-48,-66],[-43,-5]],[[22698,12370],[-30,3],[-6,68],[53,194],[45,80],[-14,21],[-114,-64],[-45,14],[-65,72],[28,43],[-32,34]],[[22518,12835],[21,67],[55,11],[-1,49],[-36,22],[-1,45]],[[22556,13029],[85,61],[40,42],[55,179],[36,16],[39,95],[-14,53],[28,71],[64,74],[112,283]],[[23001,13903],[18,11],[67,133],[61,-28],[36,7],[80,-30],[32,88],[83,-24],[48,59],[4,43],[36,37],[142,14],[75,-32],[65,-9],[20,47],[-11,42],[-3,12]],[[23754,14273],[1,3]],[[23284,7552],[55,-100],[15,-2],[50,-100],[51,-22],[64,12],[31,-23]],[[23550,7317],[-68,-76],[-9,-36],[-45,-65],[-47,-29],[-43,-70],[-76,-98],[-45,-147],[-51,-66],[-33,-135],[12,-33],[-21,-85],[-34,-1],[4,-56],[72,-137],[104,-124],[63,-60],[120,-82],[79,-24],[73,9],[3,-48],[-97,-28],[-68,1],[-114,23],[-97,4],[-89,-16],[-37,-38],[-72,17],[-69,-20],[-185,-76],[-63,-16],[-20,-45],[-83,13],[-43,-9],[-35,-34],[14,-43],[-83,-24],[-70,-46],[-39,13],[-92,0],[-131,-23],[-96,-34],[-49,-36]],[[21990,5537],[-63,8],[-2,37],[-76,41],[-103,24],[28,60],[26,89],[-62,-5],[5,108],[17,65]],[[21760,5964],[106,-32],[38,42],[60,30],[-2,62],[-48,38],[-36,75],[-66,24],[-22,30],[-111,-28],[-2,67],[-41,12],[-23,89],[132,-5],[54,26],[64,53],[5,106],[34,-21],[77,3],[-16,119],[89,70]],[[24003,6003],[-13,-50],[42,-53],[154,-137],[5,-27],[-147,101],[-114,63],[-71,21],[-70,3],[-45,35],[35,41],[102,6],[22,38],[70,43],[51,-37],[-21,-47]],[[23639,5832],[-35,-51],[-68,12],[10,39],[93,0]],[[19553,5020],[95,15],[35,-23],[-22,-41],[35,-62],[-41,-90],[61,-60],[64,-42],[49,-12],[88,38],[42,-41],[43,203],[31,97],[66,-50],[74,-23],[20,-83],[74,62],[18,100],[-70,17],[26,79],[41,4],[1,87],[44,-14],[48,37],[44,2],[3,-51],[87,-33]],[[20509,5136],[65,-10],[33,26],[33,-22],[0,-84],[74,-12],[94,-160],[28,-32],[-13,-35],[-64,-37],[21,-90],[-40,-181],[23,-55],[-30,-48],[-43,8],[-5,-82],[64,-31],[39,-192],[25,-41],[-18,-93],[34,-24],[22,-52],[-22,-86],[77,-33],[13,-59],[47,-5],[77,32],[59,-2]],[[21102,3736],[-112,-94],[-86,-58],[-180,-76],[-37,-39],[-14,-59],[-88,-61],[-50,-20],[-137,-11],[-127,-39]],[[20271,3279],[-16,33],[-47,6],[-38,120],[15,87],[33,83],[-14,123],[-33,143],[-112,-29],[-39,47],[-21,66],[16,66],[-54,43],[1,57],[-49,35],[-95,21],[-90,71],[-111,39],[-37,26]],[[19866,6559],[55,47],[62,-15],[45,54]],[[20028,6645],[44,33],[38,84],[8,62],[51,62],[19,-30],[52,65],[116,65],[29,-3],[54,-67],[58,36],[63,3],[85,-32],[24,-94],[146,-11],[8,35],[94,-20],[7,-29],[52,-35],[52,34],[52,12],[57,-24],[48,36],[55,88],[81,-39],[22,37],[-17,71],[-38,84],[47,42],[12,42],[40,20],[52,-48],[26,45]],[[21760,5964],[-27,39],[-96,11],[-32,69],[-75,28],[-12,73],[-198,-25],[-76,14],[-18,-55],[23,-84],[-70,0],[-2,-75],[-50,-17],[-8,-28],[-60,-10],[-25,-74],[-31,8],[-20,-48],[-87,11],[1,87],[-137,0],[-44,30],[-54,-46],[-64,71]],[[20598,5943],[-17,33],[-49,22],[-111,-12],[-76,18],[-69,54],[-4,69],[-173,-24],[-75,16],[-48,44],[10,30],[-62,66],[-88,-19],[-60,45],[-45,16]],[[24891,9894],[-45,-37],[-73,4],[-57,-90],[2,-113],[-29,-50],[91,4],[9,24],[84,3],[7,-69],[-45,-26],[-47,-164],[-61,-40],[40,-30],[-25,-78],[61,-35],[-18,-37],[-50,-27],[10,-66],[-10,-73],[90,-5],[-29,-69],[14,-73],[-20,-49],[-84,-34],[-16,-115],[1,-117],[-13,-50],[-53,-47],[76,-5],[70,-21],[90,-42],[53,25],[62,-68]],[[24976,8324],[-75,2],[-136,17],[-293,52],[36,70],[52,-12],[15,29],[-90,21],[-27,-29]],[[24414,9973],[81,-6],[80,38],[89,10],[25,53],[104,19],[94,-49],[61,15]],[[26035,16119],[67,-203],[52,-51],[50,-338],[-9,-135],[-52,-155],[-32,-115]],[[26111,15122],[-131,0],[2,-33],[-87,-4],[-21,-51],[-22,-134],[15,-53]],[[25867,14847],[-90,12],[-38,50],[-107,-53],[-53,6],[-49,46],[-55,0],[-35,-46],[-62,19],[-36,-15],[-104,3],[16,-46],[83,-19],[-31,-39],[-36,30],[-25,-36],[34,-26],[-46,-73],[-90,9],[-62,31],[-10,88],[-45,62],[-30,-10]],[[24996,14840],[3,72],[-34,15],[-48,-21],[-36,107],[16,98],[-8,66],[-94,0],[1,60],[-81,44],[-21,-72],[-28,-22],[8,-50],[-90,-5],[2,-55],[-55,28],[-188,9],[-14,-59],[-48,-49],[-63,123],[-26,-21],[-21,-70],[42,-19],[-11,-35],[-73,-10],[-77,-43],[-99,69],[-33,71],[1,31]],[[23028,9353],[3,-43],[-112,13],[-50,-71],[-82,0],[-49,17],[21,39],[-9,50],[-115,56],[5,-59],[-18,-89],[-62,-31],[10,110],[-47,10],[-89,-118],[-61,7],[5,45],[-95,-13],[-14,-54],[20,-55],[-95,24],[-60,-72],[-10,-37],[28,-42],[0,-75],[39,-6],[30,-76],[3,-55],[67,4],[45,69],[69,14],[-25,-79],[40,-33],[-11,-74],[-47,-28],[-81,13],[-14,-72],[19,-59],[-29,-24],[-31,37]],[[21937,8376],[-66,16]],[[21871,8392],[7,61],[-42,53],[-79,51],[16,74],[38,18],[18,70],[-39,26],[-191,54],[-38,58],[-40,13],[56,107]],[[21577,8977],[104,25],[32,54],[-10,60],[17,21],[33,218],[32,-10],[100,8],[13,35],[46,8],[76,-76],[52,-37],[11,38],[55,-6],[34,33],[86,-27],[9,38],[79,38],[28,41],[-30,166],[47,-7],[23,45],[-20,54],[-61,59],[-129,40],[-6,44],[-94,47],[-24,35],[-106,45],[-115,-14],[-105,17],[-73,0],[-57,-20],[-44,4],[-68,98],[1,25]],[[21513,10076],[59,24],[-24,43],[-40,20],[37,45],[44,12],[71,-15],[-14,66],[40,-6],[35,-56],[23,22],[105,-48],[10,-62],[35,-13],[38,90],[-79,83],[37,32],[13,57],[71,8],[-2,114],[60,21],[123,273],[-31,40],[41,135],[34,44]],[[22199,11005],[25,-1],[57,-75],[59,-33],[9,-100],[47,-1],[67,52],[46,1]],[[22509,10848],[120,-42],[100,4],[13,-64],[-18,-56],[-39,-52],[-8,-90],[-16,-42],[-48,0],[-14,-68],[17,-83],[40,-91],[73,-4],[10,45],[53,33],[105,-23],[-4,-55],[81,-2],[81,31],[196,-20],[73,-84]],[[19202,8412],[-18,62],[13,93],[-85,81],[-10,50],[53,60],[-17,57],[26,61],[1,130],[29,59],[125,-4],[35,14],[29,124],[-60,23],[-21,39],[-2,78],[-15,129],[38,33],[39,78],[93,5],[-7,-41],[36,-21],[68,3],[37,21],[31,60],[2,97],[-61,27],[-13,82],[-59,26],[-53,-1],[-53,33],[-25,107],[-27,63],[41,50],[7,43],[-25,75],[81,56],[80,42],[49,2],[-46,70],[-24,-24],[-94,57],[-51,48],[-3,67],[-22,48],[39,65],[1,56],[-41,39],[-41,-2],[-10,53],[54,-6],[-6,59]],[[19320,10838],[36,-46],[22,60],[94,-4],[70,-68],[57,52],[14,-99],[44,-16],[-6,-39],[61,-24],[33,75],[-29,53],[67,15],[32,39],[44,-40],[56,1],[51,-28],[55,-101],[-1,-53],[39,-15],[15,-60],[40,-9],[-5,-69],[-83,6],[86,-166],[114,-14],[17,31],[60,-20],[44,36],[41,-8],[48,-38],[83,-17],[29,-43],[76,-3],[45,-47]],[[20669,10179],[32,-58],[-25,-85],[-64,-46],[42,-47],[-19,-131],[63,-43],[19,-44],[39,-19],[48,-53],[43,34],[22,-18],[12,-76],[-9,-76],[-80,25],[-70,46],[-16,-39],[-37,1],[-16,-55],[30,-19],[90,-17],[0,-84],[-35,-50],[2,-35]],[[20740,9290],[-43,12],[-46,-13],[-33,-36],[7,-33],[-56,-47],[-61,68],[18,68],[-16,101],[-81,-36],[-19,-97],[-34,-14],[-93,16],[-25,18],[-28,-59],[-51,-54],[-11,-53],[-73,-16],[-17,87],[-43,16],[-57,-21],[-17,-27],[-64,-8],[-65,-71],[-28,-101],[8,-66],[58,-6],[-10,-56],[-37,-9],[4,-108],[-69,-8],[-42,23],[-27,-50],[-13,-187],[45,-5],[-18,-67],[49,-116],[-16,-37],[-37,5],[-79,-78]],[[19574,7967],[33,-11],[46,45],[44,-23],[80,51],[22,-24],[48,52],[36,-38],[56,-29],[59,-7],[15,33],[62,45],[28,-2],[72,62],[10,33],[89,-24],[41,53],[53,-14],[48,-40],[25,16],[66,-13],[47,-69],[-13,-77],[-93,37],[3,-66],[55,-32],[20,-58],[3,-138]],[[20529,7729],[-28,-17],[-10,-107],[-41,-20],[14,-59],[-67,-104],[-59,-64],[12,-65],[-20,-69],[-39,-72],[-67,-68],[-94,-206],[-45,-27],[2,-31],[-89,-136],[30,-39]],[[22199,11005],[-88,-13],[-3,123],[-36,37],[29,67],[48,1],[19,51],[-39,54],[-4,130],[-141,-26],[-41,-19],[-78,-105],[-5,60],[-46,15],[-2,69],[-86,-29],[-46,-63],[-82,21],[-11,-27],[-74,-10],[-19,-23],[-83,2],[-36,39],[-58,-34],[3,-41],[-38,-20],[-91,35],[-35,-16],[-44,13],[-19,-139],[-53,3],[-18,-27],[-58,-16],[-2,-48],[-40,-37],[-32,12],[-48,-26],[-56,132],[-54,-45],[-50,73],[-27,6],[-22,-71],[-43,-18],[-64,52],[-29,-11]],[[20497,11136],[15,58],[66,66],[-12,69],[41,57],[-16,106],[48,87],[-26,31],[-75,-26],[-26,-37],[-26,64],[17,70],[-14,66],[65,179],[-26,35],[-90,33],[-19,57],[7,72],[47,-2],[-20,177]],[[20453,12298],[37,-23],[97,-6],[52,-60],[102,-8],[80,-36],[45,46],[81,-30],[118,-5],[30,-12],[72,42],[46,11],[16,31],[74,11],[143,68],[79,3],[133,29],[45,-94],[56,20],[33,-32],[51,-7],[44,-83],[71,55],[9,-64],[-49,-68],[-11,-62],[-45,-90],[55,-7],[56,74],[53,116],[60,-33],[43,-83],[50,-27],[99,-6],[41,-22],[116,43],[26,64],[40,42]],[[22501,12095],[146,-42],[-9,-111],[-37,-6],[-21,-49],[-49,-37],[-5,-99],[31,-16],[-4,-113],[20,-46],[43,-7],[-2,79],[23,20],[54,-6],[99,21],[45,22],[48,-33],[2,-60],[-43,-34],[9,-46],[-22,-52],[101,-61],[-21,-79],[42,-15],[20,-44]],[[22971,11281],[-26,-36],[-36,7],[-36,-66],[-19,-66],[59,-35],[9,-28],[-51,-98],[-19,3],[-70,115],[-35,32],[-88,15],[-26,-51],[-79,-29],[14,-131],[-59,-65]],[[20529,7729],[67,33],[47,51],[39,-14],[44,35],[112,25],[48,-38],[93,57],[41,7],[-4,49],[34,79],[47,-21],[54,66],[41,1],[25,47],[89,-2],[107,25],[61,-34],[29,-82],[-6,-70],[39,-43],[80,-41],[95,25],[28,105],[24,43],[-12,77],[80,66],[28,41],[-1,139],[13,37]],[[22971,11281],[66,-35]],[[23037,11246],[71,-82],[86,-129],[35,-35],[61,8],[88,-27],[39,20],[69,-11],[51,10],[80,-40]],[[20740,9290],[16,-77],[31,-36],[39,18],[52,-20],[51,32],[71,4],[49,-21],[58,2],[-13,82],[73,3],[12,128],[-33,32],[-99,1],[-42,-16],[16,73],[49,-14],[71,6],[63,37],[66,-29],[37,22],[55,-25],[-1,53],[19,43],[93,0],[20,62],[60,-28],[-29,-41],[-10,-60],[-29,-78],[0,-70],[-19,-149],[39,-6],[4,-83],[-60,-34],[-10,-62],[80,-46],[58,-16]],[[20669,10179],[29,23],[76,-9],[23,-45],[67,-47],[70,22],[43,34],[28,53]],[[21005,10210],[40,-7],[80,62],[54,6],[94,-46],[43,7],[64,-19],[84,-74],[49,-63]],[[20613,12791],[52,41],[17,-39],[41,37],[25,56],[2,65],[60,91],[41,0],[23,42],[18,97],[-18,76],[24,15],[108,-14],[38,27],[15,50],[-16,57],[37,49],[-13,84],[-68,90],[-25,70],[40,24],[30,-50],[65,42],[59,6],[3,-51],[83,-14],[58,-28],[12,-44],[82,-31],[54,-43],[-27,-72],[19,-85],[51,-27],[13,-67],[71,-18],[33,35],[42,-47],[-31,-18],[-1,-42],[49,-24],[19,-78],[63,19],[59,-7],[46,-28],[11,-65],[69,2],[12,-57],[42,-31],[79,-12],[56,-44],[-6,-63],[64,-26],[22,9],[29,94],[89,9],[47,32],[17,-75],[60,44],[61,-19]],[[22698,12370],[-28,-108],[41,-44],[-39,-59],[-39,18],[-112,-34],[-20,-48]],[[21005,10210],[-92,29],[-11,53],[-1,130],[-46,58],[20,71],[-20,78],[-44,30],[-72,18],[-119,201],[-106,94],[-44,71],[27,93]],[[23328,52980],[-38,-73],[-56,-76],[-31,-110],[-53,-45],[-9,-66],[38,-28],[-7,-142],[40,-53],[-9,-35],[58,-19],[7,-60],[53,-18],[-22,-93],[7,-75],[-69,-54],[-30,-66],[-59,-1],[-47,23],[-57,-37],[-55,34],[-32,-57],[1,-49],[142,-134],[30,-62]],[[23130,51684],[-42,-41],[-54,17],[-76,-47],[-39,3],[-45,-38],[-32,54],[-162,-147],[-48,61],[-34,9],[38,136],[32,53],[-48,36],[2,66],[-44,10],[-52,61],[38,59],[7,96],[42,79],[-35,63],[-21,84]],[[22557,52298],[2,58],[-52,85],[1,61],[-62,12],[-44,39],[-87,-34],[-25,60],[44,86],[49,61],[-46,78],[-55,47]],[[22282,52851],[22,24],[53,-12],[35,34],[56,-12],[54,41],[-17,25],[60,34],[37,41],[-56,41],[76,86],[38,7],[-24,61],[58,97],[53,22],[99,9]],[[23130,51684],[40,-35],[-19,-70],[26,-38],[-44,-89]],[[23133,51452],[-107,4],[-114,-85],[-43,-43],[-92,-120],[-50,20],[-53,-19],[-109,-125],[-21,-79],[16,-39],[-38,-55],[-7,-79],[-61,-32],[-40,-209],[37,-45],[-14,-36],[-43,-8],[-36,-104],[-34,-46]],[[22324,50352],[-75,57],[-106,104]],[[22143,50513],[-44,46],[-30,77],[-155,187],[-16,70],[-28,44],[-91,79],[43,31],[-16,65],[-43,86],[15,73]],[[21778,51271],[41,75],[80,0],[70,79],[79,-3],[31,33],[7,46],[-26,44],[29,34],[-12,45],[18,129],[-34,31],[-15,93],[46,10],[2,57],[-35,31],[16,65],[-20,29],[34,39],[-32,68],[42,27],[53,-33],[72,-2],[27,-19],[102,55],[53,-1],[94,89],[57,6]],[[23133,51452],[37,-71],[86,-68],[49,-85]],[[23305,51228],[97,-19],[81,-55],[-20,-63],[9,-37],[52,-77],[-14,-75],[64,-45],[-18,-52],[27,-40],[39,3],[29,-38],[58,-4],[46,37],[56,-9],[79,-48],[92,29],[44,-56],[113,53],[71,-17],[83,-78],[86,-65],[4,-90],[-36,-39],[29,-78]],[[24376,50365],[-3,-49],[-42,-36],[-10,-54],[39,-46],[-44,-36],[-20,-74],[13,-47],[40,-65],[-96,-11],[-145,-87],[-35,-40],[-16,-85],[-25,-48],[27,-194]],[[24059,49493],[-83,43],[-48,0],[-96,65],[-77,22]],[[23755,49623],[6,76],[-83,79],[-28,118],[-80,59],[-52,-38],[-57,29],[-56,-16],[-87,20],[22,30],[-63,36],[-48,-53],[-95,1],[5,58],[-73,98],[-39,-15],[-92,61],[-23,38],[-121,-7],[-73,28],[-54,73],[-48,20],[-19,82],[-70,25],[-65,-38]],[[22462,50387],[-105,-41],[-33,6]],[[23755,49623],[-56,17],[-63,-32],[-39,4],[-3,-167],[107,-44],[-2,-74],[54,-4]],[[23753,49323],[-132,-30],[-86,-47],[-80,28],[-78,50],[-69,111],[-44,2],[-20,-36],[23,-35],[-29,-75],[-34,13],[-114,-51],[-29,79],[-116,42],[-55,2],[-89,61],[-76,16],[-40,74],[-52,62],[-16,105],[-64,21],[-77,-8],[-27,61],[-76,2],[-62,27],[-9,-67],[-33,-44]],[[22269,49686],[-95,60],[18,71],[-10,44]],[[22182,49861],[54,-22],[29,31],[-6,69],[-44,33],[79,117],[46,13],[51,65],[53,103],[18,117]],[[29225,50193],[-36,-28],[-72,-16],[-21,-59],[-44,-58],[-44,-20],[-49,-55],[31,-75],[-20,-36],[14,-63],[38,-48],[-13,-45],[90,-42],[-34,-78],[-3,-54],[23,-63],[-80,-14],[9,-27],[59,-10],[0,-71],[38,-66],[32,-11],[28,42],[93,-24],[8,-46],[96,-31],[35,16],[22,63],[34,-14],[-1,-44],[65,-13],[29,-55],[92,11],[107,-65],[5,-83],[-34,-27]],[[29722,48984],[-102,-40],[3,-61],[-53,-67],[25,-85],[-55,-29],[-18,32],[-82,-17],[-28,-107],[-44,-29],[-35,20],[-6,47],[-138,83],[-33,-23],[-70,-3],[-12,-36],[57,-22],[-14,-75],[-63,-58],[-45,-119],[-36,-121],[-53,9],[-40,-68],[-41,26],[-57,-67],[-59,-30],[-18,-56]],[[28705,48088],[-59,26],[-2,75],[-59,48],[-20,126],[39,21],[-42,82],[-11,101],[16,113],[-68,65]],[[28499,48745],[-2,83],[-71,57],[-11,38],[-48,37],[4,34],[-42,57],[1,61],[-28,25],[13,65],[-14,155],[-32,20],[30,83],[-7,76],[-27,26]],[[28265,49562],[-19,46],[24,41],[-21,83],[-25,28],[24,51],[-29,51],[49,14],[-55,130],[9,45],[48,40],[-15,48],[-41,43],[-64,25],[-38,54],[-141,162],[-18,54],[62,98],[-49,69],[-73,65],[-59,113],[-75,52],[-15,84],[-55,44],[55,127],[-57,38],[-5,72],[16,53]],[[27698,51292],[98,-68],[253,-49],[22,-9],[45,-80],[-4,-84],[115,-144],[74,-74],[-5,-151],[115,21],[7,82],[86,-6],[68,-32],[8,-47],[73,-54],[-12,-84],[149,-79],[207,-132],[118,-13],[110,-96]],[[20162,51774],[-15,59],[8,52],[59,49],[38,-3],[89,86],[37,-48],[63,22],[72,76]],[[20513,52067],[62,-6],[115,67],[14,50],[133,37],[37,-4],[-22,81],[25,70],[53,7],[106,-51],[48,-4],[142,47],[50,-22],[91,6]],[[21367,52345],[2,-64],[39,-37],[-1,-61],[32,-39],[28,-141],[100,-99],[33,-124]],[[21600,51780],[-110,51],[-92,2],[-63,65],[-83,1],[-56,50],[-98,29],[-79,-21],[-65,-64],[-15,-61],[-45,-4],[-47,32],[-63,-61],[-61,-33],[-30,-50],[-59,-19],[-28,-51],[-82,-9],[-23,-30]],[[20501,51607],[-44,31],[1,43],[-77,43],[-45,-42],[-30,45],[-92,52],[-52,-5]],[[28499,48745],[-44,-27],[-32,-131],[-75,-31],[-46,40],[-25,73],[7,55],[-33,23],[-91,-45],[-61,7],[38,-88],[-74,-67],[-56,-23],[-30,53],[-44,-23],[-66,38],[-58,-21],[-31,-90],[-155,-3],[-75,32],[-52,-99],[-32,3],[-5,-96]],[[27459,48325],[-53,-22],[-23,-52],[-75,-12],[-69,-51]],[[27239,48188],[-40,27],[23,56],[-8,70],[-33,36],[-24,59],[-42,-13],[-78,54],[-55,18],[-19,-28],[-90,19],[-33,88],[-81,6],[-65,33],[-30,-26],[-91,-5],[-23,84],[-25,17],[-26,76],[-42,15],[-24,55],[0,54],[-72,51],[-30,106],[-32,34],[-75,12],[-23,73],[-26,13],[-29,69],[13,24],[-42,60],[-1,118],[17,20],[-3,93]],[[26130,49556],[59,48],[117,41],[47,62],[43,0],[62,36],[18,42],[38,-7],[63,85],[47,-39],[4,-50],[50,-53],[85,3],[70,204],[89,-37],[24,9],[74,-43],[84,-6],[57,33],[81,-63],[33,25],[8,50],[91,50],[108,27],[49,110],[48,-38],[53,-12],[-48,-93],[13,-37],[62,-20],[27,13],[66,-19],[60,3],[36,-62],[75,42],[2,-46],[33,-21],[44,16],[74,-45],[-64,-81],[63,-42],[66,34],[40,-40],[-6,-92],[90,19]],[[19320,54318],[29,6],[85,-29],[44,38],[74,-54],[52,-18],[40,13],[90,-61],[69,19],[36,-16],[57,26],[34,-18],[44,51],[71,-37],[5,-55]],[[20050,54183],[24,-76],[-34,-52],[-13,-83],[-48,-22],[-12,-86],[-29,-81],[46,-40],[-55,-50],[-19,-94],[33,-64],[-46,-42],[-58,1],[11,-55],[-73,-28],[-74,-65],[-6,-59]],[[19697,53287],[-91,30],[-56,4],[-36,28],[-71,-14],[-52,38],[-65,17]],[[29225,50193],[119,-105],[35,0],[173,-118],[54,15],[-2,37],[92,127],[221,-15],[44,-67],[69,-70],[66,3],[116,-54]],[[30212,49946],[-14,-87],[-39,-40],[-30,7],[-52,-61],[-33,-154],[-76,-75],[-35,-102],[-71,-32],[-45,-73],[25,-30],[54,-171],[-11,-113],[40,-23],[6,-71]],[[29931,48921],[-118,15],[-91,48]],[[20513,52067],[-30,56],[59,59],[2,51],[-33,35],[9,58],[-30,63],[-70,-15],[-11,24],[-132,0],[-7,30],[-70,11],[-49,-18],[-59,29],[-100,12],[0,35]],[[19992,52497],[33,95],[-24,67],[-9,81],[-25,20],[20,85],[-58,44],[63,120],[40,16],[-7,94],[66,17]],[[20091,53136],[176,156],[77,-21],[12,-39],[44,-19],[30,65],[43,-10],[19,-53],[122,-22],[115,-80],[17,35],[87,6],[36,58],[71,-39],[53,6],[38,52],[41,-6],[77,49],[51,-1],[31,33],[98,-2],[118,-18]],[[21447,53286],[-22,-114],[28,-33],[-9,-62],[-36,-14],[-21,-46],[14,-101],[-22,-33]],[[21379,52883],[-45,-36],[35,-101],[-9,-99],[-75,-198],[68,-67],[14,-37]],[[20038,50502],[193,3],[77,68],[23,-32],[54,-2],[30,43],[34,-8]],[[20449,50574],[50,-70],[86,22],[-2,83],[55,66],[51,-33],[129,81],[36,-95],[162,-122],[83,-35],[72,-2],[83,78],[47,3],[78,-74],[20,-38],[3,-77],[51,36],[67,71],[12,51],[47,2],[48,53],[28,-24],[41,37],[140,20],[36,-26],[47,-92],[33,-28],[81,8],[70,41],[40,3]],[[22182,49861],[-27,47],[-38,-23],[-65,-73],[-65,-46],[-27,-55],[-91,-24],[-56,-64],[-31,-6],[-72,-66],[-28,53],[-91,74],[31,58],[-31,26],[-47,-10],[-44,30],[-47,-15],[-136,8],[-33,37],[-44,-42],[-37,6],[-19,-46],[22,-36],[-42,-98],[26,-44],[-51,-133],[-59,-62],[-26,39],[-40,-35],[-83,-30]],[[20931,49331],[-60,-18],[-32,61],[17,49],[-26,72],[-122,74],[13,31],[-7,85],[28,40],[53,12],[-36,55],[-4,82],[-40,26],[-73,149],[-4,41],[-44,54],[-57,38],[-78,-4],[-38,47],[-36,8],[-39,-68],[-78,-4],[-71,-52],[-60,31]],[[20449,50574],[31,41],[-6,81],[-40,81],[4,111],[-57,13],[-28,34],[-33,94],[36,40],[32,155],[-25,74],[-31,46],[45,40],[-3,66],[86,36],[41,55],[0,66]],[[21600,51780],[45,-106],[-29,-55],[8,-128],[79,-45],[105,-43],[-44,-58],[14,-74]],[[22282,52851],[-42,-37],[-79,28],[-46,-37],[-69,-28],[-105,-22],[-29,32],[-138,-7],[-178,25],[-137,67],[-80,11]],[[21447,53286],[-59,166],[-90,84],[-41,71],[35,30],[-67,79],[-11,42],[-46,38],[-31,58],[5,105],[56,43]],[[19697,53287],[66,-35],[58,-8],[61,22],[39,-32],[75,-28],[52,-56],[43,-14]],[[19992,52497],[-32,11],[-49,-107],[-32,-12],[18,-93],[-27,-77],[6,-63],[-82,21],[-14,38],[-66,-2],[-54,-22],[-19,79],[-24,21],[-92,-29],[-54,21]],[[19471,52283],[-28,64]],[[26130,49556],[-44,69],[-25,5],[-28,73],[-72,69],[-69,12],[-123,-50],[-40,51],[-74,21],[-62,-33]],[[25593,49773],[-23,88],[5,38],[-40,29],[46,31],[-6,38],[-49,40],[2,97],[79,-3],[41,28],[1,46],[50,41],[25,62],[76,13],[72,40],[67,73],[48,10],[30,69],[-24,31],[-10,79],[15,50],[110,4],[16,82],[-20,62],[30,70],[-4,65],[125,158]],[[26255,51114],[-25,111],[-124,166],[50,65],[74,-47],[38,-3],[34,45],[57,4],[32,52],[-100,134],[-25,60],[-77,59],[-77,17],[3,58],[44,69]],[[26159,51904],[59,-47],[18,-35],[53,-13],[63,22],[97,-42],[23,-87],[27,-6],[85,-69],[-4,57],[-38,209],[78,60],[109,-26],[-22,-44],[56,-21],[11,-31],[86,-12],[35,18],[49,-129],[104,-51],[63,0],[36,-86],[66,-21],[86,-55],[45,29],[70,-28],[-15,-28],[16,-58],[90,-16],[83,-31],[22,29],[74,-61],[14,-39]],[[24239,52383],[-57,17],[-53,-31],[52,-70],[-5,-41],[-69,-6],[27,-55],[6,-86],[-36,6],[-14,-48],[-130,-50],[-40,-91],[-66,-86],[-38,-16],[10,-71],[-44,-82],[-83,-37],[-44,-49],[7,-34],[-55,-76],[-50,-19],[-83,3],[-1,-45],[-86,-61],[-82,-16],[0,-111]],[[24667,52353],[53,-135],[-5,-76],[38,-64],[-65,-51],[-53,-82],[9,-30],[-48,-139],[27,-55],[72,24],[17,-43],[47,-5],[-27,-67],[48,2],[0,-63],[70,6],[6,-35],[60,-26],[-9,-94],[-50,-26],[10,-86],[-116,-64],[62,-37],[-23,-87],[-34,-46],[9,-32],[70,-47],[2,-52],[-57,-3]],[[24780,50940],[-37,-62],[-5,-55],[-44,-4],[3,-47],[-27,-30],[-17,-108],[25,-28],[-17,-90],[-60,-6],[-34,22],[-53,-55],[-71,-20],[-67,-92]],[[20931,49331],[23,-48],[-63,-90],[54,-25],[15,-34],[67,-38],[-15,-38],[-70,-66],[35,-159],[-43,-36],[20,-38],[-10,-46],[101,-95]],[[21045,48618],[-39,-47],[5,-68],[-55,17],[7,95],[-22,24],[-118,-9],[-71,-63],[-46,-13],[-27,-53],[-39,23],[-53,-3],[-79,24],[-42,-33],[-74,8]],[[23753,49323],[33,-16],[5,-90],[58,-34],[38,-1],[-4,-63],[-33,-22],[22,-68],[-18,-85],[-58,-16],[52,-53],[35,-105],[-38,-39]],[[23845,48731],[-75,-4],[-42,66],[-63,57],[-44,-10],[-64,69],[-16,63],[-100,-36],[-136,37],[-88,-32],[-40,26],[-74,84],[-34,9],[-37,-64],[-36,-14],[-37,-64],[34,-46],[-41,-69],[-115,-33],[-61,-3],[-45,-24]],[[22731,48743],[-27,19],[-9,76],[-65,19],[-33,78],[-56,7],[11,95],[24,72],[-67,-2],[-50,48],[-82,-85],[-52,-76],[-77,-2],[-37,-38],[-56,-9],[41,-92],[11,-68],[-24,-27],[-45,73],[-44,-29],[-81,25],[-33,-79],[-29,-13],[-39,35],[-91,-80],[-54,-1]],[[21767,48689],[-16,58],[39,107],[-34,26],[-65,-5],[-53,34],[-61,-7]],[[21577,48902],[-38,71],[61,119],[-9,33],[87,74],[62,-6],[86,74],[41,48],[119,-24],[104,57],[76,65],[35,-15],[39,29],[-14,38],[24,55],[-5,98],[44,44],[-20,24]],[[27239,48188],[-78,23],[-43,-21],[-62,-1],[-121,-91],[-84,36],[-127,-123],[-59,-37]],[[26665,47974],[-67,-9],[-61,-52],[-83,-20],[-35,-24],[-3,-49],[-37,-10],[4,-71],[-26,-52],[-39,36],[-33,60],[-50,-18],[-47,61],[4,46],[-27,45],[-64,21],[13,69],[-41,12],[-72,-8],[-21,-33],[-27,-100],[-53,0],[-67,-28],[22,88],[-77,-41],[-86,32],[-8,-75],[-41,-3],[-60,-60],[-14,-35]],[[25569,47756],[-51,49],[-1,34]],[[25517,47839],[-86,161],[-27,31],[2,71],[-54,61],[-61,16],[-36,116],[-87,7],[-15,55],[-115,-10],[-56,50],[-115,64]],[[24867,48461],[-55,30],[20,73],[49,40],[-22,120],[-68,96],[11,40],[64,65],[-8,46],[54,34],[-30,50],[-35,14]],[[24847,49069],[34,31],[-9,121],[-41,22],[16,46],[-27,58],[-6,60],[-27,42],[17,46],[65,38],[24,118],[62,-15],[41,-72],[51,-53],[92,-24],[30,7],[36,58],[-2,54],[79,7],[71,30],[44,39],[33,-15],[67,11],[22,32],[66,-6],[8,69]],[[30212,49946],[49,-54],[48,-25],[110,-89],[136,-71],[75,-94],[101,-57],[53,-5],[92,33],[54,-12],[138,48],[29,-8],[103,31],[83,3],[28,-69],[-7,-60],[34,-24],[9,-101],[42,-56],[-36,-93],[19,-61],[-14,-44]],[[31358,49138],[-40,-74],[85,-93],[-86,-69],[-22,46],[-89,-37],[-25,18],[-59,-19],[-22,31],[-105,-2],[6,-22],[-67,-87],[-107,-30],[2,-49],[-54,-68],[-3,-69],[43,-56],[18,-66],[-28,-25],[-116,1],[-36,-37],[-4,-45],[62,-27],[31,-48],[56,7]],[[30798,48318],[8,-24],[-37,-72],[-51,31],[-32,-35],[-35,-85],[-41,29],[-34,-24],[-27,-54],[-55,-8],[-69,81],[-44,80],[-60,69],[-88,66],[46,104],[64,-11],[41,-45],[58,44],[-76,136],[-49,41],[-199,114],[-103,69],[-84,97]],[[21577,48902],[-43,12],[-8,-48],[-44,-12],[-37,-42],[-64,10],[-53,55],[-65,-55],[60,-16],[-16,-64],[-64,26],[-63,-59],[-63,10],[13,-99],[-45,-40],[-40,38]],[[24780,50940],[93,-105],[-30,-33],[145,-107],[45,21],[38,62],[-19,105],[71,-20],[-9,-52],[51,-48],[44,-15],[1,-37],[-46,-36],[31,-50],[62,24],[57,-37],[54,-14],[13,127],[-16,45],[-2,130],[-30,153],[33,49],[109,31],[14,42],[97,-34],[28,-37],[39,74],[38,-29],[53,-1],[60,-35],[112,11],[21,-40],[68,-20],[23,37],[-4,80],[41,1],[51,-42],[38,-1],[37,-35],[64,10]],[[24847,49069],[-28,41],[-85,12],[-13,26],[10,74],[-14,87],[-28,13],[22,144],[-49,-15],[-26,-39],[-43,-9],[-17,-55],[-74,-6],[-76,24],[-40,-22],[-47,17],[-6,64],[-71,38],[-37,-28],[-69,41],[-97,17]],[[24867,48461],[-61,-5],[-36,-102],[-38,-13],[-64,42],[-49,4],[-25,-40],[-80,-23],[-73,76],[-12,44],[-70,8],[-90,-5],[-45,36],[-69,-70]],[[24155,48413],[-120,46],[2,33],[-50,31],[18,61],[-10,43],[-67,-11],[1,53],[-46,2],[-38,60]],[[25517,47839],[-59,16],[-49,-50],[-31,25],[-39,-15],[17,-62],[-20,-102],[48,-35],[-36,-34],[-43,19],[-68,-9],[-2,-62]],[[25235,47530],[-25,-20],[-53,28],[-18,-53],[33,-19],[-44,-52],[-40,-7],[-62,26],[-43,-31],[-44,33]],[[24939,47435],[-34,63],[-37,-19],[-53,52],[-6,34],[-72,64],[-9,55],[-108,9],[-108,-75],[-148,62],[-69,39],[-18,60],[-149,21],[-50,21],[-47,-19]],[[24031,47802],[-22,52]],[[24009,47854],[77,23],[41,38],[37,96],[5,53],[70,42],[-30,60],[-52,14],[-11,53],[45,41],[-40,43],[4,96]],[[25610,52282],[102,-2],[114,-110],[97,-64],[76,5],[29,-33],[-19,-33],[47,-47],[85,-23],[18,-71]],[[24009,47854],[-44,51],[-84,2],[-69,-18],[-83,0],[-9,60],[-129,-3],[-43,-14],[-71,12],[-108,-69],[-46,55],[-43,18],[-30,-41],[-76,34],[-11,-24],[-96,-21],[-59,22],[-68,-12]],[[22940,47906],[-65,6],[5,53],[-28,21],[-20,80],[13,29],[2,145],[64,10],[-117,176],[25,65],[-43,22],[-59,204],[14,26]],[[22940,47906],[-50,-56],[-80,-38],[-47,-68]],[[22763,47744],[-46,-33],[-42,37],[-67,3],[-2,-78],[-84,3],[-9,53],[-51,51],[-34,-10],[-36,45],[-7,45],[-59,-2],[-40,33],[-30,-37],[-56,14],[-10,66],[-66,-24],[-5,56],[-60,101],[-64,14],[-60,55],[-69,-20],[-34,55],[114,65],[-54,9],[-96,-13],[-7,-77],[-78,-15],[-39,-21],[-28,50],[-44,28],[-13,59],[37,63],[-30,57],[1,70],[36,43],[-15,78],[13,89],[40,2],[98,31]],[[29880,45720],[48,67],[-53,38],[14,68],[-68,86],[-73,29],[-38,36],[-105,55],[-47,79],[-122,63],[-22,72],[-50,31],[94,41],[46,90],[52,-10],[66,9],[32,86],[-17,84],[-33,-22],[-36,21],[76,50],[-38,31],[2,67]],[[29608,46791],[21,-12],[81,10],[32,-35],[84,-15],[118,-47],[57,2],[63,-64],[38,-4],[16,-44],[52,-37],[70,0]],[[30240,46545],[62,-37],[45,25],[21,-33],[47,33],[77,-49],[106,-15],[29,-43],[5,-73],[37,-17],[108,-86],[50,-6],[48,25],[31,-28],[49,11],[62,-64],[39,4],[83,-31],[91,24]],[[31230,46185],[-13,-57],[33,-47],[-1,-86],[-15,-57]],[[31234,45938],[-23,24],[-95,23],[-58,59],[-73,-129],[-66,10],[-126,-36],[-70,5],[-17,-71],[64,-68],[0,-70],[83,-11],[6,-144],[-41,-16],[-10,68],[-112,18]],[[30696,45600],[-66,3],[1,45],[-52,5],[-46,-56],[-79,78],[-156,39],[-37,-56],[-58,-43],[-36,62],[-95,43],[-20,-10],[-59,46],[-85,-54],[-28,18]],[[27014,43362],[-48,85],[-25,73],[10,57],[49,22],[9,61],[71,-5],[30,42],[54,13],[-96,53],[8,43],[68,26],[36,-38],[26,39],[-52,27],[-23,53],[-36,22],[42,57],[111,41],[71,64],[50,109],[93,52],[28,65],[85,-16],[10,34],[84,63],[-40,73],[30,23]],[[27659,44500],[63,-46],[214,-46],[87,-42],[3,-84]],[[28026,44282],[-89,-63],[1,-68],[26,-32],[83,-43],[102,-25],[17,-50],[44,-21],[29,31],[111,21],[122,-46],[1,-60],[-24,-71],[154,-31],[101,22],[92,52]],[[28796,43898],[31,-122],[-83,-9],[-11,-97],[48,-26]],[[30987,48127],[-7,57],[125,-1],[18,59],[105,-4],[61,-43],[110,2],[86,-73],[177,-93]],[[31662,48031],[-14,-135],[19,-38],[-4,-58],[44,-44],[-21,-25],[-97,64],[-9,-38],[13,-112],[-49,-19],[-42,-49],[67,-60],[54,-1],[-4,-80],[37,-35],[73,19],[-17,-67],[38,-3],[43,-36],[44,-77],[-25,-64],[-104,-70],[13,-28],[-51,-64],[-49,5],[-80,-87]],[[31541,46929],[-60,6],[-68,-33],[-111,-8],[-57,46],[-6,27],[-74,51],[-19,-13],[-134,5],[-76,50],[-77,23],[-64,42]],[[30795,47125],[-70,13],[-69,-30],[-68,30],[-120,121],[-18,33],[-90,52],[-76,7],[-38,71],[3,70]],[[30249,47492],[28,26],[9,86],[-20,32],[37,62],[-30,47],[16,48],[102,37],[65,61],[25,-58],[58,-47],[84,36],[84,-46],[22,9],[85,-62],[32,38],[4,41],[35,33],[93,30],[19,54],[39,33],[-39,46],[8,38],[-37,48],[19,43]],[[32070,46546],[55,41],[4,68],[-25,34],[22,36],[155,53],[46,-40],[16,66],[-92,60],[-37,125],[-59,35],[54,55],[-14,62],[-47,29],[-46,69],[10,34],[94,31],[23,93],[-68,-2],[4,108],[46,137],[175,34],[-16,98],[38,27],[-40,41],[37,58],[-41,91],[-43,-24],[-74,9],[-9,51],[-33,34],[16,67],[-28,63]],[[32193,48189],[42,42],[-37,52]],[[32198,48283],[72,-30],[31,-98],[40,0],[27,-39],[74,5],[90,-27],[42,-34],[39,15],[40,89],[131,-45],[-64,-67],[-28,-78],[-61,-71],[18,-28],[57,23],[174,-9],[58,-59],[10,-64],[51,-12],[92,-89]],[[33091,47665],[-35,-62],[69,-44],[74,-110],[-5,-46],[60,-39],[7,-65],[-11,-54],[28,-109]],[[33278,47136],[6,-82],[-32,-21],[23,-94],[-29,-14],[-32,-126],[-101,-12],[-52,-38],[-65,1],[-45,-77],[119,-184],[28,-70],[40,91],[26,-51],[97,-116],[94,-20],[-6,-74],[-45,-19],[-19,-122]],[[33285,46108],[-55,22],[19,31],[-84,8],[-81,56],[-68,13]],[[33016,46238],[-69,7],[-80,-24],[-85,31],[0,29],[-132,124],[-94,12],[-140,94],[-146,8],[-61,-28]],[[32209,46491],[-104,13],[-35,42]],[[27459,48325],[107,-50],[71,6],[35,-65],[-11,-24],[62,-31],[-27,-47],[-47,-12],[-38,24],[-58,-46],[12,-48],[37,9],[9,-93],[66,-35],[-11,-30],[43,-40],[-4,-40],[83,-71],[44,-91],[-18,-77],[69,-5],[32,-50],[34,-2],[5,-91],[74,39],[50,-23],[-61,-49],[66,-131],[-65,-75],[-47,-74],[36,-58],[-38,-62]],[[27969,46983],[-50,-15],[-34,-63],[-50,7],[-28,-58],[-29,-13],[-57,-73],[-54,51],[-56,28]],[[27611,46847],[-145,93],[-11,34],[-76,22],[-19,79],[-87,75],[-104,-39],[-28,48],[-53,46],[-59,-72],[-66,78],[40,26],[-39,46],[11,41],[-16,62],[75,-20],[12,51],[-122,201],[-115,67],[-43,133],[-55,-46],[-45,25],[22,44],[58,19],[4,50],[-85,64]],[[31230,46185],[43,31],[75,-50],[73,-82],[24,-44],[123,-32],[49,-33],[31,50],[-19,53],[45,98],[-24,57],[-3,83],[49,85],[-47,21],[21,65],[72,21],[6,70],[40,-13],[-16,-55],[55,-13],[46,-42],[-23,-34],[148,-77],[0,-44],[70,-54],[89,7],[9,170],[43,68]],[[33016,46238],[-32,-47],[13,-68],[-55,-64],[-74,-110],[17,-63],[-39,-62],[-85,-93],[-4,-54],[-70,9],[-16,-26],[6,-126],[-31,-17],[19,-76],[70,5],[26,-65],[-43,-41],[-69,-20],[3,-75],[-16,-28],[72,-65],[-24,-15]],[[32684,45137],[-65,0],[-21,-64],[-64,-62],[-37,39],[-47,-29],[-89,16],[33,-52],[-13,-40],[58,-62],[-109,-21],[-13,-57],[-80,-47],[-127,9],[-47,-13]],[[32063,44754],[16,74],[-68,15],[-4,28],[-80,17],[-11,-51],[-29,-17],[-49,58],[-37,1],[-47,82],[15,27],[-68,53],[-137,-15],[-62,50],[5,35],[-48,54],[-62,28],[38,105],[-31,119],[-72,137],[-14,125],[-44,69],[14,54],[-57,30],[-26,81],[29,25]],[[29608,46791],[-69,-12],[-13,56],[-56,6],[-33,-49],[-46,17],[-37,43],[-162,14],[-24,-52],[-51,-9],[13,150],[-109,3],[-9,58],[33,34],[-49,38],[-52,-26],[-24,43],[-51,15],[-51,-20]],[[28818,47100],[-26,53],[60,38],[41,-12],[11,60],[-82,158],[41,142],[74,4],[55,-25],[35,44],[51,-6],[154,75],[38,6],[24,-44],[50,32]],[[29344,47625],[84,-61],[102,-21],[62,-95],[124,-25],[64,20],[70,47],[38,-9],[74,16],[45,34],[63,19],[94,-1],[85,-57]],[[30795,47125],[-21,-55],[18,-51],[-48,-12],[29,-48],[-81,-86],[-28,25],[-57,-31],[-26,69],[-86,10],[-54,-118],[-7,-57],[-44,-48],[-24,-67],[-72,-78],[-54,-33]],[[31541,46929],[105,-76],[27,11],[67,-24],[58,-60],[173,-78],[30,-69],[69,-87]],[[33919,44537],[10,63],[26,9],[-50,102],[22,17],[44,108],[5,142],[-155,40],[-45,71],[-94,-24],[-14,24],[-115,84],[-57,66]],[[33496,45239],[32,62],[109,95],[-28,29],[12,92],[-31,64],[-83,15],[-105,6],[-25,33],[10,112],[70,58],[49,-29],[125,59],[27,64],[-51,70],[56,34],[2,28]],[[33665,46031],[63,3],[50,-16],[7,-48],[68,-90],[57,-14],[70,25],[49,-36],[82,-7],[44,-40],[41,2]],[[25569,47756],[34,0],[59,-58],[26,-54],[-4,-80],[36,-100],[-4,-48],[29,-77],[51,-49],[64,-84],[100,1],[74,-66],[78,-127],[-16,-137],[29,-53],[82,-94],[112,-52],[9,-53],[199,-150],[79,-49],[10,-87],[36,-76],[27,-147]],[[26679,46116],[-46,-14],[-15,-55],[-38,-22],[-49,14],[-33,-25],[-71,-8],[-41,-62],[-49,17],[-41,-39],[-54,-17],[-19,-28],[-67,-29],[-6,-54],[-41,-71],[-84,-29],[-33,-137],[-66,-44],[22,-34],[20,-83]],[[25968,45396],[-49,-12],[-40,72],[-116,46],[-54,48],[-68,26],[50,62],[11,71],[-39,55],[-42,5],[-104,-24],[-125,2],[-26,28],[30,121],[-6,44]],[[25390,45940],[25,-3],[99,49],[-40,38],[12,153],[192,47],[51,-46],[121,140],[-25,77],[-54,27],[-9,197],[32,46],[-7,34],[66,55],[-64,58],[-76,117],[-43,42],[-53,-9],[-19,39],[-82,15],[-27,91],[-64,46],[41,43],[-6,49],[-46,14],[-37,92],[-48,37],[20,40],[-16,37],[-98,65]],[[31212,43799],[-59,23],[-16,-94],[-46,22],[-3,42],[-61,14],[-101,-30],[-136,20],[-19,-56],[-142,86],[-57,-34],[-31,-74],[-32,-11],[-44,29],[-20,79],[-46,45],[-74,-23],[-33,-63],[-1,-55],[89,-31],[-36,-46]],[[30344,43642],[-72,-3],[-66,23],[-19,41],[7,59],[48,96],[66,2],[25,44],[57,17],[62,96],[-23,66],[20,69],[51,9],[25,42],[-35,71],[-56,29],[-12,81],[74,41],[-20,56]],[[30476,44481],[49,-52],[60,8],[72,-32],[65,30],[25,-60],[101,-40],[25,-78],[56,-12],[97,38],[56,-12],[-26,-61],[77,-30],[26,-26],[99,-9]],[[31258,44145],[35,-38],[-58,-61],[23,-105],[-5,-55],[-34,-9],[-7,-78]],[[31358,49138],[134,-14],[65,13],[82,-8],[127,6],[54,-78],[172,-46],[280,21],[51,-7],[49,-72],[133,-96],[-15,-43],[58,-69]],[[32548,48745],[-91,-85],[12,-28],[-91,-61],[14,-44],[-48,-45],[-65,-18],[21,-60],[2,-83],[-62,24],[-56,-21],[14,-41]],[[32193,48189],[-37,15],[-42,-25],[-122,-4],[-59,-50],[-45,-4],[-18,-61],[-65,-63],[-92,1],[-51,33]],[[30987,48127],[-39,79],[-60,23],[-90,89]],[[24939,47435],[-81,-77],[-96,-19],[86,-89],[14,-94],[-25,-40],[-80,-81],[-69,-20],[-14,-63],[30,-21],[-21,-48],[-2,-100],[-86,-66],[-79,-168],[-33,-14],[-94,-94]],[[24389,46441],[-28,60],[-18,85],[-51,22],[-48,-6],[-154,-62],[-50,-10],[-60,31],[-45,66],[-89,-34],[-40,-1]],[[23806,46592],[-3,31],[104,57],[19,42],[-26,41],[77,36],[-12,27],[-62,-28],[-40,50],[-58,10],[58,187],[86,34],[36,45],[-9,59],[-27,38],[34,57],[52,43],[6,39],[-33,87],[23,53],[-13,54],[17,91],[-4,157]],[[28026,44282],[57,-13],[40,84],[48,14],[24,46],[-37,15],[20,72],[-18,43],[-62,77],[-32,4],[17,98],[-16,10],[22,108],[-34,-10],[-10,85],[61,-10],[16,63],[122,63],[49,38],[43,61]],[[28336,45130],[70,-90],[60,-3],[12,-68],[-36,-54],[-36,-17],[44,-65],[64,-13],[110,-111],[55,-26],[82,-12],[38,-96],[38,-19],[97,59]],[[28934,44615],[75,-34],[10,-105],[42,-84],[-39,-184],[13,-97],[77,-20],[-5,-39],[-126,-11],[-185,-143]],[[23596,46620],[48,-2],[83,-31],[39,30],[40,-25]],[[24389,46441],[49,-50],[61,40],[32,-49],[-80,-47],[-10,-34],[46,-70],[74,-44],[148,-34],[-8,-45],[22,-35],[154,-57],[81,-7],[3,-34],[-51,-53],[89,-86],[112,-17],[63,32],[66,-52],[49,-4]],[[25289,45795],[54,-80],[-11,-70],[28,-49],[-91,-87],[-42,-12],[-56,-70],[-5,-80],[-52,39],[-42,-50],[-95,23],[-63,48],[-28,-10],[-77,53],[-21,-17],[-83,16],[-85,-38],[13,-62],[-90,-41],[-89,23],[-24,-34],[19,-39],[85,7],[11,-33],[-48,-73],[-35,-2],[-64,82],[-29,-5],[-74,-72],[9,-76],[-42,-8],[-77,51],[-24,-32]],[[24161,45097],[-30,-24],[-82,-2],[-55,-37],[-61,53],[-56,1],[-48,34],[-64,-40],[-86,37],[-80,16],[-41,29],[21,51],[-64,36],[22,70],[-64,-1],[-5,-74],[-76,20],[-12,47],[50,45],[-63,83],[-54,-19],[-53,23],[-30,-17],[-65,33]],[[31258,44145],[-19,41],[8,43],[64,8],[-27,56],[66,12],[-55,49],[29,46],[-22,70],[44,33],[57,-10],[41,-29],[41,54],[85,5],[61,62],[28,-34],[108,10],[36,-64],[40,-38],[37,64],[29,-4],[56,55],[42,-78],[67,19]],[[32074,44515],[-17,-52],[53,-87],[63,69],[29,-32],[103,7]],[[32305,44420],[-20,-54],[-57,-44],[-28,-59],[129,-60],[8,-32],[-40,-124],[-31,-52],[-49,-33],[-105,31],[-107,-30],[-50,-34],[69,-50],[26,-89],[-59,-7]],[[31991,43783],[-46,-77],[-53,-15],[-149,25],[-102,-32],[-19,-58],[-113,31],[14,43],[1,120],[-128,-32],[-101,45],[-61,-5],[-22,-29]],[[30696,45600],[-19,-73],[-42,-12],[-77,15],[-35,-38],[20,-50],[69,-18],[-22,-62],[-79,16],[-27,-35],[-81,-20],[-11,-65],[-71,-73],[-86,12],[-24,-45],[-62,12],[6,-109],[33,-93],[-28,-91],[-31,3],[-28,-54]],[[30101,44820],[-69,4],[-29,-64],[-106,12],[13,47],[-85,41],[26,64],[-41,47],[-69,11],[-15,-29],[-78,11],[-82,-66],[-28,15],[-150,16],[5,39],[-46,16],[-110,-36],[5,-98],[-14,-56],[-85,12],[26,-70],[-89,-33],[-39,-40],[-61,62],[6,58],[-63,8],[27,-98],[-28,-22],[12,-56]],[[28336,45130],[39,34],[-51,51],[9,57],[80,-8],[2,36],[84,34],[76,96],[86,-14],[49,58],[132,42],[-28,66],[26,45],[-46,31],[-56,0],[40,56],[47,17],[-21,86],[-27,44],[66,54],[43,-4],[43,29],[16,62]],[[28945,46002],[74,-78],[-12,-41],[79,-26],[7,-97],[64,-27],[19,68],[94,-61],[-8,-35],[44,-63],[160,47],[51,81],[30,-35],[73,-33],[23,53],[46,10],[76,-35],[82,5],[33,-15]],[[25968,45396],[75,19],[64,-88],[46,-13],[59,26]],[[26212,45340],[5,-69],[-45,-57],[-65,-6],[-84,-89],[-1,-44],[31,-45],[62,-16],[91,-106],[-57,-19],[-36,-36],[28,-114],[-88,-60],[31,-30],[-29,-62],[-53,15],[-42,-66],[-40,-12],[-18,-65],[39,-46],[-25,-47],[25,-40],[-65,-12]],[[25876,44314],[-126,70],[-42,43],[-62,-3],[-59,89],[-42,0],[-45,-28],[-53,59],[9,46],[-52,30],[-132,4],[-44,-44],[-58,-20],[-50,49],[-34,3],[-91,-56],[-49,-47],[-20,-75],[-30,22],[10,50],[-64,47],[-44,-47],[-72,-12],[14,-68],[-42,-7],[-10,-61],[-58,-4],[-24,32],[-52,-17],[-87,7],[-10,-21],[-92,26],[-55,29],[-86,-4],[-82,41]],[[24142,44447],[46,55],[-77,136],[8,43],[-36,61],[73,2],[-37,52],[16,45],[-25,65],[56,59],[-53,14],[-9,71],[38,-4],[19,51]],[[25289,45795],[38,80],[2,78],[61,-13]],[[29344,47625],[-106,51],[-81,83],[24,85],[-153,15],[-7,100],[-58,33],[-51,7],[-48,-25],[-41,44],[-6,49],[-48,-8],[-64,29]],[[32063,44754],[-6,-48],[28,-43],[12,-103],[-23,-45]],[[30476,44481],[-9,17],[-87,21],[-72,65],[-77,21],[-73,-17],[-27,42],[-34,4],[-72,101],[35,18],[41,67]],[[28818,47100],[-5,-70],[37,-7],[-16,-52],[-49,-35],[16,-31],[-35,-44],[-44,14],[-60,-17],[-56,73],[-25,-22],[-73,7],[-71,54],[-57,-97],[-28,-5]],[[28352,46868],[-57,-11],[-75,72],[-63,18],[-73,49],[-63,15],[-52,-28]],[[23918,43969],[-17,45],[49,87],[53,55],[37,8],[-19,69],[78,81],[-14,46],[57,87]],[[25876,44314],[-7,-56],[-111,34],[-19,-70],[22,-38],[-51,-117],[-28,-34]],[[33873,48601],[-56,21],[-17,30],[-68,-27],[2,-90],[-63,-8],[38,-80],[-64,-40],[18,-22],[-10,-160],[-59,-28],[-39,-46],[16,-68],[-44,-67],[23,-85],[-45,-5],[-18,-89],[-100,24],[-4,-41],[-124,21],[8,-59],[-33,-9],[-85,16],[-24,-23],[-9,-78],[-25,-23]],[[32548,48745],[97,-9],[32,17],[70,120],[38,25],[7,42],[-47,56],[39,35],[-28,53],[487,-24],[463,-235],[70,-56]],[[29998,42754],[-52,61],[116,121],[14,50],[53,-34],[91,113],[31,-12],[34,71],[49,8],[91,130],[-21,66],[66,62],[-50,80],[1,44],[-77,128]],[[31991,43783],[79,-31],[13,-42],[98,-25],[12,-30],[89,-2],[-3,-122],[-82,-26],[15,-27],[-11,-123],[-131,15],[-11,-72],[23,-53],[-15,-27],[15,-62],[-32,-22],[22,-105]],[[32072,43029],[-113,-42],[-39,-3],[-99,-154],[-51,10],[-53,-21],[-144,19],[-31,28],[-156,-79],[-59,-6],[-143,-80],[-69,8],[-29,55],[-66,45],[-24,-36],[-52,-17],[18,-158],[-40,-13],[27,-97],[-54,-51]],[[34196,46877],[-57,51],[-44,17],[-50,81],[-39,30],[-19,114],[-76,19],[-40,27],[-37,101],[-33,33],[-83,-11],[-51,9],[-12,-54],[-32,-39],[-163,-50],[-71,33],[-40,-47],[-21,-53],[-50,-2]],[[33665,46031],[-45,92],[-105,78],[-56,-12],[-122,-74],[-52,-7]],[[27611,46847],[9,-116],[-42,-30],[33,-77],[68,-69],[14,-87],[-82,-70],[-2,-75],[-101,-15],[-19,31],[15,56],[-25,30],[-80,-16],[-119,50],[-31,-53],[31,-49],[55,-29],[35,-57],[-74,-105],[-59,-49],[-15,-34],[-56,-13],[-35,-29],[-97,-44],[-93,-81],[-27,-49]],[[26914,45867],[-35,51],[-98,21],[-22,61],[14,48],[-18,63],[-76,5]],[[27659,44500],[-45,46],[11,30],[59,38],[11,71],[-41,25],[-105,-58],[-50,29],[6,114],[-30,44],[-74,-25],[-70,-7],[-23,16],[-24,93],[-26,18],[-85,-75],[-63,-28],[-102,-8],[-141,50],[-118,14],[-85,44],[-9,20],[51,90],[-7,25],[-114,-15],[-110,69],[-17,39],[37,26],[116,4],[46,64],[-61,39],[-48,-2],[-106,49],[-146,29],[-84,-28]],[[26914,45867],[1,-39],[68,-43],[114,-32],[108,-96],[32,-5],[108,36],[28,20],[62,0],[47,27],[129,4],[89,-47],[53,-76],[13,-44],[99,-57],[-3,-42],[106,-23],[4,-25],[76,1],[29,-21],[5,-90],[32,-64],[86,-35],[50,-7],[86,-79]],[[33496,45239],[-122,44],[-35,39],[-56,-27],[-100,-2],[-75,-36],[-96,-1],[-59,-62],[-45,29],[-124,-30],[-50,-91],[-50,35]],[[28352,46868],[45,-52],[44,-107],[-20,-73],[56,-31],[24,-36],[-29,-64],[5,-63],[25,-43],[-14,-55],[51,-26],[-38,-65],[-65,-15],[-12,-83],[-23,-57],[107,-18],[61,7],[2,-48],[87,28],[27,23],[71,-25],[48,1],[51,45],[74,-11],[16,-98]],[[20162,51774],[-40,-9],[-82,38],[-59,-26],[-94,31],[-179,4]],[[19708,51812],[-31,24],[17,83]],[[19694,51919],[20,12],[-25,73],[-55,-18]],[[19634,51986],[-11,42],[-121,115],[-59,42]],[[19443,52185],[28,98]],[[20050,54183],[82,-29],[58,17],[101,-11],[142,-115],[65,96],[102,-25],[112,78],[60,74]],[[19736,51536],[-89,93],[-6,51]],[[19641,51680],[30,51],[61,20],[-24,61]],[[22829,47376],[32,92],[104,-7],[20,36],[-72,95],[-16,45],[-60,-9],[-32,93],[-42,23]],[[21621,47547],[-11,97],[104,64],[18,65],[-61,4],[-91,31],[-111,23],[-52,-4],[-5,-64],[-56,-61],[-56,33],[-40,-1],[4,-73],[-35,-20],[-30,76],[-47,5],[-26,-30],[-37,35],[-45,-30],[-70,34],[-42,-58],[-40,38],[-143,54],[-35,-15],[-51,38],[-89,-36],[-28,-47],[10,-51],[-95,-18],[-15,-33],[-86,-31],[-35,-29],[-78,-6],[-16,-18],[-95,-6],[-15,55],[-34,7],[-37,-143],[27,-49],[-28,-31],[-69,-17]],[[25046,12029],[-4,-13]],[[25020,11916],[-77,-397],[-8,-100],[6,-73],[23,-79],[73,-162],[18,-65]],[[25055,11040],[-17,-84],[-44,-24],[-56,-1],[4,-49],[-86,-22],[-95,-86],[-51,-14],[-19,-40],[11,-78],[-65,11],[-43,-88],[-90,-38],[-69,-46]],[[23037,11246],[63,-6],[35,126],[19,22],[69,14],[40,-30],[52,18],[36,57],[72,-10],[51,28],[-16,53],[46,12],[53,-63],[50,-24],[29,22],[67,-26],[56,113],[102,37],[68,-5],[16,-32],[69,37],[16,25],[99,44],[134,-35],[-20,80],[1,55],[52,41],[12,67],[-50,1],[-5,36]],[[24253,11903],[6,60],[89,-2],[-72,113],[10,37],[44,-4],[84,-31],[26,5],[88,-46],[41,7],[70,-45],[36,-52],[83,15],[31,-9],[-13,23],[27,73],[-13,91],[39,14]],[[23798,8013],[-7,-98],[23,-61],[38,-31],[27,-56],[-56,-35],[-115,-139],[-72,-76],[-5,-33],[-55,-62],[-26,-105]],[[23706,14873],[43,-3],[46,-55],[78,4],[16,-45],[0,-80],[-30,-22],[-93,10],[-72,-90],[24,-61],[-21,-95],[22,-27],[-20,-51],[29,-65],[26,-20]],[[23001,13903],[-26,31],[-67,-16],[-48,36],[-45,75],[14,48],[42,-44],[39,17],[50,53],[25,126],[25,28],[95,0],[-32,115],[10,90],[30,37],[31,87],[-35,-3],[-46,-40],[-92,-40],[-49,-41],[-83,-27],[-17,-31],[-87,-50],[-43,8],[-6,-81],[-66,-104],[-43,-50],[-45,-9],[-10,37],[-47,21],[17,81],[-61,23]],[[26111,15122],[-26,-164],[-54,-238]],[[26031,14720],[-39,28],[-53,-41],[-41,41],[22,52],[-37,52]],[[25883,14852],[-16,-5]],[[25139,9632],[-2,-162],[7,-290],[16,-273],[6,-184],[16,-167],[25,-154],[-29,-53],[-64,-18],[-138,-7]],[[24253,11903],[-73,49],[-20,-19],[-60,45],[3,38],[-75,3],[-22,-24],[-53,13],[-43,37],[-32,-5],[-63,36],[38,55],[46,-10],[28,70],[-64,11],[58,77],[-95,24],[-62,55],[-90,-20],[-78,7],[-41,69],[-89,12],[-69,45],[-58,60],[-46,8]],[[24693,13236],[54,-60],[33,-8],[71,46],[74,-27],[66,37],[100,-76],[28,-70],[56,-46],[28,-45],[40,-25],[56,39],[63,-35],[115,56]],[[25477,13022],[-265,-453]],[[25161,12456],[-47,-144]],[[24913,13674],[40,39],[70,39],[55,-5],[-20,51],[-2,68],[74,36],[47,-12],[62,34],[60,4],[-20,127],[67,24],[-71,103],[-82,35],[63,77],[49,-24],[51,6],[26,58],[56,-11],[84,31],[47,36],[25,64],[-19,45],[36,77],[64,73],[46,96],[92,36],[32,1],[38,70]],[[26031,14720],[-15,-91],[-23,-199],[-1,-100],[15,-62],[-115,-352],[-4,-41],[-71,-207],[-26,-158],[-85,-137],[-100,-130],[-84,-128],[-45,-93]],[[20271,3279],[-67,-51],[-1,-61],[-21,-43],[-219,38],[-194,64],[-115,14],[-16,39],[-45,35],[-85,38],[-33,55],[-84,51],[-27,46],[-160,125]],[[21990,5537],[-96,-91],[-89,-74],[-189,-142],[-42,-58],[-62,-159],[-15,-227],[39,-28],[8,55],[31,-4],[-6,-83],[-71,-48],[-18,-58],[-34,-41],[-19,-88],[0,-102],[21,-57],[-34,-146],[17,-69],[-125,-160],[-35,-109],[25,-24],[-116,-47],[-78,-41]],[[20509,5136],[-20,72],[13,53],[47,-31],[21,37],[-14,46],[-53,2],[-8,72],[38,29],[-8,64],[79,13],[-10,65],[-111,-8],[-23,11],[29,124],[30,27],[3,42],[47,17],[19,36],[10,136]],[[32768,42696],[-41,-22],[-49,7],[-48,-17],[-67,-121],[-23,27],[-90,-10],[-40,14],[-89,-39],[-66,39],[-52,65],[-64,22],[-27,28],[21,74],[63,34],[-23,35],[-50,-8],[-36,118],[-15,87]],[[32305,44420],[45,51],[102,-20],[78,-40],[50,-75],[71,-27],[87,57],[71,-2],[91,-104],[104,-87],[69,-36],[-14,-31],[42,-72],[-37,-65],[23,-16]],[[23059,43577],[-30,70],[40,66],[-41,27],[31,68],[28,-27],[43,73],[50,-35],[32,55],[44,1],[-40,78],[-78,62],[-22,-24],[-62,24],[0,-41],[-36,-30],[32,-63],[-64,-136],[-18,-3],[-53,89],[-66,75],[25,42],[49,-6],[46,61],[4,43],[78,73],[55,2],[32,24],[69,6],[-32,-59],[-48,16],[-28,-44],[90,-30],[31,50],[46,-3],[-27,82],[18,36],[-20,35],[-41,3],[-19,-33],[-67,54],[55,44],[22,46],[-25,53],[41,74],[-38,43],[-111,-2],[5,-90],[-80,-5],[41,-114],[-38,-69],[-29,44],[-86,62],[-60,-28],[-74,40],[-2,-66],[84,-73],[52,29],[1,-56],[-93,-7],[-12,-45],[60,-98],[-109,-22],[-34,18],[-27,54],[-76,24],[29,39],[69,55],[-102,40],[-36,-17],[7,-46],[-88,-1],[-40,-93],[-17,-73],[-78,4],[-23,-108],[-47,-9],[-30,41],[-63,-53],[-26,24],[-36,-48],[60,-34],[80,60],[52,-14],[17,-42],[85,-30],[-37,-96]],[[22353,43713],[-53,-69],[-57,-31],[-41,-54],[-82,-55]],[[22353,43713],[30,-22],[67,-121],[2,-139],[50,-15],[41,-60]],[[22032,13897],[4,-87],[21,-46],[-13,-99],[14,-123],[64,-59],[9,-48],[-40,-78],[50,-29],[65,6],[7,41],[49,2],[117,-46],[48,-67],[44,-14],[9,-32],[-35,-35],[30,-68],[-17,-74],[73,7],[25,-19]],[[19320,10838],[-42,52],[-7,53],[-32,0],[-7,67],[-86,-56],[1,40],[-45,5],[-70,-79],[-90,40],[-31,-15]],[[18911,10945],[38,52],[-7,55],[19,50],[56,-16],[-41,133],[47,47],[-9,72],[-74,48],[-70,28],[-109,-14],[-93,29]],[[18366,10616],[14,44],[44,-31],[75,39],[-4,53],[50,-15],[21,34],[94,-12],[42,46],[-24,65],[11,26],[81,46],[31,-38],[110,72]],[[17799,42697],[4,-45],[73,-236],[33,-30],[80,25],[-21,-171],[35,-51],[-2,-129],[28,-34],[61,-18],[4,-66],[33,-16],[20,-50],[67,-53],[85,59],[65,-73],[41,14],[69,81],[94,-37],[97,13]],[[17315,41346],[-20,38],[-4,86],[-21,37],[25,62],[-44,48],[-36,-83],[-58,-36],[26,-88],[-67,-91],[-6,-64],[22,-22],[13,-89],[-16,-30],[11,-56],[-197,-50],[-36,-56],[-79,-48],[-64,-11],[0,-66],[43,-55],[-10,-98],[-209,-114],[-55,23],[-109,-55],[-49,-39],[-40,5],[-5,58],[-67,49],[-56,5],[-9,-64],[64,-30],[-12,-89],[-19,-24],[-56,6],[23,-74],[-30,-65]],[[19802,46447],[-30,35],[-25,79],[-80,60],[-104,-26],[-76,242],[65,58],[22,-12],[87,60],[108,43],[64,94],[-74,7],[1,44],[37,14],[-47,71],[-1,49]],[[17855,47164],[206,-139],[30,-8],[89,17],[27,-21],[37,-97],[65,-3],[64,-71],[61,-2],[52,51],[122,83],[92,29],[138,-125],[5,-21],[-74,-43],[31,-47],[63,-2],[-1,-61],[-143,-102],[-19,-52],[-97,-61],[-155,-152],[-81,-41],[-117,-42],[-63,-85],[-8,-75],[12,-84],[-36,-54],[44,-39],[105,46],[42,-10],[173,-107],[149,-189]],[[23947,26969],[164,18],[156,4]],[[24267,26991],[112,-16],[83,-27],[69,-39],[-13,-28],[-108,-11],[-75,32],[-37,-86],[-186,-139],[-36,14],[-102,-9],[-69,-27],[8,-161],[72,-23],[41,74],[102,-85],[98,-51],[61,-73],[93,17],[56,-118],[6,-92]],[[24442,26143],[-32,-103],[-58,-108],[12,-59],[119,-126]],[[24483,25747],[-63,-25],[27,-230]],[[24447,25492],[-26,-57],[-57,13],[-51,35],[-100,0],[-31,-28]],[[24182,25455],[-22,-8],[-83,42],[-87,26],[-23,63],[-41,4],[-29,50],[-38,-40],[-67,5],[-32,66],[10,38],[-19,40],[-98,-109],[-29,34],[8,65],[-29,21],[-31,91],[-59,26],[-47,80],[-50,24],[-58,-32],[-21,25],[-57,163],[-115,8],[-7,15],[-110,19]],[[23048,26171],[99,157],[160,-85],[128,85],[96,-7],[19,127],[103,77],[200,56],[5,198],[102,119],[-13,71]],[[27426,24758],[-55,107],[-10,79],[-20,271],[-133,-68],[-52,-90],[-194,-136],[-154,203],[-246,-135],[10,192],[-133,11],[-113,147],[82,0],[72,135],[-113,56],[-61,-90],[-82,23],[61,124],[-338,101]],[[25947,25688],[-31,135],[72,34],[61,45],[-93,189],[55,66],[-6,66],[40,76],[24,116],[-23,58],[9,82],[78,21],[38,66]],[[26171,26642],[31,29],[7,46],[100,108],[87,-55],[45,19],[51,131],[43,40],[67,-83],[74,-3],[70,-48],[48,73],[145,97],[-161,139],[-161,114],[-73,12],[-57,82],[-17,55],[6,155],[-31,27],[15,110],[-52,31],[-79,-5],[-51,36],[-10,129],[10,36],[48,57],[-21,57],[-9,17]],[[22337,25127],[-64,-4],[-12,-83],[-65,-20],[-17,-25],[-79,11],[2,122],[-39,36],[-133,-2],[69,119],[0,63]],[[21999,25344],[25,37],[76,43],[43,-9],[40,44],[44,-13],[56,43],[32,-9],[-1,-101],[84,-3],[-28,-43],[-32,4],[-13,-147],[12,-63]],[[25245,28607],[-67,4],[-18,85],[-55,-8],[-7,-90],[38,-49],[1,-48],[-32,-24],[-47,-86],[-9,-41]],[[25049,28350],[-69,-54],[-60,-26],[-76,4],[-69,-13],[-59,100],[-64,29],[-121,93],[-73,33],[-35,-7],[-68,75],[-82,66],[-80,41],[-51,3],[-59,-90],[-90,-24]],[[23993,28580],[-84,34],[-78,84],[-115,8],[-77,97],[-94,87],[-11,55],[-31,35],[-30,77],[-93,75],[-95,36],[-81,0]],[[23204,29168],[-45,76],[-82,-50],[0,163],[37,49],[65,54],[12,131]],[[23191,29591],[149,-114],[410,-339],[74,28],[31,196],[110,-139],[56,118],[73,-47],[74,31],[-184,165],[55,7],[298,-81],[117,37],[-31,156],[13,77],[80,-81],[104,61],[135,-169],[122,-42],[115,0],[-19,-71],[69,-28],[64,40],[141,2],[41,-37]],[[23947,26969],[-98,108],[-62,-77],[-143,23],[-21,112],[-98,9],[78,86],[-29,72],[-123,-31],[-8,121],[-70,77],[-46,95]],[[23327,27564],[-71,54],[12,135],[-55,81],[6,142],[-59,-50]],[[23160,27926],[134,282],[102,-79],[144,79]],[[23540,28208],[128,-45],[69,-216],[65,17],[-46,-135],[46,-119],[50,-29],[81,67],[92,-29],[123,-102],[211,-55],[194,76]],[[24553,27638],[13,-39],[-11,-79],[13,-57],[-28,-95],[0,-55],[21,-62]],[[24561,27251],[-142,-102],[-87,-9],[17,-99],[-82,-50]],[[21040,28629],[52,78],[58,16],[73,-5],[39,91],[47,41],[131,55],[60,51],[96,43],[67,10],[59,-29],[28,-51],[7,-60],[48,3],[58,30],[84,65],[77,8],[82,-70],[120,13],[75,-53]],[[22301,28865],[-25,-67],[51,-92],[11,-123],[37,-92],[-16,-52],[52,-60],[87,-3],[36,-22],[2,-87],[35,-112]],[[22571,28155],[43,-43],[-45,-60],[-100,-38],[-38,-88],[-46,1],[-31,-25],[-73,-158],[40,-30]],[[22321,27714],[-168,-87],[-20,51],[-88,80],[-58,-42],[-265,-25],[-146,126],[-81,-76],[-115,34],[-61,59],[-69,-63],[-12,-114],[-92,0],[-11,101],[-194,68],[-287,-79],[-73,197]],[[22359,27067],[34,-135],[-84,-25],[84,-144],[-92,-93],[8,-372],[54,-9],[-8,-76],[-69,-17],[-17,-283]],[[22269,25913],[-12,-27],[-88,22],[-56,29]],[[22113,25937],[-258,73],[-15,-143],[-162,42],[-99,203],[-70,8],[-38,76],[-62,-17],[-61,9],[-46,262],[-54,-76],[-261,-34],[0,102],[-123,50],[-46,-118],[-146,152],[92,9],[15,59],[77,84],[8,110],[187,114]],[[21051,26902],[109,-2],[40,-40],[40,0],[81,-41],[134,-7],[78,90],[-13,131],[11,47],[37,59],[41,10],[23,-73],[-11,-22],[94,-75],[46,4],[94,122],[71,-66],[62,-113],[56,19],[28,60],[30,20],[31,-80],[34,-9],[56,25],[-18,43],[32,33],[66,30],[56,0]],[[22337,25127],[42,-53],[41,20],[14,56],[92,10],[69,-23],[93,45],[63,-43]],[[22751,25139],[59,-70],[-50,-35],[48,-35],[-48,-34],[52,-91],[76,-23],[44,-29],[-28,-65],[-96,24],[54,-110],[-23,-27],[25,-48],[95,-38],[23,-90],[-9,-83],[-16,-22]],[[22957,24363],[-40,-25],[23,-34],[-71,-65],[-17,-40],[-66,10],[-9,-27],[-80,5],[-23,-14],[-12,-70],[105,-55],[-48,-91],[50,-40],[58,62],[14,-30],[-14,-57],[33,-42],[8,-112]],[[22868,23738],[-177,-72],[-67,50],[-20,68],[-46,-56],[-118,-6],[-62,85],[-148,0],[-108,-68],[-185,11]],[[21937,23750],[-2,59],[-96,169],[-58,163],[-83,14],[-109,-71],[-38,212],[-135,-50],[-121,-21],[-137,-15]],[[21158,24210],[-52,72],[-83,36],[-38,92],[44,29],[27,54],[75,13],[4,56],[37,30],[39,79],[32,11],[28,44],[-66,224],[-45,35],[-19,127],[122,239]],[[21263,25351],[18,27],[23,118],[31,-57],[54,-34],[52,13],[24,-37],[46,-22],[101,55],[10,-110],[95,-50],[23,39],[33,-5],[38,76],[-20,62],[75,27]],[[21866,25453],[133,-109]],[[23777,22769],[-61,29],[-157,97],[-106,89],[-111,69],[-78,10],[-105,56],[-42,78],[-84,-18],[-63,11],[-86,-71],[-83,39],[-180,9],[-49,-25],[-53,18],[9,37],[58,-20],[77,50],[35,43],[-95,159],[93,1],[-12,49],[62,72],[36,16],[12,90],[33,1],[41,80]],[[22957,24363],[148,35],[109,113],[90,127],[-52,70],[32,219],[71,-64],[122,-7],[64,-70],[6,120],[96,28],[45,-42],[96,21],[19,77],[51,64],[0,42],[250,-14],[138,32]],[[24242,25114],[33,-127],[153,-203],[169,-304],[93,-287],[46,-220],[15,-169],[32,-263]],[[21722,21919],[-136,37],[-31,59],[0,68],[77,59],[31,118],[-46,9],[-31,84],[54,110],[-38,34],[-62,85],[46,34],[85,-26],[92,76],[77,93],[-85,76],[-100,-25],[-7,118],[-146,9],[-54,160],[-57,198]],[[21391,23295],[115,78],[-26,77],[64,141],[45,-85],[13,99],[122,-21],[166,-85],[52,85],[-5,166]],[[23241,30306],[-55,-46],[56,-84],[-66,-68],[-67,39],[-195,-236],[123,-62],[16,-152]],[[23053,29697],[-157,-158],[-38,70],[-243,127],[-282,-155],[-333,-225],[-154,169],[-141,98],[-120,163]],[[23191,29591],[-138,106]],[[23204,29168],[-42,-29],[-49,-61],[-73,12],[-57,35],[-53,6],[-144,-98],[-37,-8],[-78,35],[-40,4],[-53,-31],[-56,-79],[-28,-7],[-69,24],[-62,-32],[-62,-74]],[[22321,27714],[21,-63],[-33,-95],[-1,-54],[30,-70],[-20,-84],[-42,-42],[74,-57],[26,-74]],[[22376,27175],[-1,-99],[-16,-9]],[[21051,26902],[-34,13],[-33,63],[-54,32],[18,80],[-87,-2],[-22,33],[-55,-26],[-71,22],[-52,-35],[-60,84],[-43,81],[-74,4],[-47,50],[-85,4],[-56,-24]],[[23993,28580],[-74,-136],[-123,0],[-174,-33],[-82,-203]],[[23160,27926],[-92,124],[-328,79],[-169,26]],[[26199,28041],[-81,-18],[-81,-1],[-86,-84],[-5,-295],[-17,-90],[-96,-98],[-59,58],[12,59],[-45,0],[-6,-59],[-79,-9],[-70,74],[-62,0],[-80,-39],[-72,-3],[-112,35],[-70,-18],[4,-62],[62,-58],[55,-33],[-4,-58],[-48,-17],[-73,2],[-11,-44],[-52,-91],[3,-94],[-32,-37],[1,-68],[21,-25]],[[25116,26968],[-59,-2],[-173,148],[0,72],[-38,17],[-31,68],[-235,-48]],[[24580,27223],[-19,28]],[[24553,27638],[35,52],[2,55],[88,16],[47,-10],[71,59],[30,92],[92,106],[77,-34],[96,182],[15,101],[-57,93]],[[23327,27564],[14,-195],[-56,-85],[-56,-61],[-49,17],[-71,-16],[-25,-27],[-105,22],[-50,23],[-99,16],[-46,-86],[-59,-23],[-7,33],[-64,-4],[-102,47],[-104,-3],[-53,-59],[-19,12]],[[22113,25937],[-35,-15],[-22,-74],[-71,-10],[-11,-77],[-47,-23],[33,-46],[-29,-108],[-28,-34],[12,-48],[-49,-49]],[[21263,25351],[-70,37],[-51,59],[-66,-39],[21,82],[-24,39],[-55,9],[4,32],[-37,52],[-105,16],[2,46],[-41,102],[-60,6],[-26,-47],[-77,5],[-59,-12],[46,-50],[-26,-49],[-2,-52],[-116,-74],[-38,-46]],[[23048,26171],[-31,-3],[-16,-125],[-69,-22],[-33,-85],[-79,-73],[-68,11],[-50,-33]],[[22702,25841],[-36,42],[-85,27],[-25,-45],[-79,-18],[-36,75],[-59,-32],[-113,23]],[[25575,24197],[-6,65],[23,41],[-89,94],[-45,29],[-64,123],[-35,32],[-72,-5],[-25,59],[-37,21],[-35,48],[10,53],[42,22],[-5,82],[-38,35],[-116,20],[-71,103]],[[25012,25019],[57,40],[46,-18],[68,11],[15,61],[37,30],[75,8],[9,37],[74,32],[36,-9],[7,-63],[22,-26],[117,-38],[57,48],[48,-18],[38,51],[86,31],[19,144],[83,145],[41,113],[0,90]],[[24483,25747],[50,20],[143,-23],[113,147],[246,45],[256,101],[20,181],[113,169],[21,214],[54,293]],[[25499,26894],[196,-80],[46,21],[166,-156],[264,-37]],[[25012,25019],[-21,78],[-32,61],[40,22],[-52,48],[-9,54],[-65,1],[-53,51],[-106,45],[0,78],[-54,-31],[-76,23],[-75,1],[-62,42]],[[24442,26143],[123,5],[78,99],[58,99],[28,181],[-65,18],[16,49],[119,140],[-160,122],[-15,130],[23,76],[-67,161]],[[25116,26968],[-55,-57],[19,-67],[289,-34],[30,76],[50,-21],[50,29]],[[24242,25114],[-29,110],[-31,231]],[[22751,25139],[6,66],[35,70],[-3,39],[-65,50],[-41,55],[4,85],[-55,127],[23,84],[47,126]],[[21158,24210],[-31,-43],[-86,-50],[-115,9],[-90,46],[-131,49],[-11,143],[-85,-47]],[[20609,24317],[-11,-6],[-139,27],[-78,-76],[-33,-194],[-111,-59],[-127,113],[-104,-24]],[[20279,22698],[68,-2]],[[20347,22696],[286,-38],[154,-169],[177,-161],[92,-177],[31,-85],[115,8],[77,-76],[46,-67],[100,-9],[77,-84],[87,-138]],[[20347,22696],[83,64],[13,77],[77,113],[51,-106],[25,10]],[[20596,22854],[77,32],[71,-28],[115,64],[115,42],[32,35],[103,56],[70,141],[-44,99],[57,35],[77,-7],[122,-28]],[[20596,22854],[-7,101],[26,41],[16,142],[-30,41],[-1,64],[60,4],[22,34],[-17,61],[52,14],[-20,53],[-50,66],[-12,63],[-41,106],[-41,33],[-67,4],[-32,44],[21,49],[109,-36],[27,25],[-21,66],[-13,146],[23,78],[-9,60],[47,94],[-10,24],[23,75],[-42,11]],[[59314,47718],[-70,12],[-85,-66],[-18,-71],[-55,-69],[-90,14],[-55,35],[-68,-59],[-43,-107]],[[57463,49676],[-22,33],[50,97],[43,152]],[[57534,49958],[3,1],[29,15],[-16,79],[-59,126],[48,20],[6,42],[-33,71],[27,45],[81,83]],[[55548,50254],[-70,-48],[-31,-62],[-21,-95],[62,-5],[36,-32],[-93,-117],[-98,-42]],[[55098,47436],[25,20]],[[53589,47758],[65,-15],[37,28],[162,27],[178,40],[174,17],[92,-8]],[[53608,45046],[-93,94],[-38,75],[-53,69],[-198,-23],[-50,2],[-48,91],[-57,42],[-44,-3],[-18,36],[14,62],[-19,-9],[-20,-20],[-37,27],[12,59],[-14,3],[2,100],[-35,24],[7,49],[-48,-6]],[[46672,44340],[24,93],[-19,52],[28,21],[38,166],[-25,109],[-51,77],[10,26],[-44,80],[14,104],[-36,90],[39,87],[-1,32],[50,48]],[[53582,42196],[73,-30],[77,-10],[31,71],[-71,41],[-7,86],[9,64],[45,94]],[[53897,42476],[21,-148],[-23,-55],[19,-47],[-38,-35],[-17,-119],[26,-37],[136,27],[7,70],[64,47],[44,-7],[51,30],[91,-20],[18,14]],[[54317,41015],[-101,34],[-33,34],[-35,-27],[15,-87],[-30,-28]],[[54133,40941],[-45,4],[-21,-31],[-64,-5],[23,55],[-9,34],[-63,-15],[-34,-29],[-104,18],[-40,55],[-35,0],[-13,-67],[-54,-23],[-85,120],[-74,-26],[-47,24],[-81,11],[-4,4]],[[55625,41911],[69,3],[-25,74],[7,68]],[[56019,42333],[123,-9],[57,-60],[45,-10],[16,-35],[62,-30],[-2,-34],[81,-22],[-10,-52],[19,-43],[81,-65]],[[56491,41973],[-9,-56],[24,-38],[-20,-71],[-72,-35],[38,-41],[-61,-91],[-62,-22],[3,-116],[-38,-85],[-34,-34],[-31,-138],[-35,-24],[-18,-72],[3,-76]],[[57140,43566],[62,-26],[25,-88],[-5,-117],[-34,-92],[-48,-42],[-11,-59],[30,-74],[-25,-10],[-30,-99],[-62,-33],[-44,-75],[-10,-95],[-20,-69],[14,-58],[-30,-32],[-23,-78],[-88,18],[-30,-7],[12,-65],[-16,-89],[-67,-122],[-60,-42],[-47,-13],[-94,-218],[-48,-8]],[[18915,52250],[30,-45],[85,-38],[70,-63],[48,4],[32,-48],[129,-96],[105,-19]],[[19414,51945],[-56,-28],[27,-28]],[[19385,51889],[-183,46],[-254,24],[-23,10]],[[19196,51534],[12,16],[-87,77],[16,45],[65,89]],[[19202,51761],[106,73],[33,-41],[30,24]],[[19371,51817],[50,28],[84,-21],[27,-57]],[[19532,51767],[-125,-72],[-12,-70]],[[19395,51625],[-26,-38],[-13,-76],[-102,-36]],[[19641,51680],[-82,61],[-16,29]],[[19543,51770],[9,66],[-29,49]],[[19523,51885],[104,33],[67,1]],[[18898,51884],[49,-11],[65,-78],[79,-25],[33,-29],[38,40],[40,-20]],[[19385,51889],[-14,-72]],[[19395,51625],[36,18],[56,-14],[80,-163]],[[19443,52185],[-50,-6],[-2,-128],[83,-28],[-60,-78]],[[19634,51986],[-58,-6],[-40,-60],[-39,-8]],[[19497,51912],[-10,78],[27,82],[-32,15],[-19,84],[-20,14]],[[19532,51767],[11,3]],[[19497,51912],[26,-27]],[[45092,47534],[37,-38],[95,30],[36,-31],[94,28],[45,-9],[133,85],[47,-8],[84,40],[27,-58],[128,-18],[22,-66],[88,-3],[60,33],[83,-41],[151,-44],[36,-26],[-24,-58],[-61,-52],[95,-17],[24,49],[73,-5],[42,-31],[78,27],[-6,-45],[44,-40],[65,37],[107,-27]],[[44318,48299],[104,-27],[57,-45],[94,-22],[18,-160],[-17,-71],[3,-110]],[[56277,49791],[-26,-27],[17,-46],[45,-41],[-127,-82],[-9,-44],[-67,-73],[-32,-94]],[[55460,51889],[21,9],[54,85],[12,115],[33,53],[-30,54],[30,46],[-9,37],[75,16],[61,62],[198,114],[48,98],[6,75],[41,58]],[[57534,49958],[-7,-3],[-11,-4],[-66,-24],[-155,-83],[-45,9],[-42,72],[-23,71],[-110,43],[-26,53],[-173,-29]],[[53709,38478],[30,-43],[19,-127],[-40,-143],[-32,-40],[-1,-51],[-42,-55],[-2,-42]],[[53985,40201],[-112,-8],[-29,87],[-37,29],[-36,-24],[5,-103],[23,-96],[-13,-47],[-80,-51],[-38,6],[-67,86],[-34,-15],[-88,6]],[[54133,40941],[34,-11],[21,-58],[-22,-58],[18,-84],[39,-64]],[[54279,39472],[-3,-74],[23,-16],[-51,-65],[-42,-6],[17,-90]],[[24996,14840],[-53,-28],[-56,-60],[-95,-42],[-64,-45],[1,-44],[-86,-42],[-105,-30],[-28,-61],[1,-57]],[[25055,11040],[22,-89],[31,-68],[-1,-120],[24,-156],[19,-170],[2,-110],[-7,-315]]],"transform":{"scale":[0.00046433323796808435,0.0004221525244367707],"translate":[68.17939,6.75862]},"objects":{"IND":{"type":"GeometryCollection","geometries":[{"arcs":[[0,1,2,3,4]],"type":"Polygon","properties":{"name":"Ashoknagar","shapeGroup":"IND","gid":"IND-2-0"},"id":"IND-2-0"},{"arcs":[[5,6,7,8,9,10]],"type":"Polygon","properties":{"name":"Raisen","shapeGroup":"IND","gid":"IND-2-1"},"id":"IND-2-1"},{"arcs":[[11,12,13,14,15,16]],"type":"Polygon","properties":{"name":"Chhindwara","shapeGroup":"IND","gid":"IND-2-2"},"id":"IND-2-2"},{"arcs":[[-15,17,18,19,20]],"type":"Polygon","properties":{"name":"Betul","shapeGroup":"IND","gid":"IND-2-3"},"id":"IND-2-3"},{"arcs":[[-10,21,-16,-21,22,23]],"type":"Polygon","properties":{"name":"Hoshangabad","shapeGroup":"IND","gid":"IND-2-4"},"id":"IND-2-4"},{"arcs":[[-11,-24,24,25,26,27,28]],"type":"Polygon","properties":{"name":"Sehore","shapeGroup":"IND","gid":"IND-2-5"},"id":"IND-2-5"},{"arcs":[[29,30,31,32,33,34,35]],"type":"Polygon","properties":{"name":"Jabalpur","shapeGroup":"IND","gid":"IND-2-6"},"id":"IND-2-6"},{"arcs":[[-9,36,37,-34,38,-17,-22]],"type":"Polygon","properties":{"name":"Narsimhapur","shapeGroup":"IND","gid":"IND-2-7"},"id":"IND-2-7"},{"arcs":[[39,40,41,42,43]],"type":"Polygon","properties":{"name":"Panna","shapeGroup":"IND","gid":"IND-2-8"},"id":"IND-2-8"},{"arcs":[[44,45,46,47,48,49]],"type":"Polygon","properties":{"name":"Ujjain","shapeGroup":"IND","gid":"IND-2-9"},"id":"IND-2-9"},{"arcs":[[50,51,52,53,54,55]],"type":"Polygon","properties":{"name":"Rewa","shapeGroup":"IND","gid":"IND-2-10"},"id":"IND-2-10"},{"arcs":[[-31,56,57,58,59,60,61]],"type":"Polygon","properties":{"name":"Dindori","shapeGroup":"IND","gid":"IND-2-11"},"id":"IND-2-11"},{"arcs":[[62,63,64,65,66,67,68]],"type":"Polygon","properties":{"name":"Balaghat","shapeGroup":"IND","gid":"IND-2-12"},"id":"IND-2-12"},{"arcs":[[69,70,71,72,73,74]],"type":"Polygon","properties":{"name":"Barwani","shapeGroup":"IND","gid":"IND-2-13"},"id":"IND-2-13"},{"arcs":[[-44,75,76,-51,77,78,79,80]],"type":"Polygon","properties":{"name":"Satna","shapeGroup":"IND","gid":"IND-2-14"},"id":"IND-2-14"},{"arcs":[[-42,81,82,83,84,85,86,87]],"type":"Polygon","properties":{"name":"Chhatarpur","shapeGroup":"IND","gid":"IND-2-15"},"id":"IND-2-15"},{"arcs":[[-45,88,89,90]],"type":"Polygon","properties":{"name":"Indore","shapeGroup":"IND","gid":"IND-2-16"},"id":"IND-2-16"},{"arcs":[[-47,91,92,93,94,95,96,97]],"type":"Polygon","properties":{"name":"Ratlam","shapeGroup":"IND","gid":"IND-2-17"},"id":"IND-2-17"},{"arcs":[[-20,98,99,-25,-23]],"type":"Polygon","properties":{"name":"Harda","shapeGroup":"IND","gid":"IND-2-18"},"id":"IND-2-18"},{"arcs":[[-2,100,-83,101,-37,-8,102]],"type":"Polygon","properties":{"name":"Sagar","shapeGroup":"IND","gid":"IND-2-19"},"id":"IND-2-19"},{"arcs":[[103,104,105,106,107]],"type":"Polygon","properties":{"name":"Neemuch","shapeGroup":"IND","gid":"IND-2-20"},"id":"IND-2-20"},{"arcs":[[-85,108,109,110]],"type":"Polygon","properties":{"name":"Tikamgarh","shapeGroup":"IND","gid":"IND-2-21"},"id":"IND-2-21"},{"arcs":[[-4,111,112,113,114,115,116]],"type":"Polygon","properties":{"name":"Guna","shapeGroup":"IND","gid":"IND-2-22"},"id":"IND-2-22"},{"arcs":[[-26,-100,117,118,-89,-50,119]],"type":"Polygon","properties":{"name":"Dewas","shapeGroup":"IND","gid":"IND-2-23"},"id":"IND-2-23"},{"arcs":[[-96,120,-107,121,122,123]],"type":"Polygon","properties":{"name":"Mandsaur","shapeGroup":"IND","gid":"IND-2-24"},"id":"IND-2-24"},{"arcs":[[-73,124,-90,-119,125,126,127]],"type":"Polygon","properties":{"name":"Khargone (West Nimar)","shapeGroup":"IND","gid":"IND-2-25"},"id":"IND-2-25"},{"arcs":[[128,129,130,131,132,133]],"type":"Polygon","properties":{"name":"Sheopur","shapeGroup":"IND","gid":"IND-2-26"},"id":"IND-2-26"},{"arcs":[[-132,134,135,136,137,138,139]],"type":"Polygon","properties":{"name":"Morena","shapeGroup":"IND","gid":"IND-2-27"},"id":"IND-2-27"},{"arcs":[[-138,140,141,142,143,144,145]],"type":"Polygon","properties":{"name":"Bhind","shapeGroup":"IND","gid":"IND-2-28"},"id":"IND-2-28"},{"arcs":[[-93,146,147,148,149]],"type":"Polygon","properties":{"name":"Jhabua","shapeGroup":"IND","gid":"IND-2-29"},"id":"IND-2-29"},{"arcs":[[-12,-39,-33,150,-68,151]],"type":"Polygon","properties":{"name":"Seoni","shapeGroup":"IND","gid":"IND-2-30"},"id":"IND-2-30"},{"arcs":[[-19,152,153,-126,-118,-99]],"type":"Polygon","properties":{"name":"Khandwa (East Nimar)","shapeGroup":"IND","gid":"IND-2-31"},"id":"IND-2-31"},{"arcs":[[-30,154,-80,155,156,-57]],"type":"Polygon","properties":{"name":"Umaria","shapeGroup":"IND","gid":"IND-2-32"},"id":"IND-2-32"},{"arcs":[[-139,-146,157,158]],"type":"Polygon","properties":{"name":"Gwalior","shapeGroup":"IND","gid":"IND-2-33"},"id":"IND-2-33"},{"arcs":[[-35,-38,-102,-82,-41,159]],"type":"Polygon","properties":{"name":"Damoh","shapeGroup":"IND","gid":"IND-2-34"},"id":"IND-2-34"},{"arcs":[[-46,-91,-125,-72,160,-147,-92]],"type":"Polygon","properties":{"name":"Dhar","shapeGroup":"IND","gid":"IND-2-35"},"id":"IND-2-35"},{"arcs":[[-36,-160,-40,-81,-155]],"type":"Polygon","properties":{"name":"Katni","shapeGroup":"IND","gid":"IND-2-36"},"id":"IND-2-36"},{"arcs":[[-56,161,162,163,-78]],"type":"Polygon","properties":{"name":"Sidhi","shapeGroup":"IND","gid":"IND-2-37"},"id":"IND-2-37"},{"arcs":[[-71,164,165,166,-148,-161]],"type":"Polygon","properties":{"name":"Alirajpur","shapeGroup":"IND","gid":"IND-2-38"},"id":"IND-2-38"},{"arcs":[[-55,167,168,169,170,-162]],"type":"Polygon","properties":{"name":"Singrauli","shapeGroup":"IND","gid":"IND-2-39"},"id":"IND-2-39"},{"arcs":[[-6,-29,171,-113,172]],"type":"Polygon","properties":{"name":"Bhopal","shapeGroup":"IND","gid":"IND-2-40"},"id":"IND-2-40"},{"arcs":[[-28,173,174,175,-114,-172]],"type":"Polygon","properties":{"name":"Rajgarh","shapeGroup":"IND","gid":"IND-2-41"},"id":"IND-2-41"},{"arcs":[[-32,-62,176,-69,-151]],"type":"Polygon","properties":{"name":"Mandla","shapeGroup":"IND","gid":"IND-2-42"},"id":"IND-2-42"},{"arcs":[[-27,-120,-49,177,-174]],"type":"Polygon","properties":{"name":"Shajapur","shapeGroup":"IND","gid":"IND-2-43"},"id":"IND-2-43"},{"arcs":[[-5,-117,178,-133,-140,-159,179,180,181]],"type":"Polygon","properties":{"name":"Shivpuri","shapeGroup":"IND","gid":"IND-2-44"},"id":"IND-2-44"},{"arcs":[[-145,182,-180,-158]],"type":"Polygon","properties":{"name":"Datia","shapeGroup":"IND","gid":"IND-2-45"},"id":"IND-2-45"},{"arcs":[[-127,-154,183,184,185]],"type":"Polygon","properties":{"name":"Burhanpur","shapeGroup":"IND","gid":"IND-2-46"},"id":"IND-2-46"},{"arcs":[[-58,-157,186,187,188,189]],"type":"Polygon","properties":{"name":"Anuppur","shapeGroup":"IND","gid":"IND-2-47"},"id":"IND-2-47"},{"arcs":[[-79,-164,190,-187,-156]],"type":"Polygon","properties":{"name":"Shahdol","shapeGroup":"IND","gid":"IND-2-48"},"id":"IND-2-48"},{"arcs":[[-3,-103,-7,-173,-112]],"type":"Polygon","properties":{"name":"Vidisha","shapeGroup":"IND","gid":"IND-2-49"},"id":"IND-2-49"},{"arcs":[[191,192,193,194,195]],"type":"Polygon","properties":{"name":"Una","shapeGroup":"IND","gid":"IND-2-50"},"id":"IND-2-50"},{"arcs":[[196,197,198,199,200,201,202]],"type":"Polygon","properties":{"name":"Solan","shapeGroup":"IND","gid":"IND-2-51"},"id":"IND-2-51"},{"arcs":[[-203,203,204,205,206,207,208]],"type":"Polygon","properties":{"name":"Sirmaur","shapeGroup":"IND","gid":"IND-2-52"},"id":"IND-2-52"},{"arcs":[[209,210,211,212,213]],"type":"Polygon","properties":{"name":"Kinnaur","shapeGroup":"IND","gid":"IND-2-53"},"id":"IND-2-53"},{"arcs":[[-213,214,215,216,217]],"type":"Polygon","properties":{"name":"Kullu","shapeGroup":"IND","gid":"IND-2-54"},"id":"IND-2-54"},{"arcs":[[218,219,220,221,222,223]],"type":"Polygon","properties":{"name":"Chamba","shapeGroup":"IND","gid":"IND-2-55"},"id":"IND-2-55"},{"arcs":[[-202,224,-215,-212,225,226,-204]],"type":"Polygon","properties":{"name":"Shimla","shapeGroup":"IND","gid":"IND-2-56"},"id":"IND-2-56"},{"arcs":[[-195,227,228,-200,229]],"type":"Polygon","properties":{"name":"Bilaspur","shapeGroup":"IND","gid":"IND-2-57"},"id":"IND-2-57"},{"arcs":[[-193,230,231,232,-224,233,-217,234,235]],"type":"Polygon","properties":{"name":"Kangra","shapeGroup":"IND","gid":"IND-2-58"},"id":"IND-2-58"},{"arcs":[[-214,-218,-234,-223,236,237,238,239]],"type":"Polygon","properties":{"name":"Lahul & Spiti","shapeGroup":"IND","gid":"IND-2-59"},"id":"IND-2-59"},{"arcs":[[-201,-229,240,-235,-216,-225]],"type":"Polygon","properties":{"name":"Mandi","shapeGroup":"IND","gid":"IND-2-60"},"id":"IND-2-60"},{"arcs":[[-194,-236,-241,-228]],"type":"Polygon","properties":{"name":"Hamirpur","shapeGroup":"IND","gid":"IND-2-61"},"id":"IND-2-61"},{"arcs":[[241,242,243,244,245,246,247,248,249]],"type":"Polygon","properties":{"name":"DATA NOT AVAILABLE","shapeGroup":"IND","gid":"IND-2-62"},"id":"IND-2-62"},{"arcs":[[250,251,252,253,254,255,256,257]],"type":"Polygon","properties":{"name":"Anantnag","shapeGroup":"IND","gid":"IND-2-63"},"id":"IND-2-63"},{"arcs":[[-246,258,259,260,261,262,263]],"type":"Polygon","properties":{"name":"Baramula","shapeGroup":"IND","gid":"IND-2-64"},"id":"IND-2-64"},{"arcs":[[-257,264,265,266,267,268,269,270]],"type":"Polygon","properties":{"name":"Kulgam","shapeGroup":"IND","gid":"IND-2-65"},"id":"IND-2-65"},{"arcs":[[-270,271,272]],"type":"Polygon","properties":{"name":"Shupiyan","shapeGroup":"IND","gid":"IND-2-66"},"id":"IND-2-66"},{"arcs":[[-266,273,274,275,276]],"type":"Polygon","properties":{"name":"Reasi","shapeGroup":"IND","gid":"IND-2-67"},"id":"IND-2-67"},{"arcs":[[-248,277,-267,-277,278]],"type":"Polygon","properties":{"name":"Rajouri","shapeGroup":"IND","gid":"IND-2-68"},"id":"IND-2-68"},{"arcs":[[-249,-279,-276,279,280,281]],"type":"Polygon","properties":{"name":"Jammu","shapeGroup":"IND","gid":"IND-2-69"},"id":"IND-2-69"},{"arcs":[[-239,282,-242,283]],"type":"Polygon","properties":{"name":"Leh(Ladakh)","shapeGroup":"IND","gid":"IND-2-70"},"id":"IND-2-70"},{"arcs":[[-251,284,285,-262,286]],"type":"Polygon","properties":{"name":"Srinagar","shapeGroup":"IND","gid":"IND-2-71"},"id":"IND-2-71"},{"arcs":[[-221,287,288,289,-255,290]],"type":"Polygon","properties":{"name":"Doda","shapeGroup":"IND","gid":"IND-2-72"},"id":"IND-2-72"},{"arcs":[[-258,-271,-273,291,-285]],"type":"Polygon","properties":{"name":"Pulwama","shapeGroup":"IND","gid":"IND-2-73"},"id":"IND-2-73"},{"arcs":[[-256,-290,292,-274,-265]],"type":"Polygon","properties":{"name":"Ramban","shapeGroup":"IND","gid":"IND-2-74"},"id":"IND-2-74"},{"arcs":[[-252,-287,-261,293,294]],"type":"Polygon","properties":{"name":"Ganderbal","shapeGroup":"IND","gid":"IND-2-75"},"id":"IND-2-75"},{"arcs":[[-275,-293,-289,295,296,-280]],"type":"Polygon","properties":{"name":"Udhampur","shapeGroup":"IND","gid":"IND-2-76"},"id":"IND-2-76"},{"arcs":[[-263,-286,-292,-272,-269,297]],"type":"Polygon","properties":{"name":"Badgam","shapeGroup":"IND","gid":"IND-2-77"},"id":"IND-2-77"},{"arcs":[[-247,-264,-298,-268,-278]],"type":"Polygon","properties":{"name":"Punch","shapeGroup":"IND","gid":"IND-2-78"},"id":"IND-2-78"},{"arcs":[[-245,298,-259]],"type":"Polygon","properties":{"name":"Kupwara","shapeGroup":"IND","gid":"IND-2-79"},"id":"IND-2-79"},{"arcs":[[-281,-297,299,300]],"type":"Polygon","properties":{"name":"Samba","shapeGroup":"IND","gid":"IND-2-80"},"id":"IND-2-80"},{"arcs":[[-244,301,-294,-260,-299]],"type":"Polygon","properties":{"name":"Bandipore","shapeGroup":"IND","gid":"IND-2-81"},"id":"IND-2-81"},{"arcs":[[-220,302,303,-300,-296,-288]],"type":"Polygon","properties":{"name":"Kathua","shapeGroup":"IND","gid":"IND-2-82"},"id":"IND-2-82"},{"arcs":[[-238,304,-253,-295,-302,-243,-283]],"type":"Polygon","properties":{"name":"Kargil","shapeGroup":"IND","gid":"IND-2-83"},"id":"IND-2-83"},{"arcs":[[-222,-291,-254,-305,-237]],"type":"Polygon","properties":{"name":"Kishtwar","shapeGroup":"IND","gid":"IND-2-84"},"id":"IND-2-84"},{"arcs":[[305,306]],"type":"Polygon","properties":{"name":"Daman","shapeGroup":"IND","gid":"IND-2-85"},"id":"IND-2-85"},{"arcs":[[307,308]],"type":"Polygon","properties":{"name":"Diu","shapeGroup":"IND","gid":"IND-2-86"},"id":"IND-2-86"},{"arcs":[[309,310,311,312]],"type":"Polygon","properties":{"name":"Bhavnagar","shapeGroup":"IND","gid":"IND-2-87"},"id":"IND-2-87"},{"arcs":[[[-312,313,314,315,316,317,318,319]],[[320]]],"type":"MultiPolygon","properties":{"name":"Ahmadabad","shapeGroup":"IND","gid":"IND-2-88"},"id":"IND-2-88"},{"arcs":[[-166,321,322,323,324,325]],"type":"Polygon","properties":{"name":"Chhota Udaipur","shapeGroup":"IND","gid":"IND-2-89"},"id":"IND-2-89"},{"arcs":[[-311,326,327,328,-314]],"type":"Polygon","properties":{"name":"Batod","shapeGroup":"IND","gid":"IND-2-90"},"id":"IND-2-90"},{"arcs":[[-324,329,330,331,332,333,334]],"type":"Polygon","properties":{"name":"Vadodara","shapeGroup":"IND","gid":"IND-2-91"},"id":"IND-2-91"},{"arcs":[[335,336,337,338,339,340]],"type":"Polygon","properties":{"name":"Aravali","shapeGroup":"IND","gid":"IND-2-92"},"id":"IND-2-92"},{"arcs":[[-338,341,342,343,344,345]],"type":"Polygon","properties":{"name":"Sabar Kantha","shapeGroup":"IND","gid":"IND-2-93"},"id":"IND-2-93"},{"arcs":[[-344,346,347,348,349,350]],"type":"Polygon","properties":{"name":"Banas Kantha","shapeGroup":"IND","gid":"IND-2-94"},"id":"IND-2-94"},{"arcs":[[-315,-329,351,352,353,354,355]],"type":"Polygon","properties":{"name":"Surendranagar","shapeGroup":"IND","gid":"IND-2-95"},"id":"IND-2-95"},{"arcs":[[-319,356,-333,357]],"type":"Polygon","properties":{"name":"Anand","shapeGroup":"IND","gid":"IND-2-96"},"id":"IND-2-96"},{"arcs":[[-323,358,359,360,361,-330]],"type":"Polygon","properties":{"name":"Narmada","shapeGroup":"IND","gid":"IND-2-97"},"id":"IND-2-97"},{"arcs":[[[-310,362,363,364,365,-327]],[[366]],[[367]]],"type":"MultiPolygon","properties":{"name":"Amreli","shapeGroup":"IND","gid":"IND-2-98"},"id":"IND-2-98"},{"arcs":[[-149,-167,-326,368,369,370]],"type":"Polygon","properties":{"name":"Dohad","shapeGroup":"IND","gid":"IND-2-99"},"id":"IND-2-99"},{"arcs":[[-328,-366,371,372,373,374,-352]],"type":"Polygon","properties":{"name":"Rajkot","shapeGroup":"IND","gid":"IND-2-100"},"id":"IND-2-100"},{"arcs":[[[-349,375,-354,376,377,378,379]],[[380,381,382]],[[383]],[[384]],[[385]]],"type":"MultiPolygon","properties":{"name":"Kachchh","shapeGroup":"IND","gid":"IND-2-101"},"id":"IND-2-101"},{"arcs":[[386,387,388,389]],"type":"Polygon","properties":{"name":"The Dangs","shapeGroup":"IND","gid":"IND-2-102"},"id":"IND-2-102"},{"arcs":[[-316,-356,390,-347,-343,391]],"type":"Polygon","properties":{"name":"Mahesana","shapeGroup":"IND","gid":"IND-2-103"},"id":"IND-2-103"},{"arcs":[[-348,-391,-355,-376]],"type":"Polygon","properties":{"name":"Patan","shapeGroup":"IND","gid":"IND-2-104"},"id":"IND-2-104"},{"arcs":[[[-331,-362,392,393]],[[394]]],"type":"MultiPolygon","properties":{"name":"Bharuch","shapeGroup":"IND","gid":"IND-2-105"},"id":"IND-2-105"},{"arcs":[[-309,395,396,-364,397]],"type":"Polygon","properties":{"name":"Gir Somnath","shapeGroup":"IND","gid":"IND-2-106"},"id":"IND-2-106"},{"arcs":[[-365,-397,398,399,-372]],"type":"Polygon","properties":{"name":"Junagadh","shapeGroup":"IND","gid":"IND-2-107"},"id":"IND-2-107"},{"arcs":[[[400,401,402]],[[403]],[[404]],[[405]],[[406]]],"type":"MultiPolygon","properties":{"name":"Devbhumi Dwarka","shapeGroup":"IND","gid":"IND-2-108"},"id":"IND-2-108"},{"arcs":[[-390,407,408,409,410,411]],"type":"Polygon","properties":{"name":"Navsari","shapeGroup":"IND","gid":"IND-2-109"},"id":"IND-2-109"},{"arcs":[[-361,412,-411,413,-393]],"type":"Polygon","properties":{"name":"Surat","shapeGroup":"IND","gid":"IND-2-110"},"id":"IND-2-110"},{"arcs":[[[-374,414,-401,415,-381,416]],[[417]],[[418]]],"type":"MultiPolygon","properties":{"name":"Jamnagar","shapeGroup":"IND","gid":"IND-2-111"},"id":"IND-2-111"},{"arcs":[[-360,419,420,-387,-412,-413]],"type":"Polygon","properties":{"name":"Tapi","shapeGroup":"IND","gid":"IND-2-112"},"id":"IND-2-112"},{"arcs":[[-373,-400,421,-402,-415]],"type":"Polygon","properties":{"name":"Porbandar","shapeGroup":"IND","gid":"IND-2-113"},"id":"IND-2-113"},{"arcs":[[-307,422,-409,423,424,425,426,427]],"type":"Polygon","properties":{"name":"Valsad","shapeGroup":"IND","gid":"IND-2-114"},"id":"IND-2-114"},{"arcs":[[-317,-392,-342,-337,428]],"type":"Polygon","properties":{"name":"Gandhinagar","shapeGroup":"IND","gid":"IND-2-115"},"id":"IND-2-115"},{"arcs":[[-341,429,430,-370,431,432]],"type":"Polygon","properties":{"name":"Mahisagar","shapeGroup":"IND","gid":"IND-2-116"},"id":"IND-2-116"},{"arcs":[[-353,-375,-417,-383,433,-377]],"type":"Polygon","properties":{"name":"Morbi","shapeGroup":"IND","gid":"IND-2-117"},"id":"IND-2-117"},{"arcs":[[-325,-335,434,-432,-369]],"type":"Polygon","properties":{"name":"Panch Mahals","shapeGroup":"IND","gid":"IND-2-118"},"id":"IND-2-118"},{"arcs":[[-318,-429,-336,-433,-435,-334,-357]],"type":"Polygon","properties":{"name":"Kheda","shapeGroup":"IND","gid":"IND-2-119"},"id":"IND-2-119"},{"arcs":[[-426,435]],"type":"Polygon","properties":{"name":"Dadra & Nagar Haveli","shapeGroup":"IND","gid":"IND-2-120"},"id":"IND-2-120"},{"arcs":[[436,437,438,439,440,441]],"type":"Polygon","properties":{"name":"Prakasam","shapeGroup":"IND","gid":"IND-2-121"},"id":"IND-2-121"},{"arcs":[[442,443,444,445,446]],"type":"Polygon","properties":{"name":"Krishna","shapeGroup":"IND","gid":"IND-2-122"},"id":"IND-2-122"},{"arcs":[[[447,448,449,450,451,452,453]],[[454,455]]],"type":"MultiPolygon","properties":{"name":"East Godavari","shapeGroup":"IND","gid":"IND-2-123"},"id":"IND-2-123"},{"arcs":[[-454,456,457,458,459]],"type":"Polygon","properties":{"name":"Visakhapatnam","shapeGroup":"IND","gid":"IND-2-124"},"id":"IND-2-124"},{"arcs":[[-437,460,461,462,463]],"type":"Polygon","properties":{"name":"Sri Potti Sriramulu Nellore","shapeGroup":"IND","gid":"IND-2-125"},"id":"IND-2-125"},{"arcs":[[-463,464,465,466,467,468,469,470,471,472]],"type":"Polygon","properties":{"name":"Chittoor","shapeGroup":"IND","gid":"IND-2-126"},"id":"IND-2-126"},{"arcs":[[473,474,475,476,477]],"type":"Polygon","properties":{"name":"Srikakulam","shapeGroup":"IND","gid":"IND-2-127"},"id":"IND-2-127"},{"arcs":[[-439,478,479,480,481,482,483,484]],"type":"Polygon","properties":{"name":"Kurnool","shapeGroup":"IND","gid":"IND-2-128"},"id":"IND-2-128"},{"arcs":[[-441,485,486,487,-445,488]],"type":"Polygon","properties":{"name":"Guntur","shapeGroup":"IND","gid":"IND-2-129"},"id":"IND-2-129"},{"arcs":[[-459,489,490,-474,491]],"type":"Polygon","properties":{"name":"Vizianagaram","shapeGroup":"IND","gid":"IND-2-130"},"id":"IND-2-130"},{"arcs":[[-472,492,493,494,495,496,497,-480,498]],"type":"Polygon","properties":{"name":"Anantapur","shapeGroup":"IND","gid":"IND-2-131"},"id":"IND-2-131"},{"arcs":[[-443,499,500,-451,501]],"type":"Polygon","properties":{"name":"West Godavari","shapeGroup":"IND","gid":"IND-2-132"},"id":"IND-2-132"},{"arcs":[[-438,-464,-473,-499,-479]],"type":"Polygon","properties":{"name":"Kadapa(YSR)","shapeGroup":"IND","gid":"IND-2-133"},"id":"IND-2-133"},{"arcs":[[502,503,504,505,506,507]],"type":"Polygon","properties":{"name":"Jamtara","shapeGroup":"IND","gid":"IND-2-134"},"id":"IND-2-134"},{"arcs":[[508,509,510,511,512,513]],"type":"Polygon","properties":{"name":"Saraikela-Kharsawan","shapeGroup":"IND","gid":"IND-2-135"},"id":"IND-2-135"},{"arcs":[[514,515,516,517,518]],"type":"Polygon","properties":{"name":"Simdega","shapeGroup":"IND","gid":"IND-2-136"},"id":"IND-2-136"},{"arcs":[[519,520,521,522,523,524,525]],"type":"Polygon","properties":{"name":"Latehar","shapeGroup":"IND","gid":"IND-2-137"},"id":"IND-2-137"},{"arcs":[[-512,526,-516,527,528]],"type":"Polygon","properties":{"name":"Khunti","shapeGroup":"IND","gid":"IND-2-138"},"id":"IND-2-138"},{"arcs":[[-511,529,530,531,-517,-527]],"type":"Polygon","properties":{"name":"Pashchimi Singhbhum","shapeGroup":"IND","gid":"IND-2-139"},"id":"IND-2-139"},{"arcs":[[[532,533,534,535,536,537]],[[538,539,540]]],"type":"MultiPolygon","properties":{"name":"Hazaribagh","shapeGroup":"IND","gid":"IND-2-140"},"id":"IND-2-140"},{"arcs":[[-522,541,542,-539,543,-537,544]],"type":"Polygon","properties":{"name":"Chatra","shapeGroup":"IND","gid":"IND-2-141"},"id":"IND-2-141"},{"arcs":[[-509,545,546,547]],"type":"Polygon","properties":{"name":"Purbi Singhbhum","shapeGroup":"IND","gid":"IND-2-142"},"id":"IND-2-142"},{"arcs":[[-538,-544,-541,548,549,550]],"type":"Polygon","properties":{"name":"Kodarma","shapeGroup":"IND","gid":"IND-2-143"},"id":"IND-2-143"},{"arcs":[[-504,551,552,-533,-551,553,554,555]],"type":"Polygon","properties":{"name":"Giridih","shapeGroup":"IND","gid":"IND-2-144"},"id":"IND-2-144"},{"arcs":[[-524,556,557]],"type":"Polygon","properties":{"name":"Lohardaga","shapeGroup":"IND","gid":"IND-2-145"},"id":"IND-2-145"},{"arcs":[[558,559,560,561,562,563]],"type":"Polygon","properties":{"name":"Sahibganj","shapeGroup":"IND","gid":"IND-2-146"},"id":"IND-2-146"},{"arcs":[[-561,564,565,566,567]],"type":"Polygon","properties":{"name":"Godda","shapeGroup":"IND","gid":"IND-2-147"},"id":"IND-2-147"},{"arcs":[[-521,568,569,570,571,-542]],"type":"Polygon","properties":{"name":"Palamu","shapeGroup":"IND","gid":"IND-2-148"},"id":"IND-2-148"},{"arcs":[[-503,572,573,574,-552]],"type":"Polygon","properties":{"name":"Dhanbad","shapeGroup":"IND","gid":"IND-2-149"},"id":"IND-2-149"},{"arcs":[[-506,575,576,-566,577,578]],"type":"Polygon","properties":{"name":"Dumka","shapeGroup":"IND","gid":"IND-2-150"},"id":"IND-2-150"},{"arcs":[[-534,-553,-575,579,580]],"type":"Polygon","properties":{"name":"Bokaro","shapeGroup":"IND","gid":"IND-2-151"},"id":"IND-2-151"},{"arcs":[[-505,-556,581,582,-576]],"type":"Polygon","properties":{"name":"Deoghar","shapeGroup":"IND","gid":"IND-2-152"},"id":"IND-2-152"},{"arcs":[[-515,583,584,-525,-558,585,-528]],"type":"Polygon","properties":{"name":"Gumla","shapeGroup":"IND","gid":"IND-2-153"},"id":"IND-2-153"},{"arcs":[[-535,-581,586,587]],"type":"Polygon","properties":{"name":"Ramgarh","shapeGroup":"IND","gid":"IND-2-154"},"id":"IND-2-154"},{"arcs":[[-520,588,589,590,-569]],"type":"Polygon","properties":{"name":"Garhwa","shapeGroup":"IND","gid":"IND-2-155"},"id":"IND-2-155"},{"arcs":[[-513,-529,-586,-557,-523,-545,-536,-588,591]],"type":"Polygon","properties":{"name":"Ranchi","shapeGroup":"IND","gid":"IND-2-156"},"id":"IND-2-156"},{"arcs":[[-560,592,593,-578,-565]],"type":"Polygon","properties":{"name":"Pakur","shapeGroup":"IND","gid":"IND-2-157"},"id":"IND-2-157"},{"arcs":[[594,595,596,597,598]],"type":"Polygon","properties":{"name":"Arwal","shapeGroup":"IND","gid":"IND-2-158"},"id":"IND-2-158"},{"arcs":[[-562,-568,599,600,601,602,603,604]],"type":"Polygon","properties":{"name":"Bhagalpur","shapeGroup":"IND","gid":"IND-2-159"},"id":"IND-2-159"},{"arcs":[[-604,605,606,607,608,609]],"type":"Polygon","properties":{"name":"Purnia","shapeGroup":"IND","gid":"IND-2-160"},"id":"IND-2-160"},{"arcs":[[-603,610,611,612,613,-606]],"type":"Polygon","properties":{"name":"Madhepura","shapeGroup":"IND","gid":"IND-2-161"},"id":"IND-2-161"},{"arcs":[[-608,614,615,616,617]],"type":"Polygon","properties":{"name":"Kishanganj","shapeGroup":"IND","gid":"IND-2-162"},"id":"IND-2-162"},{"arcs":[[-540,-543,-572,618,-598,619,620,621,-549]],"type":"Polygon","properties":{"name":"Gaya","shapeGroup":"IND","gid":"IND-2-163"},"id":"IND-2-163"},{"arcs":[[-567,-577,-583,622,623,-600]],"type":"Polygon","properties":{"name":"Banka","shapeGroup":"IND","gid":"IND-2-164"},"id":"IND-2-164"},{"arcs":[[-571,624,625,-599,-619]],"type":"Polygon","properties":{"name":"Aurangabad","shapeGroup":"IND","gid":"IND-2-165"},"id":"IND-2-165"},{"arcs":[[-550,-622,626,627,628,-554]],"type":"Polygon","properties":{"name":"Nawada","shapeGroup":"IND","gid":"IND-2-166"},"id":"IND-2-166"},{"arcs":[[-607,-614,629,630,-615]],"type":"Polygon","properties":{"name":"Araria","shapeGroup":"IND","gid":"IND-2-167"},"id":"IND-2-167"},{"arcs":[[631,632,633,634,635]],"type":"Polygon","properties":{"name":"Pashchim Champaran","shapeGroup":"IND","gid":"IND-2-168"},"id":"IND-2-168"},{"arcs":[[636,637,638,639,640,641,642]],"type":"Polygon","properties":{"name":"Muzaffarpur","shapeGroup":"IND","gid":"IND-2-169"},"id":"IND-2-169"},{"arcs":[[-639,643,644,645,646,647,648]],"type":"Polygon","properties":{"name":"Saran","shapeGroup":"IND","gid":"IND-2-170"},"id":"IND-2-170"},{"arcs":[[-628,649,650,651]],"type":"Polygon","properties":{"name":"Sheikhpura","shapeGroup":"IND","gid":"IND-2-171"},"id":"IND-2-171"},{"arcs":[[-597,652,653,-620]],"type":"Polygon","properties":{"name":"Jehanabad","shapeGroup":"IND","gid":"IND-2-172"},"id":"IND-2-172"},{"arcs":[[-612,654,655,656,657,658]],"type":"Polygon","properties":{"name":"Saharsa","shapeGroup":"IND","gid":"IND-2-173"},"id":"IND-2-173"},{"arcs":[[-633,659,-649,660,661,662]],"type":"Polygon","properties":{"name":"Gopalganj","shapeGroup":"IND","gid":"IND-2-174"},"id":"IND-2-174"},{"arcs":[[-638,663,664,-644]],"type":"Polygon","properties":{"name":"Vaishali","shapeGroup":"IND","gid":"IND-2-175"},"id":"IND-2-175"},{"arcs":[[-648,665,666,-661]],"type":"Polygon","properties":{"name":"Siwan","shapeGroup":"IND","gid":"IND-2-176"},"id":"IND-2-176"},{"arcs":[[-641,667,668]],"type":"Polygon","properties":{"name":"Sheohar","shapeGroup":"IND","gid":"IND-2-177"},"id":"IND-2-177"},{"arcs":[[669,670,671,672,673]],"type":"Polygon","properties":{"name":"Buxar","shapeGroup":"IND","gid":"IND-2-178"},"id":"IND-2-178"},{"arcs":[[-658,674,675,676,677]],"type":"Polygon","properties":{"name":"Madhubani","shapeGroup":"IND","gid":"IND-2-179"},"id":"IND-2-179"},{"arcs":[[-613,-659,-678,678,-630]],"type":"Polygon","properties":{"name":"Supaul","shapeGroup":"IND","gid":"IND-2-180"},"id":"IND-2-180"},{"arcs":[[-596,679,-645,-665,680,681,682,683,-653]],"type":"Polygon","properties":{"name":"Patna","shapeGroup":"IND","gid":"IND-2-181"},"id":"IND-2-181"},{"arcs":[[-595,-626,684,-674,685,-646,-680]],"type":"Polygon","properties":{"name":"Bhojpur","shapeGroup":"IND","gid":"IND-2-182"},"id":"IND-2-182"},{"arcs":[[-643,686,-675,-657,687]],"type":"Polygon","properties":{"name":"Darbhanga","shapeGroup":"IND","gid":"IND-2-183"},"id":"IND-2-183"},{"arcs":[[-637,-688,-656,688,689,-681,-664]],"type":"Polygon","properties":{"name":"Samastipur","shapeGroup":"IND","gid":"IND-2-184"},"id":"IND-2-184"},{"arcs":[[-671,690,691,692,693]],"type":"Polygon","properties":{"name":"Kaimur (Bhabua)","shapeGroup":"IND","gid":"IND-2-185"},"id":"IND-2-185"},{"arcs":[[-570,-591,694,-691,-670,-685,-625]],"type":"Polygon","properties":{"name":"Rohtas","shapeGroup":"IND","gid":"IND-2-186"},"id":"IND-2-186"},{"arcs":[[-602,695,696,-689,-655,-611]],"type":"Polygon","properties":{"name":"Khagaria","shapeGroup":"IND","gid":"IND-2-187"},"id":"IND-2-187"},{"arcs":[[-601,-624,697,698,699,-696]],"type":"Polygon","properties":{"name":"Munger","shapeGroup":"IND","gid":"IND-2-188"},"id":"IND-2-188"},{"arcs":[[-642,-669,700,701,-676,-687]],"type":"Polygon","properties":{"name":"Sitamarhi","shapeGroup":"IND","gid":"IND-2-189"},"id":"IND-2-189"},{"arcs":[[-632,702,-701,-668,-640,-660]],"type":"Polygon","properties":{"name":"Purba Champaran","shapeGroup":"IND","gid":"IND-2-190"},"id":"IND-2-190"},{"arcs":[[-651,703,-683,704,-699,705]],"type":"Polygon","properties":{"name":"Lakhisarai","shapeGroup":"IND","gid":"IND-2-191"},"id":"IND-2-191"},{"arcs":[[-555,-629,-652,-706,-698,-623,-582]],"type":"Polygon","properties":{"name":"Jamui","shapeGroup":"IND","gid":"IND-2-192"},"id":"IND-2-192"},{"arcs":[[-682,-690,-697,-700,-705]],"type":"Polygon","properties":{"name":"Begusarai","shapeGroup":"IND","gid":"IND-2-193"},"id":"IND-2-193"},{"arcs":[[-621,-654,-684,-704,-650,-627]],"type":"Polygon","properties":{"name":"Nalanda","shapeGroup":"IND","gid":"IND-2-194"},"id":"IND-2-194"},{"arcs":[[-563,-605,-610,706,707]],"type":"Polygon","properties":{"name":"Katihar","shapeGroup":"IND","gid":"IND-2-195"},"id":"IND-2-195"},{"arcs":[[708,709,710,711,712,713,714,715]],"type":"Polygon","properties":{"name":"Gurgaon","shapeGroup":"IND","gid":"IND-2-196"},"id":"IND-2-196"},{"arcs":[[-207,716,717,718,719]],"type":"Polygon","properties":{"name":"Yamunanagar","shapeGroup":"IND","gid":"IND-2-197"},"id":"IND-2-197"},{"arcs":[[-710,720,721,722,723,724]],"type":"Polygon","properties":{"name":"Palwal","shapeGroup":"IND","gid":"IND-2-198"},"id":"IND-2-198"},{"arcs":[[-197,-209,725,726,727,728]],"type":"Polygon","properties":{"name":"Panchkula","shapeGroup":"IND","gid":"IND-2-199"},"id":"IND-2-199"},{"arcs":[[-711,-725,729,730,731,732]],"type":"Polygon","properties":{"name":"Mewat","shapeGroup":"IND","gid":"IND-2-200"},"id":"IND-2-200"},{"arcs":[[-713,733,734,735,736,737,738,739,740]],"type":"Polygon","properties":{"name":"Jhajjar","shapeGroup":"IND","gid":"IND-2-201"},"id":"IND-2-201"},{"arcs":[[-736,741,742,743,744,745,746]],"type":"Polygon","properties":{"name":"Bhiwani","shapeGroup":"IND","gid":"IND-2-202"},"id":"IND-2-202"},{"arcs":[[747,748,749,750]],"type":"Polygon","properties":{"name":"Kaithal","shapeGroup":"IND","gid":"IND-2-203"},"id":"IND-2-203"},{"arcs":[[-738,751,752,753,754,755,756]],"type":"Polygon","properties":{"name":"Sonipat","shapeGroup":"IND","gid":"IND-2-204"},"id":"IND-2-204"},{"arcs":[[-718,757,758,759,760,-751,761]],"type":"Polygon","properties":{"name":"Karnal","shapeGroup":"IND","gid":"IND-2-205"},"id":"IND-2-205"},{"arcs":[[-719,-762,-750,762,763,764,765]],"type":"Polygon","properties":{"name":"Kurukshetra","shapeGroup":"IND","gid":"IND-2-206"},"id":"IND-2-206"},{"arcs":[[-748,-761,766,-753,767,768,769,770,771]],"type":"Polygon","properties":{"name":"Jind","shapeGroup":"IND","gid":"IND-2-207"},"id":"IND-2-207"},{"arcs":[[-754,-767,-760,772,773]],"type":"Polygon","properties":{"name":"Panipat","shapeGroup":"IND","gid":"IND-2-208"},"id":"IND-2-208"},{"arcs":[[-735,774,775,776,777,778,-742]],"type":"Polygon","properties":{"name":"Mahendragarh","shapeGroup":"IND","gid":"IND-2-209"},"id":"IND-2-209"},{"arcs":[[-770,779,780,781,782,783]],"type":"Polygon","properties":{"name":"Fatehabad","shapeGroup":"IND","gid":"IND-2-210"},"id":"IND-2-210"},{"arcs":[[-709,784,785,786,-721]],"type":"Polygon","properties":{"name":"Faridabad","shapeGroup":"IND","gid":"IND-2-211"},"id":"IND-2-211"},{"arcs":[[-782,787,788,789,790]],"type":"Polygon","properties":{"name":"Sirsa","shapeGroup":"IND","gid":"IND-2-212"},"id":"IND-2-212"},{"arcs":[[-746,791,-780,-769,792]],"type":"Polygon","properties":{"name":"Hisar","shapeGroup":"IND","gid":"IND-2-213"},"id":"IND-2-213"},{"arcs":[[-712,-733,793,-775,-734]],"type":"Polygon","properties":{"name":"Rewari","shapeGroup":"IND","gid":"IND-2-214"},"id":"IND-2-214"},{"arcs":[[-737,-747,-793,-768,-752]],"type":"Polygon","properties":{"name":"Rohtak","shapeGroup":"IND","gid":"IND-2-215"},"id":"IND-2-215"},{"arcs":[[[-208,-720,-766,794,795,-726]],[[-764,796]]],"type":"MultiPolygon","properties":{"name":"Ambala","shapeGroup":"IND","gid":"IND-2-216"},"id":"IND-2-216"},{"arcs":[[-728,797]],"type":"Polygon","properties":{"name":"Chandigarh","shapeGroup":"IND","gid":"IND-2-217"},"id":"IND-2-217"},{"arcs":[[798,799,800,801,802]],"type":"Polygon","properties":{"name":"North Goa","shapeGroup":"IND","gid":"IND-2-218"},"id":"IND-2-218"},{"arcs":[[-803,803,804]],"type":"Polygon","properties":{"name":"South Goa","shapeGroup":"IND","gid":"IND-2-219"},"id":"IND-2-219"},{"arcs":[[[805]],[[806]],[[807]],[[808]],[[809]],[[810]],[[811]],[[812]],[[813]],[[814]],[[815]],[[816]]],"type":"MultiPolygon","properties":{"name":"North  & Middle Andaman","shapeGroup":"IND","gid":"IND-2-220"},"id":"IND-2-220"},{"arcs":[[[817]],[[818]],[[819]],[[820]],[[821]],[[822]],[[823]],[[824]],[[825]],[[826]],[[827]],[[828]]],"type":"MultiPolygon","properties":{"name":"South Andaman","shapeGroup":"IND","gid":"IND-2-221"},"id":"IND-2-221"},{"arcs":[[[829]],[[830]],[[831]],[[832]],[[833]],[[834]],[[835]],[[836]],[[837]]],"type":"MultiPolygon","properties":{"name":"Nicobars","shapeGroup":"IND","gid":"IND-2-222"},"id":"IND-2-222"},{"arcs":[[838,839,840,841,842]],"type":"Polygon","properties":{"name":"Lohit","shapeGroup":"IND","gid":"IND-2-223"},"id":"IND-2-223"},{"arcs":[[843,844,845,846,847]],"type":"Polygon","properties":{"name":"West Siang","shapeGroup":"IND","gid":"IND-2-224"},"id":"IND-2-224"},{"arcs":[[-848,848,849,850,851,852,853,854]],"type":"Polygon","properties":{"name":"Upper Subansiri","shapeGroup":"IND","gid":"IND-2-225"},"id":"IND-2-225"},{"arcs":[[-842,855,856,857,858,859]],"type":"Polygon","properties":{"name":"Changlang","shapeGroup":"IND","gid":"IND-2-226"},"id":"IND-2-226"},{"arcs":[[860,861,862,863,864]],"type":"Polygon","properties":{"name":"Longding","shapeGroup":"IND","gid":"IND-2-227"},"id":"IND-2-227"},{"arcs":[[865,866,867]],"type":"Polygon","properties":{"name":"Lower Subansiri","shapeGroup":"IND","gid":"IND-2-228"},"id":"IND-2-228"},{"arcs":[[868,869,870,871,872,873]],"type":"Polygon","properties":{"name":"East Kameng","shapeGroup":"IND","gid":"IND-2-229"},"id":"IND-2-229"},{"arcs":[[-845,874,875,876,877,878,879]],"type":"Polygon","properties":{"name":"Upper Siang","shapeGroup":"IND","gid":"IND-2-230"},"id":"IND-2-230"},{"arcs":[[-841,880,881,-856]],"type":"Polygon","properties":{"name":"Anjaw","shapeGroup":"IND","gid":"IND-2-231"},"id":"IND-2-231"},{"arcs":[[-846,-880,882,883]],"type":"Polygon","properties":{"name":"Siang","shapeGroup":"IND","gid":"IND-2-232"},"id":"IND-2-232"},{"arcs":[[-877,884,885]],"type":"Polygon","properties":{"name":"Dibang Valley","shapeGroup":"IND","gid":"IND-2-233"},"id":"IND-2-233"},{"arcs":[[-853,886,887,-873,888]],"type":"Polygon","properties":{"name":"Kurung Kumey","shapeGroup":"IND","gid":"IND-2-234"},"id":"IND-2-234"},{"arcs":[[-870,889,890,891,892,893]],"type":"Polygon","properties":{"name":"West Kameng","shapeGroup":"IND","gid":"IND-2-235"},"id":"IND-2-235"},{"arcs":[[-840,894,895,-878,-886,896,-881]],"type":"Polygon","properties":{"name":"Lower Dibang Valley","shapeGroup":"IND","gid":"IND-2-236"},"id":"IND-2-236"},{"arcs":[[-871,-894,897]],"type":"Polygon","properties":{"name":"Tawang","shapeGroup":"IND","gid":"IND-2-237"},"id":"IND-2-237"},{"arcs":[[-866,898,899,900,901,-874,-888,902]],"type":"Polygon","properties":{"name":"Papum Pare","shapeGroup":"IND","gid":"IND-2-238"},"id":"IND-2-238"},{"arcs":[[903,904,905,906,907,908,909]],"type":"Polygon","properties":{"name":"Goalpara","shapeGroup":"IND","gid":"IND-2-239"},"id":"IND-2-239"},{"arcs":[[910,911,912]],"type":"Polygon","properties":{"name":"Nalbari","shapeGroup":"IND","gid":"IND-2-240"},"id":"IND-2-240"},{"arcs":[[-909,913,914,915,916,917,918]],"type":"Polygon","properties":{"name":"Dhubri","shapeGroup":"IND","gid":"IND-2-241"},"id":"IND-2-241"},{"arcs":[[919,920,921,922,923,924,925]],"type":"Polygon","properties":{"name":"Sivasagar","shapeGroup":"IND","gid":"IND-2-242"},"id":"IND-2-242"},{"arcs":[[926,927,928,929,930]],"type":"Polygon","properties":{"name":"Karimganj","shapeGroup":"IND","gid":"IND-2-243"},"id":"IND-2-243"},{"arcs":[[-839,931,-859,932,933,934,935,-895]],"type":"Polygon","properties":{"name":"Tinsukia","shapeGroup":"IND","gid":"IND-2-244"},"id":"IND-2-244"},{"arcs":[[-928,936,937,938]],"type":"Polygon","properties":{"name":"Hailakandi","shapeGroup":"IND","gid":"IND-2-245"},"id":"IND-2-245"},{"arcs":[[939,940,941,942,943]],"type":"Polygon","properties":{"name":"Chirang","shapeGroup":"IND","gid":"IND-2-246"},"id":"IND-2-246"},{"arcs":[[-935,944,945,946,947,948]],"type":"Polygon","properties":{"name":"Dhemaji","shapeGroup":"IND","gid":"IND-2-247"},"id":"IND-2-247"},{"arcs":[[949,950,951,952,953]],"type":"Polygon","properties":{"name":"Morigaon","shapeGroup":"IND","gid":"IND-2-248"},"id":"IND-2-248"},{"arcs":[[954,955,956,957,958,959]],"type":"Polygon","properties":{"name":"Karbi Anglong East","shapeGroup":"IND","gid":"IND-2-249"},"id":"IND-2-249"},{"arcs":[[-900,960,-946,961,962]],"type":"Polygon","properties":{"name":"Lakhimpur","shapeGroup":"IND","gid":"IND-2-250"},"id":"IND-2-250"},{"arcs":[[-910,-919,963,-942,964]],"type":"Polygon","properties":{"name":"Bongaigaon","shapeGroup":"IND","gid":"IND-2-251"},"id":"IND-2-251"},{"arcs":[[-911,965,-940,966,967,968,969]],"type":"Polygon","properties":{"name":"Baksa","shapeGroup":"IND","gid":"IND-2-252"},"id":"IND-2-252"},{"arcs":[[-950,970,971,972,973,-959,974,975]],"type":"Polygon","properties":{"name":"Nagaon","shapeGroup":"IND","gid":"IND-2-253"},"id":"IND-2-253"},{"arcs":[[-927,976,977,978,979,980,981,982,983,-937]],"type":"Polygon","properties":{"name":"Cachar","shapeGroup":"IND","gid":"IND-2-254"},"id":"IND-2-254"},{"arcs":[[-954,984,985,-969,986,987,-971]],"type":"Polygon","properties":{"name":"Darrang","shapeGroup":"IND","gid":"IND-2-255"},"id":"IND-2-255"},{"arcs":[[-905,988,-912,-970,-986,989,990,991,992]],"type":"Polygon","properties":{"name":"Kamrup","shapeGroup":"IND","gid":"IND-2-256"},"id":"IND-2-256"},{"arcs":[[-862,993,-926,994,-945,-934,995]],"type":"Polygon","properties":{"name":"Dibrugarh","shapeGroup":"IND","gid":"IND-2-257"},"id":"IND-2-257"},{"arcs":[[-904,-965,-941,-966,-913,-989]],"type":"Polygon","properties":{"name":"Barpeta","shapeGroup":"IND","gid":"IND-2-258"},"id":"IND-2-258"},{"arcs":[[-891,996,997,-972,-988,998]],"type":"Polygon","properties":{"name":"Sonitpur","shapeGroup":"IND","gid":"IND-2-259"},"id":"IND-2-259"},{"arcs":[[-892,-999,-987,-968,999]],"type":"Polygon","properties":{"name":"Udalguri","shapeGroup":"IND","gid":"IND-2-260"},"id":"IND-2-260"},{"arcs":[[-960,-974,1000,1001,1002,1003,1004]],"type":"Polygon","properties":{"name":"Golaghat","shapeGroup":"IND","gid":"IND-2-261"},"id":"IND-2-261"},{"arcs":[[-953,1005,-990,-985]],"type":"Polygon","properties":{"name":"Kamrup Metropolitan","shapeGroup":"IND","gid":"IND-2-262"},"id":"IND-2-262"},{"arcs":[[-957,1006,1007,-979,1008,1009,1010,1011]],"type":"Polygon","properties":{"name":"Dima Hasao","shapeGroup":"IND","gid":"IND-2-263"},"id":"IND-2-263"},{"arcs":[[-918,1012,1013,-943,-964]],"type":"Polygon","properties":{"name":"Kokrajhar","shapeGroup":"IND","gid":"IND-2-264"},"id":"IND-2-264"},{"arcs":[[-924,1014,1015,-1003,1016]],"type":"Polygon","properties":{"name":"Jorhat","shapeGroup":"IND","gid":"IND-2-265"},"id":"IND-2-265"},{"arcs":[[-449,1017,-455,1018]],"type":"Polygon","properties":{"name":"Yanam","shapeGroup":"IND","gid":"IND-2-266"},"id":"IND-2-266"},{"arcs":[[1019,1020,1021,1022]],"type":"Polygon","properties":{"name":"Karaikal","shapeGroup":"IND","gid":"IND-2-267"},"id":"IND-2-267"},{"arcs":[[[1023,1024,1025]],[[-1022,1026,1027,1028]],[[1029,1030]],[[1031]],[[1032,1033]],[[1034]],[[1035]]],"type":"MultiPolygon","properties":{"name":"Puducherry","shapeGroup":"IND","gid":"IND-2-268"},"id":"IND-2-268"},{"arcs":[[[1036]],[[1037,1038,1039]]],"type":"MultiPolygon","properties":{"name":"Mahe","shapeGroup":"IND","gid":"IND-2-269"},"id":"IND-2-269"},{"arcs":[[1040,1041,1042,1043,1044,1045,1046,1047]],"type":"Polygon","properties":{"name":"Lunglei","shapeGroup":"IND","gid":"IND-2-270"},"id":"IND-2-270"},{"arcs":[[-938,-984,1048,1049]],"type":"Polygon","properties":{"name":"Kolasib","shapeGroup":"IND","gid":"IND-2-271"},"id":"IND-2-271"},{"arcs":[[[-1044,1050,1051]],[[-1042,1052,1053,1054]]],"type":"MultiPolygon","properties":{"name":"Lawngtlai","shapeGroup":"IND","gid":"IND-2-272"},"id":"IND-2-272"},{"arcs":[[-1043,-1055,1055,-1051]],"type":"Polygon","properties":{"name":"Saiha","shapeGroup":"IND","gid":"IND-2-273"},"id":"IND-2-273"},{"arcs":[[[1056,1057,1058]],[[1059,1060,1061]]],"type":"MultiPolygon","properties":{"name":"Champhai","shapeGroup":"IND","gid":"IND-2-274"},"id":"IND-2-274"},{"arcs":[[-1048,1062,1063,-1059,1064,1065]],"type":"Polygon","properties":{"name":"Serchhip","shapeGroup":"IND","gid":"IND-2-275"},"id":"IND-2-275"},{"arcs":[[-983,1066,1067,1068,-1063,-1047,1069,-1049]],"type":"Polygon","properties":{"name":"Aizawl","shapeGroup":"IND","gid":"IND-2-276"},"id":"IND-2-276"},{"arcs":[[-929,-939,-1050,-1070,-1046,1070,1071]],"type":"Polygon","properties":{"name":"Mamit","shapeGroup":"IND","gid":"IND-2-277"},"id":"IND-2-277"},{"arcs":[[1072,1073,1074,1075]],"type":"Polygon","properties":{"name":"Chandel","shapeGroup":"IND","gid":"IND-2-278"},"id":"IND-2-278"},{"arcs":[[-980,-1008,1076,1077,1078,1079,1080,1081]],"type":"Polygon","properties":{"name":"Tamenglong","shapeGroup":"IND","gid":"IND-2-279"},"id":"IND-2-279"},{"arcs":[[1082,1083,1084,1085,1086]],"type":"Polygon","properties":{"name":"Ukhrul","shapeGroup":"IND","gid":"IND-2-280"},"id":"IND-2-280"},{"arcs":[[1087,1088,1089,1090]],"type":"Polygon","properties":{"name":"Bishnupur","shapeGroup":"IND","gid":"IND-2-281"},"id":"IND-2-281"},{"arcs":[[-1075,1091,1092,1093,1094,-1088,1095]],"type":"Polygon","properties":{"name":"Churachandpur","shapeGroup":"IND","gid":"IND-2-282"},"id":"IND-2-282"},{"arcs":[[1096,1097,1098,1099,1100]],"type":"Polygon","properties":{"name":"Thoubal","shapeGroup":"IND","gid":"IND-2-283"},"id":"IND-2-283"},{"arcs":[[-1100,1101,1102],[1103]],"type":"Polygon","properties":{"name":"Imphal East","shapeGroup":"IND","gid":"IND-2-284"},"id":"IND-2-284"},{"arcs":[[[-1104]],[[-1079,1104,-1085,1105,1106,-1101,-1103,1107,-1089,-1095,1108]]],"type":"MultiPolygon","properties":{"name":"Kangpokpi","shapeGroup":"IND","gid":"IND-2-285"},"id":"IND-2-285"},{"arcs":[[-1090,-1108,-1102,-1099,1109]],"type":"Polygon","properties":{"name":"Imphal West","shapeGroup":"IND","gid":"IND-2-286"},"id":"IND-2-286"},{"arcs":[[-865,1110,1111,1112,-921,1113]],"type":"Polygon","properties":{"name":"Mon","shapeGroup":"IND","gid":"IND-2-287"},"id":"IND-2-287"},{"arcs":[[-1112,1114,1115,1116,1117,1118]],"type":"Polygon","properties":{"name":"Tuensang","shapeGroup":"IND","gid":"IND-2-288"},"id":"IND-2-288"},{"arcs":[[-923,1119,-1118,1120,1121,-1015]],"type":"Polygon","properties":{"name":"Mokokchung","shapeGroup":"IND","gid":"IND-2-289"},"id":"IND-2-289"},{"arcs":[[-922,-1113,-1119,-1120]],"type":"Polygon","properties":{"name":"Longleng","shapeGroup":"IND","gid":"IND-2-290"},"id":"IND-2-290"},{"arcs":[[-1087,1122,1123,1124,1125,1126]],"type":"Polygon","properties":{"name":"Phek","shapeGroup":"IND","gid":"IND-2-291"},"id":"IND-2-291"},{"arcs":[[-1124,1127,1128,1129,1130,1131]],"type":"Polygon","properties":{"name":"Kohima","shapeGroup":"IND","gid":"IND-2-292"},"id":"IND-2-292"},{"arcs":[[-1004,-1016,-1122,1132,-1131,1133]],"type":"Polygon","properties":{"name":"Wokha","shapeGroup":"IND","gid":"IND-2-293"},"id":"IND-2-293"},{"arcs":[[-1117,1134,-1125,-1132,-1133,-1121]],"type":"Polygon","properties":{"name":"Zunheboto","shapeGroup":"IND","gid":"IND-2-294"},"id":"IND-2-294"},{"arcs":[[-1116,1135,-1126,-1135]],"type":"Polygon","properties":{"name":"Kiphire","shapeGroup":"IND","gid":"IND-2-295"},"id":"IND-2-295"},{"arcs":[[-955,-1005,-1134,-1130,1136]],"type":"Polygon","properties":{"name":"Dimapur","shapeGroup":"IND","gid":"IND-2-296"},"id":"IND-2-296"},{"arcs":[[-956,-1137,-1129,1137,-1077,-1007]],"type":"Polygon","properties":{"name":"Peren","shapeGroup":"IND","gid":"IND-2-297"},"id":"IND-2-297"},{"arcs":[[1138,1139,1140,1141,1142]],"type":"Polygon","properties":{"name":"Khowai","shapeGroup":"IND","gid":"IND-2-298"},"id":"IND-2-298"},{"arcs":[[-1141,1143,1144,1145,1146]],"type":"Polygon","properties":{"name":"Sipahijula","shapeGroup":"IND","gid":"IND-2-299"},"id":"IND-2-299"},{"arcs":[[-1142,-1147,1147]],"type":"Polygon","properties":{"name":"West Tripura","shapeGroup":"IND","gid":"IND-2-300"},"id":"IND-2-300"},{"arcs":[[-1139,1148,1149,1150,1151,1152]],"type":"Polygon","properties":{"name":"Dhalai","shapeGroup":"IND","gid":"IND-2-301"},"id":"IND-2-301"},{"arcs":[[-1150,1153,1154]],"type":"Polygon","properties":{"name":"Unokoti","shapeGroup":"IND","gid":"IND-2-302"},"id":"IND-2-302"},{"arcs":[[-930,-1072,1155,-1151,-1155,1156]],"type":"Polygon","properties":{"name":"North Tripura","shapeGroup":"IND","gid":"IND-2-303"},"id":"IND-2-303"},{"arcs":[[-1140,-1153,1157,1158,-1144]],"type":"Polygon","properties":{"name":"Gomati","shapeGroup":"IND","gid":"IND-2-304"},"id":"IND-2-304"},{"arcs":[[-1145,-1159,1159]],"type":"Polygon","properties":{"name":"South Tripura","shapeGroup":"IND","gid":"IND-2-305"},"id":"IND-2-305"},{"arcs":[[1160,1161,1162,1163,1164]],"type":"Polygon","properties":{"name":"South Garo Hills","shapeGroup":"IND","gid":"IND-2-306"},"id":"IND-2-306"},{"arcs":[[-952,1165,1166,1167,-991,-1006]],"type":"Polygon","properties":{"name":"Ribhoi","shapeGroup":"IND","gid":"IND-2-307"},"id":"IND-2-307"},{"arcs":[[-1167,1168,1169,1170,1171,1172]],"type":"Polygon","properties":{"name":"East Khasi Hills","shapeGroup":"IND","gid":"IND-2-308"},"id":"IND-2-308"},{"arcs":[[-992,-1168,-1173,1173,-1163,1174,1175]],"type":"Polygon","properties":{"name":"West Khasi Hills","shapeGroup":"IND","gid":"IND-2-309"},"id":"IND-2-309"},{"arcs":[[-1164,-1174,-1172,1176]],"type":"Polygon","properties":{"name":"South West Khasi Hills","shapeGroup":"IND","gid":"IND-2-310"},"id":"IND-2-310"},{"arcs":[[-907,1177,1178,-1161,1179,1180,1181]],"type":"Polygon","properties":{"name":"West Garo Hills","shapeGroup":"IND","gid":"IND-2-311"},"id":"IND-2-311"},{"arcs":[[-1181,1182,1183]],"type":"Polygon","properties":{"name":"South West Garo Hills","shapeGroup":"IND","gid":"IND-2-312"},"id":"IND-2-312"},{"arcs":[[-978,1184,1185,-1009]],"type":"Polygon","properties":{"name":"East Jaintia Hills","shapeGroup":"IND","gid":"IND-2-313"},"id":"IND-2-313"},{"arcs":[[-1010,-1186,1186,-1170,1187]],"type":"Polygon","properties":{"name":"West Jaintia Hills","shapeGroup":"IND","gid":"IND-2-314"},"id":"IND-2-314"},{"arcs":[[-1162,-1179,1188,-1175]],"type":"Polygon","properties":{"name":"East Garo Hills","shapeGroup":"IND","gid":"IND-2-315"},"id":"IND-2-315"},{"arcs":[[-906,-993,-1176,-1189,-1178]],"type":"Polygon","properties":{"name":"North Garo Hills","shapeGroup":"IND","gid":"IND-2-316"},"id":"IND-2-316"},{"arcs":[[1189,1190,1191,1192,1193,1194]],"type":"Polygon","properties":{"name":"Bemetra","shapeGroup":"IND","gid":"IND-2-317"},"id":"IND-2-317"},{"arcs":[[1195,1196,1197,1198,1199,1200,1201]],"type":"Polygon","properties":{"name":"Bastar","shapeGroup":"IND","gid":"IND-2-318"},"id":"IND-2-318"},{"arcs":[[-60,1202,1203,-1195,1204]],"type":"Polygon","properties":{"name":"Mungeli","shapeGroup":"IND","gid":"IND-2-319"},"id":"IND-2-319"},{"arcs":[[-59,-190,1205,1206,1207,1208,-1203]],"type":"Polygon","properties":{"name":"Bilaspur","shapeGroup":"IND","gid":"IND-2-320"},"id":"IND-2-320"},{"arcs":[[1209,1210,1211,1212,1213,1214]],"type":"Polygon","properties":{"name":"Gariaband","shapeGroup":"IND","gid":"IND-2-321"},"id":"IND-2-321"},{"arcs":[[-61,-1205,-1194,1215,-63,-177]],"type":"Polygon","properties":{"name":"Kabeerdham","shapeGroup":"IND","gid":"IND-2-322"},"id":"IND-2-322"},{"arcs":[[-1197,1216,1217,1218,1219]],"type":"Polygon","properties":{"name":"Sukma","shapeGroup":"IND","gid":"IND-2-323"},"id":"IND-2-323"},{"arcs":[[1220,1221,1222,1223,1224,1225]],"type":"Polygon","properties":{"name":"Uttar Bastar Kanker","shapeGroup":"IND","gid":"IND-2-324"},"id":"IND-2-324"},{"arcs":[[-1198,-1220,1226]],"type":"Polygon","properties":{"name":"Dakshin Bastar Dantewada","shapeGroup":"IND","gid":"IND-2-325"},"id":"IND-2-325"},{"arcs":[[1227,1228,1229,1230,1231,1232]],"type":"Polygon","properties":{"name":"Surguja","shapeGroup":"IND","gid":"IND-2-326"},"id":"IND-2-326"},{"arcs":[[-170,1233,-589,-526,-585,1234,-1230,1235,1236]],"type":"Polygon","properties":{"name":"Balrampur","shapeGroup":"IND","gid":"IND-2-327"},"id":"IND-2-327"},{"arcs":[[-1200,1237,1238,-1224,1239,1240]],"type":"Polygon","properties":{"name":"Kondagaon","shapeGroup":"IND","gid":"IND-2-328"},"id":"IND-2-328"},{"arcs":[[-1225,-1239,1241,1242]],"type":"Polygon","properties":{"name":"Narayanpur","shapeGroup":"IND","gid":"IND-2-329"},"id":"IND-2-329"},{"arcs":[[-1192,1243,1244,1245,1246]],"type":"Polygon","properties":{"name":"Durg","shapeGroup":"IND","gid":"IND-2-330"},"id":"IND-2-330"},{"arcs":[[-1229,1247,-1236]],"type":"Polygon","properties":{"name":"Surajpur","shapeGroup":"IND","gid":"IND-2-331"},"id":"IND-2-331"},{"arcs":[[-1199,-1227,-1219,1248,1249,1250,1251,-1242,-1238]],"type":"Polygon","properties":{"name":"Bijapur","shapeGroup":"IND","gid":"IND-2-332"},"id":"IND-2-332"},{"arcs":[[-1191,1252,1253,-1210,1254,-1244]],"type":"Polygon","properties":{"name":"Raipur","shapeGroup":"IND","gid":"IND-2-333"},"id":"IND-2-333"},{"arcs":[[-1190,-1204,-1209,1255,1256,1257,-1253]],"type":"Polygon","properties":{"name":"Baloda Bazar","shapeGroup":"IND","gid":"IND-2-334"},"id":"IND-2-334"},{"arcs":[[-1222,1258,-1246,1259]],"type":"Polygon","properties":{"name":"Balod","shapeGroup":"IND","gid":"IND-2-335"},"id":"IND-2-335"},{"arcs":[[-163,-171,-1237,-1248,-1228,1260,1261,-188,-191]],"type":"Polygon","properties":{"name":"Koriya","shapeGroup":"IND","gid":"IND-2-336"},"id":"IND-2-336"},{"arcs":[[-1215,1262,-1240,-1223,-1260,-1245,-1255]],"type":"Polygon","properties":{"name":"Dhamtari","shapeGroup":"IND","gid":"IND-2-337"},"id":"IND-2-337"},{"arcs":[[-1207,1263,-1261,-1233,1264,1265]],"type":"Polygon","properties":{"name":"Korba","shapeGroup":"IND","gid":"IND-2-338"},"id":"IND-2-338"},{"arcs":[[-1232,1266,1267,1268,1269,1270,-1257,1271,-1265]],"type":"Polygon","properties":{"name":"Raigarh","shapeGroup":"IND","gid":"IND-2-339"},"id":"IND-2-339"},{"arcs":[[-519,1272,-1267,-1231,-1235,-584]],"type":"Polygon","properties":{"name":"Jashpur","shapeGroup":"IND","gid":"IND-2-340"},"id":"IND-2-340"},{"arcs":[[-1211,-1254,-1258,-1271,1273,1274]],"type":"Polygon","properties":{"name":"Mahasamund","shapeGroup":"IND","gid":"IND-2-341"},"id":"IND-2-341"},{"arcs":[[-1208,-1266,-1272,-1256]],"type":"Polygon","properties":{"name":"Janjgir-Champa","shapeGroup":"IND","gid":"IND-2-342"},"id":"IND-2-342"},{"arcs":[[-64,-1216,-1193,-1247,-1259,-1221,1275,1276]],"type":"Polygon","properties":{"name":"Rajnandgaon","shapeGroup":"IND","gid":"IND-2-343"},"id":"IND-2-343"},{"arcs":[[1277,1278,1279,1280,1281]],"type":"Polygon","properties":{"name":"Nainital","shapeGroup":"IND","gid":"IND-2-344"},"id":"IND-2-344"},{"arcs":[[-205,-227,1282,1283,1284,1285,1286]],"type":"Polygon","properties":{"name":"Dehradun","shapeGroup":"IND","gid":"IND-2-345"},"id":"IND-2-345"},{"arcs":[[-1280,1287,1288,1289,1290,1291]],"type":"Polygon","properties":{"name":"Almora","shapeGroup":"IND","gid":"IND-2-346"},"id":"IND-2-346"},{"arcs":[[-1281,-1292,1292,1293,1294]],"type":"Polygon","properties":{"name":"Champawat","shapeGroup":"IND","gid":"IND-2-347"},"id":"IND-2-347"},{"arcs":[[-211,1295,1296,1297,1298,-1283,-226]],"type":"Polygon","properties":{"name":"Uttarkashi","shapeGroup":"IND","gid":"IND-2-348"},"id":"IND-2-348"},{"arcs":[[-1279,1299,1300,-1285,1301,1302,1303,-1288]],"type":"Polygon","properties":{"name":"Garhwal","shapeGroup":"IND","gid":"IND-2-349"},"id":"IND-2-349"},{"arcs":[[-1286,-1301,1304,1305,1306]],"type":"Polygon","properties":{"name":"Hardwar","shapeGroup":"IND","gid":"IND-2-350"},"id":"IND-2-350"},{"arcs":[[-1298,1307,-1303,1308]],"type":"Polygon","properties":{"name":"Rudraprayag","shapeGroup":"IND","gid":"IND-2-351"},"id":"IND-2-351"},{"arcs":[[-1284,-1299,-1309,-1302]],"type":"Polygon","properties":{"name":"Tehri Garhwal","shapeGroup":"IND","gid":"IND-2-352"},"id":"IND-2-352"},{"arcs":[[-1290,1309,1310]],"type":"Polygon","properties":{"name":"Bageshwar","shapeGroup":"IND","gid":"IND-2-353"},"id":"IND-2-353"},{"arcs":[[-1291,-1311,1311,1312,-1293]],"type":"Polygon","properties":{"name":"Pithoragarh","shapeGroup":"IND","gid":"IND-2-354"},"id":"IND-2-354"},{"arcs":[[-1289,-1304,-1308,-1297,1313,-1312,-1310]],"type":"Polygon","properties":{"name":"Chamoli","shapeGroup":"IND","gid":"IND-2-355"},"id":"IND-2-355"},{"arcs":[[-1282,-1295,1314,1315,1316,1317,1318,1319]],"type":"Polygon","properties":{"name":"Udham Singh Nagar","shapeGroup":"IND","gid":"IND-2-356"},"id":"IND-2-356"},{"arcs":[[-1039,1320,1321,1322,1323,1324],[-1037]],"type":"Polygon","properties":{"name":"Kannur","shapeGroup":"IND","gid":"IND-2-357"},"id":"IND-2-357"},{"arcs":[[1325,1326,1327,1328,1329]],"type":"Polygon","properties":{"name":"Pathanamthitta","shapeGroup":"IND","gid":"IND-2-358"},"id":"IND-2-358"},{"arcs":[[-1327,1330,1331,1332,1333]],"type":"Polygon","properties":{"name":"Alappuzha","shapeGroup":"IND","gid":"IND-2-359"},"id":"IND-2-359"},{"arcs":[[-1333,1334,1335,1336,1337,1338]],"type":"Polygon","properties":{"name":"Ernakulam","shapeGroup":"IND","gid":"IND-2-360"},"id":"IND-2-360"},{"arcs":[[-1326,1339,1340,1341,1342,-1331]],"type":"Polygon","properties":{"name":"Kollam","shapeGroup":"IND","gid":"IND-2-361"},"id":"IND-2-361"},{"arcs":[[-1322,1343,1344,1345]],"type":"Polygon","properties":{"name":"Kasaragod","shapeGroup":"IND","gid":"IND-2-362"},"id":"IND-2-362"},{"arcs":[[-1329,1346,-1338,1347,1348,1349,1350,1351,1352]],"type":"Polygon","properties":{"name":"Idukki","shapeGroup":"IND","gid":"IND-2-363"},"id":"IND-2-363"},{"arcs":[[-1040,-1325,1353,1354,1355]],"type":"Polygon","properties":{"name":"Kozhikode","shapeGroup":"IND","gid":"IND-2-364"},"id":"IND-2-364"},{"arcs":[[-1328,-1334,-1339,-1347]],"type":"Polygon","properties":{"name":"Kottayam","shapeGroup":"IND","gid":"IND-2-365"},"id":"IND-2-365"},{"arcs":[[-1336,1356,1357,1358,1359]],"type":"Polygon","properties":{"name":"Thrissur","shapeGroup":"IND","gid":"IND-2-366"},"id":"IND-2-366"},{"arcs":[[-1359,1360,1361,1362]],"type":"Polygon","properties":{"name":"Palakkad","shapeGroup":"IND","gid":"IND-2-367"},"id":"IND-2-367"},{"arcs":[[-1342,1363,1364,1365]],"type":"Polygon","properties":{"name":"Thiruvananthapuram","shapeGroup":"IND","gid":"IND-2-368"},"id":"IND-2-368"},{"arcs":[[-1355,1366,1367,-1361,-1358,1368]],"type":"Polygon","properties":{"name":"Malappuram","shapeGroup":"IND","gid":"IND-2-369"},"id":"IND-2-369"},{"arcs":[[-1324,1369,1370,1371,1372,-1367,-1354]],"type":"Polygon","properties":{"name":"Wayanad","shapeGroup":"IND","gid":"IND-2-370"},"id":"IND-2-370"},{"arcs":[[[1373]],[[1374]],[[1375]],[[1376]],[[1377]]],"type":"MultiPolygon","properties":{"name":"Lakshadweep","shapeGroup":"IND","gid":"IND-2-371"},"id":"IND-2-371"},{"arcs":[[1378,1379,1380,1381]],"type":"Polygon","properties":{"name":"North District","shapeGroup":"IND","gid":"IND-2-372"},"id":"IND-2-372"},{"arcs":[[-1380,1382,1383,1384,1385]],"type":"Polygon","properties":{"name":"South District","shapeGroup":"IND","gid":"IND-2-373"},"id":"IND-2-373"},{"arcs":[[-1381,-1386,1386,1387]],"type":"Polygon","properties":{"name":"West District","shapeGroup":"IND","gid":"IND-2-374"},"id":"IND-2-374"},{"arcs":[[-1379,1388,1389,-1383]],"type":"Polygon","properties":{"name":"East District","shapeGroup":"IND","gid":"IND-2-375"},"id":"IND-2-375"},{"arcs":[[1390,1391,1392,1393,1394]],"type":"Polygon","properties":{"name":"Nadia","shapeGroup":"IND","gid":"IND-2-376"},"id":"IND-2-376"},{"arcs":[[1395,1396,1397]],"type":"Polygon","properties":{"name":"Dakshin Dinajpur","shapeGroup":"IND","gid":"IND-2-377"},"id":"IND-2-377"},{"arcs":[[-559,1398,1399,-1395,1400,1401,-593]],"type":"Polygon","properties":{"name":"Murshidabad","shapeGroup":"IND","gid":"IND-2-378"},"id":"IND-2-378"},{"arcs":[[1402,1403,1404]],"type":"Polygon","properties":{"name":"Kolkata","shapeGroup":"IND","gid":"IND-2-379"},"id":"IND-2-379"},{"arcs":[[-564,-708,1405,-1396,1406,-1399]],"type":"Polygon","properties":{"name":"Maldah","shapeGroup":"IND","gid":"IND-2-380"},"id":"IND-2-380"},{"arcs":[[-1405,1407,1408,1409,1410]],"type":"Polygon","properties":{"name":"South Twenty Four Parganas","shapeGroup":"IND","gid":"IND-2-381"},"id":"IND-2-381"},{"arcs":[[-617,1411,-1387,-1385,1412,1413,1414,1415]],"type":"Polygon","properties":{"name":"Darjiling","shapeGroup":"IND","gid":"IND-2-382"},"id":"IND-2-382"},{"arcs":[[-1414,1416,1417,1418,1419,1420]],"type":"Polygon","properties":{"name":"Jalpaiguri","shapeGroup":"IND","gid":"IND-2-383"},"id":"IND-2-383"},{"arcs":[[-609,-618,-1416,1421,-1397,-1406,-707]],"type":"Polygon","properties":{"name":"Uttar Dinajpur","shapeGroup":"IND","gid":"IND-2-384"},"id":"IND-2-384"},{"arcs":[[-1410,1422,1423,1424,1425]],"type":"Polygon","properties":{"name":"Purba Medinipur","shapeGroup":"IND","gid":"IND-2-385"},"id":"IND-2-385"},{"arcs":[[-1403,-1411,-1426,1426,1427,1428]],"type":"Polygon","properties":{"name":"Haora","shapeGroup":"IND","gid":"IND-2-386"},"id":"IND-2-386"},{"arcs":[[-1392,1429,-1408,-1404,-1429,1430]],"type":"Polygon","properties":{"name":"North Twenty Four Parganas","shapeGroup":"IND","gid":"IND-2-387"},"id":"IND-2-387"},{"arcs":[[-507,-579,-594,-1402,1431,1432]],"type":"Polygon","properties":{"name":"Birbhum","shapeGroup":"IND","gid":"IND-2-388"},"id":"IND-2-388"},{"arcs":[[-1394,1433,1434,1435,-1432,-1401]],"type":"Polygon","properties":{"name":"Barddhaman","shapeGroup":"IND","gid":"IND-2-389"},"id":"IND-2-389"},{"arcs":[[-1435,1436,1437,1438,1439,1440]],"type":"Polygon","properties":{"name":"Bankura","shapeGroup":"IND","gid":"IND-2-390"},"id":"IND-2-390"},{"arcs":[[-514,-592,-587,-580,-574,1441,-1440,1442,-546]],"type":"Polygon","properties":{"name":"Puruliya","shapeGroup":"IND","gid":"IND-2-391"},"id":"IND-2-391"},{"arcs":[[-916,1443,-1420,1444]],"type":"Polygon","properties":{"name":"Koch Bihar","shapeGroup":"IND","gid":"IND-2-392"},"id":"IND-2-392"},{"arcs":[[-1425,1445,1446,-1438,1447,-1427]],"type":"Polygon","properties":{"name":"Paschim Medinipur","shapeGroup":"IND","gid":"IND-2-393"},"id":"IND-2-393"},{"arcs":[[-1393,-1431,-1428,-1448,-1437,-1434]],"type":"Polygon","properties":{"name":"Hugli","shapeGroup":"IND","gid":"IND-2-394"},"id":"IND-2-394"},{"arcs":[[-219,-233,1448,1449,-303]],"type":"Polygon","properties":{"name":"Pathankot","shapeGroup":"IND","gid":"IND-2-395"},"id":"IND-2-395"},{"arcs":[[-232,1450,1451,1452,1453,-1449]],"type":"Polygon","properties":{"name":"Gurdaspur","shapeGroup":"IND","gid":"IND-2-396"},"id":"IND-2-396"},{"arcs":[[[-749,-772,1454,1455,1456,-795,-765,-797,-763]],[[1457]]],"type":"MultiPolygon","properties":{"name":"Patiala","shapeGroup":"IND","gid":"IND-2-397"},"id":"IND-2-397"},{"arcs":[[1458,1459,1460,1461]],"type":"Polygon","properties":{"name":"Tarn Taran","shapeGroup":"IND","gid":"IND-2-398"},"id":"IND-2-398"},{"arcs":[[[-1452,1462,1463,1464,-1462,1465]],[[1466,1467,1468]]],"type":"MultiPolygon","properties":{"name":"Kapurthala","shapeGroup":"IND","gid":"IND-2-399"},"id":"IND-2-399"},{"arcs":[[-1456,1469,1470,1471,1472]],"type":"Polygon","properties":{"name":"Fatehgarh Sahib","shapeGroup":"IND","gid":"IND-2-400"},"id":"IND-2-400"},{"arcs":[[-771,-784,1473,1474,1475,-1470,-1455],[-1458]],"type":"Polygon","properties":{"name":"Sangrur","shapeGroup":"IND","gid":"IND-2-401"},"id":"IND-2-401"},{"arcs":[[-783,-791,1476,1477,-1474]],"type":"Polygon","properties":{"name":"Mansa","shapeGroup":"IND","gid":"IND-2-402"},"id":"IND-2-402"},{"arcs":[[-1453,-1466,-1461,1478]],"type":"Polygon","properties":{"name":"Amritsar","shapeGroup":"IND","gid":"IND-2-403"},"id":"IND-2-403"},{"arcs":[[1479,1480,1481,1482,1483]],"type":"Polygon","properties":{"name":"Faridkot","shapeGroup":"IND","gid":"IND-2-404"},"id":"IND-2-404"},{"arcs":[[-1471,-1476,1484,1485,1486,1487,1488]],"type":"Polygon","properties":{"name":"Ludhiana","shapeGroup":"IND","gid":"IND-2-405"},"id":"IND-2-405"},{"arcs":[[-790,1489,-1480,1490,1491,-1477]],"type":"Polygon","properties":{"name":"Bathinda","shapeGroup":"IND","gid":"IND-2-406"},"id":"IND-2-406"},{"arcs":[[-1464,1492,-1468,1493,-1487,1494,1495]],"type":"Polygon","properties":{"name":"Jalandhar","shapeGroup":"IND","gid":"IND-2-407"},"id":"IND-2-407"},{"arcs":[[-789,1496,1497,-1481,-1490]],"type":"Polygon","properties":{"name":"Muktsar","shapeGroup":"IND","gid":"IND-2-408"},"id":"IND-2-408"},{"arcs":[[-1484,1498,-1495,-1486,1499,-1491]],"type":"Polygon","properties":{"name":"Moga","shapeGroup":"IND","gid":"IND-2-409"},"id":"IND-2-409"},{"arcs":[[-192,1500,1501,-1469,-1493,-1463,-1451,-231]],"type":"Polygon","properties":{"name":"Hoshiarpur","shapeGroup":"IND","gid":"IND-2-410"},"id":"IND-2-410"},{"arcs":[[-196,-230,-199,1502,-1472,-1489,1503,-1501]],"type":"Polygon","properties":{"name":"Rupnagar","shapeGroup":"IND","gid":"IND-2-411"},"id":"IND-2-411"},{"arcs":[[-1459,-1465,-1496,-1499,-1483,1504,1505]],"type":"Polygon","properties":{"name":"Firozpur","shapeGroup":"IND","gid":"IND-2-412"},"id":"IND-2-412"},{"arcs":[[-1482,-1498,1506,1507,1508,-1505]],"type":"Polygon","properties":{"name":"Fazilka","shapeGroup":"IND","gid":"IND-2-413"},"id":"IND-2-413"},{"arcs":[[-1475,-1478,-1492,-1500,-1485]],"type":"Polygon","properties":{"name":"Barnala","shapeGroup":"IND","gid":"IND-2-414"},"id":"IND-2-414"},{"arcs":[[-198,-729,-798,-727,-796,-1457,-1473,-1503]],"type":"Polygon","properties":{"name":"Sahibzada Ajit Singh Nagar","shapeGroup":"IND","gid":"IND-2-415"},"id":"IND-2-415"},{"arcs":[[-1467,-1502,-1504,-1488,-1494]],"type":"Polygon","properties":{"name":"Shahid Bhagat Singh Nagar","shapeGroup":"IND","gid":"IND-2-416"},"id":"IND-2-416"},{"arcs":[[1509,1510,1511,1512,1513]],"type":"Polygon","properties":{"name":"Mandya","shapeGroup":"IND","gid":"IND-2-417"},"id":"IND-2-417"},{"arcs":[[-1371,1514,1515,-1514,1516]],"type":"Polygon","properties":{"name":"Mysore","shapeGroup":"IND","gid":"IND-2-418"},"id":"IND-2-418"},{"arcs":[[-471,1517,1518,1519,-493]],"type":"Polygon","properties":{"name":"Chikkaballapura","shapeGroup":"IND","gid":"IND-2-419"},"id":"IND-2-419"},{"arcs":[[1520,1521,1522,1523]],"type":"Polygon","properties":{"name":"Yadgir","shapeGroup":"IND","gid":"IND-2-420"},"id":"IND-2-420"},{"arcs":[[1524,1525,1526,1527,1528,1529,1530]],"type":"Polygon","properties":{"name":"Chikmagalur","shapeGroup":"IND","gid":"IND-2-421"},"id":"IND-2-421"},{"arcs":[[-495,1531,-1529,1532,1533,-497,1534]],"type":"Polygon","properties":{"name":"Chitradurga","shapeGroup":"IND","gid":"IND-2-422"},"id":"IND-2-422"},{"arcs":[[1535,1536,1537,1538,1539,1540]],"type":"Polygon","properties":{"name":"Haveri","shapeGroup":"IND","gid":"IND-2-423"},"id":"IND-2-423"},{"arcs":[[-1345,1541,1542,-1525,1543,1544]],"type":"Polygon","properties":{"name":"Dakshina Kannada","shapeGroup":"IND","gid":"IND-2-424"},"id":"IND-2-424"},{"arcs":[[-482,1545,1546,1547,1548,-1522,1549,1550]],"type":"Polygon","properties":{"name":"Raichur","shapeGroup":"IND","gid":"IND-2-425"},"id":"IND-2-425"},{"arcs":[[-470,1551,1552,-1518]],"type":"Polygon","properties":{"name":"Kolar","shapeGroup":"IND","gid":"IND-2-426"},"id":"IND-2-426"},{"arcs":[[-1523,-1549,1553,1554,1555,1556,1557]],"type":"Polygon","properties":{"name":"Bijapur","shapeGroup":"IND","gid":"IND-2-427"},"id":"IND-2-427"},{"arcs":[[-802,1558,1559,-1541,1560,1561,1562,-804]],"type":"Polygon","properties":{"name":"Uttara Kannada","shapeGroup":"IND","gid":"IND-2-428"},"id":"IND-2-428"},{"arcs":[[-1528,1563,-1539,1564,-1533]],"type":"Polygon","properties":{"name":"Davanagere","shapeGroup":"IND","gid":"IND-2-429"},"id":"IND-2-429"},{"arcs":[[-1536,-1560,1565,1566]],"type":"Polygon","properties":{"name":"Dharwad","shapeGroup":"IND","gid":"IND-2-430"},"id":"IND-2-430"},{"arcs":[[1567,1568,1569,1570,1571,1572]],"type":"Polygon","properties":{"name":"Bidar","shapeGroup":"IND","gid":"IND-2-431"},"id":"IND-2-431"},{"arcs":[[-1372,-1517,-1513,1573,1574,1575,1576,1577]],"type":"Polygon","properties":{"name":"Chamarajanagar","shapeGroup":"IND","gid":"IND-2-432"},"id":"IND-2-432"},{"arcs":[[-1524,-1558,1578,1579,-1571,1580,1581,1582]],"type":"Polygon","properties":{"name":"Gulbarga","shapeGroup":"IND","gid":"IND-2-433"},"id":"IND-2-433"},{"arcs":[[-1537,-1567,1583,1584,1585,1586]],"type":"Polygon","properties":{"name":"Gadag","shapeGroup":"IND","gid":"IND-2-434"},"id":"IND-2-434"},{"arcs":[[-1526,-1543,1587,-1562,1588]],"type":"Polygon","properties":{"name":"Udupi","shapeGroup":"IND","gid":"IND-2-435"},"id":"IND-2-435"},{"arcs":[[-1548,1589,-1585,1590,-1554]],"type":"Polygon","properties":{"name":"Bagalkot","shapeGroup":"IND","gid":"IND-2-436"},"id":"IND-2-436"},{"arcs":[[-1510,-1516,1591,-1544,-1531,1592]],"type":"Polygon","properties":{"name":"Hassan","shapeGroup":"IND","gid":"IND-2-437"},"id":"IND-2-437"},{"arcs":[[-1527,-1589,-1561,-1540,-1564]],"type":"Polygon","properties":{"name":"Shimoga","shapeGroup":"IND","gid":"IND-2-438"},"id":"IND-2-438"},{"arcs":[[-481,-498,-1534,-1565,-1538,-1587,1593,-1546]],"type":"Polygon","properties":{"name":"Bellary","shapeGroup":"IND","gid":"IND-2-439"},"id":"IND-2-439"},{"arcs":[[-1323,-1346,-1545,-1592,-1515,-1370]],"type":"Polygon","properties":{"name":"Kodagu","shapeGroup":"IND","gid":"IND-2-440"},"id":"IND-2-440"},{"arcs":[[-1519,-1553,1594,1595,1596,1597]],"type":"Polygon","properties":{"name":"Bangalore Rural","shapeGroup":"IND","gid":"IND-2-441"},"id":"IND-2-441"},{"arcs":[[[-494,-1520,-1598,1598,-1511,-1593,-1530,-1532]],[[-496,-1535]]],"type":"MultiPolygon","properties":{"name":"Tumkur","shapeGroup":"IND","gid":"IND-2-442"},"id":"IND-2-442"},{"arcs":[[-801,1599,1600,1601,-1555,-1591,-1584,-1566,-1559]],"type":"Polygon","properties":{"name":"Belgaum","shapeGroup":"IND","gid":"IND-2-443"},"id":"IND-2-443"},{"arcs":[[-1547,-1594,-1586,-1590]],"type":"Polygon","properties":{"name":"Koppal","shapeGroup":"IND","gid":"IND-2-444"},"id":"IND-2-444"},{"arcs":[[-1596,1602,1603]],"type":"Polygon","properties":{"name":"Bangalore","shapeGroup":"IND","gid":"IND-2-445"},"id":"IND-2-445"},{"arcs":[[-1512,-1599,-1597,-1604,1604,-1574]],"type":"Polygon","properties":{"name":"Ramanagara","shapeGroup":"IND","gid":"IND-2-446"},"id":"IND-2-446"},{"arcs":[[1605,1606,1607,1608,1609]],"type":"Polygon","properties":{"name":"Washim","shapeGroup":"IND","gid":"IND-2-447"},"id":"IND-2-447"},{"arcs":[[1610,1611,1612,1613,1614,1615,1616]],"type":"Polygon","properties":{"name":"Ahmadnagar","shapeGroup":"IND","gid":"IND-2-448"},"id":"IND-2-448"},{"arcs":[[-1573,1617,1618,1619,1620]],"type":"Polygon","properties":{"name":"Latur","shapeGroup":"IND","gid":"IND-2-449"},"id":"IND-2-449"},{"arcs":[[-1557,1621,1622,1623,-1616,1624,-1579]],"type":"Polygon","properties":{"name":"Solapur","shapeGroup":"IND","gid":"IND-2-450"},"id":"IND-2-450"},{"arcs":[[-389,1625,1626,1627,-1612,1628,1629,-424,-408]],"type":"Polygon","properties":{"name":"Nashik","shapeGroup":"IND","gid":"IND-2-451"},"id":"IND-2-451"},{"arcs":[[-1572,-1580,-1625,-1615,1630,-1618]],"type":"Polygon","properties":{"name":"Osmanabad","shapeGroup":"IND","gid":"IND-2-452"},"id":"IND-2-452"},{"arcs":[[-800,1631,1632,1633,-1600]],"type":"Polygon","properties":{"name":"Sindhudurg","shapeGroup":"IND","gid":"IND-2-453"},"id":"IND-2-453"},{"arcs":[[-1601,-1634,1634,1635]],"type":"Polygon","properties":{"name":"Kolhapur","shapeGroup":"IND","gid":"IND-2-454"},"id":"IND-2-454"},{"arcs":[[1636,1637,1638,1639,1640,1641,1642]],"type":"Polygon","properties":{"name":"Chandrapur","shapeGroup":"IND","gid":"IND-2-455"},"id":"IND-2-455"},{"arcs":[[-1606,1643,1644]],"type":"Polygon","properties":{"name":"Akola","shapeGroup":"IND","gid":"IND-2-456"},"id":"IND-2-456"},{"arcs":[[-1620,1645,1646,1647,1648]],"type":"Polygon","properties":{"name":"Parbhani","shapeGroup":"IND","gid":"IND-2-457"},"id":"IND-2-457"},{"arcs":[[-1608,1649,1650,-1639,1651,1652,1653]],"type":"Polygon","properties":{"name":"Yavatmal","shapeGroup":"IND","gid":"IND-2-458"},"id":"IND-2-458"},{"arcs":[[-1568,-1621,-1649,1654,-1653,1655,1656,1657,1658]],"type":"Polygon","properties":{"name":"Nanded","shapeGroup":"IND","gid":"IND-2-459"},"id":"IND-2-459"},{"arcs":[[-75,1659,-1626,-388,-421,1660]],"type":"Polygon","properties":{"name":"Dhule","shapeGroup":"IND","gid":"IND-2-460"},"id":"IND-2-460"},{"arcs":[[-1623,1661,1662,1663,1664]],"type":"Polygon","properties":{"name":"Satara","shapeGroup":"IND","gid":"IND-2-461"},"id":"IND-2-461"},{"arcs":[[-1556,-1602,-1636,1665,-1662,-1622]],"type":"Polygon","properties":{"name":"Sangli","shapeGroup":"IND","gid":"IND-2-462"},"id":"IND-2-462"},{"arcs":[[-1609,-1654,-1655,-1648,1666,1667]],"type":"Polygon","properties":{"name":"Hingoli","shapeGroup":"IND","gid":"IND-2-463"},"id":"IND-2-463"},{"arcs":[[-1617,-1624,-1665,1668,1669]],"type":"Polygon","properties":{"name":"Pune","shapeGroup":"IND","gid":"IND-2-464"},"id":"IND-2-464"},{"arcs":[[-65,-1277,1670,1671]],"type":"Polygon","properties":{"name":"Gondiya","shapeGroup":"IND","gid":"IND-2-465"},"id":"IND-2-465"},{"arcs":[[-14,1672,1673,-1650,-1607,-1645,1674,-184,-153,-18]],"type":"Polygon","properties":{"name":"Amravati","shapeGroup":"IND","gid":"IND-2-466"},"id":"IND-2-466"},{"arcs":[[-70,-1661,-420,-359,-322,-165]],"type":"Polygon","properties":{"name":"Nandurbar","shapeGroup":"IND","gid":"IND-2-467"},"id":"IND-2-467"},{"arcs":[[-1633,1675,1676,-1663,-1666,-1635]],"type":"Polygon","properties":{"name":"Ratnagiri","shapeGroup":"IND","gid":"IND-2-468"},"id":"IND-2-468"},{"arcs":[[-1640,-1651,-1674,1677]],"type":"Polygon","properties":{"name":"Wardha","shapeGroup":"IND","gid":"IND-2-469"},"id":"IND-2-469"},{"arcs":[[-1613,-1628,1678,1679,1680]],"type":"Polygon","properties":{"name":"Aurangabad","shapeGroup":"IND","gid":"IND-2-470"},"id":"IND-2-470"},{"arcs":[[-185,-1675,-1644,-1610,-1668,1681,1682]],"type":"Polygon","properties":{"name":"Buldana","shapeGroup":"IND","gid":"IND-2-471"},"id":"IND-2-471"},{"arcs":[[-1226,-1243,-1252,1683,1684,1685,-1643,1686,-1671,-1276]],"type":"Polygon","properties":{"name":"Gadchiroli","shapeGroup":"IND","gid":"IND-2-472"},"id":"IND-2-472"},{"arcs":[[-74,-128,-186,-1683,1687,-1679,-1627,-1660]],"type":"Polygon","properties":{"name":"Jalgaon","shapeGroup":"IND","gid":"IND-2-473"},"id":"IND-2-473"},{"arcs":[[-1664,-1677,1688,1689,-1669]],"type":"Polygon","properties":{"name":"Raigarh","shapeGroup":"IND","gid":"IND-2-474"},"id":"IND-2-474"},{"arcs":[[-66,-1672,-1687,-1642,1690]],"type":"Polygon","properties":{"name":"Bhandara","shapeGroup":"IND","gid":"IND-2-475"},"id":"IND-2-475"},{"arcs":[[-1614,-1681,1691,-1646,-1619,-1631]],"type":"Polygon","properties":{"name":"Bid","shapeGroup":"IND","gid":"IND-2-476"},"id":"IND-2-476"},{"arcs":[[-1647,-1692,-1680,-1688,-1682,-1667]],"type":"Polygon","properties":{"name":"Jalna","shapeGroup":"IND","gid":"IND-2-477"},"id":"IND-2-477"},{"arcs":[[-1611,-1670,-1690,1692,1693,1694,1695,-1629]],"type":"Polygon","properties":{"name":"Thane","shapeGroup":"IND","gid":"IND-2-478"},"id":"IND-2-478"},{"arcs":[[-425,-1630,-1696,1696,-427,-436]],"type":"Polygon","properties":{"name":"Palghar","shapeGroup":"IND","gid":"IND-2-479"},"id":"IND-2-479"},{"arcs":[[1697,1698]],"type":"Polygon","properties":{"name":"Mumbai","shapeGroup":"IND","gid":"IND-2-480"},"id":"IND-2-480"},{"arcs":[[-1694,1699,-1699,1700]],"type":"Polygon","properties":{"name":"Mumbai Suburban","shapeGroup":"IND","gid":"IND-2-481"},"id":"IND-2-481"},{"arcs":[[-13,-152,-67,-1691,-1641,-1678,-1673]],"type":"Polygon","properties":{"name":"Nagpur","shapeGroup":"IND","gid":"IND-2-482"},"id":"IND-2-482"},{"arcs":[[1701,1702,1703,1704,1705]],"type":"Polygon","properties":{"name":"Subarnapur","shapeGroup":"IND","gid":"IND-2-483"},"id":"IND-2-483"},{"arcs":[[1706,1707,1708,1709,1710]],"type":"Polygon","properties":{"name":"Puri","shapeGroup":"IND","gid":"IND-2-484"},"id":"IND-2-484"},{"arcs":[[-1702,1711,1712,1713,1714,1715,1716,1717,1718]],"type":"Polygon","properties":{"name":"Anugul","shapeGroup":"IND","gid":"IND-2-485"},"id":"IND-2-485"},{"arcs":[[-1713,1719,1720]],"type":"Polygon","properties":{"name":"Debagarh","shapeGroup":"IND","gid":"IND-2-486"},"id":"IND-2-486"},{"arcs":[[-458,1721,-1202,1722,1723,1724,-490]],"type":"Polygon","properties":{"name":"Koraput","shapeGroup":"IND","gid":"IND-2-487"},"id":"IND-2-487"},{"arcs":[[-1201,-1241,-1263,-1214,1725,-1723]],"type":"Polygon","properties":{"name":"Nabarangapur","shapeGroup":"IND","gid":"IND-2-488"},"id":"IND-2-488"},{"arcs":[[-1270,1726,1727,-1705,1728,1729,-1274]],"type":"Polygon","properties":{"name":"Bargarh","shapeGroup":"IND","gid":"IND-2-489"},"id":"IND-2-489"},{"arcs":[[-1708,1730,1731,1732]],"type":"Polygon","properties":{"name":"Jagatsinghapur","shapeGroup":"IND","gid":"IND-2-490"},"id":"IND-2-490"},{"arcs":[[1733,1734,1735,1736,1737,1738,1739]],"type":"Polygon","properties":{"name":"Kandhamal","shapeGroup":"IND","gid":"IND-2-491"},"id":"IND-2-491"},{"arcs":[[-1711,1740,1741,1742]],"type":"Polygon","properties":{"name":"Khordha","shapeGroup":"IND","gid":"IND-2-492"},"id":"IND-2-492"},{"arcs":[[-510,-548,1743,1744,1745,-530]],"type":"Polygon","properties":{"name":"Mayurbhanj","shapeGroup":"IND","gid":"IND-2-493"},"id":"IND-2-493"},{"arcs":[[-453,1746,-1217,-1196,-1722,-457]],"type":"Polygon","properties":{"name":"Malkangiri","shapeGroup":"IND","gid":"IND-2-494"},"id":"IND-2-494"},{"arcs":[[-1424,1747,1748,1749,-1745,1750,-1446]],"type":"Polygon","properties":{"name":"Baleshwar","shapeGroup":"IND","gid":"IND-2-495"},"id":"IND-2-495"},{"arcs":[[-1706,-1728,1751,1752,-1720,-1712]],"type":"Polygon","properties":{"name":"Sambalpur","shapeGroup":"IND","gid":"IND-2-496"},"id":"IND-2-496"},{"arcs":[[-476,1753,-1734,1754]],"type":"Polygon","properties":{"name":"Gajapati","shapeGroup":"IND","gid":"IND-2-497"},"id":"IND-2-497"},{"arcs":[[-1716,1755,1756,1757]],"type":"Polygon","properties":{"name":"Dhenkanal","shapeGroup":"IND","gid":"IND-2-498"},"id":"IND-2-498"},{"arcs":[[-1718,1758,-1742,1759,-1739,1760]],"type":"Polygon","properties":{"name":"Nayagarh","shapeGroup":"IND","gid":"IND-2-499"},"id":"IND-2-499"},{"arcs":[[-1707,-1743,-1759,-1717,-1758,1761,1762,-1731]],"type":"Polygon","properties":{"name":"Cuttack","shapeGroup":"IND","gid":"IND-2-500"},"id":"IND-2-500"},{"arcs":[[-1757,1763,1764,1765,-1762]],"type":"Polygon","properties":{"name":"Jajapur","shapeGroup":"IND","gid":"IND-2-501"},"id":"IND-2-501"},{"arcs":[[-1213,1766,1767,-1736,1768,-1724,-1726]],"type":"Polygon","properties":{"name":"Kalahandi","shapeGroup":"IND","gid":"IND-2-502"},"id":"IND-2-502"},{"arcs":[[-1703,-1719,-1761,-1738,1769]],"type":"Polygon","properties":{"name":"Baudh","shapeGroup":"IND","gid":"IND-2-503"},"id":"IND-2-503"},{"arcs":[[-1732,-1763,-1766,1770,1771]],"type":"Polygon","properties":{"name":"Kendrapara","shapeGroup":"IND","gid":"IND-2-504"},"id":"IND-2-504"},{"arcs":[[-531,-1746,-1750,1772,-1764,-1756,-1715,1773]],"type":"Polygon","properties":{"name":"Kendujhar","shapeGroup":"IND","gid":"IND-2-505"},"id":"IND-2-505"},{"arcs":[[-477,-1755,-1740,-1760,-1741,-1710,1774]],"type":"Polygon","properties":{"name":"Ganjam","shapeGroup":"IND","gid":"IND-2-506"},"id":"IND-2-506"},{"arcs":[[-518,-532,-1774,-1714,-1721,-1753,1775,-1268,-1273]],"type":"Polygon","properties":{"name":"Sundargarh","shapeGroup":"IND","gid":"IND-2-507"},"id":"IND-2-507"},{"arcs":[[[-1749,1776,-1771,-1765,-1773]],[[1777]]],"type":"MultiPolygon","properties":{"name":"Bhadrak","shapeGroup":"IND","gid":"IND-2-508"},"id":"IND-2-508"},{"arcs":[[-1212,-1275,-1730,1778,-1767]],"type":"Polygon","properties":{"name":"Nuapada","shapeGroup":"IND","gid":"IND-2-509"},"id":"IND-2-509"},{"arcs":[[-1269,-1776,-1752,-1727]],"type":"Polygon","properties":{"name":"Jharsuguda","shapeGroup":"IND","gid":"IND-2-510"},"id":"IND-2-510"},{"arcs":[[-475,-491,-1725,-1769,-1735,-1754]],"type":"Polygon","properties":{"name":"Rayagada","shapeGroup":"IND","gid":"IND-2-511"},"id":"IND-2-511"},{"arcs":[[-1704,-1770,-1737,-1768,-1779,-1729]],"type":"Polygon","properties":{"name":"Balangir","shapeGroup":"IND","gid":"IND-2-512"},"id":"IND-2-512"},{"arcs":[[-743,-779,1779,1780]],"type":"Polygon","properties":{"name":"Jhunjhunun","shapeGroup":"IND","gid":"IND-2-513"},"id":"IND-2-513"},{"arcs":[[1781,1782,1783,1784]],"type":"Polygon","properties":{"name":"Jaisalmer","shapeGroup":"IND","gid":"IND-2-514"},"id":"IND-2-514"},{"arcs":[[-778,1785,1786,1787,-1780]],"type":"Polygon","properties":{"name":"Sikar","shapeGroup":"IND","gid":"IND-2-515"},"id":"IND-2-515"},{"arcs":[[-745,1788,1789,1790,-1507,-1497,-788,-781,-792]],"type":"Polygon","properties":{"name":"Hanumangarh","shapeGroup":"IND","gid":"IND-2-516"},"id":"IND-2-516"},{"arcs":[[-1787,1791,1792,1793,1794,1795,1796]],"type":"Polygon","properties":{"name":"Nagaur","shapeGroup":"IND","gid":"IND-2-517"},"id":"IND-2-517"},{"arcs":[[-379,1797,-1784,1798,1799,1800]],"type":"Polygon","properties":{"name":"Barmer","shapeGroup":"IND","gid":"IND-2-518"},"id":"IND-2-518"},{"arcs":[[-1508,-1791,1801,1802]],"type":"Polygon","properties":{"name":"Ganganagar","shapeGroup":"IND","gid":"IND-2-519"},"id":"IND-2-519"},{"arcs":[[-1783,1803,-1795,1804,-1799]],"type":"Polygon","properties":{"name":"Jodhpur","shapeGroup":"IND","gid":"IND-2-520"},"id":"IND-2-520"},{"arcs":[[-744,-1781,-1788,-1797,1805,-1789]],"type":"Polygon","properties":{"name":"Churu","shapeGroup":"IND","gid":"IND-2-521"},"id":"IND-2-521"},{"arcs":[[-1782,1806,-1802,-1790,-1806,-1796,-1804]],"type":"Polygon","properties":{"name":"Bikaner","shapeGroup":"IND","gid":"IND-2-522"},"id":"IND-2-522"},{"arcs":[[-95,1807,1808,1809,1810,-108,-121]],"type":"Polygon","properties":{"name":"Pratapgarh","shapeGroup":"IND","gid":"IND-2-523"},"id":"IND-2-523"},{"arcs":[[-105,1811,1812,1813,1814,1815,1816]],"type":"Polygon","properties":{"name":"Bhilwara","shapeGroup":"IND","gid":"IND-2-524"},"id":"IND-2-524"},{"arcs":[[-1815,1817,1818,1819,1820,1821]],"type":"Polygon","properties":{"name":"Tonk","shapeGroup":"IND","gid":"IND-2-525"},"id":"IND-2-525"},{"arcs":[[-1816,-1822,1822,1823,1824]],"type":"Polygon","properties":{"name":"Bundi","shapeGroup":"IND","gid":"IND-2-526"},"id":"IND-2-526"},{"arcs":[[-777,1825,1826,-1819,1827,-1792,-1786]],"type":"Polygon","properties":{"name":"Jaipur","shapeGroup":"IND","gid":"IND-2-527"},"id":"IND-2-527"},{"arcs":[[-123,1828,-1824,1829,-129,1830,1831]],"type":"Polygon","properties":{"name":"Kota","shapeGroup":"IND","gid":"IND-2-528"},"id":"IND-2-528"},{"arcs":[[-1794,1832,1833,1834,1835,1836,1837,1838,-1800,-1805]],"type":"Polygon","properties":{"name":"Pali","shapeGroup":"IND","gid":"IND-2-529"},"id":"IND-2-529"},{"arcs":[[-1813,1839,1840,-1836,1841,-1834,1842]],"type":"Polygon","properties":{"name":"Rajsamand","shapeGroup":"IND","gid":"IND-2-530"},"id":"IND-2-530"},{"arcs":[[[-1793,-1828,-1818,-1814,-1843,-1833]],[[-1835,-1842]]],"type":"MultiPolygon","properties":{"name":"Ajmer","shapeGroup":"IND","gid":"IND-2-531"},"id":"IND-2-531"},{"arcs":[[-731,1843,1844,1845,1846,1847,1848]],"type":"Polygon","properties":{"name":"Bharatpur","shapeGroup":"IND","gid":"IND-2-532"},"id":"IND-2-532"},{"arcs":[[-340,1849,-1809,1850,-430]],"type":"Polygon","properties":{"name":"Dungarpur","shapeGroup":"IND","gid":"IND-2-533"},"id":"IND-2-533"},{"arcs":[[[-104,-1811,1851,-1840,-1812]],[[-106,-1817,-1825,-1829,-122]]],"type":"MultiPolygon","properties":{"name":"Chittaurgarh","shapeGroup":"IND","gid":"IND-2-534"},"id":"IND-2-534"},{"arcs":[[-339,-346,1852,-1837,-1841,-1852,-1810,-1850]],"type":"Polygon","properties":{"name":"Udaipur","shapeGroup":"IND","gid":"IND-2-535"},"id":"IND-2-535"},{"arcs":[[-350,-380,-1801,-1839,1853]],"type":"Polygon","properties":{"name":"Jalor","shapeGroup":"IND","gid":"IND-2-536"},"id":"IND-2-536"},{"arcs":[[-1820,-1827,1854,-1848,1855,1856]],"type":"Polygon","properties":{"name":"Dausa","shapeGroup":"IND","gid":"IND-2-537"},"id":"IND-2-537"},{"arcs":[[-345,-351,-1854,-1838,-1853]],"type":"Polygon","properties":{"name":"Sirohi","shapeGroup":"IND","gid":"IND-2-538"},"id":"IND-2-538"},{"arcs":[[1857,1858,1859,1860]],"type":"Polygon","properties":{"name":"Ariyalur","shapeGroup":"IND","gid":"IND-2-539"},"id":"IND-2-539"},{"arcs":[[1861,1862,1863,1864,1865]],"type":"Polygon","properties":{"name":"Sivaganga","shapeGroup":"IND","gid":"IND-2-540"},"id":"IND-2-540"},{"arcs":[[-1858,1866,1867,1868,1869,1870,1871]],"type":"Polygon","properties":{"name":"Thanjavur","shapeGroup":"IND","gid":"IND-2-541"},"id":"IND-2-541"},{"arcs":[[1872,1873,1874,1875,1876,1877,1878,1879,1880,1881]],"type":"Polygon","properties":{"name":"Tiruvannamalai","shapeGroup":"IND","gid":"IND-2-542"},"id":"IND-2-542"},{"arcs":[[[-1866,1882,1883,1884,1885]],[[1886]],[[1887]]],"type":"MultiPolygon","properties":{"name":"Ramanathapuram","shapeGroup":"IND","gid":"IND-2-543"},"id":"IND-2-543"},{"arcs":[[-1341,1888,1889,1890,1891,-1364]],"type":"Polygon","properties":{"name":"Tirunelveli","shapeGroup":"IND","gid":"IND-2-544"},"id":"IND-2-544"},{"arcs":[[-1352,1892,1893,-1862,-1886,1894,1895]],"type":"Polygon","properties":{"name":"Virudhunagar","shapeGroup":"IND","gid":"IND-2-545"},"id":"IND-2-545"},{"arcs":[[-1028,1896,1897,-1869,1898]],"type":"Polygon","properties":{"name":"Thiruvarur","shapeGroup":"IND","gid":"IND-2-546"},"id":"IND-2-546"},{"arcs":[[-462,1899,1900,1901,1902,-465]],"type":"Polygon","properties":{"name":"Thiruvallur","shapeGroup":"IND","gid":"IND-2-547"},"id":"IND-2-547"},{"arcs":[[-1859,-1872,1903,-1864,1904,1905,1906,1907,1908,1909]],"type":"Polygon","properties":{"name":"Tiruchirappalli","shapeGroup":"IND","gid":"IND-2-548"},"id":"IND-2-548"},{"arcs":[[-1349,1910,1911,1912,1913]],"type":"Polygon","properties":{"name":"Tiruppur","shapeGroup":"IND","gid":"IND-2-549"},"id":"IND-2-549"},{"arcs":[[-1351,1914,1915,-1893]],"type":"Polygon","properties":{"name":"Theni","shapeGroup":"IND","gid":"IND-2-550"},"id":"IND-2-550"},{"arcs":[[-1909,1916,1917,1918,1919,1920]],"type":"Polygon","properties":{"name":"Salem","shapeGroup":"IND","gid":"IND-2-551"},"id":"IND-2-551"},{"arcs":[[-1863,-1894,-1916,1921,-1905]],"type":"Polygon","properties":{"name":"Madurai","shapeGroup":"IND","gid":"IND-2-552"},"id":"IND-2-552"},{"arcs":[[-1860,-1910,-1921,1922,1923]],"type":"Polygon","properties":{"name":"Perambalur","shapeGroup":"IND","gid":"IND-2-553"},"id":"IND-2-553"},{"arcs":[[-1350,-1914,1924,-1906,-1922,-1915]],"type":"Polygon","properties":{"name":"Dindigul","shapeGroup":"IND","gid":"IND-2-554"},"id":"IND-2-554"},{"arcs":[[-1907,-1925,-1913,1925,1926]],"type":"Polygon","properties":{"name":"Karur","shapeGroup":"IND","gid":"IND-2-555"},"id":"IND-2-555"},{"arcs":[[-1576,1927,-1878,1928,-1919]],"type":"Polygon","properties":{"name":"Dharmapuri","shapeGroup":"IND","gid":"IND-2-556"},"id":"IND-2-556"},{"arcs":[[-1908,-1927,1929,-1917]],"type":"Polygon","properties":{"name":"Namakkal","shapeGroup":"IND","gid":"IND-2-557"},"id":"IND-2-557"},{"arcs":[[-1319,1930,1931,1932,1933]],"type":"Polygon","properties":{"name":"Moradabad","shapeGroup":"IND","gid":"IND-2-558"},"id":"IND-2-558"},{"arcs":[[-1932,1934,1935,1936,1937,1938]],"type":"Polygon","properties":{"name":"Sambhal","shapeGroup":"IND","gid":"IND-2-559"},"id":"IND-2-559"},{"arcs":[[-1936,1939,1940,1941,1942,1943,1944]],"type":"Polygon","properties":{"name":"Budaun","shapeGroup":"IND","gid":"IND-2-560"},"id":"IND-2-560"},{"arcs":[[-1944,1945,1946,1947,1948]],"type":"Polygon","properties":{"name":"Kanshiram Nagar","shapeGroup":"IND","gid":"IND-2-561"},"id":"IND-2-561"},{"arcs":[[1949,1950,1951,1952,1953,1954]],"type":"Polygon","properties":{"name":"Bahraich","shapeGroup":"IND","gid":"IND-2-562"},"id":"IND-2-562"},{"arcs":[[1955,1956,1957,1958,1959]],"type":"Polygon","properties":{"name":"Hapur","shapeGroup":"IND","gid":"IND-2-563"},"id":"IND-2-563"},{"arcs":[[-1953,1960,1961,1962,1963]],"type":"Polygon","properties":{"name":"Sitapur","shapeGroup":"IND","gid":"IND-2-564"},"id":"IND-2-564"},{"arcs":[[-759,1964,1965,1966,-773]],"type":"Polygon","properties":{"name":"Samli","shapeGroup":"IND","gid":"IND-2-565"},"id":"IND-2-565"},{"arcs":[[-1950,1967,1968,1969]],"type":"Polygon","properties":{"name":"Shrawasti","shapeGroup":"IND","gid":"IND-2-566"},"id":"IND-2-566"},{"arcs":[[-1957,1970,1971,1972,1973,1974]],"type":"Polygon","properties":{"name":"Meerut","shapeGroup":"IND","gid":"IND-2-567"},"id":"IND-2-567"},{"arcs":[[-723,1975,1976,-1937,-1945,-1949,1977,1978]],"type":"Polygon","properties":{"name":"Aligarh","shapeGroup":"IND","gid":"IND-2-568"},"id":"IND-2-568"},{"arcs":[[-1938,-1977,1979,-1959,1980]],"type":"Polygon","properties":{"name":"Bulandshahr","shapeGroup":"IND","gid":"IND-2-569"},"id":"IND-2-569"},{"arcs":[[-1278,-1320,-1934,1981,-1974,1982,-1305,-1300]],"type":"Polygon","properties":{"name":"Bijnor","shapeGroup":"IND","gid":"IND-2-570"},"id":"IND-2-570"},{"arcs":[[-755,-774,-1967,1983,-1972,1984,1985]],"type":"Polygon","properties":{"name":"Baghpat","shapeGroup":"IND","gid":"IND-2-571"},"id":"IND-2-571"},{"arcs":[[-1954,-1964,1986,1987,1988,1989]],"type":"Polygon","properties":{"name":"Kheri","shapeGroup":"IND","gid":"IND-2-572"},"id":"IND-2-572"},{"arcs":[[-1318,1990,-1940,-1935,-1931]],"type":"Polygon","properties":{"name":"Rampur","shapeGroup":"IND","gid":"IND-2-573"},"id":"IND-2-573"},{"arcs":[[-1317,1991,1992,-1941,-1991]],"type":"Polygon","properties":{"name":"Bareilly","shapeGroup":"IND","gid":"IND-2-574"},"id":"IND-2-574"},{"arcs":[[-724,-1979,1993,1994,-1844,-730]],"type":"Polygon","properties":{"name":"Mathura","shapeGroup":"IND","gid":"IND-2-575"},"id":"IND-2-575"},{"arcs":[[-1947,1995,1996,1997,1998,1999]],"type":"Polygon","properties":{"name":"Etah","shapeGroup":"IND","gid":"IND-2-576"},"id":"IND-2-576"},{"arcs":[[-1963,2000,2001,2002,2003,2004,2005,-1987]],"type":"Polygon","properties":{"name":"Hardoi","shapeGroup":"IND","gid":"IND-2-577"},"id":"IND-2-577"},{"arcs":[[-1969,2006,2007,2008]],"type":"Polygon","properties":{"name":"Balrampur","shapeGroup":"IND","gid":"IND-2-578"},"id":"IND-2-578"},{"arcs":[[-1948,-2000,2009,-1994,-1978]],"type":"Polygon","properties":{"name":"Mahamaya Nagar","shapeGroup":"IND","gid":"IND-2-579"},"id":"IND-2-579"},{"arcs":[[-1942,-1993,2010,-1988,-2006,2011]],"type":"Polygon","properties":{"name":"Shahjahanpur","shapeGroup":"IND","gid":"IND-2-580"},"id":"IND-2-580"},{"arcs":[[-1943,-2012,-2005,2012,2013,-1996,-1946]],"type":"Polygon","properties":{"name":"Farrukhabad","shapeGroup":"IND","gid":"IND-2-581"},"id":"IND-2-581"},{"arcs":[[-2004,2014,2015,2016,2017,2018,-2013]],"type":"Polygon","properties":{"name":"Kannauj","shapeGroup":"IND","gid":"IND-2-582"},"id":"IND-2-582"},{"arcs":[[-1316,2019,-1989,-2011,-1992]],"type":"Polygon","properties":{"name":"Pilibhit","shapeGroup":"IND","gid":"IND-2-583"},"id":"IND-2-583"},{"arcs":[[-1997,-2014,-2019,2020,2021]],"type":"Polygon","properties":{"name":"Mainpuri","shapeGroup":"IND","gid":"IND-2-584"},"id":"IND-2-584"},{"arcs":[[-1933,-1939,-1981,-1958,-1975,-1982]],"type":"Polygon","properties":{"name":"Jyotiba Phule Nagar","shapeGroup":"IND","gid":"IND-2-585"},"id":"IND-2-585"},{"arcs":[[-1998,-2022,2022,2023]],"type":"Polygon","properties":{"name":"Firozabad","shapeGroup":"IND","gid":"IND-2-586"},"id":"IND-2-586"},{"arcs":[[2024,2025,2026,2027,2028,2029]],"type":"Polygon","properties":{"name":"Sultanpur","shapeGroup":"IND","gid":"IND-2-587"},"id":"IND-2-587"},{"arcs":[[-52,-77,2030,2031,2032,2033]],"type":"Polygon","properties":{"name":"Chitrakoot","shapeGroup":"IND","gid":"IND-2-588"},"id":"IND-2-588"},{"arcs":[[2034,2035,2036,2037,2038]],"type":"Polygon","properties":{"name":"Basti","shapeGroup":"IND","gid":"IND-2-589"},"id":"IND-2-589"},{"arcs":[[2039,2040,2041,2042,2043,2044,2045,2046]],"type":"Polygon","properties":{"name":"Gorakhpur","shapeGroup":"IND","gid":"IND-2-590"},"id":"IND-2-590"},{"arcs":[[-1962,2047,2048,2049,-2001]],"type":"Polygon","properties":{"name":"Lucknow","shapeGroup":"IND","gid":"IND-2-591"},"id":"IND-2-591"},{"arcs":[[-2028,2050,-2046,2051,2052,2053]],"type":"Polygon","properties":{"name":"Azamgarh","shapeGroup":"IND","gid":"IND-2-592"},"id":"IND-2-592"},{"arcs":[[-2026,2054,2055,2056,-2038,2057]],"type":"Polygon","properties":{"name":"Faizabad","shapeGroup":"IND","gid":"IND-2-593"},"id":"IND-2-593"},{"arcs":[[-2027,-2058,-2037,2058,-2047,-2051]],"type":"Polygon","properties":{"name":"Ambedkar Nagar","shapeGroup":"IND","gid":"IND-2-594"},"id":"IND-2-594"},{"arcs":[[-647,-686,-673,2059,2060,2061,-666]],"type":"Polygon","properties":{"name":"Ballia","shapeGroup":"IND","gid":"IND-2-595"},"id":"IND-2-595"},{"arcs":[[-2003,2062,2063,2064,2065,-2015]],"type":"Polygon","properties":{"name":"Kanpur Nagar","shapeGroup":"IND","gid":"IND-2-596"},"id":"IND-2-596"},{"arcs":[[2066,2067,2068,2069]],"type":"Polygon","properties":{"name":"Sant Ravidas Nagar (Bhadohi)","shapeGroup":"IND","gid":"IND-2-597"},"id":"IND-2-597"},{"arcs":[[-2008,2070,2071,-2041,2072,-2035,2073]],"type":"Polygon","properties":{"name":"Siddharthnagar","shapeGroup":"IND","gid":"IND-2-598"},"id":"IND-2-598"},{"arcs":[[-2017,2074,2075,2076]],"type":"Polygon","properties":{"name":"Auraiya","shapeGroup":"IND","gid":"IND-2-599"},"id":"IND-2-599"},{"arcs":[[-2036,-2073,-2040,-2059]],"type":"Polygon","properties":{"name":"Sant Kabir Nagar","shapeGroup":"IND","gid":"IND-2-600"},"id":"IND-2-600"},{"arcs":[[-2033,2077,2078,2079]],"type":"Polygon","properties":{"name":"Kaushambi","shapeGroup":"IND","gid":"IND-2-601"},"id":"IND-2-601"},{"arcs":[[-143,2080,-2076,2081,2082,2083]],"type":"Polygon","properties":{"name":"Jalaun","shapeGroup":"IND","gid":"IND-2-602"},"id":"IND-2-602"},{"arcs":[[-2070,2084,2085,2086,2087]],"type":"Polygon","properties":{"name":"Varanasi","shapeGroup":"IND","gid":"IND-2-603"},"id":"IND-2-603"},{"arcs":[[-2030,2088,2089,-2079,2090,2091]],"type":"Polygon","properties":{"name":"Pratapgarh","shapeGroup":"IND","gid":"IND-2-604"},"id":"IND-2-604"},{"arcs":[[-2065,2092,2093,2094,2095,-2083,2096]],"type":"Polygon","properties":{"name":"Hamirpur","shapeGroup":"IND","gid":"IND-2-605"},"id":"IND-2-605"},{"arcs":[[-1951,-1970,-2009,-2074,-2039,-2057,2097]],"type":"Polygon","properties":{"name":"Gonda","shapeGroup":"IND","gid":"IND-2-606"},"id":"IND-2-606"},{"arcs":[[-2016,-2066,-2097,-2082,-2075]],"type":"Polygon","properties":{"name":"Kanpur Dehat","shapeGroup":"IND","gid":"IND-2-607"},"id":"IND-2-607"},{"arcs":[[-2029,-2054,2098,-2085,-2069,2099,-2089]],"type":"Polygon","properties":{"name":"Jaunpur","shapeGroup":"IND","gid":"IND-2-608"},"id":"IND-2-608"},{"arcs":[[-1952,-2098,-2056,2100,2101,-2048,-1961]],"type":"Polygon","properties":{"name":"Bara Banki","shapeGroup":"IND","gid":"IND-2-609"},"id":"IND-2-609"},{"arcs":[[-87,2102,-2095,2103]],"type":"Polygon","properties":{"name":"Mahoba","shapeGroup":"IND","gid":"IND-2-610"},"id":"IND-2-610"},{"arcs":[[-635,2104,-2042,-2072,2105]],"type":"Polygon","properties":{"name":"Mahrajganj","shapeGroup":"IND","gid":"IND-2-611"},"id":"IND-2-611"},{"arcs":[[-54,2106,-2067,-2088,2107,2108,-168]],"type":"Polygon","properties":{"name":"Mirzapur","shapeGroup":"IND","gid":"IND-2-612"},"id":"IND-2-612"},{"arcs":[[-634,-663,2109,-2043,-2105]],"type":"Polygon","properties":{"name":"Kushinagar","shapeGroup":"IND","gid":"IND-2-613"},"id":"IND-2-613"},{"arcs":[[-662,-667,-2062,2110,-2044,-2110]],"type":"Polygon","properties":{"name":"Deoria","shapeGroup":"IND","gid":"IND-2-614"},"id":"IND-2-614"},{"arcs":[[-2002,-2050,2111,2112,-2063]],"type":"Polygon","properties":{"name":"Unnao","shapeGroup":"IND","gid":"IND-2-615"},"id":"IND-2-615"},{"arcs":[[-2032,2113,-2093,-2064,-2113,2114,-2078]],"type":"Polygon","properties":{"name":"Fatehpur","shapeGroup":"IND","gid":"IND-2-616"},"id":"IND-2-616"},{"arcs":[[-2045,-2111,-2061,2115,-2052]],"type":"Polygon","properties":{"name":"Mau","shapeGroup":"IND","gid":"IND-2-617"},"id":"IND-2-617"},{"arcs":[[-2049,-2102,2116,-2091,-2115,-2112]],"type":"Polygon","properties":{"name":"Rae Bareli","shapeGroup":"IND","gid":"IND-2-618"},"id":"IND-2-618"},{"arcs":[[-2025,-2092,-2117,-2101,-2055]],"type":"Polygon","properties":{"name":"Amethi","shapeGroup":"IND","gid":"IND-2-619"},"id":"IND-2-619"},{"arcs":[[-1956,2117,2118,2119,2120,2121,-1985,-1971]],"type":"Polygon","properties":{"name":"Ghaziabad","shapeGroup":"IND","gid":"IND-2-620"},"id":"IND-2-620"},{"arcs":[[-1306,-1983,-1973,-1984,-1966,2122]],"type":"Polygon","properties":{"name":"Muzaffarnagar","shapeGroup":"IND","gid":"IND-2-621"},"id":"IND-2-621"},{"arcs":[[-722,-787,2123,2124,-2118,-1960,-1980,-1976]],"type":"Polygon","properties":{"name":"Gautam Buddha Nagar","shapeGroup":"IND","gid":"IND-2-622"},"id":"IND-2-622"},{"arcs":[[-206,-1287,-1307,-2123,-1965,-758,-717]],"type":"Polygon","properties":{"name":"Saharanpur","shapeGroup":"IND","gid":"IND-2-623"},"id":"IND-2-623"},{"arcs":[[-142,2125,-2023,-2021,-2018,-2077,-2081]],"type":"Polygon","properties":{"name":"Etawah","shapeGroup":"IND","gid":"IND-2-624"},"id":"IND-2-624"},{"arcs":[[-137,2126,-1845,-1995,-2010,-1999,-2024,-2126,-141]],"type":"Polygon","properties":{"name":"Agra","shapeGroup":"IND","gid":"IND-2-625"},"id":"IND-2-625"},{"arcs":[[-1025,2127,-1031,2128,2129,-1867,-1861,-1924,2130,2131]],"type":"Polygon","properties":{"name":"Cuddalore","shapeGroup":"IND","gid":"IND-2-626"},"id":"IND-2-626"},{"arcs":[[-1865,-1904,-1871,2132,-1883]],"type":"Polygon","properties":{"name":"Pudukkottai","shapeGroup":"IND","gid":"IND-2-627"},"id":"IND-2-627"},{"arcs":[[-467,2133,-1881,2134]],"type":"Polygon","properties":{"name":"Vellore","shapeGroup":"IND","gid":"IND-2-628"},"id":"IND-2-628"},{"arcs":[[-1901,2135,2136,2137]],"type":"Polygon","properties":{"name":"Chennai","shapeGroup":"IND","gid":"IND-2-629"},"id":"IND-2-629"},{"arcs":[[-1021,2138,-1897,-1027]],"type":"Polygon","properties":{"name":"Nagapattinam","shapeGroup":"IND","gid":"IND-2-630"},"id":"IND-2-630"},{"arcs":[[-1026,-2132,2139,-1876,2140,2141,-1034,2142],[-1032],[-1035],[-1036]],"type":"Polygon","properties":{"name":"Viluppuram","shapeGroup":"IND","gid":"IND-2-631"},"id":"IND-2-631"},{"arcs":[[-1875,2143,-2137,2144,-2141]],"type":"Polygon","properties":{"name":"Kancheepuram","shapeGroup":"IND","gid":"IND-2-632"},"id":"IND-2-632"},{"arcs":[[-1365,-1892,2145]],"type":"Polygon","properties":{"name":"Kanniyakumari","shapeGroup":"IND","gid":"IND-2-633"},"id":"IND-2-633"},{"arcs":[[-1885,2146,-1890,2147,-1895]],"type":"Polygon","properties":{"name":"Thoothukkudi","shapeGroup":"IND","gid":"IND-2-634"},"id":"IND-2-634"},{"arcs":[[-53,-2034,-2080,-2090,-2100,-2068,-2107]],"type":"Polygon","properties":{"name":"Allahabad","shapeGroup":"IND","gid":"IND-2-635"},"id":"IND-2-635"},{"arcs":[[-693,2148,-2108,-2087,2149]],"type":"Polygon","properties":{"name":"Chandauli","shapeGroup":"IND","gid":"IND-2-636"},"id":"IND-2-636"},{"arcs":[[-86,-111,2150,2151,-181,-183,-144,-2084,-2096,-2103]],"type":"Polygon","properties":{"name":"Jhansi","shapeGroup":"IND","gid":"IND-2-637"},"id":"IND-2-637"},{"arcs":[[-43,-88,-2104,-2094,-2114,-2031,-76]],"type":"Polygon","properties":{"name":"Banda","shapeGroup":"IND","gid":"IND-2-638"},"id":"IND-2-638"},{"arcs":[[-169,-2109,-2149,-692,-695,-590,-1234]],"type":"Polygon","properties":{"name":"Sonbhadra","shapeGroup":"IND","gid":"IND-2-639"},"id":"IND-2-639"},{"arcs":[[-1,-182,-2152,2152,-109,-84,-101]],"type":"Polygon","properties":{"name":"Lalitpur","shapeGroup":"IND","gid":"IND-2-640"},"id":"IND-2-640"},{"arcs":[[-672,-694,-2150,-2086,-2099,-2053,-2116,-2060]],"type":"Polygon","properties":{"name":"Ghazipur","shapeGroup":"IND","gid":"IND-2-641"},"id":"IND-2-641"},{"arcs":[[-469,2153,-1879,-1928,-1575,-1605,-1603,-1595,-1552]],"type":"Polygon","properties":{"name":"Krishnagiri","shapeGroup":"IND","gid":"IND-2-642"},"id":"IND-2-642"},{"arcs":[[-1577,-1918,-1930,-1926,-1912,2154,2155]],"type":"Polygon","properties":{"name":"Erode","shapeGroup":"IND","gid":"IND-2-643"},"id":"IND-2-643"},{"arcs":[[-1337,-1360,-1363,2156,-2155,-1911,-1348]],"type":"Polygon","properties":{"name":"Coimbatore","shapeGroup":"IND","gid":"IND-2-644"},"id":"IND-2-644"},{"arcs":[[-1362,-1368,-1373,-1578,-2156,-2157]],"type":"Polygon","properties":{"name":"The Nilgiris","shapeGroup":"IND","gid":"IND-2-645"},"id":"IND-2-645"},{"arcs":[[-97,-124,-1832,2157,-115,-176,2158]],"type":"Polygon","properties":{"name":"Jhalawar","shapeGroup":"IND","gid":"IND-2-646"},"id":"IND-2-646"},{"arcs":[[-732,-1849,-1855,-1826,-776,-794]],"type":"Polygon","properties":{"name":"Alwar","shapeGroup":"IND","gid":"IND-2-647"},"id":"IND-2-647"},{"arcs":[[-116,-2158,-1831,-134,-179]],"type":"Polygon","properties":{"name":"Baran","shapeGroup":"IND","gid":"IND-2-648"},"id":"IND-2-648"},{"arcs":[[-136,2159,-1846,-2127]],"type":"Polygon","properties":{"name":"Dhaulpur","shapeGroup":"IND","gid":"IND-2-649"},"id":"IND-2-649"},{"arcs":[[-130,-1830,-1823,-1821,-1857,2160]],"type":"Polygon","properties":{"name":"Sawai Madhopur","shapeGroup":"IND","gid":"IND-2-650"},"id":"IND-2-650"},{"arcs":[[-94,-150,-371,-431,-1851,-1808]],"type":"Polygon","properties":{"name":"Banswara","shapeGroup":"IND","gid":"IND-2-651"},"id":"IND-2-651"},{"arcs":[[-131,-2161,-1856,-1847,-2160,-135]],"type":"Polygon","properties":{"name":"Karauli","shapeGroup":"IND","gid":"IND-2-652"},"id":"IND-2-652"},{"arcs":[[2161,2162,2163,2164,2165,2166,2167]],"type":"Polygon","properties":{"name":"Jangaon","shapeGroup":"IND","gid":"IND-2-653"},"id":"IND-2-653"},{"arcs":[[-452,-501,2168,2169,2170,-1249,-1218,-1747]],"type":"Polygon","properties":{"name":"Bhadradri","shapeGroup":"IND","gid":"IND-2-654"},"id":"IND-2-654"},{"arcs":[[2171,2172]],"type":"Polygon","properties":{"name":"Hydrabad","shapeGroup":"IND","gid":"IND-2-655"},"id":"IND-2-655"},{"arcs":[[-1685,2173,2174,2175,2176,2177]],"type":"Polygon","properties":{"name":"Mancherial","shapeGroup":"IND","gid":"IND-2-656"},"id":"IND-2-656"},{"arcs":[[-2162,2178,2179,2180,2181,2182,2183]],"type":"Polygon","properties":{"name":"Karimnagar","shapeGroup":"IND","gid":"IND-2-657"},"id":"IND-2-657"},{"arcs":[[-1658,2184,2185,2186,2187]],"type":"Polygon","properties":{"name":"Nizamabad","shapeGroup":"IND","gid":"IND-2-658"},"id":"IND-2-658"},{"arcs":[[2188,2189,2190,2191]],"type":"Polygon","properties":{"name":"Medak","shapeGroup":"IND","gid":"IND-2-659"},"id":"IND-2-659"},{"arcs":[[-2172,2192,2193,2194,2195,2196,2197,2198,2199]],"type":"Polygon","properties":{"name":"Rangareddy","shapeGroup":"IND","gid":"IND-2-660"},"id":"IND-2-660"},{"arcs":[[-487,2200,-2195,2201,2202]],"type":"Polygon","properties":{"name":"Nalgonda","shapeGroup":"IND","gid":"IND-2-661"},"id":"IND-2-661"},{"arcs":[[-440,-485,2203,2204,-2196,-2201,-486]],"type":"Polygon","properties":{"name":"Nagarkurnool","shapeGroup":"IND","gid":"IND-2-662"},"id":"IND-2-662"},{"arcs":[[-1638,2205,2206,-1656,-1652]],"type":"Polygon","properties":{"name":"Adilabad","shapeGroup":"IND","gid":"IND-2-663"},"id":"IND-2-663"},{"arcs":[[-1637,-1686,-2178,2207,-2206]],"type":"Polygon","properties":{"name":"Komaram Bheem","shapeGroup":"IND","gid":"IND-2-664"},"id":"IND-2-664"},{"arcs":[[-1657,-2207,-2208,-2177,2208,-2185]],"type":"Polygon","properties":{"name":"Nirmal","shapeGroup":"IND","gid":"IND-2-665"},"id":"IND-2-665"},{"arcs":[[-1569,-1659,-2188,2209,2210,-2192,2211]],"type":"Polygon","properties":{"name":"Kamareddy","shapeGroup":"IND","gid":"IND-2-666"},"id":"IND-2-666"},{"arcs":[[-2176,2212,-2181,2213,-2186,-2209]],"type":"Polygon","properties":{"name":"Jagtial","shapeGroup":"IND","gid":"IND-2-667"},"id":"IND-2-667"},{"arcs":[[-1251,2214,2215,2216,-2183,2217,-2174,-1684]],"type":"Polygon","properties":{"name":"Jayashankar","shapeGroup":"IND","gid":"IND-2-668"},"id":"IND-2-668"},{"arcs":[[-2175,-2218,-2182,-2213]],"type":"Polygon","properties":{"name":"Peddapalli","shapeGroup":"IND","gid":"IND-2-669"},"id":"IND-2-669"},{"arcs":[[-2180,2218,-2210,-2187,-2214]],"type":"Polygon","properties":{"name":"Rajanna Sircilla","shapeGroup":"IND","gid":"IND-2-670"},"id":"IND-2-670"},{"arcs":[[-1570,-2212,-2191,2219,-2199,2220,-1581]],"type":"Polygon","properties":{"name":"Sangareddy","shapeGroup":"IND","gid":"IND-2-671"},"id":"IND-2-671"},{"arcs":[[-2168,2221,2222,-2189,-2211,-2219,-2179]],"type":"Polygon","properties":{"name":"Siddipet","shapeGroup":"IND","gid":"IND-2-672"},"id":"IND-2-672"},{"arcs":[[-447,2223,2224,-2169,-500]],"type":"Polygon","properties":{"name":"Khammam","shapeGroup":"IND","gid":"IND-2-673"},"id":"IND-2-673"},{"arcs":[[-2165,2225,2226,-2170,-2225,2227]],"type":"Polygon","properties":{"name":"Mahabubabad","shapeGroup":"IND","gid":"IND-2-674"},"id":"IND-2-674"},{"arcs":[[-2164,2228,-2216,2229,-2226]],"type":"Polygon","properties":{"name":"Warangal (R)","shapeGroup":"IND","gid":"IND-2-675"},"id":"IND-2-675"},{"arcs":[[-2163,-2184,-2217,-2229]],"type":"Polygon","properties":{"name":"Warangal (U)","shapeGroup":"IND","gid":"IND-2-676"},"id":"IND-2-676"},{"arcs":[[-446,-488,-2203,2230,-2166,-2228,-2224]],"type":"Polygon","properties":{"name":"Suryapet","shapeGroup":"IND","gid":"IND-2-677"},"id":"IND-2-677"},{"arcs":[[-2167,-2231,-2202,-2194,2231,-2222]],"type":"Polygon","properties":{"name":"Yadadri Bhongiri","shapeGroup":"IND","gid":"IND-2-678"},"id":"IND-2-678"},{"arcs":[[-2173,-2200,-2220,-2190,-2223,-2232,-2193]],"type":"Polygon","properties":{"name":"Medchal","shapeGroup":"IND","gid":"IND-2-679"},"id":"IND-2-679"},{"arcs":[[-1582,-2221,-2198,2232,2233]],"type":"Polygon","properties":{"name":"Vikarabad","shapeGroup":"IND","gid":"IND-2-680"},"id":"IND-2-680"},{"arcs":[[-483,-1551,2234,2235]],"type":"Polygon","properties":{"name":"Jogulamba","shapeGroup":"IND","gid":"IND-2-681"},"id":"IND-2-681"},{"arcs":[[-484,-2236,2236,2237,-2204]],"type":"Polygon","properties":{"name":"Wanaparthy","shapeGroup":"IND","gid":"IND-2-682"},"id":"IND-2-682"},{"arcs":[[-2197,-2205,-2238,2238,-2233]],"type":"Polygon","properties":{"name":"Mahabubnagar","shapeGroup":"IND","gid":"IND-2-683"},"id":"IND-2-683"},{"arcs":[[-858,2239,-863,-996,-933]],"type":"Polygon","properties":{"name":"Tirap","shapeGroup":"IND","gid":"IND-2-684"},"id":"IND-2-684"},{"arcs":[[-843,-860,-932]],"type":"Polygon","properties":{"name":"Namsai","shapeGroup":"IND","gid":"IND-2-685"},"id":"IND-2-685"},{"arcs":[[-879,-896,-936,-949,2240,2241,-883]],"type":"Polygon","properties":{"name":"East Siang","shapeGroup":"IND","gid":"IND-2-686"},"id":"IND-2-686"},{"arcs":[[-852,2242,-867,-903,-887]],"type":"Polygon","properties":{"name":"Kra Daadi","shapeGroup":"IND","gid":"IND-2-687"},"id":"IND-2-687"},{"arcs":[[-861,-1114,-920,-994]],"type":"Polygon","properties":{"name":"Charaideo","shapeGroup":"IND","gid":"IND-2-688"},"id":"IND-2-688"},{"arcs":[[-925,-1017,-1002,2243,-962,-995]],"type":"Polygon","properties":{"name":"Majuli","shapeGroup":"IND","gid":"IND-2-689"},"id":"IND-2-689"},{"arcs":[[-901,-963,-2244,-1001,-973,-998,2244]],"type":"Polygon","properties":{"name":"Biswanath","shapeGroup":"IND","gid":"IND-2-690"},"id":"IND-2-690"},{"arcs":[[-958,-1012,2245,-975]],"type":"Polygon","properties":{"name":"Hojai","shapeGroup":"IND","gid":"IND-2-691"},"id":"IND-2-691"},{"arcs":[[-951,-976,-2246,-1011,-1188,-1169,-1166]],"type":"Polygon","properties":{"name":"Karbi Anglong West","shapeGroup":"IND","gid":"IND-2-692"},"id":"IND-2-692"},{"arcs":[[-908,-1182,-1184,2246,-914]],"type":"Polygon","properties":{"name":"South Salmara-Mankachar","shapeGroup":"IND","gid":"IND-2-693"},"id":"IND-2-693"},{"arcs":[[-48,-98,-2159,-175,-178]],"type":"Polygon","properties":{"name":"Agar","shapeGroup":"IND","gid":"IND-2-694"},"id":"IND-2-694"},{"arcs":[[-982,2247,-1081,2248,-1093,2249,2250,-1067]],"type":"Polygon","properties":{"name":"Pherzawl","shapeGroup":"IND","gid":"IND-2-695"},"id":"IND-2-695"},{"arcs":[[-1080,-1109,-1094,-2249]],"type":"Polygon","properties":{"name":"Noney","shapeGroup":"IND","gid":"IND-2-696"},"id":"IND-2-696"},{"arcs":[[-1073,2251,-1097,-1107,2252,2253]],"type":"Polygon","properties":{"name":"Tengnoupal","shapeGroup":"IND","gid":"IND-2-697"},"id":"IND-2-697"},{"arcs":[[-1084,2254,-2253,-1106]],"type":"Polygon","properties":{"name":"Kamjong","shapeGroup":"IND","gid":"IND-2-698"},"id":"IND-2-698"},{"arcs":[[-1078,-1138,-1128,-1123,-1086,-1105]],"type":"Polygon","properties":{"name":"Senapati","shapeGroup":"IND","gid":"IND-2-699"},"id":"IND-2-699"},{"arcs":[[-1076,-1096,-1091,-1110,-1098,-2252]],"type":"Polygon","properties":{"name":"Kakching","shapeGroup":"IND","gid":"IND-2-700"},"id":"IND-2-700"},{"arcs":[[-981,-1082,-2248]],"type":"Polygon","properties":{"name":"Jiribam","shapeGroup":"IND","gid":"IND-2-701"},"id":"IND-2-701"},{"arcs":[[-739,-757,2255,2256,2257]],"type":"Polygon","properties":{"name":"North West","shapeGroup":"IND","gid":"IND-2-702"},"id":"IND-2-702"},{"arcs":[[-715,2258,2259,2260,2261,2262]],"type":"Polygon","properties":{"name":"New Delhi","shapeGroup":"IND","gid":"IND-2-703"},"id":"IND-2-703"},{"arcs":[[-2119,-2125,2263,2264,2265]],"type":"Polygon","properties":{"name":"East","shapeGroup":"IND","gid":"IND-2-704"},"id":"IND-2-704"},{"arcs":[[-714,-741,2266,-2259]],"type":"Polygon","properties":{"name":"South West","shapeGroup":"IND","gid":"IND-2-705"},"id":"IND-2-705"},{"arcs":[[-740,-2258,2267,-2260,-2267]],"type":"Polygon","properties":{"name":"West","shapeGroup":"IND","gid":"IND-2-706"},"id":"IND-2-706"},{"arcs":[[-716,-2263,2268,-785]],"type":"Polygon","properties":{"name":"South","shapeGroup":"IND","gid":"IND-2-707"},"id":"IND-2-707"},{"arcs":[[-756,-1986,-2122,2269,-2256]],"type":"Polygon","properties":{"name":"North ","shapeGroup":"IND","gid":"IND-2-708"},"id":"IND-2-708"},{"arcs":[[-2121,2270,2271]],"type":"Polygon","properties":{"name":"North East","shapeGroup":"IND","gid":"IND-2-709"},"id":"IND-2-709"},{"arcs":[[-786,-2269,-2262,2272,-2264,-2124]],"type":"Polygon","properties":{"name":"South East","shapeGroup":"IND","gid":"IND-2-710"},"id":"IND-2-710"},{"arcs":[[-2272,2273,-2265,-2273,-2261,-2268,-2257,-2270]],"type":"Polygon","properties":{"name":"Central","shapeGroup":"IND","gid":"IND-2-711"},"id":"IND-2-711"},{"arcs":[[-2120,-2266,-2274,-2271]],"type":"Polygon","properties":{"name":"Shahdara","shapeGroup":"IND","gid":"IND-2-712"},"id":"IND-2-712"},{"arcs":[[-917,-1445,-1419,2274,-1013]],"type":"Polygon","properties":{"name":"Alipurduar","shapeGroup":"IND","gid":"IND-2-713"},"id":"IND-2-713"},{"arcs":[[-547,-1443,-1439,-1447,-1751,-1744]],"type":"Polygon","properties":{"name":"Jhargram","shapeGroup":"IND","gid":"IND-2-714"},"id":"IND-2-714"},{"arcs":[[-508,-1433,-1436,-1441,-1442,-573]],"type":"Polygon","properties":{"name":"Paschim Barddhaman","shapeGroup":"IND","gid":"IND-2-715"},"id":"IND-2-715"},{"arcs":[[-1384,-1390,2275,-1417,-1413]],"type":"Polygon","properties":{"name":"Kalimpong","shapeGroup":"IND","gid":"IND-2-716"},"id":"IND-2-716"},{"arcs":[[-1521,-1583,-2234,-2239,-2237,-2235,-1550]],"type":"Polygon","properties":{"name":"Narayanpet","shapeGroup":"IND","gid":"IND-2-717"},"id":"IND-2-717"},{"arcs":[[-1250,-2171,-2227,-2230,-2215]],"type":"Polygon","properties":{"name":"Mulugu","shapeGroup":"IND","gid":"IND-2-718"},"id":"IND-2-718"},{"arcs":[[-110,-2153,-2151]],"type":"Polygon","properties":{"name":"Niwari","shapeGroup":"IND","gid":"IND-2-719"},"id":"IND-2-719"},{"arcs":[[-869,-902,-2245,-997,-890]],"type":"Polygon","properties":{"name":"Pakke Kessang","shapeGroup":"IND","gid":"IND-2-720"},"id":"IND-2-720"},{"arcs":[[-851,2276,-947,-961,-899,-868,-2243]],"type":"Polygon","properties":{"name":"Kamle","shapeGroup":"IND","gid":"IND-2-721"},"id":"IND-2-721"},{"arcs":[[-844,-855,2277,-875]],"type":"Polygon","properties":{"name":"Shi Yomi","shapeGroup":"IND","gid":"IND-2-722"},"id":"IND-2-722"},{"arcs":[[-847,-884,-2242,2278,-849]],"type":"Polygon","properties":{"name":"Leparada","shapeGroup":"IND","gid":"IND-2-723"},"id":"IND-2-723"},{"arcs":[[-850,-2279,-2241,-948,-2277]],"type":"Polygon","properties":{"name":"Lower Siang","shapeGroup":"IND","gid":"IND-2-724"},"id":"IND-2-724"},{"arcs":[[-1041,-1066,2279,-1053]],"type":"Polygon","properties":{"name":"Hnahthial","shapeGroup":"IND","gid":"IND-2-725"},"id":"IND-2-725"},{"arcs":[[-1060,2280,-1068,-2251,2281]],"type":"Polygon","properties":{"name":"Saitual","shapeGroup":"IND","gid":"IND-2-726"},"id":"IND-2-726"},{"arcs":[[-1057,-1064,-1069,-2281,-1062,2282]],"type":"Polygon","properties":{"name":"Khawzawl","shapeGroup":"IND","gid":"IND-2-727"},"id":"IND-2-727"},{"arcs":[[-468,-2135,-1880,-2154]],"type":"Polygon","properties":{"name":"Tirupathur","shapeGroup":"IND","gid":"IND-2-728"},"id":"IND-2-728"},{"arcs":[[-466,-1903,2283,-1873,-1882,-2134]],"type":"Polygon","properties":{"name":"Ranipet","shapeGroup":"IND","gid":"IND-2-729"},"id":"IND-2-729"},{"arcs":[[-1874,-2284,-1902,-2138,-2144]],"type":"Polygon","properties":{"name":"Chengalputtu","shapeGroup":"IND","gid":"IND-2-730"},"id":"IND-2-730"},{"arcs":[[-1877,-2140,-2131,-1923,-1920,-1929]],"type":"Polygon","properties":{"name":"Kallakurichi","shapeGroup":"IND","gid":"IND-2-731"},"id":"IND-2-731"},{"arcs":[[-1023,-1029,-1899,-1868,-2130,2284]],"type":"Polygon","properties":{"name":"Mayiladuthurai","shapeGroup":"IND","gid":"IND-2-732"},"id":"IND-2-732"},{"arcs":[[-1330,-1353,-1896,-2148,-1889,-1340]],"type":"Polygon","properties":{"name":"Tenkasi","shapeGroup":"IND","gid":"IND-2-733"},"id":"IND-2-733"},{"arcs":[[-189,-1262,-1264,-1206]],"type":"Polygon","properties":{"name":"Gaurella Pendra Marwahi","shapeGroup":"IND","gid":"IND-2-734"},"id":"IND-2-734"}]}}}