{"type":"Topology","arcs":[[[853,3507],[-75,75],[-104,58],[-121,18]],[[553,3658],[-20,10]],[[533,3668],[1,9]],[[534,3677],[31,9]],[[565,3686],[119,11]],[[684,3697],[17,-2]],[[701,3695],[35,-4]],[[736,3691],[55,-104],[139,-45]],[[930,3542],[-23,-57]],[[907,3485],[-54,22]],[[853,3507],[-118,-4]],[[735,3503],[-85,2],[-76,96]],[[574,3601],[-21,57]],[[701,3695],[-4,38],[-52,22],[-52,81]],[[593,3836],[69,-56],[56,-10]],[[718,3770],[18,-79]],[[1127,3684],[-2,-33]],[[1125,3651],[-70,69]],[[1055,3720],[-159,112],[-48,-10]],[[848,3822],[2,39]],[[850,3861],[109,-5]],[[959,3856],[184,-35],[-7,-41]],[[1136,3780],[-9,-96]],[[1231,3262],[15,-72],[-42,-66]],[[1204,3124],[-30,30],[38,107]],[[1212,3261],[8,11]],[[1220,3272],[11,-10]],[[718,3770],[20,-11],[52,-20],[16,-6],[4,0]],[[810,3733],[53,-6]],[[863,3727],[34,-1]],[[897,3726],[13,-25]],[[910,3701],[35,-94]],[[945,3607],[-15,-65]],[[863,3727],[19,44],[15,-45]],[[1055,3720],[-57,-30]],[[998,3690],[-88,11]],[[810,3733],[39,34],[15,33],[-16,22]],[[998,3690],[-27,-95]],[[971,3595],[-26,12]],[[1125,3651],[-9,-42]],[[1116,3609],[-15,-97],[25,-83]],[[1126,3429],[-2,0]],[[1124,3429],[-76,38],[-77,128]],[[1136,3780],[89,-65]],[[1225,3715],[48,-96]],[[1273,3619],[22,-198]],[[1295,3421],[-169,8]],[[1116,3609],[61,17],[-50,58]],[[1231,3262],[79,-74]],[[1310,3188],[-32,-112]],[[1278,3076],[-74,48]],[[1295,3421],[-44,-33]],[[1251,3388],[-7,3]],[[1244,3391],[-88,-100]],[[1156,3291],[-53,12],[21,126]],[[1156,3291],[11,-22]],[[1167,3269],[-73,-33],[-187,249]],[[593,3836],[-31,24]],[[562,3860],[84,76]],[[646,3936],[43,-71],[129,87],[50,-22]],[[868,3930],[-18,-69]],[[1220,3272],[24,119]],[[1251,3388],[61,-20],[20,-86]],[[1332,3282],[-22,-94]],[[1212,3261],[-7,0]],[[1205,3261],[-38,8]],[[1278,3076],[-12,-222],[61,-71],[-47,-117],[-169,-156],[-41,49],[0,99],[-163,229]],[[907,2887],[103,109],[60,114],[135,151]],[[565,3686],[47,39]],[[612,3725],[72,-28]],[[534,3677],[-41,-13]],[[493,3664],[51,113]],[[544,3777],[68,-52]],[[1812,5499],[-7,-70]],[[1805,5429],[-41,20]],[[1764,5449],[-17,31]],[[1747,5480],[65,19]],[[533,3668],[-38,-10]],[[495,3658],[-2,6]],[[544,3777],[18,83]],[[907,2887],[-70,241],[-131,62]],[[706,3190],[-76,114]],[[630,3304],[-59,79]],[[571,3383],[45,32]],[[616,3415],[119,88]],[[616,3415],[-64,70],[-21,80]],[[531,3565],[43,36]],[[531,3565],[-6,17]],[[525,3582],[8,29],[-25,-7]],[[508,3604],[-19,12]],[[489,3616],[6,42]],[[525,3582],[-17,22]],[[1892,5876],[-27,46]],[[1865,5922],[54,25]],[[1919,5947],[6,-14]],[[1925,5933],[-33,-57]],[[1865,5922],[-64,8]],[[1801,5930],[3,43]],[[1804,5973],[52,47]],[[1856,6020],[63,-73]],[[1801,5930],[-51,-47]],[[1750,5883],[-7,-5]],[[1743,5878],[-34,88],[24,54]],[[1733,6020],[71,-47]],[[2139,5739],[-64,-30]],[[2075,5709],[-15,56]],[[2060,5765],[79,-26]],[[2226,4940],[-47,-126],[-83,47]],[[2096,4861],[-4,14]],[[2092,4875],[-7,38]],[[2085,4913],[-18,86]],[[2067,4999],[7,10]],[[2074,5009],[66,19]],[[2140,5028],[86,-88]],[[2075,5709],[-25,-11]],[[2050,5698],[-137,58]],[[1913,5756],[-52,65]],[[1861,5821],[197,-14]],[[2058,5807],[2,-42]],[[2343,4313],[-108,228],[-107,6]],[[2128,4547],[58,130]],[[2186,4677],[87,99]],[[2273,4776],[24,13]],[[2297,4789],[121,-38],[99,8],[124,106]],[[2641,4865],[89,-72],[-44,-82],[62,-207],[0,-81]],[[2748,4423],[-133,-98],[-170,-5]],[[2445,4320],[-102,-7]],[[2601,3241],[24,-22]],[[2625,3219],[-39,0]],[[2586,3219],[15,22]],[[1913,5756],[-75,6]],[[1838,5762],[-3,41]],[[1835,5803],[5,25]],[[1840,5828],[2,4]],[[1842,5832],[19,-11]],[[2050,5698],[-89,-94]],[[1961,5604],[-10,3],[-6,-20]],[[1945,5587],[-18,-30]],[[1927,5557],[-49,-5]],[[1878,5552],[-7,81]],[[1871,5633],[-28,63]],[[1843,5696],[-5,66]],[[1733,6020],[54,65]],[[1787,6085],[64,-64]],[[1851,6021],[5,-1]],[[1787,6085],[10,15]],[[1797,6100],[54,-79]],[[1797,6100],[46,103]],[[1843,6203],[11,-5]],[[1854,6198],[34,-49]],[[1888,6149],[57,-55]],[[1945,6094],[138,37]],[[2083,6131],[133,-96],[25,47]],[[2241,6082],[8,-71],[-129,-13]],[[2120,5998],[-84,-54],[-111,-11]],[[1945,6094],[-18,120]],[[1927,6214],[22,-17]],[[1949,6197],[50,-5]],[[1999,6192],[60,-61]],[[2059,6131],[24,0]],[[1949,6197],[9,65]],[[1958,6262],[37,3]],[[1995,6265],[4,-73]],[[2059,6131],[9,69]],[[2068,6200],[76,39],[89,-38],[8,-119]],[[1888,6149],[-10,42]],[[1878,6191],[49,23]],[[1854,6198],[24,-7]],[[1843,6203],[-9,41]],[[1834,6244],[93,14]],[[1927,6258],[31,4]],[[1834,6244],[57,27],[36,-13]],[[1995,6265],[73,-65]],[[1843,5696],[-71,-56]],[[1772,5640],[-21,-1]],[[1751,5639],[-34,-4]],[[1717,5635],[-24,61]],[[1693,5696],[49,110],[92,-3]],[[1834,5803],[1,0]],[[1961,5604],[-16,-17]],[[1772,5640],[-1,-54]],[[1771,5586],[-34,6]],[[1737,5592],[14,47]],[[2586,3219],[-4,-96]],[[2582,3123],[-15,6]],[[2567,3129],[-3,7]],[[2564,3136],[11,56]],[[2575,3192],[-5,55]],[[2570,3247],[37,26]],[[2607,3273],[-6,-32]],[[2002,3993],[180,5]],[[2182,3998],[-40,-148],[83,15]],[[2225,3865],[-13,-45]],[[2212,3820],[-38,2],[31,-35]],[[2205,3787],[18,-44]],[[2223,3743],[-99,80]],[[2124,3823],[2,10]],[[2126,3833],[-57,141],[-67,19]],[[1737,5592],[-1,-1]],[[1736,5591],[-28,0]],[[1708,5591],[9,44]],[[1927,5557],[60,7]],[[1987,5564],[26,-52]],[[2013,5512],[-66,-32]],[[1947,5480],[-65,21]],[[1882,5501],[-55,6]],[[1827,5507],[31,31]],[[1858,5538],[20,14]],[[1771,5586],[83,37]],[[1854,5623],[4,-85]],[[1827,5507],[-91,43]],[[1736,5550],[0,41]],[[2075,5709],[-20,-60]],[[2055,5649],[-52,-20],[49,-16]],[[2052,5613],[-65,-49]],[[2055,5649],[-3,-36]],[[1764,5449],[-35,-71]],[[1729,5378],[-102,35]],[[1627,5413],[-62,-12]],[[1565,5401],[14,48]],[[1579,5449],[55,50],[-58,109]],[[1576,5608],[111,-19]],[[1687,5589],[49,-39]],[[1736,5550],[11,-70]],[[1579,5449],[-34,19]],[[1545,5468],[-87,22]],[[1458,5490],[29,108],[89,14]],[[1576,5612],[0,-4]],[[1545,5468],[-47,-55]],[[1498,5413],[-37,11]],[[1461,5424],[-3,66]],[[1805,5429],[16,17]],[[1821,5446],[71,-73],[1,-65]],[[1893,5308],[-60,-17]],[[1833,5291],[-17,1]],[[1816,5292],[-80,9],[-7,77]],[[1854,5623],[17,10]],[[1947,5480],[79,-149]],[[2026,5331],[-20,-120]],[[2006,5211],[-99,49]],[[1907,5260],[-14,48]],[[1821,5446],[15,35]],[[1836,5481],[46,20]],[[2013,5512],[42,-25]],[[2055,5487],[83,-14]],[[2138,5473],[85,48],[93,-8]],[[2316,5513],[-22,-91],[-62,-12]],[[2232,5410],[-105,-44]],[[2127,5366],[-34,-28]],[[2093,5338],[-25,4]],[[2068,5342],[-42,-11]],[[2055,5487],[49,41]],[[2104,5528],[34,-55]],[[1064,4448],[90,-116]],[[1154,4332],[111,-13]],[[1265,4319],[-11,-180]],[[1254,4139],[-72,-1]],[[1182,4138],[-15,64]],[[1167,4202],[-89,-12]],[[1078,4190],[-34,5]],[[1044,4195],[-36,-18],[-285,68]],[[723,4245],[6,120],[212,-50]],[[941,4315],[68,30]],[[1009,4345],[55,103]],[[1044,4195],[-2,-140]],[[1042,4055],[-41,45],[-126,-2]],[[875,4098],[-94,-44]],[[781,4054],[-95,42],[37,149]],[[2383,2339],[-10,-83]],[[2373,2256],[-11,-4]],[[2362,2252],[-86,66]],[[2276,2318],[-105,41]],[[2171,2359],[-13,39]],[[2158,2398],[106,2]],[[2264,2400],[112,-51]],[[2376,2349],[7,-10]],[[2232,5410],[5,-23]],[[2237,5387],[-37,-40]],[[2200,5347],[-73,19]],[[2200,5347],[-107,-9]],[[2237,5387],[84,-66]],[[2321,5321],[15,-71]],[[2336,5250],[-191,14]],[[2145,5264],[-40,-1]],[[2105,5263],[-37,79]],[[2321,5321],[136,76],[220,-50]],[[2677,5347],[-2,-152],[-120,0]],[[2555,5195],[-133,-16],[-77,55]],[[2345,5234],[-9,16]],[[2104,5528],[92,52],[123,30]],[[2319,5610],[2,-94]],[[2321,5516],[-5,-3]],[[1816,5292],[1,-3]],[[1817,5289],[-120,-43]],[[1697,5246],[-22,-35]],[[1675,5211],[-24,-20]],[[1651,5191],[-52,65]],[[1599,5256],[-38,22]],[[1561,5278],[-1,1]],[[1560,5279],[12,97],[55,37]],[[2105,5263],[-9,-138],[-49,-30]],[[2047,5095],[-36,78]],[[2011,5173],[-5,38]],[[1833,5291],[5,-18]],[[1838,5273],[-15,-46]],[[1823,5227],[-32,-2]],[[1791,5225],[9,36]],[[1800,5261],[17,28]],[[1907,5260],[-69,13]],[[1791,5225],[-28,18]],[[1763,5243],[37,18]],[[2011,5173],[-114,-33]],[[1897,5140],[-103,25]],[[1794,5165],[29,62]],[[1697,5246],[41,-30]],[[1738,5216],[56,-51]],[[1897,5140],[-74,-89]],[[1823,5051],[-73,-9]],[[1750,5042],[-4,-2]],[[1746,5040],[-12,6]],[[1734,5046],[14,29]],[[1748,5075],[2,19]],[[1750,5094],[11,78],[-60,14]],[[1701,5186],[-26,25]],[[1599,5256],[-23,-7]],[[1576,5249],[-15,29]],[[1750,5094],[-49,92]],[[1751,4882],[-46,91]],[[1705,4973],[39,19]],[[1744,4992],[86,-49]],[[1830,4943],[-79,-61]],[[2047,5095],[-41,-37]],[[2006,5058],[-50,-147]],[[1956,4911],[-58,22]],[[1898,4933],[-27,11]],[[1871,4944],[-48,107]],[[1748,5075],[-47,-3]],[[1701,5072],[-85,5],[-19,114]],[[1597,5191],[54,0]],[[1734,5046],[-19,-5]],[[1715,5041],[-14,31]],[[1746,5040],[-31,1]],[[1705,4973],[25,43]],[[1730,5016],[14,-24]],[[2345,5234],[-100,-61]],[[2245,5173],[-60,11],[-40,80]],[[2245,5173],[-98,-65]],[[2147,5108],[-83,-62]],[[2064,5046],[-58,12]],[[2074,5009],[-10,37]],[[2147,5108],[-7,-80]],[[2067,4999],[-31,-61]],[[2036,4938],[-20,-10]],[[2016,4928],[-60,-17]],[[1735,4600],[9,-27]],[[1744,4573],[-13,-72]],[[1731,4501],[-41,-11]],[[1690,4490],[-48,-15]],[[1642,4475],[-27,55]],[[1615,4530],[-3,99]],[[1612,4629],[48,62]],[[1660,4691],[75,-91]],[[2495,2551],[47,8]],[[2542,2559],[26,-32],[137,5],[-35,-75]],[[2670,2457],[-59,-20],[-127,23],[-44,-81]],[[2440,2379],[-41,-5]],[[2399,2374],[41,99],[-160,-10],[-56,47]],[[2224,2510],[51,51]],[[2275,2561],[101,-34],[88,18]],[[2464,2545],[31,6]],[[2158,2398],[-53,0],[-178,125],[-72,-63]],[[1855,2460],[-88,94],[23,125]],[[1790,2679],[91,103],[55,-97],[136,-72]],[[2072,2613],[32,-69],[77,11],[43,-45]],[[2399,2374],[-135,26]],[[2085,4913],[-49,25]],[[2092,4875],[-11,0]],[[2081,4875],[-65,53]],[[2081,4875],[-40,-76]],[[2041,4799],[-18,-4]],[[2023,4795],[-125,0]],[[1898,4795],[-32,30],[32,108]],[[2555,5195],[83,-79],[41,-88],[-24,-79]],[[2655,4949],[-364,-119]],[[2291,4830],[-10,95],[-55,15]],[[2291,4830],[6,-41]],[[2273,4776],[-79,-51],[-80,53],[-18,83]],[[2186,4677],[-80,1],[-65,121]],[[2655,4949],[-14,-84]],[[1892,5876],[-50,-44]],[[1840,5828],[-56,-3]],[[1784,5825],[-34,58]],[[1784,5825],[-9,-16]],[[1775,5809],[-32,69]],[[1834,5803],[-59,6]],[[1687,5589],[21,2]],[[1565,5401],[-3,-20]],[[1562,5381],[-64,32]],[[1763,5243],[-25,-27]],[[2023,4795],[-85,-103]],[[1938,4692],[-35,19]],[[1903,4711],[-16,27]],[[1887,4738],[11,57]],[[1576,5612],[14,83],[103,1]],[[1812,5499],[24,-18]],[[2128,4547],[-44,-33]],[[2084,4514],[-102,47]],[[1982,4561],[-44,131]],[[2321,5516],[114,103],[117,-20],[65,-116],[76,-58],[-16,-78]],[[2748,4423],[41,13],[63,-88],[-53,-89]],[[2799,4259],[-110,-73],[-62,28],[-137,2],[-45,104]],[[1750,5042],[-20,-26]],[[1751,4882],[-83,19]],[[1668,4901],[-34,9]],[[1634,4910],[-93,61]],[[1541,4971],[-68,119]],[[1473,5090],[25,50]],[[1498,5140],[-6,41]],[[1492,5181],[105,10]],[[2120,5998],[68,-67],[32,-112]],[[2220,5819],[-9,-14]],[[2211,5805],[-153,2]],[[2211,5805],[-72,-66]],[[2220,5819],[95,-42],[44,-127],[-40,-40]],[[1576,5249],[-16,30]],[[1562,5381],[-70,-53]],[[1492,5328],[-31,96]],[[1492,5181],[0,147]],[[1871,4944],[-41,-1]],[[2225,3865],[82,211]],[[2307,4076],[102,-57],[116,69],[73,-36]],[[2598,4052],[-87,-100]],[[2511,3952],[-86,20],[-79,-90]],[[2346,3882],[-54,-74],[8,-83]],[[2300,3725],[-48,-14]],[[2252,3711],[-29,32]],[[2205,3787],[7,33]],[[2382,3574],[-92,11]],[[2290,3585],[55,112]],[[2345,3697],[113,-5],[66,50]],[[2524,3742],[24,-69],[-93,-93]],[[2455,3580],[-73,-6]],[[2511,3952],[9,-133]],[[2520,3819],[4,-77]],[[2345,3697],[44,92],[-43,93]],[[2455,3580],[67,-87],[7,-64]],[[2529,3429],[-2,-3]],[[2527,3426],[-50,49]],[[2477,3475],[-86,43]],[[2391,3518],[-76,28]],[[2315,3546],[67,28]],[[2520,3819],[227,-57],[70,74]],[[2817,3836],[42,-110],[-71,-136],[-26,-132],[-104,-25]],[[2658,3433],[-129,-4]],[[2300,3725],[45,-28]],[[2290,3585],[-30,28]],[[2260,3613],[1,21]],[[2261,3634],[-9,77]],[[2477,3475],[-31,-33]],[[2446,3442],[-55,76]],[[2564,3136],[-113,66]],[[2451,3202],[124,-10]],[[2451,3202],[-37,36]],[[2414,3238],[67,33],[89,-24]],[[2625,3219],[70,-21]],[[2695,3198],[-61,-71]],[[2634,3127],[-52,-4]],[[2658,3433],[-21,-125]],[[2637,3308],[-47,-1]],[[2590,3307],[-65,26],[2,93]],[[2424,3379],[-38,-81],[-123,40],[16,45]],[[2279,3383],[71,32],[74,-36]],[[2414,3238],[-77,3]],[[2337,3241],[-91,49],[-255,-62]],[[1991,3228],[61,53],[29,127]],[[2081,3408],[197,-25]],[[2278,3383],[1,0]],[[2424,3379],[22,63]],[[2590,3307],[17,-34]],[[2278,3383],[-7,135]],[[2271,3518],[44,28]],[[2035,3491],[-94,-87]],[[1941,3404],[-19,64],[79,52]],[[2001,3520],[34,-29]],[[1941,3404],[-3,-11]],[[1938,3393],[-114,-43]],[[1824,3350],[-40,-2]],[[1784,3348],[-134,119]],[[1650,3467],[19,32]],[[1669,3499],[91,75]],[[1760,3574],[76,123]],[[1836,3697],[20,36]],[[1856,3733],[111,-156],[43,-23]],[[2010,3554],[-3,-11]],[[2007,3543],[0,-12]],[[2007,3531],[-6,-11]],[[2637,3308],[58,-110]],[[2598,4052],[71,-23],[61,98],[99,22]],[[2829,4149],[30,-28],[-77,-109],[49,-99],[-14,-77]],[[2799,4259],[30,-110]],[[2307,4076],[-86,43]],[[2221,4119],[122,194]],[[2126,3833],[-22,15]],[[2104,3848],[-183,93]],[[1921,3941],[51,69]],[[1972,4010],[1,1]],[[1973,4011],[29,-18]],[[2261,3634],[-113,75],[-96,2],[-65,54],[-105,26]],[[1882,3791],[25,122]],[[1907,3913],[14,28]],[[2104,3848],[20,-25]],[[1928,3179],[188,-43],[-6,-80]],[[2110,3056],[-130,2],[-52,121]],[[2634,3127],[44,-85]],[[2678,3042],[-105,40]],[[2573,3082],[-6,47]],[[2007,3543],[19,-7]],[[2026,3536],[-1,-5]],[[2025,3531],[-18,0]],[[2025,3531],[18,-31]],[[2043,3500],[-8,-9]],[[2010,3554],[2,0]],[[2012,3554],[71,-66]],[[2083,3488],[-22,7]],[[2061,3495],[-7,2]],[[2054,3497],[-28,39]],[[2054,3497],[-11,3]],[[1991,3228],[-59,0]],[[1932,3228],[6,165]],[[2061,3495],[20,-87]],[[2083,3488],[83,-12],[105,42]],[[1784,3348],[-36,-27],[-163,-10]],[[1585,3311],[0,57]],[[1585,3368],[65,99]],[[1932,3228],[-40,-24]],[[1892,3204],[-34,-19]],[[1858,3185],[-34,165]],[[2164,3609],[16,-65]],[[2180,3544],[-43,57]],[[2137,3601],[27,8]],[[2012,3554],[35,46]],[[2047,3600],[133,-56]],[[2164,3609],[96,4]],[[2137,3601],[-90,-1]],[[1856,3733],[26,58]],[[2182,3998],[-7,89]],[[2175,4087],[46,32]],[[2337,3241],[15,-74]],[[2352,3167],[-93,-47],[-79,-103]],[[2180,3017],[-70,39]],[[1928,3179],[-36,25]],[[1973,4011],[61,89],[95,-64],[46,51]],[[2573,3082],[-58,-36]],[[2515,3046],[-136,1]],[[2379,3047],[-27,120]],[[2713,2985],[68,-2],[-43,-119]],[[2738,2864],[-74,30]],[[2664,2894],[-48,79]],[[2616,2973],[97,12]],[[2515,3046],[101,-73]],[[2664,2894],[-84,-18],[-121,-72],[-92,72]],[[2367,2876],[5,18]],[[2372,2894],[7,153]],[[2678,3042],[35,-57]],[[2372,2894],[-116,3],[-76,120]],[[1790,2679],[-24,73],[-2,262],[94,171]],[[2367,2876],[-70,-43]],[[2297,2833],[-106,-136],[-93,-7],[-26,-77]],[[1332,3282],[184,8]],[[1516,3290],[69,21]],[[1855,2460],[-46,-119]],[[1809,2341],[-246,53],[-28,-149]],[[1535,2245],[-37,83],[-113,34],[-16,55],[-219,-383]],[[1150,2034],[-18,-15],[7,-235],[-29,-25]],[[1110,1759],[36,-113]],[[1146,1646],[-101,47]],[[1045,1693],[-13,4]],[[1032,1697],[39,116],[-59,12]],[[1012,1825],[34,130],[-100,22]],[[946,1977],[1,1]],[[947,1978],[-22,159],[-134,45]],[[791,2182],[42,67]],[[833,2249],[43,118],[-104,176]],[[772,2543],[-7,123]],[[765,2666],[-32,128],[-163,-3]],[[570,2791],[-2,2]],[[568,2793],[-46,66],[-3,91],[-13,18]],[[506,2968],[160,121],[40,101]],[[268,3011],[-125,72]],[[143,3083],[50,65],[-15,68]],[[178,3216],[87,-88],[94,-35],[-21,-81],[-70,-1]],[[765,2666],[-143,-6],[-66,-79]],[[556,2581],[-58,28]],[[498,2609],[-15,66]],[[483,2675],[52,6],[35,110]],[[427,3379],[-66,23]],[[361,3402],[-83,68],[12,68],[140,-1]],[[430,3537],[55,-34],[64,-111]],[[549,3392],[-31,-42]],[[518,3350],[-91,29]],[[568,2793],[-28,-19],[-168,90],[-207,195],[-22,24]],[[268,3011],[29,-28],[209,-15]],[[364,2790],[-132,11],[-42,45],[-113,32]],[[77,2878],[29,64]],[[106,2942],[145,-29],[113,-123]],[[518,3350],[-18,-96]],[[500,3254],[-19,31]],[[481,3285],[-54,94]],[[481,3285],[-102,57],[-101,21]],[[278,3363],[83,39]],[[630,3304],[-5,-53],[-125,3]],[[549,3392],[22,-9]],[[178,3216],[76,70],[24,77]],[[483,2675],[-1,0]],[[482,2675],[-55,94],[-63,21]],[[106,2942],[37,141]],[[430,3537],[59,79]],[[1907,3913],[-94,58]],[[1813,3971],[-24,58]],[[1789,4029],[37,103]],[[1826,4132],[71,-19],[75,-103]],[[1903,4711],[-28,-107]],[[1875,4604],[-89,18]],[[1786,4622],[42,73]],[[1828,4695],[59,43]],[[1735,4600],[51,22]],[[1875,4604],[1,-26]],[[1876,4578],[-60,-95]],[[1816,4483],[-72,90]],[[1982,4561],[-64,-10]],[[1918,4551],[-42,27]],[[2084,4514],[-29,-35]],[[2055,4479],[-49,-72]],[[2006,4407],[-35,88]],[[1971,4495],[-53,56]],[[1971,4495],[-118,-26]],[[1853,4469],[-36,13]],[[1817,4482],[-1,1]],[[1273,3619],[132,3]],[[1405,3622],[30,-64]],[[1435,3558],[53,-111]],[[1488,3447],[28,-157]],[[2055,4479],[55,-65]],[[2110,4414],[-77,-38]],[[2033,4376],[-27,31]],[[2343,4313],[-179,39],[-54,62]],[[2033,4376],[-122,-72]],[[1911,4304],[-60,59],[2,106]],[[1488,3447],[97,-79]],[[2495,2551],[24,67]],[[2519,2618],[-36,35]],[[2483,2653],[-186,180]],[[2738,2864],[9,-130],[-168,-43],[-37,-132]],[[1789,4029],[-122,54]],[[1667,4083],[-68,52]],[[1599,4135],[-9,20]],[[1590,4155],[-34,101]],[[1556,4256],[7,124]],[[1563,4380],[130,1]],[[1693,4381],[120,-56],[28,-43]],[[1841,4282],[-15,-150]],[[1467,4552],[141,-24]],[[1608,4528],[-83,-90]],[[1525,4438],[-55,34]],[[1470,4472],[-49,14]],[[1421,4486],[-11,17]],[[1410,4503],[40,13]],[[1450,4516],[17,36]],[[1841,4282],[70,22]],[[1435,3558],[127,24]],[[1562,3582],[107,-83]],[[1405,3622],[19,70]],[[1424,3692],[65,33]],[[1489,3725],[53,-32]],[[1542,3693],[20,-111]],[[1225,3715],[80,3]],[[1305,3718],[87,-33]],[[1392,3685],[32,7]],[[1305,3718],[8,92],[-165,85]],[[1148,3895],[57,89]],[[1205,3984],[89,59],[81,-37]],[[1375,4006],[17,-321]],[[1148,3895],[-36,68]],[[1112,3963],[37,84]],[[1149,4047],[56,-63]],[[959,3856],[15,24]],[[974,3880],[77,62]],[[1051,3942],[61,21]],[[868,3930],[84,5]],[[952,3935],[22,-55]],[[952,3935],[33,30]],[[985,3965],[36,27]],[[1021,3992],[30,-50]],[[985,3965],[-38,45]],[[947,4010],[74,-18]],[[1254,4139],[49,5],[72,-137]],[[1375,4007],[0,-1]],[[1149,4047],[-21,36]],[[1128,4083],[1,17]],[[1129,4100],[53,38]],[[646,3936],[32,111],[103,7]],[[875,4098],[72,-88]],[[1042,4055],[86,28]],[[1078,4190],[1,0]],[[1079,4190],[50,-90]],[[1079,4190],[88,12]],[[1265,4319],[62,0],[47,-74]],[[1374,4245],[71,-112]],[[1445,4133],[-70,-126]],[[1590,4155],[-145,-22]],[[1374,4245],[62,63]],[[1436,4308],[120,-52]],[[1489,3725],[-43,135],[23,60]],[[1469,3920],[43,7]],[[1512,3927],[31,-29]],[[1543,3898],[13,-101]],[[1556,3797],[-14,-104]],[[1599,4135],[-12,-52],[-104,-114],[-14,-49]],[[1813,3971],[-175,-71],[-67,59],[96,124]],[[1525,4438],[5,-77]],[[1530,4361],[-94,7]],[[1436,4368],[0,6]],[[1436,4374],[34,98]],[[1436,4308],[0,60]],[[1530,4361],[33,19]],[[1154,4332],[44,89]],[[1198,4421],[39,13]],[[1237,4434],[46,23]],[[1283,4457],[116,-16]],[[1399,4441],[37,-67]],[[1642,4475],[45,-67]],[[1687,4408],[6,-27]],[[1608,4528],[7,2]],[[1467,4552],[-21,83]],[[1446,4635],[18,34]],[[1464,4669],[55,39]],[[1519,4708],[93,-79]],[[1690,4490],[-3,-82]],[[1731,4501],[86,-19]],[[1519,4708],[148,38]],[[1667,4746],[11,-13]],[[1678,4733],[-18,-42]],[[1464,4669],[-23,-4]],[[1441,4665],[-46,29]],[[1395,4694],[-93,30]],[[1302,4724],[12,9]],[[1314,4733],[6,4]],[[1320,4737],[34,18]],[[1354,4755],[64,15]],[[1418,4770],[74,-4]],[[1492,4766],[42,-15]],[[1534,4751],[68,109]],[[1602,4860],[48,-46]],[[1650,4814],[17,-68]],[[1492,4766],[41,2]],[[1533,4768],[1,-17]],[[1634,4910],[-32,-50]],[[1533,4768],[-68,108]],[[1465,4876],[49,76]],[[1514,4952],[27,19]],[[1354,4755],[-58,-6]],[[1296,4749],[8,20]],[[1304,4769],[7,3]],[[1311,4772],[9,16]],[[1320,4788],[6,26]],[[1326,4814],[21,18]],[[1347,4832],[54,-20]],[[1401,4812],[17,-42]],[[1401,4812],[51,37]],[[1452,4849],[13,27]],[[1465,4876],[-56,39]],[[1409,4915],[-7,55]],[[1402,4970],[79,-1]],[[1481,4969],[33,-17]],[[1347,4832],[34,32]],[[1381,4864],[71,-15]],[[1381,4864],[-17,16]],[[1364,4880],[38,26]],[[1402,4906],[7,9]],[[1402,4970],[17,27]],[[1419,4997],[-8,11]],[[1411,5008],[70,-39]],[[1402,4906],[-67,11]],[[1335,4917],[-4,1]],[[1331,4918],[8,59]],[[1339,4977],[41,38]],[[1380,5015],[39,-18]],[[1473,5090],[-62,-82]],[[1380,5015],[118,125]],[[1273,4811],[-5,-32]],[[1268,4779],[-35,22]],[[1233,4801],[40,10]],[[313,2145],[-50,-23],[-15,61]],[[248,2183],[65,-38]],[[1223,4820],[-47,-5]],[[1176,4815],[50,37]],[[1226,4852],[-1,-26]],[[1225,4826],[-2,-6]],[[1364,4880],[-29,37]],[[1331,4918],[-3,-5]],[[1328,4913],[-98,-26],[-4,-35]],[[1176,4815],[-98,27],[-40,108],[94,6],[47,-56],[160,77]],[[1328,4913],[-29,-24]],[[1299,4889],[-47,-2]],[[1252,4887],[-25,-61]],[[1227,4826],[-2,0]],[[1299,4889],[-4,-19]],[[1295,4870],[-31,-8],[25,-18]],[[1289,4844],[2,-4]],[[1291,4840],[-14,-17]],[[1277,4823],[-25,64]],[[1233,4801],[-6,25]],[[1277,4823],[-1,-7]],[[1276,4816],[-3,-5]],[[1295,4870],[-6,-26]],[[1268,4779],[-4,-9]],[[1264,4770],[-16,2]],[[1248,4772],[-31,33],[6,15]],[[1304,4769],[-17,-3]],[[1287,4766],[-11,50]],[[1291,4840],[9,-11]],[[1300,4829],[11,-44]],[[1311,4785],[0,-13]],[[1287,4766],[-23,4]],[[1296,4749],[-2,-6]],[[1294,4743],[-3,-11]],[[1291,4732],[-5,-12]],[[1286,4720],[-10,-26]],[[1276,4694],[-4,-11]],[[1272,4683],[-2,-6]],[[1270,4677],[-2,-5]],[[1268,4672],[-28,-4]],[[1240,4668],[-26,15]],[[1214,4683],[-9,10]],[[1205,4693],[-16,26]],[[1189,4719],[59,53]],[[1311,4785],[9,3]],[[1300,4829],[26,-15]],[[1320,4737],[-26,6]],[[1314,4733],[-23,-1]],[[1302,4724],[-4,-6]],[[1298,4718],[-1,-1]],[[1297,4717],[-11,3]],[[1297,4717],[14,-28]],[[1311,4689],[-7,-8]],[[1304,4681],[8,-6]],[[1312,4675],[-28,3]],[[1284,4678],[-8,16]],[[1298,4718],[28,-20]],[[1326,4698],[-15,-9]],[[1395,4694],[-15,-7]],[[1380,4687],[-10,8]],[[1370,4695],[-44,3]],[[1370,4695],[-35,-19]],[[1335,4676],[-31,5]],[[1335,4676],[-11,-7]],[[1324,4669],[-12,6]],[[1139,4727],[7,-19]],[[1146,4708],[-9,-16]],[[1137,4692],[-12,3]],[[1125,4695],[-26,24]],[[1099,4719],[40,8]],[[1099,4719],[-29,52]],[[1070,4771],[2,-1]],[[1072,4770],[73,-37]],[[1145,4733],[-6,-6]],[[1070,4771],[-54,-1]],[[1016,4770],[27,50],[29,-50]],[[1380,4687],[-18,-40]],[[1362,4647],[-38,22]],[[1450,4516],[-33,74]],[[1417,4590],[-22,34]],[[1395,4624],[51,11]],[[1417,4590],[-27,36]],[[1390,4626],[5,-2]],[[1441,4665],[-79,-18]],[[1410,4503],[-67,105]],[[1343,4608],[0,23]],[[1343,4631],[47,-5]],[[1512,3927],[31,22],[0,-51]],[[1678,4733],[150,-38]],[[1650,4814],[18,87]],[[1421,4486],[-8,-8]],[[1413,4478],[-96,67]],[[1317,4545],[18,65]],[[1335,4610],[8,-2]],[[1399,4441],[14,37]],[[1283,4457],[-61,42]],[[1222,4499],[15,38]],[[1237,4537],[34,3]],[[1271,4540],[29,3]],[[1300,4543],[17,2]],[[1237,4434],[-15,65]],[[1125,4695],[26,-67]],[[1151,4628],[-54,0]],[[1097,4628],[-47,60],[-125,25]],[[925,4713],[91,57]],[[1300,4543],[18,75]],[[1318,4618],[17,-8]],[[1271,4540],[21,91]],[[1292,4631],[26,-13]],[[1305,4661],[-7,-23],[-11,28]],[[1287,4666],[18,-5]],[[1270,4677],[17,-11]],[[1305,4661],[38,-30]],[[1292,4631],[-5,8]],[[1287,4639],[-5,3]],[[1282,4642],[-7,19]],[[1275,4661],[-7,11]],[[1287,4639],[-23,-24]],[[1264,4615],[7,19]],[[1271,4634],[11,8]],[[1271,4634],[1,27]],[[1272,4661],[3,0]],[[1272,4661],[-29,-5]],[[1243,4656],[-3,12]],[[1205,4693],[-22,-2]],[[1183,4691],[-37,17]],[[1145,4733],[44,-14]],[[1183,4691],[-46,1]],[[1097,4628],[-12,-37]],[[1085,4591],[-120,-83],[-56,0]],[[909,4508],[-22,124],[38,81]],[[1009,4345],[-47,61],[101,49]],[[1063,4455],[1,-7]],[[1063,4455],[30,58]],[[1093,4513],[105,-92]],[[1237,4537],[-24,27]],[[1213,4564],[32,24]],[[1245,4588],[19,27]],[[1214,4683],[-6,-28]],[[1208,4655],[-47,-27]],[[1161,4628],[-10,0]],[[1093,4513],[-8,78]],[[1161,4628],[32,-26]],[[1193,4602],[20,-38]],[[1208,4655],[-15,-53]],[[1243,4656],[0,-3]],[[1243,4653],[-15,-31]],[[1228,4622],[17,-34]],[[1243,4653],[9,-29],[-24,-2]],[[1272,4683],[12,-5]],[[941,4315],[11,60],[-76,67],[33,66]],[[1836,3697],[-62,116],[-109,48],[-17,-41]],[[1648,3820],[-92,-23]],[[1648,3820],[69,-62],[-21,-125],[64,-59]],[[353,1603],[-2,-23]],[[351,1580],[-32,-26]],[[319,1554],[-39,9]],[[280,1563],[-16,32]],[[264,1595],[-1,38]],[[263,1633],[47,35]],[[310,1668],[40,1]],[[350,1669],[3,-66]],[[556,2581],[-61,-50]],[[495,2531],[-27,8]],[[468,2539],[30,70]],[[772,2543],[-145,-28]],[[627,2515],[-90,-16]],[[537,2499],[-42,32]],[[537,2499],[-90,-35]],[[447,2464],[-46,16]],[[401,2480],[-125,36]],[[276,2516],[58,32]],[[334,2548],[134,-9]],[[334,2548],[148,127]],[[192,2528],[21,-100]],[[213,2428],[38,-49]],[[251,2379],[-8,-46]],[[243,2333],[-93,-15],[-68,87],[-78,9],[5,128]],[[9,2542],[183,-14]],[[276,2516],[-84,12]],[[9,2542],[-9,177],[77,159]],[[401,2480],[-74,-46],[-114,-6]],[[251,2379],[59,0]],[[310,2379],[-40,-63]],[[270,2316],[-1,-1]],[[269,2315],[-26,18]],[[447,2464],[-75,-72]],[[372,2392],[-62,-13]],[[419,2269],[139,-51]],[[558,2218],[-121,-64]],[[437,2154],[-13,7]],[[424,2161],[-35,22]],[[389,2183],[-15,88]],[[374,2271],[45,-2]],[[387,2127],[-62,-103]],[[325,2024],[-24,-16]],[[301,2008],[-10,10]],[[291,2018],[75,127]],[[366,2145],[21,-18]],[[372,2392],[-32,-74]],[[340,2318],[-70,-2]],[[340,2318],[33,-14]],[[373,2304],[-32,-4]],[[341,2300],[-26,-44]],[[315,2256],[-13,2]],[[302,2258],[-8,2]],[[294,2260],[-17,-3]],[[277,2257],[-8,58]],[[537,2499],[-72,-126]],[[465,2373],[-51,5],[-17,-60]],[[397,2318],[-2,-2]],[[395,2316],[-22,-12]],[[294,2260],[-32,-38]],[[262,2222],[-3,5]],[[259,2227],[18,30]],[[302,2258],[-10,-30]],[[292,2228],[-10,-26]],[[282,2202],[-20,20]],[[315,2256],[47,-59]],[[362,2197],[-70,31]],[[389,2183],[-27,14]],[[341,2300],[33,-29]],[[419,2269],[28,9]],[[447,2278],[112,-28]],[[559,2250],[-1,-32]],[[395,2316],[52,-38]],[[465,2373],[-68,-55]],[[465,2373],[-18,-95]],[[833,2249],[-118,82],[7,50]],[[722,2381],[-18,24]],[[704,2405],[-92,25]],[[612,2430],[15,85]],[[559,2250],[13,18]],[[572,2268],[33,3]],[[605,2271],[37,-98]],[[642,2173],[20,-103],[63,-60]],[[725,2010],[-8,-11]],[[717,1999],[-38,-5]],[[679,1994],[-70,102]],[[609,2096],[-172,58]],[[833,2249],[-191,-76]],[[605,2271],[117,110]],[[313,2145],[53,0]],[[291,2018],[-32,-10]],[[259,2008],[-47,45]],[[212,2053],[47,174]],[[282,2202],[-34,-19]],[[424,2161],[-3,-33]],[[421,2128],[-25,-5]],[[396,2123],[-9,4]],[[301,2008],[-28,-30]],[[273,1978],[-14,30]],[[436,1772],[2,-78]],[[438,1694],[-12,-1]],[[426,1693],[-54,98]],[[372,1791],[55,25]],[[427,1816],[9,-44]],[[325,2024],[10,-115],[-27,-146]],[[308,1763],[-2,0]],[[306,1763],[-93,29]],[[213,1792],[18,99]],[[231,1891],[42,87]],[[396,2123],[-20,-55]],[[376,2068],[2,-75]],[[378,1993],[35,-98]],[[413,1895],[14,-79]],[[372,1791],[-64,-28]],[[310,1668],[-4,95]],[[426,1693],[-76,-24]],[[280,1563],[-29,-45]],[[251,1518],[13,77]],[[251,1518],[-39,-68]],[[212,1450],[-48,-34]],[[164,1416],[-157,142],[159,155]],[[166,1713],[97,-80]],[[231,1891],[-54,0],[-28,89],[63,73]],[[166,1713],[47,79]],[[438,1694],[5,-42]],[[443,1652],[-34,-42]],[[409,1610],[-47,-8]],[[362,1602],[-9,1]],[[1157,725],[-78,-1]],[[1079,724],[3,39]],[[1082,763],[0,56]],[[1082,819],[79,6],[-4,-100]],[[548,1771],[15,-62]],[[563,1709],[-69,-7]],[[494,1702],[-6,38]],[[488,1740],[60,31]],[[436,1772],[39,-4]],[[475,1768],[13,-28]],[[494,1702],[-9,-50]],[[485,1652],[-42,0]],[[475,1768],[82,36]],[[557,1804],[-9,-33]],[[378,1993],[66,-5],[118,46]],[[562,2034],[30,-36]],[[592,1998],[-179,-103]],[[631,1921],[28,2]],[[659,1923],[140,-87]],[[799,1836],[-49,-47]],[[750,1789],[-100,-7],[-27,66]],[[623,1848],[-49,99]],[[574,1947],[57,-26]],[[679,1994],[-11,-40]],[[668,1954],[-37,-33]],[[574,1947],[18,51]],[[562,2034],[47,62]],[[717,1999],[76,3]],[[793,2002],[68,-107]],[[861,1895],[-62,-59]],[[659,1923],[9,31]],[[572,2268],[-1,7]],[[571,2275],[133,130]],[[571,2275],[41,155]],[[725,2010],[34,54]],[[759,2064],[44,-4]],[[803,2060],[-10,-58]],[[791,2182],[-32,-118]],[[946,1977],[-85,-82]],[[803,2060],[24,-38],[120,-44]],[[421,2128],[-45,-60]],[[557,1804],[66,44]],[[750,1789],[-112,-76]],[[638,1713],[-75,-4]],[[1157,725],[77,-5]],[[1234,720],[29,-35]],[[1263,685],[-10,-9]],[[1253,676],[-176,15]],[[1077,691],[2,33]],[[485,1652],[21,-41]],[[506,1611],[-17,-82]],[[489,1529],[-63,30]],[[426,1559],[-17,51]],[[1012,1825],[-129,-285]],[[883,1540],[-46,82]],[[837,1622],[-45,108]],[[792,1730],[-42,59]],[[837,1622],[-31,-23]],[[806,1599],[-44,-34]],[[762,1565],[-30,63]],[[732,1628],[-6,10]],[[726,1638],[66,92]],[[883,1540],[2,-61]],[[885,1479],[-77,-13]],[[808,1466],[2,38]],[[810,1504],[-4,95]],[[810,1504],[-43,-17]],[[767,1487],[-5,78]],[[808,1466],[-47,4]],[[761,1470],[6,17]],[[439,937],[-20,32]],[[419,969],[46,16],[3,-32],[-29,-16]],[[885,1479],[-84,-157]],[[801,1322],[-48,-65],[19,-70]],[[772,1187],[-85,-156]],[[687,1031],[-23,13]],[[664,1044],[-17,10]],[[647,1054],[26,59]],[[673,1113],[-12,54],[43,119]],[[704,1286],[24,104]],[[728,1390],[33,80]],[[687,1031],[2,-86]],[[689,945],[-28,-38]],[[661,907],[-90,-110]],[[571,797],[-67,86]],[[504,883],[76,136],[84,25]],[[419,969],[-16,34]],[[403,1003],[29,7]],[[432,1010],[53,10]],[[485,1020],[43,38]],[[528,1058],[70,-5]],[[598,1053],[49,1]],[[504,883],[-65,54]],[[1253,676],[5,-84],[-52,-40]],[[1206,552],[-45,105],[-83,20]],[[1078,677],[-1,14]],[[881,1109],[-46,-104]],[[835,1005],[-16,85]],[[819,1090],[10,43]],[[829,1133],[52,-24]],[[1263,685],[81,1]],[[1344,686],[68,3]],[[1412,689],[5,-39]],[[1417,650],[66,-46]],[[1483,604],[-10,-72]],[[1473,532],[-25,-82],[-63,-28]],[[1385,422],[-87,-10],[-104,88],[12,52]],[[1391,988],[43,-112]],[[1434,876],[-19,-28]],[[1415,848],[-78,7]],[[1337,855],[32,74],[-26,60]],[[1343,989],[48,-1]],[[1344,686],[-18,146]],[[1326,832],[11,23]],[[1415,848],[-3,-25]],[[1412,823],[0,-134]],[[1391,988],[48,-4]],[[1439,984],[9,-118]],[[1448,866],[-14,10]],[[432,1010],[-9,25]],[[423,1035],[62,-15]],[[423,1035],[-31,41]],[[392,1076],[20,45]],[[412,1121],[76,61]],[[488,1182],[60,-24]],[[548,1158],[-20,-100]],[[403,1003],[-23,68]],[[380,1071],[12,5]],[[380,1071],[-18,32]],[[362,1103],[18,12]],[[380,1115],[32,6]],[[598,1053],[75,60]],[[728,1390],[-39,4]],[[689,1394],[-42,63]],[[647,1457],[11,57]],[[658,1514],[74,114]],[[704,1286],[-33,49]],[[671,1335],[18,59]],[[548,1158],[39,112]],[[587,1270],[84,65]],[[658,1514],[-41,96]],[[617,1610],[-13,0]],[[604,1610],[34,102]],[[638,1712],[88,-74]],[[647,1457],[-1,2]],[[646,1459],[-29,151]],[[646,1459],[-74,0]],[[572,1459],[32,151]],[[587,1270],[-48,61]],[[539,1331],[5,73]],[[544,1404],[28,55]],[[488,1182],[19,33]],[[507,1215],[17,94]],[[524,1309],[15,22]],[[506,1611],[31,-141]],[[537,1470],[-81,-74]],[[456,1396],[-72,45]],[[384,1441],[105,88]],[[638,1713],[0,-1]],[[544,1404],[-7,66]],[[507,1215],[-94,27]],[[413,1242],[26,71]],[[439,1313],[85,-4]],[[380,1115],[-15,31]],[[365,1146],[48,96]],[[1412,823],[82,-79]],[[1494,744],[-77,-94]],[[1439,984],[7,14]],[[1446,998],[37,27]],[[1483,1025],[45,-51]],[[1528,974],[-6,-74]],[[1522,900],[-51,-48]],[[1471,852],[-23,14]],[[1471,852],[40,-104]],[[1511,748],[5,-94]],[[1516,654],[-22,90]],[[1483,604],[21,-47],[-31,-25]],[[362,1103],[-25,18]],[[337,1121],[28,25]],[[439,1313],[3,79]],[[442,1392],[14,4]],[[337,1121],[-36,34]],[[301,1155],[59,158],[82,79]],[[301,1155],[-53,61]],[[248,1216],[73,89],[1,75]],[[322,1380],[26,47]],[[348,1427],[33,13]],[[381,1440],[3,1]],[[212,1450],[46,-76]],[[258,1374],[-60,-137]],[[198,1237],[-52,64],[18,115]],[[248,1216],[-50,21]],[[258,1374],[64,6]],[[319,1554],[29,-127]],[[351,1580],[5,-65]],[[356,1515],[25,-75]],[[362,1602],[20,-59]],[[382,1543],[-26,-28]],[[382,1543],[44,16]],[[661,907],[24,-40]],[[685,867],[-47,-107]],[[638,760],[-67,37]],[[689,945],[29,-5]],[[718,940],[4,-10]],[[722,930],[-37,-63]],[[772,1187],[57,-54]],[[819,1090],[-87,-51],[-14,-99]],[[801,1322],[126,-25]],[[927,1297],[8,-122]],[[935,1175],[-54,-66]],[[885,1479],[59,-35]],[[944,1444],[-17,-147]],[[1032,1697],[-34,-55],[-2,-163],[-45,-32]],[[951,1447],[-7,-3]],[[1045,1693],[4,-96],[79,-85]],[[1128,1512],[-23,-117]],[[1105,1395],[-16,-2]],[[1089,1393],[-138,54]],[[1146,1646],[-18,-134]],[[1089,1393],[-52,-64],[15,-73]],[[1052,1256],[-22,-62]],[[1030,1194],[-51,-1]],[[979,1193],[-44,-18]],[[835,1005],[12,-50]],[[847,955],[-84,-68]],[[763,887],[-41,43]],[[763,887],[10,-75]],[[773,812],[-36,-94]],[[737,718],[-99,42]],[[773,812],[45,3]],[[818,815],[21,-117]],[[839,698],[-102,20]],[[847,955],[15,-7]],[[862,948],[-8,-78]],[[854,870],[-36,-55]],[[979,1193],[3,-113]],[[982,1080],[-21,-59]],[[961,1021],[-99,-73]],[[1030,1194],[-48,-114]],[[1516,654],[3,-8]],[[1519,646],[11,-211]],[[1530,435],[-7,-55]],[[1523,380],[-61,-55]],[[1462,325],[-77,97]],[[1523,380],[5,-42]],[[1528,338],[-66,-13]],[[1052,1256],[47,-5]],[[1099,1251],[-6,-141]],[[1093,1110],[-30,-38]],[[1063,1072],[-81,8]],[[1093,1110],[90,-57]],[[1183,1053],[-76,-18]],[[1107,1035],[-44,37]],[[1107,1035],[-20,-50]],[[1087,985],[-126,36]],[[1105,1395],[45,-13],[-2,-155]],[[1148,1227],[-49,24]],[[1148,1227],[-15,-63],[50,-111]],[[1146,1646],[44,-5],[45,-167]],[[1235,1474],[-23,-69],[89,-70],[24,-131]],[[1325,1204],[-64,-28],[24,-106]],[[1285,1070],[-102,-17]],[[1326,832],[-23,45]],[[1303,877],[-25,118]],[[1278,995],[7,75]],[[1325,1204],[30,-39]],[[1355,1165],[12,-119],[-24,-57]],[[1278,995],[-62,-9]],[[1216,986],[-33,67]],[[1082,763],[-151,89],[-77,18]],[[1087,985],[-5,-166]],[[1078,677],[-195,-19],[-44,40]],[[1303,877],[-25,-29]],[[1278,848],[-62,138]],[[1234,720],[-9,80],[53,48]],[[1772,278],[-4,-11]],[[1768,267],[-23,14],[12,29],[21,-10],[-6,-22]],[[1844,227],[26,-82],[82,-57],[-2,-77],[-90,-11],[-83,47],[-28,187]],[[1749,234],[19,15]],[[1768,249],[76,-22]],[[1530,435],[12,-1]],[[1542,434],[-6,-66],[119,-17],[119,17]],[[1774,368],[-79,-68]],[[1695,300],[-69,43],[-98,-5]],[[1355,1165],[29,26]],[[1384,1191],[62,-193]],[[1772,278],[24,32]],[[1796,310],[82,-13]],[[1878,297],[-34,-70]],[[1768,249],[0,18]],[[1384,1191],[19,24]],[[1403,1215],[80,-151]],[[1483,1064],[0,-39]],[[1235,1474],[41,23],[81,-85],[46,-197]],[[1703,515],[-60,45]],[[1643,560],[58,-27]],[[1701,533],[2,-18]],[[1519,646],[124,-86]],[[1703,515],[24,-17]],[[1727,498],[-13,-76],[-172,12]],[[1701,533],[26,-35]],[[1511,748],[122,-76]],[[1633,672],[102,-117],[39,4]],[[1774,559],[-47,-61]],[[1522,900],[107,-5]],[[1629,895],[36,-167]],[[1665,728],[-32,-56]],[[1653,1089],[28,-60]],[[1681,1029],[10,-43]],[[1691,986],[-38,-12]],[[1653,974],[0,115]],[[1629,895],[7,55]],[[1636,950],[17,24]],[[1691,986],[84,-53]],[[1775,933],[-31,-109]],[[1744,824],[-79,-96]],[[1528,974],[46,60],[62,-84]],[[1625,1212],[24,-17]],[[1649,1195],[-9,-53]],[[1640,1142],[-101,14]],[[1539,1156],[-65,103],[151,-47]],[[1110,1759],[182,-85],[107,-160],[19,-92],[122,-23],[65,-106]],[[1605,1293],[20,-81]],[[1539,1156],[-56,-92]],[[1649,1195],[23,11]],[[1672,1206],[-14,-71]],[[1658,1135],[-18,7]],[[1672,1206],[49,46]],[[1721,1252],[100,38]],[[1821,1290],[-35,-165]],[[1786,1125],[-133,-36]],[[1653,1089],[5,46]],[[1605,1293],[54,-1]],[[1659,1292],[62,-40]],[[2104,1272],[61,-102]],[[2165,1170],[-58,-68]],[[2107,1102],[-72,26],[-46,73],[-131,35]],[[1858,1236],[-23,60]],[[1835,1296],[4,5]],[[1839,1301],[82,19]],[[1921,1320],[69,-23]],[[1990,1297],[114,-25]],[[1659,1292],[24,73],[64,23]],[[1747,1388],[92,-87]],[[1835,1296],[-14,-6]],[[1150,2034],[12,-35],[265,-274],[68,89],[101,-6]],[[1596,1808],[120,-126]],[[1716,1682],[39,-75]],[[1755,1607],[0,-4]],[[1755,1603],[-7,-124]],[[1748,1479],[3,-22]],[[1751,1457],[-4,-69]],[[1751,1457],[127,-69]],[[1878,1388],[4,-6]],[[1882,1382],[39,-62]],[[1858,1236],[11,-136],[45,-59]],[[1914,1041],[-40,11]],[[1874,1052],[-79,21]],[[1795,1073],[-9,52]],[[1795,1073],[-55,-61],[-59,17]],[[1874,1052],[-28,-54]],[[1846,998],[-51,75]],[[1846,998],[-15,-89]],[[1831,909],[-56,24]],[[1914,1041],[21,-49]],[[1935,992],[41,-97],[-117,-37],[-28,51]],[[1900,339],[8,26],[55,24]],[[1963,389],[-63,-50]],[[1744,824],[94,-160]],[[1838,664],[-64,-105]],[[1838,664],[223,15]],[[2061,679],[-107,-188],[9,-102]],[[1900,339],[-22,-42]],[[1796,310],[-22,58]],[[1935,992],[135,-24]],[[2070,968],[33,-59]],[[2103,909],[-49,-85],[97,-34],[-90,-111]],[[2376,2349],[23,25]],[[2440,2379],[-57,-40]],[[1749,234],[-54,66]],[[2107,1102],[-101,-47],[64,-87]],[[2104,1272],[136,15]],[[2240,1287],[64,-96],[153,-51]],[[2457,1140],[-5,-11]],[[2452,1129],[-60,-14]],[[2392,1115],[-227,55]],[[2452,1129],[-30,-102]],[[2422,1027],[-30,88]],[[2422,1027],[-11,-21]],[[2411,1006],[-161,-2],[-95,102],[-48,-4]],[[2240,1287],[21,51],[238,-71]],[[2499,1267],[43,-139],[-85,12]],[[1882,1382],[63,-4]],[[1945,1378],[45,-81]],[[1748,1479],[77,16]],[[1825,1495],[49,-83]],[[1874,1412],[2,-8]],[[1876,1404],[2,-16]],[[1755,1603],[70,-108]],[[1716,1682],[77,36]],[[1793,1718],[62,-113]],[[1855,1605],[-100,2]],[[1596,1808],[-62,147]],[[1534,1955],[124,-41],[81,-60]],[[1739,1854],[24,-26]],[[1763,1828],[38,-99]],[[1801,1729],[-8,-11]],[[1534,1955],[147,95],[56,-21]],[[1737,2029],[63,-39]],[[1800,1990],[-61,-136]],[[1535,2245],[58,-86],[71,-6]],[[1664,2153],[73,-124]],[[1809,2341],[0,-120]],[[1809,2221],[-92,3],[-53,-71]],[[1809,2221],[-4,-52]],[[1805,2169],[21,-128]],[[1826,2041],[-26,-51]],[[1826,2041],[93,-21]],[[1919,2020],[11,-35]],[[1930,1985],[-24,-36]],[[1906,1949],[-106,41]],[[1805,2169],[69,4]],[[1874,2173],[70,-141]],[[1944,2032],[-25,-12]],[[1944,2032],[4,-1]],[[1948,2031],[46,-59]],[[1994,1972],[-64,13]],[[1801,1729],[41,-11]],[[1842,1718],[119,-101]],[[1961,1617],[38,-53]],[[1999,1564],[-81,-6]],[[1918,1558],[-63,47]],[[1842,1718],[42,-2]],[[1884,1716],[147,-31]],[[2031,1685],[-70,-68]],[[1763,1828],[45,18],[99,-40],[18,-59]],[[1925,1747],[-41,-31]],[[1906,1949],[132,-113]],[[2038,1836],[91,-59]],[[2129,1777],[-17,-35],[-187,5]],[[2129,1777],[73,-5]],[[2202,1772],[91,-130]],[[2293,1642],[-128,-8]],[[2165,1634],[-10,-15]],[[2155,1619],[-74,34]],[[2081,1653],[-50,32]],[[2081,1653],[16,-78]],[[2097,1575],[-90,-30]],[[2007,1545],[-8,19]],[[2155,1619],[39,-25]],[[2194,1594],[-32,-58]],[[2162,1536],[-65,39]],[[2346,1456],[6,39]],[[2352,1495],[184,-54]],[[2536,1441],[-30,-48]],[[2506,1393],[-106,12],[-54,51]],[[2420,1770],[84,-81]],[[2504,1689],[-110,62]],[[2394,1751],[26,19]],[[2420,1770],[35,26]],[[2455,1796],[78,1]],[[2533,1797],[110,-84],[-111,-54]],[[2532,1659],[-28,30]],[[2455,1796],[55,49]],[[2510,1845],[23,-48]],[[2394,1751],[-13,-34]],[[2381,1717],[-60,57]],[[2321,1774],[3,157],[26,35]],[[2350,1966],[75,-22]],[[2425,1944],[80,-69]],[[2505,1875],[5,-30]],[[2321,1774],[-101,12]],[[2220,1786],[-31,51]],[[2189,1837],[25,114]],[[2214,1951],[79,-2]],[[2293,1949],[57,17]],[[2189,1837],[-61,78],[10,56]],[[2138,1971],[76,-20]],[[2038,1836],[-4,34]],[[2034,1870],[77,73]],[[2111,1943],[27,28]],[[2220,1786],[-18,-14]],[[1948,2031],[70,42],[84,-74],[9,-56]],[[2034,1870],[-40,102]],[[2425,1944],[131,17],[49,-38]],[[2605,1923],[39,-85],[-139,37]],[[1874,2173],[16,12]],[[1890,2185],[223,-99],[56,-80],[74,-1],[50,-56]],[[2409,2089],[-3,54]],[[2406,2143],[125,-86]],[[2531,2057],[-122,32]],[[1890,2185],[266,111],[63,-78],[94,-33],[40,-91],[56,-5]],[[2531,2057],[90,-64]],[[2621,1993],[-16,-70]],[[2171,2359],[50,-107],[63,-26]],[[2284,2226],[98,-47]],[[2382,2179],[24,-36]],[[2373,2256],[93,-29]],[[2466,2227],[-84,-48]],[[2284,2226],[76,8]],[[2360,2234],[2,18]],[[2466,2227],[112,31],[90,69]],[[2668,2327],[27,-3],[37,-206],[-65,-124],[-46,-1]],[[2276,2318],[84,-84]],[[2275,2561],[8,50]],[[2283,2611],[107,25]],[[2390,2636],[58,-1]],[[2448,2635],[16,-90]],[[2283,2611],[35,46],[72,-21]],[[2448,2635],[16,1]],[[2464,2636],[55,-18]],[[2464,2636],[19,17]],[[2411,1006],[-45,-92],[-151,-22],[-17,56],[-95,-39]],[[2381,1717],[-23,-81]],[[2358,1636],[-65,6]],[[1918,1558],[4,-55]],[[1922,1503],[7,-23]],[[1929,1480],[-55,-68]],[[1922,1503],[66,27]],[[1988,1530],[-16,-72]],[[1972,1458],[-43,22]],[[2007,1545],[-19,-15]],[[2352,1495],[-25,35]],[[2327,1530],[31,106]],[[2532,1659],[40,-89],[-36,-129]],[[2162,1536],[84,-57]],[[2246,1479],[-52,-29]],[[2194,1450],[-56,-37]],[[2138,1413],[-111,10],[-55,35]],[[2104,1272],[17,126]],[[2121,1398],[73,52]],[[2246,1479],[2,-5]],[[2248,1474],[98,-18]],[[2506,1393],[-7,-126]],[[2121,1398],[17,15]],[[1945,1378],[-69,26]],[[2194,1594],[40,-22]],[[2234,1572],[14,-98]],[[2327,1530],[-73,67]],[[2254,1597],[-89,37]],[[2234,1572],[20,25]],[[2670,2457],[104,-11],[27,-74],[-133,-45]]],"transform":{"scale":[0.00007161530080449572,0.00006368965778982946],"translate":[-61.079251269999986,13.708761655000046]},"objects":{"LCA":{"type":"GeometryCollection","geometries":[{"arcs":[[0,1,2,3,4,5,6,7,8,9]],"type":"Polygon","properties":{"name":"St Lawrence","shapeGroup":"LCA","gid":"LCA-2-0"},"id":"LCA-2-0"},{"arcs":[[-1,10,11,12]],"type":"Polygon","properties":{"name":"Champen Estate","shapeGroup":"LCA","gid":"LCA-2-1"},"id":"LCA-2-1"},{"arcs":[[-7,13,14,15]],"type":"Polygon","properties":{"name":"Fond Eau Rouge","shapeGroup":"LCA","gid":"LCA-2-2"},"id":"LCA-2-2"},{"arcs":[[16,17,18,19,20,21,22]],"type":"Polygon","properties":{"name":"Morne D'Or","shapeGroup":"LCA","gid":"LCA-2-3"},"id":"LCA-2-3"},{"arcs":[[23,24,25,26]],"type":"Polygon","properties":{"name":"Enbar Pwin/Millet","shapeGroup":"LCA","gid":"LCA-2-4"},"id":"LCA-2-4"},{"arcs":[[-8,-16,27,28,29,30,31,32]],"type":"Polygon","properties":{"name":"Derriere Lagoon","shapeGroup":"LCA","gid":"LCA-2-5"},"id":"LCA-2-5"},{"arcs":[[-30,33]],"type":"Polygon","properties":{"name":"Jean Baptiste","shapeGroup":"LCA","gid":"LCA-2-6"},"id":"LCA-2-6"},{"arcs":[[-19,34,35,-31,-34,-29,36]],"type":"Polygon","properties":{"name":"Jacmel","shapeGroup":"LCA","gid":"LCA-2-7"},"id":"LCA-2-7"},{"arcs":[[-32,-36,37,38]],"type":"Polygon","properties":{"name":"Bois D'Inde","shapeGroup":"LCA","gid":"LCA-2-8"},"id":"LCA-2-8"},{"arcs":[[-18,39,40,41,42,-38,-35]],"type":"Polygon","properties":{"name":"Morne Ciseaux","shapeGroup":"LCA","gid":"LCA-2-9"},"id":"LCA-2-9"},{"arcs":[[-23,43,44,45,46,-41,47]],"type":"Polygon","properties":{"name":"Vanard","shapeGroup":"LCA","gid":"LCA-2-10"},"id":"LCA-2-10"},{"arcs":[[-24,48,49,50]],"type":"Polygon","properties":{"name":"Millet","shapeGroup":"LCA","gid":"LCA-2-11"},"id":"LCA-2-11"},{"arcs":[[-42,-47,51,52,53,54]],"type":"Polygon","properties":{"name":"Durandeau","shapeGroup":"LCA","gid":"LCA-2-12"},"id":"LCA-2-12"},{"arcs":[[-9,-33,-39,-43,-55,55,56]],"type":"Polygon","properties":{"name":"Derriere Dos","shapeGroup":"LCA","gid":"LCA-2-13"},"id":"LCA-2-13"},{"arcs":[[-20,-37,-28,-15,57,58,59,60]],"type":"Polygon","properties":{"name":"Roseau Valley","shapeGroup":"LCA","gid":"LCA-2-14"},"id":"LCA-2-14"},{"arcs":[[-27,61,-53,62,63,-49]],"type":"Polygon","properties":{"name":"Dame De Traversay","shapeGroup":"LCA","gid":"LCA-2-15"},"id":"LCA-2-15"},{"arcs":[[-26,64,65,-56,-54,-62]],"type":"Polygon","properties":{"name":"Caico/Millet","shapeGroup":"LCA","gid":"LCA-2-16"},"id":"LCA-2-16"},{"arcs":[[-25,-51,66,67,-65]],"type":"Polygon","properties":{"name":"Tete Chemin/Millet","shapeGroup":"LCA","gid":"LCA-2-17"},"id":"LCA-2-17"},{"arcs":[[-5,68,69]],"type":"Polygon","properties":{"name":"Au Tabor Hill","shapeGroup":"LCA","gid":"LCA-2-18"},"id":"LCA-2-18"},{"arcs":[[-4,70,71,72,-69]],"type":"Polygon","properties":{"name":"Au Tabor","shapeGroup":"LCA","gid":"LCA-2-19"},"id":"LCA-2-19"},{"arcs":[[73,74,75,76]],"type":"Polygon","properties":{"name":"Monchy/Vieux Sucreic/Bois D'Ine","shapeGroup":"LCA","gid":"LCA-2-20"},"id":"LCA-2-20"},{"arcs":[[-3,77,78,-71]],"type":"Polygon","properties":{"name":"St Lawrence Estate","shapeGroup":"LCA","gid":"LCA-2-21"},"id":"LCA-2-21"},{"arcs":[[-6,-70,-73,79,-58,-14]],"type":"Polygon","properties":{"name":"Massacre","shapeGroup":"LCA","gid":"LCA-2-22"},"id":"LCA-2-22"},{"arcs":[[-10,-57,-66,-68,80,81,82,83,84,-11]],"type":"Polygon","properties":{"name":"Venus","shapeGroup":"LCA","gid":"LCA-2-23"},"id":"LCA-2-23"},{"arcs":[[-17,-48,-40]],"type":"Polygon","properties":{"name":"La Treille","shapeGroup":"LCA","gid":"LCA-2-24"},"id":"LCA-2-24"},{"arcs":[[-12,-85,85,86]],"type":"Polygon","properties":{"name":"Invorgoil Estate","shapeGroup":"LCA","gid":"LCA-2-25"},"id":"LCA-2-25"},{"arcs":[[-2,-13,-87,87,88,89,90,-78]],"type":"Polygon","properties":{"name":"Village","shapeGroup":"LCA","gid":"LCA-2-26"},"id":"LCA-2-26"},{"arcs":[[-89,91]],"type":"Polygon","properties":{"name":"Village/Petite Bourgh","shapeGroup":"LCA","gid":"LCA-2-27"},"id":"LCA-2-27"},{"arcs":[[92,93,94,95]],"type":"Polygon","properties":{"name":"Belle Vue","shapeGroup":"LCA","gid":"LCA-2-28"},"id":"LCA-2-28"},{"arcs":[[-94,96,97,98,99]],"type":"Polygon","properties":{"name":"Belle Vue Estate","shapeGroup":"LCA","gid":"LCA-2-29"},"id":"LCA-2-29"},{"arcs":[[-98,100,101,102,103]],"type":"Polygon","properties":{"name":"Pigeon Island","shapeGroup":"LCA","gid":"LCA-2-30"},"id":"LCA-2-30"},{"arcs":[[104,105,106]],"type":"Polygon","properties":{"name":"Beausejour/Fostin'S Development","shapeGroup":"LCA","gid":"LCA-2-31"},"id":"LCA-2-31"},{"arcs":[[107,108,109,110,111,112,113]],"type":"Polygon","properties":{"name":"La Guerre","shapeGroup":"LCA","gid":"LCA-2-32"},"id":"LCA-2-32"},{"arcs":[[-106,114,115,116,117,118]],"type":"Polygon","properties":{"name":"Beausejour","shapeGroup":"LCA","gid":"LCA-2-33"},"id":"LCA-2-33"},{"arcs":[[119,120,121,122,123,124,125,126]],"type":"Polygon","properties":{"name":"Des Barras","shapeGroup":"LCA","gid":"LCA-2-34"},"id":"LCA-2-34"},{"arcs":[[127,128,129]],"type":"Polygon","properties":{"name":"Dennery By Pass/White Rock Gardens","shapeGroup":"LCA","gid":"LCA-2-35"},"id":"LCA-2-35"},{"arcs":[[-117,130,131,132,133,134]],"type":"Polygon","properties":{"name":"Bella Rosa","shapeGroup":"LCA","gid":"LCA-2-36"},"id":"LCA-2-36"},{"arcs":[[-116,135,136,137,138,139,140,141,-131]],"type":"Polygon","properties":{"name":"Bonneterre","shapeGroup":"LCA","gid":"LCA-2-37"},"id":"LCA-2-37"},{"arcs":[[-99,-104,142,143,144]],"type":"Polygon","properties":{"name":"Cap Estate/Becune Point","shapeGroup":"LCA","gid":"LCA-2-38"},"id":"LCA-2-38"},{"arcs":[[-144,145,146]],"type":"Polygon","properties":{"name":"Cap Estate/Becune Park","shapeGroup":"LCA","gid":"LCA-2-39"},"id":"LCA-2-39"},{"arcs":[[-95,-100,-145,-147,147,148,149,150,151,152,153,154]],"type":"Polygon","properties":{"name":"Cap Estate","shapeGroup":"LCA","gid":"LCA-2-40"},"id":"LCA-2-40"},{"arcs":[[-152,155,156,157,158,159]],"type":"Polygon","properties":{"name":"Cap Estate/Golf Park","shapeGroup":"LCA","gid":"LCA-2-41"},"id":"LCA-2-41"},{"arcs":[[-158,160,161,162]],"type":"Polygon","properties":{"name":"Cap Estate/Mon Du Cap","shapeGroup":"LCA","gid":"LCA-2-42"},"id":"LCA-2-42"},{"arcs":[[-153,-160,163,164]],"type":"Polygon","properties":{"name":"Cap Estate/Caribbean Park","shapeGroup":"LCA","gid":"LCA-2-43"},"id":"LCA-2-43"},{"arcs":[[-151,165,166,-156]],"type":"Polygon","properties":{"name":"Cap Estate/Saddle Back","shapeGroup":"LCA","gid":"LCA-2-44"},"id":"LCA-2-44"},{"arcs":[[-150,167,-166]],"type":"Polygon","properties":{"name":"Cap Estate/Anse Du Cap","shapeGroup":"LCA","gid":"LCA-2-45"},"id":"LCA-2-45"},{"arcs":[[-149,168,169,170,-161,-157,-167,-168]],"type":"Polygon","properties":{"name":"Cap Estate/Lower Saline Point","shapeGroup":"LCA","gid":"LCA-2-46"},"id":"LCA-2-46"},{"arcs":[[-170,171]],"type":"Polygon","properties":{"name":"Cap Estate/Upper Saline Point","shapeGroup":"LCA","gid":"LCA-2-47"},"id":"LCA-2-47"},{"arcs":[[-159,-163,172,-164]],"type":"Polygon","properties":{"name":"Cap Estate/Ranch Site","shapeGroup":"LCA","gid":"LCA-2-48"},"id":"LCA-2-48"},{"arcs":[[-132,-142,173,174,175,176,177,178]],"type":"Polygon","properties":{"name":"Rodney Bay","shapeGroup":"LCA","gid":"LCA-2-49"},"id":"LCA-2-49"},{"arcs":[[-137,179]],"type":"Polygon","properties":{"name":"L'Hermitage","shapeGroup":"LCA","gid":"LCA-2-50"},"id":"LCA-2-50"},{"arcs":[[-175,180,181,182]],"type":"Polygon","properties":{"name":"Reduit Orchard","shapeGroup":"LCA","gid":"LCA-2-51"},"id":"LCA-2-51"},{"arcs":[[-130,183,184,185,186,187,188,189]],"type":"Polygon","properties":{"name":"Dennery By Pass","shapeGroup":"LCA","gid":"LCA-2-52"},"id":"LCA-2-52"},{"arcs":[[190,191,192,193,194,195,196,197]],"type":"Polygon","properties":{"name":"Derniere Riviere","shapeGroup":"LCA","gid":"LCA-2-53"},"id":"LCA-2-53"},{"arcs":[[-176,-183,198,199,200]],"type":"Polygon","properties":{"name":"Reduit Park","shapeGroup":"LCA","gid":"LCA-2-54"},"id":"LCA-2-54"},{"arcs":[[-139,201,202,203,204,205,206,207]],"type":"Polygon","properties":{"name":"Monchy/Lafeuille","shapeGroup":"LCA","gid":"LCA-2-55"},"id":"LCA-2-55"},{"arcs":[[-182,208,209,-207,210,211,-199]],"type":"Polygon","properties":{"name":"Monchy/Moulin A Vent","shapeGroup":"LCA","gid":"LCA-2-56"},"id":"LCA-2-56"},{"arcs":[[212,213,214,-202,-138,-180,-136,-115]],"type":"Polygon","properties":{"name":"Caye Manje'","shapeGroup":"LCA","gid":"LCA-2-57"},"id":"LCA-2-57"},{"arcs":[[-214,215]],"type":"Polygon","properties":{"name":"Bonneterre Gardens","shapeGroup":"LCA","gid":"LCA-2-58"},"id":"LCA-2-58"},{"arcs":[[-76,216,217,218,219,220,221,222,223]],"type":"Polygon","properties":{"name":"Bois D'Orange","shapeGroup":"LCA","gid":"LCA-2-59"},"id":"LCA-2-59"},{"arcs":[[-221,224,225,226,227]],"type":"Polygon","properties":{"name":"Bois D'Orange/Trouya","shapeGroup":"LCA","gid":"LCA-2-60"},"id":"LCA-2-60"},{"arcs":[[-226,228,229,230]],"type":"Polygon","properties":{"name":"Marisule/La Brellotte","shapeGroup":"LCA","gid":"LCA-2-61"},"id":"LCA-2-61"},{"arcs":[[-75,231,232,233,234,235,-217]],"type":"Polygon","properties":{"name":"Monchy/Vieux Sucreic","shapeGroup":"LCA","gid":"LCA-2-62"},"id":"LCA-2-62"},{"arcs":[[-140,-208,-210,236]],"type":"Polygon","properties":{"name":"Monchy/La Retraite","shapeGroup":"LCA","gid":"LCA-2-63"},"id":"LCA-2-63"},{"arcs":[[-205,237,238,239,240,-233,241,242]],"type":"Polygon","properties":{"name":"Monchy/Riviere Mitan","shapeGroup":"LCA","gid":"LCA-2-64"},"id":"LCA-2-64"},{"arcs":[[-204,243,244,245,246,247,248,249,250,-238]],"type":"Polygon","properties":{"name":"Monchy","shapeGroup":"LCA","gid":"LCA-2-65"},"id":"LCA-2-65"},{"arcs":[[-245,251,252]],"type":"Polygon","properties":{"name":"Monchy/Lawi Fwen","shapeGroup":"LCA","gid":"LCA-2-66"},"id":"LCA-2-66"},{"arcs":[[253,254,255,256,257,258,259,260,261,262,263]],"type":"Polygon","properties":{"name":"Cul De Sac","shapeGroup":"LCA","gid":"LCA-2-67"},"id":"LCA-2-67"},{"arcs":[[-261,264,265,266,267]],"type":"Polygon","properties":{"name":"Barre St Joseph","shapeGroup":"LCA","gid":"LCA-2-68"},"id":"LCA-2-68"},{"arcs":[[268,269,270,271,272,273,274,275]],"type":"Polygon","properties":{"name":"Lombard","shapeGroup":"LCA","gid":"LCA-2-69"},"id":"LCA-2-69"},{"arcs":[[-248,276,277,278]],"type":"Polygon","properties":{"name":"Monchy/Cletus Village","shapeGroup":"LCA","gid":"LCA-2-70"},"id":"LCA-2-70"},{"arcs":[[-249,-279,279]],"type":"Polygon","properties":{"name":"Monchy/Ravine Macock","shapeGroup":"LCA","gid":"LCA-2-71"},"id":"LCA-2-71"},{"arcs":[[-250,-280,-278,280,281,282,283,284]],"type":"Polygon","properties":{"name":"Monchy/La Borne","shapeGroup":"LCA","gid":"LCA-2-72"},"id":"LCA-2-72"},{"arcs":[[-282,285,286,287,288]],"type":"Polygon","properties":{"name":"Monchy/La Borne/Sans Souci","shapeGroup":"LCA","gid":"LCA-2-73"},"id":"LCA-2-73"},{"arcs":[[-246,-253,289,290,291]],"type":"Polygon","properties":{"name":"Monchy/Cardinal","shapeGroup":"LCA","gid":"LCA-2-74"},"id":"LCA-2-74"},{"arcs":[[-218,-236,292,293,294,295,296,297,298,299]],"type":"Polygon","properties":{"name":"Corinth","shapeGroup":"LCA","gid":"LCA-2-75"},"id":"LCA-2-75"},{"arcs":[[-239,-251,-285,300,301,302]],"type":"Polygon","properties":{"name":"Monchy/Ti Dauphin","shapeGroup":"LCA","gid":"LCA-2-76"},"id":"LCA-2-76"},{"arcs":[[-235,303,304,305,306,307,-293]],"type":"Polygon","properties":{"name":"Grande Riviere/Norbert","shapeGroup":"LCA","gid":"LCA-2-77"},"id":"LCA-2-77"},{"arcs":[[-234,-241,308,-304]],"type":"Polygon","properties":{"name":"Corinth/La Bel Lair","shapeGroup":"LCA","gid":"LCA-2-78"},"id":"LCA-2-78"},{"arcs":[[-307,309,310]],"type":"Polygon","properties":{"name":"Grande Riviere/Postlewaithe","shapeGroup":"LCA","gid":"LCA-2-79"},"id":"LCA-2-79"},{"arcs":[[-240,-303,311,312,313,-305,-309]],"type":"Polygon","properties":{"name":"Grande Riviere/Piat","shapeGroup":"LCA","gid":"LCA-2-80"},"id":"LCA-2-80"},{"arcs":[[-295,314,315,-313,316,317,318,319,320,321,322,323]],"type":"Polygon","properties":{"name":"Grande Riviere","shapeGroup":"LCA","gid":"LCA-2-81"},"id":"LCA-2-81"},{"arcs":[[-298,324,325]],"type":"Polygon","properties":{"name":"Marisule/Top Of The World/Belle Ville","shapeGroup":"LCA","gid":"LCA-2-82"},"id":"LCA-2-82"},{"arcs":[[-323,326]],"type":"Polygon","properties":{"name":"Grande Riviere/White Rock","shapeGroup":"LCA","gid":"LCA-2-83"},"id":"LCA-2-83"},{"arcs":[[327,328,329,330]],"type":"Polygon","properties":{"name":"Union/Ti Morne","shapeGroup":"LCA","gid":"LCA-2-84"},"id":"LCA-2-84"},{"arcs":[[-302,331,332,333,334,335,-317,-312]],"type":"Polygon","properties":{"name":"Monier","shapeGroup":"LCA","gid":"LCA-2-85"},"id":"LCA-2-85"},{"arcs":[[-296,-324,-327,-322,336,337,338]],"type":"Polygon","properties":{"name":"Grande Riviere/Morne Serpent","shapeGroup":"LCA","gid":"LCA-2-86"},"id":"LCA-2-86"},{"arcs":[[-321,339,340,-337]],"type":"Polygon","properties":{"name":"Grande Riviere/Ingle Woods","shapeGroup":"LCA","gid":"LCA-2-87"},"id":"LCA-2-87"},{"arcs":[[-320,341,-340]],"type":"Polygon","properties":{"name":"Grande Riviere/Morne Elwin","shapeGroup":"LCA","gid":"LCA-2-88"},"id":"LCA-2-88"},{"arcs":[[-329,342,343]],"type":"Polygon","properties":{"name":"Union Terrace","shapeGroup":"LCA","gid":"LCA-2-89"},"id":"LCA-2-89"},{"arcs":[[-283,-289,344,345]],"type":"Polygon","properties":{"name":"Monchy/Malgretoute","shapeGroup":"LCA","gid":"LCA-2-90"},"id":"LCA-2-90"},{"arcs":[[-284,-346,346,347,348,-332,-301]],"type":"Polygon","properties":{"name":"Desrameaux","shapeGroup":"LCA","gid":"LCA-2-91"},"id":"LCA-2-91"},{"arcs":[[-113,349,-348,350]],"type":"Polygon","properties":{"name":"Morne Citon","shapeGroup":"LCA","gid":"LCA-2-92"},"id":"LCA-2-92"},{"arcs":[[-112,351,352,353,-333,-349,-350]],"type":"Polygon","properties":{"name":"Plateau","shapeGroup":"LCA","gid":"LCA-2-93"},"id":"LCA-2-93"},{"arcs":[[354,355,356,357,358,359,360,361]],"type":"Polygon","properties":{"name":"Girard/Babonneau","shapeGroup":"LCA","gid":"LCA-2-94"},"id":"LCA-2-94"},{"arcs":[[362,363,364,365,366,367,368,369]],"type":"Polygon","properties":{"name":"Mamiku","shapeGroup":"LCA","gid":"LCA-2-95"},"id":"LCA-2-95"},{"arcs":[[-274,370,371,372,373,-367,374]],"type":"Polygon","properties":{"name":"Raillon Road","shapeGroup":"LCA","gid":"LCA-2-96"},"id":"LCA-2-96"},{"arcs":[[-111,375,-352]],"type":"Polygon","properties":{"name":"La Guerre/Chickenback Street","shapeGroup":"LCA","gid":"LCA-2-97"},"id":"LCA-2-97"},{"arcs":[[-110,376,377,-353,-376]],"type":"Polygon","properties":{"name":"Americ","shapeGroup":"LCA","gid":"LCA-2-98"},"id":"LCA-2-98"},{"arcs":[[-334,-354,-378,378,379,380,381]],"type":"Polygon","properties":{"name":"Paix Bouche","shapeGroup":"LCA","gid":"LCA-2-99"},"id":"LCA-2-99"},{"arcs":[[-114,-351,-347,-345,-288,382,383,384]],"type":"Polygon","properties":{"name":"Marquis Estate","shapeGroup":"LCA","gid":"LCA-2-100"},"id":"LCA-2-100"},{"arcs":[[-108,-385,385,-123,386]],"type":"Polygon","properties":{"name":"Boguis","shapeGroup":"LCA","gid":"LCA-2-101"},"id":"LCA-2-101"},{"arcs":[[-109,-387,-122,387,-379,-377]],"type":"Polygon","properties":{"name":"Boguis/Desa Blond","shapeGroup":"LCA","gid":"LCA-2-102"},"id":"LCA-2-102"},{"arcs":[[-124,-386,-384,388]],"type":"Polygon","properties":{"name":"Des Barras/Cacolie","shapeGroup":"LCA","gid":"LCA-2-103"},"id":"LCA-2-103"},{"arcs":[[-93,389,-134,390,391,-101,-97]],"type":"Polygon","properties":{"name":"Massade","shapeGroup":"LCA","gid":"LCA-2-104"},"id":"LCA-2-104"},{"arcs":[[-102,-392,392,393]],"type":"Polygon","properties":{"name":"Gros Islet Town","shapeGroup":"LCA","gid":"LCA-2-105"},"id":"LCA-2-105"},{"arcs":[[-133,-179,394,-393,-391]],"type":"Polygon","properties":{"name":"Gros Islet/Edge Water","shapeGroup":"LCA","gid":"LCA-2-106"},"id":"LCA-2-106"},{"arcs":[[-141,-237,-209,-181,-174]],"type":"Polygon","properties":{"name":"Rodney Heights","shapeGroup":"LCA","gid":"LCA-2-107"},"id":"LCA-2-107"},{"arcs":[[-200,-212,-223,395]],"type":"Polygon","properties":{"name":"Mongiraud","shapeGroup":"LCA","gid":"LCA-2-108"},"id":"LCA-2-108"},{"arcs":[[-220,396,397,-229,-225]],"type":"Polygon","properties":{"name":"Marisule/East Winds","shapeGroup":"LCA","gid":"LCA-2-109"},"id":"LCA-2-109"},{"arcs":[[-294,-308,-311,398,-315]],"type":"Polygon","properties":{"name":"Corinth Estate","shapeGroup":"LCA","gid":"LCA-2-110"},"id":"LCA-2-110"},{"arcs":[[-306,-314,-316,-399,-310]],"type":"Polygon","properties":{"name":"Grande Riviere/Assou Canal","shapeGroup":"LCA","gid":"LCA-2-111"},"id":"LCA-2-111"},{"arcs":[[-381,399,400,401,402]],"type":"Polygon","properties":{"name":"La Croix Chaubough","shapeGroup":"LCA","gid":"LCA-2-112"},"id":"LCA-2-112"},{"arcs":[[-177,-201,-396,-222,-228,403]],"type":"Polygon","properties":{"name":"Reduit","shapeGroup":"LCA","gid":"LCA-2-113"},"id":"LCA-2-113"},{"arcs":[[-74,404,-242,-232]],"type":"Polygon","properties":{"name":"Monchy/Vieux Sucreic/Careffe","shapeGroup":"LCA","gid":"LCA-2-114"},"id":"LCA-2-114"},{"arcs":[[-77,-224,-211,-206,-243,-405]],"type":"Polygon","properties":{"name":"Monchy/Careffe","shapeGroup":"LCA","gid":"LCA-2-115"},"id":"LCA-2-115"},{"arcs":[[-121,405,406,407,-400,-380,-388]],"type":"Polygon","properties":{"name":"Garrand","shapeGroup":"LCA","gid":"LCA-2-116"},"id":"LCA-2-116"},{"arcs":[[-247,-292,408,-286,-281,-277]],"type":"Polygon","properties":{"name":"Dauphin","shapeGroup":"LCA","gid":"LCA-2-117"},"id":"LCA-2-117"},{"arcs":[[-126,409,410]],"type":"Polygon","properties":{"name":"Caille Des","shapeGroup":"LCA","gid":"LCA-2-118"},"id":"LCA-2-118"},{"arcs":[[-319,411,-343,-328,412,413,414,415,416,417,418,-338,-341,-342]],"type":"Polygon","properties":{"name":"Union","shapeGroup":"LCA","gid":"LCA-2-119"},"id":"LCA-2-119"},{"arcs":[[-96,-155,419,420,421,-118,-135,-390]],"type":"Polygon","properties":{"name":"Cas En Bas","shapeGroup":"LCA","gid":"LCA-2-120"},"id":"LCA-2-120"},{"arcs":[[-107,-119,-422,422]],"type":"Polygon","properties":{"name":"Beausejour/Ndc","shapeGroup":"LCA","gid":"LCA-2-121"},"id":"LCA-2-121"},{"arcs":[[-105,-423,-421,423,-290,-252,-244,-203,-215,-216,-213]],"type":"Polygon","properties":{"name":"Monchy/Mount Layau","shapeGroup":"LCA","gid":"LCA-2-122"},"id":"LCA-2-122"},{"arcs":[[-299,-326,424]],"type":"Polygon","properties":{"name":"Marisule/Top Of The World","shapeGroup":"LCA","gid":"LCA-2-123"},"id":"LCA-2-123"},{"arcs":[[-230,-398,425,426]],"type":"Polygon","properties":{"name":"Marisule/Bon Air","shapeGroup":"LCA","gid":"LCA-2-124"},"id":"LCA-2-124"},{"arcs":[[-219,-300,-425,-325,-297,-339,-419,427,-426,-397]],"type":"Polygon","properties":{"name":"Marisule","shapeGroup":"LCA","gid":"LCA-2-125"},"id":"LCA-2-125"},{"arcs":[[-318,-336,428,-330,-344,-412]],"type":"Polygon","properties":{"name":"Grande Riviere/Degazon","shapeGroup":"LCA","gid":"LCA-2-126"},"id":"LCA-2-126"},{"arcs":[[-193,429,430,431,432,433,434,435,-195,436]],"type":"Polygon","properties":{"name":"Gadette","shapeGroup":"LCA","gid":"LCA-2-127"},"id":"LCA-2-127"},{"arcs":[[437,438,439,440,441]],"type":"Polygon","properties":{"name":"La Pelle","shapeGroup":"LCA","gid":"LCA-2-128"},"id":"LCA-2-128"},{"arcs":[[-433,442,443,-440,444]],"type":"Polygon","properties":{"name":"Au Leon","shapeGroup":"LCA","gid":"LCA-2-129"},"id":"LCA-2-129"},{"arcs":[[-442,445,446,447,448,449,450]],"type":"Polygon","properties":{"name":"La Caye","shapeGroup":"LCA","gid":"LCA-2-130"},"id":"LCA-2-130"},{"arcs":[[-441,-444,451,452,453,-446]],"type":"Polygon","properties":{"name":"Lumiere","shapeGroup":"LCA","gid":"LCA-2-131"},"id":"LCA-2-131"},{"arcs":[[-435,454,-439,455,456,457]],"type":"Polygon","properties":{"name":"La Ressource","shapeGroup":"LCA","gid":"LCA-2-132"},"id":"LCA-2-132"},{"arcs":[[-434,-445,-455]],"type":"Polygon","properties":{"name":"Despinoze","shapeGroup":"LCA","gid":"LCA-2-133"},"id":"LCA-2-133"},{"arcs":[[-449,458,459]],"type":"Polygon","properties":{"name":"Delaide","shapeGroup":"LCA","gid":"LCA-2-134"},"id":"LCA-2-134"},{"arcs":[[-187,460,461]],"type":"Polygon","properties":{"name":"Dennery By Pass/Green Mountain","shapeGroup":"LCA","gid":"LCA-2-135"},"id":"LCA-2-135"},{"arcs":[[-188,-462,462,463]],"type":"Polygon","properties":{"name":"Dennery By Pass/Rocky Lane","shapeGroup":"LCA","gid":"LCA-2-136"},"id":"LCA-2-136"},{"arcs":[[-129,464,465,466,-184]],"type":"Polygon","properties":{"name":"Dennery Village","shapeGroup":"LCA","gid":"LCA-2-137"},"id":"LCA-2-137"},{"arcs":[[-447,-454,467,468,469]],"type":"Polygon","properties":{"name":"Fond D'Or","shapeGroup":"LCA","gid":"LCA-2-138"},"id":"LCA-2-138"},{"arcs":[[470,471]],"type":"Polygon","properties":{"name":"Glavier","shapeGroup":"LCA","gid":"LCA-2-139"},"id":"LCA-2-139"},{"arcs":[[-189,-464,472,473,474,475,476,-471,477,-459,-448,-470,478]],"type":"Polygon","properties":{"name":"Bois Joli","shapeGroup":"LCA","gid":"LCA-2-140"},"id":"LCA-2-140"},{"arcs":[[-450,-460,-478,-472,-477,479,480]],"type":"Polygon","properties":{"name":"Bosquet D'Or","shapeGroup":"LCA","gid":"LCA-2-141"},"id":"LCA-2-141"},{"arcs":[[481,482,483]],"type":"Polygon","properties":{"name":"Grande Riviere/Morne Caca Cochon","shapeGroup":"LCA","gid":"LCA-2-142"},"id":"LCA-2-142"},{"arcs":[[-483,484,485,486,487,488,489,490,491,492,493,494,495]],"type":"Polygon","properties":{"name":"Thamazo","shapeGroup":"LCA","gid":"LCA-2-143"},"id":"LCA-2-143"},{"arcs":[[-194,-437]],"type":"Polygon","properties":{"name":"Derniere Riviere/Fond Maricient","shapeGroup":"LCA","gid":"LCA-2-144"},"id":"LCA-2-144"},{"arcs":[[-128,-190,-479,-469,496,-465]],"type":"Polygon","properties":{"name":"La Pointe","shapeGroup":"LCA","gid":"LCA-2-145"},"id":"LCA-2-145"},{"arcs":[[-432,497,498,-452,-443]],"type":"Polygon","properties":{"name":"Louvet","shapeGroup":"LCA","gid":"LCA-2-146"},"id":"LCA-2-146"},{"arcs":[[-127,-411,499,-498,-431,500,501]],"type":"Polygon","properties":{"name":"La Sorciere","shapeGroup":"LCA","gid":"LCA-2-147"},"id":"LCA-2-147"},{"arcs":[[-198,502,503,504,505,506]],"type":"Polygon","properties":{"name":"Bara Bara","shapeGroup":"LCA","gid":"LCA-2-148"},"id":"LCA-2-148"},{"arcs":[[-196,-436,-458,507,508,509,-504,510]],"type":"Polygon","properties":{"name":"Belmont","shapeGroup":"LCA","gid":"LCA-2-149"},"id":"LCA-2-149"},{"arcs":[[511,512]],"type":"Polygon","properties":{"name":"Mount Beaujolais","shapeGroup":"LCA","gid":"LCA-2-150"},"id":"LCA-2-150"},{"arcs":[[-185,-467,513,514,515]],"type":"Polygon","properties":{"name":"Athens","shapeGroup":"LCA","gid":"LCA-2-151"},"id":"LCA-2-151"},{"arcs":[[-197,-511,-503]],"type":"Polygon","properties":{"name":"Derniere Riviere/Morne Panache","shapeGroup":"LCA","gid":"LCA-2-152"},"id":"LCA-2-152"},{"arcs":[[-495,516,517,518]],"type":"Polygon","properties":{"name":"Grande Riviere/Des Branch","shapeGroup":"LCA","gid":"LCA-2-153"},"id":"LCA-2-153"},{"arcs":[[-484,-496,-519,519,520]],"type":"Polygon","properties":{"name":"Grande Riviere/En Leur Morne/Discompere","shapeGroup":"LCA","gid":"LCA-2-154"},"id":"LCA-2-154"},{"arcs":[[-494,521,522,523,524,525,-517]],"type":"Polygon","properties":{"name":"Grande Riviere","shapeGroup":"LCA","gid":"LCA-2-155"},"id":"LCA-2-155"},{"arcs":[[-518,-526,526,-520]],"type":"Polygon","properties":{"name":"Grande Riviere/Funier","shapeGroup":"LCA","gid":"LCA-2-156"},"id":"LCA-2-156"},{"arcs":[[-475,527,528,-485,-482,-521,-527,-525,529]],"type":"Polygon","properties":{"name":"Morne Panache","shapeGroup":"LCA","gid":"LCA-2-157"},"id":"LCA-2-157"},{"arcs":[[-476,-530,-524,530,-480]],"type":"Polygon","properties":{"name":"Dubonaire","shapeGroup":"LCA","gid":"LCA-2-158"},"id":"LCA-2-158"},{"arcs":[[-488,531,532,533]],"type":"Polygon","properties":{"name":"Barre De L'Isle","shapeGroup":"LCA","gid":"LCA-2-159"},"id":"LCA-2-159"},{"arcs":[[-486,-529,534,535,536]],"type":"Polygon","properties":{"name":"Thomazo/Tournesse","shapeGroup":"LCA","gid":"LCA-2-160"},"id":"LCA-2-160"},{"arcs":[[537,538,539]],"type":"Polygon","properties":{"name":"Riche Fond/New Village","shapeGroup":"LCA","gid":"LCA-2-161"},"id":"LCA-2-161"},{"arcs":[[-438,-451,-481,-531,-523,540,541,-538,542,-456]],"type":"Polygon","properties":{"name":"Riche Fond","shapeGroup":"LCA","gid":"LCA-2-162"},"id":"LCA-2-162"},{"arcs":[[-457,-543,-540,543,-541,-522,-493,544,-508]],"type":"Polygon","properties":{"name":"Grande Ravine","shapeGroup":"LCA","gid":"LCA-2-163"},"id":"LCA-2-163"},{"arcs":[[-539,-542,-544]],"type":"Polygon","properties":{"name":"Riche Fond/La Belle Vie","shapeGroup":"LCA","gid":"LCA-2-164"},"id":"LCA-2-164"},{"arcs":[[-192,545,546,-501,-430]],"type":"Polygon","properties":{"name":"Derniere Riviere/Mardi Gras/Morne Caca Cochon","shapeGroup":"LCA","gid":"LCA-2-165"},"id":"LCA-2-165"},{"arcs":[[-474,547,548,549,-512,550,-535,-528]],"type":"Polygon","properties":{"name":"Bazile","shapeGroup":"LCA","gid":"LCA-2-166"},"id":"LCA-2-166"},{"arcs":[[-191,-507,551,-546]],"type":"Polygon","properties":{"name":"Derniere Riviere/Fond Petit","shapeGroup":"LCA","gid":"LCA-2-167"},"id":"LCA-2-167"},{"arcs":[[-186,-516,552,553,554,-548,-473,-463,-461]],"type":"Polygon","properties":{"name":"Anse Canot","shapeGroup":"LCA","gid":"LCA-2-168"},"id":"LCA-2-168"},{"arcs":[[555,556,557,558]],"type":"Polygon","properties":{"name":"Mandele","shapeGroup":"LCA","gid":"LCA-2-169"},"id":"LCA-2-169"},{"arcs":[[-554,559,-558,560,561,562]],"type":"Polygon","properties":{"name":"Bordelais","shapeGroup":"LCA","gid":"LCA-2-170"},"id":"LCA-2-170"},{"arcs":[[-515,563,-559,-560,-553]],"type":"Polygon","properties":{"name":"Pascal","shapeGroup":"LCA","gid":"LCA-2-171"},"id":"LCA-2-171"},{"arcs":[[-549,-555,-563,564]],"type":"Polygon","properties":{"name":"St. Joseph Estate","shapeGroup":"LCA","gid":"LCA-2-172"},"id":"LCA-2-172"},{"arcs":[[-373,565,-536,-551,-513,-550,-565,-562,566,567]],"type":"Polygon","properties":{"name":"Errard","shapeGroup":"LCA","gid":"LCA-2-173"},"id":"LCA-2-173"},{"arcs":[[-50,-64,568,569,-532,-487,-537,-566,-372,570,571,572,573,574,575,576,577,578,579,580,581,582,583,584,585,586,587,-81,-67]],"type":"Polygon","properties":{"name":"Central Forest Reserve","shapeGroup":"LCA","gid":"LCA-2-174"},"id":"LCA-2-174"},{"arcs":[[588,589,590]],"type":"Polygon","properties":{"name":"Village","shapeGroup":"LCA","gid":"LCA-2-175"},"id":"LCA-2-175"},{"arcs":[[-585,591,592,593,594]],"type":"Polygon","properties":{"name":"Des Bottes","shapeGroup":"LCA","gid":"LCA-2-176"},"id":"LCA-2-176"},{"arcs":[[595,596,597,598,599]],"type":"Polygon","properties":{"name":"Theodorine","shapeGroup":"LCA","gid":"LCA-2-177"},"id":"LCA-2-177"},{"arcs":[[-587,600,-589,601]],"type":"Polygon","properties":{"name":"Riverside Road","shapeGroup":"LCA","gid":"LCA-2-178"},"id":"LCA-2-178"},{"arcs":[[602,603,604]],"type":"Polygon","properties":{"name":"Morne Siquot","shapeGroup":"LCA","gid":"LCA-2-179"},"id":"LCA-2-179"},{"arcs":[[-600,605,606,607]],"type":"Polygon","properties":{"name":"Chalon","shapeGroup":"LCA","gid":"LCA-2-180"},"id":"LCA-2-180"},{"arcs":[[-596,-608,608,609]],"type":"Polygon","properties":{"name":"Anse Cochon","shapeGroup":"LCA","gid":"LCA-2-181"},"id":"LCA-2-181"},{"arcs":[[-83,610,-606,-599,611]],"type":"Polygon","properties":{"name":"Chatin","shapeGroup":"LCA","gid":"LCA-2-182"},"id":"LCA-2-182"},{"arcs":[[-82,-588,-602,-591,612,-609,-607,-611]],"type":"Polygon","properties":{"name":"Anse La Verdue","shapeGroup":"LCA","gid":"LCA-2-183"},"id":"LCA-2-183"},{"arcs":[[-586,-595,613,614,-605,615,-601]],"type":"Polygon","properties":{"name":"Belvedere","shapeGroup":"LCA","gid":"LCA-2-184"},"id":"LCA-2-184"},{"arcs":[[-84,-612,-598,616,-90,-92,-88,-86]],"type":"Polygon","properties":{"name":"Anse Galet","shapeGroup":"LCA","gid":"LCA-2-185"},"id":"LCA-2-185"},{"arcs":[[-505,-510,617,618,619,620]],"type":"Polygon","properties":{"name":"Piton Flore","shapeGroup":"LCA","gid":"LCA-2-186"},"id":"LCA-2-186"},{"arcs":[[-402,621,622,623,624]],"type":"Polygon","properties":{"name":"Babonneau Proper","shapeGroup":"LCA","gid":"LCA-2-187"},"id":"LCA-2-187"},{"arcs":[[-355,625,-623,626,627,628]],"type":"Polygon","properties":{"name":"Hill 20/Babonneau","shapeGroup":"LCA","gid":"LCA-2-188"},"id":"LCA-2-188"},{"arcs":[[-401,-408,629,630,-627,-622]],"type":"Polygon","properties":{"name":"Resinard","shapeGroup":"LCA","gid":"LCA-2-189"},"id":"LCA-2-189"},{"arcs":[[-407,631,632,633,634,-630]],"type":"Polygon","properties":{"name":"Fond Assau/Babonneau","shapeGroup":"LCA","gid":"LCA-2-190"},"id":"LCA-2-190"},{"arcs":[[-628,-631,-635,635,636,637]],"type":"Polygon","properties":{"name":"Talvern/Babonneau","shapeGroup":"LCA","gid":"LCA-2-191"},"id":"LCA-2-191"},{"arcs":[[-46,638,639,640,641,-569,-63,-52]],"type":"Polygon","properties":{"name":"Sand De Feu","shapeGroup":"LCA","gid":"LCA-2-192"},"id":"LCA-2-192"},{"arcs":[[-633,642,643,644]],"type":"Polygon","properties":{"name":"Morne Assau/Babonneau","shapeGroup":"LCA","gid":"LCA-2-193"},"id":"LCA-2-193"},{"arcs":[[-120,645,-643,-632,-406]],"type":"Polygon","properties":{"name":"Chassin/Babonneau","shapeGroup":"LCA","gid":"LCA-2-194"},"id":"LCA-2-194"},{"arcs":[[-634,-645,646,647,-636]],"type":"Polygon","properties":{"name":"En Pois Doux/Babonneau","shapeGroup":"LCA","gid":"LCA-2-195"},"id":"LCA-2-195"},{"arcs":[[-533,-570,-642,648]],"type":"Polygon","properties":{"name":"Miami/Bexon","shapeGroup":"LCA","gid":"LCA-2-196"},"id":"LCA-2-196"},{"arcs":[[-363,649,650,651,-567,-561,-557,652]],"type":"Polygon","properties":{"name":"Praslin","shapeGroup":"LCA","gid":"LCA-2-197"},"id":"LCA-2-197"},{"arcs":[[-620,653,654,655,656,657,658,659,660]],"type":"Polygon","properties":{"name":"Forestiere","shapeGroup":"LCA","gid":"LCA-2-198"},"id":"LCA-2-198"},{"arcs":[[661,662,663,664,665,666,667]],"type":"Polygon","properties":{"name":"Ti Rocher","shapeGroup":"LCA","gid":"LCA-2-199"},"id":"LCA-2-199"},{"arcs":[[-502,-547,-552,-506,-621,-661,668,-647,-644,-646]],"type":"Polygon","properties":{"name":"Forest Reserve","shapeGroup":"LCA","gid":"LCA-2-200"},"id":"LCA-2-200"},{"arcs":[[-489,-534,-649,-641,669,670]],"type":"Polygon","properties":{"name":"Ravine Poisson","shapeGroup":"LCA","gid":"LCA-2-201"},"id":"LCA-2-201"},{"arcs":[[-640,671,672,673,674,-670]],"type":"Polygon","properties":{"name":"Labayee","shapeGroup":"LCA","gid":"LCA-2-202"},"id":"LCA-2-202"},{"arcs":[[-45,675,676,677,-672,-639]],"type":"Polygon","properties":{"name":"Sarot","shapeGroup":"LCA","gid":"LCA-2-203"},"id":"LCA-2-203"},{"arcs":[[-677,678,679,680,681]],"type":"Polygon","properties":{"name":"Choppin","shapeGroup":"LCA","gid":"LCA-2-204"},"id":"LCA-2-204"},{"arcs":[[-680,682,683,684]],"type":"Polygon","properties":{"name":"Barre Duchaussee","shapeGroup":"LCA","gid":"LCA-2-205"},"id":"LCA-2-205"},{"arcs":[[-22,685,686,687,-683,-679,-676,-44]],"type":"Polygon","properties":{"name":"Belair","shapeGroup":"LCA","gid":"LCA-2-206"},"id":"LCA-2-206"},{"arcs":[[-21,-61,688,689,-686]],"type":"Polygon","properties":{"name":"Coolie Town","shapeGroup":"LCA","gid":"LCA-2-207"},"id":"LCA-2-207"},{"arcs":[[-687,-690,690,691,692]],"type":"Polygon","properties":{"name":"Perou","shapeGroup":"LCA","gid":"LCA-2-208"},"id":"LCA-2-208"},{"arcs":[[-692,693,694]],"type":"Polygon","properties":{"name":"Fond Manger","shapeGroup":"LCA","gid":"LCA-2-209"},"id":"LCA-2-209"},{"arcs":[[-257,695,696,-681,-685,697,698,699]],"type":"Polygon","properties":{"name":"Barre Denis","shapeGroup":"LCA","gid":"LCA-2-210"},"id":"LCA-2-210"},{"arcs":[[-60,700,-267,701,-694,-691,-689]],"type":"Polygon","properties":{"name":"Marigot","shapeGroup":"LCA","gid":"LCA-2-211"},"id":"LCA-2-211"},{"arcs":[[-266,702,-698,-684,-688,-693,-695,-702]],"type":"Polygon","properties":{"name":"La Croix Maingot","shapeGroup":"LCA","gid":"LCA-2-212"},"id":"LCA-2-212"},{"arcs":[[-260,703,704,-699,-703,-265]],"type":"Polygon","properties":{"name":"Ti Colon","shapeGroup":"LCA","gid":"LCA-2-213"},"id":"LCA-2-213"},{"arcs":[[-258,-700,-705,705]],"type":"Polygon","properties":{"name":"Tourat/Soucis","shapeGroup":"LCA","gid":"LCA-2-214"},"id":"LCA-2-214"},{"arcs":[[-259,-706,-704]],"type":"Polygon","properties":{"name":"Soucis","shapeGroup":"LCA","gid":"LCA-2-215"},"id":"LCA-2-215"},{"arcs":[[-256,706,707,708,-696]],"type":"Polygon","properties":{"name":"Odsan","shapeGroup":"LCA","gid":"LCA-2-216"},"id":"LCA-2-216"},{"arcs":[[-657,709,-708,710,711]],"type":"Polygon","properties":{"name":"Deglos","shapeGroup":"LCA","gid":"LCA-2-217"},"id":"LCA-2-217"},{"arcs":[[-674,712,713,714,715,716]],"type":"Polygon","properties":{"name":"Crownlands/Marc","shapeGroup":"LCA","gid":"LCA-2-218"},"id":"LCA-2-218"},{"arcs":[[-656,717,-713,-673,-678,-682,-697,-709,-710]],"type":"Polygon","properties":{"name":"Bexon","shapeGroup":"LCA","gid":"LCA-2-219"},"id":"LCA-2-219"},{"arcs":[[-619,718,-654]],"type":"Polygon","properties":{"name":"Floissac/Marc","shapeGroup":"LCA","gid":"LCA-2-220"},"id":"LCA-2-220"},{"arcs":[[-664,719,720,721,722]],"type":"Polygon","properties":{"name":"Trois Piton","shapeGroup":"LCA","gid":"LCA-2-221"},"id":"LCA-2-221"},{"arcs":[[-658,-712,723,-721,724]],"type":"Polygon","properties":{"name":"Dubrassay","shapeGroup":"LCA","gid":"LCA-2-222"},"id":"LCA-2-222"},{"arcs":[[-255,725,726,727,728,729,-722,-724,-711,-707]],"type":"Polygon","properties":{"name":"Ferrand","shapeGroup":"LCA","gid":"LCA-2-223"},"id":"LCA-2-223"},{"arcs":[[-359,730,731,-659,-725,-720,-663,732]],"type":"Polygon","properties":{"name":"Guesneau","shapeGroup":"LCA","gid":"LCA-2-224"},"id":"LCA-2-224"},{"arcs":[[-360,-733,-662,733,734,735,736]],"type":"Polygon","properties":{"name":"Bocage","shapeGroup":"LCA","gid":"LCA-2-225"},"id":"LCA-2-225"},{"arcs":[[-358,737,-731]],"type":"Polygon","properties":{"name":"Fond Canie","shapeGroup":"LCA","gid":"LCA-2-226"},"id":"LCA-2-226"},{"arcs":[[-357,738,-637,-648,-669,-660,-732,-738]],"type":"Polygon","properties":{"name":"Cacoa/Babonneau","shapeGroup":"LCA","gid":"LCA-2-227"},"id":"LCA-2-227"},{"arcs":[[-356,-629,-638,-739]],"type":"Polygon","properties":{"name":"Green Gold/Babonneau","shapeGroup":"LCA","gid":"LCA-2-228"},"id":"LCA-2-228"},{"arcs":[[-361,-737,739,740,741]],"type":"Polygon","properties":{"name":"Agard Lands","shapeGroup":"LCA","gid":"LCA-2-229"},"id":"LCA-2-229"},{"arcs":[[-736,742,743,744,745,746,747,748,749,750,751,752,753,-740]],"type":"Polygon","properties":{"name":"Morne Dudon","shapeGroup":"LCA","gid":"LCA-2-230"},"id":"LCA-2-230"},{"arcs":[[-751,754,755]],"type":"Polygon","properties":{"name":"Hillcrest Gardens","shapeGroup":"LCA","gid":"LCA-2-231"},"id":"LCA-2-231"},{"arcs":[[-415,756,-752,-756,757,758,759]],"type":"Polygon","properties":{"name":"Carellie","shapeGroup":"LCA","gid":"LCA-2-232"},"id":"LCA-2-232"},{"arcs":[[-749,760,761,762,763,764,765,766,767]],"type":"Polygon","properties":{"name":"La Pansee","shapeGroup":"LCA","gid":"LCA-2-233"},"id":"LCA-2-233"},{"arcs":[[-750,-768,768,769,-758,-755]],"type":"Polygon","properties":{"name":"Chase Gardens","shapeGroup":"LCA","gid":"LCA-2-234"},"id":"LCA-2-234"},{"arcs":[[-759,770,771,772,773]],"type":"Polygon","properties":{"name":"Bissee","shapeGroup":"LCA","gid":"LCA-2-235"},"id":"LCA-2-235"},{"arcs":[[-767,774,775,-769]],"type":"Polygon","properties":{"name":"Yorke Hill","shapeGroup":"LCA","gid":"LCA-2-236"},"id":"LCA-2-236"},{"arcs":[[-770,-776,776,777,778,-771]],"type":"Polygon","properties":{"name":"Active Hill","shapeGroup":"LCA","gid":"LCA-2-237"},"id":"LCA-2-237"},{"arcs":[[-773,779,780,781]],"type":"Polygon","properties":{"name":"Summersdale","shapeGroup":"LCA","gid":"LCA-2-238"},"id":"LCA-2-238"},{"arcs":[[-772,-779,782,783,784,785,786,-780]],"type":"Polygon","properties":{"name":"Vide Bouteille","shapeGroup":"LCA","gid":"LCA-2-239"},"id":"LCA-2-239"},{"arcs":[[-417,787,-781,-787,788]],"type":"Polygon","properties":{"name":"Choc","shapeGroup":"LCA","gid":"LCA-2-240"},"id":"LCA-2-240"},{"arcs":[[789,790,791]],"type":"Polygon","properties":{"name":"Barnard Hill","shapeGroup":"LCA","gid":"LCA-2-241"},"id":"LCA-2-241"},{"arcs":[[792,793]],"type":"Polygon","properties":{"name":"Stonefield","shapeGroup":"LCA","gid":"LCA-2-242"},"id":"LCA-2-242"},{"arcs":[[-416,-760,-774,-782,-788]],"type":"Polygon","properties":{"name":"Sunny Acres","shapeGroup":"LCA","gid":"LCA-2-243"},"id":"LCA-2-243"},{"arcs":[[794,795,796,797]],"type":"Polygon","properties":{"name":"Pointe Seraphine","shapeGroup":"LCA","gid":"LCA-2-244"},"id":"LCA-2-244"},{"arcs":[[-778,798,-783]],"type":"Polygon","properties":{"name":"City Gate","shapeGroup":"LCA","gid":"LCA-2-245"},"id":"LCA-2-245"},{"arcs":[[-785,799,800,-796,801]],"type":"Polygon","properties":{"name":"Vigie","shapeGroup":"LCA","gid":"LCA-2-246"},"id":"LCA-2-246"},{"arcs":[[-797,-801,802,803,804,805]],"type":"Polygon","properties":{"name":"John Compton Highway","shapeGroup":"LCA","gid":"LCA-2-247"},"id":"LCA-2-247"},{"arcs":[[-804,806,807,808,809,810]],"type":"Polygon","properties":{"name":"Lanse Road","shapeGroup":"LCA","gid":"LCA-2-248"},"id":"LCA-2-248"},{"arcs":[[-792,811,-805,-811,812,813]],"type":"Polygon","properties":{"name":"San Souci","shapeGroup":"LCA","gid":"LCA-2-249"},"id":"LCA-2-249"},{"arcs":[[-808,814]],"type":"Polygon","properties":{"name":"La Carierre","shapeGroup":"LCA","gid":"LCA-2-250"},"id":"LCA-2-250"},{"arcs":[[-791,815,816,817,-798,-806,-812]],"type":"Polygon","properties":{"name":"Conway","shapeGroup":"LCA","gid":"LCA-2-251"},"id":"LCA-2-251"},{"arcs":[[-763,818,819,-813,-810,820,821,822]],"type":"Polygon","properties":{"name":"Calvary","shapeGroup":"LCA","gid":"LCA-2-252"},"id":"LCA-2-252"},{"arcs":[[-790,-814,-820,823,-816]],"type":"Polygon","properties":{"name":"Darling Road","shapeGroup":"LCA","gid":"LCA-2-253"},"id":"LCA-2-253"},{"arcs":[[-762,824,825,826,827,828,829,830,831,832,833,834,835,-817,-824,-819]],"type":"Polygon","properties":{"name":"City","shapeGroup":"LCA","gid":"LCA-2-254"},"id":"LCA-2-254"},{"arcs":[[-764,-823,836]],"type":"Polygon","properties":{"name":"Georgeville","shapeGroup":"LCA","gid":"LCA-2-255"},"id":"LCA-2-255"},{"arcs":[[-765,-837,-822,837]],"type":"Polygon","properties":{"name":"Mount Pleasant","shapeGroup":"LCA","gid":"LCA-2-256"},"id":"LCA-2-256"},{"arcs":[[-766,-838,-821,-809,-815,-807,-803,-800,-784,-799,-777,-775]],"type":"Polygon","properties":{"name":"La Clery","shapeGroup":"LCA","gid":"LCA-2-257"},"id":"LCA-2-257"},{"arcs":[[-748,838,-825,-761]],"type":"Polygon","properties":{"name":"New Village","shapeGroup":"LCA","gid":"LCA-2-258"},"id":"LCA-2-258"},{"arcs":[[-747,839,-826,-839]],"type":"Polygon","properties":{"name":"Pearts Gap","shapeGroup":"LCA","gid":"LCA-2-259"},"id":"LCA-2-259"},{"arcs":[[-746,840,841,842,-827,-840]],"type":"Polygon","properties":{"name":"Wilton'S Yard/Grave Yard","shapeGroup":"LCA","gid":"LCA-2-260"},"id":"LCA-2-260"},{"arcs":[[-828,-843,843,844,845,846,847]],"type":"Polygon","properties":{"name":"Leslie Land","shapeGroup":"LCA","gid":"LCA-2-261"},"id":"LCA-2-261"},{"arcs":[[-842,848,849,-844]],"type":"Polygon","properties":{"name":"Rose Hill","shapeGroup":"LCA","gid":"LCA-2-262"},"id":"LCA-2-262"},{"arcs":[[-745,850,851,852,-849,-841]],"type":"Polygon","properties":{"name":"Bois Patat","shapeGroup":"LCA","gid":"LCA-2-263"},"id":"LCA-2-263"},{"arcs":[[-845,-850,-853,853,854]],"type":"Polygon","properties":{"name":"Lastic Hill","shapeGroup":"LCA","gid":"LCA-2-264"},"id":"LCA-2-264"},{"arcs":[[-846,-855,855,856]],"type":"Polygon","properties":{"name":"Patterson'S Gap","shapeGroup":"LCA","gid":"LCA-2-265"},"id":"LCA-2-265"},{"arcs":[[857,858,859,860,861]],"type":"Polygon","properties":{"name":"Hospital Road","shapeGroup":"LCA","gid":"LCA-2-266"},"id":"LCA-2-266"},{"arcs":[[-862,862,863,864,865]],"type":"Polygon","properties":{"name":"Banannes Bay","shapeGroup":"LCA","gid":"LCA-2-267"},"id":"LCA-2-267"},{"arcs":[[-864,866,867]],"type":"Polygon","properties":{"name":"Tapion","shapeGroup":"LCA","gid":"LCA-2-268"},"id":"LCA-2-268"},{"arcs":[[-852,868,869,-856,-854]],"type":"Polygon","properties":{"name":"Cedars","shapeGroup":"LCA","gid":"LCA-2-269"},"id":"LCA-2-269"},{"arcs":[[-668,870,871,872,-734]],"type":"Polygon","properties":{"name":"Ravine Chabot","shapeGroup":"LCA","gid":"LCA-2-270"},"id":"LCA-2-270"},{"arcs":[[-872,873,874]],"type":"Polygon","properties":{"name":"Independence City","shapeGroup":"LCA","gid":"LCA-2-271"},"id":"LCA-2-271"},{"arcs":[[-744,875,-869,-851]],"type":"Polygon","properties":{"name":"Sunbilt","shapeGroup":"LCA","gid":"LCA-2-272"},"id":"LCA-2-272"},{"arcs":[[-667,876,877,878,-874,-871]],"type":"Polygon","properties":{"name":"Entrepot","shapeGroup":"LCA","gid":"LCA-2-273"},"id":"LCA-2-273"},{"arcs":[[-715,879]],"type":"Polygon","properties":{"name":"Morne Rouge/Marc","shapeGroup":"LCA","gid":"LCA-2-274"},"id":"LCA-2-274"},{"arcs":[[-362,-742,880,-624,-626]],"type":"Polygon","properties":{"name":"Cabiche/Babonneau","shapeGroup":"LCA","gid":"LCA-2-275"},"id":"LCA-2-275"},{"arcs":[[-331,-429,-335,-382,-403,-625,-881,-741,-754,881,-413]],"type":"Polygon","properties":{"name":"Balata","shapeGroup":"LCA","gid":"LCA-2-276"},"id":"LCA-2-276"},{"arcs":[[-414,-882,-753,-757]],"type":"Polygon","properties":{"name":"Almondale","shapeGroup":"LCA","gid":"LCA-2-277"},"id":"LCA-2-277"},{"arcs":[[-666,882,883,884,885,-877]],"type":"Polygon","properties":{"name":"Bagatelle","shapeGroup":"LCA","gid":"LCA-2-278"},"id":"LCA-2-278"},{"arcs":[[-665,-723,-730,886,-883]],"type":"Polygon","properties":{"name":"Quatre Chemins","shapeGroup":"LCA","gid":"LCA-2-279"},"id":"LCA-2-279"},{"arcs":[[-729,887,888,889,890,891,-884,-887]],"type":"Polygon","properties":{"name":"Derierre Fort/Old Victoria Road","shapeGroup":"LCA","gid":"LCA-2-280"},"id":"LCA-2-280"},{"arcs":[[-728,892,-888]],"type":"Polygon","properties":{"name":"Capital Hill","shapeGroup":"LCA","gid":"LCA-2-281"},"id":"LCA-2-281"},{"arcs":[[-861,893,894,895,896,-867,-863]],"type":"Polygon","properties":{"name":"La Toc","shapeGroup":"LCA","gid":"LCA-2-282"},"id":"LCA-2-282"},{"arcs":[[-885,-892,897,898]],"type":"Polygon","properties":{"name":"Bishop'S Gap/Ghirawoo Road","shapeGroup":"LCA","gid":"LCA-2-283"},"id":"LCA-2-283"},{"arcs":[[-891,899,900,-898]],"type":"Polygon","properties":{"name":"Aurendel Hill","shapeGroup":"LCA","gid":"LCA-2-284"},"id":"LCA-2-284"},{"arcs":[[901,902]],"type":"Polygon","properties":{"name":"George Charles Boulevard","shapeGroup":"LCA","gid":"LCA-2-285"},"id":"LCA-2-285"},{"arcs":[[-831,903,-902,904,-878,-886,-899,-901,905,906,907,908]],"type":"Polygon","properties":{"name":"Marchand","shapeGroup":"LCA","gid":"LCA-2-286"},"id":"LCA-2-286"},{"arcs":[[-907,909,910,911]],"type":"Polygon","properties":{"name":"Ravine Touterelle","shapeGroup":"LCA","gid":"LCA-2-287"},"id":"LCA-2-287"},{"arcs":[[-908,-912,912,913]],"type":"Polygon","properties":{"name":"Black Mallet","shapeGroup":"LCA","gid":"LCA-2-288"},"id":"LCA-2-288"},{"arcs":[[-832,-909,-914,914,915]],"type":"Polygon","properties":{"name":"Trou Rouge","shapeGroup":"LCA","gid":"LCA-2-289"},"id":"LCA-2-289"},{"arcs":[[-835,916,917,-858,-866,918]],"type":"Polygon","properties":{"name":"Faux A Chaud","shapeGroup":"LCA","gid":"LCA-2-290"},"id":"LCA-2-290"},{"arcs":[[-859,-918,919]],"type":"Polygon","properties":{"name":"Bella Rosa","shapeGroup":"LCA","gid":"LCA-2-291"},"id":"LCA-2-291"},{"arcs":[[-896,920,921,922]],"type":"Polygon","properties":{"name":"Coubaril","shapeGroup":"LCA","gid":"LCA-2-292"},"id":"LCA-2-292"},{"arcs":[[-264,923,924]],"type":"Polygon","properties":{"name":"Monkey Town/Ciceron","shapeGroup":"LCA","gid":"LCA-2-293"},"id":"LCA-2-293"},{"arcs":[[-254,-925,925,926,-726]],"type":"Polygon","properties":{"name":"Goodlands","shapeGroup":"LCA","gid":"LCA-2-294"},"id":"LCA-2-294"},{"arcs":[[-890,927,928,929,-910,-906,-900]],"type":"Polygon","properties":{"name":"Rock Hall","shapeGroup":"LCA","gid":"LCA-2-295"},"id":"LCA-2-295"},{"arcs":[[-834,930,931,932,-894,-860,-920,-917]],"type":"Polygon","properties":{"name":"Morne Road","shapeGroup":"LCA","gid":"LCA-2-296"},"id":"LCA-2-296"},{"arcs":[[-727,-927,933,-921,-895,-933,934,935,-928,-889,-893]],"type":"Polygon","properties":{"name":"The Morne","shapeGroup":"LCA","gid":"LCA-2-297"},"id":"LCA-2-297"},{"arcs":[[-932,936,-935]],"type":"Polygon","properties":{"name":"Bois Catchet","shapeGroup":"LCA","gid":"LCA-2-298"},"id":"LCA-2-298"},{"arcs":[[-833,-916,937,938,939,-929,-936,-937,-931]],"type":"Polygon","properties":{"name":"Pavee","shapeGroup":"LCA","gid":"LCA-2-299"},"id":"LCA-2-299"},{"arcs":[[-939,940]],"type":"Polygon","properties":{"name":"Parker'S Hill","shapeGroup":"LCA","gid":"LCA-2-300"},"id":"LCA-2-300"},{"arcs":[[-911,-930,-940,-941,-938,-915,-913]],"type":"Polygon","properties":{"name":"Maynard Hill","shapeGroup":"LCA","gid":"LCA-2-301"},"id":"LCA-2-301"},{"arcs":[[-735,-873,-875,-879,-905,-903,-904,-830,941,-847,-857,-870,-876,-743]],"type":"Polygon","properties":{"name":"Waterworks","shapeGroup":"LCA","gid":"LCA-2-302"},"id":"LCA-2-302"},{"arcs":[[-829,-848,-942]],"type":"Polygon","properties":{"name":"Grass Street","shapeGroup":"LCA","gid":"LCA-2-303"},"id":"LCA-2-303"},{"arcs":[[-263,942,-922,-934,-926,-924]],"type":"Polygon","properties":{"name":"Ciceron","shapeGroup":"LCA","gid":"LCA-2-304"},"id":"LCA-2-304"},{"arcs":[[-492,943,944,-716,-880,-714,-718,-655,-719,-618,-509,-545]],"type":"Polygon","properties":{"name":"Marc","shapeGroup":"LCA","gid":"LCA-2-305"},"id":"LCA-2-305"},{"arcs":[[-490,-671,-675,-717,-945,945]],"type":"Polygon","properties":{"name":"Trou Cochon/Marc","shapeGroup":"LCA","gid":"LCA-2-306"},"id":"LCA-2-306"},{"arcs":[[-491,-946,-944]],"type":"Polygon","properties":{"name":"Trou Florent/Marc","shapeGroup":"LCA","gid":"LCA-2-307"},"id":"LCA-2-307"},{"arcs":[[946,947,948,949,950,951,952,953]],"type":"Polygon","properties":{"name":"Union Vale","shapeGroup":"LCA","gid":"LCA-2-308"},"id":"LCA-2-308"},{"arcs":[[-593,954,955,956]],"type":"Polygon","properties":{"name":"Cenac","shapeGroup":"LCA","gid":"LCA-2-309"},"id":"LCA-2-309"},{"arcs":[[-584,957,958,959,-955,-592]],"type":"Polygon","properties":{"name":"Morne Tabac","shapeGroup":"LCA","gid":"LCA-2-310"},"id":"LCA-2-310"},{"arcs":[[-956,-960,960,961,962,963,964]],"type":"Polygon","properties":{"name":"Colombette","shapeGroup":"LCA","gid":"LCA-2-311"},"id":"LCA-2-311"},{"arcs":[[-594,-957,-965,965,-614]],"type":"Polygon","properties":{"name":"Mal Maison","shapeGroup":"LCA","gid":"LCA-2-312"},"id":"LCA-2-312"},{"arcs":[[966,967,968,969,970]],"type":"Polygon","properties":{"name":"Anse Chastanet","shapeGroup":"LCA","gid":"LCA-2-313"},"id":"LCA-2-313"},{"arcs":[[-603,-615,-966,-964,971,-971,972]],"type":"Polygon","properties":{"name":"Bouton","shapeGroup":"LCA","gid":"LCA-2-314"},"id":"LCA-2-314"},{"arcs":[[-963,973,-967,-972]],"type":"Polygon","properties":{"name":"Morne Lastic","shapeGroup":"LCA","gid":"LCA-2-315"},"id":"LCA-2-315"},{"arcs":[[-969,974,975,976,977]],"type":"Polygon","properties":{"name":"Fond Bernier","shapeGroup":"LCA","gid":"LCA-2-316"},"id":"LCA-2-316"},{"arcs":[[-962,978,979,-975,-968,-974]],"type":"Polygon","properties":{"name":"La Haut","shapeGroup":"LCA","gid":"LCA-2-317"},"id":"LCA-2-317"},{"arcs":[[980,981,982,983,984,985]],"type":"Polygon","properties":{"name":"Sapphire","shapeGroup":"LCA","gid":"LCA-2-318"},"id":"LCA-2-318"},{"arcs":[[986,987,988,989,990]],"type":"Polygon","properties":{"name":"Plat Pays","shapeGroup":"LCA","gid":"LCA-2-319"},"id":"LCA-2-319"},{"arcs":[[-976,-980,991,992]],"type":"Polygon","properties":{"name":"Palmiste","shapeGroup":"LCA","gid":"LCA-2-320"},"id":"LCA-2-320"},{"arcs":[[-977,-993,993,994,995,996,997,998,999]],"type":"Polygon","properties":{"name":"Town","shapeGroup":"LCA","gid":"LCA-2-321"},"id":"LCA-2-321"},{"arcs":[[-961,1000,1001,1002,1003,-994,-992,-979]],"type":"Polygon","properties":{"name":"New Development","shapeGroup":"LCA","gid":"LCA-2-322"},"id":"LCA-2-322"},{"arcs":[[-999,1004,1005,1006]],"type":"Polygon","properties":{"name":"Baron'S Drive/Coin De L'Anse","shapeGroup":"LCA","gid":"LCA-2-323"},"id":"LCA-2-323"},{"arcs":[[-998,1007,1008,1009,-1005]],"type":"Polygon","properties":{"name":"Lenny Hill","shapeGroup":"LCA","gid":"LCA-2-324"},"id":"LCA-2-324"},{"arcs":[[-997,1010,1011,-1008]],"type":"Polygon","properties":{"name":"Calvary/Calvaire","shapeGroup":"LCA","gid":"LCA-2-325"},"id":"LCA-2-325"},{"arcs":[[-985,1012,-1011,-996,1013]],"type":"Polygon","properties":{"name":"Soufriere Estate","shapeGroup":"LCA","gid":"LCA-2-326"},"id":"LCA-2-326"},{"arcs":[[-981,1014,1015,1016]],"type":"Polygon","properties":{"name":"Diamond/Diamond Estate","shapeGroup":"LCA","gid":"LCA-2-327"},"id":"LCA-2-327"},{"arcs":[[-986,-1014,-995,-1004,1017,-1015]],"type":"Polygon","properties":{"name":"Fond Cacoa","shapeGroup":"LCA","gid":"LCA-2-328"},"id":"LCA-2-328"},{"arcs":[[-1002,1018]],"type":"Polygon","properties":{"name":"Ruby Estate","shapeGroup":"LCA","gid":"LCA-2-329"},"id":"LCA-2-329"},{"arcs":[[-1003,-1019,1019,-1018]],"type":"Polygon","properties":{"name":"La Pearle","shapeGroup":"LCA","gid":"LCA-2-330"},"id":"LCA-2-330"},{"arcs":[[-583,1020,1021,1022,1023,-958]],"type":"Polygon","properties":{"name":"Descolons","shapeGroup":"LCA","gid":"LCA-2-331"},"id":"LCA-2-331"},{"arcs":[[-982,-1017,1024,1025,1026,1027,1028,1029,1030,1031]],"type":"Polygon","properties":{"name":"Esperance","shapeGroup":"LCA","gid":"LCA-2-332"},"id":"LCA-2-332"},{"arcs":[[-1021,1032,-1027,1033]],"type":"Polygon","properties":{"name":"Ravine Claire","shapeGroup":"LCA","gid":"LCA-2-333"},"id":"LCA-2-333"},{"arcs":[[-793,1034,-990,1035,1036,1037,-1006,-1010,1038]],"type":"Polygon","properties":{"name":"Malgretoute","shapeGroup":"LCA","gid":"LCA-2-334"},"id":"LCA-2-334"},{"arcs":[[-794,-1039,-1009,-1012,-1013,-984,1039,1040,1041,-991,-1035]],"type":"Polygon","properties":{"name":"Coubaril Estate","shapeGroup":"LCA","gid":"LCA-2-335"},"id":"LCA-2-335"},{"arcs":[[-989,1042,1043,-1036]],"type":"Polygon","properties":{"name":"Compar","shapeGroup":"LCA","gid":"LCA-2-336"},"id":"LCA-2-336"},{"arcs":[[1044,1045,1046,1047,1048]],"type":"Polygon","properties":{"name":"Fond Doux","shapeGroup":"LCA","gid":"LCA-2-337"},"id":"LCA-2-337"},{"arcs":[[-988,1049,1050,1051,1052,1053,-1043]],"type":"Polygon","properties":{"name":"Jalousie","shapeGroup":"LCA","gid":"LCA-2-338"},"id":"LCA-2-338"},{"arcs":[[-987,-1042,1054,1055,1056,1057,-1048,1058,-1050]],"type":"Polygon","properties":{"name":"Ti Delcer","shapeGroup":"LCA","gid":"LCA-2-339"},"id":"LCA-2-339"},{"arcs":[[-953,1059,-1051,-1059,-1047,1060]],"type":"Polygon","properties":{"name":"Chateau Belair","shapeGroup":"LCA","gid":"LCA-2-340"},"id":"LCA-2-340"},{"arcs":[[-950,1061,1062]],"type":"Polygon","properties":{"name":"Fond Gens Libre","shapeGroup":"LCA","gid":"LCA-2-341"},"id":"LCA-2-341"},{"arcs":[[-951,-1063,1063,1064,1065,1066]],"type":"Polygon","properties":{"name":"Gros Piton","shapeGroup":"LCA","gid":"LCA-2-342"},"id":"LCA-2-342"},{"arcs":[[-1037,-1044,-1054,1067]],"type":"Polygon","properties":{"name":"Petit Piton","shapeGroup":"LCA","gid":"LCA-2-343"},"id":"LCA-2-343"},{"arcs":[[-952,-1067,1068,-1052,-1060]],"type":"Polygon","properties":{"name":"Morne La Croix","shapeGroup":"LCA","gid":"LCA-2-344"},"id":"LCA-2-344"},{"arcs":[[-954,-1061,-1046,1069,1070,1071,1072]],"type":"Polygon","properties":{"name":"Deville","shapeGroup":"LCA","gid":"LCA-2-345"},"id":"LCA-2-345"},{"arcs":[[1073,1074,1075,1076]],"type":"Polygon","properties":{"name":"Morne Le Blanc","shapeGroup":"LCA","gid":"LCA-2-346"},"id":"LCA-2-346"},{"arcs":[[1077,1078,1079,1080]],"type":"Polygon","properties":{"name":"Etangs","shapeGroup":"LCA","gid":"LCA-2-347"},"id":"LCA-2-347"},{"arcs":[[-1045,1081,1082,-1080,1083,1084,-1070]],"type":"Polygon","properties":{"name":"St Remy Estate","shapeGroup":"LCA","gid":"LCA-2-348"},"id":"LCA-2-348"},{"arcs":[[-1081,-1083,1085,1086]],"type":"Polygon","properties":{"name":"La Dauphine Estate","shapeGroup":"LCA","gid":"LCA-2-349"},"id":"LCA-2-349"},{"arcs":[[-1057,1087,1088,1089]],"type":"Polygon","properties":{"name":"Rabot","shapeGroup":"LCA","gid":"LCA-2-350"},"id":"LCA-2-350"},{"arcs":[[1090,1091,1092,1093,1094,1095]],"type":"Polygon","properties":{"name":"Belle Plain","shapeGroup":"LCA","gid":"LCA-2-351"},"id":"LCA-2-351"},{"arcs":[[-1031,1096,1097,-1096,1098,-1089,1099]],"type":"Polygon","properties":{"name":"Bois D'Inde","shapeGroup":"LCA","gid":"LCA-2-352"},"id":"LCA-2-352"},{"arcs":[[-1030,1100,1101,1102,-1092,1103,-1097]],"type":"Polygon","properties":{"name":"Mocha","shapeGroup":"LCA","gid":"LCA-2-353"},"id":"LCA-2-353"},{"arcs":[[-1022,-1034,-1026,1104,1105]],"type":"Polygon","properties":{"name":"Toraille","shapeGroup":"LCA","gid":"LCA-2-354"},"id":"LCA-2-354"},{"arcs":[[-1023,-1106,1106]],"type":"Polygon","properties":{"name":"Zenon","shapeGroup":"LCA","gid":"LCA-2-355"},"id":"LCA-2-355"},{"arcs":[[-1029,1107,1108,1109,-1101]],"type":"Polygon","properties":{"name":"Ti Boug","shapeGroup":"LCA","gid":"LCA-2-356"},"id":"LCA-2-356"},{"arcs":[[-582,1110,-1108,-1028,-1033]],"type":"Polygon","properties":{"name":"St Phillip","shapeGroup":"LCA","gid":"LCA-2-357"},"id":"LCA-2-357"},{"arcs":[[-580,1111,-1102,-1110,1112]],"type":"Polygon","properties":{"name":"Belvedere","shapeGroup":"LCA","gid":"LCA-2-358"},"id":"LCA-2-358"},{"arcs":[[-581,-1113,-1109,-1111]],"type":"Polygon","properties":{"name":"Migny","shapeGroup":"LCA","gid":"LCA-2-359"},"id":"LCA-2-359"},{"arcs":[[-1041,1113,-1055]],"type":"Polygon","properties":{"name":"Terre Blanche","shapeGroup":"LCA","gid":"LCA-2-360"},"id":"LCA-2-360"},{"arcs":[[-1078,-1087,1114,-1094,1115,1116]],"type":"Polygon","properties":{"name":"Beausejour/Myers Bridge","shapeGroup":"LCA","gid":"LCA-2-361"},"id":"LCA-2-361"},{"arcs":[[-1049,-1058,-1090,-1099,-1095,-1115,-1086,-1082]],"type":"Polygon","properties":{"name":"Belfond","shapeGroup":"LCA","gid":"LCA-2-362"},"id":"LCA-2-362"},{"arcs":[[-983,-1032,-1100,-1088,-1056,-1114,-1040]],"type":"Polygon","properties":{"name":"Sulphur Springs","shapeGroup":"LCA","gid":"LCA-2-363"},"id":"LCA-2-363"},{"arcs":[[-959,-1024,-1107,-1105,-1025,-1016,-1020,-1001]],"type":"Polygon","properties":{"name":"Cresslands","shapeGroup":"LCA","gid":"LCA-2-364"},"id":"LCA-2-364"},{"arcs":[[-1091,-1098,-1104]],"type":"Polygon","properties":{"name":"Morne Bonin","shapeGroup":"LCA","gid":"LCA-2-365"},"id":"LCA-2-365"},{"arcs":[[-1074,1117,1118,1119,1120,1121]],"type":"Polygon","properties":{"name":"Kennedy Highway","shapeGroup":"LCA","gid":"LCA-2-366"},"id":"LCA-2-366"},{"arcs":[[-1071,-1085,1122,1123,1124,1125]],"type":"Polygon","properties":{"name":"Raveneau","shapeGroup":"LCA","gid":"LCA-2-367"},"id":"LCA-2-367"},{"arcs":[[-579,1126,1127,1128,1129,-1093,-1103,-1112]],"type":"Polygon","properties":{"name":"Marche Gaye","shapeGroup":"LCA","gid":"LCA-2-368"},"id":"LCA-2-368"},{"arcs":[[-1129,1130,1131,1132,1133,1134]],"type":"Polygon","properties":{"name":"Motete","shapeGroup":"LCA","gid":"LCA-2-369"},"id":"LCA-2-369"},{"arcs":[[-1128,1135,1136,1137,1138,-1131]],"type":"Polygon","properties":{"name":"Lamaze","shapeGroup":"LCA","gid":"LCA-2-370"},"id":"LCA-2-370"},{"arcs":[[-1132,-1139,1139,1140]],"type":"Polygon","properties":{"name":"Monzie","shapeGroup":"LCA","gid":"LCA-2-371"},"id":"LCA-2-371"},{"arcs":[[-1138,1141,1142,-1140]],"type":"Polygon","properties":{"name":"Roblot","shapeGroup":"LCA","gid":"LCA-2-372"},"id":"LCA-2-372"},{"arcs":[[1143,1144]],"type":"Polygon","properties":{"name":"Cedars/Chu Tigre","shapeGroup":"LCA","gid":"LCA-2-373"},"id":"LCA-2-373"},{"arcs":[[-1137,1145,1146,1147,1148,1149,1150,1151,1152,1153,-1142]],"type":"Polygon","properties":{"name":"Debreiul","shapeGroup":"LCA","gid":"LCA-2-374"},"id":"LCA-2-374"},{"arcs":[[-1149,1154,1155,1156,1157,1158]],"type":"Polygon","properties":{"name":"River Doree","shapeGroup":"LCA","gid":"LCA-2-375"},"id":"LCA-2-375"},{"arcs":[[-1145,1159,1160,1161,1162,1163,1164,-1150,-1159,1165]],"type":"Polygon","properties":{"name":"La Fargue","shapeGroup":"LCA","gid":"LCA-2-376"},"id":"LCA-2-376"},{"arcs":[[-1121,1166,1167,1168]],"type":"Polygon","properties":{"name":"Village","shapeGroup":"LCA","gid":"LCA-2-377"},"id":"LCA-2-377"},{"arcs":[[1169,1170,1171,1172]],"type":"Polygon","properties":{"name":"En Leur Ba/Balca","shapeGroup":"LCA","gid":"LCA-2-378"},"id":"LCA-2-378"},{"arcs":[[-1120,1173,1174,1175,1176,1177,1178,1179,-1167]],"type":"Polygon","properties":{"name":"Black Bay","shapeGroup":"LCA","gid":"LCA-2-379"},"id":"LCA-2-379"},{"arcs":[[1180,1181,1182,1183,1184]],"type":"Polygon","properties":{"name":"Augier","shapeGroup":"LCA","gid":"LCA-2-380"},"id":"LCA-2-380"},{"arcs":[[-1175,1185,1186,-1183,1187,1188]],"type":"Polygon","properties":{"name":"Pomme","shapeGroup":"LCA","gid":"LCA-2-381"},"id":"LCA-2-381"},{"arcs":[[-1181,1189,1190,1191]],"type":"Polygon","properties":{"name":"Derierre Bois","shapeGroup":"LCA","gid":"LCA-2-382"},"id":"LCA-2-382"},{"arcs":[[-1162,1192,1193]],"type":"Polygon","properties":{"name":"Christian Hill","shapeGroup":"LCA","gid":"LCA-2-383"},"id":"LCA-2-383"},{"arcs":[[-1163,-1194,1194,1195,1196,1197,1198]],"type":"Polygon","properties":{"name":"Reunion","shapeGroup":"LCA","gid":"LCA-2-384"},"id":"LCA-2-384"},{"arcs":[[-1161,1199,1200,-1195,-1193]],"type":"Polygon","properties":{"name":"Village","shapeGroup":"LCA","gid":"LCA-2-385"},"id":"LCA-2-385"},{"arcs":[[-1196,-1201,1201,1202,1203]],"type":"Polygon","properties":{"name":"Savannes George/Constitution Park","shapeGroup":"LCA","gid":"LCA-2-386"},"id":"LCA-2-386"},{"arcs":[[-1151,-1165,1204]],"type":"Polygon","properties":{"name":"Sauzay","shapeGroup":"LCA","gid":"LCA-2-387"},"id":"LCA-2-387"},{"arcs":[[-1133,-1141,-1143,-1154,1205,1206,1207,1208]],"type":"Polygon","properties":{"name":"Dugard","shapeGroup":"LCA","gid":"LCA-2-388"},"id":"LCA-2-388"},{"arcs":[[-1153,1209,1210,-1206]],"type":"Polygon","properties":{"name":"Dupre","shapeGroup":"LCA","gid":"LCA-2-389"},"id":"LCA-2-389"},{"arcs":[[-1152,-1205,-1164,-1199,1211,1212,-1210]],"type":"Polygon","properties":{"name":"Caffiere","shapeGroup":"LCA","gid":"LCA-2-390"},"id":"LCA-2-390"},{"arcs":[[-1134,-1209,1213,1214,1215,1216]],"type":"Polygon","properties":{"name":"Morne Jacques","shapeGroup":"LCA","gid":"LCA-2-391"},"id":"LCA-2-391"},{"arcs":[[-1208,1217,1218,-1214]],"type":"Polygon","properties":{"name":"Mavay","shapeGroup":"LCA","gid":"LCA-2-392"},"id":"LCA-2-392"},{"arcs":[[-1215,-1219,1219,1220]],"type":"Polygon","properties":{"name":"Belle Vue","shapeGroup":"LCA","gid":"LCA-2-393"},"id":"LCA-2-393"},{"arcs":[[-1207,-1211,-1213,1221,1222,1223,-1220,-1218]],"type":"Polygon","properties":{"name":"Dacretin","shapeGroup":"LCA","gid":"LCA-2-394"},"id":"LCA-2-394"},{"arcs":[[-1198,1224,1225,1226,-1222,-1212]],"type":"Polygon","properties":{"name":"Morne Palama","shapeGroup":"LCA","gid":"LCA-2-395"},"id":"LCA-2-395"},{"arcs":[[-1124,1227,1228,1229,1230]],"type":"Polygon","properties":{"name":"Mongouge","shapeGroup":"LCA","gid":"LCA-2-396"},"id":"LCA-2-396"},{"arcs":[[-1079,-1117,1231,-1216,-1221,-1224,1232,-1228,-1123,-1084]],"type":"Polygon","properties":{"name":"Victoria","shapeGroup":"LCA","gid":"LCA-2-397"},"id":"LCA-2-397"},{"arcs":[[-1226,1233,1234,1235]],"type":"Polygon","properties":{"name":"Martin","shapeGroup":"LCA","gid":"LCA-2-398"},"id":"LCA-2-398"},{"arcs":[[-1197,-1204,1236,1237,-1234,-1225]],"type":"Polygon","properties":{"name":"Le Riche","shapeGroup":"LCA","gid":"LCA-2-399"},"id":"LCA-2-399"},{"arcs":[[-1176,-1189,1238,1239]],"type":"Polygon","properties":{"name":"Cantonement","shapeGroup":"LCA","gid":"LCA-2-400"},"id":"LCA-2-400"},{"arcs":[[-1191,1240,1241,1242,1243,1244,1245]],"type":"Polygon","properties":{"name":"Obrier","shapeGroup":"LCA","gid":"LCA-2-401"},"id":"LCA-2-401"},{"arcs":[[-1182,-1192,-1246,1246,1247,1248,-1239,-1188]],"type":"Polygon","properties":{"name":"St Jude'S Highway","shapeGroup":"LCA","gid":"LCA-2-402"},"id":"LCA-2-402"},{"arcs":[[-1178,1249]],"type":"Polygon","properties":{"name":"Hewanorra Orchard","shapeGroup":"LCA","gid":"LCA-2-403"},"id":"LCA-2-403"},{"arcs":[[-1203,1250,1251,-1237]],"type":"Polygon","properties":{"name":"Portalese","shapeGroup":"LCA","gid":"LCA-2-404"},"id":"LCA-2-404"},{"arcs":[[-1223,-1227,-1236,1252,1253,-1229,-1233]],"type":"Polygon","properties":{"name":"Ponyon","shapeGroup":"LCA","gid":"LCA-2-405"},"id":"LCA-2-405"},{"arcs":[[-1235,-1238,-1252,1254,1255,-1253]],"type":"Polygon","properties":{"name":"Newfield/Fiette","shapeGroup":"LCA","gid":"LCA-2-406"},"id":"LCA-2-406"},{"arcs":[[-1230,-1254,-1256,1256,1257,1258,1259,1260]],"type":"Polygon","properties":{"name":"Morne Sion","shapeGroup":"LCA","gid":"LCA-2-407"},"id":"LCA-2-407"},{"arcs":[[-1065,1261,1262,1263]],"type":"Polygon","properties":{"name":"La Pointe","shapeGroup":"LCA","gid":"LCA-2-408"},"id":"LCA-2-408"},{"arcs":[[-1258,1264,-1263,1265]],"type":"Polygon","properties":{"name":"Industry","shapeGroup":"LCA","gid":"LCA-2-409"},"id":"LCA-2-409"},{"arcs":[[-949,1266,-1259,-1266,-1262,-1064,-1062]],"type":"Polygon","properties":{"name":"Delcer","shapeGroup":"LCA","gid":"LCA-2-410"},"id":"LCA-2-410"},{"arcs":[[-948,1267,1268,-1260,-1267]],"type":"Polygon","properties":{"name":"Franciou","shapeGroup":"LCA","gid":"LCA-2-411"},"id":"LCA-2-411"},{"arcs":[[-947,-1073,1269,1270,-1268]],"type":"Polygon","properties":{"name":"Esperance","shapeGroup":"LCA","gid":"LCA-2-412"},"id":"LCA-2-412"},{"arcs":[[-1116,-1130,-1135,-1217,-1232]],"type":"Polygon","properties":{"name":"Mailly Motete","shapeGroup":"LCA","gid":"LCA-2-413"},"id":"LCA-2-413"},{"arcs":[[-1125,-1231,-1261,-1269,-1271,1271]],"type":"Polygon","properties":{"name":"Bois D'Inde","shapeGroup":"LCA","gid":"LCA-2-414"},"id":"LCA-2-414"},{"arcs":[[-1072,-1126,-1272,-1270]],"type":"Polygon","properties":{"name":"Derriere Morne","shapeGroup":"LCA","gid":"LCA-2-415"},"id":"LCA-2-415"},{"arcs":[[-1157,1272,1273,1274]],"type":"Polygon","properties":{"name":"Tete Morne","shapeGroup":"LCA","gid":"LCA-2-416"},"id":"LCA-2-416"},{"arcs":[[-1156,1275,1276,1277,-1273]],"type":"Polygon","properties":{"name":"Bongalo","shapeGroup":"LCA","gid":"LCA-2-417"},"id":"LCA-2-417"},{"arcs":[[-1148,1278,-1172,1279,-1276,-1155]],"type":"Polygon","properties":{"name":"Morne Lezard Estate","shapeGroup":"LCA","gid":"LCA-2-418"},"id":"LCA-2-418"},{"arcs":[[-1147,1280,1281,1282,-1173,-1279]],"type":"Polygon","properties":{"name":"Gayabois","shapeGroup":"LCA","gid":"LCA-2-419"},"id":"LCA-2-419"},{"arcs":[[-1146,1283,1284,-1281]],"type":"Polygon","properties":{"name":"Parc Estate","shapeGroup":"LCA","gid":"LCA-2-420"},"id":"LCA-2-420"},{"arcs":[[-578,1285,1286,-1284,-1136,-1127]],"type":"Polygon","properties":{"name":"Saltibus","shapeGroup":"LCA","gid":"LCA-2-421"},"id":"LCA-2-421"},{"arcs":[[-577,1287,1288,1289,1290,-1286]],"type":"Polygon","properties":{"name":"Daban","shapeGroup":"LCA","gid":"LCA-2-422"},"id":"LCA-2-422"},{"arcs":[[-576,1291,-1288]],"type":"Polygon","properties":{"name":"Warwick/Daban","shapeGroup":"LCA","gid":"LCA-2-423"},"id":"LCA-2-423"},{"arcs":[[-1282,-1285,-1287,-1291,1292,1293,1294,1295]],"type":"Polygon","properties":{"name":"Giraud","shapeGroup":"LCA","gid":"LCA-2-424"},"id":"LCA-2-424"},{"arcs":[[-1171,1296,1297,1298,-1277,-1280]],"type":"Polygon","properties":{"name":"Balca","shapeGroup":"LCA","gid":"LCA-2-425"},"id":"LCA-2-425"},{"arcs":[[-1274,-1278,-1299,1299,1300,1301]],"type":"Polygon","properties":{"name":"Balembouche","shapeGroup":"LCA","gid":"LCA-2-426"},"id":"LCA-2-426"},{"arcs":[[-1301,1302,1303,1304]],"type":"Polygon","properties":{"name":"Piaye","shapeGroup":"LCA","gid":"LCA-2-427"},"id":"LCA-2-427"},{"arcs":[[-1298,1305,1306,1307,-1303,-1300]],"type":"Polygon","properties":{"name":"La Perle","shapeGroup":"LCA","gid":"LCA-2-428"},"id":"LCA-2-428"},{"arcs":[[-1170,-1283,-1296,1308,1309,1310,-1306,-1297]],"type":"Polygon","properties":{"name":"Londonderry","shapeGroup":"LCA","gid":"LCA-2-429"},"id":"LCA-2-429"},{"arcs":[[-1295,1311,-1309]],"type":"Polygon","properties":{"name":"Getrine","shapeGroup":"LCA","gid":"LCA-2-430"},"id":"LCA-2-430"},{"arcs":[[-1177,-1240,-1249,1312,1313,1314,1315,1316,-1179,-1250]],"type":"Polygon","properties":{"name":"Industrial Estate","shapeGroup":"LCA","gid":"LCA-2-431"},"id":"LCA-2-431"},{"arcs":[[-1316,1317,1318]],"type":"Polygon","properties":{"name":"Cocoa Dan","shapeGroup":"LCA","gid":"LCA-2-432"},"id":"LCA-2-432"},{"arcs":[[-1294,1319,1320,1321,1322,-1312]],"type":"Polygon","properties":{"name":"Fond Berange","shapeGroup":"LCA","gid":"LCA-2-433"},"id":"LCA-2-433"},{"arcs":[[-1322,1323,1324,1325]],"type":"Polygon","properties":{"name":"Olibo","shapeGroup":"LCA","gid":"LCA-2-434"},"id":"LCA-2-434"},{"arcs":[[-1310,-1323,-1326,1326,1327]],"type":"Polygon","properties":{"name":"Annus","shapeGroup":"LCA","gid":"LCA-2-435"},"id":"LCA-2-435"},{"arcs":[[-1290,1328,1329,-1320,-1293]],"type":"Polygon","properties":{"name":"La Haut","shapeGroup":"LCA","gid":"LCA-2-436"},"id":"LCA-2-436"},{"arcs":[[-1321,-1330,1330,-1324]],"type":"Polygon","properties":{"name":"Banse La Grace","shapeGroup":"LCA","gid":"LCA-2-437"},"id":"LCA-2-437"},{"arcs":[[-1289,-1292,1331,1332,1333,1334,-1331,-1329]],"type":"Polygon","properties":{"name":"Banse","shapeGroup":"LCA","gid":"LCA-2-438"},"id":"LCA-2-438"},{"arcs":[[-1184,-1187,1335,1336,1337,-1334,1338,1339]],"type":"Polygon","properties":{"name":"Macdomel","shapeGroup":"LCA","gid":"LCA-2-439"},"id":"LCA-2-439"},{"arcs":[[-1335,-1338,1340,1341]],"type":"Polygon","properties":{"name":"Beyar","shapeGroup":"LCA","gid":"LCA-2-440"},"id":"LCA-2-440"},{"arcs":[[-1076,1342,-1307,-1311,-1328,1343]],"type":"Polygon","properties":{"name":"Morne Paul","shapeGroup":"LCA","gid":"LCA-2-441"},"id":"LCA-2-441"},{"arcs":[[-1075,-1122,-1169,1344,-1304,-1308,-1343]],"type":"Polygon","properties":{"name":"Saphire","shapeGroup":"LCA","gid":"LCA-2-442"},"id":"LCA-2-442"},{"arcs":[[-1337,1345,1346,-1341]],"type":"Polygon","properties":{"name":"Gentil","shapeGroup":"LCA","gid":"LCA-2-443"},"id":"LCA-2-443"},{"arcs":[[-1119,1347,-1346,-1336,-1186,-1174]],"type":"Polygon","properties":{"name":"H'Erelle","shapeGroup":"LCA","gid":"LCA-2-444"},"id":"LCA-2-444"},{"arcs":[[-1077,-1344,-1327,-1325,-1342,-1347,-1348,-1118]],"type":"Polygon","properties":{"name":"Morne Gomier","shapeGroup":"LCA","gid":"LCA-2-445"},"id":"LCA-2-445"},{"arcs":[[1348,1349]],"type":"Polygon","properties":{"name":"Westall Group/The Mangue","shapeGroup":"LCA","gid":"LCA-2-446"},"id":"LCA-2-446"},{"arcs":[[1350,1351,1352]],"type":"Polygon","properties":{"name":"Moule A Chique","shapeGroup":"LCA","gid":"LCA-2-447"},"id":"LCA-2-447"},{"arcs":[[-1315,1353,1354,1355,1356,-1318]],"type":"Polygon","properties":{"name":"Vieux Fort/Laborie Highway","shapeGroup":"LCA","gid":"LCA-2-448"},"id":"LCA-2-448"},{"arcs":[[-1185,-1340,1357,1358,-1241,-1190]],"type":"Polygon","properties":{"name":"Catin","shapeGroup":"LCA","gid":"LCA-2-449"},"id":"LCA-2-449"},{"arcs":[[-1349,1359,1360,1361,-1353,1362]],"type":"Polygon","properties":{"name":"Bruceville/Shanty Town","shapeGroup":"LCA","gid":"LCA-2-450"},"id":"LCA-2-450"},{"arcs":[[-1242,-1359,1363,1364,1365]],"type":"Polygon","properties":{"name":"Morne Vert","shapeGroup":"LCA","gid":"LCA-2-451"},"id":"LCA-2-451"},{"arcs":[[-1333,1366,-1364,-1358,-1339]],"type":"Polygon","properties":{"name":"Maganier","shapeGroup":"LCA","gid":"LCA-2-452"},"id":"LCA-2-452"},{"arcs":[[1367,1368,1369]],"type":"Polygon","properties":{"name":"Derierre Morne","shapeGroup":"LCA","gid":"LCA-2-453"},"id":"LCA-2-453"},{"arcs":[[-1314,1370,-1368,1371,1372,-1354]],"type":"Polygon","properties":{"name":"La Tourney/Cedar Heights","shapeGroup":"LCA","gid":"LCA-2-454"},"id":"LCA-2-454"},{"arcs":[[-1370,1373,-1372]],"type":"Polygon","properties":{"name":"Docamel/La Resource","shapeGroup":"LCA","gid":"LCA-2-455"},"id":"LCA-2-455"},{"arcs":[[-1248,1374,1375,1376,-1374,-1369,-1371,-1313]],"type":"Polygon","properties":{"name":"La Resource","shapeGroup":"LCA","gid":"LCA-2-456"},"id":"LCA-2-456"},{"arcs":[[-1245,1377,1378,1379,-1375,-1247]],"type":"Polygon","properties":{"name":"La Retraite","shapeGroup":"LCA","gid":"LCA-2-457"},"id":"LCA-2-457"},{"arcs":[[1380,1381,1382,1383]],"type":"Polygon","properties":{"name":"Plut","shapeGroup":"LCA","gid":"LCA-2-458"},"id":"LCA-2-458"},{"arcs":[[-1379,1384,1385,-1383,1386,1387,1388]],"type":"Polygon","properties":{"name":"Hope Estate","shapeGroup":"LCA","gid":"LCA-2-459"},"id":"LCA-2-459"},{"arcs":[[-1244,1389,-1385,-1378]],"type":"Polygon","properties":{"name":"Coolie Town","shapeGroup":"LCA","gid":"LCA-2-460"},"id":"LCA-2-460"},{"arcs":[[1390,1391,1392,1393]],"type":"Polygon","properties":{"name":"Carierre","shapeGroup":"LCA","gid":"LCA-2-461"},"id":"LCA-2-461"},{"arcs":[[-575,1394,1395,-1394,1396,-1365,-1367,-1332]],"type":"Polygon","properties":{"name":"Woodlands","shapeGroup":"LCA","gid":"LCA-2-462"},"id":"LCA-2-462"},{"arcs":[[-1392,1397,1398,1399]],"type":"Polygon","properties":{"name":"Joyeux","shapeGroup":"LCA","gid":"LCA-2-463"},"id":"LCA-2-463"},{"arcs":[[-1399,1400,1401,1402,1403,1404]],"type":"Polygon","properties":{"name":"Morne Cayenne","shapeGroup":"LCA","gid":"LCA-2-464"},"id":"LCA-2-464"},{"arcs":[[-1391,-1396,1405,1406,-1401,-1398]],"type":"Polygon","properties":{"name":"Esperance","shapeGroup":"LCA","gid":"LCA-2-465"},"id":"LCA-2-465"},{"arcs":[[1407,1408,1409,1410,1411,1412,1413,1414]],"type":"Polygon","properties":{"name":"Vige'","shapeGroup":"LCA","gid":"LCA-2-466"},"id":"LCA-2-466"},{"arcs":[[-1402,-1407,1415,1416,-1412,1417]],"type":"Polygon","properties":{"name":"Belle Vue","shapeGroup":"LCA","gid":"LCA-2-467"},"id":"LCA-2-467"},{"arcs":[[-574,1418,1419,1420,1421,1422,1423,1424,-1416,-1406,-1395]],"type":"Polygon","properties":{"name":"Viancelle","shapeGroup":"LCA","gid":"LCA-2-468"},"id":"LCA-2-468"},{"arcs":[[-1243,-1366,-1397,-1393,-1400,-1405,-1384,-1386,-1390]],"type":"Polygon","properties":{"name":"Grace","shapeGroup":"LCA","gid":"LCA-2-469"},"id":"LCA-2-469"},{"arcs":[[-1413,-1417,-1425,1425,1426,1427]],"type":"Polygon","properties":{"name":"De Mailly","shapeGroup":"LCA","gid":"LCA-2-470"},"id":"LCA-2-470"},{"arcs":[[-1403,-1418,-1411,1428,1429,1430,1431]],"type":"Polygon","properties":{"name":"En Bamboo","shapeGroup":"LCA","gid":"LCA-2-471"},"id":"LCA-2-471"},{"arcs":[[-1381,-1404,-1432,1432]],"type":"Polygon","properties":{"name":"Fond Sabot","shapeGroup":"LCA","gid":"LCA-2-472"},"id":"LCA-2-472"},{"arcs":[[-1431,1433,1434]],"type":"Polygon","properties":{"name":"Fond Capeche","shapeGroup":"LCA","gid":"LCA-2-473"},"id":"LCA-2-473"},{"arcs":[[-1382,-1433,-1435,1435,1436,-1387]],"type":"Polygon","properties":{"name":"Tete Morne/Morne Andrew","shapeGroup":"LCA","gid":"LCA-2-474"},"id":"LCA-2-474"},{"arcs":[[-1430,1437,1438,-1436,-1434]],"type":"Polygon","properties":{"name":"Pierrot","shapeGroup":"LCA","gid":"LCA-2-475"},"id":"LCA-2-475"},{"arcs":[[1439,1440]],"type":"Polygon","properties":{"name":"Anse De Sables/Beane Field","shapeGroup":"LCA","gid":"LCA-2-476"},"id":"LCA-2-476"},{"arcs":[[-1376,-1380,-1389,1441,1442]],"type":"Polygon","properties":{"name":"Beausejour","shapeGroup":"LCA","gid":"LCA-2-477"},"id":"LCA-2-477"},{"arcs":[[-1355,-1373,-1377,-1443,1443,1444,-1440,1445,-1361,1446]],"type":"Polygon","properties":{"name":"Beane Field","shapeGroup":"LCA","gid":"LCA-2-478"},"id":"LCA-2-478"},{"arcs":[[-1388,-1437,-1439,1447,1448,1449,-1444,-1442]],"type":"Polygon","properties":{"name":"Eau Piquant/St Urbain","shapeGroup":"LCA","gid":"LCA-2-479"},"id":"LCA-2-479"},{"arcs":[[-276,1450,-366,1451]],"type":"Polygon","properties":{"name":"La Haut","shapeGroup":"LCA","gid":"LCA-2-480"},"id":"LCA-2-480"},{"arcs":[[-275,-375,-1451]],"type":"Polygon","properties":{"name":"Mount Erole","shapeGroup":"LCA","gid":"LCA-2-481"},"id":"LCA-2-481"},{"arcs":[[-1350,-1363,-1352,1452,-1356,-1447,-1360]],"type":"Polygon","properties":{"name":"Town","shapeGroup":"LCA","gid":"LCA-2-482"},"id":"LCA-2-482"},{"arcs":[[-1410,1453,-1448,-1438,-1429]],"type":"Polygon","properties":{"name":"Cacoa","shapeGroup":"LCA","gid":"LCA-2-483"},"id":"LCA-2-483"},{"arcs":[[-1408,1454,1455,1456,1457,1458]],"type":"Polygon","properties":{"name":"Canelles","shapeGroup":"LCA","gid":"LCA-2-484"},"id":"LCA-2-484"},{"arcs":[[-1458,1459,1460]],"type":"Polygon","properties":{"name":"Honeymoon Beach","shapeGroup":"LCA","gid":"LCA-2-485"},"id":"LCA-2-485"},{"arcs":[[-1409,-1459,-1461,1461,1462]],"type":"Polygon","properties":{"name":"Rouarne","shapeGroup":"LCA","gid":"LCA-2-486"},"id":"LCA-2-486"},{"arcs":[[-1456,1463,1464]],"type":"Polygon","properties":{"name":"St Helen Estate","shapeGroup":"LCA","gid":"LCA-2-487"},"id":"LCA-2-487"},{"arcs":[[-1414,-1428,1465,1466]],"type":"Polygon","properties":{"name":"Fond/Desruisseaux","shapeGroup":"LCA","gid":"LCA-2-488"},"id":"LCA-2-488"},{"arcs":[[-1424,1467,1468,1469,1470,-1426]],"type":"Polygon","properties":{"name":"Chique/Blanchard","shapeGroup":"LCA","gid":"LCA-2-489"},"id":"LCA-2-489"},{"arcs":[[-1423,1471,-1468]],"type":"Polygon","properties":{"name":"Morne Vient","shapeGroup":"LCA","gid":"LCA-2-490"},"id":"LCA-2-490"},{"arcs":[[-1421,1472,1473,1474]],"type":"Polygon","properties":{"name":"Gomier","shapeGroup":"LCA","gid":"LCA-2-491"},"id":"LCA-2-491"},{"arcs":[[-1420,1475,1476,1477,1478,1479,-1473]],"type":"Polygon","properties":{"name":"Calypso","shapeGroup":"LCA","gid":"LCA-2-492"},"id":"LCA-2-492"},{"arcs":[[-1477,1480,1481,1482]],"type":"Polygon","properties":{"name":"Choucomel","shapeGroup":"LCA","gid":"LCA-2-493"},"id":"LCA-2-493"},{"arcs":[[-573,1483,1484,-1481,-1476,-1419]],"type":"Polygon","properties":{"name":"Six Miles/Descatier","shapeGroup":"LCA","gid":"LCA-2-494"},"id":"LCA-2-494"},{"arcs":[[-572,1485,1486,-1484]],"type":"Polygon","properties":{"name":"Palmiste Estate","shapeGroup":"LCA","gid":"LCA-2-495"},"id":"LCA-2-495"},{"arcs":[[-1482,-1485,-1487,1487,1488,1489]],"type":"Polygon","properties":{"name":"Mahaut","shapeGroup":"LCA","gid":"LCA-2-496"},"id":"LCA-2-496"},{"arcs":[[-1490,1490,1491,1492,1493]],"type":"Polygon","properties":{"name":"Carriere","shapeGroup":"LCA","gid":"LCA-2-497"},"id":"LCA-2-497"},{"arcs":[[-1489,1494,1495,1496,-1491]],"type":"Polygon","properties":{"name":"Catter Beaufond","shapeGroup":"LCA","gid":"LCA-2-498"},"id":"LCA-2-498"},{"arcs":[[-1492,-1497,1497,1498,1499]],"type":"Polygon","properties":{"name":"Galba","shapeGroup":"LCA","gid":"LCA-2-499"},"id":"LCA-2-499"},{"arcs":[[-1474,-1480,1500,1501,1502,1503,1504]],"type":"Polygon","properties":{"name":"Saut","shapeGroup":"LCA","gid":"LCA-2-500"},"id":"LCA-2-500"},{"arcs":[[-1502,1505,1506,1507]],"type":"Polygon","properties":{"name":"Paix Bouche","shapeGroup":"LCA","gid":"LCA-2-501"},"id":"LCA-2-501"},{"arcs":[[-1479,1508,1509,-1506,-1501]],"type":"Polygon","properties":{"name":"Tou Cochon","shapeGroup":"LCA","gid":"LCA-2-502"},"id":"LCA-2-502"},{"arcs":[[-1478,-1483,-1494,1510,1511,1512,-1509]],"type":"Polygon","properties":{"name":"Moreau","shapeGroup":"LCA","gid":"LCA-2-503"},"id":"LCA-2-503"},{"arcs":[[-1507,-1510,-1513,1513,1514,1515,1516,1517,1518]],"type":"Polygon","properties":{"name":"Ti Rocher","shapeGroup":"LCA","gid":"LCA-2-504"},"id":"LCA-2-504"},{"arcs":[[-1503,-1508,-1519,1519,1520,1521]],"type":"Polygon","properties":{"name":"Des Blanchard","shapeGroup":"LCA","gid":"LCA-2-505"},"id":"LCA-2-505"},{"arcs":[[-1518,1522,1523,1524,-1520]],"type":"Polygon","properties":{"name":"La Courville","shapeGroup":"LCA","gid":"LCA-2-506"},"id":"LCA-2-506"},{"arcs":[[1525,1526,1527,1528]],"type":"Polygon","properties":{"name":"Cazuca","shapeGroup":"LCA","gid":"LCA-2-507"},"id":"LCA-2-507"},{"arcs":[[1529,1530,1531]],"type":"Polygon","properties":{"name":"Myette Gardens","shapeGroup":"LCA","gid":"LCA-2-508"},"id":"LCA-2-508"},{"arcs":[[-1530,1532,1533,1534,1535]],"type":"Polygon","properties":{"name":"Village","shapeGroup":"LCA","gid":"LCA-2-509"},"id":"LCA-2-509"},{"arcs":[[-1534,1536,1537]],"type":"Polygon","properties":{"name":"New Village","shapeGroup":"LCA","gid":"LCA-2-510"},"id":"LCA-2-510"},{"arcs":[[-1532,1538,1539,1540,1541,1542,1543,-1537,-1533]],"type":"Polygon","properties":{"name":"Volet","shapeGroup":"LCA","gid":"LCA-2-511"},"id":"LCA-2-511"},{"arcs":[[-1541,1544,1545,1546,1547,1548]],"type":"Polygon","properties":{"name":"Latille","shapeGroup":"LCA","gid":"LCA-2-512"},"id":"LCA-2-512"},{"arcs":[[-1547,1549,1550]],"type":"Polygon","properties":{"name":"Rameau","shapeGroup":"LCA","gid":"LCA-2-513"},"id":"LCA-2-513"},{"arcs":[[-1512,1551,1552,1553,-1550,-1546,1554,-1514]],"type":"Polygon","properties":{"name":"Anbre","shapeGroup":"LCA","gid":"LCA-2-514"},"id":"LCA-2-514"},{"arcs":[[-1499,1555,-1553,1556]],"type":"Polygon","properties":{"name":"La Fille","shapeGroup":"LCA","gid":"LCA-2-515"},"id":"LCA-2-515"},{"arcs":[[-1493,-1500,-1557,-1552,-1511]],"type":"Polygon","properties":{"name":"Ti Riviere","shapeGroup":"LCA","gid":"LCA-2-516"},"id":"LCA-2-516"},{"arcs":[[-1543,1557,1558]],"type":"Polygon","properties":{"name":"Escap","shapeGroup":"LCA","gid":"LCA-2-517"},"id":"LCA-2-517"},{"arcs":[[-1496,1559,1560,-1548,-1551,-1554,-1556,-1498]],"type":"Polygon","properties":{"name":"Bois Canot","shapeGroup":"LCA","gid":"LCA-2-518"},"id":"LCA-2-518"},{"arcs":[[1561,1562,1563]],"type":"Polygon","properties":{"name":"Malgretoute","shapeGroup":"LCA","gid":"LCA-2-519"},"id":"LCA-2-519"},{"arcs":[[-1542,-1549,-1561,1564,-1564,1565,1566,-1558]],"type":"Polygon","properties":{"name":"Fond Estate","shapeGroup":"LCA","gid":"LCA-2-520"},"id":"LCA-2-520"},{"arcs":[[-273,1567,1568,1569,-1562,-1565,-1560,-1495,-1488,-1486,-571,-371]],"type":"Polygon","properties":{"name":"L'Orangerie Road","shapeGroup":"LCA","gid":"LCA-2-521"},"id":"LCA-2-521"},{"arcs":[[-270,1570,1571,-1569,1572,1573]],"type":"Polygon","properties":{"name":"Patience","shapeGroup":"LCA","gid":"LCA-2-522"},"id":"LCA-2-522"},{"arcs":[[-1563,-1570,-1572,1574,1575,-1566]],"type":"Polygon","properties":{"name":"La Pointe","shapeGroup":"LCA","gid":"LCA-2-523"},"id":"LCA-2-523"},{"arcs":[[-272,1576,-1573,-1568]],"type":"Polygon","properties":{"name":"Saint Marie Road","shapeGroup":"LCA","gid":"LCA-2-524"},"id":"LCA-2-524"},{"arcs":[[-271,-1574,-1577]],"type":"Polygon","properties":{"name":"Coolie Town","shapeGroup":"LCA","gid":"LCA-2-525"},"id":"LCA-2-525"},{"arcs":[[-369,1577,1578,1579,1580]],"type":"Polygon","properties":{"name":"Mine'","shapeGroup":"LCA","gid":"LCA-2-526"},"id":"LCA-2-526"},{"arcs":[[-1579,1581]],"type":"Polygon","properties":{"name":"La Gwen Ba","shapeGroup":"LCA","gid":"LCA-2-527"},"id":"LCA-2-527"},{"arcs":[[-370,-1581,1582,1583,-650]],"type":"Polygon","properties":{"name":"La Croix","shapeGroup":"LCA","gid":"LCA-2-528"},"id":"LCA-2-528"},{"arcs":[[-651,-1584,1584]],"type":"Polygon","properties":{"name":"L'Union","shapeGroup":"LCA","gid":"LCA-2-529"},"id":"LCA-2-529"},{"arcs":[[-368,-374,-568,-652,-1585,-1583,-1580,-1582,-1578]],"type":"Polygon","properties":{"name":"Pelouze","shapeGroup":"LCA","gid":"LCA-2-530"},"id":"LCA-2-530"},{"arcs":[[-1449,-1454,-1463,1585]],"type":"Polygon","properties":{"name":"Savannes","shapeGroup":"LCA","gid":"LCA-2-531"},"id":"LCA-2-531"},{"arcs":[[-1515,-1555,-1545,-1540,1586,1587]],"type":"Polygon","properties":{"name":"Beauchamp","shapeGroup":"LCA","gid":"LCA-2-532"},"id":"LCA-2-532"},{"arcs":[[-1422,-1475,-1505,1588,1589,1590,-1469,-1472]],"type":"Polygon","properties":{"name":"Blanchard","shapeGroup":"LCA","gid":"LCA-2-533"},"id":"LCA-2-533"},{"arcs":[[-1590,1591,1592,1593]],"type":"Polygon","properties":{"name":"Lezy","shapeGroup":"LCA","gid":"LCA-2-534"},"id":"LCA-2-534"},{"arcs":[[-1504,-1522,1594,-1592,-1589]],"type":"Polygon","properties":{"name":"Gouette","shapeGroup":"LCA","gid":"LCA-2-535"},"id":"LCA-2-535"},{"arcs":[[-1527,1595,1596,-1587,-1539,-1531,-1536,1597]],"type":"Polygon","properties":{"name":"Troumassee","shapeGroup":"LCA","gid":"LCA-2-536"},"id":"LCA-2-536"},{"arcs":[[-1521,-1525,1598,1599,1600,1601,-1593,-1595]],"type":"Polygon","properties":{"name":"Delomel","shapeGroup":"LCA","gid":"LCA-2-537"},"id":"LCA-2-537"},{"arcs":[[-1455,1602,1603,-1600,1604,1605,-1529,1606,-1464]],"type":"Polygon","properties":{"name":"Anse Ger","shapeGroup":"LCA","gid":"LCA-2-538"},"id":"LCA-2-538"},{"arcs":[[-1601,-1604,1607]],"type":"Polygon","properties":{"name":"En Mango","shapeGroup":"LCA","gid":"LCA-2-539"},"id":"LCA-2-539"},{"arcs":[[-1415,-1467,1608,-1470,-1591,-1594,-1602,-1608,-1603]],"type":"Polygon","properties":{"name":"Desruisseaux","shapeGroup":"LCA","gid":"LCA-2-540"},"id":"LCA-2-540"},{"arcs":[[-1427,-1471,-1609,-1466]],"type":"Polygon","properties":{"name":"London Road","shapeGroup":"LCA","gid":"LCA-2-541"},"id":"LCA-2-541"},{"arcs":[[-1524,1609,1610,-1605,-1599]],"type":"Polygon","properties":{"name":"L'Eau Mineau","shapeGroup":"LCA","gid":"LCA-2-542"},"id":"LCA-2-542"},{"arcs":[[-1516,-1588,-1597,1611,1612]],"type":"Polygon","properties":{"name":"Dugard","shapeGroup":"LCA","gid":"LCA-2-543"},"id":"LCA-2-543"},{"arcs":[[-1526,-1606,-1611,1613,-1612,-1596]],"type":"Polygon","properties":{"name":"Planard","shapeGroup":"LCA","gid":"LCA-2-544"},"id":"LCA-2-544"},{"arcs":[[-1517,-1613,-1614,-1610,-1523]],"type":"Polygon","properties":{"name":"Fond Dor/Dugard","shapeGroup":"LCA","gid":"LCA-2-545"},"id":"LCA-2-545"},{"arcs":[[-269,-1452,-365,1614,-1575,-1571]],"type":"Polygon","properties":{"name":"Mon Repos","shapeGroup":"LCA","gid":"LCA-2-546"},"id":"LCA-2-546"}]}}}