{"type":"Topology","arcs":[[[13995,2521],[66,28],[-50,35],[85,57]],[[14096,2641],[-17,-66],[27,-10],[114,47],[-45,75],[5,59],[50,25]],[[14230,2771],[133,-129]],[[14363,2642],[172,-155],[2,-27],[59,-50]],[[14596,2410],[-1,-63],[-107,-62],[-104,16],[-4,-45],[50,-10],[-30,-54]],[[14400,2192],[-31,15],[-64,-41],[-54,37],[-92,-2]],[[14159,2201],[-1,43],[-51,41],[-41,-19],[-163,171],[92,84]],[[14088,3358],[43,-2],[29,-60]],[[14160,3296],[-25,-92]],[[14135,3204],[-21,-31],[-13,-164]],[[14101,3009],[-69,-55],[-25,-58],[-83,59],[-108,-11]],[[13816,2944],[10,38],[-51,112],[5,140],[23,32]],[[13803,3266],[101,-31],[31,15],[58,-59],[23,80],[72,87]],[[8071,8184],[-91,1],[44,84],[-21,50],[41,40],[52,-16],[7,58],[38,41],[-37,54],[123,70]],[[8227,8566],[204,-144],[136,-2],[47,-28],[26,-46]],[[8640,8346],[-23,-66],[22,-134]],[[8639,8146],[-30,-8],[-25,-63],[-59,17],[-32,-61]],[[8493,8031],[-37,13],[-58,95],[-62,-15],[-36,-47],[-94,53],[-18,84],[-117,-30]],[[13164,4081],[-115,3],[-17,55],[-120,-12]],[[12912,4127],[33,116],[-17,38]],[[12928,4281],[277,402]],[[13205,4683],[2,-112],[145,-105],[48,-113],[-11,-78],[28,-82],[2,-125]],[[13419,4068],[-28,-27],[-41,50],[-86,22],[-13,-21],[-87,-11]],[[12854,4127],[16,-52],[-45,-95],[-63,-49],[-77,3],[-34,-23],[-71,8],[-60,-69],[27,-29],[-30,-53]],[[12517,3768],[-10,9],[-233,20],[-247,171]],[[12027,3968],[-4,127],[34,8]],[[12057,4103],[275,-8],[106,57],[96,0],[62,103],[64,12],[30,-18],[45,20],[-1,-75],[40,-33],[80,-34]],[[9433,5184],[70,-37],[8,42],[39,38],[46,84],[41,48],[98,3],[61,-111],[2,-56]],[[9798,5195],[-23,-49],[30,-75],[-33,-73],[79,-26],[79,-99],[-20,-30]],[[9910,4843],[-37,-50],[-50,2],[-117,-25]],[[9706,4770],[-36,25],[-108,23],[-92,77]],[[9470,4895],[68,48],[-39,91],[-54,35],[-24,62],[12,53]],[[3985,5901],[78,-65],[48,-4],[48,-69]],[[4159,5763],[31,-84],[-30,-47],[9,-53],[71,-16],[-15,-86]],[[4225,5477],[-89,-20],[-25,-40],[9,-53],[-19,-76]],[[4101,5288],[-28,-38],[-34,41],[-73,-21]],[[3966,5270],[-59,-3],[-31,48],[-134,64]],[[3742,5379],[-10,65],[18,56],[-45,10]],[[3705,5510],[27,-2],[28,68],[-21,42],[-26,147],[11,73]],[[3724,5838],[42,-7],[39,35]],[[3805,5866],[74,-8],[27,26],[79,17]],[[3983,5581],[11,-39],[45,-22],[49,68],[-4,89],[-102,-46],[1,-50]],[[15695,2625],[40,-49],[-2,-38],[48,-34],[56,-5]],[[15837,2499],[-4,-41],[60,-91],[-50,-115],[-48,-36]],[[15795,2216],[-46,-43],[-27,61],[-79,-35],[-7,-30],[-96,-35],[-25,20],[-77,-42],[-17,-42],[-52,67],[-75,-74],[-59,36],[-24,37]],[[15211,2136],[-9,11]],[[15202,2147],[23,37],[13,76],[39,9],[-7,55],[71,113]],[[15341,2437],[70,26],[38,-24],[44,61],[-2,78],[87,-11],[25,54],[92,4]],[[8431,4856],[117,-11],[45,-45]],[[8593,4800],[-25,4],[-18,-168],[-70,26],[-28,-108],[12,-15],[-85,-110]],[[8379,4429],[-83,-15]],[[8296,4414],[-45,49],[-100,27],[-42,86]],[[8109,4576],[93,59],[-9,117]],[[8193,4752],[92,87],[46,-40],[100,57]],[[12584,636],[-90,85],[-57,32]],[[12437,753],[24,15],[82,0],[46,41]],[[12589,809],[23,75],[44,73],[51,43],[50,17],[30,-21],[10,-114],[67,-46]],[[12864,836],[-4,-38],[28,-49],[14,-83],[-56,-64]],[[12846,602],[-81,7],[-33,23],[-55,-24],[-93,28]],[[6389,5261],[18,-39],[-377,-160],[-7,-102],[9,-55]],[[6032,4905],[-84,58],[-29,39],[-46,-40],[-21,42],[-202,-5]],[[5650,4999],[-26,162]],[[5624,5161],[124,-28],[122,-1],[28,52],[50,10],[21,-36],[78,4],[27,34],[76,-1],[40,31],[62,3],[10,89],[61,-28],[16,-45],[50,16]],[[6145,4175],[31,22]],[[6176,4197],[88,25],[25,-33],[47,-3],[-59,-92]],[[6277,4094],[-14,41],[-43,22],[-69,-10],[-6,28]],[[10041,7693],[53,49],[43,84],[47,32],[87,28]],[[10271,7886],[34,-70],[107,25],[26,-42],[22,-97],[-30,-58],[-90,-44],[-27,-41],[50,-130],[29,16],[91,-25]],[[10483,7420],[-38,-66]],[[10445,7354],[-159,-1]],[[10286,7353],[-26,24],[-95,12],[-23,54],[32,82],[-20,43],[-80,41],[-33,84]],[[13803,3266],[9,63],[42,60],[61,33],[-30,115]],[[13885,3537],[157,17],[52,-43]],[[14094,3511],[20,-93],[-26,-60]],[[12912,4127],[-22,-15]],[[12890,4112],[-36,15]],[[12057,4103],[35,36],[84,23],[50,27],[0,130],[-26,35],[2,70],[-50,48]],[[12152,4472],[51,53],[113,-30],[56,33],[75,74]],[[12447,4602],[43,37]],[[12490,4639],[69,-53],[4,-37],[59,16],[73,-2],[38,-76],[43,-45],[-1,-72],[37,-29],[116,-60]],[[10509,4493],[94,25],[-12,64],[51,76],[-12,62]],[[10630,4720],[39,-3],[78,-71],[14,-41],[53,-4]],[[10814,4601],[18,-35]],[[10832,4566],[24,-94],[-73,-86],[34,-41],[7,-97]],[[10824,4248],[-97,-65],[-100,25],[-36,-51],[-134,34],[-16,-46],[-60,-42]],[[10381,4103],[-49,-12],[4,60],[34,66],[-11,30]],[[10359,4247],[17,144],[-53,32]],[[10323,4423],[2,29],[122,-52],[48,37],[14,56]],[[8984,8727],[47,52],[150,12],[62,-82],[28,20],[-24,112],[-49,38]],[[9198,8879],[107,28]],[[9305,8907],[19,-39],[175,-137],[26,15]],[[9525,8746],[50,5],[8,-77],[-23,-37]],[[9560,8637],[-105,-91]],[[9455,8546],[-87,86],[-9,-36],[-70,-50],[-34,4],[-26,-72],[-40,-9]],[[9189,8469],[-41,53],[-15,76],[-76,74],[-36,-18],[-37,73]],[[15795,2216],[48,-34],[-59,-68],[-24,-85],[-50,-32],[56,-54],[7,-47]],[[15773,1896],[-86,-71],[-38,30],[-82,-26]],[[15567,1829],[-27,-7],[-95,65],[-87,-30],[-36,-49],[-73,23]],[[15249,1831],[-20,43],[32,82],[-31,9],[-14,64]],[[15216,2029],[-26,51],[21,56]],[[8144,5700],[-95,-14],[-19,12]],[[8030,5698],[-41,93],[-39,5]],[[7950,5796],[45,27],[-95,48],[-26,-33]],[[7874,5838],[3,46]],[[7877,5884],[96,62],[41,66],[209,-40]],[[8223,5972],[100,25],[54,52],[35,-22],[69,15],[10,-50]],[[8491,5992],[0,-2]],[[8491,5990],[3,-38]],[[8494,5952],[-77,-76],[38,-92],[-109,-80],[-94,-27],[-66,56],[-42,-33]],[[4598,3764],[22,-66],[36,4]],[[4656,3702],[16,-71],[42,14],[44,-57],[-37,-38],[9,-87]],[[4730,3463],[-55,-13],[-71,43],[-75,-39],[-15,-26]],[[4514,3428],[-28,3]],[[4486,3431],[-50,50],[-52,14],[-42,77],[-59,49]],[[4283,3621],[11,58],[64,-1],[23,46],[-16,51],[83,35],[30,-88],[120,42]],[[14922,1327],[43,29],[-61,45],[13,67]],[[14917,1468],[66,12],[-2,51],[35,8],[29,44]],[[15045,1583],[46,-9],[46,-55],[3,-56],[60,18]],[[15200,1481],[60,-49],[-51,-80],[1,-58],[-48,-52],[-92,-8]],[[15070,1234],[-45,1],[-103,92]],[[14336,714],[-80,-49],[-49,12],[-14,-36]],[[14193,641],[-49,58],[-114,69],[-45,-1]],[[13985,767],[17,68],[-39,60],[52,42],[54,69]],[[14069,1006],[54,7],[36,52],[124,-17],[24,54],[84,10],[60,-8]],[[14451,1104],[11,-62]],[[14462,1042],[-32,-83],[19,-40],[-38,-24],[-18,-55],[15,-64],[-44,-13],[-28,-49]],[[15413,4708],[72,19],[67,47],[26,-107],[-74,-40],[9,-78],[-60,-33],[-49,-92],[43,-78],[41,-22],[24,-51],[63,-32],[4,-51]],[[15579,4190],[-2,18],[-159,-9],[-4,112],[-77,5],[1,-80],[-36,-1]],[[15302,4235],[-31,-11],[-28,105],[-27,36],[-61,29]],[[15155,4394],[147,74],[-43,54],[-2,66],[91,8],[7,110],[58,2]],[[14351,3797],[-79,32]],[[14272,3829],[41,54],[17,72],[79,87],[48,35]],[[14457,4077],[44,-81],[37,44],[66,-22],[36,-33],[-1,-45],[65,-10],[-13,-58]],[[14691,3872],[-40,-73]],[[14651,3799],[-121,-30],[-12,103],[-140,-45],[-27,-30]],[[14400,2192],[62,-90],[-41,-75],[9,-39],[50,-16],[-15,-58],[32,-31]],[[14497,1883],[5,-43],[-48,-51]],[[14454,1789],[-68,-13],[-61,22],[-90,-10],[-46,12],[-36,-40],[27,-26],[-20,-61]],[[14160,1673],[-88,27],[-109,-21]],[[13963,1679],[-3,61],[-39,-9],[-41,49]],[[13880,1780],[19,53],[68,-1],[132,45],[45,60],[-15,90],[-78,75],[25,60]],[[14076,2162],[83,39]],[[12447,4602],[-30,36],[-52,-34],[-64,34],[25,64],[-106,116]],[[12220,4818],[163,253]],[[12383,5071],[67,92],[-27,23],[29,88]],[[12452,5274],[30,-57],[50,44],[88,52],[50,-2],[55,34]],[[12725,5345],[39,-23],[54,69],[46,26],[132,-43],[109,-1]],[[13105,5373],[102,-22],[20,-31],[-9,-71]],[[13218,5249],[-21,-55],[34,-41],[100,-40],[5,-134],[45,-52]],[[13381,4927],[9,-31],[-52,-67],[-54,-40]],[[13284,4789],[-66,77],[-72,-6],[5,41],[-28,70],[-47,18],[-112,-35],[-156,-13],[-6,11]],[[12802,4952],[24,37],[-10,65],[-55,18],[-20,-98]],[[12741,4974],[-50,-42],[-20,-87],[-35,-48],[-44,-17],[-102,-141]],[[3499,6785],[48,-20],[79,25],[75,56],[74,-53],[93,20]],[[3868,6813],[-9,-44],[26,-37],[-30,-36],[6,-42],[-41,-96],[71,-35]],[[3891,6523],[14,-27],[-71,-33],[-49,-6],[-83,-36]],[[3702,6421],[-19,21]],[[3683,6442],[-33,15],[-50,70]],[[3600,6527],[19,51],[-40,56],[-27,84],[-53,67]],[[490,2806],[32,-138],[-33,-7],[28,-131],[-30,-7],[8,-108],[-16,-32]],[[479,2383],[-27,-6],[-60,-117],[-59,17],[-25,-74],[17,-114],[-1,-90],[-63,10],[-37,199],[-29,70],[-3,138],[-150,-36]],[[42,2380],[10,140],[-4,73],[-28,158],[3,101],[44,219],[16,174]],[[83,3245],[26,56],[91,16]],[[200,3317],[8,3]],[[208,3320],[6,-255],[-47,-82],[-21,-132],[37,6],[91,-89],[76,19],[25,36],[115,-17]],[[1636,5265],[-41,48],[14,60],[-79,72],[-44,1],[-2,60],[-51,33],[28,81],[-63,10],[-119,94]],[[1279,5724],[82,83],[61,17],[79,81],[46,30],[79,-54],[28,63],[53,-48],[87,-26]],[[1794,5870],[47,-3],[-10,-83]],[[1831,5784],[-16,-45],[-38,3],[-54,-62],[22,-68],[52,1],[45,-31]],[[1842,5582],[-3,-42],[-42,-51],[-82,23],[24,-89],[32,-15],[-28,-74],[-47,-12],[-16,-45],[-44,-12]],[[12864,836],[22,14],[39,96],[80,26],[63,-105],[65,19]],[[13133,886],[44,-28],[6,-136],[-115,-54],[-47,-8],[29,-87],[7,-91],[-56,1],[-7,-33]],[[12994,450],[-66,27],[-64,-9],[-31,25],[32,63],[-19,46]],[[11589,7242],[-273,-126]],[[11316,7116],[-10,47],[-63,14],[-44,35],[-25,67],[-31,15]],[[11143,7294],[-13,77],[-37,23],[-21,53]],[[11072,7447],[11,38],[-32,55],[11,92]],[[11062,7632],[50,46],[105,30],[136,10],[56,-16]],[[11409,7702],[62,-59],[51,-130],[-27,-56],[32,-70],[83,-30],[7,-64],[-28,-51]],[[14330,4802],[3,-53],[-50,-61],[-62,45],[-44,-43],[-2,-116],[14,-24]],[[14189,4550],[-72,-9],[-75,41],[-96,-2]],[[13946,4580],[-136,5],[-46,86]],[[13764,4671],[50,26],[32,-21],[92,28],[39,59],[-9,45],[28,37]],[[13996,4845],[93,7],[62,-45],[60,-7],[71,83],[48,-81]],[[8071,8184],[-105,-30],[-71,48],[-57,-17],[-153,-16],[23,-231],[-10,-99],[24,-2],[-11,-93]],[[7711,7744],[-3,-35],[-144,6]],[[7564,7715],[-11,94],[20,95],[31,71],[-41,125],[-18,150],[-36,67],[4,132]],[[7513,8449],[10,-22],[75,-4],[-22,63],[31,102],[-70,68],[-31,79]],[[7506,8735],[-18,62],[4,79]],[[7492,8876],[22,-13]],[[7514,8863],[24,-97],[402,84],[87,-52],[116,54]],[[8143,8852],[50,-172]],[[8193,8680],[34,-114]],[[14193,641],[30,-65]],[[14223,576],[-38,-54],[-97,-38],[-41,-30],[-84,37],[-16,47],[-64,63],[-31,54],[-56,16],[-30,48],[-63,7],[-68,-32],[-8,-61],[-35,-11],[-69,18],[-80,-8],[-82,-57]],[[13361,575],[11,56],[2,169]],[[13374,800],[62,-2],[60,77],[80,28],[38,-77],[56,5],[29,57]],[[13699,888],[28,10],[51,-55]],[[13778,843],[3,-46],[66,-55],[92,3],[46,22]],[[1324,2844],[-50,91],[17,60]],[[1291,2995],[117,-28],[46,-55],[38,48],[23,-59],[-39,-13],[19,-53],[51,12],[13,36],[71,9],[42,79]],[[1672,2971],[36,-38],[36,24],[49,-37],[-63,-53],[-23,-56],[52,-52],[8,-39]],[[1767,2720],[-39,-31],[-35,-66],[-114,-10],[-83,51],[-83,1]],[[1413,2665],[-9,81],[-65,30],[-15,68]],[[5513,3196],[61,-15],[45,19],[161,-67],[33,9],[37,49]],[[5850,3191],[29,-56],[-28,-36],[63,-28],[-27,-49],[-55,-50],[75,-29],[29,-29]],[[5936,2914],[-19,-106]],[[5917,2808],[-120,-83],[-61,-27],[-76,16],[-65,49],[-94,16],[-46,77],[-58,28]],[[5397,2884],[32,23],[77,-1],[15,38],[56,52],[-68,97],[-15,73],[19,30]],[[12584,636],[14,-76],[-48,-80]],[[12550,480],[-61,23],[-34,46],[-67,-48],[-93,-33],[-8,-49],[-46,-26]],[[12241,393],[-54,4],[-26,60]],[[12161,457],[39,64],[85,75],[2,61]],[[12287,657],[6,31],[0,6],[19,14],[91,-13],[34,58]],[[2044,4635],[19,-54],[100,-13]],[[2163,4568],[21,-29],[45,-227]],[[2229,4312],[-63,-42],[-74,45],[-78,-49],[-20,-33],[-64,-22],[-10,-55]],[[1920,4156],[-33,-3],[-35,40],[-76,23],[40,38],[-3,76],[-49,3],[20,79],[-66,90],[-126,79]],[[1592,4581],[91,67],[89,-43],[24,-39],[90,-58],[42,35],[88,37],[28,55]],[[10001,6616],[29,69],[45,44],[37,-17],[74,7]],[[10186,6719],[20,-34],[99,-54],[-28,-48],[19,-50]],[[10296,6533],[-41,-97],[-67,-31],[25,-62]],[[10213,6343],[-104,-33],[-8,34],[-53,15],[30,108],[-17,74],[-49,14],[-11,61]],[[11844,2544],[4,49],[-66,74],[-12,50],[-41,36],[-66,29],[-17,49],[-36,-4]],[[11610,2827],[-4,4]],[[11606,2831],[13,71],[292,289],[37,-39]],[[11948,3152],[28,-21],[51,-107],[3,-54],[77,0],[43,22],[76,-63],[55,11]],[[12281,2940],[-34,-111],[77,-38],[1,-49]],[[12325,2742],[-14,-29],[-66,12],[-47,-12],[-91,13],[5,-34],[-45,-49]],[[12067,2643],[-20,26],[-49,-35],[15,-32],[-26,-76],[8,-38]],[[11995,2488],[-66,5],[-45,49],[-40,2]],[[7659,6628],[-16,123],[-1,127]],[[7642,6878],[54,-98],[-15,-134],[65,27]],[[7746,6673],[7,-62],[50,-36],[20,-159],[-82,-12],[-184,-208]],[[7557,6196],[-40,13]],[[7517,6209],[-17,35]],[[7500,6244],[110,155]],[[7610,6399],[37,31],[55,126],[-43,72]],[[7874,5838],[1,0]],[[7875,5838],[-73,-52],[-25,-38],[-62,-7],[-95,-40],[-67,-5],[-45,-45],[-23,-58],[-41,-43],[-136,61],[-21,112]],[[7287,5723],[23,67],[28,11],[1,63],[36,5],[92,53],[48,159],[-9,93],[11,35]],[[7557,6196],[62,-13],[79,24],[82,-16],[97,-307]],[[955,3350],[-27,29],[-64,11],[15,75]],[[879,3465],[81,3],[-4,133]],[[956,3601],[97,-29],[24,-43],[46,-5],[20,-67],[109,16],[-17,58],[-59,42],[6,38],[58,39],[-6,33]],[[1234,3683],[105,12],[24,-31]],[[1363,3664],[30,-57],[52,35],[54,-15],[47,50],[70,-30]],[[1616,3647],[-27,-54],[-48,-14],[-48,-129],[-51,-71],[28,-71],[-98,15],[-12,24],[-85,-37],[-88,32],[-29,-20]],[[1158,3322],[-32,12],[-27,53],[-70,43],[-74,-80]],[[15292,3058],[77,33],[13,95],[39,-12]],[[15421,3174],[87,-41],[118,-80]],[[15626,3053],[3,-95],[30,-57],[1,-69]],[[15660,2832],[-43,-27],[-36,24],[-100,-60],[-81,-78]],[[15400,2691],[-97,40]],[[15303,2731],[5,47],[-24,122],[34,68],[-32,20],[6,70]],[[9470,4895],[-49,-32],[-33,28],[-118,29],[-38,59],[-88,-11]],[[9144,4968],[-120,12]],[[9024,4980],[38,202]],[[9062,5182],[63,23],[122,4],[45,24]],[[9292,5233],[15,-22],[126,-27]],[[5101,3526],[38,-17],[44,-87]],[[5183,3422],[-42,-17],[32,-99],[67,-45],[-74,-53],[-137,51],[-47,-47]],[[4982,3212],[-68,11],[-24,-57]],[[4890,3166],[-70,23],[9,102],[-67,-16],[-32,85],[16,56]],[[4746,3416],[48,-15],[61,35],[97,14],[27,-15],[122,91]],[[13566,3314],[-4,-35],[-45,-28],[-14,-41],[-70,36],[-120,-45],[-34,23]],[[13279,3224],[29,81]],[[13308,3305],[22,81],[-10,118],[-58,4]],[[13262,3508],[19,12]],[[13281,3520],[50,23],[3,90],[125,8]],[[13459,3641],[-19,-69],[20,-27],[49,-182],[57,-49]],[[9292,5233],[-12,100],[-25,44],[31,21]],[[9286,5398],[25,-19],[90,87],[37,104],[89,-38],[10,35],[93,-4],[20,53],[79,6],[36,90]],[[9765,5712],[27,-42],[51,-3],[84,-67],[-29,-25],[18,-113],[52,-37]],[[9968,5425],[1,-23]],[[9969,5402],[29,-66],[-85,-126],[-67,-48],[-48,33]],[[10529,8453],[70,-34],[239,80]],[[10838,8499],[-32,-176],[70,2],[-9,-68]],[[10867,8257],[-83,-3],[-20,-96],[-24,-36],[-83,35]],[[10657,8157],[-75,-53],[55,-9]],[[10637,8095],[-82,-39]],[[10555,8056],[-77,5],[-57,-91]],[[10421,7970],[-67,-6],[-69,-55]],[[10285,7909],[10,52],[-158,59],[-47,63]],[[10090,8083],[44,34],[6,53]],[[10140,8170],[13,-14],[109,1],[79,13],[-13,73],[43,50],[-9,66],[142,27],[25,67]],[[4764,4737],[50,13],[111,-12]],[[4925,4738],[22,-60],[53,5]],[[5000,4683],[15,-41],[-62,-82],[26,-71],[-38,-22],[11,-83],[-37,-51],[-61,24],[-78,-72]],[[4776,4285],[-41,12],[-51,185],[-23,46],[-22,132]],[[4639,4660],[75,2],[50,75]],[[10585,5431],[-33,63]],[[10552,5494],[72,113],[68,57],[83,-34],[180,17]],[[10955,5647],[-10,-126],[80,-73],[-13,-57],[12,-62],[-82,-44]],[[10942,5285],[-97,-12],[-80,125],[-65,-32],[-53,-3],[-26,69],[-36,-1]],[[12383,5071],[-193,130],[79,128],[-100,35],[-62,-105],[-71,-27]],[[12036,5232],[8,55],[28,38],[-4,65],[-57,53],[-11,73],[31,45],[-19,54]],[[12012,5615],[116,41],[19,31],[74,7]],[[12221,5694],[30,-36],[84,-50]],[[12335,5608],[66,-80],[-4,-61],[55,-193]],[[12220,4818],[1,65],[-68,40],[-37,65],[-64,-15],[3,-108],[-90,16],[-75,0],[-61,-40],[-102,22]],[[11727,4863],[25,46],[-105,-8]],[[11647,4901],[-57,54],[-37,2],[36,136],[88,32]],[[11677,5125],[101,19],[29,50],[121,-53],[55,8],[-27,78],[80,5]],[[8193,4752],[-31,-51],[-111,47],[-59,-63]],[[7992,4685],[-86,-37]],[[7906,4648],[-37,4],[-63,57],[-4,36],[-73,48]],[[7729,4793],[-1,14]],[[7728,4807],[37,-3],[39,-51],[73,-67],[53,-11],[-1,85],[-25,31],[-75,26],[-8,-27],[-42,13],[-51,4]],[[7728,4807],[-7,34],[39,48],[-35,64],[1,56],[97,-27],[56,-64],[18,55],[-44,67]],[[7853,5040],[97,-1],[50,19],[28,-66],[73,-7],[269,45]],[[8370,5030],[-4,-85],[65,-58],[0,-31]],[[4101,5288],[36,-10],[-17,-80],[70,-20],[58,-72],[73,4]],[[4321,5110],[23,-125],[-43,-16],[59,-76],[11,-42]],[[4371,4851],[-96,-7],[-21,23],[-119,-39]],[[4135,4828],[-27,42],[-67,7],[-34,42],[-3,74],[-77,0],[-44,31],[5,48]],[[3888,5072],[53,100],[25,98]],[[12550,3215],[-40,-16],[3,-54],[-38,-8]],[[12475,3137],[-61,49],[21,55],[-4,83]],[[12431,3324],[126,9],[-14,51],[-34,12],[66,133],[1,23]],[[12576,3552],[197,24],[66,-11],[0,71]],[[12839,3636],[58,-18],[53,-47],[59,-18]],[[13009,3553],[10,-61],[-59,-12],[-51,-42]],[[12909,3438],[-41,-29],[-18,-50],[-46,-46],[6,-39]],[[12810,3274],[-55,12],[-79,-14],[-31,61],[-53,-15],[-42,-103]],[[12152,4472],[-35,-21],[-75,-5],[-89,-58],[-112,-25]],[[11841,4363],[-54,68],[73,61],[-40,15],[-129,10]],[[11691,4517],[-6,41],[-47,17],[5,45]],[[11643,4620],[11,38],[85,51],[-10,69]],[[11729,4778],[28,37],[-30,48]],[[5361,5620],[5,-40]],[[5366,5580],[-39,-31],[-80,-19],[-45,129],[-35,3],[-36,48],[-65,-13]],[[5066,5697],[-73,129],[1,33],[-137,112],[-39,-24],[-57,89],[-80,30]],[[4681,6066],[77,4],[36,67],[-13,72],[67,67],[-31,32],[-1,77],[-20,91]],[[4796,6476],[-43,206],[34,43],[65,13]],[[4852,6738],[32,-59],[15,-113],[28,-51],[-5,-114],[47,-93],[30,-97],[56,-105],[-19,-92],[18,-130],[64,-98],[76,-75],[59,-41],[108,-50]],[[3705,5510],[-105,16],[-40,-66],[-37,-4],[-52,50],[-47,10]],[[3424,5516],[-58,-32],[-66,34],[-137,-29],[-6,33]],[[3157,5522],[-15,63],[-38,-6],[1,93],[44,10],[-12,88]],[[3137,5770],[54,12],[135,-28],[-20,146]],[[3306,5900],[146,25],[32,35]],[[3484,5960],[45,33]],[[3529,5993],[67,-66],[128,-89]],[[3565,5610],[39,-54],[20,91],[-34,32],[-77,-1],[52,-68]],[[15249,1831],[-58,-91],[-3,-36],[-100,21],[-91,-29],[48,-113]],[[14917,1468],[-72,50],[31,47],[-5,67],[-74,19],[-64,45]],[[14733,1696],[1,66],[103,8]],[[14837,1770],[84,-11],[32,28],[-35,46],[-4,66],[48,4],[33,56],[63,13],[76,-38],[58,85],[24,10]],[[13778,843],[71,48],[-42,106],[-30,-3]],[[13777,994],[-3,8]],[[13774,1002],[117,47],[0,38],[80,2],[13,96]],[[13984,1185],[100,-36],[11,-105],[-26,-38]],[[879,3465],[-7,76],[-38,27],[-130,-41],[-64,-10]],[[640,3517],[37,48],[-26,61],[-6,86]],[[645,3712],[29,91],[23,11],[-46,121]],[[651,3935],[94,31],[41,58],[29,-77],[54,-77]],[[869,3870],[-7,-58],[10,-99],[84,-112]],[[9391,8208],[20,-81],[56,-8],[14,-56],[97,-78],[-11,-23],[28,-79]],[[9595,7883],[-47,-46],[-70,-19]],[[9478,7818],[-54,37],[-38,-8],[-2,66],[-25,61],[-55,6]],[[9304,7980],[-33,76],[-94,66]],[[9177,8122],[123,28],[47,50],[44,8]],[[1234,3683],[-69,46],[-32,42],[-19,85],[-81,48]],[[1033,3904],[73,47],[-39,31]],[[1067,3982],[64,34],[143,9],[71,35],[62,-70]],[[1407,3990],[-17,-31],[37,-42],[21,-65],[-5,-70],[27,-69],[-93,-26],[-14,-23]],[[15579,4190],[4,-29]],[[15583,4161],[-31,-54],[-55,-37],[-62,-15],[5,-83],[20,-80],[-18,-44],[14,-38]],[[15456,3810],[-46,-22],[-103,-13]],[[15307,3775],[-38,-2],[-125,-46],[-91,15],[-34,54]],[[15019,3796],[5,27],[59,62],[16,67],[121,-14],[58,7],[6,45]],[[15284,3990],[52,41],[-24,74],[25,26],[-35,104]],[[15284,3990],[-47,10],[6,42],[-15,89],[-129,-17],[-56,22],[-34,-29],[-87,-3],[0,-51],[-110,-20]],[[14812,4033],[1,50],[31,53],[-53,24],[18,48],[66,51],[20,56]],[[14895,4315],[102,4],[53,27],[78,7],[27,41]],[[3316,5103],[161,12],[-17,-72],[20,-75],[-57,-73],[-21,-53]],[[3402,4842],[-24,-58]],[[3378,4784],[-109,10],[-80,24],[-35,-32],[-14,-57],[-48,25],[-36,64]],[[3056,4818],[31,58],[-50,39],[-1,55],[-95,-7],[-46,20],[-7,52]],[[2888,5035],[70,23],[3,86],[111,-43],[15,-68],[113,-49],[74,-9],[-2,83],[44,45]],[[1407,3990],[40,18]],[[1447,4008],[77,-76],[49,38],[64,-48],[28,48],[33,2],[11,56],[80,-4],[17,61],[61,2],[43,-35]],[[1910,4052],[28,-53],[-41,-96],[-71,-17],[-18,-49],[35,-35],[19,-107]],[[1862,3695],[-18,-5]],[[1844,3690],[-71,3],[-79,-69],[-34,2]],[[1660,3626],[-44,21]],[[11691,4517],[-64,-4],[-33,-53],[-51,-12],[-20,-102],[-69,14],[-48,-21],[-47,-53],[-28,11]],[[11331,4297],[-29,1],[8,84],[-43,24],[-32,48],[-35,-12],[-53,29],[-22,67]],[[11125,4538],[63,64],[50,-3],[54,-43],[56,66],[80,48],[24,49]],[[11452,4719],[69,44]],[[11521,4763],[14,-56],[-22,-28],[1,-72],[94,49],[35,-36]],[[3378,4784],[2,-32],[-41,-90],[-7,-80],[-28,-23],[-10,-63]],[[3294,4496],[-81,-22],[-82,9],[-30,33],[-65,18],[-38,-58],[-87,-28],[-96,30]],[[2815,4478],[-11,53],[34,35],[-22,72]],[[2816,4638],[-9,70],[79,50],[86,3],[31,80],[53,-23]],[[4639,4660],[-63,-11],[-33,-34],[-114,-11],[-67,47]],[[4362,4651],[-38,39],[-1,72],[48,89]],[[4321,5110],[37,-11],[80,32],[75,-21],[10,-27]],[[4523,5083],[-8,-47],[21,-79],[50,-49],[41,39]],[[4627,4947],[108,-58],[18,-50],[-12,-37],[23,-65]],[[13537,6461],[123,-34],[111,-55]],[[13771,6372],[-52,-99],[-88,-89],[2,-32],[-74,-34],[-63,-140],[-97,-113]],[[13399,5865],[-28,-36]],[[13371,5829],[-122,118],[-39,60],[36,69]],[[13246,6076],[65,74],[1,151],[26,57],[46,30],[116,20],[37,53]],[[15341,2437],[9,32],[-60,128],[66,13],[44,81]],[[15660,2832],[43,-13],[16,-40],[58,-2],[5,-41],[39,-16],[4,-47],[-48,-23],[-58,3],[-24,-28]],[[10193,1996],[-35,18],[-62,-31],[-8,-54],[-54,-8],[-108,48],[-24,-39],[-37,55],[-86,-16]],[[9779,1969],[-3,24],[112,0],[2,51],[-36,53],[-23,132],[36,39]],[[9867,2268],[41,6],[39,-29],[46,43],[51,77],[47,-7]],[[10091,2358],[58,-57],[38,-64],[41,-3],[-5,-59],[76,-57],[-38,-62],[-68,-60]],[[13963,1679],[-70,-52],[-86,-13],[-35,-44],[50,-25],[-29,-61],[6,-38]],[[13799,1446],[1,-31],[-111,-92]],[[13689,1323],[-51,31]],[[13638,1354],[-45,49],[10,48],[-17,46],[62,85],[-1,47],[52,13],[-25,88]],[[13674,1730],[55,17]],[[13729,1747],[32,25],[119,8]],[[2229,4312],[-2,-81]],[[2227,4231],[-19,-108],[26,-56],[-23,-72],[-50,-40]],[[2161,3955],[-20,1],[-43,-104],[-38,-8],[-25,-84],[-126,-69],[-47,4]],[[1910,4052],[-20,30],[30,74]],[[9136,7500],[32,-54],[68,30]],[[9236,7476],[51,-69],[-24,-106],[61,-23]],[[9324,7278],[50,-67]],[[9374,7211],[-83,-36],[-15,-32],[-106,-8],[9,-75],[-11,-54],[-44,-100],[-11,-134]],[[9113,6772],[-82,31],[-25,45],[-70,74],[-33,138],[-46,-30],[-39,12],[-66,64],[-77,44]],[[8675,7150],[24,27]],[[8699,7177],[73,26],[108,95],[68,19],[41,82],[30,19],[68,-7],[49,89]],[[10213,6343],[27,-150],[-31,-10],[-8,-60]],[[10201,6123],[0,-51]],[[10201,6072],[-121,47],[-29,-24],[-58,19],[-44,-7]],[[9949,6107],[-18,75],[-65,49],[-23,-11],[-66,31]],[[9777,6251],[-22,71],[-27,29],[47,46],[-29,40],[-103,5],[19,77],[-55,105]],[[9607,6624],[34,40]],[[9641,6664],[108,32],[37,-19],[40,30],[48,-36],[127,-55]],[[8574,4322],[55,44],[13,115],[63,24]],[[8705,4505],[8,-73],[149,-55]],[[8862,4377],[-19,-5],[3,-94],[21,-50],[-63,-5],[31,-47],[3,-54],[-91,-35],[-35,13]],[[8712,4100],[-14,67],[-66,57]],[[8632,4224],[19,36],[-62,31],[-15,31]],[[14573,7242],[7,-54],[66,-42],[103,0],[45,-57],[103,-27],[46,-101]],[[14943,6961],[4,-164],[-32,-34],[-47,-1],[-32,-47],[-111,-13],[-3,-116],[-66,2],[-13,-78]],[[14643,6510],[-132,16],[-2,72],[-77,4],[1,-78],[-78,-1],[-50,-41],[-106,134]],[[14199,6616],[20,34],[63,23],[4,161],[-20,60],[-56,4],[46,100],[-69,24]],[[14187,7022],[11,66],[69,47],[21,-42],[70,72]],[[14358,7165],[7,47],[50,-5],[81,58],[77,-23]],[[10091,2358],[19,155],[-22,40]],[[10088,2553],[101,68],[139,-41],[50,-38],[-21,-50],[42,-72],[77,10]],[[10476,2430],[24,-141]],[[10500,2289],[-7,-105],[-76,-133],[-26,-120],[6,-42]],[[10397,1889],[-93,-2],[-81,22],[-30,87]],[[14828,5455],[57,-109],[-15,-51],[-68,7],[-52,-44],[-86,-6],[-105,-52],[23,-69],[-58,-69]],[[14524,5062],[-116,80],[20,27],[-19,88]],[[14409,5257],[56,93],[50,-27],[55,71],[2,58],[87,71]],[[14659,5523],[70,33],[26,-22],[77,-5],[-4,-74]],[[13816,2944],[-23,-74],[-38,-58]],[[13755,2812],[-72,-36],[-28,-44],[-56,13]],[[13599,2745],[-45,83],[-104,-39],[-47,-82]],[[13403,2707],[-44,32],[-3,53],[-40,38],[-49,111],[-89,68]],[[13178,3009],[-3,42],[56,25],[-6,79],[54,69]],[[13566,3314],[35,42],[35,-3],[1,-81],[49,-15],[92,28],[25,-19]],[[5361,5620],[112,-29],[135,-9],[38,-57],[45,-106],[63,-62]],[[5754,5357],[-115,-55],[-46,-7],[4,-61]],[[5597,5234],[-231,346]],[[9949,6107],[-19,-175],[-50,24],[-33,-29],[-52,42],[-33,-32]],[[9762,5937],[-45,36],[-133,20],[-48,78],[-97,-5],[-50,47]],[[9389,6113],[-56,34],[6,50]],[[9339,6197],[44,30],[59,-3],[6,46],[50,18],[85,-5],[43,17],[151,-49]],[[10251,4243],[41,-121],[-120,-135],[-46,-140],[-59,-22]],[[10067,3825],[-76,50],[-59,58],[-34,11],[-108,-46],[-119,-133]],[[9671,3765],[-9,-8]],[[9662,3757],[-40,195],[13,158],[-32,22],[-9,57]],[[9594,4189],[32,107]],[[9626,4296],[86,-1],[20,-28],[78,6],[2,-31],[68,-17],[116,18],[54,-50],[54,35],[147,15]],[[9973,4035],[-73,-16],[11,-64],[50,23],[12,57]],[[14916,6154],[41,8]],[[14957,6162],[22,-6],[76,-85],[-3,-90],[-54,-49],[-2,-63]],[[14996,5869],[-73,-93],[-119,58],[-39,-39],[-75,-27],[-42,8],[-90,-33]],[[14558,5743],[-85,79]],[[14473,5822],[-76,77]],[[14397,5899],[253,-2],[1,39],[49,21],[3,91],[68,77],[66,-11],[27,-25],[52,65]],[[5443,3360],[-30,85],[-8,81],[-43,81],[-38,-4]],[[5324,3603],[-59,59],[13,71],[-24,36],[-87,40]],[[5167,3809],[47,64]],[[5214,3873],[29,-17],[177,-43]],[[5420,3813],[138,-34],[45,8]],[[5603,3787],[9,-48],[-132,-26],[-3,-60],[101,-57],[-33,-57],[-1,-121],[-26,-31],[-75,-27]],[[5187,4272],[66,66],[45,85],[-90,90],[56,22],[92,114],[44,-60],[150,27],[62,60]],[[5612,4676],[39,18],[52,-228]],[[5703,4466],[-23,-58],[-110,-23],[-47,-31],[-64,-115]],[[5459,4239],[-123,-59]],[[5336,4180],[-60,5],[-89,87]],[[12281,2940],[62,4],[58,-60],[36,39],[19,70],[28,26],[-9,118]],[[12550,3215],[32,24],[38,-49],[66,-19],[57,-47],[138,-145],[-13,-15]],[[12868,2964],[-72,-22],[-91,-55],[-80,-109]],[[12625,2778],[-47,-38],[-79,-34],[-8,-29]],[[12491,2677],[-37,-14],[-64,70],[-65,9]],[[9595,7883],[84,-28]],[[9679,7855],[78,-79],[-1,-19],[70,-72]],[[9826,7685],[-23,-35],[-1,-58],[24,-39]],[[9826,7553],[-21,-62],[25,-49],[-15,-32],[41,-44],[-27,-23],[22,-81]],[[9851,7262],[-23,-61]],[[9828,7201],[-91,9],[-219,141],[-70,-3],[-18,44],[-99,-2],[-7,-112]],[[9236,7476],[0,37],[63,13],[46,112],[-5,48]],[[9340,7686],[100,-4],[3,78],[35,58]],[[6176,4197],[-76,61],[-4,108],[90,10]],[[6186,4376],[112,-47],[136,61],[97,-7],[30,19],[38,-84],[147,19],[-8,-25],[41,-54],[-17,-31],[26,-42]],[[6788,4185],[-150,-14],[-36,41],[-91,-57],[-56,-66],[44,-26],[1,-97],[-54,-75]],[[6446,3891],[-50,54],[-125,43]],[[6271,3988],[30,41],[-41,35],[17,30]],[[1958,4796],[-30,-16],[-74,29],[-42,38],[8,55],[37,22],[-126,74]],[[1731,4998],[-5,105]],[[1726,5103],[132,41],[-3,80],[80,11],[24,-16],[88,39],[15,24],[-41,60]],[[2021,5342],[57,60],[51,-33],[-1,-59]],[[2128,5310],[38,-11],[71,-75]],[[2237,5224],[-44,-3],[-11,-71],[-28,-57],[22,-70],[-5,-62]],[[2171,4961],[-72,58],[-34,-25],[15,-97],[-68,-68],[-54,-33]],[[10445,7354],[-22,-13],[19,-83]],[[10442,7258],[-30,-17],[-21,-68],[-66,-93],[-15,-80],[-151,-5]],[[10159,6995],[-41,13],[-24,80],[5,55],[-72,60],[-11,51]],[[10016,7254],[39,38],[55,0],[31,-85],[62,43],[-2,46],[85,57]],[[10814,4601],[-5,47],[36,20],[21,61],[60,-10],[45,27],[-12,60],[25,45],[89,14],[16,54],[67,60]],[[11156,4979],[93,-14],[60,-31],[16,-88],[102,-63],[25,-64]],[[11125,4538],[-57,69],[-73,-7],[-40,19],[-58,-10],[-65,-43]],[[13052,7812],[-9,23]],[[13043,7835],[61,39],[4,94],[49,23],[45,48],[43,1],[56,-74],[-13,-52],[191,7],[29,-31],[4,-60],[52,-7]],[[13564,7823],[-64,-67],[-38,-5],[7,-65],[-164,21]],[[13305,7707],[-108,-10],[-10,113],[-79,11],[-56,-9]],[[14446,6344],[63,94],[26,6]],[[14535,6444],[-2,-58],[-87,-42]],[[1279,5724],[-67,23]],[[1212,5747],[-61,59],[19,124]],[[1170,5930],[16,114],[-31,26],[-2,47],[84,11],[92,89]],[[1329,6217],[52,21],[106,18]],[[1487,6256],[51,7],[35,-75],[161,-54]],[[1734,6134],[44,-36],[1,-60],[-29,-48],[31,-30],[13,-90]],[[12532,1211],[-57,74],[-47,-52],[-111,12]],[[12317,1245],[97,54],[12,32],[61,14],[48,38]],[[12535,1383],[40,25]],[[12575,1408],[70,12],[15,22]],[[12660,1442],[42,-12],[64,35],[34,-4],[24,-67],[102,-38]],[[12926,1356],[-5,-107],[-43,-25]],[[12878,1224],[-94,4],[-70,-61],[-37,30],[-38,-17],[-107,31]],[[1487,6256],[-11,23],[41,61],[-28,61],[-50,15],[36,54],[-46,95],[-73,64],[19,31]],[[1375,6660],[114,9],[23,70],[89,-1],[94,-50],[47,-54],[62,11],[42,40],[210,35]],[[2056,6720],[31,-44],[-44,-36],[5,-75],[-58,-56],[-48,-152],[-70,-7],[-8,-52],[26,-133]],[[1890,6165],[14,-70],[-100,-19],[-25,39],[-45,19]],[[1689,6336],[-17,40],[-119,11],[19,-56],[42,19],[75,-14]],[[13381,4927],[143,15],[175,-60],[38,-39],[70,6],[58,127],[53,19],[18,42]],[[13936,5037],[42,-38],[24,-90],[-6,-64]],[[13764,4671],[-70,-38],[-35,32],[-67,-7],[-29,-48],[-108,8],[19,58],[-99,23],[-44,-17],[-88,64]],[[13243,4746],[41,43]],[[13729,1747],[-40,51],[8,131],[-50,60]],[[13647,1989],[-14,51]],[[13633,2040],[2,63],[32,34]],[[13667,2137],[38,10],[70,70],[25,-41],[97,3],[39,21],[47,-41],[93,3]],[[10898,2303],[1,55],[40,17],[14,40],[42,32],[78,7],[3,98],[21,4],[97,118],[110,61]],[[11304,2735],[9,-58],[72,-48],[38,-103],[51,-11],[37,-70]],[[11511,2445],[-21,-59],[-50,-33],[-74,-26],[-23,-40],[13,-77]],[[11356,2210],[-57,-11],[-7,40],[-82,88],[-98,-62],[-22,17],[-17,76],[-119,-19],[-56,-36]],[[3402,4842],[77,-59],[92,14],[71,-15],[17,-68],[54,7]],[[3713,4721],[15,-66]],[[3728,4655],[-35,-17],[-28,-60],[-8,-72],[-33,-27],[-8,-98]],[[3616,4381],[-145,-14],[-45,-26]],[[3426,4341],[-61,-3],[-35,43]],[[3330,4381],[-36,115]],[[10016,7254],[-39,-18],[-91,49],[-35,-23]],[[9826,7553],[58,2],[58,-73],[14,53],[50,88],[-17,37]],[[9989,7660],[52,33]],[[13178,3009],[-29,20],[-62,-71]],[[13087,2958],[-77,12]],[[13010,2970],[51,63],[-36,46],[-39,127],[-34,62],[-42,-18],[-100,24]],[[12909,3438],[71,-7],[5,-58],[81,13],[27,-66],[83,-18],[34,18],[98,-15]],[[4486,3431],[-74,-8],[-40,-68],[-74,12],[-76,-43]],[[4222,3324],[-22,36],[-118,-9],[-47,124],[-91,32]],[[3944,3507],[-3,155]],[[3941,3662],[45,-42],[39,19],[28,10],[2,1]],[[4055,3650],[87,13],[-8,-46],[44,-72],[27,73],[78,3]],[[3499,6785],[24,105],[-51,4],[0,53]],[[3472,6947],[46,25],[-14,101],[20,27]],[[3524,7100],[55,4],[41,-35],[33,77],[70,69],[34,-12],[38,-96],[58,-17],[64,8],[-10,64],[49,39],[23,103]],[[3979,7304],[140,-153],[32,-65]],[[4151,7086],[-44,-78],[-85,25],[-17,-65],[64,-82],[-39,-18],[-53,27],[-79,15],[-28,-48],[-2,-49]],[[3619,6926],[39,-10],[-13,88],[-63,-15],[5,-65],[32,2]],[[6715,2690],[-157,4],[-6,32],[-104,-1]],[[6448,2725],[12,33],[-5,116],[33,52]],[[6488,2926],[38,125],[-7,35],[91,9]],[[6610,3095],[12,-55],[70,-27],[-5,-53],[44,-15],[-20,-97],[-35,-5],[-11,-59],[50,-94]],[[2854,3512],[38,-73],[-2,-51],[42,-13],[86,-103],[35,-14]],[[3053,3258],[-3,-44],[-93,-64],[-82,99],[-100,-4],[2,-116],[-70,-27]],[[2707,3102],[-36,74],[-78,74],[-32,8],[-67,110]],[[2494,3368],[9,52],[89,36],[86,-50],[63,54],[0,64],[113,-12]],[[2237,5224],[83,15]],[[2320,5239],[48,-89],[38,-15],[21,-66],[29,-24],[16,-62],[-18,-43]],[[2454,4940],[-56,-33]],[[2398,4907],[-61,-11],[-166,65]],[[13774,1002],[50,159],[-5,41],[-69,-16],[-82,75]],[[13668,1261],[21,62]],[[13799,1446],[43,-1],[131,-40],[39,21],[75,-56]],[[14087,1370],[-11,-34],[54,-47],[-19,-33],[-96,-21],[-31,-50]],[[12218,6261],[-84,-64],[-20,-53],[-46,-30],[-85,1],[-76,-60],[-78,-34],[43,-40],[19,-36]],[[11891,5945],[-29,39],[-64,23]],[[11798,6007],[24,4],[32,82],[-24,75],[43,87],[-67,57],[-23,72],[27,55],[-86,35],[-9,59],[33,30]],[[11748,6563],[295,-93],[88,-21],[53,-29],[-3,-59],[37,-100]],[[3157,5522],[-69,2],[-102,-57],[-53,-2],[-21,-31],[-76,-6],[-90,-60],[-7,-66]],[[2739,5302],[-93,3],[-37,-16],[-26,39],[-46,-27],[-33,36],[8,43],[81,113],[-80,-8],[-15,89],[-22,9],[-30,197],[14,42],[56,27]],[[2516,5849],[42,5],[20,39],[136,23],[52,215],[4,72]],[[2770,6203],[92,-78],[-21,-74],[70,-82],[57,-31],[73,-3],[58,-34],[0,-94],[38,-37]],[[10500,2289],[41,25],[76,3]],[[10617,2317],[122,9],[82,-64],[28,19]],[[10849,2281],[94,-56]],[[10943,2225],[-30,-6],[-72,-83],[15,-157],[-6,-102],[-43,-39]],[[10807,1838],[-22,-10],[-47,60],[-32,0],[-56,63]],[[10650,1951],[19,20],[-57,69],[-40,-35],[51,-51]],[[10623,1954],[-43,-22],[1,-58],[-61,-124]],[[10520,1750],[1,76],[-51,43],[17,57],[-25,23],[-65,-60]],[[14354,5268],[-44,-63],[-89,-25],[-16,-24],[-88,1]],[[14117,5157],[-33,171],[-48,-63],[-57,13]],[[13979,5278],[-30,77],[114,47],[41,146],[54,48]],[[14158,5596],[66,24]],[[14224,5620],[108,-82],[80,-100],[10,-74],[-54,-50],[-14,-46]],[[7210,3049],[102,17]],[[7312,3066],[63,-1],[49,-76],[58,19],[85,-176]],[[7567,2832],[-40,-46],[-6,-76],[-59,-12],[-87,-119]],[[7375,2579],[-18,79],[-48,54],[20,59],[-32,66],[6,90],[-56,21]],[[7247,2948],[-7,67],[-30,34]],[[1329,6217],[-46,85],[39,80],[-49,50],[-16,66],[-103,-4],[-34,83],[-35,39],[-70,18]],[[1015,6634],[16,39],[58,66],[67,127],[31,35],[46,94]],[[1233,6995],[48,-38],[23,-60],[49,-6],[28,26]],[[1381,6917],[44,-36],[-2,-71],[-71,-15],[-8,-103],[31,-32]],[[4776,4285],[40,-76]],[[4816,4209],[-99,-33],[-49,16],[-72,-11]],[[4596,4181],[-40,94],[-62,-16],[-116,-8],[-73,10],[-66,-10],[-48,-29],[-4,-45],[-60,5]],[[4127,4182],[12,41],[-36,46],[60,9],[-20,87],[-5,139]],[[4138,4504],[42,27],[64,4],[86,32],[32,84]],[[13599,2745],[-3,-63],[16,-73],[37,-43],[68,-40],[-25,-24],[30,-87]],[[13722,2415],[-35,-39],[13,-52],[-16,-53],[-42,-2],[-28,-85],[53,-47]],[[13633,2040],[-89,6],[-29,24],[-2,52],[-40,53],[23,45],[-108,74],[-3,41],[64,67],[-115,136],[-45,1],[4,74]],[[13293,2613],[-19,44],[53,16],[46,-29],[30,63]],[[13771,6372],[70,14],[18,40],[56,-21],[34,73]],[[13949,6478],[71,-21]],[[14020,6457],[2,-153],[-27,-33],[55,-39],[8,-48],[86,-28],[36,-54]],[[14180,6102],[-82,-80]],[[14098,6022],[-59,-21]],[[14039,6001],[-124,-40]],[[13915,5961],[-121,-73],[-151,-9]],[[13643,5879],[-244,-14]],[[955,3350],[-15,-68],[53,-111],[38,-47],[35,-93]],[[1066,3031],[-119,-12],[-5,23],[-140,-1],[-1,39],[-192,-2]],[[609,3078],[-29,8],[-31,104],[-6,76],[33,65],[38,-36],[24,54],[-33,121],[35,47]],[[7711,7744],[113,12],[42,-40],[-9,-59],[123,-12],[5,-14]],[[7985,7631],[-51,-48],[42,-155],[70,-77],[-38,-78]],[[8008,7273],[-80,4],[-34,-22],[-20,-86],[-58,-53],[-90,-9],[-74,-27],[-21,14]],[[7631,7094],[-30,191],[-11,263],[-39,114],[13,53]],[[12535,1383],[-41,-13],[-98,102],[-66,165],[-83,-8],[-49,12],[-84,49]],[[12114,1690],[-24,58],[27,51]],[[12117,1799],[39,13],[70,-14],[86,72]],[[12312,1870],[108,3],[-23,70],[1,49],[30,33],[43,-39],[-16,-53],[66,-34],[55,-56]],[[12576,1843],[26,-61],[-34,-31],[44,-56],[-47,-41],[41,-65],[-42,-14],[11,-167]],[[4135,4828],[38,-77],[-20,-46],[-55,-28],[-35,-46]],[[4063,4631],[-80,8],[-133,-11],[-31,46],[-91,-19]],[[3713,4721],[-3,99],[58,14],[9,81],[28,128],[-8,44],[91,-15]],[[13218,5249],[78,35],[3,24],[194,-15],[-46,119],[99,-22],[58,42],[40,-52],[70,19],[-21,-131],[-33,-134],[103,-20],[79,40],[143,91],[-6,33]],[[14117,5157],[-48,-71],[-38,34],[-39,-53],[-56,-30]],[[9189,8469],[-31,-16],[-49,-118],[79,-73],[-45,-47]],[[9143,8215],[-100,22],[-49,37],[-40,-20],[-41,27],[-2,50],[-45,31],[-26,76]],[[8840,8438],[-12,31],[102,100],[18,61],[-50,50],[-48,-10],[13,76]],[[8863,8746],[32,30],[89,-49]],[[13722,2415],[64,-26],[-6,57],[53,38],[97,14],[65,23]],[[5936,2914],[-2,58],[42,76],[22,-1],[31,90],[19,-3],[19,186]],[[6067,3320],[109,-43],[40,90]],[[6216,3367],[18,-154],[-20,-19],[-2,-96],[-44,-27],[-35,-216]],[[6133,2855],[-43,-16],[-96,-7],[-77,-24]],[[11356,2210],[44,-120],[26,-156],[64,-65]],[[11490,1869],[28,-28],[-1,-58]],[[11517,1783],[-46,-55],[-26,55],[-54,-38],[-5,-65],[-45,-10],[-14,-49],[-36,-12]],[[11291,1609],[-43,62],[-48,37]],[[11200,1708],[5,64],[-60,28],[-69,76],[-14,138],[-108,29],[-32,105],[21,77]],[[10849,2281],[49,22]],[[13371,5829],[-24,-35],[-15,-92],[-61,-77],[-105,-32],[-69,-85]],[[13097,5508],[-91,0],[-71,337],[-48,84],[-54,44],[-42,61],[36,80]],[[12827,6114],[24,-35],[74,29],[10,28]],[[12935,6136],[116,47],[-26,67],[37,49]],[[13062,6299],[92,-102],[32,-49],[58,-3],[2,-69]],[[14409,5257],[-55,11]],[[14224,5620],[39,76],[148,3],[49,58],[13,65]],[[14558,5743],[37,-35],[55,11],[-29,-69],[15,-97],[23,-30]],[[9194,2414],[-101,8]],[[9093,2422],[-83,50],[-7,61],[-52,27],[-43,49],[-15,136],[7,89],[-59,52],[-45,105],[-45,71],[37,58],[-37,51]],[[8751,3171],[-24,53],[77,26],[-6,62],[24,38],[150,32]],[[8972,3382],[75,15]],[[9047,3397],[32,-154],[40,8],[50,-231],[72,15]],[[9241,3035],[15,-74],[-66,-64],[6,-26],[-60,-57],[-44,-66],[8,-69],[46,-63],[48,-31],[0,-171]],[[2826,7997],[-86,140]],[[2740,8137],[147,73],[339,181],[211,104],[127,48],[87,12],[-48,-120],[-23,-131],[1,-87]],[[3581,8217],[-53,-4],[6,-94],[-39,-3]],[[3495,8116],[-77,63],[-27,-4],[-90,71],[-92,-8],[35,-51],[-30,-32],[-39,95],[-40,-27],[-108,-22],[-199,-120],[36,-61],[-38,-23]],[[1186,5049],[-46,-59],[-14,-73],[-71,-5]],[[1055,4912],[1,-44],[37,-71],[-73,-48],[-91,5],[-5,-28]],[[924,4726],[-132,-18],[9,-68],[-66,-9],[25,-196],[-26,-76]],[[734,4359],[-59,43],[-42,-26]],[[633,4376],[-62,33],[-79,80],[4,49],[-106,105],[-119,39],[-68,-13]],[[203,4669],[-2,50],[27,74],[64,45],[56,64],[91,67]],[[439,4969],[47,-23],[95,-12],[10,74],[-92,-2]],[[499,5006],[128,98],[49,57],[51,90],[36,19],[63,70]],[[826,5340],[129,-79],[6,-72]],[[961,5189],[11,-46],[37,-31],[71,11],[5,-35],[80,-10],[21,-29]],[[11420,1281],[54,-30],[0,-56],[50,4],[18,-73]],[[11542,1126],[-36,-34],[-16,-74],[-50,-28],[-71,-14]],[[11369,976],[-80,134],[1,37],[-79,53],[-23,-17],[-57,77],[-164,63]],[[10967,1323],[95,40]],[[11062,1363],[84,60],[83,33]],[[11229,1456],[57,-108],[16,-76],[61,51],[57,-42]],[[14189,4550],[83,-30],[57,26],[165,-14]],[[14494,4532],[69,-119],[-19,-71],[-58,-31],[15,-79],[-8,-47]],[[14493,4185],[-50,44],[-186,-83],[-36,12],[-39,-49],[-39,0]],[[14143,4109],[-5,26],[-75,37]],[[14063,4172],[-89,80],[-43,183]],[[13931,4435],[29,124],[-14,21]],[[10947,3512],[-91,-16],[-49,-23]],[[10807,3473],[-148,51],[-4,62]],[[10655,3586],[-49,81],[-2,31],[49,95],[-5,63]],[[10648,3856],[56,-23]],[[10704,3833],[126,11],[94,57]],[[10924,3901],[15,-34],[-23,-86],[33,-47],[-5,-36],[55,-68],[-3,-97],[-49,-21]],[[12161,457],[-62,-31],[-57,43],[-17,146],[-59,42]],[[11966,657],[34,42],[46,-39],[53,27],[-8,38],[32,45],[-30,110],[36,63],[61,5]],[[12190,948],[84,-115],[-30,-67],[46,-62],[-3,-47]],[[9305,8907],[22,34],[-28,55],[4,81],[-35,71],[-24,-9],[-60,145]],[[9184,9284],[84,5]],[[9268,9289],[44,-61],[103,-68],[45,-91],[-5,-32]],[[9455,9037],[14,-43],[43,-7],[32,-39],[-24,-39],[20,-41],[-15,-122]],[[4627,4947],[35,76],[116,44],[-2,42],[40,51]],[[4816,5160],[79,-26]],[[4895,5134],[-15,-30],[55,-43],[37,-59],[-13,-63],[47,-39],[-44,-79],[-6,-63],[-31,-20]],[[14804,3066],[-51,-4],[-56,50],[-22,61],[-47,69],[14,65]],[[14642,3307],[5,19],[113,13],[84,26],[23,41]],[[14867,3406],[47,-28],[5,-62],[31,-18],[23,60],[47,-17]],[[15020,3341],[-36,-56],[1,-82],[-39,-34],[10,-56],[-65,2],[-30,20],[-58,-36],[1,-33]],[[11200,1708],[-56,-42],[-46,-63],[-48,-25],[-14,68],[-56,50],[-19,42],[-135,88]],[[10826,1826],[-19,12]],[[11908,7348],[50,-17],[19,49],[77,28],[45,-21],[78,-93],[9,-45],[52,-33]],[[12238,7216],[-7,-115]],[[12231,7101],[-4,-60],[46,-69],[-130,-16],[-5,-65],[-84,10],[13,-67],[64,44],[36,-84],[-194,-57],[-174,55]],[[11799,6792],[12,34]],[[11811,6826],[-11,106],[35,29]],[[11835,6961],[-7,85],[69,136],[-59,75],[22,46],[48,45]],[[4151,7086],[73,-37],[3,-44],[49,-40],[98,12],[21,68],[-12,65],[134,-63]],[[4517,7047],[54,-49],[-10,-58],[-182,-33],[-46,-32],[-10,-51]],[[4323,6824],[-49,-20],[31,-59],[-47,-51],[-266,-148],[-22,-30],[-79,7]],[[15421,3174],[50,32],[32,44]],[[15503,3250],[51,26],[53,65],[65,23],[-3,42]],[[15669,3406],[143,-47],[97,14]],[[15909,3373],[38,-75],[115,-152],[-27,-54],[10,-99]],[[16045,2993],[-97,15],[-62,-18]],[[15886,2990],[-35,-11]],[[15851,2979],[-56,-7],[-47,67],[-45,16],[-77,-2]],[[15020,3341],[48,25],[67,-18],[29,-82],[51,-34],[-78,-108]],[[15137,3124],[-39,-27],[-73,9],[-65,-39],[14,-69],[40,-37],[2,-42],[-48,-10],[-36,-36]],[[14932,2873],[-16,-9]],[[14916,2864],[-68,8],[-45,42],[-26,54],[27,98]],[[4598,3764],[-24,94],[31,45]],[[4605,3903],[-13,96],[-86,44],[-11,51],[83,17],[18,70]],[[4816,4209],[101,-36]],[[4917,4173],[-48,-108],[29,-7]],[[4898,4058],[-23,-60],[-85,-37],[31,-28],[-60,-63],[21,-34]],[[4782,3836],[-53,7],[-16,-37],[25,-60],[-82,-44]],[[1055,4912],[142,-12],[10,-68],[31,-58],[174,28]],[[1412,4802],[33,-33],[-16,-40],[88,-153],[58,4]],[[1575,4580],[26,-101],[-133,-46],[-10,-78],[12,-34]],[[1470,4321],[-88,7]],[[1382,4328],[2,52],[-86,28],[-71,-52]],[[1227,4356],[28,50],[-30,42],[-56,-9],[-63,36],[-58,99],[-54,-15],[-42,-46],[-28,213]],[[1498,4216],[17,-50],[-58,1]],[[1457,4167],[1,49]],[[1458,4216],[40,0]],[[15019,3796],[-56,19],[-40,49],[-31,-25],[-74,52],[-54,-1]],[[14764,3890],[27,111],[21,32]],[[12027,3968],[-46,-119],[-45,-52],[-95,-49]],[[11841,3748],[-22,91],[-40,40]],[[11779,3879],[-41,35],[12,100],[26,25],[6,165],[68,39],[26,51],[-35,69]],[[4063,4631],[27,-71],[48,-56]],[[4127,4182],[-37,3]],[[4090,4185],[-72,35],[-88,15],[-110,-24],[-22,-18]],[[3798,4193],[-113,9],[-78,62],[9,117]],[[4159,5763],[108,20],[13,46],[72,38]],[[4352,5867],[64,-3],[82,29],[83,-64],[11,-39]],[[4592,5790],[-29,-56],[-36,-2],[39,-104],[-56,-34],[-49,0],[-53,-58],[77,-78]],[[4485,5458],[-7,-37]],[[4478,5421],[-62,-8],[-8,-52],[-117,37],[-11,63],[-55,16]],[[7375,2579],[6,-10]],[[7381,2569],[10,-61],[-72,-36],[-39,4],[-87,-44],[-54,-67],[-50,12]],[[7089,2377],[5,121],[-5,131],[8,60],[-21,61],[35,60],[42,-8],[66,22],[-28,62],[55,61]],[[7246,2947],[1,1]],[[4982,3212],[78,-40],[-8,-48],[91,-5],[5,-74],[121,67]],[[5269,3112],[-25,-53],[-34,-17],[-24,-86],[-69,-24],[-43,-38],[6,-36]],[[5080,2858],[-118,-8]],[[4962,2850],[-33,21],[-24,72],[-92,82]],[[4813,3025],[41,69],[47,20],[-11,52]],[[7906,4648],[27,-34],[21,-119],[-28,-55]],[[7926,4440],[-76,20],[-66,56],[-112,49],[-63,0],[-42,31]],[[7567,4596],[-6,50],[-67,32],[6,86]],[[7500,4764],[2,26],[146,-25],[81,28]],[[8491,5990],[86,0],[82,31],[88,0],[-2,72],[-80,73],[7,23]],[[8672,6189],[59,35],[-8,49],[30,65]],[[8753,6338],[56,1],[100,-105],[20,-60],[-18,-72],[25,-46],[-37,-25],[53,-74]],[[8952,5957],[-42,-103],[31,-58],[-16,-35]],[[8925,5761],[-164,23],[-20,42],[-65,6]],[[8676,5832],[-16,56],[-92,92],[-74,-28]],[[9304,7980],[1,-57],[-28,-49],[44,-54],[-38,-52],[-11,-71],[68,-11]],[[9136,7500],[33,27],[-76,50],[-35,96],[-73,109],[-137,-24],[-66,-29],[-40,48]],[[8742,7777],[-10,71],[25,17],[-20,63],[13,35]],[[8750,7963],[60,-2],[72,28],[38,78],[74,-4],[66,-62],[72,47],[-61,78],[100,2]],[[9171,8128],[6,-6]],[[5101,3526],[8,64],[-38,47],[1,72],[-50,17],[0,-65],[-104,4],[-28,15],[60,111],[-44,50],[-124,-5]],[[4898,4058],[68,-22],[126,-66]],[[5092,3970],[34,-77],[13,-75],[28,-9]],[[5324,3603],[-5,-67],[-90,-98],[-46,-16]],[[10201,6123],[177,38],[114,10],[10,-61],[53,-3],[27,25],[74,10]],[[10656,6142],[36,-24],[-14,-65],[73,-67]],[[10751,5986],[-53,-61],[-52,-20],[-37,-57],[-28,20],[-53,-39],[-59,17]],[[10469,5846],[-68,16],[-42,-27],[-82,61]],[[10277,5896],[-7,52],[-99,-4],[-32,25],[40,44],[22,59]],[[3979,7304],[-38,27],[-93,-82],[-56,66],[81,81],[-58,64],[-58,-5],[7,78],[-91,-21]],[[3673,7512],[-55,216],[10,73],[-13,45],[47,13],[-77,154],[-54,0],[-2,73],[-34,30]],[[3581,8217],[22,-128],[42,-121],[44,-83],[65,-88],[77,-83],[90,-72],[172,-110],[92,-71],[94,-147],[43,-49],[8,-42],[77,-85],[121,-71]],[[4528,7067],[-11,-20]],[[8699,7177],[-67,92],[37,29],[3,43],[-55,36],[-49,7],[-167,-24],[14,40],[12,144]],[[8427,7544],[-11,41],[-46,-4]],[[8370,7581],[41,75],[66,-19],[133,-15],[78,21],[14,34],[-11,94],[51,6]],[[14943,6961],[147,-66],[49,-45],[-13,-49],[19,-46],[94,11],[53,-81]],[[15292,6685],[-67,-7],[7,-51],[-101,32],[1,-45],[-34,-19],[-11,-76],[-32,-41]],[[15055,6478],[-1,101],[-35,0],[-30,-63],[-140,-4],[-66,-47],[-156,-27],[1,27]],[[14628,6465],[15,45]],[[11948,3152],[51,39]],[[11999,3191],[49,7],[115,87],[14,37],[52,45],[176,1],[26,-44]],[[11995,2488],[31,-56],[45,-42],[-1,-60],[83,-57],[10,-37],[159,-110],[148,-48],[39,-49]],[[12509,2029],[35,-68],[73,-53]],[[12617,1908],[-41,-65]],[[12312,1870],[-19,155],[-92,103],[-74,-73],[-125,135],[-76,-73]],[[11926,2117],[-46,118],[11,48],[-47,261]],[[10359,4247],[-108,-4]],[[9626,4296],[-24,36],[-68,-2],[41,61]],[[9575,4391],[75,71],[53,4]],[[9703,4466],[60,6],[77,-26],[61,62]],[[9901,4508],[88,-40],[118,0],[63,-15],[45,-37],[108,7]],[[14363,2642],[171,170],[23,-5],[69,49]],[[14626,2856],[21,-46],[75,14],[30,-16],[129,28],[35,28]],[[14932,2873],[23,-47],[-23,-25],[3,-112],[77,-83],[-14,-50]],[[14998,2556],[-76,-83],[17,-65],[27,-15],[-65,-66]],[[14901,2327],[-38,48],[-54,-37],[-111,-8]],[[14698,2330],[-66,6],[-5,51],[-31,23]],[[8493,8031],[-16,-69],[-48,-14],[-38,-59],[-45,-1],[-36,-76],[-43,-12]],[[8267,7800],[-52,23],[-13,-65],[-114,-55],[-28,-68],[-75,-4]],[[4323,6824],[46,-29],[14,-87],[67,9],[12,-90]],[[4462,6627],[-45,-25],[-19,-41],[48,-59],[34,-299],[-22,-29]],[[4458,6174],[-6,35],[-53,17],[-40,114],[-116,-35],[0,36],[-97,34],[-52,-9],[-38,-95],[-5,-64],[68,-59]],[[4119,6148],[-105,-5],[-5,-36],[-78,5]],[[3931,6112],[-7,87],[-50,-11],[-63,88],[-39,30],[-16,81],[-54,34]],[[14895,4315],[-38,71],[-46,-23],[-21,37],[-52,7]],[[14738,4407],[134,176]],[[14872,4583],[37,-29],[14,-56],[53,64],[-76,58]],[[14900,4620],[119,157],[6,61]],[[15025,4838],[84,39],[120,16],[64,52],[57,-8],[-8,-41],[63,-121],[8,-67]],[[10271,7886],[14,23]],[[10421,7970],[59,24],[45,-15]],[[10525,7979],[34,-76],[79,-67],[18,-55],[93,-69],[-22,-36],[-93,7],[-10,-48],[87,-77],[83,53],[41,-34],[-79,-90],[-57,-19]],[[10699,7468],[-6,-3]],[[10693,7465],[-68,27],[-32,-44],[-50,5],[-60,-33]],[[10543,7084],[53,9],[96,-11],[89,77]],[[10781,7159],[65,-29],[47,17]],[[10893,7147],[59,-29]],[[10952,7118],[30,-111],[-32,-20],[-49,-79],[-66,-7],[-89,-82],[11,-25],[-69,-33],[-29,23]],[[10659,6784],[-82,90],[-16,79],[-64,75],[-9,42],[55,14]],[[9901,4508],[29,-8],[91,78],[70,104]],[[10091,4682],[105,-61],[47,32],[70,0],[89,-60],[61,-24],[-3,-50],[49,-26]],[[12335,5608],[39,11],[51,57],[40,-2],[49,-55],[38,46],[78,-32],[10,-42]],[[12640,5591],[39,-111],[40,5],[-7,-67],[13,-73]],[[7467,5310],[39,-9],[67,-50]],[[7573,5251],[6,-63],[120,2],[2,-69]],[[7701,5121],[-131,-20],[-54,-79],[-34,24],[33,50],[-88,18],[-98,-5],[-18,-61],[40,-89],[6,-52]],[[7357,4907],[-66,52],[-25,64],[8,100],[-9,60],[44,76],[76,-3],[82,54]],[[6032,4905],[75,-56],[16,-98],[52,-70],[68,-55]],[[6243,4626],[-38,-126],[22,1],[-41,-125]],[[6145,4175],[-69,-19]],[[6076,4156],[-60,63],[-10,45],[-38,24],[47,65],[-60,43],[0,50]],[[5955,4446],[4,42],[-44,109],[-25,33],[-57,15],[-52,-80],[4,-27]],[[5785,4538],[-23,-76],[-59,4]],[[5612,4676],[-48,292]],[[5564,4968],[86,31]],[[5000,4683],[114,46],[74,-19],[38,48],[101,28],[9,142],[228,40]],[[5187,4272],[-50,-34],[-69,54],[-87,13],[-47,-63],[21,-31],[-38,-38]],[[12640,5591],[22,74],[49,26],[34,47],[-86,50],[-68,74],[-36,73]],[[12555,5935],[71,117],[70,14],[-12,65],[51,57]],[[12735,6188],[92,-74]],[[13097,5508],[37,-67],[-29,-68]],[[13638,1354],[-56,-18],[-56,20],[-28,-33],[-63,-23],[-92,81]],[[13343,1381],[-12,58],[-35,35],[54,116]],[[13350,1590],[54,2],[122,82],[40,56],[51,23],[57,-23]],[[1844,3690],[-9,-69],[55,-53],[-20,-38],[84,-49],[63,-5],[73,19],[10,-75],[42,1],[89,41],[-4,-42]],[[2227,3420],[-45,-62],[32,-39],[-10,-51]],[[2204,3268],[-59,-80],[-104,61],[-92,-25],[-132,36],[-33,35],[-101,-5]],[[1683,3290],[39,57],[-71,76],[30,37],[-7,63],[-25,34],[11,69]],[[7963,3136],[46,8],[53,-70],[68,-46],[90,-3],[34,32]],[[8254,3057],[8,-69],[38,-29]],[[8300,2959],[11,-34],[-37,-45],[-131,-3],[-9,-117],[-107,-98]],[[8027,2662],[-100,21],[-28,-54],[-74,46]],[[7825,2675],[-42,70],[102,38],[25,57],[-141,43],[-11,55],[83,49],[92,23],[30,126]],[[15583,4161],[35,1],[40,-67],[-3,-146],[62,-118],[8,-72],[38,-19],[142,-13],[44,-45],[-18,-93],[-78,-40],[-8,-107],[64,10],[25,-31],[-25,-48]],[[15669,3406],[-26,36],[-70,35],[-55,67],[36,72],[-127,79],[30,44],[-1,71]],[[7500,4764],[-107,-56],[-41,48],[-79,1],[-20,49],[-65,66],[-15,39],[34,44]],[[7207,4955],[127,-89],[23,41]],[[7701,5121],[47,-2],[23,-57],[82,-22]],[[7457,4896],[-19,-32],[83,-50],[62,35],[51,-14],[12,41],[-109,52],[-69,64],[-37,-52],[26,-44]],[[13537,6461],[-19,48],[62,16],[2,40],[-65,7],[-103,72],[-27,38]],[[13387,6682],[15,23],[96,16],[106,150]],[[13604,6871],[59,-61],[-9,-45],[90,-30],[23,-34],[-30,-73],[60,-21]],[[13797,6607],[152,-129]],[[8171,3472],[-80,-33],[-70,-4],[-35,-32],[-48,14],[-33,-36],[-47,-10]],[[7858,3371],[-96,-62],[-26,-1]],[[7736,3308],[19,43],[-41,40],[-7,71],[-68,13],[-6,61]],[[7633,3536],[-2,34]],[[7631,3570],[42,2],[54,63],[32,-45],[48,-21],[43,14],[78,-8],[122,10],[32,-41],[84,-5]],[[8166,3539],[5,-67]],[[1636,5265],[-5,-67]],[[1631,5198],[-76,-4],[-28,-45],[-35,12],[-17,-67],[-76,24],[-40,-14],[-38,-84],[-45,-24],[-90,53]],[[961,5189],[147,28],[-12,64],[64,13],[-42,233],[64,12],[-25,132],[67,13],[-12,63]],[[8675,7150],[-81,-2],[-49,51],[-55,-25],[112,-63],[35,-94]],[[8637,7017],[-192,15],[0,64],[-23,22],[-48,-65],[-71,-20]],[[8303,7033],[-178,17]],[[8125,7050],[-23,27],[3,72],[-46,100],[-51,24]],[[8267,7800],[33,-53],[19,-129]],[[8319,7618],[-37,-59],[9,-95],[38,-26],[14,63],[44,39],[40,4]],[[13009,3553],[124,77],[3,61],[-38,29],[-18,97],[96,52],[56,56]],[[13232,3925],[10,-66],[38,-48],[132,12],[61,-93]],[[13473,3730],[-14,-89]],[[13281,3520],[-7,110],[-59,-28],[-4,-59],[51,-35]],[[13755,2812],[78,-30],[132,-16],[69,-86],[62,-39]],[[9828,7201],[29,-74],[-40,-47],[14,-48]],[[9831,7032],[-27,-16],[-49,35],[-54,68],[-92,-58],[-37,13],[-39,75],[-68,33],[-8,-50],[-67,18],[-16,61]],[[11143,7294],[-119,-86]],[[11024,7208],[-89,-29],[-42,-32]],[[10781,7159],[-15,184],[-52,22],[-21,100]],[[10699,7468],[100,-19],[125,13],[68,-78],[59,16],[21,47]],[[5066,5697],[-13,-48],[-42,-26],[1,-36],[-59,-39],[-39,-92],[4,-42],[-50,-9]],[[4868,5405],[-31,71],[12,37],[-37,42],[-64,-32],[-72,55],[-59,-26],[-18,-63],[-51,15],[-63,-46]],[[4592,5790],[143,82],[28,35],[-66,66],[-35,60],[19,33]],[[4478,5421],[116,-51],[9,-71],[-60,0],[-29,-89],[35,-62],[-26,-65]],[[2320,5239],[-23,85],[-32,35],[-56,11],[19,45]],[[2228,5415],[26,89],[-75,42],[8,28],[-47,43],[-32,110],[-41,91]],[[2067,5818],[23,30],[72,-5],[40,-21],[106,68]],[[2308,5890],[45,9],[120,-43]],[[2473,5856],[43,-7]],[[2739,5302],[11,-70],[25,-29],[82,-4],[-12,-78]],[[2845,5121],[-37,-43],[-37,36],[-85,-27],[-36,-64],[-48,-26],[0,-69],[-89,-4],[-59,16]],[[9831,7032],[-54,-73]],[[9777,6959],[-18,-47],[-48,26],[-128,9],[-91,-31],[-21,-87]],[[9471,6829],[-18,-26],[14,-81],[-25,-63]],[[9442,6659],[-14,-37],[-67,-73],[-80,39],[-73,-16],[-39,-51]],[[9169,6521],[35,94],[-14,36],[-63,4],[-14,117]],[[3798,4193],[-6,-29],[-69,-59],[12,-87],[-33,-103]],[[3702,3915],[-22,-25],[1,-78],[-37,-3],[-39,-72],[-58,43],[8,37]],[[3555,3817],[-4,141],[-38,-28],[-68,56]],[[3445,3986],[2,129]],[[3447,4115],[-19,47],[22,42],[-1,77],[-23,60]],[[3548,4164],[11,-57],[-16,-50],[57,-17],[26,48],[-50,41],[35,73],[-57,-4],[-6,-34]],[[7736,3308],[9,-70],[-227,-6],[-83,57],[-25,-34]],[[7410,3255],[-51,98],[-2,63],[-46,17]],[[7311,3433],[-11,22],[84,87],[158,8],[24,36],[67,-50]],[[3673,7512],[-78,-25]],[[3595,7487],[-73,-22],[3,47],[-75,-21],[-27,-117],[-80,-59],[-1,-93],[-15,-81],[-50,-1]],[[3277,7140],[-43,25],[-81,-6],[-1,-34],[-45,-36],[-62,-4],[-20,67],[-54,30],[7,33],[-98,-10],[-54,-32],[22,-64]],[[2848,7109],[-92,-45],[-157,28],[-124,91]],[[2475,7183],[118,31],[105,73],[-31,90],[65,5],[22,45],[86,66],[91,12],[-22,90],[-8,126],[-48,80],[-5,102],[26,13],[-48,81]],[[3944,3507],[-34,-30],[25,-53],[-23,-59],[-29,-1]],[[3883,3364],[-41,-2],[-21,39],[-75,-10],[-60,-67],[-34,29],[-56,-115]],[[3596,3238],[-51,41],[-53,15]],[[3492,3294],[42,26],[-29,78],[-40,-24],[-51,86],[-62,36],[7,123]],[[3359,3619],[-15,100],[-40,25],[25,44],[93,66],[38,55],[95,-92]],[[3702,3915],[38,-27],[40,18],[46,-14],[63,-93],[1,-33],[51,-104]],[[3742,5379],[-34,-49],[-135,-38],[-45,2],[-66,-37],[-93,-32],[-26,-44],[-45,-27]],[[3298,5154],[-2,51],[49,130],[33,20],[5,55],[37,53],[4,53]],[[13628,3959],[104,-79]],[[13732,3880],[-7,-59],[100,-24],[11,-49],[-16,-129],[10,-58]],[[13830,3561],[-82,26],[-79,0],[-69,48],[-57,15],[-29,71]],[[13514,3721],[26,52],[65,75],[-2,52],[25,59]],[[9241,3035],[43,14],[342,-55]],[[9626,2994],[31,-56],[-33,-50],[2,-92],[24,-60],[-13,-45],[146,13]],[[9783,2704],[6,-54],[-58,-8],[-57,-38],[-31,-69],[17,-31]],[[9660,2504],[5,-39],[-63,5],[6,39],[-148,28],[-13,-67],[-50,-93]],[[9397,2377],[-50,22],[-95,19],[-58,-4]],[[13133,886],[3,63],[81,53],[43,-44]],[[13260,958],[-11,-74],[8,-69],[117,-15]],[[13361,575],[-58,-69],[-12,-43],[-59,2],[-48,-128],[5,-21],[-57,-71],[-3,-63]],[[13129,182],[-92,12],[-42,53],[-62,111],[74,48],[-13,44]],[[7210,3049],[-68,-3],[-41,-60]],[[7101,2986],[-44,6]],[[7057,2992],[39,129],[8,74],[-40,20],[-31,64],[59,58],[-20,86],[-59,82],[8,20]],[[7021,3525],[112,-3],[25,-58],[58,-2],[41,-38],[54,9]],[[7410,3255],[9,-35],[-30,-63],[-80,-54],[3,-37]],[[13473,3730],[41,-9]],[[13830,3561],[55,-24]],[[7287,5723],[-38,23],[-163,-78]],[[7086,5668],[-38,89],[-37,37]],[[7011,5794],[165,122],[80,81],[73,97],[85,64],[86,86]],[[9641,6664],[36,69],[-23,31],[-89,-3],[-94,68]],[[9777,6959],[48,-84],[-10,-30],[58,-36],[33,21],[61,75],[128,5]],[[10095,6910],[9,-29],[83,-68],[-1,-94]],[[9455,8546],[3,-170],[-61,-84],[-6,-84]],[[9171,8128],[-28,87]],[[2707,3102],[60,-25]],[[2767,3077],[-94,-19],[-90,52],[-89,-39],[-89,-22],[-56,32],[-68,-78],[-20,-44]],[[2261,2959],[-36,10],[-30,87],[60,39],[67,12],[9,54],[-32,41],[-67,29],[-28,37]],[[2227,3420],[59,-10],[53,36],[36,-53],[63,28]],[[2438,3421],[56,-53]],[[11331,4297],[-83,-147],[14,-44],[-63,-8],[-51,-31]],[[11148,4067],[-54,-29],[-3,-42],[-51,-30]],[[11040,3966],[0,49],[-47,11],[-3,44],[56,14],[27,48],[-73,67],[-64,-15],[-68,27],[-44,37]],[[13164,4081],[40,-42],[-18,-55],[46,-59]],[[12839,3636],[-32,45],[4,74]],[[12811,3755],[136,79],[-29,29]],[[12918,3863],[-16,78],[39,55],[-33,35],[-18,81]],[[10159,6995],[-64,-85]],[[4222,3324],[-9,-63],[26,-45],[38,4]],[[4277,3220],[45,-43],[33,38]],[[4355,3215],[32,-25],[90,-5],[7,67],[69,-46]],[[4553,3206],[22,-44],[-10,-51],[-36,-24],[19,-66]],[[4548,3021],[-23,-18]],[[4525,3003],[-49,-2],[-19,33],[-62,4],[-10,-50],[-36,-14]],[[4349,2974],[-53,7],[-35,-40],[-48,36],[-69,9],[-45,50],[-56,25],[-118,13]],[[3925,3074],[29,152],[27,37],[-27,57],[-64,-1],[-7,45]],[[9671,3765],[29,-35],[-17,-91],[1,-86],[-40,-26]],[[9644,3527],[-22,71],[-105,-15],[-41,-18],[-19,68],[-30,2],[-2,-90],[-104,-66],[-195,93],[-118,17]],[[9008,3589],[-82,13],[-26,126]],[[8900,3728],[176,38]],[[9076,3766],[-6,-32],[93,11],[26,56]],[[9189,3801],[20,83]],[[9209,3884],[48,-7]],[[9257,3877],[41,-19],[51,-61],[79,-33]],[[9428,3764],[21,-56],[55,-26],[75,86]],[[9579,3768],[83,-11]],[[13564,7823],[106,-76],[68,-4]],[[13738,7743],[20,-137],[-154,-8],[-40,-150],[9,-79]],[[13573,7369],[-34,-28],[-17,-77],[13,-29]],[[13535,7235],[-70,-10]],[[13465,7225],[-66,29],[-24,77],[-33,-7],[-50,50],[-83,39],[16,54]],[[13225,7467],[45,-1],[34,81],[-20,119],[21,41]],[[11517,1783],[120,48],[-1,-50],[-46,-118],[29,-50]],[[11619,1613],[-30,-44],[-12,-117],[-22,-73],[-49,-54],[-69,-18],[-17,-26]],[[11229,1456],[28,45],[4,61],[30,47]],[[7567,2832],[74,11],[18,-93],[37,10],[49,-32],[24,-52],[56,-1]],[[8027,2662],[15,-72],[-8,-71],[-33,3],[-101,-32],[-79,-49],[-49,-12],[-17,-34],[-69,12],[-69,71],[-76,-25],[-27,82],[-65,36],[-68,-2]],[[10088,2553],[-56,55],[-31,72],[-34,-9],[-41,43],[-92,2],[-51,-12]],[[9626,2994],[-7,69]],[[9619,3063],[80,5]],[[9699,3068],[28,-21],[126,-35],[84,30],[66,-14],[64,45],[8,48],[46,72],[82,-32],[79,91]],[[10282,3252],[68,-86]],[[10350,3166],[-39,-47],[29,-90],[40,1],[79,-115],[8,-55],[115,17],[11,-78]],[[10593,2799],[11,-78],[-35,-33],[18,-124],[-126,-17],[15,-117]],[[10242,2742],[-30,44],[-38,-12],[19,-58],[49,26]],[[9047,3397],[-39,192]],[[9644,3527],[-44,-30],[17,-88],[-34,-92],[19,-23],[5,-136],[12,-95]],[[11966,657],[-38,3],[-22,55]],[[11906,715],[-47,31],[-28,74],[-36,-4],[-50,97],[73,85],[-28,53],[7,64]],[[11797,1115],[14,51]],[[11811,1166],[92,59],[19,32]],[[11922,1257],[43,2],[45,4],[20,25]],[[12030,1288],[15,-75],[116,-164],[0,-69]],[[12161,980],[29,-32]],[[3529,5993],[18,68]],[[3547,6061],[133,9],[51,-27],[46,47],[75,-58]],[[3852,6032],[-3,-87],[-44,-79]],[[8863,8746],[6,45],[-131,55],[4,89],[-24,93]],[[8718,9028],[-22,43],[19,31],[-49,51]],[[8666,9153],[125,34],[43,-4],[20,40],[54,4],[71,-30]],[[8979,9197],[12,-27],[-33,-98],[1,-45],[58,-46]],[[9017,8981],[110,-27]],[[9127,8954],[42,-11],[29,-64]],[[12067,2643],[6,-80],[40,-21],[35,-66],[109,19],[146,-44],[13,-23]],[[12416,2428],[-63,-99],[115,-79],[52,-62],[31,-152]],[[12551,2036],[-42,-7]],[[14698,2330],[-14,-50],[33,-66],[-1,-36],[51,-61],[-49,-89],[-50,-12],[20,-43],[56,-33]],[[14744,1940],[-32,-66],[-40,19],[-69,-45],[-59,-18],[-47,53]],[[12221,5694],[50,62],[-17,20],[15,69],[-42,37],[48,87]],[[12275,5969],[43,-59],[57,-32],[43,117],[47,17],[90,-77]],[[11798,6007],[-40,41],[-80,-38],[-132,19]],[[11546,6029],[-49,91],[-46,23],[-34,138],[-84,47],[-122,0]],[[11211,6328],[-19,27],[-12,89],[18,23],[118,-9],[-16,76]],[[11300,6534],[44,49],[50,16],[98,-32],[51,21],[54,-10],[187,16]],[[11784,6594],[-36,-31]],[[13643,5879],[-13,-91],[41,-31],[100,14],[5,-30],[109,-31],[22,-33],[131,-33],[74,1]],[[14112,5645],[46,-49]],[[8862,4377],[41,18],[17,-60],[127,-10]],[[9047,4325],[-2,-50],[56,-41],[-39,-70],[-32,11],[-35,-229],[32,-12],[24,-63],[-14,-52]],[[9037,3819],[-34,-2],[-120,47],[-122,93],[-49,72],[0,71]],[[8223,5972],[40,85],[0,85],[-64,43],[-57,-14],[0,64],[-26,50],[100,-2],[39,31],[0,43]],[[8255,6357],[77,18],[24,50]],[[8356,6425],[18,42],[57,3],[124,51],[51,55],[59,15],[31,35],[19,73],[30,-2]],[[8745,6697],[44,-35],[22,-49],[50,-31],[-24,-49],[4,-58],[-27,-27]],[[8814,6448],[-61,-110]],[[8672,6189],[-29,12],[-58,-40],[-9,-32],[-55,-57],[13,-74],[-43,-6]],[[12926,1356],[49,-6]],[[12975,1350],[37,-26],[68,14],[22,36],[53,-57],[60,29],[42,-16]],[[13257,1330],[13,-96],[22,-52],[47,-37],[-77,-61]],[[13262,1084],[-258,-8],[-44,68],[-82,80]],[[14160,3296],[34,73],[39,16],[6,95]],[[14239,3480],[107,17]],[[14346,3497],[143,40]],[[14489,3537],[0,-157],[43,-39],[-19,-33],[22,-73]],[[14535,3235],[-93,-43]],[[14442,3192],[-71,11],[-44,-18],[-98,-1],[-94,20]],[[10190,4910],[-34,65],[-44,16],[-11,40],[64,88],[0,38],[-43,43],[-1,119],[-24,55],[-47,10],[7,46]],[[10057,5430],[43,-4],[112,-80],[98,18],[38,42],[36,-42],[-15,-85]],[[10369,5279],[110,-111],[-62,-121],[26,-37],[49,-5],[67,26],[98,-7]],[[10657,5024],[-11,-65],[-68,-37]],[[10578,4922],[-87,-75],[-40,26],[-45,-53],[-97,24],[38,44],[-98,0],[-59,22]],[[12935,6136],[7,56],[-82,31],[-54,-45],[-83,19]],[[12723,6197],[-176,-31],[20,97],[38,13],[-5,45]],[[12600,6321],[-6,95],[48,24],[-8,39],[40,56],[-3,49],[31,36],[95,4],[-23,63]],[[12774,6687],[63,17],[13,61],[35,18],[53,-39]],[[12938,6744],[151,-21],[26,-70]],[[13115,6653],[-13,-84],[9,-37],[-69,-8],[33,-156],[-13,-69]],[[14112,5645],[50,42],[-54,47],[-43,63],[85,126],[13,86],[-65,13]],[[14180,6102],[99,70],[42,53],[72,58]],[[14393,6283],[11,-69],[-39,-95],[-30,-125],[62,-95]],[[4605,3903],[-95,-7],[-88,35],[-46,-43],[-76,107],[-73,-20]],[[4227,3975],[-45,46],[-27,108],[-63,12],[-2,44]],[[1381,6917],[82,5],[-16,49],[8,74],[125,53],[-16,58],[-27,174],[-65,38]],[[1472,7368],[25,62],[56,87],[34,97],[27,114],[74,83],[272,85],[259,9],[92,19],[144,63],[193,109],[92,41]],[[2826,7997],[-104,-62],[-159,-9],[-3,-33],[-77,5],[-70,-50],[-120,-1],[-58,-47],[-67,6],[-77,-32],[-27,-31],[-39,34],[-52,-14],[5,78],[-225,-100],[32,-205],[43,0]],[[1828,7536],[4,-36],[46,-45],[-44,-23],[-6,-69],[-24,-27],[-4,-64],[16,-236],[93,-113]],[[1909,6923],[147,-203]],[[11677,5125],[4,86],[-46,91],[-45,-3],[-47,-49]],[[11543,5250],[46,100],[1,86],[-20,34],[20,53],[-14,63],[18,45],[14,137]],[[11608,5768],[8,48],[62,-4],[55,-24],[109,-11],[56,53]],[[11898,5830],[18,-91],[96,-124]],[[11856,5336],[-25,-55],[70,-34],[34,50],[-35,39],[-44,0]],[[14087,1370],[88,81]],[[14175,1451],[152,70],[110,-69],[16,-29]],[[14453,1423],[25,-77],[-25,-37],[45,-48],[-43,-37],[12,-93],[-16,-27]],[[1291,2995],[29,41],[-41,40],[-42,86],[-91,63],[12,97]],[[1683,3290],[-46,-8],[-43,-38],[9,-63],[40,-41],[-61,-24],[-19,-34],[85,-41],[24,-70]],[[1374,3132],[69,6],[31,46],[-65,35],[-44,-32],[9,-55]],[[13129,182],[-8,-22],[-157,-64],[-35,-83],[-93,22]],[[12836,35],[18,29],[1,120],[-18,85],[-40,37],[-47,78],[-70,-15],[-52,105],[-78,6]],[[6446,3891],[89,-7],[60,-25],[19,-74],[37,-20],[49,-105],[-10,-81],[29,-91],[100,-80]],[[6819,3408],[-33,-31],[-58,34],[-76,-7],[-22,-74],[-40,0]],[[6590,3330],[-75,29],[29,87],[15,98],[-21,35],[-94,-5],[-60,-54],[-43,11],[50,64],[-29,91],[-56,11],[-2,83],[-48,52],[-38,-7]],[[6218,3825],[-12,71]],[[6206,3896],[59,30],[6,62]],[[11040,3966],[-13,-19],[-103,-46]],[[10704,3833],[-21,43],[-64,39],[-62,-30]],[[10557,3885],[-7,109],[-55,-33],[22,-31],[-30,-44],[-52,-3],[-13,66],[-64,29],[44,90],[-21,35]],[[5420,3813],[5,65],[70,14],[3,89],[32,32],[69,19]],[[5599,4032],[-24,-56],[156,68],[290,-91]],[[6021,3953],[20,-40]],[[6041,3913],[-122,-35],[-18,-133],[6,-24],[-75,-60]],[[5832,3661],[-70,14],[-23,-44],[-83,52],[-3,70],[-50,34]],[[12416,2428],[45,43],[84,34]],[[12545,2505],[93,7],[34,-44],[-18,-81],[60,-25],[23,-78]],[[12737,2284],[-60,-18],[32,-109],[-32,-114]],[[12677,2043],[-72,-23],[-54,16]],[[10442,7258],[101,-174]],[[10659,6784],[-63,1],[1,-109],[-27,-51],[34,-46]],[[10604,6579],[7,-38],[-44,-26],[-26,58],[-105,18],[-42,-30],[-98,-28]],[[15303,2731],[-49,27],[-55,-138],[-24,6],[-41,-68],[-44,-24],[-92,22]],[[15137,3124],[60,-29],[25,-46],[70,9]],[[9867,2268],[-53,134],[-49,-16],[-55,108],[-50,10]],[[1731,4998],[-22,-40],[18,-79],[-24,-59],[-74,33],[-41,63],[-29,-21],[-54,23],[-28,-67],[-65,-49]],[[1631,5198],[21,-63],[40,9],[34,-41]],[[12868,2964],[66,14],[76,-8]],[[13087,2958],[-50,-112],[29,-126],[52,-51],[-16,-37]],[[13102,2632],[-99,-12],[-52,-111]],[[12951,2509],[-68,0],[-51,34]],[[12832,2543],[-48,53]],[[12784,2596],[-3,52],[-97,9],[-56,62],[-3,59]],[[6788,4185],[53,-16]],[[6841,4169],[20,-133],[-66,-9],[60,-77],[-7,-35],[57,-13],[0,-65],[-69,-34],[-33,57],[-36,-13],[24,-77],[51,-2],[36,-40],[66,-10],[61,18],[15,-39],[-50,-59],[4,-45],[-52,-38],[5,-40]],[[6927,3515],[-55,-55],[-5,-42],[-48,-10]],[[1592,4581],[-17,-1]],[[1958,4796],[80,-18],[25,-105],[-19,-38]],[[11062,1363],[-54,54],[-50,-18],[-31,-61]],[[10927,1338],[-49,-4],[-1,62],[-21,65],[-34,8],[-33,80]],[[10789,1549],[42,8],[2,84],[85,32],[-67,78],[-25,75]],[[9670,9473],[-31,74]],[[9639,9547],[3,138],[-23,50],[-63,56],[68,88],[51,-49],[100,-156],[99,-10],[90,-49],[40,-49],[-49,-41]],[[9955,9525],[-57,-47],[14,-52],[-113,11],[-52,-24],[0,75],[-31,36],[-46,-51]],[[826,5340],[41,35],[47,72],[55,123],[35,142]],[[1004,5712],[63,134],[49,73],[54,11]],[[10955,5647],[23,42],[36,154]],[[11014,5843],[71,16],[69,-43],[22,-31],[124,-21],[18,65],[113,-65]],[[11431,5764],[156,20],[21,-16]],[[11543,5250],[-135,4],[-136,27],[-45,-37],[-92,-34],[-11,-45],[-47,-14]],[[11077,5151],[-7,1]],[[11070,5152],[-56,10],[-72,123]],[[2475,7183],[-71,77],[-58,23],[-56,-50]],[[2290,7233],[-8,69],[-102,7],[7,101],[-158,10],[-6,95],[-195,21]],[[14330,4802],[26,34]],[[14356,4836],[158,3],[109,22],[-29,72],[78,0],[10,-83],[67,9],[35,-79],[40,-28],[49,8]],[[14873,4760],[73,11],[26,43],[53,24]],[[14900,4620],[-28,-37]],[[14738,4407],[-95,76],[-100,48],[-49,1]],[[3985,5901],[168,132]],[[4153,6033],[47,-24],[37,25],[129,-59]],[[4366,5975],[34,-36],[-48,-72]],[[14230,2771],[1,39],[-76,32],[-16,73],[44,33],[-33,43],[-49,18]],[[14442,3192],[27,-51],[51,-9],[120,-93],[-45,-74],[31,-109]],[[10529,8453],[-40,37]],[[10489,8490],[-26,68],[91,75],[57,9],[5,68],[-24,30],[-29,115],[-71,1],[-24,98]],[[10468,8954],[61,194]],[[10529,9148],[76,85],[78,-47],[106,-196],[86,-31],[60,-4],[5,-38]],[[10940,8917],[22,-63],[-59,-52],[14,-74],[-16,-51],[-42,-38],[56,-55],[-37,-68],[-40,-17]],[[2473,5856],[-42,204],[1,172],[43,7],[9,44],[-23,74],[49,46],[-27,71],[13,57],[36,11],[4,95],[67,-6],[-33,155]],[[2570,6786],[158,33],[35,-10],[208,-187]],[[2971,6622],[27,-79],[-96,-8],[-19,-69],[-60,-52],[-8,-72],[-76,-40],[-25,-82],[56,-17]],[[2161,3955],[124,-44],[-29,-37],[16,-38],[55,-44],[-70,-90],[61,-46],[16,-43]],[[2334,3613],[-9,-38],[39,-49],[55,-1],[32,-46],[-13,-58]],[[4458,6174],[-1,-1]],[[4457,6173],[-55,-20],[14,-47],[-32,-42],[-18,-89]],[[4153,6033],[3,56],[-37,59]],[[4462,6627],[12,13],[157,34],[32,-27],[32,-95],[-24,-81],[52,-80]],[[4723,6391],[-65,-42],[-10,-48],[-65,-50],[-74,-12],[-32,-51],[-20,-15]],[[11409,7702],[28,35]],[[11437,7737],[35,6],[46,-86],[53,-12],[23,32],[90,-42],[16,-53],[69,-42],[47,50],[52,-3],[28,-39],[-20,-60]],[[11876,7488],[-4,-135],[36,-5]],[[11835,6961],[-134,72],[15,110],[-90,14],[9,59],[-46,26]],[[14535,3235],[30,0],[47,60],[30,12]],[[10195,3414],[-69,25],[-134,-53]],[[9992,3386],[-17,75],[-27,24],[30,78],[8,95],[61,65]],[[10047,3723],[28,-21],[129,-20]],[[10204,3682],[48,-21],[64,19],[5,-54],[-36,-73],[-71,-9],[1,-67],[-20,-63]],[[14187,7022],[-10,-62],[-78,17],[-45,-42],[-58,48],[-19,-51],[-56,40],[-30,-12]],[[13891,6960],[-47,3],[-81,44],[-65,16],[-59,-27],[-53,6],[-9,-37]],[[13577,6965],[-84,0]],[[13493,6965],[27,55],[-5,74]],[[13515,7094],[40,57],[128,14],[-44,42],[26,46],[-130,-18]],[[13573,7369],[54,17],[75,-39],[105,18],[88,-36],[166,102],[66,-94]],[[14127,7337],[22,-82],[-9,-48],[169,-25],[49,-17]],[[8639,8146],[74,-13],[71,-41],[-37,-99],[3,-30]],[[8370,7581],[-51,37]],[[2816,4638],[-57,-46],[-82,16]],[[2677,4608],[-70,43],[-84,-5],[10,43],[-42,53],[-60,-13],[-37,30]],[[2394,4759],[-5,119],[9,29]],[[2845,5121],[6,-69],[37,-17]],[[14651,3799],[20,-124],[28,-12]],[[14699,3663],[-5,-78],[-84,-72],[-50,26],[-71,-2]],[[14346,3497],[44,43],[-34,40],[37,40],[-11,60],[-44,54],[13,63]],[[13647,1989],[-138,52],[-106,-19],[-21,32],[-62,-16],[-31,-60],[-49,-43],[8,-73],[-75,3]],[[13173,1865],[-17,20]],[[13156,1885],[-23,10],[11,77],[-72,59],[-7,29],[-109,35]],[[12956,2095],[15,35],[56,1],[12,73],[30,64],[-50,15],[-32,82]],[[12987,2365],[15,38],[-51,106]],[[13102,2632],[70,-9],[3,-43],[118,33]],[[7746,6673],[39,4],[182,68]],[[7967,6745],[51,-2],[1,-69],[57,-55],[13,-45],[67,-28],[-9,-70],[33,-85],[50,2],[25,-36]],[[7642,6878],[-11,216]],[[8125,7050],[-41,6],[-21,-70],[28,-138],[-29,-50],[-87,-17],[-8,-36]],[[9594,4189],[-88,6],[-63,55],[-22,-46]],[[9421,4204],[-74,34],[-82,73],[-84,42]],[[9181,4353],[12,44],[-51,65]],[[9142,4462],[88,2],[76,17],[41,-10],[56,77],[58,-26],[114,-131]],[[7514,8863],[20,65],[59,101]],[[7593,9029],[63,-11],[4,-29],[108,64],[-32,114],[37,70],[113,23],[17,53],[125,54]],[[8028,9367],[54,-246],[23,-45],[-54,-38],[54,-57],[38,-129]],[[11521,4763],[39,8],[23,55],[39,4]],[[11622,4830],[38,-60],[69,8]],[[645,3712],[-90,16],[-34,-43],[-144,-16],[20,-37],[-88,-26]],[[309,3606],[-3,72],[-81,-12],[-11,92],[21,60],[-93,17]],[[142,3835],[26,100]],[[168,3935],[74,-37],[73,7],[68,212],[48,-38],[73,-114],[38,34],[80,13]],[[622,4012],[29,-77]],[[9127,8954],[-29,60],[-81,-33]],[[8979,9197],[3,32],[79,94],[96,-14],[27,-25]],[[14828,5455],[111,-9],[65,45]],[[15004,5491],[30,-45],[84,16],[-60,-200],[-12,-150],[-72,-32],[-41,15],[-32,-83],[-3,-106],[-34,-69],[9,-77]],[[14356,4836],[-3,108],[-48,8],[47,69],[38,18],[92,-45],[81,42],[-39,26]],[[12737,2284],[29,37],[80,-14],[61,34],[80,24]],[[12956,2095],[-91,-131],[-54,-4],[-26,57],[2,59],[-110,-33]],[[10617,2317],[75,57],[-5,44],[75,10],[-13,97],[75,19],[42,29],[-12,35],[141,46],[2,87],[227,135]],[[11224,2876],[27,-67],[53,-74]],[[14239,3480],[-61,34],[-73,2]],[[14105,3516],[-88,121],[-18,53],[37,66]],[[14036,3756],[69,18],[80,-18],[87,73]],[[12317,1245],[-105,-9],[-20,118],[-60,30],[-11,182],[-18,65],[11,59]],[[12617,1908],[106,-32],[32,-101],[78,5]],[[12833,1780],[41,-68],[-71,-61],[-143,-209]],[[4227,3975],[-45,-29],[9,-42],[-21,-80],[-96,5],[-35,-75],[41,-61],[-25,-43]],[[10959,3495],[136,61],[45,-3],[37,32],[22,72],[66,34],[156,9]],[[11421,3700],[60,23],[13,-65],[-42,-16],[-3,-63],[49,-65]],[[11498,3514],[-35,-91],[-103,54],[-42,-77],[36,-40],[-4,-73],[-35,1],[-48,-84]],[[11267,3204],[-63,47],[-166,20],[-46,75]],[[10992,3346],[-34,40],[17,31],[-16,78]],[[1447,4008],[-21,37],[32,36],[-1,86]],[[1498,4216],[-1,83],[-27,22]],[[13260,958],[58,68]],[[13318,1026],[60,-17],[43,25],[66,8],[1,72],[99,60],[81,87]],[[13777,994],[-1,-51],[-75,-8],[-2,-47]],[[633,4376],[-24,-62],[37,-52],[4,-46],[40,-37],[7,-67],[-75,-100]],[[168,3935],[32,168],[13,122],[4,209],[-14,235]],[[12938,6744],[51,35],[7,38],[71,73],[86,65]],[[13153,6955],[14,-18],[79,12],[65,-78]],[[13311,6871],[-43,-84],[-61,-63],[-2,-39]],[[13205,6685],[-90,-32]],[[8193,8680],[174,54],[29,34],[88,-84],[22,32],[-5,59],[71,-9],[39,24],[-75,83],[114,109],[68,46]],[[8840,8438],[-57,2],[-22,-66],[-121,-28]],[[8693,8622],[-31,-42],[66,-12],[1,46],[-36,8]],[[14462,1042],[33,2],[60,-56],[87,35],[99,-36],[119,3]],[[14860,990],[-64,-97],[34,-181],[-16,-76]],[[14814,636],[-130,-10],[-2,-66],[-175,0],[15,45],[-63,21],[-123,88]],[[7567,4596],[-32,-31],[-121,-32],[-56,65],[-23,-39],[13,-67],[39,-88],[-27,-18],[-64,49],[-90,-67],[37,-74]],[[7243,4294],[-57,-13],[-41,43],[-255,-20],[-4,90],[-38,-33],[-66,43],[36,59],[67,46],[81,-20],[1,64],[82,114],[8,91],[-63,34],[-36,63],[17,37]],[[6975,4892],[86,-44],[8,66],[-32,36],[-58,0]],[[6979,4950],[-9,46],[153,62],[35,-26],[49,-77]],[[14160,1673],[43,18],[14,-99],[-36,-51],[-6,-90]],[[8972,3382],[-28,133],[-83,-27],[-66,38],[-57,-8],[-42,-36],[25,-117],[-11,-47],[-96,43],[-121,-10],[-8,-24],[34,-70],[-24,-61],[-47,9],[-66,-31]],[[8382,3174],[-80,73],[-84,23],[-7,46],[-46,92],[6,64]],[[8166,3539],[57,37]],[[8223,3576],[60,12],[119,-24],[59,50],[88,42],[95,12],[256,60]],[[11926,2117],[-34,2],[-57,-40]],[[11835,2079],[-47,89],[-81,55],[-82,24],[-35,42],[-4,47],[33,42],[17,78],[-32,34]],[[11604,2490],[-60,303]],[[11544,2793],[57,-12],[9,46]],[[11316,7116],[6,-72],[-30,-12],[47,-78]],[[11339,6954],[-6,-21],[-84,-38],[94,-123],[10,-37],[-47,-42],[39,-37],[-49,-94]],[[11296,6562],[-67,22],[-7,58],[-133,-24],[-46,7],[-153,-26],[-41,-17],[-83,32],[-105,-15],[-13,-32]],[[10648,6567],[-44,12]],[[10952,7118],[67,3],[27,63],[-22,24]],[[10655,3586],[-16,-45],[-52,-41],[-13,45],[-80,-23],[0,-77],[23,-43],[-96,-42],[44,-69],[-106,-59],[-9,-66]],[[10282,3252],[6,72],[-93,90]],[[10204,3682],[61,12],[70,38],[44,4],[73,58]],[[10452,3794],[45,5],[34,40],[48,18],[69,-1]],[[4796,6476],[-58,-13],[-15,-72]],[[4528,7067],[80,-74],[115,-44],[73,-3],[34,-165],[22,-43]],[[15851,2979],[24,-94],[53,11],[-14,66],[-28,28]],[[16045,2993],[-48,-120],[55,-53],[30,-126]],[[16082,2694],[-13,-63],[-62,-30],[-66,16],[-34,-56],[-70,-62]],[[869,3870],[46,48],[66,6],[52,-20]],[[877,3744],[72,-22],[15,38],[-63,4],[-24,-20]],[[5336,4180],[-89,-144],[-56,-37],[-29,-52]],[[5162,3947],[-20,37],[-50,-14]],[[14814,636],[-38,-175],[-56,-15],[-177,16],[-95,29],[-81,0],[-129,59],[-15,26]],[[10557,3885],[-105,-91]],[[10047,3723],[20,102]],[[9779,1969],[-63,-1],[-49,-38],[-79,55],[-21,51],[-46,49]],[[9521,2085],[16,55],[57,56],[-23,68],[-42,56],[-82,20],[-50,37]],[[2815,4478],[-38,-44],[23,-114],[46,-46],[10,-46],[50,-33],[74,34],[102,-31]],[[3082,4198],[145,-28],[69,-38],[15,-51],[51,-20]],[[3362,4061],[-36,-49]],[[3326,4012],[-40,-17],[-103,25],[-39,-5],[-22,-54],[-38,25],[-72,-8],[49,-76],[-18,-38],[-54,-10],[-14,-41],[-74,1]],[[2901,3814],[-108,32],[-27,-21],[-72,17],[-9,45],[-94,-21],[-30,38]],[[2561,3904],[-36,191],[16,48],[140,70],[24,70],[-7,49],[26,30],[-47,246]],[[3931,6112],[-79,-80]],[[3547,6061],[-46,14],[-38,-56],[21,-59]],[[3306,5900],[-27,47],[13,62],[-86,-11],[-3,109],[75,22],[-6,116],[85,14],[72,-6],[66,64],[111,80]],[[3606,6397],[24,-6],[53,51]],[[9968,5425],[14,52],[53,-43],[24,96],[-31,20],[29,59],[46,-69],[95,64],[17,42],[76,43],[35,54],[-49,153]],[[10469,5846],[-26,-14],[-18,-135],[107,-32],[-30,-101],[-46,-23],[69,-61],[27,14]],[[10585,5431],[-34,12],[-17,-70],[-96,-62],[-69,-32]],[[10057,5430],[-88,-28]],[[14199,6616],[-66,-27],[-70,-73],[0,-43],[-43,-16]],[[13797,6607],[69,50],[-39,23],[11,100],[64,137],[-11,43]],[[11498,3514],[58,-38],[43,-87],[-39,-68],[0,-53],[50,-52]],[[11610,3216],[-82,-128],[-23,-2],[-134,-74]],[[11371,3012],[-26,41],[-17,99],[-61,52]],[[5513,3196],[-54,12],[-6,35]],[[5453,3243],[53,69],[-49,11],[-14,37]],[[5832,3661],[18,-48],[-36,-75],[-54,17],[-41,-85],[37,-47],[92,-44],[42,11]],[[5890,3390],[-15,-53],[-1,-95],[-24,-51]],[[9169,6521],[-27,-21]],[[9142,6500],[-46,-22]],[[9096,6478],[-98,-7]],[[8998,6471],[-43,-30],[-50,27],[-38,-24],[-53,4]],[[8745,6697],[27,110],[-73,22],[-44,155],[-18,33]],[[6488,2926],[-123,-6],[9,52],[58,105],[-46,6],[22,76]],[[6408,3159],[126,115],[51,7],[5,49]],[[6819,3408],[47,-64],[6,-87]],[[6872,3257],[-66,-13],[-5,-36],[-69,-28],[16,-77],[-138,-8]],[[12833,1780],[83,12],[100,97],[47,-66],[93,62]],[[13173,1865],[-13,-101],[17,-20]],[[13177,1744],[-117,-124],[19,-45],[-61,-52],[-4,-85],[-39,-88]],[[8705,4505],[115,147]],[[8820,4652],[35,38],[51,-68],[167,-30],[22,-35]],[[9095,4557],[32,-38],[15,-57]],[[9181,4353],[-54,3],[-80,-31]],[[9521,2085],[-34,39],[-43,-21],[-33,-44],[-110,-7],[-62,42],[-67,5],[-49,100],[-16,66],[14,50],[-28,25],[0,82]],[[2848,7109],[16,-66],[67,-58],[17,-113],[-25,-73],[46,-42],[24,-127]],[[2993,6630],[-22,-8]],[[2570,6786],[-122,-45],[-54,-35],[-53,-1],[-69,-83],[-60,56],[16,43],[-56,150],[38,43]],[[2210,6914],[83,48],[-32,52],[-16,114],[45,105]],[[10090,8083],[-64,-80],[5,-38],[-86,-14],[-55,45],[-90,95]],[[9800,8091],[58,4],[-42,69],[-28,107],[27,66],[19,112],[-87,110],[-10,90],[-59,9]],[[9678,8658],[99,23],[97,-25],[132,32]],[[10006,8688],[28,-17],[111,1],[33,-24]],[[10178,8648],[-77,-62],[67,-67],[25,3],[27,-71],[-62,-97],[-47,19],[-61,-22],[-24,-35],[18,-53],[96,-93]],[[11811,6826],[-30,-33],[-97,16],[-24,54],[-81,75],[-108,-148],[-15,31],[-117,133]],[[12774,6687],[-78,59],[3,65]],[[12699,6811],[6,25],[82,128],[88,54]],[[12875,7018],[64,11],[214,-74]],[[10751,5986],[35,-31],[75,1]],[[10861,5956],[40,-90],[41,-37],[72,14]],[[2163,4568],[24,93],[83,31],[44,47],[57,-51]],[[2371,4688],[-24,-38],[-42,-135],[-51,-50],[59,-97],[50,-54],[-16,-28],[25,-95],[-4,-40]],[[2368,4151],[-52,-2]],[[2316,4149],[-26,103],[-63,-21]],[[11542,1126],[63,3],[59,-19],[133,5]],[[11906,715],[-36,-57],[11,-61],[-105,44],[-75,-74]],[[11701,567],[-3,104],[-57,85],[-68,27],[-49,47],[-69,11],[-67,88],[-19,47]],[[15070,1234],[-211,-188],[1,-56]],[[14453,1423],[36,-14]],[[14489,1409],[144,-63],[60,-62],[40,13],[56,-15],[34,122],[37,-54],[62,-23]],[[5785,4538],[45,7],[29,-62],[-10,-53],[58,-25],[48,41]],[[6076,4156],[-26,-48],[-140,1],[38,-102],[71,-23],[2,-31]],[[5599,4032],[-3,85],[35,16],[-64,55],[-71,12],[-37,39]],[[13205,6685],[158,13],[24,-16]],[[8751,3171],[-65,11],[-44,-67],[18,-73],[-61,-22],[-68,5],[-62,-50],[-114,14],[-55,-30]],[[8254,3057],[51,14],[30,78],[47,25]],[[12491,2677],[20,-10],[-5,-84],[29,-17],[10,-61]],[[9076,3766],[3,50]],[[9079,3816],[110,-15]],[[2394,4759],[-23,-71]],[[2993,6630],[9,56],[103,-28],[22,43],[53,41],[56,-57],[83,-6],[20,-56],[98,-46],[49,17],[76,-70],[26,-5]],[[3588,6519],[-21,-66],[-2,-77],[41,21]],[[3600,6527],[-12,-8]],[[3277,7140],[73,-51],[40,-103],[82,-39]],[[4730,3463],[16,-47]],[[4813,3025],[-50,6],[-38,-46],[-54,-13],[-87,51],[-36,-2]],[[4553,3206],[38,51],[-60,12],[18,37],[-35,122]],[[10789,1549],[-41,27],[-91,21],[-54,53],[-108,41],[25,59]],[[10623,1954],[27,-3]],[[6448,2725],[-156,2],[-31,-76],[-31,12],[-12,54],[41,128],[-35,23],[-91,-13]],[[6216,3367],[25,34]],[[6241,3401],[50,-45],[10,-81],[52,-12],[53,-61],[2,-43]],[[14393,6283],[53,61]],[[14535,6444],[93,21]],[[15055,6478],[21,-40],[-70,-22],[-4,-86],[24,-21],[-24,-58],[-46,1]],[[14956,6252],[-62,2],[-23,-55],[45,-45]],[[9765,5712],[-89,60],[-1,50],[51,0],[5,59],[31,56]],[[3524,7100],[21,52],[-10,169],[88,37],[-28,129]],[[1067,3982],[-57,67],[17,62]],[[1027,4111],[35,52],[-18,33],[41,87],[93,-20],[40,29],[9,64]],[[1382,4328],[-22,-27],[98,-85]],[[5597,5234],[-7,-70]],[[5590,5164],[-187,-50],[-86,-33],[-146,37],[-67,-6],[-134,54],[-75,-32]],[[4816,5160],[62,78]],[[4878,5238],[60,37],[44,60],[-80,5],[-34,50]],[[4868,5390],[0,15]],[[14957,6162],[-1,90]],[[15292,6685],[42,-28],[3,-61],[-17,-77],[17,-35],[-67,-141],[-27,-115],[20,-41],[-19,-42],[-17,-115],[-68,-45],[-68,-7],[-52,-74],[42,-23],[-2,-38],[-72,23]],[[15007,5866],[-11,3]],[[12117,1799],[-39,31],[-78,-73],[-70,-47]],[[11930,1710],[-1,21]],[[11929,1731],[-6,116],[10,85],[-57,113],[-41,34]],[[9579,3768],[-6,82],[-94,31],[11,-98],[-62,-19]],[[9257,3877],[29,71],[95,30],[-13,50],[23,61],[-51,17],[-6,67],[87,31]],[[11876,7488],[118,29],[20,37],[-63,34],[-16,124],[65,74],[-68,33]],[[11932,7819],[22,18],[126,-48],[151,13],[47,-123],[20,-86],[56,-34]],[[12354,7559],[20,-94],[-70,-44],[-32,-139],[-34,-66]],[[9910,4843],[50,-9],[80,47]],[[10040,4881],[8,-62],[26,-19],[22,-71],[-5,-47]],[[9703,4466],[1,69],[40,60],[-73,34],[17,60],[-42,8],[-29,45],[78,3],[11,25]],[[12532,1211],[-29,-56]],[[12503,1155],[-27,-34],[-92,-175],[-44,7],[-78,59],[-75,15],[-26,-47]],[[12030,1288],[-53,110]],[[11977,1398],[-5,113],[-29,97],[-13,102]],[[13225,7467],[-84,39],[-54,-24],[-43,27]],[[13044,7509],[-22,64],[37,42],[-5,111],[-51,33],[49,53]],[[6041,3913],[-11,-110],[58,-18]],[[6088,3785],[-32,-75],[-45,-35],[-1,-53],[-41,-39],[-8,-61],[-58,-122]],[[5903,3400],[-13,-10]],[[15503,3250],[-38,34],[22,54],[-77,45],[5,59],[-83,17],[-40,52],[-38,8]],[[15254,3519],[4,121],[91,63],[-43,36],[1,36]],[[9989,7660],[-29,59],[-46,-29],[-88,-5]],[[9679,7855],[56,8],[32,47],[4,49],[-24,41],[53,44],[0,47]],[[200,3317],[-12,64],[9,59],[59,76],[53,12],[0,78]],[[609,3078],[-29,-50]],[[580,3028],[-31,60],[-112,-12],[-30,18],[-52,269],[-147,-43]],[[467,3563],[23,-63],[32,27],[-55,36]],[[13604,6871],[29,37],[-56,57]],[[2210,6914],[-138,15],[-163,-6]],[[1890,6165],[133,26],[35,21],[46,-40],[40,35],[40,-23],[-9,-37],[39,-200],[66,14],[28,-71]],[[2067,5818],[-27,33],[-75,11],[-50,-63],[-84,-15]],[[14454,1789],[25,-77],[47,-61],[-19,-63],[75,-64]],[[14582,1524],[-39,-95],[-54,-20]],[[13915,5961],[101,-29],[23,69]],[[11148,4067],[26,-98],[52,-10],[-7,-42],[28,-44],[85,51],[19,38],[139,71],[35,-41],[79,-13],[25,-67]],[[11629,3912],[-170,-126],[11,-37],[-49,-49]],[[10959,3495],[-12,17]],[[12354,7559],[72,-9],[23,73],[41,-8],[5,-52],[62,-32]],[[12557,7531],[11,-36],[-65,-103],[103,-77],[39,74],[105,-16],[40,36],[38,-42]],[[12828,7367],[-3,-100],[-39,-84],[3,-52]],[[12789,7131],[-92,26],[-84,-19],[-29,25],[-31,-61],[-44,-30],[6,-34]],[[12515,7038],[-52,55],[-54,-51],[-45,12],[-49,49],[-25,-24],[-59,22]],[[15202,2147],[-183,10],[-60,104],[-32,1],[-26,65]],[[11062,7632],[-73,-27],[-58,14],[-25,29],[88,99],[9,101],[-22,53],[15,39],[52,30],[91,95],[3,126]],[[11142,8191],[120,6],[87,-89],[92,-9]],[[11441,8099],[6,-112],[-16,-29],[5,-83],[-14,-58],[15,-80]],[[13465,7225],[-10,-52],[60,-79]],[[13493,6965],[-66,17],[-41,-63],[-40,-8],[-35,-40]],[[12875,7018],[67,44],[-2,57],[-60,19],[-56,-20],[-35,13]],[[12828,7367],[8,46],[56,34],[45,52],[40,-20],[67,30]],[[11224,2876],[186,116]],[[11410,2992],[65,-39],[56,-85]],[[11531,2868],[13,-75]],[[11604,2490],[-93,-45]],[[10630,4720],[30,78],[-60,24],[-22,100]],[[10657,5024],[63,-8],[12,37],[49,-8],[81,24],[60,-23],[35,32],[81,19],[32,55]],[[11077,5151],[-1,-45],[45,-48],[35,-79]],[[7858,3371],[-2,-61],[50,-28],[10,-120],[47,-26]],[[10593,2799],[133,19],[79,91],[-6,79],[47,29]],[[10846,3017],[17,-41],[125,69],[32,-76],[57,-44],[107,7],[40,-56]],[[15567,1829],[-5,-41],[-43,-30],[-24,-46],[-8,-74],[-38,-62],[-42,-34],[-55,13],[-32,-40],[-120,-34]],[[14867,3406],[50,79]],[[14917,3485],[45,21],[87,7],[1,53]],[[15050,3566],[41,3],[21,-69],[66,-52],[33,70],[43,1]],[[7089,2377],[-73,-20],[-5,53],[-47,63],[-115,10],[7,81],[-59,47],[-8,78]],[[6789,2689],[-5,30],[81,27],[-6,78],[84,11],[2,56],[43,29],[67,-31],[56,19],[30,46]],[[7141,2954],[105,-7]],[[13318,1026],[-56,58]],[[13257,1330],[-3,19],[89,32]],[[3298,5154],[18,-51]],[[10468,8954],[-25,-10],[-93,44],[-88,89],[-111,-26],[-38,-67],[-57,43],[-31,-57],[74,-72],[70,-103],[42,6],[25,-43],[-49,-42],[-10,-44],[50,-16]],[[10227,8656],[-49,-8]],[[10006,8688],[-3,102],[-82,-16],[-4,137],[-64,147]],[[9853,9058],[27,74],[-18,21],[57,81],[-4,27],[51,92],[80,88]],[[10046,9441],[75,22],[13,-34],[110,9],[43,-59],[-30,-63],[129,-56],[22,-58],[65,-17],[56,-37]],[[8303,7033],[34,-174],[-87,-95],[-49,-22],[3,-75],[62,-5],[54,-206],[36,-31]],[[11784,6594],[-37,74],[15,42],[45,-21],[28,38],[-36,65]],[[12515,7038],[9,-79],[104,-71],[-43,-40],[114,-37]],[[12600,6321],[-56,88],[-45,-45],[-98,13],[-35,-11],[-66,-187]],[[12300,6179],[-40,91],[-42,-9]],[[3330,4381],[-2,-35],[-56,-49],[-55,11],[-103,-56],[-32,-54]],[[12275,5969],[-9,92],[-21,48],[35,17],[20,53]],[[12723,6197],[12,-9]],[[9062,5182],[-67,35],[-43,-67],[-38,17],[-44,58],[-36,-48],[-34,11],[-55,-35],[-9,-29],[-181,62],[-27,-20]],[[8528,5166],[42,119],[-8,73]],[[8562,5358],[80,7],[11,61],[94,63],[-37,104],[22,11],[10,80],[-66,148]],[[8925,5761],[11,-70],[35,-30],[69,-23],[53,-75],[65,-33],[101,-84]],[[9259,5446],[27,-48]],[[2854,3512],[20,89],[45,65]],[[2919,3666],[65,45],[101,-5],[65,-22],[55,5],[77,-50],[77,-20]],[[3492,3294],[-4,-38],[-48,-30],[-43,20],[-20,-47]],[[3377,3199],[-15,18],[-125,-19],[-109,17],[-35,43],[-40,0]],[[9955,9525],[75,-52],[16,-32]],[[9853,9058],[-63,-5]],[[9790,9053],[14,54],[-59,11],[-24,40],[-64,11],[-21,-35]],[[9636,9134],[-52,42]],[[9584,9176],[-24,101],[5,82],[55,45],[50,69]],[[12836,35],[-45,72],[-153,28],[-46,-111],[-77,-24],[-56,22],[-91,-13],[-42,43],[-44,3],[-57,62]],[[12225,117],[-2,99],[-28,73],[46,104]],[[11441,8099],[56,103],[68,15],[22,45]],[[11587,8262],[69,-47],[3,-42],[61,-32],[5,-55],[33,-112],[70,-106],[104,-49]],[[11898,5830],[55,45],[3,52],[-65,18]],[[4349,2974],[18,-46],[-64,-57],[-193,-34],[-116,6],[-68,24],[-82,-80]],[[3844,2787],[-33,58],[9,116],[-41,84],[-26,9]],[[3753,3054],[117,-19],[55,39]],[[14691,3872],[75,-20],[-2,38]],[[15050,3566],[-67,68],[-39,-44]],[[14944,3590],[-99,40],[-31,57],[-52,18],[-63,-42]],[[14143,4109],[-15,-67],[8,-59],[-64,-49]],[[14072,3934],[-93,4],[-131,-45],[-29,19],[-41,-41],[-46,9]],[[13628,3959],[-1,92],[-85,32]],[[13542,4083],[76,63],[2,56],[34,44],[57,4]],[[13711,4250],[63,-89],[217,27],[72,-16]],[[7057,2992],[-56,13],[-11,30],[-98,29],[-42,88],[22,105]],[[6927,3515],[37,37],[57,-27]],[[9259,5446],[27,115],[-16,47],[-53,59],[-12,38],[51,23],[17,73],[-65,69],[-35,69]],[[9173,5939],[60,-1],[101,74],[44,52],[11,49]],[[14036,3756],[2,80],[31,2],[3,96]],[[14493,4185],[-36,-108]],[[10656,6142],[27,143]],[[10683,6285],[72,33],[39,-3],[26,-51],[56,-57],[60,-13]],[[10936,6194],[5,-40],[50,-18],[8,-34],[77,-60],[-41,-22],[-27,-53],[-147,-11]],[[9209,3884],[-63,5],[-71,-46]],[[9075,3843],[-38,-24]],[[12557,7531],[-4,82],[72,101],[54,1],[10,51],[72,-1],[66,39],[0,48],[98,-61],[42,42],[76,2]],[[12800,7644],[-18,23],[-75,16],[28,-52],[65,13]],[[6067,3320],[-63,48],[-101,32]],[[6088,3785],[29,3],[17,84],[72,24]],[[6218,3825],[-44,-41],[22,-150],[-31,-27],[-3,-48],[70,-42],[9,-116]],[[5590,5164],[34,-3]],[[10525,7979],[30,77]],[[10637,8095],[20,62]],[[10867,8257],[275,-66]],[[8370,5030],[-7,45],[91,29],[74,62]],[[9024,4980],[-49,-60],[-48,-15],[-18,-74],[-48,-14],[-82,26],[9,-57],[-19,-75]],[[8769,4711],[-59,34],[-36,-11],[-65,35],[-16,31]],[[13419,4068],[64,-19],[29,47],[30,-13]],[[2316,4149],[-14,-67],[52,-19],[14,88]],[[2561,3904],[-13,-55],[32,-33],[-12,-62],[40,-66],[-30,-31],[-161,-34],[-83,-10]],[[7926,4440],[-11,-93],[6,-64]],[[7921,4283],[-74,-6],[-131,-145],[-66,-22],[-59,0],[-24,-61]],[[7567,4049],[-124,55],[-24,33],[-76,3],[-10,74],[-36,47]],[[7297,4261],[-42,28],[-9,4],[-3,1]],[[7570,4408],[-32,-53],[64,-11],[125,39],[-25,28],[-132,-3]],[[6243,4626],[45,86],[89,-68],[79,101]],[[6456,4745],[44,56],[58,-2],[65,47],[33,-28],[36,39],[70,-35],[82,31],[30,81],[29,9]],[[6903,4943],[76,6]],[[6979,4949],[-4,-57]],[[7297,4261],[0,-75],[-135,-27],[-24,-66],[-136,0],[-14,53],[-50,1],[-50,52],[-47,-30]],[[6578,4636],[-56,-35],[-1,-63],[60,-19],[78,76],[-81,41]],[[12517,3768],[-9,-54],[-38,-76],[16,-61],[51,48],[39,-73]],[[11999,3191],[1,85],[-117,119],[-9,65],[-26,11]],[[11848,3471],[66,39],[90,72],[-58,53],[-29,64],[-58,-34],[-18,83]],[[10807,3473],[17,-86],[-27,-46],[14,-30]],[[10811,3311],[-21,-38],[-27,-139],[41,-17],[42,-100]],[[9699,3068],[56,-11],[-11,83],[75,10],[-26,196],[115,16],[25,25],[59,-1]],[[10648,6567],[-23,-99],[21,-27],[-29,-92],[29,-75],[37,11]],[[1842,5582],[34,14],[29,-52],[-8,-50],[22,-45],[-42,-35],[77,-59],[67,-13]],[[13177,1744],[38,-87],[68,-85],[67,18]],[[11431,5764],[51,64],[3,69],[30,50],[42,23],[-11,59]],[[14744,1940],[23,-12],[36,-75],[45,-5],[-11,-78]],[[14733,1696],[-64,-11],[-43,29]],[[14626,1714],[-35,59],[-30,-50],[31,-39]],[[14592,1684],[37,-22],[73,-85],[-120,-53]],[[9339,6197],[-36,79],[24,49],[-22,69],[-68,43],[-53,-17],[-43,31],[1,49]],[[9442,6659],[82,15],[83,-50]],[[8769,4711],[51,-59]],[[8574,4322],[-34,34],[-73,-21],[0,-58]],[[8467,4277],[-43,10]],[[8424,4287],[-69,40]],[[8355,4327],[43,70],[-19,32]],[[9271,9465],[-52,-2],[-36,94],[31,46],[-5,42],[29,87],[-31,25],[-6,59]],[[9201,9816],[1,48],[64,8],[43,-21],[83,6],[76,-120],[-18,-23],[25,-95],[38,-62]],[[9513,9557],[-114,-20],[-19,-47],[-109,-25]],[[11647,4901],[-25,-71]],[[11490,1869],[175,173],[91,-27],[26,-37],[106,-7],[22,-52],[-13,-75],[7,-74],[25,-39]],[[11977,1398],[-51,15],[-15,90],[-69,29],[-33,-6],[-40,36],[-86,19],[-64,32]],[[16082,2694],[6,-34],[54,-107],[20,-104],[-48,-94],[-44,-28],[-29,-46],[38,-57],[-59,-125],[8,-26],[-54,-40],[-40,9],[-93,-89],[-4,-58],[-64,1]],[[12741,4974],[33,26],[28,-48]],[[13243,4746],[-38,-63]],[[1324,2844],[-49,5],[-39,34],[-171,-21],[-35,8]],[[1030,2870],[26,33],[-7,69],[17,59]],[[9455,9037],[129,139]],[[9636,9134],[49,-36],[105,-45]],[[9678,8658],[-118,-21]],[[10227,8656],[22,-24],[104,-40],[27,-51],[109,-51]],[[479,2383],[13,-43],[92,-6],[34,-53],[13,-76],[33,-55],[86,-14]],[[750,2136],[-38,-42],[-8,-42],[-53,-38],[-53,-11],[-6,-98],[23,-65],[-81,-188],[-49,1],[-39,36],[-44,-25],[-174,-45],[-69,277],[-107,311],[-10,173]],[[4355,3215],[-8,52],[-45,-2],[-25,-45]],[[3753,3054],[-74,-6],[-68,69],[-63,-14],[7,61],[41,14],[0,60]],[[8666,9153],[-26,19],[-41,261]],[[8599,9433],[70,33],[185,117],[102,7],[57,28],[125,199],[63,-1]],[[9271,9465],[14,-87],[-40,-26],[23,-63]],[[11211,6328],[-72,-58],[-141,-80],[-62,4]],[[11296,6562],[4,-28]],[[8030,5698],[-35,-27],[-51,47],[-53,-67],[26,-173],[-91,-31],[-42,9],[-176,-28],[8,-95],[-55,-35],[12,-47]],[[7467,5310],[-41,77],[-60,39],[3,34],[-150,49],[-33,36],[-35,112],[-65,11]],[[7875,5838],[7,-80],[68,38]],[[9075,3843],[4,-27]],[[8223,3576],[-8,49],[13,73],[67,-2],[-7,44],[-59,42],[-110,28],[-43,54],[-36,145],[-8,89],[135,12]],[[8167,4110],[135,10],[-5,79],[133,11],[-6,77]],[[8467,4277],[83,-35],[82,-18]],[[734,4359],[18,-62],[72,-46],[48,-50],[81,-34],[-6,-84],[16,-19],[64,47]],[[2901,3814],[16,-54],[-32,-53],[34,-41]],[[12225,117],[-85,31],[-118,-6],[-22,91],[-35,45],[-81,2],[-99,102],[-84,185]],[[490,2806],[80,25],[37,-33]],[[607,2798],[44,-94],[41,-28],[78,22],[27,-15],[141,14]],[[938,2697],[15,-26],[87,-14],[24,-43],[69,-17],[8,-43],[35,-33]],[[1176,2521],[-55,-74],[-32,-91],[-78,-27],[-85,-58],[-55,-13],[-80,-53],[-41,-69]],[[8028,9367],[18,22],[96,-83],[39,45],[64,26],[39,-52],[51,66],[63,10],[-3,70],[147,35],[57,-73]],[[8445,8837],[47,32],[-45,31],[-76,-13],[20,-36],[54,-14]],[[13931,4435],[-28,-49],[-126,-35],[-40,-37],[-26,-64]],[[12784,2596],[-41,-54],[27,-50],[36,-17],[34,29],[-8,39]],[[14592,1684],[34,30]],[[5397,2884],[-191,24],[-55,-43],[-71,-7]],[[5269,3112],[35,41],[75,-51],[74,113],[0,28]],[[1413,2665],[-73,-29],[-18,-50],[-51,-47],[-95,-18]],[[938,2697],[69,49],[23,57],[0,67]],[[9173,5939],[-10,29],[-64,-23],[-29,32],[-118,-20]],[[8998,6471],[42,-136],[70,64],[-24,18],[10,61]],[[11779,3879],[-105,-62],[-45,95]],[[11848,3471],[-74,6],[-24,-78],[-62,0],[-9,-71],[-69,-112]],[[607,2798],[13,3],[-40,227]],[[11606,2831],[-54,53],[-21,-16]],[[11410,2992],[-39,20]],[[3844,2787],[-30,-8],[-39,42],[-45,7],[-56,77],[-233,43],[-80,46],[-72,3]],[[3289,2997],[41,43],[47,159]],[[1004,5712],[7,66],[-3,133],[-21,247],[18,157],[-7,224],[17,95]],[[5214,3873],[-52,74]],[[9144,4968],[-24,-63],[51,-38],[48,-96],[-66,-38],[-37,-64],[-21,-112]],[[4962,2850],[-58,-9],[31,-121],[-85,-43],[-117,-91],[-51,81],[-56,-18],[-40,46],[-49,153],[31,9],[-43,146]],[[14944,3590],[2,-87],[-29,-18]],[[3447,4115],[-47,-9],[-35,41],[-36,-8],[33,-78]],[[3289,2997],[-45,21],[-72,-38],[-57,5],[-36,-33],[-67,60],[-166,-36],[-63,52],[-16,49]],[[14127,7337],[52,73],[-29,49],[40,108]],[[14190,7567],[64,71],[77,-53],[64,38],[126,34],[124,-9],[-23,-77],[45,-18],[-24,-71],[-10,-129],[-23,7],[-37,-118]],[[14105,3516],[-11,-5]],[[6456,4745],[-78,230],[98,71],[41,-1],[106,136],[26,5]],[[6649,5186],[92,-44],[94,-3],[12,-58],[70,-14],[-14,-124]],[[15007,5866],[-1,-44],[53,-14],[45,-39],[-45,-51],[13,-59],[-44,-62],[-24,-106]],[[10811,3311],[60,-35],[66,-2],[31,94],[24,-22]],[[7567,4049],[14,-12],[18,-126],[-131,-20],[23,-167],[25,-71],[29,17],[94,-48],[-8,-52]],[[7149,3750],[52,-43],[85,20],[8,93],[-29,26],[-63,5],[-63,-58],[10,-43]],[[13738,7743],[102,-43],[70,17],[72,-16],[50,-55],[37,9],[63,-66],[58,-22]],[[7101,2986],[40,-32]],[[6789,2689],[-74,1]],[[6389,5261],[115,51],[49,-26],[129,98]],[[6682,5384],[86,5],[5,-65],[-147,-114],[23,-24]],[[12918,3863],[-58,-1],[-46,-51],[-3,-56]],[[9513,9557],[23,-38],[59,-17],[44,45]],[[10040,4881],[116,45],[34,-16]],[[12589,809],[-51,40],[-4,74],[13,92],[-44,140]],[[4868,5390],[-22,-43],[-56,-23],[-34,-62],[32,-29],[45,29],[45,-24]],[[3326,4012],[119,-26]],[[8562,5358],[1,39],[-76,14],[-29,29],[-108,-24],[-62,55],[-77,44],[8,27],[-75,158]],[[10940,8917],[96,26],[68,-31],[81,54],[49,-53],[80,10],[4,-47],[-44,-111],[-11,-68]],[[11263,8697],[-108,-28],[-3,-53],[-36,-23],[23,-54],[35,21],[131,-14],[-5,22]],[[11300,8568],[63,19],[126,-64],[17,-73],[67,-16],[72,-59],[-58,-113]],[[2228,5415],[-63,-35],[15,-46],[-52,-24]],[[2261,2959],[-15,-72],[-43,15],[-80,-56],[-80,-16],[-103,31],[-61,-52],[-46,-63],[-66,-26]],[[8296,4414],[2,-53],[57,-34]],[[8167,4110],[-12,157],[-232,-19],[-2,35]],[[7992,4685],[95,-63],[22,-46]],[[11922,1257],[-36,47],[-27,-30],[-54,8],[6,-116]],[[6979,4949],[0,1]],[[5754,5357],[93,-28],[43,-27],[104,-15],[91,8],[143,29],[159,52],[131,55],[81,50]],[[6599,5481],[83,-97]],[[439,4969],[60,37]],[[1233,6995],[36,121],[38,-16],[96,106],[69,162]],[[10967,1323],[-40,15]],[[7513,8449],[8,97],[-15,189]],[[11263,8697],[-15,-77],[52,-52]],[[7610,6399],[47,132],[2,97]],[[6599,5481],[90,60],[66,75],[58,89],[116,44],[82,45]],[[7492,8876],[19,114],[28,40],[54,-1]],[[83,3245],[-6,76],[-32,151],[-31,20],[-14,97],[85,37],[26,121],[31,88]]],"transform":{"scale":[0.0004502879334859551,0.00024362471991092721],"translate":[20.962119271000063,55.674681365000026]},"objects":{"LVA":{"type":"GeometryCollection","geometries":[{"arcs":[[0,1,2,3,4,5,6]],"type":"Polygon","properties":{"name":"Mākoņkalna pag.","shapeGroup":"LVA","gid":"LVA-2-0"},"id":"LVA-2-0"},{"arcs":[[7,8,9,10,11,12]],"type":"Polygon","properties":{"name":"Ozolaines pag.","shapeGroup":"LVA","gid":"LVA-2-1"},"id":"LVA-2-1"},{"arcs":[[13,14,15,16,17]],"type":"Polygon","properties":{"name":"Pāles pag.","shapeGroup":"LVA","gid":"LVA-2-2"},"id":"LVA-2-2"},{"arcs":[[18,19,20,21,22]],"type":"Polygon","properties":{"name":"Nagļu pag.","shapeGroup":"LVA","gid":"LVA-2-3"},"id":"LVA-2-3"},{"arcs":[[23,24,25,26]],"type":"Polygon","properties":{"name":"Murmastienes pag.","shapeGroup":"LVA","gid":"LVA-2-4"},"id":"LVA-2-4"},{"arcs":[[27,28,29,30,31]],"type":"Polygon","properties":{"name":"Taurupes pag.","shapeGroup":"LVA","gid":"LVA-2-5"},"id":"LVA-2-5"},{"arcs":[[32,33,34,35,36,37,38,39,40],[41]],"type":"Polygon","properties":{"name":"Kandavas pag.","shapeGroup":"LVA","gid":"LVA-2-6"},"id":"LVA-2-6"},{"arcs":[[42,43,44,45,46,47]],"type":"Polygon","properties":{"name":"Istras pag.","shapeGroup":"LVA","gid":"LVA-2-7"},"id":"LVA-2-7"},{"arcs":[[48,49,50,51,52,53]],"type":"Polygon","properties":{"name":"Ogresgala pag.","shapeGroup":"LVA","gid":"LVA-2-8"},"id":"LVA-2-8"},{"arcs":[[54,55,56,57,58]],"type":"Polygon","properties":{"name":"Tabores pag.","shapeGroup":"LVA","gid":"LVA-2-9"},"id":"LVA-2-9"},{"arcs":[[59,60,61,62]],"type":"Polygon","properties":{"name":"Salas pag.","shapeGroup":"LVA","gid":"LVA-2-10"},"id":"LVA-2-10"},{"arcs":[[63,64,65]],"type":"Polygon","properties":{"name":"Ozolnieku pag.","shapeGroup":"LVA","gid":"LVA-2-11"},"id":"LVA-2-11"},{"arcs":[[66,67,68,69,70]],"type":"Polygon","properties":{"name":"Brenguļu pag.","shapeGroup":"LVA","gid":"LVA-2-12"},"id":"LVA-2-12"},{"arcs":[[-13,71,72,73]],"type":"Polygon","properties":{"name":"Ozolmuižas pag.","shapeGroup":"LVA","gid":"LVA-2-13"},"id":"LVA-2-13"},{"arcs":[[-20,74,75,-27,76,77,78,79]],"type":"Polygon","properties":{"name":"Barkavas pag.","shapeGroup":"LVA","gid":"LVA-2-14"},"id":"LVA-2-14"},{"arcs":[[80,81,82,83,84,85,86,87]],"type":"Polygon","properties":{"name":"Vietalvas pag.","shapeGroup":"LVA","gid":"LVA-2-15"},"id":"LVA-2-15"},{"arcs":[[88,89,90,91,92,93,94]],"type":"Polygon","properties":{"name":"Vecates pag.","shapeGroup":"LVA","gid":"LVA-2-16"},"id":"LVA-2-16"},{"arcs":[[-45,95,96,97,98,99]],"type":"Polygon","properties":{"name":"Šķaunes pag.","shapeGroup":"LVA","gid":"LVA-2-17"},"id":"LVA-2-17"},{"arcs":[[100,101,102,103,104,105,106,107,108]],"type":"Polygon","properties":{"name":"Inčukalna pag.","shapeGroup":"LVA","gid":"LVA-2-18"},"id":"LVA-2-18"},{"arcs":[[109,110,111,112,113,114]],"type":"Polygon","properties":{"name":"Īles pag.","shapeGroup":"LVA","gid":"LVA-2-19"},"id":"LVA-2-19"},{"arcs":[[115,116,117,118,119]],"type":"Polygon","properties":{"name":"Ķepovas pag.","shapeGroup":"LVA","gid":"LVA-2-20"},"id":"LVA-2-20"},{"arcs":[[120,121,122,123,124,125]],"type":"Polygon","properties":{"name":"Kalniešu pag.","shapeGroup":"LVA","gid":"LVA-2-21"},"id":"LVA-2-21"},{"arcs":[[126,127,128,129]],"type":"Polygon","properties":{"name":"Goliševas pag.","shapeGroup":"LVA","gid":"LVA-2-22"},"id":"LVA-2-22"},{"arcs":[[130,131,132,133,134]],"type":"Polygon","properties":{"name":"Bērzgales pag.","shapeGroup":"LVA","gid":"LVA-2-23"},"id":"LVA-2-23"},{"arcs":[[-6,135,136,137,138,139,140,141]],"type":"Polygon","properties":{"name":"Andrupenes pag.","shapeGroup":"LVA","gid":"LVA-2-24"},"id":"LVA-2-24"},{"arcs":[[-79,142,143,144,145,146,147,148,149,150,151,152]],"type":"Polygon","properties":{"name":"Indrānu pag.","shapeGroup":"LVA","gid":"LVA-2-25"},"id":"LVA-2-25"},{"arcs":[[153,154,155,156,157,158]],"type":"Polygon","properties":{"name":"Laidzes pag.","shapeGroup":"LVA","gid":"LVA-2-26"},"id":"LVA-2-26"},{"arcs":[[159,160,161,162,163,164]],"type":"Polygon","properties":{"name":"Nīcas pag.","shapeGroup":"LVA","gid":"LVA-2-27"},"id":"LVA-2-27"},{"arcs":[[165,166,167,168,169]],"type":"Polygon","properties":{"name":"Ēdoles pag.","shapeGroup":"LVA","gid":"LVA-2-28"},"id":"LVA-2-28"},{"arcs":[[-58,170,171,172]],"type":"Polygon","properties":{"name":"Vecsalienas pag.","shapeGroup":"LVA","gid":"LVA-2-29"},"id":"LVA-2-29"},{"arcs":[[173,174,175,176,177,178]],"type":"Polygon","properties":{"name":"Bilskas pag.","shapeGroup":"LVA","gid":"LVA-2-30"},"id":"LVA-2-30"},{"arcs":[[179,180,181,182,183]],"type":"Polygon","properties":{"name":"Krišjāņu pag.","shapeGroup":"LVA","gid":"LVA-2-31"},"id":"LVA-2-31"},{"arcs":[[-14,184,185,186,187,188,189,190,191,192]],"type":"Polygon","properties":{"name":"Salacgrīvas pag.","shapeGroup":"LVA","gid":"LVA-2-32"},"id":"LVA-2-32"},{"arcs":[[-122,193,194,195,196,197,198]],"type":"Polygon","properties":{"name":"Kaplavas pag.","shapeGroup":"LVA","gid":"LVA-2-33"},"id":"LVA-2-33"},{"arcs":[[199,200,201,202,203]],"type":"Polygon","properties":{"name":"Gramzdas pag.","shapeGroup":"LVA","gid":"LVA-2-34"},"id":"LVA-2-34"},{"arcs":[[204,205,206,207,208]],"type":"Polygon","properties":{"name":"Vilces pag.","shapeGroup":"LVA","gid":"LVA-2-35"},"id":"LVA-2-35"},{"arcs":[[-55,209,210,211,212,213]],"type":"Polygon","properties":{"name":"Laucesas pag.","shapeGroup":"LVA","gid":"LVA-2-36"},"id":"LVA-2-36"},{"arcs":[[214,215,216,217,218]],"type":"Polygon","properties":{"name":"Laidu pag.","shapeGroup":"LVA","gid":"LVA-2-37"},"id":"LVA-2-37"},{"arcs":[[219,220,221,222]],"type":"Polygon","properties":{"name":"Veselavas pag.","shapeGroup":"LVA","gid":"LVA-2-38"},"id":"LVA-2-38"},{"arcs":[[223,224,225,226,227,228,229,230]],"type":"Polygon","properties":{"name":"Rožupes pag.","shapeGroup":"LVA","gid":"LVA-2-39"},"id":"LVA-2-39"},{"arcs":[[231,232,233,234,235,236,237]],"type":"Polygon","properties":{"name":"Saulkrastu pag.","shapeGroup":"LVA","gid":"LVA-2-40"},"id":"LVA-2-40"},{"arcs":[[-104,238,239,240,-235,241]],"type":"Polygon","properties":{"name":"Ādažu pag.","shapeGroup":"LVA","gid":"LVA-2-41"},"id":"LVA-2-41"},{"arcs":[[242,243,244,245,246,247,248]],"type":"Polygon","properties":{"name":"Bunkas pag.","shapeGroup":"LVA","gid":"LVA-2-42"},"id":"LVA-2-42"},{"arcs":[[249,250,251,252,253,254]],"type":"Polygon","properties":{"name":"Nirzas pag.","shapeGroup":"LVA","gid":"LVA-2-43"},"id":"LVA-2-43"},{"arcs":[[-32,255,256,257,258,259]],"type":"Polygon","properties":{"name":"Ķeipenes pag.","shapeGroup":"LVA","gid":"LVA-2-44"},"id":"LVA-2-44"},{"arcs":[[260,261,262,263,264]],"type":"Polygon","properties":{"name":"Penkules pag.","shapeGroup":"LVA","gid":"LVA-2-45"},"id":"LVA-2-45"},{"arcs":[[265,266,267,268,269,270]],"type":"Polygon","properties":{"name":"Sokolku pag.","shapeGroup":"LVA","gid":"LVA-2-46"},"id":"LVA-2-46"},{"arcs":[[-28,-260,271,272,273,274,275]],"type":"Polygon","properties":{"name":"Zaubes pag.","shapeGroup":"LVA","gid":"LVA-2-47"},"id":"LVA-2-47"},{"arcs":[[276,277,278,279,280,281,282,283,284,285]],"type":"Polygon","properties":{"name":"Jērcēnu pag.","shapeGroup":"LVA","gid":"LVA-2-48"},"id":"LVA-2-48"},{"arcs":[[286,287,288,289,290]],"type":"Polygon","properties":{"name":"Lestenes pag.","shapeGroup":"LVA","gid":"LVA-2-49"},"id":"LVA-2-49"},{"arcs":[[291,292,293,294]],"type":"Polygon","properties":{"name":"Inešu pag.","shapeGroup":"LVA","gid":"LVA-2-50"},"id":"LVA-2-50"},{"arcs":[[-145,295,296,297,298,299]],"type":"Polygon","properties":{"name":"Dzelzavas pag.","shapeGroup":"LVA","gid":"LVA-2-51"},"id":"LVA-2-51"},{"arcs":[[-144,300,301,302,303,-296]],"type":"Polygon","properties":{"name":"Sarkaņu pag.","shapeGroup":"LVA","gid":"LVA-2-52"},"id":"LVA-2-52"},{"arcs":[[-54,304,305,306,307,308,309,310,311]],"type":"Polygon","properties":{"name":"Tīnūžu pag.","shapeGroup":"LVA","gid":"LVA-2-53"},"id":"LVA-2-53"},{"arcs":[[-36,312,313,314,315,316]],"type":"Polygon","properties":{"name":"Zemītes pag.","shapeGroup":"LVA","gid":"LVA-2-54"},"id":"LVA-2-54"},{"arcs":[[317,318,319,320,321,322,323,324]],"type":"Polygon","properties":{"name":"Sīļukalna pag.","shapeGroup":"LVA","gid":"LVA-2-55"},"id":"LVA-2-55"},{"arcs":[[-78,325,326,327,328,329,-301,-143]],"type":"Polygon","properties":{"name":"Praulienas pag.","shapeGroup":"LVA","gid":"LVA-2-56"},"id":"LVA-2-56"},{"arcs":[[330,331,332,333,334,335]],"type":"Polygon","properties":{"name":"Engures pag.","shapeGroup":"LVA","gid":"LVA-2-57"},"id":"LVA-2-57"},{"arcs":[[-39,336,337,338,339,340,341,342],[343]],"type":"Polygon","properties":{"name":"Abavas pag.","shapeGroup":"LVA","gid":"LVA-2-58"},"id":"LVA-2-58"},{"arcs":[[-99,344,-117,345,346,347]],"type":"Polygon","properties":{"name":"Svariņu pag.","shapeGroup":"LVA","gid":"LVA-2-59"},"id":"LVA-2-59"},{"arcs":[[-123,-199,348,349,350,351]],"type":"Polygon","properties":{"name":"Krāslavas pag.","shapeGroup":"LVA","gid":"LVA-2-60"},"id":"LVA-2-60"},{"arcs":[[-244,352,353,354,355,356]],"type":"Polygon","properties":{"name":"Tadaiķu pag.","shapeGroup":"LVA","gid":"LVA-2-61"},"id":"LVA-2-61"},{"arcs":[[357,358,359,360,361]],"type":"Polygon","properties":{"name":"Bērzaines pag.","shapeGroup":"LVA","gid":"LVA-2-62"},"id":"LVA-2-62"},{"arcs":[[-246,362,363,364,365]],"type":"Polygon","properties":{"name":"Vecpils pag.","shapeGroup":"LVA","gid":"LVA-2-63"},"id":"LVA-2-63"},{"arcs":[[-128,366,367,368,369,370,371]],"type":"Polygon","properties":{"name":"Blontu pag.","shapeGroup":"LVA","gid":"LVA-2-64"},"id":"LVA-2-64"},{"arcs":[[-129,-372,372,373,374]],"type":"Polygon","properties":{"name":"Mērdzenes pag.","shapeGroup":"LVA","gid":"LVA-2-65"},"id":"LVA-2-65"},{"arcs":[[375,376,377,378,379]],"type":"Polygon","properties":{"name":"Šķēdes pag.","shapeGroup":"LVA","gid":"LVA-2-66"},"id":"LVA-2-66"},{"arcs":[[-247,-366,380,381,382,383,384,385]],"type":"Polygon","properties":{"name":"Kalvenes pag.","shapeGroup":"LVA","gid":"LVA-2-67"},"id":"LVA-2-67"},{"arcs":[[-328,386,387,388,389,390]],"type":"Polygon","properties":{"name":"Mārcienas pag.","shapeGroup":"LVA","gid":"LVA-2-68"},"id":"LVA-2-68"},{"arcs":[[-378,391,392,393,394]],"type":"Polygon","properties":{"name":"Jaunlutriņu pag.","shapeGroup":"LVA","gid":"LVA-2-69"},"id":"LVA-2-69"},{"arcs":[[-291,395,396,-314,397,398,399]],"type":"Polygon","properties":{"name":"Irlavas pag.","shapeGroup":"LVA","gid":"LVA-2-70"},"id":"LVA-2-70"},{"arcs":[[400,401,402,403,404]],"type":"Polygon","properties":{"name":"Litenes pag.","shapeGroup":"LVA","gid":"LVA-2-71"},"id":"LVA-2-71"},{"arcs":[[-48,405,-253,406]],"type":"Polygon","properties":{"name":"Lauderu pag.","shapeGroup":"LVA","gid":"LVA-2-72"},"id":"LVA-2-72"},{"arcs":[[407,408,409,410]],"type":"Polygon","properties":{"name":"Rites pag.","shapeGroup":"LVA","gid":"LVA-2-73"},"id":"LVA-2-73"},{"arcs":[[-140,411,412,413,414,415,416]],"type":"Polygon","properties":{"name":"Grāveru pag.","shapeGroup":"LVA","gid":"LVA-2-74"},"id":"LVA-2-74"},{"arcs":[[-217,417,418,419,-383,420]],"type":"Polygon","properties":{"name":"Rudbāržu pag.","shapeGroup":"LVA","gid":"LVA-2-75"},"id":"LVA-2-75"},{"arcs":[[421,422,423,424,425,426,427]],"type":"Polygon","properties":{"name":"Stalbes pag.","shapeGroup":"LVA","gid":"LVA-2-76"},"id":"LVA-2-76"},{"arcs":[[-223,428,429,430,431,432,433,434]],"type":"Polygon","properties":{"name":"Vaives pag.","shapeGroup":"LVA","gid":"LVA-2-77"},"id":"LVA-2-77"},{"arcs":[[435,436,437,438,439]],"type":"Polygon","properties":{"name":"Lielvārdes pag.","shapeGroup":"LVA","gid":"LVA-2-78"},"id":"LVA-2-78"},{"arcs":[[440,441,442,443,444,445]],"type":"Polygon","properties":{"name":"Liepnas pag.","shapeGroup":"LVA","gid":"LVA-2-79"},"id":"LVA-2-79"},{"arcs":[[-411,446,447,448,449,450]],"type":"Polygon","properties":{"name":"Elkšņu pag.","shapeGroup":"LVA","gid":"LVA-2-80"},"id":"LVA-2-80"},{"arcs":[[451,452,453,454]],"type":"Polygon","properties":{"name":"Briežuciema pag.","shapeGroup":"LVA","gid":"LVA-2-81"},"id":"LVA-2-81"},{"arcs":[[-12,455,456,457,458,459,-266,460]],"type":"Polygon","properties":{"name":"Silmalas pag.","shapeGroup":"LVA","gid":"LVA-2-82"},"id":"LVA-2-82"},{"arcs":[[-331,461,462,463]],"type":"Polygon","properties":{"name":"Lapmežciema pag.","shapeGroup":"LVA","gid":"LVA-2-83"},"id":"LVA-2-83"},{"arcs":[[-432,464,465,466,467]],"type":"Polygon","properties":{"name":"Amatas pag.","shapeGroup":"LVA","gid":"LVA-2-84"},"id":"LVA-2-84"},{"arcs":[[468,469,470,471,472,473],[474]],"type":"Polygon","properties":{"name":"Kokneses pag.","shapeGroup":"LVA","gid":"LVA-2-85"},"id":"LVA-2-85"},{"arcs":[[475,476,477,478,479,480]],"type":"Polygon","properties":{"name":"Medņevas pag.","shapeGroup":"LVA","gid":"LVA-2-86"},"id":"LVA-2-86"},{"arcs":[[481,482,483,484,485,486]],"type":"Polygon","properties":{"name":"Krimūnu pag.","shapeGroup":"LVA","gid":"LVA-2-87"},"id":"LVA-2-87"},{"arcs":[[487,488,489,490,491]],"type":"Polygon","properties":{"name":"Jaunbērzes pag.","shapeGroup":"LVA","gid":"LVA-2-88"},"id":"LVA-2-88"},{"arcs":[[-228,492,-318,493,494,495,496]],"type":"Polygon","properties":{"name":"Saunas pag.","shapeGroup":"LVA","gid":"LVA-2-89"},"id":"LVA-2-89"},{"arcs":[[-359,497,498,499,500,501,502,-423,503,504]],"type":"Polygon","properties":{"name":"Kocēnu pag.","shapeGroup":"LVA","gid":"LVA-2-90"},"id":"LVA-2-90"},{"arcs":[[-65,505,506,507,508,509]],"type":"Polygon","properties":{"name":"Cenu pag.","shapeGroup":"LVA","gid":"LVA-2-91"},"id":"LVA-2-91"},{"arcs":[[510,511,512,513,514,515,516]],"type":"Polygon","properties":{"name":"Kurmāles pag.","shapeGroup":"LVA","gid":"LVA-2-92"},"id":"LVA-2-92"},{"arcs":[[-70,517,518,519,520]],"type":"Polygon","properties":{"name":"Mārsnēnu pag.","shapeGroup":"LVA","gid":"LVA-2-93"},"id":"LVA-2-93"},{"arcs":[[-83,521,522,-389,523]],"type":"Polygon","properties":{"name":"Bērzaunes pag.","shapeGroup":"LVA","gid":"LVA-2-94"},"id":"LVA-2-94"},{"arcs":[[524,525,526,527]],"type":"Polygon","properties":{"name":"Veclaicenes pag.","shapeGroup":"LVA","gid":"LVA-2-95"},"id":"LVA-2-95"},{"arcs":[[528,529]],"type":"Polygon","properties":{"name":"Kupravas pag.","shapeGroup":"LVA","gid":"LVA-2-96"},"id":"LVA-2-96"},{"arcs":[[-167,530,531,532,533,534,535]],"type":"Polygon","properties":{"name":"Ziru pag.","shapeGroup":"LVA","gid":"LVA-2-97"},"id":"LVA-2-97"},{"arcs":[[536,537,538,539,540,541,542]],"type":"Polygon","properties":{"name":"Maļinovas pag.","shapeGroup":"LVA","gid":"LVA-2-98"},"id":"LVA-2-98"},{"arcs":[[-535,543,544,545,546],[547]],"type":"Polygon","properties":{"name":"Piltenes pag.","shapeGroup":"LVA","gid":"LVA-2-99"},"id":"LVA-2-99"},{"arcs":[[-150,548,549,-183,550,551]],"type":"Polygon","properties":{"name":"Bērzpils pag.","shapeGroup":"LVA","gid":"LVA-2-100"},"id":"LVA-2-100"},{"arcs":[[-141,-417,552,553,554,555]],"type":"Polygon","properties":{"name":"Kastuļinas pag.","shapeGroup":"LVA","gid":"LVA-2-101"},"id":"LVA-2-101"},{"arcs":[[556,557,558,559]],"type":"Polygon","properties":{"name":"Zasas pag.","shapeGroup":"LVA","gid":"LVA-2-102"},"id":"LVA-2-102"},{"arcs":[[-377,560,561,562,563,564,565,-392]],"type":"Polygon","properties":{"name":"Gaiķu pag.","shapeGroup":"LVA","gid":"LVA-2-103"},"id":"LVA-2-103"},{"arcs":[[-71,-521,566,-501,567,568]],"type":"Polygon","properties":{"name":"Kauguru pag.","shapeGroup":"LVA","gid":"LVA-2-104"},"id":"LVA-2-104"},{"arcs":[[-267,-460,569,570,571,-324,572]],"type":"Polygon","properties":{"name":"Galēnu pag.","shapeGroup":"LVA","gid":"LVA-2-105"},"id":"LVA-2-105"},{"arcs":[[-114,573,574,575,576,577]],"type":"Polygon","properties":{"name":"Lielauces pag.","shapeGroup":"LVA","gid":"LVA-2-106"},"id":"LVA-2-106"},{"arcs":[[-154,578,579,580,581,582],[583]],"type":"Polygon","properties":{"name":"Ārlavas pag.","shapeGroup":"LVA","gid":"LVA-2-107"},"id":"LVA-2-107"},{"arcs":[[584,585,586,587]],"type":"Polygon","properties":{"name":"Svitenes pag.","shapeGroup":"LVA","gid":"LVA-2-108"},"id":"LVA-2-108"},{"arcs":[[588,589,590,591]],"type":"Polygon","properties":{"name":"Zaņas pag.","shapeGroup":"LVA","gid":"LVA-2-109"},"id":"LVA-2-109"},{"arcs":[[-516,592,593,594,595]],"type":"Polygon","properties":{"name":"Pelču pag.","shapeGroup":"LVA","gid":"LVA-2-110"},"id":"LVA-2-110"},{"arcs":[[-351,596,597,-413,598,599]],"type":"Polygon","properties":{"name":"Kombuļu pag.","shapeGroup":"LVA","gid":"LVA-2-111"},"id":"LVA-2-111"},{"arcs":[[600,601,602,603]],"type":"Polygon","properties":{"name":"Lizuma pag.","shapeGroup":"LVA","gid":"LVA-2-112"},"id":"LVA-2-112"},{"arcs":[[-339,604,605,606,607]],"type":"Polygon","properties":{"name":"Rendas pag.","shapeGroup":"LVA","gid":"LVA-2-113"},"id":"LVA-2-113"},{"arcs":[[-450,608,609,610,611,612,613,614,615]],"type":"Polygon","properties":{"name":"Aknīstes pag.","shapeGroup":"LVA","gid":"LVA-2-114"},"id":"LVA-2-114"},{"arcs":[[616,617,618,619,620]],"type":"Polygon","properties":{"name":"Vectilžas pag.","shapeGroup":"LVA","gid":"LVA-2-115"},"id":"LVA-2-115"},{"arcs":[[621,622,623,624,625]],"type":"Polygon","properties":{"name":"Ceraukstes pag.","shapeGroup":"LVA","gid":"LVA-2-116"},"id":"LVA-2-116"},{"arcs":[[-534,626,627,628,629,-544]],"type":"Polygon","properties":{"name":"Vārves pag.","shapeGroup":"LVA","gid":"LVA-2-117"},"id":"LVA-2-117"},{"arcs":[[-290,630,631,632,633,634,-396]],"type":"Polygon","properties":{"name":"Jaunpils pag.","shapeGroup":"LVA","gid":"LVA-2-118"},"id":"LVA-2-118"},{"arcs":[[-458,635,636,-555,637,638]],"type":"Polygon","properties":{"name":"Feimaņu pag.","shapeGroup":"LVA","gid":"LVA-2-119"},"id":"LVA-2-119"},{"arcs":[[-402,639,640,641,642,643,644,645,646]],"type":"Polygon","properties":{"name":"Kubulu pag.","shapeGroup":"LVA","gid":"LVA-2-120"},"id":"LVA-2-120"},{"arcs":[[-243,647,648,649,-353]],"type":"Polygon","properties":{"name":"Gaviezes pag.","shapeGroup":"LVA","gid":"LVA-2-121"},"id":"LVA-2-121"},{"arcs":[[-186,650,651,652,653]],"type":"Polygon","properties":{"name":"Liepupes pag.","shapeGroup":"LVA","gid":"LVA-2-122"},"id":"LVA-2-122"},{"arcs":[[-539,654,655,656,657,658]],"type":"Polygon","properties":{"name":"Kalupes pag.","shapeGroup":"LVA","gid":"LVA-2-123"},"id":"LVA-2-123"},{"arcs":[[-316,659,660,-562,661]],"type":"Polygon","properties":{"name":"Zantes pag.","shapeGroup":"LVA","gid":"LVA-2-124"},"id":"LVA-2-124"},{"arcs":[[-149,662,-618,663,-549]],"type":"Polygon","properties":{"name":"Lazdukalna pag.","shapeGroup":"LVA","gid":"LVA-2-125"},"id":"LVA-2-125"},{"arcs":[[-95,664,665,666,667]],"type":"Polygon","properties":{"name":"Braslavas pag.","shapeGroup":"LVA","gid":"LVA-2-126"},"id":"LVA-2-126"},{"arcs":[[-7,-142,-556,-637,668]],"type":"Polygon","properties":{"name":"Pušas pag.","shapeGroup":"LVA","gid":"LVA-2-127"},"id":"LVA-2-127"},{"arcs":[[-207,669,670,671,672]],"type":"Polygon","properties":{"name":"Elejas pag.","shapeGroup":"LVA","gid":"LVA-2-128"},"id":"LVA-2-128"},{"arcs":[[-560,673,674,675,676,677,-611,678]],"type":"Polygon","properties":{"name":"Rubenes pag.","shapeGroup":"LVA","gid":"LVA-2-129"},"id":"LVA-2-129"},{"arcs":[[-404,679,680,681,682,683]],"type":"Polygon","properties":{"name":"Stradu pag.","shapeGroup":"LVA","gid":"LVA-2-130"},"id":"LVA-2-130"},{"arcs":[[-454,684,-621,685,-479,686]],"type":"Polygon","properties":{"name":"Lazdulejas pag.","shapeGroup":"LVA","gid":"LVA-2-131"},"id":"LVA-2-131"},{"arcs":[[687,688,689,690,691,692]],"type":"Polygon","properties":{"name":"Mazzalves pag.","shapeGroup":"LVA","gid":"LVA-2-132"},"id":"LVA-2-132"},{"arcs":[[693,694,695,696]],"type":"Polygon","properties":{"name":"Kolkas pag.","shapeGroup":"LVA","gid":"LVA-2-133"},"id":"LVA-2-133"},{"arcs":[[697,698,699,700,701,702,703,704,705,706]],"type":"Polygon","properties":{"name":"Sakas pag.","shapeGroup":"LVA","gid":"LVA-2-134"},"id":"LVA-2-134"},{"arcs":[[707,708,709,710,711,712]],"type":"Polygon","properties":{"name":"Eglaines pag.","shapeGroup":"LVA","gid":"LVA-2-135"},"id":"LVA-2-135"},{"arcs":[[-181,713,714,715,716,717,718]],"type":"Polygon","properties":{"name":"Nautrēnu pag.","shapeGroup":"LVA","gid":"LVA-2-136"},"id":"LVA-2-136"},{"arcs":[[719,720,721,722,723,724]],"type":"Polygon","properties":{"name":"Krustpils pag.","shapeGroup":"LVA","gid":"LVA-2-137"},"id":"LVA-2-137"},{"arcs":[[-213,725,726,727]],"type":"Polygon","properties":{"name":"Kalkūnes pag.","shapeGroup":"LVA","gid":"LVA-2-138"},"id":"LVA-2-138"},{"arcs":[[-91,728,729,730,731]],"type":"Polygon","properties":{"name":"Sēļu pag.","shapeGroup":"LVA","gid":"LVA-2-139"},"id":"LVA-2-139"},{"arcs":[[-287,-400,732,733,734]],"type":"Polygon","properties":{"name":"Degoles pag.","shapeGroup":"LVA","gid":"LVA-2-140"},"id":"LVA-2-140"},{"arcs":[[735,736,737,738]],"type":"Polygon","properties":{"name":"Pureņu pag.","shapeGroup":"LVA","gid":"LVA-2-141"},"id":"LVA-2-141"},{"arcs":[[-612,-678,739,740]],"type":"Polygon","properties":{"name":"Asares pag.","shapeGroup":"LVA","gid":"LVA-2-142"},"id":"LVA-2-142"},{"arcs":[[741,742,743,744,745,746]],"type":"Polygon","properties":{"name":"Virešu pag.","shapeGroup":"LVA","gid":"LVA-2-143"},"id":"LVA-2-143"},{"arcs":[[-155,-583,747,748,749]],"type":"Polygon","properties":{"name":"Vandzenes pag.","shapeGroup":"LVA","gid":"LVA-2-144"},"id":"LVA-2-144"},{"arcs":[[-251,750,751,752,753,754,755,756]],"type":"Polygon","properties":{"name":"Briģu pag.","shapeGroup":"LVA","gid":"LVA-2-145"},"id":"LVA-2-145"},{"arcs":[[-739,757,758,759,760]],"type":"Polygon","properties":{"name":"Ņukšu pag.","shapeGroup":"LVA","gid":"LVA-2-146"},"id":"LVA-2-146"},{"arcs":[[-110,761,762,-632,763,764,765,766]],"type":"Polygon","properties":{"name":"Annenieku pag.","shapeGroup":"LVA","gid":"LVA-2-147"},"id":"LVA-2-147"},{"arcs":[[[-699,767,768,769,770,771,772]],[[773,774,775]]],"type":"MultiPolygon","properties":{"name":"Lažas pag.","shapeGroup":"LVA","gid":"LVA-2-148"},"id":"LVA-2-148"},{"arcs":[[-371,776,777,-373]],"type":"Polygon","properties":{"name":"Pušmucovas pag.","shapeGroup":"LVA","gid":"LVA-2-149"},"id":"LVA-2-149"},{"arcs":[[-26,778,779,780,-326,-77]],"type":"Polygon","properties":{"name":"Mētrienas pag.","shapeGroup":"LVA","gid":"LVA-2-150"},"id":"LVA-2-150"},{"arcs":[[-563,-661,781,-634,782,783,784]],"type":"Polygon","properties":{"name":"Remtes pag.","shapeGroup":"LVA","gid":"LVA-2-151"},"id":"LVA-2-151"},{"arcs":[[-34,785,786,787,788,789]],"type":"Polygon","properties":{"name":"Pūres pag.","shapeGroup":"LVA","gid":"LVA-2-152"},"id":"LVA-2-152"},{"arcs":[[-625,790,791,792,793]],"type":"Polygon","properties":{"name":"Gailīšu pag.","shapeGroup":"LVA","gid":"LVA-2-153"},"id":"LVA-2-153"},{"arcs":[[-263,794,795,796,797,798]],"type":"Polygon","properties":{"name":"Bukaišu pag.","shapeGroup":"LVA","gid":"LVA-2-154"},"id":"LVA-2-154"},{"arcs":[[-307,799,800,801,802]],"type":"Polygon","properties":{"name":"Daugmales pag.","shapeGroup":"LVA","gid":"LVA-2-155"},"id":"LVA-2-155"},{"arcs":[[-108,803,804,805,806,807,808]],"type":"Polygon","properties":{"name":"Siguldas pag.","shapeGroup":"LVA","gid":"LVA-2-156"},"id":"LVA-2-156"},{"arcs":[[-361,809,-504,-422,810,811,812,813]],"type":"Polygon","properties":{"name":"Dikļu pag.","shapeGroup":"LVA","gid":"LVA-2-157"},"id":"LVA-2-157"},{"arcs":[[-261,814,-766,815,816,-483,817]],"type":"Polygon","properties":{"name":"Auru pag.","shapeGroup":"LVA","gid":"LVA-2-158"},"id":"LVA-2-158"},{"arcs":[[-430,818,819,820,821,822]],"type":"Polygon","properties":{"name":"Taurenes pag.","shapeGroup":"LVA","gid":"LVA-2-159"},"id":"LVA-2-159"},{"arcs":[[-582,823,824,-696,825,826,-748]],"type":"Polygon","properties":{"name":"Rojas pag.","shapeGroup":"LVA","gid":"LVA-2-160"},"id":"LVA-2-160"},{"arcs":[[-428,827,828,829,-811]],"type":"Polygon","properties":{"name":"Umurgas pag.","shapeGroup":"LVA","gid":"LVA-2-161"},"id":"LVA-2-161"},{"arcs":[[-442,830,831,832,833]],"type":"Polygon","properties":{"name":"Žīguru pag.","shapeGroup":"LVA","gid":"LVA-2-162"},"id":"LVA-2-162"},{"arcs":[[-227,834,835,-319,-493]],"type":"Polygon","properties":{"name":"Rudzātu pag.","shapeGroup":"LVA","gid":"LVA-2-163"},"id":"LVA-2-163"},{"arcs":[[-231,836,837,838,-658,839,840]],"type":"Polygon","properties":{"name":"Rožkalnu pag.","shapeGroup":"LVA","gid":"LVA-2-164"},"id":"LVA-2-164"},{"arcs":[[-87,841,-474,842,843,844,845]],"type":"Polygon","properties":{"name":"Bebru pag.","shapeGroup":"LVA","gid":"LVA-2-165"},"id":"LVA-2-165"},{"arcs":[[-4,846,847,-760,848,849,850,851]],"type":"Polygon","properties":{"name":"Kaunatas pag.","shapeGroup":"LVA","gid":"LVA-2-166"},"id":"LVA-2-166"},{"arcs":[[-18,852,853,-651,-185]],"type":"Polygon","properties":{"name":"Viļķenes pag.","shapeGroup":"LVA","gid":"LVA-2-167"},"id":"LVA-2-167"},{"arcs":[[-156,-750,854,855,856,857,858]],"type":"Polygon","properties":{"name":"Laucienes pag.","shapeGroup":"LVA","gid":"LVA-2-168"},"id":"LVA-2-168"},{"arcs":[[-130,-375,859,860,861,862,863]],"type":"Polygon","properties":{"name":"Malnavas pag.","shapeGroup":"LVA","gid":"LVA-2-169"},"id":"LVA-2-169"},{"arcs":[[-68,864,-283,865,866,867,868]],"type":"Polygon","properties":{"name":"Trikātas pag.","shapeGroup":"LVA","gid":"LVA-2-170"},"id":"LVA-2-170"},{"arcs":[[869,870,871,872,873]],"type":"Polygon","properties":{"name":"Brantu pag.","shapeGroup":"LVA","gid":"LVA-2-171"},"id":"LVA-2-171"},{"arcs":[[-88,-846,874,875]],"type":"Polygon","properties":{"name":"Iršu pag.","shapeGroup":"LVA","gid":"LVA-2-172"},"id":"LVA-2-172"},{"arcs":[[-146,-300,876,877]],"type":"Polygon","properties":{"name":"Līgo pag.","shapeGroup":"LVA","gid":"LVA-2-173"},"id":"LVA-2-173"},{"arcs":[[878,879,880,881]],"type":"Polygon","properties":{"name":"Stopiņu pag.","shapeGroup":"LVA","gid":"LVA-2-174"},"id":"LVA-2-174"},{"arcs":[[-61,882,883,-506,-64,884,885,886,887,-489,888,889]],"type":"Polygon","properties":{"name":"Valgundes pag.","shapeGroup":"LVA","gid":"LVA-2-175"},"id":"LVA-2-175"},{"arcs":[[-289,890,-889,-488,891,-764,-631]],"type":"Polygon","properties":{"name":"Džūkstes pag.","shapeGroup":"LVA","gid":"LVA-2-176"},"id":"LVA-2-176"},{"arcs":[[-147,-878,892,893,894,-681,895]],"type":"Polygon","properties":{"name":"Daukstu pag.","shapeGroup":"LVA","gid":"LVA-2-177"},"id":"LVA-2-177"},{"arcs":[[-415,896,897,898]],"type":"Polygon","properties":{"name":"Šķeltovas pag.","shapeGroup":"LVA","gid":"LVA-2-178"},"id":"LVA-2-178"},{"arcs":[[-385,899,900,901,902]],"type":"Polygon","properties":{"name":"Embūtes pag.","shapeGroup":"LVA","gid":"LVA-2-179"},"id":"LVA-2-179"},{"arcs":[[903,904,905,906,907]],"type":"Polygon","properties":{"name":"Skaistkalnes pag.","shapeGroup":"LVA","gid":"LVA-2-180"},"id":"LVA-2-180"},{"arcs":[[-368,908,-753,909]],"type":"Polygon","properties":{"name":"Līdumnieku pag.","shapeGroup":"LVA","gid":"LVA-2-181"},"id":"LVA-2-181"},{"arcs":[[-308,-803,910,911,-881,912,-310],[913]],"type":"Polygon","properties":{"name":"Salaspils pag.","shapeGroup":"LVA","gid":"LVA-2-182"},"id":"LVA-2-182"},{"arcs":[[-401,914,915,916,917,-640]],"type":"Polygon","properties":{"name":"Jaunannas pag.","shapeGroup":"LVA","gid":"LVA-2-183"},"id":"LVA-2-183"},{"arcs":[[918,919,920,921,922,923]],"type":"Polygon","properties":{"name":"Stelpes pag.","shapeGroup":"LVA","gid":"LVA-2-184"},"id":"LVA-2-184"},{"arcs":[[-166,924,925,-707,926,-531]],"type":"Polygon","properties":{"name":"Alsungas pag.","shapeGroup":"LVA","gid":"LVA-2-185"},"id":"LVA-2-185"},{"arcs":[[-427,927,928,929,930,-652,-854,931,932,-828]],"type":"Polygon","properties":{"name":"Limbažu pag.","shapeGroup":"LVA","gid":"LVA-2-186"},"id":"LVA-2-186"},{"arcs":[[-268,-573,-323,933,934,935,-270,936]],"type":"Polygon","properties":{"name":"Viļānu pag.","shapeGroup":"LVA","gid":"LVA-2-187"},"id":"LVA-2-187"},{"arcs":[[-1,-669,-636,-457,937]],"type":"Polygon","properties":{"name":"Maltas pag.","shapeGroup":"LVA","gid":"LVA-2-188"},"id":"LVA-2-188"},{"arcs":[[-424,-503,938,939]],"type":"Polygon","properties":{"name":"Vaidavas pag.","shapeGroup":"LVA","gid":"LVA-2-189"},"id":"LVA-2-189"},{"arcs":[[-176,940,941,-871,942,-868,943]],"type":"Polygon","properties":{"name":"Smiltenes pag.","shapeGroup":"LVA","gid":"LVA-2-190"},"id":"LVA-2-190"},{"arcs":[[-333,944,945,-788,946]],"type":"Polygon","properties":{"name":"Sēmes pag.","shapeGroup":"LVA","gid":"LVA-2-191"},"id":"LVA-2-191"},{"arcs":[[-35,-790,947,-398,-313]],"type":"Polygon","properties":{"name":"Jaunsātu pag.","shapeGroup":"LVA","gid":"LVA-2-192"},"id":"LVA-2-192"},{"arcs":[[-594,948,949,950,951,952,-606,953,954]],"type":"Polygon","properties":{"name":"Rumbas pag.","shapeGroup":"LVA","gid":"LVA-2-193"},"id":"LVA-2-193"},{"arcs":[[-425,-940,955,956,957,958,959]],"type":"Polygon","properties":{"name":"Raiskuma pag.","shapeGroup":"LVA","gid":"LVA-2-194"},"id":"LVA-2-194"},{"arcs":[[-564,-785,960,961,962,963,964],[965]],"type":"Polygon","properties":{"name":"Cieceres pag.","shapeGroup":"LVA","gid":"LVA-2-195"},"id":"LVA-2-195"},{"arcs":[[-921,966,967,968]],"type":"Polygon","properties":{"name":"Dāviņu pag.","shapeGroup":"LVA","gid":"LVA-2-196"},"id":"LVA-2-196"},{"arcs":[[-697,-825,969,970,971,972,973]],"type":"Polygon","properties":{"name":"Dundagas pag.","shapeGroup":"LVA","gid":"LVA-2-197"},"id":"LVA-2-197"},{"arcs":[[-576,974,975,976,977,978,-962,979]],"type":"Polygon","properties":{"name":"Zvārdes pag.","shapeGroup":"LVA","gid":"LVA-2-198"},"id":"LVA-2-198"},{"arcs":[[-38,980,981,-337]],"type":"Polygon","properties":{"name":"Matkules pag.","shapeGroup":"LVA","gid":"LVA-2-199"},"id":"LVA-2-199"},{"arcs":[[982,983,984,985]],"type":"Polygon","properties":{"name":"Kantinieku pag.","shapeGroup":"LVA","gid":"LVA-2-200"},"id":"LVA-2-200"},{"arcs":[[-693,986,987,988,989,990]],"type":"Polygon","properties":{"name":"Zalves pag.","shapeGroup":"LVA","gid":"LVA-2-201"},"id":"LVA-2-201"},{"arcs":[[-172,991,992,-196,993,994]],"type":"Polygon","properties":{"name":"Salienas pag.","shapeGroup":"LVA","gid":"LVA-2-202"},"id":"LVA-2-202"},{"arcs":[[-622,995,996,997,998,-968,999]],"type":"Polygon","properties":{"name":"Codes pag.","shapeGroup":"LVA","gid":"LVA-2-203"},"id":"LVA-2-203"},{"arcs":[[-72,-461,-271,-936,1000,-985,1001]],"type":"Polygon","properties":{"name":"Sakstagala pag.","shapeGroup":"LVA","gid":"LVA-2-204"},"id":"LVA-2-204"},{"arcs":[[-236,-241,1002,1003,1004]],"type":"Polygon","properties":{"name":"Carnikavas pag.","shapeGroup":"LVA","gid":"LVA-2-205"},"id":"LVA-2-205"},{"arcs":[[-220,-435,1005,-957,1006,1007]],"type":"Polygon","properties":{"name":"Priekuļu pag.","shapeGroup":"LVA","gid":"LVA-2-206"},"id":"LVA-2-206"},{"arcs":[[-94,1008,-362,-814,1009,-665]],"type":"Polygon","properties":{"name":"Matīšu pag.","shapeGroup":"LVA","gid":"LVA-2-207"},"id":"LVA-2-207"},{"arcs":[[-591,1010,1011,1012,-901,1013,1014]],"type":"Polygon","properties":{"name":"Nīgrandes pag.","shapeGroup":"LVA","gid":"LVA-2-208"},"id":"LVA-2-208"},{"arcs":[[-84,-524,-388,1015,1016,1017]],"type":"Polygon","properties":{"name":"Kalsnavas pag.","shapeGroup":"LVA","gid":"LVA-2-209"},"id":"LVA-2-209"},{"arcs":[[-19,1018,-934,-322,1019,1020,1021,-75]],"type":"Polygon","properties":{"name":"Dekšāres pag.","shapeGroup":"LVA","gid":"LVA-2-210"},"id":"LVA-2-210"},{"arcs":[[-502,-567,-520,1022,-1007,-956,-939]],"type":"Polygon","properties":{"name":"Liepas pag.","shapeGroup":"LVA","gid":"LVA-2-211"},"id":"LVA-2-211"},{"arcs":[[-575,1023,1024,1025,1026,1027,1028,1029,1030,-975]],"type":"Polygon","properties":{"name":"Vītiņu pag.","shapeGroup":"LVA","gid":"LVA-2-212"},"id":"LVA-2-212"},{"arcs":[[-471,1031,1032,1033,1034,1035,1036,1037,1038,1039,1040]],"type":"Polygon","properties":{"name":"Sērenes pag.","shapeGroup":"LVA","gid":"LVA-2-213"},"id":"LVA-2-213"},{"arcs":[[-527,1041,1042,1043,1044,1045,1046]],"type":"Polygon","properties":{"name":"Ziemera pag.","shapeGroup":"LVA","gid":"LVA-2-214"},"id":"LVA-2-214"},{"arcs":[[-676,1047,1048,-713,1049]],"type":"Polygon","properties":{"name":"Bebrenes pag.","shapeGroup":"LVA","gid":"LVA-2-215"},"id":"LVA-2-215"},{"arcs":[[-624,1050,-907,1051,-791]],"type":"Polygon","properties":{"name":"Brunavas pag.","shapeGroup":"LVA","gid":"LVA-2-216"},"id":"LVA-2-216"},{"arcs":[[-448,1052,-988,1053,1054,1055,1056,1057,1058],[1059]],"type":"Polygon","properties":{"name":"Viesītes pag.","shapeGroup":"LVA","gid":"LVA-2-217"},"id":"LVA-2-217"},{"arcs":[[-692,1060,-1033,1061,-1054,-987]],"type":"Polygon","properties":{"name":"Daudzeses pag.","shapeGroup":"LVA","gid":"LVA-2-218"},"id":"LVA-2-218"},{"arcs":[[-727,1062,1063,1064,1065,1066,1067,1068]],"type":"Polygon","properties":{"name":"Sventes pag.","shapeGroup":"LVA","gid":"LVA-2-219"},"id":"LVA-2-219"},{"arcs":[[-40,-343,1069,1070,1071]],"type":"Polygon","properties":{"name":"Virbu pag.","shapeGroup":"LVA","gid":"LVA-2-220"},"id":"LVA-2-220"},{"arcs":[[-89,-668,1072,1073,1074,1075,1076,1077]],"type":"Polygon","properties":{"name":"Skaņkalnes pag.","shapeGroup":"LVA","gid":"LVA-2-221"},"id":"LVA-2-221"},{"arcs":[[-230,1078,1079,1080,-837]],"type":"Polygon","properties":{"name":"Upmalas pag.","shapeGroup":"LVA","gid":"LVA-2-222"},"id":"LVA-2-222"},{"arcs":[[-5,-852,1081,1082,-136]],"type":"Polygon","properties":{"name":"Andzeļu pag.","shapeGroup":"LVA","gid":"LVA-2-223"},"id":"LVA-2-223"},{"arcs":[[-299,1083,1084,-893,-877]],"type":"Polygon","properties":{"name":"Jaungulbenes pag.","shapeGroup":"LVA","gid":"LVA-2-224"},"id":"LVA-2-224"},{"arcs":[[-603,1085,1086,1087,1088,1089]],"type":"Polygon","properties":{"name":"Rankas pag.","shapeGroup":"LVA","gid":"LVA-2-225"},"id":"LVA-2-225"},{"arcs":[[-148,-896,-680,-403,-647,1090,1091,-619,-663]],"type":"Polygon","properties":{"name":"Rugāju pag.","shapeGroup":"LVA","gid":"LVA-2-226"},"id":"LVA-2-226"},{"arcs":[[-438,1092,1093,1094]],"type":"Polygon","properties":{"name":"Jumpravas pag.","shapeGroup":"LVA","gid":"LVA-2-227"},"id":"LVA-2-227"},{"arcs":[[-106,1095,1096,1097,1098,1099,-805,1100]],"type":"Polygon","properties":{"name":"Krimuldas pag.","shapeGroup":"LVA","gid":"LVA-2-228"},"id":"LVA-2-228"},{"arcs":[[-542,1101,1102,1103,1104]],"type":"Polygon","properties":{"name":"Biķernieku pag.","shapeGroup":"LVA","gid":"LVA-2-229"},"id":"LVA-2-229"},{"arcs":[[-9,1105,1106,1107,1108,1109,1110]],"type":"Polygon","properties":{"name":"Griškānu pag.","shapeGroup":"LVA","gid":"LVA-2-230"},"id":"LVA-2-230"},{"arcs":[[1111,1112,1113,1114,1115]],"type":"Polygon","properties":{"name":"Ērgļu pag.","shapeGroup":"LVA","gid":"LVA-2-231"},"id":"LVA-2-231"},{"arcs":[[-683,1116,1117,1118,1119,1120,1121]],"type":"Polygon","properties":{"name":"Beļavas pag.","shapeGroup":"LVA","gid":"LVA-2-232"},"id":"LVA-2-232"},{"arcs":[[-480,-686,-620,-1092,1122,-643,1123,1124]],"type":"Polygon","properties":{"name":"Bērzkalnes pag.","shapeGroup":"LVA","gid":"LVA-2-233"},"id":"LVA-2-233"},{"arcs":[[-633,-763,1125,1126,-783]],"type":"Polygon","properties":{"name":"Bikstu pag.","shapeGroup":"LVA","gid":"LVA-2-234"},"id":"LVA-2-234"},{"arcs":[[-545,-630,1127,1128,-694,1129,1130,1131]],"type":"Polygon","properties":{"name":"Tārgales pag.","shapeGroup":"LVA","gid":"LVA-2-235"},"id":"LVA-2-235"},{"arcs":[[-297,-304,1132,1133,1134,1135],[1136]],"type":"Polygon","properties":{"name":"Cesvaines pag.","shapeGroup":"LVA","gid":"LVA-2-236"},"id":"LVA-2-236"},{"arcs":[[-124,-352,-600,1137,1138,1139]],"type":"Polygon","properties":{"name":"Skaistas pag.","shapeGroup":"LVA","gid":"LVA-2-237"},"id":"LVA-2-237"},{"arcs":[[-201,1140,-248,-386,-903,1141],[1142]],"type":"Polygon","properties":{"name":"Priekules pag.","shapeGroup":"LVA","gid":"LVA-2-238"},"id":"LVA-2-238"},{"arcs":[[-59,-173,-995,1143,1144,-210]],"type":"Polygon","properties":{"name":"Skrudalienas pag.","shapeGroup":"LVA","gid":"LVA-2-239"},"id":"LVA-2-239"},{"arcs":[[-509,1145,1146,1147,1148,1149]],"type":"Polygon","properties":{"name":"Jaunsvirlaukas pag.","shapeGroup":"LVA","gid":"LVA-2-240"},"id":"LVA-2-240"},{"arcs":[[-85,-1018,1150,-724,1151,1152]],"type":"Polygon","properties":{"name":"Aiviekstes pag.","shapeGroup":"LVA","gid":"LVA-2-241"},"id":"LVA-2-241"},{"arcs":[[-486,1153,1154,1155,1156,1157]],"type":"Polygon","properties":{"name":"Glūdas pag.","shapeGroup":"LVA","gid":"LVA-2-242"},"id":"LVA-2-242"},{"arcs":[[-1080,1158,1159,1160,1161]],"type":"Polygon","properties":{"name":"Vārkavas pag.","shapeGroup":"LVA","gid":"LVA-2-243"},"id":"LVA-2-243"},{"arcs":[[-221,-1008,-1023,-519,1162,-874,1163,1164]],"type":"Polygon","properties":{"name":"Raunas pag.","shapeGroup":"LVA","gid":"LVA-2-244"},"id":"LVA-2-244"},{"arcs":[[-255,1165,-849,-759,1166]],"type":"Polygon","properties":{"name":"Pildas pag.","shapeGroup":"LVA","gid":"LVA-2-245"},"id":"LVA-2-245"},{"arcs":[[-410,1167,-989,-1053,-447]],"type":"Polygon","properties":{"name":"Saukas pag.","shapeGroup":"LVA","gid":"LVA-2-246"},"id":"LVA-2-246"},{"arcs":[[-512,1168,-768,-698,-926,1169]],"type":"Polygon","properties":{"name":"Gudenieku pag.","shapeGroup":"LVA","gid":"LVA-2-247"},"id":"LVA-2-247"},{"arcs":[[-495,1170,-571,1171,1172,1173,1174,1175]],"type":"Polygon","properties":{"name":"Riebiņu pag.","shapeGroup":"LVA","gid":"LVA-2-248"},"id":"LVA-2-248"},{"arcs":[[-508,1176,1177,1178,-1146]],"type":"Polygon","properties":{"name":"Salgales pag.","shapeGroup":"LVA","gid":"LVA-2-249"},"id":"LVA-2-249"},{"arcs":[[-219,1179,-769,-1169,-511,1180]],"type":"Polygon","properties":{"name":"Turlavas pag.","shapeGroup":"LVA","gid":"LVA-2-250"},"id":"LVA-2-250"},{"arcs":[[-677,-1050,-712,1181,1182,1183,-740]],"type":"Polygon","properties":{"name":"Prodes pag.","shapeGroup":"LVA","gid":"LVA-2-251"},"id":"LVA-2-251"},{"arcs":[[1184,1185,1186]],"type":"Polygon","properties":{"name":"Lodes pag.","shapeGroup":"LVA","gid":"LVA-2-252"},"id":"LVA-2-252"},{"arcs":[[-532,-927,-706,1187,1188]],"type":"Polygon","properties":{"name":"Jūrkalnes pag.","shapeGroup":"LVA","gid":"LVA-2-253"},"id":"LVA-2-253"},{"arcs":[[-294,1189,1190,1191,-1134,1192,1193,1194]],"type":"Polygon","properties":{"name":"Liezēres pag.","shapeGroup":"LVA","gid":"LVA-2-254"},"id":"LVA-2-254"},{"arcs":[[-974,1195,1196,-1130]],"type":"Polygon","properties":{"name":"Ances pag.","shapeGroup":"LVA","gid":"LVA-2-255"},"id":"LVA-2-255"},{"arcs":[[-180,1197,1198,1199,-863,1200,-861,1201,-714]],"type":"Polygon","properties":{"name":"Salnavas pag.","shapeGroup":"LVA","gid":"LVA-2-256"},"id":"LVA-2-256"},{"arcs":[[-33,1202,1203,1204,-786]],"type":"Polygon","properties":{"name":"Cēres pag.","shapeGroup":"LVA","gid":"LVA-2-257"},"id":"LVA-2-257"},{"arcs":[[-3,1205,-10,-1111,1206,-847]],"type":"Polygon","properties":{"name":"Čornajas pag.","shapeGroup":"LVA","gid":"LVA-2-258"},"id":"LVA-2-258"},{"arcs":[[-277,1207,1208,1209,1210,1211]],"type":"Polygon","properties":{"name":"Ērģemes pag.","shapeGroup":"LVA","gid":"LVA-2-259"},"id":"LVA-2-259"},{"arcs":[[-607,-953,1212,1213,1214]],"type":"Polygon","properties":{"name":"Usmas pag.","shapeGroup":"LVA","gid":"LVA-2-260"},"id":"LVA-2-260"},{"arcs":[[-384,-420,1215,1216,-1014,-900]],"type":"Polygon","properties":{"name":"Nīkrāces pag.","shapeGroup":"LVA","gid":"LVA-2-261"},"id":"LVA-2-261"},{"arcs":[[-857,1217,1218,-1204,1219]],"type":"Polygon","properties":{"name":"Balgales pag.","shapeGroup":"LVA","gid":"LVA-2-262"},"id":"LVA-2-262"},{"arcs":[[-856,1220,1221,-1218]],"type":"Polygon","properties":{"name":"Ķūļciema pag.","shapeGroup":"LVA","gid":"LVA-2-263"},"id":"LVA-2-263"},{"arcs":[[-179,1222,1223,1224,-747,1225]],"type":"Polygon","properties":{"name":"Grundzāles pag.","shapeGroup":"LVA","gid":"LVA-2-264"},"id":"LVA-2-264"},{"arcs":[[-736,-761,-848,-1207,-1110,1226]],"type":"Polygon","properties":{"name":"Stoļerovas pag.","shapeGroup":"LVA","gid":"LVA-2-265"},"id":"LVA-2-265"},{"arcs":[[1227,1228,1229,1230]],"type":"Polygon","properties":{"name":"Staburaga pag.","shapeGroup":"LVA","gid":"LVA-2-266"},"id":"LVA-2-266"},{"arcs":[[-445,1231,1232,1233,1234,1235,-1044,1236,1237]],"type":"Polygon","properties":{"name":"Jaunalūksnes pag.","shapeGroup":"LVA","gid":"LVA-2-267"},"id":"LVA-2-267"},{"arcs":[[-17,1238,-812,-830,1239,-932,-853]],"type":"Polygon","properties":{"name":"Katvaru pag.","shapeGroup":"LVA","gid":"LVA-2-268"},"id":"LVA-2-268"},{"arcs":[[-379,-395,1240,1241,1242,-595,-955,1243]],"type":"Polygon","properties":{"name":"Vārmes pag.","shapeGroup":"LVA","gid":"LVA-2-269"},"id":"LVA-2-269"},{"arcs":[[-135,1244,1245,-1108,1246]],"type":"Polygon","properties":{"name":"Lendžu pag.","shapeGroup":"LVA","gid":"LVA-2-270"},"id":"LVA-2-270"},{"arcs":[[-554,1247,1248,1249,1250,1251,-1173,1252,-638]],"type":"Polygon","properties":{"name":"Rušonas pag.","shapeGroup":"LVA","gid":"LVA-2-271"},"id":"LVA-2-271"},{"arcs":[[-105,-242,-234,1253,1254,-1096]],"type":"Polygon","properties":{"name":"Sējas pag.","shapeGroup":"LVA","gid":"LVA-2-272"},"id":"LVA-2-272"},{"arcs":[[-233,1255,-653,-931,1256,-1254]],"type":"Polygon","properties":{"name":"Skultes pag.","shapeGroup":"LVA","gid":"LVA-2-273"},"id":"LVA-2-273"},{"arcs":[[-473,1257,1258,1259,1260,-843]],"type":"Polygon","properties":{"name":"Krapes pag.","shapeGroup":"LVA","gid":"LVA-2-274"},"id":"LVA-2-274"},{"arcs":[[-191,1261,1262,1263]],"type":"Polygon","properties":{"name":"Ainažu pag.","shapeGroup":"LVA","gid":"LVA-2-275"},"id":"LVA-2-275"},{"arcs":[[-329,-391,1264,1265]],"type":"Polygon","properties":{"name":"Lazdonas pag.","shapeGroup":"LVA","gid":"LVA-2-276"},"id":"LVA-2-276"},{"arcs":[[-355,1266,1267,1268,1269,1270]],"type":"Polygon","properties":{"name":"Medzes pag.","shapeGroup":"LVA","gid":"LVA-2-277"},"id":"LVA-2-277"},{"arcs":[[-90,-1078,1271,-1076,1272,-729]],"type":"Polygon","properties":{"name":"Mazsalacas pag.","shapeGroup":"LVA","gid":"LVA-2-278"},"id":"LVA-2-278"},{"arcs":[[-452,1273,1274,-1199,1275]],"type":"Polygon","properties":{"name":"Baltinavas pag.","shapeGroup":"LVA","gid":"LVA-2-279"},"id":"LVA-2-279"},{"arcs":[[-1161,1276,-1251,1277]],"type":"Polygon","properties":{"name":"Aizkalnes pag.","shapeGroup":"LVA","gid":"LVA-2-280"},"id":"LVA-2-280"},{"arcs":[[-557,-679,-610,1278,1279]],"type":"Polygon","properties":{"name":"Leimaņu pag.","shapeGroup":"LVA","gid":"LVA-2-281"},"id":"LVA-2-281"},{"arcs":[[-131,-1247,-1107,1280,1281,1282]],"type":"Polygon","properties":{"name":"Vērēmu pag.","shapeGroup":"LVA","gid":"LVA-2-282"},"id":"LVA-2-282"},{"arcs":[[-538,1283,-655]],"type":"Polygon","properties":{"name":"Vaboles pag.","shapeGroup":"LVA","gid":"LVA-2-283"},"id":"LVA-2-283"},{"arcs":[[-540,-659,-839,1284,1285]],"type":"Polygon","properties":{"name":"Dubnas pag.","shapeGroup":"LVA","gid":"LVA-2-284"},"id":"LVA-2-284"},{"arcs":[[-577,-980,-961,-784,-1127,1286]],"type":"Polygon","properties":{"name":"Blīdenes pag.","shapeGroup":"LVA","gid":"LVA-2-285"},"id":"LVA-2-285"},{"arcs":[[1287,1288,1289,1290,1291]],"type":"Polygon","properties":{"name":"Kūku pag.","shapeGroup":"LVA","gid":"LVA-2-286"},"id":"LVA-2-286"},{"arcs":[[-218,-421,-382,1292,-774,1293,-770,-1180]],"type":"Polygon","properties":{"name":"Kazdangas pag.","shapeGroup":"LVA","gid":"LVA-2-287"},"id":"LVA-2-287"},{"arcs":[[-197,-993,1294,1295,-597,-350,1296]],"type":"Polygon","properties":{"name":"Ūdrīšu pag.","shapeGroup":"LVA","gid":"LVA-2-288"},"id":"LVA-2-288"},{"arcs":[[-702,1297,-1270,1298]],"type":"Polygon","properties":{"name":"Vērgales pag.","shapeGroup":"LVA","gid":"LVA-2-289"},"id":"LVA-2-289"},{"arcs":[[-1121,1299,1300,1301,1302]],"type":"Polygon","properties":{"name":"Kalncempju pag.","shapeGroup":"LVA","gid":"LVA-2-290"},"id":"LVA-2-290"},{"arcs":[[-15,-193,1303,-1073,-667,1304],[1305]],"type":"Polygon","properties":{"name":"Alojas pag.","shapeGroup":"LVA","gid":"LVA-2-291"},"id":"LVA-2-291"},{"arcs":[[-126,1306,1307,1308]],"type":"Polygon","properties":{"name":"Indras pag.","shapeGroup":"LVA","gid":"LVA-2-292"},"id":"LVA-2-292"},{"arcs":[[-802,1309,1310,1311,1312,-911]],"type":"Polygon","properties":{"name":"Ķekavas pag.","shapeGroup":"LVA","gid":"LVA-2-293"},"id":"LVA-2-293"},{"arcs":[[-139,1313,-1138,-599,-412]],"type":"Polygon","properties":{"name":"Aulejas pag.","shapeGroup":"LVA","gid":"LVA-2-294"},"id":"LVA-2-294"},{"arcs":[[-691,1314,1315,-924,1316,1317,-1034,-1061]],"type":"Polygon","properties":{"name":"Valles pag.","shapeGroup":"LVA","gid":"LVA-2-295"},"id":"LVA-2-295"},{"arcs":[[-16,-1305,-666,-1010,-813,-1239]],"type":"Polygon","properties":{"name":"Brīvzemnieku pag.","shapeGroup":"LVA","gid":"LVA-2-296"},"id":"LVA-2-296"},{"arcs":[[-224,-841,1318,1319,1320,1321]],"type":"Polygon","properties":{"name":"Jersikas pag.","shapeGroup":"LVA","gid":"LVA-2-297"},"id":"LVA-2-297"},{"arcs":[[-175,1322,1323,1324,1325,-1164,-873,1326,-941]],"type":"Polygon","properties":{"name":"Launkalnes pag.","shapeGroup":"LVA","gid":"LVA-2-298"},"id":"LVA-2-298"},{"arcs":[[-722,1327,-1057,1328,-1231,1329,1330]],"type":"Polygon","properties":{"name":"Sēlpils pag.","shapeGroup":"LVA","gid":"LVA-2-299"},"id":"LVA-2-299"},{"arcs":[[-335,1331,-1221,-855,-749,-827,1332]],"type":"Polygon","properties":{"name":"Mērsraga pag.","shapeGroup":"LVA","gid":"LVA-2-300"},"id":"LVA-2-300"},{"arcs":[[-43,-407,-252,-757,1333,-755,1334,1335]],"type":"Polygon","properties":{"name":"Zaļesjes pag.","shapeGroup":"LVA","gid":"LVA-2-301"},"id":"LVA-2-301"},{"arcs":[[-245,-357,1336,-363],[1337]],"type":"Polygon","properties":{"name":"Durbes pag.","shapeGroup":"LVA","gid":"LVA-2-302"},"id":"LVA-2-302"},{"arcs":[[-492,1338,1339,-816,-765,-892]],"type":"Polygon","properties":{"name":"Dobeles pag.","shapeGroup":"LVA","gid":"LVA-2-303"},"id":"LVA-2-303"},{"arcs":[[-121,-1309,1340,-194]],"type":"Polygon","properties":{"name":"Piedrujas pag.","shapeGroup":"LVA","gid":"LVA-2-304"},"id":"LVA-2-304"},{"arcs":[[-86,-1153,1341,-1330,-1230,1342,-469,-842]],"type":"Polygon","properties":{"name":"Klintaines pag.","shapeGroup":"LVA","gid":"LVA-2-305"},"id":"LVA-2-305"},{"arcs":[[-409,1343,1344,-990,-1168]],"type":"Polygon","properties":{"name":"Neretas pag.","shapeGroup":"LVA","gid":"LVA-2-306"},"id":"LVA-2-306"},{"arcs":[[-394,1345,1346,1347,1348,1349,1350,-1241]],"type":"Polygon","properties":{"name":"Zirņu pag.","shapeGroup":"LVA","gid":"LVA-2-307"},"id":"LVA-2-307"},{"arcs":[[-157,-859,1351,-1071,1352,-341,1353,1354]],"type":"Polygon","properties":{"name":"Lībagu pag.","shapeGroup":"LVA","gid":"LVA-2-308"},"id":"LVA-2-308"},{"arcs":[[-275,1355,-822,1356,-292,1357,-1113,1358]],"type":"Polygon","properties":{"name":"Kaives pag.","shapeGroup":"LVA","gid":"LVA-2-309"},"id":"LVA-2-309"},{"arcs":[[-444,1359,-641,-918,1360,-1232]],"type":"Polygon","properties":{"name":"Mālupes pag.","shapeGroup":"LVA","gid":"LVA-2-310"},"id":"LVA-2-310"},{"arcs":[[-1290,1361,1362,1363]],"type":"Polygon","properties":{"name":"Vīpes pag.","shapeGroup":"LVA","gid":"LVA-2-311"},"id":"LVA-2-311"},{"arcs":[[-459,-639,-1253,-1172,-570]],"type":"Polygon","properties":{"name":"Silajāņu pag.","shapeGroup":"LVA","gid":"LVA-2-312"},"id":"LVA-2-312"},{"arcs":[[-205,1364,1365,-487,-1158,1366,1367]],"type":"Polygon","properties":{"name":"Zaļenieku pag.","shapeGroup":"LVA","gid":"LVA-2-313"},"id":"LVA-2-313"},{"arcs":[[-426,-960,1368,1369,1370,1371,-1099,1372,-928]],"type":"Polygon","properties":{"name":"Straupes pag.","shapeGroup":"LVA","gid":"LVA-2-314"},"id":"LVA-2-314"},{"arcs":[[-587,1373,1374,-1147,1375,1376]],"type":"Polygon","properties":{"name":"Viesturu pag.","shapeGroup":"LVA","gid":"LVA-2-315"},"id":"LVA-2-315"},{"arcs":[[-41,-1072,-1352,-858,-1220,-1203]],"type":"Polygon","properties":{"name":"Strazdes pag.","shapeGroup":"LVA","gid":"LVA-2-316"},"id":"LVA-2-316"},{"arcs":[[-541,-1286,1377,-1249,1378,1379,-1102]],"type":"Polygon","properties":{"name":"Višķu pag.","shapeGroup":"LVA","gid":"LVA-2-317"},"id":"LVA-2-317"},{"arcs":[[-437,1380,1381,1382,-1260,1383,-1093]],"type":"Polygon","properties":{"name":"Lēdmanes pag.","shapeGroup":"LVA","gid":"LVA-2-318"},"id":"LVA-2-318"},{"arcs":[[-688,-991,-1345,1384]],"type":"Polygon","properties":{"name":"Pilskalnes pag.","shapeGroup":"LVA","gid":"LVA-2-319"},"id":"LVA-2-319"},{"arcs":[[-973,1385,1386,-1214,1387,1388,-1196]],"type":"Polygon","properties":{"name":"Puzes pag.","shapeGroup":"LVA","gid":"LVA-2-320"},"id":"LVA-2-320"},{"arcs":[[-285,1389,1390,1391,1392,1393]],"type":"Polygon","properties":{"name":"Rencēnu pag.","shapeGroup":"LVA","gid":"LVA-2-321"},"id":"LVA-2-321"},{"arcs":[[-174,-1226,-746,1394,-1323]],"type":"Polygon","properties":{"name":"Palsmanes pag.","shapeGroup":"LVA","gid":"LVA-2-322"},"id":"LVA-2-322"},{"arcs":[[-1120,1395,1396,1397,-1300]],"type":"Polygon","properties":{"name":"Zeltiņu pag.","shapeGroup":"LVA","gid":"LVA-2-323"},"id":"LVA-2-323"},{"arcs":[[-293,-1357,-821,1398,1399,-1190]],"type":"Polygon","properties":{"name":"Vecpiebalgas pag.","shapeGroup":"LVA","gid":"LVA-2-324"},"id":"LVA-2-324"},{"arcs":[[-216,1400,1401,1402,1403,-418]],"type":"Polygon","properties":{"name":"Raņķu pag.","shapeGroup":"LVA","gid":"LVA-2-325"},"id":"LVA-2-325"},{"arcs":[[-709,1404,-1064,1405,1406]],"type":"Polygon","properties":{"name":"Šēderes pag.","shapeGroup":"LVA","gid":"LVA-2-326"},"id":"LVA-2-326"},{"arcs":[[-120,1407,-1307,-125,-1140,1408,1409]],"type":"Polygon","properties":{"name":"Robežnieku pag.","shapeGroup":"LVA","gid":"LVA-2-327"},"id":"LVA-2-327"},{"arcs":[[-490,-888,1410,-886,1411,-1155,1412]],"type":"Polygon","properties":{"name":"Līvbērzes pag.","shapeGroup":"LVA","gid":"LVA-2-328"},"id":"LVA-2-328"},{"arcs":[[-405,-684,-1122,-1303,1413,-915]],"type":"Polygon","properties":{"name":"Stāmerienas pag.","shapeGroup":"LVA","gid":"LVA-2-329"},"id":"LVA-2-329"},{"arcs":[[-690,1414,-905,1415,-1315]],"type":"Polygon","properties":{"name":"Kurmenes pag.","shapeGroup":"LVA","gid":"LVA-2-330"},"id":"LVA-2-330"},{"arcs":[[-229,-497,1416,-1159,-1079]],"type":"Polygon","properties":{"name":"Sutru pag.","shapeGroup":"LVA","gid":"LVA-2-331"},"id":"LVA-2-331"},{"arcs":[[-1036,1417,1418]],"type":"Polygon","properties":{"name":"Jaunjelgavas pag.","shapeGroup":"LVA","gid":"LVA-2-332"},"id":"LVA-2-332"},{"arcs":[[-215,-1181,-517,-596,-1243,1419,-1401]],"type":"Polygon","properties":{"name":"Snēpeles pag.","shapeGroup":"LVA","gid":"LVA-2-333"},"id":"LVA-2-333"},{"arcs":[[-360,-505,-810]],"type":"Polygon","properties":{"name":"Zilākalna pag.","shapeGroup":"LVA","gid":"LVA-2-334"},"id":"LVA-2-334"},{"arcs":[[-340,-608,-1215,-1387,1420,1421,-1354]],"type":"Polygon","properties":{"name":"Ģibuļu pag.","shapeGroup":"LVA","gid":"LVA-2-335"},"id":"LVA-2-335"},{"arcs":[[-159,1422,-1421,-1386,-972,1423,-579]],"type":"Polygon","properties":{"name":"Valdgales pag.","shapeGroup":"LVA","gid":"LVA-2-336"},"id":"LVA-2-336"},{"arcs":[[-112,1424,-264,-799,1425,-1027,1426]],"type":"Polygon","properties":{"name":"Bēnes pag.","shapeGroup":"LVA","gid":"LVA-2-337"},"id":"LVA-2-337"},{"arcs":[[-613,-741,-1184,1427,-615,1428]],"type":"Polygon","properties":{"name":"Gārsenes pag.","shapeGroup":"LVA","gid":"LVA-2-338"},"id":"LVA-2-338"},{"arcs":[[-586,1429,-672,1430,1431,-1374]],"type":"Polygon","properties":{"name":"Sesavas pag.","shapeGroup":"LVA","gid":"LVA-2-339"},"id":"LVA-2-339"},{"arcs":[[-481,-1125,1432,-530,1433,-833,1434,1435]],"type":"Polygon","properties":{"name":"Susāju pag.","shapeGroup":"LVA","gid":"LVA-2-340"},"id":"LVA-2-340"},{"arcs":[[-274,1436,-465,-431,-823,-1356]],"type":"Polygon","properties":{"name":"Skujenes pag.","shapeGroup":"LVA","gid":"LVA-2-341"},"id":"LVA-2-341"},{"arcs":[[-581,1437,-970,-824]],"type":"Polygon","properties":{"name":"Lubes pag.","shapeGroup":"LVA","gid":"LVA-2-342"},"id":"LVA-2-342"},{"arcs":[[-365,1438,1439,-772,1440,-775,-1293,-381]],"type":"Polygon","properties":{"name":"Aizputes pag.","shapeGroup":"LVA","gid":"LVA-2-343"},"id":"LVA-2-343"},{"arcs":[[-332,-464,1441,1442,-734,1443,1444,1445,-945]],"type":"Polygon","properties":{"name":"Smārdes pag.","shapeGroup":"LVA","gid":"LVA-2-344"},"id":"LVA-2-344"},{"arcs":[[-477,1446,-1435,-832,1447,1448]],"type":"Polygon","properties":{"name":"Vecumu pag.","shapeGroup":"LVA","gid":"LVA-2-345"},"id":"LVA-2-345"},{"arcs":[[-657,1449,1450,1451,-1319,-840]],"type":"Polygon","properties":{"name":"Nīcgales pag.","shapeGroup":"LVA","gid":"LVA-2-346"},"id":"LVA-2-346"},{"arcs":[[-472,-1041,1452,-1039,1453,-1258]],"type":"Polygon","properties":{"name":"Aizkraukles pag.","shapeGroup":"LVA","gid":"LVA-2-347"},"id":"LVA-2-347"},{"arcs":[[-742,-1225,1454,1455,1456]],"type":"Polygon","properties":{"name":"Gaujienas pag.","shapeGroup":"LVA","gid":"LVA-2-348"},"id":"LVA-2-348"},{"arcs":[[-30,1457,1458,-875,-845,1459]],"type":"Polygon","properties":{"name":"Meņģeles pag.","shapeGroup":"LVA","gid":"LVA-2-349"},"id":"LVA-2-349"},{"arcs":[[-537,1460,1461,-1068,1462,1463,-1450,-656,-1284]],"type":"Polygon","properties":{"name":"Līksnas pag.","shapeGroup":"LVA","gid":"LVA-2-350"},"id":"LVA-2-350"},{"arcs":[[-528,-1047,1464,1465]],"type":"Polygon","properties":{"name":"Jaunlaicenes pag.","shapeGroup":"LVA","gid":"LVA-2-351"},"id":"LVA-2-351"},{"arcs":[[-1157,1466,1467,1468,-1367]],"type":"Polygon","properties":{"name":"Svētes pag.","shapeGroup":"LVA","gid":"LVA-2-352"},"id":"LVA-2-352"},{"arcs":[[-369,-910,-752,1469,1470]],"type":"Polygon","properties":{"name":"Ciblas pag.","shapeGroup":"LVA","gid":"LVA-2-353"},"id":"LVA-2-353"},{"arcs":[[-67,-569,1471,-499,1472,-1390,-284,-865]],"type":"Polygon","properties":{"name":"Valmieras pag.","shapeGroup":"LVA","gid":"LVA-2-354"},"id":"LVA-2-354"},{"arcs":[[-164,1473,-1267,-354,-650,1474,1475],[1476]],"type":"Polygon","properties":{"name":"Grobiņas pag.","shapeGroup":"LVA","gid":"LVA-2-355"},"id":"LVA-2-355"},{"arcs":[[-917,1477,-1233,-1361]],"type":"Polygon","properties":{"name":"Malienas pag.","shapeGroup":"LVA","gid":"LVA-2-356"},"id":"LVA-2-356"},{"arcs":[[-1131,-1197,-1389,1478]],"type":"Polygon","properties":{"name":"Popes pag.","shapeGroup":"LVA","gid":"LVA-2-357"},"id":"LVA-2-357"},{"arcs":[[-168,-536,-547,1479,-951,1480]],"type":"Polygon","properties":{"name":"Zlēku pag.","shapeGroup":"LVA","gid":"LVA-2-358"},"id":"LVA-2-358"},{"arcs":[[-138,1481,1482,-1409,-1139,-1314]],"type":"Polygon","properties":{"name":"Konstantinovas pag.","shapeGroup":"LVA","gid":"LVA-2-359"},"id":"LVA-2-359"},{"arcs":[[-644,-1123,-1091,-646,1483]],"type":"Polygon","properties":{"name":"Balvu pag.","shapeGroup":"LVA","gid":"LVA-2-360"},"id":"LVA-2-360"},{"arcs":[[-725,-1151,-1017,1484,1485,-1288,1486]],"type":"Polygon","properties":{"name":"Variešu pag.","shapeGroup":"LVA","gid":"LVA-2-361"},"id":"LVA-2-361"},{"arcs":[[-743,-1457,1487,1488,1489,1490,1491]],"type":"Polygon","properties":{"name":"Trapenes pag.","shapeGroup":"LVA","gid":"LVA-2-362"},"id":"LVA-2-362"},{"arcs":[[-47,1492,-850,-1166,-254,-406]],"type":"Polygon","properties":{"name":"Rundēnu pag.","shapeGroup":"LVA","gid":"LVA-2-363"},"id":"LVA-2-363"},{"arcs":[[-178,1493,1494,1495,-1223]],"type":"Polygon","properties":{"name":"Vijciema pag.","shapeGroup":"LVA","gid":"LVA-2-364"},"id":"LVA-2-364"},{"arcs":[[-1046,1496,-1235,1497,-1301,-1398,1498,-1490,1499,-1465]],"type":"Polygon","properties":{"name":"Alsviķu pag.","shapeGroup":"LVA","gid":"LVA-2-365"},"id":"LVA-2-365"},{"arcs":[[-558,-1280,1500,1501,1502,-1321,1503]],"type":"Polygon","properties":{"name":"Dignājas pag.","shapeGroup":"LVA","gid":"LVA-2-366"},"id":"LVA-2-366"},{"arcs":[[-82,1504,-1115,1505,-1194,1506,-522]],"type":"Polygon","properties":{"name":"Vestienas pag.","shapeGroup":"LVA","gid":"LVA-2-367"},"id":"LVA-2-367"},{"arcs":[[-184,-550,-664,-617,-685,-453,-1276,-1198]],"type":"Polygon","properties":{"name":"Tilžas pag.","shapeGroup":"LVA","gid":"LVA-2-368"},"id":"LVA-2-368"},{"arcs":[[-623,-1000,-967,-920,1507,-908,-1051]],"type":"Polygon","properties":{"name":"Vecsaules pag.","shapeGroup":"LVA","gid":"LVA-2-369"},"id":"LVA-2-369"},{"arcs":[[-546,-1132,-1479,-1388,-1213,-952,-1480]],"type":"Polygon","properties":{"name":"Ugāles pag.","shapeGroup":"LVA","gid":"LVA-2-370"},"id":"LVA-2-370"},{"arcs":[[-904,-1508,-919,-1316,-1416]],"type":"Polygon","properties":{"name":"Bārbeles pag.","shapeGroup":"LVA","gid":"LVA-2-371"},"id":"LVA-2-371"},{"arcs":[[-449,-1059,1508,1509,-1279,-609]],"type":"Polygon","properties":{"name":"Kalna pag.","shapeGroup":"LVA","gid":"LVA-2-372"},"id":"LVA-2-372"},{"arcs":[[-98,1510,-118,-345]],"type":"Polygon","properties":{"name":"Bērziņu pag.","shapeGroup":"LVA","gid":"LVA-2-373"},"id":"LVA-2-373"},{"arcs":[[-916,-1414,-1302,-1498,-1234,-1478]],"type":"Polygon","properties":{"name":"Annas pag.","shapeGroup":"LVA","gid":"LVA-2-374"},"id":"LVA-2-374"},{"arcs":[[-111,-767,-815,-265,-1425]],"type":"Polygon","properties":{"name":"Naudītes pag.","shapeGroup":"LVA","gid":"LVA-2-375"},"id":"LVA-2-375"},{"arcs":[[-887,-1411]],"type":"Polygon","properties":{"name":"Kalnciema pag.","shapeGroup":"LVA","gid":"LVA-2-376"},"id":"LVA-2-376"},{"arcs":[[-250,-1167,-758,-738,1511,1512,1513,-1470,-751]],"type":"Polygon","properties":{"name":"Isnaudas pag.","shapeGroup":"LVA","gid":"LVA-2-377"},"id":"LVA-2-377"},{"arcs":[[-793,1514,1515,1516]],"type":"Polygon","properties":{"name":"Īslīces pag.","shapeGroup":"LVA","gid":"LVA-2-378"},"id":"LVA-2-378"},{"arcs":[[-414,-598,-1296,1517,-1104,1518,-897]],"type":"Polygon","properties":{"name":"Izvaltas pag.","shapeGroup":"LVA","gid":"LVA-2-379"},"id":"LVA-2-379"},{"arcs":[[-338,-982,1519,-380,-1244,-954,-605]],"type":"Polygon","properties":{"name":"Kabiles pag.","shapeGroup":"LVA","gid":"LVA-2-380"},"id":"LVA-2-380"},{"arcs":[[-1210,1520,1521,-1393,1522,1523,1524]],"type":"Polygon","properties":{"name":"Naukšēnu pag.","shapeGroup":"LVA","gid":"LVA-2-381"},"id":"LVA-2-381"},{"arcs":[[-930,1525,-1097,-1255,-1257]],"type":"Polygon","properties":{"name":"Vidrižu pag.","shapeGroup":"LVA","gid":"LVA-2-382"},"id":"LVA-2-382"},{"arcs":[[-604,-1090,1526,-744,-1492,1527,-1396,-1119,1528,1529]],"type":"Polygon","properties":{"name":"Lejasciema pag.","shapeGroup":"LVA","gid":"LVA-2-383"},"id":"LVA-2-383"},{"arcs":[[-393,-566,1530,-1346]],"type":"Polygon","properties":{"name":"Lutriņu pag.","shapeGroup":"LVA","gid":"LVA-2-384"},"id":"LVA-2-384"},{"arcs":[[-894,-1085,1531,-1529,-1118,1532]],"type":"Polygon","properties":{"name":"Galgauskas pag.","shapeGroup":"LVA","gid":"LVA-2-385"},"id":"LVA-2-385"},{"arcs":[[-259,1533,1534,1535,-808,1536,1537,-272]],"type":"Polygon","properties":{"name":"Mālpils pag.","shapeGroup":"LVA","gid":"LVA-2-386"},"id":"LVA-2-386"},{"arcs":[[-589,1538,1539,-978,1540,1541]],"type":"Polygon","properties":{"name":"Kursīšu pag.","shapeGroup":"LVA","gid":"LVA-2-387"},"id":"LVA-2-387"},{"arcs":[[-1187,1542,-1524,1543,1544,1545,1546]],"type":"Polygon","properties":{"name":"Ķoņu pag.","shapeGroup":"LVA","gid":"LVA-2-388"},"id":"LVA-2-388"},{"arcs":[[-211,-1145,1547,1548]],"type":"Polygon","properties":{"name":"Demenes pag.","shapeGroup":"LVA","gid":"LVA-2-389"},"id":"LVA-2-389"},{"arcs":[[-37,-317,-662,-561,-376,-1520,-981]],"type":"Polygon","properties":{"name":"Vānes pag.","shapeGroup":"LVA","gid":"LVA-2-390"},"id":"LVA-2-390"},{"arcs":[[-1224,-1496,1549,1550,-1455]],"type":"Polygon","properties":{"name":"Zvārtavas pag.","shapeGroup":"LVA","gid":"LVA-2-391"},"id":"LVA-2-391"},{"arcs":[[-298,-1136,1551,-601,-1530,-1532,-1084]],"type":"Polygon","properties":{"name":"Tirzas pag.","shapeGroup":"LVA","gid":"LVA-2-392"},"id":"LVA-2-392"},{"arcs":[[-1030,1552,1553,1554]],"type":"Polygon","properties":{"name":"Vadakstes pag.","shapeGroup":"LVA","gid":"LVA-2-393"},"id":"LVA-2-393"},{"arcs":[[-134,1555,-777,-370,-1471,-1514,1556,1557,-1245]],"type":"Polygon","properties":{"name":"Zvirgzdenes pag.","shapeGroup":"LVA","gid":"LVA-2-394"},"id":"LVA-2-394"},{"arcs":[[-717,1558,1559,-983,1560,1561,1562]],"type":"Polygon","properties":{"name":"Dricānu pag.","shapeGroup":"LVA","gid":"LVA-2-395"},"id":"LVA-2-395"},{"arcs":[[-998,1563,-1376,-1179,1564]],"type":"Polygon","properties":{"name":"Mežotnes pag.","shapeGroup":"LVA","gid":"LVA-2-396"},"id":"LVA-2-396"},{"arcs":[[-315,-397,-635,-782,-660]],"type":"Polygon","properties":{"name":"Viesatu pag.","shapeGroup":"LVA","gid":"LVA-2-397"},"id":"LVA-2-397"},{"arcs":[[-273,-1538,1565,1566,-466,-1437]],"type":"Polygon","properties":{"name":"Nītaures pag.","shapeGroup":"LVA","gid":"LVA-2-398"},"id":"LVA-2-398"},{"arcs":[[-132,-1283,1567,-1559,-716,1568]],"type":"Polygon","properties":{"name":"Ilzeskalna pag.","shapeGroup":"LVA","gid":"LVA-2-399"},"id":"LVA-2-399"},{"arcs":[[-820,1569,1570,1571,-1399]],"type":"Polygon","properties":{"name":"Zosēnu pag.","shapeGroup":"LVA","gid":"LVA-2-400"},"id":"LVA-2-400"},{"arcs":[[-929,-1373,-1098,-1526]],"type":"Polygon","properties":{"name":"Lēdurgas pag.","shapeGroup":"LVA","gid":"LVA-2-401"},"id":"LVA-2-401"},{"arcs":[[-1038,1572,1573,-1094,-1384,-1259,-1454]],"type":"Polygon","properties":{"name":"Skrīveru pag.","shapeGroup":"LVA","gid":"LVA-2-402"},"id":"LVA-2-402"},{"arcs":[[-525,-1466,-1500,-1489,1574],[1575]],"type":"Polygon","properties":{"name":"Apes pag.","shapeGroup":"LVA","gid":"LVA-2-403"},"id":"LVA-2-403"},{"arcs":[[-671,1576,-1468,1577,-1149,1578,-1431]],"type":"Polygon","properties":{"name":"Platones pag.","shapeGroup":"LVA","gid":"LVA-2-404"},"id":"LVA-2-404"},{"arcs":[[-62,-890,-891,-288,-735,-1443,1579]],"type":"Polygon","properties":{"name":"Slampes pag.","shapeGroup":"LVA","gid":"LVA-2-405"},"id":"LVA-2-405"},{"arcs":[[-177,-944,-867,1580,-281,1581,-279,1582,-1494]],"type":"Polygon","properties":{"name":"Plāņu pag.","shapeGroup":"LVA","gid":"LVA-2-406"},"id":"LVA-2-406"},{"arcs":[[-1148,-1375,-1432,-1579]],"type":"Polygon","properties":{"name":"Vircavas pag.","shapeGroup":"LVA","gid":"LVA-2-407"},"id":"LVA-2-407"},{"arcs":[[-49,-312,1583,-1534,-258,1584,1585]],"type":"Polygon","properties":{"name":"Suntažu pag.","shapeGroup":"LVA","gid":"LVA-2-408"},"id":"LVA-2-408"},{"arcs":[[-23,1586,-1561,-986,-1001,-935,-1019]],"type":"Polygon","properties":{"name":"Rikavas pag.","shapeGroup":"LVA","gid":"LVA-2-409"},"id":"LVA-2-409"},{"arcs":[[-419,-1404,1587,-1402,-1420,-1242,-1351,1588,-1216]],"type":"Polygon","properties":{"name":"Skrundas pag.","shapeGroup":"LVA","gid":"LVA-2-410"},"id":"LVA-2-410"},{"arcs":[[-801,1589,1590,1591,1592,-1310],[1593]],"type":"Polygon","properties":{"name":"Baldones pag.","shapeGroup":"LVA","gid":"LVA-2-411"},"id":"LVA-2-411"},{"arcs":[[-507,-884,1594,1595,1596,1597,-1311,-1593,1598,-1177],[1599]],"type":"Polygon","properties":{"name":"Olaines pag.","shapeGroup":"LVA","gid":"LVA-2-412"},"id":"LVA-2-412"},{"arcs":[[-25,1600,-320,-836,1601,1602,-779]],"type":"Polygon","properties":{"name":"Atašienes pag.","shapeGroup":"LVA","gid":"LVA-2-413"},"id":"LVA-2-413"},{"arcs":[[-721,1603,1604,-1509,-1058,-1328]],"type":"Polygon","properties":{"name":"Salas pag.","shapeGroup":"LVA","gid":"LVA-2-414"},"id":"LVA-2-414"},{"arcs":[[-1056,1605,-1228,-1329]],"type":"Polygon","properties":{"name":"Sunākstes pag.","shapeGroup":"LVA","gid":"LVA-2-415"},"id":"LVA-2-415"},{"arcs":[[-222,-1165,-1326,1606,-1570,-819,-429]],"type":"Polygon","properties":{"name":"Dzērbenes pag.","shapeGroup":"LVA","gid":"LVA-2-416"},"id":"LVA-2-416"},{"arcs":[[-170,1607,-513,-1170,-925]],"type":"Polygon","properties":{"name":"Īvandes pag.","shapeGroup":"LVA","gid":"LVA-2-417"},"id":"LVA-2-417"},{"arcs":[[-115,-578,-1287,-1126,-762]],"type":"Polygon","properties":{"name":"Zebrenes pag.","shapeGroup":"LVA","gid":"LVA-2-418"},"id":"LVA-2-418"},{"arcs":[[-898,-1519,-1103,-1380,1608]],"type":"Polygon","properties":{"name":"Ambeļu pag.","shapeGroup":"LVA","gid":"LVA-2-419"},"id":"LVA-2-419"},{"arcs":[[-602,-1552,-1135,-1192,1609,-1086]],"type":"Polygon","properties":{"name":"Druvienas pag.","shapeGroup":"LVA","gid":"LVA-2-420"},"id":"LVA-2-420"},{"arcs":[[-137,-1083,1610,-347,1611,1612,1613,-1482]],"type":"Polygon","properties":{"name":"Dagdas pag.","shapeGroup":"LVA","gid":"LVA-2-421"},"id":"LVA-2-421"},{"arcs":[[-433,-468,1614,-1369,-959,1615]],"type":"Polygon","properties":{"name":"Drabešu pag.","shapeGroup":"LVA","gid":"LVA-2-422"},"id":"LVA-2-422"},{"arcs":[[-50,-1586,1616,-1381,-436,1617,1618,1619,1620]],"type":"Polygon","properties":{"name":"Rembates pag.","shapeGroup":"LVA","gid":"LVA-2-423"},"id":"LVA-2-423"},{"arcs":[[1621,1622,1623]],"type":"Polygon","properties":{"name":"Ipiķu pag.","shapeGroup":"LVA","gid":"LVA-2-424"},"id":"LVA-2-424"},{"arcs":[[-46,-100,-348,-1611,-1082,-851,-1493]],"type":"Polygon","properties":{"name":"Ezernieku pag.","shapeGroup":"LVA","gid":"LVA-2-425"},"id":"LVA-2-425"},{"arcs":[[-303,1624,-1265,-390,-523,-1507,-1193,-1133]],"type":"Polygon","properties":{"name":"Aronas pag.","shapeGroup":"LVA","gid":"LVA-2-426"},"id":"LVA-2-426"},{"arcs":[[-675,1625,-1451,-1464,1626,-1048]],"type":"Polygon","properties":{"name":"Dvietes pag.","shapeGroup":"LVA","gid":"LVA-2-427"},"id":"LVA-2-427"},{"arcs":[[-44,-1336,1627,-96]],"type":"Polygon","properties":{"name":"Pasienes pag.","shapeGroup":"LVA","gid":"LVA-2-428"},"id":"LVA-2-428"},{"arcs":[[-295,-1195,-1506,-1114,-1358]],"type":"Polygon","properties":{"name":"Jumurdas pag.","shapeGroup":"LVA","gid":"LVA-2-429"},"id":"LVA-2-429"},{"arcs":[[-21,-80,-153,1628,-151,-552,1629]],"type":"Polygon","properties":{"name":"Ošupes pag.","shapeGroup":"LVA","gid":"LVA-2-430"},"id":"LVA-2-430"},{"arcs":[[-200,1630,1631,-648,-249,-1141]],"type":"Polygon","properties":{"name":"Virgas pag.","shapeGroup":"LVA","gid":"LVA-2-431"},"id":"LVA-2-431"},{"arcs":[[-92,-732,1632,-1546,1633,-1544,-1523,-1392,1634]],"type":"Polygon","properties":{"name":"Jeru pag.","shapeGroup":"LVA","gid":"LVA-2-432"},"id":"LVA-2-432"},{"arcs":[[-286,-1394,-1522,1635,-1208]],"type":"Polygon","properties":{"name":"Ēveles pag.","shapeGroup":"LVA","gid":"LVA-2-433"},"id":"LVA-2-433"},{"arcs":[[-161,1636,1637]],"type":"Polygon","properties":{"name":"Rucavas pag.","shapeGroup":"LVA","gid":"LVA-2-434"},"id":"LVA-2-434"},{"arcs":[[-113,-1427,-1026,1638,-1024,-574]],"type":"Polygon","properties":{"name":"Vecauces pag.","shapeGroup":"LVA","gid":"LVA-2-435"},"id":"LVA-2-435"},{"arcs":[[-976,-1031,-1555,1639]],"type":"Polygon","properties":{"name":"Jaunauces pag.","shapeGroup":"LVA","gid":"LVA-2-436"},"id":"LVA-2-436"},{"arcs":[[-730,-1273,-1075,1640,1641,-1622,1642]],"type":"Polygon","properties":{"name":"Ramatas pag.","shapeGroup":"LVA","gid":"LVA-2-437"},"id":"LVA-2-437"},{"arcs":[[-1088,1643,-1571,-1607,-1325,1644]],"type":"Polygon","properties":{"name":"Drustu pag.","shapeGroup":"LVA","gid":"LVA-2-438"},"id":"LVA-2-438"},{"arcs":[[-102,1645,-879,1646,-1003,-240,1647]],"type":"Polygon","properties":{"name":"Garkalnes pag.","shapeGroup":"LVA","gid":"LVA-2-439"},"id":"LVA-2-439"},{"arcs":[[-439,-1095,-1574,1648,-1418,-1035,-1318,1649,1650,-1619,1651]],"type":"Polygon","properties":{"name":"Birzgales pag.","shapeGroup":"LVA","gid":"LVA-2-440"},"id":"LVA-2-440"},{"arcs":[[-356,-1271,-1298,-701,1652,-1439,-364,-1337]],"type":"Polygon","properties":{"name":"Dunalkas pag.","shapeGroup":"LVA","gid":"LVA-2-441"},"id":"LVA-2-441"},{"arcs":[[-592,-1015,-1217,-1589,-1350,1653,-1539]],"type":"Polygon","properties":{"name":"Pampāļu pag.","shapeGroup":"LVA","gid":"LVA-2-442"},"id":"LVA-2-442"},{"arcs":[[-212,-1549,1654,-1406,-1063,-726]],"type":"Polygon","properties":{"name":"Medumu pag.","shapeGroup":"LVA","gid":"LVA-2-443"},"id":"LVA-2-443"},{"arcs":[[-160,1655,1656,1657,1658,-1637]],"type":"Polygon","properties":{"name":"Dunikas pag.","shapeGroup":"LVA","gid":"LVA-2-444"},"id":"LVA-2-444"},{"arcs":[[-192,-1264,1659,-1641,-1074,-1304],[1660]],"type":"Polygon","properties":{"name":"Staiceles pag.","shapeGroup":"LVA","gid":"LVA-2-445"},"id":"LVA-2-445"},{"arcs":[[-325,-572,-1171,-494]],"type":"Polygon","properties":{"name":"Stabulnieku pag.","shapeGroup":"LVA","gid":"LVA-2-446"},"id":"LVA-2-446"},{"arcs":[[-22,-1630,-551,-182,-719,1661,-1562,-1587]],"type":"Polygon","properties":{"name":"Gaigalavas pag.","shapeGroup":"LVA","gid":"LVA-2-447"},"id":"LVA-2-447"},{"arcs":[[-496,-1176,1662,-1174,-1252,-1277,-1160,-1417]],"type":"Polygon","properties":{"name":"Preiļu pag.","shapeGroup":"LVA","gid":"LVA-2-448"},"id":"LVA-2-448"},{"arcs":[[-69,-869,-943,-870,-1163,-518]],"type":"Polygon","properties":{"name":"Blomes pag.","shapeGroup":"LVA","gid":"LVA-2-449"},"id":"LVA-2-449"},{"arcs":[[-116,-1410,-1483,-1614,1663,-1612,-346]],"type":"Polygon","properties":{"name":"Asūnes pag.","shapeGroup":"LVA","gid":"LVA-2-450"},"id":"LVA-2-450"},{"arcs":[[-209,1664,-796,1665,-1365]],"type":"Polygon","properties":{"name":"Augstkalnes pag.","shapeGroup":"LVA","gid":"LVA-2-451"},"id":"LVA-2-451"},{"arcs":[[-204,1666,-1658,1667,-1631]],"type":"Polygon","properties":{"name":"Kalētu pag.","shapeGroup":"LVA","gid":"LVA-2-452"},"id":"LVA-2-452"},{"arcs":[[-745,-1527,-1089,-1645,-1324,-1395]],"type":"Polygon","properties":{"name":"Variņu pag.","shapeGroup":"LVA","gid":"LVA-2-453"},"id":"LVA-2-453"},{"arcs":[[-467,-1567,1668,-806,-1100,-1372,1669,-1370,-1615]],"type":"Polygon","properties":{"name":"Līgatnes pag.","shapeGroup":"LVA","gid":"LVA-2-454"},"id":"LVA-2-454"},{"arcs":[[-93,-1635,-1391,-1473,-498,-358,-1009]],"type":"Polygon","properties":{"name":"Burtnieku pag.","shapeGroup":"LVA","gid":"LVA-2-455"},"id":"LVA-2-455"},{"arcs":[[-807,-1669,-1566,-1537]],"type":"Polygon","properties":{"name":"Mores pag.","shapeGroup":"LVA","gid":"LVA-2-456"},"id":"LVA-2-456"},{"arcs":[[-2,-938,-456,-11,-1206]],"type":"Polygon","properties":{"name":"Lūznavas pag.","shapeGroup":"LVA","gid":"LVA-2-457"},"id":"LVA-2-457"},{"arcs":[[-327,-781,1670,-1485,-1016,-387]],"type":"Polygon","properties":{"name":"Ļaudonas pag.","shapeGroup":"LVA","gid":"LVA-2-458"},"id":"LVA-2-458"},{"arcs":[[-780,-1603,1671,-1362,-1289,-1486,-1671]],"type":"Polygon","properties":{"name":"Mežāres pag.","shapeGroup":"LVA","gid":"LVA-2-459"},"id":"LVA-2-459"},{"arcs":[[-649,-1632,-1668,-1657,1672,-1475]],"type":"Polygon","properties":{"name":"Bārtas pag.","shapeGroup":"LVA","gid":"LVA-2-460"},"id":"LVA-2-460"},{"arcs":[[-226,1673,-1502,1674,-1363,-1672,-1602,-835]],"type":"Polygon","properties":{"name":"Turku pag.","shapeGroup":"LVA","gid":"LVA-2-461"},"id":"LVA-2-461"},{"arcs":[[-977,-1640,-1554,1675,1676,-1541]],"type":"Polygon","properties":{"name":"Rubas pag.","shapeGroup":"LVA","gid":"LVA-2-462"},"id":"LVA-2-462"},{"arcs":[[-533,-1189,1677,-627]],"type":"Polygon","properties":{"name":"Užavas pag.","shapeGroup":"LVA","gid":"LVA-2-463"},"id":"LVA-2-463"},{"arcs":[[-485,1678,-1339,-491,-1413,-1154]],"type":"Polygon","properties":{"name":"Bērzes pag.","shapeGroup":"LVA","gid":"LVA-2-464"},"id":"LVA-2-464"},{"arcs":[[-257,1679,-1382,-1617,-1585]],"type":"Polygon","properties":{"name":"Lauberes pag.","shapeGroup":"LVA","gid":"LVA-2-465"},"id":"LVA-2-465"},{"arcs":[[-559,-1504,-1320,-1452,-1626,-674]],"type":"Polygon","properties":{"name":"Dunavas pag.","shapeGroup":"LVA","gid":"LVA-2-466"},"id":"LVA-2-466"},{"arcs":[[-798,1680,-1028,-1426]],"type":"Polygon","properties":{"name":"Ukru pag.","shapeGroup":"LVA","gid":"LVA-2-467"},"id":"LVA-2-467"},{"arcs":[[-737,-1227,-1109,-1246,-1558,1681,-1512]],"type":"Polygon","properties":{"name":"Cirmas pag.","shapeGroup":"LVA","gid":"LVA-2-468"},"id":"LVA-2-468"},{"arcs":[[-1209,-1636,-1521]],"type":"Polygon","properties":{"name":"Kārķu pag.","shapeGroup":"LVA","gid":"LVA-2-469"},"id":"LVA-2-469"},{"arcs":[[-262,-818,-482,-1366,-1666,-795]],"type":"Polygon","properties":{"name":"Tērvetes pag.","shapeGroup":"LVA","gid":"LVA-2-470"},"id":"LVA-2-470"},{"arcs":[[-133,-1569,-715,-1202,-860,-374,-778,-1556]],"type":"Polygon","properties":{"name":"Mežvidu pag.","shapeGroup":"LVA","gid":"LVA-2-471"},"id":"LVA-2-471"},{"arcs":[[-565,-965,1682,-1347,-1531]],"type":"Polygon","properties":{"name":"Saldus pag.","shapeGroup":"LVA","gid":"LVA-2-472"},"id":"LVA-2-472"},{"arcs":[[-334,-947,-787,-1205,-1219,-1222,-1332]],"type":"Polygon","properties":{"name":"Zentenes pag.","shapeGroup":"LVA","gid":"LVA-2-473"},"id":"LVA-2-473"},{"arcs":[[-1087,-1610,-1191,-1400,-1572,-1644]],"type":"Polygon","properties":{"name":"Jaunpiebalgas pag.","shapeGroup":"LVA","gid":"LVA-2-474"},"id":"LVA-2-474"},{"arcs":[[-590,-1542,-1677,1683,-1011]],"type":"Polygon","properties":{"name":"Ezeres pag.","shapeGroup":"LVA","gid":"LVA-2-475"},"id":"LVA-2-475"},{"arcs":[[-446,-1238,1684,1685]],"type":"Polygon","properties":{"name":"Pededzes pag.","shapeGroup":"LVA","gid":"LVA-2-476"},"id":"LVA-2-476"},{"arcs":[[-73,-1002,-984,-1560,-1568,-1282,1686]],"type":"Polygon","properties":{"name":"Audriņu pag.","shapeGroup":"LVA","gid":"LVA-2-477"},"id":"LVA-2-477"},{"arcs":[[-1596,1687,1688]],"type":"Polygon","properties":{"name":"Mārupes pag.","shapeGroup":"LVA","gid":"LVA-2-478"},"id":"LVA-2-478"},{"arcs":[[-31,-1460,-844,-1261,-1383,-1680,-256]],"type":"Polygon","properties":{"name":"Madlienas pag.","shapeGroup":"LVA","gid":"LVA-2-479"},"id":"LVA-2-479"},{"arcs":[[-455,-687,-478,-1449,1689,-1274]],"type":"Polygon","properties":{"name":"Šķilbēnu pag.","shapeGroup":"LVA","gid":"LVA-2-480"},"id":"LVA-2-480"},{"arcs":[[-700,-773,-1440,-1653]],"type":"Polygon","properties":{"name":"Cīravas pag.","shapeGroup":"LVA","gid":"LVA-2-481"},"id":"LVA-2-481"},{"arcs":[[-1291,-1364,-1675,-1501,-1510,-1605,1690]],"type":"Polygon","properties":{"name":"Ābeļu pag.","shapeGroup":"LVA","gid":"LVA-2-482"},"id":"LVA-2-482"},{"arcs":[[-1397,-1528,-1491,-1499]],"type":"Polygon","properties":{"name":"Ilzenes pag.","shapeGroup":"LVA","gid":"LVA-2-483"},"id":"LVA-2-483"},{"arcs":[[-838,-1081,-1162,-1278,-1250,-1378,-1285]],"type":"Polygon","properties":{"name":"Pelēču pag.","shapeGroup":"LVA","gid":"LVA-2-484"},"id":"LVA-2-484"},{"arcs":[[-922,-969,-999,-1565,-1178,-1599,-1592,1691],[1692]],"type":"Polygon","properties":{"name":"Iecavas pag.","shapeGroup":"LVA","gid":"LVA-2-485"},"id":"LVA-2-485"},{"arcs":[[-1043,1693,-1685,-1237]],"type":"Polygon","properties":{"name":"Mārkalnes pag.","shapeGroup":"LVA","gid":"LVA-2-486"},"id":"LVA-2-486"},{"arcs":[[-588,-1377,-1564,-997,1694,-1516,1695]],"type":"Polygon","properties":{"name":"Rundāles pag.","shapeGroup":"LVA","gid":"LVA-2-487"},"id":"LVA-2-487"},{"arcs":[[-60,1696,1697,-1688,-1595,-883]],"type":"Polygon","properties":{"name":"Babītes pag.","shapeGroup":"LVA","gid":"LVA-2-488"},"id":"LVA-2-488"},{"arcs":[[-718,-1563,-1662]],"type":"Polygon","properties":{"name":"Stružānu pag.","shapeGroup":"LVA","gid":"LVA-2-489"},"id":"LVA-2-489"},{"arcs":[[-24,-76,-1022,1698,-1020,-321,-1601]],"type":"Polygon","properties":{"name":"Varakļānu pag.","shapeGroup":"LVA","gid":"LVA-2-490"},"id":"LVA-2-490"},{"arcs":[[-731,-1643,-1624,1699,-1185,-1547,-1633]],"type":"Polygon","properties":{"name":"Vilpulkas pag.","shapeGroup":"LVA","gid":"LVA-2-491"},"id":"LVA-2-491"},{"arcs":[[-81,-876,-1459,1700,-1116,-1505]],"type":"Polygon","properties":{"name":"Sausnējas pag.","shapeGroup":"LVA","gid":"LVA-2-492"},"id":"LVA-2-492"},{"arcs":[[-57,1701,-1461,-543,-1105,-1518,-1295,-992,-171]],"type":"Polygon","properties":{"name":"Naujenes pag.","shapeGroup":"LVA","gid":"LVA-2-493"},"id":"LVA-2-493"},{"arcs":[[-443,-834,-1434,-529,-1433,-1124,-642,-1360]],"type":"Polygon","properties":{"name":"Vīksnas pag.","shapeGroup":"LVA","gid":"LVA-2-494"},"id":"LVA-2-494"},{"arcs":[[-416,-899,-1609,-1379,-1248,-553]],"type":"Polygon","properties":{"name":"Aglonas pag.","shapeGroup":"LVA","gid":"LVA-2-495"},"id":"LVA-2-495"},{"arcs":[[-399,-948,-789,-946,-1446,1702,-1444,-733]],"type":"Polygon","properties":{"name":"Tumes pag.","shapeGroup":"LVA","gid":"LVA-2-496"},"id":"LVA-2-496"},{"arcs":[[-963,-979,-1540,-1654,-1349,1703]],"type":"Polygon","properties":{"name":"Novadnieku pag.","shapeGroup":"LVA","gid":"LVA-2-497"},"id":"LVA-2-497"},{"arcs":[[-109,-809,-1536,1704]],"type":"Polygon","properties":{"name":"Allažu pag.","shapeGroup":"LVA","gid":"LVA-2-498"},"id":"LVA-2-498"},{"arcs":[[-278,-1212,1705,1706,1707,-1550,-1495,-1583]],"type":"Polygon","properties":{"name":"Valkas pag.","shapeGroup":"LVA","gid":"LVA-2-499"},"id":"LVA-2-499"},{"arcs":[[-470,-1343,-1229,-1606,-1055,-1062,-1032]],"type":"Polygon","properties":{"name":"Seces pag.","shapeGroup":"LVA","gid":"LVA-2-500"},"id":"LVA-2-500"},{"arcs":[[-169,-1481,-950,1708,-514,-1608]],"type":"Polygon","properties":{"name":"Padures pag.","shapeGroup":"LVA","gid":"LVA-2-501"},"id":"LVA-2-501"},{"arcs":[[-206,-1368,-1469,-1577,-670]],"type":"Polygon","properties":{"name":"Lielplatones pag.","shapeGroup":"LVA","gid":"LVA-2-502"},"id":"LVA-2-502"},{"arcs":[[-165,-1476,-1673,-1656]],"type":"Polygon","properties":{"name":"Otaņķu pag.","shapeGroup":"LVA","gid":"LVA-2-503"},"id":"LVA-2-503"},{"arcs":[[-29,-276,-1359,-1112,-1701,-1458]],"type":"Polygon","properties":{"name":"Mazozolu pag.","shapeGroup":"LVA","gid":"LVA-2-504"},"id":"LVA-2-504"},{"arcs":[[-202,-1142,-902,-1013,1709]],"type":"Polygon","properties":{"name":"Vaiņodes pag.","shapeGroup":"LVA","gid":"LVA-2-505"},"id":"LVA-2-505"},{"arcs":[[-101,-1705,-1535,-1584,-311,-913,-880,-1646]],"type":"Polygon","properties":{"name":"Ropažu pag.","shapeGroup":"LVA","gid":"LVA-2-506"},"id":"LVA-2-506"},{"arcs":[[-580,-1424,-971,-1438]],"type":"Polygon","properties":{"name":"Īves pag.","shapeGroup":"LVA","gid":"LVA-2-507"},"id":"LVA-2-507"},{"arcs":[[-52,1710,-1620,-1651,1711,-1590,-800,-306,1712]],"type":"Polygon","properties":{"name":"Tomes pag.","shapeGroup":"LVA","gid":"LVA-2-508"},"id":"LVA-2-508"},{"arcs":[[-923,-1692,-1591,-1712,-1650,-1317]],"type":"Polygon","properties":{"name":"Vecumnieku pag.","shapeGroup":"LVA","gid":"LVA-2-509"},"id":"LVA-2-509"},{"arcs":[[-708,-1049,-1627,-1463,-1067,1713,-1065,-1405]],"type":"Polygon","properties":{"name":"Pilskalnes pag.","shapeGroup":"LVA","gid":"LVA-2-510"},"id":"LVA-2-510"},{"arcs":[[-107,-1101,-804]],"type":"Polygon","properties":{"name":"Sigulda","shapeGroup":"LVA","gid":"LVA-2-511"},"id":"LVA-2-511"},{"arcs":[[-198,-1297,-349]],"type":"Polygon","properties":{"name":"Krāslava","shapeGroup":"LVA","gid":"LVA-2-512"},"id":"LVA-2-512"},{"arcs":[[-440,-1652,-1618]],"type":"Polygon","properties":{"name":"Lielvārde","shapeGroup":"LVA","gid":"LVA-2-513"},"id":"LVA-2-513"},{"arcs":[[-1693]],"type":"Polygon","properties":{"name":"Iecava","shapeGroup":"LVA","gid":"LVA-2-514"},"id":"LVA-2-514"},{"arcs":[[-1045,-1236,-1497]],"type":"Polygon","properties":{"name":"Alūksne","shapeGroup":"LVA","gid":"LVA-2-515"},"id":"LVA-2-515"},{"arcs":[[-51,-1621,-1711]],"type":"Polygon","properties":{"name":"Ķegums","shapeGroup":"LVA","gid":"LVA-2-516"},"id":"LVA-2-516"},{"arcs":[[-66,-510,-1150,-1578,-1467,-1156,-1412,-885]],"type":"Polygon","properties":{"name":"Jelgava","shapeGroup":"LVA","gid":"LVA-2-517"},"id":"LVA-2-517"},{"arcs":[[-1513,-1682,-1557]],"type":"Polygon","properties":{"name":"Ludza","shapeGroup":"LVA","gid":"LVA-2-518"},"id":"LVA-2-518"},{"arcs":[[-1037,-1419,-1649,-1573]],"type":"Polygon","properties":{"name":"Jaunjelgava","shapeGroup":"LVA","gid":"LVA-2-519"},"id":"LVA-2-519"},{"arcs":[[-1312,-1598,1714]],"type":"Polygon","properties":{"name":"Baloži","shapeGroup":"LVA","gid":"LVA-2-520"},"id":"LVA-2-520"},{"arcs":[[-42]],"type":"Polygon","properties":{"name":"Kandava","shapeGroup":"LVA","gid":"LVA-2-521"},"id":"LVA-2-521"},{"arcs":[[-626,-794,-1517,-1695,-996]],"type":"Polygon","properties":{"name":"Bauska","shapeGroup":"LVA","gid":"LVA-2-522"},"id":"LVA-2-522"},{"arcs":[[-484,-817,-1340,-1679]],"type":"Polygon","properties":{"name":"Dobele","shapeGroup":"LVA","gid":"LVA-2-523"},"id":"LVA-2-523"},{"arcs":[[-342,-1353,-1070]],"type":"Polygon","properties":{"name":"Stende","shapeGroup":"LVA","gid":"LVA-2-524"},"id":"LVA-2-524"},{"arcs":[[-152,-1629]],"type":"Polygon","properties":{"name":"Lubāna","shapeGroup":"LVA","gid":"LVA-2-525"},"id":"LVA-2-525"},{"arcs":[[-1040,-1453]],"type":"Polygon","properties":{"name":"Aizkraukle","shapeGroup":"LVA","gid":"LVA-2-526"},"id":"LVA-2-526"},{"arcs":[[-1661]],"type":"Polygon","properties":{"name":"Staicele","shapeGroup":"LVA","gid":"LVA-2-527"},"id":"LVA-2-527"},{"arcs":[[-1445,-1703]],"type":"Polygon","properties":{"name":"Tukums","shapeGroup":"LVA","gid":"LVA-2-528"},"id":"LVA-2-528"},{"arcs":[[-515,-1709,-949,-593]],"type":"Polygon","properties":{"name":"Kuldīga","shapeGroup":"LVA","gid":"LVA-2-529"},"id":"LVA-2-529"},{"arcs":[[-771,-1294,-776,-1441]],"type":"Polygon","properties":{"name":"Aizpute","shapeGroup":"LVA","gid":"LVA-2-530"},"id":"LVA-2-530"},{"arcs":[[-829,-933,-1240]],"type":"Polygon","properties":{"name":"Limbaži","shapeGroup":"LVA","gid":"LVA-2-531"},"id":"LVA-2-531"},{"arcs":[[-1021,-1699]],"type":"Polygon","properties":{"name":"Varakļāni","shapeGroup":"LVA","gid":"LVA-2-532"},"id":"LVA-2-532"},{"arcs":[[-1338]],"type":"Polygon","properties":{"name":"Durbe","shapeGroup":"LVA","gid":"LVA-2-533"},"id":"LVA-2-533"},{"arcs":[[-8,-74,-1687,-1281,-1106]],"type":"Polygon","properties":{"name":"Rēzekne","shapeGroup":"LVA","gid":"LVA-2-534"},"id":"LVA-2-534"},{"arcs":[[-645,-1484]],"type":"Polygon","properties":{"name":"Balvi","shapeGroup":"LVA","gid":"LVA-2-535"},"id":"LVA-2-535"},{"arcs":[[-63,-1580,-1442,-463,1715,1716,-1697]],"type":"Polygon","properties":{"name":"Jūrmala","shapeGroup":"LVA","gid":"LVA-2-536"},"id":"LVA-2-536"},{"arcs":[[-1175,-1663]],"type":"Polygon","properties":{"name":"Preiļi","shapeGroup":"LVA","gid":"LVA-2-537"},"id":"LVA-2-537"},{"arcs":[[-966]],"type":"Polygon","properties":{"name":"Brocēni","shapeGroup":"LVA","gid":"LVA-2-538"},"id":"LVA-2-538"},{"arcs":[[-704,1717]],"type":"Polygon","properties":{"name":"Pāvilosta","shapeGroup":"LVA","gid":"LVA-2-539"},"id":"LVA-2-539"},{"arcs":[[-548]],"type":"Polygon","properties":{"name":"Piltene","shapeGroup":"LVA","gid":"LVA-2-540"},"id":"LVA-2-540"},{"arcs":[[-56,-214,-728,-1069,-1462,-1702]],"type":"Polygon","properties":{"name":"Daugavpils","shapeGroup":"LVA","gid":"LVA-2-541"},"id":"LVA-2-541"},{"arcs":[[-1613,-1664]],"type":"Polygon","properties":{"name":"Dagda","shapeGroup":"LVA","gid":"LVA-2-542"},"id":"LVA-2-542"},{"arcs":[[-269,-937]],"type":"Polygon","properties":{"name":"Viļāni","shapeGroup":"LVA","gid":"LVA-2-543"},"id":"LVA-2-543"},{"arcs":[[-1060]],"type":"Polygon","properties":{"name":"Viesīte","shapeGroup":"LVA","gid":"LVA-2-544"},"id":"LVA-2-544"},{"arcs":[[-309]],"type":"Polygon","properties":{"name":"Ikšķile","shapeGroup":"LVA","gid":"LVA-2-545"},"id":"LVA-2-545"},{"arcs":[[-1545,-1634]],"type":"Polygon","properties":{"name":"Rūjiena","shapeGroup":"LVA","gid":"LVA-2-546"},"id":"LVA-2-546"},{"arcs":[[-756,-1334]],"type":"Polygon","properties":{"name":"Zilupe","shapeGroup":"LVA","gid":"LVA-2-547"},"id":"LVA-2-547"},{"arcs":[[-1137]],"type":"Polygon","properties":{"name":"Cesvaine","shapeGroup":"LVA","gid":"LVA-2-548"},"id":"LVA-2-548"},{"arcs":[[-1143]],"type":"Polygon","properties":{"name":"Priekule","shapeGroup":"LVA","gid":"LVA-2-549"},"id":"LVA-2-549"},{"arcs":[[-964,-1704,-1348,-1683]],"type":"Polygon","properties":{"name":"Saldus","shapeGroup":"LVA","gid":"LVA-2-550"},"id":"LVA-2-550"},{"arcs":[[-614,-1429]],"type":"Polygon","properties":{"name":"Aknīste","shapeGroup":"LVA","gid":"LVA-2-551"},"id":"LVA-2-551"},{"arcs":[[-629,1718,-1128]],"type":"Polygon","properties":{"name":"Ventspils","shapeGroup":"LVA","gid":"LVA-2-552"},"id":"LVA-2-552"},{"arcs":[[-1594]],"type":"Polygon","properties":{"name":"Baldone","shapeGroup":"LVA","gid":"LVA-2-553"},"id":"LVA-2-553"},{"arcs":[[-1025,-1639]],"type":"Polygon","properties":{"name":"Auce","shapeGroup":"LVA","gid":"LVA-2-554"},"id":"LVA-2-554"},{"arcs":[[-711,1719,-1182]],"type":"Polygon","properties":{"name":"Subate","shapeGroup":"LVA","gid":"LVA-2-555"},"id":"LVA-2-555"},{"arcs":[[-280,-1582]],"type":"Polygon","properties":{"name":"Seda","shapeGroup":"LVA","gid":"LVA-2-556"},"id":"LVA-2-556"},{"arcs":[[-584]],"type":"Polygon","properties":{"name":"Valdemārpils","shapeGroup":"LVA","gid":"LVA-2-557"},"id":"LVA-2-557"},{"arcs":[[-188,1720]],"type":"Polygon","properties":{"name":"Salacgrīva","shapeGroup":"LVA","gid":"LVA-2-558"},"id":"LVA-2-558"},{"arcs":[[-723,-1331,-1342,-1152]],"type":"Polygon","properties":{"name":"Pļaviņas","shapeGroup":"LVA","gid":"LVA-2-559"},"id":"LVA-2-559"},{"arcs":[[-682,-895,-1533,-1117]],"type":"Polygon","properties":{"name":"Gulbene","shapeGroup":"LVA","gid":"LVA-2-560"},"id":"LVA-2-560"},{"arcs":[[-872,-942,-1327]],"type":"Polygon","properties":{"name":"Smiltene","shapeGroup":"LVA","gid":"LVA-2-561"},"id":"LVA-2-561"},{"arcs":[[-434,-1616,-958,-1006]],"type":"Polygon","properties":{"name":"Cēsis","shapeGroup":"LVA","gid":"LVA-2-562"},"id":"LVA-2-562"},{"arcs":[[-1707,1721]],"type":"Polygon","properties":{"name":"Valka","shapeGroup":"LVA","gid":"LVA-2-563"},"id":"LVA-2-563"},{"arcs":[[-914]],"type":"Polygon","properties":{"name":"Salaspils","shapeGroup":"LVA","gid":"LVA-2-564"},"id":"LVA-2-564"},{"arcs":[[-225,-1322,-1503,-1674]],"type":"Polygon","properties":{"name":"Līvāni","shapeGroup":"LVA","gid":"LVA-2-565"},"id":"LVA-2-565"},{"arcs":[[-1306]],"type":"Polygon","properties":{"name":"Aloja","shapeGroup":"LVA","gid":"LVA-2-566"},"id":"LVA-2-566"},{"arcs":[[-53,-1713,-305]],"type":"Polygon","properties":{"name":"Ogre","shapeGroup":"LVA","gid":"LVA-2-567"},"id":"LVA-2-567"},{"arcs":[[-158,-1355,-1422,-1423]],"type":"Polygon","properties":{"name":"Talsi","shapeGroup":"LVA","gid":"LVA-2-568"},"id":"LVA-2-568"},{"arcs":[[-1403,-1588]],"type":"Polygon","properties":{"name":"Skrunda","shapeGroup":"LVA","gid":"LVA-2-569"},"id":"LVA-2-569"},{"arcs":[[-238,1722]],"type":"Polygon","properties":{"name":"Saulkrasti","shapeGroup":"LVA","gid":"LVA-2-570"},"id":"LVA-2-570"},{"arcs":[[-500,-1472,-568]],"type":"Polygon","properties":{"name":"Valmiera","shapeGroup":"LVA","gid":"LVA-2-571"},"id":"LVA-2-571"},{"arcs":[[-1477]],"type":"Polygon","properties":{"name":"Grobiņa","shapeGroup":"LVA","gid":"LVA-2-572"},"id":"LVA-2-572"},{"arcs":[[-882,-912,-1313,-1715,-1597,-1689,-1698,-1717,1723,-1004,-1647]],"type":"Polygon","properties":{"name":"Rīga","shapeGroup":"LVA","gid":"LVA-2-573"},"id":"LVA-2-573"},{"arcs":[[-720,-1487,-1292,-1691,-1604]],"type":"Polygon","properties":{"name":"Jēkabpils","shapeGroup":"LVA","gid":"LVA-2-574"},"id":"LVA-2-574"},{"arcs":[[-1066,-1714]],"type":"Polygon","properties":{"name":"Ilūkste","shapeGroup":"LVA","gid":"LVA-2-575"},"id":"LVA-2-575"},{"arcs":[[-1371,-1670]],"type":"Polygon","properties":{"name":"Līgatne","shapeGroup":"LVA","gid":"LVA-2-576"},"id":"LVA-2-576"},{"arcs":[[-190,1724,-1262]],"type":"Polygon","properties":{"name":"Ainaži","shapeGroup":"LVA","gid":"LVA-2-577"},"id":"LVA-2-577"},{"arcs":[[-1077,-1272]],"type":"Polygon","properties":{"name":"Mazsalaca","shapeGroup":"LVA","gid":"LVA-2-578"},"id":"LVA-2-578"},{"arcs":[[-302,-330,-1266,-1625]],"type":"Polygon","properties":{"name":"Madona","shapeGroup":"LVA","gid":"LVA-2-579"},"id":"LVA-2-579"},{"arcs":[[-344]],"type":"Polygon","properties":{"name":"Sabile","shapeGroup":"LVA","gid":"LVA-2-580"},"id":"LVA-2-580"},{"arcs":[[-103,-1648,-239]],"type":"Polygon","properties":{"name":"Vangaži","shapeGroup":"LVA","gid":"LVA-2-581"},"id":"LVA-2-581"},{"arcs":[[-282,-1581,-866]],"type":"Polygon","properties":{"name":"Strenči","shapeGroup":"LVA","gid":"LVA-2-582"},"id":"LVA-2-582"},{"arcs":[[-1576]],"type":"Polygon","properties":{"name":"Ape","shapeGroup":"LVA","gid":"LVA-2-583"},"id":"LVA-2-583"},{"arcs":[[-862,-1201]],"type":"Polygon","properties":{"name":"Kārsava","shapeGroup":"LVA","gid":"LVA-2-584"},"id":"LVA-2-584"},{"arcs":[[-163,1725,-1268,-1474]],"type":"Polygon","properties":{"name":"Liepāja","shapeGroup":"LVA","gid":"LVA-2-585"},"id":"LVA-2-585"},{"arcs":[[-1600]],"type":"Polygon","properties":{"name":"Olaine","shapeGroup":"LVA","gid":"LVA-2-586"},"id":"LVA-2-586"},{"arcs":[[-476,-1436,-1447]],"type":"Polygon","properties":{"name":"Viļaka","shapeGroup":"LVA","gid":"LVA-2-587"},"id":"LVA-2-587"},{"arcs":[[-475]],"type":"Polygon","properties":{"name":"Koknese","shapeGroup":"LVA","gid":"LVA-2-588"},"id":"LVA-2-588"}]}}}