{"type":"Topology","arcs":[[[16599,8630],[-32,-3],[-34,-49],[-84,-41],[-56,-7],[-70,-38],[-2,26],[-37,14],[-58,-4],[-31,-19],[17,-143],[-10,-37]],[[16202,8329],[-22,-28],[-58,-16],[-51,-38],[-44,68],[-50,20],[-121,-4],[-84,-28],[-47,5],[-242,99],[6,-20],[-26,-53],[-45,-6],[-40,-60],[20,-23],[-58,-125],[-22,-110],[-19,-26],[-37,13]],[[15262,7997],[6,55],[-18,7],[-13,48],[-35,26],[-27,54],[32,24],[38,71],[-50,68],[19,18],[-2,70],[22,34],[-17,94],[53,26],[32,-1],[40,83],[-12,25],[3,86]],[[15333,8785],[112,-26],[168,-25],[29,26],[-38,68],[-6,47],[35,28],[91,-53],[40,38],[-31,28],[-49,-5],[-39,46],[51,25],[26,46],[57,-8],[25,-16],[105,18],[32,-4],[6,-34],[29,-52],[38,3],[4,61],[49,-17],[15,-43],[32,54],[36,30]],[[16150,9020],[10,-20],[-28,-47],[67,-31],[15,30],[32,15],[39,-10],[17,24],[50,8],[114,40],[39,22],[50,-5],[42,-38],[-63,-96],[-15,-84],[42,-118],[38,-80]],[[18912,7389],[-81,-302]],[[18831,7087],[-37,-19],[-72,6],[-29,-7],[-39,40],[-48,23],[-74,-5],[-50,33],[-49,-2],[-56,43],[-48,14],[-104,59]],[[18225,7272],[142,240],[25,-47],[68,-31],[46,-4],[31,-55],[21,9],[70,68],[59,-26],[15,-21],[89,-25],[56,10],[26,-11],[39,10]],[[17830,3982],[41,-16],[-90,-129],[138,-65],[20,20],[54,8],[18,-30],[91,50],[59,-23],[-2,-76],[36,-1],[40,32],[58,-1],[59,23],[34,-17],[28,-95],[37,-27],[21,-41],[-4,-68]],[[18468,3526],[-30,-3],[-50,-41],[12,-13]],[[18400,3469],[-45,-37],[-12,-55],[-61,-88],[-45,-14],[-51,30],[-65,-6],[-24,13],[-30,-22],[-52,-5],[-2,-37],[-33,-12],[1,-40],[-44,25],[-26,47],[-105,-84]],[[17806,3184],[-36,91],[-36,41],[-9,32],[-32,12],[-22,64],[-29,35],[-81,72],[-70,30],[-16,43],[-39,12],[-52,55],[-27,4],[-42,38]],[[17315,3713],[39,27],[16,42],[-6,28],[21,39],[8,92],[79,25],[15,52],[83,50],[31,-16],[59,29],[9,24]],[[17669,4105],[20,16],[56,-29],[38,-53],[14,-44],[33,-13]],[[19624,6223],[20,-26],[9,-71],[36,-58],[6,-45]],[[19695,6023],[-24,-3],[-30,-46],[-20,-64],[-26,-4],[-44,21],[-27,-72],[-39,-8],[-1,-38],[30,-62],[-32,-44],[6,-25],[-71,-141],[-33,-12],[-20,-57],[-2,-69],[-17,-76],[42,-29],[-4,-43],[-33,-42],[30,-40],[-24,-70],[7,-35],[-35,-64],[-2,-29],[-41,-93]],[[19285,4878],[-70,-53],[-57,-2],[-143,-130],[-3,-85],[10,-44],[-29,-26],[-27,-88],[-49,-15],[-62,-40],[13,-28],[-20,-45]],[[18848,4322],[-23,-8],[-99,147],[-20,62],[-63,3],[-32,-27],[-43,89],[-74,48],[-37,-20],[-21,-31],[-32,-1],[-55,-57],[-33,6],[-54,57],[-112,63],[-37,-33],[-35,-2]],[[18078,4618],[35,76],[-16,35],[-18,99],[10,69],[-24,19],[1,111],[22,43],[-18,28],[-31,8],[-49,92]],[[17990,5198],[47,46]],[[18037,5244],[32,13],[39,57],[67,-7],[63,8],[64,-67],[67,64],[55,109],[65,53],[54,15],[37,41],[30,-26],[69,52],[47,1],[-11,47],[-5,128],[21,-7],[35,28],[47,0],[88,-91],[46,19],[24,26],[10,81],[56,82],[-1,41],[24,28]],[[19060,5939],[53,6],[29,-33],[49,20],[12,47],[70,6],[15,47],[43,15],[-13,83],[67,77]],[[19385,6207],[48,4],[24,89],[30,26]],[[19487,6326],[51,-12],[39,-56],[30,-3],[17,-32]],[[15136,5425],[21,-51],[53,-8],[41,-37],[49,-8],[51,17]],[[15351,5338],[44,-17],[47,29],[48,-45],[-20,-34],[104,-38]],[[15574,5233],[-2,-79]],[[15572,5154],[-32,-32],[-181,-17],[-18,-28],[-41,-3],[-24,-41],[-61,-5],[-36,-19],[-82,-6],[-45,-48]],[[15052,4955],[-44,-18],[-41,20],[-5,32],[-54,-3],[-52,16],[-11,26]],[[14845,5028],[56,136],[-72,15],[-33,29],[-6,59],[21,48]],[[14811,5315],[28,22],[32,-3],[68,51],[29,123]],[[14968,5508],[49,-26],[22,8],[97,-65]],[[12626,4331],[-74,-80],[49,-28],[-25,-25],[-3,-62],[-16,-33],[-45,7],[-82,30],[-44,46],[-46,2]],[[12340,4188],[-36,39],[-66,37],[-42,40],[30,21],[65,-24],[24,12],[-13,45],[10,51],[59,76]],[[12371,4485],[12,-4],[148,-109],[33,10],[62,-51]],[[18468,3526],[38,-19],[47,104],[-2,30],[41,14],[5,28]],[[18597,3683],[69,-19],[34,0],[80,44],[16,32],[74,26],[54,8],[87,-45],[51,-60]],[[19062,3669],[-63,-293],[39,-103],[79,-149],[-83,-53],[149,-283]],[[19183,2788],[-443,-265]],[[18740,2523],[-29,-18]],[[18711,2505],[-251,-153]],[[18460,2352],[-88,246],[12,7],[4,134],[16,14],[106,144],[-17,97],[23,12],[137,241],[-60,129],[-41,26],[-112,25],[-40,42]],[[14747,6920],[-74,37],[-36,57],[-4,46],[-65,80],[-2,36],[-36,44]],[[14530,7220],[90,55]],[[14620,7275],[46,15],[83,-4],[58,46],[43,74],[35,79],[49,46]],[[14934,7531],[-14,-157],[-55,-92],[-27,-120],[-31,-41],[52,-12],[-25,-56],[-16,-71],[-60,-39],[-11,-23]],[[15101,10582],[22,-170],[-20,-25]],[[15103,10387],[-28,-22],[38,-56],[39,-76],[-85,14],[-17,-28],[-72,-28],[-56,-1],[-61,-19],[-72,16]],[[14789,10187],[-5,94],[-34,57],[-59,34],[-37,77],[-62,72],[3,51],[66,30],[50,49],[62,37],[4,59],[-34,38],[-100,47],[-15,41],[36,32],[73,27],[34,41],[-11,52],[-70,21],[31,88]],[[14721,11134],[16,25],[40,-5],[95,104],[67,20],[125,-12],[40,-120],[4,-60],[29,-44],[-27,-42],[-92,-46],[-36,-3],[12,-76],[-18,-167],[-39,2],[-31,-18],[42,-101],[-13,-79],[67,3],[62,60],[37,7]],[[14437,6976],[-92,-83],[-14,-46],[-46,18],[-34,-32]],[[14251,6833],[-53,40],[-13,46],[-48,67]],[[14137,6986],[-1,84],[47,35],[10,33],[82,3],[119,91]],[[14394,7232],[34,-14],[27,-49],[-39,-85],[-4,-55],[25,-53]],[[15238,7915],[11,-28],[46,-21],[24,23],[65,-23],[18,10],[95,-25],[40,13],[51,-25]],[[15588,7839],[-76,-151],[-33,-79]],[[15479,7609],[-31,43],[-61,54],[-27,-11],[-64,20],[-21,30],[-45,-8],[0,-27],[43,-80]],[[15273,7630],[-18,-68],[-201,-79],[-47,21],[-18,-8]],[[14989,7496],[-54,36]],[[14935,7532],[-45,51],[-16,34],[-44,13],[-9,29],[-46,5],[-42,-13]],[[14733,7651],[-71,9],[-25,-25],[-49,7]],[[14588,7642],[-34,-2],[-37,65],[-96,-14],[-40,18],[-50,-2],[-34,18]],[[14297,7725],[15,6],[35,68],[41,37],[54,74],[54,115],[5,53],[17,55],[46,41],[50,-14]],[[14614,8160],[-19,-57],[36,1],[18,-37],[51,-5],[41,-22],[22,-29],[39,4],[21,64],[33,-75],[49,7],[25,-35],[38,13],[11,-39],[69,-73],[34,35],[62,-18],[18,23],[47,-30],[29,28]],[[13912,7180],[-17,-18],[-25,-67],[2,-59]],[[13872,7036],[-49,-87],[-68,-59]],[[13755,6890],[-3,-6]],[[13752,6884],[-78,88],[-18,-46],[-30,-33],[-26,-129]],[[13600,6764],[-22,44],[-36,38]],[[13542,6846],[-29,116],[3,86],[11,23],[111,77],[93,41],[52,54]],[[13783,7243],[95,-38],[34,-25]],[[14934,7531],[1,1]],[[14989,7496],[28,-40],[25,-129],[37,-47],[-80,-122],[-6,-162]],[[14993,6996],[-11,-44],[20,-16],[3,-46],[-65,-50],[-37,-8],[-64,49],[-12,-56],[-26,0]],[[14801,6825],[-34,14]],[[14767,6839],[1,33],[-21,48]],[[16166,988],[45,-29],[41,-66],[-23,-13],[9,-41],[-8,-82],[-56,-76],[-210,-59],[-52,-35],[-70,8],[-39,-6],[-46,-33],[-99,-8]],[[15658,548],[-60,13],[-67,-9],[-73,-66],[-42,-16],[-43,-42],[-101,-64],[-51,-27],[-130,-11],[-72,12],[-32,-15],[-158,53],[-118,6],[-53,45],[-40,17],[-28,29],[-102,59],[-72,5]],[[14416,537],[44,90]],[[14460,627],[7,-15],[84,0],[63,10],[55,-19],[41,14],[35,-5],[53,42],[47,2],[51,-27],[35,9],[31,78],[60,-2],[67,43],[22,41],[6,74],[57,4],[102,38],[40,43],[18,-12],[44,16],[71,-11]],[[15449,950],[40,6],[479,36],[166,1],[32,-5]],[[17285,13210],[11,-23],[-49,-68],[30,-14],[5,-32],[-41,-27],[-25,0],[-6,-57]],[[17210,12989],[-50,-20],[-47,-2],[-33,-35],[24,-48],[-87,-33],[-7,-22],[-50,-51],[-78,-14],[-37,8],[-24,31],[-53,-9],[-40,-45],[-64,-12],[-4,-69],[-34,-20],[-38,25],[-23,-10],[-37,20],[-71,-29],[-70,-6],[-21,24],[-51,23],[-85,-1],[-29,-28],[-112,55]],[[16089,12721],[24,10],[36,111],[96,52],[30,-17],[65,13],[17,61],[42,53],[63,43],[38,47],[27,135],[-65,92],[-15,48],[-13,108],[62,61],[21,65],[60,87]],[[16577,13690],[36,-17],[55,-6],[48,-402],[77,9],[49,25],[14,22],[46,-11],[121,-54],[42,6],[124,-45],[79,40],[17,-47]],[[12578,21687],[-35,4],[10,42],[-25,29],[-39,8],[-16,-33],[-41,-18],[38,-73],[-16,-23],[-36,19],[-7,66],[-18,17],[16,46],[-39,28],[-90,90],[-41,-21],[-71,25],[-27,-40],[-37,29],[-102,47],[-33,-9],[-48,34],[15,72],[-26,15],[-45,-108],[-18,-14],[-90,-28],[-35,-51],[-49,-7],[-38,16],[-36,-28],[-20,-56],[-36,-20],[-158,-37],[-78,-86],[-71,128],[71,29],[56,14],[2,161],[-11,394],[-911,463],[-259,5],[-1013,7],[-38,-20],[-802,-4],[4,-437],[-491,-2],[0,-353],[-22,-54],[-300,-641],[-5,-18]],[[7517,21294],[-130,-8],[-377,119],[-1277,420]],[[5733,21825],[-1003,310],[-1593,499],[-64,29],[-97,25],[-138,6],[-53,8],[-69,51],[-40,54],[-103,96],[-56,23],[-50,-4],[-50,-33],[-36,-2],[-418,62]],[[1963,22949],[507,1394],[955,166],[1050,185],[1071,192],[1705,493],[2473,16],[1008,-665],[1254,-820],[193,-161],[-40,-55],[-33,-18],[-29,-36],[-10,-59],[25,-133],[-48,-83],[76,-52],[24,-90],[3,-90],[50,-43],[-28,-21],[6,-45],[31,-37],[-3,-30],[30,-43],[16,-59],[-18,-55],[20,-43],[-36,-2],[-48,-43],[27,-46],[53,3],[48,-35],[-30,-48],[-59,-24],[-28,-43],[2,-58],[20,-54],[50,-13],[14,35],[43,31],[38,-3],[37,-48],[-11,-100],[-20,-49],[0,-41],[18,-63],[46,-105],[18,-19],[62,-23],[66,-13],[64,-95],[7,-70],[-44,-80],[-10,-64]],[[14870,12591],[-33,-20],[-97,24],[-110,-15],[-25,-30],[-41,-24],[-23,17]],[[14541,12543],[9,71],[-131,27],[29,62],[50,6],[-17,100],[119,95],[133,-5],[52,14]],[[14785,12913],[2,-34],[115,12],[69,15],[17,-50],[-30,-75],[-17,-104],[-71,-86]],[[18740,2523],[657,-663],[63,32],[28,72],[50,-17],[54,-1],[30,-40],[7,-40],[33,-18]],[[19662,1848],[-66,-70],[-39,-77],[-16,-69],[20,-119],[-25,-30],[-70,-7],[-130,23]],[[19336,1499],[-9,18],[-306,309],[5,24],[93,85],[88,38],[-325,329],[8,23],[-179,180]],[[17685,16230],[1,-12],[74,-52],[34,-38],[35,-97],[-18,-157],[61,-202],[-30,-42],[-51,-1],[-45,-49],[-74,-50],[-45,9],[-103,-111],[-7,-97],[-34,-7],[-32,19],[-30,-57],[-10,-66],[-61,-64],[-18,-96],[-34,2],[-35,-61]],[[17263,15001],[-30,-21],[-20,23],[-41,-2],[-39,-21],[1,-38],[-31,1],[-28,-41],[-58,20],[-20,-26],[3,-52],[-60,-19],[-12,-45],[-28,-2],[-39,-36],[-27,17],[-44,-28],[-39,12],[-75,-50],[4,-44],[-46,-22],[17,-44],[-6,-52],[-27,-22],[-22,-54],[4,-40],[-54,-26],[10,-22],[-115,-57],[-50,14],[-28,49],[-38,20],[-68,16],[-8,-38],[-112,-38],[-12,28]],[[16125,14361],[3,60],[20,27],[-26,55],[73,29],[39,34],[23,42],[30,1],[12,41],[-37,41],[1,52],[-20,17],[8,74],[-15,90],[-64,11],[4,63]],[[16176,14998],[1,20],[-52,52],[-28,43],[14,39],[-8,41],[3,69],[-20,31],[5,27],[-35,121],[10,58],[33,47],[21,122],[-7,30],[50,59],[137,56],[11,115],[62,31],[34,28],[-589,212]],[[15818,16199],[17,29],[50,15],[-18,32],[17,69],[23,19],[23,-46],[34,-3],[27,49],[50,4],[64,-48],[61,68],[-19,47],[60,-7],[9,-76],[111,-43],[-10,49],[41,-7],[58,45],[19,41],[45,39],[33,-5],[37,33],[9,61],[-10,23],[52,35],[41,62],[-6,51],[17,38],[61,44],[55,0],[14,43],[63,10],[1,-26],[43,0],[36,17],[54,5],[9,-50],[75,-130],[-17,-40],[44,-68],[22,-4],[9,-45],[44,-34],[35,-48],[49,-8],[39,-43],[61,-24],[53,12],[29,-35],[-6,-27],[54,-42],[13,-26],[44,21],[52,-45],[65,12],[31,-12]],[[13467,7620],[-124,11],[-18,-15],[-48,-2],[-15,50],[-48,61],[-86,4],[1,363],[-271,-1],[-2,328],[-108,-4],[1,-34],[-209,4],[-15,30],[-43,-7],[-166,53],[1,244],[-13,-2],[-7,131],[-138,-3],[0,11],[-238,-4],[-170,3],[-429,37]],[[11322,8878],[-21,116],[-120,1159],[-506,483],[16,937]],[[10691,11573],[31,19],[76,-75],[27,17],[87,-30],[88,0],[59,-30],[37,33],[39,-34],[37,2],[23,-25],[77,-51],[50,-1],[87,-89],[52,19],[36,-13],[55,48],[29,2],[10,54],[57,12],[51,-30],[102,37],[53,-13],[118,57],[51,-35],[42,11],[59,-22],[-2,-32],[39,-25],[12,-26],[44,-6],[28,-70],[23,41],[120,-18],[103,73],[48,-16],[64,32],[51,4],[15,19],[62,21],[5,14],[63,16],[56,-34],[26,29],[78,-17],[52,-2],[18,32],[59,36],[22,28],[45,4],[3,28],[55,-20],[-34,-1231],[4,-75],[242,-26],[5,-23],[59,-17],[5,-25],[70,7],[78,-49],[62,-15],[55,-39],[52,9],[4,-83],[26,-56],[24,-79],[136,-1000],[211,-513],[-1,-329],[-169,0],[-4,-104],[-103,-88],[-87,-41],[13,-20],[-120,-33],[-274,-97]],[[16605,5190],[45,-59],[85,-1]],[[16735,5130],[17,-34],[-12,-63],[61,-71],[-25,-39],[-14,-92],[-20,-15]],[[16742,4816],[-51,-59],[-104,8],[-73,-14],[2,-82],[-6,-100],[-120,-240]],[[16390,4329],[-19,-6],[-18,-49]],[[16353,4274],[-9,22],[-111,62],[-85,63],[-19,50],[16,65],[-28,9],[-16,45],[33,78],[20,93],[-29,60],[-3,44],[-21,13],[-11,53],[-30,22]],[[16060,4953],[-29,63]],[[16031,5016],[28,-17],[54,-9],[28,20],[26,-33],[57,6],[33,-25],[90,3],[65,-28],[0,118]],[[16412,5051],[60,-35],[19,4],[24,83],[25,52],[65,35]],[[17669,4105],[-16,38],[14,36],[-17,37],[25,72],[36,26],[30,-1],[13,60]],[[17754,4373],[213,20],[30,-27],[-6,-43],[-80,-59],[-11,-35],[123,-66],[-34,-52],[-36,-115],[-123,-14]],[[14993,6996],[47,-20],[43,5],[32,-12],[53,-62]],[[15168,6907],[-9,-23],[21,-55],[-14,-32],[18,-27]],[[15184,6770],[-28,-65],[-38,-47],[-91,-59],[-5,-50],[-35,-15]],[[14987,6534],[-23,6],[-31,39],[-49,37],[-28,-5],[-11,45],[-30,43]],[[14815,6699],[-14,126]],[[18155,7288],[-17,-71],[-25,-49],[0,-145],[72,-44],[78,-1],[13,-58],[67,-97],[15,-46],[-5,-79],[15,-51],[29,-58],[4,-83],[78,-81],[52,-5]],[[18531,6420],[-7,-26],[-219,-30],[-62,13],[-55,-15],[-60,-28],[-34,30],[-53,-30],[-11,12],[-330,-223],[35,-54]],[[17735,6069],[-92,25],[-36,27],[-32,4],[-74,43],[-45,-18],[-79,26],[-32,-30],[-60,-11],[-16,52]],[[17269,6187],[69,40],[20,38],[47,16],[0,44],[-23,26],[14,66],[33,13],[-7,34],[77,42],[46,13],[17,55],[43,6],[53,47],[-89,57]],[[17569,6684],[122,37],[45,4],[74,34],[-6,116],[23,43],[-26,78],[-8,50],[-53,66],[-73,-3]],[[17667,7109],[71,42],[-9,66],[81,23],[34,-7],[58,40],[1,63]],[[17903,7336],[19,6],[91,-6],[65,17],[51,-58],[26,-7]],[[14961,4590],[31,-72],[62,-23]],[[15054,4495],[-34,-14],[-43,-56],[-31,-70],[19,-55],[66,-20],[-6,-120],[20,-38],[34,-2],[-4,-51],[-70,-122],[36,-27],[18,-41],[-14,-34],[29,-22],[32,-51],[34,-13],[-34,-40]],[[15106,3719],[-47,-29],[-48,8],[-8,-60],[-43,-6],[-21,-23],[-30,16],[-28,-17],[-27,-91],[-20,-21],[8,-44],[-56,-14],[-3,-52],[-46,-47],[-53,31],[-22,-26],[20,-36],[28,-2],[-53,-126],[0,-41]],[[14657,3139],[-38,-14],[-20,-32],[-55,-6],[0,-35],[-79,17],[7,-39],[-31,-26],[-37,15],[-93,0],[-24,-20],[-66,12],[-62,-3],[20,35],[-10,29],[-31,5],[-11,45],[-33,6],[-30,28],[-96,-20],[1,47],[-24,41],[-21,-7],[-71,16],[3,32],[-39,8],[-37,-36],[-58,3],[-32,46],[10,26],[-40,54],[-103,7],[-18,27],[11,43],[-43,20],[41,36],[-19,26],[-114,60],[18,40],[-21,39],[-36,6],[-11,-25],[-40,-1]],[[13325,3644],[-16,57]],[[13309,3701],[39,19],[14,60],[26,-13],[15,-49],[29,-2],[41,59],[25,12],[-30,40],[37,106],[48,25],[25,50],[-17,24],[98,68],[2,41]],[[13661,4141],[23,54],[44,18],[38,89],[42,17],[93,2],[21,29],[42,15],[12,23],[57,0],[28,59],[-9,43],[21,32]],[[14073,4522],[65,-16],[184,-30],[87,172],[40,-15],[24,9],[54,-40],[89,6],[144,-11],[28,-29],[18,33],[55,31],[79,-22],[21,-20]],[[17315,3713],[-71,16],[-102,-47],[-45,0],[-38,-57]],[[17059,3625],[5,54],[-23,38]],[[17041,3717],[-36,59],[3,55],[-24,64]],[[16984,3895],[39,4],[25,66],[16,77],[-13,70],[-44,35],[-33,85],[-4,93],[16,35],[-37,82]],[[16949,4442],[21,8],[-23,346],[51,23],[56,-4],[52,-26],[46,72],[21,-2],[71,60],[56,23]],[[17300,4942],[23,-6],[250,-261]],[[17573,4675],[-11,-49],[-49,-50],[-26,-82],[-31,-20],[42,-62],[26,-19],[92,16],[31,25],[34,3],[35,47],[63,-14]],[[17779,4470],[-5,-66],[-20,-31]],[[18833,833],[149,-155]],[[18982,678],[-46,-15],[-25,-23],[-70,-91],[-12,-39],[-35,-55],[-44,-5],[-103,11],[-84,45]],[[18563,506],[18,48],[56,61],[-38,29],[-52,64],[-52,4],[-36,71],[14,37],[58,-23],[55,38],[4,39],[-53,12],[21,107]],[[18558,993],[51,11],[7,46],[217,-217]],[[14251,6833],[7,-35],[-16,-55],[19,-56],[-1,-39]],[[14260,6648],[-76,19],[9,27],[-64,22],[-9,-49],[-39,-82]],[[14081,6585],[-38,13],[-57,37],[-29,-3]],[[13957,6632],[-14,67],[26,-2]],[[13969,6697],[66,-1],[-9,36],[3,89],[-9,20],[28,65],[36,43]],[[14084,6949],[53,37]],[[18098,9362],[30,-37],[47,-30],[52,-57],[-11,-73],[9,-45],[33,-85],[32,-35],[8,-33],[75,-39],[52,-36],[26,-53],[14,-63],[22,-27],[13,-93],[39,-7],[11,-32],[128,-13],[39,-12],[29,19],[55,-19],[73,-3]],[[18874,8589],[-16,-22],[-12,-88],[-29,-30],[-19,14],[-126,8],[-13,-47],[-44,4],[-32,-22],[-49,-6],[-52,-48],[-61,10],[-42,32],[-31,-13],[-38,16],[-79,2],[-93,37],[-48,-14],[4,-76],[-29,-34],[-67,-42]],[[17998,8270],[0,-55],[-72,0],[-49,-45],[-55,-36],[-38,32]],[[17784,8166],[-43,10],[-26,-50],[-62,-6],[-29,27],[-40,104]],[[17584,8251],[25,7],[74,81],[36,11],[-12,63],[1,59],[59,93],[18,48],[-28,28],[0,34],[-36,54],[7,32],[-36,44],[4,27],[-20,50],[-5,82],[-76,106]],[[17595,9070],[56,11],[52,52],[62,19],[113,49],[80,11],[54,68],[86,82]],[[19052,13989],[4,-22],[57,-47],[9,-109],[-13,-17],[45,-71],[9,-41],[-1,-95],[69,23],[78,-39],[10,-84],[41,-46],[-10,-41],[-34,-36],[-2,-64],[49,-50],[-28,-28],[-57,-33],[12,-73],[-18,-38],[57,-52],[38,-58],[4,-38],[34,-17],[6,-24],[-30,-97],[-78,-120],[11,-20],[-13,-68],[-18,-35],[22,-104]],[[19305,12445],[-5,-56],[-87,-151],[-9,-86],[-17,-57],[-35,-46],[-29,4],[-54,-17],[-34,-38],[-51,-23],[-112,43],[-38,-1],[-34,-49],[-62,-35],[-49,-139],[-62,-32],[-34,-38],[-39,6],[-18,-27],[-39,5],[-21,-46],[-29,-28],[-2,-34],[-72,-23],[-27,-42],[-57,12],[-38,-43],[-54,56],[-74,-26],[-25,-19],[-108,15]],[[17990,11530],[0,1]],[[17990,11531],[18,67],[45,36],[43,13],[4,42],[33,115],[-18,131],[-12,34],[13,30],[-30,63],[-1,29],[-24,48],[-27,18],[-29,56],[-70,38],[-17,-34],[-44,-30],[-66,17],[-54,-12]],[[17754,12192],[8,42],[-39,58],[-28,24],[-22,97],[23,66],[-32,59]],[[17664,12538],[-53,69],[-5,43],[20,33],[18,66],[-5,118],[-23,100],[6,91]],[[17622,13058],[70,30],[75,-72],[38,10],[1,26],[35,28],[57,20],[82,67],[22,38],[29,15],[27,-14],[35,19],[16,46],[35,26],[45,7],[51,-17],[81,60],[41,45],[82,121],[46,54],[51,28],[-1,71],[20,3],[25,80],[53,49],[31,41],[40,23],[9,29],[55,29],[54,7],[44,36],[10,26],[63,38]],[[18944,14027],[39,12],[69,-50]],[[19703,2819],[27,-56],[34,-35],[22,-57],[-11,-31],[36,-28],[31,-6],[36,-56],[33,14],[62,-50],[15,-35],[46,29],[24,30],[147,0],[49,7]],[[20254,2545],[14,-45],[-20,-28],[-76,-18],[50,-90],[11,41],[48,-19],[-15,-79],[19,-24],[30,-85],[34,12],[35,-29]],[[20384,2181],[-8,-53],[26,-76],[24,-44],[-24,-52],[-76,-19],[-73,-31],[-51,9],[-69,74],[-63,13],[-26,-11]],[[20044,1991],[-260,264],[49,48],[-62,64],[-49,-48],[-46,47],[48,48],[-249,251]],[[19475,2665],[34,30],[32,49],[58,32],[38,-6],[66,49]],[[18558,993],[-4,71],[-20,12],[13,42],[-283,282]],[[18264,1400],[25,93],[37,34],[50,12],[-1,22]],[[18375,1561],[19,18]],[[18394,1579],[20,-6],[83,-87]],[[18497,1486],[336,-338]],[[18833,1148],[-78,-80],[156,-156],[-78,-79]],[[16023,7594],[323,-146],[35,-30]],[[16381,7418],[-121,-291]],[[16260,7127],[-49,21],[-27,37],[-57,-10],[-6,57],[-26,40],[-58,15],[-50,45],[-30,-74],[3,-41],[22,-23],[-2,-56],[25,-128],[28,-83]],[[16033,6927],[-150,-50],[-51,-35],[-40,1]],[[15792,6843],[-6,54],[18,56],[-56,9],[-45,64],[-29,12],[-25,43],[15,53],[-67,19],[11,37]],[[15608,7190],[26,70],[-2,42],[55,87],[31,123],[38,4],[28,-37],[29,4],[47,71],[163,40]],[[14811,5315],[-25,10],[-15,63],[-19,3],[-30,53],[-39,9],[-59,-7],[-12,14],[-62,-27],[-91,11],[-23,-40],[-60,-10],[-50,-58],[-71,-32],[-39,-40],[-1,-27]],[[14215,5237],[-15,23],[-5,56],[-54,28],[-37,83],[8,28],[-26,89],[16,22],[-30,49],[69,128],[63,64],[11,31],[-16,111],[40,56],[27,1]],[[14266,6006],[24,-33]],[[14290,5973],[54,-58],[68,-33],[81,-3],[24,-14],[68,16],[25,-25]],[[14610,5856],[37,-42],[45,-14],[-3,-32],[23,-41],[-6,-46],[44,-34],[7,-41],[29,-34],[67,-23],[59,9],[46,-28],[10,-22]],[[17667,7109],[-31,-19],[-61,1],[-3,-32],[-85,-2],[2,-35],[-32,-61],[-62,11],[-45,-5],[-71,-43],[-39,14],[-14,-55],[-69,12],[-50,-35],[-51,20]],[[17056,6880],[-25,-6],[-29,124],[-1,37],[-92,115],[-31,25],[-5,47]],[[16873,7222],[-54,10],[-2,51],[-25,30],[-23,60],[-74,43],[-51,-15],[-32,17],[-75,2]],[[16537,7420],[-7,471]],[[16530,7891],[62,-19],[53,0],[88,-45],[83,-70],[27,0],[61,-51],[27,-45],[78,-21],[54,-49],[27,-8],[32,-54],[104,-32]],[[17226,7497],[61,34],[19,-7],[93,22],[26,-5],[84,25],[30,-4],[37,29],[64,-3],[68,-50]],[[17708,7538],[53,-124],[43,-1],[55,23],[21,-23],[23,-77]],[[21031,4193],[396,-388],[18,-23],[150,-144],[13,-6]],[[21608,3632],[-11,-102],[-31,-55],[-65,-59],[-45,-55],[-84,-57],[-45,-67],[-10,-32]],[[21317,3205],[-82,-2],[24,59],[-72,-3],[-20,22],[-35,-16],[-70,41],[-4,33],[-31,18],[-80,85],[-47,-11],[15,52],[-44,45],[-31,-1],[-47,55],[-53,-17],[-46,64],[21,50],[-46,-2],[-17,56],[-27,24],[-47,0],[-54,97],[-24,23],[-44,5],[-250,253]],[[20206,4135],[17,20]],[[20223,4155],[34,23],[22,37],[47,-9],[54,31],[29,0],[38,-39],[57,15],[1,-32],[43,-3],[41,-36],[32,22],[60,-22],[15,47],[56,-42],[52,34],[30,-40],[67,4],[-4,42],[50,44],[14,-32],[36,-17],[34,11]],[[12601,16972],[-148,42],[-90,5],[-21,-48],[-143,1],[-52,70],[-163,-40],[-266,256],[-138,-4],[1,437],[-485,4],[-262,-423],[-44,-11],[-28,209],[47,13],[-41,208],[-68,1],[2,353],[-34,8],[1,351],[-100,3],[-3,136],[-18,66],[34,54],[71,27],[25,47],[21,-29],[26,30],[-4,63],[30,3],[23,37],[33,-4],[34,27],[41,56],[22,48],[54,-45],[79,12],[16,38],[48,-18],[46,5],[71,26],[63,-1],[2,62],[60,15],[61,28],[107,15],[70,23],[20,-29],[80,8],[7,-23],[73,17],[32,-9],[84,37],[40,-90],[33,-41],[82,13],[29,18],[49,4],[-6,27],[64,10],[67,-22],[12,30],[60,13],[40,-16],[35,-37],[10,-46],[131,233],[166,21],[79,27],[74,39]],[[12842,19312],[3,-23],[45,-52],[130,-41],[9,-18],[-25,-88],[-54,-57],[-39,-70],[-37,-37],[-2,-52],[-47,-88],[1,-59],[-29,-59],[-67,-68],[-18,-77],[12,-53],[22,-36],[88,-41],[24,-30],[-4,-29],[-69,-66],[-3,-39],[26,-65],[26,-33],[101,-55],[8,-21],[-35,-47],[-94,-66],[-35,-32],[-7,-43],[59,-52],[41,-9],[-14,-69],[-50,-104],[-45,-36],[-40,-13],[24,-36],[93,-55],[22,-34],[-18,-21],[-43,5],[-36,-39],[33,-47],[-2,-40],[-73,-156],[-4,-72],[-25,-32],[-74,-42],[-19,-43]],[[17714,1598],[368,-367]],[[18082,1231],[-74,-75]],[[18008,1156],[-8,-83],[-24,-42],[14,-14],[-16,-64],[-36,-35],[-1,-46]],[[17937,872],[-90,3],[-50,-8]],[[17797,867],[-72,6],[-119,29],[0,95],[-46,100],[48,87],[8,52],[-19,57],[3,59],[64,35],[-11,28],[44,52]],[[17697,1467],[23,50],[-14,18],[8,63]],[[17226,7497],[15,117],[-42,23],[25,35],[14,48],[38,13],[61,37],[21,50],[28,-5],[43,-36],[44,-10],[57,-35],[107,18],[17,15]],[[17654,7767],[16,-99],[38,-130]],[[14416,537],[-60,-19],[-139,-16],[-103,-38],[-121,-10],[-77,39],[-110,70],[-103,42],[-95,61],[-85,83],[-92,34],[-144,11],[-162,0],[-25,13],[-36,53],[-16,44],[-74,59]],[[12974,963],[-8,22],[32,68],[43,3],[95,114],[67,12],[8,-21]],[[13211,1161],[65,-31],[166,-68],[202,-55],[560,-57],[-3,104],[465,25]],[[14666,1079],[-206,-452]],[[16611,10821],[9,-34],[-14,-98],[12,-50],[-8,-44],[44,-77],[19,-77],[30,-57],[1,-52],[23,-65],[20,-94],[-3,-40],[-23,-67]],[[16721,10066],[-143,6],[3,-136],[-29,-37]],[[16552,9899],[-21,25],[-42,4],[-25,-25],[-34,-4]],[[16430,9899],[-19,31],[16,91],[-29,48],[-41,17],[-64,-7],[-94,70],[-15,25],[-57,1],[-79,84],[-26,43],[-165,89]],[[15857,10391],[15,88],[22,41],[3,68],[79,18],[-33,33],[2,36],[27,10],[8,69]],[[15980,10754],[61,7],[17,-19],[48,36],[46,12],[22,-14],[62,-4],[28,34],[53,-15],[57,3],[8,22],[54,-15],[32,39],[44,20],[54,6],[57,-21],[-12,-24]],[[21875,6385],[-4,-67],[14,-37],[1,-51]],[[21886,6230],[-44,22],[-10,24],[-244,-2],[-6,-91],[-16,-17]],[[21566,6166],[-25,-19],[-21,-55],[-31,6],[10,46]],[[21499,6144],[33,458],[11,42]],[[21543,6644],[25,6],[30,45],[37,0],[16,-64],[-38,21],[-46,-23],[-3,-48],[73,25],[41,-32],[-29,-39],[36,-43],[44,80],[22,-2],[8,-44],[36,-6],[0,-44],[-31,-10],[24,-42],[36,-24],[51,-15]],[[17741,5914],[17,-50],[31,-28],[11,-84],[41,-36],[13,-66],[30,-8],[1,-50],[17,-24],[57,10],[26,-84],[-11,-31],[-1,-79],[-11,-51],[9,-42]],[[17971,5291],[-11,-8],[-137,-5],[-99,4]],[[17724,5282],[-183,19],[-33,63],[-56,-11],[-63,17],[-51,-26],[-27,0]],[[17311,5344],[5,23],[-12,85],[-93,91]],[[17211,5543],[76,43],[14,44],[-20,58],[-25,16],[15,59]],[[17271,5763],[87,-8],[28,19],[13,154],[19,91]],[[17418,6019],[44,-31],[12,-37],[43,24],[29,-10],[38,20],[47,-15],[44,8],[66,-64]],[[14541,12543],[-50,-20],[-56,3],[-25,-21],[-54,-17],[-34,35],[-47,-13],[-29,11],[-14,44],[-49,15],[-53,5]],[[14130,12585],[-13,17],[3,77],[-63,80],[-5,43],[-33,54],[-18,50],[-60,49],[-16,28],[11,35],[79,55],[-11,117],[-45,55],[-80,72],[-26,80],[-171,73],[-45,55],[-37,117],[40,73],[-19,46],[-52,9],[-37,-12]],[[13532,13758],[-79,-12],[-47,15],[-28,34],[-21,68],[-87,67],[-53,11],[-22,33],[16,52],[50,88],[-2,38],[-70,82],[-59,48],[-13,53],[58,39],[24,46],[-3,41],[-28,46],[-19,75],[-17,26],[-71,25],[-95,15],[-22,34],[16,56],[-45,60],[-87,33],[-36,94],[5,72],[44,67],[32,24],[51,11],[126,12],[40,-4],[99,-32],[44,7],[11,66],[-19,52],[-95,124],[-35,35],[-11,188],[-37,76],[17,90],[-14,53],[-48,42],[-7,63],[24,17]],[[13019,15888],[28,-4]],[[13047,15884],[2,-40],[52,-3],[49,53],[78,-6],[4,-27],[39,-25],[37,75],[51,9],[24,29],[49,-21],[20,23],[88,24],[28,15],[92,-18]],[[13660,15972],[-17,-98],[70,-11],[25,-86],[43,-31],[16,-41],[58,-23],[90,14],[40,-21],[49,7],[41,-54],[67,-11],[6,-38],[26,-34],[5,-62],[19,-51],[66,-115],[0,-120],[26,-24],[22,-158],[-11,-43],[48,7],[50,63],[3,60],[-14,36],[69,53],[29,53],[23,15],[42,-41],[40,3]],[[14591,15221],[94,-52],[-34,-150],[-47,2],[67,-166],[49,-41],[39,-57],[-2,-57],[1419,298]],[[16125,14361],[-25,-11],[7,-58],[30,-48],[-12,-32],[80,-32],[-18,-26],[22,-42],[-31,-47]],[[16178,14065],[-41,-5],[-45,-42],[-28,27],[-26,-52],[-46,10],[-48,-27],[-35,-62],[14,-28],[-70,-29],[-36,-56],[-35,21],[-51,-30],[-77,39],[-35,-66],[-19,-4]],[[15600,13761],[-55,12],[-75,-15],[-65,17],[-58,1],[-13,35],[-87,18],[-21,-17],[-33,50],[-28,13],[-46,-28],[-62,10],[-28,32],[-46,-61],[-3,-23],[-52,-42],[-50,-11],[-84,33],[-65,-56],[-19,-29],[-56,12],[-72,-117],[-17,-3],[-6,-67],[-15,-19],[-68,19],[-25,-75],[-6,-57],[-57,-34],[2,-36],[-17,-69],[-48,-25],[39,-52],[126,-114],[89,-25],[16,-23],[43,5],[129,-59],[26,-2]],[[14793,12959],[25,-37],[-33,-9]],[[17797,867],[-34,-9],[-99,-55],[-41,-8],[-37,-25],[-45,-88],[-46,-50],[-164,-42],[-62,-37]],[[17269,553],[-48,65],[105,245],[13,53],[-37,53],[-64,43],[-4,44],[31,123],[30,35],[12,53],[-38,44],[-129,-46],[-42,26],[-42,-22],[-57,13],[-70,-18],[-62,17],[-84,-55]],[[16783,1226],[-17,74],[41,46],[8,82],[-25,34],[-12,75],[-26,79],[37,28],[33,-8],[53,19]],[[16875,1655],[15,-13],[73,-6],[32,6],[133,-8],[6,-12],[75,-1],[77,-43],[64,12],[47,31],[159,69],[33,-62],[13,-62],[70,-43],[25,-56]],[[16475,5901],[35,-224],[34,-43],[61,-37],[31,-38]],[[16636,5559],[-86,-83],[-56,6],[-20,-25],[-92,8]],[[16382,5465],[-2,53],[-43,46],[-23,7],[-37,105],[1,57],[-15,33]],[[16263,5766],[38,65],[60,28],[32,-12],[82,54]],[[17269,6187],[-38,1]],[[17231,6188],[-30,12],[-25,-21],[-80,7],[-26,-21],[-66,32],[-73,-46],[-35,-69],[2,-35],[-41,-21]],[[16857,6026],[-110,-34],[-28,30],[-35,-12],[-67,3],[-50,-40]],[[16567,5973],[-49,-46],[-43,-26]],[[16263,5766],[-18,21]],[[16245,5787],[-12,66],[30,46],[10,55],[44,35],[62,122],[76,13],[41,76],[47,64]],[[16543,6264],[105,66],[5,154],[17,15],[14,201],[16,39],[-32,62]],[[16668,6801],[78,-32],[21,48],[-12,21],[16,224],[102,160]],[[17056,6880],[-27,-43],[2,-55],[-17,-58],[40,-56],[23,-8],[56,17],[92,13],[80,-57],[28,-6],[81,64],[24,-39],[131,32]],[[21263,11327],[6,-473],[7,-54],[7,-360]],[[21283,10440],[-16,1],[5,-248],[-12,-2],[5,-178],[-37,8],[6,32],[-33,7],[-73,-94],[-18,-43],[-56,-22],[-6,27],[-53,-5]],[[20995,9923],[-59,67],[-87,53],[-20,66],[-37,43],[5,78],[-16,131],[-1,80],[-86,40],[-17,63],[-36,23],[-66,7],[-23,-15],[-60,14],[-37,-3],[-18,49],[-48,25],[-41,-76],[-29,17],[-22,-49],[6,-52],[31,-38],[10,-41],[-27,-43],[-20,-76],[-82,-38],[-2,-33]],[[20213,10215],[-54,38],[-17,42],[-28,21],[-7,36],[-27,30],[-93,38],[-46,40],[-59,0],[33,44],[11,50],[-10,31],[9,65],[-25,69],[52,24],[16,-18],[212,78],[-26,22],[-5,66],[12,55]],[[20161,10946],[59,32],[23,50],[47,-3],[8,-18],[49,18],[31,-5],[54,17],[60,57],[58,-52],[63,-33],[78,58],[37,5],[57,45],[33,-17],[29,17],[26,-26],[66,3],[43,12],[-11,51],[16,22],[-7,38],[36,9],[14,33],[40,1],[24,43],[32,-37],[36,11],[63,65],[38,-15]],[[18126,10899],[21,-5],[39,-57],[94,-39],[80,33],[58,-40],[4,-16],[66,8]],[[18488,10783],[60,-56],[71,-2],[62,-16],[29,-32],[53,13],[-2,-49],[39,-1],[22,-32],[-1,-72],[41,-23],[29,-71],[56,-38],[-36,-41],[30,-57],[0,-43],[34,-21],[35,6],[63,-13],[16,-62],[43,-10],[-4,-56],[58,-35],[1,-20],[91,-77],[118,50],[42,-25],[41,7],[35,-92],[113,-19],[25,35],[38,-55],[50,-28],[27,0]],[[19767,9848],[68,-45],[61,-72],[12,-78],[-17,-21],[-15,-58],[28,-46],[35,-107]],[[19939,9421],[-52,18],[-36,38],[-7,-47],[-38,-43],[-29,-52],[-62,-14],[-25,29],[-98,-49],[-62,30],[-83,-82],[-7,105],[-54,57],[-82,5],[-24,-16],[3,-98],[-21,-36],[-13,-58],[-38,-60],[-39,-4]],[[19172,9144],[-7,-51],[-40,-17],[23,-36],[-37,-33],[-64,7],[-82,-25],[16,-26],[-22,-32],[-45,-23],[-35,24],[-7,-53],[-24,-17],[-3,-41],[-39,-41]],[[18806,8780],[-50,105],[1,22],[-47,74],[27,59],[-34,56],[-7,69],[21,57],[29,17],[-21,30],[-1,76],[-42,19],[5,55],[-17,11],[-44,71],[-35,32],[-58,14],[-8,27],[-81,67],[-6,73],[-24,59],[-43,29],[-20,-9],[-81,62],[-53,-13],[-26,25],[-103,-38],[-55,-70],[-36,20],[-90,-25]],[[17907,9754],[-67,-5],[-17,15],[-57,3],[-37,58]],[[17729,9825],[20,33],[-39,86],[19,75],[-23,60],[-86,87],[0,45],[-23,57],[28,31],[27,65],[0,27]],[[17652,10391],[-28,99],[3,40]],[[17627,10530],[42,105],[44,19],[63,6],[4,51],[67,44],[33,56],[65,35],[20,26],[37,4],[21,30],[34,5],[21,-20],[48,8]],[[12596,1701],[25,-43],[41,-15]],[[12662,1643],[-41,-237]],[[12621,1406],[-78,-3],[-96,21],[-118,-35],[-29,8],[-15,-48],[-98,1],[8,47],[-118,-24],[-59,36],[-159,4]],[[11859,1413],[73,226]],[[11932,1639],[140,-15],[157,60],[111,67]],[[12340,1751],[60,-22],[113,-9],[23,-15],[60,-4]],[[21802,5549],[22,-41],[65,-77],[15,-40],[-24,-97],[-43,-78],[-28,-89],[4,-68],[39,-79],[-16,-51],[-22,-14],[-104,17]],[[21710,4932],[-420,431]],[[21290,5363],[38,215]],[[21328,5578],[28,-15],[47,4],[100,-48],[78,49],[169,-5],[9,-44],[24,-5],[19,35]],[[17231,6188],[10,-195]],[[17241,5993],[-43,3],[-19,20],[-37,-23]],[[17142,5993],[-36,-3],[-30,31],[-49,1],[-113,-17]],[[16914,6005],[-57,21]],[[20560,6216],[-36,10],[-78,-6],[-27,-14],[-28,41],[18,34],[-38,19],[-10,39],[-36,-12],[-23,16],[-77,-10],[-34,-16]],[[20191,6317],[-33,17],[-49,-53],[-14,-60],[-31,-2],[-17,-28],[-74,12],[-35,-16],[-43,-43],[-34,20],[-22,-37]],[[19839,6127],[104,610],[8,67],[-3,55]],[[19948,6859],[28,0],[233,-285],[351,-358]],[[18831,7087],[38,-3]],[[18869,7084],[-16,-68],[-20,-31],[1,-60],[-32,-24],[-13,-127],[2,-36],[47,-37],[6,-40],[27,-30],[2,-33],[32,-56],[39,-25],[3,-54],[32,-74]],[[18979,6389],[-74,-43],[-68,30],[-29,52],[-31,25],[-46,10],[-62,-13],[-37,-58],[-45,22],[-56,6]],[[18155,7288],[70,-16]],[[20206,4135],[-50,-15],[-24,18],[-61,10],[-3,58],[-75,66],[-16,87],[-21,13],[22,38],[-68,44],[18,30],[7,54],[33,15]],[[19968,4553],[0,47],[50,-3],[49,39],[40,17],[-2,37]],[[20105,4690],[21,-30],[31,8],[8,-45],[40,-21],[33,90],[27,-21],[37,0],[-12,68],[-57,1],[103,57],[52,11],[14,-62],[28,-21]],[[20430,4725],[-61,-70],[14,-71],[-34,-65],[-2,-65],[-55,-151],[-23,-36],[-46,-112]],[[19703,2819],[20,77],[-7,68],[-130,73],[-47,0],[-35,14],[-75,55],[-34,11],[-40,141],[8,20],[-35,272],[2,119],[-15,26],[23,46],[-4,40]],[[19334,3781],[42,10],[29,-13],[23,20]],[[19428,3798],[105,-156],[49,-87],[82,-46],[34,-30],[2,-40],[50,-107],[53,7],[8,-56],[43,22],[8,-34],[82,-93],[-10,-28],[45,-86],[31,-8],[50,-70],[36,-24],[42,1]],[[20138,2963],[10,-45],[-31,-44],[53,-76],[9,-39],[-27,-26],[-47,-20],[29,-30],[37,7],[25,35],[35,-27],[-17,-31],[18,-28],[29,-1],[-7,-93]],[[14588,7642],[14,-77],[-129,-203],[-9,-49]],[[14464,7313],[-79,-21],[-28,21],[-28,-18]],[[14329,7295],[-60,44],[-18,31]],[[14251,7370],[7,44],[-34,43],[-59,29],[-48,61],[-63,33],[-9,31]],[[14045,7611],[48,-5],[41,17],[68,60],[51,54],[44,-12]],[[18563,506],[-28,4],[-62,56],[-38,46],[-3,52],[-41,84],[-25,19],[-62,-11]],[[18304,756],[1,65],[-15,50],[41,21],[-35,26],[-48,-3],[-97,105],[-35,-4],[-84,95],[-24,45]],[[18082,1231],[53,51],[35,0],[34,73],[44,10],[16,35]],[[15579,6120],[-51,-17],[-34,10],[-63,64],[-59,-6],[8,-59],[-25,-35],[-19,-144],[-22,-10],[11,-42],[41,-34],[28,-43],[45,-122],[-10,-31],[-31,-2],[12,-97],[-35,-2],[-39,-25],[-35,28]],[[15301,5553],[-39,69],[-42,5],[-54,83],[-50,43],[-57,26],[-11,30],[62,17],[34,65],[-6,46],[-51,51],[15,41],[21,115]],[[15123,6144],[49,14],[73,-40],[46,2],[54,49],[56,19],[24,-4]],[[15425,6184],[67,26],[68,-43],[19,-47]],[[15168,6907],[78,60],[36,11],[-2,58],[14,43],[-11,40],[28,53],[123,-6],[47,12],[13,19]],[[15494,7197],[11,-151],[-13,-27],[67,-73],[17,-46],[34,-6],[8,-26],[59,-44]],[[15677,6824],[-52,-23],[62,-60],[29,-55],[-14,-40],[-86,4],[-35,-43],[14,-19],[-39,-29],[-10,-26],[-57,-14]],[[15489,6519],[-109,-23],[-8,73],[-123,59],[-4,66],[-17,36],[3,32],[-47,8]],[[16567,5973],[92,-109],[54,-46],[50,-99]],[[16763,5719],[10,-41],[-6,-53],[-61,-63]],[[16706,5562],[-41,-13],[-29,10]],[[13872,7036],[16,-13]],[[13888,7023],[53,-74],[-64,-38],[-32,-75],[-50,4]],[[13795,6840],[-40,50]],[[7517,21294],[-16,-174],[-4,-320],[65,-89],[67,-183],[-3,-69],[59,-102],[8,-123],[79,-138],[47,-47],[34,-182],[14,-263],[-42,-54]],[[7825,19550],[139,-445],[-355,-265],[-73,-45],[-5,-62],[-36,-264],[-46,-277],[-59,-405],[-18,-176],[-40,-282],[-12,-170],[2,-128],[-5,-93],[579,-3]],[[7896,16935],[1,-354],[3,-22],[-1,-523],[-384,4],[-242,-3],[-60,-7],[0,-355],[103,1],[1,-158]],[[7317,15518],[-278,158],[-102,8],[-875,742],[9,22],[5,633],[-255,-4],[28,530],[-237,22],[65,1468],[27,807],[13,590],[0,222],[11,434],[5,675]],[[17714,1598],[35,54],[-12,87],[8,29],[35,28],[50,5],[22,44]],[[17852,1845],[81,43],[66,-12]],[[17999,1876],[14,-22],[58,-40],[28,28],[276,-281]],[[21263,11327],[32,16],[52,46],[37,-7],[40,13],[14,29],[38,-35],[34,-2]],[[21510,11387],[15,-18],[1,-92],[9,-72],[18,-61],[3,-60],[67,-19]],[[21623,11065],[-31,-51],[-9,-134],[18,-71],[41,-96],[82,-130],[16,-42],[87,-161],[73,-213],[24,-26],[-38,-44],[-2,-67],[-22,-61],[1,-108],[63,-49]],[[21926,9812],[-16,-40],[-51,-66],[-46,-21],[-82,-87],[-34,-122]],[[21697,9476],[-7,-12],[-82,2],[-46,73],[1,21]],[[21563,9560],[26,172],[29,84],[81,46],[-39,238],[-1,48],[-27,12],[12,35],[-13,41],[-68,97],[-12,70],[-30,7],[-35,-33],[-81,18],[47,31],[14,80],[-43,-15],[-44,33],[-46,-25],[35,-71],[-12,-32],[-43,9],[-30,35]],[[12578,21687],[4,-78],[31,-74],[27,-37],[-5,-37],[-30,-47],[-12,-71],[45,-55],[70,-38],[-51,-133],[6,-43],[20,-12],[75,15],[46,103],[36,9],[20,-19],[26,-56],[30,-27],[64,-86],[15,-52],[-25,-22],[-121,19],[-48,-9],[-32,-40],[-13,-54],[-25,-53],[48,-18],[54,13],[40,24],[44,-7],[89,-96],[15,-67],[-107,-71],[-22,-30],[-53,-33],[-3,-49],[66,5],[50,-45],[15,-69],[45,-30],[43,10],[35,38],[27,-15],[-14,-87],[20,-36],[-60,-77],[-15,-36],[-61,-76],[0,-67],[53,-95]],[[13040,19876],[-122,-5],[-28,23],[-42,-10],[-38,10],[-29,47],[-42,25],[-89,12],[-40,-12],[-64,-54],[-24,-3],[-42,22],[-47,-7],[-21,39],[-41,21],[-37,-16],[-127,13],[-48,-23],[-27,52],[-72,8],[-37,-38],[-24,29],[-52,-2],[-26,-32],[-38,-13],[-1,-27],[-56,-29],[-80,39],[-22,-33],[-33,-19],[-52,-7],[-57,6],[-12,-22],[-57,-29],[-40,-9],[-33,41],[-43,10],[-31,24],[-65,-5],[-28,-14],[-46,-62],[-20,-6],[-59,-56],[-67,78],[-53,12],[-18,24],[-38,7],[-163,-26],[-40,-20],[-144,-4],[-27,-33],[-10,-55],[-29,-7],[-42,26],[-30,-36],[-63,-28],[-36,-31],[-45,-2],[-25,33],[-90,-41],[-29,-48],[-27,-5],[-8,-37],[-40,-33],[5,-42],[-37,-9],[-27,18],[-8,52],[-34,-9],[-30,-47],[-46,12],[-27,33],[-60,-12],[-65,-48],[-61,-26],[-46,23],[-17,49],[-42,28],[-39,-12],[-52,-37],[-60,5],[-79,28],[-53,-28],[-22,12],[-59,-12],[-52,-58],[-48,9],[-40,-13],[-112,-10],[-37,-22],[-44,-8],[-98,-67],[-118,-24],[-26,-22],[-29,-53],[-105,310],[-731,-8]],[[17059,3625],[47,-71],[-3,-20],[41,-86],[6,-83],[16,-90],[-28,-68],[4,-105],[23,-36],[-26,-70],[-58,-24],[-51,35],[-56,-2],[-38,41],[-59,-3],[-14,-35],[-47,15],[-50,-53],[-90,3],[-3,-20],[-58,0],[-38,-38],[-55,-31],[-13,-22],[-91,-53],[-81,-24]],[[16337,2785],[-6,48],[-35,11],[-39,-23],[-4,38],[-71,13],[-8,-15],[-61,31],[-38,68],[-32,7],[-25,-38],[-38,0]],[[15980,2925],[8,37],[-23,20],[-79,4],[-36,37]],[[15850,3023],[-17,47],[8,106],[-55,52],[-28,-15]],[[15758,3213],[-3,40],[67,48],[9,52],[44,18]],[[15875,3371],[25,-9],[596,44],[83,-3],[284,201],[20,64],[32,12],[5,72],[55,-35],[32,15],[34,-15]],[[16875,1655],[-13,39],[-3,66],[-59,30],[-203,124],[-4,85],[-57,80],[-105,73],[-38,-20],[-47,-61],[-41,-36]],[[16305,2035],[0,6]],[[16305,2041],[-32,607]],[[16273,2648],[76,-44],[23,-22],[52,11],[67,-23],[15,-21],[45,-9],[46,12],[6,-40],[25,-25],[40,3],[32,-44],[28,-7],[50,33],[20,30],[32,-11],[27,22],[93,13],[26,45],[80,36],[31,30],[73,15],[51,-13]],[[17211,2639],[4,-26],[154,-195]],[[17369,2418],[42,-57],[22,-182],[83,4],[68,-22],[48,1],[82,-137],[-7,-25],[-74,28],[10,-53],[49,-26],[6,-53],[45,-35],[21,38],[51,2],[5,-44],[32,-12]],[[15351,5338],[85,69],[-2,70],[52,59],[-33,73],[76,45],[29,-4],[0,49],[26,84],[49,45],[5,56]],[[15638,5884],[78,16],[16,50],[56,-8],[37,19],[9,28],[40,31],[64,-25],[64,-53]],[[16002,5942],[-37,-15],[-48,-43],[-45,-26],[-52,-60],[-2,-30],[-30,-30],[4,-23],[-29,-85],[7,-81],[-35,-80],[-44,-5],[3,-75],[12,-42],[-20,-24],[-33,-114],[-26,0],[-53,24]],[[16783,1226],[11,-31],[-10,-68],[-26,-26],[-31,16],[-89,-12],[-73,46],[58,89],[-54,40],[32,45],[-32,26],[-59,14],[-25,-10],[-106,-9],[-52,-22]],[[16327,1324],[11,62],[-16,316],[40,58],[-9,59],[-40,58],[-8,158]],[[11859,1413],[-9,-27],[0,-99],[12,-43],[14,-244]],[[11876,1000],[-44,-44],[-69,14],[-107,-26],[-110,-6],[-49,-15],[-43,15]],[[11454,938],[48,190],[-11,47],[-32,32],[33,125]],[[11492,1332],[47,9],[33,253],[38,-10],[35,119],[-16,25]],[[11629,1728],[121,-7],[41,-66],[141,-16]],[[16430,9899],[-18,-65],[-3,-77],[9,-57],[-16,-50]],[[16402,9650],[-48,-48],[-69,-38],[-107,30],[-28,-8],[-60,13],[-35,-17],[-51,4],[-52,-44],[-63,-28],[6,-38],[-28,-19],[-69,-1],[-21,25],[-71,-16],[-52,10],[-83,29],[9,-110],[-187,-47]],[[15393,9347],[-40,33],[-4,140],[24,92],[-24,65],[-25,32],[77,41],[11,32],[36,43],[46,-52],[102,111],[64,58],[21,35],[62,58],[9,26],[83,79],[0,154],[22,97]],[[17300,4942],[18,103]],[[17318,5045],[25,6],[44,116],[-6,26],[-71,27],[1,124]],[[17724,5282],[-28,-29],[8,-41],[-20,-35],[64,-70],[10,-60],[-52,-54],[-17,-49],[-46,17],[8,-47],[50,-46],[34,-83]],[[17735,4785],[-39,-4],[-36,-29],[-20,-34],[-67,-43]],[[18078,4618],[-61,-23],[-43,20],[-26,-30],[-31,5],[-92,-58],[-46,-62]],[[17735,4785],[36,37],[23,-11],[138,392],[58,-5]],[[11322,8878],[13,-264],[-6,-158],[-67,-72]],[[11262,8384],[-35,24],[-32,-24],[-65,70],[-63,21],[-63,-11],[-22,-15],[-90,3],[-28,13],[-28,-21],[-40,-1],[-41,65],[-32,-13],[-72,123],[-45,-20],[-56,19],[-50,-4],[-69,11],[-40,31],[-40,53],[-50,38],[-38,13],[-26,-15],[-21,44],[-45,43],[-100,58],[-8,17],[-65,24],[-12,29],[-39,10],[-26,-13],[-77,11],[-36,44],[-40,11],[-15,33],[-101,46],[-61,-18],[-51,50],[-49,19],[-10,38],[-62,34],[-16,39],[-150,53],[-30,69],[-122,32],[-11,30],[-40,17]],[[9050,9464],[32,31],[50,-17],[5,39],[64,163],[126,187],[-86,154],[-49,41],[-109,53],[13,34],[-3,42],[-55,60],[-45,24],[-17,34],[0,138],[175,-3],[60,-10],[187,9],[-11,141],[20,37],[67,28],[0,47],[18,100],[198,-1],[-10,389],[-48,91],[-57,304],[2,53],[-58,182]],[[9519,11814],[29,-7],[75,54],[34,39],[28,-18],[125,-32],[59,-31],[110,-12],[21,-40],[39,8],[66,-30],[93,12],[28,-42],[93,-6],[26,12],[18,-32],[45,4],[44,-33],[88,-17],[93,-51],[19,10],[39,-29]],[[17990,11530],[4,-19]],[[17994,11511],[132,-612]],[[17627,10530],[-77,-23],[-38,47],[-37,-22],[1,-24],[-51,-4],[-139,17],[-32,31],[-32,-20],[-16,22],[-67,19],[-80,49],[-96,9],[10,29],[-59,9],[-45,19],[-20,-11],[-49,70]],[[16800,10747],[36,83],[61,97],[160,220],[2,99]],[[17059,11246],[27,10],[34,-19],[95,10],[69,-13],[78,59],[61,-15],[64,40],[15,43],[74,46],[123,-15],[70,31],[33,-6],[40,32],[65,15],[83,67]],[[16721,10066],[144,-7],[204,13],[0,-28],[215,0],[-1,73],[40,0],[0,194],[202,0],[-1,80],[128,0]],[[17729,9825],[-69,-26],[-42,-58],[-15,-35],[-31,-25],[-28,-58],[-111,41],[-41,-16],[-66,-57],[-73,12],[15,-78],[97,-125],[-14,-42],[13,-84]],[[17364,9274],[-73,-43],[-67,-30],[-383,-7],[-26,7],[-54,-16],[-2,65],[-108,-1],[0,111],[-18,0],[4,184],[-41,29],[9,74],[-8,31],[22,96],[-17,50],[-50,75]],[[14180,6523],[13,-56]],[[14193,6467],[-30,-90],[-38,-62],[-99,60],[18,31]],[[14044,6406],[8,56],[35,70]],[[14087,6532],[93,-9]],[[13684,1507],[-771,126],[-64,29],[-147,44],[-73,45],[-28,4]],[[12601,1755],[-138,93],[-22,-4],[-224,163],[-125,242],[-44,67],[-51,39],[-5,44],[-41,17],[-39,33],[-50,-5]],[[11862,2444],[-32,57],[-3,44],[28,14],[38,-20],[52,19],[13,41]],[[11958,2599],[108,-27],[19,-22],[234,-1],[205,-211],[50,-3],[26,16],[63,-56],[42,-8],[73,-40],[33,-64],[84,-129],[61,-72],[68,12],[117,43],[56,-60],[8,-94],[-4,-80],[166,-63],[202,-130],[115,-103]],[[21543,6644],[-47,23],[-31,-46],[-9,67],[-33,-4],[6,-49],[-72,5],[-48,30],[-13,32],[-72,21],[-41,-16],[-8,42],[30,14],[-2,41],[-50,8],[-20,24],[-31,-29],[-80,-7]],[[21022,6800],[43,26],[7,31],[-51,51],[-35,-66],[-27,1]],[[20959,6843],[-42,25],[33,38],[-8,32],[-39,13],[-21,41],[7,31],[-38,38],[2,38],[-82,64],[-48,47],[-8,33],[16,28],[8,57],[-30,46]],[[20709,7374],[28,43],[33,10],[63,71],[37,8]],[[20870,7506],[39,-88],[32,-44],[105,53],[65,78],[17,-82],[26,-32],[-33,-101],[13,-48],[-12,-89]],[[21122,7153],[129,-82],[245,5],[38,-12],[60,111],[27,-39],[40,-7],[67,32],[42,-21],[19,-70],[40,-18],[98,-16],[66,6],[32,-46],[3,-74],[28,-43]],[[22056,6879],[-91,-111],[-53,-55],[-54,-135],[-41,-35],[11,-59],[49,-53],[-2,-46]],[[18447,2237],[121,-119],[621,-641],[58,-51]],[[19247,1426],[7,-104],[-33,-24],[-40,17],[-62,-18]],[[19119,1297],[-24,79]],[[19095,1376],[-10,17],[-137,133]],[[18948,1526],[-3,51],[-30,85],[-40,0],[2,58],[-73,67],[-54,-9],[-53,3],[-53,54],[-69,-82],[-30,22]],[[18545,1775],[60,70],[25,63],[-229,234]],[[18401,2142],[-34,35],[80,60]],[[16089,12721],[-70,-55],[-52,28],[-51,44],[-39,7],[-20,-42],[-47,-5],[-130,8],[-18,-16],[-59,12],[-41,-18],[-31,22],[-47,8],[-14,-28],[-41,18],[-28,-29]],[[15401,12675],[-49,-13],[-30,20],[-66,11],[-77,-52],[-78,-2],[-41,-21],[-78,1],[-54,-44],[-58,16]],[[14793,12959],[-1,80],[57,10],[-18,66],[130,49],[-65,40],[37,72],[49,-22],[48,-3],[75,63],[19,61],[73,-12],[33,-27],[43,140],[21,23],[32,-26],[141,-62],[73,124],[23,48],[70,55],[-18,50],[6,25],[-21,48]],[[16178,14065],[38,-7],[26,-32],[71,-2],[49,-15],[22,-21],[65,0],[76,-48],[18,-57],[34,-193]],[[11492,1332],[-181,-33],[-108,20],[-46,-3],[-13,-24],[-60,-38],[-213,-46]],[[10871,1208],[-38,30],[-14,50],[36,113],[29,36],[49,25],[183,22],[7,25],[-16,49],[6,75],[-6,44],[28,28],[63,-17],[18,-25],[-4,-34],[31,-10],[17,33],[-1,52]],[[11259,1704],[66,18],[72,-2],[35,34],[23,-45],[54,-23],[22,36],[65,-7],[33,13]],[[20430,4725],[46,11],[61,40],[29,-18],[6,-34],[39,18],[55,-4],[24,50],[1,38],[20,26],[51,-13],[36,9]],[[20798,4848],[43,-22],[64,63],[29,45],[21,-5]],[[20955,4929],[42,-157],[-29,-51],[-55,-51],[-18,-37],[-48,-47],[-15,-44],[252,-89],[34,-68],[5,-49]],[[21123,4336],[11,-50],[-35,-15],[-92,14],[0,-66],[24,-26]],[[15792,6843],[-67,-39]],[[15725,6804],[-48,20]],[[15494,7197],[7,56]],[[15501,7253],[12,2],[95,-65]],[[11259,1704],[-40,68],[-1,29],[45,20],[62,-14],[21,8],[5,47],[-86,163],[18,21],[54,-23],[29,0],[165,97],[48,19]],[[11579,2139],[5,-4],[255,-30],[94,-16],[45,39],[49,-15],[1,-24],[53,-41],[31,-39],[12,-48],[-5,-75],[35,-26],[46,7],[27,-25],[-11,-40],[48,-27],[32,-1],[44,-23]],[[14266,6006],[9,23],[-56,68]],[[14219,6097],[-35,108],[20,81],[-31,41],[20,140]],[[14180,6523],[74,45]],[[14254,6568],[176,-30],[66,-20]],[[14496,6518],[-13,-113]],[[14483,6405],[-19,-148],[-18,-100],[-35,-25],[-6,-78],[-69,-36],[-16,-33],[-30,-12]],[[15725,6804],[71,-23],[7,-87],[-5,-109],[87,-1],[12,-21],[51,-24],[12,-33]],[[15960,6506],[-87,-54],[-5,-25],[-73,-18],[-45,-34]],[[15750,6375],[-206,-2]],[[15544,6373],[-11,50],[6,47],[-50,49]],[[15333,8785],[-79,16],[22,50],[3,42],[25,32],[-27,48],[155,310],[-39,64]],[[16402,9650],[-60,-192],[-18,-37],[164,-66],[-63,-86],[-45,-17],[-28,-35],[0,-26],[-119,-44],[-83,-127]],[[20709,7374],[-5,15],[-64,18],[-10,28],[-44,19],[-14,31],[-32,0],[-9,52],[-35,-14],[-65,56],[-24,8],[-19,40],[-24,-1],[-61,122],[-46,49],[-52,-4],[-33,-17],[-24,19],[2,38],[-47,-22],[-18,15],[-52,-15],[-5,44],[-50,7],[-46,60]],[[19932,7922],[22,33],[-38,59],[-39,11],[-5,58],[15,13],[1,58],[-32,7],[-9,27],[47,43],[-7,72],[-31,28],[3,33],[-25,45]],[[19834,8409],[41,51],[-7,43],[20,60],[-6,16],[28,64],[-7,46],[54,78],[7,40],[-39,46],[-2,54],[25,30],[40,77],[-24,20],[7,56],[16,21],[-39,71],[14,71],[25,21],[46,99],[82,40],[23,-15],[61,13],[75,-7],[80,-34],[-7,34],[29,19],[29,44],[-43,54]],[[20362,9521],[56,-2],[54,-77],[-2,-59],[18,-52],[75,-26],[70,-4],[64,21],[40,-15]],[[20737,9307],[75,-4],[40,-27],[10,-28],[42,3]],[[20904,9251],[-31,-108],[-33,-19],[-34,-85],[2,-39],[-105,-608]],[[20703,8392],[-49,-281],[-22,-10],[-10,-105],[-25,-44],[32,-53],[57,-19],[30,10],[29,-26],[35,-7],[68,-85],[-11,-45],[82,20]],[[20919,7747],[-49,-241]],[[19305,12445],[23,-81],[40,-69],[-39,-84],[5,-51],[-12,-34],[71,13],[3,-27],[58,-11],[55,-24],[1,-101],[16,-22],[109,-24],[27,-34],[-53,-18],[-30,-43],[-16,-60],[15,-71],[25,-16],[10,-59],[-64,-89]],[[19549,11540],[-83,31],[-75,36],[-45,-16],[-23,10],[-80,-18],[-42,-32],[-79,-35],[-67,-62],[-54,-34],[-63,-8],[-26,-22],[-51,-103],[-50,-7],[-817,231]],[[16412,5051],[-12,47],[9,31],[-49,43],[-3,44]],[[16357,5216],[22,65],[-25,58],[-7,95],[35,31]],[[16706,5562],[13,-26],[-17,-44],[15,-64],[-50,-92],[18,-66],[-28,-14],[-52,-66]],[[19062,3669],[55,-52],[45,-25],[78,84],[12,70],[46,3],[36,32]],[[19475,2665],[-185,188],[-107,-65]],[[14437,6976],[73,-83]],[[14510,6893],[-66,-103],[55,-51],[-13,-51],[43,-38],[1,-95]],[[14530,6555],[-51,5],[17,-42]],[[14254,6568],[6,80]],[[16742,4816],[46,-2],[47,-26],[34,-38],[70,52],[70,68],[61,20],[37,34],[7,32]],[[17114,4956],[86,27],[3,34],[92,40],[23,-12]],[[16949,4442],[-61,36],[-19,30],[-131,-2],[-118,-10],[-43,-21],[22,-63],[-28,-79],[-30,-42],[-42,14],[-28,-12],[-31,38],[-50,-2]],[[14087,6532],[-24,30],[18,23]],[[19385,6207],[-67,21],[-10,34],[-57,27],[-66,-5],[-39,-27],[-18,11],[-11,59],[-23,25],[-58,31],[-57,6]],[[18869,7084],[105,43],[55,-28],[49,-2],[66,25],[48,-17],[74,5]],[[19266,7110],[33,-21],[88,-111],[1,-73],[14,-34],[35,-23],[38,-6]],[[19475,6842],[8,-175],[4,-341]],[[18394,1579],[9,58],[55,36],[87,102]],[[18948,1526],[-69,-6],[2,-31],[-59,-13],[-15,43],[12,18],[-25,51],[-47,-2],[-22,-32],[-39,39],[-44,-27],[-30,30],[-115,-110]],[[19475,6842],[174,-24],[105,3]],[[19754,6821],[-130,-598]],[[13467,7620],[19,-22],[-4,-104],[-106,0],[10,-53],[27,-28],[34,17],[51,-21],[19,-30],[4,-48],[31,19],[31,-5],[-11,-63],[-51,-56],[-8,-49],[-65,-17],[-21,-23],[0,-36]],[[13427,7101],[-33,11]],[[13394,7112],[-113,143],[27,74],[-52,70],[-31,62],[-69,14],[-47,19],[-10,34],[-51,30],[-16,36],[8,36],[-93,62],[-38,-10],[-28,22],[-67,-15],[-29,20],[-30,-28],[-22,11],[-39,-28],[-52,30],[-5,51],[-22,34],[4,34],[-78,6],[-62,-25],[-62,18],[1,29],[-24,49],[-25,11],[-65,-13],[-42,9],[-43,107],[-27,14],[-98,20],[-24,49],[-22,-9],[-62,73],[-54,-15],[-90,-98],[-43,-35],[-26,-42],[-46,-31],[-28,8],[-22,80],[-119,58],[-42,88],[-55,-2],[-12,23],[15,41],[-36,71],[-37,11],[-59,48],[-59,6],[-11,22]],[[17971,5291],[11,-26],[55,-21]],[[16202,8329],[139,-272],[83,-87],[60,-6],[45,-28]],[[16529,7936],[1,-45]],[[16537,7420],[-119,4],[-37,-6]],[[16023,7594],[-70,32],[-170,151],[-54,10],[-46,40],[-72,20],[-23,-8]],[[15238,7915],[-24,2],[17,76],[31,4]],[[19754,6821],[62,13],[73,68]],[[19889,6902],[42,-19],[17,-24]],[[19839,6127],[-71,-95],[-50,-31],[-23,22]],[[21563,9560],[-668,58]],[[20895,9618],[-9,48],[22,37],[-9,45],[22,112],[42,16],[32,47]],[[16071,5132],[-9,-69],[-32,-14]],[[16030,5049],[-59,56],[-38,11],[-27,-31],[8,-45],[-32,-12],[-77,2],[-52,43],[-1,34],[-80,3],[-45,20]],[[15627,5130],[-14,32],[23,44],[18,2],[10,35],[53,60],[49,-20],[82,26],[21,-23],[80,12],[4,-31],[-32,-64],[2,-24],[75,-28],[23,4],[50,-23]],[[21623,11065],[23,-14],[35,35],[48,16],[47,-35],[52,23],[29,-17],[-21,-111],[17,-35],[-14,-28],[9,-43],[177,-154],[14,-45],[-10,-33],[42,-57],[61,-10],[64,-68],[-1,-62],[108,-57],[77,-100],[-25,-34],[1,-97],[-34,-38],[-10,-37],[-57,-42],[-48,-12],[-62,-45],[24,-62],[84,-78],[-15,-32],[-67,-15],[-23,-18],[-113,37],[-21,-14],[-52,28],[-36,1]],[[16668,6801],[-26,57],[-27,84],[-50,52],[-27,-2]],[[16538,6992],[-42,-19],[-27,12],[-94,-23],[-67,67],[-6,29],[-39,41],[-3,28]],[[17999,1876],[25,33],[46,35],[104,32],[12,32],[-12,26],[67,60],[86,11],[1,16],[73,21]],[[13752,6884],[-75,-147]],[[13677,6737],[-77,27]],[[17211,2639],[17,19],[64,13],[44,29],[23,35],[44,5],[34,-22],[66,-5],[66,-20],[17,17]],[[17586,2710],[24,-18],[9,-76],[66,-62],[-120,-64],[-85,-70],[-40,-19],[-13,19],[-58,-2]],[[16611,10821],[30,16],[34,-50],[32,15],[35,-9],[58,-46]],[[15980,10754],[-27,25],[-55,-28],[-59,15]],[[15839,10766],[8,23],[43,-11],[29,25],[0,40],[36,29],[-12,23],[24,29],[50,16],[54,96],[41,40],[-4,39],[39,18],[-2,50]],[[16145,11183],[32,53],[154,53],[56,-19],[57,30],[22,25],[62,9]],[[16528,11334],[26,-2],[53,45],[41,18],[49,-26],[54,2],[38,15],[52,-62],[126,-35],[16,16],[39,-46],[37,-13]],[[14251,7370],[-37,-46],[-26,24],[-43,-38],[-88,-58],[-21,28],[-26,-5],[-24,29]],[[13986,7304],[-17,141],[-28,12],[-35,-20],[-1,-42],[-37,-21]],[[13868,7374],[17,44],[-7,73],[16,69],[50,61],[64,8],[37,-18]],[[14620,7275],[43,75],[19,68],[26,26],[-6,61],[-47,-7],[85,122],[-7,31]],[[7896,16935],[880,-4],[132,-60]],[[8908,16871],[85,-288],[-755,-506],[0,-16],[-68,-85],[-1,-60],[37,-121],[-233,0],[-1,-119],[-95,0],[0,-102],[-13,-77],[-148,-192],[-102,-141],[-68,-116]],[[7546,15048],[-129,-4],[2,138],[-23,0],[3,119],[-95,0],[13,217]],[[21566,6166],[181,-261]],[[21747,5905],[-31,-36],[-2,-44],[44,-96],[16,-52],[8,-78],[20,-50]],[[21328,5578],[-64,35],[-28,-5],[-55,57],[5,28],[-15,110],[-25,12],[19,143]],[[21165,5958],[33,19],[9,28],[-53,57],[7,35],[118,61],[20,-66],[36,-21],[35,23],[46,49],[27,-8],[56,9]],[[13211,1161],[9,53],[-132,274],[-366,133],[-28,22],[-32,0]],[[12596,1701],[-20,27],[25,27]],[[13684,1507],[297,-197],[473,47],[296,-96]],[[14750,1261],[-84,-182]],[[14084,6949],[-28,-14],[-48,28],[-75,58],[-45,2]],[[13912,7180],[32,83],[42,41]],[[14329,7295],[65,-63]],[[16984,3895],[-3,17],[-170,118],[-139,31],[-46,-55],[-65,2],[-21,-21],[-83,-24],[-121,23],[-32,17],[-126,-13]],[[16178,3990],[-16,21],[10,47],[34,38],[26,78],[98,54],[23,46]],[[13783,7243],[50,94],[35,37]],[[7546,15048],[-161,-256],[-56,-81],[10,-44],[-58,-17],[-24,-50],[-3,-35],[19,-428],[30,-297],[-39,-126],[-53,-150],[36,-48],[-133,-402],[-79,-219],[-54,-252],[-44,-105],[-120,-60],[-134,-37],[-45,-25],[-458,-59]],[[6180,12357],[-528,-67],[-37,-26],[-61,-87],[-200,57],[1,-122],[9,-201],[-22,-53],[-36,-56],[-205,-135],[-47,-35],[13,-23],[-3,-102],[23,-16],[0,-46],[26,-23],[11,-49]],[[5124,11373],[-42,-17],[-38,34],[-30,-13],[-82,-5],[-49,11],[-21,38],[-40,19],[-35,33],[-29,-4],[-40,39],[-6,26],[-50,18],[-81,-14],[-32,22],[-56,12],[-22,49],[-56,65],[18,33],[-69,57],[-1,36],[-41,44],[-12,36],[-63,44],[-50,99],[26,34],[-19,61],[-2,46],[-32,41],[-61,22],[3,30],[-51,0],[0,27],[-28,40],[-83,45],[-53,-29],[-33,0],[-30,35],[-21,-11],[-33,44],[-37,12],[-31,43],[15,26],[-18,45],[-38,-14],[-41,34],[-21,39],[-77,8],[-15,53],[-110,-20],[-34,36],[-43,-4],[-49,45],[-21,34],[-43,5],[-31,-23],[-30,27],[-27,-10],[-15,53],[-56,70],[-15,34],[33,37],[9,31],[-94,0],[-36,23],[-18,51],[-52,55],[-77,60],[-51,27],[-110,-24],[-56,78],[-26,14],[-40,48],[-52,-3],[-18,78],[6,37],[-38,90],[-70,24],[-12,42],[-55,25],[-35,56],[-59,49],[-49,63],[-47,12],[-33,28],[-111,24],[-36,68],[-74,65],[-49,21],[-22,57],[-40,16],[26,31],[-28,63],[8,65],[16,40],[-68,-4],[-34,49],[8,73],[-6,39],[-25,34],[-70,40],[-23,53],[-8,69],[-65,-25],[-16,79],[-33,-8],[-29,21],[-15,56],[10,43],[-54,-4],[-26,44],[51,-4],[-79,83],[-39,4],[-24,36],[9,56],[-17,26],[14,41],[-43,15],[-5,38],[-62,22],[11,91],[-53,-4],[-18,48],[54,17],[-23,50],[33,15],[33,49],[-31,53],[-30,0],[-50,73],[-28,-33],[-55,17],[29,28],[-16,48],[14,50],[-26,5],[-32,-35],[-60,41],[-34,-7],[-13,65],[-23,-19],[-71,5],[-65,32],[-35,79],[-30,15],[-42,-4],[-44,22],[-2,24],[-34,90],[-33,7],[-46,-19],[-100,18],[-60,151],[-58,12],[-79,55],[-32,34],[-43,-25],[29,102],[-41,45],[18,70],[335,1163],[461,1617],[226,800],[-13,1515],[936,1449]],[[17735,6069],[166,-45],[317,-13]],[[18218,6011],[-48,-6],[-33,-53],[-34,-21],[-53,-67],[-45,2],[-21,38],[-89,15],[-15,49],[-33,3],[-18,-24],[-88,-33]],[[17418,6019],[-19,4],[-50,-58],[-108,28]],[[12621,1406],[-23,-99],[-1,-116],[-18,-113],[59,-84]],[[12638,994],[-82,27],[-133,-11],[-49,-36],[-181,-12],[-101,9],[-80,23],[-67,33],[-37,1],[-32,-28]],[[21123,4336],[52,-45],[26,9],[45,-29],[6,-34],[52,-3],[-12,37],[82,-38],[-9,-33],[19,-54],[46,5],[95,-57],[30,48],[28,-42],[33,71],[48,-45],[9,-34]],[[21673,4092],[-16,-62],[71,-73],[11,-35],[-11,-34],[-61,-71],[-60,-103],[1,-82]],[[20919,7747],[27,16],[132,154],[52,15],[56,-10],[26,73],[71,73],[36,10],[33,34],[28,-7],[18,-41],[35,34],[9,60],[17,21],[35,90],[38,44],[47,-13],[83,2],[42,59],[41,2],[23,-22],[10,-50],[45,-20],[85,61],[65,0],[55,-30],[87,-34],[170,5],[66,-2]],[[22351,8271],[-46,-242],[-31,-233],[-15,-62],[1,-66]],[[22260,7668],[-68,55],[-13,-83],[-14,-7],[-82,32],[-34,37],[-29,-16],[-58,15],[-58,-17],[-47,3],[-35,-36],[-64,45],[-33,-7],[-50,-60],[-46,28],[-48,-10],[-46,-63],[-55,-13],[-89,-42],[-246,-251],[7,-45],[-30,-80]],[[17211,5543],[-60,-53],[-49,62],[-121,55],[-64,14],[-31,37],[-64,34]],[[16822,5692],[42,12],[19,140],[29,99],[2,62]],[[17142,5993],[9,-65],[47,-77],[38,-23],[35,-65]],[[16538,6992],[-244,-280]],[[16294,6712],[-60,-50],[-133,-65]],[[16101,6597],[0,102],[-18,69],[-19,18],[3,38],[-38,45],[4,58]],[[16178,3990],[-15,-41],[-70,-35],[6,-46],[-37,-21],[10,-48],[-26,-55],[-48,-12],[-11,-61],[10,-87],[-24,-19],[-52,-11],[-21,-28],[27,-45],[-52,-110]],[[15758,3213],[-58,48],[-27,8],[-4,57],[-56,110],[-25,23],[-41,-12],[-60,-61],[-36,10],[16,99],[-45,2],[-23,40],[-35,11],[-8,38]],[[15356,3586],[-31,22]],[[15325,3608],[-2,29],[41,8],[-8,37],[34,73],[48,13],[66,-11],[-8,68],[14,39],[59,26],[20,-7],[25,57],[37,18],[7,40],[75,68],[-10,31],[-56,35],[-21,65]],[[15646,4197],[45,63],[27,23],[12,47],[27,34],[-6,48],[32,29],[-5,32],[86,39],[42,-4],[4,63],[23,40],[-58,6],[7,56],[134,82],[14,28],[20,96],[-3,51],[13,23]],[[20959,6843],[32,-35],[-56,-3],[-45,18],[-11,-36],[-42,-33],[-55,-11],[-57,28],[-28,60],[-24,107],[-28,28],[-44,0],[-118,-39],[-95,6],[-40,15],[-86,70],[-78,98]],[[20184,7116],[-17,109],[-43,90],[-81,44],[-68,45],[-118,59],[-62,55]],[[19795,7518],[-10,28],[-70,8],[-27,47]],[[19688,7601],[-4,41],[-45,68],[-5,100],[32,45],[18,91],[65,10],[63,-44],[57,16],[63,-6]],[[21165,5958],[-64,9],[-5,-34]],[[21096,5933],[-33,77],[-21,71],[-50,-43],[-29,0],[-52,46],[20,77],[-15,17]],[[20916,6178],[106,622]],[[20904,9251],[31,9],[47,-13],[42,-29],[-2,-38],[22,-25],[-1,-42],[37,-53],[26,-17],[46,-2],[14,-37],[33,-2],[91,-57],[17,-27],[29,28],[34,9],[9,34],[82,-24],[34,28],[32,-8],[-5,-35],[20,-33],[80,-43],[22,57],[75,15],[19,-60],[-26,-40]],[[21712,8846],[-65,20],[-44,-29],[-7,-33],[-63,-62],[-11,-63],[-47,-9],[61,-76],[91,7],[24,-11],[41,26],[-54,-300],[-44,37],[-16,-45],[-81,63],[-33,-5],[-43,14],[-70,-1],[-39,-63],[-57,-8],[-32,-30],[-6,-32],[-66,-41],[-5,-35],[-89,-70],[-185,190],[-32,-7],[-21,50],[-55,12],[-13,26],[-48,21]],[[21710,4932],[-47,-28],[-4,-81],[74,-154],[18,-65],[-4,-66],[-15,-32],[-63,-70],[8,-60],[34,-49],[81,-56],[30,-48],[-16,-37],[-133,-94]],[[20955,4929],[25,18],[76,-40],[40,6],[31,-54],[31,-3],[44,40],[14,40],[7,326],[67,101]],[[13427,7101],[42,-45],[13,-36],[-56,2]],[[13426,7022],[-15,71],[-17,19]],[[20105,4690],[-22,66],[-58,-42],[-29,28],[-66,25],[-22,20],[-52,100],[-45,3]],[[19811,4890],[-36,58],[-56,34],[-17,45],[-34,17],[28,100],[31,20],[32,-18],[93,-31],[53,4],[57,21],[36,-4],[41,56],[-45,33],[-15,28],[-71,23],[4,63],[27,45],[39,40],[1,43],[24,72]],[[20003,5539],[35,-52],[-11,-52],[53,-56],[32,12],[20,-22],[74,-28],[36,-35],[20,-42],[37,10],[26,-12],[3,-37],[25,-28],[57,-18],[39,-31],[68,3],[53,-14],[41,23]],[[20611,5160],[35,-50],[26,-2],[23,-40],[58,-43],[-9,-30],[-36,-23],[98,-60],[-19,-24],[11,-40]],[[20138,2963],[50,25],[24,35]],[[20212,3023],[15,-23],[43,20],[84,16],[51,-47],[54,-2],[23,-39],[2,-134],[35,-91],[30,-2],[85,-39],[44,-58],[3,-27],[50,4],[53,-88],[-33,-9],[4,-46]],[[20755,2458],[-47,-5],[-72,-26],[-39,-29],[-61,-84],[-78,-37],[-55,-51],[-19,-45]],[[13957,6632],[-65,-61]],[[13892,6571],[-18,101],[-27,10],[-23,40],[-33,29]],[[13791,6751],[13,73]],[[13804,6824],[113,-36],[17,-41],[35,-50]],[[18833,1148],[70,85],[-1,29],[47,-5],[57,56],[73,29],[16,34]],[[19119,1297],[-22,-44],[-1,-69],[109,-97],[7,-88],[-48,-31],[-16,-33],[27,-86],[1,-37],[-38,-45],[-65,-49],[-91,-40]],[[14530,7220],[-19,51],[-47,42]],[[21697,9476],[40,-13],[12,-26],[51,-22],[35,6],[38,-28],[94,-20],[17,-28],[37,11],[36,91],[42,-18],[3,-22],[68,-30],[32,4],[34,27],[37,-27],[69,15],[61,-21],[43,37],[84,-33],[54,-10]],[[22584,9369],[54,-156],[2,-100],[-36,-231],[-43,-60]],[[22561,8822],[-116,61],[-36,-9],[-36,34],[-21,-11],[-7,-48],[-48,1],[-2,-60],[-78,-16],[-11,51],[-62,-39],[-14,63],[-57,-15],[-30,36],[-64,8],[-137,-23],[-13,-31],[-44,18],[-73,4]],[[20737,9307],[-3,64],[-27,67],[35,64],[139,96],[14,20]],[[17754,12192],[-610,-137],[0,-4],[-364,3],[-329,-410],[42,-152],[-28,-83],[63,-75]],[[16145,11183],[-40,37],[-48,77],[-22,60],[8,66],[-8,36],[36,109],[50,48]],[[16121,11616],[107,-4],[58,50],[59,10],[60,47],[3,47],[39,33],[47,-15],[69,49],[-8,88],[32,41],[86,152],[32,2],[104,50],[72,55],[66,8],[91,42],[51,51],[68,-7],[33,14],[32,53],[63,40],[50,2],[113,109],[216,5]],[[14215,5237],[-2,-33],[-82,-127]],[[14131,5077],[-80,-123],[-64,-162]],[[13987,4792],[7,134],[-18,20],[-49,-44],[1,54],[-27,26],[24,32]],[[13925,5014],[3,351],[-16,84],[52,668],[19,99],[77,-42],[17,-26],[60,-29],[82,-22]],[[16543,6264],[-43,15],[-4,71],[17,16],[-6,54],[-53,32],[-62,23],[-21,46],[-8,87],[-24,17],[-45,87]],[[19688,7601],[-87,-19],[-20,13],[-7,50],[-44,43],[-34,14],[-40,-30],[-95,38],[-54,1],[-32,21],[-50,-3],[-71,63],[0,26],[-87,-13],[-48,53],[-77,34],[-63,-16]],[[18879,7876],[-13,55],[15,31],[45,4],[48,41],[21,70],[27,35],[42,16],[3,22],[81,30],[42,50],[71,-2],[30,27],[50,7],[111,-7],[42,-15],[45,13],[95,57],[61,-14],[30,14],[38,43],[15,71],[22,26],[34,-41]],[[17114,4956],[-53,54],[-5,54],[19,130]],[[17075,5194],[29,-5],[38,52],[134,11],[35,92]],[[19336,1499],[-63,-13],[-26,-60]],[[18447,2237],[16,59],[-23,25],[20,31]],[[14610,5856],[40,15],[66,48],[25,-13],[72,2],[45,28],[-14,49],[9,92],[-8,42],[-40,32],[-47,55],[-6,36]],[[14752,6242],[61,22],[52,39],[127,11]],[[14992,6314],[36,-30],[95,-140]],[[15301,5553],[-15,-30],[-60,-12],[-37,-59],[-53,-27]],[[11454,938],[-135,34],[-65,-17],[-88,-50],[-130,-15],[-68,-16],[9,80],[40,82],[-11,83],[-30,37],[-105,52]],[[18218,6011],[27,-2],[199,-90],[-4,-66],[50,-26],[70,-3],[67,-21],[67,42],[49,-31],[96,53],[57,-15],[40,56],[-2,19],[111,28],[15,-16]],[[17285,13210],[35,6],[38,82],[25,1],[39,30],[67,11],[32,24],[-15,49],[-37,47],[18,54],[22,31],[59,9],[-18,85],[26,44],[38,-22],[57,8],[14,34],[-26,46],[35,27],[-7,33],[35,25],[-13,80],[-446,1087]],[[17685,16230],[32,17],[8,29],[104,-47],[46,-2],[12,26],[47,3],[12,-17],[113,-8],[59,20],[42,-30],[41,-13],[10,29],[80,18],[44,-25],[31,9],[99,7],[39,-41],[28,-120],[73,-79],[5,-30],[28,-42],[85,-9],[24,7],[33,-88],[-6,-35],[14,-54],[-12,-38],[-38,-70],[15,-27],[-1,-63],[63,-140],[70,-36],[17,-46],[98,-83]],[[19000,15252],[-157,-144],[-59,70],[-19,-51],[-43,-3],[-27,-18],[-25,-54],[-32,-22],[-7,-40],[-41,-110],[-61,-6],[-42,-37],[-37,-64],[10,-36],[80,1],[30,-28],[-4,-53],[59,-33],[48,10],[65,-58],[10,-19],[-11,-59],[-34,-58],[-13,-56],[46,-42],[90,-18],[85,-42],[43,-77],[18,-2],[13,-54],[-32,-64],[-9,-58]],[[17622,13058],[-32,65],[-79,-19],[-29,15],[-53,-77],[-13,41],[-31,-23],[-61,-8],[-13,-23],[-47,1],[-54,-41]],[[11579,2139],[18,22],[-1,45],[34,23],[61,-23],[59,10],[7,47],[-20,29],[-74,43],[-9,38],[43,38],[97,-13],[68,46]],[[20044,1991],[-89,-67],[-66,3],[-129,-10],[-98,-69]],[[14987,6534],[4,-45],[-19,-31],[21,-95],[-1,-49]],[[14752,6242],[-34,75],[-63,53],[-143,35],[-29,0]],[[14530,6555],[24,-8],[38,30],[77,24],[70,46],[14,49],[62,3]],[[15544,6373],[-107,-64],[-38,-55],[26,-70]],[[21886,6230],[1,-105],[-8,-109],[38,-85],[-9,-43],[-57,-4],[-80,27],[-24,-6]],[[15479,7609],[24,-19],[14,-40],[77,-32],[-58,-92],[-7,-42],[-42,-104]],[[15487,7280],[-29,46],[-47,21],[34,57],[-32,16],[-28,103],[-87,89],[-25,18]],[[12601,16972],[8,-22],[59,-40],[1,-36],[-23,-35]],[[12646,16839],[7,-55],[74,-49],[19,-39],[-19,-116],[-26,-70],[4,-96],[30,-34],[4,-68],[13,-45],[44,-16],[105,42],[33,-19],[13,-89],[13,-35],[-1,-53],[29,-42],[72,-59],[52,-34],[6,-40],[-22,-28],[-49,-10]],[[13019,15888],[-897,148],[-46,204],[-117,129],[9,87],[13,42],[-12,26],[-68,31],[-353,2],[-151,47],[-20,21],[-495,7],[-259,6],[-41,-15],[-248,2],[-36,17],[-288,2],[-62,-28],[-90,29],[-498,7],[-108,48]],[[9252,16700],[-344,171]],[[13040,19876],[2,-23],[-41,-84],[1,-66],[37,-120],[-18,-125],[-65,-57],[-58,-39],[-56,-50]],[[13532,13758],[-26,-64],[-31,-18],[-46,-3],[-39,45],[-39,3],[-55,66],[-34,26],[-22,-66],[-34,-29],[-13,-56],[-97,-5],[-22,-76],[26,-117],[-28,-57],[-46,5],[-67,29],[-61,-51],[-47,-4],[-49,-17],[-11,-34],[-54,-10],[-25,-22],[-14,49],[-34,-6],[-31,-32],[34,-22],[-66,-36],[-20,20],[-64,-18],[-65,18],[-31,-40],[-40,7],[-32,-16],[-34,-74],[-55,-21],[-33,5],[-20,-47],[-54,-36],[-56,-64],[-54,-36],[-40,36],[-9,24],[-37,-2],[-49,27],[-77,-12],[-34,-54],[-30,0],[-31,-26],[-36,15],[-22,52],[-24,5],[-73,-25],[-36,-39],[-38,20],[-22,-29],[-70,57],[-106,44],[-37,-12],[-50,58],[-99,-4],[-22,-34],[-56,54],[-39,-6],[-27,21],[-6,41],[-56,50],[5,40],[-13,40],[-44,-12],[-14,17],[-73,-20],[-16,-21],[-40,1],[-58,-17],[-60,36],[0,26],[-59,-11],[-58,88],[-55,-28],[-69,53],[-77,-41],[-32,-30],[-28,17],[-43,-18],[-101,34],[-7,41],[-75,55],[-1,42],[-34,-6],[-31,16],[-46,-12],[-22,20],[-46,-54],[-23,8],[-26,-37],[-39,-12],[-46,16],[-41,-26],[-16,-40],[-53,11],[-21,21],[-29,-15],[-34,23],[-73,-42],[-28,25],[-15,41],[-107,368],[-32,43]],[[9237,13855],[213,232],[33,-1],[22,96],[29,91],[-10,110],[-22,36],[5,122],[-13,62],[-7,92],[36,119],[56,26],[0,83],[12,32],[-16,24],[105,97],[54,-19],[31,71],[-4,37],[30,25],[62,-8],[17,30],[35,-5],[102,18],[9,22],[46,8],[15,-27],[115,-20],[23,58],[95,-13],[-433,548],[21,36],[49,10],[-294,457],[-5,35],[-34,25],[-20,43],[-35,3],[1,47],[-58,-12],[-35,37],[-83,0],[-27,46],[-55,9],[-34,-44],[-135,28],[119,179]],[[15052,4955],[7,-37],[-21,-69],[5,-28],[-56,-46],[-17,-117],[12,-27],[-21,-41]],[[14073,4522],[-60,169],[16,37],[-42,64]],[[14131,5077],[41,29],[9,-40],[44,4],[121,53],[22,37],[69,-19],[32,-24],[51,6],[51,23],[29,-14],[48,9],[72,-21],[78,-77],[47,-15]],[[15054,4495],[6,-18],[71,-47],[97,-3],[37,30],[71,-2],[21,29],[62,32],[36,4],[42,-36],[60,-100],[8,-53],[34,-47],[12,-43],[35,-44]],[[15325,3608],[-26,-17],[-69,14],[-6,36],[-37,-2],[-36,71],[-45,9]],[[18912,7389],[3,21],[-75,125],[27,1],[-13,88],[-23,6],[-31,46]],[[18800,7676],[29,8],[51,75],[25,24],[37,66],[-33,25],[-30,2]],[[19795,7518],[-69,-25],[-66,5],[-14,-43],[38,-139],[-55,-1],[16,-75],[-62,-18],[-39,44],[-23,-38],[-128,1],[1,-28],[-86,-6],[1,-36],[-62,-9],[19,-40]],[[21510,11387],[74,15],[18,20],[-1,49],[83,75],[42,-12],[18,-37],[40,10],[41,-15],[20,-50],[22,-2],[46,46],[8,-27],[46,-26],[-12,-61],[68,18],[59,-18],[20,-33],[59,0],[17,-27],[128,-33],[36,-34],[-1,-47],[28,-46],[5,-37],[56,-22],[17,-47],[49,-35],[48,-48],[39,19],[55,-3],[45,-33],[41,-60],[66,-67],[-43,-29],[-114,-130],[-43,-23],[-30,-117],[49,-137],[-6,-100],[40,-86],[67,-58],[46,-82],[39,-129],[0,-60],[-66,-141],[-37,-54],[-64,-69],[-20,-109],[-18,-35],[-6,-91]],[[22561,8822],[-41,-42],[-52,-104],[-51,-152],[-12,-111],[-54,-142]],[[13892,6571],[-28,-36],[-40,36]],[[13824,6571],[-104,128]],[[13720,6699],[69,28],[2,24]],[[14767,6839],[-56,-33],[-48,23],[-49,-13],[-74,31],[-30,46]],[[13660,15972],[142,-96],[108,32],[37,31],[9,225],[32,70],[-30,65],[-76,25],[-27,39],[5,34],[-22,84],[-26,48],[21,28]],[[13833,16557],[47,-6],[47,39],[42,-51],[63,-23],[44,0],[56,15],[58,-54],[29,26],[87,-36],[20,-72],[47,17],[107,-33],[61,56],[58,-36],[12,-22],[41,1],[40,-36],[53,31],[13,46],[31,47],[22,-33],[43,-32],[80,-4],[27,23],[37,-3],[72,-73],[59,-2],[56,25],[-1,36],[48,-22],[28,8],[59,-6],[35,41],[21,-18],[14,-43]],[[15389,16363],[-58,-269],[-67,-53],[22,-16],[-81,-87],[-190,11],[23,-79],[29,-254],[-80,-11],[29,-62],[1,-61],[37,-80],[-8,-42],[-105,-14],[-28,19],[-61,-114],[-73,0],[-55,-20],[-22,23],[-64,-32],[-47,-1]],[[16166,988],[2,83],[-33,18],[12,28],[32,-1],[14,80],[50,13],[41,75],[43,40]],[[17269,553],[5,-115],[-14,-93],[-105,-97],[-70,-111],[-6,-71],[-40,-54],[-84,-12],[-58,18],[-46,35],[-97,57],[-139,241],[-43,57],[-110,62],[-130,-11],[-106,-32],[-49,1],[-68,-44],[-7,-52],[-27,-36],[-52,-8],[-63,27],[-76,53],[-75,33],[-94,104],[-57,43]],[[20191,6317],[-2,-202],[-28,-17],[-42,-226]],[[20119,5872],[-70,-75],[2,-42],[-26,-80],[7,-37],[-33,-72],[4,-27]],[[19811,4890],[-64,-29],[13,-46],[-45,-54],[-37,52],[6,34],[-50,30],[-16,-35],[-118,47],[-32,-1],[-39,21],[-49,1],[-24,-23],[-71,-9]],[[17364,9274],[84,-57],[59,-14],[1,-70],[87,-63]],[[17584,8251],[-27,35],[-37,83],[-40,48],[-26,102],[4,19],[-70,93],[-17,12]],[[17371,8643],[-55,63],[-24,0],[-65,54],[-26,-32],[-191,-19],[-38,11],[-45,-14]],[[16927,8706],[-30,107],[-31,11],[-93,-39],[-63,-88],[-13,-36],[-56,-46],[-42,15]],[[15574,2293],[23,-54],[-24,-26],[-23,-83],[-34,-72],[57,-46],[-21,-57],[-74,-84],[-42,-22],[-12,-25],[-47,-35],[33,-60],[-4,-67],[56,-74],[5,-78],[13,-44],[-4,-55],[-39,-134]],[[15437,1277],[-196,44],[-114,75],[-119,65],[-23,-32],[-141,35]],[[14844,1464],[6,13],[-670,149],[-6,9]],[[14174,1635],[166,454],[271,395],[54,-96],[43,-12],[95,12],[68,50],[101,-34],[71,32],[29,-11],[66,63],[31,10],[51,44],[4,25],[118,130]],[[15342,2697],[54,-89],[-44,-131],[-5,-44],[29,-69],[63,-48],[114,-42],[21,19]],[[17654,7767],[24,11],[-12,99],[-14,10],[-13,63]],[[17639,7950],[24,-1],[56,29],[20,45],[46,19],[25,48],[-28,14],[-14,47],[16,15]],[[17998,8270],[38,-7],[27,-24],[95,-45],[39,6],[4,-94],[-22,-52],[-31,-7],[-22,-196],[2,-58],[-42,0],[-20,-67],[-37,-52],[20,-24],[13,-65],[41,-8],[39,-26],[19,-33],[-29,-65],[7,-66],[-7,-78],[23,-21]],[[16245,5787],[-2,-1]],[[16243,5786],[-50,-3],[-34,19],[4,51],[-56,60]],[[16107,5913],[-224,235],[-79,115],[-8,33],[-51,-6],[-6,65],[11,20]],[[15960,6506],[141,91]],[[15501,7253],[-14,27]],[[14657,3139],[8,-11],[109,18],[11,44],[37,2],[61,67],[166,61]],[[15049,3320],[-30,-29],[29,-138],[46,-73],[17,-10],[2,-213],[39,-73],[23,-72],[167,-15]],[[14174,1635],[-414,594]],[[13760,2229],[-155,222],[-280,1193]],[[13760,2229],[-163,32],[-353,231],[-4,29],[-46,38],[-28,-3],[-206,32],[-50,35],[-78,121],[-55,47],[-58,-13],[-57,4],[-35,13],[-59,-25],[-49,21],[-65,-2],[-7,33],[-72,27],[-38,41],[-24,-3],[-102,29],[-19,56],[8,34],[-39,18]],[[12161,3024],[49,12],[-16,36],[48,55],[7,72],[93,19],[34,21],[82,-1],[3,19],[50,22],[38,-9],[49,14],[8,41],[75,38],[-9,33],[50,28],[28,44],[36,9],[30,-29],[20,52],[37,7],[23,43],[49,-40],[86,17],[37,34],[38,-22],[49,16],[28,80],[72,62],[54,4]],[[18145,877],[9,-2]],[[18154,875],[-16,-17],[-7,8],[14,11]],[[18304,756],[-79,-13],[-51,2],[-72,18],[-105,61],[-60,48]],[[18154,875],[4,9],[-12,4],[-1,-11]],[[18848,4322],[27,-30],[-17,-25],[26,-23],[-15,-27],[-33,-3],[-18,-25],[9,-41],[-27,-31],[17,-40],[-22,-86],[-22,-32],[-55,-34],[-10,-55],[20,-37],[-18,-26],[-68,0],[-52,-55],[7,-69]],[[12646,16839],[63,-10],[23,33],[20,-25],[33,13],[16,-57],[38,-18],[-22,-39],[65,-16],[36,10],[18,-24],[109,9],[30,24],[33,-11],[8,-45],[59,-34],[24,55],[28,18],[44,-33],[41,-10],[27,19],[10,36],[-22,21],[34,44],[21,-36],[88,71],[36,-42],[105,-12],[52,34],[24,-4],[-6,-76],[36,-57],[34,-20],[-2,-67],[22,-23],[62,-10]],[[13804,6824],[-9,16]],[[15850,3023],[-18,-48],[51,-59],[-15,-32],[-57,-31],[-71,-11],[-46,-21],[-86,21],[-91,-4],[-52,-23],[-85,-24],[4,-27],[-42,-67]],[[15049,3320],[51,-8],[25,14],[77,7],[44,-10],[10,50],[68,48],[2,74],[30,91]],[[15101,10582],[37,-5],[27,44],[62,-2],[14,38],[73,7],[-9,31],[29,12],[32,-17],[18,24],[38,-22],[24,35],[53,-17],[12,35],[41,-29],[53,44],[35,-41],[22,29],[38,15],[28,-37],[27,22],[27,-39],[57,57]],[[15857,10391],[-26,-12],[-75,-6],[-131,1],[-128,10],[-15,29],[-94,31],[-40,30],[-102,-33],[-53,-37],[-90,-17]],[[15961,1934],[-36,-43],[-3,-46],[-29,-52],[10,-68],[-50,33],[-38,0],[-45,-44],[1,-16],[-61,-39],[-44,6],[-27,-12]],[[15639,1653],[5,67],[88,79],[23,56],[35,12],[5,36],[-23,46],[25,39],[113,-18],[51,-36]],[[17586,2710],[-24,85],[28,49],[49,30],[-3,32],[98,34],[16,28],[-19,65],[36,96],[39,55]],[[14721,11134],[-23,31],[-68,-7],[-63,31],[-35,30],[-11,72],[28,20],[75,24],[32,34],[-5,28],[-48,44],[1,50],[38,34],[20,37],[-4,76],[-53,25],[-16,22],[61,32],[-3,77],[-26,35],[-100,52],[-109,84],[-88,28],[-52,25],[-42,7],[-24,21],[-6,38],[-46,91],[-27,36],[-55,121],[-14,73],[9,41],[30,44],[33,95]],[[15401,12675],[34,-62],[-13,-46],[34,-118],[71,-117],[-19,-52],[-17,-154],[-41,-137],[-29,-70],[168,8],[70,-31],[19,12],[75,-64],[36,19],[33,-2],[29,43],[175,-77],[31,-52],[42,-30],[10,-28],[42,-37],[-30,-64]],[[21317,3205],[-11,-56],[53,-61],[11,-98],[-12,-58],[-67,-110],[-43,-16],[-57,45],[-38,12],[-61,-8],[-75,-25],[-74,-45],[-20,-62]],[[20923,2723],[-88,10],[-27,48],[-47,34],[-10,27],[-46,-7],[-52,193],[47,0],[-20,58],[-22,12],[-31,-61],[-62,16],[25,30],[-46,45]],[[20544,3128],[-30,43],[11,28],[-5,51],[35,47],[-20,42],[-63,-15],[-57,60],[-25,-6],[-18,33],[30,13],[-14,41],[3,40],[-78,39],[-31,-11],[-11,36],[-32,7],[-5,30],[-75,2],[-39,46],[-33,-31],[-34,28],[-11,34],[-63,72],[-63,-27],[-107,-18],[-22,45],[-51,8],[-3,21],[-59,-21],[-116,13],[-5,98]],[[19553,3876],[72,25],[93,20],[4,24],[41,14],[41,87],[-6,41],[15,74],[-29,59],[35,34],[23,91],[-7,55],[17,15],[-14,92],[35,42],[68,37],[27,-33]],[[16735,5130],[-14,80],[11,26],[96,-18],[-1,-36],[66,-66],[151,78],[31,0]],[[22260,7668],[4,-15],[76,-88],[26,-55],[1,-75],[-44,-62],[-59,-52],[-39,-49],[-34,-128],[-15,-108],[-39,-52],[-27,-60],[-54,-45]],[[15980,2925],[-51,-244],[-62,-105],[-25,-80],[-25,-46],[-28,-101],[-23,-38],[-30,6],[-89,-21],[-61,11],[-12,-14]],[[20119,5872],[223,10],[46,40],[87,-11],[27,-21],[80,-24],[21,-25],[140,-10],[-21,-55],[45,-17],[21,-23]],[[20788,5736],[5,-40],[45,-17],[-65,-40],[-23,-44],[23,-20],[-20,-152],[-42,-52],[-7,-83],[-27,-28],[-43,-78],[-23,-22]],[[16337,2785],[-35,-7],[-3,-67],[-26,-63]],[[16305,2041],[-56,-41],[-90,-54],[-104,-30],[-42,-4],[-52,22]],[[15639,1653],[-7,-72],[-31,-43],[11,-59],[-35,-62],[-18,-100],[19,-34],[-141,-6]],[[17639,7950],[-33,-1],[-43,19],[-155,-84],[-38,-9],[-57,54],[-34,2],[-42,29],[-86,7],[-32,-26],[-33,26],[-62,-8],[-37,45],[-49,19],[-12,52],[-25,23]],[[16901,8098],[22,34],[48,8],[27,53]],[[16998,8193],[64,3],[68,-28],[40,13],[13,-19],[60,-27],[8,-22],[57,-5],[31,36],[46,12],[66,-26],[77,-20],[-221,405],[64,128]],[[20788,5736],[26,23],[194,-36],[17,99],[7,88],[17,20],[47,3]],[[15449,950],[-39,99],[-21,6],[20,53],[10,64],[-4,72],[22,33]],[[15579,6120],[11,-36],[-30,-11],[-30,-67],[-30,-36],[-6,-35],[60,-14],[84,-37]],[[15389,16363],[34,-6],[34,20],[31,-55],[127,8],[33,24],[35,-54],[-12,-44],[102,-74],[45,17]],[[16529,7936],[52,-18],[71,-2],[249,182]],[[11958,2599],[-27,70],[-3,152],[-11,47],[11,34],[33,2],[71,-36],[65,12],[9,36],[-40,36],[-8,30],[35,37]],[[12093,3019],[37,28],[31,-23]],[[14844,1464],[-94,-203]],[[19553,3876],[-82,44],[-68,7],[-16,-18],[41,-111]],[[20560,6216],[23,-21],[44,-2],[104,-56],[55,-16],[71,23],[59,34]],[[16357,5216],[-53,29],[-19,47],[-33,39]],[[16252,5331],[-63,266],[54,189]],[[16031,5016],[-1,33]],[[16071,5132],[-24,49],[29,29],[-1,43],[32,9],[6,29],[65,14],[23,-6],[51,32]],[[20184,7116],[-77,40],[-88,10],[-25,-8],[-47,-78],[-58,-178]],[[20544,3128],[-36,-3],[-35,-43],[-52,7],[-71,24],[-58,-23],[-52,14],[-44,-54],[16,-27]],[[9237,13855],[-42,-37],[-339,-225],[-74,-437],[-7,-25],[-1,-115],[19,-32],[6,-91],[34,-24],[56,-72],[86,-5],[32,34],[40,9],[35,-15],[43,-69],[89,-94]],[[9214,12657],[-58,-29],[-271,-6],[-42,12],[-190,17],[0,-542],[32,-52],[44,-45],[-35,-56],[-226,-113],[20,-177],[-62,4],[-3,-25],[-307,8],[3,19],[-45,21],[-117,-109],[-548,88],[-71,-146],[-947,37],[-214,78],[-94,212],[91,327],[6,40],[0,137]],[[9050,9464],[-11,18],[-54,5],[-33,27],[-19,84],[-40,68],[-5,34],[-49,23],[-52,2],[-27,16],[-14,40],[-36,11],[-45,56],[-6,50],[-34,29],[-9,41],[-811,533],[-304,185],[-305,203],[-122,55],[-68,15],[-35,-35],[-42,-18],[-155,-40],[-100,-12],[-130,-2],[-65,-16],[-121,14],[-50,19],[-17,24],[-86,-2],[-36,12],[-25,59],[-67,29],[-88,70],[-126,34],[-22,-25],[-49,13],[-105,12],[-15,32],[-55,-13],[-27,12],[-16,100],[-30,22],[-66,-28],[-13,35],[-117,51],[-41,-23],[-16,23],[-63,37],[-104,30]],[[9214,12657],[217,33],[-41,-131],[56,-42],[31,-5],[45,-29],[56,17],[110,-164],[9,-34],[-334,-74],[156,-414]],[[16927,8706],[34,-114],[-65,-29],[-22,-122],[126,-168],[-21,-52],[19,-28]],[[16107,5913],[-21,-14],[-84,43]],[[19939,9421],[16,56],[41,14],[2,-45],[44,33],[54,78],[37,-26],[59,2],[18,20],[82,10],[45,-12],[25,-30]],[[18800,7676],[-75,74],[-50,15],[-53,38],[-27,51],[-67,29],[-65,-11],[-38,18],[-25,39],[64,122],[38,-28],[35,-3],[20,29],[54,42],[23,68],[62,27],[28,45],[42,17],[92,-51],[603,236],[56,13],[20,19],[108,8],[52,-24],[35,13],[20,28],[-29,48],[-51,54],[-52,88],[-81,12],[-38,42],[-35,1],[-51,41],[-56,28],[-35,67],[-44,17],[-36,47],[5,62],[-77,147]],[[14614,8160],[68,-33],[55,7],[19,37],[-20,59],[-69,20],[-30,43],[19,40],[-11,23],[-93,26],[-18,62],[90,65],[29,49],[22,61],[39,53],[15,57],[-22,86],[21,39],[84,-3],[72,26],[-17,75],[25,53],[25,91],[-23,40],[-66,70],[-12,40],[18,50],[70,57],[-4,34],[-39,52],[-43,39],[19,50],[55,12],[24,19],[23,54],[-50,84],[-37,87],[11,53],[36,61],[-15,64],[-29,68],[-50,49],[-21,64],[5,44]],[[13720,6699],[-43,38]],[[12626,4331],[68,-42],[46,78],[47,-39],[63,39],[53,60],[228,-110],[3,-30],[258,-147],[67,134],[105,-57],[39,-67],[35,21],[23,-30]],[[12093,3019],[10,34],[-27,112],[-48,41],[-6,58],[40,71],[-9,32],[-48,41],[16,43],[94,2],[12,46],[-46,35],[-47,67],[-10,34],[13,56],[65,55],[59,22],[32,46],[15,84],[-31,68],[-5,57],[28,52],[60,23],[67,37],[13,53]],[[13542,6846],[-51,36],[-46,75],[-19,65]],[[12371,4485],[12,32],[69,23],[39,-13],[41,5],[53,22],[66,47],[117,67],[54,62],[22,40],[80,44],[77,24],[30,30],[-11,41],[-97,68],[-8,32],[32,62],[89,34],[24,35],[-7,39],[-49,38],[-9,58],[27,40],[97,22],[29,22]],[[13148,5359],[42,13],[17,41],[-19,77],[40,-20],[55,34],[-10,50],[40,16],[13,-22],[-29,-41],[23,-47],[14,-63],[33,-52],[35,-22],[53,12],[20,-36],[66,-10],[71,15],[69,-33],[25,-40],[-23,-19],[42,-46],[25,25],[26,-52],[53,-39],[41,-71],[55,-15]],[[20213,10215],[46,-50],[22,-134],[-29,-45],[-53,-6],[-28,-18],[1,-32],[-60,-29],[-28,-31],[-86,4],[-78,32],[-64,-17],[-14,17],[-39,-19],[-36,-39]],[[18488,10783],[65,77],[53,14],[18,38],[41,-1],[24,-31],[34,30],[46,-14],[38,10],[35,27],[28,72],[62,44],[14,35],[-3,67],[81,49],[26,-5],[56,50],[44,-10],[37,80],[37,33],[27,-12],[50,9],[17,26],[86,-29],[13,-35],[77,-64],[126,-170],[37,22]],[[19657,11095],[45,-29],[26,21],[64,-45],[16,-21],[60,-12],[50,92],[38,-7],[71,-59],[116,-68],[18,-21]],[[12974,963],[-52,-6],[-16,-43],[-32,-18],[-120,37],[-84,52],[-32,9]],[[16763,5719],[59,-27]],[[13148,5359],[29,47],[4,30],[-26,55],[-39,48],[-18,61],[11,24],[37,3],[44,-27],[53,12],[33,42],[74,57],[15,21],[-20,33],[-45,-8],[-39,31],[5,36],[39,81],[47,46],[46,-2],[74,-44],[40,6],[10,30],[-17,128],[7,28],[46,4],[46,-46],[54,-15],[33,37],[22,117],[52,-8],[27,51],[1,49],[-23,49],[4,49],[29,69]],[[13803,6453],[107,-2],[42,-18],[65,-3],[27,-24]],[[18098,9362],[-17,32],[-2,56],[-46,50],[-25,57],[-14,81],[-51,28],[-33,58],[-3,30]],[[18806,8780],[-25,-67],[49,-45],[39,-55],[5,-24]],[[20923,2723],[13,-110],[-8,-75],[-36,-71],[-41,-17],[-96,8]],[[13803,6453],[17,32],[4,86]],[[19549,11540],[33,-31],[5,-109],[11,-24],[-10,-99],[-18,-35],[49,-30],[3,-40],[28,-28],[7,-49]],[[15572,5154],[-3,-21],[58,-3]],[[19000,15252],[39,-22],[44,-47],[6,-68],[23,-15],[-8,-69],[10,-46],[1,-74],[-19,-111],[-45,-56],[-6,-34],[-32,-33],[-7,-72],[-21,-33],[6,-41],[-19,-35],[16,-36],[-3,-56],[31,-26],[-4,-35],[15,-67],[-16,-20],[36,-60],[4,-43],[28,-40],[-20,-43],[-7,-81]]],"transform":{"scale":[0.0003678424763552891,0.0003269239442471161],"translate":[-62.64461743786239,-27.59183356463177]},"objects":{"PRY":{"type":"GeometryCollection","geometries":[{"arcs":[[0,1,2,3,4]],"type":"Polygon","properties":{"name":"25 De Diciembre","shapeGroup":"PRY","gid":"PRY-2-0"},"id":"PRY-2-0"},{"arcs":[[5,6,7]],"type":"Polygon","properties":{"name":"3 De Febrero","shapeGroup":"PRY","gid":"PRY-2-1"},"id":"PRY-2-1"},{"arcs":[[8,9,10,11,12,13]],"type":"Polygon","properties":{"name":"3 De Mayo","shapeGroup":"PRY","gid":"PRY-2-2"},"id":"PRY-2-2"},{"arcs":[[14,15,16,17,18,19,20,21,22,23]],"type":"Polygon","properties":{"name":"Abai","shapeGroup":"PRY","gid":"PRY-2-3"},"id":"PRY-2-3"},{"arcs":[[24,25,26,27,28,29,30,31]],"type":"Polygon","properties":{"name":"Acahay","shapeGroup":"PRY","gid":"PRY-2-4"},"id":"PRY-2-4"},{"arcs":[[32,33,34]],"type":"Polygon","properties":{"name":"Alberdi","shapeGroup":"PRY","gid":"PRY-2-5"},"id":"PRY-2-5"},{"arcs":[[-10,35,36,37,38,39,40,41]],"type":"Polygon","properties":{"name":"Alto Vera","shapeGroup":"PRY","gid":"PRY-2-6"},"id":"PRY-2-6"},{"arcs":[[42,43,44,45]],"type":"Polygon","properties":{"name":"Altos","shapeGroup":"PRY","gid":"PRY-2-7"},"id":"PRY-2-7"},{"arcs":[[46,47,48,49]],"type":"Polygon","properties":{"name":"Antequera","shapeGroup":"PRY","gid":"PRY-2-8"},"id":"PRY-2-8"},{"arcs":[[50,51,52,53]],"type":"Polygon","properties":{"name":"Aregua","shapeGroup":"PRY","gid":"PRY-2-9"},"id":"PRY-2-9"},{"arcs":[[54,55,56,57,58,59,60,61,62,63]],"type":"Polygon","properties":{"name":"Arroyos Y Esteros","shapeGroup":"PRY","gid":"PRY-2-10"},"id":"PRY-2-10"},{"arcs":[[64,65,66,67,68,69,70]],"type":"Polygon","properties":{"name":"Asuncion","shapeGroup":"PRY","gid":"PRY-2-11"},"id":"PRY-2-11"},{"arcs":[[-46,71,-59,72,73,74,75]],"type":"Polygon","properties":{"name":"Atyra","shapeGroup":"PRY","gid":"PRY-2-12"},"id":"PRY-2-12"},{"arcs":[[76,77,78,79,80]],"type":"Polygon","properties":{"name":"Ayolas","shapeGroup":"PRY","gid":"PRY-2-13"},"id":"PRY-2-13"},{"arcs":[[81,82,83,84]],"type":"Polygon","properties":{"name":"Azotey","shapeGroup":"PRY","gid":"PRY-2-14"},"id":"PRY-2-14"},{"arcs":[[85,86,87,88]],"type":"Polygon","properties":{"name":"Bahia Negra","shapeGroup":"PRY","gid":"PRY-2-15"},"id":"PRY-2-15"},{"arcs":[[89,90,91]],"type":"Polygon","properties":{"name":"Belen","shapeGroup":"PRY","gid":"PRY-2-16"},"id":"PRY-2-16"},{"arcs":[[[-40,92,93,94]],[[95,96,97,98,99]]],"type":"MultiPolygon","properties":{"name":"Bella Vista","shapeGroup":"PRY","gid":"PRY-2-17"},"id":"PRY-2-17"},{"arcs":[[100,101,102]],"type":"Polygon","properties":{"name":"Benjamin Aceval","shapeGroup":"PRY","gid":"PRY-2-18"},"id":"PRY-2-18"},{"arcs":[[103,104,105,106,107,108,109,110]],"type":"Polygon","properties":{"name":"Borja","shapeGroup":"PRY","gid":"PRY-2-19"},"id":"PRY-2-19"},{"arcs":[[-14,111,112]],"type":"Polygon","properties":{"name":"Buena Vista","shapeGroup":"PRY","gid":"PRY-2-20"},"id":"PRY-2-20"},{"arcs":[[-74,113,114,115,116,117]],"type":"Polygon","properties":{"name":"Caacupe","shapeGroup":"PRY","gid":"PRY-2-21"},"id":"PRY-2-21"},{"arcs":[[118,119,120,121,122,123,124]],"type":"Polygon","properties":{"name":"Caaguazu","shapeGroup":"PRY","gid":"PRY-2-22"},"id":"PRY-2-22"},{"arcs":[[125,126,127,128,129,130,131,132]],"type":"Polygon","properties":{"name":"Caapucu","shapeGroup":"PRY","gid":"PRY-2-23"},"id":"PRY-2-23"},{"arcs":[[-13,133,134,135,136,137,138,139,140,-112]],"type":"Polygon","properties":{"name":"Caazapa","shapeGroup":"PRY","gid":"PRY-2-24"},"id":"PRY-2-24"},{"arcs":[[141,142,143,144]],"type":"Polygon","properties":{"name":"Cambyreta","shapeGroup":"PRY","gid":"PRY-2-25"},"id":"PRY-2-25"},{"arcs":[[-52,145,146,147,148,149,150]],"type":"Polygon","properties":{"name":"Capiata","shapeGroup":"PRY","gid":"PRY-2-26"},"id":"PRY-2-26"},{"arcs":[[151,152,153,154,155,156]],"type":"Polygon","properties":{"name":"Capiibary","shapeGroup":"PRY","gid":"PRY-2-27"},"id":"PRY-2-27"},{"arcs":[[157,158,159,160,161,162,163,164]],"type":"Polygon","properties":{"name":"Capitan Bado","shapeGroup":"PRY","gid":"PRY-2-28"},"id":"PRY-2-28"},{"arcs":[[165,166,167,168,169]],"type":"Polygon","properties":{"name":"Capitan Meza","shapeGroup":"PRY","gid":"PRY-2-29"},"id":"PRY-2-29"},{"arcs":[[-145,170,171,172,173,174,175]],"type":"Polygon","properties":{"name":"Capitan Miranda","shapeGroup":"PRY","gid":"PRY-2-30"},"id":"PRY-2-30"},{"arcs":[[176,177,178,179,180,181]],"type":"Polygon","properties":{"name":"Caraguatay","shapeGroup":"PRY","gid":"PRY-2-31"},"id":"PRY-2-31"},{"arcs":[[-31,182,183,184,185,186]],"type":"Polygon","properties":{"name":"Carapegua","shapeGroup":"PRY","gid":"PRY-2-32"},"id":"PRY-2-32"},{"arcs":[[-124,187,188,189,190,191,192,193]],"type":"Polygon","properties":{"name":"Carayao","shapeGroup":"PRY","gid":"PRY-2-33"},"id":"PRY-2-33"},{"arcs":[[194,195,196,197,198]],"type":"Polygon","properties":{"name":"Carlos Antonio Lopez","shapeGroup":"PRY","gid":"PRY-2-34"},"id":"PRY-2-34"},{"arcs":[[199,200]],"type":"Polygon","properties":{"name":"Carmelo Peralta","shapeGroup":"PRY","gid":"PRY-2-35"},"id":"PRY-2-35"},{"arcs":[[201,202,203,204,205,206]],"type":"Polygon","properties":{"name":"Carmen Del Parana","shapeGroup":"PRY","gid":"PRY-2-36"},"id":"PRY-2-36"},{"arcs":[[-193,207,208]],"type":"Polygon","properties":{"name":"Cecilio Baez","shapeGroup":"PRY","gid":"PRY-2-37"},"id":"PRY-2-37"},{"arcs":[[-79,209,210,211,212]],"type":"Polygon","properties":{"name":"Cerrito","shapeGroup":"PRY","gid":"PRY-2-38"},"id":"PRY-2-38"},{"arcs":[[213,214,215,216,217,218]],"type":"Polygon","properties":{"name":"Chore","shapeGroup":"PRY","gid":"PRY-2-39"},"id":"PRY-2-39"},{"arcs":[[219,220,221,222,223]],"type":"Polygon","properties":{"name":"Ciudad Del Este","shapeGroup":"PRY","gid":"PRY-2-40"},"id":"PRY-2-40"},{"arcs":[[224,225,226,227,228,229,230]],"type":"Polygon","properties":{"name":"Colonia Independencia","shapeGroup":"PRY","gid":"PRY-2-41"},"id":"PRY-2-41"},{"arcs":[[-91,231,232,233,234,235,236,237,-98,238,239,240,241]],"type":"Polygon","properties":{"name":"Concepcion","shapeGroup":"PRY","gid":"PRY-2-42"},"id":"PRY-2-42"},{"arcs":[[-206,242,243,244,245]],"type":"Polygon","properties":{"name":"Coronel Bogado","shapeGroup":"PRY","gid":"PRY-2-43"},"id":"PRY-2-43"},{"arcs":[[246,247,248,249]],"type":"Polygon","properties":{"name":"Coronel Martinez","shapeGroup":"PRY","gid":"PRY-2-44"},"id":"PRY-2-44"},{"arcs":[[-122,250,251,252,253,-250,254,255,256,257,-189,258]],"type":"Polygon","properties":{"name":"Coronel Oviedo","shapeGroup":"PRY","gid":"PRY-2-45"},"id":"PRY-2-45"},{"arcs":[[259,260,261,262,263]],"type":"Polygon","properties":{"name":"Corpus Christi","shapeGroup":"PRY","gid":"PRY-2-46"},"id":"PRY-2-46"},{"arcs":[[264,265,266,267,268,269,270,271,272,273]],"type":"Polygon","properties":{"name":"Curuguaty","shapeGroup":"PRY","gid":"PRY-2-47"},"id":"PRY-2-47"},{"arcs":[[274,275,276,277,278,279]],"type":"Polygon","properties":{"name":"Desmochados","shapeGroup":"PRY","gid":"PRY-2-48"},"id":"PRY-2-48"},{"arcs":[[280,281,282,283]],"type":"Polygon","properties":{"name":"Domingo Martinez De Irala","shapeGroup":"PRY","gid":"PRY-2-49"},"id":"PRY-2-49"},{"arcs":[[-252,284,285,286,287]],"type":"Polygon","properties":{"name":"Dr. Bottrell","shapeGroup":"PRY","gid":"PRY-2-50"},"id":"PRY-2-50"},{"arcs":[[288,289,290,291]],"type":"Polygon","properties":{"name":"Dr. Juan Leon Mallorquin","shapeGroup":"PRY","gid":"PRY-2-51"},"id":"PRY-2-51"},{"arcs":[[-7,292,293,294,-119,295]],"type":"Polygon","properties":{"name":"Dr. Juan Manuel Frutos","shapeGroup":"PRY","gid":"PRY-2-52"},"id":"PRY-2-52"},{"arcs":[[-198,296,297,298,299]],"type":"Polygon","properties":{"name":"Dr. Raul Peña","shapeGroup":"PRY","gid":"PRY-2-53"},"id":"PRY-2-53"},{"arcs":[[-166,300,301,302,303]],"type":"Polygon","properties":{"name":"Edelira","shapeGroup":"PRY","gid":"PRY-2-54"},"id":"PRY-2-54"},{"arcs":[[-62,304,305,306,307,308]],"type":"Polygon","properties":{"name":"Emboscada","shapeGroup":"PRY","gid":"PRY-2-55"},"id":"PRY-2-55"},{"arcs":[[-144,309,310,-203,311,-171]],"type":"Polygon","properties":{"name":"Encarnacion","shapeGroup":"PRY","gid":"PRY-2-56"},"id":"PRY-2-56"},{"arcs":[[312,313,314,315]],"type":"Polygon","properties":{"name":"Escobar","shapeGroup":"PRY","gid":"PRY-2-57"},"id":"PRY-2-57"},{"arcs":[[-115,316,317,318,319]],"type":"Polygon","properties":{"name":"Eusebio Ayala","shapeGroup":"PRY","gid":"PRY-2-58"},"id":"PRY-2-58"},{"arcs":[[-247,-254,320,321,322]],"type":"Polygon","properties":{"name":"Felix Perez Cardozo","shapeGroup":"PRY","gid":"PRY-2-59"},"id":"PRY-2-59"},{"arcs":[[-66,323,324,325]],"type":"Polygon","properties":{"name":"Fernando De La Mora","shapeGroup":"PRY","gid":"PRY-2-60"},"id":"PRY-2-60"},{"arcs":[[-87,326,327,328,329]],"type":"Polygon","properties":{"name":"Filadelfia","shapeGroup":"PRY","gid":"PRY-2-61"},"id":"PRY-2-61"},{"arcs":[[-172,-312,-202,330,331,332]],"type":"Polygon","properties":{"name":"Fram","shapeGroup":"PRY","gid":"PRY-2-62"},"id":"PRY-2-62"},{"arcs":[[-260,333,334,335,336,337,338]],"type":"Polygon","properties":{"name":"Francisco Caballero Alvarez","shapeGroup":"PRY","gid":"PRY-2-63"},"id":"PRY-2-63"},{"arcs":[[-86,339,340,-327]],"type":"Polygon","properties":{"name":"Fuerte Olimpo","shapeGroup":"PRY","gid":"PRY-2-64"},"id":"PRY-2-64"},{"arcs":[[-135,341,342,343,344,345,346]],"type":"Polygon","properties":{"name":"Fulgencio Yegros","shapeGroup":"PRY","gid":"PRY-2-65"},"id":"PRY-2-65"},{"arcs":[[-207,-246,347,348,349,350,351,352,-331]],"type":"Polygon","properties":{"name":"General Artigas","shapeGroup":"PRY","gid":"PRY-2-66"},"id":"PRY-2-66"},{"arcs":[[-26,353,354,355]],"type":"Polygon","properties":{"name":"General Bernardino Caballero","shapeGroup":"PRY","gid":"PRY-2-67"},"id":"PRY-2-67"},{"arcs":[[-245,356,357,-348]],"type":"Polygon","properties":{"name":"General Delgado","shapeGroup":"PRY","gid":"PRY-2-68"},"id":"PRY-2-68"},{"arcs":[[-278,358,359,360,361,362]],"type":"Polygon","properties":{"name":"General Diaz","shapeGroup":"PRY","gid":"PRY-2-69"},"id":"PRY-2-69"},{"arcs":[[-217,363,364,365]],"type":"Polygon","properties":{"name":"General Elizardo Aquino","shapeGroup":"PRY","gid":"PRY-2-70"},"id":"PRY-2-70"},{"arcs":[[-139,366,367,-227,368,369]],"type":"Polygon","properties":{"name":"General Eugenio A. Garay","shapeGroup":"PRY","gid":"PRY-2-71"},"id":"PRY-2-71"},{"arcs":[[-19,370,-140,-370,371]],"type":"Polygon","properties":{"name":"General Higinio Morinigo","shapeGroup":"PRY","gid":"PRY-2-72"},"id":"PRY-2-72"},{"arcs":[[-102,372,373,374,375]],"type":"Polygon","properties":{"name":"General Jose Maria Bruguez","shapeGroup":"PRY","gid":"PRY-2-73"},"id":"PRY-2-73"},{"arcs":[[-160,376,377,-274,378,379,380]],"type":"Polygon","properties":{"name":"General Resquin","shapeGroup":"PRY","gid":"PRY-2-74"},"id":"PRY-2-74"},{"arcs":[[-215,381,-272,382,383]],"type":"Polygon","properties":{"name":"Guajayvi","shapeGroup":"PRY","gid":"PRY-2-75"},"id":"PRY-2-75"},{"arcs":[[384,385,386,387]],"type":"Polygon","properties":{"name":"Guarambare","shapeGroup":"PRY","gid":"PRY-2-76"},"id":"PRY-2-76"},{"arcs":[[388,389,390,391]],"type":"Polygon","properties":{"name":"Guazu Cua","shapeGroup":"PRY","gid":"PRY-2-77"},"id":"PRY-2-77"},{"arcs":[[-224,392,393,394,395,396,397,398]],"type":"Polygon","properties":{"name":"Hernandarias","shapeGroup":"PRY","gid":"PRY-2-78"},"id":"PRY-2-78"},{"arcs":[[399,400,401,402,403,404,405]],"type":"Polygon","properties":{"name":"Hohenau","shapeGroup":"PRY","gid":"PRY-2-79"},"id":"PRY-2-79"},{"arcs":[[-84,406,407,-92,-242,408,-240,409]],"type":"Polygon","properties":{"name":"Horqueta","shapeGroup":"PRY","gid":"PRY-2-80"},"id":"PRY-2-80"},{"arcs":[[-362,410,411,412]],"type":"Polygon","properties":{"name":"Humaita","shapeGroup":"PRY","gid":"PRY-2-81"},"id":"PRY-2-81"},{"arcs":[[-199,-300,413,414,415,416]],"type":"Polygon","properties":{"name":"Iruña","shapeGroup":"PRY","gid":"PRY-2-82"},"id":"PRY-2-82"},{"arcs":[[-181,417,418,-318,419,420]],"type":"Polygon","properties":{"name":"Isla Pucu","shapeGroup":"PRY","gid":"PRY-2-83"},"id":"PRY-2-83"},{"arcs":[[-279,-363,-413,421,422]],"type":"Polygon","properties":{"name":"Isla Umbu","shapeGroup":"PRY","gid":"PRY-2-84"},"id":"PRY-2-84"},{"arcs":[[-185,423,424,-385,425,426,427,428]],"type":"Polygon","properties":{"name":"Ita","shapeGroup":"PRY","gid":"PRY-2-85"},"id":"PRY-2-85"},{"arcs":[[-319,-419,429,430,431,432]],"type":"Polygon","properties":{"name":"Itacurubi De La Cordillera","shapeGroup":"PRY","gid":"PRY-2-86"},"id":"PRY-2-86"},{"arcs":[[-4,433,-365,434]],"type":"Polygon","properties":{"name":"Itacurubi Del Rosario","shapeGroup":"PRY","gid":"PRY-2-87"},"id":"PRY-2-87"},{"arcs":[[-396,435,436,437,438,439,440,441,442]],"type":"Polygon","properties":{"name":"Itakyry","shapeGroup":"PRY","gid":"PRY-2-88"},"id":"PRY-2-88"},{"arcs":[[-159,443,444,-377]],"type":"Polygon","properties":{"name":"Itanara","shapeGroup":"PRY","gid":"PRY-2-89"},"id":"PRY-2-89"},{"arcs":[[-111,445,446,-248,-323,447]],"type":"Polygon","properties":{"name":"Itape","shapeGroup":"PRY","gid":"PRY-2-90"},"id":"PRY-2-90"},{"arcs":[[-38,448,-301,-170,449]],"type":"Polygon","properties":{"name":"Itapua Poty","shapeGroup":"PRY","gid":"PRY-2-91"},"id":"PRY-2-91"},{"arcs":[[-51,450,451,452,-427,453,-146]],"type":"Polygon","properties":{"name":"Itaugua","shapeGroup":"PRY","gid":"PRY-2-92"},"id":"PRY-2-92"},{"arcs":[[-106,454,455,-367,-138,456]],"type":"Polygon","properties":{"name":"Iturbe","shapeGroup":"PRY","gid":"PRY-2-93"},"id":"PRY-2-93"},{"arcs":[[-147,-454,-426,-388,457]],"type":"Polygon","properties":{"name":"J Augusto Saldivar","shapeGroup":"PRY","gid":"PRY-2-94"},"id":"PRY-2-94"},{"arcs":[[-23,458,-294,459,460,461]],"type":"Polygon","properties":{"name":"J Eulogio Estigarribia","shapeGroup":"PRY","gid":"PRY-2-95"},"id":"PRY-2-95"},{"arcs":[[-174,462,-404,463]],"type":"Polygon","properties":{"name":"Jesus","shapeGroup":"PRY","gid":"PRY-2-96"},"id":"PRY-2-96"},{"arcs":[[-24,-462,464,465]],"type":"Polygon","properties":{"name":"Jose Domingo Ocampos","shapeGroup":"PRY","gid":"PRY-2-97"},"id":"PRY-2-97"},{"arcs":[[-101,466,467,468,-373]],"type":"Polygon","properties":{"name":"Jose Falcon","shapeGroup":"PRY","gid":"PRY-2-98"},"id":"PRY-2-98"},{"arcs":[[-20,-372,-369,-226,469]],"type":"Polygon","properties":{"name":"Jose Fassardi","shapeGroup":"PRY","gid":"PRY-2-99"},"id":"PRY-2-99"},{"arcs":[[-2,470,471,-191,472,-177,473,-55,474]],"type":"Polygon","properties":{"name":"Juan De Mena","shapeGroup":"PRY","gid":"PRY-2-100"},"id":"PRY-2-100"},{"arcs":[[-15,-466,475,476,-291,477]],"type":"Polygon","properties":{"name":"Juan E. O´Leary","shapeGroup":"PRY","gid":"PRY-2-101"},"id":"PRY-2-101"},{"arcs":[[-261,-339,478,479]],"type":"Polygon","properties":{"name":"Katuete","shapeGroup":"PRY","gid":"PRY-2-102"},"id":"PRY-2-102"},{"arcs":[[480,481,482]],"type":"Polygon","properties":{"name":"La Colmena","shapeGroup":"PRY","gid":"PRY-2-103"},"id":"PRY-2-103"},{"arcs":[[-336,483]],"type":"Polygon","properties":{"name":"La Paloma","shapeGroup":"PRY","gid":"PRY-2-104"},"id":"PRY-2-104"},{"arcs":[[-178,-473,-190,-258,484,485]],"type":"Polygon","properties":{"name":"La Pastora","shapeGroup":"PRY","gid":"PRY-2-105"},"id":"PRY-2-105"},{"arcs":[[-173,-333,486,-405,-463]],"type":"Polygon","properties":{"name":"La Paz","shapeGroup":"PRY","gid":"PRY-2-106"},"id":"PRY-2-106"},{"arcs":[[-68,487,488]],"type":"Polygon","properties":{"name":"Lambare","shapeGroup":"PRY","gid":"PRY-2-107"},"id":"PRY-2-107"},{"arcs":[[-352,489,490]],"type":"Polygon","properties":{"name":"Leandro Oviedo","shapeGroup":"PRY","gid":"PRY-2-108"},"id":"PRY-2-108"},{"arcs":[[-214,491,-379,-273,-382]],"type":"Polygon","properties":{"name":"Liberacion","shapeGroup":"PRY","gid":"PRY-2-109"},"id":"PRY-2-109"},{"arcs":[[-219,492,493,494,495,-380,-492]],"type":"Polygon","properties":{"name":"Lima","shapeGroup":"PRY","gid":"PRY-2-110"},"id":"PRY-2-110"},{"arcs":[[-308,496,497,498]],"type":"Polygon","properties":{"name":"Limpio","shapeGroup":"PRY","gid":"PRY-2-111"},"id":"PRY-2-111"},{"arcs":[[-45,499,-60,-72]],"type":"Polygon","properties":{"name":"Loma Grande","shapeGroup":"PRY","gid":"PRY-2-112"},"id":"PRY-2-112"},{"arcs":[[-329,500,501,502]],"type":"Polygon","properties":{"name":"Loma Plata","shapeGroup":"PRY","gid":"PRY-2-113"},"id":"PRY-2-113"},{"arcs":[[-241,-409]],"type":"Polygon","properties":{"name":"Loreto","shapeGroup":"PRY","gid":"PRY-2-114"},"id":"PRY-2-114"},{"arcs":[[-222,503,504,-284,505,506]],"type":"Polygon","properties":{"name":"Los Cedrales","shapeGroup":"PRY","gid":"PRY-2-115"},"id":"PRY-2-115"},{"arcs":[[-212,507,-275,508,-389,509,510]],"type":"Polygon","properties":{"name":"Los Laureles","shapeGroup":"PRY","gid":"PRY-2-116"},"id":"PRY-2-116"},{"arcs":[[-53,-151,511,-324,-65,512,-497,-307,513]],"type":"Polygon","properties":{"name":"Luque","shapeGroup":"PRY","gid":"PRY-2-117"},"id":"PRY-2-117"},{"arcs":[[-107,-457,-137,514,515]],"type":"Polygon","properties":{"name":"Maciel","shapeGroup":"PRY","gid":"PRY-2-118"},"id":"PRY-2-118"},{"arcs":[[-71,516,-498,-513]],"type":"Polygon","properties":{"name":"Mariano Roque Alonso","shapeGroup":"PRY","gid":"PRY-2-119"},"id":"PRY-2-119"},{"arcs":[[-88,-330,-503,517,518,519]],"type":"Polygon","properties":{"name":"Mariscal Estigarribia","shapeGroup":"PRY","gid":"PRY-2-120"},"id":"PRY-2-120"},{"arcs":[[-121,520,521,-231,522,-285,-251]],"type":"Polygon","properties":{"name":"Mauricio Jose Troche","shapeGroup":"PRY","gid":"PRY-2-121"},"id":"PRY-2-121"},{"arcs":[[-277,523,524,-359]],"type":"Polygon","properties":{"name":"Mayor Martinez","shapeGroup":"PRY","gid":"PRY-2-122"},"id":"PRY-2-122"},{"arcs":[[-195,-417,525,526]],"type":"Polygon","properties":{"name":"Mayor Otaño","shapeGroup":"PRY","gid":"PRY-2-123"},"id":"PRY-2-123"},{"arcs":[[-397,-443,527,528,529]],"type":"Polygon","properties":{"name":"Mbaracayu","shapeGroup":"PRY","gid":"PRY-2-124"},"id":"PRY-2-124"},{"arcs":[[-229,530,531,-287,532]],"type":"Polygon","properties":{"name":"Mbocayaty","shapeGroup":"PRY","gid":"PRY-2-125"},"id":"PRY-2-125"},{"arcs":[[-179,-486,533,534,535]],"type":"Polygon","properties":{"name":"Mbocayaty Del Yhaguy","shapeGroup":"PRY","gid":"PRY-2-126"},"id":"PRY-2-126"},{"arcs":[[-108,-516,536,-346,537,538,539,540]],"type":"Polygon","properties":{"name":"Mbuyapey","shapeGroup":"PRY","gid":"PRY-2-127"},"id":"PRY-2-127"},{"arcs":[[-395,541,542,543,544,-436]],"type":"Polygon","properties":{"name":"Mcal. Francisco Solano Lopez","shapeGroup":"PRY","gid":"PRY-2-128"},"id":"PRY-2-128"},{"arcs":[[-223,-507,545,546,547,-393]],"type":"Polygon","properties":{"name":"Minga Guazu","shapeGroup":"PRY","gid":"PRY-2-129"},"id":"PRY-2-129"},{"arcs":[[-441,548,549]],"type":"Polygon","properties":{"name":"Minga Pora","shapeGroup":"PRY","gid":"PRY-2-130"},"id":"PRY-2-130"},{"arcs":[[-136,-347,-537,-515]],"type":"Polygon","properties":{"name":"Moises Bertoni","shapeGroup":"PRY","gid":"PRY-2-131"},"id":"PRY-2-131"},{"arcs":[[-282,550,-526,-416,551]],"type":"Polygon","properties":{"name":"Ñacunday","shapeGroup":"PRY","gid":"PRY-2-132"},"id":"PRY-2-132"},{"arcs":[[-468,552,553]],"type":"Polygon","properties":{"name":"Nanawa","shapeGroup":"PRY","gid":"PRY-2-133"},"id":"PRY-2-133"},{"arcs":[[-299,554,555,556,557,-414]],"type":"Polygon","properties":{"name":"Naranjal","shapeGroup":"PRY","gid":"PRY-2-134"},"id":"PRY-2-134"},{"arcs":[[-230,-533,-286,-523]],"type":"Polygon","properties":{"name":"Natalicio Talavera","shapeGroup":"PRY","gid":"PRY-2-135"},"id":"PRY-2-135"},{"arcs":[[-167,-304,558,559,560]],"type":"Polygon","properties":{"name":"Natalio","shapeGroup":"PRY","gid":"PRY-2-136"},"id":"PRY-2-136"},{"arcs":[[-149,561,562,563,564]],"type":"Polygon","properties":{"name":"Ñemby","shapeGroup":"PRY","gid":"PRY-2-137"},"id":"PRY-2-137"},{"arcs":[[-142,-176,565,-402,566]],"type":"Polygon","properties":{"name":"Nueva Alborada","shapeGroup":"PRY","gid":"PRY-2-138"},"id":"PRY-2-138"},{"arcs":[[-44,567,-305,-61,-500]],"type":"Polygon","properties":{"name":"Nueva Colombia","shapeGroup":"PRY","gid":"PRY-2-139"},"id":"PRY-2-139"},{"arcs":[[-338,568,569,570,-549,-440,571,-479]],"type":"Polygon","properties":{"name":"Nueva Esperanza","shapeGroup":"PRY","gid":"PRY-2-140"},"id":"PRY-2-140"},{"arcs":[[-162,572,-495,573,574]],"type":"Polygon","properties":{"name":"Nueva Germania","shapeGroup":"PRY","gid":"PRY-2-141"},"id":"PRY-2-141"},{"arcs":[[-184,575,576,577,578,-424]],"type":"Polygon","properties":{"name":"Nueva Italia","shapeGroup":"PRY","gid":"PRY-2-142"},"id":"PRY-2-142"},{"arcs":[[-257,579,-534,-485]],"type":"Polygon","properties":{"name":"Nueva Londres","shapeGroup":"PRY","gid":"PRY-2-143"},"id":"PRY-2-143"},{"arcs":[[-437,-545,580,581]],"type":"Polygon","properties":{"name":"Nueva Toledo","shapeGroup":"PRY","gid":"PRY-2-144"},"id":"PRY-2-144"},{"arcs":[[-368,-456,582,583]],"type":"Polygon","properties":{"name":"Ñumi","shapeGroup":"PRY","gid":"PRY-2-145"},"id":"PRY-2-145"},{"arcs":[[-41,-95,584,-400,585]],"type":"Polygon","properties":{"name":"Obligado","shapeGroup":"PRY","gid":"PRY-2-146"},"id":"PRY-2-146"},{"arcs":[[-32,-187,586,587,588,-314,589]],"type":"Polygon","properties":{"name":"Paraguari","shapeGroup":"PRY","gid":"PRY-2-147"},"id":"PRY-2-147"},{"arcs":[[-361,590,-411]],"type":"Polygon","properties":{"name":"Paso De Patria","shapeGroup":"PRY","gid":"PRY-2-148"},"id":"PRY-2-148"},{"arcs":[[-21,-470,-225,-522,591]],"type":"Polygon","properties":{"name":"Paso Yobai","shapeGroup":"PRY","gid":"PRY-2-149"},"id":"PRY-2-149"},{"arcs":[[-82,592,-96,593,594,-164,595]],"type":"Polygon","properties":{"name":"Pedro Juan Caballero","shapeGroup":"PRY","gid":"PRY-2-150"},"id":"PRY-2-150"},{"arcs":[[-280,-423,596,-390,-509]],"type":"Polygon","properties":{"name":"Pilar","shapeGroup":"PRY","gid":"PRY-2-151"},"id":"PRY-2-151"},{"arcs":[[-39,-450,-169,597,-93]],"type":"Polygon","properties":{"name":"Pirapo","shapeGroup":"PRY","gid":"PRY-2-152"},"id":"PRY-2-152"},{"arcs":[[-117,598,-588,599,-428,-453,600]],"type":"Polygon","properties":{"name":"Pirayu","shapeGroup":"PRY","gid":"PRY-2-153"},"id":"PRY-2-153"},{"arcs":[[-116,-320,-433,601,-315,-589,-599]],"type":"Polygon","properties":{"name":"Piribebuy","shapeGroup":"PRY","gid":"PRY-2-154"},"id":"PRY-2-154"},{"arcs":[[-221,602,-504]],"type":"Polygon","properties":{"name":"Presidente Franco","shapeGroup":"PRY","gid":"PRY-2-155"},"id":"PRY-2-155"},{"arcs":[[-57,603,604]],"type":"Polygon","properties":{"name":"Primero De Marzo","shapeGroup":"PRY","gid":"PRY-2-156"},"id":"PRY-2-156"},{"arcs":[[-200,605,606,-235,607,608,-501,-328,-341,609]],"type":"Polygon","properties":{"name":"Puerto Casado","shapeGroup":"PRY","gid":"PRY-2-157"},"id":"PRY-2-157"},{"arcs":[[-234,610,611,-608]],"type":"Polygon","properties":{"name":"Puerto Pinasco","shapeGroup":"PRY","gid":"PRY-2-158"},"id":"PRY-2-158"},{"arcs":[[-29,612,-133,613,-577,614]],"type":"Polygon","properties":{"name":"Quiindy","shapeGroup":"PRY","gid":"PRY-2-159"},"id":"PRY-2-159"},{"arcs":[[-127,615,-540,616]],"type":"Polygon","properties":{"name":"Quyquyho","shapeGroup":"PRY","gid":"PRY-2-160"},"id":"PRY-2-160"},{"arcs":[[-123,-259,-188]],"type":"Polygon","properties":{"name":"R.I. 3 Corrales","shapeGroup":"PRY","gid":"PRY-2-161"},"id":"PRY-2-161"},{"arcs":[[-6,617,618,-581,-544,619,-460,-293]],"type":"Polygon","properties":{"name":"Raul Arsenio Oviedo","shapeGroup":"PRY","gid":"PRY-2-162"},"id":"PRY-2-162"},{"arcs":[[-22,-592,-521,-120,-295,-459]],"type":"Polygon","properties":{"name":"Repatriacion","shapeGroup":"PRY","gid":"PRY-2-163"},"id":"PRY-2-163"},{"arcs":[[-335,620,-569,-337,-484]],"type":"Polygon","properties":{"name":"Saltos Del Guaira","shapeGroup":"PRY","gid":"PRY-2-164"},"id":"PRY-2-164"},{"arcs":[[-442,-550,-571,621,-528]],"type":"Polygon","properties":{"name":"San Alberto","shapeGroup":"PRY","gid":"PRY-2-165"},"id":"PRY-2-165"},{"arcs":[[-563,622,623,624]],"type":"Polygon","properties":{"name":"San Antonio","shapeGroup":"PRY","gid":"PRY-2-166"},"id":"PRY-2-166"},{"arcs":[[-43,-76,625,-451,-54,-514,-306,-568]],"type":"Polygon","properties":{"name":"San Bernardino","shapeGroup":"PRY","gid":"PRY-2-167"},"id":"PRY-2-167"},{"arcs":[[-237,626,627,628]],"type":"Polygon","properties":{"name":"San Carlos","shapeGroup":"PRY","gid":"PRY-2-168"},"id":"PRY-2-168"},{"arcs":[[-77,629,-357,-244,630]],"type":"Polygon","properties":{"name":"San Cosme Y Damian","shapeGroup":"PRY","gid":"PRY-2-169"},"id":"PRY-2-169"},{"arcs":[[-16,-478,-290,631,632,-556,633]],"type":"Polygon","properties":{"name":"San Cristobal","shapeGroup":"PRY","gid":"PRY-2-170"},"id":"PRY-2-170"},{"arcs":[[-5,-435,-364,-216,-384,634,-156,635,636,637]],"type":"Polygon","properties":{"name":"San Estanislao","shapeGroup":"PRY","gid":"PRY-2-171"},"id":"PRY-2-171"},{"arcs":[[638,639,640,641,642]],"type":"Polygon","properties":{"name":"San Ignacio","shapeGroup":"PRY","gid":"PRY-2-172"},"id":"PRY-2-172"},{"arcs":[[-125,-194,-209,643,644,-154,645]],"type":"Polygon","properties":{"name":"San Joaquin","shapeGroup":"PRY","gid":"PRY-2-173"},"id":"PRY-2-173"},{"arcs":[[-256,646,647,648,-431,649,-535,-580]],"type":"Polygon","properties":{"name":"San Jose De Los Arroyos","shapeGroup":"PRY","gid":"PRY-2-174"},"id":"PRY-2-174"},{"arcs":[[-56,-474,-182,-421,650,-604]],"type":"Polygon","properties":{"name":"San Jose Obrero","shapeGroup":"PRY","gid":"PRY-2-175"},"id":"PRY-2-175"},{"arcs":[[-129,651,652,-642,653,654]],"type":"Polygon","properties":{"name":"San Juan Bautista","shapeGroup":"PRY","gid":"PRY-2-176"},"id":"PRY-2-176"},{"arcs":[[-130,-655,655,656]],"type":"Polygon","properties":{"name":"San Juan Bautista De Ñeembucu","shapeGroup":"PRY","gid":"PRY-2-177"},"id":"PRY-2-177"},{"arcs":[[657,658]],"type":"Polygon","properties":{"name":"San Juan De Parana","shapeGroup":"PRY","gid":"PRY-2-178"},"id":"PRY-2-178"},{"arcs":[[-204,-311,659],[-659,660]],"type":"Polygon","properties":{"name":"San Juan Del Parana","shapeGroup":"PRY","gid":"PRY-2-179"},"id":"PRY-2-179"},{"arcs":[[-658,-661]],"type":"Polygon","properties":{"name":"San Juan Delparana","shapeGroup":"PRY","gid":"PRY-2-180"},"id":"PRY-2-180"},{"arcs":[[-9,-113,-141,-371,-18,661,-36]],"type":"Polygon","properties":{"name":"San Juan Nepomuceno","shapeGroup":"PRY","gid":"PRY-2-181"},"id":"PRY-2-181"},{"arcs":[[-236,-607,662,-627]],"type":"Polygon","properties":{"name":"San Lazaro","shapeGroup":"PRY","gid":"PRY-2-182"},"id":"PRY-2-182"},{"arcs":[[-150,-565,663,-325,-512]],"type":"Polygon","properties":{"name":"San Lorenzo","shapeGroup":"PRY","gid":"PRY-2-183"},"id":"PRY-2-183"},{"arcs":[[-345,664,-653,665,-538]],"type":"Polygon","properties":{"name":"San Miguel","shapeGroup":"PRY","gid":"PRY-2-184"},"id":"PRY-2-184"},{"arcs":[[-47,666,-493,-218,667]],"type":"Polygon","properties":{"name":"San Pablo","shapeGroup":"PRY","gid":"PRY-2-185"},"id":"PRY-2-185"},{"arcs":[[668,669]],"type":"Polygon","properties":{"name":"San Patricio","shapeGroup":"PRY","gid":"PRY-2-186"},"id":"PRY-2-186"},{"arcs":[[-11,-42,-586,-406,-487,-332,-353,-491,670]],"type":"Polygon","properties":{"name":"San Pedro Del Parana","shapeGroup":"PRY","gid":"PRY-2-187"},"id":"PRY-2-187"},{"arcs":[[-50,671,-232,-90,-408,672,-574,-494,-667]],"type":"Polygon","properties":{"name":"San Pedro Del Ykuamandiyu","shapeGroup":"PRY","gid":"PRY-2-188"},"id":"PRY-2-188"},{"arcs":[[-197,673,674,675,676,-297]],"type":"Polygon","properties":{"name":"San Rafael Del Parana","shapeGroup":"PRY","gid":"PRY-2-189"},"id":"PRY-2-189"},{"arcs":[[-30,-615,-576,-183]],"type":"Polygon","properties":{"name":"San Roque Gonzalez","shapeGroup":"PRY","gid":"PRY-2-190"},"id":"PRY-2-190"},{"arcs":[[-105,677,-583,-455]],"type":"Polygon","properties":{"name":"San Salvador","shapeGroup":"PRY","gid":"PRY-2-191"},"id":"PRY-2-191"},{"arcs":[[-180,-536,-650,-430,-418]],"type":"Polygon","properties":{"name":"Santa Elena","shapeGroup":"PRY","gid":"PRY-2-192"},"id":"PRY-2-192"},{"arcs":[[-398,-530,678]],"type":"Polygon","properties":{"name":"Santa Fe Del Parana","shapeGroup":"PRY","gid":"PRY-2-193"},"id":"PRY-2-193"},{"arcs":[[-344,679,-643,-665]],"type":"Polygon","properties":{"name":"Santa Maria","shapeGroup":"PRY","gid":"PRY-2-194"},"id":"PRY-2-194"},{"arcs":[[-557,-633,680,681]],"type":"Polygon","properties":{"name":"Santa Rita","shapeGroup":"PRY","gid":"PRY-2-195"},"id":"PRY-2-195"},{"arcs":[[-343,682,-350,683,-670,684,-639,-680]],"type":"Polygon","properties":{"name":"Santa Rosa","shapeGroup":"PRY","gid":"PRY-2-196"},"id":"PRY-2-196"},{"arcs":[[-161,-381,-496,-573]],"type":"Polygon","properties":{"name":"Santa Rosa Del Aguaray","shapeGroup":"PRY","gid":"PRY-2-197"},"id":"PRY-2-197"},{"arcs":[[-155,-645,685,686,687,-636]],"type":"Polygon","properties":{"name":"Santa Rosa Del Mbutuy","shapeGroup":"PRY","gid":"PRY-2-198"},"id":"PRY-2-198"},{"arcs":[[-283,-552,-415,-558,-682,688,-546,-506]],"type":"Polygon","properties":{"name":"Santa Rosa Del Monday","shapeGroup":"PRY","gid":"PRY-2-199"},"id":"PRY-2-199"},{"arcs":[[-81,689,-685,-669,-684,-349,-358,-630]],"type":"Polygon","properties":{"name":"Santiago","shapeGroup":"PRY","gid":"PRY-2-200"},"id":"PRY-2-200"},{"arcs":[[-25,-590,-313,690,-354]],"type":"Polygon","properties":{"name":"Sapucai","shapeGroup":"PRY","gid":"PRY-2-201"},"id":"PRY-2-201"},{"arcs":[[-99,-238,-629,691]],"type":"Polygon","properties":{"name":"Sgto. Jose Felix Lopez","shapeGroup":"PRY","gid":"PRY-2-202"},"id":"PRY-2-202"},{"arcs":[[-192,-472,692,-686,-644,-208]],"type":"Polygon","properties":{"name":"Simon Bolivar","shapeGroup":"PRY","gid":"PRY-2-203"},"id":"PRY-2-203"},{"arcs":[[-392,693,694,-656,-654,-641,695,-510]],"type":"Polygon","properties":{"name":"Tacuaras","shapeGroup":"PRY","gid":"PRY-2-204"},"id":"PRY-2-204"},{"arcs":[[-83,-596,-163,-575,-673,-407]],"type":"Polygon","properties":{"name":"Tacuati","shapeGroup":"PRY","gid":"PRY-2-205"},"id":"PRY-2-205"},{"arcs":[[-17,-634,-555,-298,-677,696,-302,-449,-37,-662]],"type":"Polygon","properties":{"name":"Tavai","shapeGroup":"PRY","gid":"PRY-2-206"},"id":"PRY-2-206"},{"arcs":[[-289,697,-547,-689,-681,-632]],"type":"Polygon","properties":{"name":"Tavapy","shapeGroup":"PRY","gid":"PRY-2-207"},"id":"PRY-2-207"},{"arcs":[[-249,-447,698,699,-647,-255]],"type":"Polygon","properties":{"name":"Tebicuary","shapeGroup":"PRY","gid":"PRY-2-208"},"id":"PRY-2-208"},{"arcs":[[-110,700,-481,701,-699,-446]],"type":"Polygon","properties":{"name":"Tebicuary-Mi","shapeGroup":"PRY","gid":"PRY-2-209"},"id":"PRY-2-209"},{"arcs":[[-461,-620,-543,702,-476,-465]],"type":"Polygon","properties":{"name":"Tembiapora","shapeGroup":"PRY","gid":"PRY-2-210"},"id":"PRY-2-210"},{"arcs":[[-58,-605,-651,-420,-317,-114,-73]],"type":"Polygon","properties":{"name":"Tobati","shapeGroup":"PRY","gid":"PRY-2-211"},"id":"PRY-2-211"},{"arcs":[[-303,-697,-676,703,-559]],"type":"Polygon","properties":{"name":"Tomas Romero Pereira","shapeGroup":"PRY","gid":"PRY-2-212"},"id":"PRY-2-212"},{"arcs":[[-175,-464,-403,-566]],"type":"Polygon","properties":{"name":"Trinidad","shapeGroup":"PRY","gid":"PRY-2-213"},"id":"PRY-2-213"},{"arcs":[[-502,-609,-612,704,705,-518]],"type":"Polygon","properties":{"name":"Tte 1Ro Manuel Irala Fernandez","shapeGroup":"PRY","gid":"PRY-2-214"},"id":"PRY-2-214"},{"arcs":[[-375,706,-519,-706,707]],"type":"Polygon","properties":{"name":"Tte. Esteban Martinez","shapeGroup":"PRY","gid":"PRY-2-215"},"id":"PRY-2-215"},{"arcs":[[-1,-638,708,-687,-693,-471]],"type":"Polygon","properties":{"name":"Union","shapeGroup":"PRY","gid":"PRY-2-216"},"id":"PRY-2-216"},{"arcs":[[-316,-602,-432,-649,709,-355,-691]],"type":"Polygon","properties":{"name":"Valenzuela","shapeGroup":"PRY","gid":"PRY-2-217"},"id":"PRY-2-217"},{"arcs":[[-268,710,-438,-582,-619,711]],"type":"Polygon","properties":{"name":"Vaqueria","shapeGroup":"PRY","gid":"PRY-2-218"},"id":"PRY-2-218"},{"arcs":[[-3,-475,-64,712,-48,-668,-366,-434]],"type":"Polygon","properties":{"name":"Villa Del Rosario","shapeGroup":"PRY","gid":"PRY-2-219"},"id":"PRY-2-219"},{"arcs":[[-67,-326,-664,-564,-625,713,-488]],"type":"Polygon","properties":{"name":"Villa Elisa","shapeGroup":"PRY","gid":"PRY-2-220"},"id":"PRY-2-220"},{"arcs":[[-128,-617,-539,-666,-652]],"type":"Polygon","properties":{"name":"Villa Florida","shapeGroup":"PRY","gid":"PRY-2-221"},"id":"PRY-2-221"},{"arcs":[[-33,714,-131,-657,-695,715]],"type":"Polygon","properties":{"name":"Villa Franca","shapeGroup":"PRY","gid":"PRY-2-222"},"id":"PRY-2-222"},{"arcs":[[-49,-713,-63,-309,-499,-517,-70,716,-553,-467,-103,-376,-708,-705,-611,-233,-672]],"type":"Polygon","properties":{"name":"Villa Hayes","shapeGroup":"PRY","gid":"PRY-2-223"},"id":"PRY-2-223"},{"arcs":[[-35,717,718,-578,-614,-132,-715]],"type":"Polygon","properties":{"name":"Villa Oliva","shapeGroup":"PRY","gid":"PRY-2-224"},"id":"PRY-2-224"},{"arcs":[[-263,719,-266,720,721]],"type":"Polygon","properties":{"name":"Villa Ygatimí","shapeGroup":"PRY","gid":"PRY-2-225"},"id":"PRY-2-225"},{"arcs":[[-211,722,-524,-276,-508]],"type":"Polygon","properties":{"name":"Villalbin","shapeGroup":"PRY","gid":"PRY-2-226"},"id":"PRY-2-226"},{"arcs":[[-104,-448,-322,723,-531,-228,-584,-678]],"type":"Polygon","properties":{"name":"Villarrica","shapeGroup":"PRY","gid":"PRY-2-227"},"id":"PRY-2-227"},{"arcs":[[-386,-425,-579,-719,724,725]],"type":"Polygon","properties":{"name":"Villeta","shapeGroup":"PRY","gid":"PRY-2-228"},"id":"PRY-2-228"},{"arcs":[[-80,-213,-511,-696,-640,-690]],"type":"Polygon","properties":{"name":"Yabebyry","shapeGroup":"PRY","gid":"PRY-2-229"},"id":"PRY-2-229"},{"arcs":[[-186,-429,-600,-587]],"type":"Polygon","properties":{"name":"Yaguaron","shapeGroup":"PRY","gid":"PRY-2-230"},"id":"PRY-2-230"},{"arcs":[[-152,726,-270,727]],"type":"Polygon","properties":{"name":"Yasy Kañy","shapeGroup":"PRY","gid":"PRY-2-231"},"id":"PRY-2-231"},{"arcs":[[-253,-288,-532,-724,-321]],"type":"Polygon","properties":{"name":"Yataity","shapeGroup":"PRY","gid":"PRY-2-232"},"id":"PRY-2-232"},{"arcs":[[-637,-688,-709]],"type":"Polygon","properties":{"name":"Yataity Del Norte","shapeGroup":"PRY","gid":"PRY-2-233"},"id":"PRY-2-233"},{"arcs":[[-560,-704,-675,728]],"type":"Polygon","properties":{"name":"Yatytay","shapeGroup":"PRY","gid":"PRY-2-234"},"id":"PRY-2-234"},{"arcs":[[-262,-480,-572,-439,-711,-267,-720]],"type":"Polygon","properties":{"name":"Ybyrarobana","shapeGroup":"PRY","gid":"PRY-2-235"},"id":"PRY-2-235"},{"arcs":[[-292,-477,-703,-542,-394,-548,-698]],"type":"Polygon","properties":{"name":"Yguazu","shapeGroup":"PRY","gid":"PRY-2-236"},"id":"PRY-2-236"},{"arcs":[[-8,-296,-646,-153,-728,-269,-712,-618]],"type":"Polygon","properties":{"name":"Yhu","shapeGroup":"PRY","gid":"PRY-2-237"},"id":"PRY-2-237"},{"arcs":[[-75,-118,-601,-452,-626]],"type":"Polygon","properties":{"name":"Ypacarai","shapeGroup":"PRY","gid":"PRY-2-238"},"id":"PRY-2-238"},{"arcs":[[-148,-458,-387,-726,729,-623,-562]],"type":"Polygon","properties":{"name":"Ypane","shapeGroup":"PRY","gid":"PRY-2-239"},"id":"PRY-2-239"},{"arcs":[[-265,-378,-445,730,-721]],"type":"Polygon","properties":{"name":"Ype Jhu","shapeGroup":"PRY","gid":"PRY-2-240"},"id":"PRY-2-240"},{"arcs":[[-157,-635,-383,-271,-727]],"type":"Polygon","properties":{"name":"Yryvu Cua","shapeGroup":"PRY","gid":"PRY-2-241"},"id":"PRY-2-241"},{"arcs":[[-12,-671,-490,-351,-683,-342,-134]],"type":"Polygon","properties":{"name":"Yuty","shapeGroup":"PRY","gid":"PRY-2-242"},"id":"PRY-2-242"},{"arcs":[[-85,-410,-239,-97,-593]],"type":"Polygon","properties":{"name":"Yvy Ya´U","shapeGroup":"PRY","gid":"PRY-2-243"},"id":"PRY-2-243"},{"arcs":[[-28,731,-482,-701,-109,-541,-616,-126,-613]],"type":"Polygon","properties":{"name":"Yvycui","shapeGroup":"PRY","gid":"PRY-2-244"},"id":"PRY-2-244"},{"arcs":[[-27,-356,-710,-648,-700,-702,-483,-732]],"type":"Polygon","properties":{"name":"Yvytimi","shapeGroup":"PRY","gid":"PRY-2-245"},"id":"PRY-2-245"},{"arcs":[[-165,-595,732]],"type":"Polygon","properties":{"name":"Zanja Pyta","shapeGroup":"PRY","gid":"PRY-2-246"},"id":"PRY-2-246"}]}}}