{"type":"Topology","arcs":[[[21071,2261],[59,-5],[-15,50],[30,49],[-36,87],[43,7],[8,48]],[[21160,2497],[72,-32],[7,-62],[65,-16],[4,-74],[36,-32],[50,10],[61,-91]],[[21455,2200],[-87,-45],[-65,-50],[-3,-43],[-28,-37],[-49,-5],[-34,28],[-191,50]],[[20998,2098],[5,85],[59,1],[24,21],[-15,56]],[[16164,12509],[87,14],[118,-3],[151,-29],[40,-33],[17,-93]],[[16577,12365],[-41,-61],[-40,-11],[-46,-91],[-41,-32]],[[16409,12170],[-143,75],[-43,83],[-12,64]],[[16211,12392],[-88,16],[-26,18],[23,61],[44,22]],[[9190,9361],[112,-8],[103,62]],[[9405,9415],[29,13],[95,-7],[89,29],[99,-20],[128,9]],[[9845,9439],[11,-36],[64,-109]],[[9920,9294],[-32,-47],[-34,-95],[9,-62],[30,-44]],[[9893,9046],[-77,-55],[-105,-36],[-112,-14],[-69,-32],[-66,-50],[-152,-150]],[[9312,8709],[-8,39],[22,174],[-3,81],[33,72],[8,59],[-23,38],[-71,70],[-84,71],[4,48]],[[10478,6782],[135,119],[40,63]],[[10653,6964],[172,28],[76,-35],[56,-148],[60,-128],[56,-30],[19,-47]],[[11092,6604],[-26,-87],[21,-147],[-45,-74],[-135,-95]],[[10907,6201],[-43,60],[-70,40],[-74,28],[-4,33],[-75,35],[-51,93],[30,47],[8,80],[-150,165]],[[14810,7913],[23,26],[90,31],[40,-48],[63,-10],[-49,-73],[-15,-57]],[[14962,7782],[-80,-64]],[[14882,7718],[-48,-73],[-72,20],[-47,-90],[-53,-20]],[[14662,7555],[-30,69],[-87,48]],[[14545,7672],[-2,77],[-29,41],[35,24],[79,-31],[49,21],[66,102],[67,7]],[[4461,5439],[21,61]],[[4482,5500],[85,-20]],[[4567,5480],[12,-69],[44,-78],[9,-39],[-28,-37],[5,-37],[34,-43],[48,-107],[74,-47],[-16,-26]],[[4749,4997],[-41,28],[-50,-4],[-48,22],[-59,-9],[-56,-45],[-40,47],[-66,-14]],[[4389,5022],[-24,76],[2,108],[48,4],[31,61],[-5,56],[20,112]],[[9920,9294],[97,-137],[48,-18],[74,12],[65,62],[68,99],[9,58]],[[10281,9370],[51,1],[57,71],[29,-3],[45,-54],[48,-4],[61,16],[152,93],[119,83],[58,-15],[30,47],[59,39]],[[10990,9644],[19,-65],[64,-50],[105,-49],[17,22],[72,-18],[45,-78],[-20,-26],[-67,-26],[-14,-47],[19,-124],[133,-20],[-5,-64]],[[11358,9099],[-383,-86],[-31,-18],[-45,-89],[-11,-55],[-32,-61],[65,-132],[-6,-58],[7,-117],[35,-101],[0,-65],[19,-53],[-3,-61],[22,-24],[61,-11]],[[11056,8168],[-54,-43],[-51,-119],[-58,-32],[-47,19],[-167,-42]],[[10679,7951],[-86,2],[2,57],[-29,39],[-70,15],[-86,79],[29,65],[-12,44],[-73,1],[-45,44],[-91,23],[-34,68],[22,76],[-47,23]],[[10159,8487],[-12,92],[30,101],[-40,71],[-170,100],[-29,37],[-2,86],[-43,72]],[[23399,6441],[112,-35],[77,36],[102,33],[37,-28],[1,-55],[60,-39]],[[23788,6353],[48,-92],[42,-2],[90,-90]],[[23968,6169],[-63,-49]],[[23905,6120],[-47,21],[-9,39],[-162,-4],[-7,52],[-51,9],[-9,-31],[-69,-2],[-34,-27]],[[23517,6177],[-26,-6],[-45,75],[3,98],[-46,1],[-41,28],[37,68]],[[23912,8336],[147,75],[88,21],[93,-12],[86,-70],[99,-12],[159,45]],[[24584,8383],[22,-57],[-5,-124],[70,-63],[-35,-97],[-43,-31],[-31,-79],[14,-44]],[[24576,7888],[-25,-29],[-77,-25],[-44,-38],[-60,1],[-77,37],[-77,80]],[[24216,7914],[0,154],[-63,69],[-55,17],[-108,82],[-39,68],[-39,32]],[[14662,7555],[-8,-61],[-37,-41],[-19,-47],[17,-55],[-67,-99],[-4,-23],[-73,-68],[-77,-46],[-19,-36]],[[14375,7079],[-48,5],[-111,-37],[-204,-24],[-213,-10]],[[13799,7013],[5,208]],[[13804,7221],[32,292],[54,99],[35,157],[-8,153],[-31,70],[-56,84],[-64,-49],[-62,-3],[-68,24],[-38,85],[-48,9],[-71,65],[-12,87],[40,88],[-6,40],[66,6],[11,58]],[[13578,8486],[82,-37],[28,45],[39,25],[94,-13],[73,-52],[102,-122],[58,9],[64,39],[80,17]],[[14198,8397],[24,-40],[176,-122]],[[14398,8235],[-40,-111],[16,-21],[-8,-86],[11,-45],[44,-38],[29,-70],[31,-27],[-7,-48],[-37,-4],[-31,-66],[62,-47],[65,19],[12,-19]],[[6439,4506],[72,60],[61,27],[15,27]],[[6587,4620],[64,-6],[66,-44],[2,-52]],[[6719,4518],[-17,-29],[5,-70],[-8,-99],[9,-35],[-24,-71],[-59,36],[-31,1],[-78,-34],[-47,-1]],[[6469,4216],[-32,-1],[-6,74],[10,40],[-35,36],[35,81],[-2,60]],[[20408,2504],[175,184]],[[20583,2688],[23,-15],[92,-18],[22,-18],[166,-15],[72,-42]],[[20958,2580],[-55,-15],[-27,-27],[3,-106],[-21,-26],[-35,36],[-55,-12],[-66,-42],[-132,52],[-98,-2],[-62,24],[-2,42]],[[13925,8968],[-8,33],[53,10],[-51,51],[13,104],[47,65]],[[13979,9231],[24,-23],[95,-3],[73,-56],[22,-36],[98,-103],[15,-1]],[[14306,9009],[-57,-67],[-66,-50],[-55,-20],[-36,22],[-70,11],[-47,-85]],[[13975,8820],[-67,34],[22,38],[-5,76]],[[6245,1545],[67,-13],[109,27],[29,25],[-20,123],[11,70],[82,104],[31,78],[-6,268],[-34,214],[-22,269]],[[6492,2710],[26,22],[67,-16],[45,26]],[[6630,2742],[-35,-105],[35,-69],[36,-23]],[[6666,2545],[15,-62],[57,-50],[42,-2],[26,59],[59,42],[44,1],[50,84],[6,75],[32,72],[61,63],[36,20]],[[7094,2847],[84,29],[46,-6],[101,-48]],[[7325,2822],[53,-48],[21,-148]],[[7399,2626],[-9,-92],[-30,-94],[-19,-150],[-80,-94],[-19,-127],[-31,-82]],[[7211,1987],[-78,-73],[-23,-61],[-180,-155],[-40,-66],[-64,-33],[-109,29],[-46,-18],[-52,-72],[-31,4],[4,-84],[-14,-47],[-2,-159],[-96,-67]],[[6480,1185],[-42,63],[-87,36],[-89,88],[-74,54],[6,32],[48,23],[3,64]],[[4749,4997],[-50,-91],[-38,-92],[-7,-93],[-24,-23],[-85,30],[-31,-51],[-5,-40]],[[4509,4637],[-69,25],[-56,74]],[[4384,4736],[7,65],[38,70],[-40,151]],[[6686,9789],[47,9],[42,57],[-3,24]],[[6772,9879],[86,29],[67,82],[93,17],[32,-18],[124,-15],[204,6]],[[7378,9980],[37,-66],[-6,-34],[-77,-91],[-9,-100],[64,-58]],[[7387,9631],[-131,-69],[-44,7],[-82,-55],[-116,-21],[-82,36],[-63,69],[-78,-8],[-15,25],[-65,26],[-1,32],[39,26],[-23,52],[-40,38]],[[19379,3358],[107,90],[151,77],[60,88],[71,29]],[[19768,3642],[70,-71],[-8,-52],[33,-3],[7,-60]],[[19870,3456],[-25,-80],[-41,-31]],[[19804,3345],[-70,-74]],[[19734,3271],[-73,16],[-43,45],[-74,-16],[-111,28]],[[19433,3344],[-54,14]],[[10795,13756],[49,20],[164,107]],[[11008,13883],[30,-30],[-41,-132],[12,-56],[81,0],[21,-38],[-9,-52],[-31,-46],[-1,-51],[-35,-53]],[[11035,13425],[-42,-10],[-60,73],[-41,-1],[-86,31],[6,87],[-30,67],[13,84]],[[8732,5864],[172,62]],[[8904,5926],[66,20],[52,63],[42,30],[69,23]],[[9133,6062],[16,-112],[48,-74],[112,-153]],[[9309,5723],[26,-43]],[[9335,5680],[-84,-56],[-51,-59],[-92,-30],[-40,-33]],[[9068,5502],[-23,16],[-65,-34],[-94,46],[-30,-12],[-56,59]],[[8800,5577],[-68,26],[-11,57],[23,78],[-12,126]],[[27932,8761],[58,-26],[58,-4],[106,11],[141,-29],[24,18]],[[28319,8731],[59,-17],[80,-80],[65,-26],[63,-65],[54,-35],[90,-29],[14,-32],[1,-75],[-27,-76],[26,-66],[126,9],[24,19],[56,-39],[29,23],[78,16]],[[29057,8258],[55,-87],[92,-91],[10,-83],[-19,-45]],[[29195,7952],[-40,23],[-43,-12],[-98,-4],[-15,-27],[-93,-10],[-30,15],[-51,-15],[-69,38],[-57,9],[-85,46],[-129,-38],[-38,2],[-29,35],[-70,-23],[-69,-45],[-39,8],[-53,-33],[-81,11]],[[28106,7932],[-25,45],[9,147],[-52,27],[-14,65],[-52,49],[-23,131],[-80,32],[19,72],[-15,63],[11,36],[13,137],[35,25]],[[4960,2794],[53,56],[67,26],[104,131],[35,27],[18,100],[43,50],[69,-52],[38,41],[-3,34],[28,46],[126,94]],[[5538,3347],[83,60]],[[5621,3407],[29,-43],[30,0],[44,-100],[54,18],[94,0],[61,-50]],[[5933,3232],[25,-24],[73,-111],[95,-49],[40,-35]],[[6166,3013],[-45,-65],[-60,-45],[-3,-30],[-63,-58],[-6,-33],[-42,-10],[-109,-106],[-108,-38]],[[5730,2628],[-84,8],[-68,24],[-79,-22],[-90,61],[-51,-7],[-17,-37],[5,-121],[-55,-97]],[[5291,2437],[-25,34],[-42,10],[-57,-24],[-23,-52],[-45,33],[1,40],[-59,-18],[-21,30],[7,70],[23,36],[-24,32],[-40,-52],[-52,21]],[[4934,2597],[0,48],[26,149]],[[10549,5835],[51,56],[110,87],[78,81]],[[10788,6059],[86,-18],[52,-30],[29,-120],[52,-54],[25,-91],[-7,-44],[-59,-134],[-73,-115],[-21,-65]],[[10872,5388],[-40,-16],[-84,22],[-70,43],[-94,23]],[[10584,5460],[-3,67],[-28,113],[23,73],[-27,122]],[[2581,12732],[133,107],[18,37],[83,-6],[-12,41],[-49,60],[59,52],[50,27],[53,-32],[14,66],[50,78],[21,-4]],[[3001,13158],[78,42],[30,-71],[42,-1],[-22,-71],[10,-68],[33,-52],[77,-23],[7,65],[48,21],[70,-41],[46,22],[41,-62],[67,33]],[[3528,12952],[33,-42],[118,-2],[2,-48],[-19,-88]],[[3662,12772],[-29,4],[-174,-53],[-134,-21],[-37,-65],[-50,-132],[-12,-115],[-93,-85]],[[3133,12305],[-82,17],[-54,-10],[-19,-49],[-49,-30],[-62,-5],[-56,-41],[-63,111],[3,29]],[[2751,12327],[17,64],[-57,72],[-2,55],[-64,141],[10,38],[-45,40],[-29,-5]],[[13612,1763],[38,53],[48,-90],[37,-19],[62,14],[75,-111],[33,21],[137,-1],[37,17],[45,-29],[49,23],[71,-13],[64,-35]],[[14308,1593],[-103,-150],[7,-49],[32,-45],[83,-161],[23,-114],[-44,-37],[-49,-82],[-6,-107]],[[14251,848],[-22,-72],[-37,33],[-115,45],[-29,2]],[[14048,856],[10,56],[-28,93],[-40,66],[-3,51],[-133,39],[-35,29],[-79,8],[-184,-32],[-5,-110],[-17,-24]],[[13534,1032],[-25,93],[-69,9],[-14,40],[-45,9],[-13,70],[14,47],[1,146],[-83,122],[-57,42]],[[13243,1610],[3,64],[67,67],[31,90],[2,41],[41,-3],[55,28],[49,-72],[60,-57],[61,-5]],[[7160,6932],[180,19],[64,-93],[120,-113]],[[7524,6745],[-17,-31],[-7,-77],[-25,-86]],[[7475,6551],[-30,-36],[-73,-4],[-29,19],[-116,-16],[-36,-61],[-69,-33],[-10,-28]],[[7112,6392],[-35,22],[-97,103],[-47,22]],[[6933,6539],[5,84],[-28,71],[3,40],[113,130],[134,68]],[[4389,5022],[-44,-58],[-32,-8],[-45,-44],[-51,-3],[-30,47],[22,66],[44,44],[4,74],[-34,56],[15,54],[-18,50]],[[4220,5300],[21,78],[31,57],[34,28],[63,-16],[92,-8]],[[23059,4125],[65,25],[131,143]],[[23255,4293],[49,-38],[22,-37],[67,-35],[79,-57],[113,7],[32,-49],[104,-20],[92,31],[28,-33],[39,7],[75,58],[42,-65],[-13,-48],[-67,-74],[12,-48]],[[23929,3892],[-101,-128],[-55,-84],[-12,-82],[24,-38],[-60,-26],[-19,-91],[7,-62],[-160,-19]],[[23553,3362],[-80,10],[-28,-13],[-14,-68],[41,-36],[-38,-38],[-62,-4],[-21,-51],[-28,3],[-81,-73],[-71,-2],[-58,-18],[-15,-30]],[[23098,3042],[-23,-26],[-56,15],[1,49],[-25,46]],[[22995,3126],[-14,61],[34,55],[32,136],[-33,82],[39,45],[31,-100],[30,-11],[62,43],[75,24],[97,16],[8,62],[31,-7],[35,32],[-55,80],[-43,23],[23,37],[-51,30],[10,34],[84,-30],[35,47],[-42,40],[65,91],[43,19],[-41,57],[-90,-61],[-27,-3],[-50,-50],[-96,89],[-83,87],[-45,71]],[[1580,10886],[44,-45],[85,-17],[26,-22],[14,-54],[-16,-43],[14,-54],[121,-79],[35,1],[77,54],[113,21]],[[2093,10648],[23,-52],[-13,-85],[-51,-106],[-13,-67]],[[2039,10338],[-113,0],[-110,-52],[-193,-72],[4,-49],[-113,-28]],[[1514,10137],[-60,-24],[-106,4],[-123,-27],[-109,3],[-97,25],[-116,83]],[[903,10201],[21,80],[36,46],[72,-24],[87,13],[61,31],[65,99],[10,87],[16,30],[47,-1],[23,33],[-22,63],[20,122],[133,18],[76,42],[32,46]],[[23968,6169],[38,1],[31,32],[42,-1],[81,28],[70,2],[11,-34],[58,-76]],[[24299,6121],[-23,-168],[-34,-50]],[[24242,5903],[2,40],[-36,30],[-78,-28],[-67,9],[-31,48],[-56,22],[-45,-1],[-26,97]],[[6245,1545],[-51,87],[44,131],[-29,66],[-115,9],[-44,58],[32,92],[22,-16],[113,30],[11,55],[-59,79],[-65,8],[-30,32],[-73,30],[-45,57],[-39,14],[-22,46],[-52,-80],[-20,-55],[-23,-1]],[[5800,2187],[5,166],[46,31],[27,47],[67,18],[80,45],[80,31],[226,60],[27,49]],[[6358,2634],[26,67],[44,19],[64,-10]],[[7524,6745],[108,203],[48,6],[-53,56],[17,59],[-7,59],[63,22],[22,34],[50,20],[32,-9]],[[7804,7195],[106,-19],[22,-22],[21,-73],[27,-49]],[[7980,7032],[-17,-80],[-6,-87],[6,-76],[-58,-74],[-82,13],[-139,-62],[-10,-22],[52,-94],[-105,-86]],[[7621,6464],[-39,59],[-49,1],[-58,27]],[[4934,2597],[-45,-56],[86,-38],[-37,-102],[-173,74],[-33,-61],[-33,33],[52,56],[-57,59],[-47,-52],[-21,-66],[42,-33],[-12,-33],[49,-102],[-46,-17],[-55,-80],[-80,-44],[-34,-3],[-21,-84],[-53,-88],[-50,-64],[-41,32],[-56,-80],[-114,26],[9,25],[-24,58],[36,12],[87,-25],[60,8],[56,99],[-25,39],[-61,33],[-43,-15],[-88,14],[-2,42],[64,16],[67,49],[75,26],[1,-49],[44,20],[-14,49],[-39,29],[29,50],[39,13],[17,49],[-52,22],[-37,-25],[-7,-42],[-63,-25],[13,54]],[[4297,2400],[-7,31]],[[4290,2431],[33,60],[-53,19],[-37,44],[71,62],[-40,56],[13,51],[63,59],[89,-11],[69,-52],[28,76],[45,3],[19,107],[99,58],[93,17]],[[4782,2980],[100,-73],[55,-60],[23,-53]],[[8208,9967],[93,-34]],[[8301,9933],[10,-70],[-19,-93],[-94,-70],[12,-78],[77,12],[-74,-106]],[[8213,9528],[-189,-22],[-105,-49],[-52,24]],[[7867,9481],[-71,88],[-6,65],[16,68],[33,62],[148,148],[103,45],[118,10]],[[18982,2410],[53,11],[303,-29]],[[19338,2392],[-25,-178],[-41,-116]],[[19272,2098],[-11,-28]],[[19261,2070],[-78,78],[-66,48],[-31,3],[-102,49]],[[18984,2248],[-20,48],[28,52],[-10,62]],[[8632,13145],[142,-35],[207,-29],[190,-103],[108,-11]],[[9279,12967],[24,-91],[-32,-39],[-51,6],[-32,-53],[12,-79],[-29,-62]],[[9171,12649],[-137,-10],[-93,25],[-80,-10]],[[8861,12654],[-36,13],[-46,81],[34,35],[51,-23],[34,22],[-66,61],[-6,39],[-89,75],[-67,9]],[[8670,12966],[-51,66],[-9,74],[22,39]],[[3528,12952],[34,62],[-13,45],[-40,57],[50,51],[36,78]],[[3595,13245],[64,-11],[85,-46],[73,15],[61,47],[32,-44],[59,37],[48,-21],[12,-38],[96,3],[5,40]],[[4130,13227],[30,20],[43,67]],[[4203,13314],[37,-63],[8,-44],[-17,-42],[-52,0],[-22,-124],[6,-112]],[[4163,12929],[-85,3],[-31,69],[-72,58],[-15,-40],[43,-42],[33,-57],[-23,-54],[-74,71],[-33,15],[-93,-41],[-35,28],[-44,-75],[-15,-70]],[[3719,12794],[-57,-22]],[[1251,11250],[13,20],[82,46],[78,74],[65,15],[128,83],[48,39],[84,34],[15,-9],[108,9],[26,67],[32,33],[50,-16],[61,29],[68,63],[-10,99],[-25,61],[-37,25],[-127,-36]],[[1910,11886],[-6,144],[56,27],[64,-3],[29,39]],[[2053,12093],[66,-5],[29,44],[198,45],[23,-25],[72,6],[54,-20]],[[2495,12138],[-64,-150],[-29,-3],[-84,-51],[-31,-51],[-30,5],[2,-67],[-29,-64],[15,-37],[-8,-90]],[[2237,11630],[-96,-67],[-138,-62],[-66,-21],[-46,-51],[-35,-13],[8,-78],[-45,-39],[-62,-4],[-26,-44],[8,-51],[-20,-36],[-82,-72],[-12,-29],[-99,-43],[-35,-31],[-36,-63]],[[1455,10926],[-26,12],[-17,98],[15,15],[-21,68],[-60,-4],[-59,23],[-28,59],[-8,53]],[[20640,13002],[-17,-52],[0,-71]],[[20623,12879],[-41,7],[-67,-90],[-81,-63],[-23,-103],[-73,-127]],[[20338,12503],[-64,35],[-5,68]],[[20269,12606],[18,28],[-7,61],[94,85],[16,40],[-49,45],[67,64],[-5,48],[50,40],[100,12],[87,-27]],[[25906,11971],[42,3],[41,59],[12,86],[-13,149],[13,74],[48,-20],[105,-5]],[[26154,12317],[-6,-85],[-40,-14],[8,-64],[47,-59]],[[26163,12095],[-47,-34],[-22,-53],[-60,-66],[35,-87],[-31,-41],[-10,-80],[-37,-17]],[[25991,11717],[-28,26],[28,63],[-24,54],[-38,-16],[-30,64]],[[25899,11908],[7,63]],[[17662,8678],[113,-63],[115,-136],[53,-148]],[[17943,8331],[-25,-23],[-120,8],[-24,-18],[-49,25]],[[17725,8323],[-112,176],[-24,70],[11,39],[62,70]],[[23811,12252],[3,37],[40,100],[71,8]],[[23925,12397],[57,-28],[18,-47],[42,-9]],[[24042,12313],[17,-106],[-71,-25],[-34,13],[-50,-60],[-6,-32],[40,-57],[-38,-28],[54,-50],[21,-39],[-11,-67],[22,-20],[-44,-58],[-41,12]],[[23901,11796],[28,33],[-50,47],[-13,42],[2,96],[-47,115],[-10,123]],[[12749,10539],[21,112],[58,23],[-3,52],[23,38],[52,22],[-12,49]],[[12888,10835],[39,-45]],[[12927,10790],[3,-75],[-44,-26],[-34,-89],[21,-27],[98,-17],[33,-43],[-12,-120],[36,-31]],[[13028,10362],[9,-66],[-64,-91],[-33,3]],[[12940,10208],[-51,21],[-35,55],[-16,61],[29,56],[-8,81],[-49,78],[-61,-21]],[[6267,7959],[17,-23],[11,-166],[64,-71],[-4,-79],[-56,9],[-61,-28],[-125,-90]],[[6113,7511],[-39,17],[-18,48],[34,121],[41,34],[15,123],[121,105]],[[13243,1610],[-32,-25],[-104,-10],[-143,93],[-146,-6]],[[12818,1662],[-93,47],[-90,29]],[[12635,1738],[19,42],[-5,54],[33,39],[3,132],[-34,78],[2,26]],[[12653,2109],[21,40],[105,18],[33,17],[18,48],[-58,46],[-21,51],[19,142]],[[12770,2471],[117,-5],[96,4],[146,-8],[58,-16]],[[13187,2446],[41,-48],[10,-53],[-27,-46],[12,-90],[61,-20],[-2,-61],[47,-117],[25,-37],[105,-13],[106,-119],[47,-79]],[[5599,4895],[67,62],[35,51],[98,6],[43,48],[60,26],[38,-46],[-4,-56],[-32,-25]],[[5904,4961],[7,-55],[-52,-53],[-22,-69],[-1,-105]],[[5836,4679],[-50,40],[-27,53],[-39,35],[-48,18],[-10,29],[-63,41]],[[13925,8968],[-50,-1],[-37,26],[15,51],[-22,43],[-48,44],[13,83],[-10,111],[20,63]],[[13806,9388],[25,-12],[70,20],[124,-9]],[[14025,9387],[-30,-42],[8,-38],[-24,-76]],[[12927,10790],[50,0],[19,-60],[53,-46],[9,-67],[44,-47],[58,-36]],[[13160,10534],[31,-42],[-7,-64],[31,-6]],[[13215,10422],[-43,-12],[-89,29],[-55,-77]],[[8273,12386],[-15,-100],[99,33],[74,41],[58,-135],[-3,-111]],[[8486,12114],[-107,-21],[-11,-42]],[[8368,12051],[-104,42]],[[8264,12093],[-12,101],[-33,40]],[[8219,12234],[-16,35],[-2,73],[22,49],[50,-5]],[[19734,3271],[0,-56],[-80,-64],[-20,-101],[-26,-26]],[[19608,3024],[-84,32],[-34,30],[-40,69],[22,61],[-39,128]],[[6252,10925],[6,-54],[68,-26],[29,-50]],[[6355,10795],[34,-58],[-23,-128],[48,0],[-41,-69],[26,-55]],[[6399,10485],[-76,32],[-2,37],[-61,51],[-5,48],[-33,24],[-81,-23],[-20,85],[42,57],[9,80],[50,17],[30,32]],[[31022,9490],[133,-35],[205,-4],[68,-36],[88,-72],[164,-111]],[[31680,9232],[-26,-116],[11,-84],[35,-26],[30,-63],[10,-69],[-10,-49],[17,-99]],[[31747,8726],[-124,-66]],[[31623,8660],[-112,-18],[-70,-27],[-2,-32],[-58,-21],[-44,17],[-56,55],[-31,3],[-78,60],[-76,14],[-27,119]],[[31069,8830],[26,108],[-5,102],[26,30],[-21,55],[54,21],[28,54],[-14,56],[-40,20],[-101,214]],[[16409,12170],[-87,-80]],[[16322,12090],[-13,-86]],[[16309,12004],[-69,30],[-78,87],[-80,55],[43,108],[-23,42],[109,66]],[[5446,5542],[50,-12],[48,-110],[50,-79],[44,-11],[23,25],[66,-28]],[[5727,5327],[-5,-78],[-55,-37],[-88,44],[-43,3]],[[5536,5259],[-32,2],[-65,-44],[-80,197],[23,48],[61,6],[3,74]],[[6987,4421],[54,3],[74,28],[16,32],[52,-15],[59,-44],[46,-7],[37,39],[-86,79],[6,76],[28,53],[82,17],[30,-51],[72,-21],[49,24],[26,85],[32,28],[61,90]],[[7625,4837],[42,25],[97,23]],[[7764,4885],[10,-200],[-14,-64],[1,-242],[-15,-59],[9,-98],[20,-64],[-9,-112]],[[7766,4046],[-58,-2],[-115,-36],[-161,-29],[-76,9],[-133,-22],[-92,5]],[[7131,3971],[-27,55],[-83,-19],[-45,93],[-39,21],[-26,46],[151,56],[3,31],[-38,72],[-17,-9],[-80,39],[57,65]],[[29369,5412],[61,-34],[76,-6],[113,-65],[57,-2],[35,-39]],[[29711,5266],[9,-71],[-54,-51]],[[29666,5144],[-40,24],[10,34],[-43,59],[-38,-10],[-58,-143],[-39,-6],[-26,31],[-3,65],[-27,102],[-50,39],[-7,41],[24,32]],[[6252,10925],[-3,47],[44,34],[46,-5],[67,67],[14,51]],[[6420,11119],[95,-9],[31,-37]],[[6546,11073],[-58,-188],[-32,-42],[-61,-17],[-40,-31]],[[7160,6932],[-28,81],[-8,78],[25,138],[2,51],[-25,45],[-58,31],[-87,22],[-30,46],[1,48],[59,131]],[[7011,7603],[150,83],[119,-44],[79,-5]],[[7359,7637],[29,8],[99,-27],[105,20],[46,-12],[25,-31],[33,-139],[27,-24],[148,-25]],[[7871,7407],[-48,-39],[15,-34],[-34,-139]],[[21429,11041],[62,53],[2,58],[49,109],[41,-5]],[[21583,11256],[57,-32],[-5,-44],[39,-60],[48,-13],[67,19],[-15,104],[14,39],[63,-9],[43,-40],[48,-75],[89,84],[18,66],[48,90],[28,102],[48,-41],[73,108]],[[22246,11554],[38,66],[62,45],[12,-73],[60,-26]],[[22418,11566],[39,-20],[55,51]],[[22512,11597],[55,-39],[4,-28]],[[22571,11530],[-33,-23],[-3,-134],[-23,-64]],[[22512,11309],[-84,0],[-93,-20],[-48,-70],[-44,-124],[27,-77],[4,-142],[-69,-104],[-8,-38],[-158,-84]],[[22039,10650],[-24,39],[-97,20],[-20,76],[-209,54],[-39,-10],[-42,-74]],[[21608,10755],[-79,185],[-43,54],[-57,47]],[[21583,11256],[38,60],[-53,59],[3,54],[-43,3],[-8,52],[34,49],[-26,16],[-23,85],[-62,18]],[[21443,11652],[23,82],[33,-19],[22,73],[68,10],[20,44],[61,31],[20,36],[70,24],[-5,63],[44,33]],[[21799,12029],[21,39],[65,31],[90,5]],[[21975,12104],[0,-39],[-32,-24],[-29,-57],[8,-43],[87,-49],[13,-78],[49,-70],[53,-25],[12,-42],[81,-109],[29,-14]],[[16712,13705],[4,87],[-25,32],[-5,62],[77,144],[88,59],[36,104],[37,37],[72,-22]],[[16996,14208],[16,-61],[90,-91],[27,-45],[140,-44],[71,-68],[107,51],[31,29]],[[17478,13979],[17,-40],[44,-12]],[[17539,13927],[55,-75],[30,-76],[-20,-34],[68,-133],[-65,-71],[-22,19]],[[17585,13557],[-98,63],[-29,-19],[54,-140],[28,-20],[-75,-74],[-94,-25],[-207,81],[7,93],[-82,44],[-35,95],[-37,-13],[-62,-66],[-81,9],[-23,26],[-80,-43]],[[16771,13568],[-24,25],[-78,15],[-5,57],[48,40]],[[12832,14601],[99,-52],[110,39],[50,-31]],[[13091,14557],[11,-50],[-33,-21],[-5,-67],[-24,-47],[7,-61],[-62,-73],[5,-56]],[[12990,14182],[-157,-92],[29,-43]],[[12862,14047],[-53,-40],[-72,2],[-20,46],[-49,14],[-22,-39],[-75,-60],[27,-48],[-23,-37],[55,-139],[33,-62],[5,-86],[-28,-28],[-60,-7],[-57,16],[-45,-12]],[[12478,13567],[-202,85]],[[12276,13652],[-105,54],[-41,69],[11,70],[-33,65],[48,52],[118,90],[30,60],[-28,72],[32,80],[79,-19],[96,46],[53,46],[9,31],[48,15],[182,85],[57,133]],[[11321,9962],[31,219],[23,42],[102,29]],[[11477,10252],[24,-62],[32,-12]],[[11533,10178],[-40,-40],[9,-45],[-24,-46],[7,-56],[-39,-54],[-49,28],[-58,-52],[-18,49]],[[11618,10559],[81,10],[18,-35],[-22,-33],[-53,5],[-18,-57]],[[11624,10449],[-64,38],[16,43],[42,29]],[[11576,10329],[55,76]],[[11631,10405],[64,-22],[45,6],[45,78],[55,46],[18,105],[95,-40],[14,107],[53,47],[73,39],[17,50],[56,7]],[[12166,10828],[69,41],[0,24],[54,28],[55,-22]],[[12344,10899],[57,-37],[4,-67],[-19,-50],[-42,-55]],[[12344,10690],[-54,-32],[-37,-80],[-17,-75],[-89,-127],[23,-30],[-41,-108],[75,-33],[23,24],[44,-57],[2,-63],[-47,-75],[-2,-34],[-88,59],[-46,-24],[-2,-54],[-48,-35],[30,-44],[-7,-65],[-33,-26],[-54,110],[-70,16]],[[11906,9937],[-36,39],[-128,28],[-19,35],[-48,19],[-13,102],[-65,59]],[[11597,10219],[37,18],[5,38],[-63,54]],[[8904,5926],[-87,270],[-39,33],[-47,10],[-29,52],[-38,28],[-108,15]],[[8556,6334],[-12,78],[-28,84],[-35,10],[0,136]],[[8481,6642],[29,17],[18,139],[12,33],[-11,68],[41,34]],[[8570,6933],[84,9],[94,-34],[120,-70],[55,54],[43,-4],[70,-71],[98,-46],[37,1]],[[9171,6772],[1,-57],[22,-55],[-45,-142],[-59,-27],[-25,-96],[-24,-37],[30,-41],[131,-104],[41,11]],[[9243,6224],[-12,-84],[-69,-28],[-29,-50]],[[4412,9155],[87,15],[21,22],[79,-2],[63,-27],[115,-66]],[[4777,9097],[42,-29],[80,8],[36,-13],[52,-81],[82,-29],[33,-43],[60,-2],[57,-77],[91,-20],[52,-33],[47,-62],[9,-75],[-14,-85]],[[5404,8556],[-16,51],[-69,41],[-57,11],[-118,-3],[-33,-10],[-82,31],[-48,-32],[-98,-5],[-164,68],[-48,48],[-102,0],[-81,-71],[-51,-24],[-48,4],[-84,63],[-44,20],[-103,1],[-22,40]],[[4136,8789],[46,131],[-57,67],[21,65],[32,-44],[45,24],[-52,58],[34,66],[54,6],[6,71],[39,18],[33,-30],[2,-44],[73,-22]],[[32095,7671],[102,143],[73,20],[25,-7],[34,52],[48,231],[-14,131],[40,1],[-21,78],[12,18]],[[32394,8338],[75,12],[88,-12]],[[32557,8338],[64,-80],[73,-47],[73,-99],[19,-76],[-33,-115],[11,-150],[35,-111],[46,-51]],[[32845,7609],[-63,-47],[-79,-163],[29,-95],[-2,-92]],[[32730,7212],[-93,19],[-60,-15],[-135,15],[-73,62],[-50,-4],[-30,55]],[[32289,7344],[20,76],[100,84],[-28,157],[-114,39],[-172,-29]],[[11744,2889],[64,100],[12,75],[62,1],[92,-35],[30,98],[24,30],[66,32],[78,21],[80,-2],[87,-64],[44,-2],[87,34],[28,25]],[[12498,3202],[77,-49],[47,-45],[-4,-65],[43,-49],[69,24],[35,31]],[[12765,3049],[81,-111],[29,-68],[-19,-157],[6,-56],[-23,-41]],[[12839,2616],[-49,18],[-64,79],[-36,12],[-124,-2],[26,47],[-54,72],[-32,-2],[-56,-49],[-61,44],[-102,3],[-88,-29],[-86,-99],[7,-55],[51,-13],[80,-97],[1,-36],[-28,-95],[-23,-39]],[[12201,2375],[-158,95],[-54,83],[-34,81],[-53,84],[-158,171]],[[12444,12336],[90,41],[231,86],[12,58],[47,75],[6,54],[69,3],[17,25]],[[12916,12678],[27,-27],[79,-12],[190,55],[2,33],[42,20],[55,-1]],[[13311,12746],[-9,-81],[24,-47]],[[13326,12618],[-59,-14],[-51,-197],[-4,-51],[51,-58],[55,-92],[36,-35],[5,-84]],[[13359,12087],[-100,-74],[-54,-17],[-125,-6],[-59,-17],[-87,-69]],[[12934,11904],[-116,26],[-113,92],[-31,106],[-35,28],[-44,-14],[-112,-3]],[[12483,12139],[-44,50],[22,31],[26,87],[-43,29]],[[5081,7097],[71,24],[50,42],[84,41]],[[5286,7204],[23,-9]],[[5309,7195],[88,-117],[82,-27],[46,20],[26,60],[94,-23],[39,-42],[67,4]],[[5751,7070],[-35,-89],[-26,-119],[6,-53]],[[5696,6809],[-42,-98],[10,-92],[31,-80],[-8,-60],[-98,-156]],[[5589,6323],[-90,12],[-42,80],[-58,-28],[-41,29],[6,35],[-42,40],[-87,17],[-76,48],[-43,-23],[-61,22],[7,77],[-19,57],[-34,27]],[[5009,6716],[-46,81],[61,63],[-13,45],[-4,94],[74,98]],[[29278,12609],[29,-6],[62,115]],[[29369,12718],[44,6],[57,-20],[86,20],[15,-18],[86,-17],[47,26],[43,-21],[78,6],[22,-69],[63,-20],[21,-35],[111,23]],[[30042,12599],[-9,-82],[55,-8],[-13,-96],[-29,-7],[-21,-68]],[[30025,12338],[-128,-30],[-7,-63],[-52,-64],[-38,-84]],[[29800,12097],[-23,-36],[-101,28],[-88,-19],[-70,-27],[-42,70],[-68,-6],[-56,15],[-22,-23],[-86,139],[-50,6]],[[29194,12244],[10,44],[-8,70],[-59,62],[22,33],[2,54],[71,53],[17,54],[29,-5]],[[11018,12669],[132,117]],[[11150,12786],[72,-3],[60,12],[30,58],[67,27]],[[11379,12880],[85,-65],[101,-30],[53,7],[10,46],[68,3],[26,45],[117,-46],[71,6]],[[11910,12846],[94,-15],[80,-44],[-28,-33],[-21,-69],[39,-46],[62,34],[4,-87],[-37,-41],[-53,-29],[-49,-45],[24,-33]],[[12025,12438],[-115,-37],[-69,1],[-72,-24],[-57,40]],[[11712,12418],[-60,-21],[-145,4],[-164,-61],[-65,0]],[[11278,12340],[-18,-30],[-52,-1],[-4,115],[-60,-3],[-32,75],[-51,41],[-66,103],[23,29]],[[17301,12848],[28,19],[82,-2],[46,-33],[8,-53],[92,27],[77,-15]],[[17634,12791],[25,-46],[64,-79],[130,-47],[95,-9],[31,-54],[-10,-53]],[[17969,12503],[-10,-37],[-117,-111],[-49,-110],[-9,-82],[59,-53],[-39,-104],[11,-34]],[[17815,11972],[-67,-11],[-59,7],[-95,-50],[-42,-37]],[[17552,11881],[-64,-5],[-86,26],[10,86],[-64,36]],[[17348,12024],[-106,18]],[[17242,12042],[32,92],[-48,104],[22,34],[149,47],[25,21],[48,113],[-137,222],[34,57],[-28,66],[-38,50]],[[19179,11764],[81,-57],[14,-71],[60,-34],[27,-41]],[[19361,11561],[-17,-23],[5,-107],[-59,-149],[-59,-62],[-7,-172]],[[19224,11048],[-201,50],[-53,-3],[-54,-29],[-81,-108],[11,-80],[-17,-54]],[[18829,10824],[-105,12],[-40,19],[-3,48],[26,50],[8,61],[-39,100],[-32,42],[-51,32],[-124,30],[-65,35],[-14,80],[-85,69]],[[18305,11402],[14,59],[-5,58],[56,-5],[116,16],[100,0],[55,-23],[5,-50],[101,-22],[55,-39],[68,73],[103,30],[83,46],[92,102],[-14,43],[45,74]],[[28600,13805],[17,31],[56,13],[34,71],[-4,47],[36,34]],[[28739,14001],[33,-36],[57,-12],[88,26],[-12,-46],[81,-9],[125,-94],[46,40],[61,29],[35,70],[98,85],[53,-4],[18,-42],[79,-26],[83,39],[33,-8]],[[29617,14013],[23,-65],[8,-102],[-8,-83],[-49,-2],[-21,-36],[-7,-76]],[[29563,13649],[-42,-55],[-72,-55],[-83,-1],[-59,-31],[-33,-49],[-32,-13],[-64,10],[-74,31],[-70,10],[-49,-9]],[[28985,13487],[-43,12],[-28,-45],[-60,-30]],[[28854,13424],[-23,108],[-65,59],[-101,6],[-76,87]],[[28589,13684],[-17,35],[28,86]],[[9303,6976],[32,75],[47,52],[14,62],[36,35],[24,112],[50,49],[-1,25]],[[9505,7386],[24,85],[9,99],[38,-2],[66,29]],[[9642,7597],[62,31],[71,53],[54,-16],[85,-93],[44,-72],[0,-28],[81,-53],[246,-1],[37,-69]],[[10322,7349],[-50,-85],[-27,-5],[-183,-253],[-81,-40],[-78,-17]],[[9903,6949],[-133,17],[-373,64],[-21,0],[-29,-63],[-28,0]],[[9319,6967],[-16,9]],[[19871,11678],[31,117],[71,89],[107,20],[-6,116],[62,37]],[[20136,12057],[46,-18],[91,44],[74,-14],[13,-33],[52,-42],[103,48],[67,4],[33,35],[49,-2]],[[20664,12079],[45,-1],[51,26],[18,-20]],[[20778,12084],[11,-108],[39,-29],[29,-50],[-1,-82]],[[20856,11815],[-108,-28],[-21,-44],[-51,-3],[-55,61],[-70,-20],[-76,-127],[36,-45],[61,68],[37,-9],[20,-54],[-30,-47],[-64,7],[-131,-41],[38,-35],[76,26],[44,1],[85,28],[38,-16],[-3,-58],[-46,-15],[-103,13],[-35,-43],[97,-30],[81,-40]],[[20676,11364],[-41,-52],[10,-37]],[[20645,11275],[-193,68],[-59,46],[-52,11],[-85,45]],[[20256,11445],[-31,26],[-61,10],[-58,83],[-5,38],[-58,46],[-68,20],[-104,10]],[[16326,9413],[77,51],[18,-21],[122,-56],[46,-7],[16,-56],[141,-152],[114,-145],[19,-37]],[[16879,8990],[-73,-45],[-21,-84]],[[16785,8861],[-108,-58],[-19,-38]],[[16658,8765],[-34,-56],[-41,12],[-31,-53],[8,-35],[-105,-13],[-42,-26],[-71,84],[-115,111]],[[16227,8789],[-16,49],[-47,27],[-54,-16],[-17,47],[-62,32]],[[16031,8928],[14,142],[-14,55],[143,114],[54,-5],[98,179]],[[14826,10485],[26,100],[35,81],[67,74],[54,33]],[[15008,10773],[120,17],[22,-48],[13,-78],[-9,-74],[26,-111],[95,-69],[39,-73],[78,-87]],[[15392,10250],[-32,-29],[-42,-69],[-87,-43],[-33,-46],[-10,-62],[-46,-49],[-16,-52],[97,-106]],[[15223,9794],[-93,-10],[-33,-41]],[[15097,9743],[-121,-117]],[[14976,9626],[-37,61],[-5,55],[-52,27],[-63,11],[-67,79]],[[14752,9859],[-36,98],[24,53],[52,55],[29,72],[21,176],[-42,37],[23,64],[3,71]],[[13310,14012],[89,46],[62,55],[29,-22]],[[13490,14091],[59,1],[122,-30],[40,46],[99,24],[40,-24],[31,66],[38,2],[46,43],[62,4],[33,25],[0,62]],[[14060,14310],[43,-36],[62,-11],[61,25],[63,-68]],[[14289,14220],[4,-28]],[[14293,14192],[-49,-50],[-29,10],[-21,-73],[68,-21],[10,-59],[39,-1],[7,-42],[-81,-70],[-35,-63],[1,-95],[-44,-21],[-51,-86]],[[14108,13621],[-60,-25],[-144,31],[-37,36],[-95,47],[-53,-4],[-53,-39],[-69,27],[-45,-14],[-77,32],[-18,-14]],[[13457,13698],[-16,138],[-47,57],[10,49],[-72,15],[-22,55]],[[27356,12496],[92,99],[38,67],[-19,79],[42,75],[27,103]],[[27536,12919],[-2,28],[99,72],[23,3]],[[27656,13022],[-7,-24],[107,-28],[83,-65],[26,-66],[87,-3],[107,-80],[13,-40]],[[28072,12716],[-80,-178],[-90,-101],[-39,-100]],[[27863,12337],[-28,-12],[13,-59],[-113,-68],[-31,9],[-60,-32],[-58,7],[-67,-63],[-118,-8]],[[27401,12111],[-47,17],[-44,66]],[[27310,12194],[13,117],[29,48],[12,116],[-8,21]],[[2093,10648],[135,23]],[[2228,10671],[67,-31],[73,42],[73,20],[57,-7],[91,-33],[81,-54],[94,-39],[60,-66]],[[2824,10503],[-13,-76],[-150,-133],[-40,-63],[-58,-134],[-75,-103],[-5,-63],[-93,-93]],[[2390,9838],[-49,68],[-124,113],[-53,67],[-67,53],[-19,71],[-36,73],[-3,55]],[[16658,8765],[24,-34],[-22,-53],[42,-74],[-1,-57],[-29,-66],[8,-26],[68,3],[14,-85],[-26,-17],[-6,-58],[-25,-32],[30,-59],[50,-20],[49,3],[-8,-136],[22,-23]],[[16848,8031],[-57,-33],[-51,31],[-64,-52],[-10,27],[-67,54],[-24,-41],[-66,-43]],[[16509,7974],[-68,56],[-71,-38],[-44,-59],[-42,23],[10,48],[-24,57],[36,81],[-84,91],[-68,22]],[[16154,8255],[-72,47],[6,52],[61,37],[25,36],[49,4],[61,50],[-49,67],[-3,63],[-26,14],[-40,-33],[-49,16],[-53,47]],[[16064,8655],[28,27]],[[16092,8682],[135,107]],[[4749,4997],[31,-44],[2,-81],[27,-11],[1,-73],[21,-34],[73,-12],[27,13],[48,93],[39,52]],[[5018,4900],[23,-17]],[[5041,4883],[69,-69],[35,7],[-18,-78],[8,-48],[32,-46],[41,-105],[12,-119],[-28,-76],[44,-21],[-1,-97]],[[5235,4231],[40,-28],[37,-83]],[[5312,4120],[-50,-35],[-114,5],[-27,-13]],[[5121,4077],[-26,35],[-53,34],[6,30],[-85,-2],[-66,12],[-73,40],[-44,0],[-37,-42],[-36,7],[0,67],[19,80],[-45,63]],[[4681,4401],[-25,20],[25,87],[-34,19],[-37,84],[-101,26]],[[13959,12734],[25,37],[1,76],[68,-3],[15,47]],[[14068,12891],[37,12],[57,-25],[29,-50],[163,-5],[96,64]],[[14450,12887],[69,12],[69,37],[30,40],[132,-9]],[[14750,12967],[3,-78],[-56,-39],[-46,-137],[-37,-76],[7,-35],[43,-57]],[[14664,12545],[-98,-37],[4,-31],[53,-93],[-49,-42],[-104,-49],[-35,-27],[-37,-66]],[[14398,12200],[-95,28],[-22,23]],[[14281,12251],[-47,65],[-65,8],[-31,-23],[-87,-4]],[[14051,12297],[-15,35],[-71,82],[-51,27],[-3,100],[-19,32],[18,84],[66,20],[-17,57]],[[21602,3487],[173,70],[28,29],[46,6],[51,-16],[42,17]],[[21942,3593],[10,-55],[58,-60],[-20,-30],[-53,27],[-10,-43],[17,-68],[34,-60]],[[21978,3304],[27,-69],[-21,-118],[14,-35],[70,-55],[37,-4],[69,40],[-4,-93],[-13,-48],[28,-64],[54,-49]],[[22239,2809],[-72,-1],[-83,-27],[-43,-26],[-64,-81],[-89,-74],[-5,-31],[-73,-29],[-5,-69]],[[21805,2471],[-54,29],[-28,86],[-75,60],[-17,86],[22,58],[-25,51],[-8,71]],[[21620,2912],[13,30],[9,164],[50,112],[-17,39],[-132,36],[-13,41],[10,97],[62,56]],[[24618,12086],[34,72]],[[24652,12158],[56,54],[11,58],[41,18],[60,-4],[20,71]],[[24840,12355],[99,-17],[64,86],[37,-6],[83,22],[22,52],[42,50]],[[25187,12542],[38,6],[26,-38],[43,46],[28,-12],[2,-64],[35,-93],[9,-98],[37,-57]],[[25405,12232],[25,-27],[7,-54],[-24,-64]],[[25413,12087],[-17,-39],[-8,-82],[-47,-106],[-41,-29],[-50,26],[-64,-20],[-72,5],[-70,-60]],[[25044,11782],[-30,19],[-74,2],[-132,45],[-45,89],[-55,5],[-55,60]],[[24653,12002],[-29,28],[-6,56]],[[4681,4401],[-23,-22],[4,-70],[-20,-83],[-34,2],[15,-89]],[[4623,4139],[-44,-32],[-68,-7],[-21,-23],[-109,-48],[-28,43],[-74,29],[-20,-25],[-47,8],[-72,-30],[-31,33]],[[4109,4087],[-13,59],[-74,9]],[[4022,4155],[30,28],[-11,67],[56,12],[-5,80],[-38,41],[17,31],[-64,88],[-48,32],[-74,0]],[[3885,4534],[28,19],[0,62],[44,117]],[[3957,4732],[102,-72],[45,42],[111,61],[20,59],[52,7],[39,-40],[20,-53],[38,0]],[[8302,8133],[35,28],[28,61],[35,13],[91,-13],[58,63],[36,82],[29,20]],[[8614,8387],[59,21],[53,-32],[43,-143],[22,-34],[7,-72],[76,-54],[76,-11],[52,8],[57,-89]],[[9059,7981],[88,-7]],[[9147,7974],[-28,-72],[-68,-19],[-31,-35],[-49,-4]],[[8971,7844],[-83,-31],[-2,-53],[32,-35],[-78,-64],[-29,8],[-90,-22],[-39,-49],[-84,-10],[-37,21],[-46,-6],[12,72],[-15,62],[-55,40],[-39,-4],[-59,-39],[-58,-13],[1,42],[-29,24]],[[8273,7787],[19,63],[-18,85],[-27,56],[46,75],[9,67]],[[11150,12786],[-83,26],[-31,27],[-65,8],[-178,39]],[[10793,12886],[49,77]],[[10842,12963],[80,121],[87,112],[106,86],[39,48],[13,50],[-58,63]],[[11109,13443],[24,30],[127,80],[36,49],[37,-35],[49,-14],[41,-55],[60,23],[17,28]],[[11500,13549],[77,-9],[29,-50],[-2,-74],[71,-86]],[[11675,13330],[-30,-26],[-70,-144],[-51,4],[-28,-85],[-97,-105],[-33,-67],[13,-27]],[[2779,8964],[51,113],[44,39],[113,46],[93,68],[15,32],[-20,98],[34,122],[-5,77]],[[3104,9559],[57,-17],[81,12],[56,-25],[32,-92],[87,1],[43,19]],[[3460,9457],[10,-18],[155,-6],[74,-23]],[[3699,9410],[-14,-24],[-144,-80],[10,-123]],[[3551,9183],[-33,-44],[-36,-14],[-87,-79],[-18,-59],[-63,-73],[-42,-27],[7,-49]],[[3279,8838],[-81,-2],[-43,-33],[-30,-45]],[[3125,8758],[-42,35],[-48,-25],[-38,20],[-82,-29],[-17,-38],[-101,-27],[0,56]],[[2797,8750],[-18,214]],[[3199,7665],[56,56],[-7,85]],[[3248,7806],[61,-44],[46,-63],[30,-86],[89,-19],[139,-58],[81,-24],[69,-66],[2,-74],[87,-82],[113,-40]],[[3965,7250],[-105,-56],[-53,-73],[115,-60],[15,-36],[54,-59],[4,-100]],[[3995,6866],[-40,49],[-35,-9],[-38,-47]],[[3882,6859],[-33,24],[-159,26],[-99,-41],[-33,-30]],[[3558,6838],[-14,90],[-71,51],[-46,53],[-81,118],[-7,75],[-23,59],[-92,162]],[[3224,7446],[-38,106],[-5,49],[18,64]],[[21248,4578],[20,24],[-5,76],[-24,87],[55,4],[57,60],[-13,50],[7,173],[-52,42]],[[21293,5094],[95,92],[51,-46],[34,5],[45,46],[7,42]],[[21525,5233],[12,27],[49,10],[45,-26],[50,1],[-30,-73],[78,-5],[56,56],[19,-115],[89,-18],[78,0],[46,20]],[[22017,5110],[-30,-44],[-22,-79],[-38,-12],[-11,-50],[24,-73]],[[21940,4852],[-52,-22],[-62,41],[-59,-4],[-26,-61],[-42,-30],[-54,8],[-29,-39],[39,-36],[8,-40],[-20,-64],[16,-103],[-50,-81],[-65,-16],[-65,-46]],[[21479,4359],[-59,67],[-47,-49],[-36,-12],[-24,-37],[-41,-20],[-37,28],[-4,121],[-23,44],[40,77]],[[19608,3024],[-43,-69],[-114,-84],[-32,-112]],[[19419,2759],[-133,-3],[-62,38]],[[19224,2794],[-117,38],[-62,5],[-53,98],[-64,-27]],[[18928,2908],[10,126],[-25,141],[-23,33],[-120,16]],[[18770,3224],[24,81],[-35,26],[-5,85],[-69,29]],[[18685,3445],[51,57],[84,38],[122,-14],[31,25],[34,-35],[90,12]],[[19097,3528],[-51,-131],[29,-42],[136,21],[55,18],[113,-36]],[[7871,7407],[54,-16],[72,44],[47,98],[67,72],[30,17]],[[8141,7622],[28,-28],[39,14],[110,-18],[0,-56],[62,1],[-11,-88],[75,-80],[125,-26],[42,-44],[17,-53],[-31,-117],[-30,-19],[-19,-47],[0,-80],[22,-48]],[[8481,6642],[-29,67],[-91,87],[-51,84],[25,116],[3,60],[-101,13],[-63,-61],[-85,17],[-109,7]],[[13534,1032],[19,-114],[26,-50],[-40,-77]],[[13539,791],[-53,13],[-47,-22],[-52,-99],[-243,33]],[[13144,716],[-65,175],[27,84],[-57,47],[46,66],[-12,39],[14,141],[-84,6],[-48,44],[-46,104],[-67,87],[-23,69],[-11,84]],[[3224,7446],[-65,-43],[-8,-27],[51,-71],[-60,-63],[-32,1],[-22,-55],[58,-50],[-35,-70],[-1,-35],[80,-68],[-25,-72],[19,-142]],[[3184,6751],[-42,12],[-44,-13],[-55,-50]],[[3043,6700],[-88,20],[-54,26],[-46,48]],[[2855,6794],[-24,26],[2,64],[-18,77],[19,20],[-28,102],[1,53],[-34,32],[-30,-12],[-73,61]],[[2670,7217],[-19,68],[-28,32],[20,63],[28,-13],[66,38],[-39,116],[46,29]],[[2744,7550],[53,-67],[32,132],[55,-2],[22,42],[64,9],[36,-23],[21,79]],[[3027,7720],[55,2],[32,-18],[15,-49],[70,10]],[[4412,9155],[-22,125],[-62,80],[22,89],[-54,24],[39,116],[-22,107],[66,-12],[46,83]],[[4425,9767],[57,-69],[57,-22],[83,11],[47,66],[57,41],[53,57],[92,45],[61,-52],[87,2]],[[5019,9846],[59,-9],[8,-79],[71,-58],[64,-4]],[[5221,9696],[-115,-65],[-37,-39],[-87,-40],[-39,-66],[-20,-60],[-101,-90],[-79,-54],[30,-100],[4,-85]],[[13490,14091],[101,59],[14,65],[-16,56],[29,107],[-29,21],[-74,8],[-43,-24],[9,80],[-43,97]],[[13438,14560],[55,5],[115,64],[157,15],[47,160],[-39,47],[91,127]],[[13864,14978],[20,-17],[129,-18],[63,-26]],[[14076,14917],[2,-29],[53,-40],[-14,-33]],[[14117,14815],[-37,-58],[14,-72],[26,-31],[-10,-50],[22,-72],[-49,-36],[59,-22],[23,-42],[-105,-122]],[[11018,12669],[-7,30],[-50,37],[-108,-46],[-81,-46],[-2,-73],[-87,-88],[-111,-59],[23,-144],[-48,-2],[-83,-48],[-54,-8],[-50,-40]],[[10360,12182],[-98,168],[-7,71]],[[10255,12421],[-21,57],[-55,13],[-32,57],[-38,-16],[-16,58],[1,105],[13,58]],[[10107,12753],[3,22],[84,47]],[[10194,12822],[125,-7],[87,21],[176,28],[58,16],[111,11],[42,-5]],[[4425,9767],[-115,26]],[[4310,9793],[-65,57],[-47,-12],[7,115],[-43,28],[45,87],[10,68]],[[4217,10136],[71,56],[39,98],[15,136],[-8,106],[20,67]],[[4354,10599],[56,69]],[[4410,10668],[57,-90],[85,-90]],[[4552,10488],[-6,-82],[31,-116],[85,-63],[24,-97],[58,-60],[51,-36],[43,-66],[47,-19],[94,16],[38,-32],[2,-87]],[[17122,2420],[22,38],[79,39],[8,45],[47,15],[18,51],[93,22],[38,93],[-23,56],[25,131],[-26,73]],[[17403,2983],[16,43]],[[17419,3026],[105,-80],[0,-44],[81,-23],[185,-31],[143,-10],[47,13],[23,29]],[[18003,2880],[21,-29],[-9,-142],[-46,-60],[38,-35],[43,1],[35,-84]],[[18085,2531],[-134,-74],[-10,-49],[-42,-12],[-127,29],[-75,-6]],[[17697,2419],[-151,-9],[-77,-49],[-235,-52],[-137,-48],[25,159]],[[7312,10639],[10,86],[87,45],[35,85],[57,49],[-1,57],[28,66]],[[7528,11027],[100,11],[100,39],[53,-46],[43,-7],[79,23],[78,-33]],[[7981,11014],[0,-73],[-48,-53],[19,-74],[33,-28],[107,-44],[-8,-57]],[[8084,10685],[-34,-76],[-93,-76],[-24,-60],[-8,-135],[-35,-49]],[[7890,10289],[-112,64],[-74,80],[-73,23],[-36,31],[-35,68],[-60,5],[-167,-81]],[[7333,10479],[-25,71],[4,89]],[[11358,9099],[40,-16],[-9,-59],[20,-59],[-11,-78],[-37,-72],[38,-47],[-35,-47],[52,-32],[1,-42],[-98,-124],[54,-57],[-203,-186],[-29,9],[-52,-52],[43,-42]],[[11132,8195],[-76,-27]],[[15402,3290],[79,73]],[[15481,3363],[357,-147],[110,-51],[63,-13]],[[16011,3152],[134,-117],[46,-108],[72,-66]],[[16263,2861],[-78,11],[-21,-59],[-19,-104],[-50,-24],[18,-68],[44,18],[43,-67],[-34,-49],[-16,-59],[-29,-50]],[[16121,2410],[-55,87],[-58,31],[-21,74],[16,44],[-107,58],[-16,52]],[[15880,2756],[8,78],[-49,75],[-115,38],[-99,-17],[-13,21],[-80,-18],[-80,-34],[-14,-33],[-53,10]],[[15385,2876],[-4,60],[27,15],[43,58],[57,42],[-43,62],[-5,105],[-58,72]],[[7981,11014],[71,-18],[60,75],[83,40],[12,24]],[[8207,11135],[8,36],[65,37],[23,-4],[60,39],[53,9],[47,-18],[58,14]],[[8521,11248],[59,27],[85,-26],[12,-97],[-16,-30],[71,-89],[88,-1],[50,-23]],[[8870,11009],[-36,3],[-105,-37],[-24,-42],[-53,-36],[-138,-47],[-35,-112],[42,-58]],[[8521,10680],[-41,-12],[-63,-52]],[[8417,10616],[-195,76],[-54,6],[-84,-13]],[[17419,3026],[-75,98],[25,53],[38,-3],[-1,67],[-68,19],[-26,26],[13,41]],[[17325,3327],[-15,54],[9,47],[64,38],[22,73],[49,23],[78,-19]],[[17532,3543],[41,-72],[91,-12],[57,13],[36,26],[74,12],[-19,-59],[29,-47]],[[17841,3404],[26,-51],[-17,-63],[6,-37],[75,0],[18,-32],[-12,-52],[39,-27],[68,4],[-11,-144],[-31,-52],[1,-70]],[[7312,10639],[-100,-22],[-43,8],[-29,49],[-33,17],[-81,-7],[-53,79],[-48,35],[-97,34]],[[6828,10832],[-62,60],[-16,37],[11,68],[-36,39],[-111,52]],[[6614,11088],[106,78]],[[6720,11166],[50,-17],[95,40],[64,11]],[[6929,11200],[103,-11],[80,5],[100,-35],[28,42],[206,14]],[[7446,11215],[50,-42],[48,-60],[-16,-86]],[[10355,3778],[112,-52],[103,-73],[38,-42]],[[10608,3611],[-6,-228],[37,-44],[160,-30],[52,-25],[23,-52],[-144,-211],[-72,-63],[-60,-32],[-100,13],[-49,-25]],[[10449,2914],[-59,59],[-75,58],[-44,53],[-38,96],[-8,98],[-32,102],[14,129],[41,120],[45,73],[62,76]],[[12862,14047],[55,8],[17,-123],[-48,-87],[15,-71],[-18,-42],[42,-65],[23,-86],[112,-72],[122,-19]],[[13182,13490],[-77,-98],[-22,-166],[57,-37],[-3,-37]],[[13137,13152],[-66,10],[-43,-52],[-54,11],[-64,-25],[-51,6],[-45,-17]],[[12814,13085],[-8,82],[-72,66],[-57,2],[-46,59],[-45,166],[-60,36],[-48,71]],[[4623,4139],[20,-21],[93,-15],[27,-47],[-10,-129],[23,-75],[103,-25],[66,-32]],[[4945,3795],[-78,-39],[-59,18],[-93,-78],[-57,-74],[-169,-57],[-49,-10],[-19,-48],[-32,-20],[-159,-42]],[[4230,3445],[-25,173],[-10,108],[-125,34],[-6,102],[24,147],[21,78]],[[13215,10422],[36,-24],[23,26],[65,-2],[29,-58],[59,14]],[[13427,10378],[-6,-22]],[[13421,10356],[-10,-48],[-58,-106],[-6,80],[-83,-26],[-69,-39],[-114,-10],[-89,-63]],[[12992,10144],[-67,6]],[[12925,10150],[15,58]],[[5309,7195],[39,45],[63,24],[69,44],[-5,134],[42,6],[48,48],[39,7],[16,65],[53,22],[28,-12],[57,30],[76,-16],[39,45],[41,21]],[[5914,7658],[38,-37],[33,-101],[64,-14],[64,5]],[[6113,7511],[78,13],[62,-10]],[[6253,7514],[-168,-289],[-82,-66],[-109,-41],[-117,-14],[-26,-34]],[[29278,12609],[-8,31],[-47,12],[-35,-17],[-93,26],[12,75],[-13,30],[-77,57],[-79,96],[-86,34],[-45,-8],[-83,-50],[-33,32],[-51,-2],[0,42],[-53,38],[-29,66]],[[28558,13071],[77,-1],[19,37],[1,113],[28,65],[124,28],[-6,65],[53,46]],[[28985,13487],[35,-51],[31,-142],[64,-60],[77,-23],[13,-37],[89,-55],[17,-24],[22,-100],[-50,-69],[58,-117],[28,-91]],[[12814,13085],[12,-43],[49,-46],[-10,-111],[19,-25],[-21,-93]],[[12863,12767],[-32,-9],[-87,22],[-69,74],[-62,34],[-43,0],[-9,-52],[-37,-66],[-35,0],[-100,124],[-187,7]],[[12202,12901],[11,108],[26,108],[48,93],[45,63],[23,54],[-16,69],[-84,112],[-4,17]],[[12251,13525],[2,77],[23,50]],[[12444,12336],[-67,53],[-27,80],[-49,8],[-132,-71],[-58,4],[-86,28]],[[11910,12846],[109,37],[183,18]],[[12863,12767],[53,-89]],[[5836,4679],[-73,21],[-110,-55],[-23,-135],[-28,-5],[-48,-83]],[[5554,4422],[-46,-5],[-57,-53],[3,-32],[-74,-73],[-35,12],[-110,-40]],[[5041,4883],[55,82],[43,11],[59,48],[18,45],[35,-2],[55,-49],[34,21],[55,-26],[60,-11],[96,13]],[[5551,5015],[-3,-89],[51,-31]],[[14508,14156],[25,0],[69,75],[-38,33],[24,45],[42,-5],[-3,49],[29,37],[-42,33],[27,80],[-33,69]],[[14608,14572],[67,42],[52,61],[8,68]],[[14735,14743],[54,12],[20,48],[-6,68],[57,-3]],[[14860,14868],[30,-26],[75,-12],[-13,-49],[35,-62],[107,9],[28,-21],[8,-61],[55,-36]],[[15185,14610],[47,-52]],[[15232,14558],[5,-44],[-22,-72],[-58,-56],[-63,-35],[13,-65],[-33,-68],[-59,-49],[-149,-56]],[[14866,14113],[-61,-26],[-97,-15],[-64,26],[-36,-19],[-40,30],[-47,-2],[-13,49]],[[11035,13425],[74,18]],[[10842,12963],[-100,130],[-63,-12],[-59,17],[-29,41],[-34,-1],[-26,59],[-71,26],[-19,28],[-69,2],[-31,23]],[[10341,13276],[-9,58],[8,76],[30,19],[-51,88],[21,30],[121,49],[56,44],[104,42],[109,25],[65,49]],[[6929,11200],[9,52],[16,264],[-11,84]],[[6943,11600],[60,10],[68,33],[64,5],[33,49],[73,60],[-2,32],[39,28]],[[7278,11817],[207,-76],[70,2],[67,-25]],[[7622,11718],[22,-34],[-5,-74]],[[7639,11610],[-3,-55],[-30,-43],[-41,-20],[-23,-40],[52,-29],[22,-53],[-11,-42],[-45,-11],[-114,-102]],[[10255,12421],[-34,-67],[-62,-50],[-94,-13],[-40,-54],[41,-87],[20,-14],[23,-91],[-9,-73],[-43,-82]],[[10057,11890],[-37,-52],[-67,3],[-53,37],[-87,36],[-35,2],[-102,-37]],[[9676,11879],[28,38],[19,67],[2,126],[-51,183],[-42,74]],[[9632,12367],[14,33]],[[9646,12400],[92,-13],[71,39],[18,36],[-36,79],[-37,49],[-11,106]],[[9743,12696],[120,32],[27,-8],[60,23],[83,-6],[74,16]],[[18482,1228],[125,75],[180,127]],[[18787,1430],[24,2],[95,74],[94,-1],[62,-21],[36,-48]],[[19098,1436],[36,-28]],[[19134,1408],[69,-78]],[[19203,1330],[17,-85],[40,-6],[15,-43],[28,-163],[19,-30]],[[19322,1003],[-4,-89],[-34,-50]],[[19284,864],[-57,57],[-39,-18],[-151,42],[-29,-18],[-40,-100],[-49,-91]],[[18919,736],[-6,44]],[[18913,780],[-8,36],[24,45],[-30,93],[-54,45],[-87,41],[-31,-10],[-2,-81]],[[18725,949],[-110,122],[-47,72],[-45,33],[-41,52]],[[20338,12503],[41,-9],[40,18]],[[20419,12512],[40,-24],[82,44],[53,-57],[113,-22]],[[20707,12453],[23,-34],[-34,-100],[18,-44],[-57,-22],[-17,-47],[16,-39],[8,-88]],[[20136,12057],[28,75],[-10,60],[-69,35],[-77,71],[0,53],[-103,20],[-55,117]],[[19850,12488],[47,45]],[[19897,12533],[92,21],[39,39],[32,-22],[101,0],[-1,64],[55,1],[22,30]],[[20237,12666],[32,-60]],[[3104,9559],[-17,60]],[[3087,9619],[8,60],[50,35],[77,-20],[23,34],[24,81],[-6,81],[37,124],[64,45],[29,64],[-21,37]],[[3372,10160],[127,-24],[41,9],[96,-8],[106,12]],[[3742,10149],[55,6],[46,34],[63,-25]],[[3906,10164],[-8,-87],[-63,-80],[-61,-49],[-12,-39],[18,-95],[-89,-12],[-36,26],[-39,-15],[38,-134],[-1,-43],[55,-66],[-43,-97],[-18,-10],[-115,72],[-7,37],[-44,24],[-25,-37],[-24,-87],[28,-15]],[[19272,2098],[34,18],[66,2],[45,-24],[70,9],[115,-41],[52,23]],[[19654,2085],[8,-126],[24,-55],[-34,-141],[-51,-65],[-1,-43],[33,-51],[-8,-35]],[[19625,1569],[-62,-18],[-86,-91],[-47,-20],[-40,-39],[-116,-26],[-125,41],[-15,-8]],[[19098,1436],[28,100],[3,78],[-42,144]],[[19087,1758],[16,62],[39,39],[119,211]],[[5554,4422],[9,-41],[71,-63],[20,-87],[30,-52],[43,23],[45,-2],[23,-55],[-16,-135],[13,-20],[66,-8],[-2,-59],[98,-23],[7,-133],[12,-87],[-47,-6]],[[5926,3674],[-53,2],[-57,71],[-55,-50],[-98,-20],[-9,-23],[-69,-69],[-22,-5]],[[5563,3580],[-22,1],[-10,65],[10,74],[-42,35],[-30,68],[-102,22],[-51,133],[27,83],[-31,59]],[[16413,3959],[41,27],[8,84],[54,40],[33,80],[-5,61],[40,53],[-20,99],[-20,18],[14,62],[44,119]],[[16602,4602],[47,31],[56,-3],[59,-47],[150,-60]],[[16914,4523],[-33,-93],[104,-199],[0,-50],[36,-73],[-11,-55]],[[17010,4053],[-110,32],[-26,54],[-123,-54],[-37,-150],[2,-172],[-14,-121]],[[16702,3642],[-114,10],[-98,32],[-70,54]],[[16420,3738],[16,45],[0,65],[-26,61],[3,50]],[[17242,12042],[-24,15],[-83,-31],[-26,24]],[[17109,12050],[-55,116],[97,41],[-12,49],[-66,70],[-71,102],[-63,39],[-64,9]],[[16875,12476],[62,70],[-21,100],[-35,45],[-26,69],[48,49],[52,11],[35,44],[11,55],[-35,34]],[[16966,12953],[104,-6],[35,10],[94,-4],[36,-16],[18,-60],[48,-29]],[[12990,14182],[26,5],[42,-44],[35,14],[44,51],[62,4],[-3,-42],[104,35],[21,-118],[-11,-75]],[[13457,13698],[-20,-72],[-51,-24],[-47,-52],[-104,-3],[-53,-57]],[[8572,4941],[70,39],[147,107],[93,36]],[[8882,5123],[33,-29],[84,8],[114,46],[40,-13]],[[9153,5135],[21,-90],[-7,-102],[20,-29],[16,-158],[67,-153],[24,-112],[-34,-85],[-56,-102]],[[9204,4304],[-36,190],[-23,73],[-165,9],[-174,87],[-26,-30],[-51,-10],[-46,26]],[[8683,4649],[-78,77],[10,98],[-11,54],[-32,63]],[[8579,3504],[93,24],[65,-24],[89,2],[23,16],[175,19],[141,-33]],[[9165,3508],[-10,-98],[38,-72],[8,-52]],[[9201,3286],[-54,25],[-22,-19],[-65,2],[-26,-18],[9,-63],[-75,6],[-36,-71],[42,-98],[-8,-63],[38,-44],[-33,-64],[-1,-60],[-34,-16]],[[8936,2803],[-48,-17],[-57,12],[-150,-77],[-49,31],[-45,-18]],[[8587,2734],[46,127],[78,131],[-5,30],[22,96],[-20,55],[-126,3],[-15,90],[7,112],[15,26],[-17,64],[7,36]],[[14752,9859],[-31,-38],[-96,-40],[-89,31],[-107,-6]],[[14429,9806],[25,83],[-105,174],[19,95],[-28,69],[-55,21],[11,106],[39,95]],[[14335,10449],[56,-20],[104,43],[25,33],[110,47],[133,-35],[63,-32]],[[31042,12318],[23,161]],[[31065,12479],[79,-15],[40,89],[75,84],[40,24]],[[31299,12661],[62,-65],[74,-20],[13,-20],[178,-72],[31,-45],[-4,-61],[24,-43],[58,-39],[-28,-156],[16,-50]],[[31723,12090],[-25,-54],[12,-33],[-77,-43],[-48,82],[1,40],[-54,9],[-36,-25],[-6,-39],[-54,-2],[-218,68],[-6,29],[-83,66],[-45,84],[-42,46]],[[13427,10378],[47,45],[75,30],[72,10],[10,22],[73,-15]],[[13704,10470],[69,-107],[47,-2],[55,-25],[56,-101]],[[13931,10235],[-26,-48],[-14,-70],[-78,-24],[-50,-62],[14,-32],[-33,-33],[9,-42],[-54,7],[-9,-37],[63,-27],[-39,-74],[17,-77]],[[13731,9716],[-4,-54],[-36,0],[-14,-65],[-47,32]],[[13630,9629],[-57,4],[-48,-92],[-46,14],[-61,89]],[[13418,9644],[35,30],[-5,48],[-46,-5],[-34,44],[-102,50]],[[13266,9811],[-18,26],[87,24],[61,33],[105,11],[-34,82],[52,145],[-52,26],[-8,80],[23,28],[-61,90]],[[17539,13927],[-8,69],[61,-4],[13,120],[38,20],[65,118],[72,-2],[53,73]],[[17833,14321],[152,21],[227,79]],[[18212,14421],[-1,-47],[27,-64],[-19,-62],[-29,-26],[-29,-170],[-92,-2],[-52,-94],[-43,-40],[-2,-33],[-46,-47],[-66,-11],[-71,-31],[-46,12],[-26,-42],[29,-160],[54,-93]],[[17800,13511],[-55,-34],[-17,-50],[-43,3],[-65,32],[2,54],[-37,41]],[[6686,9789],[-201,-100],[-7,-29]],[[6478,9660],[-51,50],[-44,24],[-57,0],[-28,84],[-20,11]],[[6278,9829],[-33,67],[-73,74],[-4,45],[40,86],[67,37],[-32,77],[-35,-12],[-51,19],[6,38]],[[6163,10260],[65,68],[61,-71],[82,10],[43,97],[63,58]],[[6477,10422],[67,-38],[31,-111],[95,-104],[-6,-30],[33,-59],[58,-4],[27,28],[40,-29],[-18,-139],[-32,-57]],[[14051,12297],[-47,-89],[-42,-15],[-49,-54],[-86,-118],[-18,-55],[-43,-33],[-18,-57]],[[13748,11876],[-90,62],[-35,49],[-86,41],[-64,50]],[[13473,12078],[17,75],[43,79],[-20,75],[26,65],[-37,140],[13,62]],[[13515,12574],[251,48],[17,21],[-15,82],[16,19]],[[13784,12744],[19,-26],[81,1],[75,15]],[[4217,10136],[-45,44],[-70,6],[-24,-42],[-71,17],[-67,-14],[-34,17]],[[3742,10149],[46,87],[30,109],[-20,45],[37,44],[-20,69],[75,85],[-8,93],[77,42]],[[3959,10723],[184,79],[101,-49],[50,-66],[4,-60],[56,-28]],[[2779,8964],[-252,185],[-20,76]],[[2507,9225],[49,81],[52,136],[-20,77],[-64,93],[-46,106]],[[2478,9718],[82,-12],[94,-64],[78,-88],[37,-26],[97,-6],[74,13],[31,-22],[116,106]],[[19097,3528],[22,51],[-42,59],[58,153]],[[19135,3791],[61,32],[86,-35],[67,2],[14,27],[102,32],[12,47],[-18,47]],[[19459,3943],[71,35],[17,29],[130,-70],[-50,-76],[-61,-64],[97,-20],[112,6]],[[19775,3783],[81,37],[-29,-84],[-62,-59],[3,-35]],[[2965,14188],[110,143],[33,119],[68,-43],[41,171],[53,35],[35,-27],[32,90],[6,99]],[[3343,14775],[178,-81],[103,-58],[24,-25]],[[3648,14611],[-14,-49],[-37,-32],[4,-87],[-48,-60],[-21,-131],[-34,-23],[-30,-67],[33,-43],[-14,-79],[2,-112]],[[3489,13928],[-24,7],[-31,-60],[-46,90],[-5,95],[-112,76],[-77,13],[-127,-17],[-102,56]],[[28820,6042],[40,-58],[185,-20]],[[29045,5964],[70,-81],[55,-28],[108,-4],[52,-36]],[[29330,5815],[-37,-76],[-17,-134],[-43,-31],[29,-69],[-5,-58]],[[29257,5447],[-56,10],[-60,53],[-105,2]],[[29036,5512],[-208,0],[-67,29],[-33,50]],[[28728,5591],[-4,66],[60,84],[6,104],[-27,68],[4,31],[53,98]],[[11103,11674],[38,80],[48,45],[21,65],[111,37],[30,22],[32,58],[41,13],[-1,63],[-54,29],[29,32]],[[11398,12118],[53,31],[78,15],[83,30]],[[11612,12194],[29,-60],[23,-5],[-6,-117],[52,-35],[35,-47],[-23,-97],[-38,-57],[-9,-128]],[[11675,11648],[-54,-32],[-28,-60]],[[11593,11556],[-92,-20],[-34,17],[-67,-60]],[[11400,11493],[-52,61],[-79,24],[-83,46],[-71,-15]],[[11115,11609],[-12,65]],[[8208,9967],[-56,97],[-19,77],[-42,44],[-95,14],[-43,46],[-63,44]],[[8417,10616],[-4,-98],[-26,-37],[-50,-18],[-5,-109],[11,-70],[31,-32],[51,-1]],[[8425,10251],[40,-37],[-20,-57],[-62,-6],[-49,39],[1,-124],[22,-73],[-16,-80],[-40,20]],[[13435,11513],[101,33],[43,49],[-52,78],[33,9],[99,-40],[67,24],[14,58],[-5,105],[13,47]],[[13748,11876],[62,-24],[70,-69]],[[13880,11783],[68,-61],[43,-76],[3,-49],[25,-103],[0,-121],[-51,-109]],[[13968,11264],[-94,10],[-94,34],[-4,-48],[45,-123],[-128,-47]],[[13693,11090],[-45,51],[-6,45],[-55,44],[12,78],[-78,73],[-32,68],[-54,64]],[[18382,12797],[83,20],[83,-59],[20,-40],[48,-24],[123,53],[46,-16],[58,22]],[[18843,12753],[135,-47]],[[18978,12706],[-26,-95],[-26,-42],[-14,-72],[-76,25],[-47,-43],[5,-62],[-38,-44],[-52,-19]],[[18704,12354],[-41,-26],[-123,54],[-70,19]],[[18470,12401],[-93,45],[-106,4],[-30,36],[-48,-31],[-60,5]],[[18133,12460],[-35,50],[8,71],[83,21],[61,-27],[20,38],[-36,87],[31,37],[117,60]],[[15603,14591],[19,-3]],[[15622,14588],[131,-4],[90,-26],[98,20],[69,-81],[51,-39]],[[16061,14458],[49,-46],[-20,-90],[7,-50],[-36,-21],[-19,-53],[-55,-93],[-86,-39],[-47,-44],[-40,-15]],[[15814,14007],[-30,43],[-84,57],[-70,25],[-12,24],[-59,24],[0,62],[-43,34],[-13,46],[14,70],[42,30],[-6,74],[50,95]],[[3133,12305],[-38,-32],[-83,-104],[-10,-55],[-41,-80],[-142,-106],[-77,-49],[-15,-29],[-93,-42],[-111,-14],[-59,-28],[-57,-60],[-10,-33],[-160,-43]],[[2495,12138],[104,42],[45,1],[40,30],[53,-52],[44,24],[-85,92],[55,52]],[[21318,3901],[65,70],[69,127],[58,15]],[[21510,4113],[46,11],[37,59],[148,38],[29,-12],[125,-114],[79,-23],[126,3],[124,19],[75,-7],[69,-29],[2,-32]],[[22370,4026],[-38,-44]],[[22332,3982],[-57,30],[-32,-17],[-63,-1],[-22,-49],[-107,-137],[-53,-41]],[[21998,3767],[-164,72],[-112,14],[-50,-11],[-141,7],[-58,42],[-48,-2],[-63,-48],[-35,16],[-9,44]],[[13091,14557],[45,28],[76,17],[86,-2],[140,-40]],[[11400,11493],[62,-38],[5,-57],[-18,-32],[25,-45],[-38,-52],[-2,-33],[-133,-85],[-25,12],[-128,-108],[-80,23],[-82,47],[-109,-59]],[[10877,11066],[31,35],[33,79],[15,96],[-40,58],[9,107],[41,104],[64,14],[85,50]],[[14068,12891],[-49,43],[35,63],[-41,64],[-34,-11],[-16,55],[40,51],[63,-3],[4,129],[-20,46],[18,64],[58,57],[33,62],[65,15]],[[14224,13526],[26,-85],[77,4],[47,-35],[44,-78],[-11,-85],[-39,-38],[-7,-92],[58,-42],[49,-61],[-23,-103],[5,-24]],[[3558,6838],[-55,-91],[12,-35],[0,-85]],[[3515,6627],[-15,-54],[-65,-62],[-38,-1],[-38,52],[-29,7],[-59,99],[-87,83]],[[12635,1738],[-160,13],[-55,-17]],[[12420,1734],[-36,30],[-36,-1],[-18,47],[5,67]],[[12335,1877],[-24,42],[23,21],[14,66],[-62,62],[27,18],[-43,155],[-10,75]],[[12260,2316],[70,-4],[79,93],[2,22],[-67,53],[-10,27],[3,91],[29,17],[78,-68],[24,-1]],[[12468,2546],[64,-114],[28,-142],[4,-56],[-17,-35],[-1,-62],[107,-28]],[[5600,9918],[96,-45],[37,76],[39,29],[75,-12],[-10,-60],[19,-24],[58,-5],[-7,-103],[75,10],[-6,-34],[59,-32],[-7,-50],[18,-30],[49,-21]],[[6095,9617],[-48,-69],[-54,-22],[-12,-50],[-35,-16],[-36,-93]],[[5910,9367],[-50,11],[-92,-25],[-50,1],[-77,27],[-33,58],[-36,32],[41,51],[-35,40],[-36,-27],[-30,74],[1,106]],[[5513,9715],[-3,36],[-47,57],[18,46],[77,11],[32,-21],[10,74]],[[11362,13818],[38,134],[22,12],[47,86],[-53,67]],[[11416,14117],[50,62],[119,38]],[[11585,14217],[43,-67],[57,-32],[15,-65],[82,42],[31,-1],[23,-101],[4,-65],[19,-42],[74,-74],[-21,-21],[24,-119]],[[11936,13672],[-46,15],[-73,-13],[-36,-48],[-109,-17],[-61,35],[-63,-56]],[[11548,13588],[-72,42],[-94,106],[-20,82]],[[15880,2756],[-76,-55],[2,-119],[29,-45],[2,-40],[47,-55],[29,21],[26,-85],[22,8],[57,-46]],[[16018,2340],[-27,-58],[-110,-66],[-60,-62]],[[15821,2154],[-56,79],[10,31],[-21,71],[-93,139],[-15,72],[-71,52],[-66,11],[-98,38],[-60,49],[-25,93],[54,15],[20,27],[-15,45]],[[21602,3487],[-65,13],[-47,33],[-41,-13],[-65,-60],[-77,49],[-6,68],[-67,166],[-9,93]],[[21225,3836],[16,52],[77,13]],[[21998,3767],[25,-40],[-48,-28],[-33,-106]],[[9956,5094],[57,-81]],[[10013,5013],[30,-68],[-1,-56],[40,-77],[49,-64],[-18,-77],[6,-70],[21,-65]],[[10140,4536],[-36,-54],[31,-47],[41,-10],[38,-64]],[[10214,4361],[-85,-59],[11,-35],[-54,-15],[-31,96],[-62,55],[2,59],[-52,32],[-51,7],[-37,58],[8,48],[-35,58],[-50,43],[-39,100]],[[9739,4808],[-43,31],[-55,-1],[-27,-46],[-41,-31],[-35,41],[13,115],[115,70],[134,35],[75,42],[81,30]],[[7010,3631],[59,32],[8,73],[45,36]],[[7122,3772],[268,58],[43,-68],[47,-42],[86,-55],[72,-58],[46,-10],[73,18]],[[7757,3615],[87,-111]],[[7844,3504],[-114,-49],[-69,9],[-55,-28],[-68,-55],[-37,-155]],[[7501,3226],[-44,61],[-49,40],[-97,12],[-57,25],[-56,66],[-46,102],[-74,57]],[[7078,3589],[-68,42]],[[3027,7720],[-48,-12],[-22,45],[-39,3],[-4,50],[-52,27],[-34,-16],[-24,49],[66,245],[-11,52],[38,31],[23,-43],[48,-14],[29,75],[118,13],[75,25]],[[3190,8250],[26,-32],[79,-31],[8,-60],[43,-57],[0,-59],[48,-69],[14,-56]],[[3408,7886],[-47,39],[-113,-119]],[[3885,4534],[-70,-8],[-2,-52],[-43,-89],[-51,-41],[-60,-18],[-6,-61],[90,-6],[2,-63]],[[3745,4196],[-30,10],[-52,-22],[-55,-53],[-83,47],[7,115]],[[3532,4293],[60,75],[12,35],[-42,70],[-38,93],[-9,58],[-45,77],[-53,32],[-23,75],[-4,71]],[[3390,4879],[124,34],[36,-48],[24,34]],[[3574,4899],[66,12],[55,-9],[117,-91]],[[3812,4811],[50,12],[59,-29],[36,-62]],[[9147,7974],[15,26],[62,21]],[[9224,8021],[63,-32],[63,-83],[-13,-73],[-30,-43],[89,-72],[34,-91],[-69,-25],[-6,-51],[27,-17],[55,-101]],[[9437,7433],[-51,-21],[-96,-66]],[[9290,7346],[-45,57],[-60,-23],[-87,-2],[-54,-27],[-72,86],[37,118],[22,23],[-22,41],[24,119],[-7,39],[-55,67]],[[27310,12194],[-52,3],[-30,43],[-74,32],[-23,93],[-20,12]],[[27111,12377],[-14,60]],[[27097,12437],[50,131],[1,41],[-81,112],[-77,37]],[[26990,12758],[8,94],[21,36],[-7,51]],[[27012,12939],[118,46],[98,135]],[[27228,13120],[31,-31],[5,-57],[48,-22],[41,16],[27,-66]],[[27380,12960],[3,-62],[-63,-187],[19,-157],[17,-58]],[[9505,7386],[-68,47]],[[9224,8021],[1,51],[21,58],[41,18],[129,-16],[48,9],[5,45],[-65,71],[-6,90],[50,26]],[[9448,8373],[54,6]],[[9502,8379],[1,-44],[62,-106],[-63,-37],[9,-27],[116,5],[35,-23],[-35,-50],[9,-66],[-12,-41],[-52,-20],[-34,-39],[19,-102],[55,-63],[30,-169]],[[28073,13562],[28,40],[85,38],[52,36]],[[28238,13676],[69,-73],[116,30],[42,-76],[51,-7]],[[28516,13550],[-37,-92],[15,-40],[44,-28],[38,-64],[-14,-54],[15,-44],[-19,-157]],[[28558,13071],[-70,-32],[-35,34],[-64,-34],[-3,-39],[-50,6],[-43,-21]],[[28293,12985],[14,78],[-13,62],[-45,65],[-17,107],[-85,84],[-74,181]],[[12992,10144],[16,-58],[69,-96],[32,4],[20,-70],[64,-65],[-1,-63],[74,15]],[[13418,9644],[-95,-49],[-18,-86],[-35,-41],[-163,141],[-7,28],[-58,16]],[[13042,9653],[35,65],[9,72],[-41,10],[-80,69],[-44,12],[-62,-42],[-11,44],[-39,26],[-60,-25],[-41,14],[-42,-18],[-56,-99]],[[12610,9781],[-35,41],[1,78],[-30,68],[120,102],[188,45]],[[12854,10115],[71,35]],[[17532,3543],[38,22],[-5,34],[43,31],[-1,39],[33,34]],[[17640,3703],[43,67],[-10,57],[-35,67],[23,16],[-11,66]],[[17650,3976],[53,-24],[72,-10],[31,-108],[32,-36],[57,-24],[67,30],[90,20],[45,-53],[68,-46],[35,-69],[61,-60]],[[18261,3596],[-51,-43],[-55,-14],[-11,-50],[-176,-38],[-127,-47]],[[3551,9183],[36,-30],[48,14],[56,-12],[70,-86],[24,-77],[-42,-46],[30,-78],[56,-42],[42,-101],[61,-23],[20,-48]],[[3952,8654],[-26,10],[-76,-63]],[[3850,8601],[-59,33],[-40,102],[-47,-1],[-66,-55],[-64,-26],[-108,48],[-42,-6],[-63,71],[-82,71]],[[4782,2980],[12,66],[-56,-4]],[[4738,3042],[40,46],[9,55],[96,93],[95,54],[94,-19],[48,4],[48,50],[60,33],[25,-7],[190,19],[14,31],[81,-54]],[[10194,12822],[8,59],[-62,170]],[[10140,13051],[88,55],[7,40],[63,60],[43,70]],[[7094,2847],[-7,89]],[[7087,2936],[65,42],[8,79],[32,100],[-20,47],[-61,90],[-23,102],[-17,153],[7,40]],[[7501,3226],[-30,-39],[8,-42],[48,-55],[52,-31],[17,-40],[-28,-35],[-57,-30],[-60,-66],[-76,-55],[-50,-11]],[[16430,15111],[78,34],[138,135]],[[16646,15280],[16,-33],[80,-34],[27,-56],[5,-108],[44,-20],[-5,-92],[-40,-34],[11,-45],[-80,-61],[-31,-47],[-59,-28],[-54,-77],[3,-64],[-20,-114],[-29,-19]],[[16514,14448],[-29,-18],[-87,35]],[[16398,14465],[53,101],[5,50],[-40,43],[44,55],[8,47],[-49,45],[-19,104],[-49,45],[71,35],[-8,60],[16,61]],[[16996,14208],[1,23]],[[16997,14231],[41,63],[39,85],[35,6],[73,-33],[20,25],[-42,62],[69,44],[136,-53],[19,70]],[[17387,14500],[141,-47],[34,-4]],[[17562,14449],[-49,-83],[-51,-36],[-3,-47],[-47,-57],[-26,-4],[37,-92],[45,-39],[-6,-65],[16,-47]],[[3001,13158],[-89,108],[45,27],[49,-25],[58,52]],[[3064,13320],[89,8],[44,-28],[39,46],[60,1],[47,45],[100,8]],[[3443,13400],[49,4],[45,-60],[-32,-88],[90,-11]],[[14429,9806],[-45,-42],[-49,11],[-52,-13],[-38,-53],[-137,-73],[-59,-99]],[[14049,9537],[-59,11],[-58,41],[8,54],[55,33],[68,-23],[9,45],[-46,51],[34,76],[-10,44]],[[14050,9869],[34,57],[5,56],[57,49],[29,88],[57,106],[6,103],[-83,163]],[[14155,10491],[9,16],[103,6]],[[14267,10513],[68,-64]],[[7766,4046],[32,-89],[17,-78],[-15,-158],[-43,-106]],[[7122,3772],[10,58],[-1,141]],[[14076,14917],[17,41],[102,22],[53,22]],[[14248,15002],[62,-36],[44,47],[47,0],[62,-96],[53,-23],[96,-65],[34,-9],[89,-77]],[[14608,14572],[-56,-2],[-46,-23],[-95,4]],[[14411,14551],[-40,18],[-30,46],[-42,11],[-61,46],[-23,98],[-52,12],[-46,33]],[[12839,2616],[-15,-100],[-54,-45]],[[12770,2471],[-23,28],[-84,47],[-83,-10],[-78,42],[-34,-32]],[[12260,2316],[-59,59]],[[5820,5985],[27,10],[56,-42],[96,30],[51,-22],[39,-37],[67,45],[77,-6],[72,-30]],[[6305,5933],[31,-20],[1,-72],[44,-49]],[[6381,5792],[8,-43],[-59,-65]],[[6330,5684],[-49,-15],[-83,-118],[-74,-2],[-65,-26],[-12,-37],[-81,36]],[[5966,5522],[17,69],[-33,22],[-12,85],[-34,-11],[-25,47],[-29,100],[-6,115],[-24,36]],[[6478,9660],[45,-33],[-18,-65],[-49,-18],[-22,-90],[-72,-135],[-51,-13],[-180,22],[-47,23],[-80,-33]],[[6004,9318],[-37,37],[-57,12]],[[6095,9617],[61,17],[4,67],[37,13],[80,87],[1,28]],[[13258,5763],[67,5],[37,27],[48,117],[12,100],[124,-63],[19,46]],[[13565,5995],[14,-11],[81,29],[40,-29],[5,-88],[36,-88],[-7,-114],[48,-78],[-9,-79],[-36,-72],[28,-55],[30,69],[27,26],[60,-14],[49,-35],[24,-86]],[[13955,5370],[-116,-66],[-27,-37],[-44,-146],[-51,-112],[-30,-40],[-115,-105],[-39,-113],[-19,-141]],[[13514,4610],[-139,-25],[-78,-37],[-95,18],[-177,72],[-58,34],[-102,83],[-133,71],[-62,9],[-51,-12],[-57,-75],[-47,-32]],[[12515,4716],[-76,47],[-42,-9],[-37,112],[-18,107],[-38,98]],[[12304,5071],[47,111],[58,78],[152,32],[33,56],[56,25],[73,-4],[18,45],[-20,96],[27,35],[40,-102],[118,-10],[50,13],[96,57],[160,149],[46,58],[0,53]],[[14375,7079],[49,-126],[61,8],[120,131],[34,52],[76,-2],[82,-45],[28,55]],[[14825,7152],[16,-78],[-21,-30],[69,-96],[30,-6],[114,31],[145,17],[123,-27],[156,24]],[[15457,6987],[-7,-62],[99,-35],[5,-31],[106,-14]],[[15660,6845],[60,-52],[69,-86],[-11,-22]],[[15778,6685],[-214,-47],[-35,-27],[-165,-88],[-24,-136],[48,-50],[53,-12],[-50,-85],[-63,-81]],[[15328,6159],[-43,-18],[-2,-54],[122,-51],[59,-43],[5,-78],[30,-43],[11,-63],[39,-42]],[[15549,5767],[-36,-104]],[[15513,5663],[-64,-1],[-133,34],[-31,-85],[-66,-31],[-40,-39],[-52,-6]],[[15127,5535],[-114,50],[-30,81],[-52,26],[-148,-12],[-37,-13],[-28,-58],[-33,-29],[-66,-22],[-90,68],[-84,9],[-146,-36]],[[14299,5599],[-62,62],[-43,129],[-58,126],[10,22]],[[14146,5938],[96,-3],[27,33],[27,86],[11,109]],[[14307,6163],[19,24],[17,107],[-3,157],[-541,562]],[[23795,4649],[78,59],[-17,39],[96,29],[-8,113],[-24,22],[-71,-39],[-6,31],[40,54]],[[23883,4957],[86,-10],[20,24],[-10,69],[33,62],[-33,36],[40,31],[52,10],[26,34],[32,84],[4,49],[52,56],[43,26],[46,0]],[[24274,5428],[-8,-39],[40,-15],[42,25],[81,-22],[50,-26],[33,-40],[62,-25],[85,0],[43,-27],[19,-40],[31,2],[155,-59],[66,-68],[31,-75],[45,11]],[[25049,5030],[65,-26],[40,-107],[89,-15],[37,82],[24,30],[117,58],[61,-40]],[[25482,5012],[8,-115],[30,-105]],[[25520,4792],[28,-70],[-29,-42],[5,-127],[10,-70],[-3,-131],[37,-44]],[[25568,4308],[-88,-42],[-122,-36],[-136,-75],[-22,-64],[-64,-49],[3,-96],[-40,-91],[-50,-41],[-67,-31],[-5,-69],[96,-61],[-9,-35],[-60,-33],[-61,37],[-42,-19],[27,-61],[-61,-45]],[[24867,3497],[-41,8],[6,47],[-49,-14],[2,-34],[-30,-36],[-39,11],[-53,51],[-17,100],[-54,103],[-58,11],[-49,30],[-30,-32],[-39,50],[-25,118],[-4,77]],[[24387,3987],[48,51],[-26,47],[40,40],[39,99],[8,129],[-17,54],[-107,57],[-46,5],[-95,-17],[-49,59],[-8,32],[-102,0],[-51,33],[-9,-41],[-49,24],[-37,62],[-46,-30],[-85,58]],[[13799,7013],[0,-138],[-12,-180],[-14,-61],[-102,-147],[-23,-57]],[[13648,6430],[-55,-29],[-220,-30],[-101,-4],[-58,-27],[-40,-42],[-35,-9],[-28,31],[11,151],[-69,24],[-80,8],[-42,-30],[-22,-60],[-37,-39],[-42,-12],[-64,15],[-47,111],[113,44],[13,63],[-58,-3],[-99,-52],[-41,-51],[-103,-45]],[[12544,6444],[35,160],[-9,75],[-41,58],[-12,69],[22,153],[-9,86],[-66,107],[-48,54],[-102,73],[-88,36],[-71,9],[-66,28],[-35,55]],[[12054,7407],[37,73],[37,101],[94,119],[-14,33]],[[12208,7733],[124,127],[7,61],[68,21],[33,-44],[54,1]],[[12494,7899],[64,15],[55,-17],[86,-53],[59,-3],[52,21],[59,-2],[104,-93],[79,-120],[29,-61],[40,-120],[67,-74],[137,-6],[127,23],[63,-7],[289,-181]],[[27863,12337],[60,-40],[100,71],[25,-27],[-26,-57],[25,-85],[47,-26],[62,13],[69,-33],[48,-38],[38,-53],[-67,-59],[-90,-20],[20,-98],[24,-15],[-6,-65],[18,-91],[-9,-38]],[[28201,11676],[-20,-46],[-134,-49],[-55,23],[-12,-66],[-45,-53],[-62,-154],[34,-15],[-15,-63],[36,-53],[-14,-61]],[[27914,11139],[-128,-41],[-55,-30],[-22,-55],[-90,-23],[-59,8],[-18,-30],[-50,8],[-119,-62],[-51,-3],[-31,-29],[-59,-15],[-82,30],[-72,-33]],[[27078,10864],[-28,1],[-69,-37],[-77,59],[-11,35]],[[26893,10922],[115,69],[91,89],[124,45],[30,63],[69,-16],[94,58],[-45,104],[-58,70],[-11,78],[-36,73],[-11,66],[-28,45]],[[27227,11666],[9,35],[41,36],[42,-22],[62,47],[13,47],[-66,126],[58,58],[43,66],[-28,52]],[[25568,4308],[19,-81],[50,-21],[2,-36]],[[25639,4170],[-19,-39],[12,-49],[109,-166],[-4,-41],[34,-59],[57,-207],[16,-19],[5,-114],[13,-55],[43,-22],[54,-77],[51,14],[-10,-79]],[[26000,3257],[-126,1],[-79,-10],[-62,-20],[-106,61],[-55,41],[-57,-153],[46,-76],[-52,-20],[-35,26],[-32,-15],[-56,-81],[-81,-3],[-92,-43],[-49,-45],[-74,-111],[-43,-82],[42,-50]],[[25089,2677],[-57,1],[-62,-28],[-17,115],[-25,47],[-4,123]],[[24924,2935],[1,111],[-10,66],[-82,107],[31,83],[-34,137],[37,58]],[[27078,10864],[0,-61],[-47,-35],[78,-87],[-75,-29],[-10,-28],[-75,-57]],[[26949,10567],[-144,-27],[-63,-49],[0,-62],[-32,-39],[-67,-23],[-99,18],[-84,37],[-89,-37]],[[26371,10385],[-103,-16],[-126,29],[-61,-22],[-41,44],[-9,73],[-30,17],[-62,0],[-74,-49],[-97,-30]],[[25768,10431],[-13,88],[-39,18],[4,78],[46,6],[43,138],[-71,49],[-142,52],[-32,-16]],[[25564,10844],[-8,142],[-85,73]],[[25471,11059],[28,16],[16,82],[53,84],[18,81],[39,78],[61,77],[27,12]],[[25713,11489],[-1,-28],[44,-62],[39,-83],[53,-84],[51,-35],[50,-3],[33,31],[89,-69],[64,-18],[103,35],[38,48],[28,5],[-29,84],[-77,44],[11,25],[76,-18],[28,31],[-9,150],[-17,42]],[[26287,11584],[41,-12],[86,14],[96,3],[56,-20],[23,15],[67,-6],[30,28]],[[26686,11606],[51,-31],[55,39],[26,40],[44,18]],[[26862,11672],[5,-46],[33,-57],[-54,-60],[-33,-127],[58,-113],[48,-39],[-12,-31],[-66,-23],[-31,27],[-110,-7],[19,-56],[57,-59],[21,-39],[-35,-47],[45,-68],[72,16],[14,-21]],[[15549,5767],[45,96],[78,79],[116,-5],[16,23],[-4,106]],[[15800,6066],[125,-26],[30,-23],[11,-47],[89,32],[28,-96],[34,-167],[-52,-78],[-68,-15],[-35,-92]],[[15962,5554],[-48,53],[-120,34],[-281,22]],[[20363,5630],[27,78]],[[20390,5708],[94,41],[37,82],[36,193],[-28,62],[9,139],[20,34],[-11,123],[-42,46],[-34,97],[51,129],[-4,171]],[[20518,6825],[165,-28],[177,2],[103,-23]],[[20963,6776],[22,-65],[-77,-66],[-15,-34],[14,-60],[38,-15],[21,-50],[167,-59],[32,-28],[103,-40],[120,-108],[49,-4],[57,-39]],[[21494,6208],[16,-30],[86,-45],[26,-57],[-5,-50],[32,-64],[92,-62]],[[21741,5900],[36,-83],[-23,-57],[-41,-16],[12,-52],[-104,-113],[-50,2],[-27,-32]],[[21544,5549],[-38,34],[-68,14],[-135,15],[-60,41],[-69,5],[-88,-38],[-149,-26],[-58,-3]],[[20879,5591],[-70,88],[-130,28],[-42,30],[-82,-14],[-24,-50],[-69,-45],[-99,2]],[[31723,12090],[27,-61],[153,-7],[38,-30],[62,-3],[11,58]],[[32014,12047],[49,-12],[134,23],[74,-7],[59,-50],[30,0],[72,-56],[43,-65],[20,-66]],[[32495,11814],[-61,-95],[-41,-31],[3,-44],[-20,-61],[-139,-62],[-27,-43]],[[32210,11478],[-76,-50],[-92,43],[-26,48],[-57,39],[-60,0],[-50,-25],[-203,-137],[-54,-71],[5,-77],[-19,-74],[84,-13],[3,-76]],[[31665,11085],[-49,8],[-52,-20],[-73,45],[-99,14],[-34,34],[-49,7],[-47,-20]],[[31262,11153],[-42,51],[-39,-17],[-33,65],[38,73],[6,85],[-108,147],[-91,59],[-34,38],[-9,69],[23,76],[-25,102],[20,42],[-95,107]],[[30873,12050],[93,55],[18,193],[58,20]],[[8213,9528],[-27,-18],[5,-66]],[[8191,9444],[41,-138],[50,-71],[121,-64],[20,-25],[-16,-177],[7,-38]],[[8414,8931],[34,-43],[62,-31],[-64,-34],[-17,-57],[90,-143],[0,-111],[95,-125]],[[8302,8133],[-24,16],[-1,67],[-19,47],[-79,52],[-94,23],[-108,10],[-68,-28]],[[7909,8320],[-44,55],[-106,81],[-71,11],[-58,34],[-62,112],[-79,81],[-113,142],[-53,-24]],[[7323,8812],[60,82],[1,69],[-23,38],[5,49],[-54,108],[35,58],[14,55],[-14,73],[158,108],[9,45],[-30,38],[-7,49]],[[7477,9584],[59,12],[128,-53],[38,-46],[76,-28],[89,12]],[[27932,8761],[27,36],[-29,64]],[[27930,8861],[-7,57],[-44,56],[-23,115],[-42,15],[7,48],[-41,74],[5,95],[62,52],[90,47],[52,52],[50,137],[45,-14],[28,99],[-56,18],[-37,66]],[[28019,9778],[9,21],[125,59],[42,-20],[19,-46],[55,-13],[63,8],[19,75],[-5,53],[63,41],[24,-3]],[[28433,9953],[129,-92],[38,30],[60,-1],[100,17],[1,-65],[24,-26],[52,29]],[[28837,9845],[35,-10],[-11,-48],[44,-67],[39,-21],[-1,-87],[32,-71],[30,-14]],[[29005,9527],[-10,-48],[-30,-34],[39,-29],[9,-105],[74,-88],[-13,-29],[61,-36],[-9,-52],[21,-42],[-11,-75]],[[29136,8989],[11,-48],[-61,21],[32,52],[-76,13],[32,73],[-11,61],[-52,4],[6,-51],[-81,-4],[-60,21],[15,38],[-35,58],[-25,-4],[-35,-62],[-58,-22],[-88,-94],[-55,-43],[-77,-14],[-177,0],[24,-122],[-53,-50],[7,-85]],[[23453,9573],[57,16],[105,-25],[85,4],[76,27],[99,66],[49,47],[82,38],[23,50],[-3,97],[37,63],[185,-2],[13,8]],[[24261,9962],[43,-24],[-15,-75],[20,-33],[15,-84],[37,-17],[37,-58],[32,11],[96,-63],[48,-92],[60,-7],[53,-57],[66,5],[21,-36],[-9,-76],[9,-72],[41,-56],[-23,-82],[-41,-104]],[[24751,9042],[-130,-69],[-57,-10],[-61,84],[-122,-52],[-134,2],[-86,-38],[-56,-169],[-71,-83],[-43,-30],[-45,35],[-40,-69],[-49,2],[-70,56]],[[23787,8701],[-26,70],[-98,66],[-63,59],[-62,124],[-97,51],[-25,63],[24,43],[-39,69],[17,93],[-21,98],[57,113],[-1,23]],[[29005,9527],[52,73],[35,-32],[35,20],[-10,48],[70,-12],[47,13],[-11,63],[52,82],[52,-5],[-8,61],[71,-8],[85,6],[21,-20],[72,-11],[-6,73]],[[29562,9878],[49,27],[116,18],[89,36],[107,-2],[51,23]],[[29974,9980],[28,-26],[-53,-35],[-15,-64],[42,-112],[51,-46],[49,17],[43,-39],[76,-22],[63,-40],[-2,-26],[50,-67]],[[30306,9520],[63,-110],[-36,-29],[20,-40],[-12,-49],[-34,1],[-7,-68],[-63,-48],[-49,-17]],[[30188,9160],[-65,8],[-19,-78],[-85,-76],[-86,-48],[-62,-15],[-8,-37]],[[29863,8914],[-25,36],[-82,31],[-88,-78],[-49,18],[-6,54],[16,47],[-93,14],[-43,-79],[-98,-29]],[[29395,8928],[-109,97],[-95,17],[-17,-39],[-38,-14]],[[23874,7584],[160,-9]],[[24034,7575],[67,-18],[52,16],[68,-42],[31,9],[144,-48],[100,4],[7,-35],[83,-64],[108,-33],[41,-77],[64,34],[35,-40],[49,-15]],[[24883,7266],[14,-175],[42,-57],[128,-54],[138,21],[68,30],[50,-71]],[[25323,6960],[-40,-96],[35,-44],[41,-5],[5,-92],[43,-73]],[[25407,6650],[-80,30],[-41,46],[-43,80],[-116,53],[-40,-27],[-24,-40],[-96,-36],[-60,-49],[-5,-48],[-156,-105]],[[24746,6554],[-98,13],[-53,76],[-57,10],[-92,-34],[-127,-35],[-71,42],[-46,1],[-37,-78],[-52,-51],[-129,-44]],[[23984,6454],[-58,32],[-26,90],[-8,77],[12,55],[-69,18],[-24,89],[73,66],[50,83],[-109,-6]],[[23825,6958],[42,77],[-20,74],[19,139],[-42,62],[-15,72],[69,101],[-4,101]],[[29562,9878],[-47,40],[36,29],[-31,90],[-35,61],[-49,26],[13,148],[-28,15],[-72,127],[-66,11],[-60,-27],[-56,-8],[10,82],[58,-15],[40,45],[-25,201]],[[29250,10703],[42,32],[35,69],[71,23],[5,22],[73,40],[2,45],[51,79],[50,51],[48,-33]],[[29627,11031],[22,-67],[-18,-29],[63,-45],[79,11],[49,-89],[111,22],[62,-80],[67,-29],[24,12],[72,-128],[46,-58],[4,-43],[41,-52],[43,-22],[43,-63],[61,-26],[47,-79],[-34,-90],[26,-31]],[[30435,10145],[-63,-63],[-147,6],[-97,-73],[-51,-20],[-103,-15]],[[15402,3290],[-75,-68],[-71,-34],[-125,60],[-109,-7],[-99,-47],[-100,-106],[-93,-38]],[[14730,3050],[-47,-1],[-76,-36],[-22,-23],[-58,3]],[[14527,2993],[-87,243],[9,53],[41,106],[-20,67],[-62,47],[-139,89],[-87,107],[-9,51],[6,78],[-17,163],[1,83],[16,76]],[[14179,4156],[73,36],[170,68],[53,5],[107,41]],[[14582,4306],[-10,-45],[-6,-131],[116,-42],[51,0],[78,-20],[5,-28],[65,-90],[41,-35],[3,66],[75,-26],[49,9],[-33,-88],[55,-83],[61,-11],[108,9]],[[15240,3791],[88,-47],[156,-213]],[[15484,3531],[-3,-168]],[[29627,11031],[25,18],[24,66],[-3,57],[51,-9]],[[29724,11163],[88,0]],[[29812,11163],[58,8],[149,87],[20,-25],[69,7],[37,-41],[34,55],[57,28],[36,-35],[39,22],[-19,39],[8,55]],[[30300,11363],[105,31],[96,56],[99,-30],[-3,-53],[111,10],[73,-127],[70,-150],[-41,-16],[49,-71],[-10,-85]],[[30849,10928],[5,-38],[37,-48],[6,-93],[24,-46],[41,-31],[-3,-158],[-103,-50],[-54,29],[-94,-44],[-3,-87],[15,-69],[24,-11],[33,-75]],[[30777,10207],[-116,-40],[-93,-22],[-133,0]],[[31747,8726],[75,21],[63,-15],[102,-7]],[[31987,8725],[28,-5],[142,-88],[117,-174],[120,-120]],[[32095,7671],[-503,-83]],[[31592,7588],[-71,50],[-137,11],[-87,200],[-62,42]],[[31235,7891],[-24,73],[43,108],[127,102],[-2,29],[104,63],[24,41],[2,57],[60,179],[54,117]],[[15008,10773],[-29,58],[-32,101]],[[14947,10932],[12,46],[64,46],[125,10],[66,77],[0,71],[23,52],[76,44],[-3,40],[-38,58],[-7,41],[-77,-33],[-20,14],[50,80]],[[15218,11478],[57,-7],[57,20],[-11,-112]],[[15321,11379],[16,-35],[85,-13],[45,-20],[21,63],[57,24],[50,-13],[25,-91],[75,-28],[44,-69],[143,-15]],[[15882,11182],[82,-59],[59,-70],[39,-25],[82,17],[20,-101]],[[16164,10944],[-9,-58],[31,-58],[-8,-52],[86,-70],[-55,-74],[0,-75]],[[16209,10557],[-27,-8],[-72,57],[-42,7],[-68,-21],[-100,-122],[-57,-23],[-39,-87],[2,-68]],[[15806,10292],[-45,2],[-58,-99],[-39,-29]],[[15664,10166],[-69,-10],[-128,14],[-75,80]],[[30769,5288],[84,14],[90,-25],[69,52],[34,116],[32,17],[71,69],[-41,122],[-64,39],[1,39]],[[31045,5731],[91,154],[74,20],[75,-15],[36,30],[98,35],[52,48],[74,10],[62,-12],[75,32],[144,-43]],[[31826,5990],[35,-35],[19,-65],[-6,-73],[-21,-70],[3,-49],[23,-45],[-23,-61],[-85,-52],[-89,-73],[-41,-21],[-76,-129],[-94,-68],[23,-75],[80,-38],[179,-30],[29,-27],[27,-84],[32,-37],[67,-27],[66,-68],[50,-99]],[[32024,4764],[-140,17],[-97,-13],[-173,-35],[-150,18],[-90,24],[-199,7],[-106,36],[-44,-7]],[[31025,4811],[-34,80],[-47,61],[-63,166],[-62,109],[-38,5],[-12,56]],[[25520,4792],[35,18],[57,-30],[38,36],[54,7],[51,30],[57,3],[60,49],[80,40],[165,-38],[102,-94],[65,54]],[[26284,4867],[62,28],[31,58],[41,18],[80,-15],[19,-24],[96,-7],[57,48]],[[26670,4973],[77,-72],[53,-89],[67,-63],[47,-68],[36,73],[39,20],[50,-8],[6,-34]],[[27045,4732],[-20,-10],[-8,-114],[-20,-71],[43,-74],[21,-104],[-18,-122]],[[27043,4237],[-91,41],[-111,36],[-34,50],[-174,46],[-22,-37],[31,-37],[-15,-47],[-65,-21],[-29,8],[-62,-42],[-65,-26],[-158,-8]],[[26248,4200],[-136,74],[-22,30],[-78,-14],[-39,-44],[-154,-60],[-88,59],[-44,-25],[-48,-50]],[[14810,7913],[-38,86],[-88,35],[-103,-1],[-22,62],[-69,46],[-46,56]],[[14444,8197],[202,56],[37,-13],[56,28],[68,132],[83,75],[31,41],[90,32],[56,43]],[[15067,8591],[42,60],[20,165],[24,22],[28,77],[-18,82],[12,38],[128,87]],[[15303,9122],[60,1]],[[15363,9123],[39,-15],[42,-54],[133,-63]],[[15577,8991],[-6,-121],[-27,-14],[-66,46],[-33,-37],[15,-111],[-71,-10],[-3,-118],[-46,-24],[17,-56],[36,-57],[7,-71],[25,-38],[-14,-43],[56,-39]],[[15467,8298],[19,-27],[-34,-86],[-18,-92],[48,-51],[-16,-123],[16,-54],[-62,-121],[-2,-44],[86,-103]],[[15504,7597],[-41,-47],[13,-45],[-29,-31],[5,-41]],[[15452,7433],[-31,-19],[-81,-12],[-48,27],[-62,65],[-68,45],[-52,173],[-29,37],[-119,33]],[[29603,4453],[44,20],[50,1],[12,-58],[82,-13],[87,-48],[57,51],[-28,97],[8,33],[61,-50],[39,63],[52,16],[18,105]],[[30085,4670],[50,5],[57,-48],[74,60],[52,22],[67,3],[100,-19],[168,-51],[181,-48],[83,-46],[29,-1]],[[30946,4547],[-16,-108],[-171,-132],[-87,-7],[-81,-52],[-24,-57]],[[30567,4191],[9,-45],[51,-19],[37,-54],[4,-72],[-33,-127]],[[30635,3874],[-105,-13],[-93,12],[-66,-24],[-121,3],[-52,39],[-56,10]],[[30142,3901],[-60,32],[-197,6],[-103,-38],[-86,4],[-57,33]],[[29639,3938],[-91,150],[-45,52],[-7,64],[59,103],[48,146]],[[29057,8258],[48,101],[70,-16],[46,16]],[[29221,8359],[59,20],[80,-15],[52,65],[65,37],[45,-10],[26,60],[162,42],[9,39],[70,9],[40,76],[22,13]],[[29851,8695],[54,-129],[-56,-24],[-32,-50],[25,-62],[94,65],[28,-8],[39,-67],[17,-96],[104,-29],[-51,-66],[-6,-65],[36,-74],[43,-2],[-1,-46],[38,-46],[42,-17],[40,34],[80,14],[-34,-95],[32,-90],[-58,-119]],[[30285,7723],[-93,17],[-39,-52],[-41,-24],[-80,54],[-75,-47],[7,-40],[-40,-20],[-20,-46],[-41,13],[-106,-38],[-27,-78],[-61,4]],[[29669,7466],[-93,24],[-15,61],[-34,4],[-98,-36],[-82,24],[-97,62],[-50,5]],[[29200,7610],[-30,20],[6,62],[21,32],[22,82],[-24,146]],[[12304,5071],[-119,25],[-87,-16],[-67,24],[-105,-31],[-75,34],[-76,100],[-72,-21],[-94,15],[-43,18],[-24,41]],[[11542,5260],[60,73],[3,55],[41,62],[-49,15],[-58,113]],[[11539,5578],[81,45],[37,38]],[[11657,5661],[27,30],[72,-41],[92,12],[52,-24],[48,4],[38,55]],[[11986,5697],[125,-2],[85,-14],[54,28],[24,157],[40,77],[69,92],[79,126],[44,33]],[[12506,6194],[72,-79],[96,-66],[136,-124],[25,-31],[41,-115],[24,-40],[49,-22],[69,6],[240,40]],[[32289,7344],[-60,-42],[-20,-84],[38,-104],[23,-161],[-9,-67],[-249,-138],[-38,-40],[10,-46],[-28,-24],[-48,-3],[-87,30],[-43,-30],[-98,3]],[[31680,6638],[-615,206]],[[31065,6844],[40,75]],[[31105,6919],[132,194],[44,77],[80,66],[115,54],[89,114],[27,164]],[[26372,8168],[101,-2],[122,49]],[[26595,8215],[130,-39],[49,-52],[103,-49],[146,-47],[76,8],[39,-13]],[[27138,8023],[89,1],[99,19]],[[27326,8043],[-37,-117],[63,-123],[12,-116],[-8,-60],[-65,-62],[66,-36]],[[27357,7529],[-79,-41],[-158,-38],[-20,-30],[-75,-14],[-56,-41],[-59,-79],[-56,-25],[-23,11],[-77,-73],[-109,-45],[-90,-16],[-28,30],[-42,-17],[-58,22],[-35,-14],[-46,42]],[[26346,7201],[54,32],[31,80],[-30,72],[-38,35],[-110,23]],[[26253,7443],[9,109]],[[26262,7552],[-46,59],[-1,76],[-57,66],[5,52],[60,83],[-11,42],[52,88],[-2,42],[63,86],[47,22]],[[25991,11717],[23,-79]],[[26014,11638],[-62,-96],[-101,-4],[-138,-49]],[[25471,11059],[-58,-21],[-138,-20],[-211,11],[-130,-66],[-78,-60]],[[24856,10903],[-8,65],[-37,31],[-36,-11],[-99,39],[-39,-18]],[[24637,11009],[-8,27],[-115,-9]],[[24514,11027],[14,47],[-26,68],[3,55],[41,9],[94,156],[29,94],[-53,61],[-9,42],[16,46],[94,75],[60,-56],[43,-8],[42,17],[43,-17],[52,53],[102,68],[-15,45]],[[25413,12087],[85,10],[11,41],[40,-12]],[[25549,12126],[19,-36]],[[25568,12090],[-57,-129],[0,-36],[33,-115],[66,-15],[24,21],[47,-20],[10,-73],[-8,-43],[75,-71],[42,44],[62,13],[29,27],[-34,38],[-36,77],[-9,89],[87,11]],[[31665,11085],[46,-48],[59,15],[44,-58],[76,-69],[141,-72],[35,-65],[4,-69],[40,-49],[6,-98]],[[32116,10572],[-98,3],[-42,31],[-66,21],[-52,-32],[-7,-61],[42,-66],[-15,-55],[-47,6],[-51,-45],[-34,-63]],[[31746,10311],[-25,-19],[-141,-16],[-81,1],[-97,-11],[-73,11],[-305,-19]],[[31024,10258],[-35,-19],[-93,-9],[-36,8],[-83,-31]],[[30849,10928],[113,72],[32,43],[44,7],[72,-42],[20,34],[-17,45],[55,23],[48,-5],[-5,57],[51,-9]],[[17815,11972],[160,-26],[97,43],[48,41],[99,156],[99,50],[62,47],[90,118]],[[18704,12354],[18,-90],[-20,-140],[13,-72],[63,-66],[64,-33],[87,-12],[113,-98],[122,-37],[34,-19]],[[19198,11787],[-19,-23]],[[18305,11402],[-34,-52],[-47,-14],[-74,18]],[[18150,11354],[-23,64],[-37,35],[3,82],[-59,3],[-56,-30],[-81,-3],[3,59],[-82,-5],[-74,28]],[[17744,11587],[31,40],[-28,65],[-51,14],[-2,68],[-53,62],[-45,7],[-44,38]],[[31065,6844],[-42,-100]],[[31023,6744],[-47,-52],[-121,-88],[-67,-69],[6,-67],[39,-71],[30,-139],[-8,-61],[-28,-27],[-109,22],[-53,-41],[-40,4]],[[30625,6155],[-33,-38],[-62,-10],[-199,-68],[11,67],[-46,32],[-26,44],[-65,0],[-14,65]],[[30191,6247],[-78,59],[-53,-1],[-80,18],[-74,31],[-79,15],[-6,72],[17,75],[-50,82],[-50,24]],[[29738,6622],[73,69],[-1,86],[57,146]],[[29867,6923],[81,-6],[243,103],[59,46],[417,-103]],[[30667,6963],[438,-44]],[[23929,3892],[49,-15],[90,-2],[88,29],[154,95],[77,-12]],[[24924,2935],[-134,25],[-84,-11],[-337,80],[-188,20],[-124,33],[-34,69],[-136,8],[-45,30],[-101,38],[-188,135]],[[22163,5056],[48,40],[83,40],[58,92],[49,33],[16,43],[45,21],[34,52]],[[22496,5377],[83,15],[49,-35],[45,1],[75,-25],[76,10],[78,-28],[0,-72],[45,-10],[11,66],[28,45]],[[22986,5344],[57,-97],[46,-110]],[[23089,5137],[-18,-54],[15,-57],[45,-80],[24,-66],[-19,-54],[-19,-180],[-27,-62]],[[23090,4584],[-89,-81],[-122,-156],[-40,-224]],[[22839,4123],[-56,0],[-8,-36],[-70,-2],[-35,-70],[-87,19],[-10,-69],[-107,-3]],[[22466,3962],[60,39],[-16,41],[22,44],[-56,134],[-18,92],[-53,67],[2,124],[-41,117],[4,34],[-69,34]],[[22301,4688],[30,46],[26,115],[-5,75],[-83,1],[-15,49],[-91,82]],[[20363,5630],[28,-74],[-19,-38],[-55,-36],[-73,-74]],[[20244,5408],[-23,-12],[-117,7],[-46,-28],[-158,-15],[-107,-29],[-109,45],[-72,-16],[-79,-105],[-36,-231],[-44,-43],[-15,-40]],[[19438,4941],[-74,25],[-82,11],[-176,-45]],[[19106,4932],[3,70],[21,57],[17,96],[-102,98],[-60,-29],[6,56],[51,138],[42,39],[16,59]],[[19100,5516],[43,2],[76,32],[47,92],[-18,44],[26,46],[-3,55],[51,55],[-15,61],[7,39],[45,89]],[[19359,6031],[133,-50],[63,12],[14,43],[42,20],[8,36],[53,60],[-32,31],[0,47],[75,103],[19,-6],[102,24],[44,33]],[[19880,6384],[2,-100],[-54,-175],[24,-86],[41,-80],[45,-39],[8,-67],[-17,-118],[19,-55],[37,-21],[188,69],[189,10],[28,-14]],[[23453,9573],[-64,52],[-54,60],[-46,7],[-78,-21],[-111,-12],[-39,20],[-15,43],[-79,23],[-17,20]],[[22950,9765],[88,114],[-36,79],[-45,30],[-30,68],[-2,48]],[[22925,10104],[16,37],[53,52],[56,77]],[[23050,10270],[74,-24],[36,-34],[55,-13],[169,114],[78,17],[39,-55],[39,14],[59,53],[17,128]],[[23616,10470],[51,8],[33,-29],[58,9],[88,-19],[39,-21],[58,32]],[[23943,10450],[108,-37],[23,-37],[113,-46],[15,-26]],[[24202,10304],[52,-33],[-6,-47],[26,-36]],[[24274,10188],[10,-95],[-23,-51],[0,-80]],[[17232,5504],[-14,106],[17,42],[2,80]],[[17237,5732],[23,26],[-13,97],[29,32],[32,-18],[89,24],[10,48],[-28,35]],[[17379,5976],[125,44],[22,-7],[12,-107],[28,-6],[124,-77],[18,61],[29,-7],[10,55],[107,-83],[18,-32],[-21,-60],[6,-46],[-43,-48],[-1,-48],[29,-63],[51,-4],[6,-37],[169,-137]],[[18068,5374],[-40,-30],[-131,-45],[-41,-59],[34,-89],[-14,-49],[19,-62],[48,-47],[-25,-34],[-11,-63],[-43,-29]],[[17864,4867],[-34,31],[-76,-3],[20,-62],[-23,-38],[4,-87],[-67,-42]],[[17688,4666],[-14,40],[-125,-81],[-83,30],[-69,5],[-17,29]],[[17380,4689],[-12,88],[-80,15],[-82,3],[-97,58],[-20,52],[37,44],[48,98],[22,75],[-5,98],[7,81],[-17,36],[30,25],[21,142]],[[25049,5030],[-8,62],[16,40],[50,32],[6,28],[-40,170],[47,10],[44,40],[-12,114],[-73,-7],[5,34],[116,10],[-20,117],[1,44],[-65,61],[-66,145],[-52,45]],[[24998,5975],[23,8],[51,74],[8,45],[40,33],[86,31],[48,66],[56,6],[172,86]],[[25482,6324],[24,-24],[53,-1],[18,-24]],[[25577,6275],[123,-45],[53,-125]],[[25753,6105],[-27,-66],[15,-142],[-12,-106]],[[25729,5791],[-37,-130]],[[25692,5661],[-48,-50],[-24,-64],[-23,-140],[-44,-43],[-3,-91],[-45,16],[-32,-30],[5,-46],[40,-94],[-36,-107]],[[31022,9490],[-48,16]],[[30974,9506],[0,31],[41,66],[58,39],[4,24],[-69,10],[-2,35],[70,32],[22,52],[-7,44],[40,69],[-22,72],[-93,201],[8,77]],[[31746,10311],[2,-13],[130,-12],[37,-26],[-22,-139],[70,-133],[-3,-74],[43,-138]],[[32003,9776],[-139,-168],[-16,-93],[-43,-65],[-50,-102],[-17,-120],[-58,4]],[[25972,9492],[14,84],[41,45],[88,26],[77,43],[79,2],[-51,84],[-31,9],[-65,70],[-57,95],[13,54],[78,90],[172,45]],[[26330,10139],[141,-7],[88,-35],[129,-31],[78,-45],[43,-100],[46,14],[-32,-100],[-42,-59],[68,-133],[165,-126],[23,-46]],[[27037,9471],[16,-75],[-48,-84],[39,-30],[48,-65],[75,4],[-3,-72],[-81,-10],[-113,4]],[[26970,9143],[-40,-11],[-165,10],[-8,-25],[-79,2],[-42,-17],[-56,51],[-24,82]],[[26556,9235],[-34,50],[-41,12],[-131,-36],[-124,-16],[-88,27]],[[26138,9272],[21,42],[-37,18],[-137,-41],[-39,26],[-73,-14],[-18,28],[35,63],[41,19],[41,79]],[[13565,5995],[-41,61],[14,60],[54,55],[3,62],[39,98],[14,99]],[[14307,6163],[-165,-39],[-15,-27],[2,-120],[17,-39]],[[14299,5599],[-57,-29],[-41,-50],[18,-57],[41,-68]],[[14260,5395],[-12,-27],[-130,-30],[-141,4],[-22,28]],[[32024,4764],[109,-15]],[[32133,4749],[-22,-113],[-21,-157],[-77,-101],[-66,-116],[-144,-4],[-16,-79]],[[31787,4179],[-1,-49],[63,-218]],[[31849,3912],[-106,46],[-99,26],[-105,0],[-69,63],[-138,21],[-41,14],[-25,79],[-104,59],[-118,11],[-170,-9],[-97,-30],[-131,25],[-79,-26]],[[30946,4547],[79,264]],[[26670,4973],[-8,35],[38,117],[59,44],[-100,212],[-3,40],[35,16],[79,68],[45,-25],[50,32],[0,41],[74,-7],[36,16]],[[26975,5562],[18,-67],[35,-3],[18,-65],[41,-51],[86,-72],[17,-39],[52,-30],[10,31],[-16,90],[5,41],[62,23],[25,31],[49,11],[36,-14],[46,-70],[132,-48],[57,3]],[[27648,5333],[7,-62],[32,-26],[16,-66],[-42,-77],[-34,-102],[7,-30],[-29,-64],[75,-79],[19,20],[45,-32]],[[27744,4815],[-36,-79]],[[27708,4736],[-95,-80],[-60,-72],[-76,-47],[-33,6],[-49,-51],[-40,28],[-149,20],[-59,51],[-38,8],[-51,61],[-13,72]],[[24856,10903],[186,-151],[25,-59],[67,-29],[7,-75],[38,-35],[42,-10]],[[25221,10544],[13,-83],[22,-29],[15,-121],[41,-40],[73,-42],[91,-94]],[[25476,10135],[22,-28],[-34,-55],[-48,-19],[-139,-8],[-74,-58],[-37,7],[-34,79],[-99,-29],[70,-122]],[[25103,9902],[-98,12],[-4,63],[-30,31],[-71,-43],[-68,2],[-134,55],[-142,20],[-40,71],[-199,49],[-43,26]],[[24202,10304],[102,87],[57,103],[55,-20],[63,158],[41,173],[26,29],[89,57],[2,118]],[[26949,10567],[14,-92],[44,3],[21,-37],[47,45],[49,11],[27,42],[118,-10],[86,46],[47,-25],[-17,-68],[-62,-104],[67,-144],[81,35],[-3,-63],[19,-52],[-74,-38],[26,-34]],[[27439,10082],[59,-43],[-29,-95],[-102,-61],[7,-54],[87,14],[54,-105]],[[27515,9738],[-93,-37],[-68,-111],[-40,-6],[-126,61],[-38,-11],[-13,-40],[-37,-5],[-22,-81],[-41,-37]],[[26330,10139],[-59,69],[23,59],[70,64],[4,30]],[[26368,10361],[3,24]],[[28106,7932],[-88,41],[-84,58],[-102,28],[-175,29],[-114,-2],[-217,-43]],[[27138,8023],[-9,153],[-10,37],[10,74],[44,25],[-10,83],[-25,103],[6,61],[-69,69]],[[27075,8628],[1,66],[-21,74],[-3,95]],[[27052,8863],[61,-15],[33,35],[127,9],[39,27],[76,26],[32,-12],[46,35],[131,0],[37,43],[87,-52],[6,-57],[135,7],[34,-47],[34,-1]],[[27357,7529],[9,-40],[48,-29],[42,-92],[81,-86],[42,-65],[25,-110],[26,-73]],[[27630,7034],[-121,-102],[-70,-42],[-84,-87],[-70,-38]],[[27285,6765],[1,30],[-76,66],[-89,-9],[-82,12],[-46,-57],[-78,-37],[-32,42],[-44,6],[-138,90],[-49,-2],[-35,-47],[10,-45]],[[26627,6814],[-77,-40],[-83,-80],[0,-106],[-110,-31]],[[26357,6557],[-54,45],[-33,105],[-62,69],[-81,33],[-100,93],[-30,51]],[[25997,6953],[19,52],[116,41],[17,31],[57,40],[35,84],[49,16],[56,-16]],[[11657,5661],[-45,17],[-21,86],[-2,67],[-33,199],[12,50],[56,112],[23,104],[-57,40],[-24,46],[30,100],[-3,69],[-32,82],[3,102],[62,178]],[[11626,6913],[6,52],[-23,62],[-53,46],[-8,47],[35,67],[107,134],[78,88],[56,28],[159,-14],[71,-16]],[[12054,7407],[-9,-144],[-46,-249],[30,-223],[5,-145],[-27,-112],[-8,-77],[36,-152],[-7,-154],[-32,-52],[-17,-92],[2,-130],[14,-112],[-9,-68]],[[29711,5266],[54,-15],[36,-49],[41,-2],[57,90],[61,2],[72,24],[100,7],[8,20],[78,57],[53,67]],[[30271,5467],[43,-33],[-11,-51],[33,-44],[84,-30],[86,37],[38,-5],[58,29],[8,55],[53,34]],[[30663,5459],[48,-27],[47,-50],[11,-94]],[[30085,4670],[-31,47],[-68,44],[-18,62],[-15,141],[-52,38],[-131,52],[-67,61]],[[29703,5115],[-37,29]],[[12544,6444],[-23,-51],[-27,-144],[12,-55]],[[23912,8336],[-93,65]],[[23819,8401],[74,33],[24,68],[-91,7],[-52,37],[-101,-9]],[[23673,8537],[-33,49],[22,86],[61,42],[64,-13]],[[24751,9042],[85,49],[35,-22],[44,6],[79,41],[9,-106],[53,-71],[77,5]],[[25133,8944],[93,-155],[51,-52]],[[25277,8737],[-128,-98],[-229,-137],[-57,-50],[-50,-18],[-139,-10],[-90,-41]],[[25103,9902],[42,-77],[51,-65],[52,0]],[[25248,9760],[-37,-104],[-39,-35],[14,-99],[-23,-45],[121,-52],[19,14],[79,-5],[51,-62],[38,-14]],[[25471,9358],[-24,-88],[35,-118],[-157,-95],[-61,-21],[-79,-64],[-52,-28]],[[28201,11676],[31,22],[43,-10],[65,24],[31,-6]],[[28371,11706],[32,-50],[76,-11],[56,-82],[85,-9],[145,-79],[23,44]],[[28788,11519],[33,-76],[-8,-58],[64,-26],[37,-57],[23,-68]],[[28937,11234],[-42,-12],[-71,-81],[-53,-119],[44,-59],[76,15],[90,-10],[-30,-91],[-32,-28],[-39,0],[-128,-27]],[[28752,10822],[-122,-48]],[[28630,10774],[-76,6],[-44,18],[-15,67],[-68,30],[-56,-1],[-134,-89],[-102,-113],[-10,63],[-50,20]],[[28075,10775],[-16,97],[16,44],[-18,36],[-77,34],[-21,110],[-45,43]],[[14398,12200],[47,-20],[14,-79],[31,-18],[51,-122],[22,-16],[101,14],[82,-90],[103,-72],[96,1],[89,70],[139,86],[28,26]],[[15201,11980],[21,-11],[30,-68],[-18,-72],[-60,-64],[-1,-29],[80,-144]],[[15253,11592],[-65,-19],[-43,-57],[-80,-5],[-126,14],[-28,-24],[-97,-31],[-44,-57],[16,-54],[-1,-87],[11,-83],[-45,-39],[-91,-21]],[[14660,11129],[-16,-24],[-63,-14],[-82,14],[-34,19],[-62,-23],[-22,-68]],[[14381,11033],[-79,56],[-5,21],[-112,6],[-41,-32],[-60,11],[8,45]],[[14092,11140],[51,72],[1,58],[101,172],[15,36],[31,155],[-28,32],[-54,4],[-20,23],[29,55],[-19,38],[15,60],[-27,37]],[[14187,11882],[23,75],[4,83],[46,81],[7,105],[14,25]],[[30025,12338],[56,-83],[60,-10],[56,70],[95,12],[37,-73],[118,-37],[31,-111],[31,-49],[2,-45],[38,-33],[-32,-126]],[[30517,11853],[-45,-16],[-59,-45],[-6,-39],[-44,-39],[5,-33],[-61,-91],[-43,-22],[31,-53],[-6,-57],[11,-95]],[[29812,11163],[5,61],[-26,94],[-55,15],[-27,81],[5,27],[58,96],[-8,79],[-22,57],[8,79],[-19,56],[22,42],[-29,110],[74,74],[2,63]],[[18829,10824],[0,-62],[-40,-148],[-48,-49],[-38,-14]],[[18703,10551],[-48,25],[-136,-21],[-29,14],[-163,-34],[-40,19],[-86,-12],[-13,-51],[-57,-23]],[[18131,10468],[-52,7],[-82,66],[-17,44],[-93,20],[-41,-6],[-146,51],[37,87],[-33,80],[-56,28],[-50,58]],[[17598,10903],[22,42],[120,96],[19,28],[188,72],[62,38],[86,22],[10,60],[45,93]],[[19880,6384],[75,35],[0,40],[-29,59],[-49,19],[-34,74],[67,57],[46,0],[25,29],[46,9]],[[20027,6706],[180,77],[129,-5],[125,39],[57,8]],[[31235,7891],[-82,7],[-56,-104],[2,-80],[-28,-40],[-249,1],[-49,15],[-54,-5],[-36,56]],[[30683,7741],[32,19],[-25,71],[-7,72],[9,79],[19,54],[-35,15],[16,44],[-12,57],[16,73],[-37,68],[9,94],[-40,47],[-21,71],[-91,20],[-9,26],[52,39]],[[30559,8590],[101,22],[198,-5],[47,17],[-11,101],[55,64],[37,84],[49,-3],[34,-40]],[[7621,6464],[10,-34],[57,-38],[62,5],[21,23],[49,-41],[1,-29],[-48,-43],[0,-71],[-18,-20],[39,-66],[114,-57]],[[7908,6093],[70,-128],[-30,-61]],[[7948,5904],[6,-33],[-39,-34],[-69,27],[-30,-65],[-7,-67],[-55,-16]],[[7754,5716],[-71,87],[-54,-29],[-58,-56],[5,-49],[43,-56],[-95,-43],[-53,-12],[0,-49],[-60,-36]],[[7411,5473],[-69,-123],[-54,-17],[-48,23],[-28,66]],[[7212,5422],[-34,16],[-22,72],[-24,164],[-107,91]],[[7025,5765],[-44,36],[-43,-42],[-2,68]],[[6936,5827],[187,112],[-8,46]],[[7115,5985],[-12,26],[31,112],[-13,55],[9,74],[42,26],[-58,62],[-2,52]],[[21620,2912],[-94,27],[-13,-19],[-79,30],[-8,52],[-62,74]],[[21364,3076],[-84,-43],[-81,5],[-74,55],[-100,-15],[-25,-63],[-30,57],[20,50],[-21,54],[-54,5],[-106,67],[-45,-76],[-297,-89],[-11,-32],[32,-58],[-57,-27]],[[20431,2966],[-1,1]],[[20430,2967],[44,207],[11,98],[-20,57],[-32,40]],[[20433,3369],[115,34],[76,54],[17,43],[80,49],[85,98],[32,74],[64,26],[56,-29],[72,2],[100,35],[95,81]],[[29724,11163],[-26,55],[16,47],[-52,11],[-44,-17],[-38,45],[-77,-4],[-109,28],[-24,-31],[-49,85],[-38,21],[-18,56],[-54,-30],[-49,1],[-52,-81],[-68,-64],[-55,-7],[-50,-44]],[[28788,11519],[85,44],[4,59],[23,33],[68,4],[29,104],[-91,189]],[[28906,11952],[50,9],[73,-26],[54,54],[-1,68],[13,75],[58,45],[18,63],[23,4]],[[14973,5375],[69,54],[69,9]],[[15111,5438],[46,-27],[49,0],[84,-31],[81,-58],[45,-5],[39,-91],[51,-1],[-9,62],[18,14],[119,-2],[57,-79],[67,107],[-27,57],[17,73],[46,43],[77,-26],[91,80]],[[15962,5554],[7,-106],[-27,-57],[26,-88],[98,-57],[58,-48],[-16,-32],[-7,-87],[103,-35],[128,11],[61,43],[29,-38],[93,21],[35,-12],[27,-39]],[[16577,5030],[32,-41],[8,-180],[-7,-62],[-30,-45],[-2,-66]],[[16578,4636],[-31,3],[-82,63],[-40,-9],[-34,-61],[-28,-14],[-177,-21],[-91,47],[-63,56],[-46,3],[-106,-23],[-50,33],[-73,-7],[-61,-26]],[[15696,4680],[-47,126],[-113,200],[-56,48],[-105,20],[-105,130],[-31,70],[-73,39],[-112,-26],[-47,6],[-34,82]],[[27052,8863],[-58,19],[-27,51],[-73,5],[-3,129],[53,31],[26,45]],[[27515,9738],[73,-124],[99,84],[109,-10],[66,20],[39,-13],[32,49],[51,-8],[35,42]],[[30667,6963],[-134,489],[-28,43],[4,115],[-24,9]],[[30485,7619],[112,75],[86,47]],[[30559,8590],[-36,56],[-45,28],[13,39],[-57,47],[-57,-29],[-16,90],[-27,62],[21,33],[11,100],[-13,24],[-82,-19],[-83,139]],[[30306,9520],[51,24],[478,-13],[139,-25]],[[5404,8556],[-65,-24],[-18,-81],[50,-82],[14,-46],[-39,-64]],[[5346,8259],[-61,19],[-23,-42],[-3,-48],[-88,-20],[-74,14]],[[5097,8182],[-105,4],[-61,-29],[-72,-3],[-32,-50],[-56,-49],[-84,-22],[-77,1],[-54,-12],[-72,26]],[[4484,8048],[-19,57],[-93,53],[-35,127],[-4,46],[-92,36],[-23,42],[-58,39],[-33,-1]],[[4127,8447],[-39,56],[14,87],[-14,83],[-31,57]],[[4057,8730],[29,6],[50,53]],[[9243,6224],[8,61],[34,46],[42,12],[28,37],[100,7],[81,49],[8,72],[38,105],[47,18],[53,-8],[77,14],[91,-18]],[[9850,6619],[-9,-50],[20,-48],[110,-58],[12,-35],[-42,-50],[5,-44],[132,-22]],[[10078,6312],[28,-58],[82,-112],[13,-166],[39,-61],[101,-65]],[[10341,5850],[-21,-23],[-83,-38],[-61,-6],[-171,-70],[-57,-32]],[[9948,5681],[-11,36],[-74,111],[-44,31],[-166,61],[-171,-47],[-62,-58],[-59,-37],[-52,-55]],[[22571,11530],[110,-40],[109,-14],[22,-18],[132,-36],[32,53],[60,16],[73,44]],[[23109,11535],[47,-2]],[[23156,11533],[24,-43],[42,-31],[31,20],[79,-1],[18,-20],[43,-118],[13,-60],[-27,-16],[9,-47],[57,-6],[-2,-66],[-52,-109],[-75,-60],[-10,-65],[23,-29],[4,-66],[20,-19]],[[23353,10797],[-28,-23],[-51,-3],[-81,-50],[-26,-37]],[[23167,10684],[-32,1]],[[23135,10685],[-42,24],[-64,-3],[-10,-80],[-47,-17],[-20,59],[-51,0],[-70,54],[-21,-1]],[[22810,10721],[-3,42],[-39,-1],[-39,30],[-40,3],[-91,43],[-76,12],[18,57],[33,-6],[11,62],[-45,14],[21,47],[-70,141],[22,144]],[[26556,9235],[-13,-30],[-170,-105],[-37,-39],[18,-52],[-3,-69],[-24,-55]],[[26327,8885],[-72,-135],[-82,-42],[-16,14],[-64,-41],[-54,-86]],[[26039,8595],[-52,0],[-15,26],[-68,17]],[[25904,8638],[-30,29],[-72,10],[-85,-9],[-273,6]],[[25444,8674],[-50,12],[-74,73],[-43,-22]],[[25471,9358],[63,-16],[65,-48],[170,-40],[38,-19],[45,8],[90,-44],[133,35],[63,38]],[[26248,4200],[-98,-109],[5,-24],[80,44],[38,-25],[-49,-41],[33,-50],[121,-15],[32,-51],[-13,-66],[9,-62],[56,-108],[71,-32],[51,-7]],[[26584,3654],[-20,-19],[-13,-62],[14,-45],[-25,-45],[-60,-12],[-79,-80],[-41,-59],[-63,-28],[-54,-101],[-48,-42],[-108,-26]],[[26087,3135],[-14,50],[-73,72]],[[29395,8928],[-22,-46],[-68,-28],[-62,-70],[20,-175],[-25,-53],[20,-32],[-36,-89],[-1,-76]],[[8556,6334],[-44,-2],[-11,-33],[12,-58],[-26,-59],[-73,-38],[-19,-25],[-102,-47]],[[8293,6072],[-31,-28],[-81,30],[-12,31],[23,92],[-51,22],[-51,-57],[-10,-48],[-57,-27],[-115,6]],[[14198,8397],[-71,164],[-84,27],[-27,54],[22,46],[-57,23],[-33,32],[27,77]],[[14306,9009],[74,29],[74,65],[28,-55],[51,-57],[45,30],[33,71]],[[14611,9092],[83,4],[31,-21],[54,-103],[-15,-47],[55,-5],[99,-35],[37,-64],[47,-145],[65,-85]],[[14444,8197],[-46,38]],[[26584,3654],[32,32],[176,16]],[[26792,3702],[58,17],[78,60],[75,-38],[0,-84],[66,-29],[32,-31],[25,-56],[-46,-72],[-16,-71],[50,-34],[16,-47],[22,-124]],[[27152,3193],[-70,-14],[-141,-98],[-50,-4],[-109,-84],[-199,-29],[-37,-21],[-35,-69],[-39,-41],[-90,-58],[-133,-69]],[[26249,2706],[-37,59],[46,50],[-110,56],[12,49],[-42,41],[5,95],[-36,79]],[[14025,9387],[61,70],[-63,35],[26,45]],[[14976,9626],[-35,-46],[-6,-78]],[[14935,9502],[-28,-26],[-58,-12],[-79,-130],[-39,-23],[25,-43],[-109,-69],[-40,-34],[-73,-21],[-3,-35],[80,-17]],[[23399,6441],[-77,43],[-41,-6],[-37,40],[-60,20],[-48,-11],[-67,26],[-80,82]],[[22989,6635],[-71,42],[-50,65],[-1,109]],[[22867,6851],[6,56],[33,75],[62,86],[98,31],[19,140]],[[23085,7239],[66,-6]],[[23151,7233],[56,-89],[72,9],[68,-75],[50,-20],[69,-76],[39,37],[68,18],[69,-25],[26,-34],[102,3],[55,-23]],[[23984,6454],[-13,-33],[-183,-68]],[[26975,5562],[56,56],[4,76]],[[27035,5694],[98,67],[55,-29],[47,41],[44,-12],[45,17],[89,151],[69,54],[-18,83],[-95,49],[-10,79]],[[27359,6194],[21,31],[67,-14],[8,21]],[[27455,6232],[58,-26],[57,-7],[91,-72],[142,-158],[82,68],[66,1]],[[27951,6038],[-6,-53],[49,-28],[9,-51],[34,-38],[-21,-114],[7,-64],[-17,-105]],[[28006,5585],[-48,-31],[-16,-82],[-48,-83],[15,-26],[-58,-40],[-117,25],[-86,-15]],[[30285,7723],[54,-68],[107,25],[39,-61]],[[29867,6923],[-69,69],[-133,215],[-23,25]],[[29642,7232],[-39,14],[-12,54],[43,30],[12,112],[23,24]],[[1448,13026],[27,75],[38,30],[42,72],[92,102],[-43,92],[-15,77],[-69,98]],[[1520,13572],[62,36],[76,-49],[71,53],[19,101],[-12,83],[-31,57]],[[1705,13853],[97,6]],[[1802,13859],[115,-5],[108,-22],[122,-45],[84,-47]],[[2231,13740],[8,-33],[-32,-93],[49,-22],[0,-45],[29,-20]],[[2285,13527],[-19,-75],[56,-55],[10,-65],[-54,-25],[40,-104],[-100,-70],[-12,-33],[-57,-38]],[[2149,13062],[-82,-63],[-33,-71],[-100,24],[-56,-2],[-17,-82]],[[1861,12868],[-88,-28],[-55,34],[-50,0]],[[1668,12874],[-4,23],[-187,103],[-29,26]],[[27607,3565],[30,82],[44,69],[72,-34],[49,-5],[72,39],[46,-3]],[[27920,3713],[14,-65],[117,-127],[130,-72],[69,18],[38,94],[43,39],[68,-2],[81,34],[93,-1],[50,-47]],[[28623,3584],[28,-46],[62,0],[67,56],[35,-30],[-19,-33],[46,-87],[12,-85],[-21,-43],[-6,-101]],[[28827,3215],[-105,-25],[-94,-52],[-66,-23],[-77,5],[-229,-2],[-99,5],[-100,-13],[-34,-34],[-36,45],[-62,36],[-81,-1],[-92,27]],[[27752,3183],[13,63],[-95,102],[-17,40],[26,127],[-19,27],[-53,23]],[[17325,3327],[-177,-42],[-63,-45],[-50,-5],[-77,32],[-9,30],[-61,63],[-23,-10],[-11,-80],[-23,-71],[0,-86]],[[16831,3113],[-45,108],[-52,64],[3,47],[-43,80],[57,50],[22,120],[-71,60]],[[17010,4053],[102,-49],[101,19],[92,30],[55,-99],[55,-14],[40,-35],[74,-33],[17,-40],[94,-129]],[[21203,9139],[76,1],[32,-50]],[[21311,9090],[35,-28]],[[21346,9062],[-52,-58],[-42,-83],[-115,-123],[-107,-8],[-43,-91],[-28,37],[-67,7],[-111,-20],[-41,2],[-61,-72],[-30,-73],[-62,-98],[-80,-69],[-68,-26],[-26,-34],[-69,2],[-71,25]],[[20273,8380],[-11,48],[12,55],[-14,50],[38,83],[4,88],[-45,34],[-166,-8]],[[20091,8730],[-8,58],[10,73],[49,63],[110,95],[30,56],[83,48],[10,42],[76,42],[3,82],[79,2],[32,79],[23,-63],[-12,-53],[45,-10],[74,20],[-5,-133],[19,-14],[57,22],[51,-18],[57,0],[89,-53],[14,-26],[59,-8],[46,23],[35,41],[86,41]],[[15409,13215],[78,65],[60,9],[10,67],[40,33],[-20,27],[45,55],[39,19],[117,-61],[14,46],[56,41],[10,57],[30,56]],[[15888,13629],[28,-6],[13,-53],[49,-66],[52,-10],[73,20],[43,-16]],[[16146,13498],[147,5],[34,-123],[73,-32],[38,3],[104,-88]],[[16542,13263],[-25,-58],[-106,-82],[-8,-36],[-73,-47],[-67,-12],[-127,-94],[-58,-17],[-70,11],[-55,40],[-49,-34],[50,-32],[-20,-61],[-46,-15],[-17,-66],[-55,-63]],[[15816,12697],[-33,-18],[-80,51],[-14,23]],[[15689,12753],[-87,97],[-5,112],[-51,24],[-43,-30],[-50,-7],[-39,52],[2,100],[21,33],[-28,81]],[[5286,7204],[-14,39],[-90,112],[-72,78],[-76,-14],[-77,36]],[[4957,7455],[-46,55],[24,21],[48,-4],[-17,77],[12,47],[-22,63],[57,51],[14,47],[53,32],[42,118],[85,139],[-102,29],[-8,52]],[[5346,8259],[-11,-89],[-32,-54],[68,-26],[35,5],[82,-53],[82,-16],[47,10],[20,-52],[57,59],[146,-23],[53,-45],[7,-85],[-29,-52],[-19,-97],[44,-8],[34,-56],[-16,-19]],[[23819,8401],[-41,-11],[-171,-20],[-34,-23],[6,-50],[39,-21],[-19,-61],[-52,-30],[29,-230],[28,-80]],[[23604,7875],[-103,3],[-70,95]],[[23431,7973],[-36,16],[-12,41],[-81,93],[-64,1],[-45,18],[-68,55],[-57,-1],[-87,-55],[-56,-12],[-48,19],[-68,73]],[[22809,8221],[45,93],[22,68],[11,82],[-3,128],[-65,87],[17,80],[46,-1],[4,51],[45,32]],[[22931,8841],[75,-29],[18,-29],[103,9],[74,-49],[45,-15],[118,0],[91,-43],[51,-48],[42,-70],[30,-23],[78,-21],[17,14]],[[23326,2768],[64,5],[79,-12],[57,-29],[157,-29],[35,92],[128,5],[49,42],[37,-9]],[[23932,2833],[-23,-106],[13,-29],[-33,-76],[35,-132],[24,-8],[41,-60],[57,-7],[19,-25],[92,-5],[2,-20],[83,-38],[183,-30],[91,6],[73,20],[137,9],[93,50],[174,9],[71,65],[64,25]],[[25128,2481],[13,-187],[13,-50]],[[25154,2244],[-56,-2],[-187,-56],[-234,-20],[-175,-42],[-93,-15],[-151,44],[-114,45],[-81,14],[-234,-25],[-260,15],[-99,69],[-98,108],[-75,65],[-27,52]],[[23270,2496],[-8,97],[42,-12],[24,46],[-3,54],[-27,15],[28,72]],[[23255,4293],[13,35],[84,64]],[[23352,4392],[46,67],[177,8],[60,33],[116,17],[0,37],[-55,17],[-20,31],[38,39],[41,-17],[40,25]],[[23352,4392],[-147,158],[-81,15],[-34,19]],[[23089,5137],[51,29],[102,28],[80,52],[174,56],[42,36],[57,14]],[[23595,5352],[70,-161],[78,-35],[79,45],[44,50],[44,7],[-48,-130],[-2,-52],[22,-31],[-23,-62],[24,-26]],[[28433,9953],[55,78],[-14,126],[-59,45],[-8,27]],[[28407,10229],[-35,156],[55,59],[-9,75],[89,28],[28,49],[55,58],[12,70],[28,50]],[[28752,10822],[50,-64],[65,-34],[67,14],[80,-14],[75,-55],[12,-32]],[[29101,10637],[33,-53],[-22,-28],[12,-68],[-43,-37],[45,-39],[19,-105],[-6,-70],[-88,-44],[31,-47],[23,-67],[-33,-50],[44,-35],[24,-46],[-52,-29],[-116,-11],[-131,3],[-31,-13],[27,-53]],[[25444,8674],[-14,-132],[-22,-81],[-31,-31],[9,-59],[-52,-71],[43,-90],[41,-10],[0,-71],[-57,-32],[48,-59]],[[25409,8038],[-80,-44],[-107,-25],[-82,-41],[-106,42],[-83,-34],[-5,-53],[12,-76],[26,-2],[54,-69],[58,-26],[27,-43],[-2,-52]],[[25121,7615],[-61,-16],[-86,144],[-38,8],[-111,49],[-126,84],[-75,64],[-48,-60]],[[30517,11853],[28,39],[95,22],[139,97],[94,39]],[[28820,6042],[-40,74],[5,79],[-94,61]],[[28691,6256],[40,140],[-3,74],[54,77],[50,24],[-38,50],[-107,19],[-43,34],[-48,-6],[-77,72]],[[28519,6740],[29,42],[-5,34],[91,44],[61,8],[31,29]],[[28726,6897],[29,-17],[61,27],[108,-5],[84,-30],[51,-3],[100,-25],[15,-35],[94,-94],[81,71]],[[29349,6786],[6,-53],[-106,-75],[3,-42],[62,-53]],[[29314,6563],[31,-34],[4,-63],[44,-75],[58,-64],[-2,-52],[-79,-39],[0,-55],[-38,-39],[-77,-31],[-85,50],[-59,-67],[-66,-130]],[[22867,6851],[-67,16],[-67,46],[-42,47],[21,46],[-46,17],[-118,-14],[57,76],[-28,51],[-65,43]],[[22512,7179],[-22,62],[15,31],[-32,82],[-42,27],[28,84],[-12,85],[13,74],[-31,34],[-5,52],[-38,60],[7,26],[-20,102],[-39,38],[-15,42],[15,104]],[[22334,8082],[89,-29],[93,-3],[109,97]],[[22625,8147],[6,-71],[29,-109],[58,-28],[-10,-76],[45,-79],[41,-24],[172,-144],[25,-141],[-29,-71],[48,-1],[59,-53],[16,-111]],[[17033,9081],[64,42],[45,82],[35,23],[118,-19],[78,15],[13,53],[-26,34],[-56,11],[-12,40],[37,23],[43,-4],[63,54],[44,54],[65,31],[49,-21]],[[17593,9499],[56,-88],[75,-9],[73,-51],[63,14]],[[17860,9365],[44,-3],[30,-42],[119,-33],[11,-37],[-50,-65],[-51,-32],[14,-39],[44,-10]],[[18021,9104],[-23,-53],[-144,-61],[-92,-17],[-50,-60],[-17,-59],[6,-128],[-39,-48]],[[17662,8678],[-121,15],[-47,16],[-8,100],[-21,48],[-53,-7],[-11,-26],[34,-96],[-20,-46],[-55,-5],[-167,64],[-123,62],[-22,51],[23,79],[-13,97],[-25,51]],[[9059,7981],[-10,176],[34,119],[-18,50],[121,258],[35,40],[76,0]],[[9297,8624],[86,-103],[63,-122],[2,-26]],[[29314,6563],[74,8],[21,-18],[106,16],[56,-29],[101,36],[66,46]],[[30191,6247],[-105,-116],[-30,-94],[0,-42],[-72,-25],[-109,-14]],[[29875,5956],[-41,11],[-95,-35],[-98,-14],[-33,-34],[-103,-74],[-107,-15],[-20,-23],[-48,43]],[[31045,5731],[-71,155],[-94,68],[-123,-18]],[[30757,5936],[-57,80],[-61,26],[-14,113]],[[31023,6744],[408,-534],[137,-37],[61,16],[128,-14],[44,12]],[[31801,6187],[-1,-110],[26,-87]],[[28106,7932],[-66,-13],[-70,-65],[-20,-84],[-80,-61],[-24,-40],[-19,-99],[16,-61],[-5,-128],[42,-72],[69,-40],[-33,-32],[-2,-62],[-33,-33]],[[27881,7142],[-251,-108]],[[25972,9492],[-50,19],[-3,36],[-47,27],[-96,0],[-47,13],[-53,43],[-7,50],[-37,39],[-71,35],[-75,-22],[-16,24],[-73,4],[-63,33],[-86,-33]],[[25476,10135],[10,27],[67,50]],[[25553,10212],[42,-13],[81,-54],[91,13],[60,22],[30,-56],[60,-44],[71,72],[163,115],[217,94]],[[23156,11533],[31,25],[43,86],[52,-15],[28,50],[55,-22],[84,3],[30,17]],[[23479,11677],[6,-18],[86,-3],[18,-17]],[[23589,11639],[-4,-82],[47,-27],[35,9],[52,-27],[54,-5],[220,-80]],[[23993,11427],[38,-27],[8,-79],[36,-66],[77,-18],[9,-43]],[[24161,11194],[-125,-94],[-71,-84],[-62,-91],[-43,-12],[1,-60],[-55,-51],[-8,-26]],[[23798,10776],[-58,22],[25,52],[-133,35],[-94,-48],[-55,10],[-36,-38],[-94,-12]],[[24514,11027],[-152,12],[-116,118],[-85,37]],[[23993,11427],[103,114],[66,150],[-5,25],[31,90],[80,10],[82,-25],[3,96],[113,18],[67,24],[120,73]],[[16154,8255],[-69,-70],[-50,2],[5,-59],[-84,-49],[0,-46],[94,-27],[18,30],[76,-41],[5,-61],[-50,-54],[-59,23],[9,38],[-18,53],[-37,5],[-16,-58],[-49,-73],[-39,-25],[5,-51],[-84,1],[-12,-109]],[[15799,7684],[-34,-11],[-44,-118],[-65,-81],[-84,83],[-6,24],[-62,16]],[[15467,8298],[66,31],[154,125],[29,-8],[38,-60],[49,-44],[63,77],[103,91],[76,37],[-30,56],[49,52]],[[11744,2889],[-81,61],[-137,76],[-77,96]],[[11449,3122],[16,98],[43,70],[62,62],[78,52],[24,90],[72,41],[45,185],[-10,66],[20,39]],[[11799,3825],[49,-22],[17,-65],[-48,-56],[82,-45],[106,-83],[67,69],[52,31],[40,64],[33,6]],[[12197,3724],[-42,-94],[27,-45],[81,9],[96,-20],[137,-7]],[[12496,3567],[19,-159],[-45,-73],[-7,-55],[35,-78]],[[15484,3531],[155,196],[70,13],[85,-61],[10,60]],[[15804,3739],[87,30],[104,19],[42,58],[101,64],[84,18],[30,43],[58,24],[103,-36]],[[16420,3738],[-40,-46],[-64,-9],[-90,-43],[-69,-2],[19,-144],[29,-71],[65,-72],[27,-3],[39,-58],[31,-8],[-9,-114],[-20,-38],[-61,-26],[-90,47],[-66,7],[-110,-6]],[[12483,12139],[-97,-27],[-32,-98],[-29,-52],[-64,30],[-79,-1],[9,-43],[-28,-21],[4,-69],[36,-18]],[[12203,11840],[-5,-64],[32,-63],[-9,-31],[-93,-35],[-68,16],[25,82],[-54,22],[-64,-16],[-22,-51],[-73,-10],[-13,-48],[-68,15],[-116,-9]],[[11612,12194],[10,67],[63,32],[-7,69],[34,56]],[[30757,5936],[-6,-86],[-55,-21],[-29,-75],[-24,-16],[0,-114],[33,-26],[-25,-100],[12,-39]],[[30271,5467],[-46,57],[-88,30],[-35,88],[21,61],[-94,-48],[-80,23],[-92,150],[18,128]],[[4230,3445],[-18,-40],[55,-78],[23,-73],[-12,-90],[29,-29],[15,-70],[51,-37],[-8,-32]],[[4365,2996],[-18,-18],[-93,-1],[-88,26],[-58,-39],[-41,35],[-53,-5],[-130,-40],[-20,-25],[-61,-8]],[[3803,2921],[-11,66],[-67,60],[-6,48],[13,67],[-45,21],[24,57],[-56,104],[-28,8],[-86,-63],[-91,-23]],[[3450,3266],[-43,-6],[-30,62],[1,58],[85,92],[45,90],[1,49],[-41,18],[-17,-38],[-44,16],[-41,-80],[-35,0],[9,78],[-79,-46],[-7,35],[47,109],[-36,34],[-62,-68],[-55,5],[-43,44],[-11,78]],[[3094,3796],[65,15],[37,32],[61,26],[31,44],[-2,61],[-81,107],[33,75]],[[3238,4156],[51,7],[13,60],[43,33],[85,-47],[65,32],[-4,34],[41,18]],[[3745,4196],[53,-16],[-14,-77],[81,-76],[32,1],[25,67],[84,9],[16,51]],[[2966,5502],[46,7],[57,-49],[51,55],[11,67],[52,-54],[13,-54],[57,11]],[[3253,5485],[-4,-92],[29,-63]],[[3278,5330],[22,-79],[-76,-69],[8,-53],[-49,-42],[15,-100]],[[3198,4987],[-84,-53]],[[3114,4934],[-26,38],[22,46],[-7,38],[-53,35],[-81,-13],[-45,86],[-30,28]],[[2894,5192],[2,61],[-47,85]],[[2849,5338],[9,54],[54,49],[8,37],[46,24]],[[1398,5913],[33,19],[-6,57],[126,58],[-50,61],[34,40],[-44,68],[36,32],[3,62],[25,72],[38,36],[-15,40],[-47,-12]],[[1531,6446],[-64,60]],[[1467,6506],[66,33],[85,-31],[22,-49],[49,12]],[[1689,6471],[49,-150],[26,-21],[-7,-59],[47,-77],[63,-5],[-11,61],[-36,105],[13,66],[51,58],[43,-33],[57,-129],[63,-29],[96,45]],[[2143,6303],[6,-21],[-66,-86],[-20,-62],[68,-31],[33,29],[38,-17]],[[2202,6115],[-46,-82],[-78,17],[-24,42],[-57,-5],[-40,-80],[6,-75]],[[1963,5932],[-61,-27],[-107,-7],[-54,-23],[-10,-131],[-24,-27],[-3,-68],[-34,-11],[-38,100],[-19,-63],[-70,59],[-27,83],[-63,36],[-55,60]],[[1467,6506],[-71,51],[-38,-1],[-11,-45],[-40,1],[38,88],[-41,29],[-22,44],[7,51],[-31,45],[-1,66],[-18,119],[13,53],[68,19],[34,33],[33,-24],[72,9],[47,-53],[39,-8],[18,-59],[52,-58],[13,-106],[64,-64],[26,-3],[38,-139],[-81,-11],[14,-72]],[[2202,6115],[93,30]],[[2295,6145],[16,-32]],[[2311,6113],[13,-56],[44,-99],[-32,-47],[33,-35],[6,-62],[-19,-92],[27,-39],[-26,-113]],[[2357,5570],[-61,-4],[-76,-31],[-53,-53],[-40,79],[9,74],[-56,103],[8,36],[-49,36],[-34,-17],[-11,101],[-31,38]],[[2849,5338],[-74,28],[-69,-28],[-75,31],[-51,56],[-48,6],[-5,37],[-39,39],[-51,12],[-80,51]],[[2311,6113],[93,29],[22,27],[78,-51],[70,11]],[[2574,6129],[55,-3],[52,-57],[112,16]],[[2793,6085],[24,-31]],[[2817,6054],[42,-38],[-29,-44],[17,-67],[-70,-16],[10,-64],[44,-92],[38,-5],[42,39],[57,-98],[-17,-91],[15,-76]],[[2574,6129],[-29,39],[51,83],[60,22]],[[2656,6273],[-5,-37],[68,4],[14,-78],[70,-30],[-10,-47]],[[2817,6054],[59,9],[84,42],[82,-17],[19,61],[-28,22],[-2,51]],[[3031,6222],[52,-14],[42,-50],[166,-66]],[[3291,6092],[56,-89],[-6,-38],[-41,-53],[-52,-14],[-17,-106],[-36,-83],[54,12],[16,-39]],[[3265,5682],[55,-29],[11,-88],[-78,-80]],[[2295,6145],[1,85],[25,25]],[[2321,6255],[24,2],[47,-54],[20,7],[56,109]],[[2468,6319],[8,-25],[70,-24],[30,19],[-51,47],[5,27]],[[2530,6363],[32,-12],[63,32],[29,-28]],[[2654,6355],[2,-82]],[[2199,6630],[24,65],[40,-34],[41,18],[45,-30],[82,40],[43,-4],[52,61],[46,-8]],[[2572,6738],[47,-56],[-51,-55],[-3,-39],[-38,-60]],[[2527,6528],[-69,8],[-34,-25],[-64,-6],[-37,-28],[-43,26],[-35,72],[-46,55]],[[2211,7188],[24,-2],[66,-57],[38,-111]],[[2339,7018],[7,-26],[-133,-77],[-68,62],[-22,-68],[22,-75],[-28,-4]],[[2117,6830],[-38,-2],[-35,60],[-63,14],[-61,97],[40,24],[-44,72],[-1,76],[101,40],[84,46],[48,-20],[32,-42],[31,-7]],[[2855,6794],[-37,-53],[-77,-42]],[[2741,6699],[-44,42],[-105,13],[-20,-16]],[[2199,6630],[-101,47],[-29,45],[62,78],[-14,30]],[[2339,7018],[42,4],[21,55],[77,33],[-2,45],[26,24],[71,-2],[25,21],[50,-3],[21,22]],[[2654,6355],[28,21],[58,8]],[[2740,6384],[42,1],[37,-97],[49,32],[13,51],[90,33],[41,-52]],[[3012,6352],[7,-50],[52,-27],[-40,-53]],[[3043,6700],[-11,-84],[-46,-48],[-4,-48],[35,-26],[10,-68],[-15,-74]],[[2740,6384],[-13,35],[3,68]],[[2730,6487],[41,21],[-34,61],[-17,67],[20,40]],[[2740,6676],[1,23]],[[2740,6676],[-37,-12],[-41,-50],[-43,-11],[-5,-68],[33,-6]],[[2647,6529],[-40,-41],[-80,40]],[[4220,5300],[-75,83],[-118,-15],[10,53]],[[4037,5421],[61,-3],[3,34],[39,41],[-5,56],[-50,30],[-16,102],[29,2],[-36,93],[-33,36],[-97,-8],[-28,53],[-38,-13],[-37,32],[-13,65]],[[3816,5941],[29,61],[47,6],[11,59],[-39,5],[-14,35],[20,42]],[[3870,6149],[82,-7],[4,34],[48,70],[-25,17],[6,65],[59,86]],[[4044,6414],[62,-54],[28,-44],[72,-3],[87,55],[63,17],[61,-78],[73,-40]],[[4490,6267],[-28,-71],[-34,-28],[27,-152],[-16,-36],[15,-50],[41,6],[36,-38],[-19,-72],[28,-10],[14,-60]],[[4554,5756],[-1,-58],[-102,-26],[-25,-83],[53,-45],[3,-44]],[[3515,6627],[42,-30],[26,-52],[81,-64],[21,-62],[-7,-32],[16,-69],[-12,-35]],[[3682,6283],[-26,-48],[-41,-20],[-32,15],[-67,-55],[-102,16],[-28,-42],[-66,17],[-29,-74]],[[2211,7188],[44,131],[-5,77],[111,-26],[14,46],[-24,51],[58,26],[58,-3],[56,57],[-42,48],[27,37],[-12,54]],[[2496,7686],[41,7],[205,-129],[2,-14]],[[1988,8255],[43,76],[41,35],[40,61],[59,-6],[31,23]],[[2202,8444],[24,-15],[57,11],[61,-72],[58,-1],[22,-32],[72,-8],[40,-55],[-2,-59],[-105,-132],[-75,-28],[27,-130],[-10,-76],[51,-58],[0,-91],[-49,-48]],[[2373,7650],[-47,43],[-67,4],[-98,-61],[-20,38],[-42,7],[-61,71],[8,90],[-3,81],[70,32],[89,75],[-23,63],[-66,96],[-45,41],[-80,25]],[[20645,11275],[18,-76],[36,-56],[102,-59],[74,1],[83,-34],[55,-38],[97,-33],[111,-56],[2,-52]],[[21223,10872],[-21,-17],[50,-66],[-27,-69]],[[21225,10720],[-76,-2],[-69,16],[-30,72],[-226,40],[-53,37],[-122,3],[-56,26],[-25,-27],[-8,-97]],[[20560,10788],[-42,9]],[[20518,10797],[-87,64],[-109,-41],[-72,-6],[-20,50],[-43,22],[-80,-24],[-68,3]],[[20039,10865],[-53,167],[11,109],[0,90],[17,84],[110,52],[19,29],[82,19],[31,30]],[[28728,5591],[-64,-13],[-49,-44],[-18,-100],[-26,-26],[-49,75],[-24,-1],[-66,-72]],[[28432,5410],[-51,48],[-2,73],[-30,54],[-29,4],[-38,-86],[-72,18],[-74,-24],[-83,43]],[[28053,5540],[-47,45]],[[27951,6038],[10,25]],[[27961,6063],[80,-11],[57,-24],[55,-4],[100,-27],[174,136],[27,-4],[49,92],[188,35]],[[12335,1877],[-30,-46],[-60,-28],[-20,-76],[-78,-32],[-47,-111],[-49,-3],[-36,-40],[-50,-23],[-1,-48],[-37,-58],[-15,-68],[4,-62],[-42,-18],[-6,-40]],[[11868,1224],[-69,73],[-37,92],[-51,102],[-55,49],[-36,78],[-68,86],[-101,90],[-58,0],[-56,44],[-69,12],[-99,54],[-87,20],[-113,82],[-49,27],[-82,18],[-62,48]],[[10776,2099],[68,-1],[79,75]],[[10923,2173],[60,11],[55,-11],[94,-66],[51,-12],[69,2],[148,53],[181,31],[97,-10],[159,-51],[106,-1],[78,23],[50,43],[61,96],[70,46],[58,-11]],[[4738,3042],[-35,4],[-63,-28],[-78,4],[-49,-25],[-125,12],[-23,-13]],[[4945,3795],[68,8],[67,29],[-9,76],[37,42],[-14,60],[27,67]],[[5563,3580],[53,-64],[5,-109]],[[4567,5480],[143,-14],[54,145],[36,22],[2,51]],[[4802,5684],[64,18],[17,-53],[110,-49],[58,41],[29,45]],[[5080,5686],[32,-2],[46,-44]],[[5158,5640],[-15,-111],[-37,-4],[-19,-204],[-45,-67],[-76,-35],[-7,-62],[37,3],[7,-68],[39,-34],[1,-101],[-25,-57]],[[8936,2803],[-36,-51],[8,-81],[101,10]],[[9009,2681],[-11,-67]],[[8998,2614],[-67,-60],[-83,-126],[-4,-49]],[[8844,2379],[-17,-4],[-54,-103],[-23,-14],[-17,-64],[-70,6],[-25,-35],[-55,-22],[-46,1]],[[8537,2144],[-24,59],[-33,-4],[-18,49],[11,79],[-23,32],[0,80],[-84,109]],[[8366,2548],[-13,22],[47,62],[44,21],[73,92],[70,-11]],[[8844,2379],[-18,-127],[21,-60],[-10,-66],[-28,-68],[10,-88],[51,-81],[-85,-142],[-1,-30],[-47,-91],[-6,-67],[-39,-15],[-24,-101]],[[8668,1443],[-47,65],[-25,12],[-64,207],[46,128],[8,60],[-19,164],[-30,65]],[[9009,2681],[100,30],[75,-33],[74,72]],[[9258,2750],[25,-1],[5,-95],[44,0],[41,-94]],[[9373,2560],[-109,-15],[-32,16],[-56,-18],[-49,30],[-53,65],[-76,-24]],[[9165,3508],[35,-16],[82,21],[52,-2]],[[9334,3511],[-17,-53],[4,-67],[-38,-59],[23,-74],[33,-53],[61,-18],[23,-35],[11,-73],[34,-36],[-22,-40],[19,-139],[16,-40],[-10,-71],[17,-51],[65,-27],[17,-63],[-23,-40]],[[9547,2572],[-174,-12]],[[9258,2750],[-54,51],[-1,60],[68,10],[40,35],[-77,46],[-17,35],[-4,111],[-42,44],[-32,92],[62,52]],[[4554,5756],[144,8],[104,-80]],[[5589,6323],[-17,-63],[53,-45]],[[5625,6215],[-56,-12],[-84,16],[-81,-28],[-15,-70],[-28,-64],[-51,-38],[-25,-95],[30,-58],[-76,-98],[-35,-71],[-46,-57]],[[5080,5686],[-38,82],[-55,49],[101,61],[6,77],[-21,49],[-53,21],[-144,24],[-69,108],[-37,20],[-37,-26]],[[4733,6151],[-22,192],[11,57],[32,54],[53,59],[63,16],[67,78],[33,68],[39,41]],[[10679,7951],[7,-66],[63,-13],[82,22],[37,-44],[55,-23],[3,-53],[-40,-26],[-53,33]],[[10833,7781],[-98,-12],[-11,-41],[7,-80],[-62,-80],[-29,-58],[59,-8],[31,-60],[-20,-109],[-56,-75]],[[10654,7258],[-83,50],[-195,40],[-54,1]],[[9502,8379],[155,-80],[53,43],[63,-9],[29,50],[-61,58],[89,47],[79,-27],[130,-16],[21,-20],[60,10],[39,52]],[[10653,6964],[-15,70],[-52,42],[0,82],[56,61],[12,39]],[[10833,7781],[-20,-76],[26,-41],[97,34],[37,-33],[8,-36],[99,-139],[33,59],[89,2],[-53,89],[-15,88],[30,16],[103,-48],[55,-8],[47,-37],[62,11],[116,-38],[99,2],[-36,89]],[[11610,7715],[41,19],[6,88],[-9,48],[27,45],[41,6],[24,-36],[63,-14],[7,-50],[46,-8],[99,58],[35,51]],[[11990,7922],[17,-24],[68,13],[59,-126],[74,-52]],[[11626,6913],[-128,-63],[-99,-94],[-113,-83],[-82,-37],[-112,-32]],[[11132,8195],[29,0],[80,-79],[63,-155],[-20,-41],[28,-50],[84,-38],[43,-51],[109,-41],[36,7],[26,-32]],[[11990,7922],[-22,113],[18,93],[52,19],[31,49],[-46,88],[-32,95],[-32,49],[-10,121],[-47,25],[-47,71],[10,25],[98,12],[4,98],[68,107],[34,160],[69,42],[-47,53],[19,68],[42,49],[43,27],[-29,100]],[[12166,9386],[57,48],[35,8],[47,-31],[28,13]],[[12333,9424],[4,-72],[61,14],[37,-16],[29,-62],[-26,-37],[-15,-73],[27,-42],[62,-43],[14,-38],[-12,-65],[66,-37],[40,10],[86,64],[62,0],[52,-139],[-2,-43],[-33,-59],[35,-71],[32,-26],[-35,-60],[5,-33],[92,-63],[11,-48]],[[12925,8485],[-10,-20],[-78,-17],[28,-116],[40,-52],[-66,-124],[-70,-28],[-35,10],[-80,-36],[-123,-16],[9,-57],[-51,-116],[5,-14]],[[12925,8485],[54,-14],[53,39],[2,-95],[45,12],[6,43],[37,68],[57,17]],[[13179,8555],[50,-33],[48,-10],[-58,-95],[16,-76],[22,-14],[81,42],[19,46],[68,40],[37,85],[36,-2],[14,39],[36,-9],[30,-82]],[[10478,6782],[-68,-54],[-182,-105],[-36,-39],[-36,-118],[-51,-44],[-3,-89],[-24,-21]],[[9850,6619],[42,38],[-3,62],[15,42],[-1,188]],[[2797,8750],[-78,29],[-57,-34],[-55,2],[-60,-39],[0,-46],[-72,-40]],[[2475,8622],[-97,6]],[[2378,8628],[-48,72],[-1,64],[-55,66],[-22,48],[-105,59]],[[2147,8937],[2,83],[46,-8],[85,27],[39,169]],[[2319,9208],[77,-5],[111,22]],[[2319,9208],[-54,73],[-89,-6],[-13,-39],[-50,-19],[-36,26],[-82,8],[-25,-20],[-55,10],[-68,-30],[-57,-7]],[[1790,9204],[-13,40],[13,209],[-11,22]],[[1779,9475],[35,43],[10,59],[89,78],[101,53],[104,34],[148,19],[46,19]],[[2312,9780],[44,-33],[122,-29]],[[4057,8730],[-105,-76]],[[3699,9410],[115,7],[47,40],[35,-14],[101,-13],[109,74],[30,105],[48,45],[37,-17],[56,79],[33,77]],[[2228,10671],[4,82],[67,83],[72,107],[93,165],[-2,67],[-27,86]],[[2435,11261],[48,30],[84,102],[62,22],[55,2],[61,-45],[98,54],[57,41],[73,-65],[18,-74],[-38,-35],[33,-67],[56,-41],[140,-80],[154,-52]],[[3336,11053],[-17,-100],[-114,-103],[-80,-138],[-37,-79]],[[3088,10633],[-71,-47],[-98,-17],[-95,-66]],[[1580,10886],[41,89],[39,29],[37,-6],[56,86],[99,94],[-6,26],[112,92],[51,8],[69,-26],[38,13],[80,-11],[52,24],[46,-45],[39,-13],[102,15]],[[3959,10723],[-60,138],[-50,40],[-53,72],[-19,87]],[[3777,11060],[38,16],[76,83],[86,48],[12,28]],[[3989,11235],[30,-22],[38,15]],[[4057,11228],[19,-30],[54,-24],[54,33],[112,19],[113,39],[17,-8],[103,26]],[[4529,11283],[-6,-71],[14,-80],[-34,-57],[20,-52],[3,-66],[-28,-35],[-94,31],[-4,-79],[23,-36],[20,-77],[-33,-93]],[[1448,13026],[-147,-91],[-38,1],[-23,-32],[12,-74]],[[1252,12830],[-26,10],[-54,87],[-10,37],[37,38],[-18,95],[29,22],[-54,73],[29,38],[14,74],[-24,58],[14,32],[121,-14],[77,71],[47,9],[7,46],[38,8],[41,58]],[[1705,13853],[2,52],[-28,44],[11,56],[-22,57],[13,46],[-20,62],[22,29],[-8,68],[-49,1],[-69,27],[-106,118],[-152,53],[-20,32],[-83,79],[1,39],[30,86],[41,83],[33,5],[272,2],[46,76]],[[1619,14868],[42,-63],[62,-22],[27,-43],[133,-82],[95,29]],[[1978,14687],[63,-97],[31,-100]],[[2072,14490],[-101,-13],[-47,-31],[-5,-194],[-46,-175],[-22,-23],[-44,-97],[-5,-98]],[[2581,12732],[-51,-30],[-27,65],[8,35],[-68,32],[-35,-32],[-23,-59],[-28,28],[-4,55],[46,52],[-5,46],[-46,21],[-43,-10],[-73,71],[-46,-21],[-37,77]],[[2285,13527],[17,34],[45,-9],[8,102],[57,-7]],[[2412,13647],[67,-42],[62,4],[58,-77],[-33,-51],[-59,-17],[10,-36],[112,17],[-21,93],[27,12],[35,-45],[30,13],[9,53],[45,44]],[[2754,13615],[115,-82],[29,-63],[59,-57],[51,-20],[8,-40],[48,-33]],[[3443,13400],[26,69],[-23,137],[51,68],[-26,78],[42,60]],[[3513,13812],[28,-12],[-5,-63],[52,-10],[-25,-89],[116,-86],[37,-102],[34,68],[80,89]],[[3830,13607],[85,-62],[25,12],[23,-75],[67,-72]],[[4030,13410],[-21,-20],[68,-143],[53,-20]],[[4030,13410],[30,-18],[56,46],[60,112],[47,-22],[99,43],[38,27]],[[4360,13598],[-7,-97]],[[4353,13501],[-42,-76],[-77,-38],[-31,-73]],[[3513,13812],[61,-3],[39,71],[165,19],[24,57],[37,8],[57,49],[43,-20],[6,-43],[51,-1],[41,33],[9,35],[58,87],[9,67],[45,44],[16,-43],[55,-25],[4,67],[51,36],[37,-52],[41,-9],[24,31],[80,-1]],[[4466,14219],[-47,-67],[3,-72],[-89,-62],[74,-106],[-2,-92],[22,-45],[-44,-42]],[[4383,13733],[-90,14],[-30,-50],[-98,-4],[-39,-48],[9,-45],[-47,-41],[-57,37],[16,46],[-15,65],[-83,1],[-46,19],[-33,-55],[-59,-40],[19,-25]],[[4383,13733],[-23,-135]],[[1619,14868],[28,58],[9,63],[-42,55],[46,54],[90,62],[213,-32],[58,73],[83,-50],[68,54],[58,-7],[51,35],[62,-15]],[[2343,15218],[37,-58],[4,-48]],[[2384,15112],[-33,-53],[-6,-148]],[[2345,14911],[-163,-32],[-40,-30],[-85,-13],[-36,-25],[-43,-124]],[[3343,14775],[54,72],[9,88],[-82,20],[-4,45],[42,49]],[[3362,15049],[52,-56],[25,80],[69,2],[71,59],[53,4],[38,29],[148,-30],[43,-43],[22,49],[1,62],[85,21],[57,-20],[22,-47],[115,28],[91,-10],[41,-86],[-9,-76],[23,-71],[-67,21],[-43,-20],[-27,-42],[1,-94],[47,-113]],[[4220,14696],[-73,-42],[-57,15],[-105,2],[-41,-51],[-38,19],[-93,6],[-10,29],[-52,4],[-58,-55],[-45,-12]],[[22810,10721],[-1,-55],[-38,-38],[-51,-12],[-71,-64],[30,-61],[-9,-62],[31,-63],[-56,-104],[4,-34]],[[22649,10228],[-51,6],[-99,-12],[-69,-22],[-62,63],[-77,19],[-42,-13],[-30,-36]],[[22219,10233],[-28,17],[-55,102],[-55,185],[-15,73],[-27,40]],[[22625,8147],[53,37],[85,12],[46,25]],[[23431,7973],[-38,-31],[7,-52],[-82,-47],[-31,-72],[17,-56],[-53,-60],[4,-27],[63,-67],[49,-105]],[[23367,7456],[35,-113],[-47,-54],[32,-44],[-37,-30],[-38,25],[-63,-1],[-48,26],[-50,-32]],[[4957,7455],[-38,0],[-84,-59],[-121,-11],[-31,-12],[-53,-96],[-110,-50]],[[4520,7227],[-180,-9]],[[4340,7218],[-39,78]],[[4301,7296],[51,158],[77,142],[40,101],[45,66],[-1,115],[-26,80],[-3,90]],[[5221,9696],[31,18],[160,40],[89,-63],[12,24]],[[6004,9318],[0,-45],[-73,-60],[-16,-60]],[[5915,9153],[-44,-42],[-2,-58],[52,-79],[-2,-126],[-69,2],[-37,-19],[5,-61],[-41,-20],[-33,-64],[-54,-37],[-48,-60],[-69,-44],[-169,11]],[[5600,9918],[-21,59],[-54,34],[-2,103],[-11,22],[67,44],[57,85],[-54,92],[10,45],[-26,61]],[[5566,10463],[49,46],[160,5],[37,-27],[64,21]],[[5876,10508],[17,-75],[48,-25],[105,26],[35,-28],[52,14],[16,-39],[-16,-65],[30,-56]],[[5566,10463],[-92,43],[-3,76],[-61,34],[20,26],[-76,26]],[[5354,10668],[48,36],[37,150],[-38,113]],[[5401,10967],[41,34],[55,-28],[46,33],[69,-54],[78,4],[118,41],[37,-21],[42,20]],[[5887,10996],[42,-71],[83,-91],[-7,-72],[-33,-25],[-28,-96],[-66,-35],[-2,-98]],[[5401,10967],[-26,56],[-98,58],[-64,-20],[-8,40],[28,41],[-2,91]],[[5231,11233],[166,-39],[27,33],[85,8],[87,40],[79,-7],[49,-24],[42,10],[108,-73],[107,1]],[[5981,11182],[2,-14]],[[5983,11168],[-2,-56],[-94,-116]],[[6399,10485],[46,-42]],[[6445,10443],[32,-21]],[[5983,11168],[123,-13],[42,42],[67,-37],[51,31],[16,-43],[64,20],[74,-49]],[[6342,11629],[48,98],[27,82],[31,29],[-73,43],[9,38]],[[6384,11919],[130,10],[48,19]],[[6562,11948],[-6,-44],[34,-57],[2,-51],[42,-90]],[[6634,11706],[-55,-93],[-109,11],[-55,-36]],[[6415,11588],[-73,41]],[[6720,11166],[-121,64],[-78,-12],[-52,35],[-52,154],[13,64],[-15,117]],[[6634,11706],[131,-58]],[[6765,11648],[48,-9],[19,55],[44,-1]],[[6876,11693],[34,-88],[33,-5]],[[6633,12271],[36,11],[102,-56],[-16,-38]],[[6755,12188],[-33,-24],[-76,1],[-13,106]],[[9190,9361],[-74,22],[-83,-12],[-97,-30],[-46,-44],[-27,-73],[0,-70],[-31,-49],[-90,-28],[-55,-35],[-67,-18],[-71,0],[-63,-53],[-72,-40]],[[8191,9444],[32,-19],[92,-16],[16,25],[47,-3],[117,21],[31,-14],[17,71],[41,33],[-42,46],[30,17],[-2,60],[41,47],[57,-1],[35,47],[85,-14],[110,2],[21,25],[64,13],[30,59],[104,-4],[82,30],[28,-27],[43,11],[59,-36],[39,16]],[[9368,9833],[4,-84],[-31,-70],[2,-43],[48,-72],[-4,-94],[18,-55]],[[6876,11693],[23,13],[14,118],[-6,70],[72,26],[35,75]],[[7014,11995],[109,24],[46,-2],[74,23]],[[7243,12040],[36,-123],[-35,-15],[34,-85]],[[7243,12040],[242,53],[50,3]],[[7535,12096],[25,-55],[30,-19],[64,-191],[-48,-50],[16,-63]],[[7535,12096],[37,2],[36,-35],[89,16]],[[7697,12079],[31,13],[21,87],[39,-7]],[[7788,12172],[37,-171],[-7,-67],[30,-40],[4,-115],[54,-13]],[[7906,11766],[-27,-38],[-128,-66]],[[7751,11662],[-112,-52]],[[8264,12093],[-173,-37],[7,-88],[-43,-114],[-37,-53]],[[8018,11801],[-22,-16],[-90,-19]],[[7788,12172],[129,45],[71,-51],[77,44],[63,2],[91,22]],[[8207,11135],[-126,60],[-88,142],[-21,9],[-34,87]],[[7938,11433],[22,21],[64,-17],[94,41],[57,4],[36,45],[81,55],[-7,45],[-79,57],[-41,47],[-2,35]],[[8163,11766],[137,20],[28,24],[47,79],[4,35],[39,14]],[[8418,11938],[93,-22],[29,-47]],[[8540,11869],[39,-68]],[[8579,11801],[88,-96],[104,-24]],[[8771,11681],[0,-74],[-68,-76],[-133,-29],[-27,-109],[-41,-55],[19,-90]],[[5452,12908],[26,74],[70,-63]],[[5548,12919],[-9,-43],[30,-159]],[[5569,12717],[-26,-24],[-76,8]],[[5467,12701],[-21,70]],[[5446,12771],[25,18],[-20,55],[1,64]],[[5548,12919],[121,-2]],[[5669,12917],[-1,-84]],[[5668,12833],[18,-84]],[[5686,12749],[-21,17],[-62,-56]],[[5603,12710],[-34,7]],[[4353,13501],[49,-5],[43,43],[-13,54],[31,54],[31,1],[81,-33],[51,-8],[87,11],[-25,-70],[40,-32],[52,-1],[-28,-72],[9,-40],[127,-142],[-20,-22],[7,-74],[19,-45],[25,-122],[-4,-41]],[[4915,12957],[-4,-73]],[[4911,12884],[-91,25],[-145,11],[-43,36],[-45,-17],[-78,6],[-170,-40],[-108,-55]],[[4231,12850],[-67,24],[-1,55]],[[4466,14219],[69,-47],[7,-44],[36,-37],[142,-116],[375,-206]],[[5095,13769],[-3,-43],[51,-17],[26,-30],[56,-12],[14,-31],[-29,-109],[-12,-122],[45,-4],[34,-213],[-47,-76],[-10,-62]],[[5220,13050],[-16,-54],[-55,36],[-27,-13],[32,-76],[-80,-39],[-18,30],[-125,43],[-16,-20]],[[24274,5428],[39,1],[67,75],[9,35],[38,22],[25,106]],[[24452,5667],[77,-25],[58,30],[-18,59],[11,34],[84,75],[62,-21],[69,13],[114,83],[-14,108],[57,36]],[[24952,6059],[45,-50],[1,-34]],[[11675,13330],[53,45],[134,20],[-13,75],[67,54],[10,30]],[[11926,13554],[32,-32],[70,20],[42,-10],[100,5],[23,-26],[58,14]],[[6179,12648],[30,17]],[[6209,12665],[27,34],[96,4],[33,17]],[[6365,12720],[33,-87]],[[6398,12633],[-22,-58],[-38,-2],[-81,-37]],[[6257,12536],[-78,112]],[[5686,12749],[59,-2],[56,22]],[[5801,12769],[20,13]],[[5821,12782],[-8,-43]],[[5813,12739],[-27,-37],[-45,1],[-23,-43],[-51,-2],[-64,52]],[[6124,12958],[35,-35]],[[6159,12923],[14,-58],[-20,-27],[16,-49]],[[6169,12789],[-29,-42]],[[6140,12747],[-65,49],[-38,-30]],[[6037,12766],[-17,55],[82,63],[22,74]],[[6159,12923],[44,-7],[54,-48]],[[6257,12868],[59,-28],[36,-40]],[[6352,12800],[3,-61]],[[6355,12739],[-139,17],[-47,33]],[[6398,12633],[54,11]],[[6452,12644],[16,-47]],[[6468,12597],[-22,-29],[7,-46],[-51,-27],[-6,-29]],[[6396,12466],[-139,70]],[[6526,12408],[34,16],[39,72],[16,100],[65,28],[82,75],[50,7],[19,-52]],[[6831,12654],[-30,-26],[4,-107],[-47,-7],[-4,-46]],[[6754,12468],[-61,-17],[-31,-57],[15,-27],[-16,-53]],[[6661,12314],[-40,-14]],[[6621,12300],[-56,2],[-62,21],[23,85]],[[6468,12597],[73,17],[26,27],[-30,48],[-12,83]],[[6525,12772],[28,30],[72,3],[32,57]],[[6657,12862],[18,44]],[[6675,12906],[11,-53],[98,-37],[34,-53],[94,81]],[[6912,12844],[-16,-58],[15,-53],[-39,-71],[-41,-8]],[[6526,12408],[-130,58]],[[10584,5460],[-41,-35],[-26,-124],[-114,-127]],[[10403,5174],[-5,-38]],[[10398,5136],[-56,-57],[-90,-36],[-188,-7],[-51,-23]],[[9956,5094],[-39,122],[-7,142],[-11,36]],[[9899,5394],[-63,139],[0,46],[33,44],[79,58]],[[10341,5850],[158,15],[50,-30]],[[6365,12720],[-10,19]],[[6352,12800],[80,8],[55,31],[44,57],[102,-12],[24,-22]],[[6525,12772],[-43,6],[-32,-88],[2,-46]],[[6257,12868],[53,31],[53,-1],[25,93],[69,34],[7,26],[58,31],[133,-8]],[[6655,13074],[38,-10],[38,-52],[-3,-35],[-53,-71]],[[5628,13519],[56,-34],[122,-44],[61,-6],[50,-24]],[[5917,13411],[-30,-74],[37,-28],[-2,-148],[43,-33],[-31,-57],[12,-39]],[[5946,13032],[4,-53],[-29,-53]],[[5921,12926],[-6,-1]],[[5915,12925],[-24,-36],[17,-23]],[[5908,12866],[-27,-40]],[[5881,12826],[-9,10]],[[5872,12836],[-24,57]],[[5848,12893],[18,105]],[[5866,12998],[-39,96],[-68,65],[-66,-60]],[[5693,13099],[-18,2]],[[5675,13101],[-2,94],[12,81],[-57,73],[-34,80],[34,90]],[[5917,13411],[28,-18],[99,-24],[53,29],[52,-6],[61,-41],[0,-58],[-37,-34],[-34,-62],[-65,-45],[29,-24],[32,-66],[-32,-56],[4,-41]],[[6107,12965],[-73,63],[-15,-40]],[[6019,12988],[-73,44]],[[6124,12958],[0,48],[57,50],[-8,41],[-37,21],[3,45],[26,43],[56,20],[22,53],[63,39],[58,-10],[38,27],[49,2],[156,-38]],[[6607,13299],[-20,-82],[14,-63],[50,-20],[4,-60]],[[6633,12271],[-12,29]],[[6661,12314],[35,17],[53,-22],[32,75],[-27,84]],[[6912,12844],[102,18],[71,-26],[23,-89],[42,-53],[53,-22],[37,20],[15,46],[47,35],[-39,49],[83,28]],[[7346,12850],[18,-67],[-28,-46],[3,-102],[-17,-60],[-51,-30],[-26,-59]],[[7245,12486],[-84,12],[-39,30],[-85,-32],[-81,-47],[-20,-56],[34,-121],[-54,-50]],[[6916,12222],[-161,-34]],[[7346,12850],[93,-37]],[[7439,12813],[-7,-123],[42,-142],[68,-44],[-47,-170],[-42,-63],[7,-75],[-20,-61]],[[7440,12135],[-56,4],[-32,52],[-110,30],[-159,-5]],[[7083,12216],[-1,41],[34,68],[99,51],[30,110]],[[7439,12813],[73,-8]],[[7512,12805],[38,-87],[66,-35],[61,-17]],[[7677,12666],[-23,-44],[42,-28],[-15,-104],[23,-41],[-22,-85],[-54,11],[-65,-47],[-7,-41],[6,-126]],[[7562,12161],[-107,-14],[-15,-12]],[[7512,12805],[83,64],[22,54],[-2,72],[42,20],[-10,49],[16,50]],[[7663,13114],[94,-2],[36,-15],[64,13],[86,-15],[81,24],[65,-12],[50,24],[27,35],[43,-8],[25,72],[80,38],[96,-22],[62,-39]],[[8472,13207],[-3,-27],[-61,-31],[-15,-81],[-76,-83],[-67,-10],[24,-94],[-55,-77],[43,-80],[47,-37],[15,-47]],[[8324,12640],[-15,-26],[14,-87],[-55,13],[-32,-13]],[[8236,12527],[-37,73],[-83,-35],[-27,-86],[-106,-26],[-59,83],[-38,26],[-9,39],[-43,52],[-50,-52],[-71,96],[-36,-31]],[[10057,11890],[58,-39],[42,2]],[[10157,11853],[19,-20],[53,19],[66,1],[4,-29],[-36,-62],[62,-25],[87,-59],[24,-46],[48,4],[37,-42]],[[10521,11594],[-59,-51],[-23,-57],[49,-57],[-104,-90],[-13,-47],[52,-1],[-5,-86],[-17,-16]],[[10401,11189],[-95,30],[-21,-53],[-51,-22],[-53,13],[-6,-39],[-62,29],[-93,-19],[-49,44],[-96,-5],[-67,12],[-72,-13]],[[9736,11166],[-26,-13],[-60,37],[-20,39],[-5,61],[50,63],[-47,16],[-41,59],[-5,121],[-67,-2],[-148,16]],[[9367,11563],[33,67],[-19,14],[-3,134],[47,78],[-2,35]],[[9423,11891],[42,38]],[[9465,11929],[40,-23],[-2,-46],[53,-17],[77,14],[43,22]],[[11321,9962],[-35,21],[-52,-32]],[[11234,9951],[-99,66],[-31,-18],[-69,16],[-42,77],[-48,51],[3,73],[-77,34],[-7,35],[32,73]],[[10896,10358],[43,34],[-30,29],[6,54],[79,88],[-51,-4],[-30,83],[-28,42],[-75,65],[19,55],[-19,23],[4,61],[48,39],[10,139]],[[10872,11066],[5,0]],[[11593,11556],[4,-115],[24,-58],[-26,-41],[99,-70],[9,-50]],[[11703,11222],[-53,-40],[-34,-47],[-28,-84],[35,-13],[-4,-48],[20,-45],[56,2],[19,-42],[54,-38],[-99,-41],[-60,55],[-39,-28],[14,-79],[70,-27],[-11,-128],[-25,-60]],[[11624,10449],[7,-44]],[[11576,10329],[-92,-40],[-7,-37]],[[12203,11840],[53,-32],[20,-52],[56,10],[44,-58],[59,23],[-9,-53],[35,-43],[-46,-16],[26,-78],[25,-21],[-37,-53],[6,-35],[-52,-49],[-15,-68],[-42,-42],[-71,-7],[-58,29],[-41,-40],[-103,2],[-46,-37],[-22,48],[-75,-95]],[[11910,11173],[-40,-11],[-130,32],[-37,28]],[[13042,9653],[-105,-63],[11,-48],[-20,-133],[57,-10],[39,61],[58,53],[59,6],[101,-102],[13,-71],[-18,-74],[-38,-59],[-90,-18],[-30,-55],[11,-40],[-50,-95],[47,-43],[99,-17],[0,-56],[-69,-32],[-28,-119],[-42,11],[-40,-18],[3,-54],[50,-6],[78,53],[65,-70],[0,-73],[-24,-26]],[[12333,9424],[54,57],[51,9],[-8,76],[20,30],[-3,70]],[[12447,9666],[21,-21],[57,1],[5,64],[80,71]],[[12344,10690],[-8,-28],[89,-121],[23,-82],[20,-22]],[[12468,10437],[-39,-100],[30,-37],[38,-2]],[[12497,10298],[7,-119],[-17,-37],[4,-77],[-21,-61],[-51,-67],[-68,4],[-53,-120],[-20,-69],[24,-60],[29,-2],[115,30],[1,-54]],[[12166,9386],[-37,31],[-91,-18],[-34,-31],[-27,15],[-8,107],[67,8],[18,65],[-45,10],[-7,54],[-30,3],[-76,127],[-34,6],[-25,47],[34,41],[35,86]],[[21071,2261],[-14,30],[-66,43],[-23,54],[10,158],[-20,34]],[[20583,2688],[-49,106],[19,41],[-42,20],[27,59],[-85,0],[-22,52]],[[21364,3076],[-12,-60],[-25,-23],[-22,-62],[-48,-21],[-37,-38],[24,-78],[-38,-191],[-28,7],[-18,-113]],[[12888,10835],[-13,60],[52,13],[-39,104],[66,17],[22,70],[55,30],[-42,32]],[[12989,11161],[25,57],[-56,97],[4,115],[25,6],[34,134]],[[13021,11570],[93,31],[25,37],[39,-11],[104,-139],[12,-32],[56,11],[85,46]],[[13693,11090],[-34,-22],[36,-68],[13,-84],[-39,-21],[-76,55],[-5,-33],[34,-55],[56,-56]],[[13678,10806],[-16,-51],[-114,-41],[-13,42],[-58,-1],[-125,52],[9,-63],[-9,-56],[-63,1],[-43,-31],[-11,-56],[-30,-6],[-45,-62]],[[12166,10828],[-39,51],[-115,-19],[32,56],[11,52],[29,32],[-13,51],[20,39],[-74,33],[-66,-8],[-41,58]],[[12934,11904],[93,-54],[-22,-69],[30,-7],[13,-64],[-49,-29],[3,-105],[19,-6]],[[12989,11161],[-83,-30],[-24,-34],[-107,-26],[-28,-23],[-98,-17],[-20,41],[-48,31],[-72,-39],[-102,-8],[-37,-19],[-2,-42],[50,-71],[-74,-25]],[[11926,13554],[-9,55],[19,63]],[[11585,14217],[79,27],[73,75],[27,56],[58,39],[-1,30],[98,84]],[[11919,14528],[31,-37],[40,-4],[48,31],[33,-97],[27,32],[3,48],[34,8],[52,-56],[37,17],[119,-32],[57,38],[63,82]],[[12463,14558],[44,-33],[142,22],[-61,59],[52,39],[19,-25],[56,11],[94,48]],[[12809,14679],[24,-12],[-1,-66]],[[11919,14528],[37,16],[71,1],[44,52],[36,9],[57,-21],[25,56],[61,28],[132,90],[65,4]],[[12447,14763],[-25,-45],[42,-89],[-36,-39],[35,-32]],[[26262,7552],[-72,8],[-87,-41],[-54,8],[-42,-23],[-91,-13],[-29,-48],[-7,-49],[-58,3],[-73,-15],[-153,78],[-107,35]],[[25489,7495],[29,53],[74,72],[-2,76],[61,170],[-70,111]],[[25581,7977],[49,42],[35,65],[45,9]],[[25710,8093],[30,-29],[84,6],[58,24],[24,31],[77,36],[29,57],[40,21],[124,33],[69,44]],[[26245,8316],[75,-26],[50,-79],[2,-43]],[[10907,6201],[-85,-66],[-34,-76]],[[29603,4453],[-61,-3],[-41,17],[-77,-4],[-40,35],[-45,13],[-134,93],[-64,27],[-47,4]],[[29094,4635],[-5,47],[-63,2],[4,32]],[[29030,4716],[53,-21],[11,63],[77,33],[90,77],[41,46],[-38,49],[1,48],[56,5],[62,-28],[141,-20],[51,43],[94,47],[34,57]],[[18919,736],[25,-117],[-37,-108],[63,-17],[40,31],[10,-171]],[[19020,354],[-39,-16],[-43,-68],[-12,-93],[10,-37],[-3,-82],[-21,-58],[-40,9],[-7,64],[-41,51],[-80,17],[-37,27],[-89,9],[35,92],[-20,48],[-56,-4],[-80,-45],[-24,20],[11,69],[61,63],[43,68]],[[18588,488],[2,65],[78,73],[18,-2]],[[18686,624],[75,38],[29,55],[69,0],[10,45],[44,18]],[[18725,949],[3,-55],[62,-85],[-26,-78],[-51,-6],[5,-50],[-32,-51]],[[18588,488],[-85,219],[-70,148],[-28,32],[-48,97],[-60,100]],[[18297,1084],[49,54],[32,13],[104,77]],[[18297,1084],[-66,96],[-6,75],[60,59],[7,32],[58,21],[20,70],[36,50],[26,-1],[12,57],[72,51],[74,37],[28,50],[55,58],[14,37],[104,58],[85,71]],[[18876,1905],[16,-95]],[[18892,1810],[7,-47],[-25,-64],[-52,-55],[-62,-109],[27,-105]],[[6168,8966],[50,-26],[115,38],[27,27],[206,43],[65,-61],[81,-45],[79,-100],[20,-58],[44,-41],[158,-46],[103,9]],[[7116,8706],[16,-53],[-34,-76],[28,-31],[-77,-18],[-25,-76],[-64,-68],[-18,10],[-64,-40],[-30,9],[-77,-67]],[[6771,8296],[-23,39],[10,78],[-16,63],[-61,68],[-76,-4],[-84,-76],[-44,12],[-26,33],[-63,7],[-70,-28],[-32,-37],[-44,-7],[-103,-76],[-32,4]],[[6107,8372],[-3,129],[20,55],[-17,85],[-28,79],[-4,60],[25,52],[33,15],[35,119]],[[27227,11666],[-20,33],[21,62],[-109,34],[-73,-29],[-34,-57],[-126,-44],[-24,7]],[[26686,11606],[-20,134],[-43,40],[-8,56]],[[26615,11836],[53,83],[25,18],[44,85],[5,42],[-53,55],[-65,-13],[-42,32],[22,51],[-1,74],[-21,23],[30,49]],[[26612,12335],[29,37],[34,4]],[[26675,12376],[44,-23],[88,14]],[[26807,12367],[33,7],[97,-13],[104,0],[70,16]],[[16831,3113],[9,-30],[75,7],[23,-25],[100,-61]],[[17038,3004],[-1,-118],[-49,-11],[8,-69],[39,-27],[7,-61],[39,-15],[-14,-58],[25,-68],[-47,-108],[38,-19],[-11,-41]],[[17072,2409],[-81,-19],[-25,35],[-58,-46],[-3,-27],[-81,-38],[-38,21],[-39,-43],[-67,-14],[-21,-22]],[[16659,2256],[-46,66],[-55,55],[-73,45]],[[16485,2422],[-11,105],[-13,32],[-93,101],[-12,29],[10,109],[-58,1],[0,36],[-45,26]],[[17697,2419],[-15,-32],[34,-83],[0,-62],[-31,-20],[-25,-103],[44,-18],[-6,-38],[64,-4],[1,53],[75,-33],[31,-59],[14,-65],[-51,-56],[-5,-45]],[[17827,1854],[-109,50],[-77,14],[-62,-2],[-24,-41],[-67,-55],[-58,-31],[-25,45],[-198,132],[-183,114],[-171,114],[-79,38],[-115,24]],[[17072,2409],[50,11]],[[19087,1758],[-112,-30],[-46,28],[-3,65],[-34,-11]],[[18876,1905],[37,24],[49,-6],[15,91],[32,72],[-41,112],[16,50]],[[17650,3976],[64,81],[30,18],[-30,58],[49,43],[8,60],[-15,51],[67,87],[50,40],[-15,72],[-1,76],[-73,29],[-96,75]],[[17864,4867],[77,-10],[33,-119],[43,-38],[93,-34],[96,-2],[76,-38],[100,58],[16,36],[95,-17],[30,-33],[38,1],[70,-36],[56,75],[-8,42]],[[18679,4752],[93,-4],[71,26],[89,4],[56,-11]],[[18988,4767],[-88,-29]],[[18900,4738],[-93,-126],[-61,-111],[-58,-69],[-79,-63],[-39,-52],[-17,-122],[-27,-69],[-32,-12],[-27,-61],[14,-87],[-5,-67]],[[18476,3899],[-7,-114],[-22,-161],[24,-102],[-19,-24]],[[18452,3498],[-191,98]],[[18068,5374],[57,145],[43,-35],[50,32],[2,132],[39,-22],[-17,-42],[82,-13],[30,35],[41,-14],[44,17],[37,46],[32,-36]],[[18508,5619],[32,-73],[-1,-80],[-35,-40],[-25,-90],[49,-66],[-2,-51],[55,-116],[108,-94],[12,-37],[67,-33],[0,-52],[-31,-86],[-58,-49]],[[18685,3445],[-114,20],[-26,-34],[-112,-56],[-29,20],[48,103]],[[18476,3899],[54,-2],[89,-21],[60,24],[86,127],[29,146],[18,14],[40,191],[21,56],[4,87],[15,81],[-2,103],[10,33]],[[18988,4767],[102,2]],[[19090,4769],[-85,-84],[95,-116],[-17,-99],[8,-66],[-25,-54],[13,-29],[-32,-117],[27,-62],[-10,-21],[21,-75],[9,-155],[19,-85],[22,-15]],[[16553,6971],[73,90],[-2,93],[17,32],[0,66],[33,29],[53,-8],[58,-37],[17,-33],[87,2],[38,-36],[31,1]],[[16958,7170],[32,-32],[-22,-71],[13,-60],[-29,-31],[44,-86],[-11,-85],[68,-63],[22,-47],[0,-55],[44,-19],[-36,-55]],[[17083,6566],[-14,-26],[-161,39],[-79,-32],[-14,-141],[-65,-2],[-28,28],[-119,50],[-60,-54]],[[16543,6428],[-68,38]],[[16475,6466],[12,65],[-31,59],[27,56],[-13,68],[60,58],[2,40],[-61,80],[11,32],[41,-1],[30,48]],[[27744,4815],[49,23],[88,-47],[57,-52],[51,10],[22,-33]],[[28011,4716],[22,-40],[81,-57],[131,-34],[44,-49],[71,4],[98,34],[80,2],[59,-68],[41,2],[71,-40],[48,43],[1,47],[42,19],[58,-8],[85,33]],[[28943,4604],[-45,-118],[-25,-31],[-70,-7],[-36,-47],[-24,-61],[-61,-47],[-32,-76],[-31,10]],[[28619,4227],[-52,-42],[-52,-21],[-102,2],[-63,-16],[-72,5],[-77,33],[-126,-10],[-47,-40],[-62,6],[-105,112]],[[27861,4256],[-36,104],[11,29],[-64,140],[-64,207]],[[17379,5976],[-71,45],[-30,-35],[-36,1],[15,112],[58,5],[1,100],[12,148],[-36,5],[-59,102]],[[17233,6459],[5,25],[127,91],[18,36],[133,9],[101,-18],[39,15],[-67,62],[2,49]],[[17591,6728],[37,-35]],[[17628,6693],[96,-5],[31,24],[45,-28]],[[17800,6684],[-3,-67],[58,-20],[22,-32],[85,-38],[39,-84],[50,-66],[18,-109],[38,-39],[67,-8],[3,-62],[20,-40],[-10,-51],[19,-52],[81,18],[28,-34],[84,72],[51,14],[-5,-58],[66,-99],[57,-19],[35,24]],[[18603,5934],[18,-70],[-13,-96]],[[18608,5768],[-36,-42],[3,-53],[-67,-54]],[[17591,6728],[-44,42],[-16,85],[-119,134],[-44,73],[-7,65],[24,46]],[[17385,7173],[78,-21],[69,-82],[21,-55],[112,35],[26,-100],[-7,-156],[-31,-86],[-25,-15]],[[17800,6684],[16,21]],[[17816,6705],[59,-46],[54,0],[54,-38],[53,27],[-2,45],[35,19],[56,-9],[60,10],[52,43],[-13,22],[56,46],[70,-25],[32,22]],[[18382,6821],[54,66],[97,-131],[57,-16]],[[18590,6740],[81,-1],[44,-66],[55,15],[50,37],[43,-44],[16,-45],[34,-9],[38,27],[21,-45],[34,-9],[-19,-96]],[[18987,6504],[-77,-76],[78,-49],[4,-28]],[[18992,6351],[-48,-23],[9,-85],[-81,-13],[-56,-33],[-18,-40],[-88,-102],[-7,-32],[-59,-43],[-41,-46]],[[19359,6031],[-1,45],[-84,33],[12,70],[34,63],[-24,73],[-70,-1],[-79,15],[-20,51],[-95,-13],[-40,-16]],[[18987,6504],[53,-63],[106,70],[51,-18],[20,56],[61,77],[-1,40],[89,-23],[42,84],[-26,30],[4,65],[24,33],[59,-43],[26,58],[42,18],[29,-25],[15,-52],[43,52],[-52,44],[64,41],[62,12],[43,32],[-20,37],[73,19],[54,45],[20,-7],[73,56]],[[19941,7142],[57,-21],[-28,-86],[73,-39],[14,-59],[-31,-73],[-88,-41],[48,-79],[41,-38]],[[16898,7928],[36,18],[107,-55],[41,-9],[41,17],[102,-49],[127,-14],[104,48],[30,-54],[120,-9]],[[17606,7821],[73,-5],[41,-44],[46,73],[45,7],[16,57],[53,5],[85,41],[23,37],[53,10]],[[18041,8002],[73,-35],[-39,-66],[-9,-53]],[[18066,7848],[-2,-38],[-46,-81],[139,-49],[9,-35]],[[18166,7645],[-43,-14],[-23,-37],[25,-82],[-60,-48],[-123,-27],[-52,14],[-25,-87],[34,-59],[-37,-7],[-15,-52],[-70,-55],[-90,-34],[-51,16],[-114,61],[-14,22],[-64,11],[-63,-34]],[[17381,7233],[-67,32],[-88,102],[-51,-8],[-27,79],[-85,-80],[-39,-2],[-28,-32],[-74,-11],[-22,-23]],[[16900,7290],[-52,-4],[-36,48],[-34,-10],[-21,39],[-9,99],[40,33],[66,17],[-28,103],[42,44],[32,103],[8,68],[-10,98]],[[17385,7173],[-4,60]],[[18166,7645],[49,7],[22,-21],[-18,-88],[4,-88],[38,-33],[1,-103],[12,-32],[-22,-80],[-40,-62],[-46,5],[-16,-79]],[[18150,7071],[-51,3],[-63,81],[-35,-12],[11,-46],[-86,-58],[-90,114],[-59,-17],[18,-58],[-19,-58],[14,-91],[61,-49],[26,-40],[-61,-135]],[[17725,8323],[-63,-43],[-31,-65],[-32,-26],[3,-73],[42,0],[36,-119],[-12,-22],[-101,20],[-52,-42],[-31,-48],[67,-30],[55,-54]],[[16898,7928],[-16,75]],[[16882,8003],[135,235],[9,103],[29,113],[-45,57],[-155,70],[-16,41],[-22,181],[-32,58]],[[16879,8990],[154,91]],[[17943,8331],[23,50],[49,27],[29,-20],[91,3],[32,29]],[[18167,8420],[2,-40],[-29,-42],[4,-65],[-99,-71],[-9,-45],[-48,22],[53,-177]],[[18167,8420],[69,-13],[35,-23],[51,-125],[-38,-53],[84,-71],[-10,-29],[-68,-32],[-90,-137],[-6,-30]],[[18194,7907],[-83,-82],[-45,23]],[[18744,7785],[14,74],[25,11],[-13,62],[112,0],[45,32],[58,12],[11,58]],[[18996,8034],[37,-25],[56,4],[6,67],[36,13],[42,-19],[44,-46],[7,-52]],[[19224,7976],[-48,-133],[23,-140],[68,-55],[-9,-65],[-42,58],[-44,-48],[-59,9],[7,-42],[-118,-40],[-39,85],[-34,-8],[-6,-60],[-41,-25],[-51,5]],[[18831,7517],[-28,35],[-1,83],[-28,37],[0,80],[-30,33]],[[18996,8034],[-7,21],[-70,17],[-80,-16],[-43,8],[-20,38],[-80,81],[-57,27],[-51,-16],[-27,66],[23,33],[-60,57],[-2,60],[-41,20],[-22,73],[-63,58],[-27,-2],[-7,79]],[[18362,8638],[54,174],[-30,46],[-18,117],[15,132]],[[18383,9107],[26,42],[43,28],[64,5],[42,-19],[98,-70],[49,2]],[[18705,9095],[13,-76],[52,-23],[92,-3],[23,-40],[6,-71],[45,-101],[-13,-135],[40,-40],[12,-93],[64,-78],[40,-13],[66,42],[50,-25],[41,-131],[57,-42],[14,-40],[25,-156]],[[19332,8070],[-40,-3],[-68,-91]],[[20998,2098],[-75,0],[-110,27],[-98,-46],[-36,51],[-32,-29],[-33,14],[-36,-91],[-52,50],[-66,28],[-9,72],[44,19],[11,57],[-17,25],[-80,14],[-20,49],[-115,59],[-59,-22],[-86,32],[-79,17],[-75,55],[-71,18]],[[19904,2497],[15,76],[72,56]],[[19991,2629],[34,-23],[18,-44],[68,-13],[55,-44],[83,-8],[82,37],[73,-6],[4,-24]],[[23517,6177],[27,-19],[12,-49],[-92,2],[-82,-64],[-91,-30],[-14,-58],[46,5],[19,-125],[-42,-30],[-26,-112]],[[23274,5697],[-28,29],[-74,41],[-53,7],[-8,78],[-65,-20]],[[23046,5832],[-34,38],[-36,4],[-71,107],[-46,-3],[-23,152],[-56,57],[30,136],[-55,55],[-7,125],[-24,23],[54,57]],[[22778,6583],[83,27],[83,8],[45,17]],[[23098,3042],[19,-59],[62,26],[34,-60],[59,12],[10,-39],[-69,-30],[27,-61],[86,-63]],[[23270,2496],[-50,48],[-292,139],[-92,-5],[-133,36],[-43,23],[-42,-34]],[[22618,2703],[-10,66],[-75,17],[13,45],[-21,72],[22,53],[64,-12],[8,40],[-37,28],[-19,70],[57,69],[45,-27],[29,10],[12,89],[50,-3],[28,26],[48,5],[26,33]],[[22858,3284],[21,-53],[39,-18],[4,-68],[73,-19]],[[25089,2677],[32,-89]],[[25121,2588],[-126,-26],[-24,50],[-42,-44],[-62,38],[-82,-44],[-12,61],[-97,21],[-52,-50],[-51,52],[-69,36],[-155,51],[-282,82],[-135,18]],[[19941,7142],[5,67],[40,25],[77,8],[-14,111],[40,57],[82,76],[-20,107],[49,41],[40,1],[29,68],[70,-16],[9,18]],[[20348,7705],[61,-17],[66,-57],[41,10],[35,102],[82,-34],[50,0],[57,35],[75,114],[52,111],[57,24],[90,-47],[-3,-50],[105,-36],[59,-35],[97,15],[17,17]],[[21289,7857],[50,-103],[50,-72],[25,-70],[-27,-143],[41,-108],[-4,-36]],[[21424,7325],[-28,-63],[-93,-108],[-96,-23],[-44,-70],[-15,-78],[0,-100],[-69,-40],[-81,10],[-35,-77]],[[23046,5832],[-26,-17],[-22,-121],[-26,-57]],[[22972,5637],[-66,39],[-92,-14],[-11,30],[-65,20],[-5,57],[-44,55],[-63,-27],[-13,-48],[-39,-18],[-12,-92],[-51,39],[-53,-65]],[[22458,5613],[-37,24],[34,139],[-10,69],[-24,3],[-49,-61],[-30,12],[-72,-26],[-56,23],[-16,47],[7,90]],[[22205,5933],[23,82],[39,62],[26,6],[58,-53],[35,67],[2,42],[29,20],[-15,41],[5,106],[31,92],[42,40],[62,97],[-89,34],[-21,-82],[-78,23],[40,99],[-16,68]],[[22378,6677],[65,-16],[59,-30],[133,6],[88,-23],[55,-31]],[[29369,5412],[-42,29],[-70,6]],[[26249,2706],[-91,-83],[-130,-25],[-88,-28],[-56,-73],[-58,-10],[-123,-62],[-126,-46],[-72,-54],[-196,-16],[-126,-62],[-29,-3]],[[25128,2481],[-7,107]],[[27920,3713],[39,37],[-52,157],[-87,18],[-57,57],[-3,53],[40,81]],[[27800,4116],[47,20],[14,120]],[[28619,4227],[6,-51],[26,-51],[67,-11],[74,42],[63,-4],[34,-19],[-40,-92],[36,-34]],[[28885,4007],[-13,-73],[-37,12],[-39,-28],[-53,82],[-25,-29],[-1,-59],[-29,-7],[-42,-107],[-2,-45],[25,-34],[0,-71],[-48,-24],[2,-40]],[[28885,4007],[71,-47],[60,-4],[92,-40],[77,-8],[20,38]],[[29205,3946],[35,-26],[80,21],[60,41],[77,-11],[155,-87]],[[29612,3884],[-81,-39],[16,-63],[-33,-50],[-4,-119],[-54,-19],[-2,-49],[34,-50],[-6,-55],[-37,-37],[-85,-7],[-55,-82]],[[29305,3314],[-100,-34],[-89,-16],[-55,-24],[-180,-35],[-54,10]],[[28943,4604],[78,-37],[65,10],[8,58]],[[29094,4635],[43,-143],[3,-43],[64,-35],[42,-68],[-11,-58],[-41,-21],[-54,-71],[27,-43],[13,-103],[-25,-40],[50,-64]],[[26284,4867],[-12,59],[-38,35],[-17,67],[5,86]],[[26222,5114],[47,68],[-4,49],[15,68],[-20,66],[23,32],[-5,54],[22,34],[-18,52],[58,54],[-23,92]],[[26317,5683],[30,26],[-51,94],[4,60],[47,36],[7,58]],[[26354,5957],[59,50],[59,1],[41,23],[63,7]],[[26576,6038],[34,-58],[64,-39],[-16,-50],[15,-43],[37,8],[31,-57],[142,-27],[-4,62],[28,17]],[[26907,5851],[102,-36],[-28,-80],[54,-41]],[[27881,7142],[-50,-32],[-13,-46],[27,-48],[133,-24],[18,11],[97,-22],[31,-47],[-1,-84],[34,-138],[26,-52],[107,-87]],[[28290,6573],[-37,-58],[-22,16],[-56,-32],[-113,-106],[-15,-105],[-62,-118],[-34,-19],[10,-88]],[[27455,6232],[12,71],[-21,26],[-11,68],[-80,29],[-33,100],[-31,47],[-10,141],[4,51]],[[33532,3408],[66,-43],[30,33],[52,1],[45,23],[96,23],[25,-100],[132,-12],[24,45],[39,31],[78,17],[38,-40]],[[34157,3386],[-40,-42],[-74,-52],[-27,-71],[-34,2],[-15,-48],[-91,-69],[-132,-60],[-18,23],[-45,-17],[8,-58],[-45,-50],[-16,-49],[-42,-42],[-68,11],[-57,85],[-17,61],[5,44],[-65,66],[-11,74],[48,69],[16,52],[41,-4],[55,18],[-1,79]],[[32856,3784],[53,197],[52,100],[12,55],[47,110],[15,101],[-19,50],[-62,49],[-10,89],[55,103],[50,2],[23,32],[36,-14],[51,18],[32,53]],[[33191,4729],[16,-34],[66,34],[144,-9],[179,116],[71,4],[128,63]],[[33795,4903],[48,5],[7,-98],[185,34],[58,-40],[14,-40],[46,-51],[18,-51],[-24,-39],[-77,-61],[-11,-52],[83,-105],[-3,-76],[-17,-27],[7,-51],[-10,-62],[-30,-17],[3,-103]],[[34092,4069],[-33,12],[-292,-118],[-78,-60],[-122,-39],[-31,-25],[-42,-92],[-100,-114]],[[33394,3633],[-83,34],[-63,48],[-89,-20],[-12,18],[-75,19],[-62,-80],[-55,-8],[4,-52],[-35,-72],[-45,-48]],[[32879,3472],[-27,49],[6,119],[24,73],[-26,71]],[[33532,3408],[-13,117],[-40,27],[-31,66],[-54,15]],[[34092,4069],[1,-64],[58,-6],[59,-84],[10,-42],[96,-14],[58,-112],[50,-15],[50,-44],[30,-74],[-28,-52],[-56,-36],[-20,-41],[21,-159],[-92,30],[-63,-9],[-61,33],[-48,6]],[[33191,4729],[-11,71],[18,37],[-66,81],[-73,-18],[-33,-22],[-165,-54],[-104,-51],[-41,1],[-188,45]],[[32528,4819],[-12,143],[4,49],[102,83],[23,94],[52,48],[3,42],[54,86],[55,29],[-28,133],[28,68],[-19,44],[15,77],[63,69],[22,88],[114,70],[95,22],[151,108],[-36,59]],[[33214,6131],[73,35],[58,1],[86,-52],[2,66],[58,48],[44,88],[57,14]],[[33592,6331],[38,-39],[57,16],[34,-41],[64,26],[42,35],[60,-69],[32,6],[35,-31],[-22,-29],[1,-61],[-36,-15],[-80,-83],[-57,-42],[-6,-33],[23,-47],[-37,-127],[3,-52],[-44,-27],[-30,-76],[-30,-16],[-25,-86],[-36,-76],[-48,-40],[-12,-55],[-49,-71],[19,-53],[-30,-41],[-4,-65],[-17,-30],[81,-51],[66,1],[27,23],[150,-62],[-19,-59],[53,-58]],[[32557,8338],[74,122],[139,172],[50,34]],[[32820,8666],[53,38],[95,49],[36,5],[99,-24]],[[33103,8734],[34,-15],[30,-48],[15,-102],[22,-46],[-17,-48],[34,-33],[-16,-65],[39,-68],[52,-8],[60,-39],[64,-97],[-11,-40],[33,-46],[-50,-21],[-13,-30],[26,-47],[-19,-37],[31,-48],[-56,-25],[-14,-55],[26,-26],[-13,-53],[31,-35]],[[33391,7702],[-46,0],[-40,22],[-74,-10],[-49,11],[-37,-49],[10,-77],[-104,-10],[-77,27],[-129,-7]],[[16092,8682],[-43,44],[-33,64],[-8,46],[-79,-51],[-28,24],[-89,7],[-29,105],[87,54],[13,32],[-39,33],[-42,-33],[-85,35],[-33,-9],[-40,-53],[-67,11]],[[15363,9123],[-3,60],[31,42],[-9,38],[19,99],[-17,47],[-60,44],[-48,68],[-58,53],[-32,81],[-89,88]],[[15223,9794],[100,3],[51,-33],[91,-154],[113,-38],[142,-10],[31,-25],[110,-30],[-4,-53],[-71,-40],[72,-82],[19,-8],[0,-67],[37,-13],[-7,-78],[7,-171],[117,-67]],[[18705,9095],[69,15],[80,60],[31,71],[-13,37],[28,50],[-21,127],[45,101]],[[18924,9556],[78,-35],[44,0],[27,45],[60,9],[76,-87],[-24,-65],[68,-1],[26,-25],[102,-1],[12,-41],[-12,-77],[67,-25],[18,43],[80,30]],[[19546,9326],[87,-45],[30,-49],[25,-85],[-16,-153],[28,-87],[46,-60],[-12,-38],[-67,-46],[2,-40],[95,-51]],[[19764,8672],[-37,-69],[-24,-112],[23,-77],[38,-54],[96,-84]],[[19860,8276],[-46,8],[-40,-62],[-37,-90],[-52,-40],[-43,27],[-55,-17],[-49,7],[-41,-81],[-34,36],[-30,88],[-56,31],[-26,-38],[14,-65],[-33,-10]],[[20518,10797],[-26,-53],[-69,-77],[-63,-7],[-41,-53],[-3,-45],[-40,-60],[39,-55],[-26,-58],[-92,-57],[-13,-89],[3,-79],[-46,-61],[5,-76],[-16,-37],[13,-56],[-131,-149],[2,-53],[-20,-41],[29,-89],[-2,-39],[-37,-11],[-43,34],[-79,-16],[-42,-61],[-50,-21],[-73,-4],[-4,-52],[-44,-56],[-81,-19],[-22,-31]],[[18924,9556],[-25,39],[-64,10],[-46,34],[-85,130],[27,94],[25,39],[-3,73],[-131,63],[-26,54],[-15,79]],[[18581,10171],[0,16]],[[18581,10187],[55,-62],[36,-7],[69,19],[25,-76],[37,-16],[90,2],[2,37],[-32,50],[37,16]],[[18900,10150],[114,-5],[14,42],[131,49],[112,18],[92,-9]],[[19363,10245],[51,-22],[130,-23],[76,24],[68,37],[97,31],[22,19],[3,97],[-37,45],[15,44],[62,43],[34,68],[74,57],[49,185],[32,15]],[[15622,14588],[40,108],[123,129],[19,41],[-26,66],[36,6],[4,42],[30,27],[-32,45],[18,43],[-12,40]],[[15822,15135],[55,8],[122,-42],[90,1],[51,-19],[129,12],[69,-3],[92,19]],[[16398,14465],[-46,22],[-148,4],[-92,29],[-51,-62]],[[16997,14231],[-33,33],[-4,101],[-69,25],[-60,62],[-51,-48],[-86,-48],[-50,-9],[-45,42],[4,67]],[[16603,14456],[44,75],[15,59],[-53,40],[47,69],[-12,29],[64,42],[31,-8],[-27,-94],[15,-61],[-13,-45],[28,-44],[40,-4],[14,54],[53,66],[34,114],[69,77],[31,11],[9,47],[45,52]],[[17037,14935],[24,-70],[82,-92],[58,-126],[96,-66],[20,-53],[70,-28]],[[16646,15280],[82,130],[-13,47],[84,2],[40,-12],[58,-52],[6,-70],[101,-42],[75,9],[32,27],[50,8],[39,-56],[-127,14],[-50,-51],[-28,-77],[-15,-121],[32,-76],[25,-25]],[[16603,14456],[-57,-34],[-32,26]],[[17800,13511],[48,49],[88,-40],[49,21],[18,-22],[-7,-84],[38,-36]],[[18034,13399],[-8,-122],[14,-96],[-55,-18],[-30,-43],[3,-38],[-62,-102],[29,-20],[-51,-80],[-110,-19],[-35,22],[-36,-51],[-59,-41]],[[16966,12953],[-68,17],[-102,-4],[-116,44],[41,45],[43,18],[24,57],[-38,44],[-9,79],[-48,3],[-6,60],[-87,82]],[[16600,13398],[16,38],[73,18],[2,80],[28,33],[52,1]],[[18586,13588],[-1,51],[61,-30],[52,50],[-84,59],[48,33],[51,-16],[22,31],[-8,54],[51,30],[65,-4],[47,15]],[[18890,13861],[107,-137],[41,-41],[18,-46],[41,-30],[92,-40]],[[19189,13567],[-29,-67],[-64,27],[-52,-4],[-70,-27],[-31,-70],[-11,-59],[-72,-46]],[[18860,13321],[-60,18],[22,45],[-132,2],[-47,28],[-22,49],[-90,-87],[-31,10]],[[18500,13386],[-24,31],[14,73],[96,98]],[[18586,13588],[-16,-3],[-71,73],[19,85],[46,8],[8,71],[33,27],[-24,66],[26,78],[113,113],[39,123],[63,84]],[[18822,14313],[38,-184],[-24,-136],[20,-88],[34,-44]],[[19321,13391],[112,-22],[102,30]],[[19535,13399],[-25,-26],[36,-49],[118,-30],[-50,-24],[18,-60],[50,4],[-12,-62],[19,-58],[-29,-85],[-100,-30],[10,-31],[-108,-26],[-79,-55]],[[19383,12867],[-45,8],[-27,76],[-25,17]],[[19286,12968],[-27,42],[24,49],[44,8],[-7,50],[-54,58],[68,85],[-31,86],[18,45]],[[17562,14449],[19,-26],[88,-67],[73,-26],[91,-9]],[[20856,11815],[36,-7]],[[20892,11808],[15,-20]],[[20907,11788],[-15,-57],[-39,-18],[12,-65],[-54,-25],[2,-40],[-51,-32],[-27,-42],[-59,-145]],[[21443,11652],[-40,-41],[-62,11],[-70,35]],[[21271,11657],[14,34],[-48,89],[49,162],[-27,102]],[[21259,12044],[76,52],[12,37],[-26,50]],[[21321,12183],[41,33],[44,-23],[-41,-59],[108,1],[98,28],[-3,42],[74,-10]],[[21642,12195],[59,-25],[10,-53],[67,-52],[21,-36]],[[22931,8841],[5,34],[-29,64],[-39,39],[-103,75],[-41,108],[2,20],[102,68]],[[22828,9249],[23,42],[-58,142],[49,102],[36,110],[-11,79],[83,41]],[[22418,11566],[-19,149],[-57,45],[-54,17],[-6,55],[-47,44],[-12,46],[25,38],[-48,29],[-21,53],[-10,74],[36,68]],[[22205,12184],[65,27],[27,32]],[[22297,12243],[27,57],[103,35],[45,46],[16,65],[-39,35],[18,46],[37,21],[22,86]],[[22526,12634],[68,-21],[140,19],[44,-34]],[[22778,12598],[-13,-76],[-93,-156],[16,-59],[32,-23],[-37,-61],[18,-72],[-22,-39],[17,-41],[-19,-52],[13,-73]],[[22690,11946],[-70,-47],[-51,-85],[-37,-115],[-20,-102]],[[23479,11677],[2,121],[-14,46],[27,66],[-40,154],[70,62],[14,101],[-44,84],[-35,20],[-14,75],[-80,80],[-18,31]],[[23347,12517],[-5,30],[45,61],[-12,65],[20,19]],[[23395,12692],[23,-38],[44,-19],[81,33]],[[23543,12668],[52,-39],[-35,-39],[19,-35]],[[23579,12555],[61,-57],[-18,-34],[28,-137],[23,-27],[1,-78],[37,-61],[28,-6],[6,-78],[-38,-71],[3,-57],[-34,-46],[-55,-151],[43,0]],[[23664,11752],[-48,-95],[-27,-18]],[[20640,13002],[53,38],[36,89]],[[20729,13129],[67,-9],[154,4],[8,-58],[110,-34],[52,-3],[59,-65],[40,-10]],[[21219,12954],[-38,-56],[-16,-57],[-33,-37],[-23,-57],[31,-27],[-41,-49],[-133,26]],[[20966,12697],[-23,30],[-70,-48],[8,-47],[-27,-27],[5,-63],[-38,-13],[-41,-50],[-73,-26]],[[20419,12512],[60,112],[131,82],[37,67],[-24,106]],[[19535,13399],[98,71],[72,119],[36,78],[65,40],[53,-36],[99,-11],[107,-22]],[[20065,13638],[-5,-87],[-19,-79],[16,-48],[-2,-79],[46,1],[86,-124],[-40,-73]],[[20147,13149],[-57,35],[-62,-68],[-13,-52],[-63,-55],[24,-31],[-29,-74],[-49,-13],[43,-65],[-37,-89]],[[19904,12737],[-27,14],[-10,115],[24,36],[-59,73],[-134,-54],[2,-41],[-68,-86],[-41,-15],[-51,29],[-34,-19],[14,-59],[-7,-47],[-70,-38],[-46,28],[-25,48]],[[19372,12721],[-13,37],[40,39],[-16,70]],[[21321,12183],[-39,58]],[[21282,12241],[-40,112],[87,27]],[[21329,12380],[36,-34],[60,24],[45,67],[8,57]],[[21478,12494],[58,12],[28,45],[36,-44],[36,5]],[[21636,12512],[20,-49],[-14,-47],[-83,7],[3,-61],[28,-87],[38,-3],[28,-37],[-14,-40]],[[21329,12380],[-24,52],[5,66],[-37,41],[11,39]],[[21284,12578],[59,89],[47,-26],[74,-78],[14,-69]],[[21219,12954],[67,-34],[1,-27],[55,-59],[49,-16],[102,40],[36,66]],[[21529,12924],[50,-13],[-21,-38],[8,-91],[52,-11],[-38,-75],[14,-137],[32,2],[10,-49]],[[21284,12578],[-34,25],[-49,-34],[-40,-98],[-33,-48]],[[21128,12423],[-56,4]],[[21072,12427],[-61,40],[60,58],[-52,24],[11,79],[-49,15],[-15,54]],[[22205,12184],[-25,46],[6,46],[-101,6],[-2,81],[18,39],[-15,109],[-52,-41],[-119,-52]],[[21915,12418],[-15,91],[-87,46],[-47,-15],[-41,10],[-54,-21]],[[21671,12529],[-35,29],[29,39],[-13,31],[12,72],[36,31],[32,-27],[64,23],[68,9],[43,36],[13,45]],[[21920,12817],[62,-14],[37,-74],[76,3],[129,-14]],[[22224,12718],[-41,-21],[55,-50],[40,-86],[-7,-64]],[[22271,12497],[-26,-60],[8,-27],[-20,-94],[27,-60],[37,-13]],[[21529,12924],[72,111],[52,52],[39,-40],[96,14],[55,-21],[-28,-85],[55,-117],[50,-21]],[[21671,12529],[-35,-17]],[[22778,12598],[92,-56],[57,39],[30,-25],[76,2]],[[23033,12558],[25,-64],[46,-45],[3,-30],[63,-50],[-7,-109],[-27,-48]],[[23136,12212],[-40,69],[-109,-22],[-53,-63],[-37,-74],[-66,-46],[-21,-61],[-82,-35],[-38,-34]],[[23925,12397],[23,22],[-3,86],[-30,4],[-8,72],[53,18],[-5,43],[-36,47],[-11,184]],[[23908,12873],[25,-16],[91,8],[35,-20],[131,34]],[[24190,12879],[27,-80],[-32,-61],[46,-73],[65,-19]],[[24296,12646],[-27,-104],[35,-55],[-14,-68]],[[24290,12419],[-131,118],[-10,65],[-89,38],[-46,-47],[-41,-6],[-11,-57],[23,-25],[-3,-69],[102,-68],[25,-54]],[[24109,12314],[-30,20],[-37,-21]],[[25568,12090],[61,60],[24,73],[50,13],[17,90],[36,39],[-4,42],[50,89],[47,11],[-21,160]],[[25828,12667],[66,-2],[66,-76]],[[25960,12589],[-29,-46],[12,-85],[-23,-97],[-42,-100],[0,-60],[26,-27],[-9,-65],[11,-138]],[[24883,7266],[60,9],[-4,47],[30,28],[108,65]],[[25077,7415],[25,-34],[88,15],[70,-45],[16,51],[44,34],[145,-32],[-1,67],[25,24]],[[26253,7443],[-61,-73],[-75,13],[-51,-16],[-107,-151],[-104,-49],[-56,-3],[-56,-37],[-115,-13],[-52,-15],[-19,-68],[-35,-43],[-90,-28],[-109,0]],[[28075,10775],[-56,31],[-63,-7],[-45,-53],[-22,-50],[-72,-35],[34,-83],[2,-39],[-29,-38],[-5,-119],[64,-11],[35,-49],[29,-81],[-57,-18],[4,-68],[83,-14],[18,-26],[-2,-66],[19,-26]],[[28012,10023],[-45,-27],[-64,-64],[1,-26],[-83,1],[-131,-58],[0,95],[-65,7],[-20,122],[-52,16],[-114,-7]],[[25187,12542],[-16,52],[-35,25],[-8,92],[35,74]],[[25163,12785],[52,-28],[106,42],[55,-28],[46,4],[100,-47],[13,-33]],[[25535,12695],[-84,-68],[6,-77],[52,-44],[-5,-52],[-41,-48],[-29,-87],[-20,-13],[-9,-74]],[[24840,12355],[-6,144],[45,24],[-40,52],[-87,-10]],[[24752,12565],[-13,36]],[[24739,12601],[43,122],[-22,33],[87,74],[-22,58],[-35,39],[23,42],[-3,46]],[[24810,13015],[92,-21],[127,-130],[18,-37],[116,-42]],[[26807,12367],[13,35],[-101,196],[-17,78],[-156,-5]],[[26546,12671],[12,12]],[[26558,12683],[34,29],[56,-5],[17,110],[-6,26]],[[26659,12843],[82,22],[32,-31],[50,9],[44,39],[45,1],[100,56]],[[26990,12758],[-60,35],[-59,-59],[-6,-97],[-28,-55],[39,-62],[72,-13],[96,-73],[53,3]],[[23943,10450],[-32,68],[41,38],[-64,44],[-32,68],[-33,-4],[-9,99],[-16,13]],[[32210,11478],[29,-41],[87,-56],[24,-39],[-3,-77],[-42,-70],[-7,-40],[81,-127],[9,-52],[42,-6],[32,-48],[-16,-110],[42,-36],[23,-71],[-86,-21],[-23,-56]],[[32402,10628],[-95,-35],[-124,3],[-67,-24]],[[32820,8666],[-33,97],[-52,124],[-17,202],[-41,113],[-45,34],[0,41],[52,51],[-89,131],[-108,16],[-96,39],[-132,16]],[[32259,9530],[-21,35],[10,172],[-10,111],[3,60]],[[32241,9908],[89,-93],[110,-28],[89,-38]],[[32529,9749],[93,-26],[35,37],[86,-2],[78,-49],[172,-25],[40,-48],[83,30],[88,-19],[55,28],[38,-9],[58,-67],[32,-17],[64,0],[43,-18],[73,-58],[45,-19],[40,8]],[[33652,9495],[73,-19],[78,-5],[60,25],[14,32]],[[33877,9528],[27,-33],[9,-66],[-13,-82],[-69,-92],[-46,-41],[36,-87],[7,-49],[-40,-39],[27,-105],[-20,-76],[-65,3],[-94,-62],[-27,9],[-42,-37],[-54,56],[-34,-4],[-24,46],[-70,-11],[-6,-23],[-89,-12],[-80,36],[-82,-20],[4,-38],[-39,-42],[10,-25]],[[31087,13134],[34,44],[30,5],[82,-38],[97,39],[74,15],[-94,187],[-39,153],[49,42],[-91,93]],[[31229,13674],[19,69]],[[31248,13743],[44,-65],[115,-33],[64,-90],[103,-40],[41,-36],[-145,-83],[28,-24],[86,19],[12,-51],[73,-145],[123,41],[36,24],[67,6],[146,-66],[47,-131],[-28,-8],[-21,-52],[44,-77],[-6,-84]],[[32077,12848],[-32,21],[-46,69],[-114,65],[-33,-3],[-53,-38],[-150,-191],[-45,-43],[-100,-40],[-129,17],[-46,-31]],[[31329,12674],[-54,93],[-30,94],[-4,62],[-35,55],[-87,19],[-22,35],[-10,102]],[[32014,12047],[103,120],[-29,4],[18,89],[36,-11],[91,63],[10,83],[51,28],[28,85],[15,109],[-37,115]],[[32300,12732],[123,-103],[29,-35],[9,-65],[-13,-42],[5,-96],[54,-66],[75,-221],[-3,-136],[-37,-27],[-47,-127]],[[8273,7787],[-52,-15],[-49,-93]],[[8172,7679],[-141,13],[-67,-97],[-53,14],[-18,48],[-17,122],[-40,63],[-71,-21],[-34,-98],[-42,-7],[-62,27],[-104,-12],[-164,-94]],[[7359,7637],[13,63],[-27,54],[22,48],[-2,45]],[[7365,7847],[78,66],[38,55],[100,80],[66,42],[25,81],[46,54],[125,77],[66,18]],[[27359,6194],[-53,-5],[-64,-38],[-31,3],[-61,47],[-118,-44]],[[27032,6157],[-41,55],[-70,-27],[-34,-31],[-96,17],[-114,59]],[[26677,6230],[38,40],[78,-10],[12,30],[-30,80],[-74,81],[31,131],[-29,26],[-86,28],[-12,86],[22,92]],[[19106,4932],[-25,-65],[23,-29],[-14,-69]],[[18608,5768],[19,-40],[59,-31],[26,-89],[66,-53],[113,91],[31,16],[59,-19],[14,42],[89,-2],[11,-51],[-13,-60],[18,-56]],[[9368,9833],[-18,69],[44,68],[70,17],[97,5],[-12,64],[4,60],[-46,51],[-19,56],[2,61],[-32,36],[-139,1],[-34,13]],[[9285,10334],[35,73],[59,47]],[[9379,10454],[47,-19],[26,-37],[48,-20],[30,12],[92,-7],[24,28],[63,27],[40,-8],[53,18]],[[9802,10448],[19,-158],[12,-38],[65,-87]],[[9898,10165],[8,-50],[-8,-141],[-40,-89],[11,-142],[-21,-103],[-31,-56],[9,-96],[19,-49]],[[29250,10703],[-64,-20],[-61,6],[-24,-52]],[[12765,3049],[51,19],[40,39],[-6,77],[17,74],[-49,57],[-9,54],[38,114]],[[12847,3483],[58,-11],[90,3],[29,-30],[117,-42],[82,74],[64,13],[39,61],[-19,41],[44,68],[-15,50],[-46,20],[-83,83],[-130,77]],[[13077,3890],[84,53],[81,123],[195,93],[75,82],[83,3]],[[13595,4244],[86,-81],[52,-20],[81,-83],[182,37],[183,59]],[[14527,2993],[-112,45],[-58,-12],[-111,-68],[-61,-151]],[[14185,2807],[-43,-31],[-29,16],[-101,-39],[-48,14],[-61,-7],[-33,-37],[-42,22],[-92,-42],[-129,30],[-81,-10],[-43,-62],[8,-66],[-45,-60],[-24,19],[-33,77],[-59,-4],[-55,-42],[-77,1],[-51,-19],[-26,-60],[86,-21],[-20,-40]],[[28407,10229],[-66,-49],[-56,-25],[-41,-61],[-31,-19],[-104,-15],[-78,-61],[-19,24]],[[31801,6187],[82,-8],[51,31],[41,64],[85,37],[43,1],[-13,51],[47,16],[47,49]],[[32184,6428],[18,29],[49,2],[69,54],[60,11],[18,53],[42,24],[78,5],[76,-14],[72,19]],[[32666,6611],[44,-23],[68,6],[58,-27],[49,-41],[59,5],[92,25]],[[33036,6556],[-16,-134],[33,-43],[68,-35],[43,-82],[65,-90],[-15,-41]],[[32528,4819],[-73,6],[-96,-15],[-163,-60],[-63,-1]],[[24216,7914],[-41,-45],[-89,-149],[-40,-39],[-12,-106]],[[23874,7584],[-106,-38],[-79,-9],[-129,28]],[[23560,7565],[22,57],[-4,48],[73,81],[-5,86],[-42,38]],[[16322,12090],[76,-11],[78,12],[69,47],[87,18],[55,-7],[25,-27],[66,-21],[95,-2]],[[16873,12099],[72,-42],[74,4],[90,-11]],[[17348,12024],[-56,-111],[-63,-72],[-123,-56],[-56,-41],[-20,-74],[-18,-155],[-44,-75],[9,-54],[29,1],[81,-46],[80,18],[33,-36],[-4,-56],[-66,-125],[1,-66]],[[17131,11076],[-42,-30],[-108,-28],[-69,-57]],[[16912,10961],[-78,28],[-85,67],[-38,62],[-80,-9],[-22,-39],[-74,-22],[-69,13],[-123,-29],[-179,-88]],[[15882,11182],[53,65],[98,163],[-2,94],[-50,45],[-104,187]],[[15877,11736],[32,53],[39,20],[39,-10],[80,47],[143,73],[11,42],[54,13],[34,30]],[[6381,5792],[25,67],[-2,45]],[[6404,5904],[131,23],[45,36],[55,-63],[109,-47],[40,-52],[67,52],[85,-26]],[[7025,5765],[-59,-33],[-30,-56],[76,-38],[-9,-60],[-30,-57],[-30,-25],[50,-88],[-80,-73],[-15,-78],[10,-50]],[[6908,5207],[-32,-2],[-11,-56]],[[6865,5149],[-66,-23],[-66,-109],[-32,15],[-83,-6],[-32,23],[-64,-2]],[[6522,5047],[-35,36],[9,62],[-5,93],[-29,85],[-6,132],[50,20],[-3,43],[-45,46],[-62,18],[-7,43],[-59,59]],[[23136,12212],[93,-76],[-5,-110],[28,-14]],[[23252,12012],[0,-68],[-44,-78],[55,-27],[-27,-57],[-5,-69],[-54,-68],[-54,-13],[17,-38],[-31,-59]],[[25121,7615],[-17,-102],[-25,-35],[-2,-63]],[[18021,9104],[94,38],[138,94],[51,-8],[79,-121]],[[18362,8638],[-54,-9],[-79,-45],[-35,-51],[-37,-14],[10,-99]],[[9297,8624],[15,85]],[[27800,4116],[-102,4],[-27,-29],[-85,-19],[-111,7],[-76,-24],[-15,-38]],[[27384,4017],[-133,-18]],[[27251,3999],[-18,32],[-55,25],[-32,102],[-63,77],[-40,2]],[[31680,6638],[129,-49],[88,-2],[100,-61],[-3,-30],[80,-57],[79,10],[31,-21]],[[17744,11587],[-53,-42],[-88,-40],[-43,-60],[-28,-141],[-75,-50]],[[17457,11254],[-54,-31],[-26,-34],[-93,-10],[-57,-39],[-60,-62],[-36,-2]],[[10872,11066],[-46,11],[-64,-62],[-83,-44],[-70,34],[-24,30],[-54,7],[-69,-32],[-26,-41],[-72,1],[-3,49],[-53,56],[106,73],[-13,41]],[[10521,11594],[39,27],[15,43],[36,13],[50,-16],[50,58],[-5,70],[28,4],[90,-41],[74,11],[-6,58],[27,40],[75,-50],[37,13],[49,-82],[23,-68]],[[24109,12314],[63,52],[46,-45],[2,-46],[54,-59]],[[24274,12216],[37,-121],[36,54],[35,6],[36,-47]],[[24418,12108],[88,-31],[112,9]],[[23664,11752],[23,43],[39,28],[80,-5],[95,-22]],[[19804,3345],[8,-35],[65,-106],[86,-51],[26,-28],[4,-68],[62,-22],[14,-29],[61,-10],[74,14],[177,-26]],[[20381,2984],[-47,-26],[2,-34],[-32,-57],[-13,-52],[-84,-70],[16,-33],[-12,-45],[-37,-10],[-85,69],[-54,-31],[-44,-66]],[[19904,2497],[-85,0]],[[19819,2497],[-41,47],[-44,27],[-84,18],[-89,55],[-50,16],[-59,65]],[[19452,2725],[-33,34]],[[15457,6987],[68,62],[12,56],[-20,106],[-23,24],[46,84],[-13,65],[-64,20],[-11,29]],[[15799,7684],[-36,-83],[4,-72],[27,0],[48,-60],[47,49],[42,22],[76,-2],[37,-42],[71,-48],[6,39],[55,55],[13,38],[57,-66]],[[16246,7514],[52,-73],[-32,-45],[82,-127],[-1,-35]],[[16347,7234],[-63,10],[-119,-116],[-34,-24],[-68,-115],[-48,5],[-52,114],[-77,-15],[-60,14],[-37,-81]],[[15789,7026],[-82,54],[-52,-62],[-21,-126],[26,-47]],[[15688,6939],[10,39],[69,7],[-28,-55],[-51,9]],[[14185,2807],[235,-60],[106,-1],[37,-34],[-18,-127],[13,-55],[-37,-68],[56,-83],[-13,-27],[-78,-54],[15,-93],[38,-53],[60,34],[4,-38],[-26,-41],[38,-98],[37,-35],[-28,-119],[-53,-4],[-46,16],[-128,-100],[-31,-127],[-58,-47]],[[22334,8082],[-124,-43],[-53,10],[-51,-36]],[[22106,8013],[-17,41],[3,96],[-26,54],[-6,58],[-100,149],[-74,45],[-31,35],[-73,-20],[-77,19],[-20,52],[7,137],[55,49],[-20,46],[-52,-4],[-66,28],[-17,59],[-44,26],[10,44]],[[21558,8927],[28,72],[26,21],[63,-42],[65,1],[51,44],[39,100],[50,53],[-1,98],[33,23],[73,-43],[56,-54],[138,-7],[57,31],[48,89],[16,96],[54,91]],[[22354,9500],[56,-36],[132,3],[95,-36],[8,-93],[26,-83],[102,-18],[55,12]],[[7378,9980],[-34,44],[33,74],[69,40]],[[7446,10138],[155,19],[183,45],[106,87]],[[7477,9584],[-90,47]],[[14730,3050],[60,-122],[37,-56],[12,-52],[70,-100],[43,-24],[8,-40],[-33,-73],[-133,-118],[14,-68],[80,-34],[90,-68],[17,-77],[36,-56],[77,-53],[8,-66],[46,-32],[50,-8],[-5,-107],[-21,-33],[8,-97],[49,-54],[13,-120]],[[15256,1592],[-31,-67],[-62,-49],[-4,-189],[-8,-35],[-56,-68],[-42,19],[-75,-85],[-26,-75],[-29,39],[-12,77],[-43,49],[-51,33],[-36,0],[-39,-57],[-45,-40],[-46,-111],[-97,-61],[-58,-56],[-42,-61],[-49,0],[-2,73],[-89,-8],[-63,-72]],[[18131,10468],[-2,-147],[-75,-43],[-80,-26],[-34,-41],[-2,-115],[-10,-22]],[[17928,10074],[-117,-8],[-48,-35],[-60,-67],[-74,44],[-20,103],[-92,54],[-95,13],[-21,22],[52,56],[-48,77],[-78,92],[9,78]],[[17336,10503],[47,67],[99,50],[34,45],[-28,65],[1,39],[42,34],[57,8],[10,92]],[[22219,10233],[-75,-106],[-11,-43],[50,-102],[9,-61],[30,-73],[-57,-79],[68,-45],[8,-45],[-12,-83],[118,-16],[7,-80]],[[21558,8927],[-51,26],[-58,50],[-52,6],[-51,53]],[[21311,9090],[26,148],[141,28],[104,99],[24,55],[-7,37],[-39,53],[-63,51],[-30,80],[39,77],[-5,33],[-42,35],[-51,13],[-41,62],[13,93],[0,97],[-45,99],[-2,42],[90,122],[66,110]],[[21489,10424],[22,78],[91,93],[17,39],[-31,35],[20,86]],[[14260,5395],[59,-27],[50,-95],[9,-65],[21,-33],[88,-53],[35,-64],[51,-60],[-12,-52],[32,-56],[64,-62]],[[14657,4828],[139,-112],[66,-101],[107,-108],[-103,-74],[-62,-11],[-123,-90],[-65,16],[-34,-42]],[[13595,4244],[-131,123],[-33,52],[20,54],[55,55],[8,82]],[[6305,5933],[-8,37],[-53,85],[-10,161],[-16,61],[8,92],[-21,74],[-2,57],[31,55],[63,7],[11,28],[-50,50],[-22,50],[14,26],[70,23],[30,41]],[[6350,6780],[130,54],[69,-51],[73,-87],[108,-13],[43,-45],[23,-111],[41,-19]],[[6837,6508],[-23,-60],[-2,-96],[-38,-95],[-9,-86]],[[6765,6171],[-67,16],[-52,-10],[-30,-39],[-71,-18],[-43,-71],[-78,-82],[-20,-63]],[[28906,11952],[-102,48],[-135,4],[-103,-112],[-51,-28],[-68,-58],[-76,-100]],[[28072,12716],[119,73],[16,48],[42,53]],[[28249,12890],[44,95]],[[26792,3702],[-14,57],[44,115],[104,132],[7,41],[59,19],[12,66],[39,105]],[[27251,3999],[-13,-44],[19,-54],[60,-83],[-30,-60],[19,-85],[-30,-105],[11,-70],[32,-38],[83,-12],[56,22],[40,51],[9,38]],[[27507,3559],[100,6]],[[27752,3183],[-99,25],[-57,2],[-130,38],[-108,-24],[-26,-38],[-42,47],[-24,-16],[-63,16],[-17,-38],[-34,-2]],[[28432,5410],[-81,-62],[-66,-30],[10,-63],[57,-37],[70,-87],[149,-86],[57,34],[65,11],[29,-22],[70,22],[64,-46],[40,-76],[-16,-74],[-21,-32],[-4,-62],[-28,-49]],[[28827,4751],[-53,13],[-27,-40],[-148,-6],[-46,11],[-86,-2],[-89,27]],[[28378,4754],[-249,187],[9,55],[-68,32],[-67,128],[64,52],[-29,50],[-12,80],[38,52],[4,78],[-15,72]],[[32003,9776],[48,-34],[70,43],[16,79],[51,51],[53,-7]],[[32259,9530],[-9,-104],[-44,-76],[-66,-42],[-59,-15],[-32,-28],[-71,-177],[-2,-80],[-17,-44],[12,-71],[-3,-74],[19,-94]],[[19459,3943],[-9,34],[34,41],[-5,102],[18,57],[2,83],[44,78],[76,55],[38,14],[23,61],[-27,32],[-61,5],[-27,57],[-6,83],[42,56],[8,41],[-22,52],[-69,63],[-53,71],[-27,13]],[[20244,5408],[60,-38],[69,-18],[13,-68],[-17,-49],[21,-56],[-38,-92],[10,-26]],[[20362,5061],[10,-100],[-54,-66],[-7,-79],[-25,-106],[39,-193],[-52,-57],[19,-106],[-19,-135],[-40,-79],[-6,-71]],[[20227,4069],[-67,44],[-109,-25],[-24,-29],[-42,-5],[-62,-61],[-3,-35],[-53,-42],[-82,-87],[-10,-46]],[[7844,3504],[87,23],[47,45],[39,90],[55,42],[99,3]],[[8171,3707],[23,-20],[63,-2],[63,-23],[93,23],[51,-19],[15,-26],[78,-22],[22,-114]],[[8366,2548],[-101,-10],[-40,-19]],[[8225,2519],[-40,6],[-91,56],[-54,47],[-72,90],[-45,26],[-80,-4],[-71,-21],[-76,-88],[-126,-48],[-68,22],[-34,-3],[-69,24]],[[14657,4828],[59,62],[9,44],[73,15],[37,70],[1,39],[-58,99],[0,72],[28,64],[-12,109],[25,27],[94,-48],[60,-6]],[[15696,4680],[-1,-99],[-46,-74],[-96,-113],[0,-55],[22,-96],[-6,-75]],[[15569,4168],[-49,-21],[-55,73],[-30,-4],[-71,-48],[-32,-38],[-8,-68],[-43,-55],[-6,-111],[-35,-105]],[[25407,6650],[15,-9]],[[25422,6641],[-60,-6],[-45,-22],[17,-61],[-9,-36],[41,-62],[58,-29],[58,-101]],[[24952,6059],[-82,95],[-96,45],[-104,-9],[-25,38]],[[24645,6228],[59,29],[42,87],[47,29],[38,66],[-78,71],[-7,44]],[[15127,5535],[17,-54],[-33,-43]],[[16958,7170],[-28,96],[-30,24]],[[17233,6459],[-37,27],[-70,21],[-43,59]],[[3408,7886],[24,-6],[32,82],[28,27]],[[3492,7989],[33,-29],[128,-52],[156,81],[63,17],[75,40],[57,58],[48,143],[71,141],[4,59]],[[4301,7296],[-22,-30],[-84,0],[-4,30],[-91,-18],[-11,-50],[-64,-18],[-60,40]],[[10449,2914],[59,-78],[69,-114],[39,-48],[75,-42],[66,1],[108,-60],[126,-169]],[[10991,2404],[-26,-103],[4,-37],[-38,-45],[-8,-46]],[[10776,2099],[-80,54],[-36,36],[-120,69],[-231,93],[3,28],[-47,45],[-125,48],[-217,31]],[[9923,2503],[10,61],[-7,56],[-51,57],[46,80],[21,94],[36,49],[-55,155],[-137,159],[-33,72],[-2,108],[-38,130],[-11,105],[-33,89],[-15,72]],[[9654,3790],[131,65],[110,6],[87,37],[57,63],[70,11],[71,-25]],[[10180,3947],[105,-118],[70,-51]],[[29036,5512],[1,-112],[-15,-65],[22,-19],[26,-141],[-25,-30],[40,-120],[44,-65],[4,-54],[-42,-33],[-1,-46],[-29,-45],[3,-51],[-34,-15]],[[29030,4716],[-66,8],[-69,-40],[-68,67]],[[26595,8215],[-78,47],[-40,3],[-50,33],[-6,30],[61,98],[24,64],[50,45],[28,60],[33,137],[47,71]],[[26664,8803],[32,13],[119,-60],[193,-116],[67,-12]],[[13077,3890],[-174,-159]],[[12903,3731],[-140,105],[-125,-67],[-33,32],[-20,-109],[-27,-62],[-62,-63]],[[12197,3724],[12,14],[-23,114],[-1,84],[17,55],[58,22],[50,-7],[51,51],[62,42],[21,56],[-65,91],[-71,40]],[[12308,4286],[56,133],[56,35],[54,-2],[47,84],[-13,42],[17,66],[-10,72]],[[10140,4536],[101,48],[54,67],[95,9],[-16,97],[37,51],[24,79],[0,85],[-36,124],[-1,40]],[[10403,5174],[126,-149],[113,-10],[27,52],[118,-141],[38,40],[46,73],[58,34],[88,24],[16,47],[-39,54],[21,42],[3,71],[-50,51]],[[10968,5362],[61,23],[85,50]],[[11114,5435],[36,-36],[0,-86],[35,-68],[54,-26],[19,-46],[118,-81]],[[11376,5092],[-8,-52],[18,-90],[-26,-142],[4,-149]],[[11364,4659],[-31,-78],[-69,-34],[-67,-68],[-5,-91],[-105,-61],[-171,-17],[-47,-34],[-17,-77]],[[10852,4199],[-46,3],[-59,-25],[-15,-31],[-9,-128],[-42,-26],[-24,40],[-38,11],[-34,59],[-81,-66],[-100,45],[-39,55],[-155,-20]],[[10210,4116],[22,46],[1,101],[-22,58],[3,40]],[[32856,3784],[-48,41],[-85,24],[-120,1],[-145,37],[-101,-13],[-48,-17],[-104,-74],[-63,16],[26,50],[-45,48],[13,24],[-18,53],[22,65],[-41,33],[-100,-10],[-67,13],[-145,104]],[[19361,11561],[77,12],[73,-5],[62,43],[87,31],[54,0],[104,17],[53,19]],[[19363,10245],[-25,36],[-57,133]],[[19281,10414],[6,38],[57,67],[14,55],[6,137],[-50,96],[-32,19]],[[19282,10826],[-18,142],[-40,80]],[[15821,2154],[-30,-58],[-123,-66],[-74,-83],[-89,-57],[-51,-69],[-14,-42],[-93,-97],[-27,-70],[-64,-20]],[[15218,11478],[28,60],[7,54]],[[15201,11980],[-63,53],[-20,64],[7,53],[38,68],[-5,111]],[[15158,12329],[81,40],[100,-2]],[[15339,12367],[50,6],[191,-281],[50,-112],[58,-59],[-12,-95],[-67,-98],[0,-50],[23,-51],[5,-62]],[[15637,11565],[-21,15],[-132,-54],[-28,-111],[-135,-36]],[[7323,8812],[-50,-26]],[[7273,8786],[-59,-58],[-98,-22]],[[6168,8966],[-47,65],[-81,10],[-57,77],[-68,35]],[[14293,14192],[31,-52],[90,-13],[94,29]],[[14866,14113],[32,-80],[-9,-50],[109,-35],[-6,-40],[-76,-91],[23,-38],[-3,-43],[29,-50],[73,-24],[17,-24],[89,-54],[32,-35],[63,-1],[68,-39],[-30,-83],[-48,-42],[-3,-50],[-53,-56],[45,-63]],[[15218,13215],[-38,-18],[-72,17],[-33,-52],[17,-69],[-76,-24],[-31,-25],[-68,27],[-59,-10],[-78,-31],[-30,-63]],[[14224,13526],[1,48],[-36,36],[-50,-34],[-31,45]],[[16326,9413],[-68,42],[62,56],[-4,42],[-45,77],[-91,43],[-45,-35],[-67,-1],[-24,28],[-1,51],[44,95],[-45,64],[-40,0],[-27,-47],[-60,119],[-55,29],[-46,0],[-52,32],[-6,74],[-26,61],[-66,23]],[[15806,10292],[46,-6],[45,-31],[75,-3],[21,-65],[77,-21],[90,48],[7,62],[23,42]],[[16190,10318],[58,31],[44,-27],[85,0],[75,-32],[68,26],[38,72],[39,38],[40,-45],[-19,-83],[54,-24],[47,35],[110,-3],[44,13],[72,-2],[33,39]],[[16978,10356],[-1,-49],[-97,-90],[-35,-43],[-15,-61],[33,-70],[-12,-34],[1,-86],[-29,-97],[-8,-133],[40,-99],[25,-94],[0,-48],[28,-41],[73,-56],[19,-52],[6,-74],[38,-114],[-11,-34]],[[21203,9139],[24,70],[-25,52],[20,58],[-23,83],[-44,69],[-54,141],[-126,122],[-32,18],[-98,5],[-121,136],[-1,43],[71,41],[30,51],[-31,125],[-65,79],[-6,43],[33,50],[13,55],[-30,60],[-5,47],[-52,93],[36,80],[-51,18],[-50,-56],[-48,89],[-8,77]],[[21225,10720],[-52,-99],[8,-34],[44,-53],[42,-13],[138,-89],[84,-8]],[[12308,4286],[-83,-107],[-36,-23],[-46,20],[-10,51],[-36,32],[-120,-3],[-73,-47],[-116,-164]],[[11788,4045],[-83,72],[-14,68],[9,87],[-127,203],[-2,115],[-59,60],[-82,13],[-66,-4]],[[11376,5092],[114,137],[52,31]],[[9171,6772],[80,9],[36,-47],[32,0],[-4,145],[28,41],[-24,47]],[[30635,3874],[8,-67],[42,-48],[68,-8]],[[30753,3751],[-3,-47],[-69,-38],[-19,-76],[-39,3],[-11,-63],[-68,-69],[-3,-44],[-54,-75],[-27,-65],[-39,13],[-98,-30],[-55,13],[-109,-71],[-41,4],[-53,-23],[2,61],[-41,67],[-17,69],[41,109],[-91,77],[-21,52]],[[29938,3618],[78,64],[9,66],[35,59],[74,42],[8,52]],[[16978,10356],[32,13],[85,-15],[65,88],[11,64],[-41,18]],[[17130,10524],[30,25],[96,-2],[80,-44]],[[17928,10074],[-10,-80],[-32,-45],[-91,-85],[-60,-90],[-125,-97],[-47,-57],[30,-121]],[[15232,14558],[140,41],[44,-4],[42,25]],[[15458,14620],[18,-40],[127,11]],[[15814,14007],[-21,-34],[40,-73],[-6,-88],[43,-64],[18,-119]],[[15409,13215],[-55,-26],[-19,23],[-70,-7],[-47,10]],[[17860,9365],[35,94],[13,78],[-2,71],[-21,74],[6,99],[83,117],[36,-3],[104,225]],[[18114,10120],[16,-59],[49,-3],[110,-31],[21,89],[47,1],[86,34],[56,-17],[22,38],[60,-1]],[[8293,6072],[-8,-77],[-53,-65],[-105,-2],[-67,-35],[-112,11]],[[6719,4518],[25,-32],[72,-20],[48,61]],[[6864,4527],[64,5]],[[6928,4532],[71,-37],[-12,-74]],[[7010,3631],[-57,14],[-40,-92],[-36,-37],[-37,-85],[-42,-45]],[[6798,3386],[-69,18],[-21,78],[-30,-63],[-63,-39],[-6,-43],[-43,2],[-97,-39],[-32,-34],[-38,-6],[-88,-102],[-4,-63],[-51,-48],[-26,-66]],[[6230,2981],[-64,32]],[[5933,3232],[10,36],[57,28]],[[6000,3296],[22,-16],[11,63],[24,58],[51,23],[47,47],[37,65],[48,-2],[12,92],[50,16],[50,-8],[46,132],[41,43],[16,41],[-13,60],[15,66],[-37,82],[37,79],[12,79]],[[11539,5578],[-63,-56],[-111,-62],[-93,-11],[-86,6],[-72,-20]],[[10968,5362],[-96,26]],[[6933,6539],[-49,4],[-47,-35]],[[6350,6780],[-165,52],[-22,48],[55,49],[-6,74],[-52,8],[-132,-15],[-29,-22],[-42,5],[-48,-49],[-7,-31],[-61,-1],[-42,-87],[-103,-2]],[[6253,7514],[92,-49]],[[6345,7465],[54,-82],[54,-48],[48,-2],[98,59],[85,114],[40,23],[85,-47],[60,-4],[51,42],[-3,63],[27,27],[67,-7]],[[10608,3611],[92,21],[55,-11],[45,75],[43,12],[-7,46],[40,15],[46,72]],[[10922,3841],[75,-7],[6,-82],[76,-63],[50,-23],[85,-122],[38,-10],[51,-64]],[[11303,3470],[-28,-50],[17,-86],[27,-75],[32,-50],[98,-87]],[[11449,3122],[-20,-137],[-35,-101],[-37,-74],[-77,-98],[-15,-75],[-48,-41],[-112,-64],[-98,-69],[-16,-59]],[[6107,8372],[-2,-60],[30,-40],[76,-7],[26,-18],[71,14],[31,-22],[40,12],[31,-65],[-8,-28]],[[6402,8158],[-20,-85],[-115,-114]],[[7764,4885],[35,24],[57,1],[40,-41],[81,21]],[[7977,4890],[108,-8],[72,-29],[118,12],[119,52],[5,64],[83,25]],[[8482,5006],[90,-65]],[[8683,4649],[-26,-68],[-6,-70],[39,-109]],[[8690,4402],[-51,-37],[-111,-3],[-9,-36],[-55,-47],[-26,-69],[32,-51],[3,-59]],[[8473,4100],[-21,-25],[-59,-2],[6,-50],[-39,-82],[-61,-102],[-54,9],[-35,-45],[-24,-68]],[[8186,3735],[-56,177],[-22,90],[-51,87],[-54,16],[-87,-28],[-150,-31]],[[9898,10165],[94,23],[47,-67],[18,-123],[54,-89],[38,-34],[60,5],[64,-55],[-18,-59],[69,-123],[18,-65],[-12,-109],[-49,-99]],[[11278,12340],[26,-74],[39,-46],[55,-102]],[[10157,11853],[16,29],[95,27],[39,47],[-2,41],[31,68],[24,117]],[[20362,5061],[70,31],[70,-22],[36,17],[80,1],[75,30],[18,55],[63,-65]],[[20774,5108],[-52,-217],[-36,-46],[12,-54],[78,-80],[29,-83],[38,-19],[66,-76],[19,-39]],[[20928,4494],[-31,-7],[-56,-160],[-68,-53],[35,-38],[-44,-25],[5,-46],[60,-9],[-80,-120],[-19,-48],[-62,-81],[-32,-22],[-31,-85],[-102,-53],[-50,51]],[[20453,3798],[-18,76],[-70,41],[-32,49],[-81,54],[-25,51]],[[14664,12545],[-16,-68],[94,-82],[80,-19],[77,42],[100,-29],[16,-47],[101,0],[42,-13]],[[29617,14013],[101,0],[35,19],[43,-52],[43,13],[87,-11],[127,-55],[72,-21],[27,8],[87,-69],[45,-7],[34,23],[51,-21]],[[30369,13840],[0,-71],[88,-88]],[[30457,13681],[40,-56],[-6,-80],[-32,-139]],[[30459,13406],[-103,-191],[-21,-25],[-211,-174],[-26,-30]],[[30098,12986],[-170,82],[-54,63],[1,83],[-15,50],[-79,112],[-57,53],[-5,65],[-52,105],[-46,51],[-58,-1]],[[4552,10488],[116,41],[85,-3],[88,24],[40,27],[96,100],[65,41],[67,-16],[143,-4],[102,-30]],[[16712,13705],[-56,25],[-52,-18],[-45,23],[-97,-18],[-97,-75],[-37,-48],[-108,-36],[-74,-60]],[[14825,7152],[66,41],[71,95],[40,8],[48,55],[-8,58],[-25,23],[-19,110],[-85,85],[-31,91]],[[6000,3296],[18,8],[-19,117],[5,36],[-28,63],[-85,80],[35,74]],[[5836,4679],[144,-31],[59,-24],[50,-4]],[[6089,4620],[76,-56],[89,58],[20,-49],[63,-20],[50,12],[52,-59]],[[15804,3739],[-41,81],[-34,176],[-103,75],[-43,52],[-14,45]],[[16578,4636],[24,-34]],[[13359,12087],[61,22],[53,-31]],[[31087,13134],[-29,35],[-321,41],[-152,59],[-126,137]],[[30457,13681],[93,37]],[[30550,13718],[36,-38],[164,-27],[44,-84],[50,-66],[77,25],[46,-15],[89,26],[58,61],[115,74]],[[16164,12509],[-28,36],[-76,-1],[-17,32],[-79,35],[-41,-7],[-107,93]],[[16542,13263],[47,63],[11,72]],[[16875,12476],[-45,-69]],[[16830,12407],[-91,18],[-112,-19],[-50,-41]],[[18212,14421],[137,56],[179,89],[55,-22],[159,-105],[80,-126]],[[18500,13386],[-29,-32]],[[18471,13354],[-37,29],[-28,-31],[-74,13],[-2,56],[-33,38],[-92,-60],[30,-61],[-59,-13],[-11,44],[-63,32],[-68,-2]],[[3088,10633],[135,16],[83,-28],[5,-35],[-38,-109],[-5,-85],[-57,-99],[10,-32],[64,-23],[51,12],[5,-54],[31,-36]],[[2312,9780],[78,58]],[[13784,12744],[17,25],[-51,87],[-124,43],[-88,50],[-102,-49],[-87,20]],[[13349,12920],[-34,56],[8,59],[-89,99],[-97,18]],[[28290,6573],[34,23],[54,-10],[87,49],[54,105]],[[8171,3707],[15,28]],[[8473,4100],[53,-23],[58,31],[101,1],[71,74],[67,14],[26,28],[2,44]],[[8851,4269],[175,-3],[189,17]],[[9215,4283],[37,-72]],[[9252,4211],[62,-158],[8,-67],[43,4],[20,-47],[63,-36],[8,-67]],[[9456,3840],[-19,-125],[-43,-108],[-50,-57],[-10,-39]],[[21424,7325],[117,-34],[47,-44],[-10,-62],[23,-49],[110,-27],[49,-59]],[[21760,7050],[-16,-76],[81,-41],[88,-23],[57,-78],[67,-75],[20,-102]],[[22057,6655],[-11,-12],[-137,-11],[-74,-45],[-46,1],[-30,-128],[-42,-22],[-57,2],[-34,-28],[-10,-52],[-77,-75],[-45,-77]],[[8225,2519],[-63,-87],[-10,-98],[-16,-27],[0,-100],[-108,-254],[-42,-16],[-31,-63],[-51,-22]],[[7904,1852],[-88,-16],[-52,-35],[-124,6],[-67,-6],[-57,-29],[-89,-98]],[[7427,1674],[-52,52],[9,29],[-43,63],[-15,55],[-48,71],[-67,43]],[[21293,5094],[-33,43],[-169,-37],[-66,-88],[-47,-18],[-48,10],[-141,-37],[-15,141]],[[20774,5108],[65,-16],[7,84],[31,58],[24,83],[-9,83],[-23,34],[10,157]],[[21544,5549],[-2,-57],[-73,-15],[-13,-115],[35,-40],[2,-55],[32,-34]],[[22512,7179],[-45,-24],[-62,-57],[-43,-68],[-55,0],[-70,25],[-109,-5],[-24,-82],[17,-94],[8,-115],[-11,-72]],[[22118,6687],[-61,-32]],[[21760,7050],[51,22],[52,49],[72,46],[-63,40],[-21,43],[10,37],[61,48],[-71,84],[-114,58],[18,78],[32,7],[77,-25],[15,22],[-43,45],[0,93],[12,61],[-32,66]],[[21816,7824],[19,45],[-47,75],[3,44],[34,59],[89,19],[110,-39],[82,-14]],[[9736,11166],[-24,-167],[37,-77],[-6,-54],[-48,-26],[-175,-25],[3,-42],[-46,-55],[-43,23],[-89,-49],[6,-45],[32,-71],[-67,-32]],[[9316,10546],[-30,109],[-82,28],[-105,7],[-48,45],[-47,-17]],[[9004,10718],[-52,-1],[15,77],[-60,50],[7,61],[-16,61],[-28,43]],[[8870,11009],[-39,56],[17,89],[-20,30],[25,34],[-9,40],[11,154],[37,86]],[[8892,11498],[39,14],[30,42],[84,-21],[77,3],[112,19],[56,21],[77,-13]],[[33391,7702],[4,-50],[37,-43],[-16,-34],[61,-50],[21,-57],[37,18],[34,-32],[33,-83],[-51,-60],[11,-46],[-18,-37]],[[33544,7228],[-89,-5],[-94,18],[-56,-6],[-19,-58],[-49,-58],[20,-102],[-2,-56],[-32,-69],[-9,-84],[-18,-58],[-60,-50],[-100,-144]],[[32666,6611],[-15,43],[34,51],[38,97],[-21,69],[7,35],[49,38],[29,62],[-30,110],[-4,54],[-23,42]],[[11788,4045],[-48,-63]],[[11740,3982],[-39,-55],[-1,-70],[-92,-30],[18,-42],[-220,-73]],[[11406,3712],[-25,-46],[54,-73],[16,-51],[-34,-53]],[[11417,3489],[-114,-19]],[[10922,3841],[-9,94],[-34,60],[0,72],[16,39],[-43,93]],[[4733,6151],[-59,7],[-40,34],[-40,-26],[-6,56],[-33,18],[-21,43],[-44,-16]],[[4044,6414],[0,4]],[[4044,6418],[20,12],[28,131],[74,15],[7,50],[-43,27],[-3,98],[15,83]],[[4142,6834],[54,50],[82,29],[40,34],[-7,85],[7,102],[22,84]],[[4520,7227],[115,-68],[27,7],[66,-27],[70,-126],[66,-42],[48,61],[11,58],[22,17],[69,-38],[67,28]],[[21741,5900],[59,77],[156,-5],[40,-15],[53,10],[49,-29],[107,-5]],[[22458,5613],[-34,-68],[-1,-44],[73,-124]],[[22163,5056],[-55,34],[-91,20]],[[16912,10961],[86,-64],[21,-34],[51,-20]],[[17070,10843],[-5,-32],[37,-54],[-2,-80],[52,-28],[-17,-40],[-52,-40],[9,-37],[38,-8]],[[16190,10318],[5,122],[-22,41],[36,76]],[[30098,12986],[-21,-26],[26,-157]],[[30103,12803],[7,-49],[-25,-98],[-43,-57]],[[14267,10513],[7,40],[55,19],[-13,56],[38,11],[4,75],[-74,30],[26,74],[5,99],[34,86],[32,30]],[[14660,11129],[16,-133],[217,-37],[54,-27]],[[18770,3224],[-9,-41],[30,-28],[1,-81],[-55,-10],[-13,-27],[1,-93]],[[18725,2944],[-27,-10],[-63,-81],[-42,-10],[-67,-83],[-11,-66]],[[18515,2694],[-81,5],[-64,-24],[-43,-41],[-127,-52],[-41,-33],[-74,-18]],[[8425,10251],[36,15],[1,49],[34,21],[56,-1]],[[8552,10335],[-2,-65],[47,-46],[72,-32],[14,41],[47,-12],[41,39],[46,2],[6,-72],[-38,-28],[-14,-57],[92,40],[61,-14],[24,43],[49,-10]],[[8997,10164],[153,50],[52,26],[83,94]],[[15689,12753],[-4,-28],[-51,-35],[-83,18],[-52,-4],[-25,-147],[-27,-94],[3,-27],[-54,-22],[-57,-47]],[[24645,6228],[-69,31],[-45,-36],[-39,-60],[-46,-34],[-91,16],[-56,-24]],[[25577,6275],[30,107],[43,48],[14,67],[51,52],[77,3]],[[25792,6552],[68,-34],[114,14],[98,-26],[126,26],[70,-13]],[[26268,6519],[7,-18],[-64,-83],[4,-46],[66,2],[70,40],[29,-47],[-8,-38],[39,-125],[26,-32],[25,-73],[45,-13]],[[26507,6086],[69,-48]],[[26354,5957],[-33,4],[-36,36],[-37,-10],[-9,44],[-99,1],[13,45],[-25,51],[-156,11],[-195,-45],[-24,11]],[[9335,5680],[69,-48],[20,-48],[1,-90],[37,-105],[64,-52],[102,-19],[106,34],[100,3],[65,39]],[[9739,4808],[-37,-114],[-65,-18],[-4,-93],[-64,-97],[-70,-27],[-108,-69],[-65,-108],[-74,-71]],[[9215,4283],[-11,21]],[[9153,5135],[-40,78],[-22,80],[-33,53],[15,97],[-5,59]],[[25997,6953],[-127,-111],[-86,-14]],[[25784,6828],[-51,-8],[-93,-52],[-49,-13],[8,-46],[-71,-59],[-106,-9]],[[8141,7622],[31,57]],[[9290,7346],[-17,-49],[4,-76],[-54,-25],[-35,-110],[62,-78],[53,-32]],[[21805,2471],[-4,-67],[42,-89]],[[21843,2315],[-107,-2],[-47,14],[-36,-33],[-43,13],[-67,-61],[-88,-46]],[[23595,5352],[117,55],[46,64],[87,47],[-46,44],[70,37],[37,2],[5,-72],[38,18],[90,12],[54,31],[31,53],[26,92],[105,109]],[[24255,5844],[64,-8],[59,57],[45,3],[66,-74],[11,-78],[-48,-77]],[[6358,2634],[-48,0],[-46,29],[-50,59],[-30,62],[10,46],[73,51],[-36,66],[-1,34]],[[6798,3386],[13,-78],[-10,-211],[-19,-76],[-84,66],[-21,-38],[-9,-94],[45,-76],[-59,-62],[-24,-75]],[[8732,5864],[-56,10],[-45,-43],[-10,-38],[-39,-31],[-55,-109],[-28,-121],[-48,-20],[-14,-29]],[[8437,5483],[-50,-2],[-73,-81],[-53,-36],[-72,-32],[-34,1],[-63,-140]],[[8092,5193],[-53,31],[-88,12],[-44,29],[-19,100]],[[7888,5365],[-2,110],[-49,-25],[-57,39],[85,31],[-17,48],[-31,12],[-63,136]],[[2412,13647],[29,44],[-21,69],[-84,15],[-51,53],[-30,70],[13,53]],[[2268,13951],[35,19],[65,76],[-15,36],[64,152],[-11,72]],[[2406,14306],[43,12],[101,-7],[76,-23],[50,0],[111,-64],[82,-3]],[[2869,14221],[-28,-141],[-45,-151],[-7,-106],[-30,-67],[-5,-141]],[[21940,4852],[48,-33],[57,-14],[184,-19],[72,-98]],[[22466,3962],[-66,61],[-30,3]],[[21510,4113],[-40,93],[-5,53],[14,100]],[[20433,3369],[-17,58],[24,71],[-11,29],[-62,52],[-7,70]],[[20360,3649],[90,1],[3,148]],[[20928,4494],[70,44],[57,8],[130,62],[63,-30]],[[19198,11787],[89,107],[52,74],[-3,141],[44,13],[34,46],[64,2],[66,31],[-127,62],[-48,42],[-8,63],[29,67]],[[19390,12435],[63,41],[20,-22],[84,14],[31,27],[98,40],[120,-12],[44,-35]],[[30103,12803],[96,-3],[96,-42],[129,-12],[103,55],[39,-10],[59,12],[17,-65],[30,-55],[126,21],[101,-47],[31,-48],[99,-120],[36,-10]],[[32402,10628],[14,-46],[39,-40],[90,-45],[59,14],[86,-54]],[[32690,10457],[-19,-54],[20,-109],[-20,-140],[9,-92],[-46,-68],[-40,-119],[-28,-37],[-37,-89]],[[31329,12674],[-30,-13]],[[19870,3456],[48,6],[48,45],[45,-21],[43,25],[66,15],[79,114],[7,51],[29,29],[84,-37],[41,-34]],[[20430,2967],[-49,17]],[[5551,5015],[4,74],[-20,54],[18,40],[-17,76]],[[5727,5327],[-2,67],[37,11],[55,-45],[51,-21],[26,37],[52,15],[42,58]],[[5988,5449],[40,-24],[1,-35],[40,-90],[26,-19],[-26,-85]],[[6069,5196],[-43,-12],[-38,-47],[36,-21],[-76,-168],[-44,13]],[[2053,12093],[11,63],[-68,90],[-43,79],[-13,99],[-49,30],[13,107],[51,40],[-57,72],[34,29],[-9,42],[21,67],[-83,57]],[[28378,4754],[-35,-4],[-6,-69],[-69,30],[-36,-16],[-131,38],[-29,-15],[-42,24],[-19,-26]],[[15877,11736],[-67,-34],[-51,-6],[-82,-60],[-40,-71]],[[32690,10457],[30,-34],[61,-12],[73,-54],[53,9],[68,-18],[50,36],[112,-11],[53,17],[64,-1]],[[33254,10389],[-12,-72],[52,-76],[30,-83],[7,-58],[49,-121],[39,-38],[2,-63],[47,-63],[33,-6],[92,36]],[[33593,9845],[-11,-112],[38,-112],[32,-126]],[[16914,4523],[69,-1],[397,167]],[[5820,5985],[-47,-29]],[[5773,5956],[-45,116],[-18,73],[-85,70]],[[10210,4116],[-4,-55],[-26,-114]],[[9654,3790],[-56,-24],[-33,12],[-61,58],[-48,4]],[[3336,11053],[90,10],[54,33],[65,14],[78,-47],[50,17],[104,-20]],[[7365,7847],[-44,2],[-24,45],[-68,14],[18,42],[-26,41],[25,53]],[[7246,8044],[26,45],[68,74],[16,64],[-13,141],[6,86],[-22,43],[-42,-20],[-58,-3],[31,81],[17,88],[-24,41],[22,102]],[[6345,7465],[35,89],[47,81],[-27,54],[26,38],[124,71],[4,91],[16,83],[-67,69],[-78,29],[15,41],[-38,47]],[[6402,8158],[73,40],[175,15],[93,50],[28,33]],[[6771,8296],[72,-102],[106,-47],[37,7],[91,-11],[68,-71],[101,-28]],[[6445,10443],[186,95],[53,63],[18,89],[29,71],[79,43],[18,28]],[[7333,10479],[34,-169],[-25,-37],[36,-77],[68,-58]],[[32077,12848],[29,-42],[64,-5],[46,-37],[84,-32]],[[16577,5030],[16,121],[-41,82],[55,33],[44,81],[49,5],[62,-45],[53,0],[73,53],[37,42],[-1,86],[126,15],[30,41],[64,6],[88,-46]],[[4220,14696],[51,-61],[9,-66],[43,-73],[62,-57],[-19,-72],[22,-54],[78,-94]],[[3513,13812],[-24,116]],[[16509,7974],[-8,-39],[-39,-31],[-4,-73],[-48,-61],[5,-21],[-58,-49],[-50,-100],[-10,-54],[-51,-32]],[[16475,6466],[-73,-52],[-88,19],[-37,89],[-4,86],[-29,23],[-86,-143],[-80,9]],[[16078,6497],[-24,151],[78,32],[-14,55],[16,47],[-25,59],[-83,49],[-41,4],[-1,43],[-56,37],[-48,50],[-46,-14],[-45,16]],[[16347,7234],[52,-12],[24,-73],[57,-29],[28,-71],[45,-78]],[[22118,6687],[17,-13],[227,-29],[16,32]],[[9171,12649],[2,-67],[46,-39],[91,1]],[[9310,12544],[-16,-64],[74,-16],[31,-37],[-24,-53],[53,-14],[-36,-40],[-69,-35],[2,-45]],[[9325,12240],[-21,-5],[2,-81],[25,-28],[38,18],[49,-5],[0,-39],[82,-41],[-4,-72],[-31,-58]],[[9423,11891],[-57,-11],[-144,28],[-17,47],[-39,8],[-51,68],[-44,3],[-59,41],[-62,117],[-61,23],[0,54],[-34,34],[-23,57]],[[8832,12360],[38,55],[11,76]],[[8881,12491],[-19,50],[29,17],[-30,96]],[[21289,7857],[-20,72],[20,18],[54,-16],[34,-70],[150,20],[55,-13],[82,-54],[88,-38],[27,2],[37,46]],[[1779,9475],[-66,55],[-67,0],[-82,-30],[-109,14]],[[1455,9514],[-20,42],[-39,155],[44,208],[42,139],[32,79]],[[25409,8038],[108,-29],[64,-32]],[[6546,11073],[68,15]],[[16882,8003],[-34,28]],[[28249,12890],[-139,152],[-38,1],[-138,77],[-71,10],[-20,94],[-41,35],[39,65],[-19,52]],[[27822,13376],[34,23],[49,63],[95,38],[73,62]],[[13931,10235],[32,-55],[27,17],[31,62],[71,-23],[56,38],[-5,100],[-40,64],[52,53]],[[14050,9869],[-145,-53],[-55,-59],[-119,-41]],[[13880,11783],[60,57],[84,26],[26,48],[137,-32]],[[14092,11140],[-38,-6],[-69,45],[10,51],[-27,34]],[[11417,3489],[36,-7],[93,129],[70,-23],[39,66],[-12,71],[-145,-56],[-92,43]],[[11740,3982],[124,-75],[-65,-82]],[[8482,5006],[-41,54],[0,37],[29,38],[-3,42],[-53,57],[-2,65],[-20,94],[125,24]],[[8517,5417],[59,-3],[124,31],[76,7]],[[8776,5452],[43,-84],[26,-26],[-7,-98],[44,-121]],[[18982,2410],[-93,156],[-51,60]],[[18838,2626],[65,39],[37,36],[80,42],[98,-21],[72,5],[34,67]],[[19452,2725],[-35,-93],[-3,-51],[-29,-97],[-47,-92]],[[19203,1330],[120,1],[125,28],[78,-15],[30,-102],[60,-18],[32,29],[65,17]],[[19713,1270],[42,42],[50,-18],[-2,-97],[70,-8],[-29,-58],[29,-64],[-50,-40],[-64,24],[-13,-61],[-163,77],[-57,-8],[-5,-46],[-77,-39],[-48,-1],[-74,30]],[[8851,4269],[-117,87],[-44,46]],[[8892,11498],[-1,48],[-70,58],[35,66]],[[8856,11670],[-24,52],[15,47],[-12,115],[25,83],[-92,2],[-17,40]],[[8751,12009],[5,64],[-28,36],[25,93],[20,23]],[[8773,12225],[29,93],[30,42]],[[17928,10074],[44,33],[70,3],[60,30],[12,-20]],[[12749,10539],[-63,-23],[-91,-86],[-1,-42],[-122,13],[-4,36]],[[2072,14490],[103,14],[56,-34],[47,-77]],[[2278,14393],[-40,-10],[-6,-98],[56,-32],[38,75],[80,-22]],[[2268,13951],[-54,-109],[17,-102]],[[1682,8796],[43,-14],[78,-103],[-60,-34],[-35,35],[7,100],[-33,16]],[[1988,8255],[-63,97],[1,83],[-55,60],[-117,6],[-34,47],[11,65],[57,12],[58,-9],[35,71],[100,64]],[[1981,8751],[54,-60],[158,-79],[185,16]],[[2475,8622],[-51,-18],[11,-31],[-51,-36],[-56,30],[-84,-33],[-42,-90]],[[17598,10903],[-74,-1],[-52,-23],[-40,54]],[[17432,10933],[28,52],[53,25],[42,91],[-51,21],[-34,68],[-13,64]],[[23367,7456],[45,29],[3,35],[53,-4],[26,75],[51,7],[15,-33]],[[3812,4811],[8,41],[-28,41],[-5,50],[-36,111],[54,66],[13,74],[60,61],[32,5],[37,51]],[[3947,5311],[44,89],[46,21]],[[26163,12095],[33,62],[48,30],[13,52],[34,17],[35,-29],[98,-36],[68,45]],[[26492,12236],[21,-61],[-40,-15],[8,-106],[-12,-35],[-52,-21],[7,-49],[118,-60],[19,-37],[54,-16]],[[26287,11584],[-22,96],[-65,-20],[-42,44],[-101,-76],[-43,10]],[[13311,12746],[-15,14],[1,104],[33,13],[19,43]],[[13515,12574],[-22,23],[-68,-8],[-75,33],[-24,-4]],[[17403,2983],[-129,21],[-99,-6],[-66,24],[-71,-18]],[[8771,11681],[85,-11]],[[21915,12418],[-41,-8],[42,-62],[7,-46],[58,-16],[16,-37],[-15,-56],[19,-37],[-26,-52]],[[29863,8914],[-49,-17],[-15,-51],[-44,-31],[35,-89],[61,-31]],[[15185,14610],[52,4],[86,94],[7,63],[-59,61],[17,45],[-100,23],[14,89]],[[15202,14989],[-8,66],[32,46],[5,63]],[[15231,15164],[79,-19],[21,-19],[97,-11]],[[15428,15115],[-8,-40],[49,-102],[70,-99],[-22,-53],[22,-68],[-3,-51],[-26,-58],[-52,-24]],[[22239,2809],[3,-90],[52,-82],[-26,-68],[2,-63]],[[22270,2506],[-58,4],[-123,-52],[-38,-47],[-47,-10],[-161,-86]],[[0,10613],[10,70],[98,73],[122,73],[103,12],[84,43],[62,12],[40,-43],[38,-15],[-2,-108],[-11,-60],[44,13],[6,-50],[-68,-24],[-24,11],[-154,-46],[-37,-23],[-69,12],[-110,-33],[-59,62],[-73,21]],[[6069,5196],[5,-24],[94,-2],[33,-44],[-52,-114],[76,-39],[-41,-121],[-75,-75],[13,-69],[-25,-19],[-8,-69]],[[14935,9502],[84,-26],[22,-22],[-9,-105],[11,-90],[28,-67],[45,-13],[81,0],[106,-57]],[[9004,10718],[-134,-79],[-63,-23]],[[8807,10616],[-35,-11]],[[8772,10605],[-142,24],[-47,42],[-62,9]],[[20778,12084],[5,120],[69,75],[56,13],[63,62],[88,49],[13,24]],[[21128,12423],[46,-27],[24,-56],[-29,-78]],[[21169,12262],[-24,-45],[-84,-52],[-5,-60],[-25,-36]],[[21031,12069],[-42,-103],[-50,-91],[-33,-19],[-14,-48]],[[11008,13883],[76,61]],[[11084,13944],[7,-31],[53,-15],[46,-58],[101,-56],[71,34]],[[11548,13588],[-48,-39]],[[13864,14978],[-49,33]],[[13815,15011],[33,43],[-16,91],[-18,26],[53,35],[20,59]],[[13887,15265],[72,-17],[54,8],[40,-15],[91,-8],[101,-29]],[[14245,15204],[19,-40],[-26,-101],[10,-61]],[[6666,2545],[73,106],[57,137],[19,65],[120,137],[63,99],[42,10],[45,-59],[-11,-42],[13,-62]],[[20273,8380],[-6,-98],[-161,-103],[-97,-82]],[[20009,8097],[-4,81],[-34,9],[-24,79],[-64,-19],[-23,29]],[[19764,8672],[66,13],[87,52],[174,-7]],[[23811,12252],[-57,22],[-11,39],[8,153],[-17,63],[-51,21],[-12,31],[-92,-26]],[[23543,12668],[90,80],[64,46],[29,-14],[69,13],[86,71],[27,9]],[[19286,12968],[-20,-28],[-122,10],[-59,-17],[-59,93]],[[19026,13026],[-12,61],[-31,50]],[[18983,13137],[7,79],[22,36],[7,78],[54,38],[22,-24],[124,62],[42,50]],[[19261,13456],[60,-65]],[[30369,13840],[-13,87],[35,46],[73,48],[-15,37],[29,45],[-13,36],[49,66],[107,19],[43,18],[101,-9],[62,-44],[34,25],[85,2],[-20,-78],[-56,-97],[7,-55],[51,-42],[50,-13],[32,71],[42,-11],[0,-47],[49,-15],[30,-37],[43,-15],[2,-46],[38,-21],[34,-67]],[[31248,13743],[-93,25],[-88,37],[-58,-17],[-100,33],[-67,6],[-115,-35],[-177,-74]],[[25564,10844],[-31,-63],[-40,-34],[-116,-62],[-52,-40],[-42,-53],[-62,-48]],[[8772,10605],[5,-49],[-33,-43],[-60,-118],[-64,-62],[-68,2]],[[18838,2626],[-102,77],[-103,50],[-114,-101]],[[18519,2652],[-4,42]],[[18725,2944],[147,-33],[56,-3]],[[26492,12236],[-52,12]],[[26440,12248],[9,97],[-15,63],[-32,10],[36,66],[-1,79],[52,-19],[49,29],[12,-89],[34,-53],[8,-81],[20,-15]],[[18843,12753],[74,132],[53,24],[37,103],[19,14]],[[19372,12721],[-41,24],[-28,-124]],[[19303,12621],[-50,-1],[-17,85],[-127,21],[-63,-18],[-19,23],[-49,-25]],[[25904,8638],[-37,-30],[22,-80],[-29,-54],[-46,-42],[-19,-75],[-63,-77],[10,-136],[-32,-51]],[[28516,13550],[16,68],[57,66]],[[29349,6786],[-31,58],[9,69],[-18,33]],[[29309,6946],[120,37],[78,53],[-20,53],[23,23],[64,19],[66,67],[2,34]],[[8807,10616],[11,-45],[69,-61],[24,-118],[78,-117],[25,-68],[-17,-43]],[[22986,5344],[24,125],[-8,136],[-30,32]],[[23274,5697],[55,-72],[125,-115],[57,-15],[32,22],[57,-86],[-22,-65],[17,-14]],[[24296,12646],[-5,17]],[[24291,12663],[45,24],[9,40],[67,-3],[14,-68]],[[24426,12656],[18,-111],[47,-138],[-4,-95],[-29,-114],[-41,-61],[1,-29]],[[24274,12216],[8,63],[-33,38],[41,102]],[[12903,3731],[-31,-39],[7,-141],[-32,-68]],[[16830,12407],[2,-69],[-51,-84],[61,-86],[31,-69]],[[25768,10431],[-88,-36],[-62,-63],[-57,-87],[-8,-33]],[[25960,12589],[40,-27],[90,-12],[137,35]],[[26227,12585],[10,-41],[-24,-64],[16,-31],[-52,-40],[7,-47],[-30,-45]],[[5158,5640],[63,5],[55,-26],[82,-12]],[[5358,5607],[37,-66],[51,1]],[[3492,7989],[-1,45],[48,61],[37,92],[29,26],[63,17],[133,74],[37,72],[-8,60],[29,82],[-9,83]],[[24426,12656],[49,3]],[[24475,12659],[27,-23],[38,33],[61,2],[62,-113]],[[24663,12558],[8,-61],[-63,-111],[-38,-96],[-6,-68],[88,-64]],[[23347,12517],[-55,-54],[9,-133],[-38,-96],[42,-35],[-12,-87],[7,-60],[-48,-40]],[[23033,12558],[60,-4],[96,11],[102,72],[62,64],[42,-9]],[[7751,11662],[45,-86],[-27,-37],[20,-80],[20,-10],[22,-85],[49,-22],[58,91]],[[25535,12695],[30,-30],[85,-12]],[[25650,12653],[-3,-106],[-13,-36],[10,-109],[-38,-33],[-30,-62],[35,-46],[-7,-43],[-55,-92]],[[26317,5683],[-42,25],[-49,-19],[-3,-29],[-56,3],[17,45],[-51,23],[-62,-51],[-22,-65],[-39,-3],[-30,27],[-110,7],[-44,43],[9,77],[-51,4],[-25,47],[-30,-26]],[[26245,8316],[-64,150],[-92,68],[-50,61]],[[26327,8885],[64,-20],[173,-8],[100,-54]],[[25692,5661],[13,-25],[93,-68],[74,-34],[10,-37],[60,17],[-8,-50],[30,-56],[50,-14],[28,-67],[57,-42],[17,31],[83,-89]],[[26199,5227],[-155,-54],[-26,-98],[-95,59],[-33,-11],[-11,-58],[-28,-15],[-64,21],[-35,62],[-39,-6],[-31,-32],[-113,-7],[-87,-76]],[[8368,12051],[18,-72],[32,-41]],[[8163,11766],[-33,18],[-112,17]],[[24255,5844],[-13,59]],[[18703,10551],[-33,-42],[-72,-17],[-78,-61],[-4,-85],[36,-49],[-3,-43],[32,-67]],[[29639,3938],[-27,-54]],[[5358,5607],[73,9],[71,58],[20,32],[1,107],[98,21],[39,-26],[9,56],[104,92]],[[5966,5522],[-15,-41],[37,-32]],[[3995,6866],[25,-48],[122,16]],[[4044,6418],[-82,34],[-36,119],[7,51],[31,74],[-38,69],[-34,-2],[-10,96]],[[17969,12503],[46,9],[9,-46],[47,-35],[62,29]],[[23616,10470],[-13,32],[-70,24],[-100,-20],[-28,18],[9,46],[-96,-10],[-82,-22],[-8,47],[-85,15],[37,58],[-13,26]],[[12447,14763],[16,39],[62,10],[87,-7],[78,23],[14,25],[75,1]],[[12779,14854],[-12,-38],[42,-137]],[[8861,12654],[-33,-55],[-47,-1],[-64,-40],[-77,44],[-29,43],[-18,82],[-35,-4]],[[8558,12723],[19,125],[68,29],[25,89]],[[27536,12919],[-74,58],[-82,-17]],[[27228,13120],[92,82],[60,22],[130,-22],[32,20]],[[27542,13222],[12,-76],[44,-37],[58,-87]],[[24663,12558],[71,-7],[18,14]],[[1981,8751],[19,1],[59,74],[-11,91],[51,-9],[48,29]],[[19625,1569],[52,-142],[36,1],[-13,-105],[13,-53]],[[24475,12659],[3,57],[-16,65],[9,106]],[[24471,12887],[78,6],[99,44]],[[24648,12937],[105,-117],[-49,-88],[23,-54],[12,-77]],[[8881,12491],[-44,-44],[-56,-32],[-110,-6],[-50,-20],[-43,37],[20,84],[-43,-3],[-87,76],[40,51],[-8,34]],[[8500,12668],[34,13],[24,42]],[[22925,10104],[-33,38],[-135,46],[-46,7],[-62,33]],[[23135,10685],[-2,-76],[17,-84],[9,-111],[-80,-51],[-29,-93]],[[11084,13944],[49,51],[130,70],[153,52]],[[6587,4620],[-31,41],[-102,-14],[-27,103],[-57,-2],[-38,18],[-2,74],[105,11],[29,43],[-13,47],[71,106]],[[6865,5149],[29,-32],[9,-73],[-39,8],[-74,-53],[34,-60],[51,9],[25,-84],[-41,-45],[23,-36],[-9,-62],[3,-98],[14,-14],[-26,-82]],[[16121,2410],[15,-16]],[[16136,2394],[-80,-25],[-38,-29]],[[26677,6230],[-21,-28],[-19,-81],[-86,-8],[-44,-27]],[[26268,6519],[30,1],[59,37]],[[27507,3559],[-55,42],[-31,94],[19,69],[-64,69],[2,57],[37,71],[-31,56]],[[6928,4532],[16,68],[57,20],[16,31],[55,-22],[43,25],[30,90],[79,37],[8,60],[-63,11],[-35,60],[32,84],[67,91]],[[7233,5087],[112,-52],[10,-90],[41,-22],[210,32]],[[7606,4955],[19,-118]],[[22271,12497],[94,22],[4,37],[34,31],[30,76]],[[22433,12663],[93,-29]],[[8579,11801],[43,24],[44,61],[15,75],[70,48]],[[29938,3618],[-45,-25],[-39,27],[-53,-6],[36,71],[-33,22],[-41,-79],[-162,-162],[-106,-94],[-59,-2],[-97,-59],[-34,3]],[[6908,5207],[113,-52],[36,-32],[23,25],[17,72],[44,68],[54,38]],[[7195,5326],[15,-32],[100,-49],[-51,-69],[-46,-8],[20,-81]],[[16078,6497],[-44,-12],[-37,-51],[9,-83],[-70,-32]],[[15936,6319],[-17,16]],[[15919,6335],[-77,100],[-50,107],[-24,115],[10,28]],[[28238,13676],[116,29],[47,56],[77,122]],[[28478,13883],[38,-47],[84,-31]],[[9316,10546],[63,-92]],[[8540,11869],[5,38],[35,36],[-26,52],[42,12],[-26,118],[-73,-11]],[[8497,12114],[44,79],[86,-41],[26,35],[99,41],[21,-3]],[[15919,6335],[-56,-49],[0,-37],[-55,-29],[-17,-45]],[[15791,6175],[-32,34],[-23,74],[-107,-39],[-61,-13],[-32,-52],[-59,11],[-75,-52],[-74,21]],[[26199,5227],[21,-31],[2,-82]],[[7411,5473],[139,-60],[62,-75],[42,46],[56,-6],[10,-35],[46,-15]],[[7766,5328],[-46,-67],[-77,9],[6,-40],[75,-41],[-20,-118],[-98,-116]],[[7195,5326],[17,96]],[[26907,5851],[61,99],[-39,41],[12,82],[35,82],[56,2]],[[5452,12908],[-65,45],[-28,54]],[[5359,13007],[35,3],[54,64],[50,-33],[41,50],[33,-1],[41,42],[62,-31]],[[5693,13099],[45,-68]],[[5738,13031],[-29,-96]],[[5709,12935],[-40,-18]],[[26675,12376],[6,40],[-43,63],[-55,53],[-8,67],[-29,72]],[[27542,13222],[74,22],[129,59],[77,73]],[[7977,4890],[117,164],[-13,44],[22,66],[-11,29]],[[8437,5483],[28,-9],[52,-57]],[[13678,10806],[44,48],[37,-47],[17,-91],[-17,-35],[-51,-4],[64,-92],[-33,-97],[-35,-18]],[[21223,10872],[60,49],[72,16],[74,104]],[[19284,864],[38,-42],[-26,-77],[7,-51],[2,-159],[-6,-43],[-49,-49],[-30,-6],[-33,38],[-50,10],[-1,-63],[23,-51],[-31,-31],[-38,28],[-70,-14]],[[21282,12241],[-62,-25],[-51,46]],[[16543,6428],[10,-104],[46,-38]],[[16599,6286],[-40,-36],[-36,4],[-24,-59],[-49,-5],[-17,31],[-70,-23],[-6,25],[-66,-19],[-43,32],[-65,-83],[-76,-77],[-52,83],[-11,60],[-91,42],[-17,58]],[[25792,6552],[4,107],[54,65],[-33,30],[-6,57],[-27,17]],[[8500,12668],[-44,0],[-132,-28]],[[8472,13207],[160,-62]],[[33254,10389],[88,-16],[141,53],[47,1],[40,-32],[99,-23],[49,-56],[73,-11],[11,-20]],[[33802,10285],[-48,-6],[-105,38],[-39,-5],[-57,-59],[-2,-84],[82,-151],[-40,-173]],[[6765,6171],[11,-42],[101,-74],[50,9],[37,31],[28,-42],[79,-29],[-1,-36],[45,-3]],[[14860,14868],[35,30],[-31,66],[15,98],[-17,98]],[[14862,15160],[110,17]],[[14972,15177],[48,-45],[54,6],[57,-104],[52,-14],[19,-31]],[[22224,12718],[118,-31],[74,-3],[17,-21]],[[28726,6897],[-2,55],[24,20],[14,57],[58,64],[4,83],[65,-2],[23,35]],[[28912,7209],[47,-69],[39,-14],[-12,-47],[73,5],[31,-22],[77,-21],[38,-55],[35,12],[73,-11],[-4,-41]],[[13806,9388],[-39,65],[-54,55],[-38,-3],[-12,-64],[-31,-13],[-77,24],[7,54],[66,49],[2,74]],[[15428,15115],[130,-35],[69,26],[32,-13],[70,17],[73,33],[20,-8]],[[5446,12771],[-99,40]],[[5347,12811],[-17,38],[-6,85],[25,50]],[[5349,12984],[10,23]],[[15791,6175],[-16,-55],[25,-54]],[[9646,12400],[-43,46]],[[9603,12446],[-12,73],[19,82],[-27,32]],[[9583,12633],[70,-16],[90,79]],[[17070,10843],[32,52],[27,-1],[36,-86],[91,-28],[76,83],[100,70]],[[9632,12367],[-59,-42],[-51,-58],[-197,-27]],[[9310,12544],[22,-4]],[[9332,12540],[72,-75],[104,-45],[95,26]],[[9279,12967],[172,-20],[102,3]],[[9553,12950],[49,-108],[-33,-52],[-41,-18],[17,-41],[-45,-42]],[[9500,12689],[-39,-37],[-31,-91],[-98,-21]],[[5866,12998],[-84,-31]],[[5782,12967],[-44,64]],[[13438,14560],[-26,25],[39,38],[-32,71],[-23,101],[69,24],[75,60],[41,13],[18,61],[97,-4],[48,28],[44,48],[27,-14]],[[18703,10551],[33,-81],[97,-15]],[[18833,10455],[-10,-44],[18,-71],[7,-114],[52,-76]],[[7888,5365],[-93,11],[-29,-48]],[[14411,14551],[18,-35],[56,-28],[-124,-54],[-60,-79],[11,-86],[-23,-49]],[[26546,12671],[-82,14],[-42,52]],[[26422,12737],[57,69],[54,25]],[[26533,12831],[40,-83],[-29,-34],[14,-31]],[[12854,10115],[-11,22],[-59,-2],[4,35],[-94,2],[-83,60],[-15,78],[-83,10],[-16,-22]],[[6209,12665],[-34,61],[-35,21]],[[6179,12648],[-132,66],[-10,52]],[[18744,7785],[-60,27],[-46,-55],[-138,99],[-48,-40],[-88,-13],[-20,26],[-79,-8],[-74,55],[3,31]],[[9500,12689],[83,-56]],[[24291,12663],[-12,59],[28,92],[-3,47],[36,28],[12,58]],[[24352,12947],[48,-4],[71,-56]],[[8486,12114],[11,0]],[[24648,12937],[133,94],[29,-16]],[[28478,13883],[92,70],[46,94],[44,-2],[24,-27],[55,-17]],[[26154,12317],[101,17],[34,-9],[17,-45],[53,-17],[44,-51],[37,36]],[[5921,12926],[18,-28]],[[5939,12898],[57,-36]],[[5996,12862],[5,-6]],[[6001,12856],[-55,-13],[-43,35],[12,47]],[[19282,10826],[-43,-7],[-134,-58],[-276,63]],[[24190,12879],[64,24],[66,58],[32,-14]],[[2530,6363],[5,14]],[[2535,6377],[26,-12],[58,30],[43,78],[51,11]],[[2713,6484],[17,3]],[[3803,2921],[-23,-11],[-140,23],[-77,-32],[-15,-31],[-89,43],[-48,-25],[-72,23],[-16,-21],[-81,30],[-41,53],[-72,30],[-107,-30],[-27,-25],[8,-42],[-24,-37],[-54,-30],[-46,-3],[-15,31],[8,56],[-18,79],[-35,20],[-8,45],[69,84],[100,70],[-13,43],[57,30],[44,3],[15,-46],[96,-12],[28,-69],[45,-48],[120,110],[63,5],[15,29]],[[3168,2914],[106,-46],[1,-41],[-68,24],[-39,63]],[[3287,3273],[77,57],[5,-33],[-82,-24]],[[2468,6319],[-36,82]],[[2432,6401],[103,-24]],[[5800,2187],[-25,-8],[-5,-66],[-30,-16],[4,-41],[51,-54],[-30,-19],[-13,-54],[-50,23],[-10,50],[12,53],[-79,96],[-103,45]],[[5522,2196],[56,32],[1,149],[34,78],[44,15],[-19,75],[92,83]],[[1910,11886],[-43,-11],[-166,-1],[-36,-16],[-102,-96],[-47,11],[-50,39],[-69,3],[-47,-36],[-90,18]],[[1260,11797],[-18,29],[-12,128],[-24,34],[25,115]],[[1231,12103],[13,54],[68,24],[110,66],[31,80],[-12,84],[37,30],[158,199],[27,99],[5,135]],[[1231,12103],[-163,89],[-35,11],[-129,98]],[[904,12301],[68,28],[33,109],[-4,44],[52,-8],[6,58],[41,-27],[47,23],[-31,48],[77,52],[45,-4],[-7,53],[-39,33],[56,55],[4,65]],[[1455,10926],[-90,-77],[-118,-49],[5,-45],[38,-95],[-62,-43],[-69,-84],[-217,-127],[-40,31],[78,123],[48,126],[25,27],[52,124],[0,93],[-66,73],[7,62],[-46,28],[77,64],[56,13],[31,37],[36,-7],[51,50]],[[2869,14221],[96,-33]],[[28912,7209],[27,21],[26,106],[-69,14],[10,49],[50,69],[-35,26],[46,56],[48,-86],[41,-7],[41,34],[41,-9],[28,56],[32,24],[2,48]],[[5981,11182],[133,20],[36,107],[48,23],[91,18],[-32,42],[-99,88],[-92,6],[-38,-23]],[[6028,11463],[-29,39],[30,163]],[[6029,11665],[13,44],[38,14],[40,-36],[63,40],[64,-1]],[[6247,11726],[45,-27],[-8,-30],[58,-40]],[[6029,11665],[-55,0],[-135,96]],[[5839,11761],[84,55],[24,48],[55,31],[103,5],[94,-12],[57,15],[24,26],[77,-8]],[[6357,11921],[-47,-38],[-1,-54],[-62,-103]],[[5220,13050],[32,30],[58,-20],[39,-76]],[[5347,12811],[-37,-66],[-28,14]],[[5282,12759],[5,28],[-58,24],[-28,-27],[-14,-52],[-111,66],[-30,29],[-135,57]],[[14972,15177],[128,4],[131,-17]],[[9553,12950],[187,8],[37,21],[209,26],[154,46]],[[12779,14854],[48,28],[63,-10],[138,32],[154,66],[84,78],[168,53],[86,17],[18,27],[155,58],[24,23],[107,48],[63,-9]],[[20348,7705],[2,36],[-62,51],[19,41],[-26,45],[-75,71],[-10,58],[25,29],[-75,52],[-10,50],[-80,-17],[-47,-24]],[[32879,3472],[-106,4],[-47,-60],[-33,58],[-113,28],[-47,2],[-147,-42],[-79,34],[-54,61],[-76,-24],[-19,-20],[-69,33],[2,25],[-111,50],[-77,61],[-19,48],[-54,-2]],[[31830,3728],[3,100],[16,84]],[[33802,10285],[100,-63],[72,-113],[28,2],[32,-50],[-8,-33],[27,-43],[49,-26],[7,-38],[60,-75],[57,-54],[60,4],[-15,-46],[45,-11],[21,-68],[26,10],[29,-80],[89,-75],[-27,-79],[-130,155],[-80,0],[-42,32],[-59,136],[-266,-242]],[[8776,5452],[24,125]],[[25650,12653],[164,26],[14,-12]],[[7083,12216],[-45,-24],[-67,-8],[-55,38]],[[5801,12769],[-45,40]],[[5756,12809],[20,52]],[[5776,12861],[53,-44]],[[5829,12817],[-8,-35]],[[2143,6303],[127,28]],[[2270,6331],[14,-53],[37,-23]],[[5709,12935],[40,-4],[27,-70]],[[5756,12809],[-88,24]],[[16485,2422],[-123,38],[-166,-8],[-60,-58]],[[13144,716],[-54,-34],[-42,-6],[-68,-38],[-59,-70],[-59,-52],[-134,36],[-113,20],[-85,69],[-49,17],[-54,53]],[[12427,711],[40,56],[15,54],[-35,46],[13,37],[-44,45],[-34,69],[125,61],[24,47],[-10,74],[-43,38],[-26,102],[-81,18],[-37,85],[57,59],[126,80],[20,40],[-36,75],[-33,28],[-48,9]],[[5095,13769],[258,-139],[90,-24],[74,-37],[44,6],[67,-56]],[[6765,11648],[17,96],[20,52],[75,59],[-65,10],[-23,69],[5,68]],[[6794,12002],[38,15],[50,71],[43,19],[89,-112]],[[14048,856],[-118,-74],[-57,24],[-25,37],[-86,-56],[-194,-9],[-29,13]],[[19390,12435],[-51,17],[21,52],[-57,117]],[[19904,12737],[10,-107],[-26,-70],[9,-27]],[[6028,11463],[-73,-25],[-66,8],[-90,38],[-64,67],[-122,29],[23,83],[164,71],[39,27]],[[1790,9204],[-47,7],[-153,-60],[-105,-7],[-86,-27],[-130,-71],[-74,-16],[-72,11],[-106,-28],[-46,-33],[-155,-16],[-68,32],[-31,29],[11,57],[26,22],[37,179],[61,55],[35,97]],[[887,9435],[97,13],[99,-4],[116,46],[57,-28],[111,51],[88,1]],[[8273,12386],[18,55],[-18,50],[-37,36]],[[21031,12069],[29,-1],[10,54],[90,-8],[27,-54],[72,-16]],[[21271,11657],[-71,23],[-26,-37],[-43,1],[-32,27],[-8,58],[-55,50],[-43,-9],[-50,37],[-36,-19]],[[3682,6283],[55,-16],[1,-33],[38,-21],[48,11],[46,-75]],[[3816,5941],[-24,-97],[-34,-92],[-92,23],[-33,-26],[-66,-12],[-86,29],[-73,-42],[-60,5],[-83,-47]],[[6107,12965],[-40,-77],[-66,-32]],[[5996,12862],[27,112]],[[6023,12974],[-4,14]],[[6023,12974],[-51,-34],[-33,-42]],[[3125,8758],[24,-105],[51,-46],[40,-7],[-3,-39],[33,-57],[-19,-108],[18,-59],[-44,-67],[-35,-20]],[[2496,7686],[-27,13],[-52,-68],[-44,19]],[[19281,10414],[-25,-7],[-124,14],[-54,34],[-41,-2],[-39,25],[-50,-2],[-54,-31],[-61,10]],[[5467,12701],[-55,-26],[-121,3],[-9,81]],[[535,9908],[65,15],[136,-19],[-13,-115],[-76,34],[-112,85]],[[5848,12893],[-58,63]],[[5790,12956],[-8,11]],[[5829,12817],[-3,17]],[[5826,12834],[46,2]],[[5881,12826],[-19,-90]],[[5862,12736],[-49,3]],[[6201,12424],[42,35],[12,-20],[-40,-51],[-14,36]],[[22858,3284],[-53,15],[-79,66],[-4,40],[-55,6],[-9,36],[36,51],[-26,81],[-39,-16]],[[22629,3563],[-66,56],[-7,47],[-42,16],[-80,3],[-29,55],[-68,97],[8,43],[-59,33],[46,69]],[[22839,4123],[76,-16],[50,22],[94,-4]],[[5826,12834],[-25,39],[-11,83]],[[18382,6821],[-24,44],[-12,71],[49,54],[3,60],[-24,30],[-49,14],[-37,-22],[-59,-3],[-29,-41],[-50,43]],[[18831,7517],[15,-59],[-29,-178],[-31,-61],[20,-50],[61,-56],[-62,-29],[-10,-56],[20,-74],[24,-34],[-66,-71],[-36,-2],[-95,59],[-33,-30],[7,-59],[-26,-77]],[[21978,3304],[78,18],[3,26],[83,36],[40,-7],[5,-64],[19,-21],[79,17],[47,31],[29,70],[62,-20],[13,-28],[55,-4],[10,43],[74,-55],[38,-8],[-3,64],[-63,62],[-1,60],[56,10],[27,29]],[[22618,2703],[-98,-6],[-5,-22],[-70,-21],[-102,-66],[-53,-7],[-20,-75]],[[1260,11797],[-109,-38],[-131,19],[-131,-22],[-96,25],[-59,49],[-22,49],[8,82],[-20,89],[-32,52],[67,-7],[92,37],[4,71],[54,92],[19,6]],[[5908,12866],[61,-97],[-78,-3],[-29,-30]],[[3094,3796],[64,70],[23,42],[-31,40],[-81,-42],[-16,-65],[-47,6],[-24,-36],[5,-43],[-75,32],[-37,-48],[-82,22],[-20,68],[46,80],[-19,76],[15,88],[-49,69],[-10,113],[19,33]],[[2775,4301],[18,-46],[48,15],[36,-26],[46,15],[-1,-63],[77,-29],[113,23],[126,-34]],[[7904,1852],[13,-54],[134,-24],[158,-164],[0,-34],[-48,-120],[19,-58],[71,-79],[14,-79]],[[8265,1240],[-119,-4],[-71,-43],[12,-45],[-37,-12],[-39,-66],[-75,33]],[[7936,1103],[-22,28],[-6,60],[-25,69],[-92,67],[-53,126],[-31,20],[-42,-18]],[[7665,1455],[-42,63],[-56,2],[-41,64],[-99,90]],[[12427,711],[-23,-17],[-140,72],[-146,104],[-55,87],[-56,52],[-58,37],[-34,63],[-6,65],[-41,50]],[[4297,2400],[-35,-51],[-34,-18],[-109,3],[-47,-38],[-26,26],[-63,5],[-28,-31],[-102,46],[-15,-20],[-79,20],[-48,-7],[-30,-28],[-59,-120],[-8,-101],[-79,29],[-37,30],[-71,-16],[-29,12],[-34,-27],[-29,17],[-65,-63],[-22,23],[-54,2],[-65,44],[-50,13],[5,45],[54,1],[27,23],[-4,67],[80,54],[87,-30],[125,43],[49,-11],[35,46],[-11,29],[45,32],[61,-18],[30,-35],[134,8],[79,60],[75,-22],[65,15],[48,-32],[111,6],[73,-27],[43,27]],[[7936,1103],[-34,-14],[-126,-89],[-123,25],[-47,-85],[-81,5],[-34,-49]],[[7491,896],[-42,49],[-11,40],[26,30],[12,52],[60,62],[-2,50],[29,35],[13,70],[-9,34],[98,137]],[[2713,6484],[-22,49],[-44,-4]],[[887,9435],[10,32],[-8,147],[-36,97],[32,35],[0,79],[12,41],[-46,49],[39,104],[-15,59],[28,123]],[[4529,11283],[119,11],[94,-15],[78,15],[123,-19],[193,0],[95,-42]],[[26533,12831],[45,-4],[81,16]],[[3390,4879],[-83,22],[20,106],[-129,-20]],[[3278,5330],[71,73],[69,7],[39,-17],[62,12],[8,-89],[46,-22],[79,41]],[[3652,5335],[18,-67],[-75,-94],[17,-63],[-40,-105],[2,-107]],[[3446,11445],[10,34],[44,10],[-12,47],[90,-18],[-41,-86],[-91,13]],[[3989,11235],[-106,55],[-58,-10],[-12,35],[-65,49],[17,29],[-26,35],[-42,-1],[-53,44],[-7,70],[62,50],[132,-19],[41,10],[48,-21],[35,15],[247,-72],[45,-1],[4,-82],[-97,-75],[-80,-27],[-52,-71],[35,-20]],[[11597,10219],[-64,-41]],[[19819,2497],[11,-41],[-45,-58],[-60,-100],[34,-81],[-43,-88],[-62,-44]],[[7491,896],[-22,-56],[-60,-39],[-37,12],[-10,43],[-57,8],[-18,-35],[-54,-4],[-64,30],[-24,31],[35,46],[-23,20],[-61,-4],[-108,36],[-78,-6],[-54,12],[-35,34],[-81,19],[21,59],[-87,9],[-1,-62],[-28,-20],[-42,44],[-29,7],[-94,105]],[[9802,10448],[81,15],[16,-32],[78,-10],[59,35],[114,2],[89,-27],[79,26],[20,-35],[-27,-30],[42,-29],[49,-4],[44,57],[60,-53],[51,26],[57,4],[73,-34],[78,19],[57,-56],[74,36]],[[11234,9951],[-36,-59],[-62,9],[-12,-84],[-91,-45],[-43,-128]],[[3266,11519],[34,68],[37,43],[50,-56],[-75,-89],[-46,34]],[[3350,11866],[17,32],[44,-13],[25,27],[71,6],[24,23],[60,-3],[130,-58],[8,-33],[-40,-31],[-86,-24],[-11,-35],[-92,-37],[-60,1],[-81,53],[8,59],[-17,33]],[[5522,2196],[-110,-22],[-8,58],[-84,37],[11,41],[-6,101],[-34,26]],[[26227,12585],[51,26],[112,87],[32,39]],[[4231,12850],[-42,-40],[-20,-85],[-36,-8],[-7,-39],[-57,15],[-60,-13],[-46,12],[-27,44],[-145,61],[-72,-3]],[[33544,7228],[-4,-40],[-35,-45],[39,-98],[-2,-82],[73,-43],[0,-95],[-22,-136],[29,-69],[-37,-151],[22,-21],[-15,-117]],[[2775,4301],[29,51],[-43,71],[-117,35],[-69,39],[-138,21]],[[2437,4518],[55,24],[210,-6],[98,26],[73,48],[92,14],[39,48],[-29,90],[57,61],[17,48],[33,-4],[32,67]],[[18519,2652],[-37,-32],[-43,-74],[-99,-120],[-77,-48],[-21,-31],[-61,11],[-81,-28],[-23,21],[-57,-1],[-45,-26],[-85,-94],[2,-30],[88,-19],[39,21],[34,-41],[-52,-32],[-33,-50],[-1,-73],[-20,-53],[-82,-48],[-38,-51]],[[31830,3728],[-53,-57],[-59,26],[-48,76],[-132,29],[-46,39],[-129,-16],[-68,-30],[-43,-54],[-67,-15],[-30,-34],[-63,37],[-43,3],[-83,48],[-45,3],[-2,50],[-57,27],[-26,-13],[-47,-68],[-36,-28]],[[18471,13354],[-4,-136],[-26,0],[-51,-51],[-41,-76],[31,-48],[-51,-92],[48,-71],[5,-83]],[[17237,5732],[-19,-15],[-84,80],[-45,-16],[-33,65],[-89,-70],[-78,28],[-1,83],[-46,12],[-8,47],[28,110],[-28,69],[-114,43],[-21,52],[-100,66]],[[7697,12079],[9,66],[-50,33],[-94,-17]],[[2343,15218],[35,57],[-5,44],[45,2],[38,61],[7,40],[51,25],[84,-9],[39,-41],[141,-21],[-16,44],[41,48],[111,-8],[105,-84]],[[3019,15376],[-20,-37],[8,-109],[-38,-54],[-24,4],[-61,-57],[-11,-50],[-69,-66],[12,-48],[-32,-40],[-104,-23],[-13,87],[-18,25],[-130,28],[-50,-5],[-11,69],[-74,12]],[[1398,5913],[-42,-22],[-52,44],[23,50],[-20,42],[-44,-83],[-61,-2],[-46,35],[-8,37],[-76,34],[34,112],[29,32],[-23,58],[40,30],[25,-83],[80,-56],[70,61],[42,8],[66,57],[25,55],[0,51],[38,-1],[33,74]],[[6562,11948],[64,14],[48,57],[43,14],[77,-31]],[[8668,1443],[17,-15],[46,-117],[32,-24],[-74,-45],[-38,-6],[37,-86],[-66,-52],[-56,-91],[-31,-12],[11,144],[-70,-13],[-124,98],[-87,16]],[[2437,4518],[-21,17],[11,58],[35,28],[28,-23],[87,0],[96,30],[115,47],[48,44],[42,102],[12,96],[-60,73],[44,57],[2,114],[18,31]],[[20147,13149],[5,-113],[44,-47],[84,-54],[27,-99],[-11,-83],[-66,-71],[7,-16]],[[18860,13321],[-2,-124],[29,-17],[-4,-75],[58,2],[42,30]],[[9923,2503],[-167,30],[-35,20],[-108,21],[-66,-2]],[[2345,14911],[27,-49],[70,-88],[10,-62],[-25,-60],[-27,-115],[-53,-58],[-14,-41],[-55,-45]],[[6357,11921],[27,-2]],[[20065,13638],[137,-43],[116,-78],[116,-63],[33,-48],[2,-155],[63,-63],[129,-52],[68,-7]],[[3019,15376],[64,-36],[31,-99],[70,-36],[26,-60],[77,-38],[37,17],[38,-75]],[[3947,5311],[-23,20],[-53,-38],[-65,30],[-36,-51],[-33,58],[-85,5]],[[19189,13567],[45,-30],[-8,-39],[35,-42]],[[2270,6331],[100,29],[62,41]],[[14245,15204],[196,-26],[131,-6],[56,-12],[234,0]],[[6607,13299],[45,-14],[63,3],[176,-59],[152,-39],[82,18],[29,-22],[175,-38],[84,8],[119,-49],[131,7]]],"transform":{"scale":[0.0005550006463018781,0.0004064104409102663],"translate":[25.6654487,35.8117983]},"objects":{"TUR":{"type":"GeometryCollection","geometries":[{"arcs":[[0,1,2,3]],"type":"Polygon","properties":{"name":"Elbeyli","shapeGroup":"TUR","gid":"TUR-2-0"},"id":"TUR-2-0"},{"arcs":[[4,5,6,7]],"type":"Polygon","properties":{"name":"Dodurga","shapeGroup":"TUR","gid":"TUR-2-1"},"id":"TUR-2-1"},{"arcs":[[8,9,10,11,12,13]],"type":"Polygon","properties":{"name":"Mahmudiye","shapeGroup":"TUR","gid":"TUR-2-2"},"id":"TUR-2-2"},{"arcs":[[14,15,16,17]],"type":"Polygon","properties":{"name":"Tuzlukçu","shapeGroup":"TUR","gid":"TUR-2-3"},"id":"TUR-2-3"},{"arcs":[[18,19,20,21,22]],"type":"Polygon","properties":{"name":"Sarıyahşi","shapeGroup":"TUR","gid":"TUR-2-4"},"id":"TUR-2-4"},{"arcs":[[23,24,25,26,27]],"type":"Polygon","properties":{"name":"Sultanhisar","shapeGroup":"TUR","gid":"TUR-2-5"},"id":"TUR-2-5"},{"arcs":[[-12,28,29,30,31,32,33,34]],"type":"Polygon","properties":{"name":"Sivrihisar","shapeGroup":"TUR","gid":"TUR-2-6"},"id":"TUR-2-6"},{"arcs":[[35,36,37,38,39]],"type":"Polygon","properties":{"name":"Kale","shapeGroup":"TUR","gid":"TUR-2-7"},"id":"TUR-2-7"},{"arcs":[[40,41,42,43]],"type":"Polygon","properties":{"name":"Hozat","shapeGroup":"TUR","gid":"TUR-2-8"},"id":"TUR-2-8"},{"arcs":[[-22,44,45,46,47,48,49,50]],"type":"Polygon","properties":{"name":"Şereflikoçhisar","shapeGroup":"TUR","gid":"TUR-2-9"},"id":"TUR-2-9"},{"arcs":[[51,52,53,54]],"type":"Polygon","properties":{"name":"Serinhisar","shapeGroup":"TUR","gid":"TUR-2-10"},"id":"TUR-2-10"},{"arcs":[[55,56,57]],"type":"Polygon","properties":{"name":"Polateli","shapeGroup":"TUR","gid":"TUR-2-11"},"id":"TUR-2-11"},{"arcs":[[58,59,60,61]],"type":"Polygon","properties":{"name":"Çelebi","shapeGroup":"TUR","gid":"TUR-2-12"},"id":"TUR-2-12"},{"arcs":[[62,63,64,65,66,67,68,69,70]],"type":"Polygon","properties":{"name":"Seydikemer","shapeGroup":"TUR","gid":"TUR-2-13"},"id":"TUR-2-13"},{"arcs":[[-27,71,72,73]],"type":"Polygon","properties":{"name":"Yenipazar","shapeGroup":"TUR","gid":"TUR-2-14"},"id":"TUR-2-14"},{"arcs":[[74,75,76,77]],"type":"Polygon","properties":{"name":"Domaniç","shapeGroup":"TUR","gid":"TUR-2-15"},"id":"TUR-2-15"},{"arcs":[[78,79,80,81,82,83]],"type":"Polygon","properties":{"name":"Bahçe","shapeGroup":"TUR","gid":"TUR-2-16"},"id":"TUR-2-16"},{"arcs":[[84,85,86]],"type":"Polygon","properties":{"name":"Kozlu","shapeGroup":"TUR","gid":"TUR-2-17"},"id":"TUR-2-17"},{"arcs":[[87,88,89,90,91,92,93]],"type":"Polygon","properties":{"name":"Senirkent","shapeGroup":"TUR","gid":"TUR-2-18"},"id":"TUR-2-18"},{"arcs":[[94,95,96,97,98]],"type":"Polygon","properties":{"name":"Varto","shapeGroup":"TUR","gid":"TUR-2-19"},"id":"TUR-2-19"},{"arcs":[[99,100,101,102,103,104,105,106]],"type":"Polygon","properties":{"name":"Köyceğiz","shapeGroup":"TUR","gid":"TUR-2-20"},"id":"TUR-2-20"},{"arcs":[[107,108,109,110]],"type":"Polygon","properties":{"name":"Doğanhisar","shapeGroup":"TUR","gid":"TUR-2-21"},"id":"TUR-2-21"},{"arcs":[[111,112,113,114,115,116]],"type":"Polygon","properties":{"name":"Süleymanpaşa","shapeGroup":"TUR","gid":"TUR-2-22"},"id":"TUR-2-22"},{"arcs":[[117,118,119,120,121,122]],"type":"Polygon","properties":{"name":"Gülnar","shapeGroup":"TUR","gid":"TUR-2-23"},"id":"TUR-2-23"},{"arcs":[[123,124,125,126,127]],"type":"Polygon","properties":{"name":"Sivaslı","shapeGroup":"TUR","gid":"TUR-2-24"},"id":"TUR-2-24"},{"arcs":[[-28,128,129]],"type":"Polygon","properties":{"name":"Köşk","shapeGroup":"TUR","gid":"TUR-2-25"},"id":"TUR-2-25"},{"arcs":[[130,131,132,133,134,135]],"type":"Polygon","properties":{"name":"Karaköprü","shapeGroup":"TUR","gid":"TUR-2-26"},"id":"TUR-2-26"},{"arcs":[[136,137,138,139,140]],"type":"Polygon","properties":{"name":"Çanakkale merkez","shapeGroup":"TUR","gid":"TUR-2-27"},"id":"TUR-2-27"},{"arcs":[[-38,141,142,143]],"type":"Polygon","properties":{"name":"Doğanyol","shapeGroup":"TUR","gid":"TUR-2-28"},"id":"TUR-2-28"},{"arcs":[[-63,144,145,146]],"type":"Polygon","properties":{"name":"Fethiye","shapeGroup":"TUR","gid":"TUR-2-29"},"id":"TUR-2-29"},{"arcs":[[-125,147,148,149,150]],"type":"Polygon","properties":{"name":"Hocalar","shapeGroup":"TUR","gid":"TUR-2-30"},"id":"TUR-2-30"},{"arcs":[[-107,151,152,153,154]],"type":"Polygon","properties":{"name":"Marmaris","shapeGroup":"TUR","gid":"TUR-2-31"},"id":"TUR-2-31"},{"arcs":[[155,156,157,158]],"type":"Polygon","properties":{"name":"İnönü","shapeGroup":"TUR","gid":"TUR-2-32"},"id":"TUR-2-32"},{"arcs":[[159,160,161,162,163]],"type":"Polygon","properties":{"name":"Payas","shapeGroup":"TUR","gid":"TUR-2-33"},"id":"TUR-2-33"},{"arcs":[[164,165,166,167,168]],"type":"Polygon","properties":{"name":"Karasu","shapeGroup":"TUR","gid":"TUR-2-34"},"id":"TUR-2-34"},{"arcs":[[-114,169,170,171,172,173,174]],"type":"Polygon","properties":{"name":"Çorlu","shapeGroup":"TUR","gid":"TUR-2-35"},"id":"TUR-2-35"},{"arcs":[[175,176,177,178,179,180]],"type":"Polygon","properties":{"name":"Gelibolu","shapeGroup":"TUR","gid":"TUR-2-36"},"id":"TUR-2-36"},{"arcs":[[181,182,183,184]],"type":"Polygon","properties":{"name":"İkizce","shapeGroup":"TUR","gid":"TUR-2-37"},"id":"TUR-2-37"},{"arcs":[[185,186,187,188,189]],"type":"Polygon","properties":{"name":"Köprübaşı","shapeGroup":"TUR","gid":"TUR-2-38"},"id":"TUR-2-38"},{"arcs":[[190,191,192]],"type":"Polygon","properties":{"name":"Çandır","shapeGroup":"TUR","gid":"TUR-2-39"},"id":"TUR-2-39"},{"arcs":[[193,194,195,196]],"type":"Polygon","properties":{"name":"Doğankent","shapeGroup":"TUR","gid":"TUR-2-40"},"id":"TUR-2-40"},{"arcs":[[197,198,199,200,201]],"type":"Polygon","properties":{"name":"Keçiören","shapeGroup":"TUR","gid":"TUR-2-41"},"id":"TUR-2-41"},{"arcs":[[202,203]],"type":"Polygon","properties":{"name":"Pazarlar","shapeGroup":"TUR","gid":"TUR-2-42"},"id":"TUR-2-42"},{"arcs":[[-123,204,205,206,207,208,209]],"type":"Polygon","properties":{"name":"Ermenek","shapeGroup":"TUR","gid":"TUR-2-43"},"id":"TUR-2-43"},{"arcs":[[210,211,212]],"type":"Polygon","properties":{"name":"Babadağ","shapeGroup":"TUR","gid":"TUR-2-44"},"id":"TUR-2-44"},{"arcs":[[-59,213,214,215]],"type":"Polygon","properties":{"name":"Karakeçeli","shapeGroup":"TUR","gid":"TUR-2-45"},"id":"TUR-2-45"},{"arcs":[[-200,216,217,218]],"type":"Polygon","properties":{"name":"Pursaklar","shapeGroup":"TUR","gid":"TUR-2-46"},"id":"TUR-2-46"},{"arcs":[[219,220,221,222,223]],"type":"Polygon","properties":{"name":"Serdivan","shapeGroup":"TUR","gid":"TUR-2-47"},"id":"TUR-2-47"},{"arcs":[[-83,224,225]],"type":"Polygon","properties":{"name":"Hasanbeyli","shapeGroup":"TUR","gid":"TUR-2-48"},"id":"TUR-2-48"},{"arcs":[[226,227,228]],"type":"Polygon","properties":{"name":"Yıldırım","shapeGroup":"TUR","gid":"TUR-2-49"},"id":"TUR-2-49"},{"arcs":[[229,230,231,232,233]],"type":"Polygon","properties":{"name":"Hamur","shapeGroup":"TUR","gid":"TUR-2-50"},"id":"TUR-2-50"},{"arcs":[[-7,234,235,236]],"type":"Polygon","properties":{"name":"Oğuzlar","shapeGroup":"TUR","gid":"TUR-2-51"},"id":"TUR-2-51"},{"arcs":[[237,238,239]],"type":"Polygon","properties":{"name":"Buharkent","shapeGroup":"TUR","gid":"TUR-2-52"},"id":"TUR-2-52"},{"arcs":[[240,241,242,243,244]],"type":"Polygon","properties":{"name":"Yeşilova","shapeGroup":"TUR","gid":"TUR-2-53"},"id":"TUR-2-53"},{"arcs":[[245,246,247]],"type":"Polygon","properties":{"name":"Tillo","shapeGroup":"TUR","gid":"TUR-2-54"},"id":"TUR-2-54"},{"arcs":[[-227,248,249,250]],"type":"Polygon","properties":{"name":"Gürsu","shapeGroup":"TUR","gid":"TUR-2-55"},"id":"TUR-2-55"},{"arcs":[[-124,251,252,253,254,-148]],"type":"Polygon","properties":{"name":"Banaz","shapeGroup":"TUR","gid":"TUR-2-56"},"id":"TUR-2-56"},{"arcs":[[255,256,257,258,259,260,261,262,263]],"type":"Polygon","properties":{"name":"Koyulhisar","shapeGroup":"TUR","gid":"TUR-2-57"},"id":"TUR-2-57"},{"arcs":[[-257,264,265,266,267]],"type":"Polygon","properties":{"name":"Mesudiye","shapeGroup":"TUR","gid":"TUR-2-58"},"id":"TUR-2-58"},{"arcs":[[268,269,270,271,272,273]],"type":"Polygon","properties":{"name":"Durağan","shapeGroup":"TUR","gid":"TUR-2-59"},"id":"TUR-2-59"},{"arcs":[[274,275,276,277,278,279]],"type":"Polygon","properties":{"name":"Ulus","shapeGroup":"TUR","gid":"TUR-2-60"},"id":"TUR-2-60"},{"arcs":[[[280,281,282]],[[283,284]],[[285,286,287,288,289,290,291]]],"type":"MultiPolygon","properties":{"name":"Ayaş","shapeGroup":"TUR","gid":"TUR-2-61"},"id":"TUR-2-61"},{"arcs":[[-89,292,293,294,295,296,297]],"type":"Polygon","properties":{"name":"Şuhut","shapeGroup":"TUR","gid":"TUR-2-62"},"id":"TUR-2-62"},{"arcs":[[298,299,300,301]],"type":"Polygon","properties":{"name":"Bigadiç","shapeGroup":"TUR","gid":"TUR-2-63"},"id":"TUR-2-63"},{"arcs":[[302,303,304,305,306,307]],"type":"Polygon","properties":{"name":"Muradiye","shapeGroup":"TUR","gid":"TUR-2-64"},"id":"TUR-2-64"},{"arcs":[[308,309,310,311,312]],"type":"Polygon","properties":{"name":"Hadim","shapeGroup":"TUR","gid":"TUR-2-65"},"id":"TUR-2-65"},{"arcs":[[313,314,315,316,317,318,319]],"type":"Polygon","properties":{"name":"Çerkeş","shapeGroup":"TUR","gid":"TUR-2-66"},"id":"TUR-2-66"},{"arcs":[[320,321,322,323,324,325,326]],"type":"Polygon","properties":{"name":"Kula","shapeGroup":"TUR","gid":"TUR-2-67"},"id":"TUR-2-67"},{"arcs":[[327,328,329,330,331,332]],"type":"Polygon","properties":{"name":"Olur","shapeGroup":"TUR","gid":"TUR-2-68"},"id":"TUR-2-68"},{"arcs":[[333,334,335,336,337,338,339]],"type":"Polygon","properties":{"name":"Mengen","shapeGroup":"TUR","gid":"TUR-2-69"},"id":"TUR-2-69"},{"arcs":[[340,341,342,343,344,345,346]],"type":"Polygon","properties":{"name":"Merzifon","shapeGroup":"TUR","gid":"TUR-2-70"},"id":"TUR-2-70"},{"arcs":[[347,348,349,350,351]],"type":"Polygon","properties":{"name":"Turhal","shapeGroup":"TUR","gid":"TUR-2-71"},"id":"TUR-2-71"},{"arcs":[[352,353,354,355,356,357,358]],"type":"Polygon","properties":{"name":"Borçka","shapeGroup":"TUR","gid":"TUR-2-72"},"id":"TUR-2-72"},{"arcs":[[359,360,361,362,363,364]],"type":"Polygon","properties":{"name":"Bolvadin","shapeGroup":"TUR","gid":"TUR-2-73"},"id":"TUR-2-73"},{"arcs":[[365,366,367,368,369,370,371,372]],"type":"Polygon","properties":{"name":"Niksar","shapeGroup":"TUR","gid":"TUR-2-74"},"id":"TUR-2-74"},{"arcs":[[373,374,375,376,377,378]],"type":"Polygon","properties":{"name":"Şefaatli","shapeGroup":"TUR","gid":"TUR-2-75"},"id":"TUR-2-75"},{"arcs":[[379,380,381,382,383,384,385]],"type":"Polygon","properties":{"name":"Delice","shapeGroup":"TUR","gid":"TUR-2-76"},"id":"TUR-2-76"},{"arcs":[[386,387,388,389,390,391,392]],"type":"Polygon","properties":{"name":"Daday","shapeGroup":"TUR","gid":"TUR-2-77"},"id":"TUR-2-77"},{"arcs":[[393,394,395,396,397,398,399]],"type":"Polygon","properties":{"name":"Çamlıhemşin","shapeGroup":"TUR","gid":"TUR-2-78"},"id":"TUR-2-78"},{"arcs":[[-138,400,401,402,403]],"type":"Polygon","properties":{"name":"Çan","shapeGroup":"TUR","gid":"TUR-2-79"},"id":"TUR-2-79"},{"arcs":[[-377,404,405,406,407,408,409]],"type":"Polygon","properties":{"name":"Kozaklı","shapeGroup":"TUR","gid":"TUR-2-80"},"id":"TUR-2-80"},{"arcs":[[-72,410,411,412,413,414,415,416]],"type":"Polygon","properties":{"name":"Bozdoğan","shapeGroup":"TUR","gid":"TUR-2-81"},"id":"TUR-2-81"},{"arcs":[[417,418,419,420,421,422,423,424]],"type":"Polygon","properties":{"name":"Ilgaz","shapeGroup":"TUR","gid":"TUR-2-82"},"id":"TUR-2-82"},{"arcs":[[425,426,427,428,429,430]],"type":"Polygon","properties":{"name":"Nizip","shapeGroup":"TUR","gid":"TUR-2-83"},"id":"TUR-2-83"},{"arcs":[[431,432,433,434,435,436,437,438]],"type":"Polygon","properties":{"name":"Maçka","shapeGroup":"TUR","gid":"TUR-2-84"},"id":"TUR-2-84"},{"arcs":[[-73,-417,439,440,441,442,443,444]],"type":"Polygon","properties":{"name":"Çine","shapeGroup":"TUR","gid":"TUR-2-85"},"id":"TUR-2-85"},{"arcs":[[445,446,447,448,449,450]],"type":"Polygon","properties":{"name":"İhsaniye","shapeGroup":"TUR","gid":"TUR-2-86"},"id":"TUR-2-86"},{"arcs":[[-335,451,452,453,454,455,456]],"type":"Polygon","properties":{"name":"Devrek","shapeGroup":"TUR","gid":"TUR-2-87"},"id":"TUR-2-87"},{"arcs":[[457,458,459,460,461,462,463,464]],"type":"Polygon","properties":{"name":"İvrindi","shapeGroup":"TUR","gid":"TUR-2-88"},"id":"TUR-2-88"},{"arcs":[[465,466,467,468,469,470,471]],"type":"Polygon","properties":{"name":"Saruhanlı","shapeGroup":"TUR","gid":"TUR-2-89"},"id":"TUR-2-89"},{"arcs":[[472,473,474,475,476,477]],"type":"Polygon","properties":{"name":"Gölbaşı","shapeGroup":"TUR","gid":"TUR-2-90"},"id":"TUR-2-90"},{"arcs":[[-84,-226,478,479,480,481,482,483,484]],"type":"Polygon","properties":{"name":"Osmaniye (merkez)","shapeGroup":"TUR","gid":"TUR-2-91"},"id":"TUR-2-91"},{"arcs":[[-149,-255,485,486,-295,487]],"type":"Polygon","properties":{"name":"Sinanpaşa","shapeGroup":"TUR","gid":"TUR-2-92"},"id":"TUR-2-92"},{"arcs":[[-122,488,489,490,-205]],"type":"Polygon","properties":{"name":"Bozyazı","shapeGroup":"TUR","gid":"TUR-2-93"},"id":"TUR-2-93"},{"arcs":[[-472,491,492,493,494,495,496,497]],"type":"Polygon","properties":{"name":"Yunusemre","shapeGroup":"TUR","gid":"TUR-2-94"},"id":"TUR-2-94"},{"arcs":[[-299,498,499,500,501]],"type":"Polygon","properties":{"name":"Kepsut","shapeGroup":"TUR","gid":"TUR-2-95"},"id":"TUR-2-95"},{"arcs":[[-388,502,503,504,505,506]],"type":"Polygon","properties":{"name":"Azdavay","shapeGroup":"TUR","gid":"TUR-2-96"},"id":"TUR-2-96"},{"arcs":[[-334,507,508,509,510,511,-452]],"type":"Polygon","properties":{"name":"Yığılca","shapeGroup":"TUR","gid":"TUR-2-97"},"id":"TUR-2-97"},{"arcs":[[-500,512,513,514,515,516,517]],"type":"Polygon","properties":{"name":"Susurluk","shapeGroup":"TUR","gid":"TUR-2-98"},"id":"TUR-2-98"},{"arcs":[[518,519,520,521,522,523]],"type":"Polygon","properties":{"name":"Yüreğir","shapeGroup":"TUR","gid":"TUR-2-99"},"id":"TUR-2-99"},{"arcs":[[524,525,526,527,528,529]],"type":"Polygon","properties":{"name":"Bilecik (merkez)","shapeGroup":"TUR","gid":"TUR-2-100"},"id":"TUR-2-100"},{"arcs":[[-32,530,531]],"type":"Polygon","properties":{"name":"Günyüzü","shapeGroup":"TUR","gid":"TUR-2-101"},"id":"TUR-2-101"},{"arcs":[[532,533,534,535,536,537,538]],"type":"Polygon","properties":{"name":"Toroslar","shapeGroup":"TUR","gid":"TUR-2-102"},"id":"TUR-2-102"},{"arcs":[[-527,539,540,541,542,543,544]],"type":"Polygon","properties":{"name":"Gölpazarı","shapeGroup":"TUR","gid":"TUR-2-103"},"id":"TUR-2-103"},{"arcs":[[-521,545,546,547,548]],"type":"Polygon","properties":{"name":"Sarıçam","shapeGroup":"TUR","gid":"TUR-2-104"},"id":"TUR-2-104"},{"arcs":[[-525,549,550,551,552,553,554]],"type":"Polygon","properties":{"name":"Yenişehir","shapeGroup":"TUR","gid":"TUR-2-105"},"id":"TUR-2-105"},{"arcs":[[555,556,557]],"type":"Polygon","properties":{"name":"İbradi","shapeGroup":"TUR","gid":"TUR-2-106"},"id":"TUR-2-106"},{"arcs":[[-278,558,559,560,561]],"type":"Polygon","properties":{"name":"Safranbolu","shapeGroup":"TUR","gid":"TUR-2-107"},"id":"TUR-2-107"},{"arcs":[[-441,562,563,564]],"type":"Polygon","properties":{"name":"Yatağan","shapeGroup":"TUR","gid":"TUR-2-108"},"id":"TUR-2-108"},{"arcs":[[-201,-219,565,566,567,568,569]],"type":"Polygon","properties":{"name":"Altındağ","shapeGroup":"TUR","gid":"TUR-2-109"},"id":"TUR-2-109"},{"arcs":[[-323,570,571,572,573]],"type":"Polygon","properties":{"name":"Selendi","shapeGroup":"TUR","gid":"TUR-2-110"},"id":"TUR-2-110"},{"arcs":[[-328,574,575,-357,576]],"type":"Polygon","properties":{"name":"Artvin Merkez","shapeGroup":"TUR","gid":"TUR-2-111"},"id":"TUR-2-111"},{"arcs":[[-279,-562,577,578,579,580]],"type":"Polygon","properties":{"name":"Merkez","shapeGroup":"TUR","gid":"TUR-2-112"},"id":"TUR-2-112"},{"arcs":[[-314,581,-337,582,-579,583]],"type":"Polygon","properties":{"name":"Eskipazar","shapeGroup":"TUR","gid":"TUR-2-113"},"id":"TUR-2-113"},{"arcs":[[-213,584,585,-413,586,587]],"type":"Polygon","properties":{"name":"Karacasu","shapeGroup":"TUR","gid":"TUR-2-114"},"id":"TUR-2-114"},{"arcs":[[588,589,590,591,592,593,594]],"type":"Polygon","properties":{"name":"Devrekani","shapeGroup":"TUR","gid":"TUR-2-115"},"id":"TUR-2-115"},{"arcs":[[-87,595,-454,596,597]],"type":"Polygon","properties":{"name":"Ereğli","shapeGroup":"TUR","gid":"TUR-2-116"},"id":"TUR-2-116"},{"arcs":[[-554,598,599,600,601,602]],"type":"Polygon","properties":{"name":"İznik","shapeGroup":"TUR","gid":"TUR-2-117"},"id":"TUR-2-117"},{"arcs":[[-510,603,604,605,606,607,608]],"type":"Polygon","properties":{"name":"Düzce merkez","shapeGroup":"TUR","gid":"TUR-2-118"},"id":"TUR-2-118"},{"arcs":[[609,610,611,612,613,614,615,616,617,618]],"type":"Polygon","properties":{"name":"Antakya","shapeGroup":"TUR","gid":"TUR-2-119"},"id":"TUR-2-119"},{"arcs":[[-184,619,620,621,-367,622,623,624,625]],"type":"Polygon","properties":{"name":"Akkuş","shapeGroup":"TUR","gid":"TUR-2-120"},"id":"TUR-2-120"},{"arcs":[[-459,626,627,628,629,630]],"type":"Polygon","properties":{"name":"Balya","shapeGroup":"TUR","gid":"TUR-2-121"},"id":"TUR-2-121"},{"arcs":[[-162,631,632,633,-612,634,635]],"type":"Polygon","properties":{"name":"Kırıkhan","shapeGroup":"TUR","gid":"TUR-2-122"},"id":"TUR-2-122"},{"arcs":[[-414,-586,636,637,638]],"type":"Polygon","properties":{"name":"Kale","shapeGroup":"TUR","gid":"TUR-2-123"},"id":"TUR-2-123"},{"arcs":[[639,640,641,642,643,644]],"type":"Polygon","properties":{"name":"Pozantı","shapeGroup":"TUR","gid":"TUR-2-124"},"id":"TUR-2-124"},{"arcs":[[-347,645,646,647,648]],"type":"Polygon","properties":{"name":"Gümüşhacıköy","shapeGroup":"TUR","gid":"TUR-2-125"},"id":"TUR-2-125"},{"arcs":[[-277,649,-393,650,-559]],"type":"Polygon","properties":{"name":"Eflani","shapeGroup":"TUR","gid":"TUR-2-126"},"id":"TUR-2-126"},{"arcs":[[651,652,653,654,655]],"type":"Polygon","properties":{"name":"Isparta merkez","shapeGroup":"TUR","gid":"TUR-2-127"},"id":"TUR-2-127"},{"arcs":[[656,657,658,659,660]],"type":"Polygon","properties":{"name":"Döşemealtı","shapeGroup":"TUR","gid":"TUR-2-128"},"id":"TUR-2-128"},{"arcs":[[-386,661,662,663]],"type":"Polygon","properties":{"name":"Balışeyh","shapeGroup":"TUR","gid":"TUR-2-129"},"id":"TUR-2-129"},{"arcs":[[664,665,666,667]],"type":"Polygon","properties":{"name":"Susuz","shapeGroup":"TUR","gid":"TUR-2-130"},"id":"TUR-2-130"},{"arcs":[[-567,668,669,670,671,672,673,674]],"type":"Polygon","properties":{"name":"Elmadağ","shapeGroup":"TUR","gid":"TUR-2-131"},"id":"TUR-2-131"},{"arcs":[[-272,675,676,677,678]],"type":"Polygon","properties":{"name":"Alaçam","shapeGroup":"TUR","gid":"TUR-2-132"},"id":"TUR-2-132"},{"arcs":[[-75,679,680,681,682,683]],"type":"Polygon","properties":{"name":"Keles","shapeGroup":"TUR","gid":"TUR-2-133"},"id":"TUR-2-133"},{"arcs":[[-425,684,685,686,687,688]],"type":"Polygon","properties":{"name":"Kurşunlu","shapeGroup":"TUR","gid":"TUR-2-134"},"id":"TUR-2-134"},{"arcs":[[-515,689,-630,690,691]],"type":"Polygon","properties":{"name":"Manyas","shapeGroup":"TUR","gid":"TUR-2-135"},"id":"TUR-2-135"},{"arcs":[[-458,692,693,694,-627]],"type":"Polygon","properties":{"name":"Havran","shapeGroup":"TUR","gid":"TUR-2-136"},"id":"TUR-2-136"},{"arcs":[[-79,-485,695,696,697,698]],"type":"Polygon","properties":{"name":"Düziçi","shapeGroup":"TUR","gid":"TUR-2-137"},"id":"TUR-2-137"},{"arcs":[[699,700,701,702]],"type":"Polygon","properties":{"name":"Pınarhisar","shapeGroup":"TUR","gid":"TUR-2-138"},"id":"TUR-2-138"},{"arcs":[[703,704,705,706,707,708]],"type":"Polygon","properties":{"name":"Baykan","shapeGroup":"TUR","gid":"TUR-2-139"},"id":"TUR-2-139"},{"arcs":[[709,710,711,712,713,714,715]],"type":"Polygon","properties":{"name":"Dörtdivan","shapeGroup":"TUR","gid":"TUR-2-140"},"id":"TUR-2-140"},{"arcs":[[-156,716,-528,-545,717,718]],"type":"Polygon","properties":{"name":"Söğüt","shapeGroup":"TUR","gid":"TUR-2-141"},"id":"TUR-2-141"},{"arcs":[[719,720,721,722,723]],"type":"Polygon","properties":{"name":"Şabanözü","shapeGroup":"TUR","gid":"TUR-2-142"},"id":"TUR-2-142"},{"arcs":[[724,725,726,727,728,729]],"type":"Polygon","properties":{"name":"Ladik","shapeGroup":"TUR","gid":"TUR-2-143"},"id":"TUR-2-143"},{"arcs":[[730,731,732,733]],"type":"Polygon","properties":{"name":"Hanönü","shapeGroup":"TUR","gid":"TUR-2-144"},"id":"TUR-2-144"},{"arcs":[[-116,734,-179,735]],"type":"Polygon","properties":{"name":"Şarköy","shapeGroup":"TUR","gid":"TUR-2-145"},"id":"TUR-2-145"},{"arcs":[[736,737,738,739,740]],"type":"Polygon","properties":{"name":"Araban","shapeGroup":"TUR","gid":"TUR-2-146"},"id":"TUR-2-146"},{"arcs":[[-276,741,-503,-387,-650]],"type":"Polygon","properties":{"name":"Pınarbaşı","shapeGroup":"TUR","gid":"TUR-2-147"},"id":"TUR-2-147"},{"arcs":[[-715,742,743]],"type":"Polygon","properties":{"name":"Kıbrıscık","shapeGroup":"TUR","gid":"TUR-2-148"},"id":"TUR-2-148"},{"arcs":[[-419,744,745]],"type":"Polygon","properties":{"name":"İhsangazi","shapeGroup":"TUR","gid":"TUR-2-149"},"id":"TUR-2-149"},{"arcs":[[-471,746,747,-492]],"type":"Polygon","properties":{"name":"Şehzadeler","shapeGroup":"TUR","gid":"TUR-2-150"},"id":"TUR-2-150"},{"arcs":[[-207,748,749,750,751,752]],"type":"Polygon","properties":{"name":"Sarıveliler","shapeGroup":"TUR","gid":"TUR-2-151"},"id":"TUR-2-151"},{"arcs":[[753,754,755,756]],"type":"Polygon","properties":{"name":"Büyükorhan","shapeGroup":"TUR","gid":"TUR-2-152"},"id":"TUR-2-152"},{"arcs":[[757,758,759,760,761]],"type":"Polygon","properties":{"name":"Çaycuma","shapeGroup":"TUR","gid":"TUR-2-153"},"id":"TUR-2-153"},{"arcs":[[-538,762,763,764]],"type":"Polygon","properties":{"name":"Mezitli","shapeGroup":"TUR","gid":"TUR-2-154"},"id":"TUR-2-154"},{"arcs":[[-426,765,766,-741,767]],"type":"Polygon","properties":{"name":"Yavuzeli","shapeGroup":"TUR","gid":"TUR-2-155"},"id":"TUR-2-155"},{"arcs":[[768,769,770,771,772]],"type":"Polygon","properties":{"name":"Aksu","shapeGroup":"TUR","gid":"TUR-2-156"},"id":"TUR-2-156"},{"arcs":[[773,774,775,776,777,778]],"type":"Polygon","properties":{"name":"Tefenni","shapeGroup":"TUR","gid":"TUR-2-157"},"id":"TUR-2-157"},{"arcs":[[-466,-498,779,780,781]],"type":"Polygon","properties":{"name":"Kınık","shapeGroup":"TUR","gid":"TUR-2-158"},"id":"TUR-2-158"},{"arcs":[[-444,782,783,784,785,786,787]],"type":"Polygon","properties":{"name":"Koçarlı","shapeGroup":"TUR","gid":"TUR-2-159"},"id":"TUR-2-159"},{"arcs":[[-449,788,789,790,791]],"type":"Polygon","properties":{"name":"İscehisar","shapeGroup":"TUR","gid":"TUR-2-160"},"id":"TUR-2-160"},{"arcs":[[-400,792,793,794,795,796,797,798]],"type":"Polygon","properties":{"name":"Çayeli","shapeGroup":"TUR","gid":"TUR-2-161"},"id":"TUR-2-161"},{"arcs":[[-361,799,-790,800,801,802]],"type":"Polygon","properties":{"name":"Bayat","shapeGroup":"TUR","gid":"TUR-2-162"},"id":"TUR-2-162"},{"arcs":[[803,804,805,806,807]],"type":"Polygon","properties":{"name":"Arhavi","shapeGroup":"TUR","gid":"TUR-2-163"},"id":"TUR-2-163"},{"arcs":[[-569,808,-674,809,810,811,812]],"type":"Polygon","properties":{"name":"Çankaya","shapeGroup":"TUR","gid":"TUR-2-164"},"id":"TUR-2-164"},{"arcs":[[-548,813,814,815,816]],"type":"Polygon","properties":{"name":"İmamoğlu","shapeGroup":"TUR","gid":"TUR-2-165"},"id":"TUR-2-165"},{"arcs":[[-462,817,818,819]],"type":"Polygon","properties":{"name":"Savaştepe","shapeGroup":"TUR","gid":"TUR-2-166"},"id":"TUR-2-166"},{"arcs":[[-100,-155,820,821]],"type":"Polygon","properties":{"name":"Ula","shapeGroup":"TUR","gid":"TUR-2-167"},"id":"TUR-2-167"},{"arcs":[[-453,-512,822,823,-597]],"type":"Polygon","properties":{"name":"Alaplı","shapeGroup":"TUR","gid":"TUR-2-168"},"id":"TUR-2-168"},{"arcs":[[-67,824,825,-778,826]],"type":"Polygon","properties":{"name":"Çavdır","shapeGroup":"TUR","gid":"TUR-2-169"},"id":"TUR-2-169"},{"arcs":[[827,828,829,830]],"type":"Polygon","properties":{"name":"Erfelek","shapeGroup":"TUR","gid":"TUR-2-170"},"id":"TUR-2-170"},{"arcs":[[-270,831,832,833,834]],"type":"Polygon","properties":{"name":"Dikmen","shapeGroup":"TUR","gid":"TUR-2-171"},"id":"TUR-2-171"},{"arcs":[[-113,835,836,837,-170]],"type":"Polygon","properties":{"name":"Muratlı","shapeGroup":"TUR","gid":"TUR-2-172"},"id":"TUR-2-172"},{"arcs":[[-663,838,839,840,841,842]],"type":"Polygon","properties":{"name":"Kırıkkale (merkez)","shapeGroup":"TUR","gid":"TUR-2-173"},"id":"TUR-2-173"},{"arcs":[[-244,843,-775,844]],"type":"Polygon","properties":{"name":"Karamanlı","shapeGroup":"TUR","gid":"TUR-2-174"},"id":"TUR-2-174"},{"arcs":[[-506,845,846,-590,847,848]],"type":"Polygon","properties":{"name":"Küre","shapeGroup":"TUR","gid":"TUR-2-175"},"id":"TUR-2-175"},{"arcs":[[-312,849,850,-752,851]],"type":"Polygon","properties":{"name":"Taşkent","shapeGroup":"TUR","gid":"TUR-2-176"},"id":"TUR-2-176"},{"arcs":[[852,853,854,855,856]],"type":"Polygon","properties":{"name":"Güney","shapeGroup":"TUR","gid":"TUR-2-177"},"id":"TUR-2-177"},{"arcs":[[-681,857,858,-755,859]],"type":"Polygon","properties":{"name":"Harmancık","shapeGroup":"TUR","gid":"TUR-2-178"},"id":"TUR-2-178"},{"arcs":[[860,861,862,863,864,865]],"type":"Polygon","properties":{"name":"Karatay","shapeGroup":"TUR","gid":"TUR-2-179"},"id":"TUR-2-179"},{"arcs":[[-46,866,867,868,869,870,871,872,873,874,875,876,877]],"type":"Polygon","properties":{"name":"Aksaray merkez","shapeGroup":"TUR","gid":"TUR-2-180"},"id":"TUR-2-180"},{"arcs":[[878,879,880,881,882,883,884,885,886]],"type":"Polygon","properties":{"name":"Siverek","shapeGroup":"TUR","gid":"TUR-2-181"},"id":"TUR-2-181"},{"arcs":[[-47,887,888,889,890,891,892]],"type":"Polygon","properties":{"name":"Cihanbeyli","shapeGroup":"TUR","gid":"TUR-2-182"},"id":"TUR-2-182"},{"arcs":[[-398,893,894,895,896,897,898]],"type":"Polygon","properties":{"name":"İspir","shapeGroup":"TUR","gid":"TUR-2-183"},"id":"TUR-2-183"},{"arcs":[[-885,899,900,901,902,903]],"type":"Polygon","properties":{"name":"Viranşehir","shapeGroup":"TUR","gid":"TUR-2-184"},"id":"TUR-2-184"},{"arcs":[[-897,904,905,906,907,908,909,910,911,912,913]],"type":"Polygon","properties":{"name":"Bayburt merkez","shapeGroup":"TUR","gid":"TUR-2-185"},"id":"TUR-2-185"},{"arcs":[[-873,914,915,916]],"type":"Polygon","properties":{"name":"Çiftlik","shapeGroup":"TUR","gid":"TUR-2-186"},"id":"TUR-2-186"},{"arcs":[[917,918,919,920,921,922,923,924]],"type":"Polygon","properties":{"name":"Elbistan","shapeGroup":"TUR","gid":"TUR-2-187"},"id":"TUR-2-187"},{"arcs":[[-668,925,926,927,928,929,930,931]],"type":"Polygon","properties":{"name":"Kars merkez","shapeGroup":"TUR","gid":"TUR-2-188"},"id":"TUR-2-188"},{"arcs":[[-158,932,933,934,-446,935,936,937,938]],"type":"Polygon","properties":{"name":"Kütahya merkez","shapeGroup":"TUR","gid":"TUR-2-189"},"id":"TUR-2-189"},{"arcs":[[-95,939,940,941,942,943,944,945]],"type":"Polygon","properties":{"name":"Tekman","shapeGroup":"TUR","gid":"TUR-2-190"},"id":"TUR-2-190"},{"arcs":[[946,947,948,949]],"type":"Polygon","properties":{"name":"Kemah","shapeGroup":"TUR","gid":"TUR-2-191"},"id":"TUR-2-191"},{"arcs":[[-945,950,951,952,953,954,955,956]],"type":"Polygon","properties":{"name":"Karayazı","shapeGroup":"TUR","gid":"TUR-2-192"},"id":"TUR-2-192"},{"arcs":[[957,958,959,960,961,962,963,964]],"type":"Polygon","properties":{"name":"Elazığ merkez","shapeGroup":"TUR","gid":"TUR-2-193"},"id":"TUR-2-193"},{"arcs":[[-952,965,966,967,968]],"type":"Polygon","properties":{"name":"Horasan","shapeGroup":"TUR","gid":"TUR-2-194"},"id":"TUR-2-194"},{"arcs":[[-533,969,970,971,972,973,974,975]],"type":"Polygon","properties":{"name":"Ayrancı","shapeGroup":"TUR","gid":"TUR-2-195"},"id":"TUR-2-195"},{"arcs":[[-968,976,977,978,979,980,981]],"type":"Polygon","properties":{"name":"Sarıkamış","shapeGroup":"TUR","gid":"TUR-2-196"},"id":"TUR-2-196"},{"arcs":[[-232,982,983,-303,984,985,986]],"type":"Polygon","properties":{"name":"Erciş","shapeGroup":"TUR","gid":"TUR-2-197"},"id":"TUR-2-197"},{"arcs":[[-381,987,988,989,990,991,992,993,994,995]],"type":"Polygon","properties":{"name":"Sungurlu","shapeGroup":"TUR","gid":"TUR-2-198"},"id":"TUR-2-198"},{"arcs":[[996,997,998,999,1000]],"type":"Polygon","properties":{"name":"Çatak","shapeGroup":"TUR","gid":"TUR-2-199"},"id":"TUR-2-199"},{"arcs":[[-884,1001,1002,1003,1004,1005,1006,-900]],"type":"Polygon","properties":{"name":"Çınar","shapeGroup":"TUR","gid":"TUR-2-200"},"id":"TUR-2-200"},{"arcs":[[-19,1007,1008,1009,1010,1011,1012,1013,1014,1015]],"type":"Polygon","properties":{"name":"Kırşehir merkez","shapeGroup":"TUR","gid":"TUR-2-201"},"id":"TUR-2-201"},{"arcs":[[1016,1017,1018,1019,1020,1021,1022]],"type":"Polygon","properties":{"name":"Şırnak merkez","shapeGroup":"TUR","gid":"TUR-2-202"},"id":"TUR-2-202"},{"arcs":[[-97,1023,1024,1025,1026,1027,1028]],"type":"Polygon","properties":{"name":"Bulanık","shapeGroup":"TUR","gid":"TUR-2-203"},"id":"TUR-2-203"},{"arcs":[[-866,1029,1030,1031,1032,1033,1034]],"type":"Polygon","properties":{"name":"Selçuklu","shapeGroup":"TUR","gid":"TUR-2-204"},"id":"TUR-2-204"},{"arcs":[[-308,1035,1036,1037,1038,-985]],"type":"Polygon","properties":{"name":"Tuşba","shapeGroup":"TUR","gid":"TUR-2-205"},"id":"TUR-2-205"},{"arcs":[[1039,1040,1041,1042,1043,1044,1045,1046]],"type":"Polygon","properties":{"name":"Bingöl merkez","shapeGroup":"TUR","gid":"TUR-2-206"},"id":"TUR-2-206"},{"arcs":[[-189,1047,1048,-910,1049,1050,1051,1052,-437,1053,1054,1055]],"type":"Polygon","properties":{"name":"Gümüşhane merkez","shapeGroup":"TUR","gid":"TUR-2-207"},"id":"TUR-2-207"},{"arcs":[[-930,1056,1057,1058,1059,-981,1060]],"type":"Polygon","properties":{"name":"Kağızman","shapeGroup":"TUR","gid":"TUR-2-208"},"id":"TUR-2-208"},{"arcs":[[-344,1061,-728,1062,1063,-352,1064,1065,1066]],"type":"Polygon","properties":{"name":"Amasya merkez","shapeGroup":"TUR","gid":"TUR-2-209"},"id":"TUR-2-209"},{"arcs":[[-1038,1067,1068,1069,1070,1071,1072,1073]],"type":"Polygon","properties":{"name":"Tatvan","shapeGroup":"TUR","gid":"TUR-2-210"},"id":"TUR-2-210"},{"arcs":[[-133,1074,-886,-904,1075]],"type":"Polygon","properties":{"name":"Haliliye","shapeGroup":"TUR","gid":"TUR-2-211"},"id":"TUR-2-211"},{"arcs":[[1076,1077,1078,1079,1080,1081,1082,1083]],"type":"Polygon","properties":{"name":"Adıyaman merkez","shapeGroup":"TUR","gid":"TUR-2-212"},"id":"TUR-2-212"},{"arcs":[[-918,1084,1085,1086,1087,1088,1089,1090]],"type":"Polygon","properties":{"name":"Göksun","shapeGroup":"TUR","gid":"TUR-2-213"},"id":"TUR-2-213"},{"arcs":[[-947,1091,1092,1093,1094,1095,1096,1097,1098]],"type":"Polygon","properties":{"name":"Refahiye","shapeGroup":"TUR","gid":"TUR-2-214"},"id":"TUR-2-214"},{"arcs":[[1099,1100,1101,1102,1103,1104,1105]],"type":"Polygon","properties":{"name":"Yahyalı","shapeGroup":"TUR","gid":"TUR-2-215"},"id":"TUR-2-215"},{"arcs":[[-882,1106,1107,1108,1109,1110,1111,1112]],"type":"Polygon","properties":{"name":"Ergani","shapeGroup":"TUR","gid":"TUR-2-216"},"id":"TUR-2-216"},{"arcs":[[-230,1113,1114,-1059,1115,1116]],"type":"Polygon","properties":{"name":"Ağrı merkez","shapeGroup":"TUR","gid":"TUR-2-217"},"id":"TUR-2-217"},{"arcs":[[1117,1118,1119,1120,1121,1122]],"type":"Polygon","properties":{"name":"Tercan","shapeGroup":"TUR","gid":"TUR-2-218"},"id":"TUR-2-218"},{"arcs":[[-862,1123,-888,-878,1124,-876,1125,1126]],"type":"Polygon","properties":{"name":"Eskil","shapeGroup":"TUR","gid":"TUR-2-219"},"id":"TUR-2-219"},{"arcs":[[-1000,1127,1128,1129,1130,-1019,1131]],"type":"Polygon","properties":{"name":"Beytüşşebap","shapeGroup":"TUR","gid":"TUR-2-220"},"id":"TUR-2-220"},{"arcs":[[-1004,1132,1133,1134,1135,1136]],"type":"Polygon","properties":{"name":"Bismil","shapeGroup":"TUR","gid":"TUR-2-221"},"id":"TUR-2-221"},{"arcs":[[-1051,1137,1138,1139,1140,-1098,1141]],"type":"Polygon","properties":{"name":"Kelkit","shapeGroup":"TUR","gid":"TUR-2-222"},"id":"TUR-2-222"},{"arcs":[[-906,1142,1143,1144,-1119,1145,1146]],"type":"Polygon","properties":{"name":"Aşkale","shapeGroup":"TUR","gid":"TUR-2-223"},"id":"TUR-2-223"},{"arcs":[[-99,1147,-1042,1148,1149,1150,-940]],"type":"Polygon","properties":{"name":"Karlıova","shapeGroup":"TUR","gid":"TUR-2-224"},"id":"TUR-2-224"},{"arcs":[[-1044,1151,1152,1153,1154,1155,1156]],"type":"Polygon","properties":{"name":"Genç","shapeGroup":"TUR","gid":"TUR-2-225"},"id":"TUR-2-225"},{"arcs":[[-1033,1157,1158,1159]],"type":"Polygon","properties":{"name":"Kadınhanı","shapeGroup":"TUR","gid":"TUR-2-226"},"id":"TUR-2-226"},{"arcs":[[-247,1160,1161,1162,-1001,-1132,-1018,1163,1164]],"type":"Polygon","properties":{"name":"Pervari","shapeGroup":"TUR","gid":"TUR-2-227"},"id":"TUR-2-227"},{"arcs":[[-890,1165,-1034,-1160]],"type":"Polygon","properties":{"name":"Sarayönü","shapeGroup":"TUR","gid":"TUR-2-228"},"id":"TUR-2-228"},{"arcs":[[-41,1166,1167,1168,-949,1169,1170,1171]],"type":"Polygon","properties":{"name":"Ovacık","shapeGroup":"TUR","gid":"TUR-2-229"},"id":"TUR-2-229"},{"arcs":[[-948,-1099,-1141,1172,1173,1174,-1170]],"type":"Polygon","properties":{"name":"Erzincan merkez","shapeGroup":"TUR","gid":"TUR-2-230"},"id":"TUR-2-230"},{"arcs":[[-895,1175,1176,1177,1178,1179,1180,1181]],"type":"Polygon","properties":{"name":"Tortum","shapeGroup":"TUR","gid":"TUR-2-231"},"id":"TUR-2-231"},{"arcs":[[-423,1182,1183,1184,1185,1186,1187,1188]],"type":"Polygon","properties":{"name":"Çankırı merkez","shapeGroup":"TUR","gid":"TUR-2-232"},"id":"TUR-2-232"},{"arcs":[[-331,1189,1190,-979,1191]],"type":"Polygon","properties":{"name":"Şenkaya","shapeGroup":"TUR","gid":"TUR-2-233"},"id":"TUR-2-233"},{"arcs":[[-351,1192,1193,1194,1195,-1065]],"type":"Polygon","properties":{"name":"Zile","shapeGroup":"TUR","gid":"TUR-2-234"},"id":"TUR-2-234"},{"arcs":[[-919,-1091,1196,1197]],"type":"Polygon","properties":{"name":"Afşin","shapeGroup":"TUR","gid":"TUR-2-235"},"id":"TUR-2-235"},{"arcs":[[-233,-987,1198,1199,1200]],"type":"Polygon","properties":{"name":"Patnos","shapeGroup":"TUR","gid":"TUR-2-236"},"id":"TUR-2-236"},{"arcs":[[-126,-151,1201,1202,1203,1204,1205,1206,1207,1208,1209]],"type":"Polygon","properties":{"name":"Çivril","shapeGroup":"TUR","gid":"TUR-2-237"},"id":"TUR-2-237"},{"arcs":[[-431,1210,1211,1212,1213,1214,-766]],"type":"Polygon","properties":{"name":"Şehitkamil","shapeGroup":"TUR","gid":"TUR-2-238"},"id":"TUR-2-238"},{"arcs":[[-332,-1192,-978,1215,-1178,1216,1217]],"type":"Polygon","properties":{"name":"Oltu","shapeGroup":"TUR","gid":"TUR-2-239"},"id":"TUR-2-239"},{"arcs":[[1218,1219,1220,1221,1222,1223]],"type":"Polygon","properties":{"name":"Bor","shapeGroup":"TUR","gid":"TUR-2-240"},"id":"TUR-2-240"},{"arcs":[[-941,-1151,1224,-1120,-1145,1225]],"type":"Polygon","properties":{"name":"Çat","shapeGroup":"TUR","gid":"TUR-2-241"},"id":"TUR-2-241"},{"arcs":[[-986,-1039,-1074,1226,1227,-1199]],"type":"Polygon","properties":{"name":"Adilcevaz","shapeGroup":"TUR","gid":"TUR-2-242"},"id":"TUR-2-242"},{"arcs":[[-234,-1201,1228,-954,1229,-1114]],"type":"Polygon","properties":{"name":"Tutak","shapeGroup":"TUR","gid":"TUR-2-243"},"id":"TUR-2-243"},{"arcs":[[-301,1230,1231,1232,1233,1234,1235]],"type":"Polygon","properties":{"name":"Sındırgı","shapeGroup":"TUR","gid":"TUR-2-244"},"id":"TUR-2-244"},{"arcs":[[-90,-298,1236,1237,1238,1239,1240]],"type":"Polygon","properties":{"name":"Yalvaç","shapeGroup":"TUR","gid":"TUR-2-245"},"id":"TUR-2-245"},{"arcs":[[-261,1241,1242,1243,1244,1245,1246,1247]],"type":"Polygon","properties":{"name":"Şebinkarahisar","shapeGroup":"TUR","gid":"TUR-2-246"},"id":"TUR-2-246"},{"arcs":[[-1122,1248,1249,1250,1251,1252,-1171,-1175,1253]],"type":"Polygon","properties":{"name":"Pülümür","shapeGroup":"TUR","gid":"TUR-2-247"},"id":"TUR-2-247"},{"arcs":[[-953,-969,-982,-1060,-1115,-1230]],"type":"Polygon","properties":{"name":"Eleşkirt","shapeGroup":"TUR","gid":"TUR-2-248"},"id":"TUR-2-248"},{"arcs":[[-901,-1007,1254,1255,1256]],"type":"Polygon","properties":{"name":"Derik","shapeGroup":"TUR","gid":"TUR-2-249"},"id":"TUR-2-249"},{"arcs":[[-96,-946,-957,1257,-1024]],"type":"Polygon","properties":{"name":"Hınıs","shapeGroup":"TUR","gid":"TUR-2-250"},"id":"TUR-2-250"},{"arcs":[[-150,-488,-294,1258,1259,-1202]],"type":"Polygon","properties":{"name":"Sandıklı","shapeGroup":"TUR","gid":"TUR-2-251"},"id":"TUR-2-251"},{"arcs":[[-50,1260,-61,1261,1262,-1009,1263]],"type":"Polygon","properties":{"name":"Kaman","shapeGroup":"TUR","gid":"TUR-2-252"},"id":"TUR-2-252"},{"arcs":[[-1256,1264,1265,1266,1267]],"type":"Polygon","properties":{"name":"Kızıltepe","shapeGroup":"TUR","gid":"TUR-2-253"},"id":"TUR-2-253"},{"arcs":[[-861,-1035,-1166,-889,-1124]],"type":"Polygon","properties":{"name":"Altınekin","shapeGroup":"TUR","gid":"TUR-2-254"},"id":"TUR-2-254"},{"arcs":[[-60,-216,1268,-839,-662,-385,1269,1270,-1262]],"type":"Polygon","properties":{"name":"Keskin","shapeGroup":"TUR","gid":"TUR-2-255"},"id":"TUR-2-255"},{"arcs":[[-36,1271,1272,1273,1274,1275,-964,1276]],"type":"Polygon","properties":{"name":"Baskil","shapeGroup":"TUR","gid":"TUR-2-256"},"id":"TUR-2-256"},{"arcs":[[-1134,1277,1278,1279,1280,1281,1282]],"type":"Polygon","properties":{"name":"Silvan","shapeGroup":"TUR","gid":"TUR-2-257"},"id":"TUR-2-257"},{"arcs":[[-1027,1283,-1227,-1073,1284,1285]],"type":"Polygon","properties":{"name":"Ahlat","shapeGroup":"TUR","gid":"TUR-2-258"},"id":"TUR-2-258"},{"arcs":[[1286,1287,1288,1289,1290,1291,1292,1293,1294]],"type":"Polygon","properties":{"name":"Uzunköprü","shapeGroup":"TUR","gid":"TUR-2-259"},"id":"TUR-2-259"},{"arcs":[[1295,1296,1297,1298,1299]],"type":"Polygon","properties":{"name":"Nusaybin","shapeGroup":"TUR","gid":"TUR-2-260"},"id":"TUR-2-260"},{"arcs":[[-547,1300,1301,-643,1302,-814]],"type":"Polygon","properties":{"name":"Karaisalı","shapeGroup":"TUR","gid":"TUR-2-261"},"id":"TUR-2-261"},{"arcs":[[1303,1304,1305,1306,1307]],"type":"Polygon","properties":{"name":"Ulaş","shapeGroup":"TUR","gid":"TUR-2-262"},"id":"TUR-2-262"},{"arcs":[[1308,1309,1310,1311,1312,1313]],"type":"Polygon","properties":{"name":"Kargı","shapeGroup":"TUR","gid":"TUR-2-263"},"id":"TUR-2-263"},{"arcs":[[-322,1314,1315,-1232,1316,-571]],"type":"Polygon","properties":{"name":"Demirci","shapeGroup":"TUR","gid":"TUR-2-264"},"id":"TUR-2-264"},{"arcs":[[-1168,1317,1318,1319,1320,1321]],"type":"Polygon","properties":{"name":"Kemaliye","shapeGroup":"TUR","gid":"TUR-2-265"},"id":"TUR-2-265"},{"arcs":[[1322,1323,1324,1325,1326]],"type":"Polygon","properties":{"name":"Akçakale","shapeGroup":"TUR","gid":"TUR-2-266"},"id":"TUR-2-266"},{"arcs":[[-132,1327,1328,-887,-1075]],"type":"Polygon","properties":{"name":"Hilvan","shapeGroup":"TUR","gid":"TUR-2-267"},"id":"TUR-2-267"},{"arcs":[[-879,-1329,1329,-1080,1330,1331]],"type":"Polygon","properties":{"name":"Kahta","shapeGroup":"TUR","gid":"TUR-2-268"},"id":"TUR-2-268"},{"arcs":[[-943,1332,1333,-1180,1334,1335]],"type":"Polygon","properties":{"name":"Pasinler","shapeGroup":"TUR","gid":"TUR-2-269"},"id":"TUR-2-269"},{"arcs":[[-42,-1172,-1253,1336,1337,1338]],"type":"Polygon","properties":{"name":"Tunceli merkez","shapeGroup":"TUR","gid":"TUR-2-270"},"id":"TUR-2-270"},{"arcs":[[-931,-1061,-980,-1191,1339]],"type":"Polygon","properties":{"name":"Selim","shapeGroup":"TUR","gid":"TUR-2-271"},"id":"TUR-2-271"},{"arcs":[[-704,1340,1341,1342,1343,1344,1345]],"type":"Polygon","properties":{"name":"Mutki","shapeGroup":"TUR","gid":"TUR-2-272"},"id":"TUR-2-272"},{"arcs":[[-1274,1346,1347,1348,1349]],"type":"Polygon","properties":{"name":"Arguvan","shapeGroup":"TUR","gid":"TUR-2-273"},"id":"TUR-2-273"},{"arcs":[[1350,1351,1352,1353,1354]],"type":"Polygon","properties":{"name":"Sarıkaya","shapeGroup":"TUR","gid":"TUR-2-274"},"id":"TUR-2-274"},{"arcs":[[-448,1355,1356,-801,-789]],"type":"Polygon","properties":{"name":"Han","shapeGroup":"TUR","gid":"TUR-2-275"},"id":"TUR-2-275"},{"arcs":[[-705,-1346,1357,-1071,1358,1359]],"type":"Polygon","properties":{"name":"Bitlis merkez","shapeGroup":"TUR","gid":"TUR-2-276"},"id":"TUR-2-276"},{"arcs":[[-998,1360,1361,-1069,1362,1363]],"type":"Polygon","properties":{"name":"Gevaş","shapeGroup":"TUR","gid":"TUR-2-277"},"id":"TUR-2-277"},{"arcs":[[-1043,-1148,1364,1365,-1152]],"type":"Polygon","properties":{"name":"Solhan","shapeGroup":"TUR","gid":"TUR-2-278"},"id":"TUR-2-278"},{"arcs":[[-1118,1366,-1173,-1140,1367,1368,-1146]],"type":"Polygon","properties":{"name":"Çayırlı","shapeGroup":"TUR","gid":"TUR-2-279"},"id":"TUR-2-279"},{"arcs":[[-1244,1369,1370,1371,1372,1373,1374]],"type":"Polygon","properties":{"name":"Alucra","shapeGroup":"TUR","gid":"TUR-2-280"},"id":"TUR-2-280"},{"arcs":[[-438,-1053,1375,-1373,1376]],"type":"Polygon","properties":{"name":"Torul","shapeGroup":"TUR","gid":"TUR-2-281"},"id":"TUR-2-281"},{"arcs":[[-408,1377,1378,-1014,1379]],"type":"Polygon","properties":{"name":"Mucur","shapeGroup":"TUR","gid":"TUR-2-282"},"id":"TUR-2-282"},{"arcs":[[-309,1380,1381,1382,1383,1384]],"type":"Polygon","properties":{"name":"Bozkır","shapeGroup":"TUR","gid":"TUR-2-283"},"id":"TUR-2-283"},{"arcs":[[-534,-976,1385,1386,-645,1387]],"type":"Polygon","properties":{"name":"Çamlıyayla","shapeGroup":"TUR","gid":"TUR-2-284"},"id":"TUR-2-284"},{"arcs":[[-320,1388,1389,-712,1390,-338,-582]],"type":"Polygon","properties":{"name":"Gerede","shapeGroup":"TUR","gid":"TUR-2-285"},"id":"TUR-2-285"},{"arcs":[[-1070,-1362,1391,-1162,1392,-1359]],"type":"Polygon","properties":{"name":"Hizan","shapeGroup":"TUR","gid":"TUR-2-286"},"id":"TUR-2-286"},{"arcs":[[-442,-565,1393,1394,1395,1396,1397,1398,-784,1399]],"type":"Polygon","properties":{"name":"Milas","shapeGroup":"TUR","gid":"TUR-2-287"},"id":"TUR-2-287"},{"arcs":[[1400,1401,1402,1403,1404,1405,1406]],"type":"Polygon","properties":{"name":"Selçuk","shapeGroup":"TUR","gid":"TUR-2-288"},"id":"TUR-2-288"},{"arcs":[[1407,1408,1409,1410,1411,1412,1413]],"type":"Polygon","properties":{"name":"Urla","shapeGroup":"TUR","gid":"TUR-2-289"},"id":"TUR-2-289"},{"arcs":[[-1410,1414]],"type":"Polygon","properties":{"name":"Karaburun","shapeGroup":"TUR","gid":"TUR-2-290"},"id":"TUR-2-290"},{"arcs":[[-1413,1415,1416,1417,1418]],"type":"Polygon","properties":{"name":"Seferihisar","shapeGroup":"TUR","gid":"TUR-2-291"},"id":"TUR-2-291"},{"arcs":[[-1407,1419,-1418,1420,1421,1422,1423]],"type":"Polygon","properties":{"name":"Menderes","shapeGroup":"TUR","gid":"TUR-2-292"},"id":"TUR-2-292"},{"arcs":[[-1422,1424,1425]],"type":"Polygon","properties":{"name":"Gaziemir","shapeGroup":"TUR","gid":"TUR-2-293"},"id":"TUR-2-293"},{"arcs":[[-1401,-1424,1426,1427,1428,1429]],"type":"Polygon","properties":{"name":"Torbalı","shapeGroup":"TUR","gid":"TUR-2-294"},"id":"TUR-2-294"},{"arcs":[[-1417,1430,1431,1432,1433,1434,-1425,-1421]],"type":"Polygon","properties":{"name":"Karabağlar","shapeGroup":"TUR","gid":"TUR-2-295"},"id":"TUR-2-295"},{"arcs":[[1435,1436,1437]],"type":"Polygon","properties":{"name":"Çiğli","shapeGroup":"TUR","gid":"TUR-2-296"},"id":"TUR-2-296"},{"arcs":[[1438,1439,1440]],"type":"Polygon","properties":{"name":"Foça","shapeGroup":"TUR","gid":"TUR-2-297"},"id":"TUR-2-297"},{"arcs":[[-495,1441,1442,-1436,1443,-1440,1444]],"type":"Polygon","properties":{"name":"Menemen","shapeGroup":"TUR","gid":"TUR-2-298"},"id":"TUR-2-298"},{"arcs":[[-1423,-1426,-1435,1445,1446,1447,-1427]],"type":"Polygon","properties":{"name":"Buca","shapeGroup":"TUR","gid":"TUR-2-299"},"id":"TUR-2-299"},{"arcs":[[-494,1448,-1447,1449,1450,1451,-1442]],"type":"Polygon","properties":{"name":"Bornova","shapeGroup":"TUR","gid":"TUR-2-300"},"id":"TUR-2-300"},{"arcs":[[-1437,-1443,-1452,1452,1453]],"type":"Polygon","properties":{"name":"Karşıyaka","shapeGroup":"TUR","gid":"TUR-2-301"},"id":"TUR-2-301"},{"arcs":[[-24,-130,1454,1455,1456,1457,1458,1459,1460]],"type":"Polygon","properties":{"name":"Ödemiş","shapeGroup":"TUR","gid":"TUR-2-302"},"id":"TUR-2-302"},{"arcs":[[-493,-748,1461,1462,-1428,-1448,-1449]],"type":"Polygon","properties":{"name":"Kemalpaşa","shapeGroup":"TUR","gid":"TUR-2-303"},"id":"TUR-2-303"},{"arcs":[[-496,-1445,-1439,1463,1464]],"type":"Polygon","properties":{"name":"Aliağa","shapeGroup":"TUR","gid":"TUR-2-304"},"id":"TUR-2-304"},{"arcs":[[1465,1466,1467]],"type":"Polygon","properties":{"name":"Dikili","shapeGroup":"TUR","gid":"TUR-2-305"},"id":"TUR-2-305"},{"arcs":[[-372,1468,1469,1470,1471,1472,1473]],"type":"Polygon","properties":{"name":"Almus","shapeGroup":"TUR","gid":"TUR-2-306"},"id":"TUR-2-306"},{"arcs":[[-709,1474,1475,1476,-1282,1477,1478,-1341]],"type":"Polygon","properties":{"name":"Kozluk","shapeGroup":"TUR","gid":"TUR-2-307"},"id":"TUR-2-307"},{"arcs":[[-751,1479,1480,1481,1482]],"type":"Polygon","properties":{"name":"Alanya","shapeGroup":"TUR","gid":"TUR-2-308"},"id":"TUR-2-308"},{"arcs":[[-101,-822,1483,-1394,-564,1484,-415,-639,1485]],"type":"Polygon","properties":{"name":"Menteşe","shapeGroup":"TUR","gid":"TUR-2-309"},"id":"TUR-2-309"},{"arcs":[[-26,1486,1487,1488,1489,-411]],"type":"Polygon","properties":{"name":"Nazilli","shapeGroup":"TUR","gid":"TUR-2-310"},"id":"TUR-2-310"},{"arcs":[[-660,1490,1491,1492,1493,1494,1495]],"type":"Polygon","properties":{"name":"Konyaaltı","shapeGroup":"TUR","gid":"TUR-2-311"},"id":"TUR-2-311"},{"arcs":[[-1494,1496,1497]],"type":"Polygon","properties":{"name":"Kemer","shapeGroup":"TUR","gid":"TUR-2-312"},"id":"TUR-2-312"},{"arcs":[[-1492,1498,1499,1500]],"type":"Polygon","properties":{"name":"Muratpaşa","shapeGroup":"TUR","gid":"TUR-2-313"},"id":"TUR-2-313"},{"arcs":[[-658,1501,1502,1503,-1500,1504]],"type":"Polygon","properties":{"name":"Aksu","shapeGroup":"TUR","gid":"TUR-2-314"},"id":"TUR-2-314"},{"arcs":[[-25,-1461,1505,-1487]],"type":"Polygon","properties":{"name":"Beydağ","shapeGroup":"TUR","gid":"TUR-2-315"},"id":"TUR-2-315"},{"arcs":[[-326,1506,1507,-1489,1508,1509]],"type":"Polygon","properties":{"name":"Alaşehir","shapeGroup":"TUR","gid":"TUR-2-316"},"id":"TUR-2-316"},{"arcs":[[-34,1510,1511,1512,-362,-803,1513]],"type":"Polygon","properties":{"name":"Emirdağ","shapeGroup":"TUR","gid":"TUR-2-317"},"id":"TUR-2-317"},{"arcs":[[-16,1514,-1512,1515,1516,1517,-891,-1159,1518]],"type":"Polygon","properties":{"name":"Yunak","shapeGroup":"TUR","gid":"TUR-2-318"},"id":"TUR-2-318"},{"arcs":[[-33,-532,1519,-1516,-1511]],"type":"Polygon","properties":{"name":"Çeltik","shapeGroup":"TUR","gid":"TUR-2-319"},"id":"TUR-2-319"},{"arcs":[[-892,-1518,1520,1521,1522,1523]],"type":"Polygon","properties":{"name":"Haymana","shapeGroup":"TUR","gid":"TUR-2-320"},"id":"TUR-2-320"},{"arcs":[[-48,-893,-1524,1524,1525]],"type":"Polygon","properties":{"name":"Kulu","shapeGroup":"TUR","gid":"TUR-2-321"},"id":"TUR-2-321"},{"arcs":[[-15,1526,-1238,1527,-363,-1513,-1515]],"type":"Polygon","properties":{"name":"Sultandağı","shapeGroup":"TUR","gid":"TUR-2-322"},"id":"TUR-2-322"},{"arcs":[[-465,1528,1529,1530,1531,1532,-693]],"type":"Polygon","properties":{"name":"Burhaniye","shapeGroup":"TUR","gid":"TUR-2-323"},"id":"TUR-2-323"},{"arcs":[[-694,-1533,1533,1534,1535,1536]],"type":"Polygon","properties":{"name":"Edremit","shapeGroup":"TUR","gid":"TUR-2-324"},"id":"TUR-2-324"},{"arcs":[[-302,-1236,1537,-818,-461,1538,-513,-499]],"type":"Polygon","properties":{"name":"Altıeylül","shapeGroup":"TUR","gid":"TUR-2-325"},"id":"TUR-2-325"},{"arcs":[[-460,-631,-690,-514,-1539]],"type":"Polygon","properties":{"name":"Karesi","shapeGroup":"TUR","gid":"TUR-2-326"},"id":"TUR-2-326"},{"arcs":[[-402,1539,1540,1541,1542]],"type":"Polygon","properties":{"name":"Biga","shapeGroup":"TUR","gid":"TUR-2-327"},"id":"TUR-2-327"},{"arcs":[[-137,1543,-1540,-401]],"type":"Polygon","properties":{"name":"Lapseki","shapeGroup":"TUR","gid":"TUR-2-328"},"id":"TUR-2-328"},{"arcs":[[-516,-692,1544,1545,1546,1547,1548]],"type":"Polygon","properties":{"name":"Bandırma","shapeGroup":"TUR","gid":"TUR-2-329"},"id":"TUR-2-329"},{"arcs":[[-1287,1549,1550]],"type":"Polygon","properties":{"name":"Meriç","shapeGroup":"TUR","gid":"TUR-2-330"},"id":"TUR-2-330"},{"arcs":[[-1289,1551,1552,1553,1554]],"type":"Polygon","properties":{"name":"Edirne merkez","shapeGroup":"TUR","gid":"TUR-2-331"},"id":"TUR-2-331"},{"arcs":[[-112,1555,-1292,1556,1557,1558,-836]],"type":"Polygon","properties":{"name":"Hayrabolu","shapeGroup":"TUR","gid":"TUR-2-332"},"id":"TUR-2-332"},{"arcs":[[-171,-838,1559,1560,1561,1562]],"type":"Polygon","properties":{"name":"Ergene","shapeGroup":"TUR","gid":"TUR-2-333"},"id":"TUR-2-333"},{"arcs":[[-172,-1563,1563,1564,1565]],"type":"Polygon","properties":{"name":"Çerkezköy","shapeGroup":"TUR","gid":"TUR-2-334"},"id":"TUR-2-334"},{"arcs":[[-1561,1566,1567,1568]],"type":"Polygon","properties":{"name":"Saray","shapeGroup":"TUR","gid":"TUR-2-335"},"id":"TUR-2-335"},{"arcs":[[-1562,-1569,1569,-1564]],"type":"Polygon","properties":{"name":"Kapaklı","shapeGroup":"TUR","gid":"TUR-2-336"},"id":"TUR-2-336"},{"arcs":[[-1553,1570,1571,1572,1573]],"type":"Polygon","properties":{"name":"Lalapaşa","shapeGroup":"TUR","gid":"TUR-2-337"},"id":"TUR-2-337"},{"arcs":[[-701,1574,1575,1576]],"type":"Polygon","properties":{"name":"Demirköy","shapeGroup":"TUR","gid":"TUR-2-338"},"id":"TUR-2-338"},{"arcs":[[-262,-1248,1577,1578,1579]],"type":"Polygon","properties":{"name":"Suşehri","shapeGroup":"TUR","gid":"TUR-2-339"},"id":"TUR-2-339"},{"arcs":[[-1275,-1350,1580,-1320,1581,1582]],"type":"Polygon","properties":{"name":"Arapgir","shapeGroup":"TUR","gid":"TUR-2-340"},"id":"TUR-2-340"},{"arcs":[[-1233,-1316,1583,1584,1585,1586]],"type":"Polygon","properties":{"name":"Gördes","shapeGroup":"TUR","gid":"TUR-2-341"},"id":"TUR-2-341"},{"arcs":[[-300,-502,1587,-756,-859,1588,1589]],"type":"Polygon","properties":{"name":"Dursunbey","shapeGroup":"TUR","gid":"TUR-2-342"},"id":"TUR-2-342"},{"arcs":[[-682,-860,-754,1590,1591,1592]],"type":"Polygon","properties":{"name":"Orhaneli","shapeGroup":"TUR","gid":"TUR-2-343"},"id":"TUR-2-343"},{"arcs":[[-1592,1593,1594,1595,1596]],"type":"Polygon","properties":{"name":"Nilüfer","shapeGroup":"TUR","gid":"TUR-2-344"},"id":"TUR-2-344"},{"arcs":[[-1596,1597,1598,1599,1600]],"type":"Polygon","properties":{"name":"Mudanya","shapeGroup":"TUR","gid":"TUR-2-345"},"id":"TUR-2-345"},{"arcs":[[-229,1601,1602,-683,-1593,-1597,-1601,1603,-249]],"type":"Polygon","properties":{"name":"Osmangazi","shapeGroup":"TUR","gid":"TUR-2-346"},"id":"TUR-2-346"},{"arcs":[[1604,1605,1606,1607,1608]],"type":"Polygon","properties":{"name":"Yalova merkez","shapeGroup":"TUR","gid":"TUR-2-347"},"id":"TUR-2-347"},{"arcs":[[-553,1609,-1608,1610,1611,1612,-599]],"type":"Polygon","properties":{"name":"Orhangazi","shapeGroup":"TUR","gid":"TUR-2-348"},"id":"TUR-2-348"},{"arcs":[[1613,1614]],"type":"Polygon","properties":{"name":"Darıca","shapeGroup":"TUR","gid":"TUR-2-349"},"id":"TUR-2-349"},{"arcs":[[-9,1615,-934,1616,1617]],"type":"Polygon","properties":{"name":"Odunpazarı","shapeGroup":"TUR","gid":"TUR-2-350"},"id":"TUR-2-350"},{"arcs":[[-600,-1613,1618,1619,1620]],"type":"Polygon","properties":{"name":"Karamürsel","shapeGroup":"TUR","gid":"TUR-2-351"},"id":"TUR-2-351"},{"arcs":[[-601,-1621,1621,1622]],"type":"Polygon","properties":{"name":"Gölcük","shapeGroup":"TUR","gid":"TUR-2-352"},"id":"TUR-2-352"},{"arcs":[[-602,-1623,1623,1624,1625,1626,1627]],"type":"Polygon","properties":{"name":"Başiskele","shapeGroup":"TUR","gid":"TUR-2-353"},"id":"TUR-2-353"},{"arcs":[[-223,1628,1629,-1626,1630]],"type":"Polygon","properties":{"name":"Kartepe","shapeGroup":"TUR","gid":"TUR-2-354"},"id":"TUR-2-354"},{"arcs":[[-541,1631,1632,1633,1634,1635,1636,1637]],"type":"Polygon","properties":{"name":"Geyve","shapeGroup":"TUR","gid":"TUR-2-355"},"id":"TUR-2-355"},{"arcs":[[1638,1639,1640,1641,1642]],"type":"Polygon","properties":{"name":"Avcılar","shapeGroup":"TUR","gid":"TUR-2-356"},"id":"TUR-2-356"},{"arcs":[[-1640,1643,1644,1645,1646,1647]],"type":"Polygon","properties":{"name":"Küçükçekmece","shapeGroup":"TUR","gid":"TUR-2-357"},"id":"TUR-2-357"},{"arcs":[[-173,-1566,1648,1649,1650,1651]],"type":"Polygon","properties":{"name":"Silivri","shapeGroup":"TUR","gid":"TUR-2-358"},"id":"TUR-2-358"},{"arcs":[[-1565,-1570,-1568,1652,1653,1654,-1649]],"type":"Polygon","properties":{"name":"Çatalca","shapeGroup":"TUR","gid":"TUR-2-359"},"id":"TUR-2-359"},{"arcs":[[-881,1655,1656,1657,-1107]],"type":"Polygon","properties":{"name":"Çermik","shapeGroup":"TUR","gid":"TUR-2-360"},"id":"TUR-2-360"},{"arcs":[[-336,-457,1658,1659,-580,-583]],"type":"Polygon","properties":{"name":"Yenice","shapeGroup":"TUR","gid":"TUR-2-361"},"id":"TUR-2-361"},{"arcs":[[1660,1661,1662,1663,1664]],"type":"Polygon","properties":{"name":"Maltepe","shapeGroup":"TUR","gid":"TUR-2-362"},"id":"TUR-2-362"},{"arcs":[[-1647,1665,1666,1667,1668]],"type":"Polygon","properties":{"name":"Bakırköy","shapeGroup":"TUR","gid":"TUR-2-363"},"id":"TUR-2-363"},{"arcs":[[1669,1670,1671,1672,1673]],"type":"Polygon","properties":{"name":"Üsküdar","shapeGroup":"TUR","gid":"TUR-2-364"},"id":"TUR-2-364"},{"arcs":[[-1671,1674,1675,1676,1677]],"type":"Polygon","properties":{"name":"Ümraniye","shapeGroup":"TUR","gid":"TUR-2-365"},"id":"TUR-2-365"},{"arcs":[[-1664,1678,1679,1680,1681]],"type":"Polygon","properties":{"name":"Kartal","shapeGroup":"TUR","gid":"TUR-2-366"},"id":"TUR-2-366"},{"arcs":[[1682,1683,1684,1685,1686]],"type":"Polygon","properties":{"name":"Tuzla","shapeGroup":"TUR","gid":"TUR-2-367"},"id":"TUR-2-367"},{"arcs":[[-1681,1687,1688,1689,1690,1691,-1683,1692]],"type":"Polygon","properties":{"name":"Pendik","shapeGroup":"TUR","gid":"TUR-2-368"},"id":"TUR-2-368"},{"arcs":[[-111,1693,1694,1695,-769,1696,1697,-1240,1698]],"type":"Polygon","properties":{"name":"Şarkîkaraağaç","shapeGroup":"TUR","gid":"TUR-2-369"},"id":"TUR-2-369"},{"arcs":[[-1663,1699,-1677,1700,-1689,1701,-1679]],"type":"Polygon","properties":{"name":"Sancaktepe","shapeGroup":"TUR","gid":"TUR-2-370"},"id":"TUR-2-370"},{"arcs":[[-1676,1702,1703,-1690,-1701]],"type":"Polygon","properties":{"name":"Çekmeköy","shapeGroup":"TUR","gid":"TUR-2-371"},"id":"TUR-2-371"},{"arcs":[[1704,1705,1706,1707,1708,1709,1710,1711,1712,1713,1714,1715]],"type":"Polygon","properties":{"name":"Eyüpsultan","shapeGroup":"TUR","gid":"TUR-2-372"},"id":"TUR-2-372"},{"arcs":[[-1706,1716,1717,1718]],"type":"Polygon","properties":{"name":"Sarıyer","shapeGroup":"TUR","gid":"TUR-2-373"},"id":"TUR-2-373"},{"arcs":[[-1670,1719,1720,-1703,-1675]],"type":"Polygon","properties":{"name":"Beykoz","shapeGroup":"TUR","gid":"TUR-2-374"},"id":"TUR-2-374"},{"arcs":[[-1614,1721,-1686,1722,-1684,-1692,1723,1724,1725,1726]],"type":"Polygon","properties":{"name":"Gebze","shapeGroup":"TUR","gid":"TUR-2-375"},"id":"TUR-2-375"},{"arcs":[[-1725,1727,1728,1729,1730]],"type":"Polygon","properties":{"name":"Körfez","shapeGroup":"TUR","gid":"TUR-2-376"},"id":"TUR-2-376"},{"arcs":[[-1729,1731,1732,1733,1734]],"type":"Polygon","properties":{"name":"Derince","shapeGroup":"TUR","gid":"TUR-2-377"},"id":"TUR-2-377"},{"arcs":[[-1733,1735,1736,1737,1738,1739]],"type":"Polygon","properties":{"name":"Kandıra","shapeGroup":"TUR","gid":"TUR-2-378"},"id":"TUR-2-378"},{"arcs":[[-605,1740,1741,1742,1743,1744,1745,1746,1747]],"type":"Polygon","properties":{"name":"Mudurnu","shapeGroup":"TUR","gid":"TUR-2-379"},"id":"TUR-2-379"},{"arcs":[[-281,1748,1749,1750,1751,-743,-714,1752,1753,-285,1754,-286,1755]],"type":"Polygon","properties":{"name":"Beypazarı","shapeGroup":"TUR","gid":"TUR-2-380"},"id":"TUR-2-380"},{"arcs":[[-713,-1390,1756,1757,-1753]],"type":"Polygon","properties":{"name":"Çamlıdere","shapeGroup":"TUR","gid":"TUR-2-381"},"id":"TUR-2-381"},{"arcs":[[-811,1758,-1525,-1523,1759,1760]],"type":"Polygon","properties":{"name":"Gölbaşı","shapeGroup":"TUR","gid":"TUR-2-382"},"id":"TUR-2-382"},{"arcs":[[-290,1761,1762,1763,-1760,-1522,1764]],"type":"Polygon","properties":{"name":"Sincan","shapeGroup":"TUR","gid":"TUR-2-383"},"id":"TUR-2-383"},{"arcs":[[-1,1765,-57,1766,-1212,1767]],"type":"Polygon","properties":{"name":"Şahinbey","shapeGroup":"TUR","gid":"TUR-2-384"},"id":"TUR-2-384"},{"arcs":[[-568,-675,-809]],"type":"Polygon","properties":{"name":"Mamak","shapeGroup":"TUR","gid":"TUR-2-385"},"id":"TUR-2-385"},{"arcs":[[-199,1768,1769,1770,-724,1771,1772,-217]],"type":"Polygon","properties":{"name":"Çubuk","shapeGroup":"TUR","gid":"TUR-2-386"},"id":"TUR-2-386"},{"arcs":[[-288,1773,-1757,-1389,-319,1774,-1770,1775]],"type":"Polygon","properties":{"name":"Kızılcahamam","shapeGroup":"TUR","gid":"TUR-2-387"},"id":"TUR-2-387"},{"arcs":[[-280,-581,-1660,1776,-760,1777,1778,1779,1780]],"type":"Polygon","properties":{"name":"Bartın merkez","shapeGroup":"TUR","gid":"TUR-2-388"},"id":"TUR-2-388"},{"arcs":[[-1779,1781,1782]],"type":"Polygon","properties":{"name":"Amasra","shapeGroup":"TUR","gid":"TUR-2-389"},"id":"TUR-2-389"},{"arcs":[[-1047,1783,1784,1785,1786,1787]],"type":"Polygon","properties":{"name":"Karakoçan","shapeGroup":"TUR","gid":"TUR-2-390"},"id":"TUR-2-390"},{"arcs":[[-18,1788,-108,-1699,-1239,-1527]],"type":"Polygon","properties":{"name":"Akşehir","shapeGroup":"TUR","gid":"TUR-2-391"},"id":"TUR-2-391"},{"arcs":[[-1017,1789,1790,1791,-1164]],"type":"Polygon","properties":{"name":"Eruh","shapeGroup":"TUR","gid":"TUR-2-392"},"id":"TUR-2-392"},{"arcs":[[-617,1792,1793,1794,1795]],"type":"Polygon","properties":{"name":"Yayladağı","shapeGroup":"TUR","gid":"TUR-2-393"},"id":"TUR-2-393"},{"arcs":[[-619,1796,-1795,1797,1798]],"type":"Polygon","properties":{"name":"Samandağ","shapeGroup":"TUR","gid":"TUR-2-394"},"id":"TUR-2-394"},{"arcs":[[-610,-1799,1799,1800,1801]],"type":"Polygon","properties":{"name":"Arsuz","shapeGroup":"TUR","gid":"TUR-2-395"},"id":"TUR-2-395"},{"arcs":[[1802,1803,1804,1805]],"type":"Polygon","properties":{"name":"Emet","shapeGroup":"TUR","gid":"TUR-2-396"},"id":"TUR-2-396"},{"arcs":[[-399,-899,1806,-913,1807,1808,1809,1810,1811,-793]],"type":"Polygon","properties":{"name":"İkizdere","shapeGroup":"TUR","gid":"TUR-2-397"},"id":"TUR-2-397"},{"arcs":[[-535,-1388,-644,-1302,1812,1813,1814,1815,1816]],"type":"Polygon","properties":{"name":"Tarsus","shapeGroup":"TUR","gid":"TUR-2-398"},"id":"TUR-2-398"},{"arcs":[[-524,1817,1818,-1815,1819]],"type":"Polygon","properties":{"name":"Karataş","shapeGroup":"TUR","gid":"TUR-2-399"},"id":"TUR-2-399"},{"arcs":[[-163,-636,1820,-1801,1821]],"type":"Polygon","properties":{"name":"İskenderun","shapeGroup":"TUR","gid":"TUR-2-400"},"id":"TUR-2-400"},{"arcs":[[-816,1822,-1104,1823,1824,1825,1826,1827,1828]],"type":"Polygon","properties":{"name":"Kozan","shapeGroup":"TUR","gid":"TUR-2-401"},"id":"TUR-2-401"},{"arcs":[[-1103,1829,1830,-1824]],"type":"Polygon","properties":{"name":"Feke","shapeGroup":"TUR","gid":"TUR-2-402"},"id":"TUR-2-402"},{"arcs":[[-484,1831,-1828,1832,-1826,1833,1834,-696]],"type":"Polygon","properties":{"name":"Kadirli","shapeGroup":"TUR","gid":"TUR-2-403"},"id":"TUR-2-403"},{"arcs":[[1835,1836,1837,1838,1839]],"type":"Polygon","properties":{"name":"Ürgüp","shapeGroup":"TUR","gid":"TUR-2-404"},"id":"TUR-2-404"},{"arcs":[[-1136,1840,1841,1842,1843,1844]],"type":"Polygon","properties":{"name":"Gercüş","shapeGroup":"TUR","gid":"TUR-2-405"},"id":"TUR-2-405"},{"arcs":[[-1102,1845,1846,1847,1848,1849,1850,1851,-1830]],"type":"Polygon","properties":{"name":"Develi","shapeGroup":"TUR","gid":"TUR-2-406"},"id":"TUR-2-406"},{"arcs":[[-1848,1852,1853]],"type":"Polygon","properties":{"name":"Hacılar","shapeGroup":"TUR","gid":"TUR-2-407"},"id":"TUR-2-407"},{"arcs":[[-1850,1854,1855,1856,1857,1858,1859]],"type":"Polygon","properties":{"name":"Tomarza","shapeGroup":"TUR","gid":"TUR-2-408"},"id":"TUR-2-408"},{"arcs":[[-1090,1860,-1859,1861,1862,-1197]],"type":"Polygon","properties":{"name":"Sarız","shapeGroup":"TUR","gid":"TUR-2-409"},"id":"TUR-2-409"},{"arcs":[[1863,1864,1865,1866,1867,1868,1869]],"type":"Polygon","properties":{"name":"Kocasinan","shapeGroup":"TUR","gid":"TUR-2-410"},"id":"TUR-2-410"},{"arcs":[[-1849,-1854,1870,-1868,1871,1872,-1855]],"type":"Polygon","properties":{"name":"Melikgazi","shapeGroup":"TUR","gid":"TUR-2-411"},"id":"TUR-2-411"},{"arcs":[[-193,1873,-1864,1874,1875,-375,1876,-1355]],"type":"Polygon","properties":{"name":"Boğazlıyan","shapeGroup":"TUR","gid":"TUR-2-412"},"id":"TUR-2-412"},{"arcs":[[-192,1877,1878,-1865,-1874]],"type":"Polygon","properties":{"name":"Felahiye","shapeGroup":"TUR","gid":"TUR-2-413"},"id":"TUR-2-413"},{"arcs":[[-1866,-1879,1879,1880]],"type":"Polygon","properties":{"name":"Özvatan","shapeGroup":"TUR","gid":"TUR-2-414"},"id":"TUR-2-414"},{"arcs":[[1881,1882,1883,1884]],"type":"Polygon","properties":{"name":"Akkışla","shapeGroup":"TUR","gid":"TUR-2-415"},"id":"TUR-2-415"},{"arcs":[[-1883,1885,1886,1887,1888,1889]],"type":"Polygon","properties":{"name":"Gemerek","shapeGroup":"TUR","gid":"TUR-2-416"},"id":"TUR-2-416"},{"arcs":[[-4,1890,1891,1892,-58,-1766]],"type":"Polygon","properties":{"name":"Kilis (merkez)","shapeGroup":"TUR","gid":"TUR-2-417"},"id":"TUR-2-417"},{"arcs":[[-40,1893,1894,1895,1896,-1272]],"type":"Polygon","properties":{"name":"Battalgazi","shapeGroup":"TUR","gid":"TUR-2-418"},"id":"TUR-2-418"},{"arcs":[[-135,1897,-1327,1898,1899,1900]],"type":"Polygon","properties":{"name":"Suruç","shapeGroup":"TUR","gid":"TUR-2-419"},"id":"TUR-2-419"},{"arcs":[[-134,-1076,-903,1901,1902,-1323,-1898]],"type":"Polygon","properties":{"name":"Eyyübiye","shapeGroup":"TUR","gid":"TUR-2-420"},"id":"TUR-2-420"},{"arcs":[[-920,-1198,-1863,1903,1904,1905,1906]],"type":"Polygon","properties":{"name":"Gürün","shapeGroup":"TUR","gid":"TUR-2-421"},"id":"TUR-2-421"},{"arcs":[[-1896,1907,1908,1909,1910,1911]],"type":"Polygon","properties":{"name":"Yeşilyurt","shapeGroup":"TUR","gid":"TUR-2-422"},"id":"TUR-2-422"},{"arcs":[[-246,1912,-706,-1360,-1393,-1161]],"type":"Polygon","properties":{"name":"Şirvan","shapeGroup":"TUR","gid":"TUR-2-423"},"id":"TUR-2-423"},{"arcs":[[-902,-1257,-1268,1913,-1325,1914,-1902]],"type":"Polygon","properties":{"name":"Ceylanpınar","shapeGroup":"TUR","gid":"TUR-2-424"},"id":"TUR-2-424"},{"arcs":[[-1297,1915,1916,-1844,1917,1918]],"type":"Polygon","properties":{"name":"Midyat","shapeGroup":"TUR","gid":"TUR-2-425"},"id":"TUR-2-425"},{"arcs":[[-1298,-1919,1919,1920,1921,1922]],"type":"Polygon","properties":{"name":"İdil","shapeGroup":"TUR","gid":"TUR-2-426"},"id":"TUR-2-426"},{"arcs":[[-1843,1923,1924,-1920,-1918]],"type":"Polygon","properties":{"name":"Dargeçit","shapeGroup":"TUR","gid":"TUR-2-427"},"id":"TUR-2-427"},{"arcs":[[-1003,1925,1926,1927,1928,1929,1930,-1278,-1133]],"type":"Polygon","properties":{"name":"Sur","shapeGroup":"TUR","gid":"TUR-2-428"},"id":"TUR-2-428"},{"arcs":[[-1153,-1366,1931,1932,-1478,-1281,1933]],"type":"Polygon","properties":{"name":"Kulp","shapeGroup":"TUR","gid":"TUR-2-429"},"id":"TUR-2-429"},{"arcs":[[1934,1935]],"type":"Polygon","properties":{"name":"Derecik","shapeGroup":"TUR","gid":"TUR-2-430"},"id":"TUR-2-430"},{"arcs":[[1936,1937,1938,1939,1940,1941]],"type":"Polygon","properties":{"name":"Yüksekova","shapeGroup":"TUR","gid":"TUR-2-431"},"id":"TUR-2-431"},{"arcs":[[-1935,1942,-1940,1943]],"type":"Polygon","properties":{"name":"Şemdinli","shapeGroup":"TUR","gid":"TUR-2-432"},"id":"TUR-2-432"},{"arcs":[[-1938,1944,1945,1946,1947]],"type":"Polygon","properties":{"name":"Başkale","shapeGroup":"TUR","gid":"TUR-2-433"},"id":"TUR-2-433"},{"arcs":[[-305,1948,1949,1950,1951]],"type":"Polygon","properties":{"name":"Çaldıran","shapeGroup":"TUR","gid":"TUR-2-434"},"id":"TUR-2-434"},{"arcs":[[-378,-410,1952,-1012,1953,-383,1954]],"type":"Polygon","properties":{"name":"Çiçekdağı","shapeGroup":"TUR","gid":"TUR-2-435"},"id":"TUR-2-435"},{"arcs":[[-1889,1955,1956,1957,1958,1959]],"type":"Polygon","properties":{"name":"Şarkışla","shapeGroup":"TUR","gid":"TUR-2-436"},"id":"TUR-2-436"},{"arcs":[[-1473,1960,-1957,1961,1962,1963,1964,1965]],"type":"Polygon","properties":{"name":"Yıldızeli","shapeGroup":"TUR","gid":"TUR-2-437"},"id":"TUR-2-437"},{"arcs":[[-732,1966,1967,-831,1968]],"type":"Polygon","properties":{"name":"Ayancık","shapeGroup":"TUR","gid":"TUR-2-438"},"id":"TUR-2-438"},{"arcs":[[-833,1969,1970,1971]],"type":"Polygon","properties":{"name":"Gerze","shapeGroup":"TUR","gid":"TUR-2-439"},"id":"TUR-2-439"},{"arcs":[[-829,1972,-1971,1973]],"type":"Polygon","properties":{"name":"Sinop merkez","shapeGroup":"TUR","gid":"TUR-2-440"},"id":"TUR-2-440"},{"arcs":[[-273,-679,1974,1975,-341,-649,1976,1977]],"type":"Polygon","properties":{"name":"Vezirköprü","shapeGroup":"TUR","gid":"TUR-2-441"},"id":"TUR-2-441"},{"arcs":[[1978,1979,1980,1981,1982]],"type":"Polygon","properties":{"name":"Atakum","shapeGroup":"TUR","gid":"TUR-2-442"},"id":"TUR-2-442"},{"arcs":[[-1979,1983,1984]],"type":"Polygon","properties":{"name":"19 Mayıs","shapeGroup":"TUR","gid":"TUR-2-443"},"id":"TUR-2-443"},{"arcs":[[1985,1986,1987,1988]],"type":"Polygon","properties":{"name":"Tekkeköy","shapeGroup":"TUR","gid":"TUR-2-444"},"id":"TUR-2-444"},{"arcs":[[-271,-835,1989,-676]],"type":"Polygon","properties":{"name":"Yakakent","shapeGroup":"TUR","gid":"TUR-2-445"},"id":"TUR-2-445"},{"arcs":[[-370,1990,1991,1992]],"type":"Polygon","properties":{"name":"Başçiftlik","shapeGroup":"TUR","gid":"TUR-2-446"},"id":"TUR-2-446"},{"arcs":[[-266,1993,1994,1995,1996,1997]],"type":"Polygon","properties":{"name":"Gölköy","shapeGroup":"TUR","gid":"TUR-2-447"},"id":"TUR-2-447"},{"arcs":[[-950,-1169,-1322,1998,1999,-1092]],"type":"Polygon","properties":{"name":"Ilıç","shapeGroup":"TUR","gid":"TUR-2-448"},"id":"TUR-2-448"},{"arcs":[[-259,2000,2001,2002,2003,2004,2005]],"type":"Polygon","properties":{"name":"Bulancak","shapeGroup":"TUR","gid":"TUR-2-449"},"id":"TUR-2-449"},{"arcs":[[-1371,2006,2007,2008,2009,2010,2011]],"type":"Polygon","properties":{"name":"Espiye","shapeGroup":"TUR","gid":"TUR-2-450"},"id":"TUR-2-450"},{"arcs":[[-182,2012,2013,2014,2015,-621,2016]],"type":"Polygon","properties":{"name":"Ünye","shapeGroup":"TUR","gid":"TUR-2-451"},"id":"TUR-2-451"},{"arcs":[[-1987,2017,2018,2019,2020,2021]],"type":"Polygon","properties":{"name":"Çarşamba","shapeGroup":"TUR","gid":"TUR-2-452"},"id":"TUR-2-452"},{"arcs":[[-1997,2022,2023,2024,2025,2026]],"type":"Polygon","properties":{"name":"Gürgentepe","shapeGroup":"TUR","gid":"TUR-2-453"},"id":"TUR-2-453"},{"arcs":[[-2025,2027,2028]],"type":"Polygon","properties":{"name":"Çamaş","shapeGroup":"TUR","gid":"TUR-2-454"},"id":"TUR-2-454"},{"arcs":[[-2015,2029,2030,-2026,-2029,2031,2032,2033]],"type":"Polygon","properties":{"name":"Fatsa","shapeGroup":"TUR","gid":"TUR-2-455"},"id":"TUR-2-455"},{"arcs":[[-2002,2034,2035,2036,2037,2038,2039]],"type":"Polygon","properties":{"name":"Altınordu","shapeGroup":"TUR","gid":"TUR-2-456"},"id":"TUR-2-456"},{"arcs":[[-2031,2040,-2037,2041]],"type":"Polygon","properties":{"name":"Perşembe","shapeGroup":"TUR","gid":"TUR-2-457"},"id":"TUR-2-457"},{"arcs":[[-2005,2042,2043,2044]],"type":"Polygon","properties":{"name":"Giresun District","shapeGroup":"TUR","gid":"TUR-2-458"},"id":"TUR-2-458"},{"arcs":[[-195,2045,2046,2047,2048,2049,2050]],"type":"Polygon","properties":{"name":"Görele","shapeGroup":"TUR","gid":"TUR-2-459"},"id":"TUR-2-459"},{"arcs":[[-190,-1056,2051,2052,2053]],"type":"Polygon","properties":{"name":"Araklı","shapeGroup":"TUR","gid":"TUR-2-460"},"id":"TUR-2-460"},{"arcs":[[-960,2054,2055,-1784,-1046,2056]],"type":"Polygon","properties":{"name":"Kovancılar","shapeGroup":"TUR","gid":"TUR-2-461"},"id":"TUR-2-461"},{"arcs":[[-896,-1182,2057,2058,-1143,-905]],"type":"Polygon","properties":{"name":"Aziziye","shapeGroup":"TUR","gid":"TUR-2-462"},"id":"TUR-2-462"},{"arcs":[[-435,2059,2060,2061]],"type":"Polygon","properties":{"name":"Ortahisar","shapeGroup":"TUR","gid":"TUR-2-463"},"id":"TUR-2-463"},{"arcs":[[-434,2062,2063,2064,2065,-2060]],"type":"Polygon","properties":{"name":"Akçaabat","shapeGroup":"TUR","gid":"TUR-2-464"},"id":"TUR-2-464"},{"arcs":[[-794,-1812,2066,2067,2068,2069,-796,2070]],"type":"Polygon","properties":{"name":"Rize merkezi","shapeGroup":"TUR","gid":"TUR-2-465"},"id":"TUR-2-465"},{"arcs":[[-1052,-1142,-1097,2071,-1374,-1376]],"type":"Polygon","properties":{"name":"Şiran","shapeGroup":"TUR","gid":"TUR-2-466"},"id":"TUR-2-466"},{"arcs":[[-929,2072,2073,-1057]],"type":"Polygon","properties":{"name":"Digor","shapeGroup":"TUR","gid":"TUR-2-467"},"id":"TUR-2-467"},{"arcs":[[-1950,2074,2075,2076,2077,2078,2079]],"type":"Polygon","properties":{"name":"Doğubayazıt","shapeGroup":"TUR","gid":"TUR-2-468"},"id":"TUR-2-468"},{"arcs":[[2080,2081,2082,2083,2084]],"type":"Polygon","properties":{"name":"Çıldır","shapeGroup":"TUR","gid":"TUR-2-469"},"id":"TUR-2-469"},{"arcs":[[-927,2085,2086]],"type":"Polygon","properties":{"name":"Akyaka","shapeGroup":"TUR","gid":"TUR-2-470"},"id":"TUR-2-470"},{"arcs":[[-451,2087,2088,2089,2090,-936]],"type":"Polygon","properties":{"name":"Altıntaş","shapeGroup":"TUR","gid":"TUR-2-471"},"id":"TUR-2-471"},{"arcs":[[-1154,-1934,-1280,2091,2092,2093]],"type":"Polygon","properties":{"name":"Lice","shapeGroup":"TUR","gid":"TUR-2-472"},"id":"TUR-2-472"},{"arcs":[[-1088,2094,-1834,-1825,-1831,-1852,2095]],"type":"Polygon","properties":{"name":"Saimbeyli","shapeGroup":"TUR","gid":"TUR-2-473"},"id":"TUR-2-473"},{"arcs":[[-10,-1618,2096,2097,2098,2099,2100]],"type":"Polygon","properties":{"name":"Alpu","shapeGroup":"TUR","gid":"TUR-2-474"},"id":"TUR-2-474"},{"arcs":[[-967,2101,-1335,-1179,-1216,-977]],"type":"Polygon","properties":{"name":"Narman","shapeGroup":"TUR","gid":"TUR-2-475"},"id":"TUR-2-475"},{"arcs":[[-209,-850,-311,2102,2103,2104,2105,-972,2106,2107]],"type":"Polygon","properties":{"name":"Karaman merkez","shapeGroup":"TUR","gid":"TUR-2-476"},"id":"TUR-2-476"},{"arcs":[[-1181,-1334,2108,-2058]],"type":"Polygon","properties":{"name":"Yakutiye","shapeGroup":"TUR","gid":"TUR-2-477"},"id":"TUR-2-477"},{"arcs":[[-999,-1364,2109,2110,2111,2112,-1946,2113,-1128]],"type":"Polygon","properties":{"name":"Gürpınar","shapeGroup":"TUR","gid":"TUR-2-478"},"id":"TUR-2-478"},{"arcs":[[-44,2114,-958,2115,2116,-1318,-1167]],"type":"Polygon","properties":{"name":"Çemişgezek","shapeGroup":"TUR","gid":"TUR-2-479"},"id":"TUR-2-479"},{"arcs":[[-236,2117,2118,-646,-346,2119,2120,2121,-992,2122,2123]],"type":"Polygon","properties":{"name":"Çorum merkez","shapeGroup":"TUR","gid":"TUR-2-480"},"id":"TUR-2-480"},{"arcs":[[-855,2124,2125,-1208,2126,2127,2128,2129]],"type":"Polygon","properties":{"name":"Çal","shapeGroup":"TUR","gid":"TUR-2-481"},"id":"TUR-2-481"},{"arcs":[[-260,-2006,-2045,2130,2131,-1242]],"type":"Polygon","properties":{"name":"Dereli","shapeGroup":"TUR","gid":"TUR-2-482"},"id":"TUR-2-482"},{"arcs":[[-43,-1339,2132,-2055,-959,-2115]],"type":"Polygon","properties":{"name":"Pertek","shapeGroup":"TUR","gid":"TUR-2-483"},"id":"TUR-2-483"},{"arcs":[[-191,-1354,2133,-1887,2134,-1878]],"type":"Polygon","properties":{"name":"Çayıralan","shapeGroup":"TUR","gid":"TUR-2-484"},"id":"TUR-2-484"},{"arcs":[[-13,-35,-1514,-802,-1357,2135]],"type":"Polygon","properties":{"name":"Çifteler","shapeGroup":"TUR","gid":"TUR-2-485"},"id":"TUR-2-485"},{"arcs":[[-1005,-1137,-1845,-1917,2136,2137,2138]],"type":"Polygon","properties":{"name":"Savur","shapeGroup":"TUR","gid":"TUR-2-486"},"id":"TUR-2-486"},{"arcs":[[-1037,2139,-2110,-1363,-1068]],"type":"Polygon","properties":{"name":"Edremit","shapeGroup":"TUR","gid":"TUR-2-487"},"id":"TUR-2-487"},{"arcs":[[-345,-1067,2140,2141,-2120]],"type":"Polygon","properties":{"name":"Mecitözü","shapeGroup":"TUR","gid":"TUR-2-488"},"id":"TUR-2-488"},{"arcs":[[-716,-744,-1752,2142,-1743,2143]],"type":"Polygon","properties":{"name":"Seben","shapeGroup":"TUR","gid":"TUR-2-489"},"id":"TUR-2-489"},{"arcs":[[-196,-2051,2144,2145,2146,-439,-1377,-1372,-2012,2147]],"type":"Polygon","properties":{"name":"Kürtün","shapeGroup":"TUR","gid":"TUR-2-490"},"id":"TUR-2-490"},{"arcs":[[-1324,-1903,-1915]],"type":"Polygon","properties":{"name":"Harran","shapeGroup":"TUR","gid":"TUR-2-491"},"id":"TUR-2-491"},{"arcs":[[-82,2148,2149,-1892,2150,2151,2152,-479,-225]],"type":"Polygon","properties":{"name":"İslahiye","shapeGroup":"TUR","gid":"TUR-2-492"},"id":"TUR-2-492"},{"arcs":[[[-869,2153,-1015,-1379,2154,2155,2156,2157]],[[2158]]],"type":"MultiPolygon","properties":{"name":"Gülşehir","shapeGroup":"TUR","gid":"TUR-2-493"},"id":"TUR-2-493"},{"arcs":[[-118,-210,-2108,2159]],"type":"Polygon","properties":{"name":"Mut","shapeGroup":"TUR","gid":"TUR-2-494"},"id":"TUR-2-494"},{"arcs":[[-1321,-1581,-1349,2160,2161,2162,2163,-1999]],"type":"Polygon","properties":{"name":"Divriği","shapeGroup":"TUR","gid":"TUR-2-495"},"id":"TUR-2-495"},{"arcs":[[-77,2164,2165,-717,-159,-939,2166]],"type":"Polygon","properties":{"name":"Bozüyük","shapeGroup":"TUR","gid":"TUR-2-496"},"id":"TUR-2-496"},{"arcs":[[-119,-2160,-2107,-971,2167,2168]],"type":"Polygon","properties":{"name":"Silifke","shapeGroup":"TUR","gid":"TUR-2-497"},"id":"TUR-2-497"},{"arcs":[[-1195,2169,2170,2171]],"type":"Polygon","properties":{"name":"Çekerek","shapeGroup":"TUR","gid":"TUR-2-498"},"id":"TUR-2-498"},{"arcs":[[-263,-1580,2172,-2163,2173,-1305,2174,2175]],"type":"Polygon","properties":{"name":"Zara","shapeGroup":"TUR","gid":"TUR-2-499"},"id":"TUR-2-499"},{"arcs":[[-863,-1127,2176,2177,-973,-2106,2178]],"type":"Polygon","properties":{"name":"Karapınar","shapeGroup":"TUR","gid":"TUR-2-500"},"id":"TUR-2-500"},{"arcs":[[-854,2179,2180,2181,2182,-2125]],"type":"Polygon","properties":{"name":"Ulubey","shapeGroup":"TUR","gid":"TUR-2-501"},"id":"TUR-2-501"},{"arcs":[[-333,-1218,2183,-1176,-894,-397,2184,2185,-807,-575]],"type":"Polygon","properties":{"name":"Yusufeli","shapeGroup":"TUR","gid":"TUR-2-502"},"id":"TUR-2-502"},{"arcs":[[-1266,2186,-2139,2187,2188,-1300,2189]],"type":"Polygon","properties":{"name":"Artuklu","shapeGroup":"TUR","gid":"TUR-2-503"},"id":"TUR-2-503"},{"arcs":[[-1476,2190,2191,2192]],"type":"Polygon","properties":{"name":"Beşiri","shapeGroup":"TUR","gid":"TUR-2-504"},"id":"TUR-2-504"},{"arcs":[[-231,-1117,2193,-2076,2194,-983]],"type":"Polygon","properties":{"name":"Taşlıçay","shapeGroup":"TUR","gid":"TUR-2-505"},"id":"TUR-2-505"},{"arcs":[[-698,2195,-1086,2196,2197,2198]],"type":"Polygon","properties":{"name":"Onikişubat","shapeGroup":"TUR","gid":"TUR-2-506"},"id":"TUR-2-506"},{"arcs":[[-68,-827,-777,2199,2200,-661,-1496,2201,2202]],"type":"Polygon","properties":{"name":"Korkuteli","shapeGroup":"TUR","gid":"TUR-2-507"},"id":"TUR-2-507"},{"arcs":[[-974,-2178,2203,-1224,2204,2205]],"type":"Polygon","properties":{"name":"Ereğli","shapeGroup":"TUR","gid":"TUR-2-508"},"id":"TUR-2-508"},{"arcs":[[-962,2206,2207,-1108,-1658,2208,2209]],"type":"Polygon","properties":{"name":"Maden","shapeGroup":"TUR","gid":"TUR-2-509"},"id":"TUR-2-509"},{"arcs":[[-875,2210,-1219,-2204,-2177,-1126]],"type":"Polygon","properties":{"name":"Emirgazi","shapeGroup":"TUR","gid":"TUR-2-510"},"id":"TUR-2-510"},{"arcs":[[-944,-1336,-2102,-966,-951]],"type":"Polygon","properties":{"name":"Köprüköy","shapeGroup":"TUR","gid":"TUR-2-511"},"id":"TUR-2-511"},{"arcs":[[-1837,2211,-1869,-1871,-1853,-1847,2212]],"type":"Polygon","properties":{"name":"İncesu","shapeGroup":"TUR","gid":"TUR-2-512"},"id":"TUR-2-512"},{"arcs":[[-467,-782,2213,2214,-1234,-1587,2215]],"type":"Polygon","properties":{"name":"Akhisar","shapeGroup":"TUR","gid":"TUR-2-513"},"id":"TUR-2-513"},{"arcs":[[-558,2216,2217,-1482,2218,2219,2220,2221]],"type":"Polygon","properties":{"name":"Manavgat","shapeGroup":"TUR","gid":"TUR-2-514"},"id":"TUR-2-514"},{"arcs":[[-708,2222,2223,-2191,-1475]],"type":"Polygon","properties":{"name":"Kurtalan","shapeGroup":"TUR","gid":"TUR-2-515"},"id":"TUR-2-515"},{"arcs":[[-1041,2224,2225,-1149]],"type":"Polygon","properties":{"name":"Adaklı","shapeGroup":"TUR","gid":"TUR-2-516"},"id":"TUR-2-516"},{"arcs":[[-864,-2179,-2105,2226,2227,-1384,2228,2229]],"type":"Polygon","properties":{"name":"Çumra","shapeGroup":"TUR","gid":"TUR-2-517"},"id":"TUR-2-517"},{"arcs":[[-771,2230,-1695,2231,2232,2233,2234,2235,2236,2237]],"type":"Polygon","properties":{"name":"Beyşehir","shapeGroup":"TUR","gid":"TUR-2-518"},"id":"TUR-2-518"},{"arcs":[[-1129,-2114,-1945,-1937,2238]],"type":"Polygon","properties":{"name":"Hakkari merkez","shapeGroup":"TUR","gid":"TUR-2-519"},"id":"TUR-2-519"},{"arcs":[[-349,2239,-373,-1474,-1966,2240,2241,2242]],"type":"Polygon","properties":{"name":"Tokat merkez","shapeGroup":"TUR","gid":"TUR-2-520"},"id":"TUR-2-520"},{"arcs":[[-539,-765,2243,-2168,-970]],"type":"Polygon","properties":{"name":"Erdemli","shapeGroup":"TUR","gid":"TUR-2-521"},"id":"TUR-2-521"},{"arcs":[[-990,2244,-1184,2245,2246,2247,2248]],"type":"Polygon","properties":{"name":"Bayat","shapeGroup":"TUR","gid":"TUR-2-522"},"id":"TUR-2-522"},{"arcs":[[-78,-2167,-938,2249,2250,-1803,2251,-1589,-858,-680]],"type":"Polygon","properties":{"name":"Tavşanlı","shapeGroup":"TUR","gid":"TUR-2-523"},"id":"TUR-2-523"},{"arcs":[[-391,2252,-595,2253,2254,-420,-746,2255]],"type":"Polygon","properties":{"name":"Kastamonu merkez","shapeGroup":"TUR","gid":"TUR-2-524"},"id":"TUR-2-524"},{"arcs":[[-374,2256,-995,2257,2258,2259,-1877]],"type":"Polygon","properties":{"name":"Yozgat merkez","shapeGroup":"TUR","gid":"TUR-2-525"},"id":"TUR-2-525"},{"arcs":[[-1304,2260,-1471,2261,-2175]],"type":"Polygon","properties":{"name":"Hafik","shapeGroup":"TUR","gid":"TUR-2-526"},"id":"TUR-2-526"},{"arcs":[[-865,-2230,2262,2263,-2235,2264,-1030]],"type":"Polygon","properties":{"name":"Meram","shapeGroup":"TUR","gid":"TUR-2-527"},"id":"TUR-2-527"},{"arcs":[[-297,2265,-364,-1528,-1237]],"type":"Polygon","properties":{"name":"Çay","shapeGroup":"TUR","gid":"TUR-2-528"},"id":"TUR-2-528"},{"arcs":[[-1021,2266,2267,2268]],"type":"Polygon","properties":{"name":"Silopi","shapeGroup":"TUR","gid":"TUR-2-529"},"id":"TUR-2-529"},{"arcs":[[-1351,-2260,2269,2270,-2171,2271]],"type":"Polygon","properties":{"name":"Sorgun","shapeGroup":"TUR","gid":"TUR-2-530"},"id":"TUR-2-530"},{"arcs":[[-594,2272,2273,-734,2274,-1309,2275,-2254]],"type":"Polygon","properties":{"name":"Taşköprü","shapeGroup":"TUR","gid":"TUR-2-531"},"id":"TUR-2-531"},{"arcs":[[-1353,2276,2277,-1962,-1956,-1888,-2134]],"type":"Polygon","properties":{"name":"Akdağmadeni","shapeGroup":"TUR","gid":"TUR-2-532"},"id":"TUR-2-532"},{"arcs":[[-1006,-2187,-1265,-1255]],"type":"Polygon","properties":{"name":"Mazıdağı","shapeGroup":"TUR","gid":"TUR-2-533"},"id":"TUR-2-533"},{"arcs":[[-1203,-1260,2278]],"type":"Polygon","properties":{"name":"Kızılören","shapeGroup":"TUR","gid":"TUR-2-534"},"id":"TUR-2-534"},{"arcs":[[-54,2279,2280,2281,-245,-845,-774,2282,2283,2284,-103,2285,2286]],"type":"Polygon","properties":{"name":"Acıpayam","shapeGroup":"TUR","gid":"TUR-2-535"},"id":"TUR-2-535"},{"arcs":[[-17,-1519,-1158,-1032,2287,-2233,2288,-109,-1789]],"type":"Polygon","properties":{"name":"Ilgın","shapeGroup":"TUR","gid":"TUR-2-536"},"id":"TUR-2-536"},{"arcs":[[-128,2289,-2181,2290,-324,-574,2291,2292,-252]],"type":"Polygon","properties":{"name":"Uşak merkez","shapeGroup":"TUR","gid":"TUR-2-537"},"id":"TUR-2-537"},{"arcs":[[-557,2293,2294,2295,2296,-2217]],"type":"Polygon","properties":{"name":"Akseki","shapeGroup":"TUR","gid":"TUR-2-538"},"id":"TUR-2-538"},{"arcs":[[-204,-572,-1317,-1231,-1590,-2252,-1806,2297,2298]],"type":"Polygon","properties":{"name":"Simav","shapeGroup":"TUR","gid":"TUR-2-539"},"id":"TUR-2-539"},{"arcs":[[-243,2299,2300,2301,-656,2302,2303,2304,2305]],"type":"Polygon","properties":{"name":"Burdur (merkez)","shapeGroup":"TUR","gid":"TUR-2-540"},"id":"TUR-2-540"},{"arcs":[[-11,-2101,2306,-29]],"type":"Polygon","properties":{"name":"Beylikova","shapeGroup":"TUR","gid":"TUR-2-541"},"id":"TUR-2-541"},{"arcs":[[-340,2307,-710,-2144,-1742,2308,-508]],"type":"Polygon","properties":{"name":"Bolu Merkez","shapeGroup":"TUR","gid":"TUR-2-542"},"id":"TUR-2-542"},{"arcs":[[-2198,2309,2310,2311,2312]],"type":"Polygon","properties":{"name":"Dulkadiroğlu","shapeGroup":"TUR","gid":"TUR-2-543"},"id":"TUR-2-543"},{"arcs":[[-422,2313,-2246,-1183]],"type":"Polygon","properties":{"name":"Yapraklı","shapeGroup":"TUR","gid":"TUR-2-544"},"id":"TUR-2-544"},{"arcs":[[-14,-2136,-1356,-447,-935,-1616]],"type":"Polygon","properties":{"name":"Seyitgazi","shapeGroup":"TUR","gid":"TUR-2-545"},"id":"TUR-2-545"},{"arcs":[[-355,2314,2315,2316,2317,2318]],"type":"Polygon","properties":{"name":"Şavşat","shapeGroup":"TUR","gid":"TUR-2-546"},"id":"TUR-2-546"},{"arcs":[[-501,-518,2319,-1594,-1591,-757,-1588]],"type":"Polygon","properties":{"name":"Mustafakemalpaşa","shapeGroup":"TUR","gid":"TUR-2-547"},"id":"TUR-2-547"},{"arcs":[[-269,2320,-1310,-2275,-733,-1969,-830,-1974,-1970,-832]],"type":"Polygon","properties":{"name":"Boyabat","shapeGroup":"TUR","gid":"TUR-2-548"},"id":"TUR-2-548"},{"arcs":[[-20,-1016,-2154,-868,2321]],"type":"Polygon","properties":{"name":"Ortaköy","shapeGroup":"TUR","gid":"TUR-2-549"},"id":"TUR-2-549"},{"arcs":[[-55,-2287,2322,-637,-585,2323,2324]],"type":"Polygon","properties":{"name":"Tavas","shapeGroup":"TUR","gid":"TUR-2-550"},"id":"TUR-2-550"},{"arcs":[[-640,-1387,2325,-2205,-1223,2326]],"type":"Polygon","properties":{"name":"Ulukisla","shapeGroup":"TUR","gid":"TUR-2-551"},"id":"TUR-2-551"},{"arcs":[[-318,2327,-686,-720,-1771,-1775]],"type":"Polygon","properties":{"name":"Orta","shapeGroup":"TUR","gid":"TUR-2-552"},"id":"TUR-2-552"},{"arcs":[[-409,-1380,-1013,-1953]],"type":"Polygon","properties":{"name":"Boztepe","shapeGroup":"TUR","gid":"TUR-2-553"},"id":"TUR-2-553"},{"arcs":[[-2081,2328,-2317,2329,2330]],"type":"Polygon","properties":{"name":"Hanak","shapeGroup":"TUR","gid":"TUR-2-554"},"id":"TUR-2-554"},{"arcs":[[-313,-852,-1483,-2218,-2297,-1381]],"type":"Polygon","properties":{"name":"Gündoğmuş","shapeGroup":"TUR","gid":"TUR-2-555"},"id":"TUR-2-555"},{"arcs":[[-5,2331,-1312,2332,-1977,-648,2333,2334]],"type":"Polygon","properties":{"name":"Osmancık","shapeGroup":"TUR","gid":"TUR-2-556"},"id":"TUR-2-556"},{"arcs":[[-678,2335,-1984,-1983,2336,2337,-1975]],"type":"Polygon","properties":{"name":"Bafra","shapeGroup":"TUR","gid":"TUR-2-557"},"id":"TUR-2-557"},{"arcs":[[-403,-1543,2338,-628,-695,-1537,2339]],"type":"Polygon","properties":{"name":"Yenice","shapeGroup":"TUR","gid":"TUR-2-558"},"id":"TUR-2-558"},{"arcs":[[-392,-2256,-745,-418,-689,2340,2341,-560,-651]],"type":"Polygon","properties":{"name":"Araç","shapeGroup":"TUR","gid":"TUR-2-559"},"id":"TUR-2-559"},{"arcs":[[-304,-984,-2195,-2075,-1949]],"type":"Polygon","properties":{"name":"Diyadin","shapeGroup":"TUR","gid":"TUR-2-560"},"id":"TUR-2-560"},{"arcs":[[-1342,-1479,-1933,2342]],"type":"Polygon","properties":{"name":"Sason","shapeGroup":"TUR","gid":"TUR-2-561"},"id":"TUR-2-561"},{"arcs":[[-657,-2201,2343,-2305,2344,2345,2346,2347,2348,-1502]],"type":"Polygon","properties":{"name":"Bucak","shapeGroup":"TUR","gid":"TUR-2-562"},"id":"TUR-2-562"},{"arcs":[[-921,-1907,2349,2350,2351]],"type":"Polygon","properties":{"name":"Darende","shapeGroup":"TUR","gid":"TUR-2-563"},"id":"TUR-2-563"},{"arcs":[[-69,-2203,2352,2353,2354]],"type":"Polygon","properties":{"name":"Elmalı","shapeGroup":"TUR","gid":"TUR-2-564"},"id":"TUR-2-564"},{"arcs":[[-474,2355,2356,-924,2357]],"type":"Polygon","properties":{"name":"Nurhak","shapeGroup":"TUR","gid":"TUR-2-565"},"id":"TUR-2-565"},{"arcs":[[-898,-914,-1807]],"type":"Polygon","properties":{"name":"Pazaryolu","shapeGroup":"TUR","gid":"TUR-2-566"},"id":"TUR-2-566"},{"arcs":[[-1348,2358,2359,-2351,2360,2361,-2161]],"type":"Polygon","properties":{"name":"Hekimhan","shapeGroup":"TUR","gid":"TUR-2-567"},"id":"TUR-2-567"},{"arcs":[[-1745,2362,2363,2364,2365,2366]],"type":"Polygon","properties":{"name":"Göynük","shapeGroup":"TUR","gid":"TUR-2-568"},"id":"TUR-2-568"},{"arcs":[[-306,-1952,2367,2368,-2112,2369]],"type":"Polygon","properties":{"name":"Özalp","shapeGroup":"TUR","gid":"TUR-2-569"},"id":"TUR-2-569"},{"arcs":[[-2236,-2264,2370,2371,2372,2373,-2295,2374]],"type":"Polygon","properties":{"name":"Seydişehir","shapeGroup":"TUR","gid":"TUR-2-570"},"id":"TUR-2-570"},{"arcs":[[-327,-1510,2375,-1459,2376,2377,2378,-1585,2379]],"type":"Polygon","properties":{"name":"Salihli","shapeGroup":"TUR","gid":"TUR-2-571"},"id":"TUR-2-571"},{"arcs":[[-475,-2358,-923,2380,-1910,2381,-1077,2382]],"type":"Polygon","properties":{"name":"Doğanşehir","shapeGroup":"TUR","gid":"TUR-2-572"},"id":"TUR-2-572"},{"arcs":[[-993,-2122,2383,2384,-2270,-2259,2385]],"type":"Polygon","properties":{"name":"Alaca","shapeGroup":"TUR","gid":"TUR-2-573"},"id":"TUR-2-573"},{"arcs":[[-329,-577,-356,-2319,2386,2387]],"type":"Polygon","properties":{"name":"Ardanuç","shapeGroup":"TUR","gid":"TUR-2-574"},"id":"TUR-2-574"},{"arcs":[[-380,-664,-843,2388,-1186,2389,-988]],"type":"Polygon","properties":{"name":"Sulakyurt","shapeGroup":"TUR","gid":"TUR-2-575"},"id":"TUR-2-575"},{"arcs":[[-483,2390,2391,2392,-522,-549,-817,-1829,-1832]],"type":"Polygon","properties":{"name":"Ceyhan","shapeGroup":"TUR","gid":"TUR-2-576"},"id":"TUR-2-576"},{"arcs":[[-157,-719,2393,2394,2395,-2097,-1617,-933]],"type":"Polygon","properties":{"name":"Tepebaşı","shapeGroup":"TUR","gid":"TUR-2-577"},"id":"TUR-2-577"},{"arcs":[[-421,-2255,-2276,-1314,2396,-2247,-2314]],"type":"Polygon","properties":{"name":"Tosya","shapeGroup":"TUR","gid":"TUR-2-578"},"id":"TUR-2-578"},{"arcs":[[-379,-1955,-382,-996,-2257]],"type":"Polygon","properties":{"name":"Yerköy","shapeGroup":"TUR","gid":"TUR-2-579"},"id":"TUR-2-579"},{"arcs":[[-37,-1277,-963,-2210,2397,-142]],"type":"Polygon","properties":{"name":"Sivrice","shapeGroup":"TUR","gid":"TUR-2-580"},"id":"TUR-2-580"},{"arcs":[[-1110,2398,2399,2400,2401,-1929,2402]],"type":"Polygon","properties":{"name":"Dicle","shapeGroup":"TUR","gid":"TUR-2-581"},"id":"TUR-2-581"},{"arcs":[[-92,2403,-1697,-773,2404,-2347,2405,-654,2406]],"type":"Polygon","properties":{"name":"Eğirdir","shapeGroup":"TUR","gid":"TUR-2-582"},"id":"TUR-2-582"},{"arcs":[[-961,-2057,-1045,-1157,2407,2408,-2207]],"type":"Polygon","properties":{"name":"Palu","shapeGroup":"TUR","gid":"TUR-2-583"},"id":"TUR-2-583"},{"arcs":[[-296,-487,2409,-2088,-450,-792,2410,-365,-2266]],"type":"Polygon","properties":{"name":"Afyonkarahisar (Merkez İlçe)","shapeGroup":"TUR","gid":"TUR-2-584"},"id":"TUR-2-584"},{"arcs":[[-2,-1768,-1211,-430,2411,2412]],"type":"Polygon","properties":{"name":"Oğuzeli","shapeGroup":"TUR","gid":"TUR-2-585"},"id":"TUR-2-585"},{"arcs":[[-880,-1332,2413,2414,-1656]],"type":"Polygon","properties":{"name":"Gerger","shapeGroup":"TUR","gid":"TUR-2-586"},"id":"TUR-2-586"},{"arcs":[[-64,-147,2415,-2284,2416]],"type":"Polygon","properties":{"name":"Çameli","shapeGroup":"TUR","gid":"TUR-2-587"},"id":"TUR-2-587"},{"arcs":[[-88,2417,2418,2419,2420,-1204,-2279,-1259,-293]],"type":"Polygon","properties":{"name":"Dinar","shapeGroup":"TUR","gid":"TUR-2-588"},"id":"TUR-2-588"},{"arcs":[[-1558,2421,2422,2423,2424]],"type":"Polygon","properties":{"name":"Babaeski","shapeGroup":"TUR","gid":"TUR-2-589"},"id":"TUR-2-589"},{"arcs":[[-477,2425,-1083,2426,-738,2427]],"type":"Polygon","properties":{"name":"Besni","shapeGroup":"TUR","gid":"TUR-2-590"},"id":"TUR-2-590"},{"arcs":[[-478,-2428,-737,-767,-1215,2428,2429,-2312,2430]],"type":"Polygon","properties":{"name":"Pazarcık","shapeGroup":"TUR","gid":"TUR-2-591"},"id":"TUR-2-591"},{"arcs":[[-348,-1064,2431,2432,-623,-366,-2240]],"type":"Polygon","properties":{"name":"Erbaa","shapeGroup":"TUR","gid":"TUR-2-592"},"id":"TUR-2-592"},{"arcs":[[-330,-2388,2433,-665,-932,-1340,-1190]],"type":"Polygon","properties":{"name":"Göle","shapeGroup":"TUR","gid":"TUR-2-593"},"id":"TUR-2-593"},{"arcs":[[-1058,-2074,2434,2435,-2077,-2194,-1116]],"type":"Polygon","properties":{"name":"Tuzluca","shapeGroup":"TUR","gid":"TUR-2-594"},"id":"TUR-2-594"},{"arcs":[[-666,-2434,-2387,-2318,-2329,-2085,2436]],"type":"Polygon","properties":{"name":"Ardahan","shapeGroup":"TUR","gid":"TUR-2-595"},"id":"TUR-2-595"},{"arcs":[[-81,2437,-2429,-1214,2438,-2149]],"type":"Polygon","properties":{"name":"Nurdağı","shapeGroup":"TUR","gid":"TUR-2-596"},"id":"TUR-2-596"},{"arcs":[[-211,-588,2439,-239,2440,2441,2442]],"type":"Polygon","properties":{"name":"Sarayköy","shapeGroup":"TUR","gid":"TUR-2-597"},"id":"TUR-2-597"},{"arcs":[[-117,-736,-178,2443,-1293,-1556]],"type":"Polygon","properties":{"name":"Malkara","shapeGroup":"TUR","gid":"TUR-2-598"},"id":"TUR-2-598"},{"arcs":[[-1135,-1283,-1477,-2193,2444,-1841]],"type":"Polygon","properties":{"name":"Batman Merkez","shapeGroup":"TUR","gid":"TUR-2-599"},"id":"TUR-2-599"},{"arcs":[[-8,-237,-2124,2445,-2248,-2397,-1313,-2332]],"type":"Polygon","properties":{"name":"İskilip","shapeGroup":"TUR","gid":"TUR-2-600"},"id":"TUR-2-600"},{"arcs":[[-2078,-2436,2446,2447,2448]],"type":"Polygon","properties":{"name":"Iğdır (merkez)","shapeGroup":"TUR","gid":"TUR-2-601"},"id":"TUR-2-601"},{"arcs":[[-642,2449,-1105,-1823,-815,-1303]],"type":"Polygon","properties":{"name":"Aladağ","shapeGroup":"TUR","gid":"TUR-2-602"},"id":"TUR-2-602"},{"arcs":[[-325,-2291,-2180,-853,2450,2451,-1507]],"type":"Polygon","properties":{"name":"Eşme","shapeGroup":"TUR","gid":"TUR-2-603"},"id":"TUR-2-603"},{"arcs":[[-772,-2238,2452,-2221,2453,-2348,-2405]],"type":"Polygon","properties":{"name":"Sütçüler","shapeGroup":"TUR","gid":"TUR-2-604"},"id":"TUR-2-604"},{"arcs":[[-629,-2339,-1542,2454,-1545,-691]],"type":"Polygon","properties":{"name":"Gönen","shapeGroup":"TUR","gid":"TUR-2-605"},"id":"TUR-2-605"},{"arcs":[[-937,-2091,2455,2456,-2250]],"type":"Polygon","properties":{"name":"Aslanapa","shapeGroup":"TUR","gid":"TUR-2-606"},"id":"TUR-2-606"},{"arcs":[[-253,-2293,2457,2458,2459,-2456,-2090]],"type":"Polygon","properties":{"name":"Gediz Merkez","shapeGroup":"TUR","gid":"TUR-2-607"},"id":"TUR-2-607"},{"arcs":[[-76,-684,-1603,2460,-550,-530,2461,-2165]],"type":"Polygon","properties":{"name":"İnegöl","shapeGroup":"TUR","gid":"TUR-2-608"},"id":"TUR-2-608"},{"arcs":[[-667,-2437,-2084,2462,-2086,-926]],"type":"Polygon","properties":{"name":"Arpaçay","shapeGroup":"TUR","gid":"TUR-2-609"},"id":"TUR-2-609"},{"arcs":[[-697,-1835,-2095,-1087,-2196]],"type":"Polygon","properties":{"name":"Andırın","shapeGroup":"TUR","gid":"TUR-2-610"},"id":"TUR-2-610"},{"arcs":[[-641,-2327,-1222,2463,-1106,-2450]],"type":"Polygon","properties":{"name":"Çamardı","shapeGroup":"TUR","gid":"TUR-2-611"},"id":"TUR-2-611"},{"arcs":[[-702,-1577,2464,-1567,2465]],"type":"Polygon","properties":{"name":"Vize","shapeGroup":"TUR","gid":"TUR-2-612"},"id":"TUR-2-612"},{"arcs":[[-407,2466,-2155,-1378]],"type":"Polygon","properties":{"name":"Hacıbektaş","shapeGroup":"TUR","gid":"TUR-2-613"},"id":"TUR-2-613"},{"arcs":[[-1840,2467,2468,-2157,2469]],"type":"Polygon","properties":{"name":"Nevşehir merkez","shapeGroup":"TUR","gid":"TUR-2-614"},"id":"TUR-2-614"},{"arcs":[[-922,-2352,-2360,2470,-1911,-2381]],"type":"Polygon","properties":{"name":"Akçadağ","shapeGroup":"TUR","gid":"TUR-2-615"},"id":"TUR-2-615"},{"arcs":[[-167,2471,2472,2473,-1747,2474,2475,2476]],"type":"Polygon","properties":{"name":"Hendek","shapeGroup":"TUR","gid":"TUR-2-616"},"id":"TUR-2-616"},{"arcs":[[-1906,2477,-2361,-2350]],"type":"Polygon","properties":{"name":"Kuluncak","shapeGroup":"TUR","gid":"TUR-2-617"},"id":"TUR-2-617"},{"arcs":[[-139,-404,-2340,-1536,2478,2479]],"type":"Polygon","properties":{"name":"Bayramiç","shapeGroup":"TUR","gid":"TUR-2-618"},"id":"TUR-2-618"},{"arcs":[[-1338,2480,-1785,-2056,-2133]],"type":"Polygon","properties":{"name":"Mazgirt","shapeGroup":"TUR","gid":"TUR-2-619"},"id":"TUR-2-619"},{"arcs":[[-228,-251,2481,-551,-2461,-1602]],"type":"Polygon","properties":{"name":"Kestel","shapeGroup":"TUR","gid":"TUR-2-620"},"id":"TUR-2-620"},{"arcs":[[-376,-1876,2482,-405]],"type":"Polygon","properties":{"name":"Yenifakılı","shapeGroup":"TUR","gid":"TUR-2-621"},"id":"TUR-2-621"},{"arcs":[[-808,-2186,2483,2484]],"type":"Polygon","properties":{"name":"Fındıklı","shapeGroup":"TUR","gid":"TUR-2-622"},"id":"TUR-2-622"},{"arcs":[[-925,-2357,-2310,-2197,-1085]],"type":"Polygon","properties":{"name":"Ekinözü","shapeGroup":"TUR","gid":"TUR-2-623"},"id":"TUR-2-623"},{"arcs":[[-1273,-1897,-1912,-2471,-2359,-1347]],"type":"Polygon","properties":{"name":"Yazıhan","shapeGroup":"TUR","gid":"TUR-2-624"},"id":"TUR-2-624"},{"arcs":[[-671,2485,-841,2486]],"type":"Polygon","properties":{"name":"Yahşihan","shapeGroup":"TUR","gid":"TUR-2-625"},"id":"TUR-2-625"},{"arcs":[[-722,2487,-1188,2488]],"type":"Polygon","properties":{"name":"Eldivan","shapeGroup":"TUR","gid":"TUR-2-626"},"id":"TUR-2-626"},{"arcs":[[-1382,-2296,-2374,2489,-2372,2490]],"type":"Polygon","properties":{"name":"Ahırlı","shapeGroup":"TUR","gid":"TUR-2-627"},"id":"TUR-2-627"},{"arcs":[[-1827,-1833]],"type":"Polygon","properties":{"name":"Sumbas","shapeGroup":"TUR","gid":"TUR-2-628"},"id":"TUR-2-628"},{"arcs":[[-652,-2302,2491,2492,2493]],"type":"Polygon","properties":{"name":"Gönen","shapeGroup":"TUR","gid":"TUR-2-629"},"id":"TUR-2-629"},{"arcs":[[-160,2494,2495,-480,-2153,2496]],"type":"Polygon","properties":{"name":"Dörtyol","shapeGroup":"TUR","gid":"TUR-2-630"},"id":"TUR-2-630"},{"arcs":[[-614,2497,2498]],"type":"Polygon","properties":{"name":"Reyhanlı","shapeGroup":"TUR","gid":"TUR-2-631"},"id":"TUR-2-631"},{"arcs":[[-655,-2406,-2346,2499,-2303]],"type":"Polygon","properties":{"name":"Ağlasun","shapeGroup":"TUR","gid":"TUR-2-632"},"id":"TUR-2-632"},{"arcs":[[-1746,-2367,2500,2501,2502,2503,-2475]],"type":"Polygon","properties":{"name":"Akyazı","shapeGroup":"TUR","gid":"TUR-2-633"},"id":"TUR-2-633"},{"arcs":[[-1352,-2272,2504,-2277]],"type":"Polygon","properties":{"name":"Saraykent","shapeGroup":"TUR","gid":"TUR-2-634"},"id":"TUR-2-634"},{"arcs":[[-424,-1189,-2488,-721,-685]],"type":"Polygon","properties":{"name":"Korgun","shapeGroup":"TUR","gid":"TUR-2-635"},"id":"TUR-2-635"},{"arcs":[[-198,2505,-1762,-289,-1776,-1769]],"type":"Polygon","properties":{"name":"Kahramankazan","shapeGroup":"TUR","gid":"TUR-2-636"},"id":"TUR-2-636"},{"arcs":[[-1290,-1555,2506,2507,-2423,2508]],"type":"Polygon","properties":{"name":"Havsa","shapeGroup":"TUR","gid":"TUR-2-637"},"id":"TUR-2-637"},{"arcs":[[[2509]],[[-1466,2510,2511,-1530,2512]]],"type":"MultiPolygon","properties":{"name":"Ayvalık","shapeGroup":"TUR","gid":"TUR-2-638"},"id":"TUR-2-638"},{"arcs":[[-659,-1505,-1499,-1491]],"type":"Polygon","properties":{"name":"Kepez","shapeGroup":"TUR","gid":"TUR-2-639"},"id":"TUR-2-639"},{"arcs":[[-529,-2166,-2462]],"type":"Polygon","properties":{"name":"Pazaryeri","shapeGroup":"TUR","gid":"TUR-2-640"},"id":"TUR-2-640"},{"arcs":[[-1066,-1196,2513,2514,-2141]],"type":"Polygon","properties":{"name":"Göynücek","shapeGroup":"TUR","gid":"TUR-2-641"},"id":"TUR-2-641"},{"arcs":[[-473,-2431,-2311,-2356]],"type":"Polygon","properties":{"name":"Çağlayancerit","shapeGroup":"TUR","gid":"TUR-2-642"},"id":"TUR-2-642"},{"arcs":[[-416,-1485,-563,-440]],"type":"Polygon","properties":{"name":"Kavaklıdere","shapeGroup":"TUR","gid":"TUR-2-643"},"id":"TUR-2-643"},{"arcs":[[-965,-1276,-1583,2515,-2116]],"type":"Polygon","properties":{"name":"Keban","shapeGroup":"TUR","gid":"TUR-2-644"},"id":"TUR-2-644"},{"arcs":[[-74,-445,-788,2516,2517,-1455,-129]],"type":"Polygon","properties":{"name":"Efeler","shapeGroup":"TUR","gid":"TUR-2-645"},"id":"TUR-2-645"},{"arcs":[[-188,2518,2519,-1808,-912,2520,-1048]],"type":"Polygon","properties":{"name":"Çaykara","shapeGroup":"TUR","gid":"TUR-2-646"},"id":"TUR-2-646"},{"arcs":[[-316,2521,-2341,-688,2522]],"type":"Polygon","properties":{"name":"Bayramören","shapeGroup":"TUR","gid":"TUR-2-647"},"id":"TUR-2-647"},{"arcs":[[-1123,-1254,-1174,-1367]],"type":"Polygon","properties":{"name":"Üzümlü","shapeGroup":"TUR","gid":"TUR-2-648"},"id":"TUR-2-648"},{"arcs":[[-520,2523,-1813,-1301,-546]],"type":"Polygon","properties":{"name":"Çukurova","shapeGroup":"TUR","gid":"TUR-2-649"},"id":"TUR-2-649"},{"arcs":[[-542,-1638,2524,-2501,-2366]],"type":"Polygon","properties":{"name":"Taraklı","shapeGroup":"TUR","gid":"TUR-2-650"},"id":"TUR-2-650"},{"arcs":[[-942,-1226,-1144,-2059,-2109,-1333]],"type":"Polygon","properties":{"name":"Palandöken","shapeGroup":"TUR","gid":"TUR-2-651"},"id":"TUR-2-651"},{"arcs":[[-274,-1978,-2333,-1311,-2321]],"type":"Polygon","properties":{"name":"Saraydüzü","shapeGroup":"TUR","gid":"TUR-2-652"},"id":"TUR-2-652"},{"arcs":[[-267,-1998,-2027,-2042,-2036,2525]],"type":"Polygon","properties":{"name":"Ulubey","shapeGroup":"TUR","gid":"TUR-2-653"},"id":"TUR-2-653"},{"arcs":[[-956,2526,-1025,-1258]],"type":"Polygon","properties":{"name":"Karaçoban","shapeGroup":"TUR","gid":"TUR-2-654"},"id":"TUR-2-654"},{"arcs":[[-593,2527,2528,2529,2530,-2273]],"type":"Polygon","properties":{"name":"Çatalzeytin","shapeGroup":"TUR","gid":"TUR-2-655"},"id":"TUR-2-655"},{"arcs":[[-429,2531,2532,-2412]],"type":"Polygon","properties":{"name":"Karkamış","shapeGroup":"TUR","gid":"TUR-2-656"},"id":"TUR-2-656"},{"arcs":[[2533]],"type":"Polygon","properties":{"name":"Imbros","shapeGroup":"TUR","gid":"TUR-2-657"},"id":"TUR-2-657"},{"arcs":[[-80,-699,-2199,-2313,-2430,-2438]],"type":"Polygon","properties":{"name":"Türkoğlu","shapeGroup":"TUR","gid":"TUR-2-658"},"id":"TUR-2-658"},{"arcs":[[-1031,-2265,-2234,-2288]],"type":"Polygon","properties":{"name":"Derbent","shapeGroup":"TUR","gid":"TUR-2-659"},"id":"TUR-2-659"},{"arcs":[[-212,-2443,2534,-2324]],"type":"Polygon","properties":{"name":"Merkezefendi","shapeGroup":"TUR","gid":"TUR-2-660"},"id":"TUR-2-660"},{"arcs":[[-1010,-1263,-1271,2535]],"type":"Polygon","properties":{"name":"Akpınar","shapeGroup":"TUR","gid":"TUR-2-661"},"id":"TUR-2-661"},{"arcs":[[-543,-2365,2536,2537,2538]],"type":"Polygon","properties":{"name":"Yenipazar","shapeGroup":"TUR","gid":"TUR-2-662"},"id":"TUR-2-662"},{"arcs":[[-443,-1400,-783]],"type":"Polygon","properties":{"name":"Karpuzlu","shapeGroup":"TUR","gid":"TUR-2-663"},"id":"TUR-2-663"},{"arcs":[[-369,2539,-2033,2540,2541,2542,-1991]],"type":"Polygon","properties":{"name":"Korgan","shapeGroup":"TUR","gid":"TUR-2-664"},"id":"TUR-2-664"},{"arcs":[[-86,2543,2544,-762,2545,-455,-596]],"type":"Polygon","properties":{"name":"Zonguldak merkez","shapeGroup":"TUR","gid":"TUR-2-665"},"id":"TUR-2-665"},{"arcs":[[-556,-2222,-2453,-2237,-2375,-2294]],"type":"Polygon","properties":{"name":"Derebucak","shapeGroup":"TUR","gid":"TUR-2-666"},"id":"TUR-2-666"},{"arcs":[[-505,2546,2547,2548,2549,-846]],"type":"Polygon","properties":{"name":"Doğanyurt","shapeGroup":"TUR","gid":"TUR-2-667"},"id":"TUR-2-667"},{"arcs":[[-66,2550,-825]],"type":"Polygon","properties":{"name":"Altınyayla","shapeGroup":"TUR","gid":"TUR-2-668"},"id":"TUR-2-668"},{"arcs":[[-1307,2551,2552,-1959,2553]],"type":"Polygon","properties":{"name":"Altınyayla","shapeGroup":"TUR","gid":"TUR-2-669"},"id":"TUR-2-669"},{"arcs":[[-1383,-2491,-2371,-2263,-2229]],"type":"Polygon","properties":{"name":"Akören","shapeGroup":"TUR","gid":"TUR-2-670"},"id":"TUR-2-670"},{"arcs":[[-194,2554,-2010,2555,-2046]],"type":"Polygon","properties":{"name":"Tirebolu","shapeGroup":"TUR","gid":"TUR-2-671"},"id":"TUR-2-671"},{"arcs":[[-1989,2556,2557,2558,2559]],"type":"Polygon","properties":{"name":"Canik","shapeGroup":"TUR","gid":"TUR-2-672"},"id":"TUR-2-672"},{"arcs":[[-2316,2560,2561,-2330]],"type":"Polygon","properties":{"name":"Posof","shapeGroup":"TUR","gid":"TUR-2-673"},"id":"TUR-2-673"},{"arcs":[[-317,-2523,-687,-2328]],"type":"Polygon","properties":{"name":"Atkaracalar","shapeGroup":"TUR","gid":"TUR-2-674"},"id":"TUR-2-674"},{"arcs":[[-909,2562,-1138,-1050]],"type":"Polygon","properties":{"name":"Köse","shapeGroup":"TUR","gid":"TUR-2-675"},"id":"TUR-2-675"},{"arcs":[[-368,-622,-2016,-2034,-2540]],"type":"Polygon","properties":{"name":"Kumru","shapeGroup":"TUR","gid":"TUR-2-676"},"id":"TUR-2-676"},{"arcs":[[-544,-2539,2563,-2394,-718]],"type":"Polygon","properties":{"name":"İnhisar","shapeGroup":"TUR","gid":"TUR-2-677"},"id":"TUR-2-677"},{"arcs":[[-481,-2496,2564,2565,-2392,2566]],"type":"Polygon","properties":{"name":"Erzin","shapeGroup":"TUR","gid":"TUR-2-678"},"id":"TUR-2-678"},{"arcs":[[-1809,-2520,2567,2568]],"type":"Polygon","properties":{"name":"Hayrat","shapeGroup":"TUR","gid":"TUR-2-679"},"id":"TUR-2-679"},{"arcs":[[-726,2569,-2557,-1988,-2022,2570,2571]],"type":"Polygon","properties":{"name":"Asarcık","shapeGroup":"TUR","gid":"TUR-2-680"},"id":"TUR-2-680"},{"arcs":[[-91,-1241,-1698,-2404]],"type":"Polygon","properties":{"name":"Gelendost","shapeGroup":"TUR","gid":"TUR-2-681"},"id":"TUR-2-681"},{"arcs":[[-1252,2572,-1786,-2481,-1337]],"type":"Polygon","properties":{"name":"Nazımiye","shapeGroup":"TUR","gid":"TUR-2-682"},"id":"TUR-2-682"},{"arcs":[[-358,-576,-806,2573]],"type":"Polygon","properties":{"name":"Murgul","shapeGroup":"TUR","gid":"TUR-2-683"},"id":"TUR-2-683"},{"arcs":[[-1460,-2376,-1509,-1488,-1506]],"type":"Polygon","properties":{"name":"Kiraz","shapeGroup":"TUR","gid":"TUR-2-684"},"id":"TUR-2-684"},{"arcs":[[-509,-2309,-1741,-604]],"type":"Polygon","properties":{"name":"Kaynaşlı","shapeGroup":"TUR","gid":"TUR-2-685"},"id":"TUR-2-685"},{"arcs":[[-1072,-1358,-1345,2574,2575,-1285]],"type":"Polygon","properties":{"name":"Güroymak","shapeGroup":"TUR","gid":"TUR-2-686"},"id":"TUR-2-686"},{"arcs":[[-989,-2390,-1185,-2245]],"type":"Polygon","properties":{"name":"Kızılırmak","shapeGroup":"TUR","gid":"TUR-2-687"},"id":"TUR-2-687"},{"arcs":[[-2395,-2564,-2538,2576]],"type":"Polygon","properties":{"name":"Mihalgazi","shapeGroup":"TUR","gid":"TUR-2-688"},"id":"TUR-2-688"},{"arcs":[[-65,-2417,-2283,-779,-826,-2551]],"type":"Polygon","properties":{"name":"Gölhisar","shapeGroup":"TUR","gid":"TUR-2-689"},"id":"TUR-2-689"},{"arcs":[[-197,-2148,-2011,-2555]],"type":"Polygon","properties":{"name":"Güce","shapeGroup":"TUR","gid":"TUR-2-690"},"id":"TUR-2-690"},{"arcs":[[-1079,2577,-1908,-1895,2578,-1331]],"type":"Polygon","properties":{"name":"Sincik","shapeGroup":"TUR","gid":"TUR-2-691"},"id":"TUR-2-691"},{"arcs":[[-2049,2579,2580,2581,-2146,2582]],"type":"Polygon","properties":{"name":"Şalpazarı","shapeGroup":"TUR","gid":"TUR-2-692"},"id":"TUR-2-692"},{"arcs":[[-310,-1385,-2228,2583,-2103]],"type":"Polygon","properties":{"name":"Güneysınır","shapeGroup":"TUR","gid":"TUR-2-693"},"id":"TUR-2-693"},{"arcs":[[-6,-2335,2584,-2118,-235]],"type":"Polygon","properties":{"name":"Laçin","shapeGroup":"TUR","gid":"TUR-2-694"},"id":"TUR-2-694"},{"arcs":[[-476,-2383,-1084,-2426]],"type":"Polygon","properties":{"name":"Tut","shapeGroup":"TUR","gid":"TUR-2-695"},"id":"TUR-2-695"},{"arcs":[[-908,2585,-1368,-1139,-2563]],"type":"Polygon","properties":{"name":"Demirözü","shapeGroup":"TUR","gid":"TUR-2-696"},"id":"TUR-2-696"},{"arcs":[[-186,-2054,2586,2587]],"type":"Polygon","properties":{"name":"Sürmene","shapeGroup":"TUR","gid":"TUR-2-697"},"id":"TUR-2-697"},{"arcs":[[-248,-1165,-1792,-2223,-707,-1913]],"type":"Polygon","properties":{"name":"Siirt (merkez)","shapeGroup":"TUR","gid":"TUR-2-698"},"id":"TUR-2-698"},{"arcs":[[-240,-2440,-587,-412,-1490,2588,2589]],"type":"Polygon","properties":{"name":"Kuyucak","shapeGroup":"TUR","gid":"TUR-2-699"},"id":"TUR-2-699"},{"arcs":[[-208,-753,-851]],"type":"Polygon","properties":{"name":"Başyayla","shapeGroup":"TUR","gid":"TUR-2-700"},"id":"TUR-2-700"},{"arcs":[[-819,-1538,-1235,-2215,2590]],"type":"Polygon","properties":{"name":"Kırkağaç","shapeGroup":"TUR","gid":"TUR-2-701"},"id":"TUR-2-701"},{"arcs":[[-432,-2147,-2582,2591,2592,2593]],"type":"Polygon","properties":{"name":"Tonya","shapeGroup":"TUR","gid":"TUR-2-702"},"id":"TUR-2-702"},{"arcs":[[-2008,2594,-2131,-2044,2595]],"type":"Polygon","properties":{"name":"Keşap","shapeGroup":"TUR","gid":"TUR-2-703"},"id":"TUR-2-703"},{"arcs":[[-526,-555,-603,-1628,2596,-1632,-540]],"type":"Polygon","properties":{"name":"Osmaneli","shapeGroup":"TUR","gid":"TUR-2-704"},"id":"TUR-2-704"},{"arcs":[[-436,-2062,2597,2598,-1054]],"type":"Polygon","properties":{"name":"Yomra","shapeGroup":"TUR","gid":"TUR-2-705"},"id":"TUR-2-705"},{"arcs":[[-1111,-2403,-1928,2599]],"type":"Polygon","properties":{"name":"Eğil","shapeGroup":"TUR","gid":"TUR-2-706"},"id":"TUR-2-706"},{"arcs":[[-1040,-1788,2600,-1250,2601,-2225]],"type":"Polygon","properties":{"name":"Kiğı","shapeGroup":"TUR","gid":"TUR-2-707"},"id":"TUR-2-707"},{"arcs":[[-1113,2602,2603]],"type":"Polygon","properties":{"name":"Kayapınar","shapeGroup":"TUR","gid":"TUR-2-708"},"id":"TUR-2-708"},{"arcs":[[-222,2604,-1634,2605,-1629]],"type":"Polygon","properties":{"name":"Sapanca","shapeGroup":"TUR","gid":"TUR-2-709"},"id":"TUR-2-709"},{"arcs":[[-143,-2398,-2209,-1657,-2415,2606]],"type":"Polygon","properties":{"name":"Çüngüş","shapeGroup":"TUR","gid":"TUR-2-710"},"id":"TUR-2-710"},{"arcs":[[-997,-1163,-1392,-1361]],"type":"Polygon","properties":{"name":"Bahçesaray","shapeGroup":"TUR","gid":"TUR-2-711"},"id":"TUR-2-711"},{"arcs":[[-611,-1802,-1821,-635]],"type":"Polygon","properties":{"name":"Belen","shapeGroup":"TUR","gid":"TUR-2-712"},"id":"TUR-2-712"},{"arcs":[[-911,-1049,-2521]],"type":"Polygon","properties":{"name":"Aydıntepe","shapeGroup":"TUR","gid":"TUR-2-713"},"id":"TUR-2-713"},{"arcs":[[-1194,2607,-1963,-2278,-2505,-2170]],"type":"Polygon","properties":{"name":"Kadışehri","shapeGroup":"TUR","gid":"TUR-2-714"},"id":"TUR-2-714"},{"arcs":[[-1023,2608,-1921,-1925,-1790]],"type":"Polygon","properties":{"name":"Güçlükonak","shapeGroup":"TUR","gid":"TUR-2-715"},"id":"TUR-2-715"},{"arcs":[[-238,-2590,2609,-2451,-857,2610,-2441]],"type":"Polygon","properties":{"name":"Buldan","shapeGroup":"TUR","gid":"TUR-2-716"},"id":"TUR-2-716"},{"arcs":[[-469,2611,-2378,2612]],"type":"Polygon","properties":{"name":"Ahmetli","shapeGroup":"TUR","gid":"TUR-2-717"},"id":"TUR-2-717"},{"arcs":[[-874,-917,-1220,-2211]],"type":"Polygon","properties":{"name":"Altunhisar","shapeGroup":"TUR","gid":"TUR-2-718"},"id":"TUR-2-718"},{"arcs":[[-343,2613,-729,-1062]],"type":"Polygon","properties":{"name":"Suluova","shapeGroup":"TUR","gid":"TUR-2-719"},"id":"TUR-2-719"},{"arcs":[[-1096,2614,-1245,-1375,-2072]],"type":"Polygon","properties":{"name":"Çamoluk","shapeGroup":"TUR","gid":"TUR-2-720"},"id":"TUR-2-720"},{"arcs":[[-1780,-1783,2615,2616]],"type":"Polygon","properties":{"name":"Kurucaşile","shapeGroup":"TUR","gid":"TUR-2-721"},"id":"TUR-2-721"},{"arcs":[[-168,2617,2618]],"type":"Polygon","properties":{"name":"Ferizli","shapeGroup":"TUR","gid":"TUR-2-722"},"id":"TUR-2-722"},{"arcs":[[-395,2619,-798,2620,2621]],"type":"Polygon","properties":{"name":"Pazar","shapeGroup":"TUR","gid":"TUR-2-723"},"id":"TUR-2-723"},{"arcs":[[-1121,-1225,-1150,-2226,-2602,-1249]],"type":"Polygon","properties":{"name":"Yedisu","shapeGroup":"TUR","gid":"TUR-2-724"},"id":"TUR-2-724"},{"arcs":[[-433,-2594,2622,-2063]],"type":"Polygon","properties":{"name":"Düzköy","shapeGroup":"TUR","gid":"TUR-2-725"},"id":"TUR-2-725"},{"arcs":[[-1531,-2512,2623]],"type":"Polygon","properties":{"name":"Gömeç","shapeGroup":"TUR","gid":"TUR-2-726"},"id":"TUR-2-726"},{"arcs":[[-613,-634,2624,-2498]],"type":"Polygon","properties":{"name":"Kumlu","shapeGroup":"TUR","gid":"TUR-2-727"},"id":"TUR-2-727"},{"arcs":[[-975,-2206,-2326,-1386]],"type":"Polygon","properties":{"name":"Halkapınar","shapeGroup":"TUR","gid":"TUR-2-728"},"id":"TUR-2-728"},{"arcs":[[-21,-2322,-867,-45]],"type":"Polygon","properties":{"name":"Ağaçören","shapeGroup":"TUR","gid":"TUR-2-729"},"id":"TUR-2-729"},{"arcs":[[-2064,-2623,-2593,2625,2626,2627]],"type":"Polygon","properties":{"name":"Vakfıkebir","shapeGroup":"TUR","gid":"TUR-2-730"},"id":"TUR-2-730"},{"arcs":[[-795,-2071]],"type":"Polygon","properties":{"name":"Güneysu","shapeGroup":"TUR","gid":"TUR-2-731"},"id":"TUR-2-731"},{"arcs":[[-2050,-2583,-2145]],"type":"Polygon","properties":{"name":"Çanakçı","shapeGroup":"TUR","gid":"TUR-2-732"},"id":"TUR-2-732"},{"arcs":[[-2477,2628,2629,-2618]],"type":"Polygon","properties":{"name":"Söğütlü","shapeGroup":"TUR","gid":"TUR-2-733"},"id":"TUR-2-733"},{"arcs":[[-1094,2630,-1578,-1247,2631]],"type":"Polygon","properties":{"name":"Akıncılar","shapeGroup":"TUR","gid":"TUR-2-734"},"id":"TUR-2-734"},{"arcs":[[-758,-2545,2632]],"type":"Polygon","properties":{"name":"Kilimli","shapeGroup":"TUR","gid":"TUR-2-735"},"id":"TUR-2-735"},{"arcs":[[-1804,-2251,-2457,-2460]],"type":"Polygon","properties":{"name":"Çavdarhisar","shapeGroup":"TUR","gid":"TUR-2-736"},"id":"TUR-2-736"},{"arcs":[[-53,2633,-2129,2634,-2280]],"type":"Polygon","properties":{"name":"Honaz","shapeGroup":"TUR","gid":"TUR-2-737"},"id":"TUR-2-737"},{"arcs":[[-537,2635,2636,-763]],"type":"Polygon","properties":{"name":"Yenişehir","shapeGroup":"TUR","gid":"TUR-2-738"},"id":"TUR-2-738"},{"arcs":[[-1508,-2452,-2610,-2589]],"type":"Polygon","properties":{"name":"Sarıgöl","shapeGroup":"TUR","gid":"TUR-2-739"},"id":"TUR-2-739"},{"arcs":[[-1155,-2094,2637,-2401,2638]],"type":"Polygon","properties":{"name":"Hani","shapeGroup":"TUR","gid":"TUR-2-740"},"id":"TUR-2-740"},{"arcs":[[-1296,-2189,2639,-2137,-1916]],"type":"Polygon","properties":{"name":"Ömerli","shapeGroup":"TUR","gid":"TUR-2-741"},"id":"TUR-2-741"},{"arcs":[[-1177,-2184,-1217]],"type":"Polygon","properties":{"name":"Uzundere","shapeGroup":"TUR","gid":"TUR-2-742"},"id":"TUR-2-742"},{"arcs":[[-110,-2289,-2232,-1694]],"type":"Polygon","properties":{"name":"Hüyük","shapeGroup":"TUR","gid":"TUR-2-743"},"id":"TUR-2-743"},{"arcs":[[-241,-2282,2640,2641,2642]],"type":"Polygon","properties":{"name":"Çardak","shapeGroup":"TUR","gid":"TUR-2-744"},"id":"TUR-2-744"},{"arcs":[[-2003,-2040,2643,2644]],"type":"Polygon","properties":{"name":"Piraziz","shapeGroup":"TUR","gid":"TUR-2-745"},"id":"TUR-2-745"},{"arcs":[[-1078,-2382,-1909,-2578]],"type":"Polygon","properties":{"name":"Çelikhan","shapeGroup":"TUR","gid":"TUR-2-746"},"id":"TUR-2-746"},{"arcs":[[-991,-2249,-2446,-2123]],"type":"Polygon","properties":{"name":"Uğurludağ","shapeGroup":"TUR","gid":"TUR-2-747"},"id":"TUR-2-747"},{"arcs":[[-1637,2645,-2502,-2525]],"type":"Polygon","properties":{"name":"Karapürçek","shapeGroup":"TUR","gid":"TUR-2-748"},"id":"TUR-2-748"},{"arcs":[[-1022,-2269,2646,-1922,-2609]],"type":"Polygon","properties":{"name":"Cizre","shapeGroup":"TUR","gid":"TUR-2-749"},"id":"TUR-2-749"},{"arcs":[[-315,-584,-578,-561,-2342,-2522]],"type":"Polygon","properties":{"name":"Ovacık","shapeGroup":"TUR","gid":"TUR-2-750"},"id":"TUR-2-750"},{"arcs":[[-2128,2647,2648,-2641,-2281,-2635]],"type":"Polygon","properties":{"name":"Bozkurt","shapeGroup":"TUR","gid":"TUR-2-751"},"id":"TUR-2-751"},{"arcs":[[-870,-2158,-2469,2649,2650,2651],[-2159]],"type":"Polygon","properties":{"name":"Acıgöl","shapeGroup":"TUR","gid":"TUR-2-752"},"id":"TUR-2-752"},{"arcs":[[-359,-2574,-805,2652,2653]],"type":"Polygon","properties":{"name":"Hopa","shapeGroup":"TUR","gid":"TUR-2-753"},"id":"TUR-2-753"},{"arcs":[[-2098,-2396,-2577,-2537,-2364,2654]],"type":"Polygon","properties":{"name":"Sarıcakaya","shapeGroup":"TUR","gid":"TUR-2-754"},"id":"TUR-2-754"},{"arcs":[[-1636,2655,2656,-2503,-2646]],"type":"Polygon","properties":{"name":"Erenler","shapeGroup":"TUR","gid":"TUR-2-755"},"id":"TUR-2-755"},{"arcs":[[-321,-2380,-1584,-1315]],"type":"Polygon","properties":{"name":"Köprübaşı","shapeGroup":"TUR","gid":"TUR-2-756"},"id":"TUR-2-756"},{"arcs":[[-871,-2652,2657,2658]],"type":"Polygon","properties":{"name":"Gülağaç","shapeGroup":"TUR","gid":"TUR-2-757"},"id":"TUR-2-757"},{"arcs":[[-883,-2604,2659,-1926,-1002]],"type":"Polygon","properties":{"name":"Bağlar","shapeGroup":"TUR","gid":"TUR-2-758"},"id":"TUR-2-758"},{"arcs":[[-1206,2660,2661,-2642,-2649,2662]],"type":"Polygon","properties":{"name":"Dazkırı","shapeGroup":"TUR","gid":"TUR-2-759"},"id":"TUR-2-759"},{"arcs":[[-1279,-1931,2663,-2092]],"type":"Polygon","properties":{"name":"Hazro","shapeGroup":"TUR","gid":"TUR-2-760"},"id":"TUR-2-760"},{"arcs":[[-618,-1796,-1797]],"type":"Polygon","properties":{"name":"Defne","shapeGroup":"TUR","gid":"TUR-2-761"},"id":"TUR-2-761"},{"arcs":[[-1639,2664,2665,-1715,2666,2667,2668,-1644]],"type":"Polygon","properties":{"name":"Başakşehir","shapeGroup":"TUR","gid":"TUR-2-762"},"id":"TUR-2-762"},{"arcs":[[-1243,-2132,-2595,-2007,-1370]],"type":"Polygon","properties":{"name":"Yağlıdere","shapeGroup":"TUR","gid":"TUR-2-763"},"id":"TUR-2-763"},{"arcs":[[-1811,2669,-2067]],"type":"Polygon","properties":{"name":"Kalkandere","shapeGroup":"TUR","gid":"TUR-2-764"},"id":"TUR-2-764"},{"arcs":[[-396,-2622,2670,-2484,-2185]],"type":"Polygon","properties":{"name":"Ardeşen","shapeGroup":"TUR","gid":"TUR-2-765"},"id":"TUR-2-765"},{"arcs":[[-2301,2671,-2419,2672,-2492]],"type":"Polygon","properties":{"name":"Keçiborlu","shapeGroup":"TUR","gid":"TUR-2-766"},"id":"TUR-2-766"},{"arcs":[[-218,-1773,2673,-669,-566]],"type":"Polygon","properties":{"name":"Akyurt","shapeGroup":"TUR","gid":"TUR-2-767"},"id":"TUR-2-767"},{"arcs":[[-264,-2176,-2262,-1470,2674]],"type":"Polygon","properties":{"name":"Doğanşar","shapeGroup":"TUR","gid":"TUR-2-768"},"id":"TUR-2-768"},{"arcs":[[-616,2675,-1793]],"type":"Polygon","properties":{"name":"Altınözü","shapeGroup":"TUR","gid":"TUR-2-769"},"id":"TUR-2-769"},{"arcs":[[-2024,2676,-2541,-2032,-2028]],"type":"Polygon","properties":{"name":"Çatalpınar","shapeGroup":"TUR","gid":"TUR-2-770"},"id":"TUR-2-770"},{"arcs":[[-1112,-2600,-1927,-2660,-2603]],"type":"Polygon","properties":{"name":"Yenişehir","shapeGroup":"TUR","gid":"TUR-2-771"},"id":"TUR-2-771"},{"arcs":[[-1839,2677,2678,-2650,-2468]],"type":"Polygon","properties":{"name":"Derinkuyu","shapeGroup":"TUR","gid":"TUR-2-772"},"id":"TUR-2-772"},{"arcs":[[-1791,-1924,-1842,-2445,-2192,-2224]],"type":"Polygon","properties":{"name":"Hasankeyf","shapeGroup":"TUR","gid":"TUR-2-773"},"id":"TUR-2-773"},{"arcs":[[-1251,-2601,-1787,-2573]],"type":"Polygon","properties":{"name":"Yayladere","shapeGroup":"TUR","gid":"TUR-2-774"},"id":"TUR-2-774"},{"arcs":[[-907,-1147,-1369,-2586]],"type":"Polygon","properties":{"name":"Otlukbeli","shapeGroup":"TUR","gid":"TUR-2-775"},"id":"TUR-2-775"},{"arcs":[[-384,-1954,-1011,-2536,-1270]],"type":"Polygon","properties":{"name":"Akçakent","shapeGroup":"TUR","gid":"TUR-2-776"},"id":"TUR-2-776"},{"arcs":[[-1089,-2096,-1851,-1860,-1861]],"type":"Polygon","properties":{"name":"Tufanbeyli","shapeGroup":"TUR","gid":"TUR-2-777"},"id":"TUR-2-777"},{"arcs":[[-1156,-2639,-2400,2679,-2408]],"type":"Polygon","properties":{"name":"Arıcak","shapeGroup":"TUR","gid":"TUR-2-778"},"id":"TUR-2-778"},{"arcs":[[-1805,-2459,-2298]],"type":"Polygon","properties":{"name":"Hisarcık","shapeGroup":"TUR","gid":"TUR-2-779"},"id":"TUR-2-779"},{"arcs":[[-468,-2216,-1586,-2379,-2612]],"type":"Polygon","properties":{"name":"Gölmarmara","shapeGroup":"TUR","gid":"TUR-2-780"},"id":"TUR-2-780"},{"arcs":[[-2104,-2584,-2227]],"type":"Polygon","properties":{"name":"Kazımkarabekir","shapeGroup":"TUR","gid":"TUR-2-781"},"id":"TUR-2-781"},{"arcs":[[-169,-2619,-2630,2680,-1738,2681]],"type":"Polygon","properties":{"name":"Kaynarca","shapeGroup":"TUR","gid":"TUR-2-782"},"id":"TUR-2-782"},{"arcs":[[-2448,2682,2683]],"type":"Polygon","properties":{"name":"Karakoyunlu","shapeGroup":"TUR","gid":"TUR-2-783"},"id":"TUR-2-783"},{"arcs":[[-56,-1893,-2150,-2439,-1213,-1767]],"type":"Polygon","properties":{"name":"Musabeyli","shapeGroup":"TUR","gid":"TUR-2-784"},"id":"TUR-2-784"},{"arcs":[[-1209,-2126,-2183,2684]],"type":"Polygon","properties":{"name":"Bekilli","shapeGroup":"TUR","gid":"TUR-2-785"},"id":"TUR-2-785"},{"arcs":[[-592,2685,2686,2687,-2528]],"type":"Polygon","properties":{"name":"Bozkurt","shapeGroup":"TUR","gid":"TUR-2-786"},"id":"TUR-2-786"},{"arcs":[[-2039,2688,-2644]],"type":"Polygon","properties":{"name":"Gülyalı","shapeGroup":"TUR","gid":"TUR-2-787"},"id":"TUR-2-787"},{"arcs":[[-1627,-1630,-2606,-1633,-2597]],"type":"Polygon","properties":{"name":"Pamukova","shapeGroup":"TUR","gid":"TUR-2-788"},"id":"TUR-2-788"},{"arcs":[[-127,-1210,-2685,-2182,-2290]],"type":"Polygon","properties":{"name":"Karahallı","shapeGroup":"TUR","gid":"TUR-2-789"},"id":"TUR-2-789"},{"arcs":[[-102,-1486,-638,-2323,-2286]],"type":"Polygon","properties":{"name":"Beyağaç","shapeGroup":"TUR","gid":"TUR-2-790"},"id":"TUR-2-790"},{"arcs":[[-1095,-2632,-1246,-2615]],"type":"Polygon","properties":{"name":"Gölova","shapeGroup":"TUR","gid":"TUR-2-791"},"id":"TUR-2-791"},{"arcs":[[-1344,2689,2690,-2575]],"type":"Polygon","properties":{"name":"Hasköy","shapeGroup":"TUR","gid":"TUR-2-792"},"id":"TUR-2-792"},{"arcs":[[-1109,-2208,-2409,-2680,-2399]],"type":"Polygon","properties":{"name":"Alacakaya","shapeGroup":"TUR","gid":"TUR-2-793"},"id":"TUR-2-793"},{"arcs":[[-215,2691,-672,-2487,-840,-1269]],"type":"Polygon","properties":{"name":"Bahşılı","shapeGroup":"TUR","gid":"TUR-2-794"},"id":"TUR-2-794"},{"arcs":[[-731,-2274,-2531,2692,-1967]],"type":"Polygon","properties":{"name":"Türkeli","shapeGroup":"TUR","gid":"TUR-2-795"},"id":"TUR-2-795"},{"arcs":[[-1643,2693,2694,2695,-2665]],"type":"Polygon","properties":{"name":"Esenyurt","shapeGroup":"TUR","gid":"TUR-2-796"},"id":"TUR-2-796"},{"arcs":[[-872,-2659,2696,-915]],"type":"Polygon","properties":{"name":"Güzelyurt","shapeGroup":"TUR","gid":"TUR-2-797"},"id":"TUR-2-797"},{"arcs":[[-608,2697,2698,2699]],"type":"Polygon","properties":{"name":"Çilimli","shapeGroup":"TUR","gid":"TUR-2-798"},"id":"TUR-2-798"},{"arcs":[[-2172,-2271,-2385,2700,-2514]],"type":"Polygon","properties":{"name":"Aydıncık","shapeGroup":"TUR","gid":"TUR-2-799"},"id":"TUR-2-799"},{"arcs":[[-607,2701,-2473,2702,2703,-2698]],"type":"Polygon","properties":{"name":"Gümüşova","shapeGroup":"TUR","gid":"TUR-2-800"},"id":"TUR-2-800"},{"arcs":[[-1930,-2402,-2638,-2093,-2664]],"type":"Polygon","properties":{"name":"Kocaköy","shapeGroup":"TUR","gid":"TUR-2-801"},"id":"TUR-2-801"},{"arcs":[[-166,2704,2705,2706,-2703,-2472]],"type":"Polygon","properties":{"name":"Kocaali","shapeGroup":"TUR","gid":"TUR-2-802"},"id":"TUR-2-802"},{"arcs":[[-1714,2707,2708,-2667]],"type":"Polygon","properties":{"name":"Sultangazi","shapeGroup":"TUR","gid":"TUR-2-803"},"id":"TUR-2-803"},{"arcs":[[-606,-1748,-2474,-2702]],"type":"Polygon","properties":{"name":"Gölyaka","shapeGroup":"TUR","gid":"TUR-2-804"},"id":"TUR-2-804"},{"arcs":[[-1291,-2509,-2422,-1557]],"type":"Polygon","properties":{"name":"Pehlivanköy","shapeGroup":"TUR","gid":"TUR-2-805"},"id":"TUR-2-805"},{"arcs":[[-504,2709,-2547]],"type":"Polygon","properties":{"name":"Şenpazar","shapeGroup":"TUR","gid":"TUR-2-806"},"id":"TUR-2-806"},{"arcs":[[-994,-2386,-2258]],"type":"Polygon","properties":{"name":"Boğazkale","shapeGroup":"TUR","gid":"TUR-2-807"},"id":"TUR-2-807"},{"arcs":[[-1964,-2608,2710,2711]],"type":"Polygon","properties":{"name":"Sulusaray","shapeGroup":"TUR","gid":"TUR-2-808"},"id":"TUR-2-808"},{"arcs":[[-1205,-2421,2712,-2661]],"type":"Polygon","properties":{"name":"Evciler","shapeGroup":"TUR","gid":"TUR-2-809"},"id":"TUR-2-809"},{"arcs":[[-1207,-2663,-2648,-2127]],"type":"Polygon","properties":{"name":"Baklan","shapeGroup":"TUR","gid":"TUR-2-810"},"id":"TUR-2-810"},{"arcs":[[-389,-507,-849,2713]],"type":"Polygon","properties":{"name":"Ağlı","shapeGroup":"TUR","gid":"TUR-2-811"},"id":"TUR-2-811"},{"arcs":[[-2068,2714,2715,2716]],"type":"Polygon","properties":{"name":"İyidere","shapeGroup":"TUR","gid":"TUR-2-812"},"id":"TUR-2-812"},{"arcs":[[-23,-51,-1264,-1008]],"type":"Polygon","properties":{"name":"Evren","shapeGroup":"TUR","gid":"TUR-2-813"},"id":"TUR-2-813"},{"arcs":[[-1319,-2117,-2516,-1582]],"type":"Polygon","properties":{"name":"Ağın","shapeGroup":"TUR","gid":"TUR-2-814"},"id":"TUR-2-814"},{"arcs":[[-1680,-1702,-1688]],"type":"Polygon","properties":{"name":"Sultanbeyli","shapeGroup":"TUR","gid":"TUR-2-815"},"id":"TUR-2-815"},{"arcs":[[-1685,-1723]],"type":"Polygon","properties":{"name":"Çayırova","shapeGroup":"TUR","gid":"TUR-2-816"},"id":"TUR-2-816"},{"arcs":[[-390,-2714,-848,-589,-2253]],"type":"Polygon","properties":{"name":"Seydiler","shapeGroup":"TUR","gid":"TUR-2-817"},"id":"TUR-2-817"},{"arcs":[[-202,-570,-813,2717,-1763,-2506]],"type":"Polygon","properties":{"name":"Yenimahalle","shapeGroup":"TUR","gid":"TUR-2-818"},"id":"TUR-2-818"},{"arcs":[[-183,-2017,-620]],"type":"Polygon","properties":{"name":"Çaybaşı","shapeGroup":"TUR","gid":"TUR-2-819"},"id":"TUR-2-819"},{"arcs":[[-1662,2718,-1672,-1678,-1700]],"type":"Polygon","properties":{"name":"Ataşehir","shapeGroup":"TUR","gid":"TUR-2-820"},"id":"TUR-2-820"},{"arcs":[[-1661,2719,-1673,-2719]],"type":"Polygon","properties":{"name":"Kadıköy","shapeGroup":"TUR","gid":"TUR-2-821"},"id":"TUR-2-821"},{"arcs":[[-1880,-2135,-1886,-1882,2720]],"type":"Polygon","properties":{"name":"Sarıoğlan","shapeGroup":"TUR","gid":"TUR-2-822"},"id":"TUR-2-822"},{"arcs":[[-2699,-2704,-2707,2721]],"type":"Polygon","properties":{"name":"Cumayeri","shapeGroup":"TUR","gid":"TUR-2-823"},"id":"TUR-2-823"},{"arcs":[[-2581,2722,2723,-2626,-2592]],"type":"Polygon","properties":{"name":"Beşikdüzü","shapeGroup":"TUR","gid":"TUR-2-824"},"id":"TUR-2-824"},{"arcs":[[-221,2724,-2656,-1635,-2605]],"type":"Polygon","properties":{"name":"Arifiye","shapeGroup":"TUR","gid":"TUR-2-825"},"id":"TUR-2-825"},{"arcs":[[-2065,-2628,2725]],"type":"Polygon","properties":{"name":"Çarşıbaşı","shapeGroup":"TUR","gid":"TUR-2-826"},"id":"TUR-2-826"},{"arcs":[[-2373,-2490]],"type":"Polygon","properties":{"name":"Yalıhüyük","shapeGroup":"TUR","gid":"TUR-2-827"},"id":"TUR-2-827"},{"arcs":[[-353,-2654,2726]],"type":"Polygon","properties":{"name":"Kemalpaşa","shapeGroup":"TUR","gid":"TUR-2-828"},"id":"TUR-2-828"},{"arcs":[[-187,2727,-2568,-2519]],"type":"Polygon","properties":{"name":"Dernekpazarı","shapeGroup":"TUR","gid":"TUR-2-829"},"id":"TUR-2-829"},{"arcs":[[-877,-1125]],"type":"Polygon","properties":{"name":"Sultanhanı","shapeGroup":"TUR","gid":"TUR-2-830"},"id":"TUR-2-830"},{"arcs":[[-1708,2728,2729,2730,2731]],"type":"Polygon","properties":{"name":"Beyoğlu","shapeGroup":"TUR","gid":"TUR-2-831"},"id":"TUR-2-831"},{"arcs":[[-350,-2243,2732]],"type":"Polygon","properties":{"name":"Pazar","shapeGroup":"TUR","gid":"TUR-2-832"},"id":"TUR-2-832"},{"arcs":[[-2048,2733,-2723,-2580]],"type":"Polygon","properties":{"name":"Eynesil","shapeGroup":"TUR","gid":"TUR-2-833"},"id":"TUR-2-833"},{"arcs":[[-1434,2734,2735,2736,-1450,-1446]],"type":"Polygon","properties":{"name":"Konak","shapeGroup":"TUR","gid":"TUR-2-834"},"id":"TUR-2-834"},{"arcs":[[[-1396,2737]],[[2738]],[[2739]]],"type":"MultiPolygon","properties":{"name":"Bodrum","shapeGroup":"TUR","gid":"TUR-2-835"},"id":"TUR-2-835"},{"arcs":[[-1433,2740,2741,-2735]],"type":"Polygon","properties":{"name":"Balçova","shapeGroup":"TUR","gid":"TUR-2-836"},"id":"TUR-2-836"},{"arcs":[[-104,-2285,-2416,-146,2742,2743]],"type":"Polygon","properties":{"name":"Dalaman","shapeGroup":"TUR","gid":"TUR-2-837"},"id":"TUR-2-837"},{"arcs":[[-177,2744,2745,2746,-1294,-2444]],"type":"Polygon","properties":{"name":"Keşan","shapeGroup":"TUR","gid":"TUR-2-838"},"id":"TUR-2-838"},{"arcs":[[-1295,-2747,2747,2748,-1550]],"type":"Polygon","properties":{"name":"İpsala","shapeGroup":"TUR","gid":"TUR-2-839"},"id":"TUR-2-839"},{"arcs":[[-181,2749]],"type":"Polygon","properties":{"name":"Eceabat","shapeGroup":"TUR","gid":"TUR-2-840"},"id":"TUR-2-840"},{"arcs":[[-703,-2466,-1560,-837,-1559,-2425,2750]],"type":"Polygon","properties":{"name":"Lüleburgaz","shapeGroup":"TUR","gid":"TUR-2-841"},"id":"TUR-2-841"},{"arcs":[[-1028,-1286,-2576,-2691,2751]],"type":"Polygon","properties":{"name":"Korkut","shapeGroup":"TUR","gid":"TUR-2-842"},"id":"TUR-2-842"},{"arcs":[[-250,-1604,-1600,2752,2753,2754,2755,-1609,-1610,-552,-2482]],"type":"Polygon","properties":{"name":"Gemlik","shapeGroup":"TUR","gid":"TUR-2-843"},"id":"TUR-2-843"},{"arcs":[[-2755,2756,2757,2758]],"type":"Polygon","properties":{"name":"Çınarcık","shapeGroup":"TUR","gid":"TUR-2-844"},"id":"TUR-2-844"},{"arcs":[[-1650,-1655,2759,-2695,2760,2761]],"type":"Polygon","properties":{"name":"Büyükçekmece","shapeGroup":"TUR","gid":"TUR-2-845"},"id":"TUR-2-845"},{"arcs":[[-2529,-2688,2762]],"type":"Polygon","properties":{"name":"Abana","shapeGroup":"TUR","gid":"TUR-2-846"},"id":"TUR-2-846"},{"arcs":[[-242,-2643,-2662,-2713,-2420,-2672,-2300]],"type":"Polygon","properties":{"name":"Başmakçı","shapeGroup":"TUR","gid":"TUR-2-847"},"id":"TUR-2-847"},{"arcs":[[-49,-1526,-1759,-810,-673,-2692,-214,-62,-1261]],"type":"Polygon","properties":{"name":"Bala","shapeGroup":"TUR","gid":"TUR-2-848"},"id":"TUR-2-848"},{"arcs":[[-670,-2674,-1772,-723,-2489,-1187,-2389,-842,-2486]],"type":"Polygon","properties":{"name":"Kalecik","shapeGroup":"TUR","gid":"TUR-2-849"},"id":"TUR-2-849"},{"arcs":[[-511,-609,-2700,-2722,-2706,2763,-823]],"type":"Polygon","properties":{"name":"Akçakoca","shapeGroup":"TUR","gid":"TUR-2-850"},"id":"TUR-2-850"},{"arcs":[[-275,-1781,-2617,2764,-2548,-2710,-742]],"type":"Polygon","properties":{"name":"Cide","shapeGroup":"TUR","gid":"TUR-2-851"},"id":"TUR-2-851"},{"arcs":[[-406,-2483,-1875,-1870,-2212,-1836,-2470,-2156,-2467]],"type":"Polygon","properties":{"name":"Avanos","shapeGroup":"TUR","gid":"TUR-2-852"},"id":"TUR-2-852"},{"arcs":[[-812,-1761,-1764,-2718]],"type":"Polygon","properties":{"name":"Etimesgut","shapeGroup":"TUR","gid":"TUR-2-853"},"id":"TUR-2-853"},{"arcs":[[-1308,-2554,-1958,-1961,-1472,-2261]],"type":"Polygon","properties":{"name":"Sivas merkez","shapeGroup":"TUR","gid":"TUR-2-854"},"id":"TUR-2-854"},{"arcs":[[-1306,-2174,-2162,-2362,-2478,-1905,2765,-2552]],"type":"Polygon","properties":{"name":"Kangal","shapeGroup":"TUR","gid":"TUR-2-855"},"id":"TUR-2-855"},{"arcs":[[-39,-144,-2607,-2414,-2579,-1894]],"type":"Polygon","properties":{"name":"Pütürge","shapeGroup":"TUR","gid":"TUR-2-856"},"id":"TUR-2-856"},{"arcs":[[-1130,-2239,-1942,2766,2767]],"type":"Polygon","properties":{"name":"Çukurca","shapeGroup":"TUR","gid":"TUR-2-857"},"id":"TUR-2-857"},{"arcs":[[-955,-1229,-1200,-1228,-1284,-1026,-2527]],"type":"Polygon","properties":{"name":"Malazgirt","shapeGroup":"TUR","gid":"TUR-2-858"},"id":"TUR-2-858"},{"arcs":[[-770,-1696,-2231]],"type":"Polygon","properties":{"name":"Yenişarbademli","shapeGroup":"TUR","gid":"TUR-2-859"},"id":"TUR-2-859"},{"arcs":[[-2079,-2449,-2684,2768]],"type":"Polygon","properties":{"name":"Aralık","shapeGroup":"TUR","gid":"TUR-2-860"},"id":"TUR-2-860"},{"arcs":[[-2121,-2142,-2515,-2701,-2384]],"type":"Polygon","properties":{"name":"Ortaköy","shapeGroup":"TUR","gid":"TUR-2-861"},"id":"TUR-2-861"},{"arcs":[[-93,-2407,-653,-2494,2769]],"type":"Polygon","properties":{"name":"Atabey","shapeGroup":"TUR","gid":"TUR-2-862"},"id":"TUR-2-862"},{"arcs":[[-2082,-2331,-2562]],"type":"Polygon","properties":{"name":"Damal","shapeGroup":"TUR","gid":"TUR-2-863"},"id":"TUR-2-863"},{"arcs":[[-647,-2119,-2585,-2334]],"type":"Polygon","properties":{"name":"Hamamözü","shapeGroup":"TUR","gid":"TUR-2-864"},"id":"TUR-2-864"},{"arcs":[[-456,-2546,-761,-1777,-1659]],"type":"Polygon","properties":{"name":"Gökçebey","shapeGroup":"TUR","gid":"TUR-2-865"},"id":"TUR-2-865"},{"arcs":[[-2138,-2640,-2188]],"type":"Polygon","properties":{"name":"Yeşilli","shapeGroup":"TUR","gid":"TUR-2-866"},"id":"TUR-2-866"},{"arcs":[[-1055,-2599,2770,-2052]],"type":"Polygon","properties":{"name":"Arsin","shapeGroup":"TUR","gid":"TUR-2-867"},"id":"TUR-2-867"},{"arcs":[[-1726,-1731,2771]],"type":"Polygon","properties":{"name":"Dilovası","shapeGroup":"TUR","gid":"TUR-2-868"},"id":"TUR-2-868"},{"arcs":[[-1667,2772,2773,2774,2775]],"type":"Polygon","properties":{"name":"Güngören","shapeGroup":"TUR","gid":"TUR-2-869"},"id":"TUR-2-869"},{"arcs":[[-1412,2776,2777,-1431,-1416]],"type":"Polygon","properties":{"name":"Güzelbahçe","shapeGroup":"TUR","gid":"TUR-2-870"},"id":"TUR-2-870"},{"arcs":[[-1645,-2669,2778,-2774,2779]],"type":"Polygon","properties":{"name":"Bağcılar","shapeGroup":"TUR","gid":"TUR-2-871"},"id":"TUR-2-871"},{"arcs":[[-536,-1817,2780,-2636]],"type":"Polygon","properties":{"name":"Akdeniz","shapeGroup":"TUR","gid":"TUR-2-872"},"id":"TUR-2-872"},{"arcs":[[-206,-491,2781,2782,-749]],"type":"Polygon","properties":{"name":"Anamur","shapeGroup":"TUR","gid":"TUR-2-873"},"id":"TUR-2-873"},{"arcs":[[-1654,2783,-1716,-2666,-2696,-2760]],"type":"Polygon","properties":{"name":"Arnavutköy","shapeGroup":"TUR","gid":"TUR-2-874"},"id":"TUR-2-874"},{"arcs":[[-1612,2784,2785,-1619]],"type":"Polygon","properties":{"name":"Altınova","shapeGroup":"TUR","gid":"TUR-2-875"},"id":"TUR-2-875"},{"arcs":[[-121,2786,-489]],"type":"Polygon","properties":{"name":"Aydıncık","shapeGroup":"TUR","gid":"TUR-2-876"},"id":"TUR-2-876"},{"arcs":[[-624,-2433,2787,-2571,-2021,2788]],"type":"Polygon","properties":{"name":"Ayvacık","shapeGroup":"TUR","gid":"TUR-2-877"},"id":"TUR-2-877"},{"arcs":[[-2754,2789,-2757]],"type":"Polygon","properties":{"name":"Armutlu","shapeGroup":"TUR","gid":"TUR-2-878"},"id":"TUR-2-878"},{"arcs":[[-1535,2790,2791,-2479]],"type":"Polygon","properties":{"name":"Ayvacik","shapeGroup":"TUR","gid":"TUR-2-879"},"id":"TUR-2-879"},{"arcs":[[-1646,-2780,-2773,-1666]],"type":"Polygon","properties":{"name":"Bahçelievler","shapeGroup":"TUR","gid":"TUR-2-880"},"id":"TUR-2-880"},{"arcs":[[-220,2792,-1739,-2681,-2629,-2476,-2504,-2657,-2725]],"type":"Polygon","properties":{"name":"Adapazarı","shapeGroup":"TUR","gid":"TUR-2-881"},"id":"TUR-2-881"},{"arcs":[[-1992,-2543,2793,-1995,2794]],"type":"Polygon","properties":{"name":"Aybastı","shapeGroup":"TUR","gid":"TUR-2-882"},"id":"TUR-2-882"},{"arcs":[[-1429,-1463,2795,-1457,2796]],"type":"Polygon","properties":{"name":"Bayındır","shapeGroup":"TUR","gid":"TUR-2-883"},"id":"TUR-2-883"},{"arcs":[[-1718,2797,-2731,2798,2799]],"type":"Polygon","properties":{"name":"Beşiktaş","shapeGroup":"TUR","gid":"TUR-2-884"},"id":"TUR-2-884"},{"arcs":[[-1707,-1719,-2800,2800,-2729]],"type":"Polygon","properties":{"name":"Kağıthane","shapeGroup":"TUR","gid":"TUR-2-885"},"id":"TUR-2-885"},{"arcs":[[-464,2801,-780,-497,-1465,2802,-1467,-2513,-1529]],"type":"Polygon","properties":{"name":"Bergama","shapeGroup":"TUR","gid":"TUR-2-886"},"id":"TUR-2-886"},{"arcs":[[-1193,-2733,-2242,2803,-2711]],"type":"Polygon","properties":{"name":"Artova","shapeGroup":"TUR","gid":"TUR-2-887"},"id":"TUR-2-887"},{"arcs":[[-1642,2804,-2761,-2694]],"type":"Polygon","properties":{"name":"Beylikdüzü","shapeGroup":"TUR","gid":"TUR-2-888"},"id":"TUR-2-888"},{"arcs":[[2805]],"type":"Polygon","properties":{"name":"Bozcaada","shapeGroup":"TUR","gid":"TUR-2-889"},"id":"TUR-2-889"},{"arcs":[[-1713,2806,2807,-2708]],"type":"Polygon","properties":{"name":"Gaziosmanpaşa","shapeGroup":"TUR","gid":"TUR-2-890"},"id":"TUR-2-890"},{"arcs":[[-1668,-2776,2808,2809,-1711,2810,2811]],"type":"Polygon","properties":{"name":"Zeytinburnu","shapeGroup":"TUR","gid":"TUR-2-891"},"id":"TUR-2-891"},{"arcs":[[2812]],"type":"Polygon","properties":{"name":"Prince Islands","shapeGroup":"TUR","gid":"TUR-2-892"},"id":"TUR-2-892"},{"arcs":[[-2730,-2801,-2799]],"type":"Polygon","properties":{"name":"Şişli","shapeGroup":"TUR","gid":"TUR-2-893"},"id":"TUR-2-893"},{"arcs":[[-136,-1901,2813,2814,-739,-2427,-1082,2815]],"type":"Polygon","properties":{"name":"Bozova","shapeGroup":"TUR","gid":"TUR-2-894"},"id":"TUR-2-894"},{"arcs":[[-1712,-2810,2816,-2807]],"type":"Polygon","properties":{"name":"Bayrampaşa","shapeGroup":"TUR","gid":"TUR-2-895"},"id":"TUR-2-895"},{"arcs":[[-1857,2817,-1872,-1867,-1881,-2721,-1885,2818]],"type":"Polygon","properties":{"name":"Bünyan","shapeGroup":"TUR","gid":"TUR-2-896"},"id":"TUR-2-896"},{"arcs":[[-428,2819,-2814,-1900,2820,-2532]],"type":"Polygon","properties":{"name":"Birecik","shapeGroup":"TUR","gid":"TUR-2-897"},"id":"TUR-2-897"},{"arcs":[[-2746,2821,-2748]],"type":"Polygon","properties":{"name":"Enez","shapeGroup":"TUR","gid":"TUR-2-898"},"id":"TUR-2-898"},{"arcs":[[-254,-2089,-2410,-486]],"type":"Polygon","properties":{"name":"Dumlupınar","shapeGroup":"TUR","gid":"TUR-2-899"},"id":"TUR-2-899"},{"arcs":[[-1710,2822,-2811]],"type":"Polygon","properties":{"name":"Fatih","shapeGroup":"TUR","gid":"TUR-2-900"},"id":"TUR-2-900"},{"arcs":[[-1398,2823,2824]],"type":"Polygon","properties":{"name":"Didim","shapeGroup":"TUR","gid":"TUR-2-901"},"id":"TUR-2-901"},{"arcs":[[-2354,2825,2826,2827,2828]],"type":"Polygon","properties":{"name":"Finike","shapeGroup":"TUR","gid":"TUR-2-902"},"id":"TUR-2-902"},{"arcs":[[-427,-768,-740,-2815,-2820]],"type":"Polygon","properties":{"name":"Halfeti","shapeGroup":"TUR","gid":"TUR-2-903"},"id":"TUR-2-903"},{"arcs":[[-750,-2783,2829,-1480]],"type":"Polygon","properties":{"name":"Gazipaşa","shapeGroup":"TUR","gid":"TUR-2-904"},"id":"TUR-2-904"},{"arcs":[[-153,2830]],"type":"Polygon","properties":{"name":"Datça","shapeGroup":"TUR","gid":"TUR-2-905"},"id":"TUR-2-905"},{"arcs":[[-2828,2831,2832]],"type":"Polygon","properties":{"name":"Demre","shapeGroup":"TUR","gid":"TUR-2-906"},"id":"TUR-2-906"},{"arcs":[[-1451,-2737,2833,-1453]],"type":"Polygon","properties":{"name":"Bayraklı","shapeGroup":"TUR","gid":"TUR-2-907"},"id":"TUR-2-907"},{"arcs":[[-140,-2480,-2792,2834]],"type":"Polygon","properties":{"name":"Ezine","shapeGroup":"TUR","gid":"TUR-2-908"},"id":"TUR-2-908"},{"arcs":[[-517,-1549,2835,-1598,-1595,-2320]],"type":"Polygon","properties":{"name":"Karacabey","shapeGroup":"TUR","gid":"TUR-2-909"},"id":"TUR-2-909"},{"arcs":[[-2069,-2717,2836]],"type":"Polygon","properties":{"name":"Derepazarı","shapeGroup":"TUR","gid":"TUR-2-910"},"id":"TUR-2-910"},{"arcs":[[-786,2837,-1403,2838,2839]],"type":"Polygon","properties":{"name":"Germencik","shapeGroup":"TUR","gid":"TUR-2-911"},"id":"TUR-2-911"},{"arcs":[[[2840]],[[-1547,2841]]],"type":"MultiPolygon","properties":{"name":"Erdek","shapeGroup":"TUR","gid":"TUR-2-912"},"id":"TUR-2-912"},{"arcs":[[[-282,-1756,-292,2842]],[[-284,-1754,-1758,-1774,-287,-1755]]],"type":"MultiPolygon","properties":{"name":"Güdül","shapeGroup":"TUR","gid":"TUR-2-913"},"id":"TUR-2-913"},{"arcs":[[-161,-2497,-2152,2843,-632]],"type":"Polygon","properties":{"name":"Hassa","shapeGroup":"TUR","gid":"TUR-2-914"},"id":"TUR-2-914"},{"arcs":[[-394,-799,-2620]],"type":"Polygon","properties":{"name":"Hemşin","shapeGroup":"TUR","gid":"TUR-2-915"},"id":"TUR-2-915"},{"arcs":[[-1996,-2794,-2542,-2677,-2023]],"type":"Polygon","properties":{"name":"Kabataş","shapeGroup":"TUR","gid":"TUR-2-916"},"id":"TUR-2-916"},{"arcs":[[-258,-268,-2526,-2035,-2001]],"type":"Polygon","properties":{"name":"Kabadüz","shapeGroup":"TUR","gid":"TUR-2-917"},"id":"TUR-2-917"},{"arcs":[[-70,-2355,-2829,-2833,2844]],"type":"Polygon","properties":{"name":"Kaş","shapeGroup":"TUR","gid":"TUR-2-918"},"id":"TUR-2-918"},{"arcs":[[-2668,-2709,-2808,-2817,-2809,-2775,-2779]],"type":"Polygon","properties":{"name":"Esenler","shapeGroup":"TUR","gid":"TUR-2-919"},"id":"TUR-2-919"},{"arcs":[[-30,-2307,-2100,2845,-1750,2846]],"type":"Polygon","properties":{"name":"Mihalıççık","shapeGroup":"TUR","gid":"TUR-2-920"},"id":"TUR-2-920"},{"arcs":[[[2847]],[[2848]]],"type":"MultiPolygon","properties":{"name":"Marmara","shapeGroup":"TUR","gid":"TUR-2-921"},"id":"TUR-2-921"},{"arcs":[[-98,-1029,-2752,-2690,-1343,-2343,-1932,-1365]],"type":"Polygon","properties":{"name":"Muş merkez","shapeGroup":"TUR","gid":"TUR-2-922"},"id":"TUR-2-922"},{"arcs":[[-105,-2744,2849]],"type":"Polygon","properties":{"name":"Ortaca","shapeGroup":"TUR","gid":"TUR-2-923"},"id":"TUR-2-923"},{"arcs":[[-1744,-2143,-1751,-2846,-2099,-2655,-2363]],"type":"Polygon","properties":{"name":"Nallıhan","shapeGroup":"TUR","gid":"TUR-2-924"},"id":"TUR-2-924"},{"arcs":[[-1810,-2569,-2728,-2588,2850,-2715,-2670]],"type":"Polygon","properties":{"name":"Of","shapeGroup":"TUR","gid":"TUR-2-925"},"id":"TUR-2-925"},{"arcs":[[-52,-2325,-2535,-2442,-2611,-856,-2130,-2634]],"type":"Polygon","properties":{"name":"Pamukkale","shapeGroup":"TUR","gid":"TUR-2-926"},"id":"TUR-2-926"},{"arcs":[[-174,-1652,2851]],"type":"Polygon","properties":{"name":"Marmaraereğlisi","shapeGroup":"TUR","gid":"TUR-2-927"},"id":"TUR-2-927"},{"arcs":[[-256,-2675,-1469,-371,-1993,-2795,-1994,-265]],"type":"Polygon","properties":{"name":"Reşadiye","shapeGroup":"TUR","gid":"TUR-2-928"},"id":"TUR-2-928"},{"arcs":[[-31,-2847,-1749,-283,-2843,-291,-1765,-1521,-1517,-1520,-531]],"type":"Polygon","properties":{"name":"Polatlı","shapeGroup":"TUR","gid":"TUR-2-929"},"id":"TUR-2-929"},{"arcs":[[-131,-2816,-1081,-1330,-1328]],"type":"Polygon","properties":{"name":"Samsat","shapeGroup":"TUR","gid":"TUR-2-930"},"id":"TUR-2-930"},{"arcs":[[-1947,-2113,-2369,2852]],"type":"Polygon","properties":{"name":"Saray","shapeGroup":"TUR","gid":"TUR-2-931"},"id":"TUR-2-931"},{"arcs":[[-463,-820,-2591,-2214,-781,-2802]],"type":"Polygon","properties":{"name":"Soma","shapeGroup":"TUR","gid":"TUR-2-932"},"id":"TUR-2-932"},{"arcs":[[-785,-1399,-2825,2853,2854,-1404,-2838]],"type":"Polygon","properties":{"name":"Söke","shapeGroup":"TUR","gid":"TUR-2-933"},"id":"TUR-2-933"},{"arcs":[[-523,-2393,-2566,2855,-1818]],"type":"Polygon","properties":{"name":"Yumurtalık","shapeGroup":"TUR","gid":"TUR-2-934"},"id":"TUR-2-934"},{"arcs":[[-203,-2299,-2458,-2292,-573]],"type":"Polygon","properties":{"name":"Şaphane","shapeGroup":"TUR","gid":"TUR-2-935"},"id":"TUR-2-935"},{"arcs":[[-1020,-1131,-2768,2856,-2267]],"type":"Polygon","properties":{"name":"Uludere","shapeGroup":"TUR","gid":"TUR-2-936"},"id":"TUR-2-936"},{"arcs":[[-1965,-2712,-2804,-2241]],"type":"Polygon","properties":{"name":"Yeşilyurt","shapeGroup":"TUR","gid":"TUR-2-937"},"id":"TUR-2-937"},{"arcs":[[-342,-1976,-2338,2857,-730,-2614]],"type":"Polygon","properties":{"name":"Havza","shapeGroup":"TUR","gid":"TUR-2-938"},"id":"TUR-2-938"},{"arcs":[[-94,-2770,-2493,-2673,-2418]],"type":"Polygon","properties":{"name":"Uluborlu","shapeGroup":"TUR","gid":"TUR-2-939"},"id":"TUR-2-939"},{"arcs":[[-776,-844,-2306,-2344,-2200]],"type":"Polygon","properties":{"name":"Kemer","shapeGroup":"TUR","gid":"TUR-2-940"},"id":"TUR-2-940"},{"arcs":[[-1101,2858,-2678,-1838,-2213,-1846]],"type":"Polygon","properties":{"name":"Yeşilhisar","shapeGroup":"TUR","gid":"TUR-2-941"},"id":"TUR-2-941"},{"arcs":[[-2304,-2500,-2345]],"type":"Polygon","properties":{"name":"Çeltikçi","shapeGroup":"TUR","gid":"TUR-2-942"},"id":"TUR-2-942"},{"arcs":[[-224,-1631,-1625,2859,-1734,-1740,-2793]],"type":"Polygon","properties":{"name":"İzmit","shapeGroup":"TUR","gid":"TUR-2-943"},"id":"TUR-2-943"},{"arcs":[[-1572,2860,2861]],"type":"Polygon","properties":{"name":"Kofçaz","shapeGroup":"TUR","gid":"TUR-2-944"},"id":"TUR-2-944"},{"arcs":[[-1408,2862]],"type":"Polygon","properties":{"name":"Çeşme","shapeGroup":"TUR","gid":"TUR-2-945"},"id":"TUR-2-945"},{"arcs":[[-1607,2863,-2785,-1611]],"type":"Polygon","properties":{"name":"Çiftlikköy","shapeGroup":"TUR","gid":"TUR-2-946"},"id":"TUR-2-946"},{"arcs":[[-1495,-1498,2864,-2826,-2353,-2202]],"type":"Polygon","properties":{"name":"Kumluca","shapeGroup":"TUR","gid":"TUR-2-947"},"id":"TUR-2-947"},{"arcs":[[-1405,-2855,2865]],"type":"Polygon","properties":{"name":"Kuşadası","shapeGroup":"TUR","gid":"TUR-2-948"},"id":"TUR-2-948"},{"arcs":[[-916,-2697,-2658,-2651,-2679,-2859,-1100,-2464,-1221]],"type":"Polygon","properties":{"name":"Niğde (merkez)","shapeGroup":"TUR","gid":"TUR-2-949"},"id":"TUR-2-949"},{"arcs":[[-1858,-2819,-1884,-1890,-1960,-2553,-2766,-1904,-1862]],"type":"Polygon","properties":{"name":"Pınarbaşı","shapeGroup":"TUR","gid":"TUR-2-950"},"id":"TUR-2-950"},{"arcs":[[-625,-2789,-2020,2866]],"type":"Polygon","properties":{"name":"Salıpazarı","shapeGroup":"TUR","gid":"TUR-2-951"},"id":"TUR-2-951"},{"arcs":[[-727,-2572,-2788,-2432,-1063]],"type":"Polygon","properties":{"name":"Taşova","shapeGroup":"TUR","gid":"TUR-2-952"},"id":"TUR-2-952"},{"arcs":[[-725,-2858,-2337,-1982,2867,-2558,-2570]],"type":"Polygon","properties":{"name":"Kavak","shapeGroup":"TUR","gid":"TUR-2-953"},"id":"TUR-2-953"},{"arcs":[[-1503,-2349,-2454,-2220,2868]],"type":"Polygon","properties":{"name":"Serik","shapeGroup":"TUR","gid":"TUR-2-954"},"id":"TUR-2-954"},{"arcs":[[-1554,-1574,2869,-2507]],"type":"Polygon","properties":{"name":"Süloğlu","shapeGroup":"TUR","gid":"TUR-2-955"},"id":"TUR-2-955"},{"arcs":[[-1856,-1873,-2818]],"type":"Polygon","properties":{"name":"Talas","shapeGroup":"TUR","gid":"TUR-2-956"},"id":"TUR-2-956"},{"arcs":[[-1605,-2756,-2759,2870]],"type":"Polygon","properties":{"name":"Termal","shapeGroup":"TUR","gid":"TUR-2-957"},"id":"TUR-2-957"},{"arcs":[[-185,-626,-2867,-2019,2871,-2013]],"type":"Polygon","properties":{"name":"Terme","shapeGroup":"TUR","gid":"TUR-2-958"},"id":"TUR-2-958"},{"arcs":[[-470,-2613,-2377,-1458,-2796,-1462,-747]],"type":"Polygon","properties":{"name":"Turgutlu","shapeGroup":"TUR","gid":"TUR-2-959"},"id":"TUR-2-959"},{"arcs":[[-482,-2567,-2391]],"type":"Polygon","properties":{"name":"Toprakkale","shapeGroup":"TUR","gid":"TUR-2-960"},"id":"TUR-2-960"},{"arcs":[[-700,-2751,-2424,-2508,-2870,-1573,-2862,2872,-1575]],"type":"Polygon","properties":{"name":"Kırklareli merkez","shapeGroup":"TUR","gid":"TUR-2-961"},"id":"TUR-2-961"},{"arcs":[[-1402,-1430,-2797,-1456,-2518,2873,-2839]],"type":"Polygon","properties":{"name":"Tire","shapeGroup":"TUR","gid":"TUR-2-962"},"id":"TUR-2-962"},{"arcs":[[-339,-1391,-711,-2308]],"type":"Polygon","properties":{"name":"Yeniçağa","shapeGroup":"TUR","gid":"TUR-2-963"},"id":"TUR-2-963"},{"arcs":[[-1981,2874,-2559,-2868]],"type":"Polygon","properties":{"name":"İlkadım","shapeGroup":"TUR","gid":"TUR-2-964"},"id":"TUR-2-964"},{"arcs":[[-307,-2370,-2111,-2140,-1036]],"type":"Polygon","properties":{"name":"İpekyolu","shapeGroup":"TUR","gid":"TUR-2-965"},"id":"TUR-2-965"},{"arcs":[[-1432,-2778,2875,-2741]],"type":"Polygon","properties":{"name":"Narlıdere","shapeGroup":"TUR","gid":"TUR-2-966"},"id":"TUR-2-966"},{"arcs":[[-1093,-2000,-2164,-2173,-1579,-2631]],"type":"Polygon","properties":{"name":"İmranlı","shapeGroup":"TUR","gid":"TUR-2-967"},"id":"TUR-2-967"},{"arcs":[[-591,-847,-2550,2876,-2686]],"type":"Polygon","properties":{"name":"İnebolu","shapeGroup":"TUR","gid":"TUR-2-968"},"id":"TUR-2-968"},{"arcs":[[-1691,-1704,-1721,2877,-1736,-1732,-1728,-1724]],"type":"Polygon","properties":{"name":"Şile","shapeGroup":"TUR","gid":"TUR-2-969"},"id":"TUR-2-969"},{"arcs":[[-519,-1820,-1814,-2524]],"type":"Polygon","properties":{"name":"Seyhan","shapeGroup":"TUR","gid":"TUR-2-970"},"id":"TUR-2-970"},{"arcs":[[-360,-2411,-791,-800]],"type":"Polygon","properties":{"name":"Çobanlar","shapeGroup":"TUR","gid":"TUR-2-971"},"id":"TUR-2-971"},{"arcs":[[-787,-2840,-2874,-2517]],"type":"Polygon","properties":{"name":"İncirliova","shapeGroup":"TUR","gid":"TUR-2-972"},"id":"TUR-2-972"}]}}}