{"type":"Topology","arcs":[[[4402,159],[-51,55],[-79,211]],[[4272,425],[131,-38],[21,-57],[68,-46]],[[4492,284],[-4,-88],[-86,-37]],[[4272,425],[-2,45]],[[4270,470],[57,8],[27,121]],[[4354,599],[100,-9]],[[4454,590],[73,-187],[87,-39],[33,13]],[[4647,377],[-67,-32],[-68,-91],[-20,30]],[[4454,590],[40,33],[35,-56],[47,22],[55,-10]],[[4631,579],[63,-7]],[[4694,572],[42,-47]],[[4736,525],[12,-61]],[[4748,464],[-75,-83]],[[4673,381],[-26,-4]],[[4736,525],[19,-12],[81,51],[4,87]],[[4840,651],[121,-49]],[[4961,602],[-29,-53]],[[4932,549],[-104,-127],[-60,-2],[-20,44]],[[4961,602],[21,37],[53,-2],[87,55],[68,-10],[10,47],[127,-9],[58,-36],[-65,-46],[4,-138],[-59,-18],[-96,2],[-68,-17],[-21,48],[-85,7],[-63,27]],[[4182,771],[-82,-98],[-66,-18]],[[4034,655],[-38,23],[-58,-26],[-30,50],[180,170]],[[4088,872],[94,-101]],[[4694,572],[-1,90],[46,58],[71,46]],[[4810,766],[-25,-96],[55,-19]],[[4631,579],[-21,70],[24,55],[-26,49]],[[4608,753],[67,34],[64,94]],[[4739,881],[55,-49],[16,-66]],[[4354,599],[-39,15],[-9,58]],[[4306,672],[24,-10],[72,47],[45,95]],[[4447,804],[85,-62],[10,42],[66,-31]],[[4088,872],[117,105],[61,-8]],[[4266,969],[29,-53]],[[4295,916],[-51,-131],[31,-71]],[[4275,714],[-29,-27],[-55,31],[-9,53]],[[4447,804],[-27,105]],[[4420,909],[29,50],[-10,128]],[[4439,1087],[31,-72],[75,62],[14,-89],[107,-8],[19,-96],[54,-3]],[[4306,672],[-31,42]],[[4295,916],[125,-7]],[[4266,969],[28,139],[-31,14]],[[4263,1122],[18,43],[23,-4]],[[4304,1161],[86,-70],[49,-4]],[[4263,1122],[-49,-54],[-34,51],[-64,34]],[[4116,1153],[-18,126]],[[4098,1279],[41,11]],[[4139,1290],[88,-8],[75,-69],[2,-52]],[[4116,1153],[-88,-15],[-109,3],[-85,-22]],[[3834,1119],[69,43],[3,62],[74,22],[8,39]],[[3988,1285],[110,-6]],[[3834,1119],[-59,67],[-112,68],[-17,65],[-90,42],[-21,35],[275,-67],[26,53]],[[3836,1382],[71,48]],[[3907,1430],[0,-47],[49,-15],[32,-83]],[[3907,1430],[57,48],[59,4],[45,49]],[[4068,1531],[92,16]],[[4160,1547],[8,-37],[-58,-37],[43,-68],[61,-6]],[[4214,1399],[5,-35],[-65,-19],[-15,-55]],[[4214,1399],[176,-20],[23,17]],[[4413,1396],[98,-1],[-37,-50],[4,-177]],[[4478,1168],[-60,-22],[-87,49],[-27,-34]],[[4160,1547],[116,47]],[[4276,1594],[46,-33],[96,-2]],[[4418,1559],[61,-61]],[[4479,1498],[-66,-102]],[[4479,1498],[24,0]],[[4503,1498],[5,-37],[70,-90],[48,2]],[[4626,1373],[58,-82],[-20,-37]],[[4664,1254],[-92,-104],[-94,18]],[[4626,1373],[80,27]],[[4706,1400],[73,-32],[60,-66]],[[4839,1302],[-30,-98],[-125,-35],[-62,-119],[-44,38],[61,61],[-46,24],[71,81]],[[4503,1498],[77,44],[135,12]],[[4715,1554],[-31,-44],[22,-110]],[[4715,1554],[54,-7]],[[4769,1547],[135,-53]],[[4904,1494],[-24,-140],[31,-42]],[[4911,1312],[-72,-10]],[[4418,1559],[63,17],[7,49]],[[4488,1625],[112,70]],[[4600,1695],[22,13]],[[4622,1708],[48,-80],[38,27],[7,-101]],[[3836,1382],[-36,34],[-73,8],[-28,37]],[[3699,1461],[24,46],[52,4],[59,58]],[[3834,1569],[56,22],[86,-18]],[[3976,1573],[84,-10],[8,-32]],[[3976,1573],[75,60],[16,46]],[[4067,1679],[109,-19],[46,66],[100,25]],[[4322,1751],[37,-33]],[[4359,1718],[-43,-105],[-40,-19]],[[4359,1718],[129,-93]],[[4904,1494],[20,-25],[100,103],[11,54]],[[5035,1626],[63,27]],[[5098,1653],[32,-49]],[[5130,1604],[4,-69],[-24,-95]],[[5110,1440],[-77,-49],[-31,-58],[-91,-21]],[[4067,1679],[-49,10],[18,63]],[[4036,1752],[83,36],[-33,72],[8,48]],[[4094,1908],[89,-19],[53,-45]],[[4236,1844],[-4,-31],[90,-62]],[[4359,1718],[54,85]],[[4413,1803],[62,-30],[56,-60],[69,-18]],[[4413,1803],[49,131]],[[4462,1934],[58,-33],[0,-54],[73,4]],[[4593,1851],[27,-91]],[[4620,1760],[2,-52]],[[4236,1844],[55,51],[-4,68]],[[4287,1963],[80,-25],[70,8]],[[4437,1946],[25,-12]],[[4094,1908],[4,41]],[[4098,1949],[-11,49]],[[4087,1998],[19,19],[74,-57],[78,53]],[[4258,2013],[29,-50]],[[3834,1569],[56,173]],[[3890,1742],[41,30]],[[3931,1772],[40,-43],[65,23]],[[3699,1461],[-25,18]],[[3674,1479],[-21,82]],[[3653,1561],[22,53],[-31,55]],[[3644,1669],[62,19],[29,80],[45,-8]],[[3780,1760],[110,-18]],[[3931,1772],[34,25],[-20,78],[9,75]],[[3954,1950],[43,21],[1,1]],[[3998,1972],[38,-62],[62,39]],[[3674,1479],[-70,-51],[-91,-19],[23,152]],[[3536,1561],[22,33],[95,-33]],[[3536,1561],[12,92],[-61,-8],[-26,45]],[[3461,1690],[97,109],[7,64]],[[3565,1863],[58,-114],[21,-80]],[[3565,1863],[-15,37]],[[3550,1900],[41,-2],[74,94]],[[3665,1992],[83,12]],[[3748,2004],[-29,-54],[29,-75],[-17,-46],[49,-69]],[[3748,2004],[85,17]],[[3833,2021],[38,-94],[83,23]],[[3536,1561],[-115,-156],[-42,-14]],[[3379,1391],[35,127],[-60,122]],[[3354,1640],[61,11]],[[3415,1651],[46,39]],[[3415,1651],[24,29],[-12,85],[-101,59],[-110,47]],[[3216,1871],[21,19]],[[3237,1890],[169,60],[56,-30],[53,7]],[[3515,1927],[35,-27]],[[3998,1972],[-32,48],[9,126],[-65,16]],[[3910,2162],[8,37],[92,66]],[[4010,2265],[44,-8]],[[4054,2257],[7,-55]],[[4061,2202],[22,-109],[-36,-61],[40,-34]],[[3833,2021],[-58,128]],[[3775,2149],[76,7]],[[3851,2156],[59,6]],[[3665,1992],[-82,70],[-5,30]],[[3578,2092],[57,47]],[[3635,2139],[57,20],[52,-55],[31,45]],[[3515,1927],[-59,74],[-1,57],[-39,57]],[[3416,2115],[85,5]],[[3501,2120],[77,-28]],[[3501,2120],[-7,72],[8,132]],[[3502,2324],[24,-33],[94,-16]],[[3620,2275],[-14,-41],[52,-33],[-23,-62]],[[3416,2115],[-40,61]],[[3376,2176],[-27,32],[49,79],[0,75]],[[3398,2362],[102,-37]],[[3500,2325],[2,-1]],[[3237,1890],[33,56],[-32,81]],[[3238,2027],[21,23],[8,99]],[[3267,2149],[109,27]],[[3267,2149],[-88,49]],[[3179,2198],[41,49],[-1,66],[-53,40]],[[3166,2353],[31,1]],[[3197,2354],[67,3],[49,39],[71,1]],[[3384,2397],[14,-35]],[[3179,2198],[-57,-5],[-11,-41]],[[3111,2152],[-95,116]],[[3016,2268],[49,64]],[[3065,2332],[10,20]],[[3075,2352],[91,1]],[[3238,2027],[-148,13]],[[3090,2040],[-9,55],[30,57]],[[3016,2268],[-41,-34],[-72,24]],[[2903,2258],[-37,98]],[[2866,2356],[41,41],[40,-58],[60,13]],[[3007,2352],[58,-20]],[[2903,2258],[-10,-60]],[[2893,2198],[-72,-28]],[[2821,2170],[-49,38],[-81,16]],[[2691,2224],[14,89]],[[2705,2313],[94,-9],[20,26]],[[2819,2330],[33,31]],[[2852,2361],[14,-5]],[[2691,2224],[-41,-26]],[[2650,2198],[-8,27],[-105,22]],[[2537,2247],[40,99]],[[2577,2346],[89,-49],[39,16]],[[3090,2040],[-68,-27]],[[3022,2013],[-11,107],[-46,49],[-72,29]],[[2821,2170],[44,-46],[-10,-97]],[[2855,2027],[-20,-7]],[[2835,2020],[-24,42],[-162,48]],[[2649,2110],[1,88]],[[3022,2013],[-44,3],[-41,-53]],[[2937,1963],[-82,64]],[[2835,2020],[-54,-60],[-22,-90]],[[2759,1870],[-65,-54],[-13,87],[-63,5],[-13,102],[44,100]],[[2937,1963],[-27,-55],[72,-45],[1,-51]],[[2983,1812],[-53,-20],[-131,30]],[[2799,1822],[-40,48]],[[3216,1871],[-92,-26]],[[3124,1845],[-33,65],[-36,5],[-33,98]],[[3124,1845],[-1,-65],[28,-38]],[[3151,1742],[-81,-35]],[[3070,1707],[-87,105]],[[3354,1640],[-65,10]],[[3289,1650],[-85,44],[-53,48]],[[3070,1707],[-101,-35],[0,-30]],[[2969,1642],[-72,2],[-71,-43]],[[2826,1601],[-67,129],[0,75],[40,17]],[[3289,1650],[-23,-108],[-63,-14]],[[3203,1528],[-61,8]],[[3142,1536],[-108,40],[-65,66]],[[3379,1391],[-26,20],[-100,-16]],[[3253,1395],[-43,55]],[[3210,1450],[-7,78]],[[3142,1536],[21,-17],[-62,-38],[-108,-77],[-83,-6]],[[2910,1398],[-1,147],[-83,56]],[[3210,1450],[-21,-54],[-155,-101]],[[3034,1295],[-55,-5]],[[2979,1290],[18,31],[-87,77]],[[3253,1395],[-110,-282],[-48,107],[-54,60]],[[3041,1280],[-7,15]],[[3041,1280],[-44,-24],[33,-76],[61,-42],[4,-92],[-53,-74]],[[3042,972],[-57,69]],[[2985,1041],[-2,69],[-58,85],[-103,86]],[[2822,1281],[157,9]],[[2985,1041],[-196,0]],[[2789,1041],[-39,47],[4,57]],[[2754,1145],[27,60],[-50,80],[42,24]],[[2773,1309],[49,-28]],[[2754,1145],[-65,-13],[-134,-128]],[[2555,1004],[-38,51]],[[2517,1055],[60,33],[1,56],[-41,146],[37,69],[56,34],[43,-25],[23,-71],[63,74],[14,-62]],[[2789,1041],[-95,-15],[-21,-27],[48,-92],[-48,-64]],[[2673,843],[-87,0]],[[2586,843],[-36,76],[5,85]],[[3042,972],[-43,-53],[-116,-37],[-28,-54],[-69,-28]],[[2786,800],[-80,-9],[-33,52]],[[2586,843],[-11,-4]],[[2575,839],[-65,-26],[-35,-87],[-25,-12]],[[2450,714],[-37,47]],[[2413,761],[-4,99],[69,69],[39,126]],[[2786,800],[44,-72],[28,-97],[-44,-46],[-28,76],[-33,28],[-72,1],[-74,-24]],[[2607,666],[-32,173]],[[2607,666],[-74,-61],[-84,-24]],[[2449,581],[1,133]],[[2449,581],[-114,39],[-58,85],[62,93],[39,-60],[35,23]],[[4462,1934],[21,31],[90,2],[74,36]],[[4647,2003],[59,-46]],[[4706,1957],[-3,-74]],[[4703,1883],[-110,-32]],[[4703,1883],[32,-87]],[[4735,1796],[-115,-36]],[[4735,1796],[35,-17]],[[4770,1779],[20,-62],[79,0]],[[4869,1717],[15,-57],[-115,-113]],[[4869,1717],[66,26],[54,-45]],[[4989,1698],[46,-72]],[[4706,1957],[85,-3]],[[4791,1954],[142,52],[63,-3]],[[4996,2003],[26,-25]],[[5022,1978],[-20,-63],[-73,-7],[-137,-54],[-22,-75]],[[5022,1978],[39,-89]],[[5061,1889],[-54,-4],[-38,-53],[31,-41],[-11,-93]],[[4791,1954],[-32,96],[21,86],[-44,139]],[[4736,2275],[35,41],[40,-26],[54,19]],[[4865,2309],[4,-1]],[[4869,2308],[23,-103],[-9,-43],[130,-24]],[[5013,2138],[6,-127],[-23,-8]],[[5061,1889],[20,-45],[71,61],[21,-12]],[[5173,1893],[27,-69]],[[5200,1824],[-21,-72],[-42,-36],[-48,-2],[9,-61]],[[5130,1604],[74,68],[37,-11],[69,36]],[[5310,1697],[25,-28],[-31,-103],[28,-57]],[[5332,1509],[-61,-67],[-48,23],[-113,-25]],[[5200,1824],[91,-12]],[[5291,1812],[52,-92]],[[5343,1720],[-33,-23]],[[5343,1720],[56,1],[86,35]],[[5485,1756],[45,-19]],[[5530,1737],[41,-87],[-59,-69]],[[5512,1581],[-24,-92],[-45,-66],[-52,81],[-59,5]],[[5291,1812],[100,162],[-4,56]],[[5387,2030],[32,-7]],[[5419,2023],[54,-118],[71,-58]],[[5544,1847],[-59,-91]],[[5419,2023],[153,-57]],[[5572,1966],[37,-52]],[[5609,1914],[-24,-74],[-41,7]],[[5173,1893],[34,22],[26,69]],[[5233,1984],[79,51],[75,-5]],[[5013,2138],[75,13]],[[5088,2151],[76,-34],[15,-37]],[[5179,2080],[24,-44],[30,-52]],[[5179,2080],[28,-7],[-3,32],[21,21],[38,13],[1,21]],[[5264,2160],[131,-4]],[[5395,2156],[38,-75],[-14,-58]],[[4869,2308],[140,-5],[40,26]],[[5049,2329],[55,-39]],[[5104,2290],[-16,-139]],[[5104,2290],[91,-7]],[[5195,2283],[30,-110],[39,-13]],[[5530,1737],[124,-8],[43,60],[57,15]],[[5754,1804],[16,-84]],[[5770,1720],[-54,-32],[-75,-92],[-75,-23],[-54,8]],[[5754,1804],[55,3]],[[5809,1807],[29,40],[76,39],[71,-18]],[[5985,1868],[12,-91],[-31,-71],[-87,16],[-46,-18],[-63,16]],[[5609,1914],[55,-54],[80,-2]],[[5744,1858],[65,-51]],[[5744,1858],[81,157],[28,0]],[[5853,2015],[133,-30],[28,15]],[[6014,2000],[-2,-73],[-27,-59]],[[5572,1966],[-20,129]],[[5552,2095],[182,-2],[93,72]],[[5827,2165],[-2,-73],[28,-77]],[[5395,2156],[7,156]],[[5402,2312],[106,-18]],[[5508,2294],[79,-14]],[[5587,2280],[-41,-51],[6,-134]],[[5827,2165],[-97,28],[55,64]],[[5785,2257],[65,8]],[[5850,2265],[107,-117],[-7,-49],[85,-65]],[[6035,2034],[-21,-34]],[[5587,2280],[42,38],[58,-9],[48,36]],[[5735,2345],[50,-88]],[[5850,2265],[65,15],[57,43]],[[5972,2323],[19,-39],[-30,-37],[151,-70],[104,-20]],[[6216,2157],[-12,-55],[-138,-84],[-31,16]],[[5972,2323],[-29,66],[-62,31]],[[5881,2420],[42,90]],[[5923,2510],[149,-113],[24,18]],[[6096,2415],[55,-108],[45,-4],[36,-44],[60,-15],[-6,-64]],[[6286,2180],[-70,-23]],[[5735,2345],[17,82]],[[5752,2427],[87,29],[42,-36]],[[5508,2294],[5,128],[-28,58]],[[5485,2480],[114,-25],[74,23]],[[5673,2478],[79,-51]],[[5485,2480],[7,87]],[[5492,2567],[145,42],[34,28]],[[5671,2637],[26,-20]],[[5697,2617],[7,-122],[-31,-17]],[[5697,2617],[18,31],[65,-5],[31,61],[36,-17]],[[5847,2687],[21,-100],[55,-77]],[[5847,2687],[35,49]],[[5882,2736],[65,88]],[[5947,2824],[29,0]],[[5976,2824],[31,-47],[-10,-48],[24,-77],[-20,-33],[27,-103]],[[6028,2516],[49,-31],[19,-70]],[[5492,2567],[-25,24]],[[5467,2591],[-34,32]],[[5433,2623],[-2,58]],[[5431,2681],[25,31],[96,0],[56,82],[33,-7]],[[5641,2787],[46,-62],[-16,-88]],[[5641,2787],[4,79]],[[5645,2866],[68,23],[31,44]],[[5744,2933],[28,-46],[79,-62],[31,-89]],[[5744,2933],[-9,59]],[[5735,2992],[134,-26]],[[5869,2966],[34,-41],[42,16],[2,-117]],[[6096,2415],[58,64],[76,16]],[[6230,2495],[57,-73],[55,-28],[74,18]],[[6416,2412],[41,-124],[-32,-18],[-5,-94]],[[6420,2176],[-134,4]],[[6416,2412],[41,-11]],[[6457,2401],[76,-19],[71,-48]],[[6604,2334],[0,-48],[-37,-59],[5,-74],[-120,-9],[-32,32]],[[6457,2401],[-39,154]],[[6418,2555],[4,28]],[[6422,2583],[72,-30],[23,74]],[[6517,2627],[76,-21],[3,-88],[36,-36],[12,-95],[-40,-53]],[[6422,2583],[18,33],[-63,89],[-75,-30],[-29,39]],[[6273,2714],[47,24],[82,111],[8,54]],[[6410,2903],[56,14],[15,-84],[45,15]],[[6526,2848],[43,-41],[93,10],[-14,-68],[-74,-4],[-57,-118]],[[6230,2495],[19,78]],[[6249,2573],[77,20],[92,-38]],[[6028,2516],[57,57],[58,-13],[43,40]],[[6186,2600],[63,-27]],[[6186,2600],[-42,126]],[[6144,2726],[122,16],[7,-28]],[[6144,2726],[20,108],[-76,59]],[[6088,2893],[76,4]],[[6164,2897],[52,30],[113,30],[70,-11]],[[6399,2946],[11,-43]],[[5869,2966],[-2,80]],[[5867,3046],[114,18],[101,-36]],[[6082,3028],[35,-11],[60,-76],[-13,-44]],[[6088,2893],[-74,-18],[-38,-51]],[[5867,3046],[-15,108]],[[5852,3154],[48,121]],[[5900,3275],[64,-4],[58,-53]],[[6022,3218],[86,-58]],[[6108,3160],[-26,-132]],[[5900,3275],[14,82]],[[5914,3357],[22,64]],[[5936,3421],[81,68],[44,-61],[57,33],[34,-55]],[[6152,3406],[-26,-60],[-104,-128]],[[6108,3160],[96,-80],[72,33]],[[6276,3113],[80,18]],[[6356,3131],[50,-24]],[[6406,3107],[-7,-161]],[[6406,3107],[102,-19],[55,27]],[[6563,3115],[62,-60],[81,7]],[[6706,3062],[18,-49],[-68,-43],[-34,-94],[-82,21],[-14,-49]],[[6152,3406],[89,-35]],[[6241,3371],[-47,-49],[83,-69],[-29,-30],[28,-110]],[[6241,3371],[53,-12],[68,22],[-6,-61],[38,-17]],[[6394,3303],[-38,-172]],[[6394,3303],[83,1],[26,-59],[77,-41]],[[6580,3204],[-17,-89]],[[6580,3204],[82,50],[63,-48],[-49,-32],[30,-112]],[[4647,2003],[-13,121],[-33,67]],[[4601,2191],[34,51],[101,33]],[[4437,1946],[15,23],[-20,114],[33,41]],[[4465,2124],[30,59]],[[4495,2183],[64,-20],[42,28]],[[4258,2013],[-26,24],[52,73]],[[4284,2110],[57,63],[44,5]],[[4385,2178],[2,-47],[78,-7]],[[4061,2202],[88,-22],[52,-55],[40,15],[43,-30]],[[4054,2257],[89,81]],[[4143,2338],[123,58]],[[4266,2396],[37,3]],[[4303,2399],[47,-114],[-21,-54],[56,-53]],[[4303,2399],[94,-17]],[[4397,2382],[136,-96]],[[4533,2286],[4,-38],[-42,-65]],[[4266,2396],[-44,37],[22,40],[-21,91]],[[4223,2564],[119,54],[-60,84]],[[4282,2702],[68,6]],[[4350,2708],[52,-58],[-3,-83],[43,-18]],[[4442,2549],[6,-107],[-51,-60]],[[4533,2286],[49,53],[52,20],[24,56]],[[4658,2415],[102,-43],[108,21]],[[4868,2393],[-3,-84]],[[4442,2549],[54,14],[48,-37],[29,52]],[[4573,2578],[55,-36]],[[4628,2542],[-17,-47],[41,-35],[6,-45]],[[4350,2708],[61,69]],[[4411,2777],[104,-83]],[[4515,2694],[58,-116]],[[4628,2542],[84,4],[-48,87],[72,17]],[[4736,2650],[87,-56],[62,-89]],[[4885,2505],[34,-85],[-51,-27]],[[4515,2694],[43,27]],[[4558,2721],[118,54],[30,35]],[[4706,2810],[26,-64],[0,-82]],[[4732,2664],[4,-14]],[[4558,2721],[-13,136],[20,36]],[[4565,2893],[91,-9]],[[4656,2884],[50,-74]],[[5195,2283],[88,10],[31,63],[63,-1]],[[5377,2355],[25,-43]],[[5377,2355],[-30,38]],[[5347,2393],[19,69],[66,65],[35,64]],[[5049,2329],[57,113]],[[5106,2442],[19,38],[64,-50]],[[5189,2430],[46,-31],[112,-6]],[[4885,2505],[36,89]],[[4921,2594],[64,0],[78,-76],[7,-66],[36,-10]],[[5189,2430],[10,56],[79,23],[9,55]],[[5287,2564],[146,59]],[[4921,2594],[44,96],[47,36]],[[5012,2726],[76,-15],[5,-51],[130,27]],[[5223,2687],[57,-61],[7,-62]],[[4732,2664],[65,38],[-6,31],[113,57],[-29,51],[24,75]],[[4899,2916],[86,-78]],[[4985,2838],[42,6]],[[5027,2844],[-24,-52],[9,-66]],[[4656,2884],[44,65]],[[4700,2949],[93,10]],[[4793,2959],[66,4],[40,-47]],[[5027,2844],[84,-27],[52,16]],[[5163,2833],[65,-114]],[[5228,2719],[-5,-32]],[[5228,2719],[84,36],[35,48],[70,49]],[[5417,2852],[7,-63],[-28,-48],[35,-60]],[[5163,2833],[84,42],[-10,76]],[[5237,2951],[106,13],[64,25]],[[5407,2989],[3,-11]],[[5410,2978],[7,-126]],[[5410,2978],[77,18],[29,-18]],[[5516,2978],[28,-126],[101,14]],[[4985,2838],[46,104]],[[5031,2942],[40,1],[137,92]],[[5208,3035],[29,-84]],[[4793,2959],[32,74]],[[4825,3033],[112,29]],[[4937,3062],[78,-102]],[[5015,2960],[16,-18]],[[5516,2978],[25,127],[55,19],[39,121]],[[5635,3245],[47,-7]],[[5682,3238],[30,-27]],[[5712,3211],[-43,-96],[50,-60],[16,-63]],[[5712,3211],[53,-43],[44,32],[43,-46]],[[5407,2989],[-10,143],[8,55]],[[5405,3187],[10,65],[55,41]],[[5470,3293],[101,-12]],[[5571,3281],[64,-36]],[[5682,3238],[9,59],[-16,85],[-38,27]],[[5637,3409],[55,51]],[[5692,3460],[40,-97],[182,-6]],[[5692,3460],[40,56],[65,29]],[[5797,3545],[52,-76],[87,-48]],[[5208,3035],[9,164]],[[5217,3199],[188,-12]],[[5015,2960],[13,37],[78,74],[-18,77]],[[5088,3148],[10,41],[119,10]],[[4937,3062],[46,87],[1,58]],[[4984,3207],[-10,90]],[[4974,3297],[56,-1]],[[5030,3296],[16,-107],[42,-41]],[[5571,3281],[-7,127]],[[5564,3408],[16,0]],[[5580,3408],[57,1]],[[5580,3408],[-2,80]],[[5578,3488],[-2,78],[110,94]],[[5686,3660],[83,-25],[-13,-54],[41,-36]],[[5470,3293],[-22,86],[-82,35]],[[5366,3414],[22,31],[-2,97]],[[5386,3542],[78,-28],[30,-48]],[[5494,3466],[-2,-46],[72,-12]],[[5494,3466],[84,22]],[[5386,3542],[-1,39]],[[5385,3581],[49,18],[44,67],[99,-3],[75,65],[34,-68]],[[5217,3199],[17,40],[-30,83],[42,36]],[[5246,3358],[16,45],[104,11]],[[5030,3296],[23,6],[41,131],[52,45]],[[5146,3478],[100,-120]],[[5146,3478],[-17,52]],[[5129,3530],[49,-37],[74,32],[57,49],[9,62]],[[5318,3636],[55,13],[12,-68]],[[5129,3530],[18,10]],[[5147,3540],[4,28]],[[5151,3568],[42,-9],[34,51],[2,92]],[[5229,3702],[24,-50],[65,-16]],[[5151,3568],[-58,19],[-24,79]],[[5069,3666],[-1,15]],[[5068,3681],[66,51],[95,-30]],[[4974,3297],[-69,-30],[-20,68]],[[4885,3335],[75,4],[43,47],[-48,32]],[[4955,3418],[3,56]],[[4958,3474],[189,66]],[[4885,3335],[-14,43]],[[4871,3378],[10,43],[74,-3]],[[4871,3378],[-85,20]],[[4786,3398],[-6,139]],[[4780,3537],[92,77]],[[4872,3614],[86,-140]],[[4872,3614],[15,4]],[[4887,3618],[70,33],[112,15]],[[3620,2275],[16,24],[102,12]],[[3738,2311],[112,-14]],[[3850,2297],[1,-141]],[[3850,2297],[42,66]],[[3892,2363],[84,-37],[34,-61]],[[3197,2354],[19,37],[-25,81],[27,62]],[[3218,2534],[46,-27]],[[3264,2507],[120,-110]],[[3892,2363],[-3,42]],[[3889,2405],[48,-4],[53,38],[113,34]],[[4103,2473],[44,-97],[-4,-38]],[[4103,2473],[-21,48]],[[4082,2521],[26,23],[115,20]],[[3075,2352],[19,36],[1,126],[-14,57]],[[3081,2571],[69,11]],[[3150,2582],[68,-48]],[[3007,2352],[-28,76],[9,79]],[[2988,2507],[12,44],[81,20]],[[2852,2361],[-6,93],[93,65]],[[2939,2519],[49,-12]],[[3264,2507],[70,38],[50,61]],[[3384,2606],[36,-16]],[[3420,2590],[64,-121],[16,-144]],[[3150,2582],[27,110]],[[3177,2692],[124,22]],[[3301,2714],[16,-30],[79,-7]],[[3396,2677],[11,-14]],[[3407,2663],[-23,-57]],[[3420,2590],[107,-27],[16,-63],[60,-4],[40,35]],[[3643,2531],[77,-65]],[[3720,2466],[-12,-31],[30,-124]],[[3720,2466],[159,-22]],[[3879,2444],[10,-39]],[[3879,2444],[62,61],[1,68]],[[3942,2573],[33,5]],[[3975,2578],[26,-61],[81,4]],[[3975,2578],[63,71],[-32,19],[27,77]],[[4033,2745],[70,40],[46,-45]],[[4149,2740],[40,-82],[93,44]],[[4149,2740],[-8,42],[46,32]],[[4187,2814],[77,-28],[74,37],[50,-22]],[[4388,2801],[23,-24]],[[4033,2745],[-40,63]],[[3993,2808],[17,5],[36,134],[24,17]],[[4070,2964],[38,-40]],[[4108,2924],[78,-51],[1,-59]],[[3942,2573],[-90,5],[-41,48],[0,54]],[[3811,2680],[72,37],[33,95]],[[3916,2812],[77,-4]],[[3643,2531],[29,25],[11,84]],[[3683,2640],[57,44]],[[3740,2684],[71,-4]],[[3407,2663],[53,-38],[74,25],[105,-35],[44,25]],[[3396,2677],[40,21]],[[3436,2698],[48,-24],[52,31],[13,64],[70,34],[6,40]],[[3625,2843],[23,-28]],[[3648,2815],[28,-36]],[[3676,2779],[64,-95]],[[3676,2779],[33,22],[150,3]],[[3859,2804],[57,8]],[[4388,2801],[23,58]],[[4411,2859],[52,99],[0,88]],[[4463,3046],[128,-82],[-26,-71]],[[4108,2924],[10,83],[58,-32],[103,83],[27,-39]],[[4306,3019],[73,-18],[-19,-90],[51,-52]],[[4306,3019],[73,49],[17,46]],[[4396,3114],[67,-68]],[[4463,3046],[48,57],[53,9],[1,46]],[[4565,3158],[58,-6],[33,-39]],[[4656,3113],[43,-40],[-36,-64],[37,-60]],[[4656,3113],[121,101],[32,10]],[[4809,3224],[36,-35]],[[4845,3189],[-33,-123],[13,-33]],[[4845,3189],[44,38],[95,-20]],[[4809,3224],[-48,91]],[[4761,3315],[25,83]],[[4565,3158],[-23,180]],[[4542,3338],[57,-16],[85,8]],[[4684,3330],[77,-15]],[[4684,3330],[9,66]],[[4693,3396],[-6,74],[-48,56]],[[4639,3526],[37,-10],[104,21]],[[4396,3114],[-1,23]],[[4395,3137],[26,124],[31,27]],[[4452,3288],[70,45]],[[4522,3333],[20,5]],[[4070,2964],[-1,44],[-73,101]],[[3996,3109],[-1,109]],[[3995,3218],[72,-45],[76,-8],[87,17],[50,45]],[[4280,3227],[115,-90]],[[3995,3218],[-29,54]],[[3966,3272],[32,80],[82,63]],[[4080,3415],[91,-65],[77,-83]],[[4248,3267],[32,-40]],[[4248,3267],[102,105]],[[4350,3372],[21,45],[56,-1]],[[4427,3416],[4,-107],[21,-21]],[[4427,3416],[45,68]],[[4472,3484],[50,0],[26,-43]],[[4548,3441],[-29,-43],[3,-65]],[[4548,3441],[145,-45]],[[4472,3484],[5,35]],[[4477,3519],[38,89],[83,20]],[[4598,3628],[61,-33],[-20,-69]],[[4080,3415],[22,14]],[[4102,3429],[19,36],[112,-5]],[[4233,3460],[31,-56],[86,-32]],[[3966,3272],[-42,55],[-84,44]],[[3840,3371],[32,67]],[[3872,3438],[74,98]],[[3946,3536],[10,-8]],[[3956,3528],[54,-36],[6,-63],[86,0]],[[4477,3519],[-69,15],[-85,117]],[[4323,3651],[-13,82]],[[4310,3733],[32,-11],[77,62],[36,-55],[81,48]],[[4536,3777],[47,-70]],[[4583,3707],[15,-79]],[[4233,3460],[34,44],[-31,92]],[[4236,3596],[87,55]],[[3956,3528],[9,36]],[[3965,3564],[117,-26],[78,43],[12,51]],[[4172,3632],[64,-36]],[[4172,3632],[-102,84]],[[4070,3716],[10,35]],[[4080,3751],[18,20]],[[4098,3771],[205,-29]],[[4303,3742],[7,-9]],[[3965,3564],[39,53],[-7,47]],[[3997,3664],[73,52]],[[3872,3438],[-103,139]],[[3769,3577],[13,9]],[[3782,3586],[42,12],[92,-25],[30,-37]],[[3782,3586],[-5,75]],[[3777,3661],[99,38]],[[3876,3699],[62,-46],[59,11]],[[4583,3707],[69,17],[48,60]],[[4700,3784],[143,-74]],[[4843,3710],[44,-92]],[[4843,3710],[56,0],[9,89]],[[4908,3799],[27,-1]],[[4935,3798],[29,1],[104,-118]],[[4700,3784],[50,67]],[[4750,3851],[44,22],[12,59]],[[4806,3932],[90,-76],[12,-57]],[[4806,3932],[27,27],[-16,95],[40,32]],[[4857,4086],[59,-39],[21,-85],[47,-111],[-49,-53]],[[4536,3777],[-14,107],[-32,30]],[[4490,3914],[11,69]],[[4501,3983],[123,26]],[[4624,4009],[65,-70],[55,-22],[6,-66]],[[4624,4009],[69,159]],[[4693,4168],[84,33],[50,-5],[30,-110]],[[4303,3742],[25,90],[72,36],[-5,25]],[[4395,3893],[95,21]],[[4098,3771],[28,88]],[[4126,3859],[16,146]],[[4142,4005],[121,-5]],[[4263,4000],[15,-52],[95,-79],[22,24]],[[4263,4000],[13,17]],[[4276,4017],[82,24],[43,39]],[[4401,4080],[100,-97]],[[4401,4080],[83,92],[1,51]],[[4485,4223],[16,13]],[[4501,4236],[48,-17],[45,23],[99,-74]],[[4276,4017],[0,87],[61,79],[-24,40]],[[4313,4223],[82,23],[90,-23]],[[4142,4005],[-11,60]],[[4131,4065],[-53,43],[23,88],[-13,64]],[[4088,4260],[45,79]],[[4133,4339],[43,-48],[43,21],[78,-28]],[[4297,4284],[16,-61]],[[4297,4284],[35,43],[8,64]],[[4340,4391],[41,-38],[51,-1],[47,50]],[[4479,4402],[57,-31],[-2,-147],[-33,12]],[[4133,4339],[16,54],[-33,60]],[[4116,4453],[150,-2]],[[4266,4451],[74,-60]],[[4266,4451],[78,40],[11,44]],[[4355,4535],[102,18],[37,58]],[[4494,4611],[81,-40],[27,-71],[-96,-34],[-27,-64]],[[4116,4453],[-21,94]],[[4095,4547],[62,61],[50,109]],[[4207,4717],[70,30]],[[4277,4747],[13,-153],[65,-59]],[[4277,4747],[179,0]],[[4456,4747],[-12,-69],[55,-22],[-5,-45]],[[4207,4717],[-57,45],[46,119]],[[4196,4881],[87,-21],[67,31],[106,-144]],[[3859,2804],[-49,100],[19,31]],[[3829,2935],[61,56],[27,73]],[[3917,3064],[32,-26],[47,71]],[[3840,3371],[-34,-15]],[[3806,3356],[-90,-21],[12,51],[-32,74]],[[3696,3460],[12,103],[61,14]],[[3917,3064],[-155,63]],[[3762,3127],[33,93],[11,136]],[[3648,2815],[28,69],[98,53]],[[3774,2937],[55,-2]],[[3762,3127],[-75,30],[-63,67]],[[3624,3224],[15,94],[-16,42]],[[3623,3360],[45,113]],[[3668,3473],[28,-13]],[[3774,2937],[-53,46],[-67,8],[-47,45]],[[3607,3036],[-68,33]],[[3539,3069],[-30,55]],[[3509,3124],[115,100]],[[3625,2843],[-64,39],[-22,73]],[[3539,2955],[35,12],[33,69]],[[3509,3124],[-84,12],[-27,42]],[[3398,3178],[13,74],[36,12],[-14,112],[73,35]],[[3506,3411],[117,-51]],[[3436,2698],[35,51],[-21,52]],[[3450,2801],[24,119]],[[3474,2920],[65,35]],[[3474,2920],[-52,39],[-44,73]],[[3378,3032],[101,-22],[60,59]],[[3378,3032],[-7,7]],[[3371,3039],[-58,38]],[[3313,3077],[1,45],[68,32]],[[3382,3154],[16,24]],[[2939,2519],[-5,19]],[[2934,2538],[-4,38]],[[2930,2576],[91,156],[-26,61]],[[2995,2793],[24,1],[95,-69],[40,-12]],[[3154,2713],[23,-21]],[[2930,2576],[-34,89]],[[2896,2665],[-58,88]],[[2838,2753],[-7,24]],[[2831,2777],[93,13],[59,25]],[[2983,2815],[8,-1]],[[2991,2814],[4,-21]],[[2831,2777],[-25,59],[11,57]],[[2817,2893],[19,79]],[[2836,2972],[62,-26]],[[2898,2946],[70,-64],[15,-67]],[[2898,2946],[72,84]],[[2970,3030],[62,27],[46,-47],[45,27]],[[3123,3037],[6,-91]],[[3129,2946],[-138,-132]],[[3129,2946],[69,-15]],[[3198,2931],[8,-41]],[[3206,2890],[-53,-81],[1,-96]],[[3206,2890],[63,-19],[42,-65]],[[3311,2806],[-10,-92]],[[3311,2806],[52,24],[33,-50],[54,21]],[[3198,2931],[146,29],[27,79]],[[3123,3037],[3,34]],[[3126,3071],[71,5]],[[3197,3076],[35,-16],[81,17]],[[2819,2330],[-44,66],[-52,-11],[-22,74]],[[2701,2459],[57,37]],[[2758,2496],[83,1],[93,41]],[[2758,2496],[-13,77]],[[2745,2573],[50,7],[101,85]],[[2745,2573],[-20,-39],[-93,67]],[[2632,2601],[-11,40]],[[2621,2641],[71,78]],[[2692,2719],[54,-16],[73,13],[19,37]],[[2692,2719],[-83,197]],[[2609,2916],[80,73]],[[2689,2989],[85,-45],[43,-51]],[[2689,2989],[-40,71]],[[2649,3060],[107,15]],[[2756,3075],[44,-22],[36,-81]],[[2577,2346],[17,74]],[[2594,2420],[27,19]],[[2621,2439],[80,20]],[[2621,2439],[-9,70],[-67,28]],[[2545,2537],[76,30],[11,34]],[[2537,2247],[-123,82]],[[2414,2329],[18,34]],[[2432,2363],[69,6],[93,51]],[[2432,2363],[-24,62]],[[2408,2425],[-2,51],[112,60]],[[2518,2536],[27,1]],[[2649,3060],[-120,74]],[[2529,3134],[49,53]],[[2578,3187],[76,34],[86,7]],[[2740,3228],[44,-69]],[[2784,3159],[7,-25]],[[2791,3134],[-35,-59]],[[2529,3134],[-24,6]],[[2505,3140],[8,27],[-43,89],[-119,22]],[[2351,3278],[-1,38]],[[2350,3316],[77,15],[120,47]],[[2547,3378],[9,-25]],[[2556,3353],[30,-42],[-8,-124]],[[2414,2329],[-53,-48],[-114,81],[-34,67]],[[2213,2429],[-2,48]],[[2211,2477],[62,-32],[49,44]],[[2322,2489],[44,-12],[42,-52]],[[2322,2489],[-20,67]],[[2302,2556],[83,18]],[[2385,2574],[74,-35],[59,-3]],[[2385,2574],[18,101]],[[2403,2675],[70,58]],[[2473,2733],[81,-80],[67,-12]],[[2473,2733],[-23,84],[8,106]],[[2458,2923],[85,77]],[[2543,3000],[66,-84]],[[2543,3000],[-61,38],[-25,73]],[[2457,3111],[48,29]],[[2457,3111],[-58,56],[-60,-13]],[[2339,3154],[-30,71]],[[2309,3225],[42,53]],[[2458,2923],[-143,46]],[[2315,2969],[-45,51]],[[2270,3020],[59,58],[10,76]],[[2403,2675],[-53,46],[-35,66]],[[2315,2787],[18,64],[-18,118]],[[2302,2556],[-88,70],[-41,-22]],[[2173,2604],[-12,100]],[[2161,2704],[38,35]],[[2199,2739],[30,43],[86,5]],[[2211,2477],[-1,70],[-30,20]],[[2180,2567],[-7,37]],[[2213,2429],[-28,0],[-70,64],[-92,34]],[[2023,2527],[-58,69]],[[1965,2596],[1,15]],[[1966,2611],[109,32],[105,-76]],[[1966,2611],[18,97],[-31,45]],[[1953,2753],[13,13]],[[1966,2766],[195,-62]],[[1966,2766],[0,71],[44,55]],[[2010,2892],[33,22],[68,-8],[44,35]],[[2155,2941],[-4,-49],[48,-153]],[[2155,2941],[32,58],[83,21]],[[2155,2941],[-10,54]],[[2145,2995],[8,92],[-43,54]],[[2110,3141],[21,53]],[[2131,3194],[39,-40],[92,-16],[47,87]],[[2131,3194],[-17,81],[59,32]],[[2173,3307],[90,19]],[[2263,3326],[49,15]],[[2312,3341],[38,-25]],[[4131,4065],[-85,-20],[-78,-60]],[[3968,3985],[-64,64]],[[3904,4049],[-9,124],[69,13],[4,111]],[[3968,4297],[20,-6]],[[3988,4291],[71,5],[29,-36]],[[3988,4291],[-33,45],[55,59],[-8,82],[33,62]],[[4035,4539],[60,8]],[[4035,4539],[-31,29]],[[4004,4568],[-53,61]],[[3951,4629],[95,149],[-23,41]],[[4023,4819],[69,54],[104,8]],[[4126,3859],[-79,-11],[-46,78]],[[4001,3926],[-33,59]],[[4080,3751],[-96,41]],[[3984,3792],[7,52],[-49,38]],[[3942,3882],[59,44]],[[3876,3699],[122,60],[-14,33]],[[3777,3661],[-20,31]],[[3757,3692],[-23,78],[-55,71]],[[3679,3841],[28,54]],[[3707,3895],[70,5]],[[3777,3900],[90,-39],[75,21]],[[3777,3900],[-7,73],[28,88]],[[3798,4061],[44,-40],[62,28]],[[3798,4061],[-59,62],[19,79]],[[3758,4202],[-28,68]],[[3730,4270],[86,13]],[[3816,4283],[152,14]],[[3816,4283],[6,42],[54,73],[-46,46]],[[3830,4444],[68,-12],[48,35],[58,101]],[[3951,4629],[-45,-31],[-117,125]],[[3789,4723],[7,127],[89,11],[21,-54],[117,12]],[[3830,4444],[-59,-17]],[[3771,4427],[7,97],[36,72],[-71,78]],[[3743,4674],[46,49]],[[3730,4270],[-152,82]],[[3578,4352],[27,55],[-10,61]],[[3595,4468],[68,21]],[[3663,4489],[16,-38],[92,-24]],[[3663,4489],[-61,98],[44,113]],[[3646,4700],[97,-26]],[[3707,3895],[-83,193],[-58,29]],[[3566,4117],[10,63],[94,-4],[88,26]],[[3566,4117],[-64,0]],[[3502,4117],[-20,33]],[[3482,4150],[25,85],[45,12],[-21,69],[47,36]],[[3679,3841],[-17,-1]],[[3662,3840],[-22,95],[-59,46],[-103,-1]],[[3478,3980],[32,41],[-8,96]],[[3662,3840],[-28,-47],[-70,-35]],[[3564,3758],[-101,9]],[[3463,3767],[-64,146]],[[3399,3913],[68,23],[11,44]],[[3399,3913],[-54,18],[-80,-15],[-15,27]],[[3250,3943],[-15,110],[-51,59]],[[3184,4112],[-4,59]],[[3180,4171],[91,37],[74,7],[22,-52],[84,-33],[31,20]],[[3180,4171],[-5,51]],[[3175,4222],[30,76]],[[3205,4298],[113,31],[78,147],[43,36]],[[3439,4512],[93,-12],[63,-32]],[[3439,4512],[-40,59],[15,55],[-21,67]],[[3393,4693],[39,55],[161,-10],[53,-38]],[[3205,4298],[-38,65],[-6,86],[29,94],[78,135],[7,42],[118,-27]],[[2023,2527],[-14,-40],[-65,-42],[-78,19]],[[1866,2464],[-10,76]],[[1856,2540],[109,56]],[[1866,2464],[-90,-48],[-45,3]],[[1731,2419],[-45,50]],[[1686,2469],[-44,43]],[[1642,2512],[45,6],[53,67],[64,-25],[47,10]],[[1851,2570],[5,-30]],[[1686,2469],[-17,-34],[-121,-8],[-47,66]],[[1501,2493],[41,54]],[[1542,2547],[95,-14]],[[1637,2533],[5,-21]],[[1731,2419],[-61,-65],[-96,-17]],[[1574,2337],[-118,49]],[[1456,2386],[-10,87]],[[1446,2473],[55,20]],[[1574,2337],[-52,-82]],[[1522,2255],[-80,111]],[[1442,2366],[14,20]],[[1522,2255],[-12,-33],[-82,-37],[-74,25]],[[1354,2210],[3,86],[63,52]],[[1420,2348],[22,18]],[[1446,2473],[-46,0],[-78,110]],[[1322,2583],[11,41]],[[1333,2624],[55,9],[18,-49],[62,45]],[[1468,2629],[49,-29],[25,-53]],[[1420,2348],[-47,47],[-81,-9]],[[1292,2386],[1,89]],[[1293,2475],[17,14],[28,56],[-16,38]],[[1354,2210],[-91,-12]],[[1263,2198],[-49,73],[42,23],[-14,53],[50,39]],[[1263,2198],[-46,-28]],[[1217,2170],[-64,58],[-27,89]],[[1126,2317],[77,114]],[[1203,2431],[63,59],[27,-15]],[[1217,2170],[-105,-92],[-88,13]],[[1024,2091],[48,100],[-8,89],[24,39]],[[1088,2319],[38,-2]],[[3757,3692],[-51,-33],[-67,19],[-21,-28]],[[3618,3650],[-47,35],[-7,73]],[[3668,3473],[-66,61],[7,50]],[[3609,3584],[9,66]],[[3506,3411],[-48,92]],[[3458,3503],[-42,53]],[[3416,3556],[193,28]],[[3416,3556],[-21,112],[68,99]],[[2791,3134],[109,-53],[35,5]],[[2935,3086],[35,-56]],[[2935,3086],[15,46],[58,37]],[[3008,3169],[62,-21]],[[3070,3148],[56,-77]],[[3070,3148],[13,42]],[[3083,3190],[30,21],[98,-13]],[[3211,3198],[-14,-122]],[[3211,3198],[28,3]],[[3239,3201],[143,-47]],[[2784,3159],[85,26],[14,42]],[[2883,3227],[61,-4],[64,-54]],[[3239,3201],[12,46]],[[3251,3247],[91,35],[32,85],[70,50],[10,63]],[[3454,3480],[4,23]],[[3083,3190],[-28,49],[99,45],[44,61]],[[3198,3345],[33,-9],[20,-89]],[[3198,3345],[-1,56]],[[3197,3401],[83,13],[63,53]],[[3343,3467],[27,-23],[84,36]],[[2883,3227],[50,38],[35,102]],[[2968,3367],[58,73]],[[3026,3440],[11,-37],[123,24]],[[3160,3427],[37,-26]],[[2740,3228],[9,100]],[[2749,3328],[67,21],[36,43]],[[2852,3392],[44,-27],[72,2]],[[2852,3392],[14,69],[-43,65],[30,45]],[[2853,3571],[20,25]],[[2873,3596],[114,-10]],[[2987,3586],[79,-35],[-40,-111]],[[2987,3586],[26,43]],[[3013,3629],[76,-19],[76,11]],[[3165,3621],[25,-11]],[[3190,3610],[-23,-79],[-7,-104]],[[3190,3610],[21,-28]],[[3211,3582],[40,-53],[92,-62]],[[3211,3582],[6,84],[64,27]],[[3281,3693],[90,22],[92,52]],[[3281,3693],[18,103],[-48,18],[-68,-27]],[[3183,3787],[69,85],[-2,71]],[[3165,3621],[-23,64],[-90,33],[58,96]],[[3110,3814],[73,-27]],[[2873,3596],[-43,21],[-45,80],[-35,10]],[[2750,3707],[31,94]],[[2781,3801],[83,20],[99,-60]],[[2963,3761],[6,-91],[44,-41]],[[2963,3761],[100,59]],[[3063,3820],[47,-6]],[[3063,3820],[-28,38],[5,52]],[[3040,3910],[2,24],[35,44],[-44,66],[49,61],[102,7]],[[2781,3801],[39,123]],[[2820,3924],[136,-11],[84,-3]],[[2820,3924],[-45,1]],[[2775,3925],[26,47],[-45,52]],[[2756,4024],[23,22]],[[2779,4046],[90,25],[29,46],[67,28],[-42,51],[9,62],[-67,15],[7,58]],[[2872,4331],[90,-1],[58,31],[74,-52],[25,-61],[56,-26]],[[2779,4046],[-35,90],[-15,138]],[[2729,4274],[44,57],[99,0]],[[1024,2091],[-82,84],[-12,41]],[[930,2216],[-13,95]],[[917,2311],[77,101]],[[994,2412],[94,-93]],[[994,2412],[27,87]],[[1021,2499],[115,-4],[32,18]],[[1168,2513],[35,-82]],[[1168,2513],[41,56]],[[1209,2569],[113,14]],[[1209,2569],[-36,43]],[[1173,2612],[31,73]],[[1204,2685],[97,0]],[[1301,2685],[32,-61]],[[1851,2570],[-9,74]],[[1842,2644],[53,53],[-14,68]],[[1881,2765],[72,-12]],[[1637,2533],[-93,97],[-5,41]],[[1539,2671],[99,31],[45,57]],[[1683,2759],[34,1],[125,-116]],[[1683,2759],[-5,82]],[[1678,2841],[63,10]],[[1741,2851],[25,12],[77,-53]],[[1843,2810],[38,-45]],[[1539,2671],[-15,115]],[[1524,2786],[9,80]],[[1533,2866],[11,15]],[[1544,2881],[37,11],[43,-57],[54,6]],[[1843,2810],[-8,71],[61,50]],[[1896,2931],[50,-45],[64,6]],[[1896,2931],[3,59]],[[1899,2990],[45,21]],[[1944,3011],[107,1],[53,-40],[41,23]],[[1741,2851],[-15,27],[29,114]],[[1755,2992],[144,-2]],[[1544,2881],[-10,39],[13,119]],[[1547,3039],[125,-2]],[[1672,3037],[29,-44],[54,-1]],[[1944,3011],[-18,146]],[[1926,3157],[50,-4]],[[1976,3153],[63,-40],[71,28]],[[1672,3037],[55,26],[5,115]],[[1732,3178],[54,-34],[92,8]],[[1878,3152],[48,5]],[[1547,3039],[-8,23]],[[1539,3062],[-38,86],[49,60],[-21,69]],[[1529,3277],[47,-32],[101,2]],[[1677,3247],[55,-69]],[[1976,3153],[47,143],[86,52]],[[2109,3348],[64,-41]],[[1878,3152],[-15,118],[-34,92]],[[1829,3362],[2,17]],[[1831,3379],[108,24]],[[1939,3403],[17,-44],[94,40]],[[2050,3399],[59,-51]],[[1677,3247],[39,126]],[[1716,3373],[113,-11]],[[1529,3277],[-2,69]],[[1527,3346],[39,45],[60,-8],[61,36]],[[1687,3419],[29,-46]],[[1527,3346],[-24,65],[38,64]],[[1541,3475],[-8,53]],[[1533,3528],[41,29],[46,-20]],[[1620,3537],[67,-118]],[[1620,3537],[-3,54],[76,68]],[[1693,3659],[104,-60]],[[1797,3599],[0,-57],[36,-64],[-24,-36],[22,-63]],[[1939,3403],[0,52],[77,126]],[[2016,3581],[49,28]],[[2065,3609],[21,-58],[-20,-49]],[[2066,3502],[-16,-103]],[[1797,3599],[98,40],[19,33]],[[1914,3672],[41,-16],[61,-75]],[[1693,3659],[89,111]],[[1782,3770],[77,20]],[[1859,3790],[50,-12]],[[1909,3778],[28,-38]],[[1937,3740],[-23,-68]],[[2556,3353],[61,14],[81,-18]],[[2698,3349],[51,-21]],[[2698,3349],[4,107],[39,62]],[[2741,3518],[12,46],[100,7]],[[2741,3518],[-15,26]],[[2726,3544],[13,90],[-17,50]],[[2722,3684],[28,23]],[[2547,3378],[42,94],[-37,55]],[[2552,3527],[51,73],[38,4]],[[2641,3604],[46,-5],[39,-55]],[[2312,3341],[19,56],[94,111]],[[2425,3508],[127,19]],[[2263,3326],[-60,48],[15,90]],[[2218,3464],[32,102],[56,7]],[[2306,3573],[56,-47],[63,-18]],[[2066,3502],[71,22],[81,-60]],[[2065,3609],[28,32],[94,-4],[91,77]],[[2278,3714],[28,-18]],[[2306,3696],[-19,-66],[19,-57]],[[2306,3696],[77,11]],[[2383,3707],[92,15],[51,-15]],[[2526,3707],[59,-27],[20,-66],[36,-10]],[[2526,3707],[93,81]],[[2619,3788],[103,-104]],[[2619,3788],[-52,120]],[[2567,3908],[39,18],[47,-48],[61,3],[61,44]],[[2383,3707],[29,88]],[[2412,3795],[121,48],[24,65]],[[2557,3908],[10,0]],[[1937,3740],[44,29],[59,-4],[148,25]],[[2188,3790],[90,-76]],[[2188,3790],[77,102],[0,30]],[[2265,3922],[80,10]],[[2345,3932],[13,-103],[54,-34]],[[2345,3932],[31,23]],[[2376,3955],[77,26],[67,-34]],[[2520,3947],[37,-39]],[[2520,3947],[65,91],[35,14]],[[2620,4052],[136,-28]],[[2620,4052],[-22,34],[-1,86],[-23,23]],[[2574,4195],[43,58],[71,13],[11,34]],[[2699,4300],[30,-26]],[[1909,3778],[51,92],[-36,71]],[[1924,3941],[22,44],[-30,68],[46,57]],[[1962,4110],[36,66]],[[1998,4176],[60,-47]],[[2058,4129],[44,-140],[59,-59],[69,13],[35,-21]],[[2058,4129],[77,44],[36,-29],[116,35]],[[2287,4179],[44,-122]],[[2331,4057],[45,-102]],[[2331,4057],[90,-26],[50,69],[-2,54],[66,48]],[[2535,4202],[39,-7]],[[2287,4179],[23,49]],[[2310,4228],[87,-11],[65,22],[73,-37]],[[2310,4228],[-52,81],[19,47],[-15,68]],[[2262,4424],[164,-11],[71,-93],[37,52],[109,64],[70,-77],[-14,-59]],[[1998,4176],[6,78],[30,71],[103,65]],[[2137,4390],[13,51],[112,-17]],[[930,2216],[-127,-38],[-144,27],[-19,50]],[[640,2255],[-12,45],[77,89],[73,31],[29,43]],[[807,2463],[117,-67],[-7,-85]],[[640,2255],[-72,-18],[-30,33]],[[538,2270],[35,25],[-8,63],[48,71],[6,43]],[[619,2472],[42,113]],[[661,2585],[15,-51],[85,34]],[[761,2568],[46,-105]],[[538,2270],[-79,-20],[-28,37]],[[431,2287],[-35,90]],[[396,2377],[48,21],[59,102]],[[503,2500],[116,-28]],[[503,2500],[-36,66]],[[467,2566],[-23,64]],[[444,2630],[28,62]],[[472,2692],[79,-24]],[[551,2668],[54,-62],[46,4]],[[651,2610],[10,-25]],[[431,2287],[-71,-49],[-84,52]],[[276,2290],[-3,64]],[[273,2354],[80,-2],[43,25]],[[273,2354],[-9,59]],[[264,2413],[39,123]],[[303,2536],[74,-33],[60,-4],[30,67]],[[276,2290],[-32,-17],[-76,40],[-27,74],[-64,-1],[-1,87]],[[76,2473],[55,14]],[[131,2487],[133,-74]],[[444,2630],[-61,55],[-63,0]],[[320,2685],[-29,71]],[[291,2756],[17,27]],[[308,2783],[37,-52],[68,6]],[[413,2737],[59,-45]],[[303,2536],[-8,121]],[[295,2657],[25,28]],[[131,2487],[108,130]],[[239,2617],[56,40]],[[76,2473],[-76,3],[7,104],[85,57],[28,58]],[[120,2695],[49,-56],[70,-22]],[[120,2695],[-1,34]],[[119,2729],[56,17],[38,-39],[78,49]],[[119,2729],[-20,96],[113,60],[46,-16]],[[258,2869],[33,0],[17,-86]],[[1924,3941],[-103,-14]],[[1821,3927],[-56,89],[-52,129]],[[1713,4145],[33,57],[63,-51],[91,4]],[[1900,4155],[62,-45]],[[1900,4155],[-11,123],[-20,44]],[[1869,4322],[12,65],[-37,85],[49,12]],[[1893,4484],[36,-57],[109,-20],[72,21],[27,-38]],[[1859,3790],[-42,36],[-16,60],[20,41]],[[1869,4322],[-57,58],[-79,9],[-110,-38]],[[1623,4351],[-67,25],[-51,68]],[[1505,4444],[0,33],[117,62]],[[1622,4539],[52,28],[99,-32],[96,5],[24,-56]],[[1505,4444],[-41,23],[-47,-76],[-54,30],[-74,-12]],[[1289,4409],[-5,22]],[[1284,4431],[-4,94],[97,107]],[[1377,4632],[87,-28],[142,-8],[16,-57]],[[1713,4145],[-43,-13],[-56,75],[-88,70]],[[1526,4277],[8,32],[89,42]],[[1526,4277],[-62,-62]],[[1464,4215],[-31,7],[-43,83],[-101,-31],[0,135]],[[1821,3927],[-125,8]],[[1696,3935],[-69,51],[-101,-30],[-84,39]],[[1442,3995],[-12,137]],[[1430,4132],[34,83]],[[1782,3770],[-77,-4]],[[1705,3766],[-1,20]],[[1704,3786],[34,106],[-42,43]],[[1704,3786],[-102,-3],[-18,23],[-76,-55]],[[1508,3751],[-50,-10],[-42,95]],[[1416,3836],[-6,83],[32,76]],[[1533,3528],[19,76]],[[1552,3604],[0,88],[60,54],[93,20]],[[1552,3604],[-94,69],[50,78]],[[1552,3604],[-58,-19],[-53,15],[-65,-55]],[[1376,3545],[-80,-8]],[[1296,3537],[-4,52],[-40,59]],[[1252,3648],[1,20]],[[1253,3668],[151,76],[12,92]],[[1253,3668],[-12,75],[-45,44]],[[1196,3787],[25,77],[117,13]],[[1338,3877],[78,-41]],[[1252,3648],[-86,37]],[[1166,3685],[-14,92]],[[1152,3777],[44,10]],[[1296,3537],[-64,-65]],[[1232,3472],[-79,22],[-29,152]],[[1124,3646],[42,39]],[[1468,2629],[-63,125]],[[1405,2754],[71,55],[48,-23]],[[1405,2754],[-47,12],[-35,78]],[[1323,2844],[9,39]],[[1332,2883],[90,11]],[[1422,2894],[55,-33],[56,5]],[[1301,2685],[-25,95],[47,64]],[[1422,2894],[9,151]],[[1431,3045],[108,17]],[[1431,3045],[-23,19]],[[1408,3064],[2,88]],[[1410,3152],[64,55],[-4,46]],[[1470,3253],[59,24]],[[1470,3253],[-65,60],[2,103]],[[1407,3416],[-1,13]],[[1406,3429],[78,46],[57,0]],[[1406,3429],[-30,116]],[[1407,3416],[-58,-3],[-12,-57],[-48,-31]],[[1289,3325],[-20,91]],[[1269,3416],[-37,56]],[[1410,3152],[-60,31],[-8,77],[-42,8]],[[1300,3268],[-11,57]],[[1300,3268],[-47,-54]],[[1253,3214],[-121,43],[-23,-6]],[[1109,3251],[-3,-1]],[[1106,3250],[48,104]],[[1154,3354],[115,62]],[[1408,3064],[-164,9]],[[1244,3073],[32,108],[-23,33]],[[1332,2883],[-29,61],[-49,5]],[[1254,2949],[-16,-1]],[[1238,2948],[-13,108]],[[1225,3056],[19,17]],[[1225,3056],[-89,4]],[[1136,3060],[13,102],[-39,13],[-1,76]],[[1204,2685],[-24,70]],[[1180,2755],[38,37],[36,157]],[[1136,3060],[-28,-49],[-68,24]],[[1040,3035],[-18,8]],[[1022,3043],[-50,103]],[[972,3146],[17,43],[93,48]],[[1082,3237],[24,13]],[[1238,2948],[-78,-32],[-115,31]],[[1045,2947],[-5,88]],[[1180,2755],[-27,4],[-45,78],[-58,4]],[[1050,2841],[0,16]],[[1050,2857],[-5,90]],[[1430,4132],[-117,-21],[-16,16]],[[1297,4127],[-90,117]],[[1207,4244],[14,34],[-62,47]],[[1159,4325],[52,44],[29,67]],[[1240,4436],[44,-5]],[[1338,3877],[-13,80],[-74,23],[-44,95]],[[1207,4075],[31,49],[59,3]],[[1240,4436],[-52,94],[-94,43]],[[1094,4573],[11,34]],[[1105,4607],[23,33],[114,20],[69,-37],[66,9]],[[1152,3777],[-60,92],[-39,15]],[[1053,3884],[-2,38],[50,85]],[[1101,4007],[82,2],[24,66]],[[1124,3646],[-75,20],[-23,-23]],[[1026,3643],[-42,5],[-86,96]],[[898,3744],[6,40]],[[904,3784],[39,35],[71,8]],[[1014,3827],[39,57]],[[904,3784],[-64,5],[-82,44]],[[758,3833],[-21,112]],[[737,3945],[57,17],[70,-49],[62,9]],[[926,3922],[88,-95]],[[926,3922],[28,39],[-32,41]],[[922,4002],[64,2],[54,57]],[[1040,4061],[61,-54]],[[1040,4061],[98,72],[69,111]],[[737,3945],[-28,157]],[[709,4102],[54,-25],[39,19]],[[802,4096],[120,-94]],[[802,4096],[40,26],[26,74]],[[868,4196],[21,-7]],[[889,4189],[79,-33],[72,-95]],[[889,4189],[34,16],[5,79],[54,-11],[44,63],[32,-3]],[[1058,4333],[101,-8]],[[709,4102],[-62,83],[5,41],[-56,31],[9,80]],[[605,4337],[89,-15],[82,35]],[[776,4357],[92,-161]],[[776,4357],[12,71]],[[788,4428],[153,35],[47,-53]],[[988,4410],[70,-77]],[[605,4337],[-32,100],[40,33],[77,-23],[67,33]],[[757,4480],[31,-52]],[[988,4410],[23,49],[-8,65],[91,49]],[[757,4480],[44,32],[21,64],[134,52],[149,-21]],[[1173,2612],[-59,77],[-50,8]],[[1064,2697],[-14,144]],[[1021,2499],[-1,94],[-47,65]],[[973,2658],[49,50],[42,-11]],[[761,2568],[6,-1]],[[767,2567],[46,-6],[90,65],[32,97]],[[935,2723],[38,-65]],[[935,2723],[2,40],[-69,47]],[[868,2810],[48,66],[29,-4]],[[945,2872],[29,21],[76,-36]],[[767,2567],[-10,49],[53,92],[39,18],[2,70]],[[851,2796],[17,14]],[[651,2610],[58,32],[-37,94],[61,35],[51,102]],[[784,2873],[12,-48],[55,-29]],[[551,2668],[44,190],[41,30]],[[636,2888],[134,35]],[[770,2923],[14,-50]],[[770,2923],[7,-1]],[[777,2922],[94,42]],[[871,2964],[29,12]],[[900,2976],[-6,-55],[51,-49]],[[900,2976],[52,62],[70,5]],[[871,2964],[-30,61],[49,38],[-22,48],[18,54]],[[886,3165],[86,-19]],[[1154,3354],[-82,80]],[[1072,3434],[9,50],[-39,64]],[[1042,3548],[27,44],[-43,51]],[[1072,3434],[-68,-6],[-52,-45],[-56,24]],[[896,3407],[-8,35]],[[888,3442],[14,77],[43,29]],[[945,3548],[97,0]],[[1082,3237],[-102,93],[-90,24]],[[890,3354],[6,53]],[[886,3165],[-17,60],[-80,35]],[[789,3260],[-31,33]],[[758,3293],[112,21],[20,40]],[[777,2922],[-24,37],[26,108],[-23,45]],[[756,3112],[49,41],[-16,107]],[[636,2888],[-108,80]],[[528,2968],[95,44],[1,78],[54,39]],[[678,3129],[78,-17]],[[413,2737],[16,66],[-20,61],[58,50]],[[467,2914],[61,54]],[[258,2869],[-27,69],[-12,124],[30,4]],[[249,3066],[117,-72],[33,37]],[[399,3031],[48,-40],[20,-77]],[[678,3129],[-31,47],[5,54]],[[652,3230],[71,56]],[[723,3286],[35,7]],[[399,3031],[10,57]],[[409,3088],[49,7],[54,103],[63,50],[42,5]],[[617,3253],[35,-23]],[[249,3066],[-33,11],[-14,80],[16,69],[95,101]],[[313,3327],[69,-47]],[[382,3280],[47,-124],[-20,-68]],[[382,3280],[124,66]],[[506,3346],[83,-44],[28,-49]],[[313,3327],[36,55],[51,26],[49,75]],[[449,3483],[79,-61]],[[528,3422],[-22,-76]],[[528,3422],[69,17],[71,-36],[104,48]],[[772,3451],[-14,-48],[-52,-29],[17,-88]],[[772,3451],[-18,24]],[[754,3475],[53,14]],[[807,3489],[81,-47]],[[449,3483],[14,64],[94,53]],[[557,3600],[35,-47],[117,-12],[45,-66]],[[945,3548],[-111,99]],[[834,3647],[64,97]],[[807,3489],[10,99]],[[817,3588],[17,59]],[[557,3600],[36,73],[30,2]],[[623,3675],[86,-34],[39,-40],[69,-13]],[[623,3675],[-3,37],[110,16],[28,105]],[[4270,470],[-2,45],[-59,48],[4,40],[-74,21],[-52,-11]],[[4087,613],[-53,42]],[[4402,159],[-102,-51]],[[4300,108],[-98,44]],[[4202,152],[39,98],[10,100],[-10,112],[-68,67],[-66,-9],[-54,44],[34,49]],[[4300,108],[-41,-72],[-54,-6]],[[4205,30],[-80,98]],[[4125,128],[77,24]],[[4673,381],[15,-63],[-55,-50],[-3,-116],[-109,-31],[-61,-67],[-255,-24]],[[4205,30],[-90,-30],[-68,30],[-23,63],[56,76],[45,-41]]],"transform":{"scale":[0.0026826793125337813,0.00166352422460643],"translate":[22.14628876262833,44.24167093340549]},"objects":{"UKR":{"type":"GeometryCollection","geometries":[{"arcs":[[0,1,2]],"type":"Polygon","properties":{"name":"Bakhchysarai","shapeGroup":"UKR","gid":"UKR-2-0"},"id":"UKR-2-0"},{"arcs":[[-2,3,4,5,6,7]],"type":"Polygon","properties":{"name":"Simferopol","shapeGroup":"UKR","gid":"UKR-2-1"},"id":"UKR-2-1"},{"arcs":[[-7,8,9,10,11,12,13]],"type":"Polygon","properties":{"name":"Bilohirsk","shapeGroup":"UKR","gid":"UKR-2-2"},"id":"UKR-2-2"},{"arcs":[[-12,14,15,16,17]],"type":"Polygon","properties":{"name":"Kirovske","shapeGroup":"UKR","gid":"UKR-2-3"},"id":"UKR-2-3"},{"arcs":[[-17,18]],"type":"Polygon","properties":{"name":"Lenine","shapeGroup":"UKR","gid":"UKR-2-4"},"id":"UKR-2-4"},{"arcs":[[19,20,21]],"type":"Polygon","properties":{"name":"Chornomorske","shapeGroup":"UKR","gid":"UKR-2-5"},"id":"UKR-2-5"},{"arcs":[[-11,22,23,-15]],"type":"Polygon","properties":{"name":"Sovietsky","shapeGroup":"UKR","gid":"UKR-2-6"},"id":"UKR-2-6"},{"arcs":[[-10,24,25,26,-23]],"type":"Polygon","properties":{"name":"Nyzhniohirskyi","shapeGroup":"UKR","gid":"UKR-2-7"},"id":"UKR-2-7"},{"arcs":[[-6,27,28,29,-25,-9]],"type":"Polygon","properties":{"name":"Krasnohvardiiske","shapeGroup":"UKR","gid":"UKR-2-8"},"id":"UKR-2-8"},{"arcs":[[-22,30,31,32,33]],"type":"Polygon","properties":{"name":"Rozdolne","shapeGroup":"UKR","gid":"UKR-2-9"},"id":"UKR-2-9"},{"arcs":[[-26,-30,34,35,36]],"type":"Polygon","properties":{"name":"Dzhankoy","shapeGroup":"UKR","gid":"UKR-2-10"},"id":"UKR-2-10"},{"arcs":[[-29,37,-33,38,-35]],"type":"Polygon","properties":{"name":"Pervomaiske","shapeGroup":"UKR","gid":"UKR-2-11"},"id":"UKR-2-11"},{"arcs":[[-32,39,40,41,-36,-39]],"type":"Polygon","properties":{"name":"Krasnoperekopsk","shapeGroup":"UKR","gid":"UKR-2-12"},"id":"UKR-2-12"},{"arcs":[[-41,42,43,44,45]],"type":"Polygon","properties":{"name":"Kalanchak","shapeGroup":"UKR","gid":"UKR-2-13"},"id":"UKR-2-13"},{"arcs":[[-44,46,47,48]],"type":"Polygon","properties":{"name":"Skadovsk","shapeGroup":"UKR","gid":"UKR-2-14"},"id":"UKR-2-14"},{"arcs":[[-48,49,50,51]],"type":"Polygon","properties":{"name":"Holo Prystan","shapeGroup":"UKR","gid":"UKR-2-15"},"id":"UKR-2-15"},{"arcs":[[-45,-49,-52,52,53,54,55]],"type":"Polygon","properties":{"name":"Oleshky","shapeGroup":"UKR","gid":"UKR-2-16"},"id":"UKR-2-16"},{"arcs":[[-46,-56,56,57,58]],"type":"Polygon","properties":{"name":"Chaplynka","shapeGroup":"UKR","gid":"UKR-2-17"},"id":"UKR-2-17"},{"arcs":[[-55,59,60,61,62,-57]],"type":"Polygon","properties":{"name":"Kakhovka","shapeGroup":"UKR","gid":"UKR-2-18"},"id":"UKR-2-18"},{"arcs":[[-58,-63,63,64,65,66]],"type":"Polygon","properties":{"name":"Novotroitske","shapeGroup":"UKR","gid":"UKR-2-19"},"id":"UKR-2-19"},{"arcs":[[-66,67,68,69]],"type":"Polygon","properties":{"name":"Henichesk","shapeGroup":"UKR","gid":"UKR-2-20"},"id":"UKR-2-20"},{"arcs":[[-65,70,71,-68]],"type":"Polygon","properties":{"name":"Ivanivka","shapeGroup":"UKR","gid":"UKR-2-21"},"id":"UKR-2-21"},{"arcs":[[-69,-72,72,73,74,75]],"type":"Polygon","properties":{"name":"Yakymivka","shapeGroup":"UKR","gid":"UKR-2-22"},"id":"UKR-2-22"},{"arcs":[[-62,76,77,78,79,-71,-64]],"type":"Polygon","properties":{"name":"Nyzhni Sirohozy","shapeGroup":"UKR","gid":"UKR-2-23"},"id":"UKR-2-23"},{"arcs":[[-51,80,81,82,83,-53]],"type":"Polygon","properties":{"name":"Bilozerka","shapeGroup":"UKR","gid":"UKR-2-24"},"id":"UKR-2-24"},{"arcs":[[-54,-84,84,85,86,87,-60]],"type":"Polygon","properties":{"name":"Beryslav","shapeGroup":"UKR","gid":"UKR-2-25"},"id":"UKR-2-25"},{"arcs":[[-61,-88,88,-77]],"type":"Polygon","properties":{"name":"Hornostaivka","shapeGroup":"UKR","gid":"UKR-2-26"},"id":"UKR-2-26"},{"arcs":[[-75,89,90,91,92,93]],"type":"Polygon","properties":{"name":"Pryazovske","shapeGroup":"UKR","gid":"UKR-2-27"},"id":"UKR-2-27"},{"arcs":[[-86,94,95,96,97]],"type":"Polygon","properties":{"name":"Velyka Oleksandrivka","shapeGroup":"UKR","gid":"UKR-2-28"},"id":"UKR-2-28"},{"arcs":[[-78,-89,98,99]],"type":"Polygon","properties":{"name":"Velyka Lepetkya","shapeGroup":"UKR","gid":"UKR-2-29"},"id":"UKR-2-29"},{"arcs":[[-79,-100,100,101,102,103]],"type":"Polygon","properties":{"name":"Verkhniy Rohackyk","shapeGroup":"UKR","gid":"UKR-2-30"},"id":"UKR-2-30"},{"arcs":[[-87,-98,104,105,106,-101,-99]],"type":"Polygon","properties":{"name":"Novovorontsovka","shapeGroup":"UKR","gid":"UKR-2-31"},"id":"UKR-2-31"},{"arcs":[[-97,107,108,109,110,-105]],"type":"Polygon","properties":{"name":"Vysokopillia","shapeGroup":"UKR","gid":"UKR-2-32"},"id":"UKR-2-32"},{"arcs":[[-83,111,112,113,-95,-85]],"type":"Polygon","properties":{"name":"Snihurivka","shapeGroup":"UKR","gid":"UKR-2-33"},"id":"UKR-2-33"},{"arcs":[[-82,114,115,116,117,118,-112]],"type":"Polygon","properties":{"name":"Vitovka","shapeGroup":"UKR","gid":"UKR-2-34"},"id":"UKR-2-34"},{"arcs":[[-96,-114,119,120,121,-108]],"type":"Polygon","properties":{"name":"Bereznehuvate","shapeGroup":"UKR","gid":"UKR-2-35"},"id":"UKR-2-35"},{"arcs":[[-116,122,123]],"type":"Polygon","properties":{"name":"Ochakiv","shapeGroup":"UKR","gid":"UKR-2-36"},"id":"UKR-2-36"},{"arcs":[[-117,-124,124,125,126]],"type":"Polygon","properties":{"name":"Mykolaiv","shapeGroup":"UKR","gid":"UKR-2-37"},"id":"UKR-2-37"},{"arcs":[[-118,-127,127,128,129,130]],"type":"Polygon","properties":{"name":"Nova Odesa","shapeGroup":"UKR","gid":"UKR-2-38"},"id":"UKR-2-38"},{"arcs":[[-113,-119,-131,131,132,-120]],"type":"Polygon","properties":{"name":"Bashtanka","shapeGroup":"UKR","gid":"UKR-2-39"},"id":"UKR-2-39"},{"arcs":[[-125,133,134,135,136]],"type":"Polygon","properties":{"name":"Berezanka","shapeGroup":"UKR","gid":"UKR-2-40"},"id":"UKR-2-40"},{"arcs":[[-126,-137,137,138,139,140,-128]],"type":"Polygon","properties":{"name":"Veselynove","shapeGroup":"UKR","gid":"UKR-2-41"},"id":"UKR-2-41"},{"arcs":[[-109,-122,141,142,143,144,145]],"type":"Polygon","properties":{"name":"Kazanka","shapeGroup":"UKR","gid":"UKR-2-42"},"id":"UKR-2-42"},{"arcs":[[-121,-133,146,147,148,-142]],"type":"Polygon","properties":{"name":"Novyi Buh","shapeGroup":"UKR","gid":"UKR-2-43"},"id":"UKR-2-43"},{"arcs":[[-130,149,150,151,-147,-132]],"type":"Polygon","properties":{"name":"Yelanets","shapeGroup":"UKR","gid":"UKR-2-44"},"id":"UKR-2-44"},{"arcs":[[-129,-141,152,153,154,-150]],"type":"Polygon","properties":{"name":"Voznesensk","shapeGroup":"UKR","gid":"UKR-2-45"},"id":"UKR-2-45"},{"arcs":[[-151,-155,155,156,157]],"type":"Polygon","properties":{"name":"Bratske","shapeGroup":"UKR","gid":"UKR-2-46"},"id":"UKR-2-46"},{"arcs":[[-154,158,159,160,161,-156]],"type":"Polygon","properties":{"name":"Arbuzynka","shapeGroup":"UKR","gid":"UKR-2-47"},"id":"UKR-2-47"},{"arcs":[[-140,162,163,164,-159,-153]],"type":"Polygon","properties":{"name":"Domanivka","shapeGroup":"UKR","gid":"UKR-2-48"},"id":"UKR-2-48"},{"arcs":[[-160,-165,165,166,167,168,169]],"type":"Polygon","properties":{"name":"Pervomaisk","shapeGroup":"UKR","gid":"UKR-2-49"},"id":"UKR-2-49"},{"arcs":[[-167,170,171,172,173,174]],"type":"Polygon","properties":{"name":"Kryve Ozero","shapeGroup":"UKR","gid":"UKR-2-50"},"id":"UKR-2-50"},{"arcs":[[-164,175,176,-171,-166]],"type":"Polygon","properties":{"name":"Vradiivka","shapeGroup":"UKR","gid":"UKR-2-51"},"id":"UKR-2-51"},{"arcs":[[-173,177,178,179,180]],"type":"Polygon","properties":{"name":"Savran","shapeGroup":"UKR","gid":"UKR-2-52"},"id":"UKR-2-52"},{"arcs":[[-179,181,182,183,184,185,186,187]],"type":"Polygon","properties":{"name":"Balta","shapeGroup":"UKR","gid":"UKR-2-53"},"id":"UKR-2-53"},{"arcs":[[-185,188,189,190,191]],"type":"Polygon","properties":{"name":"Kodyma","shapeGroup":"UKR","gid":"UKR-2-54"},"id":"UKR-2-54"},{"arcs":[[-172,-177,192,193,-182,-178]],"type":"Polygon","properties":{"name":"Liubashhivka","shapeGroup":"UKR","gid":"UKR-2-55"},"id":"UKR-2-55"},{"arcs":[[-184,194,195,196,197,-189]],"type":"Polygon","properties":{"name":"Podilsk","shapeGroup":"UKR","gid":"UKR-2-56"},"id":"UKR-2-56"},{"arcs":[[-183,-194,198,199,-195]],"type":"Polygon","properties":{"name":"Ananiv","shapeGroup":"UKR","gid":"UKR-2-57"},"id":"UKR-2-57"},{"arcs":[[-197,200,201]],"type":"Polygon","properties":{"name":"Okny","shapeGroup":"UKR","gid":"UKR-2-58"},"id":"UKR-2-58"},{"arcs":[[-196,-200,202,203,204,-201]],"type":"Polygon","properties":{"name":"Zakharivka","shapeGroup":"UKR","gid":"UKR-2-59"},"id":"UKR-2-59"},{"arcs":[[-139,205,206,-193,-176,-163]],"type":"Polygon","properties":{"name":"Mykolaivka","shapeGroup":"UKR","gid":"UKR-2-60"},"id":"UKR-2-60"},{"arcs":[[-199,-207,207,208,209,-203]],"type":"Polygon","properties":{"name":"Shyriaieve","shapeGroup":"UKR","gid":"UKR-2-61"},"id":"UKR-2-61"},{"arcs":[[-136,210,211,-208,-206,-138]],"type":"Polygon","properties":{"name":"Berezivka","shapeGroup":"UKR","gid":"UKR-2-62"},"id":"UKR-2-62"},{"arcs":[[-204,-210,212,213,214]],"type":"Polygon","properties":{"name":"Velyks Mykhailivka","shapeGroup":"UKR","gid":"UKR-2-63"},"id":"UKR-2-63"},{"arcs":[[-209,-212,215,216,217,-213]],"type":"Polygon","properties":{"name":"Ivanivka","shapeGroup":"UKR","gid":"UKR-2-64"},"id":"UKR-2-64"},{"arcs":[[-135,218,219,220,-216,-211]],"type":"Polygon","properties":{"name":"Lyman","shapeGroup":"UKR","gid":"UKR-2-65"},"id":"UKR-2-65"},{"arcs":[[-214,-218,221,222]],"type":"Polygon","properties":{"name":"Rozdilna","shapeGroup":"UKR","gid":"UKR-2-66"},"id":"UKR-2-66"},{"arcs":[[-217,-221,223,224,225,-222]],"type":"Polygon","properties":{"name":"Biliaivka","shapeGroup":"UKR","gid":"UKR-2-67"},"id":"UKR-2-67"},{"arcs":[[-220,226,227,-224]],"type":"Polygon","properties":{"name":"Ovidiopol","shapeGroup":"UKR","gid":"UKR-2-68"},"id":"UKR-2-68"},{"arcs":[[-225,-228,228,229,230,231]],"type":"Polygon","properties":{"name":"Bilhorod Dnistrovskyi","shapeGroup":"UKR","gid":"UKR-2-69"},"id":"UKR-2-69"},{"arcs":[[-231,232,233,234,235]],"type":"Polygon","properties":{"name":"Sarata","shapeGroup":"UKR","gid":"UKR-2-70"},"id":"UKR-2-70"},{"arcs":[[-235,236,237,238]],"type":"Polygon","properties":{"name":"Tarutyne","shapeGroup":"UKR","gid":"UKR-2-71"},"id":"UKR-2-71"},{"arcs":[[-234,239,240,241,-237]],"type":"Polygon","properties":{"name":"Artsyi","shapeGroup":"UKR","gid":"UKR-2-72"},"id":"UKR-2-72"},{"arcs":[[-230,242,243,-240,-233]],"type":"Polygon","properties":{"name":"Tatarbunary","shapeGroup":"UKR","gid":"UKR-2-73"},"id":"UKR-2-73"},{"arcs":[[-238,-242,244,245,246,247]],"type":"Polygon","properties":{"name":"Bolhrad","shapeGroup":"UKR","gid":"UKR-2-74"},"id":"UKR-2-74"},{"arcs":[[-241,-244,248,249,-245]],"type":"Polygon","properties":{"name":"Kiliia","shapeGroup":"UKR","gid":"UKR-2-75"},"id":"UKR-2-75"},{"arcs":[[-246,-250,250,251]],"type":"Polygon","properties":{"name":"Izmali","shapeGroup":"UKR","gid":"UKR-2-76"},"id":"UKR-2-76"},{"arcs":[[-247,-252,252]],"type":"Polygon","properties":{"name":"Reni","shapeGroup":"UKR","gid":"UKR-2-77"},"id":"UKR-2-77"},{"arcs":[[-102,253,254,255,256]],"type":"Polygon","properties":{"name":"Kamianka Dniprovska","shapeGroup":"UKR","gid":"UKR-2-78"},"id":"UKR-2-78"},{"arcs":[[-103,-257,257,258]],"type":"Polygon","properties":{"name":"Velyka Bilozerka","shapeGroup":"UKR","gid":"UKR-2-79"},"id":"UKR-2-79"},{"arcs":[[-73,-80,-104,-259,259,260,261]],"type":"Polygon","properties":{"name":"Vesele","shapeGroup":"UKR","gid":"UKR-2-80"},"id":"UKR-2-80"},{"arcs":[[-74,-262,262,263,-90]],"type":"Polygon","properties":{"name":"Melitopol","shapeGroup":"UKR","gid":"UKR-2-81"},"id":"UKR-2-81"},{"arcs":[[-256,264,265,266,267,-260,-258]],"type":"Polygon","properties":{"name":"Vasylivka","shapeGroup":"UKR","gid":"UKR-2-82"},"id":"UKR-2-82"},{"arcs":[[-261,-268,268,269,-263]],"type":"Polygon","properties":{"name":"Mykhailivka","shapeGroup":"UKR","gid":"UKR-2-83"},"id":"UKR-2-83"},{"arcs":[[-266,270,271,272,273,274]],"type":"Polygon","properties":{"name":"Zaporizhia","shapeGroup":"UKR","gid":"UKR-2-84"},"id":"UKR-2-84"},{"arcs":[[-91,-264,-270,275,276,277]],"type":"Polygon","properties":{"name":"Tokmak","shapeGroup":"UKR","gid":"UKR-2-85"},"id":"UKR-2-85"},{"arcs":[[-93,278,279,280]],"type":"Polygon","properties":{"name":"Prymorsk","shapeGroup":"UKR","gid":"UKR-2-86"},"id":"UKR-2-86"},{"arcs":[[-92,-278,281,282,283,-279]],"type":"Polygon","properties":{"name":"Chernihivka","shapeGroup":"UKR","gid":"UKR-2-87"},"id":"UKR-2-87"},{"arcs":[[-280,-284,284,285,286,287]],"type":"Polygon","properties":{"name":"Berdiansk","shapeGroup":"UKR","gid":"UKR-2-88"},"id":"UKR-2-88"},{"arcs":[[-283,288,289,290,291,-285]],"type":"Polygon","properties":{"name":"Bilmak","shapeGroup":"UKR","gid":"UKR-2-89"},"id":"UKR-2-89"},{"arcs":[[-291,292,293,294]],"type":"Polygon","properties":{"name":"Rozivka","shapeGroup":"UKR","gid":"UKR-2-90"},"id":"UKR-2-90"},{"arcs":[[-277,295,296,-289,-282]],"type":"Polygon","properties":{"name":"Polohy","shapeGroup":"UKR","gid":"UKR-2-91"},"id":"UKR-2-91"},{"arcs":[[-267,-275,297,298,299,-296,-276,-269]],"type":"Polygon","properties":{"name":"Orikhiv","shapeGroup":"UKR","gid":"UKR-2-92"},"id":"UKR-2-92"},{"arcs":[[-290,-297,-300,300,301,302]],"type":"Polygon","properties":{"name":"Huliaipole","shapeGroup":"UKR","gid":"UKR-2-93"},"id":"UKR-2-93"},{"arcs":[[-274,303,304,305,-298]],"type":"Polygon","properties":{"name":"Vilniansk","shapeGroup":"UKR","gid":"UKR-2-94"},"id":"UKR-2-94"},{"arcs":[[-299,-306,306,307,-301]],"type":"Polygon","properties":{"name":"Novomykolaivka","shapeGroup":"UKR","gid":"UKR-2-95"},"id":"UKR-2-95"},{"arcs":[[-287,308,309,310]],"type":"Polygon","properties":{"name":"Manhush","shapeGroup":"UKR","gid":"UKR-2-96"},"id":"UKR-2-96"},{"arcs":[[-310,311,312,313]],"type":"Polygon","properties":{"name":"Novoazovsk","shapeGroup":"UKR","gid":"UKR-2-97"},"id":"UKR-2-97"},{"arcs":[[-286,-292,-295,314,315,-312,-309]],"type":"Polygon","properties":{"name":"Nikolske","shapeGroup":"UKR","gid":"UKR-2-98"},"id":"UKR-2-98"},{"arcs":[[-313,-316,316,317,318]],"type":"Polygon","properties":{"name":"Boikivske","shapeGroup":"UKR","gid":"UKR-2-99"},"id":"UKR-2-99"},{"arcs":[[-294,319,320,321,-317,-315]],"type":"Polygon","properties":{"name":"Volnovakha","shapeGroup":"UKR","gid":"UKR-2-100"},"id":"UKR-2-100"},{"arcs":[[-293,-303,322,323,324,325,-320]],"type":"Polygon","properties":{"name":"Velyka Novosilka","shapeGroup":"UKR","gid":"UKR-2-101"},"id":"UKR-2-101"},{"arcs":[[-318,-322,326,327,328,329]],"type":"Polygon","properties":{"name":"Starobesheve","shapeGroup":"UKR","gid":"UKR-2-102"},"id":"UKR-2-102"},{"arcs":[[-321,-326,330,331,-327]],"type":"Polygon","properties":{"name":"Marinka","shapeGroup":"UKR","gid":"UKR-2-103"},"id":"UKR-2-103"},{"arcs":[[-329,332,333,334]],"type":"Polygon","properties":{"name":"Amvrosiivka","shapeGroup":"UKR","gid":"UKR-2-104"},"id":"UKR-2-104"},{"arcs":[[-334,335,336,337,338,339]],"type":"Polygon","properties":{"name":"Shakhtarsk","shapeGroup":"UKR","gid":"UKR-2-105"},"id":"UKR-2-105"},{"arcs":[[-328,-332,340,341,-336,-333]],"type":"Polygon","properties":{"name":"Yasynuvata","shapeGroup":"UKR","gid":"UKR-2-106"},"id":"UKR-2-106"},{"arcs":[[-325,342,343,344,-341,-331]],"type":"Polygon","properties":{"name":"Pokrovsk","shapeGroup":"UKR","gid":"UKR-2-107"},"id":"UKR-2-107"},{"arcs":[[-344,345,346,347,348]],"type":"Polygon","properties":{"name":"Dobropillia","shapeGroup":"UKR","gid":"UKR-2-108"},"id":"UKR-2-108"},{"arcs":[[-337,-342,-345,-349,349,350]],"type":"Polygon","properties":{"name":"Kostiantynivka","shapeGroup":"UKR","gid":"UKR-2-109"},"id":"UKR-2-109"},{"arcs":[[-338,-351,351,352,353,354,355]],"type":"Polygon","properties":{"name":"Bakhmut","shapeGroup":"UKR","gid":"UKR-2-110"},"id":"UKR-2-110"},{"arcs":[[-347,356,357,358,359,360]],"type":"Polygon","properties":{"name":"Oleksandrivka","shapeGroup":"UKR","gid":"UKR-2-111"},"id":"UKR-2-111"},{"arcs":[[-348,-361,361,362,363,-352,-350]],"type":"Polygon","properties":{"name":"Sloviansk","shapeGroup":"UKR","gid":"UKR-2-112"},"id":"UKR-2-112"},{"arcs":[[-353,-364,364,365,366]],"type":"Polygon","properties":{"name":"Lyman\t","shapeGroup":"UKR","gid":"UKR-2-113"},"id":"UKR-2-113"},{"arcs":[[-339,367,368,369,370]],"type":"Polygon","properties":{"name":"Antratsyt","shapeGroup":"UKR","gid":"UKR-2-114"},"id":"UKR-2-114"},{"arcs":[[-370,371,372,373]],"type":"Polygon","properties":{"name":"Dovzhansk","shapeGroup":"UKR","gid":"UKR-2-115"},"id":"UKR-2-115"},{"arcs":[[-373,374,375,376,377]],"type":"Polygon","properties":{"name":"Sorokyne","shapeGroup":"UKR","gid":"UKR-2-116"},"id":"UKR-2-116"},{"arcs":[[-377,378,379,380,381]],"type":"Polygon","properties":{"name":"Stanytsia-Luhanska","shapeGroup":"UKR","gid":"UKR-2-117"},"id":"UKR-2-117"},{"arcs":[[-369,382,383,-375,-372]],"type":"Polygon","properties":{"name":"Lutuhyne","shapeGroup":"UKR","gid":"UKR-2-118"},"id":"UKR-2-118"},{"arcs":[[-356,384,385,-383,-368]],"type":"Polygon","properties":{"name":"Perevalsk","shapeGroup":"UKR","gid":"UKR-2-119"},"id":"UKR-2-119"},{"arcs":[[-376,-384,-386,386,387,-379]],"type":"Polygon","properties":{"name":"Slovianoserbsk","shapeGroup":"UKR","gid":"UKR-2-120"},"id":"UKR-2-120"},{"arcs":[[-380,-388,388,389,390,391]],"type":"Polygon","properties":{"name":"Novoaidar","shapeGroup":"UKR","gid":"UKR-2-121"},"id":"UKR-2-121"},{"arcs":[[-354,-367,392,393,394,-390,395]],"type":"Polygon","properties":{"name":"Kreminna","shapeGroup":"UKR","gid":"UKR-2-122"},"id":"UKR-2-122"},{"arcs":[[-394,396,397,398,399,400]],"type":"Polygon","properties":{"name":"Svatove","shapeGroup":"UKR","gid":"UKR-2-123"},"id":"UKR-2-123"},{"arcs":[[-399,401,402,403,404]],"type":"Polygon","properties":{"name":"Troitske","shapeGroup":"UKR","gid":"UKR-2-124"},"id":"UKR-2-124"},{"arcs":[[-391,-395,-401,405,406,407,408]],"type":"Polygon","properties":{"name":"Starobilsk","shapeGroup":"UKR","gid":"UKR-2-125"},"id":"UKR-2-125"},{"arcs":[[-381,-392,-409,409,410,411]],"type":"Polygon","properties":{"name":"Bilovodsk","shapeGroup":"UKR","gid":"UKR-2-126"},"id":"UKR-2-126"},{"arcs":[[-400,-405,412,413,-406]],"type":"Polygon","properties":{"name":"Bilokurakyne","shapeGroup":"UKR","gid":"UKR-2-127"},"id":"UKR-2-127"},{"arcs":[[-407,-414,414,415]],"type":"Polygon","properties":{"name":"Novopskov","shapeGroup":"UKR","gid":"UKR-2-128"},"id":"UKR-2-128"},{"arcs":[[-408,-416,416,417,-410]],"type":"Polygon","properties":{"name":"Markivka","shapeGroup":"UKR","gid":"UKR-2-129"},"id":"UKR-2-129"},{"arcs":[[-411,-418,418]],"type":"Polygon","properties":{"name":"Milove","shapeGroup":"UKR","gid":"UKR-2-130"},"id":"UKR-2-130"},{"arcs":[[-255,419,420,-271,-265]],"type":"Polygon","properties":{"name":"Tomakivka","shapeGroup":"UKR","gid":"UKR-2-131"},"id":"UKR-2-131"},{"arcs":[[-107,421,422,423,-420,-254]],"type":"Polygon","properties":{"name":"Nikopol","shapeGroup":"UKR","gid":"UKR-2-132"},"id":"UKR-2-132"},{"arcs":[[-106,-111,424,425,426,-422]],"type":"Polygon","properties":{"name":"Apostolove","shapeGroup":"UKR","gid":"UKR-2-133"},"id":"UKR-2-133"},{"arcs":[[-110,-146,427,-425]],"type":"Polygon","properties":{"name":"Shyroke","shapeGroup":"UKR","gid":"UKR-2-134"},"id":"UKR-2-134"},{"arcs":[[-145,428,429,430,431,-426,-428]],"type":"Polygon","properties":{"name":"Kryvyi Rih","shapeGroup":"UKR","gid":"UKR-2-135"},"id":"UKR-2-135"},{"arcs":[[-423,-427,-432,432,433,434]],"type":"Polygon","properties":{"name":"Sofiyivka","shapeGroup":"UKR","gid":"UKR-2-136"},"id":"UKR-2-136"},{"arcs":[[-431,435,436,437,438,439,-433]],"type":"Polygon","properties":{"name":"Piatykhatky","shapeGroup":"UKR","gid":"UKR-2-137"},"id":"UKR-2-137"},{"arcs":[[-272,-421,-424,-435,440,441,442]],"type":"Polygon","properties":{"name":"Solone","shapeGroup":"UKR","gid":"UKR-2-138"},"id":"UKR-2-138"},{"arcs":[[-434,-440,443,444,445,-441]],"type":"Polygon","properties":{"name":"Krynychky","shapeGroup":"UKR","gid":"UKR-2-139"},"id":"UKR-2-139"},{"arcs":[[-439,446,447,448,-444]],"type":"Polygon","properties":{"name":"Verkhnodniprovsk","shapeGroup":"UKR","gid":"UKR-2-140"},"id":"UKR-2-140"},{"arcs":[[-442,-446,449,450,451]],"type":"Polygon","properties":{"name":"Dnipro","shapeGroup":"UKR","gid":"UKR-2-141"},"id":"UKR-2-141"},{"arcs":[[-445,-449,452,453,454,455,-450]],"type":"Polygon","properties":{"name":"Petrykivka","shapeGroup":"UKR","gid":"UKR-2-142"},"id":"UKR-2-142"},{"arcs":[[-454,456,457,458]],"type":"Polygon","properties":{"name":"Tsarychanka","shapeGroup":"UKR","gid":"UKR-2-143"},"id":"UKR-2-143"},{"arcs":[[-302,-308,459,460,-323]],"type":"Polygon","properties":{"name":"Pokrovske","shapeGroup":"UKR","gid":"UKR-2-144"},"id":"UKR-2-144"},{"arcs":[[-324,-461,461,462,-357,-346,-343]],"type":"Polygon","properties":{"name":"Mezhova","shapeGroup":"UKR","gid":"UKR-2-145"},"id":"UKR-2-145"},{"arcs":[[-305,463,464,465,-462,-460,-307]],"type":"Polygon","properties":{"name":"Vasylkivka","shapeGroup":"UKR","gid":"UKR-2-146"},"id":"UKR-2-146"},{"arcs":[[-273,-443,-452,466,467,-464,-304]],"type":"Polygon","properties":{"name":"Synelnykove","shapeGroup":"UKR","gid":"UKR-2-147"},"id":"UKR-2-147"},{"arcs":[[-358,-463,-466,468,469]],"type":"Polygon","properties":{"name":"Petropavlivka","shapeGroup":"UKR","gid":"UKR-2-148"},"id":"UKR-2-148"},{"arcs":[[-465,-468,470,471,472,-469]],"type":"Polygon","properties":{"name":"Pavlohrad","shapeGroup":"UKR","gid":"UKR-2-149"},"id":"UKR-2-149"},{"arcs":[[-451,-456,473,474,475,476,-471,-467]],"type":"Polygon","properties":{"name":"Novomoskovsk","shapeGroup":"UKR","gid":"UKR-2-150"},"id":"UKR-2-150"},{"arcs":[[-455,-459,477,478,479,-474]],"type":"Polygon","properties":{"name":"Mahdalynivka","shapeGroup":"UKR","gid":"UKR-2-151"},"id":"UKR-2-151"},{"arcs":[[-472,-477,480,481,482]],"type":"Polygon","properties":{"name":"Yurivka","shapeGroup":"UKR","gid":"UKR-2-152"},"id":"UKR-2-152"},{"arcs":[[-359,-470,-473,-483,483,484]],"type":"Polygon","properties":{"name":"Blyzniuky","shapeGroup":"UKR","gid":"UKR-2-153"},"id":"UKR-2-153"},{"arcs":[[-482,485,486,487,488,-484]],"type":"Polygon","properties":{"name":"Lozova","shapeGroup":"UKR","gid":"UKR-2-154"},"id":"UKR-2-154"},{"arcs":[[-360,-485,-489,489,490,-362]],"type":"Polygon","properties":{"name":"Barvinkove","shapeGroup":"UKR","gid":"UKR-2-155"},"id":"UKR-2-155"},{"arcs":[[-476,491,492,493,-486,-481]],"type":"Polygon","properties":{"name":"Sakhnovshchyna","shapeGroup":"UKR","gid":"UKR-2-156"},"id":"UKR-2-156"},{"arcs":[[-475,-480,494,495,496,497,-492]],"type":"Polygon","properties":{"name":"Zachepylivka","shapeGroup":"UKR","gid":"UKR-2-157"},"id":"UKR-2-157"},{"arcs":[[-363,-491,498,499,500,501,-365]],"type":"Polygon","properties":{"name":"Izium","shapeGroup":"UKR","gid":"UKR-2-158"},"id":"UKR-2-158"},{"arcs":[[-366,-502,502,-397,-393]],"type":"Polygon","properties":{"name":"Borova","shapeGroup":"UKR","gid":"UKR-2-159"},"id":"UKR-2-159"},{"arcs":[[-488,503,504,505,506,-499,-490]],"type":"Polygon","properties":{"name":"Balakliia","shapeGroup":"UKR","gid":"UKR-2-160"},"id":"UKR-2-160"},{"arcs":[[-398,-503,-501,507,508,509,-402]],"type":"Polygon","properties":{"name":"Kupiansk","shapeGroup":"UKR","gid":"UKR-2-161"},"id":"UKR-2-161"},{"arcs":[[-403,-510,510,511]],"type":"Polygon","properties":{"name":"Dvorichna","shapeGroup":"UKR","gid":"UKR-2-162"},"id":"UKR-2-162"},{"arcs":[[-487,-494,512,513,-504]],"type":"Polygon","properties":{"name":"Pervomaiskyi","shapeGroup":"UKR","gid":"UKR-2-163"},"id":"UKR-2-163"},{"arcs":[[-493,-498,514,515,-513]],"type":"Polygon","properties":{"name":"Kehychivka","shapeGroup":"UKR","gid":"UKR-2-164"},"id":"UKR-2-164"},{"arcs":[[-497,516,517,518,519,-515]],"type":"Polygon","properties":{"name":"Krasnohrad","shapeGroup":"UKR","gid":"UKR-2-165"},"id":"UKR-2-165"},{"arcs":[[-500,-507,520,521,522,-508]],"type":"Polygon","properties":{"name":"Shevchenkove","shapeGroup":"UKR","gid":"UKR-2-166"},"id":"UKR-2-166"},{"arcs":[[-509,-523,523,524,525,-511]],"type":"Polygon","properties":{"name":"Velykyi Burluk","shapeGroup":"UKR","gid":"UKR-2-167"},"id":"UKR-2-167"},{"arcs":[[-506,526,527,528,529,-521]],"type":"Polygon","properties":{"name":"Chuhuiv","shapeGroup":"UKR","gid":"UKR-2-168"},"id":"UKR-2-168"},{"arcs":[[-522,-530,530,-524]],"type":"Polygon","properties":{"name":"Pechenihy","shapeGroup":"UKR","gid":"UKR-2-169"},"id":"UKR-2-169"},{"arcs":[[-525,-531,-529,531,532]],"type":"Polygon","properties":{"name":"Vovchansk","shapeGroup":"UKR","gid":"UKR-2-170"},"id":"UKR-2-170"},{"arcs":[[-505,-514,533,534,-527]],"type":"Polygon","properties":{"name":"Zmiiv","shapeGroup":"UKR","gid":"UKR-2-171"},"id":"UKR-2-171"},{"arcs":[[-516,-520,535,536,-534]],"type":"Polygon","properties":{"name":"Nova Vodolaha","shapeGroup":"UKR","gid":"UKR-2-172"},"id":"UKR-2-172"},{"arcs":[[-528,-535,-537,537,538,539,-532]],"type":"Polygon","properties":{"name":"Kharkiv","shapeGroup":"UKR","gid":"UKR-2-173"},"id":"UKR-2-173"},{"arcs":[[-539,540,541,542,543]],"type":"Polygon","properties":{"name":"Derhachi","shapeGroup":"UKR","gid":"UKR-2-174"},"id":"UKR-2-174"},{"arcs":[[-543,544,545,546]],"type":"Polygon","properties":{"name":"Zolochiv","shapeGroup":"UKR","gid":"UKR-2-175"},"id":"UKR-2-175"},{"arcs":[[-519,547,548,549,550,-541,-538,-536]],"type":"Polygon","properties":{"name":"Valky","shapeGroup":"UKR","gid":"UKR-2-176"},"id":"UKR-2-176"},{"arcs":[[-549,551,552]],"type":"Polygon","properties":{"name":"Kolomak","shapeGroup":"UKR","gid":"UKR-2-177"},"id":"UKR-2-177"},{"arcs":[[-550,-553,553,554,555,556]],"type":"Polygon","properties":{"name":"Krasnokutsk","shapeGroup":"UKR","gid":"UKR-2-178"},"id":"UKR-2-178"},{"arcs":[[-542,-551,-557,557,558,-545]],"type":"Polygon","properties":{"name":"Bohodukhiv","shapeGroup":"UKR","gid":"UKR-2-179"},"id":"UKR-2-179"},{"arcs":[[-148,-152,-158,559,560,561]],"type":"Polygon","properties":{"name":"Bobrynets","shapeGroup":"UKR","gid":"UKR-2-180"},"id":"UKR-2-180"},{"arcs":[[-143,-149,-562,562,563]],"type":"Polygon","properties":{"name":"Ustynivka","shapeGroup":"UKR","gid":"UKR-2-181"},"id":"UKR-2-181"},{"arcs":[[-169,564,565,566]],"type":"Polygon","properties":{"name":"Vilshanka","shapeGroup":"UKR","gid":"UKR-2-182"},"id":"UKR-2-182"},{"arcs":[[-144,-564,567,568,569,-429]],"type":"Polygon","properties":{"name":"Dolynska","shapeGroup":"UKR","gid":"UKR-2-183"},"id":"UKR-2-183"},{"arcs":[[-430,-570,570,571,-436]],"type":"Polygon","properties":{"name":"Petrove","shapeGroup":"UKR","gid":"UKR-2-184"},"id":"UKR-2-184"},{"arcs":[[-168,-175,572,573,574,-565]],"type":"Polygon","properties":{"name":"Holovanivsk","shapeGroup":"UKR","gid":"UKR-2-185"},"id":"UKR-2-185"},{"arcs":[[-174,-181,575,576,-573]],"type":"Polygon","properties":{"name":"Blahovishchenske","shapeGroup":"UKR","gid":"UKR-2-186"},"id":"UKR-2-186"},{"arcs":[[-180,-188,577,578,-576]],"type":"Polygon","properties":{"name":"Haivoron","shapeGroup":"UKR","gid":"UKR-2-187"},"id":"UKR-2-187"},{"arcs":[[-161,-170,-567,579,580,581]],"type":"Polygon","properties":{"name":"Dobrovelychkivka","shapeGroup":"UKR","gid":"UKR-2-188"},"id":"UKR-2-188"},{"arcs":[[-566,-575,582,583,584,585,586,-580]],"type":"Polygon","properties":{"name":"Novoarkhanhelsk","shapeGroup":"UKR","gid":"UKR-2-189"},"id":"UKR-2-189"},{"arcs":[[-157,-162,-582,587,588,589,-560]],"type":"Polygon","properties":{"name":"Novoukrainka","shapeGroup":"UKR","gid":"UKR-2-190"},"id":"UKR-2-190"},{"arcs":[[-561,-590,590,591,-568,-563]],"type":"Polygon","properties":{"name":"Kropyvnytskyi","shapeGroup":"UKR","gid":"UKR-2-191"},"id":"UKR-2-191"},{"arcs":[[-569,-592,592,593,594,-571]],"type":"Polygon","properties":{"name":"Novhorodka","shapeGroup":"UKR","gid":"UKR-2-192"},"id":"UKR-2-192"},{"arcs":[[-437,-572,-595,595,596,597]],"type":"Polygon","properties":{"name":"Oleksandriia","shapeGroup":"UKR","gid":"UKR-2-193"},"id":"UKR-2-193"},{"arcs":[[-438,-598,598,599,600,-447]],"type":"Polygon","properties":{"name":"Onufriivka","shapeGroup":"UKR","gid":"UKR-2-194"},"id":"UKR-2-194"},{"arcs":[[-597,601,602,603,604,-599]],"type":"Polygon","properties":{"name":"Svitlovodsk","shapeGroup":"UKR","gid":"UKR-2-195"},"id":"UKR-2-195"},{"arcs":[[-594,605,606,607,-602,-596]],"type":"Polygon","properties":{"name":"Znamianka","shapeGroup":"UKR","gid":"UKR-2-196"},"id":"UKR-2-196"},{"arcs":[[-589,608,609,610,-606,-593,-591]],"type":"Polygon","properties":{"name":"Kompaniivka","shapeGroup":"UKR","gid":"UKR-2-197"},"id":"UKR-2-197"},{"arcs":[[-581,-587,611,-609,-588]],"type":"Polygon","properties":{"name":"Mala Vyska","shapeGroup":"UKR","gid":"UKR-2-198"},"id":"UKR-2-198"},{"arcs":[[-586,612,613,614,615,616,-610,-612]],"type":"Polygon","properties":{"name":"Novomyrhorod","shapeGroup":"UKR","gid":"UKR-2-199"},"id":"UKR-2-199"},{"arcs":[[-607,-611,-617,617,618]],"type":"Polygon","properties":{"name":"Oleksandrivka","shapeGroup":"UKR","gid":"UKR-2-200"},"id":"UKR-2-200"},{"arcs":[[-448,-601,619,620,621,-457,-453]],"type":"Polygon","properties":{"name":"Kobeliaky","shapeGroup":"UKR","gid":"UKR-2-201"},"id":"UKR-2-201"},{"arcs":[[-600,-605,622,623,-620]],"type":"Polygon","properties":{"name":"Kremenchuk","shapeGroup":"UKR","gid":"UKR-2-202"},"id":"UKR-2-202"},{"arcs":[[-621,-624,624,625]],"type":"Polygon","properties":{"name":"Kozelshchyna","shapeGroup":"UKR","gid":"UKR-2-203"},"id":"UKR-2-203"},{"arcs":[[-458,-622,626,627,628,-478]],"type":"Polygon","properties":{"name":"Novi Sanzhary","shapeGroup":"UKR","gid":"UKR-2-204"},"id":"UKR-2-204"},{"arcs":[[-479,-629,629,630,631,-495]],"type":"Polygon","properties":{"name":"Mashivka","shapeGroup":"UKR","gid":"UKR-2-205"},"id":"UKR-2-205"},{"arcs":[[-496,-632,632,-517]],"type":"Polygon","properties":{"name":"Karlivka","shapeGroup":"UKR","gid":"UKR-2-206"},"id":"UKR-2-206"},{"arcs":[[-518,-633,-631,633,634,-554,-552,-548]],"type":"Polygon","properties":{"name":"Chutove","shapeGroup":"UKR","gid":"UKR-2-207"},"id":"UKR-2-207"},{"arcs":[[-628,635,636,637,-634,-630]],"type":"Polygon","properties":{"name":"Poltava","shapeGroup":"UKR","gid":"UKR-2-208"},"id":"UKR-2-208"},{"arcs":[[-555,-635,-638,638,639,640]],"type":"Polygon","properties":{"name":"Kotelva","shapeGroup":"UKR","gid":"UKR-2-209"},"id":"UKR-2-209"},{"arcs":[[-626,641,642,643,644,-636,-627]],"type":"Polygon","properties":{"name":"Reshetylivka","shapeGroup":"UKR","gid":"UKR-2-210"},"id":"UKR-2-210"},{"arcs":[[-604,645,646,647,648,-642,-625,-623]],"type":"Polygon","properties":{"name":"Hlobyne","shapeGroup":"UKR","gid":"UKR-2-211"},"id":"UKR-2-211"},{"arcs":[[-648,649,650,651,652]],"type":"Polygon","properties":{"name":"Semenivka","shapeGroup":"UKR","gid":"UKR-2-212"},"id":"UKR-2-212"},{"arcs":[[-643,-649,-653,653,654,655]],"type":"Polygon","properties":{"name":"Velyka Bahachka","shapeGroup":"UKR","gid":"UKR-2-213"},"id":"UKR-2-213"},{"arcs":[[-644,-656,656,657,658]],"type":"Polygon","properties":{"name":"Shyshaky","shapeGroup":"UKR","gid":"UKR-2-214"},"id":"UKR-2-214"},{"arcs":[[-637,-645,-659,659,-639]],"type":"Polygon","properties":{"name":"Dykanka","shapeGroup":"UKR","gid":"UKR-2-215"},"id":"UKR-2-215"},{"arcs":[[-640,-660,-658,660,661,662]],"type":"Polygon","properties":{"name":"Zinkiv","shapeGroup":"UKR","gid":"UKR-2-216"},"id":"UKR-2-216"},{"arcs":[[-652,663,664,665,-654]],"type":"Polygon","properties":{"name":"Khorol","shapeGroup":"UKR","gid":"UKR-2-217"},"id":"UKR-2-217"},{"arcs":[[-651,666,667,668,669,670,-664]],"type":"Polygon","properties":{"name":"Orzhytsia","shapeGroup":"UKR","gid":"UKR-2-218"},"id":"UKR-2-218"},{"arcs":[[-662,671,672,673,674,675]],"type":"Polygon","properties":{"name":"Hadiach","shapeGroup":"UKR","gid":"UKR-2-219"},"id":"UKR-2-219"},{"arcs":[[-655,-666,676,677,-672,-661,-657]],"type":"Polygon","properties":{"name":"Myrhorod","shapeGroup":"UKR","gid":"UKR-2-220"},"id":"UKR-2-220"},{"arcs":[[-665,-671,678,679,680,-677]],"type":"Polygon","properties":{"name":"Lubny","shapeGroup":"UKR","gid":"UKR-2-221"},"id":"UKR-2-221"},{"arcs":[[-673,-678,-681,681,682,683,684,685]],"type":"Polygon","properties":{"name":"Lokhvytsia","shapeGroup":"UKR","gid":"UKR-2-222"},"id":"UKR-2-222"},{"arcs":[[-680,686,687,-682]],"type":"Polygon","properties":{"name":"Chornukhy","shapeGroup":"UKR","gid":"UKR-2-223"},"id":"UKR-2-223"},{"arcs":[[-669,688,689,690]],"type":"Polygon","properties":{"name":"Hrebinka","shapeGroup":"UKR","gid":"UKR-2-224"},"id":"UKR-2-224"},{"arcs":[[-670,-691,691,692,693,-687,-679]],"type":"Polygon","properties":{"name":"Pyriatyn","shapeGroup":"UKR","gid":"UKR-2-225"},"id":"UKR-2-225"},{"arcs":[[-556,-641,-663,-676,694,695,696,-558]],"type":"Polygon","properties":{"name":"Okhtyrka","shapeGroup":"UKR","gid":"UKR-2-226"},"id":"UKR-2-226"},{"arcs":[[-546,-559,-697,697,698,699]],"type":"Polygon","properties":{"name":"Velyka Pysarivka","shapeGroup":"UKR","gid":"UKR-2-227"},"id":"UKR-2-227"},{"arcs":[[-696,700,701,702,-698]],"type":"Polygon","properties":{"name":"Trostianets","shapeGroup":"UKR","gid":"UKR-2-228"},"id":"UKR-2-228"},{"arcs":[[-699,-703,703,704]],"type":"Polygon","properties":{"name":"Krasnopillia","shapeGroup":"UKR","gid":"UKR-2-229"},"id":"UKR-2-229"},{"arcs":[[-675,705,706,707,708,-701,-695]],"type":"Polygon","properties":{"name":"Lebedyn","shapeGroup":"UKR","gid":"UKR-2-230"},"id":"UKR-2-230"},{"arcs":[[-702,-709,709,710,-704]],"type":"Polygon","properties":{"name":"Sumy","shapeGroup":"UKR","gid":"UKR-2-231"},"id":"UKR-2-231"},{"arcs":[[-674,-686,711,712,-706]],"type":"Polygon","properties":{"name":"Lypova Dolyna","shapeGroup":"UKR","gid":"UKR-2-232"},"id":"UKR-2-232"},{"arcs":[[-685,713,714,715,716,-712]],"type":"Polygon","properties":{"name":"Romny","shapeGroup":"UKR","gid":"UKR-2-233"},"id":"UKR-2-233"},{"arcs":[[-707,-713,-717,717,718,719]],"type":"Polygon","properties":{"name":"Nedryhailiv","shapeGroup":"UKR","gid":"UKR-2-234"},"id":"UKR-2-234"},{"arcs":[[-708,-720,720,721,722,-710]],"type":"Polygon","properties":{"name":"Bilopillia","shapeGroup":"UKR","gid":"UKR-2-235"},"id":"UKR-2-235"},{"arcs":[[-719,723,724,-721]],"type":"Polygon","properties":{"name":"Buryn","shapeGroup":"UKR","gid":"UKR-2-236"},"id":"UKR-2-236"},{"arcs":[[-716,725,726,727,728,729,-724,-718]],"type":"Polygon","properties":{"name":"Konotop","shapeGroup":"UKR","gid":"UKR-2-237"},"id":"UKR-2-237"},{"arcs":[[-722,-725,-730,730,731,732]],"type":"Polygon","properties":{"name":"Putyvl","shapeGroup":"UKR","gid":"UKR-2-238"},"id":"UKR-2-238"},{"arcs":[[-729,733,734,735,-731]],"type":"Polygon","properties":{"name":"Krolevets","shapeGroup":"UKR","gid":"UKR-2-239"},"id":"UKR-2-239"},{"arcs":[[-732,-736,736,737,738]],"type":"Polygon","properties":{"name":"Hlukhiv","shapeGroup":"UKR","gid":"UKR-2-240"},"id":"UKR-2-240"},{"arcs":[[-735,739,740,741,742,-737]],"type":"Polygon","properties":{"name":"Shostka","shapeGroup":"UKR","gid":"UKR-2-241"},"id":"UKR-2-241"},{"arcs":[[-738,-743,743,744]],"type":"Polygon","properties":{"name":"Yampil","shapeGroup":"UKR","gid":"UKR-2-242"},"id":"UKR-2-242"},{"arcs":[[-742,745,746,-744]],"type":"Polygon","properties":{"name":"Seredyna-Buda","shapeGroup":"UKR","gid":"UKR-2-243"},"id":"UKR-2-243"},{"arcs":[[-603,-608,-619,747,748,749,-646]],"type":"Polygon","properties":{"name":"Chyhyryn","shapeGroup":"UKR","gid":"UKR-2-244"},"id":"UKR-2-244"},{"arcs":[[-668,750,751,752,-689]],"type":"Polygon","properties":{"name":"Drabiv","shapeGroup":"UKR","gid":"UKR-2-245"},"id":"UKR-2-245"},{"arcs":[[-647,-750,753,754,-751,-667,-650]],"type":"Polygon","properties":{"name":"Chornobai","shapeGroup":"UKR","gid":"UKR-2-246"},"id":"UKR-2-246"},{"arcs":[[-616,755,756,-748,-618]],"type":"Polygon","properties":{"name":"Kamianka","shapeGroup":"UKR","gid":"UKR-2-247"},"id":"UKR-2-247"},{"arcs":[[-752,-755,757,758,759,760]],"type":"Polygon","properties":{"name":"Zolotonosha","shapeGroup":"UKR","gid":"UKR-2-248"},"id":"UKR-2-248"},{"arcs":[[-749,-757,761,762,763,764,-758,-754]],"type":"Polygon","properties":{"name":"Cherkasy","shapeGroup":"UKR","gid":"UKR-2-249"},"id":"UKR-2-249"},{"arcs":[[-615,765,766,-762,-756]],"type":"Polygon","properties":{"name":"Smila","shapeGroup":"UKR","gid":"UKR-2-250"},"id":"UKR-2-250"},{"arcs":[[-759,-765,767,768,769]],"type":"Polygon","properties":{"name":"Kaniv","shapeGroup":"UKR","gid":"UKR-2-251"},"id":"UKR-2-251"},{"arcs":[[-614,770,771,772,-766]],"type":"Polygon","properties":{"name":"Shpola","shapeGroup":"UKR","gid":"UKR-2-252"},"id":"UKR-2-252"},{"arcs":[[-763,-767,-773,773,774]],"type":"Polygon","properties":{"name":"Horodysche","shapeGroup":"UKR","gid":"UKR-2-253"},"id":"UKR-2-253"},{"arcs":[[-764,-775,775,776,777,778,-768]],"type":"Polygon","properties":{"name":"Korsun-Shevchenkivskyi","shapeGroup":"UKR","gid":"UKR-2-254"},"id":"UKR-2-254"},{"arcs":[[-574,-577,-579,779,780,781,782,783,-583]],"type":"Polygon","properties":{"name":"Uman","shapeGroup":"UKR","gid":"UKR-2-255"},"id":"UKR-2-255"},{"arcs":[[-782,784,785,786,787,788,789]],"type":"Polygon","properties":{"name":"Khrystynivka","shapeGroup":"UKR","gid":"UKR-2-256"},"id":"UKR-2-256"},{"arcs":[[-788,790,791,792,793]],"type":"Polygon","properties":{"name":"Monastyrysche","shapeGroup":"UKR","gid":"UKR-2-257"},"id":"UKR-2-257"},{"arcs":[[-789,-794,794,795,796,797]],"type":"Polygon","properties":{"name":"Zhashkiv","shapeGroup":"UKR","gid":"UKR-2-258"},"id":"UKR-2-258"},{"arcs":[[-783,-790,-798,798,799,800]],"type":"Polygon","properties":{"name":"Mankivka","shapeGroup":"UKR","gid":"UKR-2-259"},"id":"UKR-2-259"},{"arcs":[[-584,-784,-801,801,802]],"type":"Polygon","properties":{"name":"Talne","shapeGroup":"UKR","gid":"UKR-2-260"},"id":"UKR-2-260"},{"arcs":[[-585,-803,803,-771,-613]],"type":"Polygon","properties":{"name":"Katerynopil","shapeGroup":"UKR","gid":"UKR-2-261"},"id":"UKR-2-261"},{"arcs":[[-772,-804,-802,-800,804,-776,-774]],"type":"Polygon","properties":{"name":"Zvenyhorodka","shapeGroup":"UKR","gid":"UKR-2-262"},"id":"UKR-2-262"},{"arcs":[[-777,-805,-799,-797,805,806,807]],"type":"Polygon","properties":{"name":"Lysianka","shapeGroup":"UKR","gid":"UKR-2-263"},"id":"UKR-2-263"},{"arcs":[[-187,808,809,810,-780,-578]],"type":"Polygon","properties":{"name":"Bershad","shapeGroup":"UKR","gid":"UKR-2-264"},"id":"UKR-2-264"},{"arcs":[[-781,-811,811,812,-785]],"type":"Polygon","properties":{"name":"Teplyk","shapeGroup":"UKR","gid":"UKR-2-265"},"id":"UKR-2-265"},{"arcs":[[-786,-813,813,814,815,816]],"type":"Polygon","properties":{"name":"Haisyn","shapeGroup":"UKR","gid":"UKR-2-266"},"id":"UKR-2-266"},{"arcs":[[-787,-817,817,818,819,-791]],"type":"Polygon","properties":{"name":"Illintsi","shapeGroup":"UKR","gid":"UKR-2-267"},"id":"UKR-2-267"},{"arcs":[[-792,-820,820,821,822]],"type":"Polygon","properties":{"name":"Orativ","shapeGroup":"UKR","gid":"UKR-2-268"},"id":"UKR-2-268"},{"arcs":[[-186,-192,823,824,825,-809]],"type":"Polygon","properties":{"name":"Chechelnyk","shapeGroup":"UKR","gid":"UKR-2-269"},"id":"UKR-2-269"},{"arcs":[[-810,-826,826,827,-814,-812]],"type":"Polygon","properties":{"name":"Trostianets","shapeGroup":"UKR","gid":"UKR-2-270"},"id":"UKR-2-270"},{"arcs":[[-191,828,829,830,-824]],"type":"Polygon","properties":{"name":"Pishchanka","shapeGroup":"UKR","gid":"UKR-2-271"},"id":"UKR-2-271"},{"arcs":[[-825,-831,831,832,833,-827]],"type":"Polygon","properties":{"name":"Kryzhopil","shapeGroup":"UKR","gid":"UKR-2-272"},"id":"UKR-2-272"},{"arcs":[[-822,834,835,836,837,838,839]],"type":"Polygon","properties":{"name":"Pohrebyshche","shapeGroup":"UKR","gid":"UKR-2-273"},"id":"UKR-2-273"},{"arcs":[[-836,840,841,842,843,844,845]],"type":"Polygon","properties":{"name":"Koziatyn","shapeGroup":"UKR","gid":"UKR-2-274"},"id":"UKR-2-274"},{"arcs":[[-830,846,847,848,849,-832]],"type":"Polygon","properties":{"name":"Yampil","shapeGroup":"UKR","gid":"UKR-2-275"},"id":"UKR-2-275"},{"arcs":[[-833,-850,850,851,852]],"type":"Polygon","properties":{"name":"Tomashpil","shapeGroup":"UKR","gid":"UKR-2-276"},"id":"UKR-2-276"},{"arcs":[[-815,-828,-834,-853,853,854,855]],"type":"Polygon","properties":{"name":"Tulchyn","shapeGroup":"UKR","gid":"UKR-2-277"},"id":"UKR-2-277"},{"arcs":[[-816,-856,856,857,858,-818]],"type":"Polygon","properties":{"name":"Nemyriv","shapeGroup":"UKR","gid":"UKR-2-278"},"id":"UKR-2-278"},{"arcs":[[-819,-859,859,860,-841,-835,-821]],"type":"Polygon","properties":{"name":"Lypovets","shapeGroup":"UKR","gid":"UKR-2-279"},"id":"UKR-2-279"},{"arcs":[[-842,-861,861,862,863]],"type":"Polygon","properties":{"name":"Kalynivka","shapeGroup":"UKR","gid":"UKR-2-280"},"id":"UKR-2-280"},{"arcs":[[-858,864,865,866,-862,-860]],"type":"Polygon","properties":{"name":"Vinnytsia","shapeGroup":"UKR","gid":"UKR-2-281"},"id":"UKR-2-281"},{"arcs":[[-855,867,868,-865,-857]],"type":"Polygon","properties":{"name":"Tyvriv","shapeGroup":"UKR","gid":"UKR-2-282"},"id":"UKR-2-282"},{"arcs":[[-852,869,870,871,872,-868,-854]],"type":"Polygon","properties":{"name":"Sharhorod","shapeGroup":"UKR","gid":"UKR-2-283"},"id":"UKR-2-283"},{"arcs":[[-849,873,874,-870,-851]],"type":"Polygon","properties":{"name":"Chernivtsi","shapeGroup":"UKR","gid":"UKR-2-284"},"id":"UKR-2-284"},{"arcs":[[-848,875,876,877,878,-874]],"type":"Polygon","properties":{"name":"Mohyliv-Podilskyi","shapeGroup":"UKR","gid":"UKR-2-285"},"id":"UKR-2-285"},{"arcs":[[-871,-875,-879,879,880,881]],"type":"Polygon","properties":{"name":"Murovani Kurylivtsi","shapeGroup":"UKR","gid":"UKR-2-286"},"id":"UKR-2-286"},{"arcs":[[-872,-882,882,883,884]],"type":"Polygon","properties":{"name":"Bar","shapeGroup":"UKR","gid":"UKR-2-287"},"id":"UKR-2-287"},{"arcs":[[-866,-869,-873,-885,885]],"type":"Polygon","properties":{"name":"Zhmerynka","shapeGroup":"UKR","gid":"UKR-2-288"},"id":"UKR-2-288"},{"arcs":[[-863,-867,-886,886,887,888,889]],"type":"Polygon","properties":{"name":"Lityn","shapeGroup":"UKR","gid":"UKR-2-289"},"id":"UKR-2-289"},{"arcs":[[-843,-864,-890,890,891,892,893]],"type":"Polygon","properties":{"name":"Khmilnyk","shapeGroup":"UKR","gid":"UKR-2-290"},"id":"UKR-2-290"},{"arcs":[[-727,894,895,896,897,898]],"type":"Polygon","properties":{"name":"Bakhmach","shapeGroup":"UKR","gid":"UKR-2-291"},"id":"UKR-2-291"},{"arcs":[[-728,-899,899,900,-740,-734]],"type":"Polygon","properties":{"name":"Korop","shapeGroup":"UKR","gid":"UKR-2-292"},"id":"UKR-2-292"},{"arcs":[[-741,-901,901,902,903,904,-746]],"type":"Polygon","properties":{"name":"Novhorod-Siverskyi","shapeGroup":"UKR","gid":"UKR-2-293"},"id":"UKR-2-293"},{"arcs":[[-715,905,906,-895,-726]],"type":"Polygon","properties":{"name":"Talalaivka","shapeGroup":"UKR","gid":"UKR-2-294"},"id":"UKR-2-294"},{"arcs":[[-684,907,908,909,-906,-714]],"type":"Polygon","properties":{"name":"Sribne","shapeGroup":"UKR","gid":"UKR-2-295"},"id":"UKR-2-295"},{"arcs":[[-683,-688,-694,910,-908]],"type":"Polygon","properties":{"name":"Varva","shapeGroup":"UKR","gid":"UKR-2-296"},"id":"UKR-2-296"},{"arcs":[[-693,911,912,913,914,915,-909,-911]],"type":"Polygon","properties":{"name":"Pryluky","shapeGroup":"UKR","gid":"UKR-2-297"},"id":"UKR-2-297"},{"arcs":[[-896,-907,-910,-916,916,917]],"type":"Polygon","properties":{"name":"Ichnia","shapeGroup":"UKR","gid":"UKR-2-298"},"id":"UKR-2-298"},{"arcs":[[-897,-918,918,919,920,921]],"type":"Polygon","properties":{"name":"Borzna","shapeGroup":"UKR","gid":"UKR-2-299"},"id":"UKR-2-299"},{"arcs":[[-898,-922,922,923,-902,-900]],"type":"Polygon","properties":{"name":"Sosnytsia","shapeGroup":"UKR","gid":"UKR-2-300"},"id":"UKR-2-300"},{"arcs":[[-904,924,925]],"type":"Polygon","properties":{"name":"Semenivka","shapeGroup":"UKR","gid":"UKR-2-301"},"id":"UKR-2-301"},{"arcs":[[-903,-924,926,927,928,-925]],"type":"Polygon","properties":{"name":"Koriukivka","shapeGroup":"UKR","gid":"UKR-2-302"},"id":"UKR-2-302"},{"arcs":[[-921,929,930,931,932,-927,-923]],"type":"Polygon","properties":{"name":"Mena","shapeGroup":"UKR","gid":"UKR-2-303"},"id":"UKR-2-303"},{"arcs":[[-928,-933,933,934]],"type":"Polygon","properties":{"name":"Snovsk","shapeGroup":"UKR","gid":"UKR-2-304"},"id":"UKR-2-304"},{"arcs":[[-915,935,936,-919,-917]],"type":"Polygon","properties":{"name":"Nizhyn","shapeGroup":"UKR","gid":"UKR-2-305"},"id":"UKR-2-305"},{"arcs":[[-920,-937,937,938,939,-930]],"type":"Polygon","properties":{"name":"Kulykivka","shapeGroup":"UKR","gid":"UKR-2-306"},"id":"UKR-2-306"},{"arcs":[[-914,940,941,942,-938,-936]],"type":"Polygon","properties":{"name":"Nosivka","shapeGroup":"UKR","gid":"UKR-2-307"},"id":"UKR-2-307"},{"arcs":[[-942,943,944,945,946]],"type":"Polygon","properties":{"name":"Bobrovytsia","shapeGroup":"UKR","gid":"UKR-2-308"},"id":"UKR-2-308"},{"arcs":[[-939,-943,-947,947,948,949,950]],"type":"Polygon","properties":{"name":"Kozelets","shapeGroup":"UKR","gid":"UKR-2-309"},"id":"UKR-2-309"},{"arcs":[[-931,-940,-951,951,952,953,954]],"type":"Polygon","properties":{"name":"Chernihiv","shapeGroup":"UKR","gid":"UKR-2-310"},"id":"UKR-2-310"},{"arcs":[[-932,-955,955,956,-934]],"type":"Polygon","properties":{"name":"Horodnia","shapeGroup":"UKR","gid":"UKR-2-311"},"id":"UKR-2-311"},{"arcs":[[-954,957,-956]],"type":"Polygon","properties":{"name":"Ripky","shapeGroup":"UKR","gid":"UKR-2-312"},"id":"UKR-2-312"},{"arcs":[[-877,958,959,960]],"type":"Polygon","properties":{"name":"Sokyriany","shapeGroup":"UKR","gid":"UKR-2-313"},"id":"UKR-2-313"},{"arcs":[[-960,961,962,963,964,965]],"type":"Polygon","properties":{"name":"Kelmentsi","shapeGroup":"UKR","gid":"UKR-2-314"},"id":"UKR-2-314"},{"arcs":[[-964,966,967,968,969]],"type":"Polygon","properties":{"name":"Khotyn","shapeGroup":"UKR","gid":"UKR-2-315"},"id":"UKR-2-315"},{"arcs":[[-963,970,971,972,973,-967]],"type":"Polygon","properties":{"name":"Novoselytsia","shapeGroup":"UKR","gid":"UKR-2-316"},"id":"UKR-2-316"},{"arcs":[[-972,974,975,976]],"type":"Polygon","properties":{"name":"Hertsa","shapeGroup":"UKR","gid":"UKR-2-317"},"id":"UKR-2-317"},{"arcs":[[-976,977,978,979]],"type":"Polygon","properties":{"name":"Hlyboka","shapeGroup":"UKR","gid":"UKR-2-318"},"id":"UKR-2-318"},{"arcs":[[-968,-974,980,981,982,983]],"type":"Polygon","properties":{"name":"Zastavna","shapeGroup":"UKR","gid":"UKR-2-319"},"id":"UKR-2-319"},{"arcs":[[-973,-977,-980,984,985,986,-981]],"type":"Polygon","properties":{"name":"Kitsman","shapeGroup":"UKR","gid":"UKR-2-320"},"id":"UKR-2-320"},{"arcs":[[-979,987,988,-985]],"type":"Polygon","properties":{"name":"Storozhynets","shapeGroup":"UKR","gid":"UKR-2-321"},"id":"UKR-2-321"},{"arcs":[[-986,-989,989,990,991,992]],"type":"Polygon","properties":{"name":"Vyzhnytsia","shapeGroup":"UKR","gid":"UKR-2-322"},"id":"UKR-2-322"},{"arcs":[[-991,993,994,995]],"type":"Polygon","properties":{"name":"Putyla","shapeGroup":"UKR","gid":"UKR-2-323"},"id":"UKR-2-323"},{"arcs":[[-913,996,997,-944,-941]],"type":"Polygon","properties":{"name":"Zghurivka","shapeGroup":"UKR","gid":"UKR-2-324"},"id":"UKR-2-324"},{"arcs":[[-690,-753,-761,998,999,-997,-912,-692]],"type":"Polygon","properties":{"name":"Yahotyn","shapeGroup":"UKR","gid":"UKR-2-325"},"id":"UKR-2-325"},{"arcs":[[-760,-770,1000,1001,1002,-999]],"type":"Polygon","properties":{"name":"Pereiaslav-Khmelnytskyi","shapeGroup":"UKR","gid":"UKR-2-326"},"id":"UKR-2-326"},{"arcs":[[-945,-998,-1000,-1003,1003]],"type":"Polygon","properties":{"name":"Baryshivka","shapeGroup":"UKR","gid":"UKR-2-327"},"id":"UKR-2-327"},{"arcs":[[-793,-823,-840,1004,1005,-795]],"type":"Polygon","properties":{"name":"Tetiiv","shapeGroup":"UKR","gid":"UKR-2-328"},"id":"UKR-2-328"},{"arcs":[[-796,-1006,1006,1007,1008,-806]],"type":"Polygon","properties":{"name":"Stavyshche","shapeGroup":"UKR","gid":"UKR-2-329"},"id":"UKR-2-329"},{"arcs":[[-807,-1009,1009,1010,1011]],"type":"Polygon","properties":{"name":"Tarashcha","shapeGroup":"UKR","gid":"UKR-2-330"},"id":"UKR-2-330"},{"arcs":[[-778,-808,-1012,1012,1013]],"type":"Polygon","properties":{"name":"Bohuslav","shapeGroup":"UKR","gid":"UKR-2-331"},"id":"UKR-2-331"},{"arcs":[[-839,1014,1015,-1007,-1005]],"type":"Polygon","properties":{"name":"Volodarka","shapeGroup":"UKR","gid":"UKR-2-332"},"id":"UKR-2-332"},{"arcs":[[-769,-779,-1014,1016,1017,1018,-1001]],"type":"Polygon","properties":{"name":"Myronivka","shapeGroup":"UKR","gid":"UKR-2-333"},"id":"UKR-2-333"},{"arcs":[[-1011,1019,1020,-1017,-1013]],"type":"Polygon","properties":{"name":"Rokytne","shapeGroup":"UKR","gid":"UKR-2-334"},"id":"UKR-2-334"},{"arcs":[[-1018,-1021,1021,1022,1023]],"type":"Polygon","properties":{"name":"Kaharlyk","shapeGroup":"UKR","gid":"UKR-2-335"},"id":"UKR-2-335"},{"arcs":[[-1008,-1016,1024,1025,1026,1027,-1022,-1020,-1010]],"type":"Polygon","properties":{"name":"Bila Tserkva","shapeGroup":"UKR","gid":"UKR-2-336"},"id":"UKR-2-336"},{"arcs":[[-838,1028,1029,1030,-1025,-1015]],"type":"Polygon","properties":{"name":"Skvyra","shapeGroup":"UKR","gid":"UKR-2-337"},"id":"UKR-2-337"},{"arcs":[[-1026,-1031,1031,1032,1033,1034]],"type":"Polygon","properties":{"name":"Fastiv","shapeGroup":"UKR","gid":"UKR-2-338"},"id":"UKR-2-338"},{"arcs":[[-1027,-1035,1035,1036,1037,1038]],"type":"Polygon","properties":{"name":"Vasylkiv","shapeGroup":"UKR","gid":"UKR-2-339"},"id":"UKR-2-339"},{"arcs":[[-1023,-1028,-1039,1039,1040]],"type":"Polygon","properties":{"name":"Obukhiv","shapeGroup":"UKR","gid":"UKR-2-340"},"id":"UKR-2-340"},{"arcs":[[-1002,-1019,-1024,-1041,1041,1042,-1004]],"type":"Polygon","properties":{"name":"Boryspil","shapeGroup":"UKR","gid":"UKR-2-341"},"id":"UKR-2-341"},{"arcs":[[-946,-1043,1043,1044,-948]],"type":"Polygon","properties":{"name":"Brovary","shapeGroup":"UKR","gid":"UKR-2-342"},"id":"UKR-2-342"},{"arcs":[[-1038,1045,1046,-1044,-1042,-1040]],"type":"Polygon","properties":{"name":"Kyiv","shapeGroup":"UKR","gid":"UKR-2-343"},"id":"UKR-2-343"},{"arcs":[[-1034,1047,1048,1049,1050,-1036]],"type":"Polygon","properties":{"name":"Makariv","shapeGroup":"UKR","gid":"UKR-2-344"},"id":"UKR-2-344"},{"arcs":[[-1037,-1051,1051,1052,-1046]],"type":"Polygon","properties":{"name":"Kyiv-Sviatoshyn","shapeGroup":"UKR","gid":"UKR-2-345"},"id":"UKR-2-345"},{"arcs":[[-949,-1045,-1047,-1053,1053,1054]],"type":"Polygon","properties":{"name":"Vyshhorod","shapeGroup":"UKR","gid":"UKR-2-346"},"id":"UKR-2-346"},{"arcs":[[-1050,1055,1056,-1054,-1052]],"type":"Polygon","properties":{"name":"Borodianka","shapeGroup":"UKR","gid":"UKR-2-347"},"id":"UKR-2-347"},{"arcs":[[-950,-1055,-1057,1057,1058,1059,1060,1061,-952]],"type":"Polygon","properties":{"name":"Ivankiv","shapeGroup":"UKR","gid":"UKR-2-348"},"id":"UKR-2-348"},{"arcs":[[-1061,1062,1063]],"type":"Polygon","properties":{"name":"Poliske","shapeGroup":"UKR","gid":"UKR-2-349"},"id":"UKR-2-349"},{"arcs":[[-995,1064,1065,1066,1067]],"type":"Polygon","properties":{"name":"Verkhovyna","shapeGroup":"UKR","gid":"UKR-2-350"},"id":"UKR-2-350"},{"arcs":[[-992,-996,-1068,1068,1069,1070]],"type":"Polygon","properties":{"name":"Kosiv","shapeGroup":"UKR","gid":"UKR-2-351"},"id":"UKR-2-351"},{"arcs":[[-987,-993,-1071,1071,1072]],"type":"Polygon","properties":{"name":"Sniatyn","shapeGroup":"UKR","gid":"UKR-2-352"},"id":"UKR-2-352"},{"arcs":[[-982,-1073,1073,1074,1075,1076]],"type":"Polygon","properties":{"name":"Horodenka","shapeGroup":"UKR","gid":"UKR-2-353"},"id":"UKR-2-353"},{"arcs":[[-878,-961,-966,1077,1078,1079,-880]],"type":"Polygon","properties":{"name":"Nova Ushytsia","shapeGroup":"UKR","gid":"UKR-2-354"},"id":"UKR-2-354"},{"arcs":[[-965,-970,1080,1081,1082,-1078]],"type":"Polygon","properties":{"name":"Kamianets-Podilskyi","shapeGroup":"UKR","gid":"UKR-2-355"},"id":"UKR-2-355"},{"arcs":[[-1079,-1083,1083,1084,1085,1086]],"type":"Polygon","properties":{"name":"Dunaivti","shapeGroup":"UKR","gid":"UKR-2-356"},"id":"UKR-2-356"},{"arcs":[[-1082,1087,1088,1089,1090,-1084]],"type":"Polygon","properties":{"name":"Chemerivtsi","shapeGroup":"UKR","gid":"UKR-2-357"},"id":"UKR-2-357"},{"arcs":[[-881,-1080,-1087,1091,1092,-883]],"type":"Polygon","properties":{"name":"Vinkivtsi","shapeGroup":"UKR","gid":"UKR-2-358"},"id":"UKR-2-358"},{"arcs":[[-884,-1093,1093,1094,1095,-887]],"type":"Polygon","properties":{"name":"Derazhnia","shapeGroup":"UKR","gid":"UKR-2-359"},"id":"UKR-2-359"},{"arcs":[[-1086,1096,1097,-1094,-1092]],"type":"Polygon","properties":{"name":"Yarmolyntsi","shapeGroup":"UKR","gid":"UKR-2-360"},"id":"UKR-2-360"},{"arcs":[[-1085,-1091,1098,1099,1100,-1097]],"type":"Polygon","properties":{"name":"Horodok","shapeGroup":"UKR","gid":"UKR-2-361"},"id":"UKR-2-361"},{"arcs":[[-888,-1096,1101,1102,1103]],"type":"Polygon","properties":{"name":"Letychiv","shapeGroup":"UKR","gid":"UKR-2-362"},"id":"UKR-2-362"},{"arcs":[[-1095,-1098,-1101,1104,1105,1106,-1102]],"type":"Polygon","properties":{"name":"Khmelnytskyi","shapeGroup":"UKR","gid":"UKR-2-363"},"id":"UKR-2-363"},{"arcs":[[-1100,1107,1108,1109,1110,-1105]],"type":"Polygon","properties":{"name":"Volochysk","shapeGroup":"UKR","gid":"UKR-2-364"},"id":"UKR-2-364"},{"arcs":[[-889,-1104,1111,1112,-891]],"type":"Polygon","properties":{"name":"Stara Syniava","shapeGroup":"UKR","gid":"UKR-2-365"},"id":"UKR-2-365"},{"arcs":[[-1103,-1107,1113,1114,1115,1116,1117,-1112]],"type":"Polygon","properties":{"name":"Starokostiantyniv\t","shapeGroup":"UKR","gid":"UKR-2-366"},"id":"UKR-2-366"},{"arcs":[[-1106,-1111,1118,1119,-1114]],"type":"Polygon","properties":{"name":"Krasyliv","shapeGroup":"UKR","gid":"UKR-2-367"},"id":"UKR-2-367"},{"arcs":[[-1110,1120,1121,1122,-1119]],"type":"Polygon","properties":{"name":"Teofipol","shapeGroup":"UKR","gid":"UKR-2-368"},"id":"UKR-2-368"},{"arcs":[[-1122,1123,1124,1125,1126]],"type":"Polygon","properties":{"name":"Bilohiria","shapeGroup":"UKR","gid":"UKR-2-369"},"id":"UKR-2-369"},{"arcs":[[-1115,-1120,-1123,-1127,1127,1128,1129]],"type":"Polygon","properties":{"name":"Iziaslav","shapeGroup":"UKR","gid":"UKR-2-370"},"id":"UKR-2-370"},{"arcs":[[-1117,1130,1131,1132,1133]],"type":"Polygon","properties":{"name":"Polonne","shapeGroup":"UKR","gid":"UKR-2-371"},"id":"UKR-2-371"},{"arcs":[[-1116,-1130,1134,1135,-1131]],"type":"Polygon","properties":{"name":"Shepetika","shapeGroup":"UKR","gid":"UKR-2-372"},"id":"UKR-2-372"},{"arcs":[[-1129,1136,1137,1138,1139,1140,-1135]],"type":"Polygon","properties":{"name":"Slavuta","shapeGroup":"UKR","gid":"UKR-2-373"},"id":"UKR-2-373"},{"arcs":[[-837,-846,1141,1142,-1029]],"type":"Polygon","properties":{"name":"Ruzhyn","shapeGroup":"UKR","gid":"UKR-2-374"},"id":"UKR-2-374"},{"arcs":[[-1030,-1143,1143,1144,-1032]],"type":"Polygon","properties":{"name":"Popilnia","shapeGroup":"UKR","gid":"UKR-2-375"},"id":"UKR-2-375"},{"arcs":[[-1033,-1145,1145,1146,1147,-1048]],"type":"Polygon","properties":{"name":"Brusyliv","shapeGroup":"UKR","gid":"UKR-2-376"},"id":"UKR-2-376"},{"arcs":[[-845,1148,1149,1150,-1146,-1144,-1142]],"type":"Polygon","properties":{"name":"Andrushivka","shapeGroup":"UKR","gid":"UKR-2-377"},"id":"UKR-2-377"},{"arcs":[[-844,-894,1151,1152,-1149]],"type":"Polygon","properties":{"name":"Berdychiv","shapeGroup":"UKR","gid":"UKR-2-378"},"id":"UKR-2-378"},{"arcs":[[-893,1153,1154,1155,-1152]],"type":"Polygon","properties":{"name":"Chudniv","shapeGroup":"UKR","gid":"UKR-2-379"},"id":"UKR-2-379"},{"arcs":[[-892,-1113,-1118,-1134,1156,-1154]],"type":"Polygon","properties":{"name":"Liubar","shapeGroup":"UKR","gid":"UKR-2-380"},"id":"UKR-2-380"},{"arcs":[[-1133,1157,1158,1159,-1155,-1157]],"type":"Polygon","properties":{"name":"Romaniv","shapeGroup":"UKR","gid":"UKR-2-381"},"id":"UKR-2-381"},{"arcs":[[-1150,-1153,-1156,-1160,1160,1161,1162]],"type":"Polygon","properties":{"name":"Zhytomyr","shapeGroup":"UKR","gid":"UKR-2-382"},"id":"UKR-2-382"},{"arcs":[[-1147,-1151,-1163,1163,1164]],"type":"Polygon","properties":{"name":"Korostyshiv","shapeGroup":"UKR","gid":"UKR-2-383"},"id":"UKR-2-383"},{"arcs":[[-1049,-1148,-1165,1165,1166,-1058,-1056]],"type":"Polygon","properties":{"name":"Radomyshl","shapeGroup":"UKR","gid":"UKR-2-384"},"id":"UKR-2-384"},{"arcs":[[-1162,1167,1168,1169,-1166,-1164]],"type":"Polygon","properties":{"name":"Cherniakhiv","shapeGroup":"UKR","gid":"UKR-2-385"},"id":"UKR-2-385"},{"arcs":[[-1132,-1136,-1141,1170,1171,-1158]],"type":"Polygon","properties":{"name":"Baranivka","shapeGroup":"UKR","gid":"UKR-2-386"},"id":"UKR-2-386"},{"arcs":[[-1159,-1172,1172,1173,1174,-1168,-1161]],"type":"Polygon","properties":{"name":"Pulyny","shapeGroup":"UKR","gid":"UKR-2-387"},"id":"UKR-2-387"},{"arcs":[[-1169,-1175,1175,1176,1177]],"type":"Polygon","properties":{"name":"Khoroshiv","shapeGroup":"UKR","gid":"UKR-2-388"},"id":"UKR-2-388"},{"arcs":[[-1059,-1167,-1170,-1178,1178,1179]],"type":"Polygon","properties":{"name":"Malyn","shapeGroup":"UKR","gid":"UKR-2-389"},"id":"UKR-2-389"},{"arcs":[[-1060,-1180,1180,1181,1182,-1063]],"type":"Polygon","properties":{"name":"Narodychi","shapeGroup":"UKR","gid":"UKR-2-390"},"id":"UKR-2-390"},{"arcs":[[-1140,1183,1184,1185,1186,1187,-1173,-1171]],"type":"Polygon","properties":{"name":"Zviahel","shapeGroup":"UKR","gid":"UKR-2-391"},"id":"UKR-2-391"},{"arcs":[[-1174,-1188,1188,1189,1190,-1176]],"type":"Polygon","properties":{"name":"Yemilchyne","shapeGroup":"UKR","gid":"UKR-2-392"},"id":"UKR-2-392"},{"arcs":[[-1177,-1191,1191,1192,-1181,-1179]],"type":"Polygon","properties":{"name":"Korosten","shapeGroup":"UKR","gid":"UKR-2-393"},"id":"UKR-2-393"},{"arcs":[[-1190,1193,1194,-1192]],"type":"Polygon","properties":{"name":"Luhyny","shapeGroup":"UKR","gid":"UKR-2-394"},"id":"UKR-2-394"},{"arcs":[[-1182,-1193,-1195,1195,1196]],"type":"Polygon","properties":{"name":"Ovruch","shapeGroup":"UKR","gid":"UKR-2-395"},"id":"UKR-2-395"},{"arcs":[[-1187,1197,1198,-1196,-1194,-1189]],"type":"Polygon","properties":{"name":"Olevsk","shapeGroup":"UKR","gid":"UKR-2-396"},"id":"UKR-2-396"},{"arcs":[[-1066,1199,1200,1201]],"type":"Polygon","properties":{"name":"Rakhiv","shapeGroup":"UKR","gid":"UKR-2-397"},"id":"UKR-2-397"},{"arcs":[[-1201,1202,1203,1204,1205,1206]],"type":"Polygon","properties":{"name":"Tiachiv","shapeGroup":"UKR","gid":"UKR-2-398"},"id":"UKR-2-398"},{"arcs":[[-1204,1207,1208,1209,1210]],"type":"Polygon","properties":{"name":"Khust","shapeGroup":"UKR","gid":"UKR-2-399"},"id":"UKR-2-399"},{"arcs":[[-1205,-1211,1211,1212,1213,1214,1215,1216]],"type":"Polygon","properties":{"name":"Mizhhiria","shapeGroup":"UKR","gid":"UKR-2-400"},"id":"UKR-2-400"},{"arcs":[[-1209,1217,1218,1219]],"type":"Polygon","properties":{"name":"Vynohradiv","shapeGroup":"UKR","gid":"UKR-2-401"},"id":"UKR-2-401"},{"arcs":[[-1210,-1220,1220,1221,1222,-1212]],"type":"Polygon","properties":{"name":"Irshava","shapeGroup":"UKR","gid":"UKR-2-402"},"id":"UKR-2-402"},{"arcs":[[-1219,1223,1224,1225,-1221]],"type":"Polygon","properties":{"name":"Berehove","shapeGroup":"UKR","gid":"UKR-2-403"},"id":"UKR-2-403"},{"arcs":[[-1214,1226,1227,1228,1229,1230]],"type":"Polygon","properties":{"name":"Volovets","shapeGroup":"UKR","gid":"UKR-2-404"},"id":"UKR-2-404"},{"arcs":[[-1213,-1223,1231,1232,-1227]],"type":"Polygon","properties":{"name":"Svaliava","shapeGroup":"UKR","gid":"UKR-2-405"},"id":"UKR-2-405"},{"arcs":[[-1222,-1226,1233,1234,-1232]],"type":"Polygon","properties":{"name":"Mukachevo\t","shapeGroup":"UKR","gid":"UKR-2-406"},"id":"UKR-2-406"},{"arcs":[[-1225,1235,1236,-1234]],"type":"Polygon","properties":{"name":"Uzhhorod","shapeGroup":"UKR","gid":"UKR-2-407"},"id":"UKR-2-407"},{"arcs":[[-1228,-1233,-1235,-1237,1237,1238]],"type":"Polygon","properties":{"name":"Perechyn","shapeGroup":"UKR","gid":"UKR-2-408"},"id":"UKR-2-408"},{"arcs":[[-1229,-1239,1239,1240]],"type":"Polygon","properties":{"name":"Velykyy Bereznyi","shapeGroup":"UKR","gid":"UKR-2-409"},"id":"UKR-2-409"},{"arcs":[[-1185,1241,1242,1243,1244]],"type":"Polygon","properties":{"name":"Berezne","shapeGroup":"UKR","gid":"UKR-2-410"},"id":"UKR-2-410"},{"arcs":[[-1186,-1245,1245,1246,1247,-1198]],"type":"Polygon","properties":{"name":"Rokytne","shapeGroup":"UKR","gid":"UKR-2-411"},"id":"UKR-2-411"},{"arcs":[[-1139,1248,-1242,-1184]],"type":"Polygon","properties":{"name":"Korets","shapeGroup":"UKR","gid":"UKR-2-412"},"id":"UKR-2-412"},{"arcs":[[-1247,1249,1250,1251,1252]],"type":"Polygon","properties":{"name":"Dubrovytsia","shapeGroup":"UKR","gid":"UKR-2-413"},"id":"UKR-2-413"},{"arcs":[[-1252,1253,1254,1255,1256]],"type":"Polygon","properties":{"name":"Zarichne","shapeGroup":"UKR","gid":"UKR-2-414"},"id":"UKR-2-414"},{"arcs":[[-1244,1257,1258,-1250,-1246]],"type":"Polygon","properties":{"name":"Sarny","shapeGroup":"UKR","gid":"UKR-2-415"},"id":"UKR-2-415"},{"arcs":[[-1251,-1259,1259,1260,-1254]],"type":"Polygon","properties":{"name":"Volodymyrets","shapeGroup":"UKR","gid":"UKR-2-416"},"id":"UKR-2-416"},{"arcs":[[-1243,1261,1262,1263,1264,-1260,-1258]],"type":"Polygon","properties":{"name":"Kostopil","shapeGroup":"UKR","gid":"UKR-2-417"},"id":"UKR-2-417"},{"arcs":[[-1138,1265,1266,1267,-1262,-1249]],"type":"Polygon","properties":{"name":"Hoshcha","shapeGroup":"UKR","gid":"UKR-2-418"},"id":"UKR-2-418"},{"arcs":[[-1263,-1268,1268,1269,1270]],"type":"Polygon","properties":{"name":"Rivne","shapeGroup":"UKR","gid":"UKR-2-419"},"id":"UKR-2-419"},{"arcs":[[-1126,1271,1272,-1266,-1137,-1128]],"type":"Polygon","properties":{"name":"Ostroh","shapeGroup":"UKR","gid":"UKR-2-420"},"id":"UKR-2-420"},{"arcs":[[-1267,-1273,1273,-1269]],"type":"Polygon","properties":{"name":"Zdolbuniv","shapeGroup":"UKR","gid":"UKR-2-421"},"id":"UKR-2-421"},{"arcs":[[-1270,-1274,1274,1275,1276,1277,1278]],"type":"Polygon","properties":{"name":"Dubno","shapeGroup":"UKR","gid":"UKR-2-422"},"id":"UKR-2-422"},{"arcs":[[-1279,1279,1280,1281]],"type":"Polygon","properties":{"name":"Mlyniv","shapeGroup":"UKR","gid":"UKR-2-423"},"id":"UKR-2-423"},{"arcs":[[-1278,1282,1283,1284,-1280]],"type":"Polygon","properties":{"name":"Demydivka","shapeGroup":"UKR","gid":"UKR-2-424"},"id":"UKR-2-424"},{"arcs":[[-1277,1285,1286,1287,-1283]],"type":"Polygon","properties":{"name":"Radyvyliv","shapeGroup":"UKR","gid":"UKR-2-425"},"id":"UKR-2-425"},{"arcs":[[-969,-984,1288,1289,-1088,-1081]],"type":"Polygon","properties":{"name":"Borschiv","shapeGroup":"UKR","gid":"UKR-2-426"},"id":"UKR-2-426"},{"arcs":[[-1089,-1290,1290,1291,1292,1293]],"type":"Polygon","properties":{"name":"Chortkiv","shapeGroup":"UKR","gid":"UKR-2-427"},"id":"UKR-2-427"},{"arcs":[[-983,-1077,1294,-1291,-1289]],"type":"Polygon","properties":{"name":"Zalishchyky","shapeGroup":"UKR","gid":"UKR-2-428"},"id":"UKR-2-428"},{"arcs":[[-1090,-1294,1295,1296,-1108,-1099]],"type":"Polygon","properties":{"name":"Husiatyn","shapeGroup":"UKR","gid":"UKR-2-429"},"id":"UKR-2-429"},{"arcs":[[-1109,-1297,1297,1298,1299,1300]],"type":"Polygon","properties":{"name":"Pidvolochysk","shapeGroup":"UKR","gid":"UKR-2-430"},"id":"UKR-2-430"},{"arcs":[[-1121,-1301,1301,1302,1303,-1124]],"type":"Polygon","properties":{"name":"Lanivtsi","shapeGroup":"UKR","gid":"UKR-2-431"},"id":"UKR-2-431"},{"arcs":[[-1125,-1304,1304,-1275,-1272]],"type":"Polygon","properties":{"name":"Shumsk","shapeGroup":"UKR","gid":"UKR-2-432"},"id":"UKR-2-432"},{"arcs":[[-1276,-1305,-1303,1305,1306,1307,-1286]],"type":"Polygon","properties":{"name":"Kremenets","shapeGroup":"UKR","gid":"UKR-2-433"},"id":"UKR-2-433"},{"arcs":[[-1300,1308,1309,-1306,-1302]],"type":"Polygon","properties":{"name":"Zbarazh","shapeGroup":"UKR","gid":"UKR-2-434"},"id":"UKR-2-434"},{"arcs":[[-1307,-1310,1310,1311,1312,1313,1314]],"type":"Polygon","properties":{"name":"Zboriv","shapeGroup":"UKR","gid":"UKR-2-435"},"id":"UKR-2-435"},{"arcs":[[-1299,1315,1316,-1311,-1309]],"type":"Polygon","properties":{"name":"Ternopil","shapeGroup":"UKR","gid":"UKR-2-436"},"id":"UKR-2-436"},{"arcs":[[-1293,1317,1318,1319,1320,-1316,-1298,-1296]],"type":"Polygon","properties":{"name":"Terebovlia","shapeGroup":"UKR","gid":"UKR-2-437"},"id":"UKR-2-437"},{"arcs":[[-1312,-1317,-1321,1321,1322]],"type":"Polygon","properties":{"name":"Kozova","shapeGroup":"UKR","gid":"UKR-2-438"},"id":"UKR-2-438"},{"arcs":[[-1076,1323,1324,-1318,-1292,-1295]],"type":"Polygon","properties":{"name":"Buchach","shapeGroup":"UKR","gid":"UKR-2-439"},"id":"UKR-2-439"},{"arcs":[[-1313,-1323,1325,1326,1327,1328,1329]],"type":"Polygon","properties":{"name":"Berezhany","shapeGroup":"UKR","gid":"UKR-2-440"},"id":"UKR-2-440"},{"arcs":[[-1320,1330,1331,-1326,-1322]],"type":"Polygon","properties":{"name":"Pidhaitsi","shapeGroup":"UKR","gid":"UKR-2-441"},"id":"UKR-2-441"},{"arcs":[[-1319,-1325,1332,1333,1334,-1331]],"type":"Polygon","properties":{"name":"Monastyryska","shapeGroup":"UKR","gid":"UKR-2-442"},"id":"UKR-2-442"},{"arcs":[[-1255,-1261,-1265,1335,1336,1337,1338,1339]],"type":"Polygon","properties":{"name":"Manevychi","shapeGroup":"UKR","gid":"UKR-2-443"},"id":"UKR-2-443"},{"arcs":[[-1264,-1271,-1282,1340,1341,-1336]],"type":"Polygon","properties":{"name":"Kivertsi","shapeGroup":"UKR","gid":"UKR-2-444"},"id":"UKR-2-444"},{"arcs":[[-1256,-1340,1342,1343,1344]],"type":"Polygon","properties":{"name":"Liubeshiv","shapeGroup":"UKR","gid":"UKR-2-445"},"id":"UKR-2-445"},{"arcs":[[-1281,-1285,1345,1346,1347,-1341]],"type":"Polygon","properties":{"name":"Lutsk\t","shapeGroup":"UKR","gid":"UKR-2-446"},"id":"UKR-2-446"},{"arcs":[[-1284,-1288,1348,1349,1350,1351,1352,-1346]],"type":"Polygon","properties":{"name":"Horokhiv","shapeGroup":"UKR","gid":"UKR-2-447"},"id":"UKR-2-447"},{"arcs":[[-1352,1353,1354,1355,1356]],"type":"Polygon","properties":{"name":"Ivanychi","shapeGroup":"UKR","gid":"UKR-2-448"},"id":"UKR-2-448"},{"arcs":[[-1347,-1353,-1357,1357,1358,1359]],"type":"Polygon","properties":{"name":"Lokachi","shapeGroup":"UKR","gid":"UKR-2-449"},"id":"UKR-2-449"},{"arcs":[[-1337,-1342,-1348,-1360,1360]],"type":"Polygon","properties":{"name":"Rozhyshche","shapeGroup":"UKR","gid":"UKR-2-450"},"id":"UKR-2-450"},{"arcs":[[-1356,1361,1362,1363,-1358]],"type":"Polygon","properties":{"name":"Volodymyr","shapeGroup":"UKR","gid":"UKR-2-451"},"id":"UKR-2-451"},{"arcs":[[-1359,-1364,1364,1365,1366]],"type":"Polygon","properties":{"name":"Turiisk","shapeGroup":"UKR","gid":"UKR-2-452"},"id":"UKR-2-452"},{"arcs":[[-1338,-1361,-1367,1367,1368]],"type":"Polygon","properties":{"name":"Kovel","shapeGroup":"UKR","gid":"UKR-2-453"},"id":"UKR-2-453"},{"arcs":[[-1363,1369,1370,1371,-1365]],"type":"Polygon","properties":{"name":"Liuboml","shapeGroup":"UKR","gid":"UKR-2-454"},"id":"UKR-2-454"},{"arcs":[[-1366,-1372,1372,1373,1374,-1368]],"type":"Polygon","properties":{"name":"Stara Vyzhivka","shapeGroup":"UKR","gid":"UKR-2-455"},"id":"UKR-2-455"},{"arcs":[[-1371,1375,1376,-1373]],"type":"Polygon","properties":{"name":"Shatsk","shapeGroup":"UKR","gid":"UKR-2-456"},"id":"UKR-2-456"},{"arcs":[[-1339,-1369,-1375,1377,-1343]],"type":"Polygon","properties":{"name":"Kamin-Kashyrskyi","shapeGroup":"UKR","gid":"UKR-2-457"},"id":"UKR-2-457"},{"arcs":[[-1344,-1378,-1374,-1377,1378]],"type":"Polygon","properties":{"name":"Ratne","shapeGroup":"UKR","gid":"UKR-2-458"},"id":"UKR-2-458"},{"arcs":[[-1075,1379,1380,-1333,-1324]],"type":"Polygon","properties":{"name":"Tlumach","shapeGroup":"UKR","gid":"UKR-2-459"},"id":"UKR-2-459"},{"arcs":[[-1070,1381,1382,-1380,-1074,-1072]],"type":"Polygon","properties":{"name":"Kolomyia","shapeGroup":"UKR","gid":"UKR-2-460"},"id":"UKR-2-460"},{"arcs":[[-1067,-1202,-1207,1383,1384,1385,-1382,-1069]],"type":"Polygon","properties":{"name":"Nadvirna","shapeGroup":"UKR","gid":"UKR-2-461"},"id":"UKR-2-461"},{"arcs":[[-1334,-1381,-1383,-1386,1386,1387,1388]],"type":"Polygon","properties":{"name":"Tysmenytsia","shapeGroup":"UKR","gid":"UKR-2-462"},"id":"UKR-2-462"},{"arcs":[[-1385,1389,1390,-1387]],"type":"Polygon","properties":{"name":"Bohorodchany","shapeGroup":"UKR","gid":"UKR-2-463"},"id":"UKR-2-463"},{"arcs":[[-1206,-1217,1391,1392,-1390,-1384]],"type":"Polygon","properties":{"name":"Rozhniativ","shapeGroup":"UKR","gid":"UKR-2-464"},"id":"UKR-2-464"},{"arcs":[[-1216,1393,1394,1395,-1392]],"type":"Polygon","properties":{"name":"Dolyna","shapeGroup":"UKR","gid":"UKR-2-465"},"id":"UKR-2-465"},{"arcs":[[-1388,-1391,-1393,-1396,1396,1397,1398,1399]],"type":"Polygon","properties":{"name":"Kalush","shapeGroup":"UKR","gid":"UKR-2-466"},"id":"UKR-2-466"},{"arcs":[[-1327,-1332,-1335,-1389,-1400,1400]],"type":"Polygon","properties":{"name":"Halych","shapeGroup":"UKR","gid":"UKR-2-467"},"id":"UKR-2-467"},{"arcs":[[-1328,-1401,-1399,1401,1402]],"type":"Polygon","properties":{"name":"Rohatyn","shapeGroup":"UKR","gid":"UKR-2-468"},"id":"UKR-2-468"},{"arcs":[[-1287,-1308,-1315,1403,1404,1405,-1349]],"type":"Polygon","properties":{"name":"Brody","shapeGroup":"UKR","gid":"UKR-2-469"},"id":"UKR-2-469"},{"arcs":[[-1405,1406,1407,1408,1409]],"type":"Polygon","properties":{"name":"Busk","shapeGroup":"UKR","gid":"UKR-2-470"},"id":"UKR-2-470"},{"arcs":[[-1314,-1330,1410,1411,-1407,-1404]],"type":"Polygon","properties":{"name":"Zolochiv","shapeGroup":"UKR","gid":"UKR-2-471"},"id":"UKR-2-471"},{"arcs":[[-1329,-1403,1412,1413,1414,-1411]],"type":"Polygon","properties":{"name":"Peremyshliany","shapeGroup":"UKR","gid":"UKR-2-472"},"id":"UKR-2-472"},{"arcs":[[-1398,1415,1416,-1413,-1402]],"type":"Polygon","properties":{"name":"Zhydachiv","shapeGroup":"UKR","gid":"UKR-2-473"},"id":"UKR-2-473"},{"arcs":[[-1395,1417,1418,1419,-1416,-1397]],"type":"Polygon","properties":{"name":"Stryi","shapeGroup":"UKR","gid":"UKR-2-474"},"id":"UKR-2-474"},{"arcs":[[-1215,-1231,1420,1421,-1418,-1394]],"type":"Polygon","properties":{"name":"Skole","shapeGroup":"UKR","gid":"UKR-2-475"},"id":"UKR-2-475"},{"arcs":[[-1230,-1241,1422,1423,1424,-1421]],"type":"Polygon","properties":{"name":"Turka","shapeGroup":"UKR","gid":"UKR-2-476"},"id":"UKR-2-476"},{"arcs":[[-1414,-1417,-1420,1425,1426,1427]],"type":"Polygon","properties":{"name":"Mykolaiv","shapeGroup":"UKR","gid":"UKR-2-477"},"id":"UKR-2-477"},{"arcs":[[-1419,-1422,-1425,1428,1429,1430,-1426]],"type":"Polygon","properties":{"name":"Drohobych","shapeGroup":"UKR","gid":"UKR-2-478"},"id":"UKR-2-478"},{"arcs":[[-1424,1431,1432,1433,-1429]],"type":"Polygon","properties":{"name":"Staryi Sambir","shapeGroup":"UKR","gid":"UKR-2-479"},"id":"UKR-2-479"},{"arcs":[[-1430,-1434,1434,1435]],"type":"Polygon","properties":{"name":"Sambir","shapeGroup":"UKR","gid":"UKR-2-480"},"id":"UKR-2-480"},{"arcs":[[-1433,1436,1437,1438,-1435]],"type":"Polygon","properties":{"name":"Mostyska","shapeGroup":"UKR","gid":"UKR-2-481"},"id":"UKR-2-481"},{"arcs":[[-1427,-1431,-1436,-1439,1439,1440]],"type":"Polygon","properties":{"name":"Horodok","shapeGroup":"UKR","gid":"UKR-2-482"},"id":"UKR-2-482"},{"arcs":[[-1408,-1412,-1415,-1428,-1441,1441,1442,1443]],"type":"Polygon","properties":{"name":"Pustomyty","shapeGroup":"UKR","gid":"UKR-2-483"},"id":"UKR-2-483"},{"arcs":[[-1438,1444,1445,-1442,-1440]],"type":"Polygon","properties":{"name":"Yavoriv","shapeGroup":"UKR","gid":"UKR-2-484"},"id":"UKR-2-484"},{"arcs":[[-1350,-1406,-1410,1446,1447]],"type":"Polygon","properties":{"name":"Radekhiv","shapeGroup":"UKR","gid":"UKR-2-485"},"id":"UKR-2-485"},{"arcs":[[-1409,-1444,1448,1449,-1447]],"type":"Polygon","properties":{"name":"Kamianka-Buzka","shapeGroup":"UKR","gid":"UKR-2-486"},"id":"UKR-2-486"},{"arcs":[[-1443,-1446,1450,1451,-1449]],"type":"Polygon","properties":{"name":"Zhovkva","shapeGroup":"UKR","gid":"UKR-2-487"},"id":"UKR-2-487"},{"arcs":[[-1351,-1448,-1450,-1452,1452,-1354]],"type":"Polygon","properties":{"name":"Sokal","shapeGroup":"UKR","gid":"UKR-2-488"},"id":"UKR-2-488"},{"arcs":[[-5,1453,1454,-20,-34,-38,-28]],"type":"Polygon","properties":{"name":"Saky","shapeGroup":"UKR","gid":"UKR-2-489"},"id":"UKR-2-489"},{"arcs":[[-1,1455,1456,1457,-1454,-4]],"type":"Polygon","properties":{"name":"Nakhimovskyi","shapeGroup":"UKR","gid":"UKR-2-490"},"id":"UKR-2-490"},{"arcs":[[-1457,1458,1459,1460]],"type":"Polygon","properties":{"name":"Leninskyi","shapeGroup":"UKR","gid":"UKR-2-491"},"id":"UKR-2-491"},{"arcs":[[-3,-8,-14,1461,-1459,-1456]],"type":"Polygon","properties":{"name":"Balakavaskyi","shapeGroup":"UKR","gid":"UKR-2-492"},"id":"UKR-2-492"},{"arcs":[[-1460,1462]],"type":"Polygon","properties":{"name":"Gagarin","shapeGroup":"UKR","gid":"UKR-2-493"},"id":"UKR-2-493"},{"arcs":[[-355,-396,-389,-387,-385]],"type":"Polygon","properties":{"name":"Popasna","shapeGroup":"UKR","gid":"UKR-2-494"},"id":"UKR-2-494"}]}}}