{"type":"Topology","arcs":[[[15265,29878],[56,-42],[-22,-95],[74,-91],[107,-100],[59,5],[7,51],[44,40],[122,20],[102,-45],[62,-60]],[[15876,29561],[43,-40],[130,28],[64,-12],[-27,-81],[47,-57],[-4,-64],[30,-7],[49,-66],[62,-9],[39,32],[80,14]],[[16389,29299],[13,-40],[43,-41],[40,-104],[-25,-177]],[[16460,28937],[-36,-52],[12,-197],[30,-123],[-9,-85]],[[16457,28480],[-50,55],[-50,28],[-62,-49]],[[16295,28514],[-62,45],[7,73],[37,35],[-55,33],[-49,-16],[-48,21],[-38,-71],[-66,38],[-36,-42],[-111,-2],[-67,66],[-72,121],[-52,1],[-14,58],[-62,35],[-53,-20],[-95,9],[-105,76],[-33,73],[-7,99],[25,32],[6,82],[-35,46],[-181,133],[-44,-27],[-99,-2],[-35,24]],[[14951,29434],[-21,146],[29,46],[91,57],[-4,82],[-27,39],[31,74],[87,2],[62,-24],[66,22]],[[9163,8540],[30,-75],[2,-120]],[[9195,8345],[-63,-29],[7,-70],[-55,0],[-8,-81],[-48,-64],[-77,56]],[[8951,8157],[-205,149],[-166,108],[-45,50],[-44,87],[-5,46]],[[8486,8597],[80,-3],[50,21],[69,91],[157,160],[157,93]],[[8999,8959],[30,-72]],[[9029,8887],[13,-94],[52,-142],[69,-111]],[[13616,44382],[98,-118],[-9,-61]],[[13705,44203],[6,-37],[31,-51],[95,-36]],[[13837,44079],[-19,-30]],[[13818,44049],[-101,-85],[-22,-1]],[[13695,43963],[-80,20],[-30,88],[-52,-9],[-54,67]],[[13479,44129],[4,49],[-24,54],[18,153]],[[13477,44385],[30,-47],[109,44]],[[20238,22131],[-6,-83],[35,-84],[-37,-41],[16,-37],[-39,-116],[4,-57]],[[20211,21713],[-45,51],[-54,18],[-52,62],[-68,-14],[-44,-41],[-82,25],[15,116],[-13,112],[-36,3]],[[19832,22045],[63,34],[59,12],[-30,88],[-2,65],[30,93],[79,62]],[[20031,22399],[42,-71],[37,-33],[30,-100],[37,-41],[61,-23]],[[13695,43963],[-44,-56],[55,-83]],[[13706,43824],[50,-71],[-50,-15],[-60,-70]],[[13646,43668],[-164,107],[13,41],[-45,73],[-72,-15],[-17,38]],[[13361,43912],[8,69],[-55,-10],[13,65],[-61,61],[21,29]],[[13287,44126],[123,-17],[69,20]],[[20910,24158],[-71,-108],[9,-75],[-34,-111],[-8,-109]],[[20806,23755],[-44,-97],[-57,-11],[-44,13],[-62,-49],[54,-52],[-12,-57],[-70,3],[-68,29],[-24,43],[-51,-17],[-12,-43],[-112,21],[4,-63],[29,-128],[-16,-67],[13,-24],[-36,-93]],[[20298,23163],[-41,33],[-2,39],[-54,33],[-64,-8],[-4,93],[-73,11],[-45,43],[-108,-5],[-24,37]],[[19883,23439],[3,115],[-31,100],[-5,86]],[[19850,23740],[42,11],[-4,57],[175,99],[16,32],[104,-56],[82,36],[3,161],[-15,53],[30,38],[39,-25],[96,1],[43,20],[23,45],[104,4],[30,-21],[80,6],[59,34],[90,-21],[63,-56]],[[8951,8157],[-51,-52],[-15,-58],[-43,-292],[-3,-124],[9,-25]],[[8848,7606],[-94,60],[-29,-61],[-105,38]],[[8620,7643],[-42,-61],[-90,95],[-108,-219],[-110,115],[-39,4]],[[8231,7577],[28,280],[33,254],[24,114],[53,169],[24,125],[49,88],[44,-10]],[[21531,21786],[-8,-33],[-62,-32],[-23,-34],[-77,-45],[40,-74],[-89,-133],[-51,-18],[-45,7],[-3,-43],[-54,-82]],[[21159,21299],[-72,7],[-12,-101],[-57,-18],[-58,93],[-94,84],[-26,68]],[[20840,21432],[37,-28],[84,26],[54,53],[16,79],[-44,107],[85,59],[-21,133]],[[21051,21861],[56,-9],[39,-67],[56,46],[63,28],[35,-46],[100,-21],[88,39],[43,-45]],[[9148,12060],[-11,-53],[69,-21],[28,-378],[-77,-44],[2,-65],[-34,-121]],[[9125,11378],[-112,162]],[[9013,11540],[-39,55],[-30,13],[-24,81],[3,40],[-75,164],[-18,71],[52,33],[24,90],[72,36],[15,48],[105,14],[-2,-64],[-43,-45],[21,-29],[74,13]],[[12229,44211],[20,-8],[-11,-108],[-52,-90],[48,-35]],[[12234,43970],[-5,-60],[35,-55]],[[12264,43855],[-6,-135],[-92,-31]],[[12166,43689],[-61,-15]],[[12105,43674],[4,47],[-26,68],[-73,35],[-49,132],[-39,-22]],[[11922,43934],[-14,46],[16,45]],[[11924,44025],[72,25],[40,48],[-2,58],[31,18]],[[12065,44174],[24,-29],[100,78],[40,-12]],[[8978,38667],[-55,-78],[30,-70],[-39,-39],[-33,-92],[25,-80],[72,-22],[-16,-39],[-3,-85],[65,-37],[-2,-58],[68,33],[66,-45],[105,-24],[101,24],[76,43]],[[9438,38098],[3,-72],[56,-83],[-30,-74],[36,-77],[-87,-36]],[[9416,37756],[-39,2],[-90,-47],[-58,16],[-47,-23],[-204,-6],[-34,-48],[-61,-50],[-50,21],[-64,-60],[-64,-85],[-44,-31],[-33,-54],[-75,-60]],[[8553,37331],[-2,38],[-75,48]],[[8476,37417],[29,115],[35,56],[-36,44],[27,66],[47,8],[60,-37],[114,68],[16,87],[-26,6],[-85,89],[18,22],[-37,107],[-55,-6],[-40,28],[-2,68],[-33,48],[13,59],[-83,0],[16,56],[87,-9],[50,-35],[82,16],[36,58],[40,-4],[23,97],[-7,21],[52,62],[8,83],[48,59]],[[8873,38649],[105,18]],[[19248,20180],[-4,-24],[77,-47],[6,-112],[28,-39],[53,-28],[76,31],[51,-32]],[[19535,19929],[-75,-53],[-55,-147],[-49,-11],[-39,-64],[30,-50],[-10,-45],[24,-35],[-38,-52],[-1,-88],[-57,-42]],[[19265,19342],[-41,57],[-22,77],[13,65],[-46,59],[-51,-11],[-36,32],[-14,115],[-58,86],[-99,53],[-29,3]],[[18882,19878],[34,45],[6,108],[37,52],[237,31],[52,66]],[[11514,49370],[-21,-66],[-40,-34],[-3,-56],[-38,-61],[-1,-67],[-46,-56],[15,-45],[-28,-35],[100,-85],[12,-69]],[[11464,48796],[-44,-33],[-132,-5],[-60,-53],[-69,-5],[-53,-51],[-125,5]],[[10981,48654],[-28,8],[-56,79],[-130,-30],[-55,53],[-61,14],[10,71],[83,43],[-34,105],[-59,36],[-59,11],[-32,-32],[-53,50],[-15,67]],[[10492,49129],[-52,29],[18,110],[115,85]],[[10573,49353],[105,23],[29,-20],[120,48],[32,-79],[76,29],[63,-35],[86,27],[-19,138],[67,61]],[[11132,49545],[33,-8],[42,-73],[89,-27],[112,16],[86,-46],[20,-37]],[[15640,45734],[31,-43],[-31,-33],[4,-41],[135,-28],[104,-45],[25,-46],[-6,-43],[42,-178],[25,-13]],[[15969,45264],[-113,-156],[-66,47],[-76,-25],[-115,-60],[-18,-57]],[[15581,45013],[-76,-40],[-64,9],[-42,37],[19,73],[28,19],[62,96],[-77,47],[-40,52],[-91,-8],[-51,25],[-80,-7],[-44,-25],[-30,-50],[-102,-81],[-12,72],[-56,51],[-124,2]],[[14801,45285],[-4,40],[25,62],[-39,83],[46,29],[99,19],[41,50],[-3,34]],[[14966,45602],[59,14],[34,60],[49,-6],[48,41],[7,46],[43,8],[49,-22],[93,-2],[33,-17],[148,83],[58,-49],[53,-24]],[[11367,44691],[-47,-47]],[[11320,44644],[-37,12],[-57,-43],[-30,37]],[[11196,44650],[15,56]],[[11211,44706],[69,-25],[63,45]],[[11343,44726],[24,-35]],[[13208,34151],[29,-77],[68,-145]],[[13305,33929],[-141,24],[-72,46],[-58,-20],[-35,-33],[19,-74],[-86,-19],[-100,63],[-75,-23],[-97,30],[-135,22]],[[12525,33945],[66,47],[-6,46],[82,34],[52,-12],[17,50]],[[12736,34110],[60,31],[78,-33],[42,6],[78,-19],[18,27],[71,35],[23,69],[46,-87],[56,12]],[[15625,10829],[-21,-98]],[[15604,10731],[-78,-48],[-27,6],[-93,-110]],[[15406,10579],[-98,15],[-18,-38],[-55,9],[-18,58]],[[15217,10623],[20,-4],[14,113],[36,15],[37,67],[66,0],[7,77]],[[15397,10891],[34,-58],[62,42],[73,-12],[59,-34]],[[9108,43144],[61,-56],[65,-30],[30,-68],[100,10],[128,-97],[0,-48],[51,-24],[18,-34]],[[9561,42797],[-27,-69],[113,-55],[37,-3],[50,-39],[190,-81],[73,-17]],[[9997,42533],[60,-82],[-38,-37]],[[10019,42414],[-35,-60],[37,-49],[-63,-14],[30,-56],[-47,-62],[-49,31],[-22,43],[-62,62],[-38,-53],[10,-70],[-74,-36],[74,-90],[-56,-86],[1,-33]],[[9725,41941],[-115,-15],[-96,100],[-12,-24]],[[9502,42002],[-137,28],[-34,75],[-45,23],[-48,-29],[-13,-80],[-68,36],[-28,34],[-117,56],[-15,59]],[[8997,42204],[18,37],[-7,58],[65,33],[59,54],[-7,53]],[[9125,42439],[53,-41],[69,-2],[57,23],[-1,50],[-60,35],[25,56],[-24,71],[-58,22],[-60,53],[-62,84],[-24,52],[-85,107],[55,44],[56,71],[-34,96]],[[9032,43160],[33,17],[43,-33]],[[19850,23740],[-65,-32],[-32,42],[-8,57],[-31,8],[-71,60],[-41,10]],[[19602,23885],[-40,49],[-23,62],[-59,-10],[-68,8],[-1,67],[86,129],[-49,44],[60,73],[39,81],[-38,91],[-41,18],[-28,69]],[[19440,24566],[54,22],[56,-3],[45,22],[42,-34],[117,12],[-31,88],[56,48]],[[19779,24721],[46,36],[60,88],[84,30],[57,-52],[92,21]],[[20118,24844],[146,-46],[135,-86],[30,12]],[[20429,24724],[4,-46],[42,-36],[-21,-49],[64,-38],[27,35],[76,-54],[171,-53],[-1,-81],[67,-35],[43,-44],[-1,-74],[25,-37],[-12,-57]],[[20913,24155],[-3,3]],[[13946,9179],[-42,-69],[-92,-107],[-15,-60]],[[13797,8943],[-135,41],[-138,86],[-117,24],[-58,26],[-59,50]],[[13290,9170],[12,44],[-58,68],[61,39],[69,18],[13,32],[86,127],[-7,52],[66,49],[66,8],[-23,83]],[[13575,9690],[83,-22],[32,-27],[56,-97],[50,-18],[44,-49],[103,-164],[-42,-56],[45,-78]],[[10101,45407],[8,-63],[45,-78],[27,-143],[14,-13]],[[10195,45110],[-69,-94],[-62,27],[-51,-50],[82,-109],[-5,-107],[59,3],[-4,-123],[42,-37]],[[10187,44620],[-39,-24],[-72,12],[-54,-18],[-73,9]],[[9949,44599],[-42,18],[-77,-40],[-115,15]],[[9715,44592],[-38,32],[-33,101],[69,130],[10,64],[-35,63],[-72,96],[57,93],[108,58],[25,53]],[[9806,45282],[28,110]],[[9834,45392],[0,101]],[[9834,45493],[42,1],[93,36],[111,-53],[21,-70]],[[20357,16050],[-22,-114],[40,-88],[12,-84],[23,-37],[-27,-48],[59,-16],[53,-57],[57,-13],[3,-85],[-27,-25],[7,-58],[48,6],[79,-66],[72,18],[59,-52],[37,4],[29,-41],[76,-33],[72,29]],[[21007,15290],[47,-43],[45,-1],[40,-38],[34,-119]],[[21173,15089],[-10,-71],[-57,-19],[-132,-95],[-11,-77],[-32,-64],[-38,-23],[64,-74],[33,-136]],[[20990,14530],[-111,-95]],[[20879,14435],[-51,52]],[[20828,14487],[-75,26],[-28,-37],[-22,135],[-69,72],[-53,14],[-93,3],[-43,42],[-76,117],[7,51],[-37,86],[-75,71],[-53,28],[-13,38],[-97,136],[-73,12],[-67,-20]],[[19961,15261],[5,76],[-17,42],[14,52]],[[19963,15431],[50,61],[-2,86],[43,90],[27,3],[27,64],[-58,139],[-59,45],[37,35],[23,53],[38,26],[80,25]],[[20169,16058],[17,-15],[99,-14],[23,38],[49,-17]],[[19644,14004],[-2,-165],[6,-175],[-8,-95],[95,-55],[51,-45],[27,-71],[1,-88],[-45,-80],[13,-84],[-17,-57],[-74,-84],[-65,-111],[-83,-47],[-62,-5],[-20,-41],[6,-78]],[[19467,12723],[-42,-93],[-50,-160],[-42,-27],[-72,24],[-78,-48],[-103,3],[-56,-47],[-26,-50]],[[18998,12325],[-154,-25],[-73,87],[-90,17]],[[18681,12404],[25,13],[13,199],[127,8],[-5,122],[11,64],[-58,37],[-57,60],[-132,40],[-79,11],[-31,76],[-56,56],[-185,89]],[[18254,13179],[37,75],[34,-5],[66,30],[104,20],[34,53],[66,29],[31,47],[84,48],[103,120],[53,48],[-39,91],[-58,-8],[-52,119],[40,40],[-15,33],[39,57],[75,14]],[[18856,13990],[59,38],[25,-30],[41,18],[20,-58],[71,-3],[28,51],[40,-22],[68,28],[41,-41],[80,14],[114,36],[137,-77],[51,29],[13,31]],[[12590,45440],[-37,11],[-54,-38],[29,-44],[-28,-54],[-62,-64],[-122,114]],[[12316,45365],[-82,89],[53,24],[13,39],[-24,47]],[[12276,45564],[63,-15],[24,40]],[[12363,45589],[89,-68],[129,-17],[9,-64]],[[7040,49399],[-93,-49],[4,-25],[-78,-48],[43,-64],[-19,-34],[-20,-108],[124,-121],[72,-10],[25,-43],[-84,-72],[-89,54],[-31,-14],[-66,47],[-75,35],[-70,-74]],[[6683,48873],[-109,73],[-74,24],[-22,34],[-81,36],[-9,73],[-24,13],[-45,99],[-79,12],[-43,54],[-8,84],[22,104]],[[6211,49479],[48,-6],[38,45],[-33,60],[53,87]],[[6317,49665],[77,16],[54,92],[163,-13],[11,-54],[37,-28],[22,57],[109,100],[-16,34],[18,77]],[[6792,49946],[108,20],[36,-48],[0,-37],[39,-72],[42,-35],[81,-23],[8,-126],[-120,1],[-12,-99],[-23,-40],[59,-28],[30,-60]],[[11573,48170],[-7,-71],[32,-36],[-91,-19],[-20,-53],[-36,24],[-63,-61],[-25,106],[-43,14],[-53,-28],[-79,52]],[[11188,48098],[6,86],[-17,55],[-55,45],[12,90],[94,29],[17,51],[51,-34],[110,-48],[-6,-41],[59,-58],[-4,-91],[118,-12]],[[11278,6650],[-121,-52],[-77,-55],[-103,-44]],[[10977,6499],[-60,217],[-47,-21],[-14,70]],[[10856,6765],[-23,87],[73,26],[53,0],[21,23],[51,-67],[61,48],[138,77]],[[11230,6959],[42,-202],[-20,-12],[26,-95]],[[9579,50603],[-4,-41],[40,-29],[75,-12],[31,-42],[131,-70],[78,-21],[40,-54],[131,-69],[27,-45],[65,-9],[15,-81],[29,-75],[37,-40],[-40,-60],[28,-59],[9,-75]],[[10271,49821],[-36,-51],[-32,7],[-52,-36],[-152,9],[-46,59],[-30,-9],[-72,38],[-112,-7],[-32,-89],[11,-17]],[[9718,49725],[-20,29],[-69,3],[-16,79],[-34,29],[-164,44],[-43,53],[-187,45]],[[9185,50007],[30,65],[-80,53],[25,35],[-99,102],[-84,45],[-38,72],[-38,36]],[[8901,50415],[26,50],[51,20]],[[8978,50485],[73,-32],[54,36],[55,-11],[52,78],[-11,85],[-26,55],[11,50]],[[9186,50746],[97,0],[11,-32],[82,-22],[60,-68],[102,7],[41,-28]],[[12180,45192],[-44,-96],[81,-96],[-85,-40]],[[12132,44960],[-61,-3],[-120,16],[-87,143]],[[11864,45116],[41,40],[11,72]],[[11916,45228],[56,60],[110,-73],[98,-23]],[[9076,49355],[8,-78],[19,-30],[-93,-54],[42,-79],[-34,-64],[-52,-39],[44,-71],[-20,-27]],[[8990,48913],[-70,17],[-50,-14],[60,-73],[-3,-58],[-44,-2],[8,-75],[-44,-12],[-71,-57]],[[8776,48639],[-7,91],[-38,22],[-7,40],[-42,34],[-89,-14],[-37,39],[-62,2],[-56,50],[-9,-108],[64,-39],[-38,-92],[-42,-9],[73,-78],[-6,-103],[-33,-16],[-26,-68],[-48,-13],[-11,48],[-56,-8],[-25,-43]],[[8281,48374],[-92,-17],[-59,-32],[-50,8],[-59,-17],[-27,59],[-44,1],[-49,41],[-2,32]],[[7899,48449],[47,-5],[49,-32],[42,72],[-37,70],[20,37],[-66,60],[35,24],[56,1],[29,99],[-10,49],[34,54],[-52,49],[-53,4],[84,103],[-45,55],[-2,41],[51,88],[-9,47],[37,32],[-41,120],[21,57],[-10,39],[32,39]],[[8111,49552],[65,56],[-50,77],[-40,92]],[[8086,49777],[30,7],[50,-48],[71,-17],[54,-34],[70,-2],[73,-27],[26,48],[104,-36],[-46,-83],[-30,-25],[19,-50],[46,61],[56,-30],[-2,-37],[47,-17],[42,-64],[41,58],[39,2],[40,40],[-12,38],[48,18],[20,-51],[34,-14],[15,-67],[72,-62],[24,-51],[59,21]],[[13085,47353],[-33,-45],[12,-58],[-25,-139],[15,-44],[-8,-65],[-38,-24]],[[13008,46978],[-135,-104],[-38,-63],[-63,-25],[-43,16],[-62,-37],[-69,-17],[-59,-46],[-65,17]],[[12474,46719],[17,63],[26,24],[16,65],[-183,81],[-55,37],[-70,94],[-76,-11],[-15,70],[-37,57],[58,64],[-11,64],[14,110],[44,34]],[[12202,47471],[51,33],[58,-6],[46,99],[125,16],[139,-54],[84,-2],[35,83],[33,19],[67,-44],[42,-71],[86,13],[46,-61],[-20,-78],[60,-9],[31,-56]],[[14601,13057],[8,-47],[-45,-19],[13,-51],[85,-15],[25,-71],[37,-12],[0,-113],[12,-71],[-33,-58],[17,-55],[-13,-40],[-49,17],[-26,-54],[-34,-23],[-3,-45],[-51,3],[-65,-25],[-46,40],[-57,23],[-39,82],[-35,-6]],[[14302,12517],[23,105],[-24,59],[-98,-2],[4,67],[-61,21],[-6,-47],[-84,-29],[3,49],[-36,15],[-33,47],[-92,-7]],[[13898,12795],[-14,40],[16,67]],[[13900,12902],[61,59],[53,8]],[[14014,12969],[76,-10],[38,-29],[107,-6],[76,62],[27,38],[81,56],[2,57],[48,-13],[64,-41],[38,11],[30,-37]],[[18343,26607],[46,-121],[58,-46],[52,-10],[27,38],[65,-12],[238,52],[164,-23],[33,-43],[70,37]],[[19096,26479],[172,-4],[86,26]],[[19354,26501],[10,-106],[-45,-97],[-79,-41]],[[19240,26257],[-37,-61],[-74,-27],[-37,17],[-48,-29]],[[19044,26157],[-134,23],[-62,-57],[7,-83],[-65,-47],[32,-47],[45,-9],[-27,-180],[-45,-54],[-24,-71],[-43,-42]],[[18728,25590],[-99,41],[-37,63],[14,87],[-36,49],[-63,-57],[-140,127],[-41,6],[-40,42],[-13,77],[-26,14],[-63,110],[-18,55],[-56,17],[-81,-44],[-24,29],[-56,10],[-71,-38],[-109,-9]],[[17769,26169],[-9,33],[59,51],[-34,55],[3,81],[113,4],[81,21],[-16,50],[28,26],[5,68]],[[17999,26558],[30,-28],[76,-10],[84,-47],[42,33],[-5,54],[56,55],[61,-8]],[[11180,44869],[28,-104],[-31,-50]],[[11177,44715],[-83,-34]],[[11094,44681],[-94,14],[-23,40]],[[10977,44735],[-38,48]],[[10939,44783],[33,34],[-9,47],[37,27]],[[11000,44891],[36,-23],[144,1]],[[7371,45873],[-31,-39],[11,-41],[62,-24],[-22,-115],[29,-115],[-40,-66],[-35,-92],[-47,-5],[-50,-77],[-41,-11],[-22,-58],[78,-81],[-26,-49],[63,-71],[24,-56],[-22,-61],[-40,-46],[11,-72],[75,-12],[30,29],[52,-7],[7,-81]],[[7437,44723],[-46,38],[-47,-47],[-9,-56],[42,-48],[-39,-38]],[[7338,44572],[-74,51],[-122,36],[-76,62],[-102,14],[-32,39],[-81,24],[-2,51],[-94,78],[-88,50],[-39,-12],[-105,55],[-31,39],[-74,44],[-38,49]],[[6380,45152],[-6,35],[56,44],[97,11],[12,46],[39,36],[-83,66],[-57,11],[-126,132],[-104,71],[3,115]],[[6211,45719],[81,57],[138,25],[28,59],[52,56],[89,51]],[[6599,45967],[61,-32],[36,-67],[70,22],[23,-38],[63,-1],[109,-71],[5,-57],[37,-30],[39,13],[75,-20],[108,81],[58,99],[52,21],[36,-14]],[[17083,41730],[-22,12],[63,52],[-10,-65],[-31,1]],[[11464,48796],[30,-50],[84,-56],[32,52],[78,-44],[30,22]],[[11718,48720],[52,-81],[-21,-45],[76,-76],[26,21],[111,-86],[-31,-40],[-86,-57],[-6,-63],[-40,-14],[-57,27],[-43,-135],[-56,-11]],[[11643,48160],[-70,10]],[[11188,48098],[-70,3],[-116,-30],[-92,27],[-31,-46]],[[10879,48052],[-100,12],[-35,68],[107,72],[25,71],[-35,59],[14,91],[72,81],[-16,105],[70,43]],[[11414,50759],[-74,-43],[64,-128],[-22,-20],[34,-119],[26,-48],[-61,-9],[-33,-34]],[[11348,50358],[-72,-65],[39,-65],[-94,-83],[-36,14],[-127,1],[-19,-36]],[[11039,50124],[-27,38],[-86,-29],[-61,-46],[-84,20],[-50,-82],[-86,4],[-55,-36],[9,-57],[-58,20]],[[10541,49956],[10,39],[-48,67],[54,49],[17,66],[84,8],[34,-13],[34,77],[-22,58],[-78,20],[-6,55],[60,50],[-37,67],[50,85],[-39,57],[13,49],[-91,42],[-23,61],[-60,72],[-80,38],[121,127],[3,36],[-60,42],[5,62],[-23,40],[29,45]],[[10488,51255],[26,-34],[90,23],[37,-25],[42,38],[48,1],[85,-52],[178,-7],[-5,-70],[146,-56],[35,-62],[43,-29],[58,6],[77,-61],[39,-120],[27,-48]],[[9579,50603],[105,-10],[-2,80],[18,45],[37,7],[38,55],[69,12],[23,90],[-16,43],[44,40]],[[9895,50965],[73,4],[120,36],[34,-10],[55,26],[63,8],[10,55],[86,158],[-7,27],[34,79],[70,5],[45,30]],[[10478,51383],[17,-47],[-7,-81]],[[10541,49956],[-40,-31],[-84,-30],[-17,-66],[-29,-11]],[[10371,49818],[-100,3]],[[17098,15263],[-17,-53],[35,-76],[53,-27],[65,-57],[45,34],[107,11],[95,37],[106,-4],[39,-73],[-31,-20],[-10,-75],[35,-43]],[[17620,14917],[-6,-40],[39,-131],[32,-67],[76,-13],[50,-67],[20,-81],[-71,-66],[2,-36],[-35,-54],[17,-98],[-22,-15],[31,-107],[-16,-63],[-52,-61],[-31,-75],[-67,-5],[-5,-64],[-38,-37],[5,-75],[63,-124],[34,-4],[10,-75],[65,-92]],[[17721,13467],[-75,17],[-257,20]],[[17389,13504],[-83,7]],[[17306,13511],[4,80],[-52,9],[-44,84],[-78,62]],[[17136,13746],[101,19],[35,-42],[56,92],[7,147],[55,15],[18,-41],[71,0],[61,18],[33,31],[-31,64],[-2,40],[48,103],[9,55],[-144,19],[-5,-33],[-86,29],[-64,-3],[-62,61],[-23,43],[-54,35],[-30,-7],[-42,-68],[45,-7],[58,-88],[62,-11],[1,-75],[-48,-21],[-39,-42],[-70,-38],[-17,-41],[-79,-72]],[[17000,13928],[-8,98],[-41,45],[-39,114]],[[16912,14185],[16,60],[-46,47],[-7,81],[-55,26],[9,27],[-99,47],[-224,83],[-117,-10],[-41,44]],[[16348,14590],[24,2],[-3,102],[72,97],[15,40],[-25,54]],[[16431,14885],[53,4],[75,-24],[78,96],[85,55],[38,0],[24,72],[101,48],[10,35]],[[16895,15171],[34,-4],[2,92],[107,27],[60,-23]],[[17136,13746],[-52,10],[-62,153],[-22,19]],[[6683,48873],[5,-46],[-39,-25],[-49,8],[-73,-13],[-27,-72],[-58,-56],[-54,21],[-66,-8],[14,-93]],[[6336,48589],[-46,-9],[-58,-51],[-10,-32],[-80,1],[-100,-73],[-118,-3]],[[5924,48422],[5,86],[-27,124],[-88,104],[-37,60],[-16,57]],[[5761,48853],[36,2],[12,68],[-36,38],[5,43],[60,47],[36,50],[-70,65],[-30,83],[54,88],[-64,5],[-75,55],[11,48]],[[5700,49445],[-3,68],[23,70]],[[5720,49583],[111,-98],[33,-10],[55,28],[121,41],[53,-47],[57,17],[61,-35]],[[7040,49399],[77,-43],[-7,-47]],[[7110,49309],[-55,-53],[62,-113],[72,-16],[49,-46],[124,-73],[20,-30],[0,-61],[82,-17],[-49,-54],[42,-50],[1,-42],[-42,-46],[-69,-43],[15,-80],[46,-27],[72,23]],[[7480,48581],[-4,-80],[35,-21],[51,24],[20,-132],[-53,-30],[-60,6],[-14,-194],[-51,-99]],[[7404,48055],[-106,78],[-22,41],[-109,70],[-39,55],[-46,28],[-12,49],[-116,46],[-82,-94],[41,-76],[-11,-36]],[[6902,48216],[-71,31],[-27,73],[-71,20],[-88,74],[-98,-50],[-88,110],[-2,53],[-61,63],[-60,-1]],[[5494,49473],[-41,-74],[14,-62],[98,-83],[0,-56],[-90,-112]],[[5475,49086],[-32,63],[-66,-2],[-54,35],[-57,-51],[-115,66],[-12,51],[-47,17],[-43,73],[-34,27],[-30,-93],[-71,0],[-49,-74],[-11,-79]],[[4854,49119],[-56,-25],[-155,-17],[-45,2],[-61,-24],[-66,41],[-5,50],[-95,73],[-48,50],[0,31]],[[4323,49300],[60,56],[60,116],[-33,18],[-56,119],[20,33],[-130,53]],[[4244,49695],[45,57],[22,79],[45,17],[39,70],[-45,77],[-7,39],[38,72],[51,42],[52,92],[37,36],[-7,33],[128,12],[22,-63],[54,-53],[57,-28],[110,-103],[-6,-32],[38,-44],[54,6],[44,-68],[91,-93],[33,-71],[122,-108],[35,-60],[49,9],[76,-81],[73,-59]],[[13900,12902],[-16,10],[-11,95],[-45,-16],[-28,-68],[-91,-68],[-15,-23],[-56,39],[-40,-33],[-77,-21],[-50,29]],[[13471,12846],[-60,62],[-9,90],[-31,41],[4,48],[108,69],[30,-19],[49,34],[-18,86],[-96,75],[20,61],[-39,141],[26,28]],[[13455,13562],[73,-56],[41,27],[113,28],[9,-77],[131,-23]],[[13822,13461],[-45,-46],[41,-73],[66,-33],[1,-194],[128,11],[-52,-51],[23,-81],[30,-25]],[[13898,12795],[30,-100],[-11,-97]],[[13917,12598],[-55,-14],[-97,-161],[-49,64],[-64,-47]],[[13652,12440],[-60,-7],[-102,28],[-54,42],[-28,47],[-4,53],[14,99],[-34,15],[-25,53]],[[13359,12770],[111,35],[1,41]],[[12260,12962],[-27,-42],[2,-62],[53,-39],[48,32],[32,-7],[29,-45],[80,19],[32,-13],[24,-74],[-46,-21],[9,-64],[59,-47],[40,9],[34,-77],[-14,-31]],[[12615,12500],[-57,10],[-27,-29],[-108,26],[-57,-12]],[[12366,12495],[-89,145],[-95,-41],[-48,-56],[-64,98],[-31,-17],[-66,84],[-98,57],[-20,53],[-6,85]],[[11849,12903],[44,25],[64,-32],[78,-4],[61,88],[164,-18]],[[13251,11492],[45,-50],[67,-41],[34,21],[47,-123],[47,-1],[14,-107]],[[13505,11191],[-42,-44],[45,-36]],[[13508,11111],[-31,-66],[-65,31],[-80,7],[-45,-15],[0,-55]],[[13287,11013],[-73,-21],[-53,20]],[[13161,11012],[-42,79],[12,32],[-73,43],[-22,55],[-85,109],[20,18],[-168,205]],[[12803,11553],[72,17],[123,56],[9,36]],[[13007,11662],[98,-73],[74,-41],[53,-71],[19,15]],[[13130,9881],[-11,-33],[-46,-25],[-19,-91],[-57,-19],[-98,18]],[[12899,9731],[-77,124],[-46,37]],[[12776,9892],[44,94],[104,-23],[206,-82]],[[14570,12295],[31,-31],[11,-55],[54,-31],[27,-75],[67,-10],[17,-38],[-4,-67],[52,-24],[-29,-66]],[[14796,11898],[-33,-26],[-115,-33],[19,-60],[-101,-39],[-48,25],[-43,-16]],[[14475,11749],[-55,63],[-23,57],[13,44],[-32,73]],[[14378,11986],[-27,27],[-47,-12],[-21,53],[-46,13],[-72,62],[-23,71]],[[14142,12200],[37,-17],[64,42]],[[14243,12225],[43,61],[67,0],[93,43],[46,-2],[78,-32]],[[11573,41658],[18,-38]],[[11591,41620],[-10,-70],[-26,-67],[-155,15],[-83,28],[-17,36],[-4,92],[47,18],[1,46],[35,36]],[[11379,41754],[40,-31],[55,-9],[48,-42],[51,-14]],[[13251,11492],[-27,36],[125,103],[30,4],[63,264]],[[13442,11899],[50,-7],[-18,-80],[94,-7],[54,-48]],[[13622,11757],[-33,-98],[17,-59],[-63,-52],[-27,-85],[128,-46],[9,-36]],[[13653,11381],[-7,-49],[73,-4],[51,105],[154,46]],[[13924,11479],[-6,-52]],[[13918,11427],[-52,-69],[37,-152]],[[13903,11206],[-48,-56],[-72,-15],[-50,-27],[-15,68],[-61,35],[-41,-26],[-78,20],[-33,-14]],[[13575,9690],[-47,39],[-98,33],[-155,111],[-89,35],[-35,35]],[[13151,9943],[26,134]],[[13177,10077],[80,0]],[[13257,10077],[137,-79],[69,-52],[140,-45],[93,-17],[92,-28],[159,-68],[143,-75],[129,-6]],[[14219,9707],[5,-146],[-21,-60],[23,-63],[-36,-63],[-95,-121],[-36,-28],[-75,-6],[-38,-41]],[[12202,47471],[1,58],[-96,47]],[[12107,47576],[32,28],[19,102],[-22,141],[-34,27],[17,48],[-7,86],[43,3],[27,41],[104,-12],[37,96],[49,20],[-13,37],[32,48],[128,105],[-37,67],[0,32],[51,62],[16,71]],[[12549,48578],[62,18],[95,-6],[130,-73],[80,3],[107,-17],[37,-67],[32,-99],[77,21],[36,-81],[85,3]],[[13290,48280],[19,-55],[-37,-11],[-20,-62],[-88,-59],[-19,-42],[27,-140],[-37,-49],[46,-41],[-23,-79],[22,-37],[53,14],[78,-30]],[[13311,47689],[8,-75],[102,-22],[39,-64],[-139,-38],[-36,-43],[-144,-98],[-56,4]],[[12229,44211],[-6,34],[57,41],[-7,52]],[[12273,44338],[71,-41],[50,20],[148,-86]],[[12542,44231],[23,-54],[-2,-59],[34,-29],[-27,-50]],[[12570,44039],[-69,23],[-62,-33],[-28,-57],[-35,-5],[-31,75],[-111,-72]],[[16714,46506],[25,-68],[-6,-79],[-49,-74],[11,-36],[-81,-32],[-54,29],[-92,7],[-16,-57],[47,-40]],[[16499,46156],[-94,-83],[-2,-31],[-60,-5],[-39,-50]],[[16304,45987],[-84,9],[-13,54],[-134,14],[-73,-98],[-27,73],[-66,19],[-1,75],[-131,86],[-39,44],[-2,51],[-34,52]],[[15700,46366],[33,20],[29,74],[53,15],[63,-29],[97,39]],[[15975,46485],[64,-10],[46,45],[59,96],[151,81],[35,-9],[61,-86],[-7,-127],[52,5],[36,-24],[57,-2],[46,76],[71,13],[68,-37]],[[13693,14685],[27,-40],[52,-16],[15,-48],[-48,-63],[15,-85],[-27,-7],[-13,-147],[-10,-22],[-64,-5],[-63,24],[-29,117],[-42,74],[-78,82],[-98,15]],[[13330,14564],[37,79],[102,21],[33,-18],[130,52],[61,-13]],[[12235,42924],[-35,14],[-86,-34],[13,-69],[-123,-6],[-27,26],[-41,-34]],[[11936,42821],[-1,-40],[-55,-58],[-14,-51],[25,-48]],[[11891,42624],[-44,-8],[-74,18],[15,76],[-39,38]],[[11749,42748],[23,107],[-25,34],[25,109],[-95,93]],[[11677,43091],[41,37],[93,46]],[[11811,43174],[8,32],[73,-17],[-3,-102],[23,-44],[45,3],[65,-26],[43,30],[37,-17],[0,-53],[62,-8],[52,43],[22,-26],[-3,-65]],[[11375,9416],[22,-149],[64,-7],[21,-48],[2,-83],[-35,-95]],[[11449,9034],[-100,45],[-43,-11]],[[11306,9068],[-102,159]],[[11204,9227],[-23,33]],[[11181,9260],[7,169],[125,-38],[62,25]],[[20728,25892],[3,40],[-68,0],[-36,24],[-47,-33],[-63,-71],[-78,39],[26,21],[-13,69],[-63,-1],[-103,-58],[-27,95],[-34,55],[-36,-66],[-130,29],[-29,-44],[-66,7],[-88,-20]],[[19876,25978],[1,72],[-39,22],[-59,83],[-48,16],[-36,80],[30,60]],[[19725,26311],[47,34],[83,16],[37,34],[92,-12],[91,27],[30,-7],[47,35],[38,58]],[[20190,26496],[79,-38],[93,14],[73,84],[41,-84],[-13,-47],[47,-71],[52,-30],[30,-50],[41,-8],[-43,-84],[78,-129],[40,-39],[98,-23],[5,-51],[-42,-53],[-41,5]],[[11181,9260],[-46,56]],[[11135,9316],[-80,57],[-72,38],[-69,59]],[[10914,9470],[-80,51]],[[10834,9521],[10,34],[127,195]],[[10971,9750],[62,-25],[52,-62],[32,36],[80,-110],[83,-21],[118,17]],[[11398,9585],[0,-79],[-27,-51],[4,-39]],[[13622,11757],[30,-5]],[[13652,11752],[39,-22]],[[13691,11730],[-26,-20],[51,-163]],[[13716,11547],[-10,-91]],[[13706,11456],[-6,-58],[-47,-17]],[[14104,11710],[-74,15],[0,-59],[-34,-45]],[[13996,11621],[-74,32]],[[13922,11653],[-23,47]],[[13899,11700],[34,68]],[[13933,11768],[22,26]],[[13955,11794],[25,-51],[59,3],[26,35],[40,-24],[-1,-47]],[[11135,9316],[-35,-63],[-53,-15],[-36,-85],[-65,-53]],[[10946,9100],[-49,31],[34,79],[-18,53],[-81,10],[-25,-14]],[[10807,9259],[-3,90],[61,21],[36,33],[13,67]],[[10927,45940],[41,-61]],[[10968,45879],[-51,-122],[7,-43],[-46,-126],[16,-34],[-50,-88],[20,-52],[-37,-80],[25,-26]],[[10852,45308],[-39,-23],[-76,35],[14,-62],[-62,-7]],[[10689,45251],[-16,57],[-58,-34],[-30,13],[29,130]],[[10614,45417],[41,22],[3,51],[44,34],[-69,139]],[[10633,45663],[-2,56]],[[10631,45719],[127,-42],[2,40],[44,49],[-13,34],[54,119],[3,62]],[[10848,45981],[52,-7],[27,-34]],[[13305,33929],[44,-89],[76,-128],[64,-82],[54,-107],[97,-157]],[[13640,33366],[-38,-20],[-75,-92],[-47,-23],[-71,-63],[10,-83],[-28,-5],[-19,-64],[-43,-64],[-17,-53]],[[13312,32899],[-93,-10],[-32,34],[-56,-20],[-34,87],[-55,69],[-59,-15],[-58,-52],[-1,-85],[-30,-26],[-61,36],[-8,-55],[-49,-24],[-8,-46],[-68,-16],[-4,-84],[32,-14],[7,-69]],[[12735,32609],[-87,-3],[17,-65],[-17,-39],[-44,-28],[-78,-10],[-106,74],[-117,99],[-52,16],[-34,83],[-74,60],[-58,27],[-377,460]],[[11708,33283],[57,5],[45,25],[7,44],[47,8],[48,40],[22,58],[-12,62],[-65,106],[74,74],[37,11],[36,43],[70,-20],[57,53],[45,19],[-46,46],[-81,39],[9,48],[79,16],[20,25]],[[12157,33985],[113,23],[32,-22],[103,-14],[120,-27]],[[15990,15321],[104,-137],[18,-78],[60,-24],[-14,-47],[-87,-159],[18,-58],[-26,-34]],[[16063,14784],[-12,20],[-94,-36],[-10,-28],[-81,-11],[-77,-32],[-48,-47],[-5,-86],[-55,-120],[17,-79],[49,-18],[52,-43],[6,-60],[-28,-45],[37,-92],[72,-8],[9,-20]],[[15895,14079],[-262,-67],[-222,-47]],[[15411,13965],[-131,-33]],[[15280,13932],[-34,119],[50,87],[-29,4],[-42,48],[-70,-5],[-23,32],[-10,77],[-69,33],[-16,56]],[[15037,14383],[-19,32],[34,101],[35,0],[31,96],[-23,50],[-43,23],[52,64],[16,48],[-13,44]],[[15107,14841],[-11,76],[-45,12],[-10,50],[74,32],[-13,27]],[[15102,15038],[-13,105],[20,19],[-23,55],[73,36],[72,163],[-6,19],[103,45],[-3,36],[90,50],[32,81],[28,-14],[99,-4]],[[15574,15629],[35,34],[30,-58],[135,-17],[-6,-21],[93,-18],[39,-40],[42,-75],[7,-81],[41,-32]],[[14100,15145],[-169,119],[-26,99],[-43,59],[4,46]],[[13866,15468],[35,-38],[34,-4],[77,25],[38,46],[85,172],[102,140],[55,-14],[39,16],[33,-35],[59,-16],[96,14],[96,-34],[86,4],[65,52],[83,30]],[[14849,15826],[-10,-77],[-82,-71],[-6,-62],[30,-5],[-24,-74],[-65,-8],[-75,-32],[-45,-44],[-64,11],[-129,-49],[-15,-66],[19,-46],[-66,-60],[-56,-6],[-8,-31],[-57,3],[-64,-28],[-32,-36]],[[15037,14383],[-100,-45],[-61,60],[-67,-34],[-40,6],[-51,57],[-61,-44],[-35,34],[-102,-19],[-119,13],[-40,-15],[-21,-57],[-47,2],[-63,-37],[-47,-50]],[[14183,14254],[-11,87],[29,56],[-54,69],[-2,40],[-68,50],[78,96],[8,28],[-36,63],[-15,76],[14,27]],[[14126,14846],[4,91],[14,16],[-24,152],[-20,40]],[[14849,15826],[59,45],[-11,23],[126,60],[32,86],[57,15],[-26,37],[20,34],[48,-23],[19,52],[41,53],[85,51],[57,156],[51,7],[50,52],[41,17]],[[15498,16491],[67,-458],[2,-123],[37,-5],[-35,-91],[14,-135],[-9,-50]],[[15102,15038],[-120,0],[-74,56],[-191,36],[-76,-17],[51,-80],[-40,-57],[52,-118],[105,-4],[51,-46],[48,53],[46,8],[19,-30],[72,27],[62,-25]],[[17809,18791],[34,-104],[-83,-133],[-65,-86],[6,-96],[27,-17],[-47,-164],[53,-12],[24,-58],[74,2],[30,24],[78,-9],[1,-135],[19,-37],[59,-28]],[[18019,17938],[-52,-31],[-52,19],[-85,-27],[46,-102],[5,-86],[-115,8],[-57,41],[-51,2]],[[17658,17762],[-49,70],[43,100],[-120,30],[-44,34],[-9,56],[31,58],[-57,43],[-62,-32],[-20,-38],[-46,-32],[-68,-5],[-145,12],[-138,23],[-79,30],[-65,-12],[-18,31],[-87,-27],[-146,1]],[[16579,18104],[-25,85],[-74,54],[-45,88],[-42,33],[-20,151],[-24,62],[4,52],[36,72],[-14,66],[8,66],[-15,37],[66,167]],[[16434,19037],[35,-6],[113,13],[186,-46],[119,-13],[83,6],[89,-87],[27,-45],[53,-36],[84,-89],[95,28],[138,-16],[25,-34],[66,-3],[29,-40],[77,-30],[24,51],[87,31],[45,70]],[[18847,18534],[100,-16],[86,-68],[26,-79],[4,-131]],[[19063,18240],[-61,-19],[3,-48],[-35,-38],[-75,-41],[-19,-37],[-9,-94],[-40,20],[-55,-13],[-150,9]],[[18622,17979],[-31,93],[-57,24],[26,57],[-4,38],[-55,22],[9,41],[55,64],[41,14],[-25,46],[1,63]],[[18582,18441],[61,39],[-26,37],[70,80],[70,-22],[35,-45],[55,4]],[[18019,17938],[155,-10],[19,87],[94,-22],[6,-61],[140,-92]],[[18433,17840],[-50,-15],[13,-43],[-51,-9],[7,-102],[22,-23]],[[18374,17648],[-102,-25],[-75,-70],[-56,9],[34,-120],[-11,-121]],[[18164,17321],[-181,40],[-108,41],[-44,43],[-40,-51],[-16,-68],[-163,1]],[[17612,17327],[-9,32],[60,41],[54,12],[13,50],[-62,198],[-31,48],[21,54]],[[9525,6648],[-70,-94],[62,-49],[27,-65],[53,-14]],[[9597,6426],[-37,-47],[-15,-58],[-28,-20],[-23,-112],[25,-30]],[[9519,6159],[-88,-25],[-88,-4],[-94,29],[-23,33]],[[9226,6192],[-2,39],[-187,158]],[[9037,6389],[55,39],[17,109]],[[9109,6537],[59,80],[82,63],[20,41],[96,7],[10,-61],[120,4],[29,-23]],[[11841,10108],[-59,45],[-50,-10],[-150,-138]],[[11582,10005],[-73,-31],[-28,4]],[[11481,9978],[-61,51],[-110,20]],[[11310,10049],[-52,37],[-14,42],[8,64],[-11,90]],[[11241,10282],[87,-14],[47,135],[252,280],[0,135]],[[11627,10818],[183,-13]],[[11810,10805],[-3,-198],[112,-170],[-16,-24],[46,-48],[-34,-146],[56,-54],[-8,-43],[-54,17],[-68,-31]],[[9226,6192],[-110,-259],[-38,-172],[-20,-34],[-37,-162],[-76,-82],[-51,-29]],[[8894,5454],[-110,-61]],[[8784,5393],[-18,69],[-74,18],[-4,52],[-69,151],[36,62],[16,100],[-26,13]],[[8645,5858],[5,51],[-25,57],[43,62],[37,25],[100,31],[52,96],[73,89],[65,39],[38,44],[4,37]],[[11306,9068],[26,-35]],[[11332,9033],[-82,-57],[-125,-24],[-56,0],[-55,30]],[[11014,8982],[-55,28]],[[10959,9010],[49,60]],[[11008,9070],[24,38],[49,1],[35,54],[38,11],[50,53]],[[12273,44338],[16,57],[-69,29]],[[12220,44424],[8,47],[-33,30]],[[12195,44501],[32,56]],[[12227,44557],[39,-40],[113,-25],[68,12],[48,30],[60,-11],[24,18],[61,-14]],[[12640,44527],[63,-52],[-26,-48]],[[12677,44427],[-17,-11],[-35,-128]],[[12625,44288],[-22,-30],[-61,-27]],[[8986,46104],[69,-78],[82,-46],[26,-37],[47,-12],[14,-111],[29,-52],[58,-51],[10,-100],[51,-17]],[[9372,45600],[-54,-28],[-7,-74],[-42,-15],[-21,-52],[-49,-15]],[[9199,45416],[2,70],[-46,21],[-7,83],[-96,120],[-49,-17],[-194,200],[-78,66],[4,98],[-41,23],[-11,40]],[[8683,46120],[15,45],[51,-22],[144,-17],[13,25],[80,-47]],[[21674,15994],[-36,-59],[-46,-19],[-5,-87],[29,-107],[45,-96]],[[21661,15626],[-133,-48],[-76,-12],[-9,-66],[-31,-80],[-77,28],[-20,-36],[-151,-47],[-154,47]],[[21010,15412],[5,141],[-15,72],[17,49],[-30,43],[-60,49],[-53,-4],[-50,17],[-13,85]],[[20811,15864],[22,54],[37,20],[8,56],[40,110]],[[20918,16104],[57,-32],[19,49],[58,-1],[107,28],[0,38],[46,18],[57,-37],[20,25],[76,32]],[[21358,16224],[-10,-32],[60,-71],[55,-88],[95,-28],[91,7],[25,-18]],[[18505,28538],[21,-35],[117,20]],[[18643,28523],[-14,-116],[-37,-65]],[[18592,28342],[-20,16],[2,112],[-82,-58],[-79,3],[2,47],[35,22],[-26,61]],[[18424,28545],[48,85]],[[18472,28630],[33,-92]],[[15182,31206],[2,-33],[-51,-43],[-69,-16],[-11,-54],[-39,-46],[23,-49],[-60,-35],[-20,-74]],[[14957,30856],[-57,-3],[-24,-60],[7,-67],[-15,-39]],[[14868,30687],[-74,-27],[-15,14],[-129,-34],[-43,7],[-52,66],[1,35],[-40,64],[-130,144],[-36,91]],[[14350,31047],[18,25],[52,-10],[105,30],[25,84],[89,52],[42,-37],[111,-10],[126,27],[5,22],[72,55],[99,-49],[71,-2],[17,-28]],[[15354,11976],[10,-50],[79,-22],[-10,-72],[54,-17],[79,39],[101,16]],[[15667,11870],[60,44],[82,-30],[19,23],[50,-23],[14,-52],[257,-12],[-8,-77],[-32,-41],[-1,-62],[-28,-63],[11,-21]],[[16091,11556],[-68,-91],[-48,-31],[-33,-68],[6,-91]],[[15948,11275],[-73,-7],[-32,-25],[-54,49],[18,98],[-16,131],[-172,5],[-40,23],[-76,-17],[0,52],[-74,-20],[-85,-78],[-53,1]],[[15291,11487],[-104,-1],[-50,74],[28,16],[81,-14],[27,26],[-34,86],[-83,3],[-70,55],[3,53],[27,40]],[[15116,11825],[100,34],[39,117],[99,0]],[[15969,45264],[36,-13],[-17,-71],[61,-39]],[[16049,45141],[80,1],[5,-138],[-66,-73],[-83,-136],[20,-55],[-8,-69]],[[15997,44671],[7,-40],[-45,-73],[-94,-36],[-167,34],[-67,-10],[-83,-29],[16,-31],[-76,-41],[-41,-52],[-39,0]],[[15408,44393],[-34,27],[5,45],[38,56],[-21,72],[15,46]],[[15411,44639],[67,27],[11,71],[43,87],[44,34],[102,4],[13,34],[-79,56],[2,53],[-33,8]],[[21007,15290],[-10,78],[13,44]],[[21661,15626],[66,-124],[41,-44],[55,-18],[5,-105],[-48,-47],[27,-97],[42,-40],[-29,-48],[-68,-7],[-53,57],[-72,2],[-49,-31],[-38,-50],[-7,-48],[13,-81],[40,-15]],[[21586,14930],[-183,-23],[-48,1],[-76,35],[-54,62],[-52,84]],[[10019,42414],[36,-38],[106,-76],[30,-54],[138,-94],[-15,-87],[64,-3],[50,-21],[29,-42],[66,-54],[-11,-36],[28,-68],[45,-50],[-19,-65]],[[10566,41726],[-72,-63],[-52,-27],[38,-73]],[[10480,41563],[-71,4],[-44,37],[-95,-10]],[[10270,41594],[-36,81],[-55,31],[-39,51],[-61,17],[-60,61],[-115,61],[-54,-12],[-35,45],[-50,-13],[-40,25]],[[12269,35746],[-17,-78],[-61,-45],[21,-40],[-23,-28],[39,-60],[15,-132],[-53,-104],[-121,12],[-35,-47],[-66,-51],[-36,-3],[-39,-52],[-17,-87],[-22,-39]],[[11854,34992],[-92,96],[-57,-28],[-50,9],[-16,50],[-43,49]],[[11596,35168],[-56,82],[-60,34],[-46,50],[-35,-13],[-25,112]],[[11374,35433],[74,59],[-22,51],[5,42],[44,38],[-16,46],[77,91],[23,58],[-44,59]],[[11515,35877],[100,1],[12,24]],[[11627,35902],[75,-3],[52,-41],[56,74],[73,65]],[[11883,35997],[139,-150],[89,-77],[68,-31],[90,7]],[[13508,11111],[44,37],[75,-6],[-20,-82],[18,-15],[6,-97],[42,-21],[8,-36],[62,-22],[51,-40],[-5,-69],[39,-19],[24,-50],[116,14],[52,43],[49,-30]],[[14069,10718],[-14,-26]],[[14055,10692],[-89,-80],[-53,-89]],[[13913,10523],[-61,-18],[-27,34],[2,55],[-21,50],[-44,-8],[-36,-89],[-92,-51],[-32,4]],[[13602,10500],[-5,80],[-16,48],[-64,84]],[[13517,10712],[29,131],[-48,29],[-69,-3],[-104,86],[-38,58]],[[14069,10718],[27,58],[-20,131],[12,40]],[[14088,10947],[30,16],[47,-17],[38,51],[-38,83],[0,66],[-75,41],[-25,45],[37,24],[62,-21],[17,31]],[[14181,11266],[98,-65],[46,-82],[55,22],[59,0],[69,36],[63,-74],[24,-54],[150,-47],[72,-46],[-15,-47],[28,-38],[-11,-42],[27,-37],[62,-19]],[[14908,10773],[-42,-56],[5,-80]],[[14871,10637],[-36,-18],[-24,-57],[-7,-82],[-29,-81],[-106,-41],[-107,-53],[-56,-5],[-28,107],[-93,-147],[-80,94]],[[14305,10354],[-110,120],[-60,78],[-80,140]],[[13903,11206],[112,-34],[35,-56],[-13,-54],[-31,-20],[13,-56],[42,-7],[27,-32]],[[11238,36628],[1,-131],[-13,-37],[48,-62],[-20,-54],[5,-53]],[[11259,36291],[-48,-1],[-6,-63],[-60,41],[-5,-43],[37,-114],[-24,-4],[-55,-87],[-47,11],[-53,-62]],[[10998,35969],[-45,41],[-92,21],[-78,38],[-51,60],[-40,20]],[[10692,36149],[27,56],[-45,25],[24,34],[-2,98],[34,75],[38,27],[47,66]],[[10815,36530],[73,-77],[19,29],[62,-21],[48,28],[19,56],[-3,55],[54,50]],[[11087,36650],[74,-13],[43,13],[34,-22]],[[12692,9249],[92,-106]],[[12784,9143],[-44,-16],[29,-48],[-27,-107]],[[12742,8972],[-46,-67],[-61,-34],[-34,-59],[-46,10],[-26,-61],[-52,-28]],[[12477,8733],[-50,-17],[-26,25],[-100,-10],[30,-80],[-19,-9]],[[12312,8642],[-62,11],[-30,44],[-23,76],[37,58],[-84,59]],[[12150,8890],[59,76],[9,200],[47,-21],[122,28],[63,-57],[66,48],[-23,108],[9,42],[41,38],[60,-27],[89,-76]],[[12851,49641],[-44,-25],[-23,47],[-69,-18]],[[12715,49645],[-16,52],[-43,41],[-45,94],[-56,-3],[-35,44],[-49,-36],[-56,76],[-57,-14],[16,144],[40,21],[9,56],[68,-25],[72,-56],[62,-68],[40,9],[19,-61],[-11,-43],[88,-38],[35,-80],[90,-59],[-35,-58]],[[13986,47242],[-44,-127],[64,-43]],[[14006,47072],[-89,-94],[-87,-50],[-65,13],[-4,53]],[[13761,46994],[13,65],[-37,38],[8,35],[78,45],[37,68],[126,-3]],[[14943,47341],[-68,-69],[-82,-3],[-49,-20],[-59,30],[-112,13],[-28,-16],[-64,10],[-88,-117],[3,-26],[-63,-68]],[[14333,47075],[-23,49],[-126,-93],[-64,-25],[-27,44],[-66,46]],[[14027,47096],[69,94],[85,-7],[72,68],[-31,54],[-64,11],[-48,63],[45,66],[-39,71],[-62,-4],[-3,-73],[-30,-40],[-67,-42]],[[13954,47357],[-45,16],[-34,-22],[-70,46],[-82,3]],[[13723,47400],[13,52],[53,67],[37,12],[-2,52],[100,60],[22,32]],[[13946,47675],[63,21],[54,108],[89,16],[67,-66],[42,-12],[30,-50],[85,33],[118,-7],[76,-34],[28,15],[65,-147],[60,10],[23,-44],[58,24],[46,84],[90,-28],[48,-45],[66,-4],[12,-57],[-8,-60],[-115,-91]],[[9551,43832],[16,-18],[82,43],[24,-52],[80,-16],[23,-50],[59,-2],[55,44]],[[9890,43781],[8,-59],[-24,-24],[115,-109],[-8,-42],[40,-26],[8,-50],[-49,-26],[-17,-105],[17,-50]],[[9980,43290],[-58,-38]],[[9922,43252],[-63,-11],[-50,21],[-26,39],[-69,19],[-62,124],[-59,0],[-23,55],[31,126],[-160,13],[-24,60],[-62,49],[-67,34]],[[9288,43781],[57,35],[56,-1],[58,47],[92,-30]],[[14667,43966],[-38,-54],[-25,49],[63,5]],[[14323,43908],[29,40]],[[14352,43948],[128,70]],[[14480,44018],[89,-109],[-133,-32],[-35,26],[-78,5]],[[14553,44100],[6,-47],[-66,12],[18,45],[42,-10]],[[14722,44161],[6,-76],[79,0],[41,22],[133,-7],[27,-63],[-8,-47],[108,-8],[77,-57],[-31,-80],[-65,28],[-61,-47],[-28,-50],[46,-25],[4,-45],[-22,-63],[-40,45],[-47,12],[-19,52],[-78,-44],[-60,45],[4,41],[-66,92],[-73,7],[17,66],[51,90],[5,112]],[[16348,14590],[-55,-21],[-22,-55],[-8,-109],[-58,-48],[-24,-107],[-36,-45],[-39,-78],[13,-45],[-22,-61]],[[16097,14021],[-47,-13],[-23,55],[-55,47],[-77,-31]],[[16063,14784],[85,-54],[46,52],[47,-25],[48,11],[29,30],[24,68],[89,19]],[[11196,44650],[38,-68]],[[11234,44582],[-64,-26]],[[11170,44556],[-26,91],[-50,34]],[[11177,44715],[34,-9]],[[12312,8642],[-11,-59],[-136,-117],[-5,-36],[-50,-43],[36,-61],[0,-39]],[[12146,8287],[-116,74]],[[12030,8361],[-69,91],[-80,75],[-80,97],[-50,87]],[[11751,8711],[-85,119],[34,1],[64,-57],[90,44],[17,52],[55,-17],[79,67],[35,-9],[34,45]],[[12074,8956],[76,-66]],[[13508,8392],[-56,-139],[-56,-76],[-76,-53],[-153,-6],[-136,-64]],[[13031,8054],[-15,85],[61,21],[-37,79],[-42,2],[-77,-29],[-33,19],[-37,78],[-34,42],[41,26],[-3,48]],[[12855,8425],[40,-2],[65,69],[9,109],[124,48],[36,-15],[40,29],[-27,69],[22,21],[108,-112],[52,-30],[184,-219]],[[9125,11378],[71,-19]],[[9196,11359],[24,-10]],[[9220,11349],[-6,-42],[-220,-236],[-51,-14]],[[8943,11057],[-123,174],[-6,48]],[[8814,11279],[226,138],[-27,123]],[[15397,10891],[-29,182],[-2,61],[18,65],[-24,72],[21,32],[-19,74],[-64,-3]],[[15298,11374],[-7,113]],[[15948,11275],[53,-81],[-10,-43],[-40,-57],[5,-54],[25,-22],[-1,-51],[-45,-50]],[[15935,10917],[-45,-5],[-54,-32],[-47,12],[-73,54],[-50,-32],[-41,-85]],[[9220,11349],[61,-4],[83,-41],[29,-51],[12,-65],[-13,-81],[12,-45],[54,-75],[108,-95],[132,-17],[46,-38]],[[9744,10837],[6,-38],[51,-124]],[[9801,10675],[-25,-10],[-47,43],[-48,6],[-46,-25],[-309,-114],[-51,-11],[-180,-67]],[[9095,10497],[-49,161],[-103,399]],[[11849,12903],[-2,25],[-146,14],[-76,34],[-45,37],[-49,73],[6,86],[-11,54],[-140,23],[23,54],[38,163],[-39,50],[26,56],[-26,42],[49,26],[48,54],[-3,76]],[[11502,13770],[221,4],[38,-20],[152,-144],[99,23],[26,-7]],[[12038,13626],[-13,-41],[16,-61],[-14,-54],[24,-24],[-14,-157],[26,9],[38,-43]],[[12101,13255],[-9,-151],[68,9],[58,-28],[43,-86]],[[12261,12999],[-1,-37]],[[13602,10500],[0,-37]],[[13602,10463],[6,-25],[-93,-17],[-1,35],[-89,30],[-31,-28]],[[13394,10458],[-27,12],[-34,-42],[-105,-51],[-39,44],[-41,-4],[-52,25],[16,46],[61,54],[-17,52],[-75,49],[-7,22]],[[13074,10665],[44,49],[16,44],[69,37]],[[13203,10795],[23,-2],[41,-72],[66,28],[22,-34],[5,-111],[104,27],[24,-56],[32,6],[12,56],[-38,17],[23,58]],[[10971,9750],[-68,45],[59,50],[-39,64],[20,34]],[[10943,9943],[38,-11],[67,34],[56,4],[39,68]],[[11143,10038],[167,11]],[[11481,9978],[-50,-41],[39,-62],[76,-80]],[[11546,9795],[13,-25],[-20,-60],[-111,-32],[-20,-91]],[[11408,9587],[-10,-2]],[[9801,10675],[114,-127],[72,-38]],[[9987,10510],[-16,-39],[-56,-57],[-41,-78],[18,-73]],[[9892,10263],[-55,-50],[-66,-8],[-55,28],[-76,1],[-26,30],[-73,16],[-432,11]],[[9109,10291],[-17,201]],[[9092,10492],[3,5]],[[12999,10628],[-56,-10],[-12,-47],[-65,-22],[-4,-55],[19,-62],[-20,-45]],[[12861,10387],[-21,-32],[-41,18],[-60,-21],[5,-123],[22,-50],[-85,-32]],[[12681,10147],[-246,-45]],[[12435,10102],[-54,70],[25,80],[-20,61]],[[12386,10313],[13,66],[-45,57],[46,12],[13,37],[-24,68]],[[12389,10553],[71,2],[68,-42],[9,-34],[186,34],[81,57],[-9,64],[-29,57],[46,13],[1,39],[40,9],[17,42]],[[12870,10794],[65,-37],[4,-94],[60,-35]],[[12776,9892],[-109,45],[-99,-41]],[[12568,9896],[-88,-31],[-66,12],[-69,35],[-88,68],[-14,24]],[[12243,10004],[192,98]],[[12681,10147],[53,-30],[125,36],[76,32],[92,-15]],[[13027,10170],[150,-93]],[[13151,9943],[-21,-62]],[[9029,8887],[77,3],[77,37],[-38,38],[16,46],[-89,76],[11,49],[160,195],[-43,31]],[[9200,9362],[42,-5],[184,-134],[-8,-94],[-23,-50],[31,-81]],[[9426,8998],[-40,-116],[49,-61],[32,-8],[-22,-69],[33,-46],[-9,-54],[-87,-24],[-22,-51]],[[9360,8569],[-23,16],[-77,-19],[3,-26],[-100,0]],[[11332,9033],[85,-89],[72,-55]],[[11489,8889],[-67,-76],[-24,-141]],[[11398,8672],[-47,-8],[-109,47],[-19,-64],[-43,19],[-20,-28]],[[11160,8638],[-43,31],[-8,73],[-40,18],[-20,39]],[[11049,8799],[3,63],[-74,46],[36,74]],[[12742,8972],[45,-52],[-5,-74],[-32,-45],[121,-78],[53,13],[-36,66],[-19,120],[36,89],[64,-73],[-7,82]],[[12962,9020],[67,-40]],[[13029,8980],[58,-44],[146,-70],[63,-46],[126,-144],[139,-132],[52,-77]],[[13613,8467],[-105,-75]],[[12855,8425],[-110,4]],[[12745,8429],[-68,37],[2,42],[-43,96],[-69,-30],[-39,14],[-11,65],[-40,80]],[[11793,8155],[-29,-80],[-11,-94]],[[11753,7981],[-4,-31],[-85,-48],[-43,-75],[10,-31]],[[11631,7796],[-52,-32],[-86,34],[-23,-15],[-69,44],[-23,47],[21,31],[1,62],[-79,6],[-46,44],[7,122],[-89,53]],[[11193,8192],[102,65],[31,33]],[[11326,8290],[98,-3],[119,-46],[180,0],[-16,-56],[69,-8],[17,-22]],[[11049,8799],[-96,40],[-173,-87],[-45,9],[-20,31],[-77,-55],[-84,-83]],[[10554,8654],[-159,154]],[[10395,8808],[-22,22]],[[10373,8830],[94,217],[35,23],[35,-16]],[[10537,9054],[-8,-18],[110,-123],[81,62],[86,-2],[-46,-45],[36,-35],[26,27],[106,37],[31,53]],[[14006,47072],[21,24]],[[14333,47075],[7,-92],[-38,-42],[3,-33],[-83,-41],[-101,-132],[25,-33],[-36,-36],[72,-70],[11,-70],[-30,-68],[3,-61]],[[14166,46397],[-59,-102],[-53,13],[-25,35],[-50,18],[-34,40],[11,64],[-99,51],[-106,-26],[-62,23],[-76,-30],[-60,13],[-58,-43],[-36,-70],[-39,-31],[-17,-72]],[[13403,46280],[-31,46],[-52,29],[-39,-20],[-41,40],[-67,6],[8,98],[-36,42],[-54,132],[20,81],[-16,63]],[[13095,46797],[49,-27],[84,41],[-51,77],[30,69],[51,9],[40,37],[60,-46],[53,23],[60,-7],[33,48],[51,-8],[104,-73],[54,-5],[48,59]],[[13341,45276],[-23,-81],[6,-46],[-41,-85],[4,-87],[-69,-53],[-62,7],[-7,-34],[36,-39],[-32,-49],[44,-44]],[[13197,44765],[-83,-16],[-47,-39],[-20,-44],[15,-44]],[[13062,44622],[-89,-5],[-55,53],[4,88],[-78,73],[-84,-89]],[[12760,44742],[-21,36]],[[12739,44778],[-30,126]],[[12709,44904],[12,42]],[[12721,44946],[45,31],[27,75],[-41,91],[47,29]],[[12799,45172],[24,-56],[90,-10],[35,57],[61,44],[59,16],[39,75],[150,-3],[84,-19]],[[8990,48913],[55,-21],[47,-82],[22,66],[-3,93],[38,52],[60,-18],[65,-100],[55,-39],[53,-11],[57,98],[56,-3],[21,108],[19,0]],[[9535,49056],[66,-3],[0,-40],[42,-49],[-6,-78],[-46,-31],[10,-60],[-40,-37],[2,-52],[108,-92],[52,-14],[116,47],[61,2],[50,-27],[53,32],[28,-33],[46,-10]],[[10077,48611],[17,-91],[-26,-61],[54,-67],[31,-15],[6,-54],[95,-38],[-57,-66],[-36,-73],[28,-54],[-26,-68],[73,-94],[6,-57]],[[10242,47873],[-35,-12],[20,-90],[-63,-16],[-5,-84],[-66,-4],[-71,-56],[-57,-24],[-65,22],[-23,46],[22,28],[-40,76],[11,66],[-51,70],[-84,15],[-49,-60],[-61,-31],[-46,34],[-106,-16],[14,58],[-15,72],[-92,33],[-30,-66],[-71,-44],[-5,-51],[-39,-20],[-49,22]],[[9186,47841],[-21,26],[19,57],[56,26],[-42,65],[32,56],[-7,50],[-113,92],[26,39],[-11,91],[-53,30],[-61,104],[-39,37],[-136,39],[-25,-54],[-45,-7],[-39,92],[49,55]],[[10879,48052],[-9,-56],[23,-45],[-15,-66]],[[10878,47885],[-72,46],[-36,-59],[-66,-8],[-13,-26],[-104,-16],[-49,-41],[-42,-112],[-51,-29]],[[10445,47640],[-72,34],[-23,43],[-60,36],[2,49],[-34,10],[-16,61]],[[10077,48611],[114,48],[-6,37],[52,26],[-25,35],[9,42],[43,20],[-1,58],[54,24],[-1,89],[14,78],[53,23],[81,-15],[28,53]],[[13027,10170],[45,49],[-28,91],[16,28],[-90,57],[-74,-30],[-35,22]],[[12999,10628],[41,48],[34,-11]],[[13394,10458],[38,-46],[47,1],[-26,-114],[-72,-43],[36,-40],[-5,-71],[51,28],[38,-51],[-32,-73]],[[13469,10049],[-71,24],[-141,4]],[[12568,9896],[43,-107],[12,-60],[-68,-19],[-27,-134],[-54,-5]],[[12474,9571],[-92,90],[-33,-6]],[[12349,9655],[-30,39],[-73,51],[-9,37],[-61,54],[-82,32],[-145,13],[-42,36]],[[11907,9917],[5,46],[-21,38],[20,50]],[[11911,10051],[132,-65],[83,19],[117,-1]],[[11643,48160],[14,-53],[57,-4],[55,-36],[41,-4],[-11,-57],[-59,-25],[-32,-38],[-13,-83],[-69,-20],[-13,-64],[-27,-39],[40,-32],[100,5],[69,-73],[90,24]],[[11885,47661],[-42,-86],[-129,-7],[2,-34],[-75,-71],[-50,-22],[-60,-2],[-89,-118],[-56,-28]],[[11386,47293],[-47,-18],[-101,-2],[-31,-37],[-19,-88]],[[11188,47148],[-38,-2],[-79,48],[-6,50],[34,72],[12,60],[-6,110],[-22,16]],[[11083,47502],[39,53],[-5,70],[-45,50],[9,56],[-23,20],[-11,65],[-94,40],[-45,-5],[-30,34]],[[9744,10837],[84,56],[43,55]],[[9871,10948],[71,-25],[74,-60],[89,8],[107,-55],[20,19],[83,18],[78,-47],[45,-55]],[[10438,10751],[13,-23]],[[10451,10728],[40,-100],[15,-98],[-5,-57]],[[10501,10473],[-59,16],[-25,-44],[-70,-66],[16,-75],[-25,-44],[-64,-29],[-38,-64]],[[10236,10167],[-88,109],[-27,69],[0,61],[19,61],[-22,35],[-131,8]],[[13455,13562],[28,62],[-22,55],[99,101],[-47,88]],[[13513,13868],[50,27],[4,56],[165,4],[40,19],[67,0],[73,66],[-10,72],[11,116],[111,-34],[66,57],[61,-20]],[[14151,14231],[36,-134]],[[14187,14097],[-33,-42],[-30,-167],[30,-28]],[[14154,13860],[-53,-41],[7,-70],[-79,-70],[-68,-89],[-22,21],[-55,-16],[-10,-127],[-52,-7]],[[18640,23241],[-27,-83],[-53,-35],[-36,-58],[33,-27],[0,-131],[17,-82],[-44,-78],[-12,-65],[-36,-3],[-56,58],[-113,-27],[-84,-95],[-39,-92],[20,-47],[-23,-27],[25,-92],[-11,-43],[-35,-10],[-61,21],[-22,-60]],[[18083,22265],[-56,-22],[-52,-70],[-92,13],[-5,-32]],[[17878,22154],[-53,4],[-36,65],[-81,55],[-70,32],[-63,9],[-66,-82],[-108,-16],[-43,16],[-56,-12],[-62,31],[-80,-24],[0,75],[-47,32],[-34,56],[-112,9],[-64,26]],[[16903,22430],[-22,87],[65,88],[27,92],[36,-17],[80,-2],[102,-41],[11,34],[63,41],[71,-42],[32,4],[34,62],[28,2],[-6,103],[45,33]],[[17469,22874],[69,0],[12,22],[70,-18],[60,-53],[40,-64],[50,11],[53,-45],[37,33],[52,-22],[62,22],[6,33],[80,84],[60,-13],[32,108],[46,29],[-19,61]],[[18179,23062],[68,12],[33,83],[95,-51],[74,65],[102,22],[20,40],[69,8]],[[17923,21519],[63,-180],[-47,-12],[31,-45],[-46,-22],[-11,-37],[39,-47],[-15,-118],[14,-97],[33,-73],[-17,-67],[-59,-44],[-50,-7],[-14,-38]],[[17844,20732],[2,-42],[-86,-25],[-12,-69],[-67,-125],[3,-64],[53,-14],[-12,-34],[45,-49],[3,-46],[-81,-48],[29,-63],[-36,-168]],[[17685,19985],[-41,30],[-62,-14],[-32,29],[-76,-14],[-38,36],[-93,-18],[-70,-62],[-114,-41],[-119,21],[-18,17],[-165,-105],[-4,-49],[-56,-16],[-74,-54]],[[16723,19745],[76,177],[-43,543],[-133,288]],[[16623,20753],[16,26],[65,-14],[50,20],[43,51],[23,54],[76,35],[42,50],[97,79],[60,-39],[76,-24],[41,89],[121,79],[20,64],[32,27],[14,127],[-18,93],[11,39]],[[17392,21509],[44,22],[3,60]],[[17439,21591],[87,2],[15,-17],[125,-16],[10,-21],[74,26],[19,-20],[64,11],[-15,-67],[62,19],[25,51],[61,42]],[[17966,21601],[-42,-47],[-1,-35]],[[17844,20732],[70,-37],[84,37],[50,-91],[70,41],[32,99],[108,-14],[7,46],[97,23],[-1,-37],[89,-129],[34,-67],[9,-51],[95,-74],[54,9]],[[18642,20487],[-4,-196],[-91,-74],[42,-10],[29,-163],[-50,-69]],[[18568,19975],[-89,24],[-108,76],[-60,6],[-39,23],[-98,-44],[-36,21],[-71,-28],[-30,6],[-81,-70],[-77,38],[-56,-41],[-32,14]],[[17791,20000],[-50,-28],[-56,13]],[[17923,21519],[45,8],[46,-20],[61,2],[90,27],[144,2],[33,-45],[67,11],[57,-52]],[[18466,21452],[-40,-72],[32,-85],[5,-113],[45,-6],[-17,-106],[-4,-107],[112,10],[43,-7],[60,81],[35,-13],[95,-87],[63,-6]],[[18895,20941],[-45,-49],[-57,1]],[[18793,20893],[-16,-58],[-131,-199],[9,-62],[-13,-87]],[[10963,44395],[-58,-56],[64,-29],[24,-44]],[[10993,44266],[4,-156],[44,-20],[28,-62],[-14,-76],[-60,-15]],[[10995,43937],[-80,2]],[[10915,43939],[-159,17],[-28,-72]],[[10728,43884],[-54,4],[7,89],[-20,35],[-90,21],[-41,-74],[15,-66],[-85,21],[3,61],[40,5],[32,56],[-7,64],[-85,86],[73,96]],[[10516,44282],[57,-9],[54,41],[56,93],[90,-19],[141,29],[49,-22]],[[10447,9579],[77,-76]],[[10524,9503],[-179,-139],[-3,-93],[-95,25],[-119,-11],[-69,-94],[-36,-21]],[[10023,9170],[-164,155]],[[9859,9325],[-35,88]],[[9824,9413],[-22,116],[79,81],[131,15],[83,61],[46,-7],[43,36],[58,127],[28,4]],[[10270,9846],[75,-51],[65,12],[5,-71],[-29,-93],[61,-64]],[[17179,44594],[41,-32],[-19,-54],[44,-7],[12,-38],[-49,-35],[-33,72],[-42,24],[-28,45],[24,39],[50,-14]],[[17503,44678],[9,-29],[-81,-62],[-77,-84],[-22,26],[59,121],[46,44],[66,-16]],[[17844,45352],[17,-59],[-68,1],[-26,27],[77,31]],[[15898,32192],[34,-29],[-16,-21],[-35,24],[17,26]],[[8476,37417],[-118,-7],[-46,-36],[-52,34],[-146,-3],[-34,57],[-67,-28],[-66,27],[-9,43],[-46,10],[-25,60],[-65,-7],[-67,30],[-4,33],[-92,49],[-31,60],[-147,46],[-58,120],[-42,45],[-10,59],[-47,39]],[[7304,38048],[57,47],[-10,26],[53,66],[99,-12],[106,54],[27,-1],[30,62],[35,18],[19,45],[86,81],[67,110],[17,81],[-10,53],[41,67],[58,11],[34,39],[33,-37],[48,3],[83,41],[94,-17],[-1,37],[40,71],[49,41],[31,-15],[49,30],[-12,125],[94,54],[4,16]],[[8525,39144],[75,30],[45,55],[43,14]],[[8688,39243],[55,-36],[-47,-46],[36,-71],[-51,-65],[-7,-66],[48,-49],[-9,-41],[-50,-36],[-1,-42],[39,-16],[27,-51],[74,17],[33,-42],[52,-10],[-14,-40]],[[13485,4717],[-16,57],[100,-51],[-49,-38],[-35,32]],[[13919,4776],[-54,-14],[-41,65],[39,10],[27,-38],[65,24],[11,-42],[-47,-5]],[[13731,4870],[-33,-6],[-61,-58],[46,-100],[-96,13],[-32,33],[-32,71],[54,97],[30,6],[13,52],[84,22],[7,38],[57,32],[74,-43],[-15,-31],[-53,3],[-22,-101],[-21,-28]],[[13652,12440],[-24,-33],[7,-43],[71,-32],[-15,-52],[33,-33],[71,-17],[5,-104]],[[13800,12126],[18,-53]],[[13818,12073],[-12,-20],[-96,-16],[-112,16],[-148,-12],[-126,16]],[[13324,12057],[-131,69],[-127,102],[-119,-13],[-50,71]],[[12897,12286],[54,24],[43,-2],[78,32],[-16,44],[44,61],[23,164],[35,73],[16,66]],[[13174,12748],[75,24],[110,-2]],[[17612,17327],[-14,-12]],[[17598,17315],[-72,-17]],[[17526,17298],[-40,40],[-40,6],[-79,44],[-75,-1],[-74,82],[-55,5],[-45,36],[-71,16],[-43,37],[-48,2],[-99,58],[-62,134],[-28,24],[-81,-15],[-46,31],[-30,-17]],[[16610,17780],[-32,61],[24,39],[-22,63],[8,89],[-9,72]],[[18374,17648],[33,-16],[49,39],[91,5],[38,-17],[16,-91],[154,52],[48,-66]],[[18803,17554],[-21,-172],[-72,-60],[-19,-48],[9,-44],[-24,-27],[-112,4],[-78,-33],[-14,-55]],[[18472,17119],[-19,16],[-12,88],[-123,-6],[-28,12],[-9,74],[-86,-12],[-31,30]],[[12146,8287],[66,-80]],[[12212,8207],[135,-148],[218,-205],[74,-47]],[[12639,7807],[106,-68],[86,-147]],[[12831,7592],[-157,-48],[-105,-85],[-91,-26]],[[12478,7433],[-8,78],[-99,218]],[[12371,7729],[-96,122],[-47,75],[-64,73],[-79,187],[-69,126],[14,49]],[[17809,18791],[36,53],[30,-18],[36,26],[13,68],[65,69],[45,11]],[[18034,19000],[67,-73],[81,61],[40,-40]],[[18222,18948],[37,-26],[-23,-132],[23,-84],[77,-58],[52,49],[86,-81],[72,-46],[-4,-124],[40,-5]],[[18622,17979],[-16,-41],[-49,11],[-7,-47],[-117,-62]],[[11076,37344],[-61,-59]],[[11015,37285],[-46,46],[-12,46],[-33,11],[-34,86],[52,93]],[[10942,37567],[-1,-34],[49,-89],[86,-100]],[[9288,43781],[-82,26],[-33,-56],[-76,5]],[[9097,43756],[-20,34],[-75,-8],[-21,20],[68,81],[-11,43],[-175,112],[-73,86],[-73,25]],[[8717,44149],[-36,56],[-4,43],[-119,87],[-54,105],[-81,72],[-13,63],[-28,49],[-41,25]],[[8341,44649],[-46,126],[44,22],[26,73],[109,42]],[[8474,44912],[43,-87],[-32,-61],[46,-2],[24,-29],[55,3],[101,-25],[84,-57],[14,-32],[48,-23]],[[8857,44599],[55,-13],[104,-127],[7,-31],[56,-19],[67,-56],[141,23],[45,43],[43,-25],[-38,-68],[47,-37],[41,58],[90,20],[186,-59]],[[9701,44308],[-12,-67],[-44,-74],[22,-70],[-30,-45],[35,-86],[-53,-33],[-35,-74],[-33,-27]],[[17306,13511],[-180,-17],[-49,-22],[-10,-57],[-96,-60],[-59,3],[-36,25]],[[16876,13383],[-143,38],[-48,47],[-55,74],[-27,1],[-74,-63]],[[16529,13480],[-20,-22],[-57,49],[-14,44],[-79,38],[4,89],[-42,40]],[[16321,13718],[15,68],[49,48],[57,5],[48,-20],[91,47],[75,81],[100,65],[25,50],[44,23],[68,99],[19,1]],[[14951,29434],[-23,-25],[-48,34],[-120,-38],[-16,34],[23,71],[-8,64],[-120,44],[-86,75],[-33,99],[-47,46],[49,43],[-30,63],[27,72],[1,98],[-74,63],[-98,25]],[[14348,30202],[-28,82],[-8,94],[-83,57],[-42,12],[23,66],[-31,86],[80,14],[12,99],[-30,79],[-164,83],[-48,-3],[-38,33],[63,84],[67,47],[63,94]],[[14184,31129],[14,-48],[82,8],[70,-42]],[[14868,30687],[63,-39],[80,8],[39,-32],[-14,-63],[36,-38]],[[15072,30523],[37,-65]],[[15109,30458],[45,-65],[52,-25],[10,-48],[81,-44]],[[15297,30276],[-43,-23],[-15,-41],[-62,2],[-83,-33],[-60,-68],[88,-61],[37,8],[90,-73],[33,-83],[-17,-26]],[[19675,15418],[-18,-78],[28,-39],[16,-63],[38,-7],[-18,-55],[21,-99],[-126,-81],[-49,-79],[-42,22],[-49,-12],[-55,46]],[[19421,14973],[41,53],[-39,46],[-8,48],[-111,29],[-72,-83]],[[19232,15066],[-38,38],[-76,43],[-14,39],[-54,25],[-49,-29],[-78,51],[-18,30],[15,159],[37,53]],[[18957,15475],[65,41],[51,-23],[102,59],[95,-42],[41,46],[68,-54],[55,11],[43,-24],[87,-4],[69,-31],[42,-36]],[[16321,13718],[-47,-16],[-18,-35],[-72,64],[51,27],[47,47],[10,46],[-37,79],[-73,56],[-29,-25],[-56,60]],[[18378,28218],[2,-42],[-28,-53],[-12,-70],[38,-61],[-7,-42]],[[18371,27950],[-37,-26],[-49,1],[-70,-58],[-72,-32],[-35,-78],[-57,-42],[19,-40]],[[18070,27675],[-54,-68],[-33,3],[-34,-42],[-113,-21],[-49,16],[-51,-9],[-54,46],[-68,16],[-38,-22]],[[17576,27594],[-22,12],[-64,151],[-75,45],[-21,50],[-75,24]],[[17319,27876],[50,84],[39,24],[23,73],[-5,77],[30,29],[9,57],[34,12],[60,-20],[103,-67],[47,5],[120,45],[55,-24]],[[17884,28171],[61,9],[108,43],[123,-31],[87,73],[84,-55],[31,8]],[[10848,45981],[-36,48],[-73,0],[-62,69],[3,51],[-63,33],[-24,76],[-62,21],[-83,114],[-44,10]],[[10404,46403],[-58,51],[-82,93],[10,44],[-50,89],[-18,122],[42,33],[39,71],[36,22],[-21,44],[48,47]],[[10350,47019],[123,-55],[61,14],[21,48],[60,-1],[44,34]],[[10659,47059],[51,-80],[6,-102],[102,-54],[-7,-40],[29,-35],[131,-46],[8,-46],[33,-16],[60,-78],[46,-27]],[[11118,46535],[-3,-62],[-45,-13],[-29,23],[-117,24],[11,-46],[-40,-48]],[[10895,46413],[-92,-19],[-18,-68],[157,-103],[-27,-17],[87,-70],[-53,-55],[-46,-99],[24,-42]],[[18640,23241],[60,4],[67,-15],[69,18]],[[18836,23248],[41,-67],[-5,-119],[19,-30],[-9,-61],[34,-93],[-16,-103],[20,-35]],[[18920,22740],[-44,16],[-41,-32],[-46,30],[-35,-23],[-31,-164],[18,-74],[-28,-24],[38,-97],[-44,-106],[26,-38],[-67,-23],[-57,36],[-35,-81],[4,-79],[37,-50],[-20,-36],[28,-63],[-5,-80],[22,-99],[0,-66],[32,-27],[-30,-35],[-26,-75],[-61,-46],[-49,1],[-40,-53]],[[17966,21601],[51,55],[1,41],[57,38],[-2,65],[76,21],[66,60],[17,43],[-33,73],[-45,-10],[-50,33],[-10,78],[-47,20],[-1,79],[39,35],[-2,33]],[[16889,26456],[7,-105],[92,-119],[45,-45],[69,16],[-1,-145],[26,-110],[52,24],[49,-22],[23,-39],[211,-36],[71,13],[62,-57],[30,42],[82,12]],[[17707,25885],[69,-112],[96,-27],[55,-33],[11,-58],[-8,-65],[-23,-25],[-52,-132],[-75,-50],[22,-51]],[[17802,25332],[-29,-14],[-19,-92],[-63,-3],[-44,26],[-40,53],[-39,-50],[-44,20],[-66,-6],[-62,-47],[-60,13],[-12,-49],[-47,-24],[-19,-38]],[[17258,25121],[-64,-29],[-60,-55],[-69,10],[22,-54],[-40,-140],[-34,-79],[-40,-16],[-111,19],[-88,-11],[-58,26],[-45,-22]],[[16671,24770],[-17,72],[-68,53],[-69,16],[-28,66],[-74,2],[-84,96],[12,42],[-44,51],[-1,63],[19,44],[68,-2],[60,34],[8,28],[67,33],[115,-65],[50,71],[36,-18],[48,17],[-72,119],[76,59],[-37,64],[35,29],[14,48],[-30,15],[-48,102],[-41,35],[98,49],[13,71],[-27,171],[27,76],[33,28],[-75,49],[-16,60],[12,45],[-39,50],[52,36],[34,67]],[[16778,26546],[42,2],[69,-92]],[[17098,15263],[45,10],[135,119],[-35,84],[-47,25],[-29,81],[-83,50],[60,46],[41,98],[29,19],[-3,97],[-44,95],[-53,-1]],[[17114,15986],[24,80],[-20,55],[29,37],[-14,55],[-73,54],[48,32],[67,7],[37,92],[60,1]],[[17272,16399],[-16,-51],[35,-80],[65,-15],[165,66],[81,14],[86,64],[47,-4],[-41,-59],[61,2],[30,37],[68,4],[-22,-120],[21,-41],[44,6],[25,40],[101,-101],[36,15],[62,-37],[33,1],[71,75]],[[18224,16215],[53,-56],[-3,-29]],[[18274,16130],[-2,-102],[-39,-41],[-88,-24],[-50,27],[-93,-14],[-18,-31],[-89,-16],[-14,-94],[-30,-56],[-37,-25],[49,-46],[94,-12],[-3,-88],[40,-14],[19,-89],[53,-42],[23,-104],[61,-20],[31,-30],[16,-52],[73,-47],[-33,-68]],[[18237,15142],[-41,-45],[-61,-97],[-26,16],[-109,-67],[-18,-38],[-44,2],[-89,-52]],[[17849,14861],[-55,92],[-116,-58],[-58,22]],[[18359,24545],[-46,-46],[-2,-48]],[[18311,24451],[-98,-109],[-13,-36],[-49,-26],[7,-33],[-39,-91],[30,-26],[9,-95],[-37,-25],[21,-94],[-12,-77],[-21,-36],[159,-99],[-14,-79],[9,-37],[-79,-56],[18,-113],[-26,-68]],[[18176,23351],[-37,-25],[-39,44],[-76,18],[-39,60],[-62,-24],[-81,-58],[-78,-101],[-67,25],[-31,65],[-64,12],[-42,26]],[[17560,23393],[1,83],[27,23],[-7,54],[-51,15],[-23,33],[1,65]],[[17508,23666],[0,84],[49,51],[-10,43],[36,38],[32,-11],[36,50],[4,74],[-23,30],[-52,3],[-10,81],[-28,75],[41,1],[18,54],[44,36],[17,58],[67,31]],[[17729,24364],[40,32],[72,-4],[86,25],[11,19],[-10,113],[46,22],[14,33],[84,50],[50,-53],[91,39],[64,-87],[38,12],[44,-20]],[[17526,17298],[-48,-90],[-50,-62],[-187,12],[-19,-30],[-49,-7],[-12,-110],[9,-94],[-40,-39],[-74,-28],[-1,-36],[-45,-55]],[[17010,16759],[-32,58],[-63,-10],[14,71],[-70,16],[-66,-94],[-13,-75],[-29,-12],[-89,-85],[-87,18],[-34,51]],[[16541,16697],[22,64],[-27,43],[-6,74],[29,27],[44,97],[-5,57],[31,19],[14,62],[-54,62],[39,81],[44,55],[-31,54],[19,71],[-51,163],[22,91],[-21,63]],[[20211,21713],[16,-48],[41,-29],[21,-79],[66,-82],[9,-64]],[[20364,21411],[-65,-80],[-70,-24],[-23,51],[-42,0],[-31,84],[-76,42],[-111,-42],[-99,48],[-86,84],[-2,51],[-117,13],[-39,37],[-80,9],[3,-39],[-37,-29],[-51,117],[-62,26],[-62,99],[-67,1],[-43,28]],[[19204,21887],[0,98],[54,184],[31,35]],[[19289,22204],[36,-35],[41,3],[28,-46],[100,-58],[27,-41],[79,-2],[69,-20],[79,45],[32,-29],[52,24]],[[15990,15321],[46,5],[27,45],[47,12],[33,120],[71,18],[47,29],[37,47],[99,-10],[100,64],[50,47],[103,-13]],[[16650,15685],[-18,-51],[11,-50],[115,-75],[59,23],[10,-67],[27,-9],[10,-73],[22,-45],[-30,-21],[-11,-53],[35,-17],[-13,-52],[28,-24]],[[17114,15986],[-28,-45],[20,-44],[-99,-65],[-34,-39],[-36,-78],[-83,-7],[-56,-25],[-117,9],[-31,-7]],[[16650,15685],[28,64],[-42,22],[14,92],[-66,62],[3,24],[-40,66],[5,22],[-44,67],[6,46],[-41,52],[-26,83],[-42,43],[-81,20],[-39,-5],[-38,28],[-50,-25]],[[16197,16346],[22,42],[10,90],[66,30],[3,28],[133,60],[110,101]],[[17010,16759],[40,-39],[35,1],[8,-123],[87,-68],[-10,-71],[52,-12],[50,-48]],[[17508,23666],[-37,7],[-30,44],[-73,29],[-67,-18],[-71,169],[17,32],[-55,32]],[[17192,23961],[-61,92],[28,45],[-53,97],[-44,44],[-21,47],[-30,123],[71,44],[51,90],[-9,63],[116,80]],[[17240,24686],[55,27],[47,-20],[0,-52],[22,-83],[35,-20],[113,-34],[40,31],[46,64],[66,10],[-12,-62],[22,-94],[55,-89]],[[9519,6159],[64,-21],[67,18],[68,-60],[69,2],[111,-48],[48,31],[54,-50],[25,-45],[-5,-74]],[[10020,5912],[-64,-74],[-24,-112],[-48,-108],[-43,-129],[-67,-134],[-35,-42]],[[9739,5313],[-76,-17],[-90,37],[-70,-3],[-6,51],[-555,-8],[-48,81]],[[16835,45390],[-35,-38],[-71,-39],[-28,24],[134,53]],[[16615,45443],[34,-42],[-57,-20],[-38,47],[61,15]],[[16499,46156],[27,4],[59,-44],[38,2],[26,-37],[95,-68],[-6,-43],[27,-62],[36,-18],[-17,-47],[53,-83],[42,-26]],[[16879,45734],[-77,-107],[-81,-134],[-76,-23],[-62,5]],[[16583,45475],[-52,116],[-55,58],[-12,40],[-61,91],[-42,-17],[-46,64],[8,99],[-19,61]],[[18274,16130],[20,-28],[104,42],[90,-16],[6,-29],[61,-10],[37,40],[98,-10],[86,107],[71,-18],[94,72],[24,-9]],[[18965,16271],[31,-43],[-86,-97],[68,-54],[117,-49],[28,-24],[-24,-53],[-42,-17],[-21,-47],[52,-63],[-18,-48],[-63,-36],[-29,10],[-28,-63],[4,-85]],[[18954,15602],[-83,89],[-15,51],[-65,23],[-22,-32],[-71,-44],[0,-45],[-58,-54],[-46,-14],[-4,-39],[-46,-19],[-74,-156],[1,-61],[-27,-32],[-2,-71],[-35,-9],[-1,-83],[-70,-44],[-99,80]],[[10939,44783],[-55,11],[-37,50],[-70,-79]],[[10777,44765],[-55,14],[2,68],[-68,87],[11,82],[-5,102]],[[10662,45118],[68,-53],[70,-8],[68,-50],[90,-25],[30,-35]],[[10988,44947],[12,-56]],[[15935,10917],[78,-127],[11,-115],[-30,-68],[-72,-51]],[[15922,10556],[-48,-13],[-108,-91],[-114,-138]],[[15652,10314],[-14,43],[17,116],[-18,49],[22,65],[-13,133],[-42,11]],[[13174,12748],[-54,45],[10,52],[-71,50],[-67,17],[4,85],[-55,105],[-48,6]],[[12893,13108],[-9,65],[11,57],[-48,7],[-7,57],[16,80],[-52,47],[99,178],[4,80]],[[12907,13679],[27,87],[110,39],[61,101]],[[13105,13906],[33,22],[125,-16],[39,11],[157,-103],[54,48]],[[14378,11986],[-46,-11],[-52,-72]],[[14280,11903],[-61,-2],[-62,71],[-25,-39],[6,-48],[-42,-3],[-35,59]],[[14061,11941],[16,150],[25,23],[-16,49],[25,42]],[[14111,12205],[31,-5]],[[18254,13179],[-56,-2],[-33,-37],[-76,-53],[-32,63],[7,54],[-42,72],[-7,89],[-75,20],[-28,26],[-104,34],[-62,-11],[-25,33]],[[17849,14861],[27,-81],[81,-47],[-30,-45],[57,-31],[46,-53],[106,13],[53,-57],[-1,-51],[77,-66],[84,21],[44,-49],[54,-2],[83,58],[66,-33]],[[18596,14438],[-10,-48],[42,-34],[-18,-95],[42,-98],[-4,-69],[60,-37],[37,0],[30,-41],[55,4],[26,-30]],[[18378,28218],[21,64],[77,-43],[24,74],[48,3],[25,-68],[43,45]],[[18616,28293],[49,51],[45,14],[18,-35],[85,4]],[[18813,28327],[46,-69],[78,-77]],[[18937,28181],[-18,-50],[-47,16],[-46,-37],[-12,-43],[49,-63]],[[18863,28004],[-81,-1],[-67,-38],[-28,-64],[-33,40],[-82,-42],[-127,-4],[-23,43],[-51,12]],[[2941,46530],[49,-133],[64,-40],[54,-92],[25,-19],[10,-105],[22,-23],[1,-91],[28,-63]],[[3194,45964],[-35,-56],[-68,-47],[-42,9],[-96,-59],[-55,-20]],[[2898,45791],[-21,86],[-6,85],[-64,7],[-58,58],[-48,-26],[-13,-126],[-54,37],[-33,-71],[35,-21],[32,-76],[159,7]],[[2827,45751],[36,-103],[-25,-40],[-4,-51],[25,-29],[101,-52],[26,-35],[5,-53],[-87,-69],[25,-116],[28,-23],[56,-109],[78,0],[28,-39],[39,4],[18,-40],[-14,-44],[-46,-12],[-2,-99],[34,-67],[-33,-6],[-63,-83],[52,-39],[185,55],[67,-29],[126,14]],[[3482,44686],[33,-79],[-36,-52],[35,-27],[19,-54],[-8,-56],[-62,-62],[-2,-39],[43,-58],[-132,-52],[-89,9]],[[3283,44216],[-76,20],[-73,39],[-55,-32],[-68,17],[-55,-29],[-17,111],[-63,30],[3,83],[-42,36],[-38,104],[-74,147],[-61,21],[-122,2],[-38,38],[16,67],[-21,51],[-60,55],[26,23],[-38,68],[-86,10],[-16,40],[25,177],[-60,52],[-102,36],[-49,-33],[-58,-4],[-48,56],[135,118],[137,15],[9,42],[-32,49],[11,29],[10,144],[72,70],[-4,31],[58,133],[-43,-9],[-30,-59],[-103,-42],[-32,13],[52,78],[-2,75],[66,8],[18,79],[57,68],[90,71],[-6,27],[60,56],[42,61]],[[2598,46458],[53,-9],[24,51],[94,15],[40,-71],[46,19],[42,71],[44,-4]],[[3194,45964],[135,-47],[105,17],[101,-65],[97,22]],[[3632,45891],[29,-49],[54,-31],[13,-60],[68,-6],[11,-30],[-47,-61],[78,-78],[61,4]],[[3899,45580],[40,-23],[26,-75],[0,-79],[-22,-27],[18,-213],[-12,-64],[-64,-12],[-47,-62],[30,-70],[-10,-43],[53,-96],[8,-43]],[[3919,44773],[-102,-15],[-100,29],[-76,60],[-53,15],[-93,-8],[31,-76],[-62,-41],[18,-51]],[[2827,45751],[71,40]],[[10754,38388],[-50,-68],[-46,-101],[-14,-56],[-8,-130],[14,-108],[49,-157]],[[10699,37768],[-82,-48],[-14,-40],[-49,0],[-65,-26],[-73,7],[-41,96],[-58,19]],[[10317,37776],[25,31],[-16,60],[26,23],[-27,73],[5,45],[35,64],[-45,33],[2,64],[56,2],[35,78],[82,16],[25,65],[-57,48],[10,36],[-47,61],[-51,7],[-62,93],[-53,-8],[-22,34]],[[10238,38601],[62,52],[68,0],[39,41],[119,-165],[79,-51],[62,-59],[87,-31]],[[20918,16104],[-69,143],[32,70],[1,71],[-25,89],[-33,34],[-32,84],[24,29],[46,4],[22,46],[40,-4],[-2,-48],[35,-5],[85,23],[45,45],[47,14],[13,40],[48,55]],[[21195,16794],[141,-152]],[[21336,16642],[55,-75],[-6,-66],[24,-110],[-32,-31],[16,-93],[-35,-43]],[[11083,47502],[-120,-42],[-29,12],[-89,-109],[-45,-3],[-46,-45],[-4,-47],[87,-68],[-26,-65],[-42,-7],[-39,47],[-64,-69],[-7,-47]],[[10350,47019],[-27,30],[-48,-12],[-21,29],[10,169]],[[10264,47235],[55,-15],[41,26],[2,55],[-32,78],[19,36],[59,12],[28,55],[-3,113],[12,45]],[[14966,45602],[-102,97],[-30,5],[11,65],[-23,77],[53,59],[-51,66],[-53,-12],[-31,-36],[-88,37],[-57,-20],[-62,69],[33,61],[-36,60]],[[14530,46130],[41,29],[-6,42],[38,31],[87,17],[39,-32],[61,25],[40,77],[23,9],[75,136],[-31,42],[17,42],[-36,55],[75,11],[22,-39],[54,32],[-2,60],[26,14],[3,57],[93,-47],[33,82],[118,42],[53,-9],[1,50],[59,53],[41,16]],[[15454,46925],[53,-46],[121,-54],[3,37],[45,42],[97,42],[20,-4],[109,-172],[60,-58],[13,-113],[-24,-14],[24,-100]],[[15700,46366],[-43,2],[-37,-45],[-40,19],[-53,-9],[-35,-32],[22,-35],[60,-30],[17,-84],[30,-44],[-25,-74],[11,-81],[43,-51],[16,-83],[-26,-85]],[[16276,12883],[-8,-82],[-71,-46],[59,-80],[-23,-67],[-49,-15],[-24,-36],[8,-41],[-27,-41],[-68,-2]],[[16073,12473],[-97,7],[-58,38],[-54,61],[-47,-8],[-21,-55],[16,-41],[-35,-38],[-44,8],[-32,-47],[-32,-8]],[[15669,12390],[-9,28]],[[15660,12418],[-56,95],[-101,-37],[-52,83],[-83,14],[12,47],[-94,14],[-62,-51]],[[15224,12583],[-25,6]],[[15199,12589],[12,72],[28,70],[-12,49],[15,85],[49,60],[171,61],[-57,150],[-21,95],[-31,61],[62,98]],[[15415,13390],[22,37],[39,26],[29,36],[75,29],[60,-20],[44,78],[90,11],[73,-40],[69,-8],[46,-165],[-51,-48],[9,-28],[61,-2],[102,-95],[34,-71],[47,-58],[33,-70],[14,-74],[65,-45]],[[9438,38098],[60,45],[17,33],[55,0],[119,110]],[[9689,38286],[16,-28],[-3,-190],[9,-41],[53,-33],[71,-11],[8,-82],[34,-47],[39,-19],[32,-63],[58,10],[48,-23],[49,17],[110,-65]],[[10213,37711],[-22,-71],[28,-22],[-37,-59],[-7,-57],[19,-82],[36,-36]],[[10230,37384],[-108,21],[-65,40],[-21,-35],[-52,-2]],[[9984,37408],[-57,79],[-34,23],[-66,111],[-47,-43],[-91,3],[-20,-26],[-67,19],[-8,55],[59,22],[-27,98],[-90,1],[-37,-41],[-37,-5],[-46,52]],[[14203,43734],[23,-76],[2,-68],[-50,5],[-25,38],[-102,-53]],[[14051,43580],[-13,30],[33,43],[-44,71],[-55,24]],[[13972,43748],[115,23],[38,-53],[78,16]],[[9464,46677],[12,-47],[-40,-47],[25,-40],[51,-20],[-2,-86],[70,-69],[-2,-66]],[[9578,46302],[-28,-43],[-42,-13],[-23,-42],[-87,-9]],[[9398,46195],[-51,25],[35,37],[-127,46],[-46,48],[-12,60]],[[9197,46411],[-50,21],[-47,-34],[-44,86],[-43,1],[-76,57],[-39,-15],[-45,75],[-56,22],[14,55],[42,66],[-50,34]],[[8803,46779],[34,35],[40,-34],[88,-28],[79,-2],[-5,60],[-31,59]],[[9008,46869],[47,-2],[23,-38],[73,-30],[55,4],[17,-34],[65,0],[94,-84],[82,-8]],[[19961,15261],[-30,-64],[-11,-99],[8,-67],[-71,-44],[-33,-78],[55,-37],[47,-3],[63,-29],[-28,-69],[17,-55],[64,-37],[21,-91],[-43,-99],[-41,-37],[-31,14],[-123,-56],[-73,-7],[-64,-30],[-37,11]],[[19651,14384],[13,24],[-19,86],[-156,-11],[-83,-67],[-100,32],[-70,-11],[-30,69],[-70,26],[30,147],[55,27],[17,51],[-3,61],[104,100],[23,-2],[59,57]],[[19675,15418],[62,-10],[69,17],[81,-19],[52,41],[24,-16]],[[10988,44947],[27,34],[66,9],[24,39],[1,98],[57,7],[-1,33]],[[11162,45167],[76,-20],[62,6],[91,47],[71,16],[4,-66],[55,23]],[[11521,45173],[50,-31],[-2,-64]],[[11569,45078],[11,-72],[-34,-66]],[[11546,44940],[-58,-70],[17,-63]],[[11505,44807],[-115,-39],[-69,48]],[[11321,44816],[-51,35],[-90,18]],[[11320,44644],[-2,-21]],[[11318,44623],[5,-79]],[[11323,44544],[-89,38]],[[17319,27876],[-72,-31],[-58,-10],[-53,-27],[-68,-90],[-98,-14],[-64,12],[-32,-48],[-75,-17],[-131,37]],[[16668,27688],[53,48],[-36,33],[41,40],[-1,69],[18,31],[-51,84],[-10,97],[56,32],[-13,61],[29,30],[-19,61],[48,91],[-1,28],[60,36],[33,65]],[[16875,28494],[48,-24],[20,-42],[85,-10],[63,53],[0,58],[95,44],[82,73],[76,-42],[29,14]],[[17373,28618],[135,15],[121,-91],[44,38],[126,61],[1,-90],[66,-76],[3,-80],[-74,-65],[-22,-62],[111,-97]],[[15182,31206],[67,-43]],[[15249,31163],[14,-57],[29,-27],[14,-57],[-30,-16],[-36,-61],[-109,2],[-72,-58],[-52,-58],[-50,25]],[[9597,6426],[307,132],[84,26],[104,-44],[13,50],[60,-17],[26,54],[41,23],[186,50]],[[10418,6700],[108,-398]],[[10526,6302],[-123,-51],[-203,-131],[-56,-57],[-92,-123],[-32,-28]],[[22058,18930],[86,-147],[92,-121],[75,-74],[-9,-23],[49,-73],[34,-11],[9,-58],[-22,-55],[7,-50],[-48,-18],[-1,75],[-114,-45],[0,-39],[-31,-34]],[[22185,18257],[-42,39],[-80,3],[-61,-34]],[[22002,18265],[-6,76],[-28,34],[-1,46],[-36,26],[-18,80],[3,60],[-58,-31],[-20,30],[-12,81],[19,68],[43,41],[-11,87],[-23,48]],[[21854,18911],[64,54]],[[21918,18965],[9,-53],[44,-105],[87,123]],[[13640,33366],[70,-93],[72,-125],[123,-151]],[[13905,32997],[-59,17],[-60,-9],[-31,57],[-46,-33],[-73,-3],[-46,-69],[-62,15],[-33,-43],[-56,-36],[-22,-37],[-46,-20],[-59,63]],[[13146,43156],[-14,-50],[32,-68],[-22,-53],[-3,-63]],[[13139,42922],[-98,-37],[-47,13]],[[12994,42898],[-40,46],[-96,-18],[-22,15]],[[12836,42941],[-150,33],[-47,-25],[-67,13],[-43,33]],[[12529,42995],[30,117],[80,44],[41,63],[37,-5],[62,62],[-11,18]],[[12768,43294],[64,0],[8,-60],[50,35],[28,-40],[57,4],[27,35],[82,-60],[44,-12],[18,-40]],[[11386,47293],[-26,-45],[6,-55],[-25,-19],[33,-100],[88,-36],[88,17],[19,-84],[-32,-65],[-58,-7],[-12,-49],[30,-68],[104,12],[84,46],[62,1],[49,-35],[8,-63],[51,-14],[42,-51],[5,-46],[36,-8],[25,-60],[69,-39]],[[12032,46525],[-52,-29],[-25,-69],[-49,-32],[45,-40],[19,-65],[-31,-58]],[[11939,46232],[-44,76],[-60,43],[-214,33],[-15,54],[-51,20],[-50,-35],[-79,-18]],[[11426,46405],[-61,67],[-4,83],[-56,5],[-83,83]],[[11222,46643],[-56,59],[21,124],[51,15],[21,57],[-77,92],[-20,60],[26,98]],[[15280,13932],[-65,-68],[-38,8],[-18,-46],[-82,-61],[0,-67],[23,-31],[-49,-114],[-76,-44],[-65,-97],[-47,-25],[-61,-2],[-18,-47],[-47,-27],[-60,-5]],[[14677,13306],[42,46],[-3,53],[-33,42],[-73,15],[-48,-51],[-46,2],[-59,-85],[-32,49],[24,31],[-23,42],[2,72],[-69,17],[-69,-15],[-82,14],[3,61],[-38,0],[-11,88],[59,18],[53,84]],[[14274,13789],[49,9],[11,31],[49,-1],[143,27],[32,-38],[39,16],[66,168],[-44,58],[11,97],[-87,-21],[-123,1],[-70,-56],[-45,6],[-71,46],[-47,-35]],[[14151,14231],[32,23]],[[10968,40826],[4,-57],[35,-13],[-25,-50],[15,-77],[50,-28],[2,-61],[-39,0],[-1,-62]],[[11009,40478],[-26,11],[-57,-27]],[[10926,40462],[-45,1],[-26,42]],[[10855,40505],[34,19],[21,72],[-65,51],[-44,0],[-74,150],[8,46]],[[10735,40843],[55,-5],[25,-25],[69,72],[84,-59]],[[13341,45276],[83,-6],[44,-98],[109,1],[31,-45],[65,-24],[131,10],[75,-11]],[[13879,45103],[73,-11]],[[13952,45092],[-6,-104],[-16,-56],[40,-82],[35,-23],[-44,-93],[13,-62],[-22,-19],[-81,6],[-50,-50]],[[13821,44609],[-33,7],[-66,-25],[-45,30]],[[13677,44621],[-23,50],[-86,67],[-95,-9],[-66,-27],[-106,68],[-104,-5]],[[9910,52010],[28,-35],[36,-86],[-7,-30],[-99,-4],[-10,-56],[47,-55],[-23,-106],[-71,0],[-49,22],[-21,46],[-64,-54],[6,-134],[-21,-94],[18,-47]],[[9680,51377],[-104,-79],[-59,38],[-44,2],[-124,76],[-57,50],[-17,98],[9,33],[-59,28],[-36,-6],[-7,103],[-22,4],[-42,86]],[[9118,51810],[105,47],[38,53],[50,-16],[41,12],[42,-48],[46,18],[61,64],[36,91],[-23,42],[33,33],[69,1],[46,99],[72,58],[78,-70],[15,-89],[83,-95]],[[14274,13789],[-12,79],[-35,31],[-73,-39]],[[21346,20646],[4,-47],[-46,-98],[64,-112],[-9,-62],[-88,-68],[94,-71],[11,-50],[42,-47],[45,7],[56,-28],[26,-109],[23,-39]],[[21568,19922],[10,-31],[-44,-51],[-97,-55],[-97,11],[-24,-37],[11,-161],[-47,-44]],[[21280,19554],[-93,13],[-25,-36],[-111,54],[0,39],[-103,196],[-70,-7],[-63,-43],[-46,21],[-108,78],[-3,50],[-49,46],[-63,-17],[-100,47],[-47,57]],[[20399,20052],[-3,115],[-53,104],[-113,-15],[-26,-21],[-89,22]],[[20115,20257],[2,33],[-36,39],[32,50],[2,53],[41,4],[44,120]],[[20200,20556],[21,31],[60,-15],[61,52],[79,-3],[39,-39],[71,12]],[[20531,20594],[54,-108],[163,19],[127,-75],[95,-4],[15,21],[93,27],[74,122],[92,-4],[75,66],[27,-12]],[[16623,20753],[-17,145],[-55,87],[-51,174],[-137,88],[-44,10],[-67,51],[32,81],[-16,36],[53,89]],[[16321,21514],[61,-6],[107,-34],[75,35],[136,-35],[110,29],[78,5],[15,56],[34,34],[71,117],[34,20],[79,-26],[-8,-35],[53,-47],[88,-10],[55,-27],[60,7],[23,-88]],[[13007,11662],[-3,61],[-40,31],[-56,-12],[-4,60],[-52,6],[1,58],[-23,40],[14,50],[-33,30],[-74,28],[-13,108],[-49,48],[18,51],[-52,31]],[[12641,12252],[42,40],[-26,72],[68,34],[76,-35],[96,-77]],[[13324,12057],[113,-62],[-23,-89],[28,-7]],[[12803,11553],[-89,-69],[-94,113],[-61,-44]],[[12559,11553],[-171,80]],[[12388,11633],[-10,156],[-74,148],[-78,99],[42,92],[-17,44],[-2,72],[57,6]],[[12306,12250],[14,-56],[167,50],[51,27],[103,-19]],[[16876,13383],[15,-40],[-7,-59],[-43,-58],[3,-67],[-23,-100],[10,-13],[-81,-101],[-49,5],[-26,-29],[30,-36],[-17,-80],[-50,-112],[-52,-45],[-16,-46],[74,-77],[-25,-29],[-9,-64],[-65,-63],[-72,0],[-51,-21]],[[16422,12348],[-25,13],[-79,-25],[-75,44],[-18,32],[-66,35],[-86,26]],[[16276,12883],[70,81],[8,64],[68,50],[52,75],[-20,78],[17,48],[-15,46],[49,36],[24,119]],[[20429,24724],[36,40],[-24,67]],[[20441,24831],[44,29],[152,-15],[98,-29],[66,44],[2,54],[52,34]],[[20855,24948],[148,-327],[135,-232],[87,-130],[-8,-38],[28,-77],[-48,-19],[-7,-33],[20,-164],[32,-80]],[[21242,23848],[-69,44],[-49,63],[4,63],[-87,113],[-70,27],[-58,-3]],[[10692,36149],[-92,49],[-62,0],[-49,54],[-77,-2],[-18,57],[10,100],[33,36],[-36,31]],[[10401,36474],[37,58],[2,46],[-24,83]],[[10416,36661],[18,16],[96,5],[19,45],[81,15]],[[10630,36742],[21,-38],[42,3],[64,52],[40,-13]],[[10797,36746],[-17,-57],[42,-87],[-7,-72]],[[18596,14438],[42,2],[3,76],[31,31],[-2,42],[50,142],[43,3],[6,83],[61,101],[26,20],[57,-73],[79,-29],[38,65],[88,81],[72,12],[42,72]],[[19651,14384],[-29,-35],[-5,-96],[67,-82],[26,-67]],[[19710,14104],[-66,-100]],[[13972,43748],[-26,26],[26,94],[-85,7],[-69,-27]],[[13818,43848],[-29,48],[53,62],[35,4]],[[13877,43962],[46,-3],[13,38]],[[13936,43997],[11,2]],[[13947,43999],[13,-59],[82,-43],[34,-71],[44,1]],[[14120,43827],[83,-93]],[[12893,13108],[10,-30],[-17,-77]],[[12886,13001],[-44,0],[-23,35],[-43,-12],[-89,-104],[-70,75],[-30,-8],[-81,72],[-78,96]],[[12428,13155],[-30,96],[-45,-3],[-30,28],[-84,-8],[-10,29]],[[12229,13297],[40,51],[22,62],[62,79],[40,71],[-39,32],[6,35]],[[12360,13627],[33,23],[10,49],[58,80],[13,53],[97,-65],[76,-102],[214,3],[46,11]],[[11677,43091],[-39,14]],[[11638,43105],[-16,69],[-63,-16]],[[11559,43158],[16,82],[-15,66],[-23,15],[-65,98]],[[11472,43419],[15,68],[29,-3]],[[11516,43484],[115,44],[13,-91],[91,37],[79,126]],[[11814,43600],[53,-17],[45,-58]],[[11912,43525],[-11,-113],[47,-86]],[[11948,43326],[-111,-15],[-46,36],[-40,-67],[13,-76],[47,-30]],[[18863,28004],[25,-34],[101,19],[64,-11],[80,56]],[[19133,28034],[33,-30],[1,-50],[23,-103]],[[19190,27851],[-41,-30],[-34,63],[-96,-12],[-54,9],[-29,-39]],[[18936,27842],[-114,41],[-54,-24],[-10,-63],[-29,-29],[15,-81],[-51,-43],[-96,-54],[-73,26],[-21,-39],[-48,-27],[-11,-39]],[[18444,27510],[-55,26],[-37,45],[-68,13],[-82,-24],[-57,57],[-15,42],[-60,6]],[[13613,8467],[50,-54]],[[13663,8413],[-46,-39],[-31,-71],[-10,-176],[4,-100],[-29,-103],[-37,-71],[-98,-129],[-63,-52],[-60,-31],[-119,-43],[-99,-25],[-29,26],[-84,-26],[-131,19]],[[12639,7807],[37,25],[352,69],[25,77],[-22,76]],[[19265,19342],[83,-58],[4,-45]],[[19352,19239],[-82,-1],[-23,-23],[-76,55],[-87,-23],[-38,-52],[-66,33],[-75,4],[-30,-33],[-94,-39]],[[18781,19160],[-41,-6],[-143,-49],[-74,51],[-98,-6],[-68,-24],[-34,-89],[-58,-35],[-43,-54]],[[18034,19000],[48,49],[-7,40],[-118,1],[-63,32],[-11,98],[-30,82],[51,49],[-17,55],[4,67],[-30,41],[67,52],[-9,74],[17,54],[-55,60],[-36,121],[4,40],[-46,38],[-12,47]],[[18568,19975],[56,-20],[93,-6],[72,-24],[22,-34],[71,-13]],[[20016,18754],[-7,-53],[79,-55],[-14,-53],[29,-17]],[[20103,18576],[43,-59],[-7,-22],[-72,-21],[-202,-30],[-60,-28],[-11,-90],[-46,-23],[-15,-73],[23,-38],[-47,-82],[28,-55],[49,-38],[206,-3],[33,-27],[8,-76],[-62,-29],[-39,-47],[68,-20],[10,-104],[40,-41],[2,-91],[-49,-10],[-7,-40]],[[19996,17529],[-2,-30],[-85,-67],[-51,-3],[-64,-41],[-120,14],[-47,22],[-81,8],[-93,50],[-31,-17]],[[19422,17465],[-12,128],[38,58],[-43,103],[-70,16],[13,81],[-39,18],[0,69],[-60,88],[-38,114],[-65,42],[-34,4],[-49,54]],[[19063,18240],[45,62],[151,45],[41,94],[-15,41],[46,48],[96,-70],[77,21],[13,29],[-57,40],[-13,99],[-44,42],[0,78],[-15,60],[47,-1],[14,41],[48,4]],[[19497,18873],[77,-8],[93,-41],[72,32],[28,-38],[55,-24],[81,1],[38,-38],[30,18],[45,-21]],[[16434,19037],[289,708]],[[12739,44778],[-85,16],[-44,-44],[-101,3],[-86,-69],[-77,-15],[-55,26],[-47,-61]],[[12244,44634],[-38,153],[8,19]],[[12214,44806],[28,12],[13,70],[72,17],[69,-42],[140,61],[64,1],[74,-35],[35,14]],[[11546,44940],[60,-49],[16,-69],[54,26],[31,-63],[51,-6]],[[11758,44779],[53,-1]],[[11811,44778],[55,-92],[-41,-40],[-16,-93]],[[11809,44553],[-73,-3],[-50,-35],[11,-81]],[[11697,44434],[-150,40],[-36,-93],[34,-31],[-20,-35]],[[11525,44315],[-65,10],[-4,53]],[[11456,44378],[69,115],[-25,42]],[[11500,44535],[61,32],[21,69],[36,46],[-40,98],[-73,27]],[[12625,44288],[85,-6],[-1,-56],[50,8],[65,-26]],[[12824,44208],[43,-29],[12,-52],[-25,-77],[-94,-31],[-7,-49],[35,-38],[-15,-30]],[[12773,43902],[-52,-9],[-35,-48]],[[12686,43845],[-84,0],[-36,49],[-18,80],[22,65]],[[9525,6648],[8,27],[111,92]],[[9644,6767],[76,76],[62,-52],[123,147],[66,64],[62,-20],[61,3],[37,-19],[59,2],[111,-39],[14,-18]],[[10315,6911],[-17,-42],[29,-33],[-9,-44],[95,-14],[5,-78]],[[11368,42704],[35,-54],[72,-71],[30,-47],[100,-17]],[[11605,42515],[10,-38],[43,-2],[-9,-54],[-40,-35]],[[11609,42386],[-80,-31],[-39,-67],[-41,-27],[-9,-78],[40,-84],[-46,-19]],[[11434,42080],[-15,52],[-35,23],[-45,66],[-51,-14],[-66,44],[-28,102],[34,44],[-8,49],[-31,20],[48,55],[-47,98],[37,62],[29,6]],[[11256,42687],[70,-1],[42,18]],[[8065,10764],[13,-52],[-14,-53],[59,-64],[39,-91]],[[8162,10504],[-87,-209]],[[8075,10295],[-101,47],[-123,74],[-25,-49],[-150,76],[-56,-85],[-43,31],[-18,-31],[-97,-95],[-32,-59]],[[7430,10204],[-136,100],[143,250],[-57,28]],[[7380,10582],[14,94],[73,40],[11,72],[27,25],[65,-18],[88,6],[0,31],[107,-2],[91,-18],[145,-50],[64,2]],[[13617,42116],[-23,-79],[-93,-57],[-128,-31],[-58,-4],[-42,18],[4,65],[-116,-12],[-90,-23],[-156,-89]],[[12915,41904],[-32,9],[11,54],[-5,80],[35,53]],[[12924,42100],[23,111],[22,24],[92,14],[70,45]],[[13131,42294],[56,-29],[95,11],[29,30]],[[13311,42306],[101,43],[156,-156],[49,-77]],[[14184,31129],[-30,88],[-74,44],[-143,20],[-29,59]],[[13908,31340],[87,-16],[119,10],[124,-27],[102,13],[131,62],[36,-36],[46,12],[57,52],[72,1],[30,43],[-23,26],[58,62],[50,-5],[106,55],[56,-24],[75,30],[-13,68],[33,23],[75,-61],[57,35],[23,44]],[[15209,31707],[29,-67],[59,-93],[161,-196]],[[15458,31351],[-119,-84],[-20,-38],[-54,-27],[-16,-39]],[[9426,8998],[43,11],[92,-25],[30,-36],[62,83],[83,29],[43,30],[40,89],[-31,13],[71,133]],[[10023,9170],[350,-340]],[[10395,8808],[-69,-161],[12,-12],[-135,-85],[-48,-20]],[[10155,8530],[-92,-33],[4,-29]],[[10067,8468],[-64,9],[-185,96],[-38,-41],[-1,-66],[-93,-24],[-72,-1],[-3,86],[-32,17],[-106,-2],[-39,-112],[-57,3],[3,58],[-20,78]],[[13290,9170],[-136,147]],[[13154,9317],[-142,154],[-54,85],[-46,100]],[[12912,9656],[-13,75]],[[13913,10523],[29,-70],[-28,-54],[3,-44],[40,-70],[37,-35],[-112,-80]],[[13882,10170],[-15,18],[-67,-20],[-16,76],[-41,72],[8,26],[-107,121],[-42,0]],[[14305,10354],[-102,-34],[-8,-226],[3,-62],[-75,-83],[-11,-29]],[[14112,9920],[-29,28],[-137,51],[-48,38],[-42,-13]],[[13856,10024],[-29,67],[81,33],[-26,46]],[[13856,10024],[-41,-41],[-44,0],[-64,29],[-143,6],[-95,31]],[[12261,12999],[44,-6],[33,41],[46,19],[44,102]],[[12886,13001],[-83,-88],[39,-44],[-28,-46],[79,-88],[-36,-23],[-11,-83],[-28,-16],[-6,-51],[-45,-49],[-34,20],[-78,-44],[-40,11]],[[10067,8468],[4,-54],[-87,-68],[29,-51],[-64,-29],[-9,-29],[-57,-19],[-47,-56],[-84,-48],[28,-55]],[[9780,8059],[55,-37],[154,-56],[-24,-94],[-54,-10],[-24,-74]],[[9887,7788],[-88,-7],[-21,37],[-88,5],[-44,96]],[[9646,7919],[30,14],[-92,123],[-85,15]],[[9499,8071],[0,68],[-35,54],[-78,-1],[-152,112],[-39,41]],[[13899,11700],[-34,14]],[[13865,11714],[1,26],[-49,41],[-76,-6]],[[13741,11775],[4,38],[42,43],[60,-7],[66,-36],[20,-45]],[[10963,44395],[0,14]],[[10963,44409],[38,26],[13,67],[-20,41]],[[10994,44543],[111,-36],[71,-1]],[[11176,44506],[6,-7]],[[11182,44499],[-22,-142]],[[11160,44357],[-68,-52],[-99,-39]],[[8901,50415],[-32,11],[-30,-47],[-151,-14],[19,-34],[-26,-90],[-60,-40],[-62,59],[-151,56],[-81,46],[12,41],[92,75],[50,-8],[60,60],[65,-48],[116,88],[75,5],[26,30],[155,-120]],[[8683,46120],[-37,-7],[-90,86],[-74,105],[-109,-28]],[[8373,46276],[-32,25]],[[8341,46301],[13,45],[79,27],[-21,143],[44,-1],[-6,50],[42,51],[40,2],[22,37]],[[8554,46655],[52,27]],[[8606,46682],[19,-23],[74,28],[-17,34],[60,49],[61,9]],[[9197,46411],[-38,-26],[-25,-64],[-76,-21],[-27,-73],[-51,-59],[6,-64]],[[13671,49711],[-60,18],[17,47],[-31,26],[2,42],[66,45],[-3,28],[-81,33]],[[13581,49950],[-18,62],[-58,60]],[[13505,50072],[16,80],[74,52],[29,59],[61,41],[130,-2],[1,34],[139,44],[37,58],[70,76]],[[14062,50514],[117,-107],[59,-9],[77,18],[65,-63],[-79,-95],[-56,-3],[-26,-55],[-56,-26],[-15,-41],[16,-55],[-36,-132],[-46,-12],[-27,-54],[-26,-108],[26,-93],[-74,-43],[-37,18],[-44,-38],[-49,22],[-57,-3],[-58,90],[-65,-14]],[[14842,44363],[16,-30],[-27,-56],[-31,0],[-17,69],[59,17]],[[15408,44393],[-150,-45],[-50,7],[-43,33],[-66,-11],[-37,48],[-100,-45],[-135,34],[-62,-20],[-82,-1],[-57,28]],[[14626,44421],[-88,37],[-16,29],[19,54],[-16,55]],[[14525,44596],[219,10],[20,28],[51,-34],[49,-8],[27,-63],[63,-5],[93,-51],[102,67],[39,48],[66,18],[19,44],[64,11],[74,-22]],[[12617,50716],[-7,-49],[-101,-28],[1,-37],[-33,-67],[6,-34],[-35,-83],[4,-36]],[[12452,50382],[-26,-61],[-130,108],[-41,-26],[-58,4],[-25,-26],[-75,51],[-50,55],[-5,44],[-70,15],[-67,-85],[-4,-30]],[[11901,50431],[-76,44],[-6,93],[-18,9],[-62,102],[-18,69],[-37,-12],[-10,70]],[[11674,50806],[4,36],[130,-31],[8,161],[139,11],[30,-16],[87,30],[53,-40],[45,-2],[80,31],[93,-44],[71,25],[42,-62],[79,-60],[34,-81],[48,-48]],[[7430,10204],[-27,-52],[-78,-47],[-27,11]],[[7298,10116],[-48,85],[-103,120],[-98,-57],[-2,83],[21,31],[-44,77],[125,24],[59,-82],[61,112],[64,24],[47,49]],[[11515,35877],[3,26],[-62,40],[-42,-4],[-36,38],[35,52],[-17,42],[23,66]],[[11419,36137],[88,38]],[[11507,36175],[87,-39],[12,-70],[-8,-54],[-41,-30],[66,-48],[4,-32]],[[11591,41620],[51,-51],[71,-28]],[[11713,41541],[-24,-63],[-54,-22],[-30,22],[-57,-2],[-18,-60],[21,-35],[-10,-57],[31,-24],[0,-64]],[[11572,41236],[-50,-33],[-15,45],[-102,26],[-82,-13],[-89,-41],[-8,-28],[-85,-12],[-40,24]],[[11101,41204],[-29,-13]],[[11072,41191],[-3,2]],[[11069,41193],[15,43],[-49,55],[-11,37],[41,23],[18,49],[-13,36],[18,62],[-46,35]],[[11042,41533],[31,49],[57,55],[6,50],[35,48],[19,77],[50,20]],[[11240,41832],[139,-78]],[[14323,43908],[-158,10],[-45,-91]],[[13947,43999],[28,84],[43,40]],[[14018,44123],[31,-3],[63,41]],[[14112,44161],[22,-73],[86,-77],[98,-18],[34,-45]],[[11318,44623],[82,-3]],[[11400,44620],[46,-60]],[[11446,44560],[-127,-34]],[[11319,44526],[4,18]],[[18505,28538],[-2,73],[44,30],[13,43]],[[18560,28684],[47,59]],[[18607,28743],[22,-145]],[[18629,28598],[14,-75]],[[12677,44427],[71,-10],[7,40],[39,31],[47,7],[14,-59],[72,2],[17,50],[49,20]],[[12993,44508],[-1,-38]],[[12992,44470],[15,-62],[-64,-36],[-5,-40],[-76,-59]],[[12862,44273],[-38,-65]],[[17368,45702],[5,-19],[-68,-60],[-84,-30],[-69,-62],[-64,23],[61,50],[65,18],[87,63],[67,17]],[[16714,46506],[230,12],[117,44],[93,56]],[[17154,46618],[-19,-149],[-16,-17],[-3,-105],[50,-58],[22,-94],[45,9],[82,-51],[33,-50]],[[17348,46103],[-62,-39],[-31,-70],[-48,-22],[-31,-117],[-56,-21],[-51,5],[-61,-16],[-129,-89]],[[12915,41904],[-117,-120],[-40,-55],[-124,-132],[-220,-267],[-27,-15]],[[12387,41315],[61,163],[-1,114],[-35,100],[-60,95]],[[12352,41787],[25,55],[119,9],[46,-7],[40,179],[-35,70],[66,42],[34,-36],[59,20]],[[12706,42119],[9,-44],[46,5],[36,34],[67,-21],[60,7]],[[15109,30458],[59,24],[137,0],[65,11],[64,135],[-17,75],[30,32],[21,83],[-6,59]],[[15462,30877],[12,13],[33,8],[100,-10],[82,59],[45,50],[78,23]],[[15812,31020],[121,-103],[125,-93]],[[16058,30824],[-58,-24],[-56,-115],[-103,-118],[-36,-69],[12,-50],[55,-55],[-41,-43],[-135,-93],[-59,35],[-19,33],[-86,-31],[-50,19],[-69,-21],[-116,-16]],[[17202,12037],[13,-62],[-25,-82],[71,-77],[26,0],[13,-68],[-58,-6],[-3,-101]],[[17239,11641],[-95,-19],[39,-88],[-1,-73],[-62,-79],[-73,-45],[-88,4],[88,-76],[0,-137]],[[17047,11128],[-39,-4],[-76,-37],[-36,-35],[-150,-57],[-130,-71]],[[16616,10924],[-9,54],[14,46],[-11,59],[-70,142],[-18,59],[22,43],[-39,90],[-86,76],[-1,85]],[[16418,11578],[51,9],[108,79],[38,48],[19,64],[-11,44],[-42,68],[1,127]],[[16582,12017],[68,-1],[286,31],[183,2],[83,-12]],[[18681,12404],[-96,-43],[-52,-45],[-28,-141],[-18,9],[-113,-52],[-67,5],[-43,29],[-99,13],[-27,-57]],[[18138,12122],[-127,41],[-38,54],[-23,109],[30,57],[8,160],[-44,2],[-117,56],[-163,160],[-69,74],[-1,32],[-87,14],[-53,-32],[-67,-3],[-40,16]],[[17347,12862],[79,76],[11,104],[58,42],[-29,97],[4,24],[-82,26],[-54,37],[-5,45],[46,52],[31,80],[-17,59]],[[17202,12037],[90,-3],[61,23],[143,2],[-31,71],[-37,1],[-12,99],[-36,147],[17,62],[-14,45],[-102,37],[5,43],[-37,34],[39,97],[-47,32],[74,117],[32,18]],[[18138,12122],[-25,-9],[6,-77],[-41,-52],[-73,-38],[-70,-70],[32,-40],[-53,-105],[-7,-55],[91,-82]],[[17998,11594],[-25,-135],[-56,-83],[-85,-14],[-134,43],[-117,6]],[[17581,11411],[-36,94],[-76,1],[-25,85],[-58,67],[-147,-17]],[[9186,47841],[-32,-42],[25,-31],[-7,-57],[41,-31],[-21,-39],[34,-33],[-31,-61],[-91,-49],[-43,-67],[-35,-3],[13,-67],[-56,-44],[-30,-54]],[[8953,47263],[-30,56],[-44,22],[-6,58],[-73,37],[-13,42],[24,32],[-9,60],[-66,-23],[-31,46],[24,61],[14,84],[-31,46],[23,134],[-77,-12],[-30,-35],[-48,21],[-15,54],[-72,20],[-70,43],[-41,2]],[[8382,48011],[-53,79],[-12,81],[4,82],[-25,31],[-15,90]],[[11572,41236],[63,-64],[42,-1],[29,37],[67,18],[43,-6],[1,-42]],[[11817,41178],[-109,-60],[-45,-52],[-13,-98]],[[11650,40968],[-61,0],[-43,-25],[-73,8],[-52,51],[-48,-49],[-50,31],[45,48],[-40,27],[7,36],[-177,5],[-10,45],[-47,59]],[[17999,26558],[-25,64],[-69,99],[-5,39],[38,61],[-37,57],[-1,46],[-47,20],[-25,43],[-61,34]],[[17767,27021],[81,36],[22,40],[76,65],[160,69],[86,26],[27,24],[75,6]],[[18294,27287],[120,-80],[181,10]],[[18595,27217],[64,-45],[35,-7],[4,-53]],[[18698,27112],[-76,-55],[-74,-95],[31,-56],[16,-77],[-19,-28],[-123,45],[-24,-33],[-50,29],[-48,-10],[-15,-42],[73,-53],[-7,-76],[-39,-54]],[[11843,45851],[-16,-106],[76,-50],[10,-51]],[[11913,45644],[-30,-44],[14,-126],[-24,-63],[-59,-24]],[[11814,45387],[-49,-14],[14,-56],[-46,-45],[-109,34],[-9,32]],[[11615,45338],[-48,95],[3,46],[-68,55],[-27,71]],[[11475,45605],[-35,40],[84,36],[-23,21],[22,51],[90,-3],[25,61],[-16,28]],[[11622,45839],[39,26],[38,93],[21,-51],[71,-50],[52,-6]],[[12715,49645],[-38,-23],[-70,17],[-57,77],[-68,1],[-70,-81],[29,-61],[-17,-42],[-51,-1],[-71,-29]],[[12302,49503],[-21,42],[60,32],[-8,42],[-63,67],[-53,6],[-54,-36],[1,126],[21,47],[73,64],[-76,136],[-69,25],[-73,-28],[-35,-31],[-44,20],[-23,-51],[-53,15],[-30,101]],[[11855,50080],[0,35],[56,35],[86,82],[-83,108],[30,50],[-43,41]],[[12452,50382],[38,-23],[32,30],[53,-21],[55,-72],[57,-24],[6,-60],[95,-53],[42,-35],[2,-35],[41,-60]],[[12873,50029],[-4,-53],[62,-137],[-11,-20],[13,-111],[83,-99],[16,-55]],[[13032,49554],[-21,-46],[33,-17]],[[13044,49491],[-11,-59],[-73,5],[-47,30],[-2,100],[-60,74]],[[10977,6499],[-109,-45],[-154,-81],[-188,-71]],[[10315,6911],[39,1],[-4,56],[54,34],[22,90]],[[10426,7092],[77,-101],[10,33],[141,10],[89,-105],[-47,-53],[35,-62],[30,-110],[95,61]],[[9701,44308],[14,35],[84,19]],[[9799,44362],[15,-108],[-25,-74],[98,-47],[15,-20],[-12,-84],[29,-66],[-27,-50],[-3,-73]],[[9889,43840],[1,-59]],[[11609,42386],[90,-45],[64,-90],[-9,-43]],[[11754,42208],[-38,57],[-98,-29],[-30,-76],[47,-8],[-3,-74],[46,-74],[88,1],[0,-32]],[[11766,41973],[4,-7]],[[11770,41966],[-22,-16],[-81,3],[-27,-44]],[[11640,41909],[-125,67],[-55,59]],[[11460,42035],[-26,45]],[[12101,13255],[63,12],[65,30]],[[18592,28342],[24,-49]],[[17373,28618],[9,66],[47,75],[58,42],[10,125],[45,17],[2,48]],[[17544,28991],[-23,33],[118,100],[27,-2],[46,-52],[81,-27],[42,16],[58,64],[81,-65],[66,-8],[65,-39],[19,15],[87,-12]],[[18211,29014],[9,-183],[23,-59],[32,-15],[12,-105],[51,-14],[-17,-49],[41,-47],[62,3]],[[20806,23755],[54,-37],[-11,-91],[-23,-28],[100,-62],[-28,-150],[77,-42],[-8,-56],[-30,-5],[45,-90],[25,2],[64,-64]],[[21071,23132],[12,-75],[-50,-38],[12,-29],[-8,-91],[33,-44],[-38,-38],[-17,-48],[-86,-19],[-30,-66]],[[20899,22684],[-74,9],[-45,-73],[-95,-16],[-38,-97],[-40,13],[-19,-73]],[[20588,22447],[-86,48],[-3,79],[-48,35],[5,64],[-36,38],[-18,194],[-22,59],[13,67],[-39,64],[-41,13],[-15,55]],[[10977,44735],[28,-109],[-25,-17],[14,-66]],[[10963,44409],[-78,72],[-32,-12],[-67,68],[31,76],[-81,82]],[[10736,44695],[-13,66],[54,4]],[[21242,23848],[-34,1],[-8,-67],[34,-98],[57,-126],[73,-136],[-21,-72],[39,-92]],[[21382,23258],[-56,-19],[-43,32],[-58,-86],[-49,-33],[-105,-20]],[[11367,44691],[33,-71]],[[11650,40968],[-1,-59],[-50,-135],[0,-140]],[[11599,40634],[-118,-31]],[[11481,40603],[-101,-14]],[[11380,40589],[-55,37],[-3,88],[-39,24],[-15,112],[-43,41],[-69,-8],[-36,49],[-51,18]],[[11069,40950],[19,71],[-26,60],[32,42],[-9,45]],[[11085,41168],[-13,23]],[[11456,44378],[-84,37],[-44,-19],[-74,20],[11,34],[-50,19],[4,32]],[[11219,44501],[100,25]],[[11446,44560],[54,-25]],[[11210,39030],[-12,-35],[-69,-24],[-24,-113],[-51,-5],[-49,-36],[-23,-114]],[[10982,38703],[-97,29],[-32,-5],[-33,58],[-49,5],[-2,35],[54,58],[-23,15],[-63,-42],[-43,14],[25,72],[-58,49],[59,37],[-27,29],[-38,92],[31,38],[60,34]],[[10746,39221],[33,-20],[37,-85],[51,-32],[62,-2],[88,39],[76,-77],[102,31],[15,-45]],[[30800,27473],[6,47],[59,59],[76,21],[25,-56],[-22,-48],[-57,-38],[-64,-9],[-23,24]],[[27660,27686],[-40,48],[76,5],[16,-48],[-52,-5]],[[31550,28466],[-6,50],[83,71],[255,60],[93,16],[42,-5],[46,-44],[-10,-66],[-99,-71],[-186,-32],[-156,-6],[-62,27]],[[29401,28608],[15,61],[78,21],[151,-16],[15,-49],[-10,-55],[-203,-33],[-52,6],[6,65]],[[28995,29232],[-190,-131],[-25,-57],[39,-29],[90,3],[139,60],[82,23],[119,-17],[-15,-60],[-66,14],[-65,-8],[-125,-60],[-112,-19],[-124,20],[-34,20],[-9,76],[92,91],[24,45],[36,5],[22,47],[55,31],[52,-9],[15,-45]],[[29332,29025],[-24,30],[142,69],[41,29],[8,46],[-35,32],[-66,20],[-180,35],[-97,-13],[-13,81],[84,7],[42,-21],[123,6],[101,-15],[46,-55],[67,-51],[6,-69],[-59,-86],[-29,0],[-157,-45]],[[31147,29323],[-15,39],[59,23],[75,-6],[-119,-56]],[[31593,29336],[-10,38],[132,55],[3,-39],[-36,-48],[-89,-6]],[[31638,29534],[-32,22],[94,40],[-5,-37],[-57,-25]],[[29989,29494],[18,90],[66,46],[135,13],[40,-24],[87,-19],[39,-43],[-70,-73],[-37,13],[-84,-15],[-160,-4],[-34,16]],[[31588,29598],[15,46],[73,16],[13,-34],[-101,-28]],[[32045,29741],[71,-5],[-10,-121],[-36,-19],[-34,74],[9,71]],[[31706,29782],[-1,33],[127,61],[-7,-43],[-81,-61],[-38,10]],[[28586,29900],[119,6],[16,-39],[-135,33]],[[28929,29853],[-34,27],[-53,-2],[-39,43],[-5,50],[152,-109],[-21,-9]],[[28946,29917],[-66,77],[40,9],[32,-53],[-6,-33]],[[31839,30008],[59,49],[27,-46],[-65,-40],[-21,37]],[[31757,30040],[-58,79],[60,3],[17,-39],[-19,-43]],[[29290,30222],[36,8],[92,-43],[17,-52],[-23,-46],[-18,-118],[-28,-53],[-52,-54],[-48,11],[80,104],[7,46],[-34,78],[-29,119]],[[29086,30235],[-34,-10],[-37,54],[42,45],[44,-5],[-15,-84]],[[29188,30240],[5,86],[36,-2],[-6,-74],[-35,-10]],[[32241,30410],[43,11],[15,-115],[-11,-67],[-35,13],[-17,129],[5,29]],[[32193,30519],[3,37],[143,-81],[-29,-16],[-68,48],[-49,12]],[[32239,30614],[63,0],[-27,-60],[-36,60]],[[32218,30674],[52,13],[19,-28],[71,-40],[2,-27],[-144,82]],[[30798,30969],[65,30],[112,-57],[-9,-72],[-52,-13],[-114,76],[-2,36]],[[31050,31060],[-27,-1],[-19,99],[61,80],[58,-12],[5,-37],[-34,-42],[-44,-87]],[[31184,31259],[63,-130],[-17,-27],[-47,112],[1,45]],[[30840,31279],[-55,-15],[-116,74],[22,43],[75,-44],[74,-58]],[[31131,31366],[-37,95],[51,4],[3,-61],[-17,-38]],[[30674,31525],[-26,44],[49,62],[46,23],[72,4],[25,-18],[74,7],[-18,-110],[-81,-14],[-28,-23],[-113,25]],[[28420,31892],[9,56],[57,51],[58,25],[21,-43],[-112,-108],[-33,19]],[[8111,49552],[-88,30],[-94,-38],[-53,-49],[-79,50],[-66,-7],[-149,83]],[[7582,49621],[-2,84],[-44,10],[-38,96],[5,72],[41,35],[-26,60],[-52,172],[36,19],[15,77],[-84,28],[-13,51],[-38,-11],[-30,45],[-61,17]],[[7291,50376],[66,101],[95,49],[65,-25],[20,-52],[40,14],[112,0],[52,-53],[95,30],[91,-12]],[[7927,50428],[21,-65],[59,-31],[85,42],[68,-27],[14,-69],[-29,-50],[25,-62],[-34,-36],[-74,-42],[22,-61],[42,-39],[-2,-37],[-58,-30],[-24,-45],[44,-99]],[[14525,44596],[31,38],[-13,31],[-69,-36],[-25,32],[-77,-1]],[[14372,44660],[30,70],[-59,64],[23,51],[-9,60],[40,66],[-40,74]],[[14357,45045],[-23,37],[1,78],[89,1],[18,-39],[58,19],[38,-10],[72,16],[61,-49],[101,180],[29,7]],[[13818,12073],[67,-6],[41,-63]],[[13926,12004],[-73,-43],[-59,14],[-56,-12],[-11,-33],[-63,-84],[25,-41],[-37,-53]],[[18937,28181],[155,-103],[41,-44]],[[19468,28366],[27,-46],[82,-28],[5,-63],[-33,-19],[-63,50],[-7,35],[-49,34],[38,37]],[[8162,10504],[49,-106],[118,-163],[13,-7],[449,-110],[7,-11],[238,-146]],[[9036,9961],[92,-56],[122,-112]],[[9250,9793],[-63,-80],[-113,-270]],[[9074,9443],[-38,-16],[-49,-101],[-17,-83],[-68,-35]],[[8902,9208],[-186,199],[-103,-3],[-130,-32],[-76,-2],[-81,75],[-60,112],[-97,137],[-96,84],[-138,45],[-98,-49]],[[7837,9774],[1,9],[140,293],[97,219]],[[13693,14685],[49,34],[66,1],[63,64],[255,62]],[[13105,13906],[25,134],[32,34],[76,-9],[36,22],[38,61],[-20,28],[3,83],[-54,33],[-14,82],[-28,57]],[[13199,14431],[36,50],[1,51],[94,32]],[[13705,44203],[11,-33],[106,-5],[64,-39]],[[13886,44126],[7,-37]],[[13893,44089],[-56,-10]],[[9887,7788],[22,-36],[46,9],[9,32],[128,-11],[67,-25],[26,32],[68,-35],[34,17],[99,15],[29,-31]],[[10415,7755],[26,-52],[-29,-386]],[[10412,7317],[-79,92],[-28,13],[-61,-59],[-26,44],[-126,46],[-46,-11],[-29,-55],[-298,-293],[-72,21]],[[9647,7115],[-101,37]],[[9546,7152],[49,109],[51,1],[-11,73],[9,109],[90,87],[9,72],[-8,63],[-87,82],[-28,51],[0,80],[26,40]],[[10797,36746],[5,6]],[[10802,36752],[25,-42],[39,5],[113,-77],[58,37],[50,-25]],[[16636,30029],[85,-36]],[[16721,29993],[4,-32],[61,-4],[-18,-61],[-36,-25],[8,-115],[-70,-7],[-29,54],[-48,1]],[[16593,29804],[-85,31],[-29,27],[32,43],[-38,40],[58,59],[-26,38],[88,27],[43,-40]],[[12529,42995],[-57,-16],[-80,32],[-37,-8]],[[12355,43003],[-24,88],[-37,56],[-69,22],[-24,42],[4,74],[-30,34]],[[12175,43319],[23,36],[-46,55],[100,43],[54,-45],[30,42],[49,-19]],[[12385,43431],[41,-27],[91,50],[52,48]],[[12569,43502],[8,-50],[58,-22],[22,-43],[43,-13],[13,-60],[55,-20]],[[10630,36742],[-8,72],[-39,11],[-54,70],[-81,10],[37,78],[47,-46],[71,-15],[-17,72],[-49,17],[18,37],[54,26],[-31,107],[-74,29],[-38,76],[-28,26]],[[10438,37312],[75,47],[12,83],[101,5],[-12,-78],[7,-66],[52,-95],[19,-5]],[[10692,37203],[27,-102],[-16,-27],[13,-68],[93,-42],[32,25],[66,-41]],[[10907,36948],[-56,-69],[3,-77],[-52,-50]],[[11912,43525],[60,18],[6,28],[72,-2]],[[12050,43569],[42,-48],[-10,-76],[-50,-101],[-12,-69]],[[12020,43275],[-72,51]],[[14348,30202],[-20,-62],[13,-24],[-25,-74],[-43,-70],[-109,-35],[15,-24],[-11,-87],[-27,-23],[-89,-2],[-5,49],[-52,-21],[-167,129],[13,98],[-54,59],[0,55],[38,50],[39,19],[-73,107],[-51,-7],[-18,34],[-49,17],[-75,-19],[14,72],[-74,52],[0,88],[-18,6],[-27,82],[0,551],[-39,20],[-24,49],[-36,10],[-9,66],[32,50],[64,1],[6,234]],[[13487,31652],[40,-36],[68,8],[6,-59],[63,-104],[70,7],[93,-16],[21,36],[57,28],[49,-50]],[[13954,31466],[-11,-36],[-52,-67],[17,-23]],[[11596,35168],[-39,-27],[-72,30],[-76,-76],[-59,4],[-97,-22],[-9,-74],[-21,-38],[-66,-2],[-34,-27],[-83,54],[-59,1],[-32,-41],[-2,-52],[-41,-40],[-193,-1]],[[10713,34857],[-29,-2],[-63,64],[-61,-9],[-38,17],[12,76],[-14,77],[-68,61],[-55,4],[-2,75],[-53,67],[-58,25],[29,51],[-39,129],[-146,50]],[[10128,35542],[51,187],[52,54],[14,74],[92,17],[61,-15],[27,-29],[46,44],[84,20],[84,82],[-27,26],[46,109],[34,38]],[[10998,35969],[-8,-30],[83,-44],[-30,-55],[121,-1],[13,-36],[63,-61],[74,-50],[-22,-50],[27,-49],[57,-35],[29,-50],[-31,-75]],[[10401,36474],[-114,-76],[2,-56],[-74,-68],[21,-33],[-17,-46],[-86,80],[-54,-11],[-58,53],[-24,-22],[-55,2],[-38,-46],[5,-44],[45,-29],[-30,-92],[-49,-13],[-61,32],[-52,-55],[-2,-38],[-41,-86],[-35,-36],[2,-57],[-26,-52],[-51,-26],[-75,-11]],[[9534,35744],[-46,92],[-84,36],[-96,56],[18,69],[-36,81],[19,48],[-37,19],[-45,-18],[-54,85],[-60,20],[-7,43],[-46,48],[12,94],[19,48],[-11,36],[16,117],[41,30],[20,141],[76,70],[84,-30]],[[9317,36829],[93,-22],[34,-31],[37,54],[67,43],[97,14],[32,-48],[77,-18],[26,-36],[67,-30],[113,-5],[63,36],[52,-11],[18,35],[109,30],[78,10]],[[10280,36850],[40,-37],[10,-49],[39,-75],[47,-28]],[[16389,29299],[82,41],[29,31],[-11,94],[61,9],[59,73],[72,4],[47,23],[-7,52],[-87,52],[-41,126]],[[16721,29993],[55,24],[83,-35],[-24,-44],[70,-77],[61,-37],[78,-3],[12,-37],[51,-30],[17,-46],[46,-35],[15,-55]],[[17185,29618],[-54,30],[-37,-19],[-70,-75],[-78,-204],[-96,-38],[32,-60],[39,-35]],[[16921,29217],[-25,-106],[-43,-32],[-55,-2],[-23,-37],[-121,-30],[-63,-56],[-131,-17]],[[15876,29561],[24,27],[2,68],[58,30],[30,45],[69,54],[131,161],[13,125],[17,74],[52,48]],[[16272,30193],[64,-65],[53,0],[21,28],[81,-27],[28,22],[81,-14],[41,85],[5,39],[-56,67],[22,52]],[[16612,30380],[126,-75],[38,-41]],[[16776,30264],[8,-67],[-95,9],[-65,-72],[12,-105]],[[13008,46978],[6,-135],[43,-46],[38,0]],[[13403,46280],[-45,-42],[44,-73],[-36,-42],[-47,-14],[-37,-110],[-67,-36]],[[13215,45963],[-129,0],[-42,-35],[33,-56],[-62,-12],[-55,-38],[-84,10]],[[12876,45832],[-78,43],[25,83],[-22,40],[-46,12],[-46,-28],[-35,28]],[[12674,46010],[4,116],[-34,19],[-100,-23],[-13,27],[-82,7],[-131,52],[8,115],[-10,91],[7,57],[48,29]],[[12371,46500],[39,52],[-19,83],[83,84]],[[11810,10805],[270,-28]],[[12080,10777],[26,-79]],[[12106,10698],[-21,-8],[1,-184],[34,-17],[-57,-135],[83,-116],[86,12],[9,43],[114,-1],[31,21]],[[11911,10051],[-70,57]],[[11143,10038],[-46,40],[-63,159],[-41,69],[-47,15]],[[10946,10321],[-41,50],[-46,27]],[[10859,10398],[-21,109],[-82,36],[-28,63],[24,64],[-21,40],[-47,13],[-45,-31],[-90,51],[-98,-15]],[[10438,10751],[28,44],[164,333],[23,54]],[[10653,11182],[37,74]],[[10690,11256],[78,-47],[53,-8],[41,-50],[20,-85],[81,-30],[30,-68],[-49,-255],[48,-26],[102,-19],[-5,-63],[173,-1],[-21,-322]],[[9779,11861],[12,-69],[-71,3],[-20,-60],[40,-8],[29,-38],[53,-128],[11,-50]],[[9833,11511],[10,-53],[46,-101]],[[9889,11357],[-41,-31],[-43,1]],[[9805,11327],[7,69],[-60,23],[-100,-20],[-56,21],[-4,29],[75,55],[-9,44],[-95,13]],[[9563,11561],[-26,25],[1,89],[-93,11],[-31,92],[-48,78],[-48,48],[-1,124]],[[9317,12028],[37,-2],[122,-60],[77,12],[226,-117]],[[17878,22154],[-64,-41],[-6,-95],[65,3],[19,-62],[-22,-80],[-73,-12],[1,-35],[-53,-40],[20,-66],[-36,-60],[-129,3],[-93,17],[-63,-4],[11,-59],[-16,-32]],[[16321,21514],[-58,46],[50,71],[5,87],[-42,8]],[[16276,21726],[34,40],[-3,61],[71,41],[55,64],[45,7],[-18,84],[61,-3],[35,48],[56,-25],[59,4],[35,32],[1,51],[48,58],[56,-28],[48,44],[21,55],[0,60],[23,111]],[[19248,20180],[-20,57],[-33,8],[-5,83],[40,109],[-38,45],[-64,22],[13,73],[-26,23],[2,87],[-90,37],[-51,-1],[-55,32],[-61,68],[-38,18],[-29,52]],[[18895,20941],[62,-10],[63,54],[67,13]],[[19087,20998],[54,-2],[114,-68],[90,-45],[-12,-26],[23,-68],[42,-51],[85,-5],[61,10],[30,33],[91,10],[27,-41],[162,-25],[32,3],[73,-71],[190,-31],[51,-65]],[[20115,20257],[-54,13],[-63,-35],[-21,-45],[-38,-10],[-28,-47],[-50,-20],[-67,-5],[-45,16],[-52,-18],[-4,-36],[-71,-76],[-87,-65]],[[19289,22204],[58,75],[-6,78],[-47,71],[-33,102],[-93,-4],[-54,-38],[-53,60],[-26,107],[-26,6],[-89,79]],[[18836,23248],[-16,48],[96,115],[4,40],[112,121],[70,110],[-42,18],[12,55],[-45,55]],[[19027,23810],[48,110],[86,-7],[43,-88],[69,-48],[180,-39],[92,39],[11,73],[46,35]],[[19883,23439],[-68,19],[-38,-15],[41,-135],[52,-123],[-33,-53],[31,-24],[40,-164],[42,-54],[-15,-68],[39,-49],[-10,-35],[34,-33],[-7,-51],[23,-45],[-13,-50],[-1,-93],[31,-67]],[[12030,8361],[-23,-8],[-59,40],[-35,-21],[-47,-60],[44,-59],[-38,-82],[-79,-16]],[[11326,8290],[4,38]],[[11330,8328],[32,133],[-20,6],[22,109],[34,96]],[[11489,8889],[78,-26],[122,-94],[62,-58]],[[20357,16050],[65,-20],[16,-44],[55,-2],[17,-68],[57,-20],[80,-48],[32,4],[93,-35],[39,47]],[[20169,16058],[-61,94],[36,87],[-68,87],[19,33],[-18,172],[-62,24]],[[20015,16555],[13,23],[-20,82],[29,45],[-3,86],[-52,116],[89,115],[9,43]],[[20080,17065],[44,30],[58,-20],[44,15],[7,49],[84,25],[39,-18],[25,-61],[30,12],[167,-101],[44,85],[-58,47],[38,36]],[[20602,17164],[10,-23],[77,-32],[51,-3],[84,-83],[6,-69],[77,-41],[94,-99],[27,36],[36,-13],[65,8],[66,-51]],[[11922,43934],[-77,-40],[6,-111],[-20,-13],[-125,7]],[[11706,43777],[-14,59],[-94,25],[-27,20]],[[11571,43881],[-39,93],[18,70],[51,30],[-6,72],[-51,33]],[[11544,44179],[108,66],[48,-6]],[[11700,44239],[-7,-86],[47,-36],[87,11],[59,-89],[38,-14]],[[13818,44049],[59,-87]],[[13818,43848],[-43,-37],[-29,45],[-40,-32]],[[6781,8096],[8,-101],[-42,22],[-5,58],[39,21]],[[7637,8514],[55,-11],[-21,-71],[-40,-9],[-71,26],[17,34],[60,31]],[[7837,9774],[-53,-43],[-88,-112],[-55,-91],[-17,22],[-100,23],[25,37],[-39,65],[-31,91],[16,11],[-17,98],[-64,110],[-29,29],[-67,7],[-21,39],[1,56]],[[14051,43580],[-83,-65]],[[13968,43515],[-45,50],[-43,11],[-47,-23],[-75,59],[-70,-12],[-42,68]],[[11822,11864],[-22,-22],[19,-50],[-110,0],[-41,-76],[-37,-116],[86,-81],[-46,-57],[-67,-25]],[[11604,11437],[-74,14],[-31,-81],[-27,10],[-15,-72],[-84,0],[-121,42]],[[11252,11350],[-6,91]],[[11246,11441],[107,164],[61,35],[31,68],[-21,30],[63,44],[13,28]],[[11500,11810],[78,-13],[9,77],[81,64],[-37,84],[79,-39],[112,-119]],[[13139,42922],[41,-27],[46,54],[44,-42],[-7,-70],[16,-52]],[[13279,42785],[-18,-88],[-37,-36],[33,-53],[-28,-170],[40,-57],[-8,-55],[50,-20]],[[13131,42294],[-78,104],[-76,42]],[[12977,42440],[-63,82],[-16,44],[1,72],[31,31],[-13,40]],[[12917,42709],[102,11],[-42,128],[17,50]],[[11559,43158],[-56,2],[-40,-89],[16,-41],[-29,-45]],[[11450,42985],[-58,-14],[-9,-56],[-31,-45]],[[11352,42870],[-43,7],[-131,102],[-35,87],[-47,86]],[[11096,43152],[83,8],[17,82],[32,36],[4,44]],[[11232,43322],[6,52],[51,32],[-11,63],[92,-61],[63,-6],[39,17]],[[9889,43840],[51,30],[12,50],[38,2],[69,78]],[[10059,44000],[49,-65],[95,-2],[6,-63],[124,51],[46,-22],[52,0],[7,-38],[53,-24],[-10,-87],[42,-17],[-1,-47],[51,-61],[21,-77],[28,-33],[-21,-48],[73,-125]],[[10674,43342],[-49,-33],[29,-59],[61,15],[64,-44],[29,-61],[34,-29],[-33,-91],[-48,50],[-46,-66],[-99,-9]],[[10616,43015],[-91,36],[-65,50]],[[10460,43101],[-33,34],[-80,41],[-4,41],[-54,66],[52,57],[-78,16],[-24,27],[-54,-17],[-15,-30],[-84,-8],[-31,-40],[-75,2]],[[12105,43674],[-60,-18],[5,-87]],[[11814,43600],[-91,-13],[-27,79],[16,30],[-6,81]],[[12302,41728],[-53,-103],[-6,-67],[-27,-39],[-60,-40],[-9,-87],[-50,-157],[21,-107],[-8,-54]],[[12110,41074],[-98,-13],[-127,125]],[[11885,41186],[-7,84],[31,59],[60,20],[60,146],[-4,49],[-122,-19]],[[11903,41525],[-10,35],[37,33],[15,72],[53,79]],[[11998,41744],[35,26],[124,51],[28,-54],[49,66],[68,-105]],[[13287,44126],[-23,27],[23,65],[-25,51],[33,91],[-37,32],[-156,26],[-44,55],[-66,-3]],[[12993,44508],[77,39]],[[13070,44547],[127,-8],[72,-18],[43,-42],[49,22],[116,-116]],[[13070,44547],[-8,75]],[[13677,44621],[-147,-31],[-27,-40],[37,-62],[56,-19],[20,-87]],[[19027,23810],[-200,-34],[-91,46],[-47,7],[-63,-42],[-53,34],[44,56],[4,43],[43,29],[-9,56],[16,66],[-38,115],[15,73],[-28,94],[-39,36],[-95,29],[-53,-28],[-55,17],[-67,44]],[[18359,24545],[-9,28],[18,80],[-14,51],[0,98],[-42,37],[44,66],[40,3],[12,57],[-97,115]],[[18311,25080],[74,8],[31,54],[-31,138],[-9,76],[42,46],[72,-12],[76,-61],[52,-25],[43,4]],[[18661,25308],[33,-15],[12,-65],[90,-132],[88,-61],[27,-106],[53,-17],[79,-85],[38,-116],[80,-78]],[[19161,24633],[81,-15],[86,-85],[112,33]],[[18179,23062],[12,22],[3,95],[-29,64],[16,41],[-5,67]],[[17469,22874],[21,79],[-18,39],[70,77],[29,72],[-28,40],[-9,64],[-30,20],[21,87],[35,41]],[[20364,21411],[17,-49],[46,-12],[35,-36],[-10,-55],[29,-58]],[[20481,21201],[-4,-162],[-58,-37],[24,-69],[-5,-49],[29,-90],[38,-67],[33,-111],[-7,-22]],[[19087,20998],[-2,49],[-55,98],[-28,111],[28,13],[34,131],[-21,94],[24,11],[-18,150],[32,89],[55,81],[29,2],[39,60]],[[18472,17119],[6,-29]],[[18478,17090],[-32,-62],[6,-31],[-28,-72],[-82,9],[-24,-48],[-41,-17],[-52,42],[-68,14],[-72,-14],[-9,-31],[-89,-1],[-24,-41],[-101,-25],[-86,11],[-34,56],[-48,0]],[[17694,16880],[40,47],[56,34],[35,-17],[57,31],[51,98],[-64,62],[-15,37],[-99,65],[-100,-5],[-74,62],[17,21]],[[18803,17554],[71,4],[101,-17],[48,-47],[-13,-42],[62,-5],[-10,-55],[24,-49],[47,-27],[48,3],[22,-46],[98,25],[7,83],[62,69],[52,15]],[[19996,17529],[111,-148],[47,-165],[-74,-151]],[[20015,16555],[-58,-59],[-115,-24],[-89,-45],[-48,40],[-124,25],[-6,-44],[-86,-18],[-33,25],[-21,66],[-26,14]],[[19409,16535],[56,48],[-84,101],[-21,66],[-40,51],[-69,53],[-62,-21],[-69,18],[-27,37],[-100,14],[-8,26],[-76,23],[-64,-25],[-2,52],[-60,22],[-29,34],[-124,35],[-37,-6],[-115,27]],[[18781,19160],[17,-39],[-30,-138],[76,-77],[-3,-48],[-40,-55],[-22,-61],[54,-73],[-21,-21],[-10,-64],[45,-50]],[[19352,19239],[-25,-67],[110,-71],[21,-68],[66,-68],[-31,-55],[4,-37]],[[17694,16880],[-33,-54],[49,-62],[19,-48],[2,-80],[55,-73],[55,-25],[9,-43],[74,24],[51,-6],[15,-39],[63,-5],[33,-74],[48,-1],[57,-86],[0,-43],[33,-50]],[[20399,20052],[-9,-31],[18,-117],[91,-97],[63,-122],[39,-21],[-15,-59],[7,-50],[-21,-65],[-43,-30],[-1,-120],[-88,-73],[-72,-15],[-33,-35],[-68,-17],[-27,-107]],[[20240,19093],[-15,-49],[19,-178],[-128,-49],[-65,-3],[-35,-60]],[[12269,35746],[28,-2],[76,-47],[152,-119],[54,-9],[158,-179],[157,-144],[99,-43],[41,-3],[30,70],[67,-12],[-38,-46],[53,-164],[58,-116],[50,-59],[60,-99],[54,-22]],[[13368,34752],[-126,-12],[-58,-22],[-20,63],[-103,12],[-33,28],[-182,33],[-47,-92],[-58,-1],[-66,-90],[21,-43],[-21,-42]],[[12675,34586],[-63,18],[-70,52],[-153,-23],[-54,-26],[-130,19],[-37,22],[-127,18],[-97,42],[6,56],[73,102],[-33,59],[-52,36],[-72,2],[-12,29]],[[9949,44599],[-1,-37],[75,-17],[12,-44],[37,-22],[31,-67],[54,-31]],[[10157,44381],[-19,-113],[-53,-142],[6,-26],[-44,-44],[12,-56]],[[9799,44362],[-44,155],[-36,70]],[[9719,44587],[-4,5]],[[7054,40235],[-27,-2],[-89,-137],[-55,-14],[0,-96],[37,-11],[71,-71],[-10,-47],[-73,-33],[-13,-69],[109,-36],[40,-120],[37,-40],[-34,-43],[-21,-147],[-53,-52],[-59,-24],[-20,37],[-47,-35],[-65,45],[-23,-148],[-73,-50],[-25,-59],[-60,-21],[-41,-44],[-41,-120],[-26,0],[11,-91],[78,-35],[97,-63],[24,-46],[-37,-80],[-57,-61],[-11,-53]],[[6598,38469],[-83,28],[-73,-30],[-78,13],[-32,43],[35,69],[-22,30],[-50,3],[-65,117],[-85,5],[-75,19],[-54,59],[-53,19],[-69,61],[-213,-50],[-33,30],[-66,18],[-133,122],[-26,58],[-62,20],[-64,-6],[1,41],[56,37],[46,0],[68,42],[87,78],[-10,45],[62,50],[58,26],[49,-10],[31,44],[83,30],[67,-33],[12,107],[49,127],[56,4],[37,45],[-57,59],[15,35],[-4,118],[-64,42],[-79,120],[23,53],[-30,52],[52,94],[33,-33],[67,-31],[78,-3],[58,20],[24,96],[105,-6],[46,25],[77,13],[160,-42],[56,9],[40,-26],[15,-66],[52,31],[36,45],[113,22],[113,8],[-6,-70],[72,-19],[10,-41]],[[17581,11411],[-124,-52],[-40,5],[-67,-43],[-101,-122],[-69,-44],[-83,-30],[-50,3]],[[18957,15475],[-15,35],[45,45],[-33,47]],[[18965,16271],[-11,62],[65,25],[41,-2],[55,-43],[78,9],[81,49],[19,45],[43,10],[37,40],[36,69]],[[9561,42797],[42,-13],[61,44],[23,41],[-11,45],[17,77],[38,8],[70,-51],[50,35],[46,102],[16,68],[39,27],[-35,36],[5,36]],[[10460,43101],[-41,-28],[-21,-69],[20,-42],[47,-14],[46,-75],[-33,-34],[-51,1],[-8,-79],[49,-32],[-66,-160],[26,-48],[-23,-24]],[[10405,42497],[-36,31],[-27,-38],[-50,0],[-89,49],[-50,-1],[-79,33],[-77,-38]],[[11256,42687],[-40,27],[-43,58],[-129,-28],[17,-70],[-15,-34],[24,-90],[-90,24],[4,41],[-39,29],[-66,13]],[[10879,42657],[8,64],[-52,19],[-40,67],[6,50],[32,31],[-19,88],[-45,-14],[-34,-37],[-53,-15],[-66,42],[0,63]],[[10674,43342],[82,-30],[27,6]],[[10783,43318],[62,-3],[45,17],[22,-73],[106,1],[67,-74],[11,-34]],[[11352,42870],[6,-144],[10,-22]],[[3925,49146],[77,-53],[69,-26],[76,43],[58,-63],[2,-87],[22,-35],[-124,-44],[-22,88],[-77,62],[-82,8],[-28,-95]],[[3896,48944],[-44,48],[-72,49],[-75,130]],[[3705,49171],[85,-46],[105,26],[30,-5]],[[10834,9521],[-68,46],[-39,58],[-71,64]],[[10656,9689],[-17,65],[-50,94],[-137,141]],[[10452,9989],[56,110],[78,21],[149,-56],[33,-5],[76,42],[-18,32],[73,98]],[[10899,10231],[42,-42],[14,-145],[-12,-101]],[[9718,49725],[51,-20],[111,-210],[20,-50],[36,-9],[38,-59],[-43,-34],[-21,-55],[13,-44],[-14,-57],[9,-123],[-123,63],[-99,-69],[-10,54],[-114,60],[2,-74],[-39,-42]],[[9076,49355],[58,149],[-42,127],[59,45],[-19,51],[100,56],[-89,152],[42,72]],[[9834,45392],[-47,-42],[-62,-2],[-175,115],[-13,25],[41,56],[9,85],[-77,153]],[[9510,45782],[63,9],[36,73]],[[9609,45864],[84,-34],[25,-40]],[[9718,45790],[-35,-50],[24,-55],[-48,-12],[-20,-42],[78,-64],[101,-12],[16,-62]],[[9502,42002],[94,-99],[22,-48],[-11,-83],[-28,-67],[37,-65],[-30,-142],[28,-51],[-4,-55],[-34,-41]],[[9576,41351],[-59,-9],[-84,50],[-84,-36],[-101,21],[8,43],[-8,103],[-43,22],[-12,64],[-26,19],[-13,61],[-31,23],[-34,-43],[-55,-8],[-11,-58],[-71,-13],[-42,-27],[-125,41],[-61,31]],[[8724,41635],[-63,11]],[[8661,41646],[30,103],[44,77],[33,27],[24,93],[-27,102],[1,60],[93,13],[10,29],[-65,52],[35,79],[84,-77],[74,0]],[[12363,45589],[35,78],[-23,90],[-57,71],[5,59],[23,24]],[[12346,45911],[65,34],[-6,29],[54,43],[74,4],[98,-26],[43,15]],[[12876,45832],[-67,-67],[-53,-13],[15,-85],[-73,-72],[21,-70],[56,0],[12,-36],[-60,-16]],[[12727,45473],[-37,2],[-100,-35]],[[13986,47242],[9,41],[-41,74]],[[5761,48853],[-113,33],[-51,-19],[-73,-70],[-58,-18],[-100,61],[3,61],[74,83],[32,102]],[[5494,49473],[77,-66],[47,6],[36,40],[46,-8]],[[10266,46246],[-30,-74],[47,-40],[39,-3],[17,-53],[48,-71],[-10,-19]],[[10377,45986],[-37,-43],[17,-95],[-37,-146],[-31,-58]],[[10289,45644],[-51,-12],[-35,-93],[-34,-32],[-46,12]],[[10123,45519],[18,32],[-37,56]],[[10104,45607],[13,52],[-12,88],[30,83],[-27,54],[6,45],[-40,16],[-26,73],[19,60],[-27,79]],[[10040,46157],[21,28],[77,15],[52,29],[45,-7],[31,24]],[[10501,10473],[17,-32],[95,-33],[120,11],[126,-21]],[[10946,10321],[-47,-90]],[[10452,9989],[-50,44],[-93,53],[-49,51]],[[10260,10137],[-24,30]],[[13893,44089],[27,-31],[16,-61]],[[13487,31652],[-38,-17],[-19,-46],[-48,-24],[-57,31],[-76,8],[-33,55],[-65,-18],[-38,41],[-12,79],[-65,68],[42,82]],[[13078,31911],[52,-26],[43,28],[46,-2],[93,39],[16,92],[85,-4],[26,77],[125,44],[51,-12],[17,87],[52,87],[-7,107],[77,44],[49,-20],[69,2],[71,98],[43,10],[24,91],[56,65],[41,-21],[56,-66],[59,-29],[34,51]],[[14256,32653],[183,-152],[410,-321]],[[14849,32180],[-119,-120],[-6,-16],[-123,-58],[-116,-79],[-51,-9],[18,-65],[-38,-50],[-54,-17],[-58,18],[-37,-61],[17,-59],[-13,-31],[-62,-19],[-31,-106],[12,-76],[-62,-5],[-44,-23],[-63,28],[-22,37],[-43,-3]],[[18211,29014],[25,21],[78,-11],[95,72],[47,-8],[68,22]],[[18524,29110],[-119,-64],[-6,-58],[-53,-47],[-31,-49],[-2,-62],[75,-99],[57,-39]],[[18445,28692],[27,-62]],[[14943,47341],[46,-32],[-57,-88],[11,-24],[112,-34],[72,0],[18,-32],[68,-22],[64,-57],[18,-40],[139,-53],[20,-34]],[[14530,46130],[-67,26],[-68,-9],[-21,39]],[[14374,46186],[62,51],[12,43],[-39,19],[-21,58],[-67,10],[-48,-11],[-57,41],[-50,0]],[[11238,36628],[79,9],[37,-63],[44,14]],[[11398,36588],[177,-252]],[[11575,36336],[-39,-35],[13,-76],[-42,-50]],[[11419,36137],[20,29],[-51,36],[9,42],[-36,32],[-90,-11],[-12,26]],[[13199,14431],[-13,48]],[[13186,14479],[4,58],[-45,51],[-47,104],[-18,115],[54,115],[40,53],[-28,45],[0,45],[26,46],[62,3],[-165,343],[66,-8],[31,46],[39,7],[42,-49],[69,-16],[53,38],[42,-1],[18,-35],[348,21],[36,46],[53,-38]],[[11343,44726],[-22,90]],[[15652,10314],[-52,-5],[-74,85],[-126,-11]],[[15400,10383],[33,46],[60,8],[19,63],[-34,15],[-72,64]],[[11907,9917],[-10,-53],[-30,-46],[-61,-11],[40,-91],[36,-8],[-8,-92],[33,-57]],[[11907,9559],[-28,-29],[-56,-13],[-27,47],[-38,8],[-71,49],[-36,-73],[-65,-6],[-105,39],[-73,6]],[[11546,9795],[35,72],[53,-9],[29,-57],[74,35],[38,-12],[20,113],[-85,-17],[-45,15],[-83,70]],[[15354,11976],[21,37],[35,144],[68,106],[25,-35],[44,0],[0,120],[100,26],[13,44]],[[15669,12390],[6,-58],[50,-35],[136,-13],[-27,-75],[-34,-48],[-15,-140],[-55,-3],[-73,31],[-46,-66],[56,-113]],[[9780,8059],[80,19],[58,-4],[38,53],[79,-22],[89,54]],[[10124,8159],[48,-75],[32,35],[104,59],[32,45],[42,-36],[15,-44],[51,30],[30,49],[27,82],[45,62]],[[10550,8366],[13,-78],[45,1],[30,-81],[162,-80],[49,-143],[22,0]],[[10871,7985],[-78,-79]],[[10793,7906],[-61,4],[-8,-29],[-65,-29],[-60,4],[-41,-36],[-51,27],[-54,-36],[-38,-56]],[[12371,7729],[-91,-7],[-65,-74],[-66,-14],[-118,51],[-55,65],[-72,2],[-54,-16]],[[11850,7736],[29,80],[54,85],[-68,9],[11,54],[-69,21],[-54,-4]],[[14796,11898],[29,-40],[36,27],[140,-4],[49,-54]],[[15050,11827],[66,-2]],[[15298,11374],[-19,-79],[-99,-71],[-15,-35],[-151,18],[-102,-45]],[[14912,11162],[6,53],[-74,27],[-18,44],[-36,25],[10,36],[-65,122],[3,40],[-49,67],[-52,15],[-79,2],[-29,27],[-56,-25]],[[14473,11595],[-22,38],[53,62],[-29,54]],[[10260,10137],[-49,-41]],[[10211,10096],[-161,-30]],[[10050,10066],[-28,67],[-93,131],[-37,-1]],[[12799,45172],[33,12],[-26,62],[2,53],[-61,70],[-20,104]],[[13215,45963],[1,-86],[46,-41],[10,-46],[-33,-33],[8,-38],[44,-42],[-29,-32],[-72,5],[-25,-43],[31,-43],[43,-5],[14,52],[66,-36],[41,3],[4,-52],[50,-7],[50,34],[42,-71],[70,-21],[37,15],[25,-45],[47,-24],[93,42],[108,2],[35,-34]],[[13921,45417],[-28,-81],[19,-52],[-45,-142],[12,-39]],[[14374,46186],[-82,-5],[-55,-53],[-54,-118],[14,-86],[-20,-33],[16,-52],[-26,-60],[-68,-56],[-8,-41],[68,-40],[7,-36],[-46,-17],[19,-68],[-82,-41],[-4,-38],[-132,-25]],[[8382,48011],[-26,-36],[13,-46],[-49,-37],[24,-55],[-5,-60],[19,-60],[-31,-24],[12,-41],[-59,-39],[-37,-56],[-47,96],[-35,-16],[-33,33],[-150,-56],[0,-31]],[[7978,47583],[-27,-19],[-79,3],[-22,38],[-137,146],[-40,24],[-48,60],[-132,86],[-31,65],[-58,69]],[[7480,48581],[-5,47],[69,89],[63,-14],[41,-33],[85,-1],[21,-38],[84,-3],[55,-21],[23,-103],[-17,-55]],[[10728,43884],[4,-102],[36,-120],[62,-81],[-14,-108],[24,-103],[-50,-12],[-7,-40]],[[10157,44381],[56,4]],[[10213,44385],[26,-40],[82,-44],[54,30],[149,-9],[-8,-40]],[[12227,44557],[17,77]],[[12760,44742],[-55,-62],[2,-61],[-63,-52],[-4,-40]],[[12020,43275],[104,46],[51,-2]],[[12355,43003],[-4,-73],[15,-38]],[[12366,42892],[-34,-37],[-76,-15],[-25,34],[4,50]],[[21341,26471],[65,-11],[-33,-56],[-77,16],[-3,45],[48,6]],[[9032,43160],[-24,30],[-101,-22],[-2,-30],[-90,-6],[-58,50],[-74,6],[13,41],[-66,59],[0,49],[-40,65],[-52,18],[-91,64],[-41,7],[-69,-30],[-44,9],[-20,-38]],[[8273,43432],[-29,25],[14,83],[24,56],[-32,40],[-6,61],[18,57],[51,5],[46,45],[151,-77],[92,-13],[59,-42],[81,4],[42,42],[-69,45],[106,152],[-72,38],[14,100],[-46,96]],[[9097,43756],[56,-65],[-41,-53],[-28,-71],[60,-61],[17,-50],[71,-85],[-69,-51],[-11,-57],[-46,-50],[2,-69]],[[6380,45152],[-86,-99],[20,-37],[-27,-54],[28,-53],[8,-110],[-24,-30],[-64,-26],[-78,-136],[-57,-1],[-58,-42],[25,-23],[-17,-82]],[[6050,44459],[-45,18],[-40,-41],[-65,-18]],[[5900,44418],[-126,128],[-46,6],[-37,87],[-50,-35],[-68,-20],[14,106],[-56,24],[-76,-38],[-60,41],[-23,-29],[-84,52],[-72,9],[-31,32],[-82,5],[-104,117],[-19,56],[-42,27],[-14,45],[-67,64],[-101,56],[1,30],[61,45],[11,60],[37,22],[43,68]],[[4909,45376],[11,-57],[49,-25],[33,-66],[53,12],[65,-42],[14,82],[-16,88],[62,69]],[[5180,45437],[55,-12],[83,-84],[58,12],[52,44],[8,33],[80,19],[103,-50],[34,-31],[37,20],[33,-36],[50,34],[-71,79],[13,57],[-34,17],[-23,80],[43,27],[-12,49]],[[5689,45695],[49,31],[82,28],[42,-23],[97,-132],[140,-21],[-24,52],[37,61],[99,28]],[[12349,9655],[-71,-64],[-74,25],[-26,37],[-58,-40],[-8,-131],[-60,-54]],[[12052,9428],[-145,131]],[[20103,18576],[71,31],[57,-26],[57,-90],[9,-55],[29,-20],[24,-73],[72,14],[17,-25],[94,-47],[4,-67],[52,-51],[82,-4],[41,-17],[79,3],[28,-16],[82,34],[3,-83],[43,-23],[15,-89],[-21,-40],[29,-71],[3,-47]],[[20973,17814],[-11,-53],[-32,-28],[-53,8],[-58,31],[-126,-73],[40,-35],[-7,-64],[-50,-53],[-59,5],[-44,-63],[5,-37],[94,-66],[-5,-77],[-36,-28],[-24,-50],[-5,-67]],[[10852,45308],[27,-51],[67,14],[48,33]],[[10994,45304],[70,-32],[41,-57],[57,-48]],[[10662,45118],[-13,83],[40,50]],[[9895,50965],[-14,40],[40,43],[-52,69],[-56,5],[-50,43],[-2,70],[-32,134],[-49,8]],[[9910,52010],[21,10],[73,-92],[56,48],[47,-25],[22,-59],[119,-133],[0,-42],[30,-68],[62,-30],[65,3],[32,-20],[50,-82],[38,-8],[29,-50],[-76,-79]],[[11708,33283],[-326,396],[-54,0],[-46,74],[-116,65],[-71,12],[-53,-18],[-22,167],[-42,5],[1,74],[-34,38],[-55,17],[-76,132],[24,54],[-2,45],[-31,42],[-72,48],[-41,3],[-87,47],[2,65],[44,86],[1,58],[58,67]],[[10710,34760],[12,-23],[99,-36],[3,-49],[69,-26],[28,-35],[109,-17],[50,-45],[60,22],[33,70],[54,7],[93,-50],[26,30],[-33,81],[114,55],[20,-52],[119,-34],[25,-32],[-12,-40],[56,-45],[109,8],[65,-104],[66,-51],[1,-62],[66,-52],[121,-33],[73,-38],[-26,-70],[44,-67],[3,-87]],[[19779,24721],[-42,57],[10,55],[-56,70],[81,47],[38,49],[-17,79],[33,23],[45,74],[64,30],[-35,88]],[[19900,25293],[34,-22],[118,81]],[[20052,25352],[91,-111],[65,8],[24,-47],[42,-29],[-59,-61],[32,-24],[-24,-39],[-72,-63],[7,-49],[-40,-93]],[[12912,9656],[-25,-30],[-60,-6],[-31,-50],[-72,-51],[-73,-198]],[[12651,9321],[-177,250]],[[12692,9249],[-41,72]],[[13154,9317],[-70,-68],[11,-73],[-18,-71],[30,-55],[-78,-70]],[[12962,9020],[-72,72],[-106,51]],[[20441,24831],[-83,83],[0,100],[95,72],[50,-19],[40,84],[-32,17],[-25,67],[30,38]],[[20516,25273],[17,54],[69,29],[50,61],[-8,31],[46,55]],[[20690,25503],[54,-240],[50,-155],[61,-160]],[[7437,44723],[35,-24],[31,31],[43,-41],[114,-43],[26,42],[65,-34],[87,53],[34,72],[48,-46],[107,-36]],[[8027,44697],[-9,-57],[36,-42],[51,-93],[14,-63],[-36,-71],[90,-18],[7,-69],[-31,-46],[45,-45],[-16,-77],[-113,-4],[13,-58],[-52,-31],[-9,-71],[-41,-1],[-64,-30],[-155,8],[-23,-26],[93,-89],[-53,-1],[-46,-62],[-28,-9],[-3,-77],[-33,-61],[-2,-91],[-28,-20]],[[7634,43493],[-95,-4],[-64,34],[-7,62],[-56,51],[-40,11],[-50,-23],[-35,-43],[-91,60],[-33,158],[-39,39],[-37,-2],[-30,62],[-96,1]],[[6961,43899],[46,48],[-30,48],[41,99],[4,56],[71,34],[69,91],[40,32],[34,58],[-25,91],[44,11],[24,35],[40,-15],[40,67],[-21,18]],[[11822,11864],[37,-34],[166,-122],[73,-14],[66,2]],[[12164,11696],[-4,-78],[-41,-227],[-44,-4],[-149,-80],[22,-87],[-8,-24]],[[11940,11196],[-104,19],[-271,98],[39,124]],[[17911,45836],[-15,-26],[-97,-63],[-42,-47],[-53,21],[-52,-17],[-79,3],[-85,-25],[23,99],[144,5],[146,43],[110,7]],[[17154,46618],[99,26],[26,25],[56,9],[63,-18],[46,-37],[34,29],[55,-11],[66,-134],[-6,-25],[102,-43],[57,-48],[29,-98],[47,-11],[37,28],[80,12],[120,-19],[-29,-56],[13,-71],[-34,-55],[-118,-103],[-38,-58],[-64,31],[-25,-51],[25,-43],[-14,-49],[-97,7],[-50,74],[-60,37],[30,84],[110,58],[-97,87],[-52,-44],[-13,-48],[-51,28],[-20,48],[-44,-85],[-89,9]],[[6765,47374],[-33,-145],[108,-51],[41,-59],[64,-8],[11,-62],[-81,-20]],[[6875,47029],[-84,24],[-99,62],[-55,-15],[-7,41],[-97,10],[-31,-35],[48,-49],[18,-87],[29,-1],[3,-78],[-16,-61],[44,-83],[114,-54]],[[6742,46703],[-23,-44]],[[6719,46659],[-72,10],[-57,-11],[-26,28],[-85,6],[-19,23],[-106,7],[-81,-81],[-111,25],[-95,-10],[-35,-18],[-84,-11],[-30,24],[-87,22],[-49,42],[-33,-7],[-80,23],[-104,-19],[-75,-1],[2,69],[-45,27]],[[5447,46807],[-38,53],[13,79],[84,10],[64,41],[14,44],[-50,60],[3,30],[-60,75],[-46,25],[4,31],[-92,88],[0,113],[14,66],[39,2],[40,34],[71,-46],[54,57],[32,76],[44,25]],[[5637,47670],[32,-40],[-17,-45],[61,-71],[98,-6],[83,-34],[43,0],[32,33],[102,-31],[40,-33],[169,-28],[55,12],[54,35],[0,68],[-65,55],[40,25],[102,-53],[85,27],[29,-41],[99,-29],[14,-63],[72,-77]],[[2941,46530],[106,60]],[[3047,46590],[62,-48],[41,21],[77,-5],[51,12],[142,-19],[72,-34],[10,-54],[75,-76],[41,-17],[53,-94],[48,-45],[-31,-39],[13,-66],[30,-49],[57,24],[89,-2],[5,-166]],[[3882,45933],[-61,28],[-53,-30],[-93,7],[-43,-47]],[[2598,46458],[-24,49],[16,52],[-31,92],[21,33],[10,74],[-36,39],[32,31],[-1,48],[-44,78]],[[2541,46954],[28,109],[7,130],[27,46],[20,92],[5,81],[46,30],[-20,49],[49,38],[-50,67],[-16,46],[-3,85],[-39,117],[-21,20]],[[2574,47864],[41,72],[76,20],[69,-24]],[[2760,47932],[141,-86],[32,-42],[-7,-44],[50,-46],[158,-70],[13,19],[-7,155],[22,-1],[8,166],[36,19]],[[3206,48002],[63,-1],[98,-66],[106,-34],[29,7]],[[3502,47908],[-14,-36],[-66,-45],[15,-47],[-28,-69],[18,-109],[-40,-37],[71,-69],[55,-94],[-6,-83],[44,-129],[-2,-39]],[[3549,47151],[-41,-28],[-84,-91],[-69,-60],[-13,-79],[-59,-43],[-56,22],[-97,-13],[-12,-64],[-40,-42],[20,-50],[-13,-86],[-38,-27]],[[5720,49583],[5,104],[39,75],[14,87],[-30,93],[55,149],[-1,19],[82,108],[68,42],[20,61],[61,73],[80,-18],[71,50],[61,16],[111,7],[72,49],[38,3],[56,-28],[-59,-189],[44,-78],[1,-38]],[[6508,50168],[-45,-25],[-53,-93],[-40,28],[-8,48],[-83,31],[-51,-60],[-10,-119],[24,-28],[-6,-50],[35,-91],[-4,-47],[50,-97]],[[5689,45695],[-45,31],[-48,124],[-43,5],[-78,67]],[[5475,45922],[77,133],[34,-8],[51,35],[0,66],[-55,68],[-62,18],[-39,-15],[-21,37],[-108,49],[-54,4],[-53,-19],[-103,49]],[[5142,46339],[-42,39],[13,103],[-30,128],[-150,87],[17,54],[78,49],[64,77],[6,50]],[[5098,46926],[79,-26],[15,-75],[125,-62],[30,48],[48,-23],[52,19]],[[6719,46659],[-61,-108],[-88,-56],[24,-100],[-65,-65],[51,-84],[-1,-72],[-26,-35],[-6,-65],[60,-55],[-8,-52]],[[8138,43209],[114,-13],[106,-56],[-2,-69],[-24,-9],[33,-72],[-18,-58],[-76,-57],[-98,-17],[-113,-49],[-32,-53],[-72,-37],[-78,6],[-48,-41]],[[7830,42684],[-49,71],[-64,31],[15,51],[-27,23],[-110,-44],[-37,-117],[-44,-27],[-105,-1],[-49,-25],[-62,15],[-6,-60],[-90,-36],[-67,-47],[-67,29],[-97,-5],[-41,39],[-5,80],[29,44],[-55,25],[-50,52],[-16,53],[52,68],[90,15],[46,51],[97,17],[41,31],[48,65],[75,18],[16,76],[41,83],[69,31],[64,7],[52,-15],[31,47],[44,17],[43,87]],[[7642,43433],[56,-52],[18,-43],[105,-68],[76,2],[19,-52],[41,-44],[73,28],[108,5]],[[2760,47932],[56,49],[95,-18],[-15,38],[39,103],[56,-20],[37,-69],[113,22],[65,-35]],[[1865,48446],[-18,-96],[-28,-19],[3,-87],[15,-42],[55,-49]],[[1892,48153],[-21,-45],[-87,-18],[-29,-38],[17,-109],[-55,-28],[-39,-84],[16,-22],[-63,-42],[-4,-34],[-182,21],[-68,29],[-24,46],[-62,-21],[-20,19],[21,93],[-24,20],[-53,-29],[-14,-140],[-63,-49],[-47,-5]],[[1091,47717],[-39,48],[1,33],[102,58],[-36,38],[-43,-5],[-64,72],[-89,57],[-36,123],[-81,49],[-69,3],[-4,66],[-75,57],[-73,-4],[-2,68],[-41,52],[-56,-6],[-79,35],[-48,69],[-62,16],[4,51],[-37,66],[-124,89],[-38,8],[3,109],[-46,72],[22,33],[-69,62],[-12,32],[31,78],[99,34],[63,-26],[87,7],[74,-49],[28,35],[-61,119],[45,14],[50,117],[43,33],[17,56],[67,58]],[[543,49544],[54,-65],[28,-94],[42,-76],[71,-20],[23,-27],[-6,-67],[16,-70],[-28,-22],[69,-75],[44,-19],[8,-39],[44,-14],[49,-52],[0,-28],[158,-201],[16,-57],[62,-48],[64,-6],[28,52],[47,1],[79,-71],[44,-13],[-3,-117],[65,-69],[60,-6],[52,-26],[60,103],[6,33],[-57,114],[7,39],[178,-91],[42,-67]],[[543,49544],[0,30],[103,29],[-24,75],[73,11],[46,51],[51,106],[-62,125],[33,34],[43,-22],[86,55],[73,209],[68,41],[82,-2],[79,-63],[50,-77],[42,-37],[23,-56],[40,5],[6,49],[37,32],[39,-8],[135,-129],[99,45],[64,-39],[2,-33],[80,-49],[39,4],[48,-65],[71,-13],[2,-56],[87,-14],[26,16],[93,-51],[70,-75],[-22,-38],[21,-55],[56,-45],[-21,-27],[62,-38],[1,-44],[36,-11],[22,-75]],[[2402,49339],[5,-39],[-38,-18],[-12,-42],[21,-38],[-27,-54],[19,-105],[86,-80],[74,-21],[40,-29],[8,-46],[-39,-53],[35,-51],[-31,-66],[-102,25],[-106,-10],[-88,-50],[50,-56],[27,-67],[-12,-25],[-92,-16],[-54,32],[-15,-31],[-55,-26],[-40,89],[-50,7],[-49,-36],[-34,-65],[-58,-22]],[[10915,43939],[-11,-35],[59,-98],[-85,-83],[102,-18],[7,-50],[86,33],[6,-79],[-61,-55],[90,-69],[94,-111],[-59,-50],[42,-22],[47,20]],[[12065,44174],[-37,61],[-26,93],[-100,35],[1,42]],[[11903,44405],[116,34],[-4,42],[137,-64],[68,7]],[[12366,42892],[114,-37],[16,-43],[-49,-98]],[[12447,42714],[-26,63],[-48,31],[-69,-6],[-24,-42],[-42,20],[-30,-100]],[[12208,42680],[-94,-25],[-41,55],[-14,51],[-56,14],[-67,46]],[[11631,7796],[-44,-49]],[[11587,7747],[-41,-63],[-60,-42],[-30,-69],[-41,-20],[-95,17],[-26,-15]],[[11294,7555],[-5,37],[-58,23],[-36,-16],[-96,61],[-203,-58]],[[10896,7602],[-59,-11],[-26,106],[11,154],[-29,55]],[[10871,7985],[235,159],[87,48]],[[11587,7747],[61,-56],[54,-23],[22,44],[47,17],[27,-21]],[[11798,7708],[35,-108],[-87,4],[10,-35],[-56,-57],[23,-36],[-11,-112],[15,-41],[-1,-78]],[[11726,7245],[-111,-73],[-43,-98],[-99,-25],[-70,-46],[-30,21]],[[11373,7024],[-34,119],[-78,-35],[-41,-45],[-72,36],[-21,63],[-36,27]],[[11091,7189],[15,31],[-51,28],[20,87],[39,15],[11,73],[104,30],[102,59],[-37,43]],[[10371,49818],[-8,-45],[61,-64],[-8,-35],[53,-77],[44,-17],[40,-51],[21,-67],[-19,-47],[18,-62]],[[11718,48720],[18,27],[57,-4],[72,34],[76,12],[39,-15],[65,40],[117,-1],[8,57],[136,135],[65,19]],[[12371,49024],[102,-99],[-57,-140],[38,-72],[27,0],[73,-71],[-5,-64]],[[12107,47576],[-56,15],[-64,-3],[-40,61],[-62,12]],[[9739,5313],[-179,-196],[-86,-33],[-62,-4]],[[9412,5080],[-42,41],[-35,-10],[-33,96],[-68,-51],[-43,-61],[-52,-7],[-175,91],[-56,-42],[-90,-33],[-61,-9],[-104,-62],[-14,-85],[-121,-64],[-46,-11],[-179,0],[-81,92],[-51,83]],[[8161,5048],[182,84],[70,53],[42,81],[137,43],[38,30],[72,5],[32,34],[50,15]],[[10230,37384],[45,-27],[58,-3],[105,-42]],[[10280,36850],[-20,32],[-6,69],[-20,37],[-141,101],[60,67],[-59,29],[1,59],[-40,33],[-59,12],[12,50],[-24,69]],[[12447,42714],[20,-48]],[[12467,42666],[-57,10],[-8,-91],[-52,9],[-23,36]],[[12327,42630],[-71,-38],[-50,26],[2,62]],[[16921,29217],[64,-3],[58,-35],[32,18],[81,2],[38,-28],[45,-63],[76,7],[46,-68],[44,-37],[62,-4],[23,-45],[54,30]],[[16875,28494],[-110,44],[16,54],[-20,46],[-73,-24],[-72,-4],[-56,-48],[20,-60],[-34,-33],[-89,11]],[[17576,27594],[8,-26],[-27,-90],[-124,-69],[86,-105],[38,-28],[17,-70],[-60,-82],[7,-46],[-46,-13],[22,-58]],[[17497,27007],[-95,38],[-31,36],[-119,1],[-33,-27],[-51,10],[-32,-23],[-100,-37],[-43,-36],[19,-27],[3,-205],[-62,-68],[-9,-102],[-55,-111]],[[16778,26546],[-110,-8],[-77,-58],[-56,36],[-45,0],[-39,41],[27,62],[-39,113],[-64,21],[-73,63],[-104,17],[-10,-37],[-151,4],[-21,118],[-31,55],[-1,73],[-67,19],[32,54],[-33,36],[-21,58],[-58,15],[-85,-6],[-41,34],[-7,65],[-27,26],[34,61],[3,49],[-31,75],[-47,35]],[[15636,27567],[47,27],[113,-13],[21,49],[84,-5],[34,-67],[96,-2],[65,47],[63,-18],[88,35],[42,63],[79,-16],[85,12],[26,29],[83,-21],[78,27],[28,-26]],[[2574,47864],[-50,12],[-25,61],[-143,131],[-50,-45],[-88,6],[-40,-41],[-81,-4],[-133,69],[-72,100]],[[2402,49339],[108,-18],[71,3],[26,-61],[107,-58],[86,29],[66,9],[-4,49]],[[2862,49292],[57,1],[96,-98],[9,-56],[77,26],[50,-43],[53,28],[26,-55],[-35,-70],[-35,-30],[-25,-103],[6,-65],[-28,-75],[-1,-98],[20,-51],[-17,-123],[-31,-64],[9,-52],[117,-127],[-5,-45],[-47,-51],[57,-17],[5,-108],[-14,-14]],[[2541,46954],[-116,-65],[-40,2],[-112,-41],[-16,-24],[-77,57],[-5,62],[18,40],[-16,46],[14,94],[-15,39],[-10,105],[-46,13],[-59,-21],[-21,-48],[30,-86],[1,-124],[17,-79],[-34,-11],[-54,-82],[-30,1],[-77,-102],[-75,-51],[-20,14],[-136,-8],[-28,-24],[-32,75],[-23,106],[-36,83],[3,86],[38,80],[-42,69],[9,55],[-21,47],[-1,63],[-101,60],[31,65],[-10,46],[-44,39],[-53,10],[-154,104],[-65,19],[-42,49]],[[18728,25590],[-1,-1]],[[18727,25589],[-3,-65],[-25,-43],[-50,-21],[20,-43],[-8,-109]],[[18311,25080],[-55,-28],[-58,0],[-3,36],[-73,20],[-50,76],[-91,31],[-84,-11],[-56,44],[-39,84]],[[17707,25885],[20,102],[43,56],[-28,93],[27,33]],[[12467,42666],[35,-24],[102,-4],[72,-34],[-3,-49],[-80,-65],[-16,-46],[38,-61]],[[12615,42383],[-36,-65],[47,-47],[-72,-71],[-44,-20],[-101,10],[-60,-48]],[[12349,42142],[-57,96],[0,37],[-35,56]],[[12257,42331],[61,58],[-13,62],[-29,38],[0,48],[51,93]],[[11170,44556],[6,-50]],[[11330,8328],[-51,62],[-62,49],[-67,3],[8,57],[-45,70],[47,69]],[[10896,7602],[-88,-112],[-41,30],[-17,-57],[-64,-20],[-26,15],[-115,-224]],[[10545,7234],[-31,-37]],[[10514,7197],[-102,120]],[[11713,41541],[69,9],[121,-25]],[[11885,41186],[-68,-8]],[[11514,49370],[28,2],[61,101],[60,-13],[56,41],[100,40],[12,21],[101,26],[27,49],[55,-27],[24,-53],[65,-20],[-7,-31],[24,-69],[51,-15]],[[12171,49422],[-7,-91],[12,-35],[-77,-91],[22,-30],[-4,-67],[30,-48],[36,10],[54,-24],[57,49],[61,-28],[16,-42]],[[12371,49025],[0,-1]],[[11015,37285],[45,-131]],[[11060,37154],[-34,3],[-7,-55],[-79,60],[-60,93],[-11,58],[-45,-7],[-74,45],[-41,-17],[-17,-131]],[[10213,37711],[51,61],[53,4]],[[10699,37768],[34,-11],[138,-90],[62,-62],[9,-38]],[[10907,36948],[20,72],[44,29],[44,-14],[65,7],[18,24],[-38,88]],[[11076,37344],[47,-11],[67,-295],[45,-136],[72,-157],[91,-157]],[[10314,39599],[60,-19],[28,-56],[72,-106],[54,-53],[24,-63]],[[10552,39302],[-14,-72],[-25,-4],[-62,-102],[5,-56],[-75,-23]],[[10381,39045],[-51,53],[-158,22],[-78,46],[-24,64],[-31,25],[-87,-72],[-1,-32],[-37,-60],[-33,-1],[-19,-73],[-52,-23],[6,-48],[116,22],[54,-42],[75,-29],[46,53],[46,-66],[83,45],[36,-6],[51,-43],[-17,-34]],[[10306,38846],[-25,-42],[-69,-29],[-70,-75],[-74,-44]],[[10068,38656],[-118,85],[-83,-3],[-44,51],[-82,-9],[-59,24]],[[9682,38804],[-10,67],[91,73],[-22,62],[40,86],[-4,47],[-44,77],[-57,43],[31,30],[31,68],[-57,115],[11,46],[-46,92]],[[9646,39610],[-2,28]],[[9644,39638],[97,140],[86,58],[45,-55],[-2,-74],[46,-41],[63,-115],[45,33],[48,-15],[32,-35],[82,44],[56,-17],[72,38]],[[20052,25352],[-19,40],[55,61],[57,34],[45,-42],[45,11],[36,34],[72,-8],[14,-76],[71,-14],[28,-71],[60,-48]],[[12387,41315],[-34,-77],[-75,-78],[-34,-59],[-91,-105],[-60,11],[17,67]],[[12302,41728],[18,34],[-17,93],[-2,85],[-30,116],[-22,6],[-117,-35],[-28,111]],[[12104,42138],[60,57],[52,-3],[30,34],[0,87]],[[12246,42313],[11,18]],[[12349,42142],[12,-46],[46,-52],[3,-45],[-33,-33],[-26,-113],[1,-66]],[[7125,46373],[-51,12],[-8,52],[21,33]],[[7087,46470],[52,-2],[53,61],[50,30],[61,-52],[-3,-34],[-41,-61],[-64,2],[-70,-41]],[[13886,44126],[80,33],[52,-36]],[[9412,5080],[-117,-62],[-40,-71],[-52,-41],[-60,-100],[-5,-51],[-69,-67],[-106,-37],[-45,-2],[-165,-74],[-57,-1],[-62,-36],[-370,-83],[-30,0],[-287,72],[-66,38],[-27,43],[-13,73],[36,64],[97,-8],[95,11],[57,21],[-35,45],[-24,64],[17,77],[77,93]],[[17258,25121],[-12,-87],[52,-127],[-28,-67],[29,-21],[-39,-45],[-20,-88]],[[17192,23961],[-36,-51],[-105,-45],[-35,20],[-84,-40],[-43,-68],[-26,-75],[-129,-12],[-89,-55],[-117,-9],[-62,-19],[-22,27]],[[16444,23634],[21,34],[29,104],[-26,47],[5,93],[59,37],[-19,41],[44,151],[-26,53],[24,68],[-21,42],[-51,13],[-4,34],[46,54],[-98,145],[38,58],[121,82],[23,42],[62,38]],[[10270,41594],[28,-72],[-34,-63],[-108,-17]],[[10156,41442],[3,-48],[-49,-8],[26,-56],[-31,-21],[-51,26],[-52,-30],[66,-45],[8,-77],[-110,-87],[-80,-13]],[[9886,41083],[-61,10],[-37,42],[-98,31],[-16,47],[-59,38],[-39,100]],[[18629,28598],[57,17]],[[18686,28615],[37,-102],[90,-186]],[[11132,49545],[-26,49],[21,41],[-34,34],[-63,20],[26,42],[-41,64],[0,52],[32,70],[71,62],[-46,46],[-33,99]],[[11348,50358],[53,-44],[20,-46],[60,-18],[13,-29],[53,-8],[58,-34],[-55,-86],[36,-20],[59,10],[12,-55],[118,-48],[17,56],[63,44]],[[12302,49503],[-24,-68],[-71,13],[-36,-26]],[[13918,11427],[47,-1],[62,-47],[1,-34],[79,15]],[[14107,11360],[21,-41],[53,-53]],[[21819,16285],[78,-6],[99,-28],[-15,-118],[-82,35],[-19,-50],[-54,25],[-100,88],[43,12],[50,42]],[[21336,16642],[19,45],[49,36],[73,-26],[49,6],[22,40],[44,13]],[[21592,16756],[-3,-59],[19,-77],[100,-91],[1,-41],[-85,-14],[-32,-119],[16,-91],[45,-46],[-31,-73],[-18,-80],[62,-31],[8,-40]],[[11460,42035],[-55,-123],[-117,20],[-43,-60],[-73,5]],[[11172,41877],[-50,7],[-111,43],[-9,28],[-114,79],[-19,39],[-136,139],[-91,27],[-64,96],[-60,-1],[-94,73],[-19,90]],[[10405,42497],[84,-10],[34,34],[55,-18],[58,-48],[53,-19],[125,-120],[34,-2],[41,49],[73,28],[-2,41],[-44,59],[-17,59],[-28,23],[8,84]],[[14107,11360],[3,56],[42,60]],[[14152,11476],[106,64],[25,45]],[[14283,11585],[26,20],[60,-30],[104,20]],[[14912,11162],[-46,-34],[6,-47],[54,-45],[26,-54],[-38,-76],[2,-50],[28,-48],[-36,-35]],[[10314,39599],[-30,94],[-87,51],[-59,-16],[-15,109],[38,37],[-2,77],[48,45],[41,11],[74,97],[39,35],[-30,78],[-78,29],[-1,32],[-44,31],[9,57],[35,20],[13,59],[-89,43],[-39,49]],[[10137,40537],[-16,20],[-5,99]],[[10116,40656],[28,-16],[53,43],[90,-18],[46,-27],[23,-59],[39,0],[53,85],[66,-9],[3,-71],[-41,-35],[16,-68],[54,-18],[23,-40],[76,-22]],[[10645,40401],[52,-42],[18,-144],[-101,-51],[-24,-58],[41,-59],[21,-57],[-16,-34],[44,-39],[42,-74],[12,-72],[-119,-25],[-27,-53],[44,-50],[41,20],[88,15]],[[10761,39678],[-46,-79],[39,-21],[0,-98],[-27,-43],[41,-47],[-98,-79]],[[10670,39311],[-118,-9]],[[9644,39638],[-14,48],[-35,6],[-26,120],[14,102],[27,19],[-10,58],[9,68],[-31,20],[-31,86],[-41,59],[-38,-38],[-36,10],[-51,57],[-77,52],[-55,23],[-28,79],[24,28]],[[9245,40435],[88,-28],[67,-7],[28,27],[46,-4],[42,72],[91,-11],[68,-56],[47,1],[105,-38],[60,44],[76,12],[47,69],[56,23],[71,-2]],[[11754,42208],[-7,-29],[71,-39],[60,-5]],[[11878,42135],[-63,-69],[1,-39],[-50,-54]],[[12773,43902],[15,-32],[76,74],[85,-32],[52,-77],[34,-21],[34,-88],[-4,-31]],[[13065,43695],[-12,-18]],[[13053,43677],[-78,-53],[-98,-35],[-52,31],[-93,-68],[-84,11],[-31,37]],[[12617,43600],[-8,77],[20,64],[-4,68],[41,-4],[20,40]],[[20990,14530],[17,-51],[60,-44],[43,5],[14,39],[42,10],[-17,-92],[78,11],[75,-63],[32,-8],[59,57],[-17,165],[14,61],[-11,45],[50,52],[2,41],[74,39],[69,51]],[[21574,14848],[65,-49],[9,-46],[49,-30],[-9,-86],[-90,-18],[-29,-104],[-50,-63],[-21,-136],[-47,-11],[-35,-110],[-49,-35],[-96,47],[-78,-18],[-49,22],[-55,-11]],[[21089,14200],[-6,45],[-74,10],[-35,39],[-64,3],[-17,28],[19,72],[-33,38]],[[20973,17814],[62,65],[76,54],[68,3],[23,27],[55,-31]],[[21257,17932],[35,-54],[47,-123],[-11,-24],[69,-47],[-47,-79],[51,-9],[62,-36],[21,-136],[27,-10],[91,20]],[[21602,17434],[-18,-51],[52,-12],[37,57],[63,-3],[-36,-77],[-6,-85],[27,-86],[38,-7],[79,-67],[23,10],[39,-51],[-38,-96],[14,-50],[63,-40],[28,9],[69,-62],[-15,-35],[-107,-26],[-5,-84],[-22,-26],[-99,53],[-7,59],[-47,78],[-54,37],[-57,70],[-38,13],[-54,46],[-41,-71],[-34,-15],[19,-56],[39,-31],[36,5],[55,-49],[-13,-35]],[[11008,9070],[-62,30]],[[20769,14263],[35,-39],[67,-12],[28,-51],[54,-29],[-17,-41],[111,-69]],[[21047,14022],[-23,-104]],[[21024,13918],[-72,0],[6,-93],[-88,0],[-73,56],[1,58],[-78,15],[-43,-81],[-49,-16],[-46,48],[-83,-1],[20,106],[-64,11],[-61,49],[-163,94],[-53,70]],[[20178,14234],[-3,57],[79,114],[191,-36],[52,42],[71,0],[43,-15],[18,-58],[140,-75]],[[20828,14487],[-63,-72],[-17,-52],[54,-47],[-33,-53]],[[20178,14234],[-15,-82],[-47,-93],[-62,-60],[-19,-64],[-73,-12]],[[19962,13923],[-16,16],[-47,146],[-189,19]],[[10926,40462],[29,-87],[-29,-63],[56,-49],[-53,-49],[34,-58],[39,-21],[93,21],[-17,-92]],[[11078,40064],[-63,-72],[-43,-83],[-2,-43],[-32,-44],[-88,-32],[-1,-65],[-88,-47]],[[10645,40401],[10,42],[45,23],[59,70],[96,-31]],[[18444,27510],[-23,-82],[-115,-119],[-12,-22]],[[17767,27021],[-84,-25],[-16,-39],[-61,16],[-95,-27],[-14,61]],[[19354,26501],[-36,46],[-43,-6],[-51,64],[-1,66],[36,15],[102,-4],[27,74],[84,42],[-65,45]],[[19407,26843],[6,53],[55,99],[64,19],[45,32],[10,42],[45,14]],[[19632,27102],[153,-195],[63,-57],[71,-34],[68,14],[14,-69],[47,3],[28,-78],[-15,-55],[129,-135]],[[19725,26311],[-84,-26],[-47,4],[-57,-48],[-57,20],[-62,-58],[-147,12],[-31,42]],[[10807,9259],[-35,-15],[-49,19],[-54,-31]],[[10669,9232],[-12,75],[18,45],[-21,61],[-84,89],[-46,1]],[[10447,9579],[58,124],[74,2],[7,38],[70,-54]],[[21089,14200],[-25,-62],[32,-53],[-49,-63]],[[18998,12325],[-39,-169],[-41,29],[-42,-10],[-34,-56],[-13,-57],[-34,-3],[-8,59],[-88,36],[-74,13],[-42,-9],[-76,-50],[-88,-21],[-79,14],[-87,-46],[-65,-19],[-57,-79],[-71,-145],[-29,-78],[-33,-140]],[[10895,46413],[27,-15],[-9,-73],[36,-20],[94,-13],[-15,-54],[18,-52]],[[11046,46186],[17,-49],[121,-74],[25,-60],[53,25],[23,-39],[93,-11],[46,43],[-15,61],[22,46]],[[11431,46128],[21,6]],[[11452,46134],[20,-40],[-4,-53],[39,-6],[42,-144],[41,-11],[32,-41]],[[11475,45605],[-65,11],[-40,29],[-20,56],[16,66],[-64,-8],[-61,29],[-85,-25],[-10,-51]],[[11146,45712],[-50,50],[-16,83],[-41,48],[-71,-14]],[[16058,30824],[352,-290]],[[16410,30534],[-57,-89],[-126,106],[-83,17],[5,-40],[-39,-33],[1,-77],[54,-35],[115,-31],[-9,-27],[38,-74],[-37,-58]],[[10537,9054],[24,51],[101,3],[-7,50],[14,74]],[[4323,49300],[-158,-22],[-121,75],[-77,8],[-30,-38],[-12,-177]],[[3705,49171],[-32,77],[-59,32],[-62,77],[-39,-46],[-33,17],[-18,55],[-48,15],[-100,-32],[-57,0],[-73,22],[-30,-18],[-45,63],[-79,59]],[[3030,49492],[15,31],[56,-6],[83,63],[-66,76],[-14,37],[33,80],[48,39],[3,45],[130,8],[12,35],[94,42],[65,44],[13,76],[-7,92],[68,75],[38,66],[-8,72],[50,9],[118,-23],[54,-55],[67,-18],[27,-49],[47,-12],[13,-54],[-39,-24],[14,-98],[85,-77],[-9,-68],[61,-57],[36,-68],[55,-48],[72,-30]],[[11939,46232],[5,-41],[-24,-57],[9,-62],[33,-34]],[[11962,46038],[-10,-62],[-50,-11],[7,-96],[-41,-42],[-25,24]],[[11452,46134],[85,108],[-27,84],[-33,7],[-7,76],[-44,-4]],[[21051,21861],[-19,27],[46,88],[-54,42],[-56,-2],[-104,24],[-12,28],[-59,35],[-46,-7],[-40,91],[-50,156],[29,26],[-6,42],[-73,-3]],[[20607,22408],[-19,39]],[[20899,22684],[-18,-91],[49,-42],[15,-77],[56,-156],[63,-69],[38,35],[45,10],[37,-27],[64,23],[15,37],[81,69],[49,-2],[62,28],[43,60],[29,6],[28,-74],[78,-17]],[[21633,22397],[-16,-49],[53,-142],[96,-164],[-21,-32],[31,-61],[-24,-31],[18,-44],[-39,-36],[6,-49],[66,-120]],[[21803,21669],[-19,-2]],[[21784,21667],[-63,12],[-26,61],[-57,-4],[-107,50]],[[12264,43855],[48,5],[47,-70],[36,8],[33,-45],[38,-5],[36,-146],[64,-59],[64,-6]],[[12630,43537],[-61,-35]],[[12385,43431],[29,40],[-5,39],[-60,49],[-38,52],[-145,46],[0,32]],[[14677,13306],[11,-47],[-52,-72],[11,-70],[-46,-60]],[[21854,18911],[-20,-39],[-61,-43],[-35,15],[-118,-59],[-80,-4],[-45,-75],[-87,29],[-57,36],[-11,89],[-55,-19],[-34,71]],[[21251,18912],[-15,41],[23,64],[56,27],[26,63],[11,79],[56,-7],[58,78]],[[21466,19257],[17,-35],[55,32]],[[21538,19254],[108,-79],[17,-43],[77,-27],[6,-29],[83,-7],[62,-40],[27,-64]],[[17185,29618],[62,-39],[51,12],[113,-75],[37,22],[-53,117],[-58,50],[55,46],[39,-30],[28,41]],[[17459,29762],[161,-144],[123,-76],[37,-2],[75,-84],[105,-10],[73,70],[16,-99],[158,-254],[85,-46],[91,29],[62,-40],[41,22],[38,-18]],[[11222,46643],[-23,-32],[12,-61],[-49,11],[-44,-26]],[[11638,43105],[15,-65],[-42,-39],[-77,-14],[-58,-36],[-26,34]],[[21382,23258],[-23,-49],[73,-148],[122,-178],[-18,-20],[49,-77],[11,-46],[-47,-29],[0,-62],[66,-141],[51,-76],[-33,-35]],[[13922,11653],[-16,-9]],[[13906,11644],[-60,-9]],[[13846,11635],[19,79]],[[19096,26479],[-32,67],[31,50],[-15,25],[49,78],[-3,58],[-46,91],[13,35],[-53,86],[-123,24],[-1,105]],[[18916,27098],[39,55],[107,24],[34,-11],[29,58],[36,19],[91,-34],[29,27]],[[19281,27236],[38,-66],[31,-19],[-48,-104],[-13,-52],[76,-25],[8,-105],[34,-22]],[[9578,46302],[76,-26],[12,-81],[72,-7]],[[9738,46188],[-7,-33],[33,-46],[30,-125],[-6,-57],[36,-25],[75,50],[34,-19],[30,-66],[-21,-67],[1,-57]],[[9943,45743],[-36,6],[-70,82],[-53,-82],[-66,41]],[[9609,45864],[-19,39],[28,80],[-86,52],[-80,14]],[[9452,46049],[-16,55],[-41,20],[3,71]],[[3289,6887],[64,3],[3,-38],[-53,-31],[-25,-37],[-71,85],[82,18]],[[5784,10419],[21,10],[48,-42],[71,-102],[-15,-147],[19,-62],[-18,-71],[20,-127],[-31,-94],[-32,-24],[-34,-91],[-18,-88],[-40,-67],[20,-38],[-32,-43],[-2,-49],[-27,-25],[80,-48],[-38,-123],[9,-53],[-75,13],[-57,131],[-19,132],[-72,345],[-33,102],[-61,78],[-25,56],[-49,40],[-54,-3],[-22,36],[-61,8],[-32,66],[-24,93],[-31,26],[11,46],[48,2],[223,-55],[36,32],[31,101],[57,22],[23,99],[67,40],[37,-14],[51,-87],[30,-25]],[[20803,10871],[36,-2],[25,-98],[30,-37],[-57,-24],[-58,35],[-14,83],[38,43]],[[9196,11359],[218,141],[47,19],[33,-41],[69,83]],[[9805,11327],[-14,-66],[2,-116],[20,-65],[58,-132]],[[8161,5048],[-26,105],[-27,28],[-36,80],[6,75],[50,202],[12,128],[1,136]],[[8141,5802],[62,-22],[79,59],[54,-21],[92,63],[59,19],[41,-11],[34,-42],[83,11]],[[9510,45782],[-22,38],[-65,-16],[-18,-68]],[[9405,45736],[-92,88],[1,74],[37,5],[49,43],[52,103]],[[16776,30264],[20,9],[104,-51],[153,-107],[190,-155],[216,-198]],[[11516,43484],[-59,24],[4,66],[-48,31],[-85,115],[-56,-14],[-100,40],[40,99]],[[11212,43845],[33,78],[52,-13]],[[11297,43910],[57,4],[133,-93],[-29,-54],[50,-13],[51,38],[-26,38],[38,51]],[[7371,45873],[107,40]],[[7478,45913],[55,-17],[21,-36],[102,-70],[99,-27],[24,6],[16,74],[139,7],[-3,-66],[46,-98],[57,-18],[2,-50],[30,-14],[46,28],[69,0]],[[8181,45632],[9,-41],[75,-44],[-6,-151],[27,-21],[0,-75],[44,-83],[-21,-71],[6,-38],[-20,-70],[85,-58],[45,-14],[49,-54]],[[8341,44649],[-87,1],[-49,19],[-63,-14],[-33,31],[-82,11]],[[13671,49711],[-19,-79],[-5,-79],[-52,-105],[3,-143],[-65,-36],[-6,-28]],[[13527,49241],[-45,-7],[-86,31],[29,51],[-54,64],[-74,9],[-40,30],[-54,-25],[-39,17],[-22,48],[-71,42],[-27,-10]],[[13032,49554],[36,-8],[44,60],[75,-5],[17,30],[64,24],[43,-31],[80,32],[-21,34],[11,74],[-35,72],[40,29],[-2,51],[79,-64],[58,-3],[39,24],[21,77]],[[10736,44695],[-49,2]],[[10687,44697],[-17,50],[-60,39],[-81,8],[-25,24],[2,56],[-157,-33]],[[10349,44841],[-53,21],[-19,53],[39,57],[6,85]],[[10322,45057],[69,0]],[[10391,45057],[78,-7],[83,23],[74,57],[36,-12]],[[11146,45712],[25,-42],[-50,-29],[-59,-117],[-68,-55],[-37,-58],[6,-77],[31,-30]],[[10550,8366],[114,183],[-110,105]],[[9644,6767],[-129,135],[0,65],[132,148]],[[10514,7197],[-80,-75],[-8,-30]],[[13996,11621],[-22,-51]],[[13974,11570],[-66,-52]],[[13908,11518],[-16,39]],[[13892,11557],[50,56],[-36,31]],[[13892,11557],[-62,-23]],[[13830,11534],[-17,64]],[[13813,11598],[27,28]],[[13840,11626],[52,-29],[0,-40]],[[13830,11534],[-33,-16]],[[13797,11518],[-51,18]],[[13746,11536],[42,52]],[[13788,11588],[25,10]],[[13926,12004],[-9,-76],[29,-38],[42,-10]],[[13988,11880],[-33,-45],[0,-41]],[[13741,11775],[-14,-27]],[[13727,11748],[-36,-18]],[[14104,11710],[18,1]],[[14122,11711],[61,-14],[40,-98],[60,-14]],[[14152,11476],[-57,3],[9,94],[-47,16],[-41,-53]],[[14016,11536],[-42,34]],[[13840,11626],[6,9]],[[14016,11536],[-15,-20],[-83,-2]],[[13918,11514],[-12,-1]],[[13906,11513],[2,5]],[[13906,11513],[-96,-18]],[[13810,11495],[-13,23]],[[13716,11547],[30,-11]],[[13810,11495],[-83,-53],[-21,14]],[[13924,11479],[-6,35]],[[14122,11711],[50,113],[108,79]],[[9154,50863],[-30,29],[-58,-1],[-25,-35],[-51,4],[-60,-33],[-67,68],[-36,76],[-68,24],[-55,-58],[-1,-110],[-36,2],[-24,53],[-5,93],[-94,6],[-15,18],[1,88],[21,54],[-58,-9],[-46,-55],[-74,-5],[44,-61],[-29,-44],[-142,-52]],[[8246,50915],[-18,27],[-1,106],[-29,67],[0,58],[-39,83],[-21,138],[84,42],[80,-8],[23,-27],[48,25],[12,110],[34,34],[85,25],[88,-42],[28,65]],[[8620,51618],[72,-23],[15,-41],[48,-8],[59,-53],[14,-40],[60,-36],[100,-103],[24,-44],[-6,-43],[56,-65],[90,-84],[-28,-80],[54,-4],[3,-60],[-27,-71]],[[9125,42439],[-91,95],[-55,1],[-41,-71],[-71,-26],[-79,21],[-59,-47],[-30,29],[-54,-62],[-41,14],[-70,-11],[-27,-37],[-93,-41],[-71,41],[-61,6],[-95,118],[-36,83],[-13,96],[-38,-2],[-48,-59],[-64,-5],[-120,30]],[[7868,42612],[-38,72]],[[8138,43209],[-9,113],[42,46],[74,34],[28,30]],[[8661,41646],[-75,75],[-43,14],[-70,94],[-43,-26],[-109,-18],[-116,60],[-12,34],[-138,89],[-170,9],[-103,55],[-54,1],[-22,47],[-94,-12],[-50,44],[-11,104],[24,69],[-10,47],[20,99],[-13,62],[90,59],[106,53],[6,26],[94,-19]],[[7110,49309],[49,17],[45,-51],[45,-10],[51,26],[20,38],[67,65],[36,3],[160,146],[-1,78]],[[16410,30534],[202,-154]],[[20278,25624],[58,32],[50,-3],[42,-38],[60,20],[38,48],[26,-14]],[[20552,25669],[-44,-142],[-72,7],[-63,-24],[-120,37],[25,77]],[[13905,32997],[192,-200],[159,-144]],[[13078,31911],[-24,31],[-107,76],[-23,57],[-29,14],[-6,69],[-50,42],[-49,76],[-54,52],[11,33],[54,-9],[27,64],[-50,3],[-4,47],[-36,22],[10,41],[-13,80]],[[12736,34110],[-35,54],[-59,35],[34,132],[-46,101],[16,43],[-24,36],[12,47],[41,28]],[[13368,34752],[-3,-56],[-25,-61],[-57,-7],[-94,-161],[-24,-89],[14,-120],[29,-107]],[[15072,30523],[140,51],[15,75],[60,45],[84,24],[34,87],[14,74],[43,-2]],[[12873,50029],[36,72],[-24,48],[37,34],[-25,74],[12,44],[89,6],[55,22]],[[13053,50329],[55,-32],[37,33],[33,-19],[5,-44],[64,-89],[64,-10],[38,-35],[47,0],[18,-72],[40,-19],[51,30]],[[11009,40478],[45,44],[56,-11],[31,21],[106,-11],[18,-35],[86,-21],[16,110],[13,14]],[[11481,40603],[-29,-41],[-17,-108]],[[11435,40454],[-56,-52],[-58,-118],[-45,-164],[-30,-161]],[[11246,39959],[-60,77],[-79,2],[-29,26]],[[14112,44161],[52,111],[-8,198]],[[14156,44470],[63,17],[41,120],[85,-7],[27,60]],[[14626,44421],[-12,-57],[38,-35],[10,-46],[-109,-44],[-27,5],[-55,-78],[-7,-73],[16,-75]],[[9161,40506],[-50,-8],[-30,29],[-88,-6],[-1,-46],[-48,-42],[-51,20],[-58,-12],[-38,-94],[-48,15],[-31,-27],[-14,-109],[30,-35],[-20,-85],[38,-56],[-94,-43],[7,-63],[90,-94],[-73,-56],[-28,-49],[-48,-18],[-30,-52],[-43,-34],[-39,10],[-45,-24],[-43,-68],[-159,-80],[-62,-40]],[[8185,39439],[-134,77],[-62,51],[-73,1],[-41,24],[-29,109],[-40,18],[13,54],[-19,45],[-118,147],[-83,32],[16,117]],[[7615,40114],[45,5],[15,39],[-17,54],[51,29],[-10,31],[36,45],[13,78],[79,66],[38,77],[123,-15],[83,108],[48,22],[65,-20],[42,23],[9,115],[32,48],[-37,36],[45,54],[-20,43],[11,141],[73,63],[58,23],[49,46],[13,99]],[[8459,41324],[50,-35],[105,7],[21,-54],[29,-1],[202,-109],[27,-26],[140,25],[67,-16],[40,-38],[78,3],[41,-25],[9,-45],[56,-117],[-22,-25],[-91,-4],[-27,-74],[-26,-9],[-20,-94],[30,-102],[-7,-79]],[[18936,27842],[43,-56],[29,-82],[-49,-30],[-58,-209],[-33,-22],[-71,31],[-25,-37],[34,-44],[-120,-78],[-68,-89],[-23,-9]],[[12180,45192],[27,58],[62,-22]],[[12269,45228],[58,-90],[43,-18],[36,19],[75,-21],[23,-52],[80,37],[7,-62],[48,-59],[82,-36]],[[12214,44806],[-50,47],[-28,-4],[-25,-57]],[[12111,44792],[-32,49],[8,52],[62,2],[-17,65]],[[10213,44385],[62,63],[128,37],[21,27],[73,-42],[30,52],[-6,37],[62,3],[93,23],[11,112]],[[8525,39144],[-19,32],[-88,47],[-64,70],[-35,11],[-56,77],[-41,14],[-37,44]],[[9161,40506],[84,-71]],[[9646,39610],[-25,-15],[-81,31],[-19,-27],[-61,-9],[-34,35],[-24,-47],[-46,-28],[-14,-39],[-42,-27],[-37,15],[-43,60],[-54,45],[-48,-19],[-52,-50],[-92,-18],[-69,18],[-59,-51],[-40,-4],[-65,-170],[-53,-67]],[[9682,38804],[2,-37],[-46,-21],[-129,4],[-51,64],[-136,25],[-144,-20],[-1,-62],[-60,-15],[-56,-61],[-83,-14]],[[21803,21669],[34,-37],[61,-21],[-15,-36],[24,-100],[-2,-49],[-41,-72],[26,-76],[-4,-45],[-78,-31],[-53,38],[-39,5],[-57,-48],[-2,-133],[48,-108],[-3,-35]],[[21702,20921],[-20,27],[-56,8],[-14,40],[-41,-1],[-24,-32],[-78,-16],[-17,-73],[4,-68],[-61,22],[-43,-19],[25,-46],[-35,-41]],[[21342,20722],[-39,37],[-16,61],[26,59],[-31,32],[3,63],[-22,26],[29,68],[52,24],[-12,80]],[[21332,21172],[43,-8],[30,28],[-10,125],[69,27],[55,48],[122,2],[81,-9],[41,115],[-21,129],[42,38]],[[10238,38601],[-87,-54],[-80,92]],[[10071,38639],[-3,17]],[[10306,38846],[45,0],[38,59],[-16,39],[8,101]],[[10670,39311],[45,-68],[31,-22]],[[10982,38703],[-3,-209],[20,-58],[-150,-59],[-43,42],[-52,-31]],[[5142,46339],[-70,-43],[-7,-39],[-65,43],[-92,-3],[-57,-37],[-70,-22],[-39,55],[-65,-27],[-69,26],[-59,82],[-1,44],[39,34],[53,8],[-62,81],[-58,-27],[-50,10],[-52,57],[-87,-13]],[[4331,46568],[-51,71],[35,16],[45,83],[47,24],[2,63],[-27,90],[-52,95],[-52,44],[20,70],[-27,49],[8,34],[-42,38],[-27,94]],[[4210,47339],[-80,38],[-15,90],[-25,37],[16,62],[63,67],[-23,45]],[[4146,47678],[54,72],[-6,58],[67,52]],[[4261,47860],[222,-48],[70,-72],[68,-2],[30,-55],[12,-70]],[[4663,47613],[71,-32],[-15,-62],[68,-57],[-1,-61],[51,-21],[-80,-170],[65,-46],[128,-10],[-18,-67],[77,-27],[89,-134]],[[12630,43537],[-63,34],[50,29]],[[13053,43677],[29,-37],[-45,-75],[110,-101],[51,-75],[-15,-61],[43,-16]],[[13226,43312],[-52,-41],[33,-49],[-61,-66]],[[8999,8959],[23,59],[-46,109],[-74,81]],[[9074,9443],[126,-81]],[[5924,48422],[-11,-43],[21,-61],[-136,4],[-50,-82],[-37,-20],[-68,8],[-45,33],[-105,-40]],[[5493,48221],[-69,20],[-83,95],[-70,24],[21,58],[-48,23],[-45,63],[3,53],[-77,121],[-90,73],[-41,3]],[[4994,48754],[-41,27],[61,84],[-5,36],[-42,19],[-4,114],[-59,60],[-50,25]],[[16276,21726],[-25,32],[8,161],[-40,56],[-128,-24],[-57,14],[-72,74],[20,48],[8,110],[48,38],[-67,23],[-81,50],[19,104],[112,150],[61,145],[31,31],[-22,49],[28,49],[-8,113],[-49,55],[0,30],[54,65],[13,52],[40,38],[-22,39],[3,70],[89,58],[35,-62],[92,14],[0,60],[44,92],[-2,80],[36,94]],[[11599,40634],[-98,-169],[-66,-11]],[[6508,50168],[98,-36],[71,-2],[54,-61]],[[6731,50069],[-23,-69],[84,-54]],[[3896,48944],[105,-106],[94,-53],[-12,-48],[101,-55],[3,-41],[126,-95],[11,-66],[84,-97],[17,-64]],[[4425,48319],[-5,-32],[-84,-48],[-48,-104],[16,-52],[-44,-55],[-10,-64],[24,-33],[-13,-71]],[[4146,47678],[-65,27],[-71,100],[44,55],[-43,88],[-57,4],[-43,58],[-46,140],[-4,40],[-42,45],[-6,46],[-113,-14],[-54,5],[-49,-38],[-106,-123],[-29,-117],[37,-37],[3,-49]],[[2862,49292],[-22,65],[34,68],[108,21],[48,46]],[[11615,45338],[-56,-39],[-38,-126]],[[11850,7736],[-52,-28]],[[14357,45045],[-44,12],[-83,-23],[-85,23],[-153,16],[-40,19]],[[10404,46403],[-36,-50],[-28,-74],[-74,-33]],[[10040,46157],[-35,49],[-71,-2],[-54,40],[-83,-20],[-59,-36]],[[9464,46677],[37,52],[5,66],[27,42]],[[9533,46837],[45,62],[-50,117],[23,35],[87,-13]],[[9638,47038],[35,-20],[89,-11],[66,-106],[47,20],[32,52],[-21,37],[7,77],[54,32],[97,106],[80,16],[27,-20],[45,54],[61,-12],[7,-28]],[[19161,24633],[75,87],[53,13],[56,107],[43,53],[3,36],[-40,83],[-35,10],[-23,55],[-43,14],[-56,116],[11,50],[-67,54],[-23,36],[-64,34],[-87,-7],[-57,70]],[[18907,25444],[156,84],[71,-45],[52,-15],[69,73],[66,16]],[[19321,25557],[135,-3],[14,28],[56,-1],[4,35],[85,48],[46,59],[36,-11]],[[19697,25712],[40,-78],[74,-18]],[[19811,25616],[71,-34],[13,-56],[49,-90],[-52,-82],[8,-61]],[[21280,19554],[47,-50],[55,-90],[84,-157]],[[21251,18912],[-34,-37],[-61,-33]],[[21156,18842],[-85,14],[-56,46],[-50,-60],[-39,1],[-46,47],[-42,16],[-77,84],[-34,-73],[22,-58],[-100,-67],[-47,13],[-53,60],[-46,23],[-70,68],[-31,56],[4,47],[-54,4],[-48,24],[-30,-21],[-34,27]],[[5180,45437],[-59,42],[37,39],[1,54],[31,63],[3,78],[-80,-14],[23,62],[-35,30],[0,39],[70,55],[5,75],[26,16],[111,-9],[69,-25],[11,-24],[82,4]],[[18727,25589],[83,-36],[64,-91],[33,-18]],[[10195,45110],[55,-38],[72,-15]],[[10349,44841],[24,-28],[5,-81],[-41,-63],[-45,-38],[-52,48],[-53,-59]],[[20728,25892],[-46,-40],[-14,-73],[8,-103]],[[20676,25676],[-53,-12],[-71,5]],[[20278,25624],[-52,55],[-146,23],[-54,-21],[-32,-36],[-37,5],[-54,80],[-43,-2],[-55,-65],[6,-47]],[[19697,25712],[76,50],[-26,72],[51,54],[18,87],[60,3]],[[18607,28743],[57,46],[-65,41],[47,78],[75,17],[38,-58],[66,-2],[53,-29],[6,52],[36,-2],[43,-63],[-131,-50],[-48,-27],[-81,-2],[-17,-55],[0,-74]],[[21346,20646],[-4,76]],[[21702,20921],[1,-55],[-23,-36],[79,-144],[118,-118],[-42,-49],[9,-41],[64,-43],[-37,-76],[39,-81],[58,-12],[-28,-93],[-3,-65],[-92,-12],[-64,39],[57,27],[48,66],[-43,25],[-29,47],[-114,25],[4,-42],[-25,-39],[-9,-58],[27,-91],[-21,-76],[43,14],[51,-109]],[[21770,19924],[-165,23],[-37,-25]],[[11046,46186],[70,65],[81,-12],[17,-33],[74,65],[45,-35],[50,-2],[3,-81],[45,-25]],[[21156,18842],[-29,-41],[4,-44],[-54,-96],[11,-63],[-35,-80],[12,-42],[-67,-77],[-5,-58],[44,-2],[86,-37],[16,-24],[66,28],[93,-47],[-20,-73],[26,-58],[46,-23]],[[21350,18105],[-26,-76],[-51,-41],[-16,-56]],[[10104,45607],[-129,75],[-32,61]],[[3899,45580],[57,7],[26,71],[67,23],[55,-39],[-27,-33],[18,-84],[46,-67],[22,-72],[58,-13],[29,-44],[45,-7],[-1,-49],[128,-1],[-15,58],[-29,2],[-59,67],[36,58],[75,66],[123,-21],[76,-42],[20,-45],[58,-20],[111,-12],[39,20],[52,-27]],[[5900,44418],[-56,-28],[17,-33],[-25,-79],[-57,-41],[-104,4],[-23,19],[-60,-14],[-70,-37],[-30,24],[-117,7],[-77,-61],[-68,-81],[-56,35],[-46,-20],[-53,-50]],[[5075,44063],[-43,15],[-51,-15],[-105,12],[-99,89],[-66,135],[-70,60],[30,52],[-26,92],[-168,14],[-90,50],[-31,36],[-114,52],[-55,53],[-54,24],[-40,40],[-57,-29],[-24,-50],[-57,17],[26,45],[-62,18]],[[5075,44063],[26,-62],[-91,-88],[30,-72],[-20,-47],[22,-58],[-59,-41],[-117,-8],[6,-125],[29,-55],[-27,-24],[-164,-26],[-22,21],[-23,103],[-35,-14],[-74,80],[-68,34],[-26,42],[-115,18],[-38,-15],[-43,28],[-46,-13],[-40,16],[-24,66],[-56,67],[5,52],[-54,50],[-46,-16],[-35,-89],[-82,8],[-42,-42],[-47,10],[-59,65],[-45,-12],[-86,51],[-52,3],[-47,59],[-32,-33],[-59,-13],[-72,34],[-32,57],[26,71],[-58,71]],[[12052,9428],[-31,-47]],[[12021,9381],[-46,5],[-56,-54],[-23,33],[-61,-87],[-64,-126],[-15,1],[-131,-101],[-78,-75],[-98,57]],[[10631,45719],[-10,30],[-92,108],[-36,-25],[-32,84],[-50,72],[-34,-2]],[[11240,41832],[-68,45]],[[11640,41909],[30,-20],[-58,-92],[22,-30],[72,-42],[-33,-26],[-68,8],[-32,-49]],[[10633,45663],[-65,-2],[-109,-80],[-33,-48],[12,-93]],[[10438,45440],[-59,34]],[[10379,45474],[17,92],[-89,31],[-18,47]],[[4994,48754],[-55,-29],[-41,-62],[-61,-29],[-26,9],[-66,-42],[1,-67],[-27,-34],[-72,-32],[-112,-70],[-110,-79]],[[19281,27236],[61,2],[163,49]],[[19505,27287],[127,-185]],[[9806,45282],[-40,21],[-46,-40],[-106,74],[-64,-52],[-91,-36]],[[9459,45249],[-58,119],[-73,-23],[-30,24],[-58,-17]],[[9240,45352],[-41,64]],[[9372,45600],[35,39],[-2,97]],[[10653,11182],[-160,2],[-312,47],[-44,-56],[-36,53],[-56,-17],[-35,53],[-71,-54],[-50,147]],[[9833,11511],[123,59],[165,48]],[[10121,11618],[118,34],[361,84]],[[10600,11736],[226,-221]],[[10826,11515],[-26,-36],[-110,-223]],[[12870,10794],[1,51]],[[12871,10845],[104,77],[3,21],[134,-14],[55,7]],[[13167,10936],[48,-68],[-12,-73]],[[11502,13770],[-63,12],[-10,62],[24,27],[-18,57],[19,56],[0,63],[-72,91],[-35,-13],[-72,7],[-49,76],[2,91],[65,28],[12,78],[55,51],[92,40],[156,-103],[57,-3],[81,80],[-13,48],[54,62],[25,4],[39,97],[-18,54],[22,60],[72,31],[30,-18],[57,9],[72,-40],[58,-66]],[[12144,14711],[3,-238],[8,-174],[0,-201],[-14,-36],[36,-51],[-30,-18],[2,-118],[32,-22],[-10,-112],[-19,-15]],[[12152,13726],[-41,-41],[3,-81],[-76,22]],[[13788,11588],[-61,160]],[[12360,13627],[-20,60],[-69,33],[-51,-34],[-68,40]],[[12144,14711],[73,3],[60,-25],[44,38],[61,14],[60,-73],[60,3],[118,-36],[12,-51],[87,-75],[56,-15],[50,32],[112,36],[86,-18],[52,-49],[57,-19],[54,3]],[[9148,12060],[73,5],[96,-37]],[[9250,9793],[124,-113],[77,82]],[[9451,9762],[-16,-25],[150,-127],[71,-75],[58,9],[110,-131]],[[10121,11618],[-39,94],[-203,274]],[[9879,11986],[41,60],[66,59],[62,123],[74,-52],[43,22],[43,-6],[17,-32],[44,5]],[[10269,12165],[49,-101],[209,-100],[86,-184],[-13,-44]],[[11252,11350],[-32,-154],[-13,3]],[[11207,11199],[-74,14],[-307,302]],[[10269,12165],[23,-13],[95,10],[303,88]],[[10690,12250],[212,-210],[162,-112],[1,-48],[-45,-6],[-11,-68],[34,-50],[48,8],[88,-132],[33,-31],[0,-149],[34,-11]],[[10071,38639],[-79,-56],[-84,-83],[42,-15],[3,-50],[-23,-51],[-86,-53],[-31,2],[-124,-47]],[[15415,13390],[11,39],[48,27],[29,64],[-10,49],[57,81],[14,51],[-98,83],[26,38],[-12,73],[-69,70]],[[14112,9920],[118,-112],[26,-50],[-37,-51]],[[12389,10553],[-36,63],[-107,29],[0,18],[-140,35]],[[12080,10777],[39,-3],[-3,171]],[[12116,10945],[295,13],[21,-3],[250,27]],[[12682,10982],[73,-69],[29,15],[48,-62],[39,-21]],[[8181,45632],[102,13],[22,83],[80,-73],[44,9]],[[8429,45664],[40,-57],[49,-1],[46,-77],[72,11],[26,-31],[86,-29],[68,11],[132,-81],[76,-116],[24,-7]],[[9048,45287],[-19,-35],[60,-85],[-31,-24],[41,-41],[-3,-104],[-73,-12],[36,-91],[43,-29],[-16,-41],[15,-79],[-49,-34],[-51,15],[-63,-35],[-64,-8],[11,-60],[-28,-25]],[[15217,10623],[-73,18],[-129,-24]],[[15015,10617],[-90,-1],[-54,21]],[[11627,10818],[-96,7],[-235,323],[-89,51]],[[11940,11196],[140,-30],[-11,-27],[12,-108],[0,-87],[35,1]],[[13167,10936],[-6,76]],[[5493,48221],[-7,-52],[24,-75],[-16,-55]],[[5494,48039],[-54,0],[-33,-59],[-102,-23],[-19,-58],[-73,14],[-90,-8],[-40,46],[-55,0],[-56,-56],[1,-52],[-59,-87],[-62,-17],[-63,-69],[-39,-5],[-87,-52]],[[14302,12517],[-39,-11],[31,-88],[-85,-46],[-32,-40],[23,-60],[43,-47]],[[14111,12205],[-34,65],[-108,33]],[[13969,12303],[-27,60],[13,52],[57,33],[-16,57],[-55,31],[-24,62]],[[12276,45564],[-51,66],[-97,-28],[-116,48],[-99,-6]],[[11962,46038],[59,-8],[26,-29],[172,-6],[71,-28],[56,-56]],[[16582,12017],[-1,91],[-54,138],[-77,63],[-28,39]],[[15636,27567],[-11,44],[-106,-20],[-5,59],[24,64],[31,22],[-4,63],[-37,64],[54,67],[44,-21],[68,67],[86,33],[46,-2],[13,41],[91,43],[67,-2],[41,-28],[45,17],[90,150],[22,77],[54,95],[46,114]],[[22002,18265],[-88,-17],[-46,-29],[-80,20],[-96,-83],[-60,56],[-124,-10],[-87,-147],[-71,50]],[[20238,22131],[84,-3],[42,-77],[44,18],[86,-24],[82,1],[12,68],[-36,76],[-2,65],[23,71],[-17,35],[51,47]],[[20840,21432],[-118,17],[-88,-58],[-94,-144],[-59,-46]],[[19044,26157],[12,-104],[-11,-49],[72,-49],[45,-61],[137,-8],[52,-32],[24,28],[47,-24],[-19,-37],[-6,-84],[-71,-108],[-5,-72]],[[13527,49241],[20,-67],[-23,-37]],[[13524,49137],[-80,-8],[-48,-68],[-46,23],[-43,-12],[-10,-105],[-110,-39],[-35,21],[-54,-10],[-25,31],[-55,12],[-56,-46],[-49,-8],[-64,59],[11,53],[-49,68],[-48,-9],[-77,54],[-34,68],[-114,44],[-55,-21],[-63,-75],[-49,-144]],[[11575,36336],[46,32],[61,-107],[118,-164],[83,-100]],[[11042,41533],[-38,-15],[-33,-73],[-124,52],[-36,134],[-34,33],[-36,-20],[-117,11],[-58,71]],[[12917,42709],[-53,-27],[-73,-60],[-13,67],[-27,48],[-40,25],[79,115],[35,7],[11,57]],[[13226,43312],[23,-54],[31,4],[35,55],[57,-10],[23,-35],[63,18],[5,46],[53,13],[29,-22],[101,65]],[[13646,43392],[32,-42],[59,3],[78,-49]],[[13815,43304],[-135,-88],[-59,-93],[-17,-111],[42,-73],[8,-123]],[[13654,42816],[-65,47],[-60,-6],[-118,-87],[-54,-8],[-34,27],[-44,-4]],[[5494,48039],[44,-56],[13,-48],[-12,-73],[36,-40],[-25,-53],[87,-99]],[[19190,27851],[59,-134],[80,-143],[176,-287]],[[18916,27098],[-83,8],[-16,47],[-119,-41]],[[9317,36829],[6,70],[27,46],[-51,65],[-41,-10],[-49,70],[-46,25],[12,40],[-22,57],[-55,-6],[-34,-31],[-61,14],[-101,-3],[27,51],[-67,5],[-60,31],[-11,34],[-55,-28],[-104,11],[-66,-8],[-13,69]],[[13361,43912],[-24,24],[-44,-28]],[[13293,43908],[-70,73],[-44,-29],[-29,33],[32,74],[-76,-8],[-88,27],[-41,124],[-78,12],[-37,59]],[[10968,40826],[68,1],[-35,53],[-46,2],[55,71],[59,-3]],[[12559,11553],[-10,-29],[-39,-217],[60,-35],[24,-57],[54,-33],[34,7],[57,-25],[31,-33],[-22,-31],[65,-34],[18,-41],[-23,-55],[-30,20],[-96,-8]],[[12164,11696],[150,6],[74,-69]],[[18445,28692],[71,-23],[44,15]],[[11749,42748],[-52,-47],[-43,-71],[-81,-23],[32,-92]],[[11160,44357],[6,-77],[75,-41]],[[11241,44239],[-2,-104],[27,-2],[-1,-91],[41,-58],[-9,-74]],[[11212,43845],[-74,36],[-112,-10],[-31,66]],[[13797,8943],[-25,-46],[64,-45],[23,-60],[52,-86],[-60,-126],[-44,-66],[-80,-86],[-64,-15]],[[9048,45287],[27,0],[47,-54],[51,-28],[76,-6],[12,80],[-21,73]],[[9459,45249],[21,-42],[103,-57],[-18,-60],[-41,6],[-38,-46],[-4,-46],[41,-33],[71,-151],[-79,-33],[36,-75],[88,-139],[56,-10],[24,24]],[[11525,44315],[13,-29],[-41,-38]],[[11497,44248],[-56,14],[-66,-9],[-26,-25],[-108,11]],[[11182,44499],[37,2]],[[11091,7189],[-64,-15],[-26,-35],[-65,-14],[-33,-41],[-61,0],[-38,40],[-52,-17],[-54,77],[-64,-3],[-89,53]],[[9779,11861],[100,125]],[[10735,40843],[0,29],[-67,24],[-36,-24],[-104,100]],[[10528,40972],[37,54],[-23,46],[52,78],[-4,39]],[[10590,41189],[49,-5],[20,-63],[117,15],[15,-13],[94,21],[9,-23],[111,-18],[80,65]],[[10156,41442],[31,-45],[2,-67],[31,4],[41,-42],[35,25],[70,5],[74,-33],[39,-71],[72,-6],[39,-23]],[[10528,40972],[-46,8],[-51,-32],[-43,28],[-73,-20],[-64,-65],[-34,5],[-64,-62],[-82,-43],[-23,-56]],[[10048,40735],[-48,7],[2,48],[-71,49],[48,88],[-78,59],[4,57],[-19,40]],[[10050,10066],[45,-108],[-133,-53],[-189,-60],[-74,127],[-33,10],[-38,-55],[-67,-68],[-43,-1],[-67,-96]],[[9036,9961],[89,141],[-16,189]],[[8848,7606],[316,-201]],[[9164,7405],[382,-253]],[[9109,6537],[-101,-22]],[[9008,6515],[-16,69],[-34,51],[35,44],[-20,54],[-33,28],[-58,166],[66,38],[-25,62],[-61,257],[-87,199],[-155,160]],[[15050,11827],[27,50],[0,44],[96,63],[-26,99],[13,53],[55,24],[-18,70],[59,15],[-23,41],[12,58],[-48,46],[-14,65],[41,128]],[[11414,50759],[42,7],[45,59],[61,32],[55,-39],[57,-12]],[[10270,9846],[0,86],[-42,91],[-17,73]],[[13969,12303],[-31,-24],[13,-59],[-58,-45],[-41,-3],[-52,-46]],[[13988,11880],[14,99],[59,-38]],[[21586,14930],[-29,-17],[17,-65]],[[3882,45933],[91,10],[45,86],[-28,95],[43,81],[66,25],[118,79],[-5,64],[37,7],[22,110],[28,6],[32,72]],[[21024,13918],[10,-89],[-20,-88],[10,-86],[-16,-15],[4,-86],[41,-50],[-19,-43],[-67,-27],[-11,-37],[-82,-66],[-91,-29],[-139,97],[-63,-12]],[[20581,13387],[-1,60],[-60,46],[-8,36],[-111,16],[-75,38],[-80,56],[11,189],[-108,-2],[-32,-22],[-111,35],[-44,84]],[[12195,44501],[-36,39],[-78,36],[-40,-38],[-108,26],[-47,-32],[-77,21]],[[11811,44778],[108,2],[61,39],[63,-4],[32,-37],[36,14]],[[11497,44248],[-10,-37],[57,-32]],[[10048,40735],[7,-62],[61,-17]],[[8459,41324],[81,116],[117,87],[13,59],[54,49]],[[13821,44609],[92,-41],[105,-24],[61,6],[38,-23],[39,-57]],[[11758,44779],[-13,31],[15,112],[35,31],[9,78],[-30,47],[-66,-1]],[[11708,45077],[15,27],[79,41],[62,-29]],[[13654,42816],[75,-57],[-37,-40],[-42,-79],[-1,-31],[57,-81],[6,-116],[-62,-229],[-33,-67]],[[13968,43515],[-4,-58],[-37,-94],[-112,-59]],[[13646,43392],[-14,45],[-55,61],[-72,27],[-78,-54],[-48,21],[-3,144],[21,68],[-2,82],[-64,-6]],[[13331,43780],[-5,75],[-33,53]],[[16583,45475],[-151,26],[-47,19],[-38,-12],[-7,-56]],[[16340,45452],[-95,-14],[-18,-56],[4,-74],[-63,-79],[-119,-88]],[[12745,8429],[-21,-36],[-191,-65],[-23,-27],[-81,-16],[-49,-37],[-168,-41]],[[9092,10492],[-121,13],[-61,-5],[-133,90],[-46,-33],[-73,7],[-41,162],[-16,21],[-169,115]],[[8432,10862],[114,209],[61,76],[207,132]],[[11246,39959],[-15,-50],[-17,-134],[0,-110],[13,-157],[-39,-29],[-16,-72],[-26,-16],[17,-117],[32,-72],[28,-26],[49,20],[7,-74],[-55,-40],[-14,-52]],[[12617,50716],[37,-49],[-10,-62],[67,-11],[48,-34],[44,42],[65,-66],[53,28],[26,64],[114,-20]],[[13061,50608],[62,-26],[8,-55],[70,-95],[-50,-20],[-98,-83]],[[12021,9381],[39,-42],[41,-12],[-12,-43],[15,-66],[-57,-144],[-38,-70],[65,-48]],[[6742,46703],[50,3],[104,-78],[22,26],[58,-40],[42,14],[44,-49],[-22,-75],[47,-34]],[[7125,46373],[13,-82],[-25,-55],[123,-1],[22,27],[59,16],[70,54],[67,3],[50,-22],[49,-73],[108,-27],[-5,-70],[53,-93],[-51,-21],[-35,-43],[-83,29],[-53,-48],[-9,-54]],[[12478,7433],[-32,-16],[-16,-85],[-86,-81],[2,-32]],[[12346,7219],[-39,-3],[-73,-55],[-100,94],[-139,71],[-74,-8],[-63,-60],[-36,7],[-53,-32],[-43,12]],[[8141,5802],[-8,122],[18,387],[-6,127],[24,97],[11,217]],[[8180,6752],[50,-4],[302,12],[-1,-122],[188,-2],[9,-132],[74,-40],[210,19],[-4,32]],[[8341,46301],[-26,-33],[-45,15],[-56,53],[-71,10],[-58,30],[-53,-79],[5,-19],[-133,-12],[-105,62],[-12,54],[-83,19],[-33,46],[7,87],[39,26],[3,55],[27,16],[12,55]],[[7759,46686],[52,14],[-28,142],[16,49],[84,26],[-19,46],[32,60],[58,49],[49,-2],[20,35],[-31,32],[3,54],[-45,63],[86,28],[18,72],[55,31]],[[8109,47385],[33,-11],[71,-63],[22,-88],[46,-3],[73,-38],[56,-73]],[[8410,47109],[-13,-28],[39,-64],[-40,-86],[-72,-31],[-64,21],[-11,-65],[-55,-15],[19,-125],[106,-9],[43,44],[52,1],[55,-28],[48,-54],[37,-15]],[[12306,12250],[49,-21],[77,6],[-30,54],[-22,181],[-14,25]],[[14570,12295],[45,16],[110,-29],[47,14],[27,54],[92,-25],[70,88],[62,110],[37,47],[1,76],[138,-57]],[[13524,49137],[29,-54],[44,-34],[1,-59],[-33,-52],[-11,-58],[125,-5],[25,-23],[47,24],[65,-41],[36,-55],[6,-80],[63,-24],[-16,-31],[20,-84],[31,-47],[-11,-59],[-61,-52],[-21,-38]],[[13863,48365],[-42,-3],[-82,-66],[-45,19],[-60,-52],[-38,54],[-109,23],[-38,-12],[-23,-78],[-67,0],[-69,30]],[[8065,10764],[274,11],[93,87]],[[15458,31351],[24,-10],[80,-94],[250,-227]],[[12615,42383],[96,45]],[[12711,42428],[49,-29],[2,-103],[53,-19],[-33,-94],[-76,-64]],[[13061,50608],[28,43],[71,-5],[58,20],[36,35],[89,3],[-2,33],[38,88],[93,-12],[5,-43],[70,-32],[92,45],[36,-67],[43,-40],[42,-75],[61,-22],[40,73],[119,-12],[31,-47],[-32,-27],[83,-52]],[[38815,29],[-6,57],[55,92],[54,29],[39,-23],[0,-75],[-22,-69],[-55,-40],[-65,29]],[[35649,662],[14,49],[76,63],[40,10],[37,-27],[13,-73],[-82,-48],[-82,-3],[-16,29]],[[39230,961],[-28,63],[6,63],[87,35],[71,6],[55,-35],[0,-63],[-33,-52],[-93,-34],[-65,17]],[[22426,450],[14,63],[234,363],[211,235],[223,105],[300,24],[300,-36],[154,-59],[59,-43],[-35,-55],[-70,6],[-193,49],[-222,37],[-210,-19],[-181,-67],[-192,-142],[-310,-485],[-82,24]],[[28786,1057],[-35,55],[18,138],[87,128],[105,28],[44,-74],[-35,-91],[-79,-138],[-105,-46]],[[38377,1214],[-49,17],[-5,64],[27,80],[44,35],[71,5],[38,-17],[11,-52],[-55,-69],[-82,-63]],[[36184,1392],[60,28],[54,-9],[26,-44],[-17,-34],[-66,-28],[-52,28],[-5,59]],[[35649,1355],[-69,42],[19,75],[46,28],[113,10],[33,-31],[-10,-85],[-81,-38],[-51,-1]],[[29153,1480],[-9,119],[44,101],[96,65],[79,-19],[17,-82],[-61,-120],[-79,-64],[-87,0]],[[25466,1934],[0,67],[106,104],[57,-15],[21,-52],[-113,-119],[-71,15]],[[32980,2147],[-46,32],[-7,72],[32,56],[132,-8],[13,-37],[-51,-29],[-20,-59],[-53,-27]],[[28926,1857],[-87,18],[-61,92],[8,83],[61,82],[88,83],[61,129],[96,120],[122,-10],[131,-27],[35,-101],[-52,-83],[-123,27],[-139,-92],[-44,-110],[-96,-211]],[[24004,2029],[-107,13],[-76,49],[21,145],[61,58],[179,134],[94,64],[60,5],[70,-43],[12,-92],[-38,-144],[-62,-72],[-214,-117]],[[38991,2476],[-35,65],[-13,54],[13,72],[42,27],[64,-27],[26,-44],[6,-75],[-13,-41],[-54,-37],[-36,6]],[[36092,2466],[-71,41],[-39,58],[-13,78],[32,58],[104,7],[36,-41],[64,-116],[-16,-82],[-58,-17],[-39,14]],[[25923,2583],[-24,99],[35,92],[64,0],[24,-185],[-99,-6]],[[29947,2835],[4,108],[53,44],[99,0],[91,-26],[33,-31],[4,-86],[-37,-44],[-54,-13],[-107,13],[-86,35]],[[36601,2884],[-30,69],[74,93],[66,-8],[14,-77],[-51,-77],[-73,0]],[[34099,2915],[-9,55],[19,92],[109,-5],[-13,-96],[-57,-77],[-49,31]],[[38674,3000],[-22,100],[37,54],[73,15],[37,-69],[7,-85],[-44,-39],[-88,24]],[[25427,3083],[69,23],[317,122],[69,-18],[-12,-98],[-129,-181],[-186,-82],[-76,22],[-52,212]],[[38025,3018],[-90,-28],[-61,4],[-26,69],[89,28],[9,68],[88,0],[22,34],[90,51],[29,-17],[9,-95],[-21,-55],[-83,-46],[-55,-13]],[[38330,3316],[36,38],[74,0],[95,-38],[37,-62],[-88,-23],[-96,8],[-58,77]],[[34053,3073],[59,110],[93,131],[48,112],[51,12],[10,60],[-13,50],[28,91],[65,-3],[25,-75],[-4,-154],[-18,-49],[-86,-155],[-96,-112],[-14,22],[27,72],[-42,27],[-108,-161],[-25,22]],[[39938,3758],[-19,112],[78,66],[58,-11],[26,-55],[84,-33],[84,-61],[-5,-66],[-42,-39],[-79,0],[-100,39],[-85,48]],[[40904,4224],[13,76],[40,49],[92,0],[33,-63],[6,-83],[-26,-76],[-72,-7],[-46,14],[-40,90]],[[40187,4175],[-53,63],[0,83],[46,42],[66,-14],[26,-49],[-13,-69],[-72,-56]],[[28524,4345],[33,68],[84,23],[29,-42],[-26,-53],[-83,-27],[-37,31]],[[29130,4665],[-50,39],[-4,42],[62,77],[69,11],[62,-8],[25,-38],[0,-46],[-109,-72],[-55,-5]],[[36942,4933],[-38,74],[-29,110],[21,74],[61,12],[47,-46],[40,-92],[21,-76],[-94,33],[6,-89],[-35,0]],[[36205,5179],[-52,80],[-12,85],[50,7],[37,-77],[85,-71],[-15,-52],[-40,0],[-53,28]],[[31890,5275],[-78,72],[11,43],[161,27],[35,-3],[128,-86],[14,-34],[-61,-30],[-172,-3],[-38,14]],[[30833,5318],[-41,121],[67,0],[32,-25],[67,-12],[17,-49],[-72,-34],[-70,-1]],[[36315,5286],[-20,43],[-75,77],[17,43],[38,3],[50,-28],[90,-76],[20,-43],[9,-96],[-12,-64],[-52,-6],[-29,31],[-6,76],[-30,40]],[[36048,5335],[-64,59],[-15,43],[15,46],[35,24],[61,-28],[6,-138],[-38,-6]],[[30922,5500],[47,36],[60,17],[30,-14],[10,-92],[-53,-35],[-81,53],[-13,35]],[[32695,5583],[0,31],[87,12],[55,-28],[18,-40],[-50,-49],[-55,22],[-55,52]],[[43312,5400],[-55,41],[-4,45],[94,147],[35,0],[46,-33],[4,-49],[-54,-49],[-27,-78],[-39,-24]],[[38242,5418],[-41,19],[9,46],[47,27],[0,49],[52,74],[58,12],[44,-15],[9,-62],[-76,-125],[-53,-25],[-49,0]],[[31215,5627],[26,57],[81,3],[32,-52],[-20,-46],[-50,-21],[-41,9],[-28,50]],[[35359,5777],[86,65],[20,-62],[-55,-24],[-51,21]],[[35349,5936],[17,50],[32,0],[61,-55],[-3,-46],[-96,24],[-11,27]],[[35195,5858],[-27,67],[78,65],[59,-32],[-4,-40],[-34,-47],[-72,-13]],[[43910,6333],[-62,4],[-58,62],[-4,40],[27,33],[58,29],[55,-4],[15,-58],[-31,-106]],[[35313,6452],[-43,0],[-44,29],[34,141],[79,-3],[51,-51],[-17,-65],[14,-47],[-74,-4]],[[42149,6908],[6,48],[112,28],[44,-52],[32,-80],[-36,-71],[-58,-18],[-59,37],[-41,108]],[[36829,6972],[-31,42],[5,96],[39,19],[48,-19],[13,-50],[-9,-51],[-30,-37],[-35,0]],[[40647,7136],[23,61],[99,-24],[41,-92],[12,-111],[-41,-68],[-64,0],[-70,117],[0,117]],[[45214,7261],[-52,22],[0,49],[89,33],[105,24],[62,-12],[32,-53],[-24,-58],[-58,-82],[-113,-12],[-31,21],[-10,68]],[[32786,7569],[2,38],[51,51],[51,-9],[-19,-42],[-85,-38]],[[31767,7542],[-32,65],[57,62],[94,6],[34,-30],[-5,-81],[-36,-32],[-112,10]],[[42898,7677],[-27,57],[22,42],[40,23],[54,-14],[27,-28],[-9,-56],[-40,-33],[-67,9]],[[32932,7818],[-9,43],[24,40],[51,4],[15,60],[39,2],[33,39],[31,-23],[2,-66],[-83,-21],[-22,-60],[-81,-18]],[[33161,8021],[-6,27],[105,39],[46,-25],[26,13],[61,-55],[-19,-67],[-51,-6],[-72,32],[-72,4],[-18,38]],[[37159,8069],[-40,20],[-33,46],[8,65],[36,4],[102,-46],[-25,-81],[-48,-8]],[[38406,8139],[-38,52],[32,55],[74,-2],[16,-65],[-48,-49],[-36,9]],[[37363,8245],[-9,65],[45,-12],[-36,-53]],[[44111,8258],[26,57],[47,12],[47,-81],[-28,-52],[-92,64]],[[37182,8231],[-26,-7],[-58,52],[3,61],[-23,55],[17,53],[67,-7],[41,-89],[9,-92],[-30,-26]],[[41983,7950],[-25,90],[-58,113],[13,94],[54,76],[4,103],[143,33],[32,-47],[36,-89],[-9,-146],[-63,-128],[-27,-89],[-45,-24],[-55,14]],[[43662,8382],[-24,28],[30,64],[41,14],[80,-43],[-6,-66],[-38,-26],[-55,-3],[-28,32]],[[43882,8422],[-33,61],[14,26],[58,0],[54,-49],[3,-29],[-57,-44],[-39,35]],[[37084,8507],[13,62],[38,-14],[-7,-54],[-44,6]],[[37820,8531],[-11,68],[50,-10],[10,-34],[-49,-24]],[[37302,8659],[7,65],[46,-30],[-53,-35]],[[37668,8667],[-27,12],[12,57],[67,-23],[-24,-50],[-28,4]],[[37972,8676],[-7,60],[29,4],[36,-39],[-2,-36],[-56,11]],[[37789,8697],[-31,20],[3,49],[39,22],[9,-61],[-20,-30]],[[41043,8592],[-41,-11],[-45,24],[-22,60],[0,103],[33,38],[73,44],[46,-19],[0,-41],[70,-72],[-5,-64],[-33,-52],[-76,-10]],[[37986,8869],[40,52],[32,-35],[-72,-17]],[[38185,8798],[12,100],[-25,38],[7,54],[66,12],[76,-23],[26,-62],[-11,-88],[-77,-58],[-74,27]],[[46571,9286],[-29,73],[18,69],[47,11],[40,-15],[22,-39],[-14,-92],[-84,-7]],[[35856,9315],[12,99],[46,60],[70,-8],[15,-95],[-18,-46],[-28,-258],[-15,-43],[-60,-27],[-54,40],[34,201],[-2,77]],[[42611,9289],[-18,56],[-40,29],[-4,47],[53,80],[45,24],[58,-90],[0,-75],[-31,-57],[-63,-14]],[[37024,9525],[-15,77],[47,57],[76,-18],[6,-70],[-23,-46],[-91,0]],[[37216,9609],[-20,54],[52,62],[86,-41],[-30,-93],[-88,18]],[[40315,9559],[-67,19],[-31,79],[26,67],[85,33],[80,-65],[0,-76],[-51,-49],[-42,-8]],[[37445,9666],[-57,38],[6,55],[72,9],[75,41],[52,13],[38,-25],[-32,-59],[-77,-56],[-77,-16]],[[40470,9782],[-26,78],[80,27],[42,-21],[2,-76],[-23,-25],[-75,17]],[[35107,9810],[-51,51],[28,54],[62,7],[44,-49],[-41,-73],[-42,10]],[[37980,9845],[-28,16],[-6,52],[30,27],[120,43],[30,25],[54,5],[22,-57],[-65,-25],[-43,-43],[-114,-43]],[[37006,9802],[-5,54],[23,47],[70,73],[82,62],[46,11],[55,-24],[-26,-66],[-103,-59],[-34,-65],[-72,-46],[-36,13]],[[46265,10110],[-7,66],[14,53],[29,31],[80,-34],[19,-62],[-11,-57],[-40,-35],[-55,0],[-29,38]],[[38418,10122],[-13,94],[52,90],[52,10],[75,-36],[-40,-123],[-25,-43],[-58,-23],[-43,31]],[[43918,10369],[56,80],[55,22],[42,-7],[7,-44],[-42,-73],[-28,-81],[21,-43],[278,29],[70,0],[21,-51],[-28,-44],[-181,-73],[-215,-22],[-105,14],[-48,59],[-14,80],[35,73],[76,81]],[[41628,10500],[-60,38],[11,60],[44,-4],[5,-94]],[[41699,10521],[-9,81],[106,-10],[1,-71],[-56,-27],[-42,27]],[[44973,10622],[35,62],[78,-3],[-6,-55],[-53,-25],[-54,21]],[[44372,10721],[26,41],[63,-12],[83,7],[42,-50],[-31,-35],[-133,3],[-50,46]],[[41559,10650],[-27,34],[29,65],[69,56],[40,-10],[11,-57],[-55,-87],[-67,-1]],[[41807,10701],[-72,62],[-9,34],[53,25],[51,-55],[-23,-66]],[[45999,10993],[14,92],[48,-4],[62,-61],[3,-35],[-58,-12],[-69,20]],[[47442,11086],[-43,39],[18,54],[51,31],[48,-27],[-37,-73],[-37,-24]],[[41937,11268],[38,-33],[-26,-80],[-44,-12],[-41,37],[44,88],[29,0]],[[37728,11335],[-53,44],[61,64],[70,-45],[-16,-51],[-62,-12]],[[46112,11376],[-44,16],[-36,38],[11,61],[83,-23],[19,-65],[-33,-27]],[[41829,11385],[-37,32],[0,69],[46,5],[32,-25],[11,-58],[-52,-23]],[[46287,11319],[36,96],[58,61],[80,23],[135,-12],[110,-49],[47,-62],[7,-73],[-14,-38],[-91,-12],[-135,0],[-197,39],[-36,27]],[[37334,11308],[-60,13],[-7,124],[18,27],[324,156],[53,21],[36,-37],[-16,-38],[-209,-126],[-38,-28],[-7,-89],[-94,-23]],[[37990,11572],[-2,43],[39,39],[85,-14],[0,-55],[-42,-11],[-13,-46],[-67,44]],[[41853,11663],[-28,49],[41,62],[53,-12],[-9,-94],[-57,-5]],[[38910,11716],[-13,64],[64,-10],[-6,-58],[-45,4]],[[47841,11526],[-11,108],[15,61],[117,128],[55,-4],[18,-39],[4,-73],[-26,-104],[-80,-77],[-92,0]],[[41988,11758],[-54,46],[4,44],[55,-10],[24,-30],[-29,-50]],[[39105,11799],[-23,77],[7,29],[71,110],[48,6],[29,-50],[-36,-128],[-26,-34],[-70,-10]],[[37761,11703],[-31,90],[140,126],[79,38],[73,60],[84,6],[22,-62],[-12,-112],[-35,-50],[-55,-19],[-79,56],[-75,-20],[-35,-57],[-76,-56]],[[36504,11989],[62,78],[59,17],[80,-20],[28,-83],[-43,-26],[-26,-51],[-90,-11],[-33,63],[-37,33]],[[47497,12381],[-7,81],[29,27],[63,-11],[36,-43],[-29,-69],[-92,15]],[[36904,12440],[-3,34],[38,34],[42,-39],[-77,-29]],[[46308,12420],[-15,92],[30,43],[76,-8],[19,-65],[-8,-62],[-55,-19],[-47,19]],[[37020,12518],[3,53],[79,4],[3,-41],[-85,-16]],[[39397,12527],[9,53],[66,9],[19,-23],[-11,-67],[-63,0],[-20,28]],[[45576,12428],[-44,92],[55,81],[44,0],[58,-73],[-14,-96],[-77,11],[-22,-15]],[[46850,12516],[-4,39],[33,42],[55,20],[25,-54],[-69,-51],[-40,4]],[[37266,12505],[10,32],[103,100],[45,-13],[36,-49],[0,-51],[-85,-52],[-55,-13],[-54,46]],[[38477,12306],[-39,9],[-4,39],[32,94],[173,228],[26,7],[90,-34],[-35,-97],[-77,-97],[-32,-16],[-134,-133]],[[38705,12759],[8,46],[92,0],[-2,-62],[-98,16]],[[38066,13298],[-35,61],[39,48],[36,-13],[21,-46],[-61,-50]],[[37296,13555],[-83,59],[36,27],[47,-86]],[[38454,13717],[-33,47],[-17,114],[73,35],[38,-13],[44,-90],[-9,-101],[-14,-16],[-82,24]],[[38225,13669],[-41,51],[11,116],[-12,157],[90,34],[54,-24],[-15,-94],[-21,-211],[-66,-29]],[[13331,43780],[-22,-24],[-54,3],[-27,-73],[-83,-35],[-30,39],[-50,5]],[[20676,25676],[14,-173]],[[11569,45078],[139,-1]],[[4210,47339],[-86,-55],[-68,-17],[-45,-38],[-115,49],[-64,-32],[-56,-59],[-36,-17],[6,-51],[-31,-36],[-69,0],[-40,66],[-57,2]],[[7304,38048],[-49,-8],[-51,76],[-52,-1],[-26,-55],[-80,-7],[-80,71],[-3,39],[-64,72],[5,35],[-65,36],[-37,38],[-59,-5],[-116,58],[-29,72]],[[7054,40235],[42,-21],[85,5],[27,-23],[23,-73],[64,-34],[52,17],[76,-16],[33,45],[86,19],[73,-40]],[[21770,19924],[120,12],[14,-76],[-34,-17],[-14,-50],[38,-94],[37,-45],[30,-71],[-41,-14],[5,-76],[-37,-31],[21,-102],[-16,-43]],[[21893,19317],[-53,-14],[-42,13],[-90,-63],[-64,4],[-81,45],[-25,-48]],[[15498,16491],[77,1],[117,95],[45,-9],[56,19],[31,-18],[81,14],[73,-25],[79,-113],[-6,-40],[34,-52],[74,-31],[38,14]],[[21893,19317],[-8,-67],[21,-70],[98,-138],[54,-112]],[[20581,13387],[-47,5],[-41,-38],[-67,-4],[-89,-29],[-32,-79],[-62,-19],[-32,-164],[-39,-76],[-8,-74],[-54,-29],[-103,43],[-86,14],[-88,-33],[-100,1],[-85,-67],[-117,-31],[-64,-84]],[[21332,21172],[-62,33],[-77,-10],[-34,104]],[[10710,34760],[3,97]],[[9533,46837],[-56,9],[-71,-30],[-46,57],[-77,5],[82,148],[-37,54],[20,48],[-63,32],[-5,33],[40,58],[-2,45],[40,8],[46,40],[128,-33],[36,-37],[-60,-41],[-31,-66],[90,-85],[64,-19],[7,-25]],[[8180,6752],[24,324],[27,501]],[[9499,8071],[-47,-31],[-34,-49],[-54,-16],[-28,-78],[-68,8],[-14,-40],[55,-52],[53,-72],[-190,-288],[-8,-48]],[[6902,48216],[24,-62],[-32,-11],[-18,-59],[-32,-13],[0,-63],[89,-127],[19,-13],[46,-174],[-9,-126],[-122,-75],[-5,-41],[-97,-78]],[[8373,46276],[10,-79],[46,-133],[45,-73],[-19,-59],[5,-46],[-38,-66],[-29,-2],[-3,-66],[28,-23],[11,-65]],[[6875,47029],[38,-29],[67,7],[59,-20],[16,-30],[79,-13],[138,56],[35,1],[59,-65],[25,7],[87,-25],[40,-62],[58,-52],[47,-3],[136,-115]],[[16116,43922],[42,-22],[-20,-76],[-44,13],[-2,75],[24,10]],[[15938,43977],[29,25],[63,-17],[-27,-60],[-59,8],[-6,44]],[[15889,44211],[35,-19],[93,11],[52,-36],[-60,-68],[-69,6],[-63,49],[12,57]],[[16234,44240],[3,-35],[-59,-26],[-14,41],[70,20]],[[16450,44279],[-39,-67],[-78,16],[117,51]],[[16037,44412],[-44,-72],[-50,-28],[-121,29],[79,31],[34,-12],[102,52]],[[16250,44452],[-12,-71],[-88,-86],[-18,17],[65,108],[53,32]],[[16578,44447],[-25,-62],[26,-46],[-120,-119],[-1,-25],[-70,-71],[-65,43],[108,29],[26,87],[121,164]],[[16560,44681],[-25,-66],[8,-79],[-76,-202],[-35,-39],[-152,-48],[-59,23],[-100,-40],[189,148],[49,48],[-14,42],[61,118],[100,73],[54,22]],[[16643,44936],[-29,-112],[-42,-31],[-64,-17],[-25,46],[48,47],[19,54],[67,-13],[26,26]],[[16764,44867],[-37,-117],[-25,-37],[-8,-62],[-25,-19],[-15,-82],[-56,0],[67,179],[-2,48],[36,56],[65,34]],[[16906,45040],[-37,-7],[23,135],[34,-17],[-24,-73],[4,-38]],[[16340,45452],[-4,-46],[116,-106],[40,-52],[20,-61],[142,30],[39,41],[43,0],[-89,-134],[-125,-109],[-13,52],[-58,-35],[-34,-88],[-85,-57],[-22,-45],[-84,-35],[-57,-37],[-42,-52],[-130,-47]],[[11697,44434],[50,16],[108,-97]],[[11855,44353],[-13,-39],[-66,-9],[-76,-66]],[[7642,43433],[-8,60]],[[11903,44405],[-48,-52]],[[13863,48365],[78,-92],[-15,-112],[51,-49],[-8,-143],[-29,-20],[33,-87],[-68,-65],[-3,-81],[44,-41]],[[13723,47400],[-59,11],[-32,72],[15,18],[-2,92],[29,80],[-33,17],[-27,89],[-52,15],[-129,-25],[-11,-48],[-49,-36],[-62,4]],[[21977,17592],[102,-38],[23,22],[66,-28],[0,-60],[81,-145],[-42,-33],[-74,53],[-21,31],[-86,45],[-17,58],[-51,-1],[-43,39],[7,33],[55,24]],[[22185,18257],[-76,-21],[-25,-61],[7,-77],[48,-140],[67,-132],[82,-126],[90,-9],[11,-49],[-56,-16],[-7,-92],[-22,-74],[34,-57],[-76,-6],[-4,85],[-52,12],[-23,72],[59,15],[9,48],[-34,84],[-106,-29],[-14,-50],[-54,30],[27,105],[47,-9],[32,86],[-56,92],[-23,64],[7,70],[-15,41],[-57,-17],[-23,-95],[-61,-12],[-49,-72],[-53,-49],[-46,-64],[-45,-3],[-42,-29],[-52,-82],[15,-41],[-37,-18],[-39,-59],[40,-44],[-11,-94]],[[7978,47583],[0,-80],[56,-6],[44,-31],[31,-81]],[[10155,8530],[11,-52],[91,-9],[26,-29],[-40,-59],[-17,-117],[-76,-21],[-26,-84]],[[7927,50428],[5,112],[67,-2],[28,87],[35,60],[45,6],[62,50],[95,32],[57,52],[-50,84],[-25,6]],[[9154,50863],[32,-117]],[[10123,45519],[9,-21],[-31,-91]],[[12316,45365],[-76,-61],[31,-25],[-2,-51]],[[11916,45228],[-2,118],[-35,27],[-65,14]],[[11230,6959],[143,65]],[[12346,7219],[32,-17],[2,-117],[-69,-77],[-103,-52],[-60,-17],[-81,-1],[-227,-80],[-112,-34],[-268,-93],[-182,-81]],[[10690,12250],[95,24],[83,45],[41,43],[62,33],[78,-1],[85,14],[78,-163],[179,-250],[-50,-121],[159,-64]],[[14849,32180],[155,-115],[86,-55],[69,-30],[49,-45],[13,-136],[-19,-21],[7,-71]],[[11069,41193],[-100,48],[-2,47],[-29,24],[-69,17],[-64,57],[-99,-35],[-98,55],[-64,8],[-3,74],[70,-18],[-26,66],[-82,8],[-23,19]],[[10379,45474],[-35,-43],[49,-51],[28,-67],[-31,-57],[23,-79],[-49,-31],[27,-89]],[[10614,45417],[-30,39],[-96,7],[-50,-23]],[[12371,46500],[-78,72],[-99,-33],[-84,28],[-78,-42]],[[12246,42313],[-28,10],[-105,-24],[-1,35],[-61,-7],[-40,36],[-36,-6],[42,117],[-15,37],[-61,-13],[-17,20],[24,93],[-57,13]],[[10128,35542],[-43,-79],[-54,10],[-35,-95],[-52,18],[-27,33],[-47,-29],[-49,75],[-48,-6],[-50,58],[18,30],[-8,59],[25,80],[-9,38],[-55,5],[-11,-46],[-77,29],[-62,-9],[-10,31]],[[12977,42440],[-80,26],[-43,73],[-32,-6],[-111,-105]],[[15400,10383],[-184,-125],[-44,-49],[-39,-75],[-41,21],[-1,51],[-41,35],[-14,53],[12,42],[46,-13],[55,16],[17,70],[-21,52],[-57,27],[-64,54],[-9,75]],[[6731,50069],[44,-64],[67,3],[62,28],[26,73],[38,37],[157,71],[153,134],[13,25]],[[16418,11578],[-63,-11],[-40,79],[-42,-8],[-13,36],[-48,-7],[-58,-84],[-63,-27]],[[16616,10924],[-47,-41],[-84,-107],[-40,-65],[-139,-17],[-78,-93],[-84,-7],[-137,4],[-85,-42]],[[12104,42138],[-34,5],[-29,-68],[-73,-46],[-33,10],[-40,48],[62,37],[-29,28],[-50,-17]],[[8410,47109],[55,-57],[90,-134],[49,-15],[-15,-89],[18,-44],[-32,-67],[31,-21]],[[8953,47263],[62,-39],[36,-53],[-38,-18],[-24,-63],[2,-50],[-35,-63],[13,-76],[39,-32]],[[6961,43899],[-103,96],[-30,-19],[-79,92],[-62,33],[16,68],[-64,74],[-50,19],[-46,49],[-52,-32],[-20,-54],[-54,41],[11,55],[-54,35],[-89,20],[-18,35],[-109,-6],[-73,-19],[-35,73]],[[11998,41744],[-33,42],[-6,99],[-60,19],[-25,54],[-104,8]],[[8620,51618],[3,44],[123,6],[24,39],[64,10],[16,27],[161,128],[34,-14],[44,-63],[29,15]]],"transform":{"scale":[0.00032663833741335135,0.00031017152904484947],"translate":[102.14407834700006,7.180931477000058]},"objects":{"VNM":{"type":"GeometryCollection","geometries":[{"arcs":[[0,1,2,3,4,5,6]],"type":"Polygon","properties":{"name":"A Luoi","shapeGroup":"VNM","gid":"VNM-2-0"},"id":"VNM-2-0"},{"arcs":[[7,8,9,10,11,12]],"type":"Polygon","properties":{"name":"An Bien","shapeGroup":"VNM","gid":"VNM-2-1"},"id":"VNM-2-1"},{"arcs":[[13,14,15,16,17,18,19]],"type":"Polygon","properties":{"name":"An Duong","shapeGroup":"VNM","gid":"VNM-2-2"},"id":"VNM-2-2"},{"arcs":[[20,21,22,23]],"type":"Polygon","properties":{"name":"An Khe","shapeGroup":"VNM","gid":"VNM-2-3"},"id":"VNM-2-3"},{"arcs":[[-18,24,25,26,27,28]],"type":"Polygon","properties":{"name":"An Lao","shapeGroup":"VNM","gid":"VNM-2-4"},"id":"VNM-2-4"},{"arcs":[[29,30,31,32,33]],"type":"Polygon","properties":{"name":"An Lao","shapeGroup":"VNM","gid":"VNM-2-5"},"id":"VNM-2-5"},{"arcs":[[-10,34,35,36,37]],"type":"Polygon","properties":{"name":"An Minh","shapeGroup":"VNM","gid":"VNM-2-6"},"id":"VNM-2-6"},{"arcs":[[38,39,40,41]],"type":"Polygon","properties":{"name":"An Nhon","shapeGroup":"VNM","gid":"VNM-2-7"},"id":"VNM-2-7"},{"arcs":[[42,43,44]],"type":"Polygon","properties":{"name":"An Phu","shapeGroup":"VNM","gid":"VNM-2-8"},"id":"VNM-2-8"},{"arcs":[[45,46,47,48,49,50,51,52]],"type":"Polygon","properties":{"name":"An Thi","shapeGroup":"VNM","gid":"VNM-2-9"},"id":"VNM-2-9"},{"arcs":[[53,54,55,56,57,58]],"type":"Polygon","properties":{"name":"Anh Son","shapeGroup":"VNM","gid":"VNM-2-10"},"id":"VNM-2-10"},{"arcs":[[59,60,61,62]],"type":"Polygon","properties":{"name":"Ayun Pa","shapeGroup":"VNM","gid":"VNM-2-11"},"id":"VNM-2-11"},{"arcs":[[63,64,65,66,67,68]],"type":"Polygon","properties":{"name":"Ba Be","shapeGroup":"VNM","gid":"VNM-2-12"},"id":"VNM-2-12"},{"arcs":[[69,70,71,72,73]],"type":"Polygon","properties":{"name":"Ba Che","shapeGroup":"VNM","gid":"VNM-2-13"},"id":"VNM-2-13"},{"arcs":[[74,75,76,77,78]],"type":"Polygon","properties":{"name":"Ba Dinh","shapeGroup":"VNM","gid":"VNM-2-14"},"id":"VNM-2-14"},{"arcs":[[79,80,81,82]],"type":"Polygon","properties":{"name":"Ba Don","shapeGroup":"VNM","gid":"VNM-2-15"},"id":"VNM-2-15"},{"arcs":[[83,84,85,86,87]],"type":"Polygon","properties":{"name":"Ba Ria","shapeGroup":"VNM","gid":"VNM-2-16"},"id":"VNM-2-16"},{"arcs":[[88,89,90,91,92,93,94,95,96]],"type":"Polygon","properties":{"name":"Ba Thuoc","shapeGroup":"VNM","gid":"VNM-2-17"},"id":"VNM-2-17"},{"arcs":[[-34,97,98,99,100,101,102,103]],"type":"Polygon","properties":{"name":"Ba To","shapeGroup":"VNM","gid":"VNM-2-18"},"id":"VNM-2-18"},{"arcs":[[104,105,106,107]],"type":"Polygon","properties":{"name":"Ba Tri","shapeGroup":"VNM","gid":"VNM-2-19"},"id":"VNM-2-19"},{"arcs":[[108,109,110,111,112,113,114,115]],"type":"Polygon","properties":{"name":"Ba Vi","shapeGroup":"VNM","gid":"VNM-2-20"},"id":"VNM-2-20"},{"arcs":[[116,117,118,119,120,121,122,123,124]],"type":"Polygon","properties":{"name":"Bac Ai","shapeGroup":"VNM","gid":"VNM-2-21"},"id":"VNM-2-21"},{"arcs":[[125,126,127,128,129,130]],"type":"Polygon","properties":{"name":"Bac Binh","shapeGroup":"VNM","gid":"VNM-2-22"},"id":"VNM-2-22"},{"arcs":[[131,132,133,134]],"type":"Polygon","properties":{"name":"Bac Giang","shapeGroup":"VNM","gid":"VNM-2-23"},"id":"VNM-2-23"},{"arcs":[[135,136,137,138,139]],"type":"Polygon","properties":{"name":"Bac Ha","shapeGroup":"VNM","gid":"VNM-2-24"},"id":"VNM-2-24"},{"arcs":[[140,141]],"type":"Polygon","properties":{"name":"Bac Kan","shapeGroup":"VNM","gid":"VNM-2-25"},"id":"VNM-2-25"},{"arcs":[[142,143,144,145]],"type":"Polygon","properties":{"name":"Bac Lieu","shapeGroup":"VNM","gid":"VNM-2-26"},"id":"VNM-2-26"},{"arcs":[[146,147,148,149,150,151,152]],"type":"Polygon","properties":{"name":"Bac Me","shapeGroup":"VNM","gid":"VNM-2-27"},"id":"VNM-2-27"},{"arcs":[[153,154,155,156]],"type":"Polygon","properties":{"name":"Bac Ninh","shapeGroup":"VNM","gid":"VNM-2-28"},"id":"VNM-2-28"},{"arcs":[[157,158,159,160,161,162,163]],"type":"Polygon","properties":{"name":"Bac Quang","shapeGroup":"VNM","gid":"VNM-2-29"},"id":"VNM-2-29"},{"arcs":[[164,165,166,167]],"type":"Polygon","properties":{"name":"Bac Son","shapeGroup":"VNM","gid":"VNM-2-30"},"id":"VNM-2-30"},{"arcs":[[168,169,170,171,172]],"type":"Polygon","properties":{"name":"Bac Tan Uyen","shapeGroup":"VNM","gid":"VNM-2-31"},"id":"VNM-2-31"},{"arcs":[[173,174,175,176,177,178,179,180]],"type":"Polygon","properties":{"name":"Bac Tra My","shapeGroup":"VNM","gid":"VNM-2-32"},"id":"VNM-2-32"},{"arcs":[[181,182,183,184,185,186]],"type":"Polygon","properties":{"name":"Bac Tu Liem","shapeGroup":"VNM","gid":"VNM-2-33"},"id":"VNM-2-33"},{"arcs":[[187,188,189,190,191,192]],"type":"Polygon","properties":{"name":"Bac Yen","shapeGroup":"VNM","gid":"VNM-2-34"},"id":"VNM-2-34"},{"arcs":[[193]],"type":"Polygon","properties":{"name":"Bach Long Vi","shapeGroup":"VNM","gid":"VNM-2-35"},"id":"VNM-2-35"},{"arcs":[[-65,194,195,196,-142,197,198]],"type":"Polygon","properties":{"name":"Bach Thong","shapeGroup":"VNM","gid":"VNM-2-36"},"id":"VNM-2-36"},{"arcs":[[199,200,201,202,203]],"type":"Polygon","properties":{"name":"Bao Lac","shapeGroup":"VNM","gid":"VNM-2-37"},"id":"VNM-2-37"},{"arcs":[[-147,204,205,206,-203,207,208]],"type":"Polygon","properties":{"name":"Bao Lam","shapeGroup":"VNM","gid":"VNM-2-38"},"id":"VNM-2-38"},{"arcs":[[209,210,211,212,213,214,215,216,217,218,219]],"type":"Polygon","properties":{"name":"Bao Lam","shapeGroup":"VNM","gid":"VNM-2-39"},"id":"VNM-2-39"},{"arcs":[[-215,220]],"type":"Polygon","properties":{"name":"Bao Loc","shapeGroup":"VNM","gid":"VNM-2-40"},"id":"VNM-2-40"},{"arcs":[[-137,221,222,223,224,225,226]],"type":"Polygon","properties":{"name":"Bao Thang","shapeGroup":"VNM","gid":"VNM-2-41"},"id":"VNM-2-41"},{"arcs":[[-136,227,228,229,230,231,-222]],"type":"Polygon","properties":{"name":"Bao Yen","shapeGroup":"VNM","gid":"VNM-2-42"},"id":"VNM-2-42"},{"arcs":[[232,233,234,235,236]],"type":"Polygon","properties":{"name":"Bat Xat","shapeGroup":"VNM","gid":"VNM-2-43"},"id":"VNM-2-43"},{"arcs":[[-172,237,238,239,240]],"type":"Polygon","properties":{"name":"Bau Bang","shapeGroup":"VNM","gid":"VNM-2-44"},"id":"VNM-2-44"},{"arcs":[[-171,241,242,243,244,-238]],"type":"Polygon","properties":{"name":"Ben Cat","shapeGroup":"VNM","gid":"VNM-2-45"},"id":"VNM-2-45"},{"arcs":[[245,246,247,248]],"type":"Polygon","properties":{"name":"Ben Cau","shapeGroup":"VNM","gid":"VNM-2-46"},"id":"VNM-2-46"},{"arcs":[[249,250,251,252,253,254,255]],"type":"Polygon","properties":{"name":"Ben Luc","shapeGroup":"VNM","gid":"VNM-2-47"},"id":"VNM-2-47"},{"arcs":[[256,257,258]],"type":"Polygon","properties":{"name":"Ben Tre","shapeGroup":"VNM","gid":"VNM-2-48"},"id":"VNM-2-48"},{"arcs":[[259,260,261,262,263,264]],"type":"Polygon","properties":{"name":"Bien Hoa","shapeGroup":"VNM","gid":"VNM-2-49"},"id":"VNM-2-49"},{"arcs":[[265,266,267]],"type":"Polygon","properties":{"name":"Bim Son","shapeGroup":"VNM","gid":"VNM-2-50"},"id":"VNM-2-50"},{"arcs":[[-250,268,269,270,271,272,273,274]],"type":"Polygon","properties":{"name":"Binh Chanh","shapeGroup":"VNM","gid":"VNM-2-51"},"id":"VNM-2-51"},{"arcs":[[-108,275,276,277,278,279]],"type":"Polygon","properties":{"name":"Binh Dai","shapeGroup":"VNM","gid":"VNM-2-52"},"id":"VNM-2-52"},{"arcs":[[-168,280,281,282,283,284]],"type":"Polygon","properties":{"name":"Binh Gia","shapeGroup":"VNM","gid":"VNM-2-53"},"id":"VNM-2-53"},{"arcs":[[-46,285,286,287,288]],"type":"Polygon","properties":{"name":"Binh Giang","shapeGroup":"VNM","gid":"VNM-2-54"},"id":"VNM-2-54"},{"arcs":[[289,290,291,292,293]],"type":"Polygon","properties":{"name":"Binh Lieu","shapeGroup":"VNM","gid":"VNM-2-55"},"id":"VNM-2-55"},{"arcs":[[294,295]],"type":"Polygon","properties":{"name":"Binh Long","shapeGroup":"VNM","gid":"VNM-2-56"},"id":"VNM-2-56"},{"arcs":[[296,297,298,299,300,301]],"type":"Polygon","properties":{"name":"Binh Luc","shapeGroup":"VNM","gid":"VNM-2-57"},"id":"VNM-2-57"},{"arcs":[[302,303,304,305,306]],"type":"Polygon","properties":{"name":"Binh Minh","shapeGroup":"VNM","gid":"VNM-2-58"},"id":"VNM-2-58"},{"arcs":[[307,308,309,310]],"type":"Polygon","properties":{"name":"Binh Son","shapeGroup":"VNM","gid":"VNM-2-59"},"id":"VNM-2-59"},{"arcs":[[-307,311,312,313,314,315,316]],"type":"Polygon","properties":{"name":"Binh Tan","shapeGroup":"VNM","gid":"VNM-2-60"},"id":"VNM-2-60"},{"arcs":[[-271,317,318,319,320,321]],"type":"Polygon","properties":{"name":"Binh Tan","shapeGroup":"VNM","gid":"VNM-2-61"},"id":"VNM-2-61"},{"arcs":[[322,323,324,325,326,327]],"type":"Polygon","properties":{"name":"Binh Thanh","shapeGroup":"VNM","gid":"VNM-2-62"},"id":"VNM-2-62"},{"arcs":[[-313,328,329,330]],"type":"Polygon","properties":{"name":"Binh Thuy","shapeGroup":"VNM","gid":"VNM-2-63"},"id":"VNM-2-63"},{"arcs":[[331,332,333,334,335,336,337,338]],"type":"Polygon","properties":{"name":"Binh Xuyen","shapeGroup":"VNM","gid":"VNM-2-64"},"id":"VNM-2-64"},{"arcs":[[-81,339,340,341,342,343,344]],"type":"Polygon","properties":{"name":"Bo Trach","shapeGroup":"VNM","gid":"VNM-2-65"},"id":"VNM-2-65"},{"arcs":[[345,346,347,348,349,350,351,352,353]],"type":"Polygon","properties":{"name":"Bu Dang","shapeGroup":"VNM","gid":"VNM-2-66"},"id":"VNM-2-66"},{"arcs":[[354,355,356]],"type":"Polygon","properties":{"name":"Bu Dop","shapeGroup":"VNM","gid":"VNM-2-67"},"id":"VNM-2-67"},{"arcs":[[-351,357,358,359,-357,360,361,-353,362]],"type":"Polygon","properties":{"name":"Bu Gia Map","shapeGroup":"VNM","gid":"VNM-2-68"},"id":"VNM-2-68"},{"arcs":[[363,364,365,366,367]],"type":"Polygon","properties":{"name":"Buon Don","shapeGroup":"VNM","gid":"VNM-2-69"},"id":"VNM-2-69"},{"arcs":[[368,369,370,371]],"type":"Polygon","properties":{"name":"Buon Ho","shapeGroup":"VNM","gid":"VNM-2-70"},"id":"VNM-2-70"},{"arcs":[[-365,372,373,374,375,376]],"type":"Polygon","properties":{"name":"Buon Ma Thuot","shapeGroup":"VNM","gid":"VNM-2-71"},"id":"VNM-2-71"},{"arcs":[[377,378,379,380,381,382]],"type":"Polygon","properties":{"name":"Ca Mau","shapeGroup":"VNM","gid":"VNM-2-72"},"id":"VNM-2-72"},{"arcs":[[383,384,385,386,387,388,389]],"type":"Polygon","properties":{"name":"Cai Be","shapeGroup":"VNM","gid":"VNM-2-73"},"id":"VNM-2-73"},{"arcs":[[-381,390,391,392,393]],"type":"Polygon","properties":{"name":"Cai Nuoc","shapeGroup":"VNM","gid":"VNM-2-74"},"id":"VNM-2-74"},{"arcs":[[-305,394,395,396,397,398]],"type":"Polygon","properties":{"name":"Cai Rang","shapeGroup":"VNM","gid":"VNM-2-75"},"id":"VNM-2-75"},{"arcs":[[-287,399,400,401,402,403,404,405]],"type":"Polygon","properties":{"name":"Cam Giang","shapeGroup":"VNM","gid":"VNM-2-76"},"id":"VNM-2-76"},{"arcs":[[406,407,408,409]],"type":"Polygon","properties":{"name":"Cam Khe","shapeGroup":"VNM","gid":"VNM-2-77"},"id":"VNM-2-77"},{"arcs":[[410,411,412,413,414,415]],"type":"Polygon","properties":{"name":"Cam Lam","shapeGroup":"VNM","gid":"VNM-2-78"},"id":"VNM-2-78"},{"arcs":[[416,417,418,419,420]],"type":"Polygon","properties":{"name":"Cam Le","shapeGroup":"VNM","gid":"VNM-2-79"},"id":"VNM-2-79"},{"arcs":[[421,422,423,424]],"type":"Polygon","properties":{"name":"Cam Lo","shapeGroup":"VNM","gid":"VNM-2-80"},"id":"VNM-2-80"},{"arcs":[[425,426,427,428,429,430]],"type":"Polygon","properties":{"name":"Cam My","shapeGroup":"VNM","gid":"VNM-2-81"},"id":"VNM-2-81"},{"arcs":[[-71,431,432,433,434,435]],"type":"Polygon","properties":{"name":"Cam Pha","shapeGroup":"VNM","gid":"VNM-2-82"},"id":"VNM-2-82"},{"arcs":[[-118,436,-412,437,438]],"type":"Polygon","properties":{"name":"Cam Ranh","shapeGroup":"VNM","gid":"VNM-2-83"},"id":"VNM-2-83"},{"arcs":[[-92,439,440,441,442]],"type":"Polygon","properties":{"name":"Cam Thuy","shapeGroup":"VNM","gid":"VNM-2-84"},"id":"VNM-2-84"},{"arcs":[[443,444,445,446,447,448,449]],"type":"Polygon","properties":{"name":"Cam Xuyen","shapeGroup":"VNM","gid":"VNM-2-85"},"id":"VNM-2-85"},{"arcs":[[-252,450,451,452,453,454,455]],"type":"Polygon","properties":{"name":"Can Duoc","shapeGroup":"VNM","gid":"VNM-2-86"},"id":"VNM-2-86"},{"arcs":[[-452,456,457,458,459,460,461]],"type":"Polygon","properties":{"name":"Can Gio","shapeGroup":"VNM","gid":"VNM-2-87"},"id":"VNM-2-87"},{"arcs":[[-251,-275,462,-457,-451]],"type":"Polygon","properties":{"name":"Can Giuoc","shapeGroup":"VNM","gid":"VNM-2-88"},"id":"VNM-2-88"},{"arcs":[[463,464,465,466,467,468]],"type":"Polygon","properties":{"name":"Can Loc","shapeGroup":"VNM","gid":"VNM-2-89"},"id":"VNM-2-89"},{"arcs":[[469,470,471,472,473,474]],"type":"Polygon","properties":{"name":"Cang Long","shapeGroup":"VNM","gid":"VNM-2-90"},"id":"VNM-2-90"},{"arcs":[[475,476]],"type":"Polygon","properties":{"name":"Cao Bang","shapeGroup":"VNM","gid":"VNM-2-91"},"id":"VNM-2-91"},{"arcs":[[[477,478,479]],[[480,481,482,483,484,485]]],"type":"MultiPolygon","properties":{"name":"Cao Loc","shapeGroup":"VNM","gid":"VNM-2-92"},"id":"VNM-2-92"},{"arcs":[[486,487,488,489,490]],"type":"Polygon","properties":{"name":"Cao Phong","shapeGroup":"VNM","gid":"VNM-2-93"},"id":"VNM-2-93"},{"arcs":[[[491]],[[492,493,494]],[[495]],[[496]]],"type":"MultiPolygon","properties":{"name":"Cat Hai","shapeGroup":"VNM","gid":"VNM-2-94"},"id":"VNM-2-94"},{"arcs":[[-218,497,498,-347,499]],"type":"Polygon","properties":{"name":"Cat Tien","shapeGroup":"VNM","gid":"VNM-2-95"},"id":"VNM-2-95"},{"arcs":[[-77,500,501,502,-183,503]],"type":"Polygon","properties":{"name":"Cau Giay","shapeGroup":"VNM","gid":"VNM-2-96"},"id":"VNM-2-96"},{"arcs":[[-474,504,505,506,507,508]],"type":"Polygon","properties":{"name":"Cau Ke","shapeGroup":"VNM","gid":"VNM-2-97"},"id":"VNM-2-97"},{"arcs":[[509,510,511]],"type":"Polygon","properties":{"name":"Cau Ngang","shapeGroup":"VNM","gid":"VNM-2-98"},"id":"VNM-2-98"},{"arcs":[[-44,512,513,514,515,516]],"type":"Polygon","properties":{"name":"Chau Doc","shapeGroup":"VNM","gid":"VNM-2-99"},"id":"VNM-2-99"},{"arcs":[[-88,517,518,-429,519,520]],"type":"Polygon","properties":{"name":"Chau Duc","shapeGroup":"VNM","gid":"VNM-2-100"},"id":"VNM-2-100"},{"arcs":[[-515,521,522,523,524]],"type":"Polygon","properties":{"name":"Chau Phu","shapeGroup":"VNM","gid":"VNM-2-101"},"id":"VNM-2-101"},{"arcs":[[-249,525,526,527,528,529]],"type":"Polygon","properties":{"name":"Chau Thanh","shapeGroup":"VNM","gid":"VNM-2-102"},"id":"VNM-2-102"},{"arcs":[[-455,530,531,532,533,534]],"type":"Polygon","properties":{"name":"Chau Thanh","shapeGroup":"VNM","gid":"VNM-2-103"},"id":"VNM-2-103"},{"arcs":[[-316,535,536,537,-386,538,539,540]],"type":"Polygon","properties":{"name":"Chau Thanh","shapeGroup":"VNM","gid":"VNM-2-104"},"id":"VNM-2-104"},{"arcs":[[-524,541,542,543,544,545]],"type":"Polygon","properties":{"name":"Chau Thanh","shapeGroup":"VNM","gid":"VNM-2-105"},"id":"VNM-2-105"},{"arcs":[[546,547,548,549,550,551,552]],"type":"Polygon","properties":{"name":"Chau Thanh","shapeGroup":"VNM","gid":"VNM-2-106"},"id":"VNM-2-106"},{"arcs":[[-259,553,554,555,-549,556,557,-277,558]],"type":"Polygon","properties":{"name":"Chau Thanh","shapeGroup":"VNM","gid":"VNM-2-107"},"id":"VNM-2-107"},{"arcs":[[-13,559,560,561,562]],"type":"Polygon","properties":{"name":"Chau Thanh","shapeGroup":"VNM","gid":"VNM-2-108"},"id":"VNM-2-108"},{"arcs":[[-396,563,564,565,566,567]],"type":"Polygon","properties":{"name":"Chau Thanh","shapeGroup":"VNM","gid":"VNM-2-109"},"id":"VNM-2-109"},{"arcs":[[-472,568,569,570,571,-512,572,573]],"type":"Polygon","properties":{"name":"Chau Thanh","shapeGroup":"VNM","gid":"VNM-2-110"},"id":"VNM-2-110"},{"arcs":[[574,575,576,577,578]],"type":"Polygon","properties":{"name":"Chau Thanh","shapeGroup":"VNM","gid":"VNM-2-111"},"id":"VNM-2-111"},{"arcs":[[-397,-568,579,580,581,582,583]],"type":"Polygon","properties":{"name":"Chau Thanh A","shapeGroup":"VNM","gid":"VNM-2-112"},"id":"VNM-2-112"},{"arcs":[[-479,584,-482,585,586,587,588]],"type":"Polygon","properties":{"name":"Chi Lang","shapeGroup":"VNM","gid":"VNM-2-113"},"id":"VNM-2-113"},{"arcs":[[589,590,591,592,593,594,595,596]],"type":"Polygon","properties":{"name":"Chi Linh","shapeGroup":"VNM","gid":"VNM-2-114"},"id":"VNM-2-114"},{"arcs":[[-159,597,598,599,600,601]],"type":"Polygon","properties":{"name":"Chiem Hoa","shapeGroup":"VNM","gid":"VNM-2-115"},"id":"VNM-2-115"},{"arcs":[[-66,-199,602,603,604,-600,605]],"type":"Polygon","properties":{"name":"Cho Don","shapeGroup":"VNM","gid":"VNM-2-116"},"id":"VNM-2-116"},{"arcs":[[-278,-558,606,-547,607,-533,608,609]],"type":"Polygon","properties":{"name":"Cho Gao","shapeGroup":"VNM","gid":"VNM-2-117"},"id":"VNM-2-117"},{"arcs":[[-555,610,611,612,613,614]],"type":"Polygon","properties":{"name":"Cho Lach","shapeGroup":"VNM","gid":"VNM-2-118"},"id":"VNM-2-118"},{"arcs":[[-141,-197,615,616,617,618,619,-603,-198]],"type":"Polygon","properties":{"name":"Cho Moi","shapeGroup":"VNM","gid":"VNM-2-119"},"id":"VNM-2-119"},{"arcs":[[-523,620,621,622,623,624,625,-542]],"type":"Polygon","properties":{"name":"Cho Moi","shapeGroup":"VNM","gid":"VNM-2-120"},"id":"VNM-2-120"},{"arcs":[[-240,626,627,628,629,630]],"type":"Polygon","properties":{"name":"Chon Thanh","shapeGroup":"VNM","gid":"VNM-2-121"},"id":"VNM-2-121"},{"arcs":[[631,632,633,634,635,636]],"type":"Polygon","properties":{"name":"Chu Pah","shapeGroup":"VNM","gid":"VNM-2-122"},"id":"VNM-2-122"},{"arcs":[[637,638,639,640,641,642,643,644]],"type":"Polygon","properties":{"name":"Chu Prong","shapeGroup":"VNM","gid":"VNM-2-123"},"id":"VNM-2-123"},{"arcs":[[-639,645,646,647,648]],"type":"Polygon","properties":{"name":"Chu Puh","shapeGroup":"VNM","gid":"VNM-2-124"},"id":"VNM-2-124"},{"arcs":[[-638,649,650,651,652,-646]],"type":"Polygon","properties":{"name":"Chu Se","shapeGroup":"VNM","gid":"VNM-2-125"},"id":"VNM-2-125"},{"arcs":[[653,654,655,656,657,658]],"type":"Polygon","properties":{"name":"Chuong My","shapeGroup":"VNM","gid":"VNM-2-126"},"id":"VNM-2-126"},{"arcs":[[659,660,661,662,663,664]],"type":"Polygon","properties":{"name":"Co Do","shapeGroup":"VNM","gid":"VNM-2-127"},"id":"VNM-2-127"},{"arcs":[[[665]],[[666]],[[667]]],"type":"MultiPolygon","properties":{"name":"Co To","shapeGroup":"VNM","gid":"VNM-2-128"},"id":"VNM-2-128"},{"arcs":[[668]],"type":"Polygon","properties":{"name":"Con Co","shapeGroup":"VNM","gid":"VNM-2-129"},"id":"VNM-2-129"},{"arcs":[[-58,669,670,671,672]],"type":"Polygon","properties":{"name":"Con Cuong","shapeGroup":"VNM","gid":"VNM-2-130"},"id":"VNM-2-130"},{"arcs":[[[673]],[[674]],[[675]]],"type":"MultiPolygon","properties":{"name":"Con Dao","shapeGroup":"VNM","gid":"VNM-2-131"},"id":"VNM-2-131"},{"arcs":[[-244,676,677,678,679,680,681]],"type":"Polygon","properties":{"name":"Cu Chi","shapeGroup":"VNM","gid":"VNM-2-132"},"id":"VNM-2-132"},{"arcs":[[-366,-377,682,683,684,685]],"type":"Polygon","properties":{"name":"Cu Jut","shapeGroup":"VNM","gid":"VNM-2-133"},"id":"VNM-2-133"},{"arcs":[[-375,686,687,688]],"type":"Polygon","properties":{"name":"Cu Kuin","shapeGroup":"VNM","gid":"VNM-2-134"},"id":"VNM-2-134"},{"arcs":[[-506,689,690,691,692,693,694]],"type":"Polygon","properties":{"name":"Cu Lao Dung","shapeGroup":"VNM","gid":"VNM-2-135"},"id":"VNM-2-135"},{"arcs":[[-364,695,696,697,-371,698,-373]],"type":"Polygon","properties":{"name":"Cu Mgar","shapeGroup":"VNM","gid":"VNM-2-136"},"id":"VNM-2-136"},{"arcs":[[699,700,701]],"type":"Polygon","properties":{"name":"Cua Lo","shapeGroup":"VNM","gid":"VNM-2-137"},"id":"VNM-2-137"},{"arcs":[[-491,702,703,704,705,706,707,708]],"type":"Polygon","properties":{"name":"Da Bac","shapeGroup":"VNM","gid":"VNM-2-138"},"id":"VNM-2-138"},{"arcs":[[-214,709,710,711,712,-216,-221]],"type":"Polygon","properties":{"name":"Da Huoai","shapeGroup":"VNM","gid":"VNM-2-139"},"id":"VNM-2-139"},{"arcs":[[-7,713,714,715,-424,716,717,718,719]],"type":"Polygon","properties":{"name":"Da Krong","shapeGroup":"VNM","gid":"VNM-2-140"},"id":"VNM-2-140"},{"arcs":[[720,721,722,723]],"type":"Polygon","properties":{"name":"Da Lat","shapeGroup":"VNM","gid":"VNM-2-141"},"id":"VNM-2-141"},{"arcs":[[-217,-713,724,-498]],"type":"Polygon","properties":{"name":"Da Teh","shapeGroup":"VNM","gid":"VNM-2-142"},"id":"VNM-2-142"},{"arcs":[[725,726,727,728,729,730]],"type":"Polygon","properties":{"name":"Dai Loc","shapeGroup":"VNM","gid":"VNM-2-143"},"id":"VNM-2-143"},{"arcs":[[-339,731,732,733,734,735,736]],"type":"Polygon","properties":{"name":"Dai Tu","shapeGroup":"VNM","gid":"VNM-2-144"},"id":"VNM-2-144"},{"arcs":[[-632,737,738,739,-650,-645,740]],"type":"Polygon","properties":{"name":"Dak Doa","shapeGroup":"VNM","gid":"VNM-2-145"},"id":"VNM-2-145"},{"arcs":[[741,742,743,744,745,746]],"type":"Polygon","properties":{"name":"Dak Glei","shapeGroup":"VNM","gid":"VNM-2-146"},"id":"VNM-2-146"},{"arcs":[[-210,747,748,749,750,751,752,753]],"type":"Polygon","properties":{"name":"Dak Glong","shapeGroup":"VNM","gid":"VNM-2-147"},"id":"VNM-2-147"},{"arcs":[[754,755,756,757,758,759]],"type":"Polygon","properties":{"name":"Dak Ha","shapeGroup":"VNM","gid":"VNM-2-148"},"id":"VNM-2-148"},{"arcs":[[-685,760,761,762]],"type":"Polygon","properties":{"name":"Dak Mil","shapeGroup":"VNM","gid":"VNM-2-149"},"id":"VNM-2-149"},{"arcs":[[-22,763,764,765,766]],"type":"Polygon","properties":{"name":"Dak Po","shapeGroup":"VNM","gid":"VNM-2-150"},"id":"VNM-2-150"},{"arcs":[[-219,-500,-346,767,768]],"type":"Polygon","properties":{"name":"Dak Rlap","shapeGroup":"VNM","gid":"VNM-2-151"},"id":"VNM-2-151"},{"arcs":[[-749,769,770,771,-762,772]],"type":"Polygon","properties":{"name":"Dak Song","shapeGroup":"VNM","gid":"VNM-2-152"},"id":"VNM-2-152"},{"arcs":[[-759,773,774,775]],"type":"Polygon","properties":{"name":"Dak To","shapeGroup":"VNM","gid":"VNM-2-153"},"id":"VNM-2-153"},{"arcs":[[-380,776,777,778,-391]],"type":"Polygon","properties":{"name":"Dam Doi","shapeGroup":"VNM","gid":"VNM-2-154"},"id":"VNM-2-154"},{"arcs":[[[779]],[[780]],[[-291,781,782,783]]],"type":"MultiPolygon","properties":{"name":"Dam Ha","shapeGroup":"VNM","gid":"VNM-2-155"},"id":"VNM-2-155"},{"arcs":[[-752,784,785,786]],"type":"Polygon","properties":{"name":"Dam Rong","shapeGroup":"VNM","gid":"VNM-2-156"},"id":"VNM-2-156"},{"arcs":[[-186,787,788,789,790]],"type":"Polygon","properties":{"name":"Dan Phuong","shapeGroup":"VNM","gid":"VNM-2-157"},"id":"VNM-2-157"},{"arcs":[[-84,-521,791,792,793]],"type":"Polygon","properties":{"name":"Dat Do","shapeGroup":"VNM","gid":"VNM-2-158"},"id":"VNM-2-158"},{"arcs":[[-239,-245,-682,794,795,796,797,-627]],"type":"Polygon","properties":{"name":"Dau Tieng","shapeGroup":"VNM","gid":"VNM-2-159"},"id":"VNM-2-159"},{"arcs":[[-263,798,799,800,801]],"type":"Polygon","properties":{"name":"Di An","shapeGroup":"VNM","gid":"VNM-2-160"},"id":"VNM-2-160"},{"arcs":[[-130,802,-211,-754,803,804]],"type":"Polygon","properties":{"name":"Di Linh","shapeGroup":"VNM","gid":"VNM-2-161"},"id":"VNM-2-161"},{"arcs":[[-726,805,806,807,808,809]],"type":"Polygon","properties":{"name":"Dien Ban","shapeGroup":"VNM","gid":"VNM-2-162"},"id":"VNM-2-162"},{"arcs":[[810,811,812,813,814,815,816]],"type":"Polygon","properties":{"name":"Dien Bien","shapeGroup":"VNM","gid":"VNM-2-163"},"id":"VNM-2-163"},{"arcs":[[-812,817,818,819,820,-814,821]],"type":"Polygon","properties":{"name":"Dien Bien Dong","shapeGroup":"VNM","gid":"VNM-2-164"},"id":"VNM-2-164"},{"arcs":[[-813,-822]],"type":"Polygon","properties":{"name":"Dien Bien Phu","shapeGroup":"VNM","gid":"VNM-2-165"},"id":"VNM-2-165"},{"arcs":[[822,823,824,825]],"type":"Polygon","properties":{"name":"Dien Chau","shapeGroup":"VNM","gid":"VNM-2-166"},"id":"VNM-2-166"},{"arcs":[[-415,826,827,828]],"type":"Polygon","properties":{"name":"Dien Khanh","shapeGroup":"VNM","gid":"VNM-2-167"},"id":"VNM-2-167"},{"arcs":[[-604,-620,829,-734,830,831]],"type":"Polygon","properties":{"name":"Dinh Hoa","shapeGroup":"VNM","gid":"VNM-2-168"},"id":"VNM-2-168"},{"arcs":[[-74,832,833,834,-293,835]],"type":"Polygon","properties":{"name":"Dinh Lap","shapeGroup":"VNM","gid":"VNM-2-169"},"id":"VNM-2-169"},{"arcs":[[836,837,838,839,840,841,842]],"type":"Polygon","properties":{"name":"Dinh Quan","shapeGroup":"VNM","gid":"VNM-2-170"},"id":"VNM-2-170"},{"arcs":[[-55,843,844,845,846,847]],"type":"Polygon","properties":{"name":"Do Luong","shapeGroup":"VNM","gid":"VNM-2-171"},"id":"VNM-2-171"},{"arcs":[[848,849,850]],"type":"Polygon","properties":{"name":"Do Son","shapeGroup":"VNM","gid":"VNM-2-172"},"id":"VNM-2-172"},{"arcs":[[851,852,853,854,855,856]],"type":"Polygon","properties":{"name":"Doan Hung","shapeGroup":"VNM","gid":"VNM-2-173"},"id":"VNM-2-173"},{"arcs":[[-123,857,858,-721,859]],"type":"Polygon","properties":{"name":"Don Duong","shapeGroup":"VNM","gid":"VNM-2-174"},"id":"VNM-2-174"},{"arcs":[[-187,-791,860,861,862,863,864,865,866]],"type":"Polygon","properties":{"name":"Dong Anh","shapeGroup":"VNM","gid":"VNM-2-175"},"id":"VNM-2-175"},{"arcs":[[-76,867,868,869,-501]],"type":"Polygon","properties":{"name":"Dong Da","shapeGroup":"VNM","gid":"VNM-2-176"},"id":"VNM-2-176"},{"arcs":[[-730,870,871,872,873]],"type":"Polygon","properties":{"name":"Dong Giang","shapeGroup":"VNM","gid":"VNM-2-177"},"id":"VNM-2-177"},{"arcs":[[-422,874,875]],"type":"Polygon","properties":{"name":"Dong Ha","shapeGroup":"VNM","gid":"VNM-2-178"},"id":"VNM-2-178"},{"arcs":[[-379,876,877,878,-777]],"type":"Polygon","properties":{"name":"Dong Hai","shapeGroup":"VNM","gid":"VNM-2-179"},"id":"VNM-2-179"},{"arcs":[[879,880,881,882,883]],"type":"Polygon","properties":{"name":"Dong Hoa","shapeGroup":"VNM","gid":"VNM-2-180"},"id":"VNM-2-180"},{"arcs":[[-341,884,885]],"type":"Polygon","properties":{"name":"Dong Hoi","shapeGroup":"VNM","gid":"VNM-2-181"},"id":"VNM-2-181"},{"arcs":[[886,887,888,889,890,891]],"type":"Polygon","properties":{"name":"Dong Hung","shapeGroup":"VNM","gid":"VNM-2-182"},"id":"VNM-2-182"},{"arcs":[[-618,892,893,894,895,896]],"type":"Polygon","properties":{"name":"Dong Hy","shapeGroup":"VNM","gid":"VNM-2-183"},"id":"VNM-2-183"},{"arcs":[[-350,897,898,899,-629,900,-358]],"type":"Polygon","properties":{"name":"Dong Phu","shapeGroup":"VNM","gid":"VNM-2-184"},"id":"VNM-2-184"},{"arcs":[[901,902,903,904,905]],"type":"Polygon","properties":{"name":"Dong Son","shapeGroup":"VNM","gid":"VNM-2-185"},"id":"VNM-2-185"},{"arcs":[[-590,906,907,908,909,910]],"type":"Polygon","properties":{"name":"Dong Trieu","shapeGroup":"VNM","gid":"VNM-2-186"},"id":"VNM-2-186"},{"arcs":[[911,912,913]],"type":"Polygon","properties":{"name":"Dong Van","shapeGroup":"VNM","gid":"VNM-2-187"},"id":"VNM-2-187"},{"arcs":[[-630,-900,914]],"type":"Polygon","properties":{"name":"Dong Xoai","shapeGroup":"VNM","gid":"VNM-2-188"},"id":"VNM-2-188"},{"arcs":[[915,916,917,918,919,920,921]],"type":"Polygon","properties":{"name":"Dong Xuan","shapeGroup":"VNM","gid":"VNM-2-189"},"id":"VNM-2-189"},{"arcs":[[-642,922,923]],"type":"Polygon","properties":{"name":"Duc Co","shapeGroup":"VNM","gid":"VNM-2-190"},"id":"VNM-2-190"},{"arcs":[[-256,924,925,-680,926,-269]],"type":"Polygon","properties":{"name":"Duc Hoa","shapeGroup":"VNM","gid":"VNM-2-191"},"id":"VNM-2-191"},{"arcs":[[-255,927,928,929,930,-925]],"type":"Polygon","properties":{"name":"Duc Hue","shapeGroup":"VNM","gid":"VNM-2-192"},"id":"VNM-2-192"},{"arcs":[[-711,931,932,-837,933]],"type":"Polygon","properties":{"name":"Duc Linh","shapeGroup":"VNM","gid":"VNM-2-193"},"id":"VNM-2-193"},{"arcs":[[-103,934,935,936,937]],"type":"Polygon","properties":{"name":"Duc Pho","shapeGroup":"VNM","gid":"VNM-2-194"},"id":"VNM-2-194"},{"arcs":[[-467,938,939,940,941,942]],"type":"Polygon","properties":{"name":"Duc Tho","shapeGroup":"VNM","gid":"VNM-2-195"},"id":"VNM-2-195"},{"arcs":[[-131,-805,943,-722,-859,944,945]],"type":"Polygon","properties":{"name":"Duc Trong","shapeGroup":"VNM","gid":"VNM-2-196"},"id":"VNM-2-196"},{"arcs":[[-851,946,947,948,949,950,951]],"type":"Polygon","properties":{"name":"Duong Kinh","shapeGroup":"VNM","gid":"VNM-2-197"},"id":"VNM-2-197"},{"arcs":[[-796,952,953,954,955,956]],"type":"Polygon","properties":{"name":"Duong Minh Chau","shapeGroup":"VNM","gid":"VNM-2-198"},"id":"VNM-2-198"},{"arcs":[[-301,957,958,959,960,961,962,963,964]],"type":"Polygon","properties":{"name":"Duy Tien","shapeGroup":"VNM","gid":"VNM-2-199"},"id":"VNM-2-199"},{"arcs":[[-727,-810,965,966,967,968,969]],"type":"Polygon","properties":{"name":"Duy Xuyen","shapeGroup":"VNM","gid":"VNM-2-200"},"id":"VNM-2-200"},{"arcs":[[-510,-572,970,971,-692,972]],"type":"Polygon","properties":{"name":"Duyen Hai","shapeGroup":"VNM","gid":"VNM-2-201"},"id":"VNM-2-201"},{"arcs":[[-62,973,974,975,-697,976,-648,977]],"type":"Polygon","properties":{"name":"EA Hleo","shapeGroup":"VNM","gid":"VNM-2-202"},"id":"VNM-2-202"},{"arcs":[[978,979,980,981,982,983]],"type":"Polygon","properties":{"name":"Ea Kar","shapeGroup":"VNM","gid":"VNM-2-203"},"id":"VNM-2-203"},{"arcs":[[-368,984,-640,-649,-977,-696]],"type":"Polygon","properties":{"name":"Ea Sup","shapeGroup":"VNM","gid":"VNM-2-204"},"id":"VNM-2-204"},{"arcs":[[-594,985,986,987]],"type":"Polygon","properties":{"name":"Gia Binh","shapeGroup":"VNM","gid":"VNM-2-205"},"id":"VNM-2-205"},{"arcs":[[-865,988,989,990,991,992,993,994,995]],"type":"Polygon","properties":{"name":"Gia Lam","shapeGroup":"VNM","gid":"VNM-2-206"},"id":"VNM-2-206"},{"arcs":[[-288,-406,996,997,998,999]],"type":"Polygon","properties":{"name":"Gia Loc","shapeGroup":"VNM","gid":"VNM-2-207"},"id":"VNM-2-207"},{"arcs":[[-220,-769,-770,-748]],"type":"Polygon","properties":{"name":"Gia Nghia","shapeGroup":"VNM","gid":"VNM-2-208"},"id":"VNM-2-208"},{"arcs":[[-378,1000,1001,1002,-877]],"type":"Polygon","properties":{"name":"Gia Rai","shapeGroup":"VNM","gid":"VNM-2-209"},"id":"VNM-2-209"},{"arcs":[[1003,1004,1005,1006,1007]],"type":"Polygon","properties":{"name":"Gia Vien","shapeGroup":"VNM","gid":"VNM-2-210"},"id":"VNM-2-210"},{"arcs":[[1008,1009,1010,1011,1012]],"type":"Polygon","properties":{"name":"Giang Thanh","shapeGroup":"VNM","gid":"VNM-2-211"},"id":"VNM-2-211"},{"arcs":[[1013,1014,1015,1016,1017]],"type":"Polygon","properties":{"name":"Giao Thuy","shapeGroup":"VNM","gid":"VNM-2-212"},"id":"VNM-2-212"},{"arcs":[[-425,-716,1018,1019,1020,1021,-875]],"type":"Polygon","properties":{"name":"Gio Linh","shapeGroup":"VNM","gid":"VNM-2-213"},"id":"VNM-2-213"},{"arcs":[[-562,1022,-662,1023,-582,1024,1025,1026]],"type":"Polygon","properties":{"name":"Giong Rieng","shapeGroup":"VNM","gid":"VNM-2-214"},"id":"VNM-2-214"},{"arcs":[[-107,1027,1028,1029,-257,-559,-276]],"type":"Polygon","properties":{"name":"Giong Trom","shapeGroup":"VNM","gid":"VNM-2-215"},"id":"VNM-2-215"},{"arcs":[[-454,1030,1031,-531]],"type":"Polygon","properties":{"name":"Go Cong","shapeGroup":"VNM","gid":"VNM-2-216"},"id":"VNM-2-216"},{"arcs":[[-453,-462,1032,1033,1034,-1031]],"type":"Polygon","properties":{"name":"Go Cong Dong","shapeGroup":"VNM","gid":"VNM-2-217"},"id":"VNM-2-217"},{"arcs":[[-532,-1032,-1035,1035,-609]],"type":"Polygon","properties":{"name":"Go Cong Tay","shapeGroup":"VNM","gid":"VNM-2-218"},"id":"VNM-2-218"},{"arcs":[[-246,-530,1036,-954,1037]],"type":"Polygon","properties":{"name":"Go Dau","shapeGroup":"VNM","gid":"VNM-2-219"},"id":"VNM-2-219"},{"arcs":[[-8,-563,-1027,1038,1039,1040,1041,1042]],"type":"Polygon","properties":{"name":"Go Quao","shapeGroup":"VNM","gid":"VNM-2-220"},"id":"VNM-2-220"},{"arcs":[[-326,1043,1044,1045]],"type":"Polygon","properties":{"name":"Go Vap","shapeGroup":"VNM","gid":"VNM-2-221"},"id":"VNM-2-221"},{"arcs":[[-654,1046,1047,1048,1049,1050,1051]],"type":"Polygon","properties":{"name":"Ha Dong","shapeGroup":"VNM","gid":"VNM-2-222"},"id":"VNM-2-222"},{"arcs":[[-151,1052]],"type":"Polygon","properties":{"name":"Ha Giang","shapeGroup":"VNM","gid":"VNM-2-223"},"id":"VNM-2-223"},{"arcs":[[-410,1053,1054,1055,1056,1057,-855,1058]],"type":"Polygon","properties":{"name":"Ha Hoa","shapeGroup":"VNM","gid":"VNM-2-224"},"id":"VNM-2-224"},{"arcs":[[1059,1060,1061,1062]],"type":"Polygon","properties":{"name":"Ha Lang","shapeGroup":"VNM","gid":"VNM-2-225"},"id":"VNM-2-225"},{"arcs":[[[1063]],[[-435,1064,1065,1066]]],"type":"MultiPolygon","properties":{"name":"Ha Long","shapeGroup":"VNM","gid":"VNM-2-226"},"id":"VNM-2-226"},{"arcs":[[1067,1068,1069,1070]],"type":"Polygon","properties":{"name":"Ha Quang","shapeGroup":"VNM","gid":"VNM-2-227"},"id":"VNM-2-227"},{"arcs":[[-1012,1071,1072]],"type":"Polygon","properties":{"name":"Ha Tien","shapeGroup":"VNM","gid":"VNM-2-228"},"id":"VNM-2-228"},{"arcs":[[-448,1073,1074,1075]],"type":"Polygon","properties":{"name":"Ha Tinh","shapeGroup":"VNM","gid":"VNM-2-229"},"id":"VNM-2-229"},{"arcs":[[-267,1076,1077,1078,1079,1080,1081,1082,1083]],"type":"Polygon","properties":{"name":"Ha Trung","shapeGroup":"VNM","gid":"VNM-2-230"},"id":"VNM-2-230"},{"arcs":[[-493,1084,-951,1085,1086,1087]],"type":"Polygon","properties":{"name":"Hai An","shapeGroup":"VNM","gid":"VNM-2-231"},"id":"VNM-2-231"},{"arcs":[[-869,1088,1089,1090,1091]],"type":"Polygon","properties":{"name":"Hai Ba Trung","shapeGroup":"VNM","gid":"VNM-2-232"},"id":"VNM-2-232"},{"arcs":[[-417,1092,1093,1094,1095]],"type":"Polygon","properties":{"name":"Hai Chau","shapeGroup":"VNM","gid":"VNM-2-233"},"id":"VNM-2-233"},{"arcs":[[-405,1096,1097,1098,1099,-997]],"type":"Polygon","properties":{"name":"Hai Duong","shapeGroup":"VNM","gid":"VNM-2-234"},"id":"VNM-2-234"},{"arcs":[[[1100]],[[-290,1101,1102,1103,-782]]],"type":"MultiPolygon","properties":{"name":"Hai Ha","shapeGroup":"VNM","gid":"VNM-2-235"},"id":"VNM-2-235"},{"arcs":[[-1015,1104,1105,1106,1107]],"type":"Polygon","properties":{"name":"Hai Hau","shapeGroup":"VNM","gid":"VNM-2-236"},"id":"VNM-2-236"},{"arcs":[[-719,1108,1109,1110,1111]],"type":"Polygon","properties":{"name":"Hai Lang","shapeGroup":"VNM","gid":"VNM-2-237"},"id":"VNM-2-237"},{"arcs":[[1112,1113,1114,1115,1116,1117]],"type":"Polygon","properties":{"name":"Ham Tan","shapeGroup":"VNM","gid":"VNM-2-238"},"id":"VNM-2-238"},{"arcs":[[-129,1118,1119,1120,-212,-803]],"type":"Polygon","properties":{"name":"Ham Thuan Bac","shapeGroup":"VNM","gid":"VNM-2-239"},"id":"VNM-2-239"},{"arcs":[[-1113,1121,-1120,1122,1123,1124]],"type":"Polygon","properties":{"name":"Ham Thuan Nam","shapeGroup":"VNM","gid":"VNM-2-240"},"id":"VNM-2-240"},{"arcs":[[-160,-602,1125,1126,1127]],"type":"Polygon","properties":{"name":"Ham Yen","shapeGroup":"VNM","gid":"VNM-2-241"},"id":"VNM-2-241"},{"arcs":[[-1079,1128,1129,1130]],"type":"Polygon","properties":{"name":"Hau Loc","shapeGroup":"VNM","gid":"VNM-2-242"},"id":"VNM-2-242"},{"arcs":[[-181,1131,1132,1133,1134,1135]],"type":"Polygon","properties":{"name":"Hiep Duc","shapeGroup":"VNM","gid":"VNM-2-243"},"id":"VNM-2-243"},{"arcs":[[1136,1137,1138,1139,1140,1141]],"type":"Polygon","properties":{"name":"Hiep Hoa","shapeGroup":"VNM","gid":"VNM-2-244"},"id":"VNM-2-244"},{"arcs":[[-477,1142,1143,1144,-1069,1145,1146,1147,1148]],"type":"Polygon","properties":{"name":"Hoa An","shapeGroup":"VNM","gid":"VNM-2-245"},"id":"VNM-2-245"},{"arcs":[[-144,1149,-878,-1003,1150,1151]],"type":"Polygon","properties":{"name":"Hoa Binh","shapeGroup":"VNM","gid":"VNM-2-246"},"id":"VNM-2-246"},{"arcs":[[-487,-709,1152,1153,1154]],"type":"Polygon","properties":{"name":"Hoa Binh","shapeGroup":"VNM","gid":"VNM-2-247"},"id":"VNM-2-247"},{"arcs":[[-1006,1155,1156,1157,1158,1159,1160]],"type":"Polygon","properties":{"name":"Hoa Lu","shapeGroup":"VNM","gid":"VNM-2-248"},"id":"VNM-2-248"},{"arcs":[[-529,1161,-955,-1037]],"type":"Polygon","properties":{"name":"Hoa Thanh","shapeGroup":"VNM","gid":"VNM-2-249"},"id":"VNM-2-249"},{"arcs":[[-419,1162,-806,-731,-874,1163,1164,1165]],"type":"Polygon","properties":{"name":"Hoa Vang","shapeGroup":"VNM","gid":"VNM-2-250"},"id":"VNM-2-250"},{"arcs":[[-31,1166,1167,1168,1169]],"type":"Polygon","properties":{"name":"Hoai An","shapeGroup":"VNM","gid":"VNM-2-251"},"id":"VNM-2-251"},{"arcs":[[-185,1170,-1048,1171,1172,-788]],"type":"Polygon","properties":{"name":"Hoai Duc","shapeGroup":"VNM","gid":"VNM-2-252"},"id":"VNM-2-252"},{"arcs":[[-30,-104,-938,1173,1174,-1167]],"type":"Polygon","properties":{"name":"Hoai Nhon","shapeGroup":"VNM","gid":"VNM-2-253"},"id":"VNM-2-253"},{"arcs":[[-75,1175,-1089,-868]],"type":"Polygon","properties":{"name":"Hoan Kiem","shapeGroup":"VNM","gid":"VNM-2-254"},"id":"VNM-2-254"},{"arcs":[[-1080,-1131,1176,1177,1178,1179,1180,1181]],"type":"Polygon","properties":{"name":"Hoang Hoa","shapeGroup":"VNM","gid":"VNM-2-255"},"id":"VNM-2-255"},{"arcs":[[-995,1182,1183,-1091,1184]],"type":"Polygon","properties":{"name":"Hoang Mai","shapeGroup":"VNM","gid":"VNM-2-256"},"id":"VNM-2-256"},{"arcs":[[1185,1186,1187]],"type":"Polygon","properties":{"name":"Hoang Mai","shapeGroup":"VNM","gid":"VNM-2-257"},"id":"VNM-2-257"},{"arcs":[[[1188]],[[1189]],[[1190]],[[1191]],[[1192]],[[1193]],[[1194]],[[1195]],[[1196]],[[1197]],[[1198]],[[1199]],[[1200]],[[1201]],[[1202]],[[1203]],[[1204]],[[1205]],[[1206]],[[1207]],[[1208]],[[1209]],[[1210]],[[1211]],[[1212]],[[1213]],[[1214]],[[1215]],[[1216]],[[1217]],[[1218]],[[1219]]],"type":"MultiPolygon","properties":{"name":"Hoang Sa","shapeGroup":"VNM","gid":"VNM-2-258"},"id":"VNM-2-258"},{"arcs":[[-163,1220,1221,1222,1223]],"type":"Polygon","properties":{"name":"Hoang Su Phi","shapeGroup":"VNM","gid":"VNM-2-259"},"id":"VNM-2-259"},{"arcs":[[-72,-436,-1067,1224,1225,1226]],"type":"Polygon","properties":{"name":"Hoanh Bo","shapeGroup":"VNM","gid":"VNM-2-260"},"id":"VNM-2-260"},{"arcs":[[-270,-927,-679,1227,1228,-318]],"type":"Polygon","properties":{"name":"Hoc Mon","shapeGroup":"VNM","gid":"VNM-2-261"},"id":"VNM-2-261"},{"arcs":[[[-809,1229,-966]],[[1230]]],"type":"MultiPolygon","properties":{"name":"Hoi An","shapeGroup":"VNM","gid":"VNM-2-262"},"id":"VNM-2-262"},{"arcs":[[-1010,1231,1232,1233,1234,1235,1236]],"type":"Polygon","properties":{"name":"Hon Dat","shapeGroup":"VNM","gid":"VNM-2-263"},"id":"VNM-2-263"},{"arcs":[[-295,1237,-359,-901,-628,-798,1238,1239]],"type":"Polygon","properties":{"name":"Hon Quan","shapeGroup":"VNM","gid":"VNM-2-264"},"id":"VNM-2-264"},{"arcs":[[-15,1240,1241,1242]],"type":"Polygon","properties":{"name":"Hong Bang","shapeGroup":"VNM","gid":"VNM-2-265"},"id":"VNM-2-265"},{"arcs":[[-1041,1243,1244,1245,1246,1247]],"type":"Polygon","properties":{"name":"Hong Dan","shapeGroup":"VNM","gid":"VNM-2-266"},"id":"VNM-2-266"},{"arcs":[[-468,-943,1248,1249]],"type":"Polygon","properties":{"name":"Hong Linh","shapeGroup":"VNM","gid":"VNM-2-267"},"id":"VNM-2-267"},{"arcs":[[1250,1251,1252]],"type":"Polygon","properties":{"name":"Hue","shapeGroup":"VNM","gid":"VNM-2-268"},"id":"VNM-2-268"},{"arcs":[[-891,1253,1254,1255,1256,1257]],"type":"Polygon","properties":{"name":"Hung Ha","shapeGroup":"VNM","gid":"VNM-2-269"},"id":"VNM-2-269"},{"arcs":[[-942,1258,1259,1260,1261,-1249]],"type":"Polygon","properties":{"name":"Hung Nguyen","shapeGroup":"VNM","gid":"VNM-2-270"},"id":"VNM-2-270"},{"arcs":[[-964,1262,1263,1264]],"type":"Polygon","properties":{"name":"Hung Yen","shapeGroup":"VNM","gid":"VNM-2-271"},"id":"VNM-2-271"},{"arcs":[[-715,1265,1266,1267,-1019]],"type":"Polygon","properties":{"name":"Huong Hoa","shapeGroup":"VNM","gid":"VNM-2-272"},"id":"VNM-2-272"},{"arcs":[[-446,1268,1269,1270,-466,1271]],"type":"Polygon","properties":{"name":"Huong Khe","shapeGroup":"VNM","gid":"VNM-2-273"},"id":"VNM-2-273"},{"arcs":[[-940,1272,1273,1274,1275]],"type":"Polygon","properties":{"name":"Huong Son","shapeGroup":"VNM","gid":"VNM-2-274"},"id":"VNM-2-274"},{"arcs":[[-3,1276,-1252,1277,1278,1279]],"type":"Polygon","properties":{"name":"Huong Thuy","shapeGroup":"VNM","gid":"VNM-2-275"},"id":"VNM-2-275"},{"arcs":[[-2,1280,1281,1282,1283,-1253,-1277]],"type":"Polygon","properties":{"name":"Huong Tra","shapeGroup":"VNM","gid":"VNM-2-276"},"id":"VNM-2-276"},{"arcs":[[-166,1284,-588,1285,1286,1287,1288,1289]],"type":"Polygon","properties":{"name":"Huu Lung","shapeGroup":"VNM","gid":"VNM-2-277"},"id":"VNM-2-277"},{"arcs":[[-390,1290,1291,1292,-550,-556,-615,1293]],"type":"Polygon","properties":{"name":"Huyen Cai Lay","shapeGroup":"VNM","gid":"VNM-2-278"},"id":"VNM-2-278"},{"arcs":[[-387,-538,1294,1295,1296,-623,1297,1298,1299]],"type":"Polygon","properties":{"name":"Huyen Cao Lanh","shapeGroup":"VNM","gid":"VNM-2-279"},"id":"VNM-2-279"},{"arcs":[[1300,1301,1302,1303,1304,1305]],"type":"Polygon","properties":{"name":"Huyen Hong Ngu","shapeGroup":"VNM","gid":"VNM-2-280"},"id":"VNM-2-280"},{"arcs":[[-634,1306,-643,-924,1307,1308]],"type":"Polygon","properties":{"name":"Ia Grai","shapeGroup":"VNM","gid":"VNM-2-281"},"id":"VNM-2-281"},{"arcs":[[-60,1309,-652,1310,1311,-920,1312]],"type":"Polygon","properties":{"name":"Ia Pa","shapeGroup":"VNM","gid":"VNM-2-282"},"id":"VNM-2-282"},{"arcs":[[-23,-767,1313,-739,1314,1315,-98,-33,1316]],"type":"Polygon","properties":{"name":"KBang","shapeGroup":"VNM","gid":"VNM-2-283"},"id":"VNM-2-283"},{"arcs":[[-507,1317,-579,1318,1319,-565,1320]],"type":"Polygon","properties":{"name":"Ke Sach","shapeGroup":"VNM","gid":"VNM-2-284"},"id":"VNM-2-284"},{"arcs":[[-117,1321,-413,-437]],"type":"Polygon","properties":{"name":"Khanh Son","shapeGroup":"VNM","gid":"VNM-2-285"},"id":"VNM-2-285"},{"arcs":[[-125,1322,1323,1324,1325,-827,-414,-1322]],"type":"Polygon","properties":{"name":"Khanh Vinh","shapeGroup":"VNM","gid":"VNM-2-286"},"id":"VNM-2-286"},{"arcs":[[-51,1326,1327,1328,1329,1330]],"type":"Polygon","properties":{"name":"Khoai Chau","shapeGroup":"VNM","gid":"VNM-2-287"},"id":"VNM-2-287"},{"arcs":[[-17,1331,-948,1332,-25]],"type":"Polygon","properties":{"name":"Kien An","shapeGroup":"VNM","gid":"VNM-2-288"},"id":"VNM-2-288"},{"arcs":[[[1333]],[[1334]]],"type":"MultiPolygon","properties":{"name":"Kien Hai","shapeGroup":"VNM","gid":"VNM-2-289"},"id":"VNM-2-289"},{"arcs":[[-1011,-1237,1335,-1072]],"type":"Polygon","properties":{"name":"Kien Luong","shapeGroup":"VNM","gid":"VNM-2-290"},"id":"VNM-2-290"},{"arcs":[[-26,-1333,-947,-850,1336,1337]],"type":"Polygon","properties":{"name":"Kien Thuy","shapeGroup":"VNM","gid":"VNM-2-291"},"id":"VNM-2-291"},{"arcs":[[1338,1339,1340,1341,1342]],"type":"Polygon","properties":{"name":"Kien Tuong","shapeGroup":"VNM","gid":"VNM-2-292"},"id":"VNM-2-292"},{"arcs":[[-888,1343,1344,-1017,1345,1346,1347]],"type":"Polygon","properties":{"name":"Kien Xuong","shapeGroup":"VNM","gid":"VNM-2-293"},"id":"VNM-2-293"},{"arcs":[[-960,1348,1349,1350,1351,1352]],"type":"Polygon","properties":{"name":"Kim Bang","shapeGroup":"VNM","gid":"VNM-2-294"},"id":"VNM-2-294"},{"arcs":[[-488,-1155,1353,1354,1355,1356,1357]],"type":"Polygon","properties":{"name":"Kim Boi","shapeGroup":"VNM","gid":"VNM-2-295"},"id":"VNM-2-295"},{"arcs":[[-50,1358,-1263,-963,1359,-1327]],"type":"Polygon","properties":{"name":"Kim Dong","shapeGroup":"VNM","gid":"VNM-2-296"},"id":"VNM-2-296"},{"arcs":[[1360,1361,1362,1363,1364]],"type":"Polygon","properties":{"name":"Kim Son","shapeGroup":"VNM","gid":"VNM-2-297"},"id":"VNM-2-297"},{"arcs":[[-19,-29,1365,-1098,1366,1367]],"type":"Polygon","properties":{"name":"Kim Thanh","shapeGroup":"VNM","gid":"VNM-2-298"},"id":"VNM-2-298"},{"arcs":[[-20,-1368,1368,-591,-911,1369]],"type":"Polygon","properties":{"name":"Kinh Mon","shapeGroup":"VNM","gid":"VNM-2-299"},"id":"VNM-2-299"},{"arcs":[[-99,-1316,1370,-755,1371,1372,1373,1374]],"type":"Polygon","properties":{"name":"Kon Plong","shapeGroup":"VNM","gid":"VNM-2-300"},"id":"VNM-2-300"},{"arcs":[[-637,1375,-756,-1371,-1315,-738]],"type":"Polygon","properties":{"name":"Kon Ray","shapeGroup":"VNM","gid":"VNM-2-301"},"id":"VNM-2-301"},{"arcs":[[-636,1376,-757,-1376]],"type":"Polygon","properties":{"name":"Kon Tum","shapeGroup":"VNM","gid":"VNM-2-302"},"id":"VNM-2-302"},{"arcs":[[-765,1377,1378,-921,-1312,1379]],"type":"Polygon","properties":{"name":"Kong Chro","shapeGroup":"VNM","gid":"VNM-2-303"},"id":"VNM-2-303"},{"arcs":[[-376,-689,1380,1381,1382,-683]],"type":"Polygon","properties":{"name":"Krong A Na","shapeGroup":"VNM","gid":"VNM-2-304"},"id":"VNM-2-304"},{"arcs":[[-688,1383,-981,1384,-1324,1385,1386,-1381]],"type":"Polygon","properties":{"name":"Krong Bong","shapeGroup":"VNM","gid":"VNM-2-305"},"id":"VNM-2-305"},{"arcs":[[-372,-698,-976,1387]],"type":"Polygon","properties":{"name":"Krong Buk","shapeGroup":"VNM","gid":"VNM-2-306"},"id":"VNM-2-306"},{"arcs":[[-369,-1388,-975,1388,-983]],"type":"Polygon","properties":{"name":"Krong Nang","shapeGroup":"VNM","gid":"VNM-2-307"},"id":"VNM-2-307"},{"arcs":[[-684,-1383,1389,-750,-773,-761]],"type":"Polygon","properties":{"name":"Krong No","shapeGroup":"VNM","gid":"VNM-2-308"},"id":"VNM-2-308"},{"arcs":[[-61,-1313,-919,1390,1391,-984,-1389,-974]],"type":"Polygon","properties":{"name":"Krong Pa","shapeGroup":"VNM","gid":"VNM-2-309"},"id":"VNM-2-309"},{"arcs":[[-370,-982,-1384,-687,-374,-699]],"type":"Polygon","properties":{"name":"Krong Pac","shapeGroup":"VNM","gid":"VNM-2-310"},"id":"VNM-2-310"},{"arcs":[[-444,1392,1393,1394]],"type":"Polygon","properties":{"name":"Ky Anh","shapeGroup":"VNM","gid":"VNM-2-311"},"id":"VNM-2-311"},{"arcs":[[-112,1395,1396,-1354,-1154,1397,1398]],"type":"Polygon","properties":{"name":"Ky Son","shapeGroup":"VNM","gid":"VNM-2-312"},"id":"VNM-2-312"},{"arcs":[[1399,1400]],"type":"Polygon","properties":{"name":"Ky Son","shapeGroup":"VNM","gid":"VNM-2-313"},"id":"VNM-2-313"},{"arcs":[[-1114,-1125,1401]],"type":"Polygon","properties":{"name":"La Gi","shapeGroup":"VNM","gid":"VNM-2-314"},"id":"VNM-2-314"},{"arcs":[[-124,-860,-724,1402,-786,1403,-1386,-1323]],"type":"Polygon","properties":{"name":"Lac Duong","shapeGroup":"VNM","gid":"VNM-2-315"},"id":"VNM-2-315"},{"arcs":[[-90,1404,-489,-1358,1405,1406]],"type":"Polygon","properties":{"name":"Lac Son","shapeGroup":"VNM","gid":"VNM-2-316"},"id":"VNM-2-316"},{"arcs":[[-1008,1407,1408,-1356,1409,1410,-1351,1411]],"type":"Polygon","properties":{"name":"Lac Thuy","shapeGroup":"VNM","gid":"VNM-2-317"},"id":"VNM-2-317"},{"arcs":[[1412,1413,1414]],"type":"Polygon","properties":{"name":"Lai Chau","shapeGroup":"VNM","gid":"VNM-2-318"},"id":"VNM-2-318"},{"arcs":[[-315,1415,1416,1417,1418,-536]],"type":"Polygon","properties":{"name":"Lai Vung","shapeGroup":"VNM","gid":"VNM-2-319"},"id":"VNM-2-319"},{"arcs":[[-751,-1390,-1382,-1387,-1404,-785]],"type":"Polygon","properties":{"name":"Lak","shapeGroup":"VNM","gid":"VNM-2-320"},"id":"VNM-2-320"},{"arcs":[[-149,1419,-598,-158,1420]],"type":"Polygon","properties":{"name":"Lam Binh","shapeGroup":"VNM","gid":"VNM-2-321"},"id":"VNM-2-321"},{"arcs":[[-723,-944,-804,-753,-787,-1403]],"type":"Polygon","properties":{"name":"Lam Ha","shapeGroup":"VNM","gid":"VNM-2-322"},"id":"VNM-2-322"},{"arcs":[[-115,1421,1422,1423,1424]],"type":"Polygon","properties":{"name":"Lam Thao","shapeGroup":"VNM","gid":"VNM-2-323"},"id":"VNM-2-323"},{"arcs":[[-94,1425,1426,1427,1428]],"type":"Polygon","properties":{"name":"Lang Chanh","shapeGroup":"VNM","gid":"VNM-2-324"},"id":"VNM-2-324"},{"arcs":[[-135,1429,1430,-1288,1431,1432]],"type":"Polygon","properties":{"name":"Lang Giang","shapeGroup":"VNM","gid":"VNM-2-325"},"id":"VNM-2-325"},{"arcs":[[-478,1433,-483,-585]],"type":"Polygon","properties":{"name":"Lang Son","shapeGroup":"VNM","gid":"VNM-2-326"},"id":"VNM-2-326"},{"arcs":[[-225,1434,-233,1435]],"type":"Polygon","properties":{"name":"Lao Cai","shapeGroup":"VNM","gid":"VNM-2-327"},"id":"VNM-2-327"},{"arcs":[[1436,1437,1438,1439,1440,1441]],"type":"Polygon","properties":{"name":"Lap Thach","shapeGroup":"VNM","gid":"VNM-2-328"},"id":"VNM-2-328"},{"arcs":[[-625,1442,-1296,1443,-1418,1444,1445]],"type":"Polygon","properties":{"name":"Lap Vo","shapeGroup":"VNM","gid":"VNM-2-329"},"id":"VNM-2-329"},{"arcs":[[-16,-1243,1446,-949,-1332]],"type":"Polygon","properties":{"name":"Le Chan","shapeGroup":"VNM","gid":"VNM-2-330"},"id":"VNM-2-330"},{"arcs":[[-1267,1447,1448,1449,1450]],"type":"Polygon","properties":{"name":"Le Thuy","shapeGroup":"VNM","gid":"VNM-2-331"},"id":"VNM-2-331"},{"arcs":[[-420,-1166,1451,1452,1453]],"type":"Polygon","properties":{"name":"Lien Chieu","shapeGroup":"VNM","gid":"VNM-2-332"},"id":"VNM-2-332"},{"arcs":[[-481,1454,-834,1455,1456,-586]],"type":"Polygon","properties":{"name":"Loc Binh","shapeGroup":"VNM","gid":"VNM-2-333"},"id":"VNM-2-333"},{"arcs":[[-464,1457,1458,1459,-1075,1460]],"type":"Polygon","properties":{"name":"Loc Ha","shapeGroup":"VNM","gid":"VNM-2-334"},"id":"VNM-2-334"},{"arcs":[[-296,-1240,1461,1462,-355,-360,-1238]],"type":"Polygon","properties":{"name":"Loc Ninh","shapeGroup":"VNM","gid":"VNM-2-335"},"id":"VNM-2-335"},{"arcs":[[-79,1463,-866,-996,-1185,-1090,-1176]],"type":"Polygon","properties":{"name":"Long Bien","shapeGroup":"VNM","gid":"VNM-2-336"},"id":"VNM-2-336"},{"arcs":[[-85,-794,1464,1465]],"type":"Polygon","properties":{"name":"Long Dien","shapeGroup":"VNM","gid":"VNM-2-337"},"id":"VNM-2-337"},{"arcs":[[-384,-1294,-614,1466,1467,-540,1468]],"type":"Polygon","properties":{"name":"Long Ho","shapeGroup":"VNM","gid":"VNM-2-338"},"id":"VNM-2-338"},{"arcs":[[-426,1469,-839,1470]],"type":"Polygon","properties":{"name":"Long Khanh","shapeGroup":"VNM","gid":"VNM-2-339"},"id":"VNM-2-339"},{"arcs":[[-1040,1471,1472,1473,1474,1475,-1244]],"type":"Polygon","properties":{"name":"Long My","shapeGroup":"VNM","gid":"VNM-2-340"},"id":"VNM-2-340"},{"arcs":[[-575,-1318,-695,1476,1477]],"type":"Polygon","properties":{"name":"Long Phu","shapeGroup":"VNM","gid":"VNM-2-341"},"id":"VNM-2-341"},{"arcs":[[-261,1478,1479,-430,-519,1480,1481,1482]],"type":"Polygon","properties":{"name":"Long Thanh","shapeGroup":"VNM","gid":"VNM-2-342"},"id":"VNM-2-342"},{"arcs":[[-543,-626,-1446,1483,1484,1485]],"type":"Polygon","properties":{"name":"Long Xuyen","shapeGroup":"VNM","gid":"VNM-2-343"},"id":"VNM-2-343"},{"arcs":[[-597,1486,-1432,-1287,1487,1488,-907]],"type":"Polygon","properties":{"name":"Luc Nam","shapeGroup":"VNM","gid":"VNM-2-344"},"id":"VNM-2-344"},{"arcs":[[-587,-1457,1489,-1488,-1286]],"type":"Polygon","properties":{"name":"Luc Ngan","shapeGroup":"VNM","gid":"VNM-2-345"},"id":"VNM-2-345"},{"arcs":[[-161,-1128,1490,1491,-230,1492]],"type":"Polygon","properties":{"name":"Luc Yen","shapeGroup":"VNM","gid":"VNM-2-346"},"id":"VNM-2-346"},{"arcs":[[-658,1493,-1410,-1355,-1397,1494,1495]],"type":"Polygon","properties":{"name":"Luong Son","shapeGroup":"VNM","gid":"VNM-2-347"},"id":"VNM-2-347"},{"arcs":[[-403,1496,-986,-593,1497]],"type":"Polygon","properties":{"name":"Luong Tai","shapeGroup":"VNM","gid":"VNM-2-348"},"id":"VNM-2-348"},{"arcs":[[-302,-965,-1265,1498,-1255,1499,1500]],"type":"Polygon","properties":{"name":"Ly Nhan","shapeGroup":"VNM","gid":"VNM-2-349"},"id":"VNM-2-349"},{"arcs":[[1501]],"type":"Polygon","properties":{"name":"Ly Son","shapeGroup":"VNM","gid":"VNM-2-350"},"id":"VNM-2-350"},{"arcs":[[-97,1502,1503,-704,1504]],"type":"Polygon","properties":{"name":"Mai Chau","shapeGroup":"VNM","gid":"VNM-2-351"},"id":"VNM-2-351"},{"arcs":[[-191,1505,1506,1507,1508,1509,1510]],"type":"Polygon","properties":{"name":"Mai Son","shapeGroup":"VNM","gid":"VNM-2-352"},"id":"VNM-2-352"},{"arcs":[[-613,1511,1512,-1467]],"type":"Polygon","properties":{"name":"Mang Thit","shapeGroup":"VNM","gid":"VNM-2-353"},"id":"VNM-2-353"},{"arcs":[[-651,-740,-1314,-766,-1380,-1311]],"type":"Polygon","properties":{"name":"Mang Yang","shapeGroup":"VNM","gid":"VNM-2-354"},"id":"VNM-2-354"},{"arcs":[[-980,1513,1514,-1325,-1385]],"type":"Polygon","properties":{"name":"Mdrak District","shapeGroup":"VNM","gid":"VNM-2-355"},"id":"VNM-2-355"},{"arcs":[[-334,1515,1516,-861,-790,1517]],"type":"Polygon","properties":{"name":"Me Linh","shapeGroup":"VNM","gid":"VNM-2-356"},"id":"VNM-2-356"},{"arcs":[[-206,1518,-912,1519]],"type":"Polygon","properties":{"name":"Meo Vac","shapeGroup":"VNM","gid":"VNM-2-357"},"id":"VNM-2-357"},{"arcs":[[-344,1520,1521]],"type":"Polygon","properties":{"name":"Minh Hoa","shapeGroup":"VNM","gid":"VNM-2-358"},"id":"VNM-2-358"},{"arcs":[[-101,1522,1523,1524]],"type":"Polygon","properties":{"name":"Minh Long","shapeGroup":"VNM","gid":"VNM-2-359"},"id":"VNM-2-359"},{"arcs":[[-258,-1030,1525,1526,-611,-554]],"type":"Polygon","properties":{"name":"Mo Cay Bac","shapeGroup":"VNM","gid":"VNM-2-360"},"id":"VNM-2-360"},{"arcs":[[-470,1527,-1526,-1029,1528,-570,1529]],"type":"Polygon","properties":{"name":"Mo Cay Nam","shapeGroup":"VNM","gid":"VNM-2-361"},"id":"VNM-2-361"},{"arcs":[[-936,1530,1531,1532]],"type":"Polygon","properties":{"name":"Mo Duc","shapeGroup":"VNM","gid":"VNM-2-362"},"id":"VNM-2-362"},{"arcs":[[-189,1533,1534,1535,1536]],"type":"Polygon","properties":{"name":"Moc Chau","shapeGroup":"VNM","gid":"VNM-2-363"},"id":"VNM-2-363"},{"arcs":[[-1339,1537,1538,1539]],"type":"Polygon","properties":{"name":"Moc Hoa","shapeGroup":"VNM","gid":"VNM-2-364"},"id":"VNM-2-364"},{"arcs":[[[1540]],[[-1103,1541]]],"type":"MultiPolygon","properties":{"name":"Mong Cai","shapeGroup":"VNM","gid":"VNM-2-365"},"id":"VNM-2-365"},{"arcs":[[1542,1543,1544,1545,1546,1547]],"type":"Polygon","properties":{"name":"Mu Cang Chai","shapeGroup":"VNM","gid":"VNM-2-366"},"id":"VNM-2-366"},{"arcs":[[-811,1548,1549,1550,-818]],"type":"Polygon","properties":{"name":"Muong Ang","shapeGroup":"VNM","gid":"VNM-2-367"},"id":"VNM-2-367"},{"arcs":[[-817,1551,1552,1553,1554,1555,1556,1557,-1549]],"type":"Polygon","properties":{"name":"Muong Cha","shapeGroup":"VNM","gid":"VNM-2-368"},"id":"VNM-2-368"},{"arcs":[[-138,-227,1558,1559]],"type":"Polygon","properties":{"name":"Muong Khuong","shapeGroup":"VNM","gid":"VNM-2-369"},"id":"VNM-2-369"},{"arcs":[[-192,-1511,1560,1561,1562,1563,-1546,1564]],"type":"Polygon","properties":{"name":"Muong La","shapeGroup":"VNM","gid":"VNM-2-370"},"id":"VNM-2-370"},{"arcs":[[1565,1566,1567]],"type":"Polygon","properties":{"name":"Muong Lat","shapeGroup":"VNM","gid":"VNM-2-371"},"id":"VNM-2-371"},{"arcs":[[-1555,1568]],"type":"Polygon","properties":{"name":"Muong Lay","shapeGroup":"VNM","gid":"VNM-2-372"},"id":"VNM-2-372"},{"arcs":[[1569,1570,1571,1572]],"type":"Polygon","properties":{"name":"Muong Nhe","shapeGroup":"VNM","gid":"VNM-2-373"},"id":"VNM-2-373"},{"arcs":[[-1573,1573,1574]],"type":"Polygon","properties":{"name":"Muong Te","shapeGroup":"VNM","gid":"VNM-2-374"},"id":"VNM-2-374"},{"arcs":[[-657,1575,-1352,-1411,-1494]],"type":"Polygon","properties":{"name":"My Duc","shapeGroup":"VNM","gid":"VNM-2-375"},"id":"VNM-2-375"},{"arcs":[[-53,1576,1577,-400,-286]],"type":"Polygon","properties":{"name":"My Hao","shapeGroup":"VNM","gid":"VNM-2-376"},"id":"VNM-2-376"},{"arcs":[[-297,-1501,1578,1579,1580]],"type":"Polygon","properties":{"name":"My Loc","shapeGroup":"VNM","gid":"VNM-2-377"},"id":"VNM-2-377"},{"arcs":[[-548,-607,-557]],"type":"Polygon","properties":{"name":"My Tho","shapeGroup":"VNM","gid":"VNM-2-378"},"id":"VNM-2-378"},{"arcs":[[-577,1581,1582,1583,1584,-1475,1585]],"type":"Polygon","properties":{"name":"My Tu","shapeGroup":"VNM","gid":"VNM-2-379"},"id":"VNM-2-379"},{"arcs":[[-1583,1586,1587,1588,1589,1590]],"type":"Polygon","properties":{"name":"My Xuyen","shapeGroup":"VNM","gid":"VNM-2-380"},"id":"VNM-2-380"},{"arcs":[[-67,-606,-599,-1420,-148,-209,1591]],"type":"Polygon","properties":{"name":"Na Hang","shapeGroup":"VNM","gid":"VNM-2-381"},"id":"VNM-2-381"},{"arcs":[[-196,1592,1593,-282,1594,-616]],"type":"Polygon","properties":{"name":"Na Ri","shapeGroup":"VNM","gid":"VNM-2-382"},"id":"VNM-2-382"},{"arcs":[[-392,-779,1595,1596,1597]],"type":"Polygon","properties":{"name":"Nam Can","shapeGroup":"VNM","gid":"VNM-2-383"},"id":"VNM-2-383"},{"arcs":[[-847,1598,-1259,-941,-1276,1599]],"type":"Polygon","properties":{"name":"Nam Dan","shapeGroup":"VNM","gid":"VNM-2-384"},"id":"VNM-2-384"},{"arcs":[[-1580,1600,1601,1602]],"type":"Polygon","properties":{"name":"Nam Định","shapeGroup":"VNM","gid":"VNM-2-385"},"id":"VNM-2-385"},{"arcs":[[-4,-1280,1603,-1164,-873,1604]],"type":"Polygon","properties":{"name":"Nam Dong","shapeGroup":"VNM","gid":"VNM-2-386"},"id":"VNM-2-386"},{"arcs":[[-729,1605,1606,-747,1607,1608,-871]],"type":"Polygon","properties":{"name":"Nam Giang","shapeGroup":"VNM","gid":"VNM-2-387"},"id":"VNM-2-387"},{"arcs":[[-1554,1609,-1570,-1575,1610,1611,-1569]],"type":"Polygon","properties":{"name":"Nam Nhun","shapeGroup":"VNM","gid":"VNM-2-388"},"id":"VNM-2-388"},{"arcs":[[-1553,1612,-1571,-1610]],"type":"Polygon","properties":{"name":"Nam Po","shapeGroup":"VNM","gid":"VNM-2-389"},"id":"VNM-2-389"},{"arcs":[[-404,-1498,-592,-1369,-1367,-1097]],"type":"Polygon","properties":{"name":"Nam Sach","shapeGroup":"VNM","gid":"VNM-2-390"},"id":"VNM-2-390"},{"arcs":[[-179,1613,1614,-1373,1615,-743,1616]],"type":"Polygon","properties":{"name":"Nam Tra My","shapeGroup":"VNM","gid":"VNM-2-391"},"id":"VNM-2-391"},{"arcs":[[-1602,1617,1618,1619,1620]],"type":"Polygon","properties":{"name":"Nam Truc","shapeGroup":"VNM","gid":"VNM-2-392"},"id":"VNM-2-392"},{"arcs":[[-184,-503,1621,-1049,-1171]],"type":"Polygon","properties":{"name":"Nam Tu Liem","shapeGroup":"VNM","gid":"VNM-2-393"},"id":"VNM-2-393"},{"arcs":[[-566,-1320,1622]],"type":"Polygon","properties":{"name":"Nga Bay","shapeGroup":"VNM","gid":"VNM-2-394"},"id":"VNM-2-394"},{"arcs":[[-1245,-1476,-1585,1623,1624,1625]],"type":"Polygon","properties":{"name":"Nga Nam","shapeGroup":"VNM","gid":"VNM-2-395"},"id":"VNM-2-395"},{"arcs":[[-1078,1626,-1363,1627,-1129]],"type":"Polygon","properties":{"name":"Nga Son","shapeGroup":"VNM","gid":"VNM-2-396"},"id":"VNM-2-396"},{"arcs":[[-64,1628,1629,1630,-1593,-195]],"type":"Polygon","properties":{"name":"Ngan Son","shapeGroup":"VNM","gid":"VNM-2-397"},"id":"VNM-2-397"},{"arcs":[[-701,1631,1632,-1260,-1599,-846,1633,-824,1634]],"type":"Polygon","properties":{"name":"Nghi Loc","shapeGroup":"VNM","gid":"VNM-2-398"},"id":"VNM-2-398"},{"arcs":[[-469,-1250,-1262,1635,-1632,-700,1636,-1458]],"type":"Polygon","properties":{"name":"Nghi Xuan","shapeGroup":"VNM","gid":"VNM-2-399"},"id":"VNM-2-399"},{"arcs":[[1637,1638,1639,1640,1641,1642,1643,1644]],"type":"Polygon","properties":{"name":"Nghia Dan","shapeGroup":"VNM","gid":"VNM-2-400"},"id":"VNM-2-400"},{"arcs":[[-102,-1525,1645,-1531,-935]],"type":"Polygon","properties":{"name":"Nghia Hanh","shapeGroup":"VNM","gid":"VNM-2-401"},"id":"VNM-2-401"},{"arcs":[[-1106,1646,-1361,1647,1648,1649,-1620,1650]],"type":"Polygon","properties":{"name":"Nghia Hung","shapeGroup":"VNM","gid":"VNM-2-402"},"id":"VNM-2-402"},{"arcs":[[1651,1652]],"type":"Polygon","properties":{"name":"Nghia Lo","shapeGroup":"VNM","gid":"VNM-2-403"},"id":"VNM-2-403"},{"arcs":[[-950,-1447,-1242,1653,-1086]],"type":"Polygon","properties":{"name":"Ngo Quyen","shapeGroup":"VNM","gid":"VNM-2-404"},"id":"VNM-2-404"},{"arcs":[[-1597,1654]],"type":"Polygon","properties":{"name":"Ngoc Hien","shapeGroup":"VNM","gid":"VNM-2-405"},"id":"VNM-2-405"},{"arcs":[[-745,1655,-775,1656,1657]],"type":"Polygon","properties":{"name":"Ngoc Hoi","shapeGroup":"VNM","gid":"VNM-2-406"},"id":"VNM-2-406"},{"arcs":[[-93,-443,1658,1659,1660,-1426]],"type":"Polygon","properties":{"name":"Ngoc Lac","shapeGroup":"VNM","gid":"VNM-2-407"},"id":"VNM-2-407"},{"arcs":[[-418,-1096,1661,1662,-807,-1163]],"type":"Polygon","properties":{"name":"Ngu Hanh Son","shapeGroup":"VNM","gid":"VNM-2-408"},"id":"VNM-2-408"},{"arcs":[[-69,1663,-201,1664,-1144,1665,-1629]],"type":"Polygon","properties":{"name":"Nguyen Binh","shapeGroup":"VNM","gid":"VNM-2-409"},"id":"VNM-2-409"},{"arcs":[[-274,1666,1667,-458,-463]],"type":"Polygon","properties":{"name":"Nha Be","shapeGroup":"VNM","gid":"VNM-2-410"},"id":"VNM-2-410"},{"arcs":[[[1668]],[[-416,-829,1669,1670]]],"type":"MultiPolygon","properties":{"name":"Nha Trang","shapeGroup":"VNM","gid":"VNM-2-411"},"id":"VNM-2-411"},{"arcs":[[-1007,-1161,1671,1672,1673,-1408]],"type":"Polygon","properties":{"name":"Nho Quan","shapeGroup":"VNM","gid":"VNM-2-412"},"id":"VNM-2-412"},{"arcs":[[-459,-1668,1674,1675,1676,-1482,1677]],"type":"Polygon","properties":{"name":"Nhon Trach","shapeGroup":"VNM","gid":"VNM-2-413"},"id":"VNM-2-413"},{"arcs":[[-1638,1678,1679,1680,1681,1682,1683]],"type":"Polygon","properties":{"name":"Nhu Thanh","shapeGroup":"VNM","gid":"VNM-2-414"},"id":"VNM-2-414"},{"arcs":[[-1645,1684,1685,-1679]],"type":"Polygon","properties":{"name":"Nhu Xuan","shapeGroup":"VNM","gid":"VNM-2-415"},"id":"VNM-2-415"},{"arcs":[[-1157,1686,1687]],"type":"Polygon","properties":{"name":"Ninh Bình","shapeGroup":"VNM","gid":"VNM-2-416"},"id":"VNM-2-416"},{"arcs":[[-999,1688,1689,1690,1691]],"type":"Polygon","properties":{"name":"Ninh Giang","shapeGroup":"VNM","gid":"VNM-2-417"},"id":"VNM-2-417"},{"arcs":[[-120,1692,1693,1694]],"type":"Polygon","properties":{"name":"Ninh Hai","shapeGroup":"VNM","gid":"VNM-2-418"},"id":"VNM-2-418"},{"arcs":[[-828,-1326,-1515,1695,1696,1697,-1670]],"type":"Polygon","properties":{"name":"Ninh Hoa","shapeGroup":"VNM","gid":"VNM-2-419"},"id":"VNM-2-419"},{"arcs":[[-306,-399,1698,-329,-312]],"type":"Polygon","properties":{"name":"Ninh Kieu","shapeGroup":"VNM","gid":"VNM-2-420"},"id":"VNM-2-420"},{"arcs":[[1699,1700,1701,1702]],"type":"Polygon","properties":{"name":"Ninh Phuoc","shapeGroup":"VNM","gid":"VNM-2-421"},"id":"VNM-2-421"},{"arcs":[[-122,1703,-1703,1704,1705,-945,-858]],"type":"Polygon","properties":{"name":"Ninh Son","shapeGroup":"VNM","gid":"VNM-2-422"},"id":"VNM-2-422"},{"arcs":[[-904,1706,1707,-1682,1708]],"type":"Polygon","properties":{"name":"Nong Cong","shapeGroup":"VNM","gid":"VNM-2-423"},"id":"VNM-2-423"},{"arcs":[[-728,-970,1709,-1133,1710,-1606]],"type":"Polygon","properties":{"name":"Nong Son","shapeGroup":"VNM","gid":"VNM-2-424"},"id":"VNM-2-424"},{"arcs":[[-176,1711,1712,1713,-310,1714]],"type":"Polygon","properties":{"name":"Nui Thanh","shapeGroup":"VNM","gid":"VNM-2-425"},"id":"VNM-2-425"},{"arcs":[[-314,-331,1715,1716,-660,1717,-1416]],"type":"Polygon","properties":{"name":"O Mon","shapeGroup":"VNM","gid":"VNM-2-426"},"id":"VNM-2-426"},{"arcs":[[-68,-1592,-208,-202,-1664]],"type":"Polygon","properties":{"name":"Pac Nam","shapeGroup":"VNM","gid":"VNM-2-427"},"id":"VNM-2-427"},{"arcs":[[-121,-1695,1718,-1700,-1704]],"type":"Polygon","properties":{"name":"Phan Rang-Thap Cham","shapeGroup":"VNM","gid":"VNM-2-428"},"id":"VNM-2-428"},{"arcs":[[-128,1719,-1123,-1119]],"type":"Polygon","properties":{"name":"Phan Thiet","shapeGroup":"VNM","gid":"VNM-2-429"},"id":"VNM-2-429"},{"arcs":[[-332,-737,1720,1721,1722,1723,-1141,1724,1725]],"type":"Polygon","properties":{"name":"Pho Yen","shapeGroup":"VNM","gid":"VNM-2-430"},"id":"VNM-2-430"},{"arcs":[[-1,-720,-1112,1726,1727,-1281]],"type":"Polygon","properties":{"name":"Phong Dien","shapeGroup":"VNM","gid":"VNM-2-431"},"id":"VNM-2-431"},{"arcs":[[-330,-1699,-398,-584,1728,-1716]],"type":"Polygon","properties":{"name":"Phong Dien","shapeGroup":"VNM","gid":"VNM-2-432"},"id":"VNM-2-432"},{"arcs":[[-236,1729,-1415,1730,1731]],"type":"Polygon","properties":{"name":"Phong Tho","shapeGroup":"VNM","gid":"VNM-2-433"},"id":"VNM-2-433"},{"arcs":[[-895,1732,1733,-1142,-1724,1734]],"type":"Polygon","properties":{"name":"Phu Binh","shapeGroup":"VNM","gid":"VNM-2-434"},"id":"VNM-2-434"},{"arcs":[[-42,1735,1736,-1169,1737,1738,1739,1740]],"type":"Polygon","properties":{"name":"Phu Cat","shapeGroup":"VNM","gid":"VNM-2-435"},"id":"VNM-2-435"},{"arcs":[[-48,1741,1742,-1257,1743]],"type":"Polygon","properties":{"name":"Phu Cu","shapeGroup":"VNM","gid":"VNM-2-436"},"id":"VNM-2-436"},{"arcs":[[-173,-241,-631,-915,-899,1744]],"type":"Polygon","properties":{"name":"Phu Giao","shapeGroup":"VNM","gid":"VNM-2-437"},"id":"VNM-2-437"},{"arcs":[[-883,1745,1746,1747,1748]],"type":"Polygon","properties":{"name":"Phu Hoa","shapeGroup":"VNM","gid":"VNM-2-438"},"id":"VNM-2-438"},{"arcs":[[-1165,-1604,-1279,1749,1750,-1452]],"type":"Polygon","properties":{"name":"Phu Loc","shapeGroup":"VNM","gid":"VNM-2-439"},"id":"VNM-2-439"},{"arcs":[[-619,-897,1751,-735,-830]],"type":"Polygon","properties":{"name":"Phu Luong","shapeGroup":"VNM","gid":"VNM-2-440"},"id":"VNM-2-440"},{"arcs":[[-959,1752,-1349]],"type":"Polygon","properties":{"name":"Phu Ly","shapeGroup":"VNM","gid":"VNM-2-441"},"id":"VNM-2-441"},{"arcs":[[-1168,-1175,1753,-1738]],"type":"Polygon","properties":{"name":"Phu My","shapeGroup":"VNM","gid":"VNM-2-442"},"id":"VNM-2-442"},{"arcs":[[-325,1754,1755,1756,-1044]],"type":"Polygon","properties":{"name":"Phu Nhuan","shapeGroup":"VNM","gid":"VNM-2-443"},"id":"VNM-2-443"},{"arcs":[[-175,1757,1758,1759,-1712]],"type":"Polygon","properties":{"name":"Phu Ninh","shapeGroup":"VNM","gid":"VNM-2-444"},"id":"VNM-2-444"},{"arcs":[[-853,1760,1761,1762,-1424,1763,1764]],"type":"Polygon","properties":{"name":"Phu Ninh","shapeGroup":"VNM","gid":"VNM-2-445"},"id":"VNM-2-445"},{"arcs":[[[1765]],[[1766]]],"type":"MultiPolygon","properties":{"name":"Phu Quoc","shapeGroup":"VNM","gid":"VNM-2-446"},"id":"VNM-2-446"},{"arcs":[[1767]],"type":"Polygon","properties":{"name":"Phu Quy","shapeGroup":"VNM","gid":"VNM-2-447"},"id":"VNM-2-447"},{"arcs":[[-514,1768,-1304,1769,-621,-522]],"type":"Polygon","properties":{"name":"Phu Tan","shapeGroup":"VNM","gid":"VNM-2-448"},"id":"VNM-2-448"},{"arcs":[[-393,-1598,1770,1771]],"type":"Polygon","properties":{"name":"Phu Tan","shapeGroup":"VNM","gid":"VNM-2-449"},"id":"VNM-2-449"},{"arcs":[[-63,-978,-647,-653,-1310]],"type":"Polygon","properties":{"name":"Phu Thien","shapeGroup":"VNM","gid":"VNM-2-450"},"id":"VNM-2-450"},{"arcs":[[-1423,1772,1773,-1764]],"type":"Polygon","properties":{"name":"Phu Tho","shapeGroup":"VNM","gid":"VNM-2-451"},"id":"VNM-2-451"},{"arcs":[[-1251,-1284,1774,-1750,-1278]],"type":"Polygon","properties":{"name":"Phu Vang","shapeGroup":"VNM","gid":"VNM-2-452"},"id":"VNM-2-452"},{"arcs":[[-962,1775,1776,1777,-1328,-1360]],"type":"Polygon","properties":{"name":"Phu Xuyen","shapeGroup":"VNM","gid":"VNM-2-453"},"id":"VNM-2-453"},{"arcs":[[-188,1778,1779,1780,-706,1781,-1534]],"type":"Polygon","properties":{"name":"Phu Yen","shapeGroup":"VNM","gid":"VNM-2-454"},"id":"VNM-2-454"},{"arcs":[[-1060,1782,1783,-1148,1784]],"type":"Polygon","properties":{"name":"Phuc Hoa","shapeGroup":"VNM","gid":"VNM-2-455"},"id":"VNM-2-455"},{"arcs":[[-789,-1173,1785,1786,1787,1788,1789]],"type":"Polygon","properties":{"name":"Phuc Tho","shapeGroup":"VNM","gid":"VNM-2-456"},"id":"VNM-2-456"},{"arcs":[[-333,-1726,1790,-1516]],"type":"Polygon","properties":{"name":"Phuc Yen","shapeGroup":"VNM","gid":"VNM-2-457"},"id":"VNM-2-457"},{"arcs":[[-567,-1623,-1319,-578,-1586,-1474,1791,-580]],"type":"Polygon","properties":{"name":"Phung Hiep","shapeGroup":"VNM","gid":"VNM-2-458"},"id":"VNM-2-458"},{"arcs":[[-1002,1792,-1246,-1626,1793,-1151]],"type":"Polygon","properties":{"name":"Phuoc Long","shapeGroup":"VNM","gid":"VNM-2-459"},"id":"VNM-2-459"},{"arcs":[[-352,-363]],"type":"Polygon","properties":{"name":"Phuoc Long","shapeGroup":"VNM","gid":"VNM-2-460"},"id":"VNM-2-460"},{"arcs":[[-180,-1617,-742,-1607,-1711,-1132]],"type":"Polygon","properties":{"name":"Phuoc Son","shapeGroup":"VNM","gid":"VNM-2-461"},"id":"VNM-2-461"},{"arcs":[[-633,-741,-644,-1307]],"type":"Polygon","properties":{"name":"Pleiku","shapeGroup":"VNM","gid":"VNM-2-462"},"id":"VNM-2-462"},{"arcs":[[-324,1794,1795,1796,1797,-1755]],"type":"Polygon","properties":{"name":"Quan 1","shapeGroup":"VNM","gid":"VNM-2-463"},"id":"VNM-2-463"},{"arcs":[[1798,1799,1800,1801]],"type":"Polygon","properties":{"name":"Quan 10","shapeGroup":"VNM","gid":"VNM-2-464"},"id":"VNM-2-464"},{"arcs":[[-1800,1802,1803,1804,1805]],"type":"Polygon","properties":{"name":"Quan 11","shapeGroup":"VNM","gid":"VNM-2-465"},"id":"VNM-2-465"},{"arcs":[[-319,-1229,1806,1807,-327,-1046,1808,1809]],"type":"Polygon","properties":{"name":"Quan 12","shapeGroup":"VNM","gid":"VNM-2-466"},"id":"VNM-2-466"},{"arcs":[[-323,1810,1811,-1676,1812,1813,-1795]],"type":"Polygon","properties":{"name":"Quan 2","shapeGroup":"VNM","gid":"VNM-2-467"},"id":"VNM-2-467"},{"arcs":[[-1756,-1798,-1802,1814]],"type":"Polygon","properties":{"name":"Quan 3","shapeGroup":"VNM","gid":"VNM-2-468"},"id":"VNM-2-468"},{"arcs":[[-1796,-1814,1815,1816,1817]],"type":"Polygon","properties":{"name":"Quan 4","shapeGroup":"VNM","gid":"VNM-2-469"},"id":"VNM-2-469"},{"arcs":[[-1797,-1818,1818,1819,-1803,-1799]],"type":"Polygon","properties":{"name":"Quan 5","shapeGroup":"VNM","gid":"VNM-2-470"},"id":"VNM-2-470"},{"arcs":[[-321,1820,-1804,-1820,1821]],"type":"Polygon","properties":{"name":"Quan 6","shapeGroup":"VNM","gid":"VNM-2-471"},"id":"VNM-2-471"},{"arcs":[[-273,1822,-1816,-1813,-1675,-1667]],"type":"Polygon","properties":{"name":"Quan 7","shapeGroup":"VNM","gid":"VNM-2-472"},"id":"VNM-2-472"},{"arcs":[[-272,-322,-1822,-1819,-1817,-1823]],"type":"Polygon","properties":{"name":"Quan 8","shapeGroup":"VNM","gid":"VNM-2-473"},"id":"VNM-2-473"},{"arcs":[[-262,-1483,-1677,-1812,1823,-799]],"type":"Polygon","properties":{"name":"Quan 9","shapeGroup":"VNM","gid":"VNM-2-474"},"id":"VNM-2-474"},{"arcs":[[1824,1825,1826]],"type":"Polygon","properties":{"name":"Quan Ba","shapeGroup":"VNM","gid":"VNM-2-475"},"id":"VNM-2-475"},{"arcs":[[-96,1827,1828,-1566,1829,-1503]],"type":"Polygon","properties":{"name":"Quan Hoa","shapeGroup":"VNM","gid":"VNM-2-476"},"id":"VNM-2-476"},{"arcs":[[-95,-1429,1830,-1828]],"type":"Polygon","properties":{"name":"Quan Son","shapeGroup":"VNM","gid":"VNM-2-477"},"id":"VNM-2-477"},{"arcs":[[-162,-1493,-229,1831,-1221]],"type":"Polygon","properties":{"name":"Quang Binh","shapeGroup":"VNM","gid":"VNM-2-478"},"id":"VNM-2-478"},{"arcs":[[-1282,-1728,1832]],"type":"Polygon","properties":{"name":"Quang Dien","shapeGroup":"VNM","gid":"VNM-2-479"},"id":"VNM-2-479"},{"arcs":[[1833,1834]],"type":"Polygon","properties":{"name":"Quang Ngai","shapeGroup":"VNM","gid":"VNM-2-480"},"id":"VNM-2-480"},{"arcs":[[-342,-886,1835,-1449,1836]],"type":"Polygon","properties":{"name":"Quang Ninh","shapeGroup":"VNM","gid":"VNM-2-481"},"id":"VNM-2-481"},{"arcs":[[-83,1837,-1394,1838]],"type":"Polygon","properties":{"name":"Quang Trach","shapeGroup":"VNM","gid":"VNM-2-482"},"id":"VNM-2-482"},{"arcs":[[-718,1839,-1109]],"type":"Polygon","properties":{"name":"Quang Tri","shapeGroup":"VNM","gid":"VNM-2-483"},"id":"VNM-2-483"},{"arcs":[[-1061,-1785,-1147,1840,1841]],"type":"Polygon","properties":{"name":"Quang Uyen","shapeGroup":"VNM","gid":"VNM-2-484"},"id":"VNM-2-484"},{"arcs":[[-903,1842,-1179,1843,1844,1845,-1707]],"type":"Polygon","properties":{"name":"Quang Xuong","shapeGroup":"VNM","gid":"VNM-2-485"},"id":"VNM-2-485"},{"arcs":[[-494,-1088,1846,1847,-1225,-1066,1848]],"type":"Polygon","properties":{"name":"Quang Yen","shapeGroup":"VNM","gid":"VNM-2-486"},"id":"VNM-2-486"},{"arcs":[[1849,1850,1851,1852]],"type":"Polygon","properties":{"name":"Que Phong","shapeGroup":"VNM","gid":"VNM-2-487"},"id":"VNM-2-487"},{"arcs":[[-969,1853,-1134,-1710]],"type":"Polygon","properties":{"name":"Que Son","shapeGroup":"VNM","gid":"VNM-2-488"},"id":"VNM-2-488"},{"arcs":[[-154,1854,1855,-595,-988,1856,1857]],"type":"Polygon","properties":{"name":"Que Vo","shapeGroup":"VNM","gid":"VNM-2-489"},"id":"VNM-2-489"},{"arcs":[[-659,-1496,1858,-1786,-1172,-1047]],"type":"Polygon","properties":{"name":"Quoc Oai","shapeGroup":"VNM","gid":"VNM-2-490"},"id":"VNM-2-490"},{"arcs":[[-672,1859,-1850,1860,-1685,-1644,1861]],"type":"Polygon","properties":{"name":"Quy Chau","shapeGroup":"VNM","gid":"VNM-2-491"},"id":"VNM-2-491"},{"arcs":[[-59,-673,-1862,-1643,1862]],"type":"Polygon","properties":{"name":"Quy Hop","shapeGroup":"VNM","gid":"VNM-2-492"},"id":"VNM-2-492"},{"arcs":[[-1740,1863,1864,1865,1866]],"type":"Polygon","properties":{"name":"Quy Nhon","shapeGroup":"VNM","gid":"VNM-2-493"},"id":"VNM-2-493"},{"arcs":[[-826,1867,1868,-1641,1869,-1639,-1684,1870,-1187,1871]],"type":"Polygon","properties":{"name":"Quynh Luu","shapeGroup":"VNM","gid":"VNM-2-494"},"id":"VNM-2-494"},{"arcs":[[-1563,1872,1873,1874,1875,1876,1877]],"type":"Polygon","properties":{"name":"Quynh Nhai","shapeGroup":"VNM","gid":"VNM-2-495"},"id":"VNM-2-495"},{"arcs":[[-892,-1258,-1743,1878,-1691,1879,1880]],"type":"Polygon","properties":{"name":"Quynh Phu","shapeGroup":"VNM","gid":"VNM-2-496"},"id":"VNM-2-496"},{"arcs":[[-12,1881,-1235,1882,-560]],"type":"Polygon","properties":{"name":"Rach Gia","shapeGroup":"VNM","gid":"VNM-2-497"},"id":"VNM-2-497"},{"arcs":[[-537,-1419,-1444,-1295]],"type":"Polygon","properties":{"name":"Sa Dec","shapeGroup":"VNM","gid":"VNM-2-498"},"id":"VNM-2-498"},{"arcs":[[-224,1883,1884,1885,-234,-1435]],"type":"Polygon","properties":{"name":"Sa Pa","shapeGroup":"VNM","gid":"VNM-2-499"},"id":"VNM-2-499"},{"arcs":[[-635,-1309,1886,-1657,-774,-758,-1377]],"type":"Polygon","properties":{"name":"Sa Thay","shapeGroup":"VNM","gid":"VNM-2-500"},"id":"VNM-2-500"},{"arcs":[[-1178,1887,-1844]],"type":"Polygon","properties":{"name":"Sam Son","shapeGroup":"VNM","gid":"VNM-2-501"},"id":"VNM-2-501"},{"arcs":[[-139,-1560,1888,1889]],"type":"Polygon","properties":{"name":"Si Ma Cai","shapeGroup":"VNM","gid":"VNM-2-502"},"id":"VNM-2-502"},{"arcs":[[-1414,1890,1891,-1876,1892,-1556,-1612,1893,-1731]],"type":"Polygon","properties":{"name":"Sin Ho","shapeGroup":"VNM","gid":"VNM-2-503"},"id":"VNM-2-503"},{"arcs":[[-862,-1517,-1791,-1725,-1140,1894]],"type":"Polygon","properties":{"name":"Soc Son","shapeGroup":"VNM","gid":"VNM-2-504"},"id":"VNM-2-504"},{"arcs":[[-576,-1478,1895,-1587,-1582]],"type":"Polygon","properties":{"name":"Soc Trang","shapeGroup":"VNM","gid":"VNM-2-505"},"id":"VNM-2-505"},{"arcs":[[-73,-1227,1896,-908,-1489,-1490,-1456,-833]],"type":"Polygon","properties":{"name":"Son Dong","shapeGroup":"VNM","gid":"VNM-2-506"},"id":"VNM-2-506"},{"arcs":[[-733,1897,-1442,1898,-1761,-852,1899,1900,1901,-831]],"type":"Polygon","properties":{"name":"Son Duong","shapeGroup":"VNM","gid":"VNM-2-507"},"id":"VNM-2-507"},{"arcs":[[-100,-1375,1902,1903,1904,1905,1906,-1523]],"type":"Polygon","properties":{"name":"Son Ha","shapeGroup":"VNM","gid":"VNM-2-508"},"id":"VNM-2-508"},{"arcs":[[-918,1907,-1747,1908,1909,-1391]],"type":"Polygon","properties":{"name":"Son Hoa","shapeGroup":"VNM","gid":"VNM-2-509"},"id":"VNM-2-509"},{"arcs":[[-1510,1910,-1561]],"type":"Polygon","properties":{"name":"Son La","shapeGroup":"VNM","gid":"VNM-2-510"},"id":"VNM-2-510"},{"arcs":[[-1374,-1615,1911,-1903]],"type":"Polygon","properties":{"name":"Son Tay","shapeGroup":"VNM","gid":"VNM-2-511"},"id":"VNM-2-511"},{"arcs":[[-110,1912,-1788,1913]],"type":"Polygon","properties":{"name":"Son Tay","shapeGroup":"VNM","gid":"VNM-2-512"},"id":"VNM-2-512"},{"arcs":[[-308,1914,1915,-1834,1916,-1906,1917]],"type":"Polygon","properties":{"name":"Son Tinh","shapeGroup":"VNM","gid":"VNM-2-513"},"id":"VNM-2-513"},{"arcs":[[-1095,1918,-1662]],"type":"Polygon","properties":{"name":"Son Tra","shapeGroup":"VNM","gid":"VNM-2-514"},"id":"VNM-2-514"},{"arcs":[[-916,1919,-1865,1920,1921]],"type":"Polygon","properties":{"name":"Song Cau","shapeGroup":"VNM","gid":"VNM-2-515"},"id":"VNM-2-515"},{"arcs":[[-1722,1922]],"type":"Polygon","properties":{"name":"Song Cong","shapeGroup":"VNM","gid":"VNM-2-516"},"id":"VNM-2-516"},{"arcs":[[-979,-1392,-1910,1923,1924,-1696,-1514]],"type":"Polygon","properties":{"name":"Song Hinh","shapeGroup":"VNM","gid":"VNM-2-517"},"id":"VNM-2-517"},{"arcs":[[-1441,1925,-1762,-1899]],"type":"Polygon","properties":{"name":"Song Lo","shapeGroup":"VNM","gid":"VNM-2-518"},"id":"VNM-2-518"},{"arcs":[[-820,1926,-1508,1927,1928]],"type":"Polygon","properties":{"name":"Song Ma","shapeGroup":"VNM","gid":"VNM-2-519"},"id":"VNM-2-519"},{"arcs":[[-815,-821,-1929,1929]],"type":"Polygon","properties":{"name":"Sop Cop","shapeGroup":"VNM","gid":"VNM-2-520"},"id":"VNM-2-520"},{"arcs":[[-303,-317,-541,-1468,-1513,1930,1931]],"type":"Polygon","properties":{"name":"Tam Binh","shapeGroup":"VNM","gid":"VNM-2-521"},"id":"VNM-2-521"},{"arcs":[[-338,1932,-1437,-1898,-732]],"type":"Polygon","properties":{"name":"Tam Dao","shapeGroup":"VNM","gid":"VNM-2-522"},"id":"VNM-2-522"},{"arcs":[[-268,-1084,1933,-1672,-1160,1934]],"type":"Polygon","properties":{"name":"Tam Diep","shapeGroup":"VNM","gid":"VNM-2-523"},"id":"VNM-2-523"},{"arcs":[[-337,1935,1936,1937,-1438,-1933]],"type":"Polygon","properties":{"name":"Tam Duong","shapeGroup":"VNM","gid":"VNM-2-524"},"id":"VNM-2-524"},{"arcs":[[-235,-1886,1938,-1891,-1413,-1730]],"type":"Polygon","properties":{"name":"Tam Duong","shapeGroup":"VNM","gid":"VNM-2-525"},"id":"VNM-2-525"},{"arcs":[[-1713,-1760,1939,1940]],"type":"Polygon","properties":{"name":"Tam Ky","shapeGroup":"VNM","gid":"VNM-2-526"},"id":"VNM-2-526"},{"arcs":[[-114,1941,1942,1943,-408,1944,-1773,-1422]],"type":"Polygon","properties":{"name":"Tam Nong","shapeGroup":"VNM","gid":"VNM-2-527"},"id":"VNM-2-527"},{"arcs":[[-1299,1945,-1302,1946,1947,1948,1949]],"type":"Polygon","properties":{"name":"Tam Nong","shapeGroup":"VNM","gid":"VNM-2-528"},"id":"VNM-2-528"},{"arcs":[[-534,-608,-553,1950,1951,1952]],"type":"Polygon","properties":{"name":"Tan An","shapeGroup":"VNM","gid":"VNM-2-529"},"id":"VNM-2-529"},{"arcs":[[-527,1953,1954,1955]],"type":"Polygon","properties":{"name":"Tan Bien","shapeGroup":"VNM","gid":"VNM-2-530"},"id":"VNM-2-530"},{"arcs":[[-1045,-1757,-1815,-1801,-1806,1956,-1809]],"type":"Polygon","properties":{"name":"Tan Binh","shapeGroup":"VNM","gid":"VNM-2-531"},"id":"VNM-2-531"},{"arcs":[[-797,-957,1957,-1955,1958,-1462,-1239]],"type":"Polygon","properties":{"name":"Tan Chau","shapeGroup":"VNM","gid":"VNM-2-532"},"id":"VNM-2-532"},{"arcs":[[-43,1959,-1305,-1769,-513]],"type":"Polygon","properties":{"name":"Tan Chau","shapeGroup":"VNM","gid":"VNM-2-533"},"id":"VNM-2-533"},{"arcs":[[-561,-1883,-1234,1960,1961,-663,-1023]],"type":"Polygon","properties":{"name":"Tan Hiep","shapeGroup":"VNM","gid":"VNM-2-534"},"id":"VNM-2-534"},{"arcs":[[-1948,1962,1963,1964]],"type":"Polygon","properties":{"name":"Tan Hong","shapeGroup":"VNM","gid":"VNM-2-535"},"id":"VNM-2-535"},{"arcs":[[-1341,1965,1966,-1949,-1965,1967,1968]],"type":"Polygon","properties":{"name":"Tan Hung","shapeGroup":"VNM","gid":"VNM-2-536"},"id":"VNM-2-536"},{"arcs":[[-54,-1863,-1642,-1869,1969,-844]],"type":"Polygon","properties":{"name":"Tan Ky","shapeGroup":"VNM","gid":"VNM-2-537"},"id":"VNM-2-537"},{"arcs":[[-89,-1505,-703,-490,-1405]],"type":"Polygon","properties":{"name":"Tan Lac","shapeGroup":"VNM","gid":"VNM-2-538"},"id":"VNM-2-538"},{"arcs":[[-348,-499,-725,-712,-934,-843,1970]],"type":"Polygon","properties":{"name":"Tan Phu","shapeGroup":"VNM","gid":"VNM-2-539"},"id":"VNM-2-539"},{"arcs":[[-320,-1810,-1957,-1805,-1821]],"type":"Polygon","properties":{"name":"Tan Phu","shapeGroup":"VNM","gid":"VNM-2-540"},"id":"VNM-2-540"},{"arcs":[[-279,-610,-1036,-1034,1971]],"type":"Polygon","properties":{"name":"Tan Phu Dong","shapeGroup":"VNM","gid":"VNM-2-541"},"id":"VNM-2-541"},{"arcs":[[-552,1972,-1292,1973,1974,1975,-1951]],"type":"Polygon","properties":{"name":"Tan Phuoc","shapeGroup":"VNM","gid":"VNM-2-542"},"id":"VNM-2-542"},{"arcs":[[-707,-1781,1976,1977,1978]],"type":"Polygon","properties":{"name":"Tan Son","shapeGroup":"VNM","gid":"VNM-2-543"},"id":"VNM-2-543"},{"arcs":[[-87,1979,1980,-460,-1678,-1481,-518]],"type":"Polygon","properties":{"name":"Tan Thanh","shapeGroup":"VNM","gid":"VNM-2-544"},"id":"VNM-2-544"},{"arcs":[[-389,1981,-1966,-1340,-1540,1982,-1974,-1291]],"type":"Polygon","properties":{"name":"Tan Thanh","shapeGroup":"VNM","gid":"VNM-2-545"},"id":"VNM-2-545"},{"arcs":[[-253,-456,-535,-1953,1983]],"type":"Polygon","properties":{"name":"Tan Tru","shapeGroup":"VNM","gid":"VNM-2-546"},"id":"VNM-2-546"},{"arcs":[[-1877,-1892,-1939,-1885,1984,1985]],"type":"Polygon","properties":{"name":"Tan Uyen","shapeGroup":"VNM","gid":"VNM-2-547"},"id":"VNM-2-547"},{"arcs":[[-170,1986,-264,-802,1987,1988,-242]],"type":"Polygon","properties":{"name":"Tan Uyen","shapeGroup":"VNM","gid":"VNM-2-548"},"id":"VNM-2-548"},{"arcs":[[-134,1989,-1137,-1734,1990,-1430]],"type":"Polygon","properties":{"name":"Tan Yen","shapeGroup":"VNM","gid":"VNM-2-549"},"id":"VNM-2-549"},{"arcs":[[-213,-1121,-1122,-1118,1991,-932,-710]],"type":"Polygon","properties":{"name":"Tanh Linh","shapeGroup":"VNM","gid":"VNM-2-550"},"id":"VNM-2-550"},{"arcs":[[-5,-1605,-872,-1609,1992]],"type":"Polygon","properties":{"name":"Tay Giang","shapeGroup":"VNM","gid":"VNM-2-551"},"id":"VNM-2-551"},{"arcs":[[-78,-504,-182,-867,-1464]],"type":"Polygon","properties":{"name":"Tay Ho","shapeGroup":"VNM","gid":"VNM-2-552"},"id":"VNM-2-552"},{"arcs":[[-882,1993,-1924,-1909,-1746]],"type":"Polygon","properties":{"name":"Tay Hoa","shapeGroup":"VNM","gid":"VNM-2-553"},"id":"VNM-2-553"},{"arcs":[[-528,-1956,-1958,-956,-1162]],"type":"Polygon","properties":{"name":"Tay Ninh","shapeGroup":"VNM","gid":"VNM-2-554"},"id":"VNM-2-554"},{"arcs":[[-21,1994,-1736,-41,1995,-1378,-764]],"type":"Polygon","properties":{"name":"Tay Son","shapeGroup":"VNM","gid":"VNM-2-555"},"id":"VNM-2-555"},{"arcs":[[-178,1996,-1904,-1912,-1614]],"type":"Polygon","properties":{"name":"Tay Tra","shapeGroup":"VNM","gid":"VNM-2-556"},"id":"VNM-2-556"},{"arcs":[[-476,-1149,-1784,1997,1998,-1630,-1666,-1143]],"type":"Polygon","properties":{"name":"Thach An","shapeGroup":"VNM","gid":"VNM-2-557"},"id":"VNM-2-557"},{"arcs":[[[-447,-1272,-465,-1461,-1074]],[[-449,-1076,-1460,1999]]],"type":"MultiPolygon","properties":{"name":"Thach Ha","shapeGroup":"VNM","gid":"VNM-2-558"},"id":"VNM-2-558"},{"arcs":[[-91,-1407,-1673,-1934,-1083,2000,-440]],"type":"Polygon","properties":{"name":"Thach Thanh","shapeGroup":"VNM","gid":"VNM-2-559"},"id":"VNM-2-559"},{"arcs":[[-111,-1914,-1787,-1859,-1495,-1396]],"type":"Polygon","properties":{"name":"Thach That","shapeGroup":"VNM","gid":"VNM-2-560"},"id":"VNM-2-560"},{"arcs":[[-889,-1348,2001]],"type":"Polygon","properties":{"name":"Thai Binh","shapeGroup":"VNM","gid":"VNM-2-561"},"id":"VNM-2-561"},{"arcs":[[-1640,-1870]],"type":"Polygon","properties":{"name":"Thai Hoa","shapeGroup":"VNM","gid":"VNM-2-562"},"id":"VNM-2-562"},{"arcs":[[-736,-1752,-896,-1735,-1723,-1923,-1721]],"type":"Polygon","properties":{"name":"Thai Nguyen","shapeGroup":"VNM","gid":"VNM-2-563"},"id":"VNM-2-563"},{"arcs":[[-887,-1881,2002,2003,2004,2005,-1344]],"type":"Polygon","properties":{"name":"Thai Thuy","shapeGroup":"VNM","gid":"VNM-2-564"},"id":"VNM-2-564"},{"arcs":[[-1547,-1564,-1878,-1986,2006]],"type":"Polygon","properties":{"name":"Than Uyen","shapeGroup":"VNM","gid":"VNM-2-565"},"id":"VNM-2-565"},{"arcs":[[-968,2007,-1940,-1759,2008,-1135,-1854]],"type":"Polygon","properties":{"name":"Thang Binh","shapeGroup":"VNM","gid":"VNM-2-566"},"id":"VNM-2-566"},{"arcs":[[-407,-1059,-854,-1765,-1774,-1945]],"type":"Polygon","properties":{"name":"Thanh Ba","shapeGroup":"VNM","gid":"VNM-2-567"},"id":"VNM-2-567"},{"arcs":[[-622,-1770,-1303,-1946,-1298]],"type":"Polygon","properties":{"name":"Thanh Binh","shapeGroup":"VNM","gid":"VNM-2-568"},"id":"VNM-2-568"},{"arcs":[[-56,-848,-1600,-1275,2009]],"type":"Polygon","properties":{"name":"Thanh Chuong","shapeGroup":"VNM","gid":"VNM-2-569"},"id":"VNM-2-569"},{"arcs":[[-28,2010,2011,-1099,-1366]],"type":"Polygon","properties":{"name":"Thanh Ha","shapeGroup":"VNM","gid":"VNM-2-570"},"id":"VNM-2-570"},{"arcs":[[-902,2012,-1180,-1843]],"type":"Polygon","properties":{"name":"Thanh Hoa","shapeGroup":"VNM","gid":"VNM-2-571"},"id":"VNM-2-571"},{"arcs":[[-929,2013,-1975,-1983,-1539,2014]],"type":"Polygon","properties":{"name":"Thanh Hoa","shapeGroup":"VNM","gid":"VNM-2-572"},"id":"VNM-2-572"},{"arcs":[[-421,-1454,2015,-1093]],"type":"Polygon","properties":{"name":"Thanh Khe","shapeGroup":"VNM","gid":"VNM-2-573"},"id":"VNM-2-573"},{"arcs":[[-300,2016,-1004,-1412,-1350,-1753,-958]],"type":"Polygon","properties":{"name":"Thanh Liem","shapeGroup":"VNM","gid":"VNM-2-574"},"id":"VNM-2-574"},{"arcs":[[-47,-289,-1000,-1692,-1879,-1742]],"type":"Polygon","properties":{"name":"Thanh Mien","shapeGroup":"VNM","gid":"VNM-2-575"},"id":"VNM-2-575"},{"arcs":[[-655,-1052,2017,2018,-1777,2019]],"type":"Polygon","properties":{"name":"Thanh Oai","shapeGroup":"VNM","gid":"VNM-2-576"},"id":"VNM-2-576"},{"arcs":[[-106,2020,-971,-571,-1529,-1028]],"type":"Polygon","properties":{"name":"Thanh Phu","shapeGroup":"VNM","gid":"VNM-2-577"},"id":"VNM-2-577"},{"arcs":[[-708,-1979,2021,-1943,2022,-1398,-1153]],"type":"Polygon","properties":{"name":"Thanh Son","shapeGroup":"VNM","gid":"VNM-2-578"},"id":"VNM-2-578"},{"arcs":[[-113,-1399,-2023,-1942]],"type":"Polygon","properties":{"name":"Thanh Thuy","shapeGroup":"VNM","gid":"VNM-2-579"},"id":"VNM-2-579"},{"arcs":[[-994,2023,2024,-2018,-1051,2025,-1183]],"type":"Polygon","properties":{"name":"Thanh Tri","shapeGroup":"VNM","gid":"VNM-2-580"},"id":"VNM-2-580"},{"arcs":[[-1584,-1591,2026,-1624]],"type":"Polygon","properties":{"name":"Thanh Tri","shapeGroup":"VNM","gid":"VNM-2-581"},"id":"VNM-2-581"},{"arcs":[[-502,-870,-1092,-1184,-2026,-1050,-1622]],"type":"Polygon","properties":{"name":"Thanh Xuan","shapeGroup":"VNM","gid":"VNM-2-582"},"id":"VNM-2-582"},{"arcs":[[-388,-1300,-1950,-1967,-1982]],"type":"Polygon","properties":{"name":"Thap Muoi","shapeGroup":"VNM","gid":"VNM-2-583"},"id":"VNM-2-583"},{"arcs":[[-551,-1293,-1973]],"type":"Polygon","properties":{"name":"Thi xa Cai Lay","shapeGroup":"VNM","gid":"VNM-2-584"},"id":"VNM-2-584"},{"arcs":[[-624,-1297,-1443]],"type":"Polygon","properties":{"name":"Thi xa Cao Lanh","shapeGroup":"VNM","gid":"VNM-2-585"},"id":"VNM-2-585"},{"arcs":[[-1301,2027,-1963,-1947]],"type":"Polygon","properties":{"name":"Thi xa Hong Ngu","shapeGroup":"VNM","gid":"VNM-2-586"},"id":"VNM-2-586"},{"arcs":[[-906,2028,2029,2030,-1181,-2013]],"type":"Polygon","properties":{"name":"Thieu Hoa","shapeGroup":"VNM","gid":"VNM-2-587"},"id":"VNM-2-587"},{"arcs":[[-1660,2031,-2030,2032,2033]],"type":"Polygon","properties":{"name":"Tho Xuan","shapeGroup":"VNM","gid":"VNM-2-588"},"id":"VNM-2-588"},{"arcs":[[-544,-1486,2034,-1961,-1233,2035]],"type":"Polygon","properties":{"name":"Thoai Son","shapeGroup":"VNM","gid":"VNM-2-589"},"id":"VNM-2-589"},{"arcs":[[-36,2036,2037,-1247,-1793,-1001,-383,2038,2039]],"type":"Polygon","properties":{"name":"Thoi Binh","shapeGroup":"VNM","gid":"VNM-2-590"},"id":"VNM-2-590"},{"arcs":[[-583,-1024,-661,-1717,-1729]],"type":"Polygon","properties":{"name":"Thoi Lai","shapeGroup":"VNM","gid":"VNM-2-591"},"id":"VNM-2-591"},{"arcs":[[-431,-1480,2040,-840,-1470]],"type":"Polygon","properties":{"name":"Thong Nhat","shapeGroup":"VNM","gid":"VNM-2-592"},"id":"VNM-2-592"},{"arcs":[[-200,2041,-1070,-1145,-1665]],"type":"Polygon","properties":{"name":"Thong Nong","shapeGroup":"VNM","gid":"VNM-2-593"},"id":"VNM-2-593"},{"arcs":[[-665,2042,-1484,-1445,-1417,-1718]],"type":"Polygon","properties":{"name":"Thot Not","shapeGroup":"VNM","gid":"VNM-2-594"},"id":"VNM-2-594"},{"arcs":[[-243,-1989,2043,-677]],"type":"Polygon","properties":{"name":"Thu Dau Mot","shapeGroup":"VNM","gid":"VNM-2-595"},"id":"VNM-2-595"},{"arcs":[[-328,-1808,2044,-800,-1824,-1811]],"type":"Polygon","properties":{"name":"Thu Duc","shapeGroup":"VNM","gid":"VNM-2-596"},"id":"VNM-2-596"},{"arcs":[[-254,-1984,-1952,-1976,-2014,-928]],"type":"Polygon","properties":{"name":"Thu Thua","shapeGroup":"VNM","gid":"VNM-2-597"},"id":"VNM-2-597"},{"arcs":[[-678,-2044,-1988,-801,-2045,-1807,-1228]],"type":"Polygon","properties":{"name":"Thuan An","shapeGroup":"VNM","gid":"VNM-2-598"},"id":"VNM-2-598"},{"arcs":[[-119,-439,2045,-1693]],"type":"Polygon","properties":{"name":"Thuan Bac","shapeGroup":"VNM","gid":"VNM-2-599"},"id":"VNM-2-599"},{"arcs":[[-819,-1551,2046,-1873,-1562,-1911,-1509,-1927]],"type":"Polygon","properties":{"name":"Thuan Chau","shapeGroup":"VNM","gid":"VNM-2-600"},"id":"VNM-2-600"},{"arcs":[[-1702,2047,2048,-1705]],"type":"Polygon","properties":{"name":"Thuan Nam","shapeGroup":"VNM","gid":"VNM-2-601"},"id":"VNM-2-601"},{"arcs":[[-402,2049,-991,2050,-1857,-987,-1497]],"type":"Polygon","properties":{"name":"Thuan Thanh","shapeGroup":"VNM","gid":"VNM-2-602"},"id":"VNM-2-602"},{"arcs":[[-1329,-1778,-2019,-2025,2051]],"type":"Polygon","properties":{"name":"Thuong Tin","shapeGroup":"VNM","gid":"VNM-2-603"},"id":"VNM-2-603"},{"arcs":[[-1427,-1661,-2034,2052,-1680,-1686,-1861,-1853,2053]],"type":"Polygon","properties":{"name":"Thuong Xuan","shapeGroup":"VNM","gid":"VNM-2-604"},"id":"VNM-2-604"},{"arcs":[[-14,-1370,-910,2054,-1847,-1087,-1654,-1241]],"type":"Polygon","properties":{"name":"Thuy Nguyen","shapeGroup":"VNM","gid":"VNM-2-605"},"id":"VNM-2-605"},{"arcs":[[-155,-1858,-2051,-990,2055,2056]],"type":"Polygon","properties":{"name":"Tien Du","shapeGroup":"VNM","gid":"VNM-2-606"},"id":"VNM-2-606"},{"arcs":[[-1018,-1345,-2006,2057]],"type":"Polygon","properties":{"name":"Tien Hai","shapeGroup":"VNM","gid":"VNM-2-607"},"id":"VNM-2-607"},{"arcs":[[-27,-1338,2058,-2004,2059,2060,-2011]],"type":"Polygon","properties":{"name":"Tien Lang","shapeGroup":"VNM","gid":"VNM-2-608"},"id":"VNM-2-608"},{"arcs":[[-49,-1744,-1256,-1499,-1264,-1359]],"type":"Polygon","properties":{"name":"Tien Lu","shapeGroup":"VNM","gid":"VNM-2-609"},"id":"VNM-2-609"},{"arcs":[[-174,-1136,-2009,-1758]],"type":"Polygon","properties":{"name":"Tien Phuoc","shapeGroup":"VNM","gid":"VNM-2-610"},"id":"VNM-2-610"},{"arcs":[[-70,-836,-292,-784,2061,2062,-432]],"type":"Polygon","properties":{"name":"Tien Yen","shapeGroup":"VNM","gid":"VNM-2-611"},"id":"VNM-2-611"},{"arcs":[[-473,-574,2063,-690,-505]],"type":"Polygon","properties":{"name":"Tieu Can","shapeGroup":"VNM","gid":"VNM-2-612"},"id":"VNM-2-612"},{"arcs":[[-516,-525,-546,2064,2065]],"type":"Polygon","properties":{"name":"Tinh Bien","shapeGroup":"VNM","gid":"VNM-2-613"},"id":"VNM-2-613"},{"arcs":[[-1188,-1871,-1683,-1708,-1846,2066]],"type":"Polygon","properties":{"name":"Tinh Gia","shapeGroup":"VNM","gid":"VNM-2-614"},"id":"VNM-2-614"},{"arcs":[[-177,-1715,-309,-1918,-1905,-1997]],"type":"Polygon","properties":{"name":"Tra Bong","shapeGroup":"VNM","gid":"VNM-2-615"},"id":"VNM-2-615"},{"arcs":[[-511,-973,-691,-2064,-573]],"type":"Polygon","properties":{"name":"Tra Cu","shapeGroup":"VNM","gid":"VNM-2-616"},"id":"VNM-2-616"},{"arcs":[[-1068,2067,2068,-1841,-1146]],"type":"Polygon","properties":{"name":"Tra Linh","shapeGroup":"VNM","gid":"VNM-2-617"},"id":"VNM-2-617"},{"arcs":[[-304,-1932,2069,-508,-1321,-564,-395]],"type":"Polygon","properties":{"name":"Tra On","shapeGroup":"VNM","gid":"VNM-2-618"},"id":"VNM-2-618"},{"arcs":[[-471,-1530,-569]],"type":"Polygon","properties":{"name":"Tra Vinh","shapeGroup":"VNM","gid":"VNM-2-619"},"id":"VNM-2-619"},{"arcs":[[-193,-1565,-1545,2070,-1652,2071,-1779]],"type":"Polygon","properties":{"name":"Tram Tau","shapeGroup":"VNM","gid":"VNM-2-620"},"id":"VNM-2-620"},{"arcs":[[-694,2072,2073,-1588,-1896,-1477]],"type":"Polygon","properties":{"name":"Tran De","shapeGroup":"VNM","gid":"VNM-2-621"},"id":"VNM-2-621"},{"arcs":[[-382,-394,-1772,2074,2075,-2039]],"type":"Polygon","properties":{"name":"Tran Van Thoi","shapeGroup":"VNM","gid":"VNM-2-622"},"id":"VNM-2-622"},{"arcs":[[-1056,2076,2077,2078,2079]],"type":"Polygon","properties":{"name":"Tran Yen","shapeGroup":"VNM","gid":"VNM-2-623"},"id":"VNM-2-623"},{"arcs":[[-247,-1038,-953,-795,-681,-926,-931,2080]],"type":"Polygon","properties":{"name":"Trang Bang","shapeGroup":"VNM","gid":"VNM-2-624"},"id":"VNM-2-624"},{"arcs":[[-260,2081,-841,-2041,-1479]],"type":"Polygon","properties":{"name":"Trang Bom","shapeGroup":"VNM","gid":"VNM-2-625"},"id":"VNM-2-625"},{"arcs":[[-283,-1594,-1631,-1999,2082,2083]],"type":"Polygon","properties":{"name":"Trang Dinh","shapeGroup":"VNM","gid":"VNM-2-626"},"id":"VNM-2-626"},{"arcs":[[-545,-2036,-1232,-1009,2084,-2065]],"type":"Polygon","properties":{"name":"Tri Ton","shapeGroup":"VNM","gid":"VNM-2-627"},"id":"VNM-2-627"},{"arcs":[[-423,-876,-1022,2085,-1110,-1840,-717]],"type":"Polygon","properties":{"name":"Trieu Phong","shapeGroup":"VNM","gid":"VNM-2-628"},"id":"VNM-2-628"},{"arcs":[[-905,-1709,-1681,-2053,-2033,-2029]],"type":"Polygon","properties":{"name":"Trieu Son","shapeGroup":"VNM","gid":"VNM-2-629"},"id":"VNM-2-629"},{"arcs":[[-1107,-1651,-1619,2086,2087]],"type":"Polygon","properties":{"name":"Truc Ninh","shapeGroup":"VNM","gid":"VNM-2-630"},"id":"VNM-2-630"},{"arcs":[[-1062,-1842,-2069,2088]],"type":"Polygon","properties":{"name":"Trung Khanh","shapeGroup":"VNM","gid":"VNM-2-631"},"id":"VNM-2-631"},{"arcs":[[[2089]],[[2090]],[[2091]],[[2092]],[[2093]],[[2094]],[[2095]],[[2096]],[[2097]],[[2098]],[[2099]],[[2100]],[[2101]],[[2102]],[[2103]],[[2104]],[[2105]],[[2106]],[[2107]],[[2108]],[[2109]],[[2110]],[[2111]],[[2112]],[[2113]],[[2114]],[[2115]],[[2116]],[[2117]],[[2118]],[[2119]],[[2120]],[[2121]],[[2122]],[[2123]],[[2124]],[[2125]],[[2126]],[[2127]],[[2128]],[[2129]],[[2130]],[[2131]],[[2132]],[[2133]],[[2134]],[[2135]],[[2136]],[[2137]],[[2138]],[[2139]],[[2140]],[[2141]],[[2142]],[[2143]],[[2144]],[[2145]],[[2146]],[[2147]],[[2148]],[[2149]],[[2150]],[[2151]],[[2152]],[[2153]],[[2154]],[[2155]],[[2156]],[[2157]],[[2158]],[[2159]],[[2160]],[[2161]],[[2162]],[[2163]],[[2164]],[[2165]],[[2166]],[[2167]],[[2168]],[[2169]],[[2170]],[[2171]],[[2172]],[[2173]],[[2174]],[[2175]],[[2176]],[[2177]],[[2178]],[[2179]],[[2180]],[[2181]],[[2182]],[[2183]],[[2184]],[[2185]],[[2186]],[[2187]],[[2188]],[[2189]],[[2190]],[[2191]],[[2192]],[[2193]],[[2194]],[[2195]],[[2196]],[[2197]],[[2198]],[[2199]],[[2200]],[[2201]],[[2202]],[[2203]],[[2204]],[[2205]],[[2206]],[[2207]],[[2208]],[[2209]]],"type":"MultiPolygon","properties":{"name":"Truong Sa","shapeGroup":"VNM","gid":"VNM-2-632"},"id":"VNM-2-632"},{"arcs":[[-998,-1100,-2012,-2061,2210,-1689]],"type":"Polygon","properties":{"name":"Tu Ky","shapeGroup":"VNM","gid":"VNM-2-633"},"id":"VNM-2-633"},{"arcs":[[-744,-1616,-1372,-760,-776,-1656]],"type":"Polygon","properties":{"name":"Tu Mo Rong","shapeGroup":"VNM","gid":"VNM-2-634"},"id":"VNM-2-634"},{"arcs":[[-1524,-1907,-1917,-1835,-1916,2211,-1532,-1646]],"type":"Polygon","properties":{"name":"Tu Nghia","shapeGroup":"VNM","gid":"VNM-2-635"},"id":"VNM-2-635"},{"arcs":[[-864,2212,-2056,-989]],"type":"Polygon","properties":{"name":"Tu Son","shapeGroup":"VNM","gid":"VNM-2-636"},"id":"VNM-2-636"},{"arcs":[[-1557,-1893,-1875,2213]],"type":"Polygon","properties":{"name":"Tua Chua","shapeGroup":"VNM","gid":"VNM-2-637"},"id":"VNM-2-637"},{"arcs":[[-1550,-1558,-2214,-1874,-2047]],"type":"Polygon","properties":{"name":"Tuan Giao","shapeGroup":"VNM","gid":"VNM-2-638"},"id":"VNM-2-638"},{"arcs":[[-671,2214,-1400,2215,-1851,-1860]],"type":"Polygon","properties":{"name":"Tuong Duong","shapeGroup":"VNM","gid":"VNM-2-639"},"id":"VNM-2-639"},{"arcs":[[-917,-1922,2216,2217,-1748,-1908]],"type":"Polygon","properties":{"name":"Tuy An","shapeGroup":"VNM","gid":"VNM-2-640"},"id":"VNM-2-640"},{"arcs":[[-354,-362,2218,-771,-768]],"type":"Polygon","properties":{"name":"Tuy Duc","shapeGroup":"VNM","gid":"VNM-2-641"},"id":"VNM-2-641"},{"arcs":[[-884,-1749,-2218,2219]],"type":"Polygon","properties":{"name":"Tuy Hoa","shapeGroup":"VNM","gid":"VNM-2-642"},"id":"VNM-2-642"},{"arcs":[[-126,-946,-1706,-2049,2220]],"type":"Polygon","properties":{"name":"Tuy Phong","shapeGroup":"VNM","gid":"VNM-2-643"},"id":"VNM-2-643"},{"arcs":[[-39,-1741,-1867,2221]],"type":"Polygon","properties":{"name":"Tuy Phuoc","shapeGroup":"VNM","gid":"VNM-2-644"},"id":"VNM-2-644"},{"arcs":[[-82,-345,-1522,2222,-1269,-445,-1395,-1838]],"type":"Polygon","properties":{"name":"Tuyen Hoa","shapeGroup":"VNM","gid":"VNM-2-645"},"id":"VNM-2-645"},{"arcs":[[-1901,2223]],"type":"Polygon","properties":{"name":"Tuyen Quang","shapeGroup":"VNM","gid":"VNM-2-646"},"id":"VNM-2-646"},{"arcs":[[-37,-2040,-2076,2224]],"type":"Polygon","properties":{"name":"U Minh","shapeGroup":"VNM","gid":"VNM-2-647"},"id":"VNM-2-647"},{"arcs":[[-9,-1043,2225,-2037,-35]],"type":"Polygon","properties":{"name":"U Minh Thuong","shapeGroup":"VNM","gid":"VNM-2-648"},"id":"VNM-2-648"},{"arcs":[[-656,-2020,-1776,-961,-1353,-1576]],"type":"Polygon","properties":{"name":"Ung Hoa","shapeGroup":"VNM","gid":"VNM-2-649"},"id":"VNM-2-649"},{"arcs":[[-909,-1897,-1226,-1848,-2055]],"type":"Polygon","properties":{"name":"Uong Bi","shapeGroup":"VNM","gid":"VNM-2-650"},"id":"VNM-2-650"},{"arcs":[[-223,-232,2226,-1548,-2007,-1985,-1884]],"type":"Polygon","properties":{"name":"Van Ban","shapeGroup":"VNM","gid":"VNM-2-651"},"id":"VNM-2-651"},{"arcs":[[-40,-2222,-1866,-1920,-922,-1379,-1996]],"type":"Polygon","properties":{"name":"Van Canh","shapeGroup":"VNM","gid":"VNM-2-652"},"id":"VNM-2-652"},{"arcs":[[-1055,2227,-1977,-1780,-2072,-1653,-2071,-1544,2228,-2077]],"type":"Polygon","properties":{"name":"Van Chan","shapeGroup":"VNM","gid":"VNM-2-653"},"id":"VNM-2-653"},{"arcs":[[[2229]],[[2230]],[[2231]],[[2232]],[[2233]],[[2234]],[[2235]],[[2236]],[[2237]],[[2238]],[[2239]],[[2240]],[[-433,-2063,2241]]],"type":"MultiPolygon","properties":{"name":"Van Don","shapeGroup":"VNM","gid":"VNM-2-654"},"id":"VNM-2-654"},{"arcs":[[-993,2242,2243,-1330,-2052,-2024]],"type":"Polygon","properties":{"name":"Van Giang","shapeGroup":"VNM","gid":"VNM-2-655"},"id":"VNM-2-655"},{"arcs":[[-705,-1504,-1830,-1568,2244,-1535,-1782]],"type":"Polygon","properties":{"name":"Van Ho","shapeGroup":"VNM","gid":"VNM-2-656"},"id":"VNM-2-656"},{"arcs":[[-401,-1578,2245,-2243,-992,-2050]],"type":"Polygon","properties":{"name":"Van Lam","shapeGroup":"VNM","gid":"VNM-2-657"},"id":"VNM-2-657"},{"arcs":[[-284,-2084,2246,-485,2247]],"type":"Polygon","properties":{"name":"Van Lang","shapeGroup":"VNM","gid":"VNM-2-658"},"id":"VNM-2-658"},{"arcs":[[[2248]],[[-881,2249,-1697,-1925,-1994]]],"type":"MultiPolygon","properties":{"name":"Van Ninh","shapeGroup":"VNM","gid":"VNM-2-659"},"id":"VNM-2-659"},{"arcs":[[-165,-285,-2248,-484,-1434,-480,-589,-1285]],"type":"Polygon","properties":{"name":"Van Quan","shapeGroup":"VNM","gid":"VNM-2-660"},"id":"VNM-2-660"},{"arcs":[[-231,-1492,2250,-2078,-2229,-1543,-2227]],"type":"Polygon","properties":{"name":"Van Yen","shapeGroup":"VNM","gid":"VNM-2-661"},"id":"VNM-2-661"},{"arcs":[[-1026,2251,-1472,-1039]],"type":"Polygon","properties":{"name":"Vi Thanh","shapeGroup":"VNM","gid":"VNM-2-662"},"id":"VNM-2-662"},{"arcs":[[-581,-1792,-1473,-2252,-1025]],"type":"Polygon","properties":{"name":"Vi Thuy","shapeGroup":"VNM","gid":"VNM-2-663"},"id":"VNM-2-663"},{"arcs":[[-150,-1421,-164,-1224,2252,-1825,2253,-152,-1053]],"type":"Polygon","properties":{"name":"Vi Xuyen","shapeGroup":"VNM","gid":"VNM-2-664"},"id":"VNM-2-664"},{"arcs":[[-116,-1425,-1763,-1926,-1440,2254]],"type":"Polygon","properties":{"name":"Viet Tri","shapeGroup":"VNM","gid":"VNM-2-665"},"id":"VNM-2-665"},{"arcs":[[-133,2255,-1855,-157,2256,-1138,-1990]],"type":"Polygon","properties":{"name":"Viet Yen","shapeGroup":"VNM","gid":"VNM-2-666"},"id":"VNM-2-666"},{"arcs":[[-1261,-1633,-1636]],"type":"Polygon","properties":{"name":"Vinh","shapeGroup":"VNM","gid":"VNM-2-667"},"id":"VNM-2-667"},{"arcs":[[-1690,-2211,-2060,-2003,-1880]],"type":"Polygon","properties":{"name":"Vinh Bao","shapeGroup":"VNM","gid":"VNM-2-668"},"id":"VNM-2-668"},{"arcs":[[-146,2257,-1589,-2074,2258]],"type":"Polygon","properties":{"name":"Vinh Chau","shapeGroup":"VNM","gid":"VNM-2-669"},"id":"VNM-2-669"},{"arcs":[[-169,-1745,-898,-349,-1971,-842,-2082,-265,-1987]],"type":"Polygon","properties":{"name":"Vinh Cuu","shapeGroup":"VNM","gid":"VNM-2-670"},"id":"VNM-2-670"},{"arcs":[[-1342,-1969,2259]],"type":"Polygon","properties":{"name":"Vinh Hung","shapeGroup":"VNM","gid":"VNM-2-671"},"id":"VNM-2-671"},{"arcs":[[-1020,-1268,-1451,2260]],"type":"Polygon","properties":{"name":"Vinh Linh","shapeGroup":"VNM","gid":"VNM-2-672"},"id":"VNM-2-672"},{"arcs":[[-441,-2001,-1082,2261]],"type":"Polygon","properties":{"name":"Vinh Loc","shapeGroup":"VNM","gid":"VNM-2-673"},"id":"VNM-2-673"},{"arcs":[[-145,-1152,-1794,-1625,-2027,-1590,-2258]],"type":"Polygon","properties":{"name":"Vinh Loi","shapeGroup":"VNM","gid":"VNM-2-674"},"id":"VNM-2-674"},{"arcs":[[-385,-1469,-539]],"type":"Polygon","properties":{"name":"Vinh Long","shapeGroup":"VNM","gid":"VNM-2-675"},"id":"VNM-2-675"},{"arcs":[[-24,-1317,-32,-1170,-1737,-1995]],"type":"Polygon","properties":{"name":"Vinh Thanh","shapeGroup":"VNM","gid":"VNM-2-676"},"id":"VNM-2-676"},{"arcs":[[-664,-1962,-2035,-1485,-2043]],"type":"Polygon","properties":{"name":"Vinh Thanh","shapeGroup":"VNM","gid":"VNM-2-677"},"id":"VNM-2-677"},{"arcs":[[-1042,-1248,-2038,-2226]],"type":"Polygon","properties":{"name":"Vinh Thuan","shapeGroup":"VNM","gid":"VNM-2-678"},"id":"VNM-2-678"},{"arcs":[[-109,-2255,-1439,-1938,2262,-1789,-1913]],"type":"Polygon","properties":{"name":"Vinh Tuong","shapeGroup":"VNM","gid":"VNM-2-679"},"id":"VNM-2-679"},{"arcs":[[-336,2263,-1936]],"type":"Polygon","properties":{"name":"Vinh Yen","shapeGroup":"VNM","gid":"VNM-2-680"},"id":"VNM-2-680"},{"arcs":[[-167,-1290,2264,-893,-617,-1595,-281]],"type":"Polygon","properties":{"name":"Vo Nhai","shapeGroup":"VNM","gid":"VNM-2-681"},"id":"VNM-2-681"},{"arcs":[[-298,-1581,-1603,-1621,-1650,2265]],"type":"Polygon","properties":{"name":"Vu Ban","shapeGroup":"VNM","gid":"VNM-2-682"},"id":"VNM-2-682"},{"arcs":[[-939,-1271,2266,-1273]],"type":"Polygon","properties":{"name":"Vu Quang","shapeGroup":"VNM","gid":"VNM-2-683"},"id":"VNM-2-683"},{"arcs":[[-890,-2002,-1347,2267,-2087,-1618,-1601,-1579,-1500,-1254]],"type":"Polygon","properties":{"name":"Vu Thu","shapeGroup":"VNM","gid":"VNM-2-684"},"id":"VNM-2-684"},{"arcs":[[-475,-509,-2070,-1931,-1512,-612,-1527,-1528]],"type":"Polygon","properties":{"name":"Vung Liem","shapeGroup":"VNM","gid":"VNM-2-685"},"id":"VNM-2-685"},{"arcs":[[-86,-1466,2268,-1980]],"type":"Polygon","properties":{"name":"Vung Tau","shapeGroup":"VNM","gid":"VNM-2-686"},"id":"VNM-2-686"},{"arcs":[[-140,-1890,2269,-1222,-1832,-228]],"type":"Polygon","properties":{"name":"Xin Man","shapeGroup":"VNM","gid":"VNM-2-687"},"id":"VNM-2-687"},{"arcs":[[-427,-1471,-838,-933,-1992,-1117,2270]],"type":"Polygon","properties":{"name":"Xuan Loc","shapeGroup":"VNM","gid":"VNM-2-688"},"id":"VNM-2-688"},{"arcs":[[-1016,-1108,-2088,-2268,-1346]],"type":"Polygon","properties":{"name":"Xuan Truong","shapeGroup":"VNM","gid":"VNM-2-689"},"id":"VNM-2-689"},{"arcs":[[-428,-2271,-1116,2271,-792,-520]],"type":"Polygon","properties":{"name":"Xuyen Moc","shapeGroup":"VNM","gid":"VNM-2-690"},"id":"VNM-2-690"},{"arcs":[[-299,-2266,-1649,2272,-1687,-1156,-1005,-2017]],"type":"Polygon","properties":{"name":"Y Yen","shapeGroup":"VNM","gid":"VNM-2-691"},"id":"VNM-2-691"},{"arcs":[[-1057,-2080,2273]],"type":"Polygon","properties":{"name":"Yen Bai","shapeGroup":"VNM","gid":"VNM-2-692"},"id":"VNM-2-692"},{"arcs":[[-856,-1058,-2274,-2079,-2251,-1491,-1127,2274]],"type":"Polygon","properties":{"name":"Yen Binh","shapeGroup":"VNM","gid":"VNM-2-693"},"id":"VNM-2-693"},{"arcs":[[-190,-1537,2275,-1506]],"type":"Polygon","properties":{"name":"Yen Chau","shapeGroup":"VNM","gid":"VNM-2-694"},"id":"VNM-2-694"},{"arcs":[[-442,-2262,-1081,-1182,-2031,-2032,-1659]],"type":"Polygon","properties":{"name":"Yen Dinh","shapeGroup":"VNM","gid":"VNM-2-695"},"id":"VNM-2-695"},{"arcs":[[-132,-1433,-1487,-596,-1856,-2256]],"type":"Polygon","properties":{"name":"Yen Dung","shapeGroup":"VNM","gid":"VNM-2-696"},"id":"VNM-2-696"},{"arcs":[[-1158,-1688,-2273,-1648,-1365,2276]],"type":"Polygon","properties":{"name":"Yen Khanh","shapeGroup":"VNM","gid":"VNM-2-697"},"id":"VNM-2-697"},{"arcs":[[-335,-1518,-1790,-2263,-1937,-2264]],"type":"Polygon","properties":{"name":"Yen Lac","shapeGroup":"VNM","gid":"VNM-2-698"},"id":"VNM-2-698"},{"arcs":[[-409,-1944,-2022,-1978,-2228,-1054]],"type":"Polygon","properties":{"name":"Yen Lap","shapeGroup":"VNM","gid":"VNM-2-699"},"id":"VNM-2-699"},{"arcs":[[-153,-2254,-1827,2277,-913,-1519,-205]],"type":"Polygon","properties":{"name":"Yen Minh","shapeGroup":"VNM","gid":"VNM-2-700"},"id":"VNM-2-700"},{"arcs":[[-266,-1935,-1159,-2277,-1364,-1627,-1077]],"type":"Polygon","properties":{"name":"Yen Mo","shapeGroup":"VNM","gid":"VNM-2-701"},"id":"VNM-2-701"},{"arcs":[[-52,-1331,-2244,-2246,-1577]],"type":"Polygon","properties":{"name":"Yen My","shapeGroup":"VNM","gid":"VNM-2-702"},"id":"VNM-2-702"},{"arcs":[[-156,-2057,-2213,-863,-1895,-1139,-2257]],"type":"Polygon","properties":{"name":"Yen Phong","shapeGroup":"VNM","gid":"VNM-2-703"},"id":"VNM-2-703"},{"arcs":[[-601,-605,-832,-1902,-2224,-1900,-857,-2275,-1126]],"type":"Polygon","properties":{"name":"Yen Son","shapeGroup":"VNM","gid":"VNM-2-704"},"id":"VNM-2-704"},{"arcs":[[-825,-1634,-845,-1970,-1868]],"type":"Polygon","properties":{"name":"Yen Thanh","shapeGroup":"VNM","gid":"VNM-2-705"},"id":"VNM-2-705"},{"arcs":[[-894,-2265,-1289,-1431,-1991,-1733]],"type":"Polygon","properties":{"name":"Yen The","shapeGroup":"VNM","gid":"VNM-2-706"},"id":"VNM-2-706"},{"arcs":[[-1357,-1409,-1674,-1406]],"type":"Polygon","properties":{"name":"Yen Thuy","shapeGroup":"VNM","gid":"VNM-2-707"},"id":"VNM-2-707"}]}}}