{"type":"Topology","arcs":[[[2878,3230],[-66,-51]],[[2812,3179],[8,61]],[[2820,3240],[21,56],[31,28],[6,-94]],[[3366,3544],[11,-38],[-31,-49],[18,-22],[-35,-53],[44,-6],[75,49],[6,57],[45,-6],[14,-51],[-22,-70],[15,-96]],[[3506,3259],[-83,56],[-73,-35],[-33,-45]],[[3317,3235],[-50,8],[-31,-12],[1,58],[-44,6]],[[3193,3295],[-75,-18],[-40,-26],[-63,13],[-30,29]],[[2985,3293],[46,87],[-10,46],[-28,41],[52,36]],[[3045,3503],[69,32],[76,103]],[[3190,3638],[39,21],[7,-111],[10,-31],[54,1],[66,26]],[[3366,3544],[23,34],[10,79]],[[3399,3657],[57,-27],[28,-37],[29,-9],[37,-59],[71,2],[36,-43],[60,8],[26,-8],[63,-74]],[[3806,3410],[-11,-40],[-35,-34]],[[3760,3336],[-65,-14],[-29,-67],[-34,16],[-24,-47],[-4,-84],[-71,12],[-51,20]],[[3482,3172],[-1,38],[25,49]],[[3395,2920],[-22,-61],[-50,-6]],[[3323,2853],[-30,8],[0,39]],[[3293,2900],[75,53],[27,-33]],[[3293,2900],[-49,-46]],[[3244,2854],[-41,35],[-4,68]],[[3199,2957],[72,45],[13,34],[69,69]],[[3353,3105],[-6,-46],[11,-48],[31,-1]],[[3389,3010],[75,-85],[3,-36],[-26,-27],[23,-24],[25,17],[32,-52],[27,-7]],[[3548,2796],[-6,-48],[-46,5]],[[3496,2753],[-13,40],[-33,18]],[[3450,2811],[-36,37],[-19,72]],[[4607,1044],[-19,6]],[[4588,1050],[-2,16]],[[4586,1066],[-36,62]],[[4550,1128],[1,1],[26,1],[3,5]],[[4580,1135],[14,0],[24,95],[-2,23]],[[4616,1253],[-6,31]],[[4610,1284],[76,-11]],[[4686,1273],[-55,-119],[-24,-110]],[[3806,3410],[98,-15],[28,-35],[29,38]],[[3961,3398],[64,-5],[-22,-55],[1,-85],[79,-38]],[[4083,3215],[-21,-86],[-91,23]],[[3971,3152],[-105,4],[-41,35]],[[3825,3191],[6,40],[-23,76],[-43,-1],[-5,30]],[[3971,3152],[19,-57],[-19,-29],[-51,-18],[-7,-50],[15,-22],[67,-10]],[[3995,2966],[-31,-51],[-73,11],[-62,-17],[-49,-32]],[[3780,2877],[-14,21]],[[3766,2898],[-40,83],[11,30],[-57,49]],[[3680,3060],[45,38],[34,10],[4,36],[27,47],[35,0]],[[3766,2898],[-50,-11],[-38,66],[-40,-35],[-79,64],[4,35],[-55,64]],[[3508,3081],[113,-5],[59,-16]],[[5094,2800],[59,-14],[67,-2]],[[5220,2784],[5,-33],[45,-101],[-41,-112]],[[5229,2538],[-87,-24],[-34,-31]],[[5108,2483],[-18,44],[-29,12],[-39,43],[-42,9],[-11,33]],[[4969,2624],[70,25],[-27,74],[10,91]],[[5022,2814],[72,-14]],[[3508,3081],[-26,42],[0,49]],[[3508,3081],[-52,-27],[0,-49],[-67,5]],[[3353,3105],[2,33],[-38,97]],[[3199,2957],[-13,-6],[-25,20],[-15,22],[-15,-10]],[[3131,2983],[13,15],[15,3],[18,44],[31,18],[-14,36],[18,91],[-32,-1],[-4,-71],[-32,4],[-5,72],[43,20],[11,81]],[[2878,3230],[74,56],[33,7]],[[3131,2983],[-36,-67],[-43,40],[-24,-27],[-53,28],[26,45],[-16,30],[43,88],[-34,18],[-11,-48],[-70,-51],[-66,-9]],[[2847,3030],[-48,16]],[[2799,3046],[-34,57]],[[2765,3103],[47,76]],[[2847,3030],[-29,-28],[90,-67],[89,-20],[-67,-33],[-25,-60],[22,-55]],[[2927,2767],[-36,-1],[-62,-31],[-8,-34]],[[2821,2701],[-39,50],[-33,-44],[-32,-8],[-65,14]],[[2652,2713],[-24,85]],[[2628,2798],[19,15],[46,-20],[8,35],[-33,7],[-44,53],[13,48],[25,11],[61,-57],[15,81],[61,75]],[[3244,2854],[-20,-42],[-48,15],[-16,-19]],[[3160,2808],[-11,0]],[[3149,2808],[-22,-14],[-47,4],[-63,-19],[-2,-45]],[[3015,2734],[-52,-27]],[[2963,2707],[-34,16]],[[2929,2723],[-2,44]],[[3323,2853],[40,-29],[25,23],[41,-23]],[[3429,2824],[-22,-27],[-38,-10],[-59,-54]],[[3310,2733],[-43,-28],[-57,54],[-30,15],[-20,34]],[[3780,2877],[-19,-23],[37,-84],[-35,-9]],[[3763,2761],[-22,-1]],[[3741,2760],[-101,68],[2,34],[-31,8],[-36,36],[-62,-5],[7,-43],[40,-14],[-12,-48]],[[3741,2760],[-43,-61],[-1,-34],[-44,5],[-9,-41],[6,-52]],[[3650,2577],[-25,-50],[-43,-48],[-69,4],[-26,41],[-29,6]],[[3458,2530],[23,32],[-3,70],[58,18],[-34,45],[-6,58]],[[5288,1720],[-92,-147],[-87,-98]],[[5109,1475],[-47,95],[3,41],[66,30],[33,68],[124,11]],[[5109,1475],[-41,-21],[-105,-18],[-115,-35],[-116,-64],[-46,-64]],[[4686,1273],[-1,32],[18,360]],[[4703,1665],[30,63],[56,77],[4,49],[-34,55],[-4,74]],[[4755,1983],[127,-16],[36,10],[-23,48]],[[4895,2025],[62,28],[71,7],[88,47],[60,51],[35,16],[139,111],[27,28]],[[5377,2313],[54,18],[114,12],[18,-79],[18,-39],[46,-55],[39,-8],[18,-24],[72,42],[162,50]],[[5918,2230],[112,35],[76,32],[220,132],[31,35],[21,53]],[[6378,2517],[62,-26],[57,-93],[10,-126],[-16,-82],[2,-52],[44,-112]],[[6537,2026],[-57,-5],[-110,29],[-73,-1],[-89,-18],[-111,-11],[-89,11],[-160,-38],[-68,2],[-82,-21],[-139,-46],[-42,1],[-52,-25],[-125,-121],[-52,-63]],[[3458,2530],[-54,-34]],[[3404,2496],[-47,51]],[[3357,2547],[-30,68],[-17,118]],[[3429,2824],[21,-13]],[[3416,5049],[1,18]],[[3417,5067],[1,1]],[[3418,5068],[10,0]],[[3428,5068],[11,-7]],[[3439,5061],[-16,-10]],[[3423,5051],[-7,-2]],[[3357,2547],[-56,-5],[-39,32],[-86,3],[-80,48]],[[3096,2625],[30,38],[15,56],[8,89]],[[2963,2707],[-41,-51],[-19,29],[26,38]],[[3096,2625],[-42,-8]],[[3054,2617],[-63,7],[-3,37],[41,3],[2,44],[-16,26]],[[4017,4596],[-23,-3],[-114,51],[-35,8],[-54,-34],[-30,48],[-23,1]],[[3738,4667],[-7,69],[-43,5],[-13,30],[8,81],[22,28],[32,136]],[[3737,5016],[229,-49]],[[3966,4967],[9,-45],[-40,-42],[35,-52],[35,-13],[51,-40]],[[4056,4775],[-110,-23],[52,-73],[19,-83]],[[7422,3177],[57,-43],[31,14],[38,-28]],[[7548,3120],[124,-123],[12,-32],[1,-88]],[[7685,2877],[-395,-15],[-168,-13],[-49,-19],[-56,-88],[-53,-35],[-67,-13],[-186,3],[-99,16],[-88,-22]],[[6524,2691],[17,81],[-28,110],[23,62],[2,99]],[[6538,3043],[123,9],[104,33],[44,28],[64,84],[67,18],[128,-3]],[[7068,3212],[51,-34],[57,37],[53,-10],[87,0],[53,-47],[53,19]],[[4112,5062],[1,44],[-28,65]],[[4085,5171],[76,76]],[[4161,5247],[35,21],[16,-34],[47,-42],[15,-38]],[[4274,5154],[-7,-110],[-17,-28],[-64,-16],[-57,23],[-17,39]],[[6524,2691],[-39,-18],[-89,-15]],[[6396,2658],[-190,-8],[-175,32],[-9,10]],[[6022,2692],[-34,52],[-5,41],[17,54],[32,34],[63,44],[98,42]],[[6193,2959],[64,11],[119,98]],[[6376,3068],[24,-40],[25,-4],[86,34],[27,-15]],[[6193,2959],[-28,50],[-2,53],[-28,57],[-82,24],[-62,4]],[[5991,3147],[11,57],[37,57]],[[6039,3261],[45,16],[59,52],[16,55],[73,-22],[58,53]],[[6290,3415],[32,26],[44,1],[31,-77],[31,-52]],[[6428,3313],[44,-77],[-12,-75],[-84,-93]],[[3314,5187],[32,-24]],[[3346,5163],[-18,-45]],[[3328,5118],[-42,-9],[-11,29],[39,49]],[[5220,2784],[69,6],[60,-14]],[[5349,2776],[40,-79],[42,-20],[87,14],[52,20],[70,71],[91,66],[187,123],[19,32],[-22,78],[65,38],[11,28]],[[6022,2692],[-58,-44],[-37,-43],[-151,-86],[17,-51],[47,-82],[78,-156]],[[5377,2313],[-65,92],[-15,42],[-39,63],[-29,28]],[[5108,2483],[-72,-57],[-93,-39]],[[4943,2387],[-57,39],[-37,-30],[-49,0]],[[4800,2396],[-4,47],[116,49],[-24,81],[21,53]],[[4909,2626],[60,-2]],[[5273,3303],[-54,-64]],[[5219,3239],[-116,-149]],[[5103,3090],[-47,-61]],[[5056,3029],[-29,-7],[-64,-43],[-42,-48],[-97,-35],[-58,11]],[[4766,2907],[0,81],[-23,50]],[[4743,3038],[22,32],[24,81],[2,63],[44,25]],[[4835,3239],[85,1]],[[4920,3240],[19,-31],[39,14],[34,46],[12,49],[65,27],[82,99],[65,18],[12,27]],[[5248,3489],[18,-38],[9,-82],[-2,-66]],[[4895,2025],[-85,53],[0,61],[-19,57],[20,26]],[[4811,2222],[50,57],[60,44],[22,64]],[[6396,2658],[0,-39],[-18,-102]],[[7685,2877],[51,-86],[-4,-20],[-45,-47],[-19,-52],[-6,-66],[15,-72],[38,-46],[2,-61],[-39,-114]],[[7678,2313],[-112,-26],[-43,-20],[-52,-6],[-179,-45],[-46,-25],[-82,-62],[-136,-58],[-51,-27],[-132,14],[-233,-49],[-21,15],[-54,2]],[[3418,5068],[9,79]],[[3427,5147],[24,-5]],[[3451,5142],[21,-70]],[[3472,5072],[-44,-4]],[[4835,3239],[1,54],[-38,165],[50,85]],[[4848,3543],[103,-10]],[[4951,3533],[38,-40],[4,-79],[-30,-43],[-43,-131]],[[5069,3596],[-35,13],[-8,61],[-25,97]],[[5001,3767],[-2,40]],[[4999,3807],[5,34]],[[5004,3841],[79,8],[36,74],[29,2],[28,-44],[32,-10]],[[5208,3871],[1,-117]],[[5209,3754],[20,-59]],[[5229,3695],[-77,-25],[-58,-61],[-25,-13]],[[3472,5072],[21,-4]],[[3493,5068],[4,-25]],[[3497,5043],[-48,-1],[-10,19]],[[5094,2800],[-7,28],[10,66],[-15,119],[-26,16]],[[5103,3090],[57,-99],[30,-9],[65,9]],[[5255,2991],[-1,-89],[-37,-86],[3,-32]],[[3497,5043],[3,-17]],[[3500,5026],[-79,2]],[[3421,5028],[2,23]],[[3500,5026],[1,-8]],[[3501,5018],[-31,-75],[-29,-8],[-30,23],[-44,-7]],[[3367,4951],[-32,31],[40,30]],[[3375,5012],[46,16]],[[5219,3239],[47,-51],[7,-39],[30,-69],[-48,-89]],[[3375,5012],[-27,24]],[[3348,5036],[45,6]],[[3393,5042],[23,7]],[[3393,5042],[2,31]],[[3395,5073],[22,-6]],[[3346,5163],[40,-17]],[[3386,5146],[-19,-29],[28,-44]],[[3348,5036],[-14,24]],[[3334,5060],[-6,58]],[[3386,5146],[41,1]],[[3314,5187],[-20,41],[45,29],[16,-12],[43,19],[2,56],[22,50]],[[3422,5370],[71,26],[19,46],[65,19],[45,-19],[34,-33]],[[3656,5409],[44,-50]],[[3700,5359],[-24,-19],[-67,13],[-5,-42],[-60,3],[-7,-46],[-86,-126]],[[4848,3543],[15,50],[-49,93],[2,42]],[[4816,3728],[37,71],[63,12],[85,-44]],[[5069,3596],[-37,-57],[-81,-6]],[[4999,3807],[-23,3],[-26,46]],[[4950,3856],[54,-15]],[[3501,5018],[23,-7],[-1,-110],[-46,-45],[-24,52],[-42,19]],[[3411,4927],[-44,24]],[[5208,3871],[35,6],[14,37],[-63,50],[23,58],[38,-57],[49,34],[-5,57]],[[5299,4056],[109,11]],[[5408,4067],[27,-44],[-20,-66],[-53,-94],[-34,-80],[-25,-26],[-48,8],[-46,-11]],[[3961,3398],[-4,100],[57,11]],[[4014,3509],[79,-3]],[[4093,3506],[48,-62],[57,-24]],[[4198,3420],[-50,-68],[-44,-82],[-21,-55]],[[5408,4067],[78,-2],[54,-38],[-9,-35],[-46,-63],[-13,-89]],[[5472,3840],[-20,-54],[2,-47],[-30,-64],[-163,-161],[-13,-25]],[[5248,3489],[-31,106],[36,51],[-24,49]],[[5472,3840],[58,1],[45,20],[33,-2]],[[5608,3859],[57,-140],[14,-65],[65,-157],[22,-16]],[[5766,3481],[-73,-78],[0,-48],[-26,-15],[-66,36],[-113,-23],[-96,-58]],[[5392,3295],[-119,8]],[[5766,3481],[26,-3],[99,26]],[[5891,3504],[54,-70],[-12,-35],[26,-100],[26,-18]],[[5985,3281],[-69,-43],[-65,-23],[-38,-28],[-84,-38],[-2,-38],[-35,-81],[-45,-55],[-63,-12],[-105,-37]],[[5479,2926],[-26,57],[-7,79],[13,50],[-13,38],[-43,56],[-11,89]],[[5349,2776],[48,26],[65,108],[17,16]],[[5985,3281],[54,-20]],[[5371,2937],[25,-42],[-31,-13],[-13,26],[19,29]],[[4372,3577],[93,-6]],[[4465,3571],[34,-135],[1,-73],[-11,-54]],[[4489,3309],[-95,-7]],[[4394,3302],[-13,46]],[[4381,3348],[-45,83],[-25,118],[-21,43]],[[4290,3592],[45,15],[37,-30]],[[4372,3577],[-75,80],[-31,-44]],[[4266,3613],[-50,26]],[[4216,3639],[-19,40],[108,86],[55,99],[-30,9],[-54,-57],[-46,9],[74,66],[-47,86],[-28,88]],[[4229,4065],[76,64]],[[4305,4129],[82,46],[109,25]],[[4496,4200],[7,-110],[-30,-176],[58,-47],[27,-72],[15,-136]],[[4573,3659],[-53,-36],[-55,-52]],[[4290,3592],[-24,21]],[[4216,3639],[-59,15]],[[4157,3654],[15,58],[-36,55],[-7,80],[4,100]],[[4133,3947],[13,49],[83,69]],[[4496,4200],[83,23],[60,-21]],[[4639,4202],[21,-40],[-23,-66],[31,-118],[37,-116],[-8,-43],[31,-76],[8,-42]],[[4736,3701],[-126,-28],[-37,-14]],[[4093,3506],[64,148]],[[4381,3348],[-38,8],[-16,31],[-41,29],[-20,-13],[-68,17]],[[2774,1896],[35,-73]],[[2809,1823],[-33,6],[-34,-41],[-38,-20],[-4,-42],[-25,-50],[-100,-74]],[[2575,1602],[-15,66],[6,107],[-9,32],[-57,4],[-43,-28],[-87,-7]],[[2370,1776],[40,66],[47,2],[112,63],[-4,67],[-44,46],[-36,21],[-32,-6],[-104,13],[2,82],[39,101],[69,-5],[18,29],[48,36]],[[2525,2291],[23,-16],[27,-106],[33,-87],[42,-67],[122,-107],[2,-12]],[[4394,3302],[-100,-47],[-30,-3]],[[4264,3252],[-43,19],[-44,-5],[-14,-30],[-80,-21]],[[3434,1824],[-27,28],[-70,33],[4,33]],[[3341,1918],[18,15],[15,65]],[[3374,1998],[32,2],[88,-52]],[[3494,1948],[-45,-60],[-15,-64]],[[4743,3038],[-26,37],[-86,16],[16,36],[-25,73],[-50,31],[-28,50],[-55,28]],[[4736,3701],[80,27]],[[3650,2577],[32,-14],[21,-60],[-15,-50],[-33,-62],[43,-35],[78,18],[85,-34]],[[3861,2340],[-9,-47]],[[3852,2293],[-10,-40],[-41,-20],[-15,-31],[-56,-6],[-10,-44]],[[3720,2152],[-53,-6],[-9,-19],[-57,-11],[-4,-27]],[[3597,2089],[-67,35],[-24,33],[23,43],[-24,52],[-28,2],[-42,-25],[-93,15]],[[3342,2244],[-40,44]],[[3302,2288],[16,29],[66,19],[37,-2],[-15,58],[-33,0],[-8,61],[39,43]],[[3054,2617],[13,-64],[-2,-48],[29,-39],[-45,-36],[-6,41],[-43,41]],[[3000,2512],[-30,40],[-46,-27],[-32,37],[-8,46],[18,22],[-81,71]],[[3000,2512],[-25,-11],[-34,-68],[-64,38],[-10,-38],[23,-29],[31,-7],[2,-116]],[[2923,2281],[-68,53],[-38,8],[-24,23],[-31,59],[17,42],[-30,65],[-39,49],[-32,-25],[-46,18],[-53,91],[9,16],[64,33]],[[2923,2281],[7,-20]],[[2930,2261],[-55,-15],[-28,-57],[-32,-6],[49,-76],[-4,-41],[29,-41],[-30,-41],[8,-57]],[[2867,1927],[-36,-36],[-57,5]],[[2525,2291],[10,60],[-6,63],[-28,31],[-82,44],[-8,115],[-30,12]],[[2381,2616],[-18,48]],[[2363,2664],[18,45],[8,66],[68,8],[42,-7],[65,17]],[[2564,2793],[64,5]],[[2370,1776],[-25,-16],[-62,5],[-55,15],[-74,-11],[-58,16],[-55,-11]],[[2041,1774],[2,44],[-19,41],[25,46],[6,43],[-7,87],[13,23],[-2,112],[21,74],[30,64],[-13,34],[7,94]],[[2104,2436],[168,59],[25,37],[-8,43],[42,44],[50,-3]],[[2575,1602],[-46,-47],[22,-60],[165,-5]],[[2716,1490],[-25,-21],[4,-38],[39,-36],[2,-43],[-27,-25],[-2,-32],[-94,-28],[-186,-354],[5,-31]],[[2432,882],[-18,-15],[-61,0],[-13,27],[23,36],[6,77],[31,82],[-10,25],[-62,76],[-23,65],[-26,34],[-23,70],[-26,33],[-47,111],[-86,121],[-42,86],[-14,64]],[[2930,2261],[98,1]],[[3028,2262],[27,-105],[35,-23]],[[3090,2134],[-3,-14]],[[3087,2120],[-15,-53],[-30,-43],[-64,-49],[-22,-42],[-40,9],[-49,-15]],[[3127,2251],[19,-68]],[[3146,2183],[-55,8]],[[3091,2191],[16,71]],[[3107,2262],[20,-11]],[[3028,2262],[31,34]],[[3059,2296],[-4,-21],[52,-13]],[[3091,2191],[-1,-57]],[[3342,2244],[-56,-37]],[[3286,2207],[-46,-2],[-23,-30],[40,-26],[30,-2]],[[3287,2147],[12,-31],[-7,-38],[-24,-17]],[[3268,2061],[-47,19],[-75,103]],[[3127,2251],[22,1]],[[3149,2252],[12,-6]],[[3161,2246],[19,26],[43,22],[4,23]],[[3227,2317],[42,8],[33,-37]],[[3268,2061],[-29,-42]],[[3239,2019],[-37,-1]],[[3202,2018],[-54,-5],[-2,42],[-23,46],[-36,19]],[[3286,2207],[1,-60]],[[4020,6754],[-41,-77]],[[3979,6677],[-84,-10],[-92,25],[-39,-40]],[[3764,6652],[-49,-16],[-96,23],[-78,-9]],[[3541,6650],[-52,53],[6,131]],[[3495,6834],[65,0],[23,22],[57,6],[2,33],[35,50],[41,19]],[[3718,6964],[118,-75],[32,-77],[23,-15],[84,-14],[45,-29]],[[3374,1998],[-65,22],[-70,-1]],[[3597,2089],[12,-27],[47,6],[53,-34],[37,-67],[-126,9],[-62,-34],[33,-15],[9,-34]],[[3600,1893],[-44,-20],[-22,6],[-40,69]],[[3096,1818],[76,-43],[71,-21],[42,22],[80,-10]],[[3365,1766],[-1,-74],[-46,-1],[-9,-23],[34,-58],[-101,1],[1,-75],[-50,-22],[-72,66],[-15,-44],[29,-26],[-52,-56]],[[3083,1454],[-39,22],[-15,35],[-59,20],[-42,29]],[[2928,1560],[15,19],[-10,75],[-60,9],[-41,57],[11,53],[-33,50]],[[2810,1823],[58,12],[135,-32],[39,1],[26,25],[28,-11]],[[2809,1823],[1,0]],[[2928,1560],[-78,-10],[-80,-69],[-54,9]],[[3600,1893],[-13,-53],[21,-48],[-10,-52],[-41,-35]],[[3557,1705],[-20,-4]],[[3537,1701],[-153,17],[0,34]],[[3384,1752],[4,28],[45,21],[1,23]],[[3059,2296],[17,16],[52,-9]],[[3128,2303],[21,-51]],[[3128,2303],[26,12]],[[3154,2315],[7,-69]],[[3154,2315],[73,2]],[[3202,2018],[57,-72]],[[3259,1946],[-26,-6],[-102,-53],[-35,-32],[0,-37]],[[5608,3859],[63,96]],[[5671,3955],[132,18],[49,-2],[78,-27],[82,5],[73,-22],[22,-53],[-7,-99],[-38,-54],[6,-56],[-33,-68],[-144,-93]],[[3384,1752],[-19,14]],[[3259,1946],[20,-19],[62,-9]],[[7409,7556],[2,-188],[-2,-719],[-230,-274]],[[7179,6375],[-43,-52]],[[7136,6323],[-522,-77],[-632,-114],[-258,-45],[-117,-43],[-97,-55],[-56,-43],[-61,-65],[-81,-127],[-75,-70],[-329,0]],[[4908,5684],[-14,367],[-51,164],[-115,109],[-115,46],[-1,58],[-29,88],[-84,2],[-51,20],[-72,72],[-54,32],[-72,21],[-76,2],[-47,30]],[[4127,6695],[-57,44],[-50,15]],[[4020,6754],[88,150],[6,34],[-50,201],[-8,141],[-95,39]],[[3961,7319],[55,35],[30,41],[71,13],[66,41],[49,9],[82,34],[23,44],[49,23],[96,-7],[0,165]],[[4482,7717],[1,596]],[[4483,8313],[376,0],[262,-157],[500,-65],[499,-65],[381,-26],[548,78],[357,-522],[3,0]],[[3764,6652],[15,-89],[32,-40],[34,8],[17,-49]],[[3862,6482],[-30,-118]],[[3832,6364],[-20,-20],[-62,-11],[-7,-45],[51,-62],[28,-67],[-9,-58]],[[3813,6101],[-82,18],[-63,-3]],[[3668,6116],[-37,26]],[[3631,6142],[-46,27]],[[3585,6169],[-43,79],[-27,30],[16,22],[6,60],[-38,43],[43,59],[10,63],[-35,32],[24,59],[0,34]],[[3979,6677],[-98,-182],[-19,-13]],[[4908,5684],[-273,199]],[[4635,5883],[-305,222]],[[4330,6105],[11,77],[-19,38],[-93,21]],[[4229,6241],[-143,67]],[[4086,6308],[32,52],[-72,4]],[[4046,6364],[20,69],[13,99],[28,96],[-7,28],[27,39]],[[4046,6364],[-75,3],[-139,-3]],[[4086,6308],[-118,-194]],[[3968,6114],[-26,-42]],[[3942,6072],[-129,29]],[[4229,6241],[-86,-127]],[[4143,6114],[-175,0]],[[4330,6105],[-12,9],[-175,0]],[[3961,7319],[-106,3],[-71,-58],[-75,-5],[-64,-16],[-29,-61],[-27,-138]],[[3589,7044],[-140,66],[-45,38],[-110,49]],[[3294,7197],[0,30]],[[3294,7227],[-17,36]],[[3277,7263],[83,48],[119,24],[51,86],[44,10],[17,66],[26,7],[38,47],[44,98],[28,20]],[[3727,7669],[80,51],[31,9],[43,56],[31,18],[132,-6],[148,-2],[71,-12],[82,-49],[137,-17]],[[3718,6964],[-105,76],[-24,4]],[[3495,6834],[2,64],[-29,50],[-46,15],[-54,56],[-27,5],[-75,54]],[[3266,7078],[28,119]],[[2028,7075],[56,-14],[69,-45]],[[2153,7016],[28,-11],[93,10],[56,24],[72,-11]],[[2402,7028],[7,-276]],[[2409,6752],[-73,26],[-64,5]],[[2272,6783],[-44,-61],[-62,-60],[-17,-5]],[[2149,6657],[-72,-13]],[[2077,6644],[-1,53],[11,89],[-40,47],[-78,24],[-4,20],[51,70],[-15,70],[4,68]],[[2005,7085],[23,-10]],[[2077,6644],[-39,-61],[-18,-59],[-33,-10],[-52,4]],[[1935,6518],[-53,22],[-74,3],[-42,-19],[-134,-24]],[[1632,6500],[-13,52],[-6,81],[64,30],[8,45],[-56,-8]],[[1629,6700],[-24,9],[11,41],[-12,25],[10,61],[68,50],[183,10],[13,101],[15,6],[9,62],[-15,41],[31,6],[87,-27]],[[750,6568],[11,-24],[-21,-39],[-48,8],[58,55]],[[1632,6500],[17,-51],[-19,-56]],[[1630,6393],[18,-72],[-21,-107],[-1,-105],[-39,-57],[-13,-41],[-30,-23],[-97,0]],[[1447,5988],[-5,66],[24,45],[5,51],[-26,56],[-10,129],[17,17],[-32,48],[-6,88],[-13,37],[7,82],[-29,40],[-12,55],[45,-5],[39,-34],[178,37]],[[1630,6393],[115,15],[134,10]],[[1879,6418],[105,-12],[36,-57]],[[2020,6349],[7,-74],[-15,-73],[0,-57],[48,-38],[37,-66],[10,-39]],[[2107,6002],[-46,-4],[-54,-36],[-9,-48],[14,-30]],[[2012,5884],[-28,5],[-145,-66],[-103,-34],[-91,-11],[-120,8]],[[1525,5786],[-32,31],[-65,40]],[[1428,5857],[19,131]],[[1935,6518],[-21,-63],[-35,-37]],[[2511,6223],[80,-146],[-55,-41],[-24,-33]],[[2512,6003],[-46,23]],[[2466,6026],[0,42],[-37,5],[-25,82],[-25,35],[-53,-14]],[[2326,6176],[-10,20]],[[2316,6196],[5,24],[57,-22],[30,2],[38,31],[65,-8]],[[2149,6657],[-12,-23],[47,-46],[-21,-47],[24,-58],[48,-46],[-5,-32]],[[2230,6405],[-8,-36]],[[2222,6369],[-63,18],[-35,-10],[-36,-33]],[[2088,6344],[-68,5]],[[2316,6196],[-49,26]],[[2267,6222],[-11,47],[-26,19],[4,56],[-12,25]],[[2230,6405],[56,55]],[[2286,6460],[24,22],[83,-16],[34,7]],[[2427,6473],[10,-83],[57,-19]],[[2494,6371],[17,-148]],[[2466,6026],[-68,34],[-44,7],[-22,-15]],[[2332,6052],[-25,5],[3,71]],[[2310,6128],[16,48]],[[2310,6128],[-21,-39],[-45,-7]],[[2244,6082],[23,140]],[[2244,6082],[-6,-31]],[[2238,6051],[-1,-42],[-24,-26]],[[2213,5983],[-30,21]],[[2183,6004],[3,43],[31,26],[-25,24],[7,100],[-111,117],[0,30]],[[2183,6004],[3,-39],[-54,15]],[[2132,5980],[-25,22]],[[2611,4516],[19,-68],[-18,-60]],[[2612,4388],[-105,32]],[[2507,4420],[-51,59],[-52,25]],[[2404,4504],[-3,75]],[[2401,4579],[23,1]],[[2424,4580],[26,-40],[22,-3],[68,-46],[41,2],[30,23]],[[2213,5983],[38,-12]],[[2251,5971],[51,-26]],[[2302,5945],[-7,-44]],[[2295,5901],[-45,6],[-26,-26],[7,-36]],[[2231,5845],[-39,9],[-63,43],[-13,29],[16,54]],[[2512,6003],[12,-42]],[[2524,5961],[-52,-9],[-30,13],[-26,-14]],[[2416,5951],[-24,40],[-42,12],[-18,49]],[[2332,6052],[-16,-33],[-14,-74]],[[2251,5971],[15,43],[-28,37]],[[2295,5901],[52,7],[87,-60]],[[2434,5848],[-11,-51]],[[2423,5797],[-81,10],[6,-21],[-66,-7],[-51,66]],[[2423,5797],[-15,-74],[-30,-40],[23,-31]],[[2401,5652],[-75,8]],[[2326,5660],[-96,26],[-24,-35],[-37,26],[-70,-29],[-21,-28],[-4,-49],[-34,1]],[[2040,5572],[-40,46],[-2,20],[37,66],[7,63],[-2,97],[-28,20]],[[2416,5951],[31,-41],[8,-42],[-21,-20]],[[2401,5652],[-12,-70]],[[2389,5582],[-63,31]],[[2326,5613],[0,47]],[[2524,5961],[29,14],[52,82],[25,10]],[[2630,6067],[58,-32],[16,-58]],[[2704,5977],[-5,-41],[15,-50]],[[2714,5886],[2,-30]],[[2716,5856],[-74,-30],[-27,-63]],[[2615,5763],[-64,-3]],[[2551,5760],[-69,53],[-59,-16]],[[2716,5856],[17,-45],[-33,-34],[15,-70],[51,-43]],[[2766,5664],[-34,-64],[14,-73]],[[2746,5527],[-74,17]],[[2672,5544],[18,36],[-18,30],[10,29],[-60,24],[16,56],[-23,44]],[[2480,5573],[10,-17]],[[2490,5556],[32,-85]],[[2522,5471],[-16,-16]],[[2506,5455],[-45,8],[-20,58],[-24,27]],[[2417,5548],[0,13]],[[2417,5561],[63,12]],[[2672,5544],[-39,-11]],[[2633,5533],[-34,45]],[[2599,5578],[5,44],[-37,17]],[[2567,5639],[23,25],[-39,96]],[[2567,5639],[-68,-34],[-19,-32]],[[2417,5561],[-28,21]],[[2326,5613],[-25,-9],[31,-68]],[[2332,5536],[-17,-54],[20,-67],[-26,-26],[8,-29]],[[2317,5360],[-105,-17],[-69,-3],[-100,-39]],[[2043,5301],[-29,-6],[2,82]],[[2016,5377],[-5,98],[29,97]],[[2506,5455],[4,-28],[-33,-67]],[[2477,5360],[-50,8],[-43,-8]],[[2384,5360],[-43,14],[-24,-14]],[[2332,5536],[85,12]],[[2522,5471],[9,19],[54,-38],[16,7]],[[2601,5459],[39,-42],[-48,-80]],[[2592,5337],[-79,15]],[[2513,5352],[-36,8]],[[2363,2664],[-45,43],[-2,46],[19,36],[-56,21],[-34,44]],[[2245,2854],[46,84],[94,-32],[16,83]],[[2401,2989],[60,0],[22,-93],[56,-16],[20,-27],[5,-60]],[[1381,2593],[-14,-69],[-57,-90],[-31,-1],[-24,-34],[-36,27],[46,35],[12,63],[40,36],[64,33]],[[2104,2436],[-8,38],[-73,190],[7,76],[-26,38]],[[2004,2778],[98,9]],[[2102,2787],[114,26],[29,41]],[[1355,3048],[32,-39],[6,-86],[-15,-28],[6,-53],[-15,-26],[-34,18],[-53,71],[-33,17],[-7,33],[62,73],[51,20]],[[2599,5578],[-21,-65],[-29,30],[-59,13]],[[2633,5533],[-32,-74]],[[11371,4782],[33,-22],[22,-73],[30,-24],[12,-130],[-19,-47],[-86,-36],[-5,-42],[42,-61],[49,-25],[47,-98]],[[11496,4224],[-181,-62],[-57,-8],[-99,-27],[-92,-36],[-102,-65],[-37,-13]],[[10928,4013],[-3,141],[-44,134],[-44,73],[-52,103]],[[10785,4464],[1,124],[-19,50],[43,63],[54,32],[153,-13],[54,8],[101,39],[128,22],[71,-7]],[[10785,4464],[-105,-6],[-170,-29],[-101,19],[-151,61],[-65,40],[-129,46],[-146,81]],[[9918,4676],[14,36],[-6,55],[-18,45]],[[9908,4812],[73,21],[102,77],[104,62],[96,32],[118,55],[28,23],[22,47],[38,125],[5,87],[-21,34],[14,32],[-37,134]],[[10450,5541],[99,50],[23,75],[47,103]],[[10619,5769],[251,5],[64,-5],[63,-48],[25,-59],[24,-119],[16,-195],[55,-65],[43,-81],[53,-66],[33,-26],[111,51],[60,-7],[46,-59]],[[11463,5095],[-85,-1],[16,-58],[2,-52],[-18,-63],[5,-54],[-12,-85]],[[10928,4013],[-114,-49]],[[10814,3964],[-21,14],[-77,-5]],[[10716,3973],[-29,57],[-37,36],[-65,32],[-112,29],[-54,5],[-89,-5],[-85,50],[-102,40],[-116,16],[-63,22],[-50,31],[-54,60],[-14,46],[-34,21],[-33,0],[-21,29],[-95,33]],[[9663,4475],[11,63],[-1,89],[27,46]],[[9700,4673],[83,-29],[52,-3],[83,35]],[[2272,6783],[36,-52],[7,-50],[-8,-69],[-3,-106],[-18,-46]],[[2016,5377],[-87,3]],[[1929,5380],[-19,82],[-33,32],[-68,-3],[-62,46],[-43,7],[-47,51],[-36,-13],[-46,62],[-50,142]],[[820,5674],[58,-41],[80,-7],[-36,-28],[-67,14],[-31,-4],[-20,53],[16,13]],[[1929,5380],[-76,-7],[-66,-34],[-50,-6]],[[1737,5333],[-21,35],[-170,-112],[-107,-82],[-63,-10]],[[1376,5164],[-3,67],[-29,80],[-20,30],[-59,36],[35,73],[-23,21],[-14,75],[18,32],[-35,17],[4,37],[32,6],[37,47],[66,106],[7,33],[36,33]],[[540,4610],[3,-37],[-20,-25],[-28,49],[45,13]],[[1174,5219],[10,-21],[-54,-33],[32,-30],[4,-51],[-27,-48],[-31,-118],[-25,0],[-52,56],[37,46],[-10,92],[60,84],[56,23]],[[40,5376],[9,-37],[-31,-16],[-18,24],[40,29]],[[1382,4824],[-1,-26]],[[1381,4798],[-76,30],[-60,13],[-28,-8],[-19,-45],[-42,13],[-33,56],[5,41],[38,-25],[54,0],[31,66],[-32,37],[35,38],[46,-71],[59,-19],[-5,-43],[28,-57]],[[2409,6752],[12,-87],[16,-40],[10,-74]],[[2447,6551],[-20,-78]],[[1737,5333],[-34,-144],[-38,-100],[18,-25]],[[1683,5064],[-45,-6],[-19,-44]],[[1619,5014],[-35,-70]],[[1584,4944],[-52,-66],[12,-65],[-39,-52]],[[1505,4761],[-32,-17]],[[1473,4744],[-92,54]],[[1382,4824],[-11,38],[56,82],[-29,50],[24,50],[-32,35],[-14,85]],[[7068,3212],[-55,130]],[[7013,3342],[-27,54],[-6,38],[15,62],[-23,81]],[[6972,3577],[94,12],[62,-4],[118,-27],[77,-31],[94,21]],[[7417,3548],[36,-109],[-42,-59],[11,-78],[0,-125]],[[1619,5014],[37,-55],[-72,-15]],[[2043,5301],[8,-90],[-10,-22]],[[2041,5189],[-122,2],[-45,-62],[-35,32],[4,40],[-43,-5],[-23,-65],[-34,-56],[-19,5],[-26,-6],[-15,-10]],[[2046,5058],[7,-50],[30,-46]],[[2083,4962],[-48,-47],[-90,-12],[-45,8]],[[1900,4911],[-34,46],[-37,98],[0,22],[71,2],[119,-8],[27,-13]],[[2041,5189],[19,-73],[-14,-58]],[[1900,4911],[-80,-3],[-52,-53],[-34,-17],[-62,-87]],[[1672,4751],[-93,-3],[-74,13]],[[2083,4962],[53,-89],[70,-28],[37,-39]],[[2243,4806],[24,-31]],[[2267,4775],[-61,-17],[-64,55],[-30,-1],[-59,57],[-25,-36],[-63,-34],[-133,-3],[-46,11],[-24,-33],[-52,-35],[-38,12]],[[2404,4504],[-31,-26],[-107,-28]],[[2266,4450],[-58,5],[-34,17],[-85,8],[-116,-36],[-35,12],[-136,-64],[-77,-66],[-70,-53]],[[1655,4273],[-42,-4]],[[1613,4269],[14,33],[-10,70],[-43,102],[-46,34],[-20,33],[1,139],[-36,64]],[[2267,4775],[40,-66],[23,-78],[43,-20],[28,-32]],[[6972,3577],[-25,51],[-21,76],[-14,103],[7,133],[34,122],[8,69]],[[6961,4131],[26,-21],[147,-17],[191,31]],[[7325,4124],[22,-43],[-14,-49],[31,-46],[65,-67],[39,-59],[1,-85],[-12,-81]],[[7457,3694],[-18,-93],[-22,-53]],[[2507,4420],[-4,-60],[-36,-28],[-52,-22],[-9,-57],[-37,-38]],[[2369,4215],[-75,4],[-28,51]],[[2266,4270],[-32,103],[19,18],[13,59]],[[7457,3694],[176,12],[33,6],[29,-40],[17,-47],[-6,-116],[11,-89],[47,-88],[26,-25],[0,-127],[-7,-23]],[[7783,3157],[-57,-15],[-131,-2],[-47,-20]],[[2266,4270],[-49,1],[-85,-57],[-32,8],[-66,-80],[-59,-8],[-29,-21],[-16,-53]],[[1930,4060],[-53,-27],[-12,19],[13,74],[-46,71],[-54,-21]],[[1778,4176],[-45,-10],[-68,54],[-10,53]],[[1930,4060],[68,-48],[31,-10],[11,-37]],[[2040,3965],[-3,-106],[-35,-27],[-103,-6],[-57,-74],[-37,-95],[-39,-74],[-58,-51]],[[1708,3532],[-19,28],[-19,104],[38,9],[-3,78],[12,27],[-52,154],[4,42],[-38,70]],[[1631,4044],[55,25]],[[1686,4069],[59,32],[33,75]],[[2369,4215],[34,-93],[24,-42]],[[2427,4080],[-4,-18],[-50,-32]],[[2373,4030],[-5,27],[-36,42],[-37,-3],[-13,-29],[-53,-20],[-34,24],[-82,11],[-49,-30],[34,-99]],[[2098,3953],[-27,-13],[-31,25]],[[2373,4030],[12,-70]],[[2385,3960],[-43,-4],[-43,-38],[-60,46],[-17,-13],[-71,-11],[-53,13]],[[2385,3960],[-7,-51],[42,-42]],[[2420,3867],[3,-63],[52,-171],[2,-35],[-47,-70]],[[2430,3528],[-54,-1]],[[2376,3527],[-32,12],[-157,-38],[-20,-25],[-141,-41],[-57,3],[-75,-22],[-39,-42]],[[1855,3374],[-90,-22]],[[1765,3352],[-21,50],[-6,60],[-30,70]],[[2401,2989],[-8,59],[-16,38],[47,89],[37,-29]],[[2461,3146],[69,-2],[61,-40],[72,-61],[57,12],[45,48]],[[2297,8023],[-9,-74],[-24,23]],[[2264,7972],[-9,57],[-52,58],[-38,22]],[[2165,8109],[-7,39],[-140,90],[28,25],[-25,48],[38,40]],[[2059,8351],[72,-26],[44,13],[12,-37],[36,-40],[-44,-8],[5,-45],[66,-70],[20,2],[27,-117]],[[1631,4044],[-4,85],[-11,38]],[[1616,4167],[8,19]],[[1624,4186],[39,-33],[23,-84]],[[1616,4167],[-42,65],[-44,41],[-25,62],[21,4],[14,-73],[20,17],[42,-38]],[[1602,4245],[22,-59]],[[2264,7972],[-88,-21],[-29,8],[22,-78],[2,-159],[-9,-33]],[[2162,7689],[-34,38],[-106,8]],[[2022,7735],[-65,54],[-35,-19],[-12,138],[46,17],[46,39],[-25,54],[97,74],[51,1],[40,16]],[[1602,4245],[11,24]],[[2376,3527],[2,-55],[29,-57]],[[2407,3415],[-40,-88],[6,-51],[-48,-36],[19,-44],[-66,-3],[-56,18],[-43,-19],[-57,19]],[[2122,3211],[-7,63],[-44,8],[-206,66],[-10,26]],[[2102,2787],[-15,347],[35,77]],[[2407,3415],[35,-40],[-10,-37],[20,-56],[-44,-24],[-3,-34],[56,-78]],[[2004,2778],[-25,13],[-15,43],[-42,31],[-21,53],[1,31],[-49,77],[-5,49],[-28,57],[-1,46],[-18,46],[-10,78],[-26,50]],[[13771,9602],[-5,-48],[-4,-266],[-11,-206],[-14,-150],[-16,-79],[-49,-142],[-84,-189],[-56,-172],[-41,-90],[-78,-123],[-58,-136],[-35,-135],[-20,-175]],[[13300,7691],[-60,-32],[-87,-62],[-105,-99],[-139,-58],[-124,-6],[-118,11],[-57,-14],[-15,-37],[-5,-57],[-15,-45],[-47,-80],[-91,-83],[-27,-13],[-169,13],[-89,-17],[-143,-5],[-7,-13]],[[12002,7094],[-173,5]],[[11829,7099],[10,99],[65,182],[47,73],[22,62],[28,127],[13,106],[7,261],[14,166],[14,111],[67,314],[23,153],[27,331],[-6,345],[12,146],[-4,86],[0,703]],[[12168,10364],[642,71],[868,166],[869,164]],[[14547,10765],[-103,-59],[-179,-131],[-114,-90],[-96,-93],[-62,-72],[-55,-77],[-52,-97],[-19,-67],[12,-103],[-15,-92],[-43,-100],[-50,-182]],[[11829,7099],[-52,1],[-114,18],[-63,4],[-121,-20],[-64,-23],[-158,-77],[-179,-74],[-84,-17],[-150,4],[-47,-10]],[[10797,6905],[4,175],[14,80],[36,129],[19,40],[97,153],[83,93],[24,53],[30,196],[7,127],[-1,123],[9,84],[64,97],[66,67],[25,88],[17,139],[14,438],[5,284],[22,999]],[[11332,10270],[836,94]],[[10797,6905],[-167,-63]],[[10630,6842],[-172,-51],[-186,-29],[-58,-21],[-71,-64],[-59,-99],[-82,-96]],[[10002,6482],[-84,-61],[-85,-30]],[[9833,6391],[-100,-38],[-79,-1]],[[9654,6352],[-79,33],[-85,20],[-184,-7]],[[9306,6398],[16,69],[41,109],[-7,57],[-27,57],[-86,126],[-119,148],[-68,97]],[[9056,7061],[127,80],[67,63],[118,139],[140,221],[50,106],[93,242],[4,78],[-11,167],[-35,465],[-82,1068]],[[9527,9690],[435,229],[467,246],[903,105]],[[7409,7556],[259,0],[404,261],[191,522],[417,562],[416,560],[431,229]],[[9056,7061],[-63,-46],[-93,-82],[-64,-68],[-28,-48],[-84,-84],[-102,-110],[-63,-52],[-108,-50],[-49,-48],[-60,-35],[-38,-11]],[[8304,6427],[-121,-1],[-178,18],[-171,-9],[-89,-25],[-103,-50],[-60,-56],[-24,-75],[-43,-68],[-39,-39],[-29,-10],[-37,15],[-48,70],[-64,67],[-69,55],[-50,56]],[[9306,6398],[-126,-10],[-101,-28],[-130,-18],[-29,-20],[-45,-63],[-47,-140],[-12,-111]],[[8816,6008],[-64,32],[-68,19],[-117,8],[-57,22],[-100,86],[-59,104],[-37,94],[-10,54]],[[8816,6008],[115,-74],[71,-55],[53,-62],[31,-71]],[[9086,5746],[-107,-12],[-82,-21],[-136,-54],[-82,-19]],[[8679,5640],[-65,-5]],[[8614,5635],[-339,1],[-236,-33]],[[8039,5603],[-121,-15],[-625,-35],[-481,-50],[-77,-11]],[[6735,5492],[-202,-31],[-117,-8]],[[6416,5453],[87,112],[357,450],[276,308]],[[9654,6352],[-1,-108],[6,-148],[10,-88],[-8,-34],[21,-21],[6,-79],[-39,-66],[-31,-201],[-33,-150]],[[9585,5457],[-75,15],[-67,26],[-66,53],[-39,62],[-33,77],[-38,42],[-113,16],[-68,-2]],[[9833,6391],[2,-35],[25,-81],[10,-92],[-2,-111],[-14,-66],[-25,-55],[33,-60],[3,-83],[35,-84],[33,-21]],[[9933,5703],[-15,-79],[-85,-88],[-95,-159]],[[9738,5377],[-67,42],[-86,38]],[[9908,4812],[-81,198],[-45,278],[-19,61],[-25,28]],[[9933,5703],[26,4],[68,56],[94,21]],[[10121,5784],[65,-12],[70,-61],[112,-115],[82,-55]],[[10002,6482],[6,-145],[17,-84],[33,-94],[26,-21],[90,-32],[43,-29],[15,-69],[-15,-45],[-41,-71],[-36,-42],[-19,-66]],[[9368,5171],[-53,-14],[-129,-22],[-154,1]],[[9032,5136],[-10,39],[-45,64],[-85,3],[-89,50],[-25,42]],[[8778,5334],[-14,55]],[[8764,5389],[37,40],[157,93],[135,55],[62,2],[30,-31],[27,-92],[30,-45],[88,-4],[16,-34],[-9,-109],[31,-93]],[[10630,6842],[-21,-60],[56,-46],[-53,-31],[-29,-76],[20,-59],[-26,-31],[-7,-166],[25,-129],[56,-97],[15,-86],[-49,-125],[2,-167]],[[12002,7094],[60,-71],[-30,-25],[-32,-55],[77,-67],[-46,-134],[0,-32],[-36,-62],[-2,-83],[-26,-98],[-40,-57],[-10,-99],[50,-19],[49,-33],[46,-82],[-48,-68]],[[12014,6109],[-31,-67],[-4,-40],[-73,-65],[23,-71],[-25,-15],[-15,-81],[25,-38],[-1,-34],[-40,-56],[5,-61],[-20,-55],[35,-59],[35,-12],[59,6],[39,-25],[50,-10],[-4,-111],[-44,-26],[-8,-47],[-65,-67]],[[11955,5175],[-111,-5],[-82,-22],[-77,-32]],[[11685,5116],[-96,-5],[-100,-23],[-26,7]],[[11955,5175],[0,-61],[20,-34],[77,-49],[108,-5],[139,19],[17,16],[108,20],[42,-10],[23,-30],[68,-21],[67,13],[56,-103],[11,-75],[45,-51],[-6,-45],[57,-83],[-16,-49]],[[12771,4627],[-290,-52],[-112,-33],[-132,-82],[-62,-57],[-106,-41],[-58,-34]],[[12011,4328],[-60,17],[-66,54],[-52,82],[-39,103],[-10,54],[4,117],[-11,81],[-64,20],[-45,60],[-27,66],[-2,35],[46,99]],[[12011,4328],[-64,-47],[-47,-24],[-53,12],[-77,-35],[-41,-9],[-26,46],[-118,-5],[-89,-42]],[[9663,4475],[-21,-109],[14,-133],[-83,-146]],[[9573,4087],[-50,6],[-57,-17],[-100,-16],[-89,-72],[-74,-31],[-52,15],[-35,24],[-54,111]],[[9062,4107],[-9,79],[88,149],[29,61],[-1,32],[-66,109],[-52,31],[-25,50],[2,46],[-38,28],[-55,-34],[-30,42],[9,55],[-35,29],[-61,23]],[[8818,4807],[3,54],[78,91],[85,64],[38,61],[10,59]],[[9368,5171],[119,-159],[161,-276],[52,-63]],[[8764,5389],[-20,105],[-51,86],[-14,60]],[[8778,5334],[-58,-31],[-49,-53],[-37,-76],[-29,-26],[-101,-47],[-42,-44],[-33,-92]],[[8429,4965],[-74,-81],[-60,-35],[-37,2]],[[8258,4851],[13,55],[29,38],[-16,18],[8,108]],[[8292,5070],[15,39],[69,51],[35,36],[50,89],[21,74],[36,29],[72,99],[24,148]],[[8818,4807],[-114,-30],[-92,-36],[-48,6],[-18,22],[-52,142],[-65,54]],[[9062,4107],[-90,-20],[-86,16]],[[8886,4103],[-153,57],[-63,36],[-119,56],[-106,58],[-66,50],[-98,117]],[[8281,4477],[57,51],[14,59],[-103,111],[-20,46],[14,80],[15,27]],[[8886,4103],[-9,-87],[-40,-77],[-29,-91]],[[8808,3848],[-58,6],[-57,-19],[-197,43],[-75,38],[-24,27],[-47,1],[-56,43]],[[8294,3987],[-56,47],[-15,73],[-25,41],[-110,49],[-62,7],[-15,26]],[[8011,4230],[28,56],[97,50],[37,68],[108,73]],[[2162,7689],[12,-18],[62,-33],[13,-32]],[[2249,7606],[-32,-10],[-8,-83],[-53,-50]],[[2156,7463],[-22,101],[9,32],[-95,63]],[[2048,7659],[-26,76]],[[9573,4087],[37,-23],[74,-78],[60,-52]],[[9744,3934],[-22,-118],[-64,-172],[-31,-114],[-34,-67],[-53,-83]],[[9540,3380],[-62,32],[-36,0],[-51,25],[-93,-2],[-44,-21],[-44,17],[-44,-8],[-28,32],[-61,39],[-34,2]],[[9043,3496],[-47,67],[-20,46],[-47,56],[-6,62],[-63,103],[-52,18]],[[9744,3934],[74,21],[80,-2],[97,-162],[69,-37],[50,6],[124,-102]],[[10238,3658],[0,-41],[25,-49]],[[10263,3568],[-27,-72],[16,-54],[-18,-18],[-60,-15],[-29,-58],[-73,-32],[0,-42],[-61,-83],[-42,-42],[-54,-29],[-40,-59],[-65,-55],[-78,3]],[[9732,3012],[21,25],[-10,49],[-22,44],[-37,30],[16,57],[-68,119],[-21,-5],[-71,49]],[[10716,3973],[-100,-15],[-43,-24],[-69,-60],[-64,-4],[-52,-17],[-87,-52],[-29,-33],[-34,-110]],[[10814,3964],[-101,-46],[-198,-123],[-28,-57],[-41,31],[-42,-8],[-59,-57],[-53,-74],[-29,-62]],[[4133,3947],[-135,35],[-25,-44],[-103,-37],[-41,-28]],[[3829,3873],[-74,35],[-46,62],[7,45],[-33,20]],[[3683,4035],[-45,71],[-19,83],[-17,33],[-14,95],[-39,-1],[-13,22],[13,52]],[[3549,4390],[73,1],[6,35],[-15,33],[32,20]],[[3645,4479],[35,-41],[67,-36],[105,31],[46,41],[126,49],[23,3]],[[4047,4526],[47,6],[30,-25],[5,-113],[12,-106],[52,-7],[20,-34],[44,-36],[48,-82]],[[4014,3509],[-20,82],[-127,-25],[-4,88],[-57,176]],[[3806,3830],[23,43]],[[3683,4035],[-42,-42],[-3,-53],[-47,5],[-39,22],[17,-73],[17,-26],[-15,-81]],[[3571,3787],[-89,-5],[13,32],[-19,24]],[[3476,3838],[22,23],[-17,54],[14,49]],[[3495,3964],[37,8],[53,39],[-36,18],[-15,34],[-40,12],[-6,49],[-30,148],[1,45],[-15,73]],[[3444,4390],[105,0]],[[8039,5603],[8,-90],[19,-24],[58,-14],[37,-31],[-2,-43],[-143,-117],[-24,-86],[-68,-164],[43,-73]],[[7967,4961],[-23,-51],[-56,-49],[-40,-48],[-24,-59],[-60,-60],[-58,-6],[-18,60],[-17,14],[-61,-21],[-65,-39],[-66,-49]],[[7479,4653],[-84,31],[-66,-55],[-61,72],[-85,41],[-9,44],[-26,22],[-235,329],[-128,221],[-50,134]],[[2975,4281],[46,-75],[66,-33],[-14,-24],[51,-80],[36,-9],[39,-43]],[[3199,4017],[-6,-36],[-60,-55],[-32,-49],[-22,-5]],[[3079,3872],[-45,11]],[[3034,3883],[-54,52],[3,51],[-35,75],[-62,55],[-52,29],[-43,61],[-29,72]],[[2762,4278],[50,31],[38,-23],[83,-20],[42,15]],[[6472,4795],[-197,-227],[-80,-88],[48,-105],[0,-58],[-41,-24],[-173,-32],[-233,-145],[-78,-26]],[[5718,4090],[14,86],[-1,90],[-26,73],[-77,37],[-104,31]],[[5524,4407],[13,56],[3,67],[21,115],[-6,65],[-28,84]],[[5527,4794],[157,117],[528,386]],[[6212,5297],[236,-465],[24,-37]],[[3190,3638],[6,34],[40,0],[-6,72],[-34,67]],[[3196,3811],[35,9],[108,-2]],[[3339,3818],[43,-21],[-9,-81],[34,-17],[-8,-42]],[[3045,3503],[-12,85],[-41,4],[-37,-41],[-41,9],[-30,70],[-33,23],[3,35]],[[2854,3688],[55,29],[52,56]],[[2961,3773],[27,27],[46,83]],[[3079,3872],[10,-20],[107,-41]],[[2820,3240],[-54,10],[-41,128],[39,22],[-24,37],[-13,55],[-19,7],[-7,48],[-32,-8],[-14,41],[-45,36]],[[2610,3616],[16,52]],[[2626,3668],[89,6],[28,-37],[32,22],[32,-2]],[[2807,3657],[47,31]],[[2430,3528],[53,-17],[25,13],[23,41],[25,2],[54,49]],[[3806,3830],[-48,-12],[-12,-34],[-47,-46],[-28,20],[-50,-6],[-50,35]],[[3339,3818],[5,26],[46,54],[36,-61],[50,1]],[[3495,3964],[-24,14],[-26,60],[-80,-13],[-46,32],[-23,36],[-31,10],[-15,-55],[-51,-31]],[[2975,4281],[25,70],[45,11],[38,34]],[[3083,4396],[70,63],[38,43],[124,5]],[[3315,4507],[77,-27],[35,-35],[17,-55]],[[8292,5070],[-94,-28],[-84,-34],[-45,1],[-80,-29],[-22,-19]],[[8011,4230],[-127,47],[-47,12]],[[7837,4289],[-63,3],[-68,67],[-84,18],[-12,138],[-25,44],[-64,19],[-42,75]],[[6961,4131],[-129,103]],[[6832,4234],[-105,83],[-120,217],[-59,143],[-76,118]],[[6212,5297],[191,139],[13,17]],[[7837,4289],[-3,-62],[12,-20],[-18,-61],[-87,-31],[-66,-7],[-103,20],[-99,-6],[-108,7],[-40,-5]],[[5299,4056],[-65,31],[7,160],[16,33]],[[5257,4280],[31,61],[-14,54],[16,72],[30,41],[35,73],[17,57],[26,43]],[[5398,4681],[10,23],[119,90]],[[5524,4407],[-38,-118],[18,-55],[-70,-43],[-21,-60],[-5,-64]],[[5718,4090],[-18,-76],[-29,-59]],[[6832,4234],[-75,-164],[-50,-42],[-190,-57],[-76,-40],[-50,-34],[-45,-47],[-53,-96],[-13,-115],[7,-114],[-14,-33],[17,-77]],[[7013,3342],[-89,-17],[-33,25],[-24,39],[-153,2],[-42,21],[-73,-36],[-57,4],[-114,-67]],[[2156,7463],[-11,-27]],[[2145,7436],[-44,-36],[-4,-47],[-65,5],[-7,16]],[[2025,7374],[-10,46],[15,37],[-60,91]],[[1970,7548],[-23,36],[2,91],[86,-3],[13,-13]],[[2025,7374],[-13,-8]],[[2012,7366],[-62,32],[-42,45],[-18,46],[9,28],[71,31]],[[8294,3987],[-38,-58],[-63,-58],[-36,-17],[-96,-70],[-49,-76],[-21,-112],[-104,2],[-17,-39],[90,-52],[25,-40],[-5,-40],[21,-244]],[[8001,3183],[-84,-2],[-134,-24]],[[2028,7075],[-10,93],[-23,12],[79,133],[-49,19],[-13,34]],[[2145,7436],[34,-71]],[[2179,7365],[-15,-15],[17,-44],[-69,-82],[12,-43],[30,-33],[-1,-132]],[[9043,3496],[-193,-11],[-114,-29],[-70,-42],[-83,-70],[-116,-84],[-55,-21],[-149,-36],[-262,-20]],[[9732,3012],[-118,-6],[-33,-15],[-50,-46],[-52,-11],[-2,27],[-71,10],[-20,-12],[-85,-5],[-56,-38],[-74,-3],[-87,-19],[5,31],[-73,54],[-84,33],[-100,12],[-76,-24],[-195,-164],[-46,-18],[-68,-7],[-50,-21],[-77,-55],[-67,-84],[-36,-25],[-155,-154],[-96,-74],[-98,-22],[-156,-59],[-34,-4]],[[2059,8351],[-22,36],[63,57],[73,35],[26,26],[64,1],[29,14],[37,-25],[56,-7],[16,-29],[45,-20],[56,-48],[73,-90],[90,-89]],[[2665,8212],[4,-55]],[[2669,8157],[-165,-23],[1,-21],[-79,-16],[-14,-30],[15,-57],[-30,-30],[-55,54],[-45,-11]],[[3334,5060],[-72,2],[-18,-17],[-47,5],[-47,81],[-39,22],[-49,10],[5,76],[-25,29],[-44,17]],[[2998,5285],[4,27]],[[3002,5312],[-1,37]],[[3001,5349],[5,39],[28,21]],[[3034,5409],[27,-27],[102,17],[52,68]],[[3215,5467],[68,-2]],[[3283,5465],[22,-49],[28,-17],[89,-29]],[[3283,5465],[8,69],[-31,91],[-5,45]],[[3255,5670],[75,3],[48,41],[2,79],[-37,72],[-6,69]],[[3337,5934],[10,90],[-10,25],[78,17],[26,-11],[18,35],[94,42],[62,-4],[16,14]],[[3668,6116],[12,-59],[8,-242],[0,-99],[-12,-86],[-39,-62],[-15,-56],[44,-81],[-10,-22]],[[2179,7365],[71,27],[25,-43],[40,13],[22,-52],[19,4],[40,-37],[40,-75],[-32,-72],[-2,-102]],[[3942,6072],[77,-20],[24,-28],[38,-164],[8,-79],[73,-231],[91,-74],[-18,-33]],[[4235,5443],[-37,-54],[-80,-61]],[[4118,5328],[-76,-49],[-166,-35]],[[3876,5244],[8,32],[-94,50],[-37,-20],[-53,53]],[[3876,5244],[-119,-25],[-39,-22],[-49,-105]],[[3669,5092],[-11,9],[-91,-34],[-74,1]],[[2249,7606],[89,-37],[55,38],[28,4],[55,-43]],[[2476,7568],[5,-66],[-28,-47],[30,-34],[4,-56],[37,-87],[52,-38],[59,-18],[-36,-44],[34,-92]],[[2633,7086],[-231,-58]],[[3411,4927],[-47,-52],[44,-12],[39,-73],[-7,-63]],[[3440,4727],[-67,-40],[-5,-63],[-53,-117]],[[3083,4396],[-38,45],[11,68],[-9,31],[5,65],[43,67],[-28,55],[22,78],[-22,31]],[[3067,4836],[13,42],[-30,30],[19,131],[-20,51],[-47,-18],[-45,1],[-30,47]],[[2927,5120],[12,17],[54,21],[6,24],[-22,40],[32,33],[-11,30]],[[4908,5684],[-46,-135]],[[4862,5549],[-150,21],[-28,26],[-110,11],[-81,35],[-89,-9]],[[4404,5633],[21,85],[72,22],[20,29],[61,51],[12,35],[45,28]],[[2669,8157],[-9,-66],[7,-125]],[[2667,7966],[31,-113],[-76,-32],[-14,-29],[-40,-5],[10,-61],[-18,-30],[14,-51],[-41,-57],[-57,-20]],[[2667,7966],[74,1],[-6,-160],[11,-25],[67,-1],[-2,-48],[13,-99],[-31,-42],[0,-25]],[[2793,7567],[-8,31],[-50,-16]],[[2735,7582],[-38,-28],[25,-41]],[[2722,7513],[37,-7],[-13,-37],[42,-19]],[[2788,7450],[38,-55],[-13,-57],[-16,-16],[0,-99],[-39,-4],[-24,36],[-30,-4],[0,-110]],[[2704,7141],[-71,-55]],[[2735,7582],[-13,-69]],[[3266,7078],[-114,-45],[-66,-1],[-71,24],[-42,33],[-140,58],[-38,-4],[-32,22],[-59,-24]],[[2788,7450],[27,26],[6,53],[-28,38]],[[2665,8212],[155,9],[61,-56],[109,3]],[[2990,8168],[-4,-36],[2,-343],[-28,-46],[-53,-47],[-29,-60],[111,-22],[0,-56],[-138,-1],[15,-38],[107,-43],[11,-17],[6,-74],[-6,-53],[25,-34],[192,-60],[93,-11]],[[3277,7263],[10,116],[61,58],[-11,22],[47,37],[22,55],[132,20],[27,24],[0,76],[36,61],[33,11],[93,-74]],[[2990,8168],[83,-16],[64,112],[17,-17],[62,23],[49,-63],[43,28],[10,39],[326,39],[144,0],[142,-44],[119,44],[434,0]],[[3738,4667],[-91,-53]],[[3647,4614],[-39,4],[-38,26],[-26,46],[-49,-8],[-55,45]],[[3669,5092],[37,-19],[48,26],[10,-41],[-27,-42]],[[3647,4614],[-10,-81],[8,-54]],[[3067,4836],[-31,1],[-61,-62],[-70,-24],[7,43],[-27,22],[-56,-21]],[[2829,4795],[-29,-7],[-71,77],[-19,61]],[[2710,4926],[36,61],[64,57]],[[2810,5044],[35,45],[61,13]],[[2906,5102],[21,18]],[[2762,4278],[-22,2]],[[2740,4280],[-25,5]],[[2715,4285],[27,40],[15,75],[-1,62],[50,44],[61,12],[10,95],[-49,15],[7,66],[-6,101]],[[2611,4516],[24,72],[-3,41],[-44,29],[-1,23],[-43,59],[-57,-7]],[[2487,4733],[-10,53],[8,36],[37,51],[34,0],[55,31],[0,22]],[[2611,4926],[57,15]],[[2668,4941],[42,-15]],[[2715,4285],[-52,37],[-51,66]],[[2424,4580],[27,61],[24,11],[23,41],[-11,40]],[[3966,4967],[25,86],[81,-16],[40,25]],[[4274,5154],[42,-7],[50,-27],[65,-57],[59,-28]],[[4490,5035],[-36,-62],[-39,-46],[-45,-25],[-43,0],[-85,45],[-28,-27],[-11,-37],[19,-100],[-19,-30],[-102,-38],[-32,-1]],[[4069,4714],[-13,61]],[[4069,4714],[-3,-59],[-26,-50],[-23,-9]],[[3876,5244],[18,-25],[-8,-33],[28,-43],[58,-4],[81,37],[32,-5]],[[4047,4526],[-30,70]],[[4490,5035],[109,-38],[102,-50]],[[4701,4947],[-1,-26],[-36,-226],[-16,-21]],[[4648,4674],[-35,-38],[-27,-8],[-115,-180],[-12,-40],[37,-208]],[[4616,1253],[-66,-55],[-30,-15]],[[4520,1183],[-76,3]],[[4444,1186],[-42,66]],[[4402,1252],[94,44],[114,-12]],[[2041,5189],[37,-6],[97,32],[27,-56],[35,-10]],[[2237,5149],[29,-208],[29,-9]],[[2295,4932],[-30,-24],[-22,-102]],[[4580,1135],[-18,27],[-42,21]],[[4909,2626],[-29,13],[-42,-22]],[[4838,2617],[-50,61],[-114,-5]],[[4674,2673],[13,31]],[[4687,2704],[44,2],[45,46],[100,67],[31,7],[115,-12]],[[4588,1050],[-26,-23]],[[4562,1027],[-16,26]],[[4546,1053],[40,13]],[[4550,1128],[-17,-29],[-39,4]],[[4494,1103],[-50,83]],[[4494,1103],[-65,-14],[-39,-77],[-53,46],[-14,-32],[60,-19],[-16,-57],[-72,15],[7,29],[-49,24],[-98,-10],[-55,52],[-86,25],[-80,-6],[-53,-27],[-69,-64],[-93,-132],[-19,18]],[[3700,874],[46,128]],[[3746,1002],[14,41],[52,96],[270,28]],[[4082,1167],[222,23],[98,62]],[[4562,1027],[-5,-32]],[[4557,995],[-48,43],[37,15]],[[4607,1044],[-5,-54],[-45,5]],[[4687,2704],[28,73]],[[4715,2777],[18,56],[5,64],[28,10]],[[4838,2617],[-5,-50],[-66,-20],[-47,0],[-26,-17],[-58,-12]],[[4636,2518],[55,44],[-43,47],[7,31]],[[4655,2640],[19,33]],[[4800,2396],[-61,-29],[-86,32],[-71,72]],[[4582,2471],[54,47]],[[4703,1665],[-52,19],[-105,52],[-103,73],[-67,23],[-62,11],[-122,-1]],[[4192,1842],[-20,131],[-10,23],[5,87],[-23,27],[6,27],[-37,77],[-57,34]],[[4056,2248],[83,24]],[[4139,2272],[12,-58],[53,-11],[108,-68],[104,-12],[48,-76],[30,-8],[79,18],[35,-45],[115,-7],[32,-22]],[[3557,1705],[18,-4],[79,48],[15,-59],[119,23],[29,-28],[41,-5],[7,-53],[121,7],[83,-9],[77,9]],[[4146,1634],[0,-106],[-11,-119],[-29,-157],[-24,-85]],[[3746,1002],[-134,146],[-96,117],[-24,52],[7,45],[-88,75]],[[3411,1437],[29,96],[30,6],[68,94],[-1,68]],[[4811,2222],[-69,7],[-102,-37],[-29,-27],[-39,-6],[-41,55],[-30,-5],[-16,29],[-64,33],[-59,14]],[[4362,2285],[15,51],[46,30],[45,62],[39,24],[75,19]],[[4362,2285],[-53,17]],[[4309,2302],[4,37],[-14,52],[-5,71],[-20,54]],[[4274,2516],[44,6],[32,-30],[84,45],[33,1]],[[4467,2538],[26,37],[49,38],[113,27]],[[4139,2272],[26,2],[31,36]],[[4196,2310],[78,-22],[35,14]],[[2237,5149],[4,98],[29,1],[30,-68],[37,6]],[[2337,5186],[14,-70],[24,-36]],[[2375,5080],[4,-66],[-62,-21],[-22,-61]],[[2375,5080],[30,82],[56,-49],[6,-69],[39,-36],[44,10],[62,-76],[-1,-16]],[[3852,2293],[41,-4],[24,-29],[67,-34],[34,1],[38,21]],[[4192,1842],[-36,-43]],[[4156,1799],[-62,23],[-43,47],[-18,88],[-46,42],[-184,121],[-42,1],[-41,31]],[[2499,5212],[-42,27],[25,39]],[[2482,5278],[17,-66]],[[4156,1799],[-10,-165]],[[4357,1457],[33,-9],[6,31],[-40,11],[1,-33]],[[4404,5633],[-13,-41],[-4,-92],[-13,-51],[48,-54]],[[4422,5395],[-60,0],[-44,-20],[-83,68]],[[3411,1437],[-53,-20],[-37,5],[-23,-23],[-48,-13],[-42,47],[-30,-20],[-95,41]],[[3700,874],[-61,-18],[-106,-64],[-48,-6],[-44,14],[-52,-22],[-7,41],[-38,13],[-32,-10],[-52,-39],[-74,-32],[-82,1],[-60,-15],[-42,21],[-14,59],[-83,23],[-85,52],[-26,-5],[-36,23],[-81,31],[-48,3],[-79,35],[-50,-28],[-56,-75],[-12,6]],[[4862,5549],[-17,-62],[2,-94],[12,-62]],[[4859,5331],[-64,24],[-72,11],[-156,38],[-100,0],[-45,-9]],[[4118,5328],[33,-14],[10,-67]],[[4859,5331],[25,-66]],[[4884,5265],[12,-72],[-4,-70],[35,-23],[53,-53]],[[4980,5047],[-20,-21],[-81,-41],[-123,-20],[-55,-18]],[[4980,5047],[72,-36],[81,-60],[58,-68],[35,-77],[12,-81],[-2,-41]],[[5236,4684],[-10,-35],[-35,-43],[-39,-18],[-74,-91],[-140,-100]],[[4938,4397],[-30,91]],[[4908,4488],[-16,103],[-23,28],[-11,51],[-158,0]],[[4700,4670],[-52,4]],[[4700,4670],[-3,-19],[43,-34],[10,-49],[-17,-22],[37,-38],[68,-28],[70,8]],[[4938,4397],[-59,-30],[-64,-45],[-32,-57]],[[4783,4265],[-82,-52],[-62,-11]],[[2988,5900],[32,-29]],[[3020,5871],[21,-98],[30,-35],[84,18],[18,-27],[-15,-41],[-28,-28]],[[3130,5660],[-31,-28]],[[3099,5632],[-53,10],[-100,-142],[-7,-29]],[[2939,5471],[-82,21],[-28,53]],[[2829,5545],[-20,84],[-23,37]],[[2786,5666],[46,31],[60,-5],[-6,44],[-25,33],[-6,74],[-16,79]],[[2839,5922],[40,25]],[[2879,5947],[17,-43],[92,-4]],[[5257,4280],[-94,-4],[-95,-28],[-67,-50],[10,-57],[-96,-47]],[[4915,4094],[-20,-25],[-61,81],[-51,115]],[[5236,4684],[162,-3]],[[4915,4094],[64,-95],[-39,-13],[-27,-58],[37,-72]],[[4884,5265],[43,2],[51,20],[42,-11],[30,-38],[33,-10],[15,-52],[-87,-68],[-31,-61]],[[13771,9602],[229,-12],[108,-37],[150,-113],[156,-99],[196,96],[179,-6],[-35,-252],[1,-37],[53,-244],[11,-251],[26,-296],[4,-437],[9,-199],[-7,-136],[-16,-120]],[[14835,7459],[-139,-108],[-123,-107],[-93,-114],[-72,-111]],[[14408,7019],[-93,53],[-86,69],[-107,116],[-59,78],[-204,328],[-45,45],[-49,22],[-229,43],[-56,-10],[-180,-72]],[[16038,7306],[92,-219],[-47,-16],[-180,-42],[-149,-63],[-33,-25],[-113,-40]],[[15608,6901],[-19,16],[-52,1],[-38,38],[-61,88],[-66,51],[-34,42],[-9,47],[41,28],[9,28],[-30,49],[-17,87],[42,54]],[[15374,7430],[77,-1],[107,-29],[97,-14],[74,-22],[79,-10],[92,-35],[78,-12],[60,-1]],[[14835,7459],[38,12],[94,-9],[67,-15],[136,-18],[39,5],[165,-4]],[[15608,6901],[-54,-27],[-144,-52],[-189,-81],[-61,-40],[-114,-107],[-99,-120],[-59,-89],[-51,-129],[1,-28],[-76,-181],[1,-73],[25,-28],[-13,-101],[42,-29],[12,-27],[-14,-96],[13,-64],[36,-135]],[[14864,5494],[-75,58],[-44,111],[-47,68],[-91,61],[-73,72],[-34,51],[-41,31],[-46,10],[-97,5],[-52,12],[-257,30]],[[14007,6003],[-11,62],[-55,91],[-12,45],[0,70],[16,64],[33,58],[74,34],[62,2],[40,35],[58,116],[97,106],[44,80],[26,170],[29,83]],[[14007,6003],[-122,21],[-480,62],[-99,-5],[-46,-10],[-70,-32],[-59,-57],[-64,-105]],[[13067,5877],[-70,-73],[-64,-23]],[[12933,5781],[-37,1],[-181,43],[-105,38],[-42,39],[-123,39],[-51,30],[-24,41],[-32,20],[-178,28],[-146,49]],[[12933,5781],[32,-38],[75,-107],[37,-70],[68,-263],[71,-98],[47,-81],[38,-97],[23,-83],[26,-163]],[[13350,4781],[-380,-98],[-110,-36],[-89,-20]],[[2906,5102],[-5,116],[-60,-9],[-48,65],[42,60],[19,60]],[[2854,5394],[28,-30],[106,-51]],[[2988,5313],[14,-1]],[[3585,6169],[-23,-18],[-88,-13],[-62,8],[-56,83],[-108,0],[-30,16]],[[3218,6245],[33,120]],[[3251,6365],[0,120],[-23,97],[-96,13],[-57,20],[-89,19]],[[2986,6634],[8,81],[-33,79],[-29,34],[-79,10],[-30,67],[-51,70],[-104,-61],[-15,-30],[-63,-67]],[[2590,6817],[-26,-83],[-56,-99],[-11,-38],[-50,-46]],[[2810,5044],[-26,32],[-11,62],[-22,35],[6,53],[-47,-3],[-33,45],[-40,31],[-13,41]],[[2624,5340],[40,30],[51,-40],[46,21]],[[2761,5351],[36,16],[16,38],[41,-11]],[[2592,5337],[32,3]],[[2668,4941],[-1,47],[-19,35],[-2,46],[-45,26],[-44,42],[-21,78],[-37,-3]],[[2482,5278],[31,74]],[[2384,5360],[11,-72],[-38,-43],[-20,-59]],[[3251,6365],[-129,30],[-158,-12]],[[2964,6383],[-39,64],[31,58],[30,129]],[[2964,6383],[-24,-71],[-50,-51]],[[2890,6261],[-34,-36]],[[2856,6225],[-63,4]],[[2793,6229],[44,72],[-11,48],[19,26],[-10,32],[60,42],[-79,79],[-21,123],[-40,70],[-165,96]],[[2793,6229],[-19,39]],[[2774,6268],[7,50],[-8,110],[-46,34],[-7,23],[-53,23],[-15,-14]],[[2652,6494],[-23,3],[-51,54],[-25,-10],[3,-83],[-12,-48],[14,-51]],[[2558,6359],[-23,-13],[-41,25]],[[14547,10765],[426,-979],[691,-1604],[-51,-87],[94,-14],[331,-775]],[[2774,6268],[-85,1],[-5,-31],[-28,-24]],[[2656,6214],[-36,1],[-20,62],[5,36]],[[2605,6313],[32,35],[23,54],[-8,92]],[[13067,5877],[17,-8],[407,-241],[254,-283],[145,-187],[152,-129]],[[14042,5029],[-100,-7],[-131,-49],[-20,-19],[-146,-69],[-65,-14],[-135,-61],[-95,-29]],[[14007,6003],[14,-125],[22,-71],[20,-14],[4,-67],[16,-32],[66,-81],[29,-51],[57,-15],[62,-42],[26,-103],[4,-47],[28,-80]],[[14355,5275],[-25,-31],[-222,-85],[-76,-57],[-6,-32],[16,-41]],[[14864,5494],[-37,-35],[-26,-3],[-193,-71],[-253,-110]],[[2605,6313],[-47,46]],[[3255,5670],[-22,29],[-45,-20],[-21,22],[45,26],[-2,54],[-54,41],[9,45],[-74,84]],[[3091,5951],[50,61],[41,-3]],[[3182,6009],[27,-54],[73,-27],[55,6]],[[2656,6214],[-14,-23],[-12,-124]],[[2856,6225],[-6,-55],[-26,-14],[8,-48],[31,-50]],[[2863,6058],[-32,18],[-14,62],[-26,20],[-33,-101],[-47,-21],[-7,-59]],[[3182,6009],[10,32],[-1,73],[34,41]],[[3225,6155],[-7,90]],[[3215,5467],[-18,74],[-67,119]],[[3020,5871],[4,33],[39,-4],[28,51]],[[2863,6058],[28,-33],[14,-45]],[[2905,5980],[-26,-33]],[[2839,5922],[-29,-34],[-96,-2]],[[3099,5632],[-27,-62],[1,-56],[-37,8],[-13,-46],[-43,-23]],[[2980,5453],[-41,18]],[[2766,5664],[20,2]],[[2829,5545],[-31,-37],[-38,-1]],[[2760,5507],[-14,20]],[[2760,5507],[-7,-49],[8,-107]],[[3225,6155],[-32,-11],[-126,22],[-107,55],[-21,42],[-49,-2]],[[4715,2777],[-102,-26],[-20,-22],[-93,13],[-112,57],[-52,8],[-47,-25]],[[4289,2782],[2,57],[-14,72],[-64,49]],[[4213,2960],[16,68],[-3,46],[41,64],[15,73],[-18,41]],[[4213,2960],[-93,52],[-5,-53],[-40,-27],[-80,34]],[[4289,2782],[-25,-88]],[[4264,2694],[-64,40],[-23,-30],[-39,-14]],[[4138,2690],[-53,3],[-32,-29],[-93,-2],[-27,-20]],[[3933,2642],[1,47],[-18,27],[-37,8],[-49,31],[-32,-49],[-35,55]],[[4467,2538],[-41,48],[-94,38],[-68,70]],[[3001,5349],[-13,-36]],[[2980,5453],[54,-44]],[[2905,5980],[82,6],[1,-86]],[[4274,2516],[-24,30],[-33,10],[-25,50],[-44,39],[-10,45]],[[4196,2310],[-39,129]],[[4157,2439],[-34,41],[23,39],[-63,75],[-34,-16],[-1,-40],[-54,-16]],[[3994,2522],[-68,20]],[[3926,2542],[7,100]],[[4157,2439],[-87,6],[-47,14],[-39,28],[10,35]],[[3861,2340],[4,79],[61,123]],[[2740,4280],[4,-47],[-41,-64]],[[2703,4169],[-45,-43],[-65,44],[-41,-49],[-56,-7],[-14,-32],[-55,-2]],[[2961,3773],[-33,38],[-52,8],[-43,-21],[-11,40],[19,32],[-27,28],[-22,60]],[[2792,3958],[-21,65],[-19,8],[-13,88],[-36,50]],[[2792,3958],[-86,39],[-71,-9],[10,-33],[-50,-7]],[[2595,3948],[-26,0]],[[2569,3948],[-25,15],[-64,-44],[-47,3],[-13,-55]],[[2807,3657],[-21,47],[-27,13],[-15,41],[-48,65],[-13,33],[-48,37],[-40,55]],[[2626,3668],[-16,38],[-48,55],[5,32],[-26,30],[16,27],[-26,58],[38,40]],[[16754,361],[47,31],[43,53],[22,67],[73,57],[63,13],[35,26],[8,142],[-64,73],[6,22]],[[16987,845],[45,-41],[75,-39],[20,-22],[52,-2],[93,83],[94,-24],[4,29],[47,-3],[97,45],[40,36],[89,-57],[52,29],[10,-34],[60,-24],[96,-55],[80,-10],[142,-84],[28,-28],[-59,-33],[-7,-39],[-92,-52],[-84,-19],[-95,-12],[-16,-26],[-147,-117],[-110,13],[-55,-18],[-36,-31],[-102,7],[-83,-21],[-136,-25],[-132,-1],[-158,57],[-37,5],[-8,29]],[[16091,65],[18,-34],[-40,-31],[-54,16],[-46,28],[46,50],[76,-29]],[[14730,175],[113,-54],[120,-6],[33,-12],[80,0],[1,-57],[-142,-10],[-62,35],[-88,25],[-26,-2],[-115,55],[1,29],[85,-3]],[[16754,361],[-61,74],[-58,51],[-67,33],[-47,38],[-36,14],[-59,47],[39,25],[70,22],[19,31],[6,96],[-9,38],[33,19],[54,5],[36,52],[97,19],[32,-16],[115,-9],[69,-55]]],"transform":{"scale":[0.0007001471247860435,0.000638844403344164],"translate":[41.81478535900004,12.122839998000075]},"objects":{"YEM":{"type":"GeometryCollection","geometries":[{"arcs":[[[0,1,2]],[[3,4,5,6,7,8,9]]],"type":"MultiPolygon","properties":{"name":"Al Qafr","shapeGroup":"YEM","gid":"YEM-2-0"},"id":"YEM-2-0"},{"arcs":[[-4,10,11,12,13,14]],"type":"Polygon","properties":{"name":"Yarim","shapeGroup":"YEM","gid":"YEM-2-1"},"id":"YEM-2-1"},{"arcs":[[15,16,17]],"type":"Polygon","properties":{"name":"Adh Dhihar","shapeGroup":"YEM","gid":"YEM-2-2"},"id":"YEM-2-2"},{"arcs":[[-18,18,19,20,21,22,23,24,25]],"type":"Polygon","properties":{"name":"Ibb","shapeGroup":"YEM","gid":"YEM-2-3"},"id":"YEM-2-3"},{"arcs":[[26,27,28,29,30,31,32,33]],"type":"Polygon","properties":{"name":"Khur Maksar","shapeGroup":"YEM","gid":"YEM-2-4"},"id":"YEM-2-4"},{"arcs":[[-13,34,35,36,37,38]],"type":"Polygon","properties":{"name":"Ar Radmah","shapeGroup":"YEM","gid":"YEM-2-5"},"id":"YEM-2-5"},{"arcs":[[-38,39,40,41,42,43]],"type":"Polygon","properties":{"name":"An Nadirah","shapeGroup":"YEM","gid":"YEM-2-6"},"id":"YEM-2-6"},{"arcs":[[-43,44,45]],"type":"Polygon","properties":{"name":"Ash Sha'ir","shapeGroup":"YEM","gid":"YEM-2-7"},"id":"YEM-2-7"},{"arcs":[[46,47,48,49,50,51]],"type":"Polygon","properties":{"name":"Sibah","shapeGroup":"YEM","gid":"YEM-2-8"},"id":"YEM-2-8"},{"arcs":[[-14,-39,-44,-46,52]],"type":"Polygon","properties":{"name":"As Saddah","shapeGroup":"YEM","gid":"YEM-2-9"},"id":"YEM-2-9"},{"arcs":[[-5,-15,-53,53,-22,54]],"type":"Polygon","properties":{"name":"Al Makhadir","shapeGroup":"YEM","gid":"YEM-2-10"},"id":"YEM-2-10"},{"arcs":[[-6,-55,-21,55,56]],"type":"Polygon","properties":{"name":"Hobeish","shapeGroup":"YEM","gid":"YEM-2-11"},"id":"YEM-2-11"},{"arcs":[[-1,57,-7,-57,58,59,60,61]],"type":"Polygon","properties":{"name":"Hazm Al Odayn","shapeGroup":"YEM","gid":"YEM-2-12"},"id":"YEM-2-12"},{"arcs":[[-60,62,63,64,65,66]],"type":"Polygon","properties":{"name":"Far' Al Odayn","shapeGroup":"YEM","gid":"YEM-2-13"},"id":"YEM-2-13"},{"arcs":[[-20,67,68,69,70,71,72,-63,-59,-56]],"type":"Polygon","properties":{"name":"Al Odayn","shapeGroup":"YEM","gid":"YEM-2-14"},"id":"YEM-2-14"},{"arcs":[[-17,73,74,75,-68,-19]],"type":"Polygon","properties":{"name":"Jiblah","shapeGroup":"YEM","gid":"YEM-2-15"},"id":"YEM-2-15"},{"arcs":[[-23,-54,-45,-42,76,77,78]],"type":"Polygon","properties":{"name":"Ba'dan","shapeGroup":"YEM","gid":"YEM-2-16"},"id":"YEM-2-16"},{"arcs":[[-24,-79,79,80,81]],"type":"Polygon","properties":{"name":"As Sabrah","shapeGroup":"YEM","gid":"YEM-2-17"},"id":"YEM-2-17"},{"arcs":[[82,83]],"type":"Polygon","properties":{"name":"Zinjibar","shapeGroup":"YEM","gid":"YEM-2-18"},"id":"YEM-2-18"},{"arcs":[[-84,84,85,86,87,88,89,90,91,92]],"type":"Polygon","properties":{"name":"Khanfar","shapeGroup":"YEM","gid":"YEM-2-19"},"id":"YEM-2-19"},{"arcs":[[-25,-82,93,94,95,-75,96]],"type":"Polygon","properties":{"name":"As Saiyani","shapeGroup":"YEM","gid":"YEM-2-20"},"id":"YEM-2-20"},{"arcs":[[97,98,99,100,101,102]],"type":"Polygon","properties":{"name":"Old City","shapeGroup":"YEM","gid":"YEM-2-21"},"id":"YEM-2-21"},{"arcs":[[-69,-76,-96,103,104]],"type":"Polygon","properties":{"name":"Dhi As Sufal","shapeGroup":"YEM","gid":"YEM-2-22"},"id":"YEM-2-22"},{"arcs":[[[-72,105]],[[-70,-105,106,107]]],"type":"MultiPolygon","properties":{"name":"Mudhaykhirah","shapeGroup":"YEM","gid":"YEM-2-23"},"id":"YEM-2-23"},{"arcs":[[108,109,110,111,112]],"type":"Polygon","properties":{"name":"Jihanah","shapeGroup":"YEM","gid":"YEM-2-24"},"id":"YEM-2-24"},{"arcs":[[-16,-26,-97,-74]],"type":"Polygon","properties":{"name":"Al Mashannah","shapeGroup":"YEM","gid":"YEM-2-25"},"id":"YEM-2-25"},{"arcs":[[113,114,115,116,117,118]],"type":"Polygon","properties":{"name":"Al Mahfad","shapeGroup":"YEM","gid":"YEM-2-26"},"id":"YEM-2-26"},{"arcs":[[119,120,121,122]],"type":"Polygon","properties":{"name":"Bidbadah","shapeGroup":"YEM","gid":"YEM-2-27"},"id":"YEM-2-27"},{"arcs":[[-117,123,124,125,126,127]],"type":"Polygon","properties":{"name":"Mudiyah","shapeGroup":"YEM","gid":"YEM-2-28"},"id":"YEM-2-28"},{"arcs":[[-127,128,129,130,131,132]],"type":"Polygon","properties":{"name":"Jayshan","shapeGroup":"YEM","gid":"YEM-2-29"},"id":"YEM-2-29"},{"arcs":[[133,134,135]],"type":"Polygon","properties":{"name":"Sana'a City Outskirts - Hamdan","shapeGroup":"YEM","gid":"YEM-2-30"},"id":"YEM-2-30"},{"arcs":[[-48,136,137,-129,-126,138,-90,139]],"type":"Polygon","properties":{"name":"Lawdar","shapeGroup":"YEM","gid":"YEM-2-31"},"id":"YEM-2-31"},{"arcs":[[-50,140,141,142,143]],"type":"Polygon","properties":{"name":"Rassd","shapeGroup":"YEM","gid":"YEM-2-32"},"id":"YEM-2-32"},{"arcs":[[144,145,146,147,148,149,150,151,152]],"type":"Polygon","properties":{"name":"At Taffah","shapeGroup":"YEM","gid":"YEM-2-33"},"id":"YEM-2-33"},{"arcs":[[-49,-140,-89,153,154,-141]],"type":"Polygon","properties":{"name":"Sarar","shapeGroup":"YEM","gid":"YEM-2-34"},"id":"YEM-2-34"},{"arcs":[[-91,-139,-125,155]],"type":"Polygon","properties":{"name":"Al Wadi'","shapeGroup":"YEM","gid":"YEM-2-35"},"id":"YEM-2-35"},{"arcs":[[-92,-156,-124,-116,156,157]],"type":"Polygon","properties":{"name":"Ahwar","shapeGroup":"YEM","gid":"YEM-2-36"},"id":"YEM-2-36"},{"arcs":[[-100,158,159,160,161]],"type":"Polygon","properties":{"name":"Shu'ub","shapeGroup":"YEM","gid":"YEM-2-37"},"id":"YEM-2-37"},{"arcs":[[[-151,162,163,164]],[[165,166,167,168,169,170,171]]],"type":"MultiPolygon","properties":{"name":"As Sawadiyah","shapeGroup":"YEM","gid":"YEM-2-38"},"id":"YEM-2-38"},{"arcs":[[-101,-162,172,173,174]],"type":"Polygon","properties":{"name":"Azaal","shapeGroup":"YEM","gid":"YEM-2-39"},"id":"YEM-2-39"},{"arcs":[[-47,175,-147,176,177]],"type":"Polygon","properties":{"name":"Az Zahir","shapeGroup":"YEM","gid":"YEM-2-40"},"id":"YEM-2-40"},{"arcs":[[-102,-175,178,179,180]],"type":"Polygon","properties":{"name":"As Safiyah","shapeGroup":"YEM","gid":"YEM-2-41"},"id":"YEM-2-41"},{"arcs":[[-180,181,182,183,184]],"type":"Polygon","properties":{"name":"As Sab'in","shapeGroup":"YEM","gid":"YEM-2-42"},"id":"YEM-2-42"},{"arcs":[[-146,185,-177]],"type":"Polygon","properties":{"name":"Dhi Na'im","shapeGroup":"YEM","gid":"YEM-2-43"},"id":"YEM-2-43"},{"arcs":[[-103,-181,-185,186,187,188]],"type":"Polygon","properties":{"name":"Al Wehdah","shapeGroup":"YEM","gid":"YEM-2-44"},"id":"YEM-2-44"},{"arcs":[[-98,-189,189,190]],"type":"Polygon","properties":{"name":"At Tahrir","shapeGroup":"YEM","gid":"YEM-2-45"},"id":"YEM-2-45"},{"arcs":[[-135,191,192,-190,-188,193,194]],"type":"Polygon","properties":{"name":"Ma'in","shapeGroup":"YEM","gid":"YEM-2-46"},"id":"YEM-2-46"},{"arcs":[[-99,-191,-193,195,-159]],"type":"Polygon","properties":{"name":"Ath Thawrah","shapeGroup":"YEM","gid":"YEM-2-47"},"id":"YEM-2-47"},{"arcs":[[-134,196,197,198,199,-160,-196,-192]],"type":"Polygon","properties":{"name":"Bani Al Harith","shapeGroup":"YEM","gid":"YEM-2-48"},"id":"YEM-2-48"},{"arcs":[[[-164,200,201,-166,202]],[[-168,203,204]]],"type":"MultiPolygon","properties":{"name":"Radman","shapeGroup":"YEM","gid":"YEM-2-49"},"id":"YEM-2-49"},{"arcs":[[-183,205,206]],"type":"Polygon","properties":{"name":"Sana'a City Outskirts -Sanhan wa Bani Bahlul","shapeGroup":"YEM","gid":"YEM-2-50"},"id":"YEM-2-50"},{"arcs":[[-170,207,208,209]],"type":"Polygon","properties":{"name":"Nu'man","shapeGroup":"YEM","gid":"YEM-2-51"},"id":"YEM-2-51"},{"arcs":[[-36,210,211,212,213]],"type":"Polygon","properties":{"name":"Sabah","shapeGroup":"YEM","gid":"YEM-2-52"},"id":"YEM-2-52"},{"arcs":[[-171,-210,214,215,216]],"type":"Polygon","properties":{"name":"Nati'","shapeGroup":"YEM","gid":"YEM-2-53"},"id":"YEM-2-53"},{"arcs":[[-153,-216,217,218,219,220]],"type":"Polygon","properties":{"name":"Maswarah","shapeGroup":"YEM","gid":"YEM-2-54"},"id":"YEM-2-54"},{"arcs":[[-220,221,222,223,224]],"type":"Polygon","properties":{"name":"As Sawma'ah","shapeGroup":"YEM","gid":"YEM-2-55"},"id":"YEM-2-55"},{"arcs":[[-130,-138,225,-224,226]],"type":"Polygon","properties":{"name":"Mukayras","shapeGroup":"YEM","gid":"YEM-2-56"},"id":"YEM-2-56"},{"arcs":[[227]],"type":"Polygon","properties":{"name":"Al Bayda City","shapeGroup":"YEM","gid":"YEM-2-57"},"id":"YEM-2-57"},{"arcs":[[-137,-178,-186,-145,-221,-225,-226],[-228]],"type":"Polygon","properties":{"name":"Al Bayda","shapeGroup":"YEM","gid":"YEM-2-58"},"id":"YEM-2-58"},{"arcs":[[228,229,230,231,232,233]],"type":"Polygon","properties":{"name":"Rada'","shapeGroup":"YEM","gid":"YEM-2-59"},"id":"YEM-2-59"},{"arcs":[[-229,234,235,236,237,238,239,240]],"type":"Polygon","properties":{"name":"Al Quraishyah","shapeGroup":"YEM","gid":"YEM-2-60"},"id":"YEM-2-60"},{"arcs":[[[-234,241,-235]],[[-237,242,243,244]],[[-240,245,246,247]]],"type":"MultiPolygon","properties":{"name":"Wald Rabi'","shapeGroup":"YEM","gid":"YEM-2-61"},"id":"YEM-2-61"},{"arcs":[[-213,248,-243,-236,-242,-233,249]],"type":"Polygon","properties":{"name":"Al Arsh","shapeGroup":"YEM","gid":"YEM-2-62"},"id":"YEM-2-62"},{"arcs":[[250,251,252,253,254]],"type":"Polygon","properties":{"name":"Mawza'","shapeGroup":"YEM","gid":"YEM-2-63"},"id":"YEM-2-63"},{"arcs":[[-214,-250,-232,255,256]],"type":"Polygon","properties":{"name":"Ar Ryashyyah","shapeGroup":"YEM","gid":"YEM-2-64"},"id":"YEM-2-64"},{"arcs":[[257,258,259,260]],"type":"Polygon","properties":{"name":"As Silw","shapeGroup":"YEM","gid":"YEM-2-65"},"id":"YEM-2-65"},{"arcs":[[-150,261,-230,-241,-248,262,-201,-163]],"type":"Polygon","properties":{"name":"Ash Sharyah","shapeGroup":"YEM","gid":"YEM-2-66"},"id":"YEM-2-66"},{"arcs":[[-152,-165,-203,-172,-217]],"type":"Polygon","properties":{"name":"Al Malajim","shapeGroup":"YEM","gid":"YEM-2-67"},"id":"YEM-2-67"},{"arcs":[[-81,263,264,265,266,267,268,269,-94]],"type":"Polygon","properties":{"name":"Mawiyah","shapeGroup":"YEM","gid":"YEM-2-68"},"id":"YEM-2-68"},{"arcs":[[-64,-73,-106,-71,-108,270,271]],"type":"Polygon","properties":{"name":"Shar'ab As Salam","shapeGroup":"YEM","gid":"YEM-2-69"},"id":"YEM-2-69"},{"arcs":[[-65,-272,272,273]],"type":"Polygon","properties":{"name":"Shar'ab Ar Rawnah","shapeGroup":"YEM","gid":"YEM-2-70"},"id":"YEM-2-70"},{"arcs":[[-66,-274,274,275,276,-255,277,278,279,280]],"type":"Polygon","properties":{"name":"Maqbanah","shapeGroup":"YEM","gid":"YEM-2-71"},"id":"YEM-2-71"},{"arcs":[[-254,281,282,283,-278]],"type":"Polygon","properties":{"name":"Al Makha","shapeGroup":"YEM","gid":"YEM-2-72"},"id":"YEM-2-72"},{"arcs":[[-253,284,285,286,-282]],"type":"Polygon","properties":{"name":"Dhubab","shapeGroup":"YEM","gid":"YEM-2-73"},"id":"YEM-2-73"},{"arcs":[[-276,287,288,289,290]],"type":"Polygon","properties":{"name":"Jabal Habashi","shapeGroup":"YEM","gid":"YEM-2-74"},"id":"YEM-2-74"},{"arcs":[[291,292,293,294]],"type":"Polygon","properties":{"name":"Mashr'ah Wa Hadnan","shapeGroup":"YEM","gid":"YEM-2-75"},"id":"YEM-2-75"},{"arcs":[[[-289,295,296,-294,297]],[[-269,298,299,300,301,-292,302,303,304,305]]],"type":"MultiPolygon","properties":{"name":"Sabir Al Mawadim","shapeGroup":"YEM","gid":"YEM-2-76"},"id":"YEM-2-76"},{"arcs":[[[-290,-298,-293,-302,306,307,308]],[[-300,309]]],"type":"MultiPolygon","properties":{"name":"Al Misrakh","shapeGroup":"YEM","gid":"YEM-2-77"},"id":"YEM-2-77"},{"arcs":[[310,311,312,313,314,315]],"type":"Polygon","properties":{"name":"Al Humaydat","shapeGroup":"YEM","gid":"YEM-2-78"},"id":"YEM-2-78"},{"arcs":[[-260,316,-307,-301,-310,-299,-268,317,318]],"type":"Polygon","properties":{"name":"Dimnat Khadir","shapeGroup":"YEM","gid":"YEM-2-79"},"id":"YEM-2-79"},{"arcs":[[319,320,321,322,323]],"type":"Polygon","properties":{"name":"Ash Shamayatayn","shapeGroup":"YEM","gid":"YEM-2-80"},"id":"YEM-2-80"},{"arcs":[[-252,324,-323,325,-285]],"type":"Polygon","properties":{"name":"Al Wazi'yah","shapeGroup":"YEM","gid":"YEM-2-81"},"id":"YEM-2-81"},{"arcs":[[-261,-319,326,327,328,329]],"type":"Polygon","properties":{"name":"Hayfan","shapeGroup":"YEM","gid":"YEM-2-82"},"id":"YEM-2-82"},{"arcs":[[-295,-297,330,331,-303]],"type":"Polygon","properties":{"name":"Al Mudhaffar","shapeGroup":"YEM","gid":"YEM-2-83"},"id":"YEM-2-83"},{"arcs":[[-304,-332,332,333]],"type":"Polygon","properties":{"name":"Al Qahirah","shapeGroup":"YEM","gid":"YEM-2-84"},"id":"YEM-2-84"},{"arcs":[[-305,-334,334]],"type":"Polygon","properties":{"name":"Salah","shapeGroup":"YEM","gid":"YEM-2-85"},"id":"YEM-2-85"},{"arcs":[[-95,-270,-306,-335,-333,-331,-296,-288,-275,-273,-271,-107,-104]],"type":"Polygon","properties":{"name":"At Ta'iziyah","shapeGroup":"YEM","gid":"YEM-2-86"},"id":"YEM-2-86"},{"arcs":[[-251,-277,-291,-309,335,336,-324,-325]],"type":"Polygon","properties":{"name":"Al Ma'afer","shapeGroup":"YEM","gid":"YEM-2-87"},"id":"YEM-2-87"},{"arcs":[[-219,337,338,-222]],"type":"Polygon","properties":{"name":"Markhah Al Olya","shapeGroup":"YEM","gid":"YEM-2-88"},"id":"YEM-2-88"},{"arcs":[[-258,-330,339,-320,-337,340]],"type":"Polygon","properties":{"name":"Al Mawasit","shapeGroup":"YEM","gid":"YEM-2-89"},"id":"YEM-2-89"},{"arcs":[[-259,-341,-336,-308,-317]],"type":"Polygon","properties":{"name":"Sami'","shapeGroup":"YEM","gid":"YEM-2-90"},"id":"YEM-2-90"},{"arcs":[[341,342,343,344,345,346,347,348,349]],"type":"Polygon","properties":{"name":"Khab wa Ash Sha'f","shapeGroup":"YEM","gid":"YEM-2-91"},"id":"YEM-2-91"},{"arcs":[[-313,350,351,352,353,354,355,356]],"type":"Polygon","properties":{"name":"Al Matammah","shapeGroup":"YEM","gid":"YEM-2-92"},"id":"YEM-2-92"},{"arcs":[[-312,357,-351]],"type":"Polygon","properties":{"name":"Az Zahir","shapeGroup":"YEM","gid":"YEM-2-93"},"id":"YEM-2-93"},{"arcs":[[-345,358,359,360,361,362,363]],"type":"Polygon","properties":{"name":"Al Hazm","shapeGroup":"YEM","gid":"YEM-2-94"},"id":"YEM-2-94"},{"arcs":[[-311,-346,-364,364,-352,-358]],"type":"Polygon","properties":{"name":"Al Mutun","shapeGroup":"YEM","gid":"YEM-2-95"},"id":"YEM-2-95"},{"arcs":[[-353,-365,-363,365,366,367]],"type":"Polygon","properties":{"name":"Al Maslub","shapeGroup":"YEM","gid":"YEM-2-96"},"id":"YEM-2-96"},{"arcs":[[-362,368,369,-366]],"type":"Polygon","properties":{"name":"Al Ghayl","shapeGroup":"YEM","gid":"YEM-2-97"},"id":"YEM-2-97"},{"arcs":[[-361,370,-369]],"type":"Polygon","properties":{"name":"Al Khalaq","shapeGroup":"YEM","gid":"YEM-2-98"},"id":"YEM-2-98"},{"arcs":[[-348,371,372,373,374,375,376]],"type":"Polygon","properties":{"name":"Barat Al Anan","shapeGroup":"YEM","gid":"YEM-2-99"},"id":"YEM-2-99"},{"arcs":[[-316,377,-372,-347]],"type":"Polygon","properties":{"name":"Rajuzah","shapeGroup":"YEM","gid":"YEM-2-100"},"id":"YEM-2-100"},{"arcs":[[-315,378,379,-373,-378]],"type":"Polygon","properties":{"name":"Kharab Al Marashi","shapeGroup":"YEM","gid":"YEM-2-101"},"id":"YEM-2-101"},{"arcs":[[380,381,382,383,384,385,386,387]],"type":"Polygon","properties":{"name":"Bakil Al Mir","shapeGroup":"YEM","gid":"YEM-2-102"},"id":"YEM-2-102"},{"arcs":[[-387,388,389,390,391]],"type":"Polygon","properties":{"name":"Harad","shapeGroup":"YEM","gid":"YEM-2-103"},"id":"YEM-2-103"},{"arcs":[[[392]],[[-391,393,394,395]]],"type":"MultiPolygon","properties":{"name":"Midi","shapeGroup":"YEM","gid":"YEM-2-104"},"id":"YEM-2-104"},{"arcs":[[-395,396,397,398,399,400,401,402]],"type":"Polygon","properties":{"name":"Abs","shapeGroup":"YEM","gid":"YEM-2-105"},"id":"YEM-2-105"},{"arcs":[[-390,403,-397,-394]],"type":"Polygon","properties":{"name":"Hayran","shapeGroup":"YEM","gid":"YEM-2-106"},"id":"YEM-2-106"},{"arcs":[[404,405,406,407,408]],"type":"Polygon","properties":{"name":"Al Jamimah","shapeGroup":"YEM","gid":"YEM-2-107"},"id":"YEM-2-107"},{"arcs":[[-386,409,410,411,412,-398,-404,-389]],"type":"Polygon","properties":{"name":"Mustaba","shapeGroup":"YEM","gid":"YEM-2-108"},"id":"YEM-2-108"},{"arcs":[[-409,413,414,-411,415,416,417,418]],"type":"Polygon","properties":{"name":"Kushar","shapeGroup":"YEM","gid":"YEM-2-109"},"id":"YEM-2-109"},{"arcs":[[-407,419,420,421]],"type":"Polygon","properties":{"name":"Kuhlan Ash Sharaf","shapeGroup":"YEM","gid":"YEM-2-110"},"id":"YEM-2-110"},{"arcs":[[-408,-422,422,423,-414]],"type":"Polygon","properties":{"name":"Aflah Ash Sham","shapeGroup":"YEM","gid":"YEM-2-111"},"id":"YEM-2-111"},{"arcs":[[-412,-415,-424,424,425,426,427]],"type":"Polygon","properties":{"name":"Khayran Al Muharraq","shapeGroup":"YEM","gid":"YEM-2-112"},"id":"YEM-2-112"},{"arcs":[[-399,-413,-428,428,429]],"type":"Polygon","properties":{"name":"Aslam","shapeGroup":"YEM","gid":"YEM-2-113"},"id":"YEM-2-113"},{"arcs":[[430,431,432,433,434,435]],"type":"Polygon","properties":{"name":"Al Hujjaylah","shapeGroup":"YEM","gid":"YEM-2-114"},"id":"YEM-2-114"},{"arcs":[[-427,436,437,438,439,440,-429]],"type":"Polygon","properties":{"name":"Qafl Shammar","shapeGroup":"YEM","gid":"YEM-2-115"},"id":"YEM-2-115"},{"arcs":[[-406,441,442,443,-420]],"type":"Polygon","properties":{"name":"Al Miftah","shapeGroup":"YEM","gid":"YEM-2-116"},"id":"YEM-2-116"},{"arcs":[[-421,444,-438,445,-425,-423]],"type":"Polygon","properties":{"name":"Aflah Al Yaman","shapeGroup":"YEM","gid":"YEM-2-117"},"id":"YEM-2-117"},{"arcs":[[-440,446,447,448]],"type":"Polygon","properties":{"name":"Ash Shahil","shapeGroup":"YEM","gid":"YEM-2-118"},"id":"YEM-2-118"},{"arcs":[[-400,-430,-441,-449,449,450,451,452]],"type":"Polygon","properties":{"name":"Ku'aydinah","shapeGroup":"YEM","gid":"YEM-2-119"},"id":"YEM-2-119"},{"arcs":[[[-426,-446,-437]],[[-439,-445,-444,453,-447]]],"type":"MultiPolygon","properties":{"name":"Al Mahabishah","shapeGroup":"YEM","gid":"YEM-2-120"},"id":"YEM-2-120"},{"arcs":[[-451,454,455,456]],"type":"Polygon","properties":{"name":"Wadrah","shapeGroup":"YEM","gid":"YEM-2-121"},"id":"YEM-2-121"},{"arcs":[[-443,457,458,459,460,461,462,463,-448,-454]],"type":"Polygon","properties":{"name":"Al Maghrabah","shapeGroup":"YEM","gid":"YEM-2-122"},"id":"YEM-2-122"},{"arcs":[[-462,464,465,466,467]],"type":"Polygon","properties":{"name":"Kuhlan Afar","shapeGroup":"YEM","gid":"YEM-2-123"},"id":"YEM-2-123"},{"arcs":[[468,469,470,471,472,473]],"type":"Polygon","properties":{"name":"Najrah","shapeGroup":"YEM","gid":"YEM-2-124"},"id":"YEM-2-124"},{"arcs":[[-463,-468,474,475,476,477]],"type":"Polygon","properties":{"name":"Sharas","shapeGroup":"YEM","gid":"YEM-2-125"},"id":"YEM-2-125"},{"arcs":[[-450,-464,-478,478,-474,479,-455]],"type":"Polygon","properties":{"name":"Mabyan","shapeGroup":"YEM","gid":"YEM-2-126"},"id":"YEM-2-126"},{"arcs":[[-452,-457,480,481,482,483,484]],"type":"Polygon","properties":{"name":"Bani Qays","shapeGroup":"YEM","gid":"YEM-2-127"},"id":"YEM-2-127"},{"arcs":[[-472,485,486,487,-482,488]],"type":"Polygon","properties":{"name":"Ash shaghadirah","shapeGroup":"YEM","gid":"YEM-2-128"},"id":"YEM-2-128"},{"arcs":[[-471,489,490,491,492,-486]],"type":"Polygon","properties":{"name":"Bani Al Awam","shapeGroup":"YEM","gid":"YEM-2-129"},"id":"YEM-2-129"},{"arcs":[[-280,493,494,495]],"type":"Polygon","properties":{"name":"Hays","shapeGroup":"YEM","gid":"YEM-2-130"},"id":"YEM-2-130"},{"arcs":[[[496]],[[-279,-284,497,498,499,-494]],[[500]]],"type":"MultiPolygon","properties":{"name":"Al Khukhah","shapeGroup":"YEM","gid":"YEM-2-131"},"id":"YEM-2-131"},{"arcs":[[-469,-479,-477,501]],"type":"Polygon","properties":{"name":"Hajjah City","shapeGroup":"YEM","gid":"YEM-2-132"},"id":"YEM-2-132"},{"arcs":[[[-470,-502,-476,502,-490]],[[-456,-480,-473,-489,-481]]],"type":"MultiPolygon","properties":{"name":"Hajjah","shapeGroup":"YEM","gid":"YEM-2-133"},"id":"YEM-2-133"},{"arcs":[[503,504,505,506]],"type":"Polygon","properties":{"name":"Ash Shihr","shapeGroup":"YEM","gid":"YEM-2-134"},"id":"YEM-2-134"},{"arcs":[[-507,507,508,509,510,511,512]],"type":"Polygon","properties":{"name":"Ghayl bin Yamin","shapeGroup":"YEM","gid":"YEM-2-135"},"id":"YEM-2-135"},{"arcs":[[-506,513,514,515,516,517,-508]],"type":"Polygon","properties":{"name":"Ghayl Bawazir","shapeGroup":"YEM","gid":"YEM-2-136"},"id":"YEM-2-136"},{"arcs":[[-385,518,-416,-410]],"type":"Polygon","properties":{"name":"Washhah","shapeGroup":"YEM","gid":"YEM-2-137"},"id":"YEM-2-137"},{"arcs":[[-401,-453,-485,519,520]],"type":"Polygon","properties":{"name":"Az Zuhrah","shapeGroup":"YEM","gid":"YEM-2-138"},"id":"YEM-2-138"},{"arcs":[[[521]],[[-402,-521,522,523,524]]],"type":"MultiPolygon","properties":{"name":"Alluhayah","shapeGroup":"YEM","gid":"YEM-2-139"},"id":"YEM-2-139"},{"arcs":[[[525]],[[526]],[[527]]],"type":"MultiPolygon","properties":{"name":"Kamaran","shapeGroup":"YEM","gid":"YEM-2-140"},"id":"YEM-2-140"},{"arcs":[[528,529]],"type":"Polygon","properties":{"name":"As Salif","shapeGroup":"YEM","gid":"YEM-2-141"},"id":"YEM-2-141"},{"arcs":[[-384,530,531,-417,-519]],"type":"Polygon","properties":{"name":"Qarah","shapeGroup":"YEM","gid":"YEM-2-142"},"id":"YEM-2-142"},{"arcs":[[-524,532,533,534,535,536,537,-529,538]],"type":"Polygon","properties":{"name":"Al Munirah","shapeGroup":"YEM","gid":"YEM-2-143"},"id":"YEM-2-143"},{"arcs":[[-119,539,540,541,542]],"type":"Polygon","properties":{"name":"As Sa'id","shapeGroup":"YEM","gid":"YEM-2-144"},"id":"YEM-2-144"},{"arcs":[[[-535,543]],[[-484,544,545,-533,-523,-520]]],"type":"MultiPolygon","properties":{"name":"Al Qanawis","shapeGroup":"YEM","gid":"YEM-2-145"},"id":"YEM-2-145"},{"arcs":[[546,547,548]],"type":"Polygon","properties":{"name":"Al Mighlaf","shapeGroup":"YEM","gid":"YEM-2-146"},"id":"YEM-2-146"},{"arcs":[[-546,549,-549,550,551,-536,-544,-534]],"type":"Polygon","properties":{"name":"Az Zaydiah","shapeGroup":"YEM","gid":"YEM-2-147"},"id":"YEM-2-147"},{"arcs":[[-548,552,553,554,-551]],"type":"Polygon","properties":{"name":"Ad Dohi","shapeGroup":"YEM","gid":"YEM-2-148"},"id":"YEM-2-148"},{"arcs":[[-434,555,556,557,558,-537,-552,-555,559]],"type":"Polygon","properties":{"name":"Bajil","shapeGroup":"YEM","gid":"YEM-2-149"},"id":"YEM-2-149"},{"arcs":[[-542,560,561,562,563]],"type":"Polygon","properties":{"name":"Ataq","shapeGroup":"YEM","gid":"YEM-2-150"},"id":"YEM-2-150"},{"arcs":[[-433,564,565,566,-556]],"type":"Polygon","properties":{"name":"Bura'","shapeGroup":"YEM","gid":"YEM-2-151"},"id":"YEM-2-151"},{"arcs":[[-114,-543,-564,567,568]],"type":"Polygon","properties":{"name":"Habban","shapeGroup":"YEM","gid":"YEM-2-152"},"id":"YEM-2-152"},{"arcs":[[-557,-567,569,570,571]],"type":"Polygon","properties":{"name":"Al Marawi'ah","shapeGroup":"YEM","gid":"YEM-2-153"},"id":"YEM-2-153"},{"arcs":[[-571,572,573,574,575,576]],"type":"Polygon","properties":{"name":"Ad Durayhimi","shapeGroup":"YEM","gid":"YEM-2-154"},"id":"YEM-2-154"},{"arcs":[[-566,577,578,579,580,-573,-570]],"type":"Polygon","properties":{"name":"As Sukhnah","shapeGroup":"YEM","gid":"YEM-2-155"},"id":"YEM-2-155"},{"arcs":[[-580,581,582]],"type":"Polygon","properties":{"name":"Al Mansuriyah","shapeGroup":"YEM","gid":"YEM-2-156"},"id":"YEM-2-156"},{"arcs":[[-574,-581,-583,583,584,585,586,587,588]],"type":"Polygon","properties":{"name":"Bayt Al Faqih","shapeGroup":"YEM","gid":"YEM-2-157"},"id":"YEM-2-157"},{"arcs":[[-61,-67,-281,-496,589,590]],"type":"Polygon","properties":{"name":"Jabal Ras","shapeGroup":"YEM","gid":"YEM-2-158"},"id":"YEM-2-158"},{"arcs":[[591,592,593,594]],"type":"Polygon","properties":{"name":"Qatabir","shapeGroup":"YEM","gid":"YEM-2-159"},"id":"YEM-2-159"},{"arcs":[[-576,595,596,597]],"type":"Polygon","properties":{"name":"Al Hawak","shapeGroup":"YEM","gid":"YEM-2-160"},"id":"YEM-2-160"},{"arcs":[[-597,598,599]],"type":"Polygon","properties":{"name":"Al Mina","shapeGroup":"YEM","gid":"YEM-2-161"},"id":"YEM-2-161"},{"arcs":[[-593,600,601,602]],"type":"Polygon","properties":{"name":"Monabbih","shapeGroup":"YEM","gid":"YEM-2-162"},"id":"YEM-2-162"},{"arcs":[[-558,-572,-577,-598,-600,603]],"type":"Polygon","properties":{"name":"Al Hali","shapeGroup":"YEM","gid":"YEM-2-163"},"id":"YEM-2-163"},{"arcs":[[-587,604,605,606]],"type":"Polygon","properties":{"name":"Zabid","shapeGroup":"YEM","gid":"YEM-2-164"},"id":"YEM-2-164"},{"arcs":[[-495,-500,607,-606,608,-590]],"type":"Polygon","properties":{"name":"Al Jarrahi","shapeGroup":"YEM","gid":"YEM-2-165"},"id":"YEM-2-165"},{"arcs":[[-499,609,-588,-607,-608]],"type":"Polygon","properties":{"name":"At Tuhayta","shapeGroup":"YEM","gid":"YEM-2-166"},"id":"YEM-2-166"},{"arcs":[[610,611,612,613,614,615]],"type":"Polygon","properties":{"name":"Rumah","shapeGroup":"YEM","gid":"YEM-2-167"},"id":"YEM-2-167"},{"arcs":[[-614,616,617,618]],"type":"Polygon","properties":{"name":"Thamud","shapeGroup":"YEM","gid":"YEM-2-168"},"id":"YEM-2-168"},{"arcs":[[-618,619,620,621,622,623,624,625,626]],"type":"Polygon","properties":{"name":"Al Qaff","shapeGroup":"YEM","gid":"YEM-2-169"},"id":"YEM-2-169"},{"arcs":[[-342,627,-626,628,629]],"type":"Polygon","properties":{"name":"Zamakh wa Manwokh","shapeGroup":"YEM","gid":"YEM-2-170"},"id":"YEM-2-170"},{"arcs":[[-625,630,631,-629]],"type":"Polygon","properties":{"name":"Hajar As Say'ar","shapeGroup":"YEM","gid":"YEM-2-171"},"id":"YEM-2-171"},{"arcs":[[-343,-630,-632,632,633,634,635,636,637,638]],"type":"Polygon","properties":{"name":"Al Abr","shapeGroup":"YEM","gid":"YEM-2-172"},"id":"YEM-2-172"},{"arcs":[[-624,639,640,-633,-631]],"type":"Polygon","properties":{"name":"Al Qatn","shapeGroup":"YEM","gid":"YEM-2-173"},"id":"YEM-2-173"},{"arcs":[[-623,641,642,643,-640]],"type":"Polygon","properties":{"name":"Shibam","shapeGroup":"YEM","gid":"YEM-2-174"},"id":"YEM-2-174"},{"arcs":[[-510,644,-643,645,646]],"type":"Polygon","properties":{"name":"Sah","shapeGroup":"YEM","gid":"YEM-2-175"},"id":"YEM-2-175"},{"arcs":[[-622,647,-646,-642]],"type":"Polygon","properties":{"name":"Sayun","shapeGroup":"YEM","gid":"YEM-2-176"},"id":"YEM-2-176"},{"arcs":[[648,649,650,651]],"type":"Polygon","properties":{"name":"Haridah","shapeGroup":"YEM","gid":"YEM-2-177"},"id":"YEM-2-177"},{"arcs":[[-511,-647,-648,-621,652]],"type":"Polygon","properties":{"name":"Tarim","shapeGroup":"YEM","gid":"YEM-2-178"},"id":"YEM-2-178"},{"arcs":[[-512,-653,-620,-617,-613,653,654,655,656]],"type":"Polygon","properties":{"name":"As Sawm","shapeGroup":"YEM","gid":"YEM-2-179"},"id":"YEM-2-179"},{"arcs":[[-656,657,658,659]],"type":"Polygon","properties":{"name":"Ar Raydah wa Qussay'ar","shapeGroup":"YEM","gid":"YEM-2-180"},"id":"YEM-2-180"},{"arcs":[[-504,-513,-657,-660,660]],"type":"Polygon","properties":{"name":"Ad Dis","shapeGroup":"YEM","gid":"YEM-2-181"},"id":"YEM-2-181"},{"arcs":[[-517,661,662,663,664,-649,665]],"type":"Polygon","properties":{"name":"Daw'an","shapeGroup":"YEM","gid":"YEM-2-182"},"id":"YEM-2-182"},{"arcs":[[-509,-518,-666,-652,666,-634,-641,-644,-645]],"type":"Polygon","properties":{"name":"Wadi Al Ayn","shapeGroup":"YEM","gid":"YEM-2-183"},"id":"YEM-2-183"},{"arcs":[[-635,-667,-651,667,668,669,670]],"type":"Polygon","properties":{"name":"Rakhyah","shapeGroup":"YEM","gid":"YEM-2-184"},"id":"YEM-2-184"},{"arcs":[[-650,-665,671,-668]],"type":"Polygon","properties":{"name":"Amd","shapeGroup":"YEM","gid":"YEM-2-185"},"id":"YEM-2-185"},{"arcs":[[-664,672,673,674,-669,-672]],"type":"Polygon","properties":{"name":"Ad Dulay'ah","shapeGroup":"YEM","gid":"YEM-2-186"},"id":"YEM-2-186"},{"arcs":[[-674,675,676,677,678]],"type":"Polygon","properties":{"name":"Yab'uth","shapeGroup":"YEM","gid":"YEM-2-187"},"id":"YEM-2-187"},{"arcs":[[-602,679,680,681,682]],"type":"Polygon","properties":{"name":"Ghamr","shapeGroup":"YEM","gid":"YEM-2-188"},"id":"YEM-2-188"},{"arcs":[[-663,683,684,685,686,-676,-673]],"type":"Polygon","properties":{"name":"Hajar","shapeGroup":"YEM","gid":"YEM-2-189"},"id":"YEM-2-189"},{"arcs":[[-685,687,688,689,690]],"type":"Polygon","properties":{"name":"Brum Mayf'ah","shapeGroup":"YEM","gid":"YEM-2-190"},"id":"YEM-2-190"},{"arcs":[[-516,691,-688,-684,-662]],"type":"Polygon","properties":{"name":"Al Mukalla","shapeGroup":"YEM","gid":"YEM-2-191"},"id":"YEM-2-191"},{"arcs":[[-515,692,-689,-692]],"type":"Polygon","properties":{"name":"Al Mukalla City","shapeGroup":"YEM","gid":"YEM-2-192"},"id":"YEM-2-192"},{"arcs":[[-238,-245,693,694,695,696,697,698]],"type":"Polygon","properties":{"name":"Al Hada","shapeGroup":"YEM","gid":"YEM-2-193"},"id":"YEM-2-193"},{"arcs":[[-212,699,700,-694,-244,-249]],"type":"Polygon","properties":{"name":"Mayfa'at Ans","shapeGroup":"YEM","gid":"YEM-2-194"},"id":"YEM-2-194"},{"arcs":[[-696,701,702,703,704,705]],"type":"Polygon","properties":{"name":"Jahran","shapeGroup":"YEM","gid":"YEM-2-195"},"id":"YEM-2-195"},{"arcs":[[-637,706,707,708]],"type":"Polygon","properties":{"name":"Arma'a","shapeGroup":"YEM","gid":"YEM-2-196"},"id":"YEM-2-196"},{"arcs":[[709,710,711,712,713]],"type":"Polygon","properties":{"name":"Jabal Ash sharq","shapeGroup":"YEM","gid":"YEM-2-197"},"id":"YEM-2-197"},{"arcs":[[714,715,716,717,718]],"type":"Polygon","properties":{"name":"Osaylan","shapeGroup":"YEM","gid":"YEM-2-198"},"id":"YEM-2-198"},{"arcs":[[-10,719,720,721,-11]],"type":"Polygon","properties":{"name":"Maghrib Ans","shapeGroup":"YEM","gid":"YEM-2-199"},"id":"YEM-2-199"},{"arcs":[[-9,722,723,724,-712,725,-720]],"type":"Polygon","properties":{"name":"Otmah","shapeGroup":"YEM","gid":"YEM-2-200"},"id":"YEM-2-200"},{"arcs":[[-3,726,727,728,729,-723,-8,-58]],"type":"Polygon","properties":{"name":"Wusab Al Aali","shapeGroup":"YEM","gid":"YEM-2-201"},"id":"YEM-2-201"},{"arcs":[[-2,-62,-591,-609,-605,-586,730,-727]],"type":"Polygon","properties":{"name":"Wusab As Safil","shapeGroup":"YEM","gid":"YEM-2-202"},"id":"YEM-2-202"},{"arcs":[[-695,-701,731,-702]],"type":"Polygon","properties":{"name":"Dhamar City","shapeGroup":"YEM","gid":"YEM-2-203"},"id":"YEM-2-203"},{"arcs":[[-12,-722,732,-703,-732,-700,-211,-35]],"type":"Polygon","properties":{"name":"Ans","shapeGroup":"YEM","gid":"YEM-2-204"},"id":"YEM-2-204"},{"arcs":[[-705,733,-710,734,735,736]],"type":"Polygon","properties":{"name":"Dawran Anis","shapeGroup":"YEM","gid":"YEM-2-205"},"id":"YEM-2-205"},{"arcs":[[-704,-733,-721,-726,-711,-734]],"type":"Polygon","properties":{"name":"Al Manar","shapeGroup":"YEM","gid":"YEM-2-206"},"id":"YEM-2-206"},{"arcs":[[-636,-671,737,-707]],"type":"Polygon","properties":{"name":"Dahr","shapeGroup":"YEM","gid":"YEM-2-207"},"id":"YEM-2-207"},{"arcs":[[-670,-675,-679,738,739,-708,-738]],"type":"Polygon","properties":{"name":"At Talh","shapeGroup":"YEM","gid":"YEM-2-208"},"id":"YEM-2-208"},{"arcs":[[-562,740,741,-719,742,-638,-709,-740,743]],"type":"Polygon","properties":{"name":"Jardan","shapeGroup":"YEM","gid":"YEM-2-209"},"id":"YEM-2-209"},{"arcs":[[-209,744,745,746,-717,747]],"type":"Polygon","properties":{"name":"Ayn","shapeGroup":"YEM","gid":"YEM-2-210"},"id":"YEM-2-210"},{"arcs":[[-215,-748,-716,748,-338,-218]],"type":"Polygon","properties":{"name":"Bayhan","shapeGroup":"YEM","gid":"YEM-2-211"},"id":"YEM-2-211"},{"arcs":[[-131,-227,-223,-339,-749,-715,-742,749]],"type":"Polygon","properties":{"name":"Markhah As Sufla","shapeGroup":"YEM","gid":"YEM-2-212"},"id":"YEM-2-212"},{"arcs":[[-132,-750,-741,-561,-541,750]],"type":"Polygon","properties":{"name":"Nisab","shapeGroup":"YEM","gid":"YEM-2-213"},"id":"YEM-2-213"},{"arcs":[[-682,751,752,753,754]],"type":"Polygon","properties":{"name":"Razih","shapeGroup":"YEM","gid":"YEM-2-214"},"id":"YEM-2-214"},{"arcs":[[-118,-128,-133,-751,-540]],"type":"Polygon","properties":{"name":"Hatib","shapeGroup":"YEM","gid":"YEM-2-215"},"id":"YEM-2-215"},{"arcs":[[-754,755,756]],"type":"Polygon","properties":{"name":"Shada'a","shapeGroup":"YEM","gid":"YEM-2-216"},"id":"YEM-2-216"},{"arcs":[[-563,-744,-739,-678,757,758,-568]],"type":"Polygon","properties":{"name":"Ar Rawdah","shapeGroup":"YEM","gid":"YEM-2-217"},"id":"YEM-2-217"},{"arcs":[[-381,759,-756,-753,760,761]],"type":"Polygon","properties":{"name":"Adh Dhahir","shapeGroup":"YEM","gid":"YEM-2-218"},"id":"YEM-2-218"},{"arcs":[[-677,-687,762,-758]],"type":"Polygon","properties":{"name":"Mayfa'ah","shapeGroup":"YEM","gid":"YEM-2-219"},"id":"YEM-2-219"},{"arcs":[[-115,-569,-759,-763,-686,-691,763,-157]],"type":"Polygon","properties":{"name":"Radum","shapeGroup":"YEM","gid":"YEM-2-220"},"id":"YEM-2-220"},{"arcs":[[-595,764,765,766]],"type":"Polygon","properties":{"name":"Baqim","shapeGroup":"YEM","gid":"YEM-2-221"},"id":"YEM-2-221"},{"arcs":[[-136,-195,767,768,769,770,771,772,773,-197]],"type":"Polygon","properties":{"name":"Hamdan","shapeGroup":"YEM","gid":"YEM-2-222"},"id":"YEM-2-222"},{"arcs":[[-198,-774,774,775,776,-355,777]],"type":"Polygon","properties":{"name":"Arhab","shapeGroup":"YEM","gid":"YEM-2-223"},"id":"YEM-2-223"},{"arcs":[[-382,-762,778]],"type":"Polygon","properties":{"name":"Haydan","shapeGroup":"YEM","gid":"YEM-2-224"},"id":"YEM-2-224"},{"arcs":[[-199,-778,-354,-368,779,780,781,782]],"type":"Polygon","properties":{"name":"Nihm","shapeGroup":"YEM","gid":"YEM-2-225"},"id":"YEM-2-225"},{"arcs":[[-161,-200,-783,783,784,-173]],"type":"Polygon","properties":{"name":"Bani Hushaysh","shapeGroup":"YEM","gid":"YEM-2-226"},"id":"YEM-2-226"},{"arcs":[[-681,785,786,787,-779,-761,-752]],"type":"Polygon","properties":{"name":"Saqin","shapeGroup":"YEM","gid":"YEM-2-227"},"id":"YEM-2-227"},{"arcs":[[-184,-207,788,789,-736,790,791,792,-768,-194,-187]],"type":"Polygon","properties":{"name":"Bani Matar","shapeGroup":"YEM","gid":"YEM-2-228"},"id":"YEM-2-228"},{"arcs":[[-359,793,794,795]],"type":"Polygon","properties":{"name":"Raghwan","shapeGroup":"YEM","gid":"YEM-2-229"},"id":"YEM-2-229"},{"arcs":[[-592,-767,796,797,-786,-680,-601]],"type":"Polygon","properties":{"name":"Majz","shapeGroup":"YEM","gid":"YEM-2-230"},"id":"YEM-2-230"},{"arcs":[[-787,-798,798,799,800,801,802,803]],"type":"Polygon","properties":{"name":"Sahar","shapeGroup":"YEM","gid":"YEM-2-231"},"id":"YEM-2-231"},{"arcs":[[[-801,804]],[[-374,-380,805,-803,806,-799,-797,-766,807,808]]],"type":"MultiPolygon","properties":{"name":"As Safra","shapeGroup":"YEM","gid":"YEM-2-232"},"id":"YEM-2-232"},{"arcs":[[-376,809]],"type":"Polygon","properties":{"name":"Al Hashwah","shapeGroup":"YEM","gid":"YEM-2-233"},"id":"YEM-2-233"},{"arcs":[[-349,-377,-810,-375,-809,810]],"type":"Polygon","properties":{"name":"Kitaf wa Al Boqa'","shapeGroup":"YEM","gid":"YEM-2-234"},"id":"YEM-2-234"},{"arcs":[[-800,-807,-802,-805]],"type":"Polygon","properties":{"name":"Sa'dah","shapeGroup":"YEM","gid":"YEM-2-235"},"id":"YEM-2-235"},{"arcs":[[-110,811,812,-789,-206,-182,-179,-174,-785,813]],"type":"Polygon","properties":{"name":"Sanhan wa Bani Bahlul","shapeGroup":"YEM","gid":"YEM-2-236"},"id":"YEM-2-236"},{"arcs":[[-697,-706,-737,-790,-813,814]],"type":"Polygon","properties":{"name":"Bilad Ar Rus","shapeGroup":"YEM","gid":"YEM-2-237"},"id":"YEM-2-237"},{"arcs":[[-792,815,816,817,818,819]],"type":"Polygon","properties":{"name":"Al Haymah Ad Dakhiliyah","shapeGroup":"YEM","gid":"YEM-2-238"},"id":"YEM-2-238"},{"arcs":[[-714,820,821,822,-816,-791,-735]],"type":"Polygon","properties":{"name":"Al Haymah Al Kharijiyah","shapeGroup":"YEM","gid":"YEM-2-239"},"id":"YEM-2-239"},{"arcs":[[-431,823,824,825,826,-817,-823,827]],"type":"Polygon","properties":{"name":"Manakhah","shapeGroup":"YEM","gid":"YEM-2-240"},"id":"YEM-2-240"},{"arcs":[[-436,828,-824]],"type":"Polygon","properties":{"name":"Sa'fan","shapeGroup":"YEM","gid":"YEM-2-241"},"id":"YEM-2-241"},{"arcs":[[-112,829,-123,830,831,832]],"type":"Polygon","properties":{"name":"Khawlan","shapeGroup":"YEM","gid":"YEM-2-242"},"id":"YEM-2-242"},{"arcs":[[[-113,-833,833]],[[-111,-814,-784,834,-120,-830]]],"type":"MultiPolygon","properties":{"name":"At Tyal","shapeGroup":"YEM","gid":"YEM-2-243"},"id":"YEM-2-243"},{"arcs":[[-239,-699,835,-834,-832,836,837,838]],"type":"Polygon","properties":{"name":"Bani Dabyan","shapeGroup":"YEM","gid":"YEM-2-244"},"id":"YEM-2-244"},{"arcs":[[-109,-836,-698,-815,-812]],"type":"Polygon","properties":{"name":"Al Hissn","shapeGroup":"YEM","gid":"YEM-2-245"},"id":"YEM-2-245"},{"arcs":[[-32,839,840,841,842]],"type":"Polygon","properties":{"name":"Dar Sa'd","shapeGroup":"YEM","gid":"YEM-2-246"},"id":"YEM-2-246"},{"arcs":[[-547,-550,843,844,845,-553]],"type":"Polygon","properties":{"name":"Melhan","shapeGroup":"YEM","gid":"YEM-2-247"},"id":"YEM-2-247"},{"arcs":[[-31,846,-840]],"type":"Polygon","properties":{"name":"Ash Shaykh Othman","shapeGroup":"YEM","gid":"YEM-2-248"},"id":"YEM-2-248"},{"arcs":[[-51,-144,847,848,849,850]],"type":"Polygon","properties":{"name":"Yafi'","shapeGroup":"YEM","gid":"YEM-2-249"},"id":"YEM-2-249"},{"arcs":[[-28,851,852,853]],"type":"Polygon","properties":{"name":"Al Mu'alla","shapeGroup":"YEM","gid":"YEM-2-250"},"id":"YEM-2-250"},{"arcs":[[-30,854,855,-841,-847]],"type":"Polygon","properties":{"name":"Al Mansurah","shapeGroup":"YEM","gid":"YEM-2-251"},"id":"YEM-2-251"},{"arcs":[[-842,-856,856,857,858,859]],"type":"Polygon","properties":{"name":"Al Burayqah","shapeGroup":"YEM","gid":"YEM-2-252"},"id":"YEM-2-252"},{"arcs":[[-853,860,861]],"type":"Polygon","properties":{"name":"At Tawahi","shapeGroup":"YEM","gid":"YEM-2-253"},"id":"YEM-2-253"},{"arcs":[[-27,862,-861,-852]],"type":"Polygon","properties":{"name":"Kritar - Sirah","shapeGroup":"YEM","gid":"YEM-2-254"},"id":"YEM-2-254"},{"arcs":[[-52,-851,863,864,-148,-176]],"type":"Polygon","properties":{"name":"Al Had","shapeGroup":"YEM","gid":"YEM-2-255"},"id":"YEM-2-255"},{"arcs":[[-849,865,866,867]],"type":"Polygon","properties":{"name":"Al Maflahi","shapeGroup":"YEM","gid":"YEM-2-256"},"id":"YEM-2-256"},{"arcs":[[-143,868,869,-866,-848]],"type":"Polygon","properties":{"name":"Yahr","shapeGroup":"YEM","gid":"YEM-2-257"},"id":"YEM-2-257"},{"arcs":[[-87,870,871,872,873]],"type":"Polygon","properties":{"name":"Al Malah","shapeGroup":"YEM","gid":"YEM-2-258"},"id":"YEM-2-258"},{"arcs":[[-328,874,875,-859,876,877]],"type":"Polygon","properties":{"name":"Tur Al Bahah","shapeGroup":"YEM","gid":"YEM-2-259"},"id":"YEM-2-259"},{"arcs":[[-142,-155,878,879,-869]],"type":"Polygon","properties":{"name":"Habil Jabr","shapeGroup":"YEM","gid":"YEM-2-260"},"id":"YEM-2-260"},{"arcs":[[-867,-870,-880,880,881,882,883]],"type":"Polygon","properties":{"name":"Halmin","shapeGroup":"YEM","gid":"YEM-2-261"},"id":"YEM-2-261"},{"arcs":[[-88,-874,884,885,-881,-879,-154]],"type":"Polygon","properties":{"name":"Radfan","shapeGroup":"YEM","gid":"YEM-2-262"},"id":"YEM-2-262"},{"arcs":[[-845,886,887,888]],"type":"Polygon","properties":{"name":"Hufash","shapeGroup":"YEM","gid":"YEM-2-263"},"id":"YEM-2-263"},{"arcs":[[-435,-560,-554,-846,-889,889,-825,-829]],"type":"Polygon","properties":{"name":"Bani Sa'd","shapeGroup":"YEM","gid":"YEM-2-264"},"id":"YEM-2-264"},{"arcs":[[-266,890,-872,891,892]],"type":"Polygon","properties":{"name":"Al Musaymir","shapeGroup":"YEM","gid":"YEM-2-265"},"id":"YEM-2-265"},{"arcs":[[893,894]],"type":"Polygon","properties":{"name":"Al Mahwit City","shapeGroup":"YEM","gid":"YEM-2-266"},"id":"YEM-2-266"},{"arcs":[[-267,-893,895,-875,-327,-318]],"type":"Polygon","properties":{"name":"Al Qubaytah","shapeGroup":"YEM","gid":"YEM-2-267"},"id":"YEM-2-267"},{"arcs":[[-33,-843,-860,-876,-896,-892,-871,-86],[896]],"type":"Polygon","properties":{"name":"Tuban","shapeGroup":"YEM","gid":"YEM-2-268"},"id":"YEM-2-268"},{"arcs":[[-360,-796,897,898,-780,-367,-370,-371]],"type":"Polygon","properties":{"name":"Majzar","shapeGroup":"YEM","gid":"YEM-2-269"},"id":"YEM-2-269"},{"arcs":[[-321,-340,-329,-878,899]],"type":"Polygon","properties":{"name":"Al Maqatirah","shapeGroup":"YEM","gid":"YEM-2-270"},"id":"YEM-2-270"},{"arcs":[[-286,-326,-322,-900,-877,-858,900]],"type":"Polygon","properties":{"name":"Al Madaribah Wa Al Aarah","shapeGroup":"YEM","gid":"YEM-2-271"},"id":"YEM-2-271"},{"arcs":[[-897]],"type":"Polygon","properties":{"name":"Al Hawtah","shapeGroup":"YEM","gid":"YEM-2-272"},"id":"YEM-2-272"},{"arcs":[[-795,901,902,-898]],"type":"Polygon","properties":{"name":"Madghal Al Jid'an","shapeGroup":"YEM","gid":"YEM-2-273"},"id":"YEM-2-273"},{"arcs":[[-121,-835,-782,903]],"type":"Polygon","properties":{"name":"Harib Al Qaramish","shapeGroup":"YEM","gid":"YEM-2-274"},"id":"YEM-2-274"},{"arcs":[[-122,-904,-781,-899,-903,904,905,906,-837,-831]],"type":"Polygon","properties":{"name":"Sirwah","shapeGroup":"YEM","gid":"YEM-2-275"},"id":"YEM-2-275"},{"arcs":[[-838,-907,907,908,909,910,911]],"type":"Polygon","properties":{"name":"Al Jubah","shapeGroup":"YEM","gid":"YEM-2-276"},"id":"YEM-2-276"},{"arcs":[[-246,-839,-912,912,-910,913,914]],"type":"Polygon","properties":{"name":"Rahabah","shapeGroup":"YEM","gid":"YEM-2-277"},"id":"YEM-2-277"},{"arcs":[[915,916,917,918,919,920,921,922,923]],"type":"Polygon","properties":{"name":"Jabal Eyal Yazid","shapeGroup":"YEM","gid":"YEM-2-278"},"id":"YEM-2-278"},{"arcs":[[-746,924,925,-914,-909,926]],"type":"Polygon","properties":{"name":"Harib","shapeGroup":"YEM","gid":"YEM-2-279"},"id":"YEM-2-279"},{"arcs":[[-167,-202,-263,-247,-915,-926,927,-204]],"type":"Polygon","properties":{"name":"Mahliyah","shapeGroup":"YEM","gid":"YEM-2-280"},"id":"YEM-2-280"},{"arcs":[[-169,-205,-928,-925,-745,-208]],"type":"Polygon","properties":{"name":"Al Abdiyah","shapeGroup":"YEM","gid":"YEM-2-281"},"id":"YEM-2-281"},{"arcs":[[-906,928]],"type":"Polygon","properties":{"name":"Ma'rib City","shapeGroup":"YEM","gid":"YEM-2-282"},"id":"YEM-2-282"},{"arcs":[[-611,929,930,931]],"type":"Polygon","properties":{"name":"Hat","shapeGroup":"YEM","gid":"YEM-2-283"},"id":"YEM-2-283"},{"arcs":[[-344,-639,-743,-718,-747,-927,-908,-929,-905,-902,-794]],"type":"Polygon","properties":{"name":"Ma'rib","shapeGroup":"YEM","gid":"YEM-2-284"},"id":"YEM-2-284"},{"arcs":[[932,933,934]],"type":"Polygon","properties":{"name":"Hawf","shapeGroup":"YEM","gid":"YEM-2-285"},"id":"YEM-2-285"},{"arcs":[[-931,935,-934,936,937,938]],"type":"Polygon","properties":{"name":"Al Ghaydhah","shapeGroup":"YEM","gid":"YEM-2-286"},"id":"YEM-2-286"},{"arcs":[[-911,-913]],"type":"Polygon","properties":{"name":"Jabal Murad","shapeGroup":"YEM","gid":"YEM-2-287"},"id":"YEM-2-287"},{"arcs":[[-612,-932,-939,939,940,941,-654]],"type":"Polygon","properties":{"name":"Man'ar","shapeGroup":"YEM","gid":"YEM-2-288"},"id":"YEM-2-288"},{"arcs":[[-655,-942,942,943,-658]],"type":"Polygon","properties":{"name":"Al Masilah","shapeGroup":"YEM","gid":"YEM-2-289"},"id":"YEM-2-289"},{"arcs":[[-769,-793,-820,944,945,946]],"type":"Polygon","properties":{"name":"Shibam Kawkaban","shapeGroup":"YEM","gid":"YEM-2-290"},"id":"YEM-2-290"},{"arcs":[[-314,-357,947,948,949,950,951,-531,-383,-788,-804,-806,-379]],"type":"Polygon","properties":{"name":"Harf Sufyan","shapeGroup":"YEM","gid":"YEM-2-291"},"id":"YEM-2-291"},{"arcs":[[-819,952,953,954,-945]],"type":"Polygon","properties":{"name":"At Tawilah","shapeGroup":"YEM","gid":"YEM-2-292"},"id":"YEM-2-292"},{"arcs":[[-492,955,-953,-818,-827,956,-895,957]],"type":"Polygon","properties":{"name":"Ar Rujum","shapeGroup":"YEM","gid":"YEM-2-293"},"id":"YEM-2-293"},{"arcs":[[-483,-488,958,-887,-844,-545]],"type":"Polygon","properties":{"name":"Al Khabt","shapeGroup":"YEM","gid":"YEM-2-294"},"id":"YEM-2-294"},{"arcs":[[-950,959,960]],"type":"Polygon","properties":{"name":"Huth","shapeGroup":"YEM","gid":"YEM-2-295"},"id":"YEM-2-295"},{"arcs":[[-951,-961,961,962,963,964]],"type":"Polygon","properties":{"name":"Al Ashah","shapeGroup":"YEM","gid":"YEM-2-296"},"id":"YEM-2-296"},{"arcs":[[-418,-532,-952,-965,965,966,967,968]],"type":"Polygon","properties":{"name":"Qaflat Odhar","shapeGroup":"YEM","gid":"YEM-2-297"},"id":"YEM-2-297"},{"arcs":[[-487,-493,-958,-894,-957,-826,-890,-888,-959]],"type":"Polygon","properties":{"name":"Al Mahwit","shapeGroup":"YEM","gid":"YEM-2-298"},"id":"YEM-2-298"},{"arcs":[[-616,969,-935,-936,-930]],"type":"Polygon","properties":{"name":"Shahin","shapeGroup":"YEM","gid":"YEM-2-299"},"id":"YEM-2-299"},{"arcs":[[-967,970,971,972]],"type":"Polygon","properties":{"name":"Shaharah","shapeGroup":"YEM","gid":"YEM-2-300"},"id":"YEM-2-300"},{"arcs":[[-941,973,974,-943]],"type":"Polygon","properties":{"name":"Sayhut","shapeGroup":"YEM","gid":"YEM-2-301"},"id":"YEM-2-301"},{"arcs":[[-940,975,976,-974]],"type":"Polygon","properties":{"name":"Qishn","shapeGroup":"YEM","gid":"YEM-2-302"},"id":"YEM-2-302"},{"arcs":[[-938,977,-976]],"type":"Polygon","properties":{"name":"Haswin","shapeGroup":"YEM","gid":"YEM-2-303"},"id":"YEM-2-303"},{"arcs":[[-968,-973,978]],"type":"Polygon","properties":{"name":"Al Madan","shapeGroup":"YEM","gid":"YEM-2-304"},"id":"YEM-2-304"},{"arcs":[[-776,979,980,981]],"type":"Polygon","properties":{"name":"Kharif","shapeGroup":"YEM","gid":"YEM-2-305"},"id":"YEM-2-305"},{"arcs":[[-405,-419,-969,-979,-972,982,-458,-442]],"type":"Polygon","properties":{"name":"Suwayr","shapeGroup":"YEM","gid":"YEM-2-306"},"id":"YEM-2-306"},{"arcs":[[-459,-983,-971,-966,-964,983,984]],"type":"Polygon","properties":{"name":"Dhulaymat Habur","shapeGroup":"YEM","gid":"YEM-2-307"},"id":"YEM-2-307"},{"arcs":[[-356,-777,-982,985,986,-948]],"type":"Polygon","properties":{"name":"Dhibain","shapeGroup":"YEM","gid":"YEM-2-308"},"id":"YEM-2-308"},{"arcs":[[-773,987,-917,988,-980,-775]],"type":"Polygon","properties":{"name":"Raydah","shapeGroup":"YEM","gid":"YEM-2-309"},"id":"YEM-2-309"},{"arcs":[[-460,-985,989,990,-923,991]],"type":"Polygon","properties":{"name":"As Sudah","shapeGroup":"YEM","gid":"YEM-2-310"},"id":"YEM-2-310"},{"arcs":[[[-919,992,993]],[[-466,994,-921,995,996]]],"type":"MultiPolygon","properties":{"name":"Amran","shapeGroup":"YEM","gid":"YEM-2-311"},"id":"YEM-2-311"},{"arcs":[[-461,-992,-922,-995,-465]],"type":"Polygon","properties":{"name":"As Sawd","shapeGroup":"YEM","gid":"YEM-2-312"},"id":"YEM-2-312"},{"arcs":[[-467,-997,997,-954,-956,-491,-503,-475]],"type":"Polygon","properties":{"name":"Maswar","shapeGroup":"YEM","gid":"YEM-2-313"},"id":"YEM-2-313"},{"arcs":[[-949,-987,998,-962,-960]],"type":"Polygon","properties":{"name":"Bani Surim","shapeGroup":"YEM","gid":"YEM-2-314"},"id":"YEM-2-314"},{"arcs":[[-149,-865,999,1000,1001,-256,-231,-262]],"type":"Polygon","properties":{"name":"Juban","shapeGroup":"YEM","gid":"YEM-2-315"},"id":"YEM-2-315"},{"arcs":[[-37,-257,-1002,1002,-40]],"type":"Polygon","properties":{"name":"Damt","shapeGroup":"YEM","gid":"YEM-2-316"},"id":"YEM-2-316"},{"arcs":[[-41,-1003,-1001,1003,1004,1005,1006,-77]],"type":"Polygon","properties":{"name":"Qa'tabah","shapeGroup":"YEM","gid":"YEM-2-317"},"id":"YEM-2-317"},{"arcs":[[-850,-868,-884,1007,-1004,-1000,-864]],"type":"Polygon","properties":{"name":"Ash Shu'ayb","shapeGroup":"YEM","gid":"YEM-2-318"},"id":"YEM-2-318"},{"arcs":[[-771,1008,-946,-955,-998,-996,-920,-994,1009]],"type":"Polygon","properties":{"name":"Thula","shapeGroup":"YEM","gid":"YEM-2-319"},"id":"YEM-2-319"},{"arcs":[[[-770,-947,-1009]],[[-772,-1010,-993,-918,-988]],[[-924,-991,1010]]],"type":"MultiPolygon","properties":{"name":"Eyal Surayh","shapeGroup":"YEM","gid":"YEM-2-320"},"id":"YEM-2-320"},{"arcs":[[-916,-1011,-990,-984,-963,-999,-986,-981,-989]],"type":"Polygon","properties":{"name":"Khamir","shapeGroup":"YEM","gid":"YEM-2-321"},"id":"YEM-2-321"},{"arcs":[[-883,1011,-1005,-1008]],"type":"Polygon","properties":{"name":"Al Hasayn","shapeGroup":"YEM","gid":"YEM-2-322"},"id":"YEM-2-322"},{"arcs":[[-882,-886,1012,1013,1014,1015,-1006,-1012]],"type":"Polygon","properties":{"name":"Ad Dali'","shapeGroup":"YEM","gid":"YEM-2-323"},"id":"YEM-2-323"},{"arcs":[[-1014,1016]],"type":"Polygon","properties":{"name":"Jahaf","shapeGroup":"YEM","gid":"YEM-2-324"},"id":"YEM-2-324"},{"arcs":[[-265,1017,-1015,-1017,-1013,-885,-873,-891]],"type":"Polygon","properties":{"name":"Al Azariq","shapeGroup":"YEM","gid":"YEM-2-325"},"id":"YEM-2-325"},{"arcs":[[-78,-1007,-1016,-1018,-264,-80]],"type":"Polygon","properties":{"name":"Al Husha","shapeGroup":"YEM","gid":"YEM-2-326"},"id":"YEM-2-326"},{"arcs":[[-432,-828,-822,1018,1019,-578,-565]],"type":"Polygon","properties":{"name":"Bilad Atta'am","shapeGroup":"YEM","gid":"YEM-2-327"},"id":"YEM-2-327"},{"arcs":[[-713,-725,1020,1021,-1019,-821]],"type":"Polygon","properties":{"name":"As Salafiyyah","shapeGroup":"YEM","gid":"YEM-2-328"},"id":"YEM-2-328"},{"arcs":[[-579,-1020,-1022,1022,1023,1024,-584,-582]],"type":"Polygon","properties":{"name":"Al Jabin","shapeGroup":"YEM","gid":"YEM-2-329"},"id":"YEM-2-329"},{"arcs":[[-724,-730,1025,-1023,-1021]],"type":"Polygon","properties":{"name":"Mazhar","shapeGroup":"YEM","gid":"YEM-2-330"},"id":"YEM-2-330"},{"arcs":[[-729,1026,-1024,-1026]],"type":"Polygon","properties":{"name":"Kusmah","shapeGroup":"YEM","gid":"YEM-2-331"},"id":"YEM-2-331"},{"arcs":[[-585,-1025,-1027,-728,-731]],"type":"Polygon","properties":{"name":"Al Ja'fariyyah","shapeGroup":"YEM","gid":"YEM-2-332"},"id":"YEM-2-332"},{"arcs":[[1027,1028]],"type":"Polygon","properties":{"name":"Hadibu","shapeGroup":"YEM","gid":"YEM-2-333"},"id":"YEM-2-333"},{"arcs":[[[1029]],[[1030]],[[-1028,1031]]],"type":"MultiPolygon","properties":{"name":"Qalansiyah wa Abd Al Kuri","shapeGroup":"YEM","gid":"YEM-2-334"},"id":"YEM-2-334"}]}}}